ISO-10303-21;
HEADER;
FILE_DESCRIPTION (( 'STEP AP214' ),
    '1' );
FILE_NAME ('SLPRATPSR.STEP',
    '2025-03-29T02:28:50',
    ( '' ),
    ( '' ),
    'SwSTEP 2.0',
    'SolidWorks 2024',
    '' );
FILE_SCHEMA (( 'AUTOMOTIVE_DESIGN' ));
ENDSEC;

DATA;
#1 = EDGE_CURVE ( 'NONE', #5552, #4294, #3611, .T. ) ;
#2 = LINE ( 'NONE', #2238, #7551 ) ;
#3 = CARTESIAN_POINT ( 'NONE',  ( 0.7362204724408996093, 0.1574803149606463781, 0.000000000000000000 ) ) ;
#4 = VECTOR ( 'NONE', #993, 39.37007874015748143 ) ;
#5 = DIRECTION ( 'NONE',  ( 1.000000000000000000, 0.000000000000000000, 0.000000000000000000 ) ) ;
#6 = CARTESIAN_POINT ( 'NONE',  ( 1.153941211588249915, 0.1181102362205000700, -0.01546059376766953028 ) ) ;
#7 = CARTESIAN_POINT ( 'NONE',  ( -0.03149606299213000143, 0.000000000000000000, 0.000000000000000000 ) ) ;
#8 = FACE_OUTER_BOUND ( 'NONE', #2910, .T. ) ;
#9 = CARTESIAN_POINT ( 'NONE',  ( 1.180187930748250125, -0.07258425826477052367, -0.09444883965335057474 ) ) ;
#10 = CARTESIAN_POINT ( 'NONE',  ( 1.200355027640999994, 0.01203965764054000000, 0.1145497078975999949 ) ) ;
#11 = VECTOR ( 'NONE', #979, 39.37007874015748854 ) ;
#12 = EDGE_LOOP ( 'NONE', ( #1922, #2139, #9601, #7027 ) ) ;
#13 = DIRECTION ( 'NONE',  ( 0.000000000000000000, -0.8566492884988268219, -0.5158992115854160732 ) ) ;
#14 = EDGE_CURVE ( 'NONE', #4742, #9503, #9251, .T. ) ;
#15 = CARTESIAN_POINT ( 'NONE',  ( 1.159786971349000106, -0.02278488818198000018, 0.1071944709820000091 ) ) ;
#16 = DIRECTION ( 'NONE',  ( 0.000000000000000000, 0.000000000000000000, 1.000000000000000000 ) ) ;
#17 = VERTEX_POINT ( 'NONE', #2935 ) ;
#18 = CARTESIAN_POINT ( 'NONE',  ( 1.304118718420667067, -0.1125935275257156504, -0.04120276216305419209 ) ) ;
#19 = CARTESIAN_POINT ( 'NONE',  ( 0.6104330708661004357, 0.3543307086614000401, 0.3543307086614000401 ) ) ;
#20 = LINE ( 'NONE', #6147, #3200 ) ;
#21 = CIRCLE ( 'NONE', #1171, 0.1692913385827000128 ) ;
#22 = CARTESIAN_POINT ( 'NONE',  ( 1.322109963494000118, -0.04164225703496000214, -0.09629874261107007616 ) ) ;
#23 = DIRECTION ( 'NONE',  ( 0.000000000000000000, 1.000000000000000000, 0.000000000000000000 ) ) ;
#24 = CARTESIAN_POINT ( 'NONE',  ( 1.323295829617000097, -0.1007805446605000016, 0.04251989817661000481 ) ) ;
#25 = CARTESIAN_POINT ( 'NONE',  ( 0.6104330708661004357, -0.3543307086614000401, -0.3543307086614000401 ) ) ;
#26 = DIRECTION ( 'NONE',  ( -1.000000000000000000, 2.565904965803999813E-14, 0.000000000000000000 ) ) ;
#27 = CARTESIAN_POINT ( 'NONE',  ( 0.7334836014312007269, 0.01157508338892000027, 0.2053427753564000258 ) ) ;
#28 = ORIENTED_EDGE ( 'NONE', *, *, #8982, .F. ) ;
#29 = CARTESIAN_POINT ( 'NONE',  ( 0.8661417266193996989, -0.09349875928108997147, 0.1732283514409999892 ) ) ;
#30 = CARTESIAN_POINT ( 'NONE',  ( 0.8543307093751004722, 0.09046555187917007523, -0.1614173222120000306 ) ) ;
#31 = ORIENTED_EDGE ( 'NONE', *, *, #6819, .F. ) ;
#32 = FACE_OUTER_BOUND ( 'NONE', #4852, .T. ) ;
#33 = VERTEX_POINT ( 'NONE', #4493 ) ;
#34 = CARTESIAN_POINT ( 'NONE',  ( 0.6498031496062991463, 0.5314960629921000601, -0.3740157480314960647 ) ) ;
#35 = LINE ( 'NONE', #9345, #7122 ) ;
#36 = EDGE_CURVE ( 'NONE', #2581, #7176, #7325, .T. ) ;
#37 = VERTEX_POINT ( 'NONE', #3748 ) ;
#38 = VERTEX_POINT ( 'NONE', #7629 ) ;
#39 = ORIENTED_EDGE ( 'NONE', *, *, #1999, .T. ) ;
#40 = CARTESIAN_POINT ( 'NONE',  ( 0.6104330708661004357, -0.3740157480314960647, -0.5314960629921000601 ) ) ;
#41 = CARTESIAN_POINT ( 'NONE',  ( 1.184083388691000049, 0.04492705090909000082, 0.09419148551886005749 ) ) ;
#42 = ORIENTED_EDGE ( 'NONE', *, *, #330, .T. ) ;
#43 = CARTESIAN_POINT ( 'NONE',  ( 1.349397961510238053, 0.04780244526199000504, 0.09339407042860001229 ) ) ;
#44 = CARTESIAN_POINT ( 'NONE',  ( 0.9767825731105000964, 0.09399477469537993735, 0.1751968503937007815 ) ) ;
#45 = EDGE_LOOP ( 'NONE', ( #4601, #1865, #418, #6628 ) ) ;
#46 = CARTESIAN_POINT ( 'NONE',  ( 0.5795727107672999923, -0.1225473662802000069, -0.08893701535723995411 ) ) ;
#47 = DIRECTION ( 'NONE',  ( -1.000000000000000000, 0.000000000000000000, 0.000000000000000000 ) ) ;
#48 = DIRECTION ( 'NONE',  ( 1.000000000000000000, 0.000000000000000000, 0.000000000000000000 ) ) ;
#49 = CARTESIAN_POINT ( 'NONE',  ( 0.6383554654468995837, 0.1059014183312000090, -0.07932647282800001087 ) ) ;
#50 = CARTESIAN_POINT ( 'NONE',  ( 0.5987259261576004521, 0.1457995700016000151, -0.06599316054122007780 ) ) ;
#51 = CARTESIAN_POINT ( 'NONE',  ( 0.7952755905512007839, -0.09349875659085001012, -0.1732283464567000442 ) ) ;
#52 = CARTESIAN_POINT ( 'NONE',  ( 1.379809794632013586, 0.09128619794826046963, -0.05253617556106023739 ) ) ;
#53 = DIRECTION ( 'NONE',  ( 0.000000000000000000, -1.000000000000000000, 0.000000000000000000 ) ) ;
#54 = CARTESIAN_POINT ( 'NONE',  ( 1.381889763780000502, 0.1023622047242272043, 0.01339918126464687519 ) ) ;
#55 = CARTESIAN_POINT ( 'NONE',  ( 1.151012856652999572, -0.05948255673673411015, -0.1032031167347790546 ) ) ;
#56 = VERTEX_POINT ( 'NONE', #9051 ) ;
#57 = CARTESIAN_POINT ( 'NONE',  ( 0.5830288604789000129, -0.01574803149606000124, -0.1540665344259000147 ) ) ;
#58 = CARTESIAN_POINT ( 'NONE',  ( 1.064404891809999976, 0.01256321977487999918, 0.1031539545993000045 ) ) ;
#59 = ADVANCED_FACE ( 'NONE', ( #2885 ), #9933, .T. ) ;
#60 = EDGE_CURVE ( 'NONE', #8431, #1301, #4428, .T. ) ;
#61 = CARTESIAN_POINT ( 'NONE',  ( 1.288888021218000279, -0.1012472735857000011, -0.04193799387248999672 ) ) ;
#62 = ORIENTED_EDGE ( 'NONE', *, *, #3483, .T. ) ;
#63 = CARTESIAN_POINT ( 'NONE',  ( 1.104030895253000022, 0.06352880112627991294, 0.08279234553396004614 ) ) ;
#64 = EDGE_CURVE ( 'NONE', #5901, #5731, #2660, .T. ) ;
#65 = EDGE_CURVE ( 'NONE', #9249, #5965, #1367, .T. ) ;
#66 = TOROIDAL_SURFACE ( 'NONE', #2665, 0.1478229366753000262, 0.007874015748031005027 ) ;
#67 = AXIS2_PLACEMENT_3D ( 'NONE', #5856, #1265, #6681 ) ;
#68 = CARTESIAN_POINT ( 'NONE',  ( 0.5987259261576004521, -0.01574803149606000124, 0.1592627117527999903 ) ) ;
#69 = CARTESIAN_POINT ( 'NONE',  ( 1.117136052714000183, 0.03386494350304000006, 0.1042255791066999948 ) ) ;
#70 = EDGE_CURVE ( 'NONE', #3295, #9695, #186, .T. ) ;
#71 = DIRECTION ( 'NONE',  ( -1.000000000000000000, 0.000000000000000000, 0.000000000000000000 ) ) ;
#72 = CARTESIAN_POINT ( 'NONE',  ( 1.055867833018064861, -3.516388863965216392E-08, 0.1181097364760243240 ) ) ;
#73 = EDGE_CURVE ( 'NONE', #1342, #3860, #8786, .T. ) ;
#74 = CARTESIAN_POINT ( 'NONE',  ( 1.122684170589488994, -0.02198133397081969073, -0.1019337032726328612 ) ) ;
#75 = CARTESIAN_POINT ( 'NONE',  ( 1.358256617037000069, -0.08363571746497991399, -0.06334503080957008814 ) ) ;
#76 = CARTESIAN_POINT ( 'NONE',  ( 1.224081394239482590, 0.1042144493542999928, -0.005461647859861999341 ) ) ;
#77 = CARTESIAN_POINT ( 'NONE',  ( 1.328233022669000007, -0.06500760835582007624, -0.08092544068317009121 ) ) ;
#78 = DIRECTION ( 'NONE',  ( 0.000000000000000000, 0.000000000000000000, -1.000000000000000000 ) ) ;
#79 = CARTESIAN_POINT ( 'NONE',  ( 1.166721273023000105, 0.1090071540550999890, 0.05199325309835000491 ) ) ;
#80 = CIRCLE ( 'NONE', #2843, 0.2133049650657999896 ) ;
#81 = CARTESIAN_POINT ( 'NONE',  ( 0.8543307086613995960, -1.836731331333000290E-08, 1.139381370957000107E-07 ) ) ;
#82 = CARTESIAN_POINT ( 'NONE',  ( 0.7095549599062008772, -0.1218552663352999998, -0.08853743126778997052 ) ) ;
#83 = CARTESIAN_POINT ( 'NONE',  ( 0.5511811023621999706, 0.5314960629921000601, -0.5314960629921000601 ) ) ;
#84 = CARTESIAN_POINT ( 'NONE',  ( 0.7280600717204999128, -0.1820907631361000090, -0.08761369760209999913 ) ) ;
#85 = VERTEX_POINT ( 'NONE', #4733 ) ;
#86 = FACE_OUTER_BOUND ( 'NONE', #4602, .T. ) ;
#87 = AXIS2_PLACEMENT_3D ( 'NONE', #3604, #6686, #3883 ) ;
#88 = CARTESIAN_POINT ( 'NONE',  ( 0.6285072770878996629, 0.01574803149606000124, -0.1689872962138000145 ) ) ;
#89 = EDGE_LOOP ( 'NONE', ( #5424, #9957, #1321, #1710 ) ) ;
#90 = CARTESIAN_POINT ( 'NONE',  ( 0.000000000000000000, 0.000000000000000000, -0.1003937007873999948 ) ) ;
#91 = ORIENTED_EDGE ( 'NONE', *, *, #1394, .F. ) ;
#92 = ORIENTED_EDGE ( 'NONE', *, *, #9184, .F. ) ;
#93 = CIRCLE ( 'NONE', #5271, 0.09842519685038997324 ) ;
#94 = AXIS2_PLACEMENT_3D ( 'NONE', #1677, #4013, #7094 ) ;
#95 = CARTESIAN_POINT ( 'NONE',  ( 0.5841804246273000212, 0.000000000000000000, 0.000000000000000000 ) ) ;
#96 = VERTEX_POINT ( 'NONE', #7825 ) ;
#97 = CARTESIAN_POINT ( 'NONE',  ( 1.216071577666999914, 0.1042144493542999928, -0.005461647859861999341 ) ) ;
#98 = VERTEX_POINT ( 'NONE', #6253 ) ;
#99 = VERTEX_POINT ( 'NONE', #6196 ) ;
#100 = ORIENTED_EDGE ( 'NONE', *, *, #7327, .T. ) ;
#101 = VECTOR ( 'NONE', #9072, 39.37007874015748143 ) ;
#102 = CARTESIAN_POINT ( 'NONE',  ( 1.378756806726999962, 0.02264787625320999892, 0.1020729887741999992 ) ) ;
#103 = CIRCLE ( 'NONE', #613, 0.1220472440944999348 ) ;
#104 = AXIS2_PLACEMENT_3D ( 'NONE', #6768, #8892, #2826 ) ;
#105 = LINE ( 'NONE', #6121, #5118 ) ;
#106 = CARTESIAN_POINT ( 'NONE',  ( 0.7283464566928996575, 0.000000000000000000, 0.2185039370079000232 ) ) ;
#107 = CARTESIAN_POINT ( 'NONE',  ( 1.278145402585249446, 0.09444883965335063025, -0.07258425826477041265 ) ) ;
#108 = DIRECTION ( 'NONE',  ( 0.000000000000000000, 0.000000000000000000, 1.000000000000000000 ) ) ;
#109 = ORIENTED_EDGE ( 'NONE', *, *, #8868, .F. ) ;
#110 = CARTESIAN_POINT ( 'NONE',  ( 1.322585687930637022, -0.09319371533670284258, 0.05380549386936343131 ) ) ;
#111 = DIRECTION ( 'NONE',  ( 0.7071067811866524888, 0.7071067811864424346, 0.000000000000000000 ) ) ;
#112 = CARTESIAN_POINT ( 'NONE',  ( 1.186432796785999999, 0.06956180430292008277, 0.07598703421526004087 ) ) ;
#113 = FACE_OUTER_BOUND ( 'NONE', #1920, .T. ) ;
#114 = AXIS2_PLACEMENT_3D ( 'NONE', #7479, #9691, #7430 ) ;
#115 = CARTESIAN_POINT ( 'NONE',  ( 1.381889763779999836, 0.09969799052518334148, 0.02679309052363905430 ) ) ;
#116 = VECTOR ( 'NONE', #8895, 39.37007874015748143 ) ;
#117 = CARTESIAN_POINT ( 'NONE',  ( 1.100980048254249777, -0.09444883965335044984, 0.07258425826477060694 ) ) ;
#118 = CARTESIAN_POINT ( 'NONE',  ( 0.5841804246273000212, -0.01574803149606000124, -0.1545109335357000291 ) ) ;
#119 = CARTESIAN_POINT ( 'NONE',  ( 1.093646733301999907, 0.1024740677125999949, -0.01725219659349000109 ) ) ;
#120 = VERTEX_POINT ( 'NONE', #2309 ) ;
#121 = CARTESIAN_POINT ( 'NONE',  ( 1.277191356002000067, -0.05890502939158000217, 0.08570734959896003646 ) ) ;
#122 = ORIENTED_EDGE ( 'NONE', *, *, #2922, .F. ) ;
#123 = VECTOR ( 'NONE', #6408, 39.37007874015748143 ) ;
#124 = AXIS2_PLACEMENT_3D ( 'NONE', #5781, #1879, #424 ) ;
#125 = AXIS2_PLACEMENT_3D ( 'NONE', #1204, #1960, #245 ) ;
#126 = CARTESIAN_POINT ( 'NONE',  ( 1.125356354570000050, -0.03993587390816000920, -0.09641372841431003482 ) ) ;
#127 = CARTESIAN_POINT ( 'NONE',  ( 0.7244094488188976833, -0.01574803149606000124, 0.2002676082188999951 ) ) ;
#128 = EDGE_CURVE ( 'NONE', #5406, #1381, #4912, .T. ) ;
#129 = CARTESIAN_POINT ( 'NONE',  ( 1.063822404420000201, 0.06207201187442992762, -0.09031536603296004551 ) ) ;
#130 = CARTESIAN_POINT ( 'NONE',  ( 0.5265748031496000348, 0.000000000000000000, 0.000000000000000000 ) ) ;
#131 = CARTESIAN_POINT ( 'NONE',  ( 0.7362204724408996093, -0.1827275465568999890, 0.1100438633047000070 ) ) ;
#132 = CARTESIAN_POINT ( 'NONE',  ( 1.078821408352488964, -0.08355244331921288237, -0.06239109008017881819 ) ) ;
#133 = CARTESIAN_POINT ( 'NONE',  ( 1.366096950850000047, 0.08830341887916003107, -0.05665714741372000068 ) ) ;
#134 = CARTESIAN_POINT ( 'NONE',  ( 1.245406853557482707, -0.1020770065874999910, -0.02169713754582000206 ) ) ;
#135 = EDGE_CURVE ( 'NONE', #1111, #8399, #9582, .T. ) ;
#136 = CARTESIAN_POINT ( 'NONE',  ( 1.340388534479999949, 0.09892967436227008415, -0.03142985777621000454 ) ) ;
#137 = ADVANCED_FACE ( 'NONE', ( #910 ), #8613, .T. ) ;
#138 = DIRECTION ( 'NONE',  ( -1.000000000000000000, 0.000000000000000000, 0.000000000000000000 ) ) ;
#139 = CARTESIAN_POINT ( 'NONE',  ( 1.138396837213000001, -0.1061365731834999909, -0.05762745735007999970 ) ) ;
#140 = CARTESIAN_POINT ( 'NONE',  ( 0.5787401574803000548, 0.01574803149606000124, 0.1469816999198000074 ) ) ;
#141 = CARTESIAN_POINT ( 'NONE',  ( 1.290344262246999829, 0.1042255791111000029, 0.03386494354522000261 ) ) ;
#142 = CARTESIAN_POINT ( 'NONE',  ( 1.374065168993744646, -0.04377892066193626169, -0.1035110324825989220 ) ) ;
#143 = EDGE_LOOP ( 'NONE', ( #6017, #686, #4218, #9255, #5662 ) ) ;
#144 = ORIENTED_EDGE ( 'NONE', *, *, #4516, .F. ) ;
#145 = CYLINDRICAL_SURFACE ( 'NONE', #4325, 0.08267716535433068670 ) ;
#146 = VERTEX_POINT ( 'NONE', #4582 ) ;
#147 = DIRECTION ( 'NONE',  ( 0.000000000000000000, -1.000000000000000000, 0.000000000000000000 ) ) ;
#148 = ORIENTED_EDGE ( 'NONE', *, *, #7364, .F. ) ;
#149 = CARTESIAN_POINT ( 'NONE',  ( 0.7244094488188976833, -0.1251805779226000115, 0.09045730080782006521 ) ) ;
#150 = EDGE_LOOP ( 'NONE', ( #7940, #7734, #9246, #7181, #4201, #276 ) ) ;
#151 = VECTOR ( 'NONE', #8013, 39.37007874015748143 ) ;
#152 = CARTESIAN_POINT ( 'NONE',  ( 1.185849511590999938, -0.08694300485362992104, 0.06671371389544999975 ) ) ;
#153 = VERTEX_POINT ( 'NONE', #2357 ) ;
#154 = CARTESIAN_POINT ( 'NONE',  ( 0.7362204724408996093, 0.000000000000000000, 0.000000000000000000 ) ) ;
#155 = EDGE_LOOP ( 'NONE', ( #4954, #4731, #6677, #1017 ) ) ;
#156 = CARTESIAN_POINT ( 'NONE',  ( 1.241662128847999869, -0.06567428234212992211, -0.08110098452177991191 ) ) ;
#157 = ORIENTED_EDGE ( 'NONE', *, *, #3167, .T. ) ;
#158 = ORIENTED_EDGE ( 'NONE', *, *, #8723, .F. ) ;
#159 = VERTEX_POINT ( 'NONE', #3179 ) ;
#160 = CARTESIAN_POINT ( 'NONE',  ( 0.9763779527559055538, 0.000000000000000000, 0.000000000000000000 ) ) ;
#161 = DIRECTION ( 'NONE',  ( 0.000000000000000000, -0.01063642140571950147, 0.9999434316698520009 ) ) ;
#162 = DIRECTION ( 'NONE',  ( 0.000000000000000000, -1.000000000000000000, 0.000000000000000000 ) ) ;
#163 = CARTESIAN_POINT ( 'NONE',  ( 1.200225455078000047, 0.1032031167347791240, -0.05948255673673400606 ) ) ;
#164 = DIRECTION ( 'NONE',  ( 0.000000000000000000, -1.000000000000000000, -3.282220016608999290E-10 ) ) ;
#165 = CARTESIAN_POINT ( 'NONE',  ( 1.174348369839000039, 0.04737729933908999685, -0.09298318484278997320 ) ) ;
#166 = PLANE ( 'NONE',  #9269 ) ;
#167 = FACE_OUTER_BOUND ( 'NONE', #7530, .T. ) ;
#168 = DIRECTION ( 'NONE',  ( -1.000000000000000000, 0.000000000000000000, 0.000000000000000000 ) ) ;
#169 = AXIS2_PLACEMENT_3D ( 'NONE', #4161, #320, #8705 ) ;
#170 = DIRECTION ( 'NONE',  ( 0.9999999999997291056, -1.362707871121040013E-07, -7.231932627918211496E-07 ) ) ;
#171 = CARTESIAN_POINT ( 'NONE',  ( 1.141686901466000048, 0.03601346522383000459, 0.09747616715612007765 ) ) ;
#172 = CARTESIAN_POINT ( 'NONE',  ( 1.205718729878999973, -0.1042255791111000029, 0.03386494354522000261 ) ) ;
#173 = FACE_OUTER_BOUND ( 'NONE', #2164, .T. ) ;
#175 = CARTESIAN_POINT ( 'NONE',  ( 1.084837981866999979, -0.05683715047029000433, -0.08752153665227008217 ) ) ;
#174 = AXIS2_PLACEMENT_3D ( 'NONE', #8064, #444, #4234 ) ;
#176 = ORIENTED_EDGE ( 'NONE', *, *, #1556, .F. ) ;
#177 = CARTESIAN_POINT ( 'NONE',  ( 1.359892714768832889, 0.1185516919390394303, -0.02122533764942889645 ) ) ;
#178 = CARTESIAN_POINT ( 'NONE',  ( 1.190741224769000128, 0.05995965632541003926, 0.08252738692396004161 ) ) ;
#179 = CARTESIAN_POINT ( 'NONE',  ( 1.047973619356000086, -0.04216316591013999360, -0.1103281257907000046 ) ) ;
#180 = CARTESIAN_POINT ( 'NONE',  ( 1.154293696547999959, 0.000000000000000000, -0.1181102362205000006 ) ) ;
#181 = VECTOR ( 'NONE', #8156, 39.37007874015748143 ) ;
#182 = CARTESIAN_POINT ( 'NONE',  ( 0.7244094488188976833, 0.1409286094185999982, 0.06318091013743996898 ) ) ;
#183 = CARTESIAN_POINT ( 'NONE',  ( 1.312281351648999950, 0.1207306973212999984, -0.003161444583538000272 ) ) ;
#184 = CARTESIAN_POINT ( 'NONE',  ( 1.277395042533482794, -0.05910872053913996532, 0.08600372205772992273 ) ) ;
#185 = CARTESIAN_POINT ( 'NONE',  ( 1.065124701327364143, 0.1000599975330000585, -0.02963912128933999732 ) ) ;
#186 = LINE ( 'NONE', #7119, #3947 ) ;
#187 = CARTESIAN_POINT ( 'NONE',  ( 1.127734107553999943, -0.04328084371084000431, 0.1127504526618000047 ) ) ;
#188 = CARTESIAN_POINT ( 'NONE',  ( 0.7362204724408996093, 0.003937007874016000379, 0.2132686289419000181 ) ) ;
#189 = B_SPLINE_CURVE_WITH_KNOTS ( 'NONE', 3,
 ( #1411, #754, #5336, #8426, #6859, #7723, #9238, #4630, #4536, #615, #2931 ),
 .UNSPECIFIED., .F., .F.,
 ( 4, 1, 1, 1, 1, 1, 1, 1, 4 ),
 ( 0.000000000000000000, 0.1250000000000000000, 0.2500000000000000000, 0.3750000000000000000, 0.5000000000000000000, 0.6250000000000000000, 0.7500000000000000000, 0.8750000000000000000, 1.000000000000000000 ),
 .UNSPECIFIED. ) ;
#190 = CARTESIAN_POINT ( 'NONE',  ( 0.8464566929133995332, 0.000000000000000000, 0.000000000000000000 ) ) ;
#191 = VERTEX_POINT ( 'NONE', #7006 ) ;
#192 = CARTESIAN_POINT ( 'NONE',  ( 0.5393700787402000429, 0.000000000000000000, 0.1122047244094000057 ) ) ;
#193 = EDGE_CURVE ( 'NONE', #5464, #4307, #3787, .T. ) ;
#194 = CARTESIAN_POINT ( 'NONE',  ( 0.6498031496062991463, -0.5314960629921000601, 0.3740157480314960647 ) ) ;
#195 = ADVANCED_FACE ( 'NONE', ( #8517 ), #6152, .T. ) ;
#196 = CARTESIAN_POINT ( 'NONE',  ( 1.332765087592793218, 0.09930847543008995693, 0.03385572310712910149 ) ) ;
#197 = VERTEX_POINT ( 'NONE', #9385 ) ;
#198 = TOROIDAL_SURFACE ( 'NONE', #2135, 0.1478229366753000262, 0.007874015748031005027 ) ;
#199 = CARTESIAN_POINT ( 'NONE',  ( 0.7244094488188976833, -0.1813108520207999952, -0.08649560877427991956 ) ) ;
#200 = VERTEX_POINT ( 'NONE', #7071 ) ;
#201 = ORIENTED_EDGE ( 'NONE', *, *, #9824, .T. ) ;
#202 = ORIENTED_EDGE ( 'NONE', *, *, #9788, .T. ) ;
#203 = EDGE_CURVE ( 'NONE', #38, #8362, #7204, .T. ) ;
#204 = FACE_OUTER_BOUND ( 'NONE', #6752, .T. ) ;
#205 = VERTEX_POINT ( 'NONE', #2406 ) ;
#206 = FACE_OUTER_BOUND ( 'NONE', #9674, .T. ) ;
#207 = CARTESIAN_POINT ( 'NONE',  ( 1.260855042234000134, 0.07183494035557008717, 0.07569823244745001178 ) ) ;
#208 = EDGE_CURVE ( 'NONE', #7533, #99, #9108, .T. ) ;
#209 = VERTEX_POINT ( 'NONE', #5385 ) ;
#210 = CARTESIAN_POINT ( 'NONE',  ( 0.9763779527559055538, 0.09399477469537993735, 0.1751968503937007815 ) ) ;
#211 = EDGE_LOOP ( 'NONE', ( #5950, #9605 ) ) ;
#212 = CARTESIAN_POINT ( 'NONE',  ( 0.6498031496062991463, 0.3543307086614000401, -0.3543307086614000401 ) ) ;
#213 = CARTESIAN_POINT ( 'NONE',  ( 1.197764825156750090, 0.07258425826477091225, -0.09444883965335025555 ) ) ;
#214 = ORIENTED_EDGE ( 'NONE', *, *, #7244, .T. ) ;
#215 = DIRECTION ( 'NONE',  ( -1.000000000000000000, 0.000000000000000000, 0.000000000000000000 ) ) ;
#216 = CARTESIAN_POINT ( 'NONE',  ( 1.138038547837999959, 0.02963912214327999936, -0.1000599994510000118 ) ) ;
#217 = CARTESIAN_POINT ( 'NONE',  ( 0.6115386739812992412, 0.01574803149606000124, 0.1244274410531000102 ) ) ;
#218 = CARTESIAN_POINT ( 'NONE',  ( 1.176509186351999858, 0.08864826967872008190, 0.05118110236220999726 ) ) ;
#219 = CARTESIAN_POINT ( 'NONE',  ( 0.4724409448819000268, 0.3543307086614000401, -0.3543307086614000401 ) ) ;
#220 = FACE_OUTER_BOUND ( 'NONE', #1016, .T. ) ;
#221 = CARTESIAN_POINT ( 'NONE',  ( 1.176117073324000062, 0.06392993032285000654, 0.08641711036483995523 ) ) ;
#222 = CARTESIAN_POINT ( 'NONE',  ( 1.236314693923999508, 0.05948255673673451260, -0.1032031167347788742 ) ) ;
#223 = CARTESIAN_POINT ( 'NONE',  ( 1.201453638016000136, -0.05968658845680000630, 0.09190928686668996261 ) ) ;
#224 = CARTESIAN_POINT ( 'NONE',  ( 1.133886538297000035, 0.08600372205772992273, -0.05910872053913996532 ) ) ;
#225 = ORIENTED_EDGE ( 'NONE', *, *, #1328, .T. ) ;
#226 = CARTESIAN_POINT ( 'NONE',  ( 0.4921259842520000483, -0.3543307086614000401, 0.3543307086614000401 ) ) ;
#227 = CARTESIAN_POINT ( 'NONE',  ( 1.148090306133999983, 0.09500676109277993164, 0.04229973533675999986 ) ) ;
#228 = AXIS2_PLACEMENT_3D ( 'NONE', #8879, #1942, #5789 ) ;
#229 = CYLINDRICAL_SURFACE ( 'NONE', #4033, 0.01181102362205004204 ) ;
#230 = B_SPLINE_CURVE_WITH_KNOTS ( 'NONE', 3,
 ( #4431, #6767, #4484, #9131, #2924, #4526, #2772, #8988, #5240, #5985, #9086 ),
 .UNSPECIFIED., .F., .F.,
 ( 4, 1, 1, 1, 1, 1, 1, 1, 4 ),
 ( 0.000000000000000000, 0.1250000000000000000, 0.2500000000000000000, 0.3750000000000000000, 0.5000000000000000000, 0.6250000000000000000, 0.7500000000000000000, 0.8750000000000000000, 1.000000000000000000 ),
 .UNSPECIFIED. ) ;
#231 = LINE ( 'NONE', #7266, #1307 ) ;
#232 = B_SPLINE_CURVE_WITH_KNOTS ( 'NONE', 3,
 ( #5627, #372, #3412, #1226, #7251, #5826, #4871, #5736, #9522, #8871, #480 ),
 .UNSPECIFIED., .F., .F.,
 ( 4, 1, 1, 1, 1, 1, 1, 1, 4 ),
 ( 0.000000000000000000, 0.1250000000000000000, 0.2500000000000000000, 0.3750000000000000000, 0.5000000000000000000, 0.6250000000000000000, 0.7500000000000000000, 0.8750000000000000000, 1.000000000000000000 ),
 .UNSPECIFIED. ) ;
#233 = CARTESIAN_POINT ( 'NONE',  ( 1.252570065560000057, -0.1197388609877000076, 0.01576392010729999946 ) ) ;
#234 = TOROIDAL_SURFACE ( 'NONE', #729, 0.3740157480314960647, 0.09842519685038997324 ) ;
#235 = CARTESIAN_POINT ( 'NONE',  ( 1.251804491352482396, -0.03483523850941001865, -0.09837167889972013579 ) ) ;
#236 = CARTESIAN_POINT ( 'NONE',  ( 1.137631263007364391, 0.02963912214328001324, -0.1000599994510000118 ) ) ;
#237 = CARTESIAN_POINT ( 'NONE',  ( 1.047973619356000086, 0.04272635487288999750, -0.09301870540551003541 ) ) ;
#238 = CARTESIAN_POINT ( 'NONE',  ( 1.174650118053000014, -0.1207720828987999956, -1.414909855946000113E-13 ) ) ;
#239 = CARTESIAN_POINT ( 'NONE',  ( 1.046819125379000015, -0.01212838739982999986, -0.1075979739532000046 ) ) ;
#240 = CARTESIAN_POINT ( 'NONE',  ( 0.6498031496062991463, 0.000000000000000000, 0.000000000000000000 ) ) ;
#241 = CIRCLE ( 'NONE', #583, 0.1553113939093999918 ) ;
#242 = DIRECTION ( 'NONE',  ( 1.000000000000000000, 0.000000000000000000, 0.000000000000000000 ) ) ;
#243 = ORIENTED_EDGE ( 'NONE', *, *, #581, .F. ) ;
#244 = CARTESIAN_POINT ( 'NONE',  ( 0.6104330708661004357, 0.2755905511811023723, 0.000000000000000000 ) ) ;
#245 = DIRECTION ( 'NONE',  ( 0.000000000000000000, 0.000000000000000000, 1.000000000000000000 ) ) ;
#246 = CARTESIAN_POINT ( 'NONE',  ( 1.315522576417999856, 0.1032031167347787215, 0.05948255673673469995 ) ) ;
#247 = ORIENTED_EDGE ( 'NONE', *, *, #9071, .T. ) ;
#248 = CARTESIAN_POINT ( 'NONE',  ( 1.349887978946000100, 0.1148864436378000120, -0.03649930728295000537 ) ) ;
#249 = ADVANCED_FACE ( 'NONE', ( #3933 ), #7169, .T. ) ;
#250 = B_SPLINE_CURVE_WITH_KNOTS ( 'NONE', 3,
 ( #7623, #3118, #8325, #654, #6095, #9885, #3020, #3834, #9275, #6908, #5425, #9981, #8510, #3069, #6144, #9233, #2301, #8465 ),
 .UNSPECIFIED., .F., .F.,
 ( 4, 2, 2, 2, 2, 2, 2, 2, 4 ),
 ( 0.000000000000000000, 0.1249999999999999167, 0.2499999999999998335, 0.3749999999999998335, 0.4999999999999998890, 0.6249999999999998890, 0.7499999999999998890, 0.8750000000000000000, 1.000000000000000000 ),
 .UNSPECIFIED. ) ;
#251 = ORIENTED_EDGE ( 'NONE', *, *, #5277, .T. ) ;
#252 = ORIENTED_EDGE ( 'NONE', *, *, #7314, .T. ) ;
#253 = ORIENTED_EDGE ( 'NONE', *, *, #1513, .T. ) ;
#254 = CARTESIAN_POINT ( 'NONE',  ( 1.291442872621999971, 0.06273188960587008922, 0.09659863943552993160 ) ) ;
#255 = VERTEX_POINT ( 'NONE', #1704 ) ;
#256 = EDGE_CURVE ( 'NONE', #4845, #7224, #3095, .T. ) ;
#257 = ORIENTED_EDGE ( 'NONE', *, *, #6382, .F. ) ;
#258 = LINE ( 'NONE', #8857, #4763 ) ;
#259 = EDGE_LOOP ( 'NONE', ( #8432, #1137, #6584, #5105 ) ) ;
#260 = CARTESIAN_POINT ( 'NONE',  ( 1.226790848488000130, -0.07183494035557008717, 0.07569823244745001178 ) ) ;
#261 = AXIS2_PLACEMENT_3D ( 'NONE', #5100, #2017, #2122 ) ;
#262 = EDGE_LOOP ( 'NONE', ( #3704, #1400, #7984, #9268 ) ) ;
#263 = CARTESIAN_POINT ( 'NONE',  ( 1.383576360533000260, -0.05339084980460000185, 0.08692149985072994411 ) ) ;
#264 = CARTESIAN_POINT ( 'NONE',  ( 0.7362204724408996093, 0.1866645544309000204, -0.1032247656370999800 ) ) ;
#265 = CARTESIAN_POINT ( 'NONE',  ( 1.141620047380000003, -0.06929524396881005244, 0.09189085280447009674 ) ) ;
#266 = DIRECTION ( 'NONE',  ( -1.000000000000000000, 0.000000000000000000, 0.000000000000000000 ) ) ;
#267 = ORIENTED_EDGE ( 'NONE', *, *, #1232, .T. ) ;
#268 = VECTOR ( 'NONE', #2809, 39.37007874015748143 ) ;
#269 = CARTESIAN_POINT ( 'NONE',  ( 1.562992125983999836, 0.000000000000000000, 0.1181102362205000006 ) ) ;
#270 = CARTESIAN_POINT ( 'NONE',  ( 0.5511811023621999706, 0.000000000000000000, 0.000000000000000000 ) ) ;
#271 = EDGE_CURVE ( 'NONE', #4862, #6232, #6521, .T. ) ;
#272 = CARTESIAN_POINT ( 'NONE',  ( 1.076194715816999992, 0.01632510462535999990, 0.1030726540376999956 ) ) ;
#273 = DIRECTION ( 'NONE',  ( -1.000000000000000000, 0.000000000000000000, 0.000000000000000000 ) ) ;
#274 = DIRECTION ( 'NONE',  ( 1.000000000000000000, 0.000000000000000000, 0.000000000000000000 ) ) ;
#275 = CARTESIAN_POINT ( 'NONE',  ( 0.5795727200239999544, 0.1382954184847000056, 0.06166063664288996826 ) ) ;
#276 = ORIENTED_EDGE ( 'NONE', *, *, #4236, .T. ) ;
#277 = CARTESIAN_POINT ( 'NONE',  ( 1.222356133140000134, 0.09641372841431003482, -0.03993587390816000920 ) ) ;
#278 = CIRCLE ( 'NONE', #8665, 0.2133049650658001284 ) ;
#279 = CARTESIAN_POINT ( 'NONE',  ( 1.108267654048000095, -0.05831530153523000609, 0.08601103677861003660 ) ) ;
#280 = AXIS2_PLACEMENT_3D ( 'NONE', #1853, #2459, #3287 ) ;
#281 = CARTESIAN_POINT ( 'NONE',  ( 1.228142799572000010, 0.08413602592137991998, 0.06112840096925000605 ) ) ;
#282 = CARTESIAN_POINT ( 'NONE',  ( 1.168007273204999974, 0.01362138275840000211, -0.1034646749458000003 ) ) ;
#283 = ORIENTED_EDGE ( 'NONE', *, *, #7744, .T. ) ;
#284 = CARTESIAN_POINT ( 'NONE',  ( 1.066428147215999989, 0.0008625542793522007366, -0.1181448714373000003 ) ) ;
#285 = CARTESIAN_POINT ( 'NONE',  ( 1.180078495110000070, 0.07543737144847008358, -0.07158739288719999372 ) ) ;
#286 = CARTESIAN_POINT ( 'NONE',  ( 1.263450630319330026, -0.02701007179959754104, 0.1008029602722022855 ) ) ;
#287 = EDGE_CURVE ( 'NONE', #5859, #8399, #4905, .T. ) ;
#288 = CARTESIAN_POINT ( 'NONE',  ( 1.324897371088999742, 0.1032031167347787076, 0.05948255673673468608 ) ) ;
#289 = CARTESIAN_POINT ( 'NONE',  ( 1.301618621990000113, -0.01889291618010000007, -0.1192851781487999918 ) ) ;
#290 = AXIS2_PLACEMENT_3D ( 'NONE', #3056, #8450, #4511 ) ;
#291 = CIRCLE ( 'NONE', #1897, 0.2755905511811023723 ) ;
#292 = CARTESIAN_POINT ( 'NONE',  ( 1.381889763779999836, 7.680926463688995436E-12, 0.1023622047244000105 ) ) ;
#293 = B_SPLINE_CURVE_WITH_KNOTS ( 'NONE', 3,
 ( #1950, #1143, #2101, #2868, #5747, #390, #6712, #8214, #5935, #3478, #8933, #6551, #8162, #3582, #9034, #5075, #7515, #4329 ),
 .UNSPECIFIED., .F., .F.,
 ( 4, 2, 2, 2, 2, 2, 2, 2, 4 ),
 ( 0.000000000000000000, 0.1250000000000000278, 0.2500000000000000555, 0.3750000000000001110, 0.5000000000000001110, 0.6250000000000001110, 0.7500000000000002220, 0.8750000000000001110, 1.000000000000000000 ),
 .UNSPECIFIED. ) ;
#294 = CARTESIAN_POINT ( 'NONE',  ( 1.073654885054364128, 0.04979507987150003090, 0.09171112839765001301 ) ) ;
#295 = CARTESIAN_POINT ( 'NONE',  ( 1.047972598289996782, 0.08570891682131839828, -0.06632174323987191644 ) ) ;
#296 = CARTESIAN_POINT ( 'NONE',  ( 1.172517572120999940, -0.1138447763062999940, 0.04031454967568999515 ) ) ;
#297 = CARTESIAN_POINT ( 'NONE',  ( 0.7280600717204999128, 0.01516969372517000189, -0.2015020754713999773 ) ) ;
#298 = CARTESIAN_POINT ( 'NONE',  ( 0.6498031496062991463, 0.4370078740156999597, 0.3543307086614000401 ) ) ;
#299 = ORIENTED_EDGE ( 'NONE', *, *, #1148, .T. ) ;
#300 = DIRECTION ( 'NONE',  ( 0.000000000000000000, 0.000000000000000000, -1.000000000000000000 ) ) ;
#301 = CARTESIAN_POINT ( 'NONE',  ( 0.7362204724408996093, 0.000000000000000000, 0.000000000000000000 ) ) ;
#302 = CARTESIAN_POINT ( 'NONE',  ( 1.361854164636000064, -0.1041502681473000097, 0.01265890236404999987 ) ) ;
#303 = ORIENTED_EDGE ( 'NONE', *, *, #8161, .T. ) ;
#304 = CARTESIAN_POINT ( 'NONE',  ( 0.3937007874016000275, 0.000000000000000000, 0.2755905511811023723 ) ) ;
#305 = ORIENTED_EDGE ( 'NONE', *, *, #8293, .F. ) ;
#306 = ORIENTED_EDGE ( 'NONE', *, *, #3283, .T. ) ;
#307 = CARTESIAN_POINT ( 'NONE',  ( 1.263719775509000165, -0.1104375004920000042, 0.03271307799562000324 ) ) ;
#308 = ORIENTED_EDGE ( 'NONE', *, *, #5764, .F. ) ;
#309 = CARTESIAN_POINT ( 'NONE',  ( 0.7294508865112008245, 0.1823135906290000163, 0.08833648070976005129 ) ) ;
#310 = ORIENTED_EDGE ( 'NONE', *, *, #6052, .T. ) ;
#311 = CARTESIAN_POINT ( 'NONE',  ( 1.055561758009154083, -0.02686617581655773024, -0.1105534695915264265 ) ) ;
#312 = ORIENTED_EDGE ( 'NONE', *, *, #9023, .T. ) ;
#313 = DIRECTION ( 'NONE',  ( 0.000000000000000000, -1.000000000000000000, 0.000000000000000000 ) ) ;
#314 = CARTESIAN_POINT ( 'NONE',  ( 1.286502134577000023, 0.07935404094582007573, -0.06777475368613995743 ) ) ;
#315 = CARTESIAN_POINT ( 'NONE',  ( 1.359478591503999967, -0.01597743258149000173, -0.1033272167828000049 ) ) ;
#316 = CARTESIAN_POINT ( 'NONE',  ( 1.053894522905999942, 0.08158267535646004931, 0.08117897956101004231 ) ) ;
#317 = CARTESIAN_POINT ( 'NONE',  ( 1.202686084999249783, 0.1181102362205000561, -0.01546059376766952508 ) ) ;
#318 = EDGE_LOOP ( 'NONE', ( #975, #5180, #414, #2649 ) ) ;
#319 = CARTESIAN_POINT ( 'NONE',  ( 0.06692913385827008177, 0.000000000000000000, 0.3149606299213000282 ) ) ;
#320 = DIRECTION ( 'NONE',  ( 0.000000000000000000, 0.8660254037844289376, -0.5000000000000169864 ) ) ;
#321 = CARTESIAN_POINT ( 'NONE',  ( 1.152966369360000076, 0.04737729888396000760, 0.09298318451212993219 ) ) ;
#322 = CARTESIAN_POINT ( 'NONE',  ( 1.201811268669999988, -0.01895210237017000074, -0.1022563938278000101 ) ) ;
#323 = DIRECTION ( 'NONE',  ( -1.000000000000000000, 0.000000000000000000, 0.000000000000000000 ) ) ;
#324 = B_SPLINE_CURVE_WITH_KNOTS ( 'NONE', 3,
 ( #3237, #82, #6304, #9388, #2458, #7884 ),
 .UNSPECIFIED., .F., .F.,
 ( 4, 1, 1, 4 ),
 ( 0.000000000000000000, 0.3333333333333000081, 0.6666666666667000474, 1.000000000000000000 ),
 .UNSPECIFIED. ) ;
#325 = DIRECTION ( 'NONE',  ( -1.000000000000000000, 0.000000000000000000, 0.000000000000000000 ) ) ;
#326 = CARTESIAN_POINT ( 'NONE',  ( 1.228753770935000045, 0.08442696480807007631, 0.06133978044347008357 ) ) ;
#327 = CARTESIAN_POINT ( 'NONE',  ( 1.052883598466999970, 0.1087643265027000011, 0.01269930296989000076 ) ) ;
#328 = B_SPLINE_CURVE_WITH_KNOTS ( 'NONE', 3,
 ( #7355, #6598, #6446, #8769, #1133, #8206 ),
 .UNSPECIFIED., .F., .F.,
 ( 4, 1, 1, 4 ),
 ( 0.000000000000000000, 0.3333333333333000081, 0.6666666666667000474, 1.000000000000000000 ),
 .UNSPECIFIED. ) ;
#329 = CARTESIAN_POINT ( 'NONE',  ( 1.247335712958000054, -0.08867274169577993304, -0.05433872599770000339 ) ) ;
#330 = EDGE_CURVE ( 'NONE', #5937, #7233, #396, .T. ) ;
#331 = EDGE_CURVE ( 'NONE', #33, #6799, #4240, .T. ) ;
#332 = DIRECTION ( 'NONE',  ( -1.000000000000000000, 0.000000000000000000, 0.000000000000000000 ) ) ;
#333 = CARTESIAN_POINT ( 'NONE',  ( 1.114750166073000148, -0.1030726540388999940, -0.01632510462271000162 ) ) ;
#334 = EDGE_LOOP ( 'NONE', ( #8635, #8810, #3040, #2416, #8132, #5499, #1990, #7357, #835, #1068, #2689, #7828 ) ) ;
#335 = CIRCLE ( 'NONE', #5818, 0.2755905511811023723 ) ;
#336 = CARTESIAN_POINT ( 'NONE',  ( -0.8092125984251968829, -0.3740157480314960647, 0.3740157480314960647 ) ) ;
#337 = CARTESIAN_POINT ( 'NONE',  ( 1.375905507442238607, 0.06059705576737992039, -0.08564766778826005122 ) ) ;
#338 = CARTESIAN_POINT ( 'NONE',  ( 1.070220042215000111, 0.1094390714986999968, 0.005735458435475001247 ) ) ;
#339 = CARTESIAN_POINT ( 'NONE',  ( 1.244257716933329982, 0.03483571787204616660, -0.09837303257802153256 ) ) ;
#340 = CARTESIAN_POINT ( 'NONE',  ( 0.7280600717204999128, -0.1669210694110000448, 0.1138883778692999921 ) ) ;
#341 = CARTESIAN_POINT ( 'NONE',  ( 1.308016259785000024, 0.09183581231427992431, -0.07843519353245001491 ) ) ;
#342 = AXIS2_PLACEMENT_3D ( 'NONE', #1539, #9081, #8501 ) ;
#343 = CARTESIAN_POINT ( 'NONE',  ( 1.094980344372364245, -0.02436176700353999761, -0.1014740624988999945 ) ) ;
#344 = ADVANCED_FACE ( 'NONE', ( #1003, #1100 ), #7164, .F. ) ;
#345 = CARTESIAN_POINT ( 'NONE',  ( 0.7362204724408996093, 0.1385673834396000115, -0.07482930210540000848 ) ) ;
#346 = CARTESIAN_POINT ( 'NONE',  ( 1.163987388393999955, 0.01576392010729000051, 0.1197388609877000076 ) ) ;
#347 = CARTESIAN_POINT ( 'NONE',  ( 1.053437540913000126, -0.01212838739982999986, -0.1075979739532000046 ) ) ;
#348 = CIRCLE ( 'NONE', #6476, 0.1574803149606000263 ) ;
#349 = CARTESIAN_POINT ( 'NONE',  ( 0.5787401574803000548, 0.000000000000000000, 0.1220472440945000042 ) ) ;
#350 = ORIENTED_EDGE ( 'NONE', *, *, #2234, .T. ) ;
#351 = DIRECTION ( 'NONE',  ( 1.000000000000000000, 0.000000000000000000, 0.000000000000000000 ) ) ;
#352 = CARTESIAN_POINT ( 'NONE',  ( 1.385951933665000135, 0.08756937829022991282, 0.05778523331519999640 ) ) ;
#353 = CARTESIAN_POINT ( 'NONE',  ( 0.7244094488188976833, -0.01574803149606000124, -0.2002676082188999951 ) ) ;
#354 = CARTESIAN_POINT ( 'NONE',  ( 0.7361458461413995513, 0.005567936690644000215, 0.1573654835187000001 ) ) ;
#355 = ORIENTED_EDGE ( 'NONE', *, *, #3905, .F. ) ;
#356 = ORIENTED_EDGE ( 'NONE', *, *, #3485, .T. ) ;
#357 = ORIENTED_EDGE ( 'NONE', *, *, #36, .F. ) ;
#358 = VERTEX_POINT ( 'NONE', #5750 ) ;
#359 = EDGE_LOOP ( 'NONE', ( #4993, #3660, #5569, #7592, #1541 ) ) ;
#360 = B_SPLINE_CURVE_WITH_KNOTS ( 'NONE', 3,
 ( #1633, #5674, #3207, #1729, #9360, #885, #5561, #1775, #6331, #317, #7900, #163, #9454, #213, #4158, #4915, #2533, #7799 ),
 .UNSPECIFIED., .F., .F.,
 ( 4, 2, 2, 2, 2, 2, 2, 2, 4 ),
 ( 0.000000000000000000, 0.1250000000000000278, 0.2500000000000000555, 0.3750000000000001110, 0.5000000000000001110, 0.6250000000000001110, 0.7500000000000002220, 0.8750000000000001110, 1.000000000000000000 ),
 .UNSPECIFIED. ) ;
#361 = CARTESIAN_POINT ( 'NONE',  ( 0.4724409448819000268, 0.000000000000000000, 0.000000000000000000 ) ) ;
#362 = VERTEX_POINT ( 'NONE', #3486 ) ;
#363 = DIRECTION ( 'NONE',  ( 0.000000000000000000, 0.000000000000000000, 1.000000000000000000 ) ) ;
#364 = CARTESIAN_POINT ( 'NONE',  ( 1.184139929852000117, -0.02436176678408999777, 0.1014740604109000133 ) ) ;
#365 = CARTESIAN_POINT ( 'NONE',  ( 1.360374959235999937, 0.09746161222688995429, -0.06253321786638996183 ) ) ;
#366 = VERTEX_POINT ( 'NONE', #4839 ) ;
#367 = CARTESIAN_POINT ( 'NONE',  ( 1.139531344417000103, -0.03541385393183000413, 0.1095062492075999927 ) ) ;
#368 = DIRECTION ( 'NONE',  ( -0.7071067811865474617, 0.7071067811865474617, -7.140051273103473960E-10 ) ) ;
#369 = CARTESIAN_POINT ( 'NONE',  ( 1.159420548317000144, -0.09837167889976004831, 0.03483523850945000055 ) ) ;
#370 = CARTESIAN_POINT ( 'NONE',  ( 1.208208906465000121, 0.07728546215276003994, -0.06958814268777008261 ) ) ;
#371 = DIRECTION ( 'NONE',  ( 1.000000000000000000, 0.000000000000000000, 0.000000000000000000 ) ) ;
#372 = CARTESIAN_POINT ( 'NONE',  ( 0.7362204724408996093, -0.1863877866493000024, 0.1022287170031999926 ) ) ;
#373 = CARTESIAN_POINT ( 'NONE',  ( 1.283946624451000051, 0.08333232648411004195, -0.07117253052570000904 ) ) ;
#374 = CARTESIAN_POINT ( 'NONE',  ( 1.303392878547000144, 0.1043217069378999939, -0.002731760046629999519 ) ) ;
#375 = CARTESIAN_POINT ( 'NONE',  ( 1.172254357514000089, 0.07728380588377992133, 0.08336029745312008299 ) ) ;
#376 = DIRECTION ( 'NONE',  ( 4.306940449146604923E-26, -1.000000000000000000, -4.083695187561999980E-13 ) ) ;
#377 = CARTESIAN_POINT ( 'NONE',  ( 1.049287876270758924, 0.1029893856856339551, 0.05913212325618742715 ) ) ;
#378 = CARTESIAN_POINT ( 'NONE',  ( 0.6498031496062991463, 0.3543307086614000401, 0.3543307086614000401 ) ) ;
#379 = EDGE_CURVE ( 'NONE', #4637, #1719, #394, .T. ) ;
#380 = PLANE ( 'NONE',  #3315 ) ;
#381 = CARTESIAN_POINT ( 'NONE',  ( 1.055038879984000033, 0.1042144498681999987, 0.005461647631049000411 ) ) ;
#382 = EDGE_CURVE ( 'NONE', #4294, #4961, #5262, .T. ) ;
#383 = EDGE_LOOP ( 'NONE', ( #8352, #3753 ) ) ;
#384 = CARTESIAN_POINT ( 'NONE',  ( 0.6104330708661004357, 0.5314960629921000601, -0.3740157480314960647 ) ) ;
#385 = EDGE_CURVE ( 'NONE', #638, #2642, #8390, .T. ) ;
#386 = CARTESIAN_POINT ( 'NONE',  ( 1.060655922930999973, 0.05890500276947000652, -0.08570733774602991295 ) ) ;
#387 = CARTESIAN_POINT ( 'NONE',  ( 1.254920446592330041, 0.09298446404015088540, 0.04737795083605964019 ) ) ;
#388 = EDGE_CURVE ( 'NONE', #5342, #9400, #9373, .T. ) ;
#389 = ADVANCED_FACE ( 'NONE', ( #173 ), #3877, .T. ) ;
#390 = CARTESIAN_POINT ( 'NONE',  ( 1.128867187361750180, 0.09444883965335013065, 0.07258425826477109266 ) ) ;
#391 = EDGE_CURVE ( 'NONE', #9977, #5269, #328, .T. ) ;
#392 = CARTESIAN_POINT ( 'NONE',  ( 1.237642244037000072, 0.09770666751137992156, 0.07098804921670000267 ) ) ;
#393 = EDGE_CURVE ( 'NONE', #6980, #9320, #720, .T. ) ;
#394 = CIRCLE ( 'NONE', #6028, 0.08267716535433068670 ) ;
#395 = CARTESIAN_POINT ( 'NONE',  ( 1.154691630461364138, 0.01362138288035000602, 0.1034646750344000027 ) ) ;
#396 = LINE ( 'NONE', #3435, #3303 ) ;
#397 = CARTESIAN_POINT ( 'NONE',  ( 1.177881274360000008, -0.06018173532389999719, -0.09820766629986005247 ) ) ;
#398 = CARTESIAN_POINT ( 'NONE',  ( 1.055953823247999912, -0.02713672894063000329, -0.1106773350079000157 ) ) ;
#399 = CARTESIAN_POINT ( 'NONE',  ( 0.5984251968503937480, -0.1126864528502000001, -0.04687529344016000410 ) ) ;
#400 = ADVANCED_FACE ( 'NONE', ( #436 ), #5023, .T. ) ;
#401 = CARTESIAN_POINT ( 'NONE',  ( 0.7360889429602007761, -0.006083609969263995693, 0.2110744122274000323 ) ) ;
#402 = CARTESIAN_POINT ( 'NONE',  ( 0.7334836223767007279, -0.1720445516939999864, -0.1126956960066000102 ) ) ;
#403 = CARTESIAN_POINT ( 'NONE',  ( 1.011811089899000038, 0.09046570295565001252, 0.1614173806495000085 ) ) ;
#404 = AXIS2_PLACEMENT_3D ( 'NONE', #3519, #1128, #4113 ) ;
#405 = AXIS2_PLACEMENT_3D ( 'NONE', #7457, #332, #5066 ) ;
#406 = CARTESIAN_POINT ( 'NONE',  ( 0.6104330708661004357, -0.4370078740156999597, 0.3543307086614000401 ) ) ;
#407 = CARTESIAN_POINT ( 'NONE',  ( 1.263381623057749703, -0.1181102362205000006, -0.01546059376767004723 ) ) ;
#408 = CARTESIAN_POINT ( 'NONE',  ( 1.360017572120999940, 0.03119933893498999869, 0.1164375180679000088 ) ) ;
#409 = ORIENTED_EDGE ( 'NONE', *, *, #6632, .F. ) ;
#410 = ORIENTED_EDGE ( 'NONE', *, *, #1611, .F. ) ;
#411 = VERTEX_POINT ( 'NONE', #8008 ) ;
#412 = ORIENTED_EDGE ( 'NONE', *, *, #271, .F. ) ;
#413 = AXIS2_PLACEMENT_3D ( 'NONE', #51, #3102, #3915 ) ;
#414 = ORIENTED_EDGE ( 'NONE', *, *, #6369, .T. ) ;
#415 = VERTEX_POINT ( 'NONE', #9672 ) ;
#416 = CARTESIAN_POINT ( 'NONE',  ( 0.8405511810737993361, 0.000000000000000000, 0.000000000000000000 ) ) ;
#417 = ADVANCED_FACE ( 'NONE', ( #5741 ), #7010, .T. ) ;
#418 = ORIENTED_EDGE ( 'NONE', *, *, #5264, .F. ) ;
#419 = CARTESIAN_POINT ( 'NONE',  ( 0.6498031496062991463, 0.3740157480314960647, 0.5314960629921000601 ) ) ;
#420 = CARTESIAN_POINT ( 'NONE',  ( 1.178396599539999867, 0.1005876041400999843, 0.02224877255178000016 ) ) ;
#421 = CARTESIAN_POINT ( 'NONE',  ( 1.320922161057999977, -0.002463296890305000531, -0.1045261900661000054 ) ) ;
#422 = ORIENTED_EDGE ( 'NONE', *, *, #2940, .F. ) ;
#423 = CARTESIAN_POINT ( 'NONE',  ( 1.164595779981000057, 0.1060274001462000043, -0.04476552051512999730 ) ) ;
#424 = DIRECTION ( 'NONE',  ( 0.000000000000000000, 0.000000000000000000, -1.000000000000000000 ) ) ;
#425 = CARTESIAN_POINT ( 'NONE',  ( -0.03937007874015999859, 0.000000000000000000, 0.000000000000000000 ) ) ;
#426 = CARTESIAN_POINT ( 'NONE',  ( 1.067721073250999853, 0.07755271211107993279, 0.06982877558142992769 ) ) ;
#427 = CARTESIAN_POINT ( 'NONE',  ( 1.250859825100000267, 0.1017252449114000035, -0.02162236829341000061 ) ) ;
#428 =( GEOMETRIC_REPRESENTATION_CONTEXT ( 3 ) GLOBAL_UNCERTAINTY_ASSIGNED_CONTEXT ( ( #4356 ) ) GLOBAL_UNIT_ASSIGNED_CONTEXT ( ( #1824, #7336, #6372 ) ) REPRESENTATION_CONTEXT ( 'NONE', 'WORKASPACE' ) );
#429 =( CONVERSION_BASED_UNIT ( 'INCH', #2804 ) LENGTH_UNIT ( ) NAMED_UNIT ( #9178 ) );
#430 = CARTESIAN_POINT ( 'NONE',  ( 0.07086614173227992475, 1.433347364410000059E-12, -0.2795275590551000167 ) ) ;
#431 = CARTESIAN_POINT ( 'NONE',  ( 1.288211716315000199, 0.1095517057267000050, -0.002868712385264000214 ) ) ;
#432 = CARTESIAN_POINT ( 'NONE',  ( 1.284199965161000101, -0.1042144493542999928, -0.005461647859861999341 ) ) ;
#433 = CARTESIAN_POINT ( 'NONE',  ( 1.142697825905000020, -0.03369469879798999562, 0.1041903005148999972 ) ) ;
#434 = PLANE ( 'NONE',  #8339 ) ;
#435 = AXIS2_PLACEMENT_3D ( 'NONE', #8262, #6794, #2955 ) ;
#436 = FACE_OUTER_BOUND ( 'NONE', #3647, .T. ) ;
#437 = CARTESIAN_POINT ( 'NONE',  ( 1.095557252687000105, 0.1014740624988999945, 0.02436176700353999761 ) ) ;
#438 = DIRECTION ( 'NONE',  ( 0.000000000000000000, -1.000000000000000000, 0.000000000000000000 ) ) ;
#439 = VERTEX_POINT ( 'NONE', #9720 ) ;
#440 = CARTESIAN_POINT ( 'NONE',  ( 1.105548823137000092, 0.000000000000000000, -0.1181102362205000006 ) ) ;
#441 = CARTESIAN_POINT ( 'NONE',  ( 1.077716290386000031, -0.01895210237088000224, 0.1022563938280000168 ) ) ;
#442 = CARTESIAN_POINT ( 'NONE',  ( 1.225064803547329939, -0.04244659015975599942, 0.09533660242565415721 ) ) ;
#443 = VECTOR ( 'NONE', #8683, 39.37007874015748143 ) ;
#444 = DIRECTION ( 'NONE',  ( 1.000000000000000000, 0.000000000000000000, 0.000000000000000000 ) ) ;
#445 = CARTESIAN_POINT ( 'NONE',  ( 1.300584686432999959, 0.02099001011798000069, -0.1132519600808000043 ) ) ;
#446 = VERTEX_POINT ( 'NONE', #2758 ) ;
#447 = CARTESIAN_POINT ( 'NONE',  ( 0.7249748790432009038, -0.01574803149606000124, 0.1537843690892000126 ) ) ;
#448 = CARTESIAN_POINT ( 'NONE',  ( 1.158688360973999965, 0.05229093041692000482, 0.1026267293788999946 ) ) ;
#449 = CARTESIAN_POINT ( 'NONE',  ( 0.5819715539376000280, 0.01574803149606000124, 0.1534166351743000145 ) ) ;
#450 = EDGE_CURVE ( 'NONE', #619, #7948, #5832, .T. ) ;
#451 = AXIS2_PLACEMENT_3D ( 'NONE', #8891, #8021, #7369 ) ;
#452 = CARTESIAN_POINT ( 'NONE',  ( 0.7280600717204999128, -0.01516969372517000189, 0.2015020754713999773 ) ) ;
#453 = B_SPLINE_CURVE_WITH_KNOTS ( 'NONE', 3,
 ( #7560, #5274, #3864, #5225, #3766, #2235, #4558, #2188, #7508, #2907, #3674, #9257, #4468, #4509 ),
 .UNSPECIFIED., .F., .F.,
 ( 4, 1, 1, 1, 1, 1, 1, 1, 1, 1, 1, 4 ),
 ( 0.000000000000000000, 0.09090909090909000956, 0.1818181818182000031, 0.2727272727273000186, 0.3636363636364000063, 0.4545454545454999939, 0.5454545454545000061, 0.6363636363636000493, 0.7272727272726999814, 0.8181818181818000246, 0.9090909090908999568, 1.000000000000000000 ),
 .UNSPECIFIED. ) ;
#454 = DIRECTION ( 'NONE',  ( 0.000000000000000000, 0.9996621625387626109, 0.02599155224922904475 ) ) ;
#455 = CARTESIAN_POINT ( 'NONE',  ( 1.156103418008489259, -0.09568863053261984775, -0.04144086018495431872 ) ) ;
#456 = PLANE ( 'NONE',  #4008 ) ;
#457 = EDGE_CURVE ( 'NONE', #6917, #9695, #901, .T. ) ;
#458 = ADVANCED_FACE ( 'NONE', ( #9528 ), #380, .F. ) ;
#459 = CARTESIAN_POINT ( 'NONE',  ( 1.256819943267750039, -0.07258425826477071796, 0.09444883965335038045 ) ) ;
#460 = CIRCLE ( 'NONE', #1740, 0.1122047244094000057 ) ;
#461 = CARTESIAN_POINT ( 'NONE',  ( 1.341529097333000076, 0.08832423806222991503, -0.06452528082917008412 ) ) ;
#462 = ORIENTED_EDGE ( 'NONE', *, *, #723, .F. ) ;
#463 = ORIENTED_EDGE ( 'NONE', *, *, #538, .F. ) ;
#464 = CARTESIAN_POINT ( 'NONE',  ( 1.290408937064999817, 0.02819368258202999827, 0.1174351382184000009 ) ) ;
#465 = ORIENTED_EDGE ( 'NONE', *, *, #5512, .T. ) ;
#466 = CARTESIAN_POINT ( 'NONE',  ( 0.7322039756092009188, 0.1830767000919000242, 0.09084006758720000740 ) ) ;
#467 = ORIENTED_EDGE ( 'NONE', *, *, #3291, .F. ) ;
#468 = EDGE_LOOP ( 'NONE', ( #7276, #1062, #6415, #588, #5809, #4143, #4393, #3472 ) ) ;
#469 = CARTESIAN_POINT ( 'NONE',  ( 0.7519685039370078705, 0.000000000000000000, 0.000000000000000000 ) ) ;
#470 = ORIENTED_EDGE ( 'NONE', *, *, #2554, .T. ) ;
#471 = PLANE ( 'NONE',  #8164 ) ;
#472 = CARTESIAN_POINT ( 'NONE',  ( 1.275839404917999964, -0.07755271207417993584, -0.06982877559786003496 ) ) ;
#473 = CARTESIAN_POINT ( 'NONE',  ( 1.316102607252000123, -0.07447166490202007660, -0.07338777981186003774 ) ) ;
#474 = B_SPLINE_CURVE_WITH_KNOTS ( 'NONE', 3,
 ( #6736, #3606, #8137, #5106, #8958, #6635, #5163, #4402, #1274, #8243, #9704, #9104, #2174, #5260, #7444, #3656, #2894, #9063 ),
 .UNSPECIFIED., .F., .F.,
 ( 4, 2, 2, 2, 2, 2, 2, 2, 4 ),
 ( 0.000000000000000000, 0.1250000000000000278, 0.2500000000000000555, 0.3750000000000000000, 0.5000000000000000000, 0.6250000000000000000, 0.7500000000000000000, 0.8750000000000001110, 1.000000000000000000 ),
 .UNSPECIFIED. ) ;
#475 = ORIENTED_EDGE ( 'NONE', *, *, #9281, .F. ) ;
#476 = CARTESIAN_POINT ( 'NONE',  ( 1.168773185907999945, 0.1110067711730999968, 0.03038538899892999703 ) ) ;
#477 = CARTESIAN_POINT ( 'NONE',  ( 0.5841804246273000212, 0.1259363778563000191, 0.09089366210302991800 ) ) ;
#478 = CARTESIAN_POINT ( 'NONE',  ( 1.106106900022999939, 0.08752153665226003465, 0.05683715047030001022 ) ) ;
#479 = CARTESIAN_POINT ( 'NONE',  ( 1.248727279168000193, 0.08867274169577993304, -0.05433872599770000339 ) ) ;
#480 = CARTESIAN_POINT ( 'NONE',  ( 0.7280600717204999128, -0.1820907631361000090, 0.08761369760209999913 ) ) ;
#481 = CARTESIAN_POINT ( 'NONE',  ( 1.234898068020999995, -0.06896675547350000768, -0.08516685022967009078 ) ) ;
#482 = CARTESIAN_POINT ( 'NONE',  ( 1.198898127889999943, -0.05683715052910000981, 0.08752153721173996925 ) ) ;
#483 = CARTESIAN_POINT ( 'NONE',  ( 1.065415816249000169, -0.05681434230053000745, 0.09361133455683995352 ) ) ;
#484 = CARTESIAN_POINT ( 'NONE',  ( 0.9842519685038996213, -0.2559055118109999638, 0.000000000000000000 ) ) ;
#485 = AXIS2_PLACEMENT_3D ( 'NONE', #130, #2346, #1697 ) ;
#486 = CARTESIAN_POINT ( 'NONE',  ( 0.5819715539376000280, -0.1407367191721000110, -0.06307012225195000876 ) ) ;
#487 = CARTESIAN_POINT ( 'NONE',  ( 1.144605809116999939, -0.02169713754582000206, 0.1020770065874999910 ) ) ;
#488 = CARTESIAN_POINT ( 'NONE',  ( -0.03937007874015999859, 0.000000000000000000, 0.000000000000000000 ) ) ;
#489 = DIRECTION ( 'NONE',  ( 1.000000000000000000, 0.000000000000000000, 0.000000000000000000 ) ) ;
#490 = VERTEX_POINT ( 'NONE', #6653 ) ;
#491 = CARTESIAN_POINT ( 'NONE',  ( 1.201786793390333230, 0.04120276216305554517, 0.1125935275257147622 ) ) ;
#492 = FACE_OUTER_BOUND ( 'NONE', #7536, .T. ) ;
#493 = CARTESIAN_POINT ( 'NONE',  ( 0.9999994263157999663, 0.1234249573708800091, 0.1543626642908323132 ) ) ;
#494 = CYLINDRICAL_SURFACE ( 'NONE', #2596, 0.01181102362205004204 ) ;
#495 = CARTESIAN_POINT ( 'NONE',  ( 1.279259227115999931, 0.009036971297048996057, 0.1148256074952000022 ) ) ;
#496 = EDGE_LOOP ( 'NONE', ( #3892, #1104, #9005 ) ) ;
#497 = CIRCLE ( 'NONE', #6945, 0.1220472440944999765 ) ;
#498 = CARTESIAN_POINT ( 'NONE',  ( 0.7358047547447992276, -0.007185665451878996829, 0.1572119822396000066 ) ) ;
#499 = EDGE_CURVE ( 'NONE', #5718, #9041, #4775, .T. ) ;
#500 = CARTESIAN_POINT ( 'NONE',  ( 1.092579437089999939, -0.1151412015252999965, 0.003015078472524000425 ) ) ;
#501 = CARTESIAN_POINT ( 'NONE',  ( 1.197412340197000047, 0.1022864650138999992, 0.05905511811023995972 ) ) ;
#502 = CARTESIAN_POINT ( 'NONE',  ( 0.7280600717204999128, 0.1820907631361000090, -0.08761369760209999913 ) ) ;
#503 = DIRECTION ( 'NONE',  ( 0.000000000000000000, 0.5000000000000169864, -0.8660254037844288266 ) ) ;
#504 = CARTESIAN_POINT ( 'NONE',  ( 1.131038982444488861, 0.09390399799116962154, -0.04533980665240804758 ) ) ;
#505 = DIRECTION ( 'NONE',  ( -1.000000000000000000, 0.000000000000000000, 0.000000000000000000 ) ) ;
#506 = CARTESIAN_POINT ( 'NONE',  ( 1.376923829157000068, 0.1031095099747999927, -0.01938956623244000171 ) ) ;
#507 = CARTESIAN_POINT ( 'NONE',  ( 0.6284087203132993071, -0.1384454138115999988, 0.09811575737909999928 ) ) ;
#508 = AXIS2_PLACEMENT_3D ( 'NONE', #793, #9122, #3152 ) ;
#509 = CARTESIAN_POINT ( 'NONE',  ( 1.339503178698000063, 0.06324685814403996353, -0.08924414731437009529 ) ) ;
#510 = CARTESIAN_POINT ( 'NONE',  ( 0.5984251968503937480, -0.1126864528502000001, 0.04687529344016000410 ) ) ;
#511 = CARTESIAN_POINT ( 'NONE',  ( 1.225333948737000078, -0.1141952844564999986, 0.01503409441140000045 ) ) ;
#512 = ORIENTED_EDGE ( 'NONE', *, *, #2798, .T. ) ;
#513 = EDGE_LOOP ( 'NONE', ( #356, #1373 ) ) ;
#514 = LINE ( 'NONE', #2791, #9441 ) ;
#515 = ADVANCED_FACE ( 'NONE', ( #6544 ), #9622, .T. ) ;
#516 = VERTEX_POINT ( 'NONE', #2036 ) ;
#517 = EDGE_CURVE ( 'NONE', #3501, #3450, #8960, .T. ) ;
#518 = FACE_OUTER_BOUND ( 'NONE', #7750, .T. ) ;
#519 = CARTESIAN_POINT ( 'NONE',  ( 1.179874837989000058, 0.04492705090909000082, 0.09419148551886005749 ) ) ;
#520 = AXIS2_PLACEMENT_3D ( 'NONE', #840, #2386, #6129 ) ;
#521 = CARTESIAN_POINT ( 'NONE',  ( 1.303297018152000053, -0.07789583970826004233, 0.07407557702128995947 ) ) ;
#522 = DIRECTION ( 'NONE',  ( 1.000000000000000000, 0.000000000000000000, 0.000000000000000000 ) ) ;
#523 = CARTESIAN_POINT ( 'NONE',  ( 1.142630971818999974, -0.1166834153165999949, 0.03078925271922000259 ) ) ;
#524 = CARTESIAN_POINT ( 'NONE',  ( 1.063148958093783625, -5.299101694907043340E-08, -0.1128603589983895733 ) ) ;
#525 = CARTESIAN_POINT ( 'NONE',  ( 1.082648894774000059, -0.1043217069389999890, 0.002731760035869000222 ) ) ;
#526 = CARTESIAN_POINT ( 'NONE',  ( 1.178353263420000019, 0.07353757175389999401, 0.07353769128401003996 ) ) ;
#527 = CARTESIAN_POINT ( 'NONE',  ( 0.000000000000000000, 0.000000000000000000, 0.000000000000000000 ) ) ;
#528 = LINE ( 'NONE', #6834, #3953 ) ;
#529 = EDGE_CURVE ( 'NONE', #5360, #4440, #6215, .T. ) ;
#530 = CARTESIAN_POINT ( 'NONE',  ( 1.303449419707999990, 0.08279234551820000010, 0.06352880097637007839 ) ) ;
#531 = CARTESIAN_POINT ( 'NONE',  ( 1.157318746650999985, -0.05205768383162999446, -0.09633768215108996780 ) ) ;
#532 = CARTESIAN_POINT ( 'NONE',  ( 1.363856622928238504, -0.1012918731321000021, -0.02734012804704000210 ) ) ;
#533 = DIRECTION ( 'NONE',  ( 0.000000000000000000, 0.000000000000000000, -1.000000000000000000 ) ) ;
#534 = CARTESIAN_POINT ( 'NONE',  ( 0.8188976377952992269, 0.000000000000000000, -0.1535433070865999949 ) ) ;
#535 = ORIENTED_EDGE ( 'NONE', *, *, #9470, .F. ) ;
#536 = CARTESIAN_POINT ( 'NONE',  ( 1.076364339301000062, -0.09924984962000001076, -0.03224823098968999935 ) ) ;
#537 = DIRECTION ( 'NONE',  ( 0.000000000000000000, 0.000000000000000000, 1.000000000000000000 ) ) ;
#538 = EDGE_CURVE ( 'NONE', #5406, #6318, #4269, .T. ) ;
#539 = VERTEX_POINT ( 'NONE', #8971 ) ;
#540 = CIRCLE ( 'NONE', #6822, 0.1003937007873999948 ) ;
#541 = CARTESIAN_POINT ( 'NONE',  ( 0.9763779527559055538, 0.000000000000000000, 0.000000000000000000 ) ) ;
#542 = FACE_OUTER_BOUND ( 'NONE', #9576, .T. ) ;
#543 = CARTESIAN_POINT ( 'NONE',  ( 0.7361458461413995513, -0.1334985380607000005, 0.08350471638012992026 ) ) ;
#544 = LINE ( 'NONE', #6081, #5585 ) ;
#545 = CARTESIAN_POINT ( 'NONE',  ( 0.9842519685038996213, 0.000000000000000000, 0.000000000000000000 ) ) ;
#546 = EDGE_CURVE ( 'NONE', #96, #9947, #3525, .T. ) ;
#547 = CARTESIAN_POINT ( 'NONE',  ( 1.251536130002999903, -0.1126636970527000042, -0.02394740807054999629 ) ) ;
#548 = CARTESIAN_POINT ( 'NONE',  ( 0.5787401574803000548, 0.000000000000000000, 0.000000000000000000 ) ) ;
#549 = CARTESIAN_POINT ( 'NONE',  ( 1.098977074885000071, -0.06273188954097008718, -0.09659863881802990826 ) ) ;
#550 = CARTESIAN_POINT ( 'NONE',  ( 0.4921259842520000483, 0.4370078740156999597, 0.3543307086614000401 ) ) ;
#551 = FACE_BOUND ( 'NONE', #8619, .T. ) ;
#552 = CARTESIAN_POINT ( 'NONE',  ( 1.081295008884249231, 0.09444883965335063025, -0.07258425826477041265 ) ) ;
#553 = CARTESIAN_POINT ( 'NONE',  ( 1.562992125983999836, 0.000000000000000000, 0.000000000000000000 ) ) ;
#554 = DIRECTION ( 'NONE',  ( 0.000000000000000000, 0.000000000000000000, -1.000000000000000000 ) ) ;
#555 = CARTESIAN_POINT ( 'NONE',  ( 1.237134903897749938, 0.07258425826477091225, -0.09444883965335025555 ) ) ;
#556 = CARTESIAN_POINT ( 'NONE',  ( 1.352215057024000133, 0.009271783374325000271, 0.1045062686985000072 ) ) ;
#557 = LINE ( 'NONE', #3594, #6744 ) ;
#558 = B_SPLINE_CURVE_WITH_KNOTS ( 'NONE', 3,
 ( #836, #8539, #7794, #3203, #1631, #2329, #6935, #5405, #882, #9307, #9211, #786, #6272, #4705, #3957, #6217, #3256, #4753 ),
 .UNSPECIFIED., .F., .F.,
 ( 4, 2, 2, 2, 2, 2, 2, 2, 4 ),
 ( 0.000000000000000000, 0.1250000000000000278, 0.2500000000000000555, 0.3750000000000000000, 0.5000000000000000000, 0.6250000000000000000, 0.7500000000000000000, 0.8750000000000001110, 1.000000000000000000 ),
 .UNSPECIFIED. ) ;
#559 = CARTESIAN_POINT ( 'NONE',  ( 1.369891958226000073, -0.07973691600615000208, -0.07487794818909999928 ) ) ;
#560 = ORIENTED_EDGE ( 'NONE', *, *, #5934, .T. ) ;
#561 = CARTESIAN_POINT ( 'NONE',  ( 1.292541482996999891, -0.01262411928322000089, 0.1201104898106000046 ) ) ;
#562 = ORIENTED_EDGE ( 'NONE', *, *, #388, .F. ) ;
#563 = CARTESIAN_POINT ( 'NONE',  ( 0.7334669091272008057, -0.1411895803851999920, 0.06814412746489999229 ) ) ;
#564 = AXIS2_PLACEMENT_3D ( 'NONE', #9239, #9283, #5532 ) ;
#565 = ORIENTED_EDGE ( 'NONE', *, *, #7679, .T. ) ;
#566 = CARTESIAN_POINT ( 'NONE',  ( 0.7322039835687007558, 0.1702081640231999926, 0.1131290375300000040 ) ) ;
#567 = ORIENTED_EDGE ( 'NONE', *, *, #9604, .F. ) ;
#568 = CYLINDRICAL_SURFACE ( 'NONE', #87, 0.1574803149606000263 ) ;
#569 = CARTESIAN_POINT ( 'NONE',  ( 0.5984251968503937480, 0.1126864528502000001, -0.04687529344016000410 ) ) ;
#570 = VERTEX_POINT ( 'NONE', #7504 ) ;
#571 = CARTESIAN_POINT ( 'NONE',  ( 0.7277987937948995345, 0.1415004237701000256, 0.06403429635141003051 ) ) ;
#572 = CARTESIAN_POINT ( 'NONE',  ( 1.325741714863999832, 0.07093194471062992668, -0.07681439514362008170 ) ) ;
#573 = AXIS2_PLACEMENT_3D ( 'NONE', #4216, #7200, #6485 ) ;
#574 = AXIS2_PLACEMENT_3D ( 'NONE', #9262, #2335, #5411 ) ;
#575 = CARTESIAN_POINT ( 'NONE',  ( 1.047973619355943020, -0.01245680990526100602, -0.1076101670966105595 ) ) ;
#576 = CARTESIAN_POINT ( 'NONE',  ( 1.042373229562999937, 0.1028518330263000075, -0.06312283061181003796 ) ) ;
#577 = EDGE_CURVE ( 'NONE', #3907, #9590, #1648, .T. ) ;
#578 = CARTESIAN_POINT ( 'NONE',  ( 0.5787401574803000548, 0.1194158702739000072, 0.08712904529506003415 ) ) ;
#579 = CARTESIAN_POINT ( 'NONE',  ( 1.163685640179999981, -0.09837167890033997331, -0.03483523850896000362 ) ) ;
#580 = CARTESIAN_POINT ( 'NONE',  ( 1.293182585437333332, -0.02061412502355850287, 0.1181102362205000145 ) ) ;
#581 = EDGE_CURVE ( 'NONE', #3403, #2588, #5073, .T. ) ;
#582 = CARTESIAN_POINT ( 'NONE',  ( 1.226677766165000127, 0.05910872053913996532, 0.08600372205772992273 ) ) ;
#583 = AXIS2_PLACEMENT_3D ( 'NONE', #95, #8580, #5551 ) ;
#584 = PLANE ( 'NONE',  #6398 ) ;
#585 = DIRECTION ( 'NONE',  ( 0.000000000000000000, 0.9997541118987406383, 0.02217466440694089089 ) ) ;
#586 = CARTESIAN_POINT ( 'NONE',  ( 0.9763779527559055538, -0.09399477469537993735, 0.1751968503937007815 ) ) ;
#587 = DIRECTION ( 'NONE',  ( 0.000000000000000000, 1.000000000000000000, 0.000000000000000000 ) ) ;
#588 = ORIENTED_EDGE ( 'NONE', *, *, #7130, .T. ) ;
#589 = EDGE_CURVE ( 'NONE', #5360, #1522, #324, .T. ) ;
#590 = CARTESIAN_POINT ( 'NONE',  ( 0.8464566929133995332, 0.000000000000000000, 0.000000000000000000 ) ) ;
#591 = CARTESIAN_POINT ( 'NONE',  ( 0.9787819354097994085, 0.09408090847152990321, -0.1755396842203999774 ) ) ;
#592 = EDGE_CURVE ( 'NONE', #1567, #7948, #3352, .T. ) ;
#593 = CARTESIAN_POINT ( 'NONE',  ( 0.7309193402662992334, -0.1415907487330000103, -0.06576433232306003185 ) ) ;
#594 = CARTESIAN_POINT ( 'NONE',  ( 1.099807353320749970, -0.09444883965335029719, -0.07258425826477082898 ) ) ;
#595 = CARTESIAN_POINT ( 'NONE',  ( 1.054799329271000063, -0.04216316591013999360, -0.1103281257907000046 ) ) ;
#596 = CARTESIAN_POINT ( 'NONE',  ( 1.237860079137391489, -0.06567518607634673100, -0.08110210054058446250 ) ) ;
#597 = CARTESIAN_POINT ( 'NONE',  ( 0.6102362204723996708, 0.3740157480314960647, -0.5314960629921000601 ) ) ;
#598 = CARTESIAN_POINT ( 'NONE',  ( 0.6104330708661004357, -0.5314960629921000601, 0.3740157480314960647 ) ) ;
#599 = CARTESIAN_POINT ( 'NONE',  ( 1.238740854411999992, 0.02981095129919000483, 0.1112559848705000076 ) ) ;
#600 = CIRCLE ( 'NONE', #1872, 0.08267716535433068670 ) ;
#601 = CARTESIAN_POINT ( 'NONE',  ( 0.5837862971707000748, -0.1258248727427999925, -0.09082928459569999946 ) ) ;
#602 = CARTESIAN_POINT ( 'NONE',  ( 0.6383554654468995837, -0.1216494498272999991, -0.05205008215762999685 ) ) ;
#603 = B_SPLINE_CURVE_WITH_KNOTS ( 'NONE', 3,
 ( #9831, #6812, #653, #5142, #3637, #3737, #2205, #8275, #6716, #8324, #9884, #3692, #2972, #9684, #5888, #2154, #9781, #2876 ),
 .UNSPECIFIED., .F., .F.,
 ( 4, 2, 2, 2, 2, 2, 2, 2, 4 ),
 ( 0.000000000000000000, 0.1250000000000000000, 0.2500000000000000000, 0.3750000000000000000, 0.5000000000000000000, 0.6250000000000000000, 0.7500000000000000000, 0.8750000000000000000, 1.000000000000000000 ),
 .UNSPECIFIED. ) ;
#604 = EDGE_LOOP ( 'NONE', ( #2712, #9415, #3431, #6729, #1482 ) ) ;
#605 = AXIS2_PLACEMENT_3D ( 'NONE', #1709, #242, #7166 ) ;
#606 = CARTESIAN_POINT ( 'NONE',  ( 0.7244094488188976833, -0.01574803149606000124, -0.1536382109453000022 ) ) ;
#607 = CARTESIAN_POINT ( 'NONE',  ( 1.111772350475000115, 0.1145496992968999955, -0.01203965854451000128 ) ) ;
#608 = AXIS2_PLACEMENT_3D ( 'NONE', #8803, #1870, #7289 ) ;
#609 = DIRECTION ( 'NONE',  ( -1.000000000000000000, 0.000000000000000000, 0.000000000000000000 ) ) ;
#610 = CARTESIAN_POINT ( 'NONE',  ( 0.7244094488188976833, 0.1409286094185999982, 0.06318091013743996898 ) ) ;
#611 = CARTESIAN_POINT ( 'NONE',  ( 0.7280600717204999128, -0.1820907631361000090, -0.08761369760209999913 ) ) ;
#612 = DIRECTION ( 'NONE',  ( 0.000000000000000000, 0.000000000000000000, -1.000000000000000000 ) ) ;
#613 = AXIS2_PLACEMENT_3D ( 'NONE', #4134, #1754, #4944 ) ;
#614 = CARTESIAN_POINT ( 'NONE',  ( 1.350416283225000180, -0.03061339617533000157, 0.1003511142880000040 ) ) ;
#615 = CARTESIAN_POINT ( 'NONE',  ( 0.5787401574803000548, 0.1355270815478999968, -0.06006233656727007902 ) ) ;
#616 = CARTESIAN_POINT ( 'NONE',  ( 1.362928846538000061, -0.07477757219487991824, 0.08732157181123997858 ) ) ;
#617 = CARTESIAN_POINT ( 'NONE',  ( 1.187922305471749373, -0.09444883965335028331, -0.07258425826477082898 ) ) ;
#618 = CARTESIAN_POINT ( 'NONE',  ( 1.281878753338000054, 0.1207306973212999984, -0.003161444583538000272 ) ) ;
#619 = VERTEX_POINT ( 'NONE', #666 ) ;
#620 = AXIS2_PLACEMENT_3D ( 'NONE', #6295, #6762, #3775 ) ;
#621 = DIRECTION ( 'NONE',  ( 1.000000000000000000, 0.000000000000000000, 0.000000000000000000 ) ) ;
#622 = AXIS2_PLACEMENT_3D ( 'NONE', #6687, #9747, #2841 ) ;
#623 = CARTESIAN_POINT ( 'NONE',  ( 0.7358047547447992276, -0.1397424031248000187, 0.07238302229538996768 ) ) ;
#624 = ORIENTED_EDGE ( 'NONE', *, *, #4581, .T. ) ;
#625 = ORIENTED_EDGE ( 'NONE', *, *, #1802, .T. ) ;
#626 = CARTESIAN_POINT ( 'NONE',  ( 1.233033854029000009, 0.000000000000000000, -0.1181102362205000006 ) ) ;
#627 = CARTESIAN_POINT ( 'NONE',  ( 0.7519685039370078705, -0.1122047244094000057, 0.000000000000000000 ) ) ;
#628 = CARTESIAN_POINT ( 'NONE',  ( 0.7261126622680000864, 0.1412764412683999993, 0.06347572505605000859 ) ) ;
#629 = AXIS2_PLACEMENT_3D ( 'NONE', #1028, #7193, #4061 ) ;
#630 = CARTESIAN_POINT ( 'NONE',  ( 1.357208477747000153, 0.1021928575562999902, -0.06556887455423995870 ) ) ;
#631 = CIRCLE ( 'NONE', #7875, 0.1478229366753000540 ) ;
#632 = B_SPLINE_CURVE_WITH_KNOTS ( 'NONE', 3,
 ( #9119, #5973, #1390, #591, #7609, #2859, #4510, #682, #3675, #8154, #3767, #6656, #6751 ),
 .UNSPECIFIED., .F., .F.,
 ( 4, 1, 1, 1, 1, 1, 1, 1, 1, 1, 4 ),
 ( 0.000000000000000000, 0.1000000000000000056, 0.2000000000000000111, 0.2999999999999999889, 0.4000000000000000222, 0.5000000000000000000, 0.5999999999999999778, 0.6999999999999999556, 0.8000000000000000444, 0.9000000000000000222, 1.000000000000000000 ),
 .UNSPECIFIED. ) ;
#633 = EDGE_LOOP ( 'NONE', ( #5237, #1496, #1867, #2761 ) ) ;
#634 = CARTESIAN_POINT ( 'NONE',  ( 1.100856912546000155, -0.09667581987490000972, 0.07222730331707008511 ) ) ;
#635 = CARTESIAN_POINT ( 'NONE',  ( 1.250135771414000008, 0.000000000000000000, -0.1043574676367999970 ) ) ;
#636 = DIRECTION ( 'NONE',  ( 0.000000000000000000, 0.000000000000000000, -1.000000000000000000 ) ) ;
#637 = CARTESIAN_POINT ( 'NONE',  ( 0.9999994263158000773, -0.1944627264979829073, -0.03529589539788523939 ) ) ;
#638 = VERTEX_POINT ( 'NONE', #9055 ) ;
#639 = LINE ( 'NONE', #6838, #8342 ) ;
#640 = LINE ( 'NONE', #6936, #2993 ) ;
#641 = CARTESIAN_POINT ( 'NONE',  ( 0.7244094488188976833, 0.1813108520207999952, -0.08649560877427991956 ) ) ;
#642 = CARTESIAN_POINT ( 'NONE',  ( 0.4724409448819000268, 0.3543307086614000401, 0.3543307086614000401 ) ) ;
#643 = CARTESIAN_POINT ( 'NONE',  ( 1.188811522707391877, -0.08279348481157769446, 0.06352967518692567706 ) ) ;
#644 = DIRECTION ( 'NONE',  ( 0.000000000000000000, 1.000000000000000000, 0.000000000000000000 ) ) ;
#645 = CARTESIAN_POINT ( 'NONE',  ( 1.184288980617000053, 0.000000000000000000, -0.1181102362205000006 ) ) ;
#646 = EDGE_CURVE ( 'NONE', #5718, #9353, #9796, .T. ) ;
#647 = EDGE_CURVE ( 'NONE', #3094, #638, #6719, .T. ) ;
#648 = CARTESIAN_POINT ( 'NONE',  ( 1.264331405594000035, 0.07248554495571003786, -0.08951219335570000102 ) ) ;
#649 = EDGE_LOOP ( 'NONE', ( #1829, #2278 ) ) ;
#650 = CARTESIAN_POINT ( 'NONE',  ( 0.7362204724408996093, -0.003937007874016000379, 0.1574310946703000036 ) ) ;
#651 = CARTESIAN_POINT ( 'NONE',  ( 1.174714792871000002, -0.05726023066516000570, -0.09344020399465001459 ) ) ;
#652 = EDGE_CURVE ( 'NONE', #6839, #8084, #3751, .T. ) ;
#653 = CARTESIAN_POINT ( 'NONE',  ( 1.284354597415499954, -0.03091510445189072503, 0.1150361429136074060 ) ) ;
#654 = CARTESIAN_POINT ( 'NONE',  ( 1.108829663031999813, 0.05948255673673449179, -0.1032031167347788186 ) ) ;
#655 = CARTESIAN_POINT ( 'NONE',  ( 0.5787401574803000548, -0.1194158702739000072, -0.08712904529506003415 ) ) ;
#656 = ADVANCED_FACE ( 'NONE', ( #7436 ), #234, .F. ) ;
#657 = DIRECTION ( 'NONE',  ( 1.000000000000000000, 0.000000000000000000, 0.000000000000000000 ) ) ;
#658 = CARTESIAN_POINT ( 'NONE',  ( 1.331138068001999963, 0.03705973968298999915, -0.09815346062893996748 ) ) ;
#659 = EDGE_CURVE ( 'NONE', #1262, #6622, #2490, .T. ) ;
#660 = EDGE_CURVE ( 'NONE', #4742, #3453, #2246, .T. ) ;
#661 = CARTESIAN_POINT ( 'NONE',  ( 1.004012358458000076, 0.09248313634371002623, 0.1692159290628000023 ) ) ;
#662 = CARTESIAN_POINT ( 'NONE',  ( 1.324436392470000223, -0.08474640388892994147, 0.07471400530440000520 ) ) ;
#663 = CARTESIAN_POINT ( 'NONE',  ( 1.190382935392998887, -0.05948255673673411015, -0.1032031167347790546 ) ) ;
#664 = CARTESIAN_POINT ( 'NONE',  ( 1.277613661473999906, 0.09183581231427992431, -0.07843519353245001491 ) ) ;
#665 = CIRCLE ( 'NONE', #6637, 0.08267716535433068670 ) ;
#666 = CARTESIAN_POINT ( 'NONE',  ( 0.7362204724408996093, 0.1383078312671000010, 0.07530599850137008333 ) ) ;
#667 = ORIENTED_EDGE ( 'NONE', *, *, #2374, .F. ) ;
#668 = ORIENTED_EDGE ( 'NONE', *, *, #9536, .T. ) ;
#669 = DIRECTION ( 'NONE',  ( 0.000000000000000000, -0.02500000000000001180, -0.9996874511566102850 ) ) ;
#670 = CARTESIAN_POINT ( 'NONE',  ( 0.6498031496062991463, 0.3740157480314960647, 0.5314960629921000601 ) ) ;
#671 = CARTESIAN_POINT ( 'NONE',  ( 0.7244094488188976833, 0.1251805779226000115, 0.09045730080782006521 ) ) ;
#672 = CARTESIAN_POINT ( 'NONE',  ( 1.307359867372000162, -0.1069484936407999881, -0.04439793119009000089 ) ) ;
#673 = VECTOR ( 'NONE', #6134, 39.37007874015748143 ) ;
#674 = CARTESIAN_POINT ( 'NONE',  ( 1.130098754036999997, 0.07655897255920000866, 0.09328301674806005472 ) ) ;
#675 = CARTESIAN_POINT ( 'NONE',  ( -0.002765821536155000076, 0.000000000000000000, 0.000000000000000000 ) ) ;
#676 = AXIS2_PLACEMENT_3D ( 'NONE', #2714, #3627, #3579 ) ;
#677 = CARTESIAN_POINT ( 'NONE',  ( 1.222412674300999980, 0.1000599994510000118, 0.02963912214327999936 ) ) ;
#678 = CARTESIAN_POINT ( 'NONE',  ( 0.9842519685038996213, 0.09595320950357008605, 0.1830708661417000116 ) ) ;
#679 = VERTEX_POINT ( 'NONE', #2617 ) ;
#680 = DIRECTION ( 'NONE',  ( 0.000000000000000000, 0.8660254037844288266, -0.5000000000000169864 ) ) ;
#681 = CARTESIAN_POINT ( 'NONE',  ( 1.042243604393000123, -0.04163445952744000006, -0.09351252716027008693 ) ) ;
#682 = CARTESIAN_POINT ( 'NONE',  ( 0.9827365112497008504, 0.09478926975752992312, -0.1783711548946000092 ) ) ;
#683 = CARTESIAN_POINT ( 'NONE',  ( 1.292088972139000091, 0.000000000000000000, 0.1181102362205000006 ) ) ;
#684 = CARTESIAN_POINT ( 'NONE',  ( 0.7308438124327991670, -0.01388666326788999886, -0.2028813464686000101 ) ) ;
#685 = CARTESIAN_POINT ( 'NONE',  ( 1.227760109225749963, 0.07258425826477089837, -0.09444883965335025555 ) ) ;
#686 = ORIENTED_EDGE ( 'NONE', *, *, #8131, .F. ) ;
#687 = DIRECTION ( 'NONE',  ( 1.000000000000000000, 0.000000000000000000, 0.000000000000000000 ) ) ;
#688 = FACE_OUTER_BOUND ( 'NONE', #9759, .T. ) ;
#689 = CARTESIAN_POINT ( 'NONE',  ( 1.239595533818999451, 0.1032031167347791240, -0.05948255673673400606 ) ) ;
#690 = ORIENTED_EDGE ( 'NONE', *, *, #8608, .T. ) ;
#691 = CARTESIAN_POINT ( 'NONE',  ( 0.7362204724408996093, -0.1383078312671000010, -0.07530599850137008333 ) ) ;
#692 = ADVANCED_FACE ( 'NONE', ( #4840 ), #9949, .F. ) ;
#693 = CARTESIAN_POINT ( 'NONE',  ( 1.284622929353999687, -0.1050763444793000045, 0.03112503123606000233 ) ) ;
#694 = ORIENTED_EDGE ( 'NONE', *, *, #203, .T. ) ;
#695 = VECTOR ( 'NONE', #1773, 39.37007874015748143 ) ;
#696 = CARTESIAN_POINT ( 'NONE',  ( 0.6104330708661004357, 0.2716535433071000094, 0.3543307086614000401 ) ) ;
#697 = EDGE_CURVE ( 'NONE', #10002, #5852, #8061, .T. ) ;
#698 = CARTESIAN_POINT ( 'NONE',  ( 1.153389333553999974, 0.07949323998367992250, 0.07543626803787008284 ) ) ;
#699 = CARTESIAN_POINT ( 'NONE',  ( -0.007874015748031005027, 0.000000000000000000, 0.000000000000000000 ) ) ;
#700 = CARTESIAN_POINT ( 'NONE',  ( 1.299744265227333218, -0.1125935275257113899, 0.04120276216306590494 ) ) ;
#701 = CARTESIAN_POINT ( 'NONE',  ( 1.004020106130464107, -0.09248258375035149637, 0.1692068727213746071 ) ) ;
#702 = CARTESIAN_POINT ( 'NONE',  ( 1.089264923171427313, 0.07010593747121812713, -0.07719337042314729225 ) ) ;
#703 = B_SPLINE_CURVE_WITH_KNOTS ( 'NONE', 3,
 ( #8326, #6615, #2926, #5144 ),
 .UNSPECIFIED., .F., .F.,
 ( 4, 4 ),
 ( 0.000000000000000000, 1.000000000000000000 ),
 .UNSPECIFIED. ) ;
#704 = CARTESIAN_POINT ( 'NONE',  ( 1.377534832260999931, 0.08756937829022991282, 0.05778523331519999640 ) ) ;
#705 = FACE_OUTER_BOUND ( 'NONE', #2737, .T. ) ;
#706 = EDGE_CURVE ( 'NONE', #8059, #8863, #8884, .T. ) ;
#707 = DIRECTION ( 'NONE',  ( 1.000000000000000000, 0.000000000000000000, 0.000000000000000000 ) ) ;
#708 = ORIENTED_EDGE ( 'NONE', *, *, #9658, .T. ) ;
#709 = DIRECTION ( 'NONE',  ( 0.000000000000000000, 0.000000000000000000, 1.000000000000000000 ) ) ;
#710 = DIRECTION ( 'NONE',  ( -1.000000000000000000, 0.000000000000000000, 0.000000000000000000 ) ) ;
#711 = ORIENTED_EDGE ( 'NONE', *, *, #3168, .T. ) ;
#712 = CARTESIAN_POINT ( 'NONE',  ( 0.6104330708661004357, 0.000000000000000000, 0.000000000000000000 ) ) ;
#713 = DIRECTION ( 'NONE',  ( 1.000000000000000000, 0.000000000000000000, 0.000000000000000000 ) ) ;
#714 = CARTESIAN_POINT ( 'NONE',  ( 1.200419702458999982, -0.08250703959862992765, 0.06330987804492992088 ) ) ;
#715 = EDGE_CURVE ( 'NONE', #4281, #4440, #9603, .T. ) ;
#716 = CARTESIAN_POINT ( 'NONE',  ( 1.313832493494999865, 0.04288894752399999982, -0.1135922340044000084 ) ) ;
#717 = EDGE_LOOP ( 'NONE', ( #31, #1056, #7733, #3440, #5257, #2378, #1615, #306, #1770, #9607 ) ) ;
#718 = CARTESIAN_POINT ( 'NONE',  ( 1.092502100691000066, 0.04746259344133999664, 0.1109517900565999970 ) ) ;
#719 = CARTESIAN_POINT ( 'NONE',  ( 1.171632538711999905, 0.1056303997698000152, 0.02336417851009000082 ) ) ;
#720 = CIRCLE ( 'NONE', #228, 0.01574803149605999431 ) ;
#721 = EDGE_CURVE ( 'NONE', #9209, #6342, #6956, .T. ) ;
#722 = CARTESIAN_POINT ( 'NONE',  ( 0.7355155807016005021, 0.1850249357133000316, -0.09742976717115001128 ) ) ;
#723 = EDGE_CURVE ( 'NONE', #3634, #3033, #2872, .T. ) ;
#724 = EDGE_LOOP ( 'NONE', ( #8621, #7738 ) ) ;
#725 = CARTESIAN_POINT ( 'NONE',  ( 1.190424485325000115, 0.01090832490354999920, 0.1037857943025000118 ) ) ;
#726 = EDGE_LOOP ( 'NONE', ( #1388, #8181, #1801, #2969 ) ) ;
#727 = PLANE ( 'NONE',  #8486 ) ;
#728 = EDGE_LOOP ( 'NONE', ( #6575, #6904, #8186, #1924, #2889, #357, #8954, #9502, #7893, #4199, #3032 ) ) ;
#729 = AXIS2_PLACEMENT_3D ( 'NONE', #5203, #4444, #4542 ) ;
#730 = DIRECTION ( 'NONE',  ( -1.000000000000000000, 0.000000000000000000, 0.000000000000000000 ) ) ;
#731 = ORIENTED_EDGE ( 'NONE', *, *, #9401, .F. ) ;
#732 = CARTESIAN_POINT ( 'NONE',  ( 1.366141732283000065, 0.08034203920182007852, 0.08657473440298996126 ) ) ;
#733 = CARTESIAN_POINT ( 'NONE',  ( 1.292088972139000091, 0.000000000000000000, 0.1181102362205000006 ) ) ;
#734 = CARTESIAN_POINT ( 'NONE',  ( 0.7268675659661004707, -0.1663910474753000357, -0.1139770608738999991 ) ) ;
#735 = DIRECTION ( 'NONE',  ( 1.000000000000000000, 0.000000000000000000, 0.000000000000000000 ) ) ;
#736 = CARTESIAN_POINT ( 'NONE',  ( 1.375649856336000232, -8.149059734966004353E-12, -0.1086021121677999968 ) ) ;
#737 = EDGE_LOOP ( 'NONE', ( #5213, #2269, #6631 ) ) ;
#738 = CARTESIAN_POINT ( 'NONE',  ( 1.151480581666999736, 0.1032031167347791240, -0.05948255673673397831 ) ) ;
#739 = CIRCLE ( 'NONE', #6374, 0.1122047244094000057 ) ;
#740 = CARTESIAN_POINT ( 'NONE',  ( 1.055867833018064861, -3.516388863965216392E-08, 0.1181097364760243240 ) ) ;
#741 = DIRECTION ( 'NONE',  ( 1.000000000000000000, 0.000000000000000000, 0.000000000000000000 ) ) ;
#742 = DIRECTION ( 'NONE',  ( 1.000000000000000000, 0.000000000000000000, 0.000000000000000000 ) ) ;
#743 = CARTESIAN_POINT ( 'NONE',  ( 1.282490383423000146, -0.08865957311805000574, 0.06441495038506003801 ) ) ;
#744 = ORIENTED_EDGE ( 'NONE', *, *, #3730, .F. ) ;
#745 = CONICAL_SURFACE ( 'NONE', #4126, 0.1633858267431000100, 0.7853981633972997312 ) ;
#746 = CARTESIAN_POINT ( 'NONE',  ( 0.7256451611656005163, 0.1659362109552999787, -0.1139377567062000163 ) ) ;
#747 = CARTESIAN_POINT ( 'NONE',  ( 1.189642614393999986, 0.1058551884915000102, 0.02836372006431000029 ) ) ;
#748 = CARTESIAN_POINT ( 'NONE',  ( 1.344582410458999400, -0.1032031167347788742, -0.05948255673673441546 ) ) ;
#749 = AXIS2_PLACEMENT_3D ( 'NONE', #83, #7682, #6109 ) ;
#750 = CARTESIAN_POINT ( 'NONE',  ( 0.7256451598022993776, -0.01570488640450999965, 0.2006738519939000320 ) ) ;
#751 = FILL_AREA_STYLE_COLOUR ( '', #7526 ) ;
#752 = CARTESIAN_POINT ( 'NONE',  ( 1.070466596497489098, -0.08029258549006844381, 0.06653389828721989474 ) ) ;
#753 = CARTESIAN_POINT ( 'NONE',  ( 1.324519740396999934, -0.002471814868744999678, -0.1048876372943000068 ) ) ;
#754 = CARTESIAN_POINT ( 'NONE',  ( 0.5837862971707000748, 0.1415729042388000070, -0.06355289392532008363 ) ) ;
#755 = AXIS2_PLACEMENT_3D ( 'NONE', #488, #5127, #2908 ) ;
#756 = CARTESIAN_POINT ( 'NONE',  ( 1.380906907183000021, 0.1030006624734000065, -0.01287475324938999917 ) ) ;
#757 = CARTESIAN_POINT ( 'NONE',  ( 0.5837863042420000648, -0.1258248747434000114, 0.09082928575073996591 ) ) ;
#758 = EDGE_LOOP ( 'NONE', ( #1680, #961, #781, #2512 ) ) ;
#759 = CARTESIAN_POINT ( 'NONE',  ( 1.198709461998999970, 0.08975114846854999329, -0.08081229706146003666 ) ) ;
#760 = DIRECTION ( 'NONE',  ( 0.000000000000000000, 0.000000000000000000, 1.000000000000000000 ) ) ;
#761 = ORIENTED_EDGE ( 'NONE', *, *, #6329, .T. ) ;
#762 = CONICAL_SURFACE ( 'NONE', #944, 0.1397637795276000239, 0.2516899717581221885 ) ;
#763 = PLANE ( 'NONE',  #749 ) ;
#764 = CIRCLE ( 'NONE', #1720, 0.1220472440944999348 ) ;
#765 = CARTESIAN_POINT ( 'NONE',  ( 0.6561202481738996894, 0.000000000000000000, 0.000000000000000000 ) ) ;
#766 = ORIENTED_EDGE ( 'NONE', *, *, #2171, .T. ) ;
#767 = ADVANCED_FACE ( 'NONE', ( #5931 ), #5244, .T. ) ;
#768 = ADVANCED_FACE ( 'NONE', ( #7415 ), #1295, .F. ) ;
#769 = CARTESIAN_POINT ( 'NONE',  ( 1.361682410427793144, 0.02403898577518218463, -0.1021298704753378223 ) ) ;
#770 = DIRECTION ( 'NONE',  ( -1.000000000000000000, 0.000000000000000000, 0.000000000000000000 ) ) ;
#771 = CIRCLE ( 'NONE', #6238, 0.08267716535433068670 ) ;
#772 = AXIS2_PLACEMENT_3D ( 'NONE', #1455, #3159, #5628 ) ;
#773 = PRODUCT ( 'SLPRATPSR', 'SLPRATPSR', '', ( #2703 ) ) ;
#774 = DIRECTION ( 'NONE',  ( -1.000000000000000000, 0.000000000000000000, 0.000000000000000000 ) ) ;
#775 = EDGE_LOOP ( 'NONE', ( #1445, #3367, #6068, #251 ) ) ;
#776 = CARTESIAN_POINT ( 'NONE',  ( 0.3937007874016000275, 0.000000000000000000, 0.000000000000000000 ) ) ;
#777 = ORIENTED_EDGE ( 'NONE', *, *, #1758, .F. ) ;
#778 = CARTESIAN_POINT ( 'NONE',  ( 1.203276302077000093, -0.05217873381839999852, -0.09037621804783996238 ) ) ;
#779 = AXIS2_PLACEMENT_3D ( 'NONE', #699, #4333, #8940 ) ;
#780 = AXIS2_PLACEMENT_3D ( 'NONE', #8996, #4341, #2829 ) ;
#781 = ORIENTED_EDGE ( 'NONE', *, *, #4190, .T. ) ;
#782 = AXIS2_PLACEMENT_3D ( 'NONE', #7477, #5195, #3698 ) ;
#783 = DIRECTION ( 'NONE',  ( 0.000000000000000000, 0.02500000000000001180, 0.9996874511566102850 ) ) ;
#784 = ORIENTED_EDGE ( 'NONE', *, *, #4885, .F. ) ;
#785 = B_SPLINE_CURVE_WITH_KNOTS ( 'NONE', 3,
 ( #3856, #1667, #3087, #918, #6162, #149 ),
 .UNSPECIFIED., .F., .F.,
 ( 4, 1, 1, 4 ),
 ( 0.000000000000000000, 0.3333333333333000081, 0.6666666666667000474, 1.000000000000000000 ),
 .UNSPECIFIED. ) ;
#786 = CARTESIAN_POINT ( 'NONE',  ( 1.217097379566999704, -0.1032031167347788603, -0.05948255673673441546 ) ) ;
#787 = CARTESIAN_POINT ( 'NONE',  ( 0.5841804246273000212, -0.1552732046856619696, -0.003443978038515461537 ) ) ;
#788 = DIRECTION ( 'NONE',  ( 1.000000000000000000, 0.000000000000000000, 0.000000000000000000 ) ) ;
#789 = ADVANCED_FACE ( 'NONE', ( #492 ), #3580, .F. ) ;
#790 = CARTESIAN_POINT ( 'NONE',  ( 1.193663775287999940, 0.000000000000000000, -0.1181102362205000006 ) ) ;
#791 = AXIS2_PLACEMENT_3D ( 'NONE', #3825, #2099, #8410 ) ;
#792 = DIRECTION ( 'NONE',  ( 0.000000000000000000, -1.000000000000000000, 0.000000000000000000 ) ) ;
#793 = CARTESIAN_POINT ( 'NONE',  ( 0.6104330708661004357, 0.000000000000000000, 0.000000000000000000 ) ) ;
#794 = EDGE_LOOP ( 'NONE', ( #3327, #3504, #7139, #8976, #4872, #7988 ) ) ;
#795 = CARTESIAN_POINT ( 'NONE',  ( -0.07874015748031004680, 0.000000000000000000, 0.000000000000000000 ) ) ;
#796 = CARTESIAN_POINT ( 'NONE',  ( 0.9842519685038996213, 0.000000000000000000, 0.000000000000000000 ) ) ;
#797 = CARTESIAN_POINT ( 'NONE',  ( 1.164603941246999952, 0.000000000000000000, 0.1181102362205000006 ) ) ;
#798 = CARTESIAN_POINT ( 'NONE',  ( 1.297418204945000042, 0.01997105624407000124, -0.1077541769543000072 ) ) ;
#799 = EDGE_LOOP ( 'NONE', ( #3350, #3549, #6931, #9552 ) ) ;
#800 = CARTESIAN_POINT ( 'NONE',  ( 0.7519685039370078705, 0.000000000000000000, -0.1535433070865999949 ) ) ;
#801 = CARTESIAN_POINT ( 'NONE',  ( 1.132063874236000078, -0.09630891637528994631, -0.05229147507196999639 ) ) ;
#802 = AXIS2_PLACEMENT_3D ( 'NONE', #3068, #1652, #7870 ) ;
#803 = FACE_BOUND ( 'NONE', #383, .T. ) ;
#804 = B_SPLINE_CURVE_WITH_KNOTS ( 'NONE', 3,
 ( #5438, #1608, #5483, #3993 ),
 .UNSPECIFIED., .F., .F.,
 ( 4, 4 ),
 ( 0.000000000000000000, 1.000000000000000000 ),
 .UNSPECIFIED. ) ;
#805 = CARTESIAN_POINT ( 'NONE',  ( 1.173978735917999838, 0.000000000000000000, 0.1181102362205000006 ) ) ;
#806 = DIRECTION ( 'NONE',  ( 0.000000000000000000, 0.01014706186316036672, -0.9999485172425354174 ) ) ;
#807 = CARTESIAN_POINT ( 'NONE',  ( 1.114329358735427267, -0.1042441577119072177, -0.002610457611062291967 ) ) ;
#808 = CARTESIAN_POINT ( 'NONE',  ( 1.354048066335000300, -0.08363571746497991399, -0.06334503080957008814 ) ) ;
#809 = CARTESIAN_POINT ( 'NONE',  ( 0.6498031496062991463, 0.000000000000000000, 0.000000000000000000 ) ) ;
#810 = CARTESIAN_POINT ( 'NONE',  ( 1.352544046291000113, -0.006382185716304999978, 0.1036059078174999953 ) ) ;
#811 = B_SPLINE_CURVE_WITH_KNOTS ( 'NONE', 3,
 ( #1642, #6814, #2207, #2975, #8711, #3783, #3970, #5291, #57, #9464, #118 ),
 .UNSPECIFIED., .F., .F.,
 ( 4, 1, 1, 1, 1, 1, 1, 1, 4 ),
 ( 0.000000000000000000, 0.1250000000000000000, 0.2500000000000000000, 0.3750000000000000000, 0.5000000000000000000, 0.6250000000000000000, 0.7500000000000000000, 0.8750000000000000000, 1.000000000000000000 ),
 .UNSPECIFIED. ) ;
#812 = DIRECTION ( 'NONE',  ( 0.000000000000000000, 1.000000000000000000, 0.000000000000000000 ) ) ;
#813 = EDGE_LOOP ( 'NONE', ( #3194, #6682, #201, #467 ) ) ;
#814 = LINE ( 'NONE', #3890, #9910 ) ;
#815 = CARTESIAN_POINT ( 'NONE',  ( 0.7308438124327991670, 0.01388666326788999886, 0.2028813464686000101 ) ) ;
#816 = ORIENTED_EDGE ( 'NONE', *, *, #3242, .F. ) ;
#817 = FACE_OUTER_BOUND ( 'NONE', #2231, .T. ) ;
#818 = CARTESIAN_POINT ( 'NONE',  ( 0.7362204724408996093, 0.1817265251619000210, -0.1103022084881999931 ) ) ;
#819 = EDGE_LOOP ( 'NONE', ( #3306, #8401, #9649, #512 ) ) ;
#820 = CARTESIAN_POINT ( 'NONE',  ( 0.6102362204723996708, -0.3543307086614000401, -0.3543307086614000401 ) ) ;
#821 = CARTESIAN_POINT ( 'NONE',  ( 0.4921259842520000483, 0.3740157480314960647, 0.3740157480314960647 ) ) ;
#822 = AXIS2_PLACEMENT_3D ( 'NONE', #6381, #215, #8760 ) ;
#823 = CYLINDRICAL_SURFACE ( 'NONE', #9692, 0.1181102362205000006 ) ;
#824 = VERTEX_POINT ( 'NONE', #4371 ) ;
#825 = VERTEX_POINT ( 'NONE', #7463 ) ;
#826 = ADVANCED_FACE ( 'NONE', ( #542 ), #3628, .F. ) ;
#827 = VERTEX_POINT ( 'NONE', #4423 ) ;
#828 = CARTESIAN_POINT ( 'NONE',  ( 0.3149606299240000351, 1.916220506539000137E-10, 0.2263779527557999993 ) ) ;
#829 = ORIENTED_EDGE ( 'NONE', *, *, #3226, .T. ) ;
#830 = CARTESIAN_POINT ( 'NONE',  ( 1.235264491052999736, -0.1034646750344000027, 0.01362138288035000082 ) ) ;
#831 = VERTEX_POINT ( 'NONE', #595 ) ;
#832 = VECTOR ( 'NONE', #5135, 39.37007874015748143 ) ;
#833 = ADVANCED_FACE ( 'NONE', ( #6079 ), #2913, .T. ) ;
#834 = CARTESIAN_POINT ( 'NONE',  ( 0.5787401574803000548, 0.1194158702739000072, 0.08712904529506003415 ) ) ;
#835 = ORIENTED_EDGE ( 'NONE', *, *, #6929, .T. ) ;
#836 = CARTESIAN_POINT ( 'NONE',  ( 1.203974019986999933, 0.000000000000000000, 0.1181102362205000006 ) ) ;
#837 = DIRECTION ( 'NONE',  ( 0.000000000000000000, -1.000000000000000000, 0.000000000000000000 ) ) ;
#838 = DIRECTION ( 'NONE',  ( 0.000000000000000000, 0.9011169856835861136, 0.4335760349840935279 ) ) ;
#839 = CIRCLE ( 'NONE', #6954, 0.1220472440945000042 ) ;
#840 = CARTESIAN_POINT ( 'NONE',  ( -0.03507965042200000133, 0.000000000000000000, 0.000000000000000000 ) ) ;
#841 = EDGE_CURVE ( 'NONE', #9402, #120, #7805, .T. ) ;
#842 = CARTESIAN_POINT ( 'NONE',  ( 1.381889763780000502, 0.06290635716619825957, 0.08185566102992612725 ) ) ;
#843 = CARTESIAN_POINT ( 'NONE',  ( 1.150192646679249808, -0.07258425826477050979, -0.09444883965335056086 ) ) ;
#844 = ORIENTED_EDGE ( 'NONE', *, *, #5860, .F. ) ;
#845 = EDGE_CURVE ( 'NONE', #5255, #5690, #5493, .T. ) ;
#846 = DIRECTION ( 'NONE',  ( 1.000000000000000000, 0.000000000000000000, 0.000000000000000000 ) ) ;
#847 = CARTESIAN_POINT ( 'NONE',  ( 1.303815842740000175, 0.1023103873717999962, -0.03927327811942000341 ) ) ;
#848 = ORIENTED_EDGE ( 'NONE', *, *, #2356, .F. ) ;
#849 = CARTESIAN_POINT ( 'NONE',  ( 0.5841804246273000212, -0.1416844093523999815, -0.06361727143266003581 ) ) ;
#850 = CARTESIAN_POINT ( 'NONE',  ( 1.180446194225843071, 0.08864663034097365613, 0.05118015517537755077 ) ) ;
#851 = CARTESIAN_POINT ( 'NONE',  ( 1.172582246940000017, -0.08516685022721004472, -0.06896675547528996475 ) ) ;
#852 = CARTESIAN_POINT ( 'NONE',  ( 1.349503670301499536, -0.03091510445189049605, -0.1150361429136075170 ) ) ;
#853 = B_SPLINE_CURVE_WITH_KNOTS ( 'NONE', 3,
 ( #740, #6080, #1442, #7613, #3771, #5322, #3010, #9174, #8409, #4564, #7656, #3824, #6894, #9970, #5626, #5567, #1834, #6534 ),
 .UNSPECIFIED., .F., .F.,
 ( 4, 2, 2, 2, 2, 2, 2, 2, 4 ),
 ( 0.2862556957955532111, 0.3754737338211090458, 0.4646917718466648806, 0.5539098098722208263, 0.6431278478977766611, 0.7323458859233324958, 0.8215639239488883305, 0.9107819619744441653, 1.000000000000000000 ),
 .UNSPECIFIED. ) ;
#854 = EDGE_CURVE ( 'NONE', #6749, #1111, #1441, .T. ) ;
#855 = EDGE_CURVE ( 'NONE', #6448, #6461, #8452, .T. ) ;
#856 = CARTESIAN_POINT ( 'NONE',  ( 1.303025105122333382, -0.1181102362205010831, -0.02061412502355446097 ) ) ;
#857 = B_SPLINE_CURVE_WITH_KNOTS ( 'NONE', 3,
 ( #1454, #3928, #7667, #750, #4528, #5241 ),
 .UNSPECIFIED., .F., .F.,
 ( 4, 1, 1, 4 ),
 ( 0.000000000000000000, 0.3333333333333000081, 0.6666666666667000474, 1.000000000000000000 ),
 .UNSPECIFIED. ) ;
#858 = FACE_OUTER_BOUND ( 'NONE', #5417, .T. ) ;
#859 = VECTOR ( 'NONE', #2427, 39.37007874015748143 ) ;
#860 = CARTESIAN_POINT ( 'NONE',  ( 1.375736058461000111, 0.05949335099436003915, 0.08641792045599999694 ) ) ;
#861 = CARTESIAN_POINT ( 'NONE',  ( 1.264599766943482306, 0.1034646750344000166, 0.01362138288035000082 ) ) ;
#862 = CARTESIAN_POINT ( 'NONE',  ( 0.06692913385827008177, 0.000000000000000000, 0.000000000000000000 ) ) ;
#863 = CARTESIAN_POINT ( 'NONE',  ( 0.6104330708661004357, -0.5314960629921000601, -0.5314960629921000601 ) ) ;
#864 = CARTESIAN_POINT ( 'NONE',  ( 1.185914186408999926, -0.1127504526622000042, -0.04328084370751000831 ) ) ;
#865 = FACE_BOUND ( 'NONE', #5533, .T. ) ;
#866 = CARTESIAN_POINT ( 'NONE',  ( 1.366141732283000065, -0.08034203920182007852, 0.08657473440298996126 ) ) ;
#867 = DIRECTION ( 'NONE',  ( 0.000000000000000000, 0.000000000000000000, -1.000000000000000000 ) ) ;
#868 = CARTESIAN_POINT ( 'NONE',  ( 1.376141071844793728, 0.05949566721155007815, 0.08642128491051030703 ) ) ;
#869 = CARTESIAN_POINT ( 'NONE',  ( 1.313061946496750121, 0.1181102362204999728, 0.01546059376767033693 ) ) ;
#870 = ORIENTED_EDGE ( 'NONE', *, *, #8607, .T. ) ;
#871 = ORIENTED_EDGE ( 'NONE', *, *, #3417, .T. ) ;
#872 = CARTESIAN_POINT ( 'NONE',  ( 0.5984251968503937480, -0.1126864528502000001, -0.04687529344016000410 ) ) ;
#873 = CARTESIAN_POINT ( 'NONE',  ( 1.190114603453999997, -0.1095517057267000050, -0.002868712385265000282 ) ) ;
#874 = CARTESIAN_POINT ( 'NONE',  ( 1.000000080887000209, 0.09349880026292992086, -0.1732278469391000109 ) ) ;
#875 = ORIENTED_EDGE ( 'NONE', *, *, #128, .T. ) ;
#876 = CARTESIAN_POINT ( 'NONE',  ( 1.190481026486000182, -0.05683715052910000981, 0.08752153721173996925 ) ) ;
#877 = ORIENTED_EDGE ( 'NONE', *, *, #8489, .T. ) ;
#878 = ORIENTED_EDGE ( 'NONE', *, *, #5246, .F. ) ;
#879 = ORIENTED_EDGE ( 'NONE', *, *, #6770, .T. ) ;
#880 = CARTESIAN_POINT ( 'NONE',  ( 0.7519685039370078705, 0.1122047244094000057, 0.000000000000000000 ) ) ;
#881 = EDGE_CURVE ( 'NONE', #6469, #98, #3104, .T. ) ;
#882 = CARTESIAN_POINT ( 'NONE',  ( 1.212996329698249998, -0.1181102362205000422, 0.01546059376766979916 ) ) ;
#883 = CARTESIAN_POINT ( 'NONE',  ( 0.7280600717204999128, 0.000000000000000000, 0.000000000000000000 ) ) ;
#884 = CARTESIAN_POINT ( 'NONE',  ( 0.8464566929133995332, 0.09399477469537993735, -0.1751968503937007815 ) ) ;
#885 = CARTESIAN_POINT ( 'NONE',  ( 1.207607344841749919, 0.09444883965335013065, 0.07258425826477109266 ) ) ;
#886 = CARTESIAN_POINT ( 'NONE',  ( 1.187087104268000015, 0.1008016614475000100, 0.02700963597588000240 ) ) ;
#887 = CARTESIAN_POINT ( 'NONE',  ( 0.1415574779026000096, 0.000000000000000000, 0.000000000000000000 ) ) ;
#888 = CARTESIAN_POINT ( 'NONE',  ( 1.082592353611999902, -0.07935404094595001345, 0.06777475368538997402 ) ) ;
#889 = CARTESIAN_POINT ( 'NONE',  ( 1.297775835599000116, 0.05664128730773000664, 0.08721993429785000751 ) ) ;
#890 = CARTESIAN_POINT ( 'NONE',  ( 0.6102362204723996708, 0.4370078740156999597, -0.3543307086614000401 ) ) ;
#891 = CARTESIAN_POINT ( 'NONE',  ( 0.6673228346457008575, 0.000000000000000000, 0.000000000000000000 ) ) ;
#892 = EDGE_LOOP ( 'NONE', ( #1715, #5159, #4901, #1666 ) ) ;
#893 = DIRECTION ( 'NONE',  ( 0.000000000000000000, 0.8660254037844289376, 0.5000000000000169864 ) ) ;
#894 = CARTESIAN_POINT ( 'NONE',  ( 1.046302799459000177, 0.01340492942170000076, -0.1017581099220000035 ) ) ;
#895 = AXIS2_PLACEMENT_3D ( 'NONE', #4226, #3526, #1185 ) ;
#896 = CARTESIAN_POINT ( 'NONE',  ( 1.263297470037000103, 0.09344020400132992121, -0.05726023065597000972 ) ) ;
#897 = VERTEX_POINT ( 'NONE', #5231 ) ;
#898 = EDGE_CURVE ( 'NONE', #2672, #5852, #5879, .T. ) ;
#899 = ADVANCED_FACE ( 'NONE', ( #1591 ), #8140, .T. ) ;
#900 = CARTESIAN_POINT ( 'NONE',  ( 1.078440344072000068, -0.1043217069389999890, 0.002731760035870000290 ) ) ;
#901 = CIRCLE ( 'NONE', #1847, 0.08267716535433068670 ) ;
#902 = CARTESIAN_POINT ( 'NONE',  ( 0.5841804246273000212, 0.000000000000000000, 0.000000000000000000 ) ) ;
#903 = CARTESIAN_POINT ( 'NONE',  ( 1.165150673587999952, -0.1039978473953000054, -1.219302436795000243E-13 ) ) ;
#904 = CARTESIAN_POINT ( 'NONE',  ( 0.4921259842520000483, -0.3740157480314960647, -0.5314960629921000601 ) ) ;
#905 = CARTESIAN_POINT ( 'NONE',  ( 0.7308438124327991670, -0.1687570683619000200, 0.1134668763980999917 ) ) ;
#906 = CARTESIAN_POINT ( 'NONE',  ( 0.6673228346457008575, 0.000000000000000000, 0.000000000000000000 ) ) ;
#907 = CARTESIAN_POINT ( 'NONE',  ( 1.341388178717000113, 0.04780244526199000504, 0.09339407042860001229 ) ) ;
#908 = CARTESIAN_POINT ( 'NONE',  ( 1.285925226260483001, -0.09641372841431006258, -0.03993587390816000920 ) ) ;
#909 = ADVANCED_FACE ( 'NONE', ( #6756 ), #3310, .F. ) ;
#910 = FACE_OUTER_BOUND ( 'NONE', #496, .T. ) ;
#911 = CARTESIAN_POINT ( 'NONE',  ( 1.178915209917000162, -0.09385753647902007890, -0.07600433443989999815 ) ) ;
#912 = CARTESIAN_POINT ( 'NONE',  ( 0.8543307086613995960, 0.000000000000000000, 0.000000000000000000 ) ) ;
#913 = CARTESIAN_POINT ( 'NONE',  ( 0.7362204724408996093, -0.003937007874016000379, -0.1574310946703000036 ) ) ;
#914 = DIRECTION ( 'NONE',  ( 1.000000000000000000, 0.000000000000000000, 0.000000000000000000 ) ) ;
#915 = CARTESIAN_POINT ( 'NONE',  ( 1.307742782152000016, -0.08864826967872008190, 0.05118110236220000525 ) ) ;
#916 = DIRECTION ( 'NONE',  ( 0.000000000000000000, 1.000000000000000000, 0.000000000000000000 ) ) ;
#917 = EDGE_LOOP ( 'NONE', ( #5188, #8581 ) ) ;
#918 = CARTESIAN_POINT ( 'NONE',  ( 0.6803393851628996014, -0.1153124957707000048, 0.08475996092107007662 ) ) ;
#919 = EDGE_LOOP ( 'NONE', ( #4354, #7020 ) ) ;
#920 = ORIENTED_EDGE ( 'NONE', *, *, #4237, .T. ) ;
#921 = CARTESIAN_POINT ( 'NONE',  ( 1.183716965659000087, -0.05968658845680000630, 0.09190928686668996261 ) ) ;
#922 = AXIS2_PLACEMENT_3D ( 'NONE', #2760, #1944, #5027 ) ;
#923 = CIRCLE ( 'NONE', #6569, 0.1574803149606000263 ) ;
#924 = DIRECTION ( 'NONE',  ( 0.000000000000000000, 1.000000000000000000, 0.000000000000000000 ) ) ;
#925 = ORIENTED_EDGE ( 'NONE', *, *, #4239, .F. ) ;
#926 = CARTESIAN_POINT ( 'NONE',  ( 1.313457841883999722, -0.1005876041400999843, 0.02224877255178000016 ) ) ;
#927 = ORIENTED_EDGE ( 'NONE', *, *, #8392, .T. ) ;
#928 = EDGE_LOOP ( 'NONE', ( #5793, #5621, #4604, #8703 ) ) ;
#929 = CIRCLE ( 'NONE', #4789, 0.1220472440945000042 ) ;
#930 = CARTESIAN_POINT ( 'NONE',  ( 1.349839483892999903, -0.1037913619243000102, 0.01261527925182999964 ) ) ;
#931 = CARTESIAN_POINT ( 'NONE',  ( 0.8602362869107007537, -1.836731331333000290E-08, 1.139381370957000107E-07 ) ) ;
#932 = CARTESIAN_POINT ( 'NONE',  ( 0.6498031496062991463, -0.2716535433071000094, 0.3543307086614000401 ) ) ;
#933 = CARTESIAN_POINT ( 'NONE',  ( 1.281426242480250277, 0.1181102362205000561, -0.01546059376766952508 ) ) ;
#934 = CARTESIAN_POINT ( 'NONE',  ( 1.226472174238666168, -0.1032031167347788742, -0.05948255673673441546 ) ) ;
#935 = ORIENTED_EDGE ( 'NONE', *, *, #4842, .F. ) ;
#936 = CARTESIAN_POINT ( 'NONE',  ( 0.7244094488188976833, -0.01574803149606000124, 0.2002676082188999951 ) ) ;
#937 = CARTESIAN_POINT ( 'NONE',  ( 1.180746007635000039, 0.1040357447341000025, -0.008187775355042007513 ) ) ;
#938 = VECTOR ( 'NONE', #4291, 39.37007874015748143 ) ;
#939 = CARTESIAN_POINT ( 'NONE',  ( 1.184288980617000053, 0.000000000000000000, -0.1181102362205000006 ) ) ;
#940 = CARTESIAN_POINT ( 'NONE',  ( 1.114103407834249548, -0.01546059376766966906, -0.1181102362205000145 ) ) ;
#941 = CARTESIAN_POINT ( 'NONE',  ( 0.7280600717204999128, 0.000000000000000000, 0.000000000000000000 ) ) ;
#942 = CARTESIAN_POINT ( 'NONE',  ( 1.083203218483999919, -0.02698659270399000540, -0.1003508677346999917 ) ) ;
#943 = CARTESIAN_POINT ( 'NONE',  ( 1.240938075162000054, -0.09266276053095000298, 0.04721403471093000431 ) ) ;
#944 = AXIS2_PLACEMENT_3D ( 'NONE', #906, #3929, #3120 ) ;
#945 = CARTESIAN_POINT ( 'NONE',  ( 1.170139819137000048, 0.04737729933908999685, -0.09298318484278997320 ) ) ;
#946 = ORIENTED_EDGE ( 'NONE', *, *, #4842, .T. ) ;
#947 = LINE ( 'NONE', #384, #4 ) ;
#948 = CARTESIAN_POINT ( 'NONE',  ( 1.084113928181000164, -0.09709035472627994268, 0.03726949532825000327 ) ) ;
#949 = CARTESIAN_POINT ( 'NONE',  ( 1.239992625069392007, -0.03483571787204616660, -0.09837303257802153256 ) ) ;
#950 = EDGE_CURVE ( 'NONE', #7792, #4346, #1690, .T. ) ;
#951 = EDGE_CURVE ( 'NONE', #2832, #1792, #4116, .T. ) ;
#952 = CARTESIAN_POINT ( 'NONE',  ( 1.330638840905249864, 0.01546059376766942793, 0.1181102362205000839 ) ) ;
#953 = FACE_OUTER_BOUND ( 'NONE', #1113, .T. ) ;
#954 = CARTESIAN_POINT ( 'NONE',  ( 1.281660134397482720, -0.1000599994510000118, 0.02963912214328001324 ) ) ;
#955 = EDGE_CURVE ( 'NONE', #679, #99, #1374, .T. ) ;
#956 = ORIENTED_EDGE ( 'NONE', *, *, #3910, .T. ) ;
#957 = CARTESIAN_POINT ( 'NONE',  ( 1.099245436235364082, 0.04492704785243999827, -0.09419151460094998818 ) ) ;
#958 = CARTESIAN_POINT ( 'NONE',  ( 0.5452755905276001069, 0.000000000000000000, 0.000000000000000000 ) ) ;
#959 = CARTESIAN_POINT ( 'NONE',  ( 1.095745918578000078, -0.1207306973226000002, 0.003161444571084000635 ) ) ;
#960 = CARTESIAN_POINT ( 'NONE',  ( 0.5819715539376000280, 0.1249886876760000071, -0.09034651292232991071 ) ) ;
#961 = ORIENTED_EDGE ( 'NONE', *, *, #3096, .T. ) ;
#962 = EDGE_CURVE ( 'NONE', #7391, #9947, #7985, .T. ) ;
#963 = DIRECTION ( 'NONE',  ( 0.000000000000000000, 1.000000000000000000, 0.000000000000000000 ) ) ;
#964 = ORIENTED_EDGE ( 'NONE', *, *, #8981, .F. ) ;
#965 = FACE_OUTER_BOUND ( 'NONE', #2166, .T. ) ;
#966 = EDGE_CURVE ( 'NONE', #9766, #2260, #4919, .T. ) ;
#967 = CARTESIAN_POINT ( 'NONE',  ( 1.380466337072396854, -0.009139587106287804311, 0.1032598101553928310 ) ) ;
#968 = VERTEX_POINT ( 'NONE', #981 ) ;
#969 = CARTESIAN_POINT ( 'NONE',  ( -0.06692913385827008177, 0.000000000000000000, -0.09055118110236003159 ) ) ;
#970 = ORIENTED_EDGE ( 'NONE', *, *, #2316, .F. ) ;
#971 = VERTEX_POINT ( 'NONE', #5461 ) ;
#972 = CARTESIAN_POINT ( 'NONE',  ( 0.5393700787402000429, 0.000000000000000000, 0.000000000000000000 ) ) ;
#973 = ORIENTED_EDGE ( 'NONE', *, *, #9038, .T. ) ;
#974 = CARTESIAN_POINT ( 'NONE',  ( 1.292843231211000310, 0.09742608914478996518, -0.03739837169383999904 ) ) ;
#975 = ORIENTED_EDGE ( 'NONE', *, *, #577, .F. ) ;
#976 = EDGE_LOOP ( 'NONE', ( #624, #925, #2630, #7388 ) ) ;
#977 = DIRECTION ( 'NONE',  ( 1.000000000000000000, 0.000000000000000000, 0.000000000000000000 ) ) ;
#978 = ORIENTED_EDGE ( 'NONE', *, *, #7060, .T. ) ;
#979 = DIRECTION ( 'NONE',  ( 0.7071067811865474617, 4.632525650678305459E-10, 0.7071067811865474617 ) ) ;
#980 = CARTESIAN_POINT ( 'NONE',  ( 1.086857445476000050, -0.1043217069389999890, 0.002731760035869000222 ) ) ;
#981 = CARTESIAN_POINT ( 'NONE',  ( 1.011811023621999928, -0.1181102362205000006, 0.000000000000000000 ) ) ;
#982 = CARTESIAN_POINT ( 'NONE',  ( 0.7280600717204999128, -0.1669210694110000448, -0.1138883778692999921 ) ) ;
#983 = DIRECTION ( 'NONE',  ( 0.000000000000000000, -0.01845717877593919948, 0.9998296517665561378 ) ) ;
#984 = DIRECTION ( 'NONE',  ( 0.000000000000000000, -1.000000000000000000, 0.000000000000000000 ) ) ;
#985 = CIRCLE ( 'NONE', #6460, 0.01968503937008000623 ) ;
#986 = VERTEX_POINT ( 'NONE', #1780 ) ;
#987 = CARTESIAN_POINT ( 'NONE',  ( 1.005904856508999856, 6.792578434980000706E-07, -1.159127080611000043E-06 ) ) ;
#988 = CARTESIAN_POINT ( 'NONE',  ( 1.124977277756999960, 0.01253815294843999874, -0.1031570044229999927 ) ) ;
#989 = CARTESIAN_POINT ( 'NONE',  ( 1.257998442616000023, 0.06544796599128996362, -0.08082150710363995849 ) ) ;
#991 = CARTESIAN_POINT ( 'NONE',  ( 1.159477089477999989, -0.09837167890033997331, -0.03483523850896000362 ) ) ;
#990 = AXIS2_PLACEMENT_3D ( 'NONE', #545, #2818, #5186 ) ;
#992 = ORIENTED_EDGE ( 'NONE', *, *, #6075, .T. ) ;
#993 = DIRECTION ( 'NONE',  ( 0.000000000000000000, 0.000000000000000000, 1.000000000000000000 ) ) ;
#994 = CARTESIAN_POINT ( 'NONE',  ( 1.154487943929000116, 0.01357444301962000034, 0.1031081313941999977 ) ) ;
#995 = CARTESIAN_POINT ( 'NONE',  ( 1.289041181500330202, 0.09742742981098286015, -0.03739888632737058127 ) ) ;
#996 = CARTESIAN_POINT ( 'NONE',  ( 1.329818630931499657, 0.03091510445189025666, 0.1150361429136075447 ) ) ;
#997 = CIRCLE ( 'NONE', #3899, 0.1478229366752999707 ) ;
#998 = CARTESIAN_POINT ( 'NONE',  ( 1.320811535375999712, 0.02819368258202999827, 0.1174351382184000009 ) ) ;
#999 = ADVANCED_FACE ( 'NONE', ( #113 ), #166, .T. ) ;
#1000 = ADVANCED_FACE ( 'NONE', ( #9311 ), #8798, .F. ) ;
#1001 = CARTESIAN_POINT ( 'NONE',  ( 1.232611577967388738, 0.02700970012306000076, 0.1008015731564999989 ) ) ;
#1002 = CARTESIAN_POINT ( 'NONE',  ( 1.156824176393364212, -0.02169713754582001594, 0.1020770065875000465 ) ) ;
#1003 = FACE_BOUND ( 'NONE', #9849, .T. ) ;
#1004 = CARTESIAN_POINT ( 'NONE',  ( 1.161854842463000193, 0.05482937826992000108, 0.1076087138029000051 ) ) ;
#1005 = DIRECTION ( 'NONE',  ( 0.000000000000000000, 0.000000000000000000, 1.000000000000000000 ) ) ;
#1006 = CARTESIAN_POINT ( 'NONE',  ( 0.7308438118074999101, -0.1687570688109999995, -0.1134668762856999996 ) ) ;
#1007 = ORIENTED_EDGE ( 'NONE', *, *, #6996, .F. ) ;
#1008 = CARTESIAN_POINT ( 'NONE',  ( 0.7362204724408996093, 0.003937007874016000379, 0.1574310946703000036 ) ) ;
#1009 = DIRECTION ( 'NONE',  ( 1.000000000000000000, 0.000000000000000000, 0.000000000000000000 ) ) ;
#1010 = EDGE_CURVE ( 'NONE', #6094, #1522, #6225, .T. ) ;
#1011 = ORIENTED_EDGE ( 'NONE', *, *, #6011, .F. ) ;
#1012 = CIRCLE ( 'NONE', #3438, 0.2496578167136001003 ) ;
#1013 = CARTESIAN_POINT ( 'NONE',  ( 1.362043490757000042, -0.007411594390749999713, 0.1203169257935000069 ) ) ;
#1014 = ORIENTED_EDGE ( 'NONE', *, *, #2197, .T. ) ;
#1015 = ORIENTED_EDGE ( 'NONE', *, *, #8412, .T. ) ;
#1016 = EDGE_LOOP ( 'NONE', ( #7939, #1618, #9798, #8129, #3136 ) ) ;
#1017 = ORIENTED_EDGE ( 'NONE', *, *, #5315, .F. ) ;
#1018 = ORIENTED_EDGE ( 'NONE', *, *, #2424, .T. ) ;
#1019 = CARTESIAN_POINT ( 'NONE',  ( 0.4921259842520000483, 0.3740157480314960647, -0.3740157480314960647 ) ) ;
#1020 = ORIENTED_EDGE ( 'NONE', *, *, #1978, .T. ) ;
#1021 = CARTESIAN_POINT ( 'NONE',  ( 1.271574313054000038, -0.1042144493542999928, -0.005461647859861999341 ) ) ;
#1022 = ORIENTED_EDGE ( 'NONE', *, *, #6630, .T. ) ;
#1023 = DIRECTION ( 'NONE',  ( 1.000000000000000000, 0.000000000000000000, 0.000000000000000000 ) ) ;
#1024 = DIRECTION ( 'NONE',  ( 0.000000000000000000, 0.000000000000000000, -1.000000000000000000 ) ) ;
#1025 = CARTESIAN_POINT ( 'NONE',  ( 1.137442641453000114, 0.002366314390950999876, 0.1150658951298000054 ) ) ;
#1026 = EDGE_CURVE ( 'NONE', #6527, #4826, #2370, .T. ) ;
#1027 = EDGE_CURVE ( 'NONE', #6623, #5511, #1033, .T. ) ;
#1028 = CARTESIAN_POINT ( 'NONE',  ( 0.9842519685038996213, 0.000000000000000000, 0.000000000000000000 ) ) ;
#1029 = ORIENTED_EDGE ( 'NONE', *, *, #8226, .F. ) ;
#1030 = DIRECTION ( 'NONE',  ( -1.000000000000000000, 0.000000000000000000, 0.000000000000000000 ) ) ;
#1031 = ADVANCED_FACE ( 'NONE', ( #1638 ), #3838, .F. ) ;
#1032 = CARTESIAN_POINT ( 'NONE',  ( 1.150833823428000224, 0.07569823244745001178, 0.07183494035557008717 ) ) ;
#1033 = LINE ( 'NONE', #4111, #7339 ) ;
#1034 = PLANE ( 'NONE',  #7102 ) ;
#1035 = CARTESIAN_POINT ( 'NONE',  ( 0.1415574779026000096, 0.000000000000000000, 0.000000000000000000 ) ) ;
#1036 = CARTESIAN_POINT ( 'NONE',  ( 1.226621225002999971, 0.1000599994510000118, 0.02963912214327999936 ) ) ;
#1037 = CARTESIAN_POINT ( 'NONE',  ( 1.150041713320999914, -0.08627111057382991222, 0.05792985690670000160 ) ) ;
#1038 = CARTESIAN_POINT ( 'NONE',  ( 1.287854085660999903, -0.07728546215276003994, -0.06958814268777008261 ) ) ;
#1039 = CARTESIAN_POINT ( 'NONE',  ( 1.146681813887999946, 0.01362138288035000082, 0.1034646750344000027 ) ) ;
#1040 = ORIENTED_EDGE ( 'NONE', *, *, #2951, .T. ) ;
#1041 = CARTESIAN_POINT ( 'NONE',  ( 1.356143304260333027, 0.08599697177267598414, -0.08431808504627431866 ) ) ;
#1042 = CARTESIAN_POINT ( 'NONE',  ( 1.094776657840000222, -0.02427781532547999832, -0.1011243785934999861 ) ) ;
#1043 = CARTESIAN_POINT ( 'NONE',  ( 1.265583176250391739, -0.05910953392561574260, 0.08600490554238665597 ) ) ;
#1044 = CARTESIAN_POINT ( 'NONE',  ( 0.7346171346687991877, -0.1742834262884000174, 0.1121586114368000042 ) ) ;
#1045 = CARTESIAN_POINT ( 'NONE',  ( 1.224846968447000028, 0.01889291618010999901, -0.1192851781487999918 ) ) ;
#1046 = EDGE_CURVE ( 'NONE', #6318, #7108, #2984, .T. ) ;
#1047 = AXIS2_PLACEMENT_3D ( 'NONE', #2485, #5566, #6338 ) ;
#1048 = CARTESIAN_POINT ( 'NONE',  ( 1.190124711056739004, 0.07157135986489718271, 0.07536126726065171810 ) ) ;
#1049 = CARTESIAN_POINT ( 'NONE',  ( 1.152559084529364286, 0.04737729888396000760, 0.09298318451212993219 ) ) ;
#1050 = EDGE_CURVE ( 'NONE', #6428, #5255, #814, .T. ) ;
#1051 = CARTESIAN_POINT ( 'NONE',  ( 0.7352427248118996728, 0.1403256680027999970, -0.07092544195587008327 ) ) ;
#1052 = CARTESIAN_POINT ( 'NONE',  ( 1.123469015691000106, 0.03732062606186000581, 0.1148610764277000068 ) ) ;
#1053 = CARTESIAN_POINT ( 'NONE',  ( 1.048542482280000243, -0.04308208645362000128, -0.1103107477802999919 ) ) ;
#1054 = AXIS2_PLACEMENT_3D ( 'NONE', #776, #5351, #6210 ) ;
#1055 = DIRECTION ( 'NONE',  ( 0.000000000000000000, 0.000000000000000000, -1.000000000000000000 ) ) ;
#1056 = ORIENTED_EDGE ( 'NONE', *, *, #4642, .F. ) ;
#1057 = DIRECTION ( 'NONE',  ( 0.000000000000000000, 0.1013964983486963234, -0.9948460936861655002 ) ) ;
#1058 = CARTESIAN_POINT ( 'NONE',  ( 0.4921259842520000483, -0.3543307086614000401, -0.3543307086614000401 ) ) ;
#1059 = CARTESIAN_POINT ( 'NONE',  ( 1.369083495344000090, -0.05376119431681999905, -0.09009583869482007401 ) ) ;
#1060 = VERTEX_POINT ( 'NONE', #9335 ) ;
#1061 = CARTESIAN_POINT ( 'NONE',  ( 0.5866141732283000065, 0.000000000000000000, 0.000000000000000000 ) ) ;
#1062 = ORIENTED_EDGE ( 'NONE', *, *, #4089, .F. ) ;
#1063 = VERTEX_POINT ( 'NONE', #5482 ) ;
#1064 = ORIENTED_EDGE ( 'NONE', *, *, #5894, .T. ) ;
#1065 = VERTEX_POINT ( 'NONE', #2407 ) ;
#1066 = DIRECTION ( 'NONE',  ( 0.000000000000000000, 1.000000000000000000, 0.000000000000000000 ) ) ;
#1067 = EDGE_CURVE ( 'NONE', #8256, #3342, #5549, .T. ) ;
#1068 = ORIENTED_EDGE ( 'NONE', *, *, #6252, .F. ) ;
#1069 = EDGE_CURVE ( 'NONE', #7391, #6232, #1660, .T. ) ;
#1070 = CARTESIAN_POINT ( 'NONE',  ( 1.179818296827000124, 0.09419155717462007749, 0.04492664279108000286 ) ) ;
#1071 = CARTESIAN_POINT ( 'NONE',  ( 1.114466908852999927, -0.05973700350938996456, -0.09837301498657008425 ) ) ;
#1072 = CARTESIAN_POINT ( 'NONE',  ( 0.7280600717204999128, -0.01516969372517000189, -0.2015020754713999773 ) ) ;
#1073 = CIRCLE ( 'NONE', #8830, 0.007874015748031039721 ) ;
#1074 = CARTESIAN_POINT ( 'NONE',  ( 0.6498031496062991463, -0.5314960629921000601, 0.3740157480314960647 ) ) ;
#1075 = CARTESIAN_POINT ( 'NONE',  ( 1.057001802431000170, -0.008188164623482006854, -0.1040356027308000086 ) ) ;
#1076 = CARTESIAN_POINT ( 'NONE',  ( 1.255124916963999970, 0.09266276053095000298, 0.04721403471093000431 ) ) ;
#1077 = CARTESIAN_POINT ( 'NONE',  ( 0.5986837114371004187, 0.1457876267656000036, 0.06598626511072991363 ) ) ;
#1078 = LINE ( 'NONE', #2805, #4435 ) ;
#1079 = CARTESIAN_POINT ( 'NONE',  ( 1.247946684321000088, -0.08897936835737992045, -0.05452662705760000228 ) ) ;
#1080 = AXIS2_PLACEMENT_3D ( 'NONE', #7846, #47, #7650 ) ;
#1081 = ORIENTED_EDGE ( 'NONE', *, *, #3374, .T. ) ;
#1082 = CARTESIAN_POINT ( 'NONE',  ( 1.100923766631999978, 0.007754874327482992255, 0.1092282627008000079 ) ) ;
#1083 = AXIS2_PLACEMENT_3D ( 'NONE', #3492, #2778, #6566 ) ;
#1084 = EDGE_CURVE ( 'NONE', #9828, #2857, #739, .T. ) ;
#1085 = CARTESIAN_POINT ( 'NONE',  ( 1.203586183947999988, -0.08694300485362992104, 0.06671371389544999975 ) ) ;
#1086 = DIRECTION ( 'NONE',  ( 0.000000000000000000, -1.000000000000000000, 0.000000000000000000 ) ) ;
#1087 = CARTESIAN_POINT ( 'NONE',  ( 1.095500711526000037, 0.09419151460094998818, -0.04492704785243999827 ) ) ;
#1088 = EDGE_LOOP ( 'NONE', ( #462, #3626, #5095, #310, #4009, #4907 ) ) ;
#1089 = AXIS2_PLACEMENT_3D ( 'NONE', #1495, #4058, #9512 ) ;
#1090 = CIRCLE ( 'NONE', #9633, 0.09842519685038997324 ) ;
#1091 = DIRECTION ( 'NONE',  ( 0.000000000000000000, 1.000000000000000000, 0.000000000000000000 ) ) ;
#1092 = CARTESIAN_POINT ( 'NONE',  ( 1.072352588147000185, 0.1012472734410999886, 0.04193799393687999699 ) ) ;
#1093 = CARTESIAN_POINT ( 'NONE',  ( 0.6384300491361004637, -0.01574803149606000124, 0.1313958731520000200 ) ) ;
#1094 = CARTESIAN_POINT ( 'NONE',  ( 0.7244094488188976833, 0.01574803149606000124, 0.2002676082188999951 ) ) ;
#1095 = CARTESIAN_POINT ( 'NONE',  ( 1.214184238787999970, -0.1207306973212999984, -0.003161444583538000272 ) ) ;
#1096 = AXIS2_PLACEMENT_3D ( 'NONE', #3514, #8867, #1174 ) ;
#1097 = VECTOR ( 'NONE', #4136, 39.37007874015748143 ) ;
#1098 = B_SPLINE_CURVE_WITH_KNOTS ( 'NONE', 3,
 ( #8876, #7354, #3524, #6596, #5362, #6937 ),
 .UNSPECIFIED., .F., .F.,
 ( 4, 1, 1, 4 ),
 ( 0.000000000000000000, 0.3333333333333000081, 0.6666666666667000474, 1.000000000000000000 ),
 .UNSPECIFIED. ) ;
#1099 = CARTESIAN_POINT ( 'NONE',  ( 1.148293992666364227, 0.09533529053063996561, 0.04244600606646999758 ) ) ;
#1100 = FACE_OUTER_BOUND ( 'NONE', #8694, .T. ) ;
#1101 = CARTESIAN_POINT ( 'NONE',  ( 1.151192112803999912, 0.09953143637152993273, -0.06840606100042008475 ) ) ;
#1102 = LINE ( 'NONE', #4133, #123 ) ;
#1103 = CARTESIAN_POINT ( 'NONE',  ( 0.7322039835687007558, -0.1702081640231999926, -0.1131290375300000040 ) ) ;
#1104 = ORIENTED_EDGE ( 'NONE', *, *, #1, .F. ) ;
#1105 = DIRECTION ( 'NONE',  ( 0.000000000000000000, 0.000000000000000000, 1.000000000000000000 ) ) ;
#1106 = CARTESIAN_POINT ( 'NONE',  ( 0.8431417322834998673, -0.3740157480314960647, 0.3740157480314960647 ) ) ;
#1107 = CARTESIAN_POINT ( 'NONE',  ( 0.6751361352972008456, -0.1516492789452000001, 0.1057390124683000032 ) ) ;
#1108 = CARTESIAN_POINT ( 'NONE',  ( 0.7358050155909999779, 0.007184652424754999107, 0.1572120939060999700 ) ) ;
#1109 = ORIENTED_EDGE ( 'NONE', *, *, #7744, .F. ) ;
#1110 = ORIENTED_EDGE ( 'NONE', *, *, #955, .F. ) ;
#1111 = VERTEX_POINT ( 'NONE', #3 ) ;
#1112 = ORIENTED_EDGE ( 'NONE', *, *, #4035, .T. ) ;
#1113 = EDGE_LOOP ( 'NONE', ( #6049, #8817, #6624, #7167, #9350, #2906, #8856, #1268, #6798, #6420, #3601 ) ) ;
#1114 = DIRECTION ( 'NONE',  ( -1.000000000000000000, 0.000000000000000000, 0.000000000000000000 ) ) ;
#1115 = VERTEX_POINT ( 'NONE', #6022 ) ;
#1116 = CARTESIAN_POINT ( 'NONE',  ( 0.4921259842520000483, 0.5314960629921000601, -0.3740157480314960647 ) ) ;
#1117 = CARTESIAN_POINT ( 'NONE',  ( 1.256646491531999921, 0.07183494035557008717, 0.07569823244745001178 ) ) ;
#1118 = CARTESIAN_POINT ( 'NONE',  ( 1.349082779307000157, -0.1063699761402000094, -0.02871078081694000000 ) ) ;
#1119 = AXIS2_PLACEMENT_3D ( 'NONE', #8763, #2647, #6484 ) ;
#1120 = EDGE_LOOP ( 'NONE', ( #1363, #8859, #6582, #4746, #6267, #1764, #7945, #1816 ) ) ;
#1121 = CARTESIAN_POINT ( 'NONE',  ( 1.110289502924999949, -0.1077781660239000017, -0.04036863379353999859 ) ) ;
#1122 = EDGE_CURVE ( 'NONE', #825, #971, #6540, .T. ) ;
#1123 = CARTESIAN_POINT ( 'NONE',  ( 1.268770607913541237, 0.09444883965335060250, -0.07258425826477042653 ) ) ;
#1124 = CYLINDRICAL_SURFACE ( 'NONE', #3244, 0.08267716535433068670 ) ;
#1125 = CARTESIAN_POINT ( 'NONE',  ( 1.182935094727999958, 0.06016699432915000034, 0.08281276320373996691 ) ) ;
#1126 = CARTESIAN_POINT ( 'NONE',  ( 1.227401819850999942, -0.07158739411699999167, 0.07543737314114999648 ) ) ;
#1127 = CARTESIAN_POINT ( 'NONE',  ( 0.6181102362204999867, 0.000000000000000000, 0.000000000000000000 ) ) ;
#1128 = DIRECTION ( 'NONE',  ( 1.000000000000000000, 0.000000000000000000, 0.000000000000000000 ) ) ;
#1129 = CARTESIAN_POINT ( 'NONE',  ( 1.239416500593999881, -0.07183494035557008717, 0.07569823244745001178 ) ) ;
#1130 = CARTESIAN_POINT ( 'NONE',  ( 1.090480251813000123, 0.1079835540077000028, -0.01817975556340999804 ) ) ;
#1131 = DIRECTION ( 'NONE',  ( 1.000000000000000000, 0.000000000000000000, 1.054711873393938598E-13 ) ) ;
#1132 = CARTESIAN_POINT ( 'NONE',  ( 1.215347523981000100, 0.01626884762265000048, -0.1027174613195000058 ) ) ;
#1133 = CARTESIAN_POINT ( 'NONE',  ( 0.7077439965388996335, 0.1608577115915000022, -0.1110555035354999914 ) ) ;
#1134 = CARTESIAN_POINT ( 'NONE',  ( 1.112617620141000074, -0.1026099921947999927, 0.01901763795381000016 ) ) ;
#1135 = CARTESIAN_POINT ( 'NONE',  ( 0.4921259842520000483, 0.3740157480314960647, -0.5314960629921000601 ) ) ;
#1136 = EDGE_CURVE ( 'NONE', #7023, #1718, #3151, .T. ) ;
#1137 = ORIENTED_EDGE ( 'NONE', *, *, #9173, .F. ) ;
#1138 = CIRCLE ( 'NONE', #3570, 0.1122047244094000057 ) ;
#1139 = DIRECTION ( 'NONE',  ( -1.000000000000000000, 0.000000000000000000, 0.000000000000000000 ) ) ;
#1140 = ADVANCED_FACE ( 'NONE', ( #5319 ), #7703, .F. ) ;
#1141 = CARTESIAN_POINT ( 'NONE',  ( 0.7077880313856003136, -0.1766181753184000169, 0.08378629061696003799 ) ) ;
#1142 = CARTESIAN_POINT ( 'NONE',  ( 1.295438819295329669, 0.08279348481157769446, 0.06352967518692567706 ) ) ;
#1143 = CARTESIAN_POINT ( 'NONE',  ( 1.133788447204250094, 0.01546059376766942793, 0.1181102362205000839 ) ) ;
#1144 = B_SPLINE_CURVE_WITH_KNOTS ( 'NONE', 3,
 ( #1597, #4570, #3066, #6091, #68, #4670 ),
 .UNSPECIFIED., .F., .F.,
 ( 4, 1, 1, 4 ),
 ( 0.000000000000000000, 0.3333333333333000081, 0.6666666666667000474, 1.000000000000000000 ),
 .UNSPECIFIED. ) ;
#1145 = CARTESIAN_POINT ( 'NONE',  ( 1.293088438263000128, -0.1206065689567999977, -0.006320722445973996420 ) ) ;
#1146 = AXIS2_PLACEMENT_3D ( 'NONE', #1191, #2717, #9630 ) ;
#1147 = CARTESIAN_POINT ( 'NONE',  ( 1.084317614713364186, -0.09742608914447992152, 0.03739837169672001471 ) ) ;
#1148 = EDGE_CURVE ( 'NONE', #1466, #7837, #5370, .T. ) ;
#1149 = EDGE_CURVE ( 'NONE', #1480, #411, #2177, .T. ) ;
#1150 = DIRECTION ( 'NONE',  ( 1.000000000000000000, 0.000000000000000000, 0.000000000000000000 ) ) ;
#1151 = CARTESIAN_POINT ( 'NONE',  ( 1.194941641813999977, 0.09492304376670000765, 0.06523931469358995594 ) ) ;
#1152 = LINE ( 'NONE', #6458, #3693 ) ;
#1153 = AXIS2_PLACEMENT_3D ( 'NONE', #226, #1139, #7157 ) ;
#1154 = ORIENTED_EDGE ( 'NONE', *, *, #8056, .T. ) ;
#1155 = DIRECTION ( 'NONE',  ( -1.000000000000000000, -3.060028587792000341E-14, 0.000000000000000000 ) ) ;
#1156 = CARTESIAN_POINT ( 'NONE',  ( -0.06692913385827008177, 0.000000000000000000, 0.1023622047244000105 ) ) ;
#1157 = ORIENTED_EDGE ( 'NONE', *, *, #6884, .F. ) ;
#1158 = CARTESIAN_POINT ( 'NONE',  ( 1.233033854029000009, 0.000000000000000000, -0.1181102362205000006 ) ) ;
#1159 = FACE_BOUND ( 'NONE', #9443, .T. ) ;
#1160 = CARTESIAN_POINT ( 'NONE',  ( 0.7280600717204999128, -0.01516969372517000189, -0.2015020754713999773 ) ) ;
#1161 = CARTESIAN_POINT ( 'NONE',  ( 1.333680629864000267, -0.1168746531813000117, -0.02951956312321000336 ) ) ;
#1162 = EDGE_CURVE ( 'NONE', #33, #6964, #1211, .T. ) ;
#1163 = ORIENTED_EDGE ( 'NONE', *, *, #5544, .T. ) ;
#1164 = CARTESIAN_POINT ( 'NONE',  ( 1.257322137713999810, -0.02981095129919000483, 0.1112559848705000076 ) ) ;
#1165 = ORIENTED_EDGE ( 'NONE', *, *, #5560, .F. ) ;
#1166 = ORIENTED_EDGE ( 'NONE', *, *, #5026, .F. ) ;
#1167 = CYLINDRICAL_SURFACE ( 'NONE', #6046, 0.2755905511811023723 ) ;
#1168 = ORIENTED_EDGE ( 'NONE', *, *, #4274, .F. ) ;
#1169 = DIRECTION ( 'NONE',  ( 0.000000000000000000, 1.000000000000000000, 0.000000000000000000 ) ) ;
#1170 = CARTESIAN_POINT ( 'NONE',  ( 1.192670113578999880, -0.1043217069378999939, -0.002731760046631000020 ) ) ;
#1171 = AXIS2_PLACEMENT_3D ( 'NONE', #3148, #9356, #9513 ) ;
#1172 = CARTESIAN_POINT ( 'NONE',  ( 1.350735851624000006, -0.05933691741347008747, -0.09943992889050000394 ) ) ;
#1173 = CARTESIAN_POINT ( 'NONE',  ( 1.093579879216000084, 0.07739654217747009290, 0.08517942782621004683 ) ) ;
#1174 = DIRECTION ( 'NONE',  ( 0.000000000000000000, -0.9233019039983419995, 0.3840749849613175337 ) ) ;
#1175 = CARTESIAN_POINT ( 'NONE',  ( 0.7244094488188976833, 0.000000000000000000, 0.000000000000000000 ) ) ;
#1176 = CARTESIAN_POINT ( 'NONE',  ( 1.182224246084000008, 0.06956180430292008277, 0.07598703421526004087 ) ) ;
#1177 = CARTESIAN_POINT ( 'NONE',  ( 1.186883447147000004, -0.05664128730773000664, 0.08721993429785000751 ) ) ;
#1178 = CARTESIAN_POINT ( 'NONE',  ( 0.3937007874016000275, 1.460690677675000415E-13, 0.2755905511811023723 ) ) ;
#1179 = CARTESIAN_POINT ( 'NONE',  ( 1.275416440724000067, -0.05229147507196999639, -0.09630891637529999383 ) ) ;
#1180 = CARTESIAN_POINT ( 'NONE',  ( 1.256476868047999851, 0.03483523850942000372, -0.09837167889972008028 ) ) ;
#1181 = CARTESIAN_POINT ( 'NONE',  ( 1.077948034031000146, -0.06147262817117007949, -0.09062045814387008347 ) ) ;
#1182 = B_SPLINE_CURVE_WITH_KNOTS ( 'NONE', 3,
 ( #4487, #8893, #1957, #6720, #4335, #5944, #7475, #1200, #5846, #8278, #9783, #9043, #552, #1406, #9836, #5987, #8221, #2726 ),
 .UNSPECIFIED., .F., .F.,
 ( 4, 2, 2, 2, 2, 2, 2, 2, 4 ),
 ( 0.000000000000000000, 0.1250000000000000278, 0.2500000000000000555, 0.3750000000000001110, 0.5000000000000001110, 0.6250000000000001110, 0.7500000000000002220, 0.8750000000000001110, 1.000000000000000000 ),
 .UNSPECIFIED. ) ;
#1183 = FACE_OUTER_BOUND ( 'NONE', #1088, .T. ) ;
#1184 = CARTESIAN_POINT ( 'NONE',  ( 0.9787819354097994085, -0.09408090847152990321, 0.1755396842203999774 ) ) ;
#1185 = DIRECTION ( 'NONE',  ( 0.000000000000000000, 1.000000000000000000, 0.000000000000000000 ) ) ;
#1186 = CARTESIAN_POINT ( 'NONE',  ( 1.159533630640000146, -0.05452662706635000300, -0.08897936835102007724 ) ) ;
#1187 = ORIENTED_EDGE ( 'NONE', *, *, #7558, .F. ) ;
#1188 = CARTESIAN_POINT ( 'NONE',  ( 1.098987143346999762, -0.1032031167347788603, -0.05948255673673441546 ) ) ;
#1189 = CARTESIAN_POINT ( 'NONE',  ( 1.075583744454000179, 0.01626884762528999981, 0.1027174613184000107 ) ) ;
#1190 = CARTESIAN_POINT ( 'NONE',  ( 1.231462441342391800, -0.1034660987967132018, 0.01362157032221514817 ) ) ;
#1191 = CARTESIAN_POINT ( 'NONE',  ( 0.5787401574803000548, 0.000000000000000000, 0.000000000000000000 ) ) ;
#1192 = ADVANCED_FACE ( 'NONE', ( #6890 ), #3057, .T. ) ;
#1193 = EDGE_CURVE ( 'NONE', #6969, #8527, #8626, .T. ) ;
#1194 = CARTESIAN_POINT ( 'NONE',  ( 1.234475762548999933, 0.09318312031472007761, 0.06770149980087993014 ) ) ;
#1195 = DIRECTION ( 'NONE',  ( 1.000000000000000000, 0.000000000000000000, 0.000000000000000000 ) ) ;
#1196 = CARTESIAN_POINT ( 'NONE',  ( 1.154423269111000128, 0.1052227788591999919, 0.04684819949601000399 ) ) ;
#1197 = CARTESIAN_POINT ( 'NONE',  ( 1.051851690047999943, -0.04308208645362000128, -0.1103107477802999919 ) ) ;
#1198 = B_SPLINE_CURVE_WITH_KNOTS ( 'NONE', 3,
 ( #8133, #8337, #6826, #9058, #4497, #7487, #566, #3651, #9799, #2890, #5206 ),
 .UNSPECIFIED., .F., .F.,
 ( 4, 1, 1, 1, 1, 1, 1, 1, 4 ),
 ( 0.000000000000000000, 0.1250000000000000000, 0.2500000000000000000, 0.3750000000000000000, 0.5000000000000000000, 0.6250000000000000000, 0.7500000000000000000, 0.8750000000000000000, 1.000000000000000000 ),
 .UNSPECIFIED. ) ;
#1199 = CARTESIAN_POINT ( 'NONE',  ( 0.6104330708661004357, 0.4370078740156999597, 0.3543307086614000401 ) ) ;
#1200 = CARTESIAN_POINT ( 'NONE',  ( 1.087036478700499575, 0.1150361429136073088, 0.03091510445189111014 ) ) ;
#1201 = FACE_OUTER_BOUND ( 'NONE', #45, .T. ) ;
#1202 = AXIS2_PLACEMENT_3D ( 'NONE', #5977, #1535, #7567 ) ;
#1203 = CARTESIAN_POINT ( 'NONE',  ( 0.3937007874016000275, -1.527766628484000257E-13, 0.3740157480314960647 ) ) ;
#1204 = CARTESIAN_POINT ( 'NONE',  ( 0.3149606299213000282, 0.000000000000000000, 0.000000000000000000 ) ) ;
#1205 = CARTESIAN_POINT ( 'NONE',  ( 1.258460363215249567, -0.09444883965335044984, 0.07258425826477060694 ) ) ;
#1206 = FACE_OUTER_BOUND ( 'NONE', #4743, .T. ) ;
#1207 = ORIENTED_EDGE ( 'NONE', *, *, #3168, .F. ) ;
#1208 = CARTESIAN_POINT ( 'NONE',  ( 1.210406127214999961, 0.09318312031472007761, 0.06770149980087993014 ) ) ;
#1209 = ORIENTED_EDGE ( 'NONE', *, *, #6695, .F. ) ;
#1210 = CIRCLE ( 'NONE', #3154, 0.1417322834646000118 ) ;
#1211 = CIRCLE ( 'NONE', #8617, 0.1574803149606000263 ) ;
#1212 = CARTESIAN_POINT ( 'NONE',  ( 0.7308438124327991670, 0.1826437316298000213, 0.08941447007052008566 ) ) ;
#1213 = VERTEX_POINT ( 'NONE', #5622 ) ;
#1214 = FACE_BOUND ( 'NONE', #3186, .T. ) ;
#1215 = VERTEX_POINT ( 'NONE', #3209 ) ;
#1216 = FACE_BOUND ( 'NONE', #7241, .T. ) ;
#1217 = ORIENTED_EDGE ( 'NONE', *, *, #4223, .F. ) ;
#1218 = CARTESIAN_POINT ( 'NONE',  ( 0.7244094488188976833, 0.003937007874016000379, -1.917212598425000136 ) ) ;
#1219 = CARTESIAN_POINT ( 'NONE',  ( 1.248116307804999936, 0.08897936835737992045, -0.05452662705760000228 ) ) ;
#1220 = CARTESIAN_POINT ( 'NONE',  ( 1.317755679569999838, -0.002595735279457000132, -0.1101460080794999935 ) ) ;
#1221 = ORIENTED_EDGE ( 'NONE', *, *, #5590, .T. ) ;
#1222 = CARTESIAN_POINT ( 'NONE',  ( 1.047628414015000065, 0.1123884136350999929, -0.02479124622390000213 ) ) ;
#1223 = CARTESIAN_POINT ( 'NONE',  ( 1.281893967494207809, 0.01546059376766943140, 0.1181102362205000700 ) ) ;
#1224 = CARTESIAN_POINT ( 'NONE',  ( 1.140227634931000100, 0.1008015731564999989, -0.02700970012306000076 ) ) ;
#1225 = CARTESIAN_POINT ( 'NONE',  ( 1.235932003577999927, -0.08867274169577993304, -0.05433872599770000339 ) ) ;
#1226 = CARTESIAN_POINT ( 'NONE',  ( 0.7355155807016005021, -0.1850249357133000316, 0.09742976717115001128 ) ) ;
#1227 = CARTESIAN_POINT ( 'NONE',  ( 1.290597602956000234, -0.04979507988139000169, -0.09171112839325000488 ) ) ;
#1228 = ORIENTED_EDGE ( 'NONE', *, *, #5007, .F. ) ;
#1229 = CARTESIAN_POINT ( 'NONE',  ( 1.155230043686999997, -0.08071410311586003916, -0.07400125003377992783 ) ) ;
#1230 = CARTESIAN_POINT ( 'NONE',  ( 0.5511811023621999706, 0.000000000000000000, 0.1535433070865999949 ) ) ;
#1231 = CARTESIAN_POINT ( 'NONE',  ( 0.6104330708661004357, -0.2716535433071000094, -0.3543307086614000401 ) ) ;
#1232 = EDGE_CURVE ( 'NONE', #4294, #197, #1634, .T. ) ;
#1233 = CIRCLE ( 'NONE', #8836, 0.1181102362205000006 ) ;
#1234 = CARTESIAN_POINT ( 'NONE',  ( 0.7362204724408996093, 0.1953992016068999971, 0.09462952120025000524 ) ) ;
#1235 = CARTESIAN_POINT ( 'NONE',  ( 1.161666176571999998, -0.02169713751314000447, -0.1020770066113000085 ) ) ;
#1236 = CARTESIAN_POINT ( 'NONE',  ( 0.5984251968503937480, -0.01574803149606000124, -0.1210269775506999934 ) ) ;
#1237 = FACE_OUTER_BOUND ( 'NONE', #9496, .T. ) ;
#1238 = CARTESIAN_POINT ( 'NONE',  ( 1.081981382249000090, -0.07908058356916003451, 0.06754119902157992850 ) ) ;
#1239 = CARTESIAN_POINT ( 'NONE',  ( 1.227197349479329791, -0.07183592886569595271, 0.07569927411976716536 ) ) ;
#1240 = VECTOR ( 'NONE', #4060, 39.37007874015748143 ) ;
#1241 = CARTESIAN_POINT ( 'NONE',  ( 1.315875061377750566, 0.07258425826477091225, -0.09444883965335025555 ) ) ;
#1242 = CARTESIAN_POINT ( 'NONE',  ( 1.292054502705999974, -0.1064130645374000012, -0.04407773454509000127 ) ) ;
#1243 = CARTESIAN_POINT ( 'NONE',  ( 0.6803393851628996014, -0.1310605272668000087, -0.05748357025070000015 ) ) ;
#1244 = CONICAL_SURFACE ( 'NONE', #5921, 0.1397637795276000239, 0.2516899717581221885 ) ;
#1245 = DIRECTION ( 'NONE',  ( 0.000000000000000000, -0.9997541118987406383, -0.02217466440694088742 ) ) ;
#1246 = ADVANCED_FACE ( 'NONE', ( #9517 ), #2589, .F. ) ;
#1247 = CARTESIAN_POINT ( 'NONE',  ( 1.101109620816999923, -0.02688839366582999879, -0.1119982199543999996 ) ) ;
#1248 = CARTESIAN_POINT ( 'NONE',  ( 0.7248214206942993343, -0.1814271628486000265, 0.08656276086205001719 ) ) ;
#1249 = CIRCLE ( 'NONE', #7712, 0.1181102362205000006 ) ;
#1250 = CIRCLE ( 'NONE', #5603, 0.1478229366752999985 ) ;
#1251 = DIRECTION ( 'NONE',  ( 0.000000000000000000, -0.3569814713725814603, -0.9341114650279520593 ) ) ;
#1252 = CARTESIAN_POINT ( 'NONE',  ( 0.7362204724409237011, 0.2132525159129508574, 0.004729966016668370188 ) ) ;
#1253 = AXIS2_PLACEMENT_3D ( 'NONE', #1958, #351, #1057 ) ;
#1254 = CARTESIAN_POINT ( 'NONE',  ( 1.137305091335488960, 0.08888723182194857575, 0.05452264598343771473 ) ) ;
#1255 = CARTESIAN_POINT ( 'NONE',  ( 1.381743382962999922, 0.08756937829022991282, 0.05778523331519999640 ) ) ;
#1256 = ADVANCED_FACE ( 'NONE', ( #3261 ), #7246, .T. ) ;
#1257 = FACE_OUTER_BOUND ( 'NONE', #2073, .T. ) ;
#1258 = AXIS2_PLACEMENT_3D ( 'NONE', #5334, #1601, #9381 ) ;
#1259 = CARTESIAN_POINT ( 'NONE',  ( 1.342669660187000069, 0.06647380970487007379, -0.09379752038177008311 ) ) ;
#1260 = EDGE_CURVE ( 'NONE', #56, #539, #9361, .T. ) ;
#1261 = ORIENTED_EDGE ( 'NONE', *, *, #5713, .F. ) ;
#1262 = VERTEX_POINT ( 'NONE', #319 ) ;
#1263 = CARTESIAN_POINT ( 'NONE',  ( 1.266950931816000159, -0.08975114846854999329, -0.08081229706146003666 ) ) ;
#1264 = ORIENTED_EDGE ( 'NONE', *, *, #6368, .F. ) ;
#1265 = DIRECTION ( 'NONE',  ( 1.000000000000000000, 0.000000000000000000, 0.000000000000000000 ) ) ;
#1266 = ORIENTED_EDGE ( 'NONE', *, *, #7185, .T. ) ;
#1267 = DIRECTION ( 'NONE',  ( 1.000000000000000000, 0.000000000000000000, 0.000000000000000000 ) ) ;
#1268 = ORIENTED_EDGE ( 'NONE', *, *, #1698, .F. ) ;
#1269 = DIRECTION ( 'NONE',  ( 1.000000000000000000, 0.000000000000000000, 0.000000000000000000 ) ) ;
#1270 = CARTESIAN_POINT ( 'NONE',  ( 1.307742782152000016, -0.08864826967872008190, 0.05118110236220000525 ) ) ;
#1271 = ORIENTED_EDGE ( 'NONE', *, *, #7813, .T. ) ;
#1272 = CARTESIAN_POINT ( 'NONE',  ( 1.334939300093238579, 0.03705973968298999915, -0.09815346062893996748 ) ) ;
#1273 = ADVANCED_FACE ( 'NONE', ( #6222 ), #8864, .F. ) ;
#1274 = CARTESIAN_POINT ( 'NONE',  ( 1.134256172218249814, -0.1181102362205000422, 0.01546059376766979916 ) ) ;
#1275 = CARTESIAN_POINT ( 'NONE',  ( 1.304100277120000095, -0.08739191634506003614, 0.06408976397328995656 ) ) ;
#1276 = CARTESIAN_POINT ( 'NONE',  ( 1.136364862928000097, -0.03713300906567000570, 0.1148221979004000054 ) ) ;
#1277 = CARTESIAN_POINT ( 'NONE',  ( 0.5790964132382000473, 0.1215489618075999978, 0.08836058626626004664 ) ) ;
#1278 = EDGE_CURVE ( 'NONE', #2011, #6169, #453, .T. ) ;
#1279 = CARTESIAN_POINT ( 'NONE',  ( 1.103974354091000087, 0.1014740624988999945, 0.02436176700353999761 ) ) ;
#1280 = CARTESIAN_POINT ( 'NONE',  ( 1.191148539011000151, -0.09890783045037992993, 0.03213710226366000428 ) ) ;
#1281 =( NAMED_UNIT ( * ) PLANE_ANGLE_UNIT ( ) SI_UNIT ( $, .RADIAN. ) );
#1282 = CARTESIAN_POINT ( 'NONE',  ( 1.144918901877000073, 0.000000000000000000, -0.1181102362205000006 ) ) ;
#1283 = CARTESIAN_POINT ( 'NONE',  ( 1.269328684799999829, 0.008187792543227007808, 0.1040357683916000170 ) ) ;
#1284 = EDGE_LOOP ( 'NONE', ( #973, #9096, #6309, #3086 ) ) ;
#1285 = CARTESIAN_POINT ( 'NONE',  ( 1.073770628104000036, -0.1043480975359000057, -0.03320280092261999882 ) ) ;
#1286 = DIRECTION ( 'NONE',  ( -0.000000000000000000, 1.000000000000000000, 0.000000000000000000 ) ) ;
#1287 = CARTESIAN_POINT ( 'NONE',  ( 0.9819196039739999105, -0.09455477861633997116, 0.1774314742987000149 ) ) ;
#1288 = CARTESIAN_POINT ( 'NONE',  ( 0.7362204724408996093, 0.003937007874016000379, -0.1574310946703000036 ) ) ;
#1289 = CARTESIAN_POINT ( 'NONE',  ( 0.5787401574803000548, -0.1355270878622999997, -0.06006234021286004088 ) ) ;
#1290 = CARTESIAN_POINT ( 'NONE',  ( 1.093424706755000031, 0.1037857865099000160, -0.01090832572257000033 ) ) ;
#1291 = FACE_OUTER_BOUND ( 'NONE', #7330, .T. ) ;
#1292 = CARTESIAN_POINT ( 'NONE',  ( 0.5984251968503937480, 0.000000000000000000, 0.000000000000000000 ) ) ;
#1293 = EDGE_LOOP ( 'NONE', ( #8435, #7542, #5665, #2258, #3002 ) ) ;
#1294 = DIRECTION ( 'NONE',  ( 0.000000000000000000, -0.9233019039983419995, 0.3840749849613175337 ) ) ;
#1295 = CYLINDRICAL_SURFACE ( 'NONE', #2005, 0.08267716535433068670 ) ;
#1296 = CARTESIAN_POINT ( 'NONE',  ( 1.205871890161391624, 0.04979576510420846702, -0.09171239041669886072 ) ) ;
#1297 = DIRECTION ( 'NONE',  ( 1.000000000000000000, 0.000000000000000000, 0.000000000000000000 ) ) ;
#1298 = CARTESIAN_POINT ( 'NONE',  ( 0.7244094488188976833, -0.003937007874016000379, 1.917212598425000136 ) ) ;
#1299 = CARTESIAN_POINT ( 'NONE',  ( 1.328307783545999987, -0.1123595659811000014, 0.01180946625722000161 ) ) ;
#1300 = AXIS2_PLACEMENT_3D ( 'NONE', #3750, #3459, #3516 ) ;
#1301 = VERTEX_POINT ( 'NONE', #787 ) ;
#1302 = DIRECTION ( 'NONE',  ( 0.000000000000000000, 0.000000000000000000, -1.000000000000000000 ) ) ;
#1303 = CARTESIAN_POINT ( 'NONE',  ( 1.196363339102000101, 0.07677625263922992216, 0.08386786102918995789 ) ) ;
#1304 = CARTESIAN_POINT ( 'NONE',  ( 1.011811023621999928, 6.792578434980000706E-07, -1.159127080613000099E-06 ) ) ;
#1305 = DIRECTION ( 'NONE',  ( 0.000000000000000000, -1.692939283033999893E-09, -1.000000000000000000 ) ) ;
#1306 = DIRECTION ( 'NONE',  ( 0.000000000000000000, 0.000000000000000000, 1.000000000000000000 ) ) ;
#1307 = VECTOR ( 'NONE', #1845, 39.37007874015748143 ) ;
#1308 = EDGE_CURVE ( 'NONE', #9505, #8209, #9917, .T. ) ;
#1309 = CARTESIAN_POINT ( 'NONE',  ( 1.145659903190427098, -0.03208651937557416983, 0.09921750944447514653 ) ) ;
#1310 = EDGE_CURVE ( 'NONE', #5634, #5901, #640, .T. ) ;
#1311 = CARTESIAN_POINT ( 'NONE',  ( 1.363076170843000146, -0.01603268188042999975, -0.1036845180112000026 ) ) ;
#1312 = CARTESIAN_POINT ( 'NONE',  ( 0.7268675672382992614, -0.01551150613601999864, -0.2010874049501000238 ) ) ;
#1313 = AXIS2_PLACEMENT_3D ( 'NONE', #9540, #7163, #9484 ) ;
#1314 = CARTESIAN_POINT ( 'NONE',  ( 1.379136195620000116, 0.01753830351599999782, -0.1136184391083999989 ) ) ;
#1315 = EDGE_LOOP ( 'NONE', ( #9654, #8951, #1985, #1820, #1725 ) ) ;
#1316 = CARTESIAN_POINT ( 'NONE',  ( 1.279746207405999980, 0.1127504526622000042, -0.04328084370751000831 ) ) ;
#1317 = VERTEX_POINT ( 'NONE', #9168 ) ;
#1318 = CARTESIAN_POINT ( 'NONE',  ( 1.047973619356000086, 0.000000000000000000, -0.1023622047244000105 ) ) ;
#1319 = ORIENTED_EDGE ( 'NONE', *, *, #6312, .F. ) ;
#1320 = CARTESIAN_POINT ( 'NONE',  ( 1.405511811024000357, 0.000000000000000000, 0.000000000000000000 ) ) ;
#1321 = ORIENTED_EDGE ( 'NONE', *, *, #5314, .F. ) ;
#1322 = LINE ( 'NONE', #2124, #9162 ) ;
#1323 = ADVANCED_FACE ( 'NONE', ( #9213 ), #6020, .T. ) ;
#1324 = VECTOR ( 'NONE', #5564, 39.37007874015748143 ) ;
#1325 = ADVANCED_FACE ( 'NONE', ( #6840 ), #8355, .F. ) ;
#1326 = CARTESIAN_POINT ( 'NONE',  ( 1.054551308333354198, 0.02479898250639790691, 0.1161385814485653700 ) ) ;
#1327 = CARTESIAN_POINT ( 'NONE',  ( 1.357965182332999898, 0.06688174508140000418, -0.09453042579857992567 ) ) ;
#1328 = EDGE_CURVE ( 'NONE', #6004, #8031, #3093, .T. ) ;
#1329 = CARTESIAN_POINT ( 'NONE',  ( 1.046550635490000047, 0.1198629715095000103, 0.01399517874120000116 ) ) ;
#1330 = DIRECTION ( 'NONE',  ( -0.000000000000000000, 1.000000000000000000, 0.000000000000000000 ) ) ;
#1331 = B_SPLINE_CURVE_WITH_KNOTS ( 'NONE', 3,
 ( #5423, #9927, #2300, #4778, #8419, #8886, #4030, #6496, #4077, #3277, #1795, #8722, #7159, #2499, #3477, #4232, #7111, #8670 ),
 .UNSPECIFIED., .F., .F.,
 ( 4, 2, 2, 2, 2, 2, 2, 2, 4 ),
 ( 0.000000000000000000, 0.1249999999999999445, 0.2499999999999998890, 0.3749999999999999445, 0.5000000000000000000, 0.6250000000000000000, 0.7500000000000001110, 0.8750000000000000000, 1.000000000000000000 ),
 .UNSPECIFIED. ) ;
#1332 = CARTESIAN_POINT ( 'NONE',  ( 1.161553094249000218, -0.1043574676366000042, -1.222644606294000124E-13 ) ) ;
#1333 = CARTESIAN_POINT ( 'NONE',  ( 0.6498031496062991463, 0.5314960629921000601, -0.3740157480314960647 ) ) ;
#1334 = CARTESIAN_POINT ( 'NONE',  ( 1.286389052253999798, -0.04979507988139000169, -0.09171112839325000488 ) ) ;
#1335 = ORIENTED_EDGE ( 'NONE', *, *, #7979, .T. ) ;
#1336 = CARTESIAN_POINT ( 'NONE',  ( 0.6102362204723996708, 0.2716535433071000094, -0.3543307086614000401 ) ) ;
#1337 = AXIS2_PLACEMENT_3D ( 'NONE', #3722, #8448, #7608 ) ;
#1338 = CARTESIAN_POINT ( 'NONE',  ( 1.381889763779999836, 0.1023622047244000105, 0.000000000000000000 ) ) ;
#1339 = ADVANCED_FACE ( 'NONE', ( #6073 ), #5317, .F. ) ;
#1340 = EDGE_CURVE ( 'NONE', #3506, #5996, #2621, .T. ) ;
#1341 = LINE ( 'NONE', #4465, #101 ) ;
#1342 = VERTEX_POINT ( 'NONE', #7652 ) ;
#1343 = CARTESIAN_POINT ( 'NONE',  ( 1.057171425915000018, 0.09641372827659999700, 0.03993587396947000101 ) ) ;
#1344 = CARTESIAN_POINT ( 'NONE',  ( 0.7334685525345001622, -0.1411890770262000105, -0.06814614087067007164 ) ) ;
#1345 = CARTESIAN_POINT ( 'NONE',  ( 0.4724409448819000268, 0.000000000000000000, 0.000000000000000000 ) ) ;
#1346 = DIRECTION ( 'NONE',  ( 0.000000000000000000, 1.000000000000000000, 0.000000000000000000 ) ) ;
#1347 = CARTESIAN_POINT ( 'NONE',  ( 0.9999994263157997443, 0.1968503813425933613, 0.01764878449761714610 ) ) ;
#1348 = CARTESIAN_POINT ( 'NONE',  ( 0.7280600717204999128, 0.000000000000000000, 0.000000000000000000 ) ) ;
#1349 = CARTESIAN_POINT ( 'NONE',  ( 1.167417056127999953, 0.1022864650138999992, 0.05905511811023995972 ) ) ;
#1350 = CARTESIAN_POINT ( 'NONE',  ( 1.219547941027000038, -0.02099001011798000069, -0.1132519600808000043 ) ) ;
#1351 = ORIENTED_EDGE ( 'NONE', *, *, #8632, .F. ) ;
#1352 = CARTESIAN_POINT ( 'NONE',  ( 0.5787401574803000548, 0.1126864528502000001, -0.04687529344016000410 ) ) ;
#1353 = CARTESIAN_POINT ( 'NONE',  ( 1.077651615566999954, 0.08559591973735000692, 0.07707091225209999896 ) ) ;
#1354 = DIRECTION ( 'NONE',  ( 1.000000000000000000, 0.000000000000000000, 0.000000000000000000 ) ) ;
#1355 = DIRECTION ( 'NONE',  ( -1.000000000000000000, 0.000000000000000000, 0.000000000000000000 ) ) ;
#1356 = CARTESIAN_POINT ( 'NONE',  ( 0.5787401574803000548, -0.09693842135412991667, 0.07415168411053996156 ) ) ;
#1357 = CARTESIAN_POINT ( 'NONE',  ( 1.357645613934000073, -0.1041502681473000097, 0.01265890236404999987 ) ) ;
#1358 = EDGE_CURVE ( 'NONE', #5286, #17, #8271, .T. ) ;
#1359 = DIRECTION ( 'NONE',  ( 1.000000000000000000, 0.000000000000000000, 0.000000000000000000 ) ) ;
#1360 = CARTESIAN_POINT ( 'NONE',  ( 1.381162114255000128, 0.05272823041474999917, -0.1021590789016000034 ) ) ;
#1361 = CARTESIAN_POINT ( 'NONE',  ( 0.5866141732283000065, -0.1477865887740783812, -0.003277924012423253600 ) ) ;
#1362 = CARTESIAN_POINT ( 'NONE',  ( 1.294674028928000098, -0.05199372541013000393, 0.1090070711284999994 ) ) ;
#1363 = ORIENTED_EDGE ( 'NONE', *, *, #1520, .F. ) ;
#1364 = CARTESIAN_POINT ( 'NONE',  ( 0.4921259842520000483, -0.3740157480314960647, 0.3740157480314960647 ) ) ;
#1365 = CARTESIAN_POINT ( 'NONE',  ( 0.6561202481738996894, 0.1786918365619999949, 0.000000000000000000 ) ) ;
#1366 = ORIENTED_EDGE ( 'NONE', *, *, #8421, .T. ) ;
#1367 = CIRCLE ( 'NONE', #7004, 0.007874015748031005027 ) ;
#1368 = EDGE_LOOP ( 'NONE', ( #1351, #3080, #465, #6522 ) ) ;
#1369 = CARTESIAN_POINT ( 'NONE',  ( 0.7244094488188976833, 0.01574803149606000124, 0.2002676082188999951 ) ) ;
#1370 = DIRECTION ( 'NONE',  ( 0.000000000000000000, -1.000000000000000000, 0.000000000000000000 ) ) ;
#1371 = CARTESIAN_POINT ( 'NONE',  ( 0.7294037235237007533, 0.1269201138559999942, 0.09023588883991004450 ) ) ;
#1372 = CARTESIAN_POINT ( 'NONE',  ( 1.300933795630999867, -0.09185078575183996952, 0.06735972188037993302 ) ) ;
#1373 = ORIENTED_EDGE ( 'NONE', *, *, #7068, .T. ) ;
#1374 = CIRCLE ( 'NONE', #2328, 0.03149606299213000143 ) ;
#1375 = CARTESIAN_POINT ( 'NONE',  ( 1.075792476981999979, 0.008516954197802992926, -0.1203763223566999968 ) ) ;
#1376 = ADVANCED_FACE ( 'NONE', ( #8493 ), #4419, .T. ) ;
#1377 = EDGE_CURVE ( 'NONE', #1567, #5996, #2295, .T. ) ;
#1378 = CARTESIAN_POINT ( 'NONE',  ( 0.7280600717204999128, -0.1669210694110000448, 0.1138883778692999921 ) ) ;
#1379 = CARTESIAN_POINT ( 'NONE',  ( 1.213882490573999995, 0.04979507988139000169, -0.09171112839325000488 ) ) ;
#1380 = CIRCLE ( 'NONE', #6039, 0.3149606299213000282 ) ;
#1381 = VERTEX_POINT ( 'NONE', #4104 ) ;
#1382 = CARTESIAN_POINT ( 'NONE',  ( 1.173978735917999838, 0.000000000000000000, 0.1181102362205000006 ) ) ;
#1383 = CARTESIAN_POINT ( 'NONE',  ( 0.7362204724408996093, 0.003937007874016000379, -0.2132686289419000181 ) ) ;
#1384 = ORIENTED_EDGE ( 'NONE', *, *, #9258, .T. ) ;
#1385 = CARTESIAN_POINT ( 'NONE',  ( 0.7358047547447992276, -0.1325567376728999935, -0.08482895994423995945 ) ) ;
#1386 = ADVANCED_FACE ( 'NONE', ( #6218 ), #4080, .T. ) ;
#1387 = CARTESIAN_POINT ( 'NONE',  ( 0.7344555622518996740, 0.01022296413929000072, -0.1566955674076000171 ) ) ;
#1388 = ORIENTED_EDGE ( 'NONE', *, *, #6369, .F. ) ;
#1389 = CARTESIAN_POINT ( 'NONE',  ( 0.7277987937948995345, -0.01529488453125000050, -0.1545601098068999923 ) ) ;
#1390 = CARTESIAN_POINT ( 'NONE',  ( 0.9775928144086004634, 0.09401048560322008973, -0.1752593579672999946 ) ) ;
#1391 = CARTESIAN_POINT ( 'NONE',  ( 0.5787401574803000548, 0.01574803149606000124, 0.1210269775506999934 ) ) ;
#1392 = AXIS2_PLACEMENT_3D ( 'NONE', #7987, #2524, #4100 ) ;
#1393 = CARTESIAN_POINT ( 'NONE',  ( 0.8464566929133995332, 0.09399477469537993735, 0.1751968503937007815 ) ) ;
#1394 = EDGE_CURVE ( 'NONE', #98, #3215, #1632, .T. ) ;
#1395 = CARTESIAN_POINT ( 'NONE',  ( 0.7249764069818995793, -0.1253074966310999960, 0.09053057735837008457 ) ) ;
#1396 = DIRECTION ( 'NONE',  ( -1.000000000000000000, 0.000000000000000000, 0.000000000000000000 ) ) ;
#1397 = CARTESIAN_POINT ( 'NONE',  ( 0.06692913385827008177, 0.000000000000000000, 0.000000000000000000 ) ) ;
#1398 = CARTESIAN_POINT ( 'NONE',  ( 1.321910145751000298, -0.04958656040476999705, 0.1039603466461000020 ) ) ;
#1399 = CIRCLE ( 'NONE', #261, 0.1850394236137000714 ) ;
#1400 = ORIENTED_EDGE ( 'NONE', *, *, #2940, .T. ) ;
#1401 = CARTESIAN_POINT ( 'NONE',  ( 0.4921259842520000483, 0.5314960629921000601, 0.3740157480314960647 ) ) ;
#1402 = CARTESIAN_POINT ( 'NONE',  ( 1.091545501533000007, -0.1042255791066999948, -0.03386494350304000006 ) ) ;
#1403 = VECTOR ( 'NONE', #8589, 39.37007874015748143 ) ;
#1404 = CARTESIAN_POINT ( 'NONE',  ( 1.011811023621999928, 0.000000000000000000, 0.000000000000000000 ) ) ;
#1405 = CARTESIAN_POINT ( 'NONE',  ( 1.405511811032000180, 3.938926209335000074E-12, 0.07874015747192993075 ) ) ;
#1406 = CARTESIAN_POINT ( 'NONE',  ( 1.079654588936749704, 0.07258425826477091225, -0.09444883965335025555 ) ) ;
#1407 = CARTESIAN_POINT ( 'NONE',  ( 1.176509186351999858, 0.08864826967872008190, 0.05118110236220999726 ) ) ;
#1408 = CIRCLE ( 'NONE', #5280, 0.2020722792147000568 ) ;
#1409 = CARTESIAN_POINT ( 'NONE',  ( 1.318478180383999776, -0.07417709206638996300, 0.07053920873256003254 ) ) ;
#1410 = VECTOR ( 'NONE', #9042, 39.37007874015748854 ) ;
#1411 = CARTESIAN_POINT ( 'NONE',  ( 0.5841804246273000212, 0.1416844093523999815, -0.06361727143266003581 ) ) ;
#1412 = CARTESIAN_POINT ( 'NONE',  ( 1.328488229741000115, -0.1146329780352000199, 0.008719830749420001345 ) ) ;
#1413 = CARTESIAN_POINT ( 'NONE',  ( 1.362386909550781233, -0.01757307003663825459, 0.1176478435431808911 ) ) ;
#1414 = CARTESIAN_POINT ( 'NONE',  ( 1.169887754511000022, 0.1039604257334999921, 0.04958610995970999524 ) ) ;
#1415 = CIRCLE ( 'NONE', #7222, 0.03149606299213000143 ) ;
#1416 = DIRECTION ( 'NONE',  ( 0.000000000000000000, 1.692938938524999843E-09, 1.000000000000000000 ) ) ;
#1417 = VECTOR ( 'NONE', #7976, 39.37007874015748143 ) ;
#1418 = EDGE_LOOP ( 'NONE', ( #3673, #8080, #1969, #7077, #4253, #9000, #9912, #3447 ) ) ;
#1419 = CARTESIAN_POINT ( 'NONE',  ( 0.6498031496062991463, 0.4370078740156999597, -0.3543307086614000401 ) ) ;
#1420 = VERTEX_POINT ( 'NONE', #1728 ) ;
#1421 = DIRECTION ( 'NONE',  ( 0.000000000000000000, 0.000000000000000000, -1.000000000000000000 ) ) ;
#1422 = CARTESIAN_POINT ( 'NONE',  ( 1.213214978050000115, -0.01895210237017000074, -0.1022563938278000101 ) ) ;
#1423 = AXIS2_PLACEMENT_3D ( 'NONE', #2396, #8284, #5248 ) ;
#1424 = CARTESIAN_POINT ( 'NONE',  ( 1.326638082594999934, 0.1096037666887000050, 0.03736553965250000164 ) ) ;
#1425 = CIRCLE ( 'NONE', #8850, 0.1574803149605999708 ) ;
#1426 = CARTESIAN_POINT ( 'NONE',  ( 1.088324694764000178, 0.1059105072928999969, 0.05784429045201999742 ) ) ;
#1427 = ADVANCED_FACE ( 'NONE', ( #3304 ), #2450, .T. ) ;
#1428 = DIRECTION ( 'NONE',  ( 1.000000000000000000, 0.000000000000000000, 0.000000000000000000 ) ) ;
#1429 = CARTESIAN_POINT ( 'NONE',  ( 1.230942858027999964, -0.008187792543228997535, 0.1040357683916000170 ) ) ;
#1430 = CARTESIAN_POINT ( 'NONE',  ( 0.7362204724408996093, -0.1953992016068999971, -0.09462952120023997160 ) ) ;
#1431 = EDGE_LOOP ( 'NONE', ( #4135, #7382 ) ) ;
#1432 = EDGE_CURVE ( 'NONE', #9320, #6120, #7474, .T. ) ;
#1433 = CARTESIAN_POINT ( 'NONE',  ( 0.7362204724408996093, 0.000000000000000000, 0.000000000000000000 ) ) ;
#1434 = ORIENTED_EDGE ( 'NONE', *, *, #9595, .F. ) ;
#1435 = CARTESIAN_POINT ( 'NONE',  ( 0.7362204724408996093, -0.004479479497588000070, -0.1574175286396999884 ) ) ;
#1436 = EDGE_CURVE ( 'NONE', #1215, #7332, #21, .T. ) ;
#1437 = CARTESIAN_POINT ( 'NONE',  ( 0.7280600717204999128, 0.000000000000000000, 0.000000000000000000 ) ) ;
#1438 = CARTESIAN_POINT ( 'NONE',  ( 1.263029138097000015, 0.000000000000000000, -0.1181102362205000006 ) ) ;
#1439 = LINE ( 'NONE', #2285, #1797 ) ;
#1440 = EDGE_CURVE ( 'NONE', #146, #4087, #2478, .T. ) ;
#1441 = LINE ( 'NONE', #4513, #7663 ) ;
#1442 = CARTESIAN_POINT ( 'NONE',  ( 1.057507633556826088, -0.03091384888472867298, 0.1150338869240643686 ) ) ;
#1443 = CARTESIAN_POINT ( 'NONE',  ( 1.310672082083000012, -0.1049127410514000130, -0.0009340167972486004399 ) ) ;
#1444 = CARTESIAN_POINT ( 'NONE',  ( 1.242056163740249852, 0.1181102362205000561, -0.01546059376766952508 ) ) ;
#1445 = ORIENTED_EDGE ( 'NONE', *, *, #4736, .T. ) ;
#1446 = DIRECTION ( 'NONE',  ( -1.000000000000000000, 0.000000000000000000, 0.000000000000000000 ) ) ;
#1447 = CARTESIAN_POINT ( 'NONE',  ( 1.246237102583000134, -0.1086517079254000068, 0.01430426871551000040 ) ) ;
#1448 = EDGE_CURVE ( 'NONE', #7784, #200, #1494, .T. ) ;
#1449 = AXIS2_PLACEMENT_3D ( 'NONE', #2242, #687, #4663 ) ;
#1450 = ORIENTED_EDGE ( 'NONE', *, *, #881, .T. ) ;
#1451 = CARTESIAN_POINT ( 'NONE',  ( 0.8464566929133995332, -0.09399477469537993735, -0.1751968503937007815 ) ) ;
#1452 = CARTESIAN_POINT ( 'NONE',  ( 1.087280409669000081, -0.1023103873715000001, 0.03927327812244000432 ) ) ;
#1453 = CARTESIAN_POINT ( 'NONE',  ( 0.5787401574803000548, -0.1126864528502000001, -0.04687529344016000410 ) ) ;
#1454 = CARTESIAN_POINT ( 'NONE',  ( 0.7280600717204999128, -0.01516969372517000189, 0.2015020754713999773 ) ) ;
#1455 = CARTESIAN_POINT ( 'NONE',  ( 0.7362204724408996093, -0.1796511701107999792, 0.1219059118706000144 ) ) ;
#1456 = CARTESIAN_POINT ( 'NONE',  ( 1.097619735025488819, 0.09151694489180915715, 0.04998307417189121887 ) ) ;
#1457 = CARTESIAN_POINT ( 'NONE',  ( 1.315072888649000182, -0.08321982597356004929, 0.06103011843206004178 ) ) ;
#1458 = CARTESIAN_POINT ( 'NONE',  ( 0.7280600717204999128, 0.1820907631361000090, 0.08761369760209999913 ) ) ;
#1459 = CARTESIAN_POINT ( 'NONE',  ( 1.330514148376000128, -0.1114636815124000063, -0.02815288938012000183 ) ) ;
#1460 = EDGE_CURVE ( 'NONE', #3501, #9500, #6970, .T. ) ;
#1461 = CARTESIAN_POINT ( 'NONE',  ( 1.183001045629249459, -0.1181102362205000006, 0.01546059376766979396 ) ) ;
#1462 = CARTESIAN_POINT ( 'NONE',  ( 1.164588727091000031, 0.1178140280982000049, 0.01238275332683000038 ) ) ;
#1463 = FACE_OUTER_BOUND ( 'NONE', #8825, .T. ) ;
#1464 = AXIS2_PLACEMENT_3D ( 'NONE', #270, #3361, #5732 ) ;
#1465 = VERTEX_POINT ( 'NONE', #5672 ) ;
#1466 = VERTEX_POINT ( 'NONE', #3205 ) ;
#1467 = CARTESIAN_POINT ( 'NONE',  ( 0.7248214212811003865, 0.01574803149606000124, 0.2004019125857000039 ) ) ;
#1468 = DIRECTION ( 'NONE',  ( 0.000000000000000000, 0.7942696459338213222, 0.6075654117444163616 ) ) ;
#1469 = CARTESIAN_POINT ( 'NONE',  ( 0.7309195682576004049, 0.1415907422799000115, 0.06576448594976003204 ) ) ;
#1470 = CARTESIAN_POINT ( 'NONE',  ( 1.374076916068000198, -0.06200247697558996379, 0.1009414218523000117 ) ) ;
#1471 = AXIS2_PLACEMENT_3D ( 'NONE', #8775, #5695, #3324 ) ;
#1472 = VERTEX_POINT ( 'NONE', #3911 ) ;
#1473 = CARTESIAN_POINT ( 'NONE',  ( 1.084147288836000200, 0.1190025265978000152, -0.02003487350325000235 ) ) ;
#1474 = LINE ( 'NONE', #1333, #6538 ) ;
#1475 = VECTOR ( 'NONE', #5190, 39.37007874015748143 ) ;
#1476 = ORIENTED_EDGE ( 'NONE', *, *, #7300, .T. ) ;
#1477 = CARTESIAN_POINT ( 'NONE',  ( 1.198954669052000099, -0.09924984962422009338, 0.03224823102986000556 ) ) ;
#1478 = ORIENTED_EDGE ( 'NONE', *, *, #1149, .T. ) ;
#1479 = CARTESIAN_POINT ( 'NONE',  ( 0.9999994263157997443, -0.1600069736175617208, 0.1160143121460305848 ) ) ;
#1480 = VERTEX_POINT ( 'NONE', #932 ) ;
#1481 = CARTESIAN_POINT ( 'NONE',  ( 0.7244094488188976833, 0.1813108520207999952, 0.08649560877427991956 ) ) ;
#1482 = ORIENTED_EDGE ( 'NONE', *, *, #5764, .T. ) ;
#1483 = DIRECTION ( 'NONE',  ( 0.000000000000000000, 0.02217466440694089436, -0.9997541118987407494 ) ) ;
#1484 = CARTESIAN_POINT ( 'NONE',  ( 0.7256451598022993776, 0.1659362104997999798, 0.1139377565867999986 ) ) ;
#1485 = EDGE_CURVE ( 'NONE', #366, #7786, #7848, .T. ) ;
#1486 = DIRECTION ( 'NONE',  ( 0.000000000000000000, 1.000000000000000000, 0.000000000000000000 ) ) ;
#1487 = DIRECTION ( 'NONE',  ( 0.000000000000000000, 1.000000000000000000, 0.000000000000000000 ) ) ;
#1488 = CARTESIAN_POINT ( 'NONE',  ( 1.240063258831999971, 0.05948255673673390198, 0.1032031167347791933 ) ) ;
#1489 = CARTESIAN_POINT ( 'NONE',  ( 1.148199741771999793, 0.05948255673673449179, -0.1032031167347788186 ) ) ;
#1490 = DIRECTION ( 'NONE',  ( 0.000000000000000000, 1.000000000000000000, 0.000000000000000000 ) ) ;
#1491 = FACE_OUTER_BOUND ( 'NONE', #259, .T. ) ;
#1492 = CARTESIAN_POINT ( 'NONE',  ( 1.166244361194499923, -0.03091510445189072157, 0.1150361429136074198 ) ) ;
#1493 = CARTESIAN_POINT ( 'NONE',  ( 1.280357837491000073, -0.06207203992786004126, 0.09031537852314999726 ) ) ;
#1494 = CIRCLE ( 'NONE', #9241, 0.08267716535433068670 ) ;
#1495 = CARTESIAN_POINT ( 'NONE',  ( 0.5511811023621999706, 0.000000000000000000, 0.000000000000000000 ) ) ;
#1496 = ORIENTED_EDGE ( 'NONE', *, *, #8379, .F. ) ;
#1497 = CARTESIAN_POINT ( 'NONE',  ( 1.151256787621999900, 0.1001147699759999954, 0.04457396741637999898 ) ) ;
#1498 = CYLINDRICAL_SURFACE ( 'NONE', #9024, 0.08267716535433068670 ) ;
#1499 = EDGE_CURVE ( 'NONE', #7434, #4087, #4244, .T. ) ;
#1500 = EDGE_CURVE ( 'NONE', #1627, #8399, #6377, .T. ) ;
#1501 = CARTESIAN_POINT ( 'NONE',  ( 1.298650651928999977, -0.1022864650138999992, 0.05905511811023995972 ) ) ;
#1502 = CARTESIAN_POINT ( 'NONE',  ( 1.101797140953427068, 0.04101228158959681347, 0.09587310188379137565 ) ) ;
#1503 = CARTESIAN_POINT ( 'NONE',  ( 1.343797955620000151, 0.009271783374325000271, 0.1045062686985000072 ) ) ;
#1504 = FACE_OUTER_BOUND ( 'NONE', #6271, .T. ) ;
#1505 = EDGE_CURVE ( 'NONE', #6934, #4586, #7752, .T. ) ;
#1506 = DIRECTION ( 'NONE',  ( -1.000000000000000000, 0.000000000000000000, 0.000000000000000000 ) ) ;
#1507 = CARTESIAN_POINT ( 'NONE',  ( 0.5810295054656000602, -0.1242893878148000064, 0.08994277195919998802 ) ) ;
#1508 = DIRECTION ( 'NONE',  ( 0.000000000000000000, 1.000000000000000000, 0.000000000000000000 ) ) ;
#1509 = CARTESIAN_POINT ( 'NONE',  ( 1.326458709401332703, -0.07690747405743691978, 0.09197940250215738689 ) ) ;
#1510 = ORIENTED_EDGE ( 'NONE', *, *, #9062, .T. ) ;
#1511 = ORIENTED_EDGE ( 'NONE', *, *, #3612, .T. ) ;
#1512 = CYLINDRICAL_SURFACE ( 'NONE', #6221, 0.1181102362205000006 ) ;
#1513 = EDGE_CURVE ( 'NONE', #5852, #2672, #8108, .T. ) ;
#1514 = DIRECTION ( 'NONE',  ( 0.000000000000000000, 1.000000000000000000, 0.000000000000000000 ) ) ;
#1515 = VERTEX_POINT ( 'NONE', #2532 ) ;
#1516 = EDGE_CURVE ( 'NONE', #6169, #5269, #5619, .T. ) ;
#1517 = DIRECTION ( 'NONE',  ( -1.000000000000000000, 0.000000000000000000, 0.000000000000000000 ) ) ;
#1518 = CARTESIAN_POINT ( 'NONE',  ( 1.366847585359000306, 0.06885119082462007323, 0.1000107849455000170 ) ) ;
#1519 = FACE_OUTER_BOUND ( 'NONE', #1284, .T. ) ;
#1520 = EDGE_CURVE ( 'NONE', #4862, #5659, #2161, .T. ) ;
#1521 = CARTESIAN_POINT ( 'NONE',  ( 1.297840510416999882, -0.04958656040476999705, 0.1039603466461000020 ) ) ;
#1522 = VERTEX_POINT ( 'NONE', #2116 ) ;
#1523 = CARTESIAN_POINT ( 'NONE',  ( 0.7334836223767007279, 0.1836196114857999717, -0.09264710434643995407 ) ) ;
#1524 = ORIENTED_EDGE ( 'NONE', *, *, #6884, .T. ) ;
#1525 = CARTESIAN_POINT ( 'NONE',  ( 1.194746118350000108, -0.09924984962422009338, 0.03224823102986000556 ) ) ;
#1526 = ORIENTED_EDGE ( 'NONE', *, *, #8345, .T. ) ;
#1527 = CARTESIAN_POINT ( 'NONE',  ( 1.356627292219238390, -0.06602625533717991491, 0.08153563497254999459 ) ) ;
#1528 = ORIENTED_EDGE ( 'NONE', *, *, #8393, .T. ) ;
#1529 = VECTOR ( 'NONE', #5125, 39.37007874015748143 ) ;
#1530 = DIRECTION ( 'NONE',  ( -1.000000000000000000, -1.381641135433000285E-14, 0.000000000000000000 ) ) ;
#1531 = EDGE_LOOP ( 'NONE', ( #9194, #6492 ) ) ;
#1532 = DIRECTION ( 'NONE',  ( 0.000000000000000000, -0.8660254037844288266, 0.5000000000000169864 ) ) ;
#1533 = DIRECTION ( 'NONE',  ( 1.000000000000000000, 0.000000000000000000, 0.000000000000000000 ) ) ;
#1534 = CARTESIAN_POINT ( 'NONE',  ( 1.239243048858249985, 0.07258425826477024612, 0.09444883965335072740 ) ) ;
#1535 = DIRECTION ( 'NONE',  ( 1.000000000000000000, 0.000000000000000000, 0.000000000000000000 ) ) ;
#1536 = AXIS2_PLACEMENT_3D ( 'NONE', #8634, #1669, #4745 ) ;
#1537 = DIRECTION ( 'NONE',  ( 0.000000000000000000, 1.000000000000000000, 0.000000000000000000 ) ) ;
#1538 = LINE ( 'NONE', #2337, #7698 ) ;
#1539 = CARTESIAN_POINT ( 'NONE',  ( -0.07814960629921002822, 0.000000000000000000, 0.000000000000000000 ) ) ;
#1540 = CARTESIAN_POINT ( 'NONE',  ( 1.305948388672000249, 0.1095517057267000050, -0.002868712385264000214 ) ) ;
#1541 = ORIENTED_EDGE ( 'NONE', *, *, #7132, .T. ) ;
#1542 = CIRCLE ( 'NONE', #7025, 0.08267716535433068670 ) ;
#1543 = CARTESIAN_POINT ( 'NONE',  ( 0.7244094488188976833, 1.917212598425000136, 1.111449274906000095 ) ) ;
#1544 = ORIENTED_EDGE ( 'NONE', *, *, #8103, .F. ) ;
#1545 = LINE ( 'NONE', #800, #2432 ) ;
#1546 = CARTESIAN_POINT ( 'NONE',  ( 1.119268598646000035, -0.002868712373963000148, 0.1095517057279000034 ) ) ;
#1547 = CARTESIAN_POINT ( 'NONE',  ( 1.337200520695249972, -0.09444883965335044984, 0.07258425826477060694 ) ) ;
#1548 = EDGE_LOOP ( 'NONE', ( #9743, #9858, #7791, #9138 ) ) ;
#1549 = VECTOR ( 'NONE', #3936, 39.37007874015748143 ) ;
#1550 = CARTESIAN_POINT ( 'NONE',  ( 0.8661417314172992210, 0.09349875700218997221, -0.1732283472187000350 ) ) ;
#1551 = SURFACE_STYLE_FILL_AREA ( #9982 ) ;
#1552 = CARTESIAN_POINT ( 'NONE',  ( 1.103885843916488918, 0.007384749952972953502, 0.1040150199449116492 ) ) ;
#1553 = FACE_OUTER_BOUND ( 'NONE', #211, .T. ) ;
#1554 = CARTESIAN_POINT ( 'NONE',  ( 1.348617509426000005, -0.06602625533717991491, 0.08153563497254999459 ) ) ;
#1555 = B_SPLINE_CURVE_WITH_KNOTS ( 'NONE', 3,
 ( #9762, #601, #3493, #4836, #6298, #9106, #46, #5492, #2705, #3047, #9863 ),
 .UNSPECIFIED., .F., .F.,
 ( 4, 1, 1, 1, 1, 1, 1, 1, 4 ),
 ( 0.000000000000000000, 0.1250000000000000000, 0.2500000000000000000, 0.3750000000000000000, 0.5000000000000000000, 0.6250000000000000000, 0.7500000000000000000, 0.8750000000000000000, 1.000000000000000000 ),
 .UNSPECIFIED. ) ;
#1556 = EDGE_CURVE ( 'NONE', #2185, #7686, #540, .T. ) ;
#1557 = CARTESIAN_POINT ( 'NONE',  ( 0.5787401574803000548, 0.1351639017700000112, 0.05985265462468995767 ) ) ;
#1558 = DIRECTION ( 'NONE',  ( 1.000000000000000000, 0.000000000000000000, 0.000000000000000000 ) ) ;
#1559 = VECTOR ( 'NONE', #5968, 39.37007874015748143 ) ;
#1560 = CARTESIAN_POINT ( 'NONE',  ( 0.5830288604789000129, -0.1255515169379000096, 0.09067146254816003947 ) ) ;
#1561 = CARTESIAN_POINT ( 'NONE',  ( 1.170986364885999942, 0.05199372541013000393, 0.1090070711284999994 ) ) ;
#1562 = CARTESIAN_POINT ( 'NONE',  ( 0.5787401574803000548, 0.1194158702739000072, -0.08712904529506003415 ) ) ;
#1563 = ORIENTED_EDGE ( 'NONE', *, *, #4098, .T. ) ;
#1564 = AXIS2_PLACEMENT_3D ( 'NONE', #931, #7030, #4011 ) ;
#1565 = CARTESIAN_POINT ( 'NONE',  ( 0.7276665996183996343, 0.01529757215837000001, 0.2013642080919000044 ) ) ;
#1566 = DIRECTION ( 'NONE',  ( 1.000000000000000000, 0.000000000000000000, 0.000000000000000000 ) ) ;
#1567 = VERTEX_POINT ( 'NONE', #1458 ) ;
#1568 = CARTESIAN_POINT ( 'NONE',  ( 1.356862856621793734, -0.05376328736756002397, -0.09009934633941185655 ) ) ;
#1569 = CARTESIAN_POINT ( 'NONE',  ( 1.325881378010000056, 0.09183071142147009036, 0.07943411055459999315 ) ) ;
#1570 = ADVANCED_FACE ( 'NONE', ( #705 ), #8272, .T. ) ;
#1571 = VECTOR ( 'NONE', #7610, 39.37007874015748854 ) ;
#1572 = AXIS2_PLACEMENT_3D ( 'NONE', #7594, #2020, #5161 ) ;
#1573 = DIRECTION ( 'NONE',  ( 0.000000000000000000, -1.000000000000000000, 0.000000000000000000 ) ) ;
#1574 = ORIENTED_EDGE ( 'NONE', *, *, #6704, .F. ) ;
#1576 = CARTESIAN_POINT ( 'NONE',  ( 1.226367884294000010, -0.09764474495492007911, 0.04975248256392000856 ) ) ;
#1575 = AXIS2_PLACEMENT_3D ( 'NONE', #3872, #1593, #7757 ) ;
#1577 = DIRECTION ( 'NONE',  ( -1.000000000000000000, 0.000000000000000000, 0.000000000000000000 ) ) ;
#1578 = CARTESIAN_POINT ( 'NONE',  ( 1.299240869005999999, 0.08279234551820000010, 0.06352880097637007839 ) ) ;
#1579 = AXIS2_PLACEMENT_3D ( 'NONE', #3259, #266, #3305 ) ;
#1580 = ORIENTED_EDGE ( 'NONE', *, *, #6143, .T. ) ;
#1581 = AXIS2_PLACEMENT_3D ( 'NONE', #5988, #9089, #2881 ) ;
#1582 = CARTESIAN_POINT ( 'NONE',  ( 0.9999994263157994112, -0.1850830063396412262, -0.06932411552445535974 ) ) ;
#1583 = ORIENTED_EDGE ( 'NONE', *, *, #2679, .T. ) ;
#1584 = EDGE_LOOP ( 'NONE', ( #6000, #4015, #7417, #2422, #1818 ) ) ;
#1585 = LINE ( 'NONE', #4556, #5911 ) ;
#1586 = CARTESIAN_POINT ( 'NONE',  ( 0.6104330708661004357, -0.5314960629921000601, 0.5314960629921000601 ) ) ;
#1587 = CARTESIAN_POINT ( 'NONE',  ( 1.288808132243999927, 0.05948255673673389504, 0.1032031167347791933 ) ) ;
#1588 = EDGE_CURVE ( 'NONE', #1213, #6393, #7308, .T. ) ;
#1589 = DIRECTION ( 'NONE',  ( 0.000000000000000000, 0.000000000000000000, -1.000000000000000000 ) ) ;
#1590 = DIRECTION ( 'NONE',  ( 0.7071067811865475727, 0.000000000000000000, 0.7071067811865475727 ) ) ;
#1591 = FACE_OUTER_BOUND ( 'NONE', #2324, .T. ) ;
#1592 = DIRECTION ( 'NONE',  ( -1.000000000000000000, 0.000000000000000000, 0.000000000000000000 ) ) ;
#1593 = DIRECTION ( 'NONE',  ( 1.000000000000000000, 0.000000000000000000, 0.000000000000000000 ) ) ;
#1594 = DIRECTION ( 'NONE',  ( 0.000000000000000000, 1.000000000000000000, 0.000000000000000000 ) ) ;
#1595 = CARTESIAN_POINT ( 'NONE',  ( 1.192535692557999960, 0.1110198245320000027, 0.02455625467835000422 ) ) ;
#1596 = EDGE_LOOP ( 'NONE', ( #3999, #202, #8179, #935 ) ) ;
#1597 = CARTESIAN_POINT ( 'NONE',  ( 0.7244094488188976833, -0.01574803149606000124, 0.2002676082188999951 ) ) ;
#1598 = CARTESIAN_POINT ( 'NONE',  ( 1.062723794045000059, -0.009037381966782009196, -0.1148254246533000067 ) ) ;
#1599 = CARTESIAN_POINT ( 'NONE',  ( 0.7283464566928996575, 0.000000000000000000, 0.2263779527559000304 ) ) ;
#1600 = CARTESIAN_POINT ( 'NONE',  ( 1.095238578438000099, 0.000000000000000000, 0.1181102362205000006 ) ) ;
#1601 = DIRECTION ( 'NONE',  ( -1.000000000000000000, 0.000000000000000000, 0.000000000000000000 ) ) ;
#1602 = CARTESIAN_POINT ( 'NONE',  ( 1.322720966597999981, 0.03705973968298999915, -0.09815346062893996748 ) ) ;
#1603 = CIRCLE ( 'NONE', #1757, 0.01181102362205000735 ) ;
#1604 = CARTESIAN_POINT ( 'NONE',  ( 1.317749363439026711, -0.07157135887411535113, 0.07536126796086271840 ) ) ;
#1605 = CARTESIAN_POINT ( 'NONE',  ( 1.342414453114999962, 0.1037894890814000243, 0.001630455583772000196 ) ) ;
#1606 = CARTESIAN_POINT ( 'NONE',  ( 0.5788054723971000071, -0.1204948773236000081, 0.08775201030567993110 ) ) ;
#1607 = CARTESIAN_POINT ( 'NONE',  ( 1.252023110293000174, 0.009475668413427007497, 0.1203997828730999919 ) ) ;
#1608 = CARTESIAN_POINT ( 'NONE',  ( 1.058592467646333191, -0.02873864380703613358, -0.1154584617648212602 ) ) ;
#1609 = CARTESIAN_POINT ( 'NONE',  ( 1.562992125983999836, 0.000000000000000000, 0.000000000000000000 ) ) ;
#1610 = B_SPLINE_CURVE_WITH_KNOTS ( 'NONE', 3,
 ( #2400, #952, #996, #4031, #5475, #4078, #288, #7112, #8558, #3380, #6294, #9379, #2448, #1241, #7312, #9774, #8887, #9678 ),
 .UNSPECIFIED., .F., .F.,
 ( 4, 2, 2, 2, 2, 2, 2, 2, 4 ),
 ( 0.000000000000000000, 0.1250000000000000278, 0.2500000000000000555, 0.3750000000000001110, 0.5000000000000001110, 0.6250000000000001110, 0.7500000000000002220, 0.8750000000000001110, 1.000000000000000000 ),
 .UNSPECIFIED. ) ;
#1611 = EDGE_CURVE ( 'NONE', #8209, #7937, #6042, .T. ) ;
#1612 = CARTESIAN_POINT ( 'NONE',  ( 1.405511811032000180, -3.938887821163999940E-12, -0.07874015747192993075 ) ) ;
#1613 = CARTESIAN_POINT ( 'NONE',  ( 1.354453079718793918, -0.08363897360172307949, -0.06334749698178344934 ) ) ;
#1614 = CARTESIAN_POINT ( 'NONE',  ( 0.5787401574803000548, 0.09693842135412991667, -0.07415168411053996156 ) ) ;
#1615 = ORIENTED_EDGE ( 'NONE', *, *, #715, .F. ) ;
#1616 = CIRCLE ( 'NONE', #2414, 0.2417915662690000023 ) ;
#1617 = CARTESIAN_POINT ( 'NONE',  ( 0.7248214212811003865, 0.1814271630142999803, 0.08656276095768995760 ) ) ;
#1618 = ORIENTED_EDGE ( 'NONE', *, *, #4956, .F. ) ;
#1619 = EDGE_LOOP ( 'NONE', ( #978, #2071, #7260, #4585 ) ) ;
#1620 = CARTESIAN_POINT ( 'NONE',  ( 1.207174970907999967, 0.1012472735857000011, -0.04193799387248999672 ) ) ;
#1621 = EDGE_LOOP ( 'NONE', ( #4350, #8852, #6784, #3555 ) ) ;
#1622 = FACE_OUTER_BOUND ( 'NONE', #9960, .T. ) ;
#1623 = ADVANCED_FACE ( 'NONE', ( #3074 ), #198, .T. ) ;
#1624 = VERTEX_POINT ( 'NONE', #3790 ) ;
#1625 = EDGE_CURVE ( 'NONE', #971, #255, #7778, .T. ) ;
#1626 = CARTESIAN_POINT ( 'NONE',  ( 1.297108323074000147, 0.09924984962422009338, 0.03224823102986000556 ) ) ;
#1627 = VERTEX_POINT ( 'NONE', #6775 ) ;
#1628 = CONICAL_SURFACE ( 'NONE', #4217, 0.2911095653060999933, 1.042721878368327637 ) ;
#1629 = ORIENTED_EDGE ( 'NONE', *, *, #2055, .T. ) ;
#1630 = ORIENTED_EDGE ( 'NONE', *, *, #4761, .T. ) ;
#1631 = CARTESIAN_POINT ( 'NONE',  ( 1.208075069855749639, -0.07258425826477071796, 0.09444883965335035270 ) ) ;
#1632 = LINE ( 'NONE', #4706, #7957 ) ;
#1633 = CARTESIAN_POINT ( 'NONE',  ( 1.213348814658000041, 0.000000000000000000, 0.1181102362205000006 ) ) ;
#1634 = LINE ( 'NONE', #269, #6857 ) ;
#1635 = CIRCLE ( 'NONE', #676, 0.1553113939093999918 ) ;
#1636 = DIRECTION ( 'NONE',  ( 0.5038710255241108937, -1.888628205223039533E-11, -0.8637789008984189110 ) ) ;
#1637 = B_SPLINE_CURVE_WITH_KNOTS ( 'NONE', 3,
 ( #4249, #9596, #2731, #5807, #7328, #2681, #8028, #5761, #407, #9736, #8898, #8127, #1205, #459, #3546, #6620, #5089, #8176 ),
 .UNSPECIFIED., .F., .F.,
 ( 4, 2, 2, 2, 2, 2, 2, 2, 4 ),
 ( 0.000000000000000000, 0.1250000000000000000, 0.2500000000000000000, 0.3750000000000000000, 0.5000000000000000000, 0.6250000000000000000, 0.7500000000000000000, 0.8750000000000000000, 1.000000000000000000 ),
 .UNSPECIFIED. ) ;
#1638 = FACE_OUTER_BOUND ( 'NONE', #728, .T. ) ;
#1639 = DIRECTION ( 'NONE',  ( -1.000000000000000000, 3.231373011054999597E-14, 0.000000000000000000 ) ) ;
#1640 = CARTESIAN_POINT ( 'NONE',  ( 1.146091596810499880, -0.1150361429136074476, -0.03091510445189083259 ) ) ;
#1641 = VERTEX_POINT ( 'NONE', #9840 ) ;
#1642 = CARTESIAN_POINT ( 'NONE',  ( 0.5787401574803000548, -0.01574803149606000124, -0.1469816999198000074 ) ) ;
#1643 = CARTESIAN_POINT ( 'NONE',  ( 1.079025812555999941, -0.08326346551735000490, -0.06217530177583996398 ) ) ;
#1644 = EDGE_CURVE ( 'NONE', #2790, #9249, #1012, .T. ) ;
#1645 = CARTESIAN_POINT ( 'NONE',  ( 1.204620119503999831, -0.06273188960587008922, 0.09659863943552993160 ) ) ;
#1646 = ORIENTED_EDGE ( 'NONE', *, *, #8413, .F. ) ;
#1647 = EDGE_CURVE ( 'NONE', #8882, #7188, #189, .T. ) ;
#1648 = B_SPLINE_CURVE_WITH_KNOTS ( 'NONE', 3,
 ( #586, #6597, #8204, #1184, #3572, #5124, #1287, #2654, #4225, #9671, #4365, #1891, #8055 ),
 .UNSPECIFIED., .F., .F.,
 ( 4, 1, 1, 1, 1, 1, 1, 1, 1, 1, 4 ),
 ( 0.000000000000000000, 0.1000000000000000056, 0.2000000000000000111, 0.2999999999999999889, 0.4000000000000000222, 0.5000000000000000000, 0.5999999999999999778, 0.6999999999999999556, 0.8000000000000000444, 0.9000000000000000222, 1.000000000000000000 ),
 .UNSPECIFIED. ) ;
#1649 = CARTESIAN_POINT ( 'NONE',  ( 1.144549267955999872, 0.04737729888396000760, 0.09298318451212993219 ) ) ;
#1650 = CARTESIAN_POINT ( 'NONE',  ( 0.7280600717204999128, 0.1669210694110000448, -0.1138883778692999921 ) ) ;
#1651 = CARTESIAN_POINT ( 'NONE',  ( 1.175813403245999922, 0.01357444289809000074, -0.1031081313059000193 ) ) ;
#1652 = DIRECTION ( 'NONE',  ( -1.000000000000000000, 0.000000000000000000, 0.000000000000000000 ) ) ;
#1653 = CARTESIAN_POINT ( 'NONE',  ( 1.176509186351999858, 0.08864826967872008190, 0.05118110236220999726 ) ) ;
#1654 = CARTESIAN_POINT ( 'NONE',  ( 0.7244094488188976833, 0.1655628205247000329, 0.1137719994447000116 ) ) ;
#1655 = AXIS2_PLACEMENT_3D ( 'NONE', #4155, #7947, #7793 ) ;
#1656 = CARTESIAN_POINT ( 'NONE',  ( 1.326929517300000194, 0.03705973968298999915, -0.09815346062893996748 ) ) ;
#1657 = CARTESIAN_POINT ( 'NONE',  ( 1.234744123898482426, -0.008187792543228997535, 0.1040357683916000170 ) ) ;
#1658 = LINE ( 'NONE', #7675, #7451 ) ;
#1659 = CARTESIAN_POINT ( 'NONE',  ( 0.6102362204723996708, 0.3740157480314960647, -0.3740157480314960647 ) ) ;
#1660 = LINE ( 'NONE', #6105, #7830 ) ;
#1661 = CARTESIAN_POINT ( 'NONE',  ( 0.7362204724408996093, 0.004661252063347999866, 0.2125308915757999906 ) ) ;
#1662 = DIRECTION ( 'NONE',  ( 0.000000000000000000, 0.000000000000000000, 1.000000000000000000 ) ) ;
#1663 = CARTESIAN_POINT ( 'NONE',  ( 0.9842519685038996213, 0.000000000000000000, 0.000000000000000000 ) ) ;
#1664 = CARTESIAN_POINT ( 'NONE',  ( 1.371321518039731124, 0.1028563003919946983, 0.02071144572227842304 ) ) ;
#1665 = CARTESIAN_POINT ( 'NONE',  ( 1.303219426811750070, 0.01546059376767017733, -0.1181102362205000006 ) ) ;
#1666 = ORIENTED_EDGE ( 'NONE', *, *, #7690, .T. ) ;
#1667 = CARTESIAN_POINT ( 'NONE',  ( 0.6115386739812992412, -0.09988330913186005411, 0.07585191586174999667 ) ) ;
#1668 = ORIENTED_EDGE ( 'NONE', *, *, #5558, .F. ) ;
#1669 = DIRECTION ( 'NONE',  ( 1.000000000000000000, 0.000000000000000000, 0.000000000000000000 ) ) ;
#1670 = ORIENTED_EDGE ( 'NONE', *, *, #2813, .F. ) ;
#1671 = CARTESIAN_POINT ( 'NONE',  ( 1.243794674779999943, -0.03483523850941000477, -0.09837167889972008028 ) ) ;
#1672 = ORIENTED_EDGE ( 'NONE', *, *, #2125, .F. ) ;
#1673 = VECTOR ( 'NONE', #7106, 39.37007874015748143 ) ;
#1674 = CARTESIAN_POINT ( 'NONE',  ( 0.6104330708661004357, 0.3543307086614000401, 0.3543307086614000401 ) ) ;
#1675 = EDGE_CURVE ( 'NONE', #1060, #4440, #7627, .T. ) ;
#1676 = DIRECTION ( 'NONE',  ( -1.000000000000000000, 0.000000000000000000, 0.000000000000000000 ) ) ;
#1677 = CARTESIAN_POINT ( 'NONE',  ( 0.8188976377952992269, 0.000000000000000000, 0.000000000000000000 ) ) ;
#1678 = EDGE_CURVE ( 'NONE', #1515, #9422, #4713, .T. ) ;
#1679 = CARTESIAN_POINT ( 'NONE',  ( 1.231393434081416549, -0.03091510445189049605, -0.1150361429136075170 ) ) ;
#1680 = ORIENTED_EDGE ( 'NONE', *, *, #9832, .F. ) ;
#1681 = DIRECTION ( 'NONE',  ( 0.000000000000000000, 1.000000000000000000, 0.000000000000000000 ) ) ;
#1682 = B_SPLINE_CURVE_WITH_KNOTS ( 'NONE', 3,
 ( #874, #6115, #7087, #7741 ),
 .UNSPECIFIED., .F., .F.,
 ( 4, 4 ),
 ( 0.000000000000000000, 1.000000000000000000 ),
 .UNSPECIFIED. ) ;
#1683 = CARTESIAN_POINT ( 'NONE',  ( 1.088989991407000035, -0.09924984962000001076, -0.03224823098968999935 ) ) ;
#1684 = CARTESIAN_POINT ( 'NONE',  ( 1.310571111188999938, -0.1014506417467999910, 0.01066289211801000128 ) ) ;
#1685 = CARTESIAN_POINT ( 'NONE',  ( 0.7362204724408996093, 0.01574803149606000124, 0.2165354330709000075 ) ) ;
#1686 = CARTESIAN_POINT ( 'NONE',  ( 1.137889497073000022, -0.05948255673673431138, 0.1032031167347789297 ) ) ;
#1687 = LINE ( 'NONE', #7959, #5597 ) ;
#1688 = AXIS2_PLACEMENT_3D ( 'NONE', #9616, #5016, #7403 ) ;
#1689 = CARTESIAN_POINT ( 'NONE',  ( 1.169850964433000184, 0.1092636090081000044, -0.007239481813024999622 ) ) ;
#1690 = CIRCLE ( 'NONE', #3798, 0.2020722792146999736 ) ;
#1691 = CARTESIAN_POINT ( 'NONE',  ( 1.209983821742999899, -0.1023103873717999962, -0.03927327811942000341 ) ) ;
#1692 = ADVANCED_FACE ( 'NONE', ( #1504 ), #6914, .F. ) ;
#1693 = CARTESIAN_POINT ( 'NONE',  ( 1.069910160345000083, -0.01901763795452000166, 0.1026099921951000027 ) ) ;
#1694 = ADVANCED_FACE ( 'NONE', ( #9047 ), #6149, .T. ) ;
#1695 = CARTESIAN_POINT ( 'NONE',  ( 1.055342851884000011, -0.02704998303608000323, -0.1103325214624999995 ) ) ;
#1696 = CARTESIAN_POINT ( 'NONE',  ( 1.086246474113000016, -0.1039622099305999997, 0.002722346275402999938 ) ) ;
#1697 = DIRECTION ( 'NONE',  ( 0.000000000000000000, 0.000000000000000000, 1.000000000000000000 ) ) ;
#1698 = EDGE_CURVE ( 'NONE', #8527, #120, #6096, .T. ) ;
#1699 = FACE_OUTER_BOUND ( 'NONE', #6779, .T. ) ;
#1700 = CARTESIAN_POINT ( 'NONE',  ( 0.5841804246273000212, 0.1416844093523999815, 0.06361727143266003581 ) ) ;
#1701 = AXIS2_PLACEMENT_3D ( 'NONE', #1019, #7235, #5773 ) ;
#1702 = CARTESIAN_POINT ( 'NONE',  ( 1.211286118649482546, -0.05217873381839999852, -0.09037621804783996238 ) ) ;
#1703 = DIRECTION ( 'NONE',  ( 0.000000000000000000, 0.000000000000000000, 1.000000000000000000 ) ) ;
#1704 = CARTESIAN_POINT ( 'NONE',  ( 1.000000086036999969, 0.09349879745523995145, 0.1732284221662000190 ) ) ;
#1705 = CARTESIAN_POINT ( 'NONE',  ( 1.166119934326000029, -0.02510992795911999934, 0.1181329231232999960 ) ) ;
#1706 = AXIS2_PLACEMENT_3D ( 'NONE', #6633, #7392, #7441 ) ;
#1707 = CARTESIAN_POINT ( 'NONE',  ( 0.7294508865112008245, 0.01465515893891999877, 0.2020564412947000177 ) ) ;
#1708 = ORIENTED_EDGE ( 'NONE', *, *, #8509, .F. ) ;
#1709 = CARTESIAN_POINT ( 'NONE',  ( -0.01636863887313999913, 0.000000000000000000, 0.000000000000000000 ) ) ;
#1710 = ORIENTED_EDGE ( 'NONE', *, *, #4223, .T. ) ;
#1711 = DIRECTION ( 'NONE',  ( 1.000000000000000000, 0.000000000000000000, 0.000000000000000000 ) ) ;
#1712 = ORIENTED_EDGE ( 'NONE', *, *, #2600, .T. ) ;
#1713 = CARTESIAN_POINT ( 'NONE',  ( 0.07086614173227992475, -1.433350833857000076E-12, 0.2795275590551000167 ) ) ;
#1714 = CIRCLE ( 'NONE', #5104, 0.1692913385827000128 ) ;
#1715 = ORIENTED_EDGE ( 'NONE', *, *, #6663, .T. ) ;
#1716 = CARTESIAN_POINT ( 'NONE',  ( 0.7401574803150000603, 0.000000000000000000, -0.1535433070865999949 ) ) ;
#1717 = CARTESIAN_POINT ( 'NONE',  ( 1.036107120672000059, 0.002406879455188999564, -0.1184385272112000037 ) ) ;
#1718 = VERTEX_POINT ( 'NONE', #3353 ) ;
#1719 = VERTEX_POINT ( 'NONE', #4861 ) ;
#1720 = AXIS2_PLACEMENT_3D ( 'NONE', #1292, #2711, #3528 ) ;
#1721 = ORIENTED_EDGE ( 'NONE', *, *, #3429, .T. ) ;
#1722 = CARTESIAN_POINT ( 'NONE',  ( 0.5984251968503937480, 0.000000000000000000, 0.000000000000000000 ) ) ;
#1723 = ORIENTED_EDGE ( 'NONE', *, *, #5942, .F. ) ;
#1724 = CARTESIAN_POINT ( 'NONE',  ( 1.201143756145000019, -0.07935404094582007573, -0.06777475368613995743 ) ) ;
#1725 = ORIENTED_EDGE ( 'NONE', *, *, #4846, .F. ) ;
#1726 = LINE ( 'NONE', #880, #4403 ) ;
#1727 = CONICAL_SURFACE ( 'NONE', #4318, 0.1633858267431000100, 0.7853981633972997312 ) ;
#1728 = CARTESIAN_POINT ( 'NONE',  ( 0.7244094488188976833, 0.1813108520207999952, -0.08649560877427991956 ) ) ;
#1729 = CARTESIAN_POINT ( 'NONE',  ( 1.210067974762999654, 0.05948255673673389504, 0.1032031167347791933 ) ) ;
#1730 = ORIENTED_EDGE ( 'NONE', *, *, #9331, .F. ) ;
#1731 = FACE_OUTER_BOUND ( 'NONE', #5346, .T. ) ;
#1732 = CARTESIAN_POINT ( 'NONE',  ( 1.140171093770000033, 0.06133978044347992292, -0.08442696480807007631 ) ) ;
#1733 = DIRECTION ( 'NONE',  ( 1.000000000000000000, 0.000000000000000000, 0.000000000000000000 ) ) ;
#1734 = CARTESIAN_POINT ( 'NONE',  ( 1.095238578438000099, 0.000000000000000000, 0.1181102362205000006 ) ) ;
#1735 = VERTEX_POINT ( 'NONE', #3956 ) ;
#1736 = CARTESIAN_POINT ( 'NONE',  ( 1.321874943287999926, -0.1005876041400999843, 0.02224877255178000016 ) ) ;
#1737 = CARTESIAN_POINT ( 'NONE',  ( 1.133332089612000049, 0.1032120743481999975, -0.01207644606743999913 ) ) ;
#1738 = ADVANCED_FACE ( 'NONE', ( #8640 ), #1972, .T. ) ;
#1739 = CARTESIAN_POINT ( 'NONE',  ( 1.275058810070999860, -0.02691662355562000203, 0.1004542066778000148 ) ) ;
#1740 = AXIS2_PLACEMENT_3D ( 'NONE', #6944, #7806, #3967 ) ;
#1741 = CARTESIAN_POINT ( 'NONE',  ( 1.093368165593999963, 0.07379187303341003257, -0.07379187303341003257 ) ) ;
#1742 = ORIENTED_EDGE ( 'NONE', *, *, #8929, .F. ) ;
#1743 = CARTESIAN_POINT ( 'NONE',  ( 0.8556108370193996615, 0.09079981680072991834, -0.1626974498562999971 ) ) ;
#1744 = CARTESIAN_POINT ( 'NONE',  ( 1.169415765451000011, -0.08082150710130001081, -0.06544796599297991735 ) ) ;
#1745 = CARTESIAN_POINT ( 'NONE',  ( 0.5984251968503937480, -0.01574803149606000124, 0.1210269775506999934 ) ) ;
#1746 = CARTESIAN_POINT ( 'NONE',  ( 0.7322039756092009188, -0.1702081562578999785, 0.1131290393270000111 ) ) ;
#1747 = EDGE_CURVE ( 'NONE', #9766, #2941, #5517, .T. ) ;
#1748 = CARTESIAN_POINT ( 'NONE',  ( 1.207786600993000059, -0.06577719075493997092, 0.1012879920044000015 ) ) ;
#1749 = CARTESIAN_POINT ( 'NONE',  ( 1.221948848308482605, 0.09641372841431006258, -0.03993587390816000920 ) ) ;
#1750 = CARTESIAN_POINT ( 'NONE',  ( 1.057086614172999983, 0.000000000000000000, -0.1023622047244000105 ) ) ;
#1751 = CARTESIAN_POINT ( 'NONE',  ( 1.341769295578000065, 0.000000000000000000, -0.1181102362205000006 ) ) ;
#1752 = CARTESIAN_POINT ( 'NONE',  ( 0.7362204724408996093, -0.1383078312671000010, 0.07530599850137008333 ) ) ;
#1753 = CARTESIAN_POINT ( 'NONE',  ( 0.7244094488188976833, 0.01574803149606000124, -0.2002676082188999951 ) ) ;
#1754 = DIRECTION ( 'NONE',  ( -1.000000000000000000, 0.000000000000000000, 0.000000000000000000 ) ) ;
#1755 = ORIENTED_EDGE ( 'NONE', *, *, #4587, .T. ) ;
#1756 = CARTESIAN_POINT ( 'NONE',  ( -0.002765821536155000076, 0.000000000000000000, 0.000000000000000000 ) ) ;
#1757 = AXIS2_PLACEMENT_3D ( 'NONE', #4514, #1537, #1592 ) ;
#1758 = EDGE_CURVE ( 'NONE', #1342, #2691, #1726, .T. ) ;
#1759 = FACE_BOUND ( 'NONE', #513, .T. ) ;
#1760 = ORIENTED_EDGE ( 'NONE', *, *, #3910, .F. ) ;
#1761 = DIRECTION ( 'NONE',  ( 0.000000000000000000, 1.000000000000000000, 0.000000000000000000 ) ) ;
#1762 = ORIENTED_EDGE ( 'NONE', *, *, #5724, .T. ) ;
#1763 = ORIENTED_EDGE ( 'NONE', *, *, #5823, .T. ) ;
#1764 = ORIENTED_EDGE ( 'NONE', *, *, #8103, .T. ) ;
#1765 = CARTESIAN_POINT ( 'NONE',  ( 0.6102362204723996708, -0.3740157480314960647, -0.5314960629921000601 ) ) ;
#1766 = ORIENTED_EDGE ( 'NONE', *, *, #2290, .F. ) ;
#1767 = DIRECTION ( 'NONE',  ( 0.000000000000000000, 1.000000000000000000, 0.000000000000000000 ) ) ;
#1768 = CARTESIAN_POINT ( 'NONE',  ( 1.235321032214999892, -0.08897936835737992045, -0.05452662705760000228 ) ) ;
#1769 = EDGE_LOOP ( 'NONE', ( #9739, #9304 ) ) ;
#1770 = ORIENTED_EDGE ( 'NONE', *, *, #1931, .F. ) ;
#1771 = CARTESIAN_POINT ( 'NONE',  ( 1.330561268670000130, 0.1043911642095999986, -0.005854649003341000184 ) ) ;
#1772 = AXIS2_PLACEMENT_3D ( 'NONE', #7344, #4495, #9192 ) ;
#1773 = DIRECTION ( 'NONE',  ( 0.000000000000000000, 0.8660254037844288266, -0.5000000000000169864 ) ) ;
#1774 = CARTESIAN_POINT ( 'NONE',  ( 1.045539711051000076, 0.09809007896379999536, -0.06020041896137991871 ) ) ;
#1775 = CARTESIAN_POINT ( 'NONE',  ( 1.205146714920499518, 0.1150361429136073088, 0.03091510445189111014 ) ) ;
#1776 = EDGE_LOOP ( 'NONE', ( #8743, #7438, #766, #5389 ) ) ;
#1777 = CARTESIAN_POINT ( 'NONE',  ( 1.170026736814000046, -0.08110098451943996423, -0.06567428234383995700 ) ) ;
#1778 = CARTESIAN_POINT ( 'NONE',  ( 0.8346456692645000119, -2.725007590637000299E-11, -0.1574803149338000197 ) ) ;
#1779 = CARTESIAN_POINT ( 'NONE',  ( 1.091122537338999887, -0.08279234553396004614, -0.06352880112627991294 ) ) ;
#1780 = CARTESIAN_POINT ( 'NONE',  ( 0.4921259842520000483, 0.2716535433071000094, -0.3543307086614000401 ) ) ;
#1781 = CARTESIAN_POINT ( 'NONE',  ( 0.07086614173227992475, 0.000000000000000000, 0.000000000000000000 ) ) ;
#1782 = CARTESIAN_POINT ( 'NONE',  ( 0.5790964197264000246, 0.1372970092350000171, 0.06108420479383996210 ) ) ;
#1783 = CONICAL_SURFACE ( 'NONE', #8245, 0.1786918365619999949, 0.3142318990842197790 ) ;
#1784 = DIRECTION ( 'NONE',  ( 0.000000000000000000, 1.000000000000000000, 0.000000000000000000 ) ) ;
#1785 = CARTESIAN_POINT ( 'NONE',  ( 1.112445059974999984, -0.09901643823272007761, 0.03153280514925999728 ) ) ;
#1786 = B_SPLINE_CURVE_WITH_KNOTS ( 'NONE', 3,
 ( #5686, #7396, #575, #9152 ),
 .UNSPECIFIED., .F., .F.,
 ( 4, 4 ),
 ( 0.000000000000000000, 1.000000000000000000 ),
 .UNSPECIFIED. ) ;
#1787 = CARTESIAN_POINT ( 'NONE',  ( 1.307046999046999947, 0.08250703959862992765, 0.06330987804492992088 ) ) ;
#1788 = B_SPLINE_CURVE_WITH_KNOTS ( 'NONE', 3,
 ( #866, #3131, #8520, #4685, #7011, #3183, #6258, #142, #9337, #9701 ),
 .UNSPECIFIED., .F., .F.,
 ( 4, 2, 2, 2, 4 ),
 ( 0.000000000000000000, 0.2500000000000000000, 0.5000000000000000000, 0.7500000000000000000, 1.000000000000000000 ),
 .UNSPECIFIED. ) ;
#1790 = CARTESIAN_POINT ( 'NONE',  ( 1.131753992365000183, 0.06133978044347992292, -0.08442696480807007631 ) ) ;
#1789 = AXIS2_PLACEMENT_3D ( 'NONE', #902, #4722, #6240 ) ;
#1791 = CARTESIAN_POINT ( 'NONE',  ( 0.6751361352972008456, -0.1673973104412000146, -0.07846262179793997427 ) ) ;
#1792 = VERTEX_POINT ( 'NONE', #210 ) ;
#1793 = CARTESIAN_POINT ( 'NONE',  ( 0.8647971804738997514, 0.09315905947427992329, -0.1718837962754000137 ) ) ;
#1794 = CARTESIAN_POINT ( 'NONE',  ( 1.160885581724000026, -0.08082150710362992485, 0.06544796599127991610 ) ) ;
#1795 = CARTESIAN_POINT ( 'NONE',  ( 1.077661684029499911, 0.1150361429136073088, 0.03091510445189112749 ) ) ;
#1796 = CARTESIAN_POINT ( 'NONE',  ( 1.336301229086333642, -0.09197940250215627667, -0.07690747405743884879 ) ) ;
#1797 = VECTOR ( 'NONE', #1636, 39.37007874015748854 ) ;
#1798 = EDGE_CURVE ( 'NONE', #3907, #7937, #8753, .T. ) ;
#1799 = CARTESIAN_POINT ( 'NONE',  ( 1.331474265034999993, -0.1178140280982000049, 0.01238275332683000038 ) ) ;
#1800 = CARTESIAN_POINT ( 'NONE',  ( 1.253937037284482470, 0.000000000000000000, -0.1043574676367999970 ) ) ;
#1801 = ORIENTED_EDGE ( 'NONE', *, *, #6824, .T. ) ;
#1802 = EDGE_CURVE ( 'NONE', #2011, #8399, #3280, .T. ) ;
#1803 = CARTESIAN_POINT ( 'NONE',  ( 1.062992155395364291, 0.08442697196611004262, -0.06133978363043995907 ) ) ;
#1804 = ADVANCED_FACE ( 'NONE', ( #6375 ), #5791, .F. ) ;
#1805 = CARTESIAN_POINT ( 'NONE',  ( 1.047972743298852372, 0.06580964002429035009, -0.08280708836627917457 ) ) ;
#1806 = CARTESIAN_POINT ( 'NONE',  ( 1.142661929076999927, -0.04621747521769000583, -0.1115788554892000045 ) ) ;
#1807 = CARTESIAN_POINT ( 'NONE',  ( 0.5837863042420000648, 0.01574803149606000124, 0.1543821808311000021 ) ) ;
#1808 = DIRECTION ( 'NONE',  ( 0.000000000000000000, 0.000000000000000000, -1.000000000000000000 ) ) ;
#1809 = CARTESIAN_POINT ( 'NONE',  ( -0.04468503937008000415, 0.000000000000000000, 0.000000000000000000 ) ) ;
#1810 = DIRECTION ( 'NONE',  ( -1.000000000000000000, 0.000000000000000000, 0.000000000000000000 ) ) ;
#1811 = EDGE_CURVE ( 'NONE', #2944, #6072, #8389, .T. ) ;
#1812 = ORIENTED_EDGE ( 'NONE', *, *, #7314, .F. ) ;
#1813 = AXIS2_PLACEMENT_3D ( 'NONE', #212, #977, #9452 ) ;
#1814 = CARTESIAN_POINT ( 'NONE',  ( 1.391756964072000002, 0.1186493837292000031, 0.01089972141151000079 ) ) ;
#1815 = ORIENTED_EDGE ( 'NONE', *, *, #6717, .F. ) ;
#1816 = ORIENTED_EDGE ( 'NONE', *, *, #4400, .T. ) ;
#1817 = CARTESIAN_POINT ( 'NONE',  ( 1.285045234825999749, 0.1151412015239999947, -0.003015078484400999809 ) ) ;
#1818 = ORIENTED_EDGE ( 'NONE', *, *, #1500, .T. ) ;
#1819 = EDGE_CURVE ( 'NONE', #7651, #2738, #7149, .T. ) ;
#1820 = ORIENTED_EDGE ( 'NONE', *, *, #8425, .F. ) ;
#1821 = CARTESIAN_POINT ( 'NONE',  ( 0.6803393856152992747, -0.01574803149606000124, -0.1422435312887999903 ) ) ;
#1822 = EDGE_CURVE ( 'NONE', #96, #8035, #8429, .T. ) ;
#1823 = ORIENTED_EDGE ( 'NONE', *, *, #7068, .F. ) ;
#1824 =( CONVERSION_BASED_UNIT ( 'INCH', #1925 ) LENGTH_UNIT ( ) NAMED_UNIT ( #5299 ) );
#1825 = CARTESIAN_POINT ( 'NONE',  ( 1.241718670010000247, 0.000000000000000000, -0.1043574676367999970 ) ) ;
#1826 = ORIENTED_EDGE ( 'NONE', *, *, #1747, .T. ) ;
#1827 = ORIENTED_EDGE ( 'NONE', *, *, #1499, .T. ) ;
#1828 = CARTESIAN_POINT ( 'NONE',  ( 1.120733017744000026, 0.05050474095620999943, -0.1034167820364999962 ) ) ;
#1829 = ORIENTED_EDGE ( 'NONE', *, *, #193, .T. ) ;
#1830 = CARTESIAN_POINT ( 'NONE',  ( 1.325616456282688427, -0.09773974958642502042, 0.05643015173465146944 ) ) ;
#1831 = CARTESIAN_POINT ( 'NONE',  ( 1.307742782152000016, -0.08864826967872008190, 0.05118110236220000525 ) ) ;
#1832 = CARTESIAN_POINT ( 'NONE',  ( 1.112447996657000004, 0.06352880112627991294, 0.08279234553396004614 ) ) ;
#1833 = DIRECTION ( 'NONE',  ( 0.000000000000000000, 0.8660254037844289376, -0.5000000000000169864 ) ) ;
#1834 = CARTESIAN_POINT ( 'NONE',  ( 1.074732539235903062, -0.01546028885780082775, -0.1181051219927566898 ) ) ;
#1835 = CARTESIAN_POINT ( 'NONE',  ( 0.5830288604789000129, 0.1412995484338999963, 0.06339507187777992936 ) ) ;
#1836 = CARTESIAN_POINT ( 'NONE',  ( 1.201030673822000017, -0.08279234551820000010, 0.06352880097637007839 ) ) ;
#1837 = CARTESIAN_POINT ( 'NONE',  ( 1.085291921447000041, 0.007334020260942007707, -0.1036570546932999992 ) ) ;
#1838 = CARTESIAN_POINT ( 'NONE',  ( 1.311312090910000006, 0.02427781510677000376, 0.1011243765126999955 ) ) ;
#1839 = CARTESIAN_POINT ( 'NONE',  ( 0.6102362204723996708, 0.3543307086614000401, -0.3543307086614000401 ) ) ;
#1840 = CARTESIAN_POINT ( 'NONE',  ( 1.127488900501999902, -0.005461647859861000140, -0.1042144493542999928 ) ) ;
#1841 = ORIENTED_EDGE ( 'NONE', *, *, #7813, .F. ) ;
#1842 = CARTESIAN_POINT ( 'NONE',  ( 1.059302258806000152, -0.01274030530060000187, -0.1127343405579000063 ) ) ;
#1843 = CARTESIAN_POINT ( 'NONE',  ( 1.076617680011000111, 0.05229147506158000197, 0.09630891637991004228 ) ) ;
#1844 = CARTESIAN_POINT ( 'NONE',  ( 1.305937498195115953, -0.07157235782385111544, 0.07536229505494428105 ) ) ;
#1845 = DIRECTION ( 'NONE',  ( 1.000000000000000000, 0.000000000000000000, 0.000000000000000000 ) ) ;
#1846 = CARTESIAN_POINT ( 'NONE',  ( 1.329341719103000141, -0.1090071540550999890, 0.05199325309835000491 ) ) ;
#1847 = AXIS2_PLACEMENT_3D ( 'NONE', #1839, #7304, #1086 ) ;
#1848 = CARTESIAN_POINT ( 'NONE',  ( 1.129101079280364184, -0.09171112839325000488, -0.04979507988139000169 ) ) ;
#1849 = CARTESIAN_POINT ( 'NONE',  ( 0.7344554631277993018, 0.1408138755990999968, -0.06949427554223995551 ) ) ;
#1850 = CARTESIAN_POINT ( 'NONE',  ( 1.104276102305000062, -0.02819368283599999955, -0.1174351406348000115 ) ) ;
#1851 = CARTESIAN_POINT ( 'NONE',  ( 1.057539674112999872, 0.0007450085666821003533, -0.1020445245444999982 ) ) ;
#1852 = AXIS2_PLACEMENT_3D ( 'NONE', #1722, #4004, #2375 ) ;
#1853 = CARTESIAN_POINT ( 'NONE',  ( 1.010002893834999860, 0.000000000000000000, 0.000000000000000000 ) ) ;
#1854 = VERTEX_POINT ( 'NONE', #3084 ) ;
#1855 = DIRECTION ( 'NONE',  ( 0.000000000000000000, 0.000000000000000000, -1.000000000000000000 ) ) ;
#1856 = EDGE_CURVE ( 'NONE', #8151, #7090, #8017, .T. ) ;
#1857 = EDGE_CURVE ( 'NONE', #6934, #3634, #9712, .T. ) ;
#1858 = CARTESIAN_POINT ( 'NONE',  ( 0.7362204724408996093, 0.000000000000000000, 0.000000000000000000 ) ) ;
#1859 = CARTESIAN_POINT ( 'NONE',  ( 0.5787401574803000548, -0.1351639017700000112, 0.05985265462468995767 ) ) ;
#1860 = DIRECTION ( 'NONE',  ( 0.000000000000000000, -0.01363511712384990471, 0.9999070374694933871 ) ) ;
#1861 = CARTESIAN_POINT ( 'NONE',  ( 1.347862060310000221, 0.09733711383937992956, -0.07110963811725000416 ) ) ;
#1862 = ORIENTED_EDGE ( 'NONE', *, *, #1308, .T. ) ;
#1863 = ORIENTED_EDGE ( 'NONE', *, *, #1857, .T. ) ;
#1864 = ORIENTED_EDGE ( 'NONE', *, *, #8046, .T. ) ;
#1865 = ORIENTED_EDGE ( 'NONE', *, *, #5486, .F. ) ;
#1866 = EDGE_CURVE ( 'NONE', #5252, #5731, #3189, .T. ) ;
#1867 = ORIENTED_EDGE ( 'NONE', *, *, #3990, .T. ) ;
#1868 = DIRECTION ( 'NONE',  ( -1.000000000000000000, 0.000000000000000000, 0.000000000000000000 ) ) ;
#1869 = ORIENTED_EDGE ( 'NONE', *, *, #5873, .F. ) ;
#1870 = DIRECTION ( 'NONE',  ( 1.000000000000000000, 0.000000000000000000, 0.000000000000000000 ) ) ;
#1871 = CARTESIAN_POINT ( 'NONE',  ( 1.243851215942000099, 0.03483523850942000372, -0.09837167889972008028 ) ) ;
#1872 = AXIS2_PLACEMENT_3D ( 'NONE', #2579, #5611, #313 ) ;
#1873 = EDGE_CURVE ( 'NONE', #3208, #5101, #5613, .T. ) ;
#1874 = CARTESIAN_POINT ( 'NONE',  ( 1.370014066847000000, 0.06566357201442007963, 0.09538056351433996105 ) ) ;
#1875 = EDGE_CURVE ( 'NONE', #9297, #1854, #771, .T. ) ;
#1876 = ORIENTED_EDGE ( 'NONE', *, *, #9905, .T. ) ;
#1877 = CIRCLE ( 'NONE', #3986, 0.1574803149606000263 ) ;
#1878 = CARTESIAN_POINT ( 'NONE',  ( 1.118644314780000038, 0.01388637271518000128, -0.1142494127716000007 ) ) ;
#1879 = DIRECTION ( 'NONE',  ( 1.000000000000000000, 0.000000000000000000, 0.000000000000000000 ) ) ;
#1880 = ORIENTED_EDGE ( 'NONE', *, *, #8087, .T. ) ;
#1881 = VECTOR ( 'NONE', #5022, 39.37007874015748143 ) ;
#1882 = CARTESIAN_POINT ( 'NONE',  ( 1.304709629562383677, -0.09319318350575030163, 0.05380494806761859650 ) ) ;
#1883 = CARTESIAN_POINT ( 'NONE',  ( 1.242329641373000060, 0.000000000000000000, -0.1039978473954999982 ) ) ;
#1884 = FACE_OUTER_BOUND ( 'NONE', #5155, .T. ) ;
#1885 = VERTEX_POINT ( 'NONE', #9025 ) ;
#1886 = CARTESIAN_POINT ( 'NONE',  ( 1.292730148887999864, -0.01632510462271000162, -0.1030726540387999907 ) ) ;
#1887 = CARTESIAN_POINT ( 'NONE',  ( 1.043136317969999949, 0.01412564127186000107, -0.1072291029697000075 ) ) ;
#1888 = VECTOR ( 'NONE', #8171, 39.37007874015748143 ) ;
#1889 = LINE ( 'NONE', #8053, #3988 ) ;
#1890 = CARTESIAN_POINT ( 'NONE',  ( 1.309179544979000021, 0.05664128730773000664, 0.08721993429785000751 ) ) ;
#1891 = CARTESIAN_POINT ( 'NONE',  ( 0.9842519685038996213, -0.09584990276203995963, 0.1826512321739000022 ) ) ;
#1892 = CARTESIAN_POINT ( 'NONE',  ( 0.7334669091272008057, -0.1296093356958999965, -0.08820169963082007125 ) ) ;
#1893 = CARTESIAN_POINT ( 'NONE',  ( 1.074231793368999988, -0.1043217069389999890, 0.002731760035870000290 ) ) ;
#1894 = B_SPLINE_CURVE_WITH_KNOTS ( 'NONE', 3,
 ( #4643, #5444, #967, #2317, #868, #9341, #1664, #9291, #4594, #9993, #769, #6362, #1568, #1613, #3083, #7735, #7128, #7776, #5490, #7834, #3241, #6313, #196, #9247, #6967, #3940, #9395, #9439, #4740, #8525, #3998, #2465, #3188, #5543, #915 ),
 .UNSPECIFIED., .F., .F.,
 ( 4, 1, 1, 1, 1, 1, 1, 1, 1, 1, 1, 1, 1, 1, 1, 1, 1, 1, 1, 1, 1, 1, 1, 1, 1, 1, 1, 1, 1, 1, 1, 1, 4 ),
 ( 0.000000000000000000, 0.01250097461252519873, 0.04500091736051671509, 0.07750086010850833207, 0.1100008028564999490, 0.1425007456044916632, 0.1750006883524831691, 0.2075006311004748971, 0.2400005738484664031, 0.2725005165964581311, 0.3050004593444496370, 0.3375004020924411430, 0.3700003448404328710, 0.4025002875884243769, 0.4350002303364161049, 0.4675001730844076109, 0.5000001158323993389, 0.5325000585803908448, 0.5650000013283825728, 0.5974999440763740788, 0.6299998868243658068, 0.6624998295723573127, 0.6949997723203490407, 0.7274997150683405467, 0.7599996578163320526, 0.7924996005643237806, 0.8249995433123152866, 0.8574994860603070146, 0.8899994288082984095, 0.9224993715562901375, 0.9549993143042818655, 0.9874992570522735935, 1.000000000000000000 ),
 .UNSPECIFIED. ) ;
#1895 = ORIENTED_EDGE ( 'NONE', *, *, #855, .F. ) ;
#1896 = CIRCLE ( 'NONE', #4797, 0.1535433070865999949 ) ;
#1897 = AXIS2_PLACEMENT_3D ( 'NONE', #8569, #1566, #9941 ) ;
#1898 = CARTESIAN_POINT ( 'NONE',  ( 1.064049370917000026, -0.04893941277488000202, -0.1253083047623999857 ) ) ;
#1899 = CARTESIAN_POINT ( 'NONE',  ( 0.5788054699796000291, 0.01574803149606000124, -0.1482276112777000110 ) ) ;
#1900 = CARTESIAN_POINT ( 'NONE',  ( 1.307742782152000016, -0.08864826967872008190, 0.05118110236220000525 ) ) ;
#1901 = CARTESIAN_POINT ( 'NONE',  ( 0.7362204724408996093, 0.1827275465568999890, 0.1100438633047000070 ) ) ;
#1902 = CARTESIAN_POINT ( 'NONE',  ( 1.256835157423000116, -0.1029751286123999909, -0.06310323997250000261 ) ) ;
#1903 = CIRCLE ( 'NONE', #451, 0.1574803149606000263 ) ;
#1904 = CONICAL_SURFACE ( 'NONE', #2377, 0.1397637795276000239, 0.2516899717581221885 ) ;
#1905 = CARTESIAN_POINT ( 'NONE',  ( 1.114173257758270363, 0.03224823098969001323, 0.09924984962000005240 ) ) ;
#1906 = CARTESIAN_POINT ( 'NONE',  ( 1.361454453162385780, 6.032801447362277094E-09, 0.1181098035236435168 ) ) ;
#1907 = CARTESIAN_POINT ( 'NONE',  ( 1.089348280783000167, -0.06038604144930000139, 0.1045916918583999905 ) ) ;
#1908 = CARTESIAN_POINT ( 'NONE',  ( 0.5830288604789000129, 0.01574803149606000124, 0.1540665344259000147 ) ) ;
#1909 = CARTESIAN_POINT ( 'NONE',  ( 0.8661417266193996989, -0.09349875928108997147, 0.1732283514409999892 ) ) ;
#1910 = FACE_OUTER_BOUND ( 'NONE', #7696, .T. ) ;
#1911 = ORIENTED_EDGE ( 'NONE', *, *, #5069, .T. ) ;
#1912 = LINE ( 'NONE', #192, #4798 ) ;
#1913 = CARTESIAN_POINT ( 'NONE',  ( 1.381132379859000059, 0.1031095099747999927, -0.01938956623244000171 ) ) ;
#1914 = CIRCLE ( 'NONE', #5304, 0.1850390886813999547 ) ;
#1915 = CARTESIAN_POINT ( 'NONE',  ( 0.7256451611656005163, -0.01570488628015000165, -0.2006738524481999908 ) ) ;
#1916 = CARTESIAN_POINT ( 'NONE',  ( 1.382302677108000033, 0.01838969530707999789, -0.1191340128515999963 ) ) ;
#1917 = ORIENTED_EDGE ( 'NONE', *, *, #3024, .F. ) ;
#1918 = ORIENTED_EDGE ( 'NONE', *, *, #8777, .F. ) ;
#1919 = CARTESIAN_POINT ( 'NONE',  ( 1.261587229576999869, -0.09318312031472007761, 0.06770149980087993014 ) ) ;
#1920 = EDGE_LOOP ( 'NONE', ( #4050, #9974, #2638, #5448 ) ) ;
#1921 = EDGE_CURVE ( 'NONE', #9209, #4742, #6071, .T. ) ;
#1922 = ORIENTED_EDGE ( 'NONE', *, *, #8425, .T. ) ;
#1923 = FACE_OUTER_BOUND ( 'NONE', #2233, .T. ) ;
#1924 = ORIENTED_EDGE ( 'NONE', *, *, #7267, .T. ) ;
#1925 = LENGTH_MEASURE_WITH_UNIT ( LENGTH_MEASURE( 0.02539999999999999897 ), #2380 );
#1926 = CARTESIAN_POINT ( 'NONE',  ( 1.297164864236000081, 0.05683715052910000981, 0.08752153721173996925 ) ) ;
#1927 = ADVANCED_FACE ( 'NONE', ( #9166 ), #3573, .T. ) ;
#1928 = CARTESIAN_POINT ( 'NONE',  ( 1.376440138588000073, -0.04679089817477000146, 0.1038484993778000104 ) ) ;
#1929 = CARTESIAN_POINT ( 'NONE',  ( 1.133265235526000003, 0.07301450487321003990, 0.08896427228922007546 ) ) ;
#1930 = CARTESIAN_POINT ( 'NONE',  ( 0.5511811023621999706, 0.5314960629921000601, 0.5314960629921000601 ) ) ;
#1931 = EDGE_CURVE ( 'NONE', #1317, #3453, #8835, .T. ) ;
#1932 = CARTESIAN_POINT ( 'NONE',  ( 0.6104330708661004357, 0.3543307086614000401, -0.3543307086614000401 ) ) ;
#1933 = EDGE_CURVE ( 'NONE', #4586, #3342, #6333, .T. ) ;
#1934 = CARTESIAN_POINT ( 'NONE',  ( 1.074118711047000074, -0.01901763795452000166, 0.1026099921951000027 ) ) ;
#1935 = CARTESIAN_POINT ( 'NONE',  ( 1.259390008827000029, 0.04229973533675999986, 0.09500676109277993164 ) ) ;
#1936 = DIRECTION ( 'NONE',  ( 1.000000000000000000, 0.000000000000000000, 0.000000000000000000 ) ) ;
#1937 = DIRECTION ( 'NONE',  ( -1.000000000000000000, -6.939160115207000005E-13, 0.000000000000000000 ) ) ;
#1938 = CARTESIAN_POINT ( 'NONE',  ( 1.279681532588000215, 0.01997105624407000124, -0.1077541769543000072 ) ) ;
#1939 = CARTESIAN_POINT ( 'NONE',  ( 1.282067419229000027, -0.1000599994510000118, 0.02963912214327999936 ) ) ;
#1940 = CARTESIAN_POINT ( 'NONE',  ( 1.170861888871999934, 0.09495367709753996244, 0.06503482430136003911 ) ) ;
#1941 = DIRECTION ( 'NONE',  ( -0.7071067811865475727, 0.000000000000000000, 0.7071067811865475727 ) ) ;
#1942 = DIRECTION ( 'NONE',  ( 7.232493737953139821E-40, -1.000000000000000000, 1.580723225925000049E-11 ) ) ;
#1943 = CARTESIAN_POINT ( 'NONE',  ( 1.123280349800000133, -0.005461647859861000140, -0.1042144493542999928 ) ) ;
#1944 = DIRECTION ( 'NONE',  ( 1.000000000000000000, 0.000000000000000000, 0.000000000000000000 ) ) ;
#1945 = ORIENTED_EDGE ( 'NONE', *, *, #8877, .F. ) ;
#1946 = CARTESIAN_POINT ( 'NONE',  ( 1.097346723399499790, -0.1150361429136074198, -0.03091510445189083259 ) ) ;
#1947 = CARTESIAN_POINT ( 'NONE',  ( 0.5795727107672999923, 0.01574803149606000124, -0.1505976400441000063 ) ) ;
#1948 = CARTESIAN_POINT ( 'NONE',  ( 1.280510997773329995, -0.01632532927008709112, -0.1030740724065570268 ) ) ;
#1949 = ADVANCED_FACE ( 'NONE', ( #4320 ), #2810, .T. ) ;
#1950 = CARTESIAN_POINT ( 'NONE',  ( 1.134608657178000080, 0.000000000000000000, 0.1181102362205000006 ) ) ;
#1951 = CARTESIAN_POINT ( 'NONE',  ( 1.262198859662000183, 0.03844809805249000539, -0.1085740795173000123 ) ) ;
#1952 = CARTESIAN_POINT ( 'NONE',  ( 0.7360889429602007761, 0.006083609969263995693, -0.2110744122274000323 ) ) ;
#1953 = CARTESIAN_POINT ( 'NONE',  ( 1.118169988271000115, 0.07011754991142991889, 0.09137897012602992641 ) ) ;
#1954 = CARTESIAN_POINT ( 'NONE',  ( 1.054230466346000039, 0.0007450085666821003533, -0.1020445245444999982 ) ) ;
#1955 = AXIS2_PLACEMENT_3D ( 'NONE', #6707, #9077, #8265 ) ;
#1956 = CARTESIAN_POINT ( 'NONE',  ( 0.8346456692645000119, 2.725007019431000363E-11, 0.1574803149338000197 ) ) ;
#1957 = CARTESIAN_POINT ( 'NONE',  ( 1.093598158490499905, 0.03091510445189025666, 0.1150361429136075447 ) ) ;
#1958 = CARTESIAN_POINT ( 'NONE',  ( 0.5841804246273000212, 0.000000000000000000, 0.000000000000000000 ) ) ;
#1959 = DIRECTION ( 'NONE',  ( -1.000000000000000000, 0.000000000000000000, 0.000000000000000000 ) ) ;
#1960 = DIRECTION ( 'NONE',  ( 1.000000000000000000, 0.000000000000000000, 0.000000000000000000 ) ) ;
#1961 = LINE ( 'NONE', #5147, #938 ) ;
#1962 = FACE_OUTER_BOUND ( 'NONE', #928, .T. ) ;
#1963 = ORIENTED_EDGE ( 'NONE', *, *, #9852, .F. ) ;
#1964 = ORIENTED_EDGE ( 'NONE', *, *, #9156, .T. ) ;
#1965 = CARTESIAN_POINT ( 'NONE',  ( 1.214671219078000242, 0.02981095129919000483, 0.1112559848705000076 ) ) ;
#1966 = VERTEX_POINT ( 'NONE', #534 ) ;
#1967 = ORIENTED_EDGE ( 'NONE', *, *, #8912, .F. ) ;
#1968 = CARTESIAN_POINT ( 'NONE',  ( 0.5984251968503937480, 0.09693842135412991667, -0.07415168411053996156 ) ) ;
#1969 = ORIENTED_EDGE ( 'NONE', *, *, #6126, .T. ) ;
#1970 = EDGE_CURVE ( 'NONE', #4527, #3243, #7385, .T. ) ;
#1971 = CARTESIAN_POINT ( 'NONE',  ( 1.211863026964999923, 0.1042144493542999928, -0.005461647859861999341 ) ) ;
#1972 = CONICAL_SURFACE ( 'NONE', #1655, 0.1786918365619999949, 0.3142318990842197790 ) ;
#1973 = CARTESIAN_POINT ( 'NONE',  ( 1.322575233375000270, 0.07474557859857007547, -0.08094429714470001425 ) ) ;
#1974 = CARTESIAN_POINT ( 'NONE',  ( 1.156240968125999968, -0.01857169281152000126, -0.1135819171178999998 ) ) ;
#1975 = CARTESIAN_POINT ( 'NONE',  ( 1.263029138097000015, 0.000000000000000000, -0.1181102362205000006 ) ) ;
#1976 = CARTESIAN_POINT ( 'NONE',  ( 0.06692913385827008177, 0.000000000000000000, -0.3149606299213000282 ) ) ;
#1977 = CARTESIAN_POINT ( 'NONE',  ( 1.135962543068000041, 0.06133978044347992292, -0.08442696480807007631 ) ) ;
#1978 = EDGE_CURVE ( 'NONE', #6072, #9503, #1341, .T. ) ;
#1979 = CARTESIAN_POINT ( 'NONE',  ( 1.195413630874000210, -0.09709035472660000610, -0.03726949532538000043 ) ) ;
#1980 = DIRECTION ( 'NONE',  ( -1.000000000000000000, 0.000000000000000000, 0.000000000000000000 ) ) ;
#1981 = CARTESIAN_POINT ( 'NONE',  ( 1.264753711066000097, -0.08865957311805000574, 0.06441495038506003801 ) ) ;
#1982 = CARTESIAN_POINT ( 'NONE',  ( 1.269272143638000339, 0.07183494035557008717, 0.07569823244745001178 ) ) ;
#1983 = CARTESIAN_POINT ( 'NONE',  ( 1.094657657741000101, 0.09610378292977007908, 0.05248823063374999376 ) ) ;
#1984 = DIRECTION ( 'NONE',  ( 1.000000000000000000, 0.000000000000000000, 0.000000000000000000 ) ) ;
#1985 = ORIENTED_EDGE ( 'NONE', *, *, #2355, .T. ) ;
#1986 = EDGE_CURVE ( 'NONE', #1472, #4527, #7506, .T. ) ;
#1987 = EDGE_CURVE ( 'NONE', #8863, #3414, #639, .T. ) ;
#1988 = CARTESIAN_POINT ( 'NONE',  ( 0.5795727200239999544, -0.1382954184847000056, -0.06166063664288996826 ) ) ;
#1989 = CARTESIAN_POINT ( 'NONE',  ( 1.146738355049000013, -0.05452662705760000228, 0.08897936835737992045 ) ) ;
#1990 = ORIENTED_EDGE ( 'NONE', *, *, #4642, .T. ) ;
#1991 = DIRECTION ( 'NONE',  ( 0.000000000000000000, 0.000000000000000000, 1.000000000000000000 ) ) ;
#1992 = CARTESIAN_POINT ( 'NONE',  ( 0.5841804246273000212, 0.01574803149606000124, -0.1545109335357000291 ) ) ;
#1993 = CARTESIAN_POINT ( 'NONE',  ( 0.9999994263157998553, 0.1780918763680785499, -0.08570201748304867584 ) ) ;
#1994 = DIRECTION ( 'NONE',  ( 0.000000000000000000, -0.1290322580644962247, 0.9916403967057701996 ) ) ;
#1995 = CARTESIAN_POINT ( 'NONE',  ( 1.315512507955999943, 0.06273188960587008922, 0.09659863943552993160 ) ) ;
#1996 = EDGE_CURVE ( 'NONE', #3506, #7948, #278, .T. ) ;
#1997 = AXIS2_PLACEMENT_3D ( 'NONE', #7676, #6301, #9987 ) ;
#1998 = CARTESIAN_POINT ( 'NONE',  ( 0.7308438118074999101, 0.01388666294599999983, -0.2028813468012999888 ) ) ;
#1999 = EDGE_CURVE ( 'NONE', #8444, #1792, #3001, .T. ) ;
#2000 = CARTESIAN_POINT ( 'NONE',  ( 1.156555815042000113, 0.08354910682621004281, 0.07928514195874998560 ) ) ;
#2001 = CARTESIAN_POINT ( 'NONE',  ( 0.7276665990876004519, -0.1820353056249000012, 0.08743401769817991942 ) ) ;
#2002 = DIRECTION ( 'NONE',  ( 1.000000000000000000, 0.000000000000000000, 0.000000000000000000 ) ) ;
#2003 = CARTESIAN_POINT ( 'NONE',  ( 0.7362204724408996093, -0.07736470509688996022, -0.06285079376037992771 ) ) ;
#2004 = CARTESIAN_POINT ( 'NONE',  ( 0.7519685039370078705, 0.000000000000000000, -0.1535433070865999949 ) ) ;
#2005 = AXIS2_PLACEMENT_3D ( 'NONE', #8266, #9627, #5029 ) ;
#2006 = CARTESIAN_POINT ( 'NONE',  ( 1.330527064898000100, -0.04164225703496000214, -0.09629874261107007616 ) ) ;
#2007 = EDGE_CURVE ( 'NONE', #6547, #5592, #9256, .T. ) ;
#2008 = CARTESIAN_POINT ( 'NONE',  ( -0.007874015748031005027, 0.000000000000000000, 0.000000000000000000 ) ) ;
#2009 = CARTESIAN_POINT ( 'NONE',  ( 1.361788283685000156, -0.09385787912857992965, 0.05617278185086000547 ) ) ;
#2010 = ORIENTED_EDGE ( 'NONE', *, *, #7537, .F. ) ;
#2011 = VERTEX_POINT ( 'NONE', #5455 ) ;
#2012 = CARTESIAN_POINT ( 'NONE',  ( 1.298939120792000024, -0.1090071540550999890, 0.05199325309835000491 ) ) ;
#2013 = ORIENTED_EDGE ( 'NONE', *, *, #391, .F. ) ;
#2014 = B_SPLINE_CURVE_WITH_KNOTS ( 'NONE', 3,
 ( #2622, #8843, #7931, #7124, #8022, #402, #1103, #1006, #4191, #6359, #3439 ),
 .UNSPECIFIED., .F., .F.,
 ( 4, 1, 1, 1, 1, 1, 1, 1, 4 ),
 ( 0.000000000000000000, 0.1250000000000000000, 0.2500000000000000000, 0.3750000000000000000, 0.5000000000000000000, 0.6250000000000000000, 0.7500000000000000000, 0.8750000000000000000, 1.000000000000000000 ),
 .UNSPECIFIED. ) ;
#2015 = ORIENTED_EDGE ( 'NONE', *, *, #5522, .F. ) ;
#2016 = EDGE_LOOP ( 'NONE', ( #7189, #7997, #4252, #7292 ) ) ;
#2017 = DIRECTION ( 'NONE',  ( -1.000000000000000000, 0.000000000000000000, 0.000000000000000000 ) ) ;
#2018 = ORIENTED_EDGE ( 'NONE', *, *, #7979, .F. ) ;
#2019 = CARTESIAN_POINT ( 'NONE',  ( 0.7244094488188976833, 0.1251805779226000115, -0.09045730080782006521 ) ) ;
#2020 = DIRECTION ( 'NONE',  ( 1.000000000000000000, 0.000000000000000000, 0.000000000000000000 ) ) ;
#2021 = CARTESIAN_POINT ( 'NONE',  ( 1.341853448598000043, -0.06933637406112008739, 0.08562329117253997257 ) ) ;
#2022 = EDGE_CURVE ( 'NONE', #6379, #7307, #105, .T. ) ;
#2023 = CARTESIAN_POINT ( 'NONE',  ( 1.153074486638000051, -0.01947325018234000171, -0.1190957179118000142 ) ) ;
#2024 = CARTESIAN_POINT ( 'NONE',  ( 1.214989234605583501, -0.03091510445189072503, 0.1150361429136074476 ) ) ;
#2025 = CARTESIAN_POINT ( 'NONE',  ( 1.086913986637000118, -0.08279234553396004614, -0.06352880112627991294 ) ) ;
#2026 = CARTESIAN_POINT ( 'NONE',  ( 1.280715468145000147, -0.01626884762265000048, -0.1027174613195000058 ) ) ;
#2027 = AXIS2_PLACEMENT_3D ( 'NONE', #4544, #6202, #9244 ) ;
#2028 = CARTESIAN_POINT ( 'NONE',  ( 0.5984251968503937480, 0.09693842135412991667, 0.07415168411053996156 ) ) ;
#2029 = CARTESIAN_POINT ( 'NONE',  ( 1.266886256997000304, -0.1050763444793000045, 0.03112503123606000233 ) ) ;
#2030 = CARTESIAN_POINT ( 'NONE',  ( 1.235151408730000178, -0.008187792543228997535, 0.1040357683916000170 ) ) ;
#2031 = ORIENTED_EDGE ( 'NONE', *, *, #8723, .T. ) ;
#2032 = CARTESIAN_POINT ( 'NONE',  ( 1.117633390341000066, -0.05683708822591999887, -0.09359752587795000522 ) ) ;
#2033 = CARTESIAN_POINT ( 'NONE',  ( 0.7244094488188976833, 0.000000000000000000, 0.000000000000000000 ) ) ;
#2034 = VECTOR ( 'NONE', #4825, 39.37007874015748143 ) ;
#2035 = CARTESIAN_POINT ( 'NONE',  ( 0.4921259842520000483, 0.3543307086614000401, 0.3543307086614000401 ) ) ;
#2036 = CARTESIAN_POINT ( 'NONE',  ( 0.4921259842520000483, 0.3740157480314960647, -0.5314960629921000601 ) ) ;
#2037 = CARTESIAN_POINT ( 'NONE',  ( 1.165931268435000057, 0.04737729933908999685, -0.09298318484278997320 ) ) ;
#2038 = CARTESIAN_POINT ( 'NONE',  ( 0.7283464566928996575, 0.000000000000000000, 0.000000000000000000 ) ) ;
#2039 = ORIENTED_EDGE ( 'NONE', *, *, #3044, .F. ) ;
#2040 = CARTESIAN_POINT ( 'NONE',  ( 0.5841804246273000212, -0.1259363778563000191, -0.09089366210302991800 ) ) ;
#2041 = EDGE_CURVE ( 'NONE', #5047, #4795, #9473, .T. ) ;
#2042 = ORIENTED_EDGE ( 'NONE', *, *, #5881, .F. ) ;
#2043 = CARTESIAN_POINT ( 'NONE',  ( 1.054969133780000012, -0.03091888362050999872, -0.09789728202772007837 ) ) ;
#2044 = TOROIDAL_SURFACE ( 'NONE', #4306, 0.2133049650658000174, 0.01181102362204999867 ) ;
#2045 = CARTESIAN_POINT ( 'NONE',  ( 0.9999994263157996333, 0.1489146879450361227, 0.1299460193434190669 ) ) ;
#2046 = DIRECTION ( 'NONE',  ( 0.000000000000000000, 0.8660254037844289376, 0.5000000000000169864 ) ) ;
#2047 = EDGE_CURVE ( 'NONE', #490, #5151, #558, .T. ) ;
#2048 = CARTESIAN_POINT ( 'NONE',  ( 0.6102362204723996708, -0.5314960629921000601, -0.3740157480314960647 ) ) ;
#2049 = CARTESIAN_POINT ( 'NONE',  ( 1.317645053887000151, 0.02688839342361000126, 0.1119982176498000026 ) ) ;
#2050 = VECTOR ( 'NONE', #2186, 39.37007874015748143 ) ;
#2051 = CIRCLE ( 'NONE', #4474, 0.1220472440944999348 ) ;
#2052 = CARTESIAN_POINT ( 'NONE',  ( 0.7361458027627009182, -0.005568426506849000722, 0.1573654568222000172 ) ) ;
#2053 = CARTESIAN_POINT ( 'NONE',  ( 1.113904896406999967, 0.1119982199543999996, 0.02688839366582999879 ) ) ;
#2054 = DIRECTION ( 'NONE',  ( -1.000000000000000000, 6.940083470419000901E-13, 0.000000000000000000 ) ) ;
#2055 = EDGE_CURVE ( 'NONE', #3849, #6749, #929, .T. ) ;
#2056 = CIRCLE ( 'NONE', #1089, 0.1535433070865999949 ) ;
#2057 = CARTESIAN_POINT ( 'NONE',  ( 0.7362204724408996093, -0.003937007874016000379, 0.2132686289419000181 ) ) ;
#2058 = CARTESIAN_POINT ( 'NONE',  ( 0.9645669291338997420, 0.2755905511811023723, 0.000000000000000000 ) ) ;
#2059 = AXIS2_PLACEMENT_3D ( 'NONE', #9887, #9837, #2928 ) ;
#2060 = ADVANCED_FACE ( 'NONE', ( #6464 ), #2361, .T. ) ;
#2061 = DIRECTION ( 'NONE',  ( 1.000000000000000000, 0.000000000000000000, 0.000000000000000000 ) ) ;
#2062 = CARTESIAN_POINT ( 'NONE',  ( 1.372104275351000213, 0.06059705576737992039, -0.08564766778826005122 ) ) ;
#2063 = DIRECTION ( 'NONE',  ( 1.000000000000000000, 0.000000000000000000, 0.000000000000000000 ) ) ;
#2064 = VECTOR ( 'NONE', #8686, 39.37007874015748143 ) ;
#2065 = CARTESIAN_POINT ( 'NONE',  ( 1.333425422793000026, -0.03785938913231999547, -0.1026223642442000011 ) ) ;
#2066 = EDGE_LOOP ( 'NONE', ( #2252, #3359, #7729, #7486 ) ) ;
#2067 = EDGE_LOOP ( 'NONE', ( #9769, #5707, #4140, #1544 ) ) ;
#2068 = CARTESIAN_POINT ( 'NONE',  ( 1.186948121966000080, -0.1151412015239999947, -0.003015078484401999444 ) ) ;
#2069 = ORIENTED_EDGE ( 'NONE', *, *, #1260, .T. ) ;
#2070 = CARTESIAN_POINT ( 'NONE',  ( 0.7294037235237007533, -0.1416066289964000302, 0.06479809843054999685 ) ) ;
#2071 = ORIENTED_EDGE ( 'NONE', *, *, #1436, .T. ) ;
#2072 = DIRECTION ( 'NONE',  ( 0.000000000000000000, 1.000000000000000000, 0.000000000000000000 ) ) ;
#2073 = EDGE_LOOP ( 'NONE', ( #1165, #2787, #7201, #3051, #2820 ) ) ;
#2074 = ADVANCED_FACE ( 'NONE', ( #8492 ), #6893, .F. ) ;
#2075 = DIRECTION ( 'NONE',  ( 0.000000000000000000, 0.000000000000000000, -1.000000000000000000 ) ) ;
#2076 = DIRECTION ( 'NONE',  ( 0.000000000000000000, 0.000000000000000000, -1.000000000000000000 ) ) ;
#2077 = ORIENTED_EDGE ( 'NONE', *, *, #3371, .F. ) ;
#2078 = EDGE_LOOP ( 'NONE', ( #7140, #4392, #9844, #6209 ) ) ;
#2079 = ADVANCED_FACE ( 'NONE', ( #2426 ), #3862, .F. ) ;
#2080 = CARTESIAN_POINT ( 'NONE',  ( 1.185491880937000087, 0.1014506417467999910, 0.01066289211801000128 ) ) ;
#2081 = CARTESIAN_POINT ( 'NONE',  ( 1.311283053446999913, -0.1045512073145000026, -0.0009307981359147008684 ) ) ;
#2082 = CARTESIAN_POINT ( 'NONE',  ( 1.067437665126999891, -0.1149960970126999993, -0.03659091642448999981 ) ) ;
#2083 = CARTESIAN_POINT ( 'NONE',  ( 1.057086614172999983, 0.000000000000000000, -0.1023622047244000105 ) ) ;
#2084 = CARTESIAN_POINT ( 'NONE',  ( 1.080516348841999985, -0.09742608914447992152, 0.03739837169672000083 ) ) ;
#2085 = CARTESIAN_POINT ( 'NONE',  ( 1.303139537837000317, -0.07749129636727992987, 0.07749142232388996077 ) ) ;
#2086 = CARTESIAN_POINT ( 'NONE',  ( 0.7276665996183996343, -0.1667377335413000039, 0.1139301901513000148 ) ) ;
#2087 = CARTESIAN_POINT ( 'NONE',  ( 1.201087214983999951, -0.1043217069378999939, -0.002731760046631000020 ) ) ;
#2088 = ORIENTED_EDGE ( 'NONE', *, *, #2951, .F. ) ;
#2089 = CARTESIAN_POINT ( 'NONE',  ( 1.084214142922000024, 0.04304335492419000125, -0.1006887334577999948 ) ) ;
#2090 = CARTESIAN_POINT ( 'NONE',  ( -0.06692913385827008177, 0.000000000000000000, 0.000000000000000000 ) ) ;
#2091 = DIRECTION ( 'NONE',  ( 0.000000000000000000, 0.000000000000000000, -1.000000000000000000 ) ) ;
#2092 = ORIENTED_EDGE ( 'NONE', *, *, #7731, .F. ) ;
#2093 = CARTESIAN_POINT ( 'NONE',  ( 1.163798722502999983, 0.01362138275840000211, -0.1034646749458000003 ) ) ;
#2094 = CARTESIAN_POINT ( 'NONE',  ( 0.9842519685038996213, 0.09595320950357008605, -0.1830708661417000116 ) ) ;
#2095 = ORIENTED_EDGE ( 'NONE', *, *, #6059, .T. ) ;
#2096 = CARTESIAN_POINT ( 'NONE',  ( 1.086683993740749754, -0.01546059376766992927, 0.1181102362204999867 ) ) ;
#2097 = CARTESIAN_POINT ( 'NONE',  ( 0.7362204724408996093, 0.000000000000000000, 0.000000000000000000 ) ) ;
#2098 = CARTESIAN_POINT ( 'NONE',  ( 0.7352433518528995737, -0.1315870255481000062, 0.08606170044527008955 ) ) ;
#2099 = DIRECTION ( 'NONE',  ( 1.000000000000000000, 0.000000000000000000, 0.000000000000000000 ) ) ;
#2100 = B_SPLINE_CURVE_WITH_KNOTS ( 'NONE', 3,
 ( #9478, #7061, #4780, #4124, #2555, #1796, #7160, #4182, #2501, #2610 ),
 .UNSPECIFIED., .F., .F.,
 ( 4, 2, 2, 2, 4 ),
 ( 0.000000000000000000, 0.2500000000000000555, 0.5000000000000001110, 0.7500000000000002220, 1.000000000000000000 ),
 .UNSPECIFIED. ) ;
#2101 = CARTESIAN_POINT ( 'NONE',  ( 1.132968237230500108, 0.03091510445189025666, 0.1150361429136075447 ) ) ;
#2102 = CARTESIAN_POINT ( 'NONE',  ( 1.266463951524999798, 0.09820766630687993715, -0.06018173531423996053 ) ) ;
#2103 = TOROIDAL_SURFACE ( 'NONE', #9846, 0.2133049650658000174, 0.01181102362204999867 ) ;
#2104 = VERTEX_POINT ( 'NONE', #1481 ) ;
#2105 = CARTESIAN_POINT ( 'NONE',  ( 0.01181102362204999867, 0.000000000000000000, 0.000000000000000000 ) ) ;
#2106 = CARTESIAN_POINT ( 'NONE',  ( 1.081916707430999880, 0.01801822666388000135, 0.1137626058711000004 ) ) ;
#2107 = CARTESIAN_POINT ( 'NONE',  ( 1.167417056127999953, 0.1022864650138999992, 0.05905511811023995972 ) ) ;
#2108 = LINE ( 'NONE', #8121, #9467 ) ;
#2109 = FACE_OUTER_BOUND ( 'NONE', #8957, .T. ) ;
#2110 = AXIS2_PLACEMENT_3D ( 'NONE', #9222, #846, #2149 ) ;
#2111 = CARTESIAN_POINT ( 'NONE',  ( 1.361454453162385780, 6.032801447362277094E-09, 0.1181098035236435168 ) ) ;
#2112 = CARTESIAN_POINT ( 'NONE',  ( 1.367284721544999915, -0.01603268188042999975, -0.1036845180112000026 ) ) ;
#2113 = ADVANCED_FACE ( 'NONE', ( #5359 ), #5714, .T. ) ;
#2114 = B_SPLINE_CURVE_WITH_KNOTS ( 'NONE', 3,
 ( #6548, #2096, #6603, #5794, #6658, #2815, #2763, #5028, #5976, #6755, #1946, #1188, #594, #5182, #9820, #4273, #5131, #440 ),
 .UNSPECIFIED., .F., .F.,
 ( 4, 2, 2, 2, 2, 2, 2, 2, 4 ),
 ( 0.000000000000000000, 0.1250000000000000278, 0.2500000000000000555, 0.3750000000000000000, 0.5000000000000000000, 0.6250000000000000000, 0.7500000000000000000, 0.8750000000000001110, 1.000000000000000000 ),
 .UNSPECIFIED. ) ;
#2115 = EDGE_CURVE ( 'NONE', #4057, #6107, #1585, .T. ) ;
#2116 = CARTESIAN_POINT ( 'NONE',  ( 0.5984251968503937480, -0.09693842135412991667, -0.07415168411053996156 ) ) ;
#2117 = CARTESIAN_POINT ( 'NONE',  ( 1.348747416092000107, 0.1149499081108000115, 0.001805777455811000002 ) ) ;
#2118 = ORIENTED_EDGE ( 'NONE', *, *, #5544, .F. ) ;
#2119 = CARTESIAN_POINT ( 'NONE',  ( 1.233864132464000285, -0.03844809805249000539, -0.1085740795173000123 ) ) ;
#2120 = ORIENTED_EDGE ( 'NONE', *, *, #9403, .F. ) ;
#2121 = ORIENTED_EDGE ( 'NONE', *, *, #4569, .F. ) ;
#2122 = DIRECTION ( 'NONE',  ( 0.000000000000000000, 0.4888994268052179737, 0.8723401575472318203 ) ) ;
#2123 = CARTESIAN_POINT ( 'NONE',  ( -0.01636863887313999913, 0.000000000000000000, -0.3071475752050999986 ) ) ;
#2124 = CARTESIAN_POINT ( 'NONE',  ( 0.4921259842520000483, -0.2716535433071000094, -0.3543307086614000401 ) ) ;
#2125 = EDGE_CURVE ( 'NONE', #2183, #7837, #3816, .T. ) ;
#2126 = FACE_OUTER_BOUND ( 'NONE', #5138, .T. ) ;
#2127 = LINE ( 'NONE', #5211, #8993 ) ;
#2128 = CARTESIAN_POINT ( 'NONE',  ( 1.309769644274999978, -0.08247955658242006605, -0.08127912200451002656 ) ) ;
#2129 = CARTESIAN_POINT ( 'NONE',  ( 1.054905447344999914, 0.01458959255532000197, 0.1197920752038000025 ) ) ;
#2130 = CARTESIAN_POINT ( 'NONE',  ( 1.063455981388000016, 0.1042144498681999987, 0.005461647631049000411 ) ) ;
#2131 = CARTESIAN_POINT ( 'NONE',  ( 0.7244094488188976833, -0.1655628205247000329, 0.1137719994447000116 ) ) ;
#2132 = CARTESIAN_POINT ( 'NONE',  ( 1.239473041755000171, -0.1034646750344000027, 0.01362138288035000082 ) ) ;
#2133 = VERTEX_POINT ( 'NONE', #8446 ) ;
#2134 = DIRECTION ( 'NONE',  ( 0.000000000000000000, 0.02500000000000001180, 0.9996874511566102850 ) ) ;
#2135 = AXIS2_PLACEMENT_3D ( 'NONE', #3887, #8283, #4438 ) ;
#2136 = CARTESIAN_POINT ( 'NONE',  ( 0.9999994263157997443, -0.1600068111433882445, -0.1160145362301287092 ) ) ;
#2137 = ORIENTED_EDGE ( 'NONE', *, *, #1588, .T. ) ;
#2138 = CARTESIAN_POINT ( 'NONE',  ( 0.3149606299213000282, 0.2263779527559000304, 0.000000000000000000 ) ) ;
#2139 = ORIENTED_EDGE ( 'NONE', *, *, #8981, .T. ) ;
#2140 = CARTESIAN_POINT ( 'NONE',  ( 0.7361458461413995513, -0.005567936690644000215, -0.1573654835187000001 ) ) ;
#2141 = CARTESIAN_POINT ( 'NONE',  ( 0.7361458581582007721, -0.1390664493396999990, -0.07386082211032007905 ) ) ;
#2142 = VERTEX_POINT ( 'NONE', #4603 ) ;
#2143 = CARTESIAN_POINT ( 'NONE',  ( 1.244984518674499663, -0.03091510445189072157, 0.1150361429136074198 ) ) ;
#2144 = CARTESIAN_POINT ( 'NONE',  ( 0.7244094488188976833, -0.1655628205247000329, -0.1137719994447000116 ) ) ;
#2145 = ORIENTED_EDGE ( 'NONE', *, *, #7920, .T. ) ;
#2146 = CARTESIAN_POINT ( 'NONE',  ( 1.156401841509499873, 0.1150361429136073088, 0.03091510445189112402 ) ) ;
#2147 = CARTESIAN_POINT ( 'NONE',  ( 0.7294081141038994964, -0.1269223050916000184, 0.09023475620096005345 ) ) ;
#2148 = CARTESIAN_POINT ( 'NONE',  ( -0.03937007874015999859, 0.000000000000000000, 0.000000000000000000 ) ) ;
#2149 = DIRECTION ( 'NONE',  ( 0.000000000000000000, 0.9122602391622937068, -0.4096111034182968735 ) ) ;
#2150 = CARTESIAN_POINT ( 'NONE',  ( 1.281391773048000227, -0.02981095129919000483, 0.1112559848705000076 ) ) ;
#2151 = ORIENTED_EDGE ( 'NONE', *, *, #5630, .T. ) ;
#2152 = CARTESIAN_POINT ( 'NONE',  ( 0.7344555622518996740, -0.01022296413929000072, 0.1566955674076000171 ) ) ;
#2153 = CARTESIAN_POINT ( 'NONE',  ( 1.094711983021000146, -0.1095433277672000077, -0.03559278478245000293 ) ) ;
#2154 = CARTESIAN_POINT ( 'NONE',  ( 1.300758796890499225, -0.03091510445189048564, -0.1150361429136075170 ) ) ;
#2155 = B_SPLINE_CURVE_WITH_KNOTS ( 'NONE', 3,
 ( #2436, #940, #4819, #5413, #4664, #5463, #7101, #4069, #3214, #2389, #7857, #3267, #117, #9414, #5518, #2487, #6283, #1734 ),
 .UNSPECIFIED., .F., .F.,
 ( 4, 2, 2, 2, 2, 2, 2, 2, 4 ),
 ( 0.000000000000000000, 0.1250000000000000000, 0.2500000000000000000, 0.3750000000000000000, 0.5000000000000000000, 0.6250000000000000000, 0.7500000000000000000, 0.8750000000000000000, 1.000000000000000000 ),
 .UNSPECIFIED. ) ;
#2156 = CARTESIAN_POINT ( 'NONE',  ( 0.7308438118074999101, -0.01388666294599999983, 0.2028813468012999888 ) ) ;
#2157 = DIRECTION ( 'NONE',  ( 0.000000000000000000, -1.000000000000000000, 0.000000000000000000 ) ) ;
#2158 = CARTESIAN_POINT ( 'NONE',  ( 0.6102362204723996708, -0.3740157480314960647, -0.3740157480314960647 ) ) ;
#2159 = CARTESIAN_POINT ( 'NONE',  ( 1.375125055357999893, 0.1028522961082999898, 0.02071063940797999992 ) ) ;
#2160 = EDGE_CURVE ( 'NONE', #5651, #3293, #7394, .T. ) ;
#2161 = LINE ( 'NONE', #2306, #9881 ) ;
#2162 = CARTESIAN_POINT ( 'NONE',  ( 1.383188032890000141, 0.08245393509903994889, -0.08011295814933995507 ) ) ;
#2163 = B_SPLINE_CURVE_WITH_KNOTS ( 'NONE', 3,
 ( #2996, #3714, #8966, #9906, #580, #5267 ),
 .UNSPECIFIED., .F., .F.,
 ( 4, 2, 4 ),
 ( 0.000000000000000000, 0.5000000000000000000, 1.000000000000000000 ),
 .UNSPECIFIED. ) ;
#2164 = EDGE_LOOP ( 'NONE', ( #4930, #9354, #6941, #848 ) ) ;
#2165 = CARTESIAN_POINT ( 'NONE',  ( 1.250924499918000254, 0.07928514195874998560, 0.08354910682621004281 ) ) ;
#2166 = EDGE_LOOP ( 'NONE', ( #3116, #1864, #8442, #8797, #9346, #6315, #2264 ) ) ;
#2167 = DIRECTION ( 'NONE',  ( 0.000000000000000000, 0.000000000000000000, -1.000000000000000000 ) ) ;
#2168 = EDGE_CURVE ( 'NONE', #539, #6825, #557, .T. ) ;
#2169 = EDGE_LOOP ( 'NONE', ( #2327, #6235 ) ) ;
#2170 = DIRECTION ( 'NONE',  ( 0.000000000000000000, 0.000000000000000000, 1.000000000000000000 ) ) ;
#2171 = EDGE_CURVE ( 'NONE', #6877, #2857, #1961, .T. ) ;
#2172 = FACE_OUTER_BOUND ( 'NONE', #2635, .T. ) ;
#2173 = CARTESIAN_POINT ( 'NONE',  ( 1.211082432118000041, -0.05199892369778000289, -0.09006477778321003713 ) ) ;
#2174 = CARTESIAN_POINT ( 'NONE',  ( 1.139177432060750172, -0.09444883965335029719, -0.07258425826477082898 ) ) ;
#2175 = CARTESIAN_POINT ( 'NONE',  ( 1.328291154913000094, 0.05532139685539001067, 0.1080842288674999929 ) ) ;
#2176 = AXIS2_PLACEMENT_3D ( 'NONE', #5963, #9110, #2898 ) ;
#2177 = CIRCLE ( 'NONE', #3481, 0.08267716535433068670 ) ;
#2178 = CARTESIAN_POINT ( 'NONE',  ( 1.155163189600999951, 0.02056715578430000010, -0.1189116881070000076 ) ) ;
#2179 = CARTESIAN_POINT ( 'NONE',  ( 0.6498031496062991463, -0.5314960629921000601, -0.3740157480314960647 ) ) ;
#2180 = FACE_OUTER_BOUND ( 'NONE', #3098, .T. ) ;
#2181 = EDGE_CURVE ( 'NONE', #2185, #9828, #6902, .T. ) ;
#2182 = CARTESIAN_POINT ( 'NONE',  ( 1.248003225481999934, -0.03483523850941000477, -0.09837167889972008028 ) ) ;
#2183 = VERTEX_POINT ( 'NONE', #7279 ) ;
#2184 = CARTESIAN_POINT ( 'NONE',  ( 0.9819196039739999105, 0.09455477861633997116, 0.1774314742987000149 ) ) ;
#2185 = VERTEX_POINT ( 'NONE', #8228 ) ;
#2186 = DIRECTION ( 'NONE',  ( 1.000000000000000000, 0.000000000000000000, 0.000000000000000000 ) ) ;
#2187 = VERTEX_POINT ( 'NONE', #4385 ) ;
#2188 = CARTESIAN_POINT ( 'NONE',  ( 0.7322749853665000419, 0.1286486681765000029, -0.08905901780482991525 ) ) ;
#2189 = DIRECTION ( 'NONE',  ( 0.000000000000000000, 0.9011169856835861136, 0.4335760349840935279 ) ) ;
#2190 = AXIS2_PLACEMENT_3D ( 'NONE', #5426, #9234, #806 ) ;
#2191 = CARTESIAN_POINT ( 'NONE',  ( 1.257287668280749449, -0.09444883965335029719, -0.07258425826477082898 ) ) ;
#2192 = CARTESIAN_POINT ( 'NONE',  ( 1.377729825484113713, 0.05370945860689624318, -0.09305155058070833929 ) ) ;
#2193 = ORIENTED_EDGE ( 'NONE', *, *, #6143, .F. ) ;
#2194 = CARTESIAN_POINT ( 'NONE',  ( 0.7261126622680000864, -0.1256098110564000114, 0.09061112456671002735 ) ) ;
#2195 = CARTESIAN_POINT ( 'NONE',  ( 0.9842519685038996213, 0.000000000000000000, 0.000000000000000000 ) ) ;
#2196 = CARTESIAN_POINT ( 'NONE',  ( 1.183468770643250290, -0.01546059376766966385, -0.1181102362205000700 ) ) ;
#2197 = EDGE_CURVE ( 'NONE', #8362, #8249, #4533, .T. ) ;
#2198 = CARTESIAN_POINT ( 'NONE',  ( 1.237706918855999927, -0.008598274180672991693, 0.1092514321174000019 ) ) ;
#2199 = AXIS2_PLACEMENT_3D ( 'NONE', #6629, #5904, #2072 ) ;
#2200 = ORIENTED_EDGE ( 'NONE', *, *, #457, .F. ) ;
#2201 = VECTOR ( 'NONE', #6007, 39.37007874015748143 ) ;
#2202 = DIRECTION ( 'NONE',  ( 0.000000000000000000, 0.000000000000000000, -1.000000000000000000 ) ) ;
#2203 = CARTESIAN_POINT ( 'NONE',  ( 1.100075685259999991, 0.01145519685795000180, -0.1089889178014000065 ) ) ;
#2204 = CIRCLE ( 'NONE', #3828, 0.1574803149606000263 ) ;
#2205 = CARTESIAN_POINT ( 'NONE',  ( 1.289275857257999647, -0.1032031167347789713, 0.05948255673673419341 ) ) ;
#2206 = CARTESIAN_POINT ( 'NONE',  ( 1.158668149741333364, 0.07690747405744374765, -0.09197940250215212721 ) ) ;
#2207 = CARTESIAN_POINT ( 'NONE',  ( 0.5788054723971000071, -0.01574803149606000124, -0.1482276299409999998 ) ) ;
#2208 = CARTESIAN_POINT ( 'NONE',  ( 1.164458229863427174, 0.01777201630512044439, -0.1027512254037736272 ) ) ;
#2209 = CARTESIAN_POINT ( 'NONE',  ( 1.319089183488000083, -0.1049127410514000130, -0.0009340167972483996457 ) ) ;
#2210 = DIRECTION ( 'NONE',  ( 0.000000000000000000, -1.000000000000000000, 0.000000000000000000 ) ) ;
#2211 = CARTESIAN_POINT ( 'NONE',  ( 1.356851090633000023, 0.02975489623961000141, 0.1110467845401000020 ) ) ;
#2212 = CARTESIAN_POINT ( 'NONE',  ( 1.184641465576749653, -0.1181102362205000006, -0.01546059376767004723 ) ) ;
#2213 = ORIENTED_EDGE ( 'NONE', *, *, #9343, .T. ) ;
#2214 = CARTESIAN_POINT ( 'NONE',  ( 1.211504737590000103, 0.03125811517097000503, 0.1166568739668999988 ) ) ;
#2215 = AXIS2_PLACEMENT_3D ( 'NONE', #4127, #6512, #5872 ) ;
#2216 = DIRECTION ( 'NONE',  ( -1.000000000000000000, -2.395410595011000017E-12, 0.000000000000000000 ) ) ;
#2217 = CARTESIAN_POINT ( 'NONE',  ( 1.047973619356000086, 0.04272635487288999750, -0.09301870540551003541 ) ) ;
#2218 = ORIENTED_EDGE ( 'NONE', *, *, #1136, .T. ) ;
#2219 = ORIENTED_EDGE ( 'NONE', *, *, #7597, .F. ) ;
#2220 = CARTESIAN_POINT ( 'NONE',  ( 0.6115706219356004114, 0.01574803149606000124, -0.1244357254960000020 ) ) ;
#2221 = CARTESIAN_POINT ( 'NONE',  ( 0.7952755905512007839, 0.09349875659085001012, 0.1732283464567000442 ) ) ;
#2222 = CARTESIAN_POINT ( 'NONE',  ( 0.7322726316473996411, 0.1286469290627000051, 0.08906046700717991371 ) ) ;
#2223 = ADVANCED_FACE ( 'NONE', ( #6513 ), #4996, .T. ) ;
#2224 = CARTESIAN_POINT ( 'NONE',  ( 1.311422716592999915, -0.002860612057760999766, -0.1213856441064000008 ) ) ;
#2225 = CIRCLE ( 'NONE', #791, 0.2185039370079000232 ) ;
#2226 = CARTESIAN_POINT ( 'NONE',  ( 1.119655239219000009, 0.08552239583898996189, -0.08514057377596002951 ) ) ;
#2227 = CARTESIAN_POINT ( 'NONE',  ( 0.7244094488188976833, 0.1251805779226000115, 0.09045730080782006521 ) ) ;
#2228 = CARTESIAN_POINT ( 'NONE',  ( 1.211749944641999921, 0.01632510462271000162, -0.1030726540387999907 ) ) ;
#2229 = ORIENTED_EDGE ( 'NONE', *, *, #2934, .T. ) ;
#2230 = CARTESIAN_POINT ( 'NONE',  ( 0.9809716437276003731, 0.09435586860101004281, 0.1766362176665000061 ) ) ;
#2231 = EDGE_LOOP ( 'NONE', ( #2120, #6319, #2151, #1366 ) ) ;
#2232 = CARTESIAN_POINT ( 'NONE',  ( 1.317983206339250257, 0.07258425826477024612, 0.09444883965335072740 ) ) ;
#2233 = EDGE_LOOP ( 'NONE', ( #5395, #8264, #5899, #5224, #8383 ) ) ;
#2234 = EDGE_CURVE ( 'NONE', #9007, #2657, #9471, .T. ) ;
#2235 = CARTESIAN_POINT ( 'NONE',  ( 0.7344566991169999559, 0.1305921501842000065, -0.08719972292206004671 ) ) ;
#2236 = B_SPLINE_CURVE_WITH_KNOTS ( 'NONE', 3,
 ( #7309, #1743, #8719, #5525, #1793, #4879 ),
 .UNSPECIFIED., .F., .F.,
 ( 4, 1, 1, 4 ),
 ( 0.000000000000000000, 0.3333333333333000081, 0.6666666666667000474, 1.000000000000000000 ),
 .UNSPECIFIED. ) ;
#2237 = EDGE_CURVE ( 'NONE', #4795, #5047, #5778, .T. ) ;
#2238 = CARTESIAN_POINT ( 'NONE',  ( 0.4921259842520000483, 0.2716535433071000094, 0.3543307086614000401 ) ) ;
#2239 = CARTESIAN_POINT ( 'NONE',  ( 0.6498031496062991463, -0.3543307086614000401, 0.3543307086614000401 ) ) ;
#2240 = PLANE ( 'NONE',  #7458 ) ;
#2241 = B_SPLINE_CURVE_WITH_KNOTS ( 'NONE', 3,
 ( #292, #4835, #8833, #3382 ),
 .UNSPECIFIED., .F., .F.,
 ( 4, 4 ),
 ( 0.000000000000000000, 1.000000000000000000 ),
 .UNSPECIFIED. ) ;
#2242 = CARTESIAN_POINT ( 'NONE',  ( 1.562992125983999836, 0.000000000000000000, 0.000000000000000000 ) ) ;
#2243 = CARTESIAN_POINT ( 'NONE',  ( 0.06692913385827008177, 0.000000000000000000, 0.3149606299213000282 ) ) ;
#2244 = CARTESIAN_POINT ( 'NONE',  ( 0.7244094488188976833, 0.01574803149606000124, 0.1536382109453000022 ) ) ;
#2245 = CARTESIAN_POINT ( 'NONE',  ( 1.214248913605999958, -0.05479462961503000357, -0.09490708247489999805 ) ) ;
#2246 = B_SPLINE_CURVE_WITH_KNOTS ( 'NONE', 3,
 ( #2836, #5902, #9004, #5154, #2070, #8235, #4391, #563, #3648, #8289, #623, #6781, #9847, #1752 ),
 .UNSPECIFIED., .F., .F.,
 ( 4, 1, 1, 1, 1, 1, 1, 1, 1, 1, 1, 4 ),
 ( 0.000000000000000000, 0.09090909090909000956, 0.1818181818182000031, 0.2727272727273000186, 0.3636363636364000063, 0.4545454545454999939, 0.5454545454545000061, 0.6363636363636000493, 0.7272727272726999814, 0.8181818181818000246, 0.9090909090908999568, 1.000000000000000000 ),
 .UNSPECIFIED. ) ;
#2247 = VECTOR ( 'NONE', #1490, 39.37007874015748143 ) ;
#2248 = ORIENTED_EDGE ( 'NONE', *, *, #4147, .F. ) ;
#2249 = CARTESIAN_POINT ( 'NONE',  ( 0.6284087207853995549, -0.01574803149606000124, -0.1689551242419000121 ) ) ;
#2250 = CARTESIAN_POINT ( 'NONE',  ( 1.170449701007999943, -0.1033033827288999951, -0.03658164642884999956 ) ) ;
#2251 = CYLINDRICAL_SURFACE ( 'NONE', #485, 0.1535433070865999949 ) ;
#2252 = ORIENTED_EDGE ( 'NONE', *, *, #1996, .F. ) ;
#2253 = CARTESIAN_POINT ( 'NONE',  ( 1.311774011509000193, 0.000000000000000000, -0.1181102362205000006 ) ) ;
#2254 = CARTESIAN_POINT ( 'NONE',  ( 1.048508456622610385, 0.05067536508359193198, -0.08936403373040073539 ) ) ;
#2255 = CIRCLE ( 'NONE', #5477, 0.2592016018472000360 ) ;
#2256 = CARTESIAN_POINT ( 'NONE',  ( 1.329339294203000010, 0.07117722443235000029, -0.07708001613486005488 ) ) ;
#2257 = DIRECTION ( 'NONE',  ( 1.000000000000000000, 0.000000000000000000, 0.000000000000000000 ) ) ;
#2258 = ORIENTED_EDGE ( 'NONE', *, *, #2483, .F. ) ;
#2259 = CARTESIAN_POINT ( 'NONE',  ( 1.346466290385999853, 0.08185306293017007018, 0.06383566807166003720 ) ) ;
#2260 = VERTEX_POINT ( 'NONE', #3495 ) ;
#2261 = CARTESIAN_POINT ( 'NONE',  ( 1.243492926565999968, 0.1197388609877000076, 0.01576392010729999946 ) ) ;
#2262 = DIRECTION ( 'NONE',  ( 1.000000000000000000, 0.000000000000000000, 0.000000000000000000 ) ) ;
#2263 = VECTOR ( 'NONE', #6560, 39.37007874015748143 ) ;
#2264 = ORIENTED_EDGE ( 'NONE', *, *, #721, .T. ) ;
#2265 = ORIENTED_EDGE ( 'NONE', *, *, #9102, .T. ) ;
#2266 = B_SPLINE_CURVE_WITH_KNOTS ( 'NONE', 3,
 ( #9768, #2814, #2141, #5928, #9028, #8263, #1344, #9818, #593, #2909, #6546, #9624, #5792, #8881 ),
 .UNSPECIFIED., .F., .F.,
 ( 4, 1, 1, 1, 1, 1, 1, 1, 1, 1, 1, 4 ),
 ( 0.000000000000000000, 0.09090909090909000956, 0.1818181818182000031, 0.2727272727273000186, 0.3636363636364000063, 0.4545454545454999939, 0.5454545454545000061, 0.6363636363636000493, 0.7272727272726999814, 0.8181818181818000246, 0.9090909090908999568, 1.000000000000000000 ),
 .UNSPECIFIED. ) ;
#2267 = DIRECTION ( 'NONE',  ( 0.000000000000000000, -0.1065330715940051992, 0.9943091594955497659 ) ) ;
#2268 = FACE_OUTER_BOUND ( 'NONE', #4119, .T. ) ;
#2269 = ORIENTED_EDGE ( 'NONE', *, *, #2800, .F. ) ;
#2270 = CARTESIAN_POINT ( 'NONE',  ( 0.7244094488188976833, 0.1409286094185999982, 0.06318091013743996898 ) ) ;
#2271 = CARTESIAN_POINT ( 'NONE',  ( 1.324228305692999985, 0.1156162809903000105, -0.006484195759239999753 ) ) ;
#2272 = CARTESIAN_POINT ( 'NONE',  ( 0.6498031496062991463, 0.3740157480314960647, -0.5314960629921000601 ) ) ;
#2273 = CARTESIAN_POINT ( 'NONE',  ( 1.177319327864000176, 0.04717939539942000299, 0.09891362216373995875 ) ) ;
#2274 = CARTESIAN_POINT ( 'NONE',  ( 0.5787401574803000548, 0.000000000000000000, 0.1535433070865999949 ) ) ;
#2275 = VECTOR ( 'NONE', #2921, 39.37007874015748143 ) ;
#2276 = ORIENTED_EDGE ( 'NONE', *, *, #3024, .T. ) ;
#2277 = CARTESIAN_POINT ( 'NONE',  ( 1.292786690049000153, 0.05217873381839999852, -0.09037621804783996238 ) ) ;
#2278 = ORIENTED_EDGE ( 'NONE', *, *, #3357, .T. ) ;
#2279 = CARTESIAN_POINT ( 'NONE',  ( 0.6104330708661004357, -0.2755905511811023723, 0.000000000000000000 ) ) ;
#2280 = EDGE_LOOP ( 'NONE', ( #9179, #8024, #7942, #5547, #6032, #1434, #6365, #8796, #2605, #5835 ) ) ;
#2281 = DIRECTION ( 'NONE',  ( 0.000000000000000000, 0.9233019039983419995, -0.3840749849613175337 ) ) ;
#2282 = ORIENTED_EDGE ( 'NONE', *, *, #9670, .T. ) ;
#2283 = CARTESIAN_POINT ( 'NONE',  ( 1.368763789263613306, 0.06323117286389759450, 0.09887903395553634955 ) ) ;
#2284 = CARTESIAN_POINT ( 'NONE',  ( 0.7401574803150000603, 0.000000000000000000, 0.1535433070865999949 ) ) ;
#2285 = CARTESIAN_POINT ( 'NONE',  ( -0.03507965042200000133, 1.893158239629000000E-14, -0.2750715554070999880 ) ) ;
#2286 = CARTESIAN_POINT ( 'NONE',  ( 1.145739111850749836, 0.01546059376767017907, -0.1181102362204999728 ) ) ;
#2287 = DIRECTION ( 'NONE',  ( 0.000000000000000000, 0.01695770358435959996, 0.9998562078064749947 ) ) ;
#2288 = CARTESIAN_POINT ( 'NONE',  ( 1.142810756915500381, -0.1150361429136074615, 0.03091510445189059667 ) ) ;
#2289 = DIRECTION ( 'NONE',  ( 0.000000000000000000, -0.1013964983486963234, 0.9948460936861655002 ) ) ;
#2290 = EDGE_CURVE ( 'NONE', #1213, #6393, #3029, .T. ) ;
#2291 = ADVANCED_FACE ( 'NONE', ( #9645 ), #5284, .T. ) ;
#2292 = CARTESIAN_POINT ( 'NONE',  ( 1.233441826992000001, 0.06207203992786004126, 0.09031537852314999726 ) ) ;
#2293 = VERTEX_POINT ( 'NONE', #4950 ) ;
#2294 = CARTESIAN_POINT ( 'NONE',  ( 1.244516793661499809, 0.1150361429136073088, 0.03091510445189111014 ) ) ;
#2295 = CIRCLE ( 'NONE', #3607, 0.2020722792146999736 ) ;
#2296 = ORIENTED_EDGE ( 'NONE', *, *, #1010, .F. ) ;
#2297 = CARTESIAN_POINT ( 'NONE',  ( 0.5986837116382007773, -0.01574803149606000124, -0.1592489209574999842 ) ) ;
#2298 = CARTESIAN_POINT ( 'NONE',  ( 1.185377522530000061, 0.1001147766328000094, -0.04457397225283000336 ) ) ;
#2299 = EDGE_CURVE ( 'NONE', #2183, #4418, #1637, .T. ) ;
#2300 = CARTESIAN_POINT ( 'NONE',  ( 1.067819164344500082, 0.03091510445189092279, -0.1150361429136073782 ) ) ;
#2301 = CARTESIAN_POINT ( 'NONE',  ( 1.124413652533249985, 0.01546059376766943140, 0.1181102362205000700 ) ) ;
#2302 = ADVANCED_FACE ( 'NONE', ( #1257 ), #2369, .F. ) ;
#2303 = DIRECTION ( 'NONE',  ( -1.000000000000000000, -4.816229113839000090E-12, 0.000000000000000000 ) ) ;
#2304 = CARTESIAN_POINT ( 'NONE',  ( 1.110151952807489018, -0.08353727978464924042, 0.06241139152578546040 ) ) ;
#2305 = CARTESIAN_POINT ( 'NONE',  ( 1.317901412792000349, -0.04164225703496000214, -0.09629874261107007616 ) ) ;
#2306 = CARTESIAN_POINT ( 'NONE',  ( 0.6102362204723996708, 0.3740157480314960647, -0.5314960629921000601 ) ) ;
#2307 = CARTESIAN_POINT ( 'NONE',  ( 1.348492209021000310, 0.05733008887075000115, 0.08653425529396005511 ) ) ;
#2308 = ADVANCED_FACE ( 'NONE', ( #2688, #8083, #1214, #3503, #9653, #5098 ), #2510, .T. ) ;
#2309 = CARTESIAN_POINT ( 'NONE',  ( 1.188320209974000008, 0.08864826967872008190, 0.05118110236220999726 ) ) ;
#2310 = CARTESIAN_POINT ( 'NONE',  ( 1.179516548614000016, -0.09581493536365000285, 0.07352138559648996319 ) ) ;
#2311 = CARTESIAN_POINT ( 'NONE',  ( 0.8581924926620000393, 0.09147034434513996726, 0.1652790983568000194 ) ) ;
#2312 = VERTEX_POINT ( 'NONE', #1909 ) ;
#2313 = FACE_OUTER_BOUND ( 'NONE', #6412, .T. ) ;
#2314 = CARTESIAN_POINT ( 'NONE',  ( 0.7285187645193996753, -0.1821554130227000246, -0.08782316039857007706 ) ) ;
#2315 = ORIENTED_EDGE ( 'NONE', *, *, #1556, .T. ) ;
#2316 = EDGE_CURVE ( 'NONE', #7743, #366, #6347, .T. ) ;
#2317 = CARTESIAN_POINT ( 'NONE',  ( 1.378550848747793989, 0.02272707645411142785, 0.1024299406193592693 ) ) ;
#2318 = CARTESIAN_POINT ( 'NONE',  ( 1.300130536664000136, -0.08187020474242991119, 0.07785502640268997243 ) ) ;
#2319 = ORIENTED_EDGE ( 'NONE', *, *, #6868, .F. ) ;
#2320 = CARTESIAN_POINT ( 'NONE',  ( 0.4921259842520000483, 0.000000000000000000, 0.000000000000000000 ) ) ;
#2321 = CARTESIAN_POINT ( 'NONE',  ( 1.205042424975999893, 0.08144069092468997351, -0.07332952747900001178 ) ) ;
#2322 = CARTESIAN_POINT ( 'NONE',  ( 1.047973619356000086, 0.000000000000000000, 0.000000000000000000 ) ) ;
#2323 = CARTESIAN_POINT ( 'NONE',  ( 1.288578139347000162, 0.05217873381839999852, -0.09037621804783996238 ) ) ;
#2324 = EDGE_LOOP ( 'NONE', ( #5048, #9741, #8201, #8747 ) ) ;
#2325 = EDGE_CURVE ( 'NONE', #6199, #17, #2241, .T. ) ;
#2326 = CARTESIAN_POINT ( 'NONE',  ( 0.6102362204723996708, -0.2755905511811023723, 0.000000000000000000 ) ) ;
#2327 = ORIENTED_EDGE ( 'NONE', *, *, #8509, .T. ) ;
#2328 = AXIS2_PLACEMENT_3D ( 'NONE', #8650, #53, #3153 ) ;
#2329 = CARTESIAN_POINT ( 'NONE',  ( 1.209715489803250055, -0.09444883965335040821, 0.07258425826477060694 ) ) ;
#2330 = ORIENTED_EDGE ( 'NONE', *, *, #2356, .T. ) ;
#2331 = CARTESIAN_POINT ( 'NONE',  ( 0.7334686179297008612, -0.01157818479516000039, -0.1563464199078999917 ) ) ;
#2332 = DIRECTION ( 'NONE',  ( -1.000000000000000000, 0.000000000000000000, 0.000000000000000000 ) ) ;
#2333 = CARTESIAN_POINT ( 'NONE',  ( 1.252366408438249312, -0.1181102362205000422, 0.01546059376766979916 ) ) ;
#2334 = CARTESIAN_POINT ( 'NONE',  ( 1.237602628910749791, 0.09444883965335011677, 0.07258425826477109266 ) ) ;
#2335 = DIRECTION ( 'NONE',  ( 1.000000000000000000, 0.000000000000000000, 0.000000000000000000 ) ) ;
#2336 = LINE ( 'NONE', #8544, #2904 ) ;
#2337 = CARTESIAN_POINT ( 'NONE',  ( 0.7244094488188976833, -0.1655628205247000329, -0.1137719994447000116 ) ) ;
#2338 = ORIENTED_EDGE ( 'NONE', *, *, #5577, .F. ) ;
#2339 = CARTESIAN_POINT ( 'NONE',  ( 1.165424151220749716, -0.01546059376766992927, 0.1181102362204999867 ) ) ;
#2340 = B_SPLINE_CURVE_WITH_KNOTS ( 'NONE', 3,
 ( #340, #8671, #8015, #905, #1746, #7871, #1044, #6500, #3981, #7919, #131 ),
 .UNSPECIFIED., .F., .F.,
 ( 4, 1, 1, 1, 1, 1, 1, 1, 4 ),
 ( 0.000000000000000000, 0.1250000000000000000, 0.2500000000000000000, 0.3750000000000000000, 0.5000000000000000000, 0.6250000000000000000, 0.7500000000000000000, 0.8750000000000000000, 1.000000000000000000 ),
 .UNSPECIFIED. ) ;
#2341 = CARTESIAN_POINT ( 'NONE',  ( 1.310213480535000086, 0.08694300485362992104, 0.06671371389544999975 ) ) ;
#2342 = CIRCLE ( 'NONE', #1701, 0.1574803149606000263 ) ;
#2343 = CARTESIAN_POINT ( 'NONE',  ( 0.7362204724408996093, 0.000000000000000000, 0.000000000000000000 ) ) ;
#2344 = ADVANCED_FACE ( 'NONE', ( #8367 ), #6554, .T. ) ;
#2345 = CARTESIAN_POINT ( 'NONE',  ( 1.136328966100000004, -0.04193799387248999672, -0.1012472735857000011 ) ) ;
#2346 = DIRECTION ( 'NONE',  ( 1.000000000000000000, 0.000000000000000000, 0.000000000000000000 ) ) ;
#2347 = AXIS2_PLACEMENT_3D ( 'NONE', #5858, #1267, #669 ) ;
#2348 = FACE_OUTER_BOUND ( 'NONE', #4618, .T. ) ;
#2349 = CARTESIAN_POINT ( 'NONE',  ( 0.6498031496062991463, -0.3740157480314960647, -0.5314960629921000601 ) ) ;
#2350 = ADVANCED_FACE ( 'NONE', ( #4532 ), #8222, .T. ) ;
#2351 = CARTESIAN_POINT ( 'NONE',  ( 0.7362204724408996093, -0.1343708233930999973, -0.08212509616896003506 ) ) ;
#2352 = CARTESIAN_POINT ( 'NONE',  ( 1.358867620140999932, -0.01603268188042999975, -0.1036845180112000026 ) ) ;
#2353 = CARTESIAN_POINT ( 'NONE',  ( 1.315780869305482437, -0.04492705090909000082, 0.09419148551886009912 ) ) ;
#2354 = CIRCLE ( 'NONE', #755, 0.2592016018472000360 ) ;
#2355 = EDGE_CURVE ( 'NONE', #7914, #6122, #6416, .T. ) ;
#2356 = EDGE_CURVE ( 'NONE', #6623, #9400, #2056, .T. ) ;
#2357 = CARTESIAN_POINT ( 'NONE',  ( 0.7280600717204999128, 0.01516969372517000189, -0.2015020754713999773 ) ) ;
#2358 = CARTESIAN_POINT ( 'NONE',  ( 1.230697650976000146, -0.04031454967564999936, -0.1138447763062999940 ) ) ;
#2359 = CARTESIAN_POINT ( 'NONE',  ( 0.5787401574803000548, 0.1197790563662000096, -0.08733873088323995670 ) ) ;
#2360 = ORIENTED_EDGE ( 'NONE', *, *, #8115, .T. ) ;
#2361 = CONICAL_SURFACE ( 'NONE', #1564, 0.1909448794743000277, 0.7853986016524421299 ) ;
#2362 = FACE_OUTER_BOUND ( 'NONE', #9254, .T. ) ;
#2363 = AXIS2_PLACEMENT_3D ( 'NONE', #5096, #6680, #8651 ) ;
#2364 = CARTESIAN_POINT ( 'NONE',  ( 0.6115706219037008173, 0.1156385151587999982, -0.04857966740867999955 ) ) ;
#2365 = ORIENTED_EDGE ( 'NONE', *, *, #1310, .T. ) ;
#2366 = CARTESIAN_POINT ( 'NONE',  ( 1.332529523190238319, -0.002471814868744999678, -0.1048876372943000068 ) ) ;
#2367 = CARTESIAN_POINT ( 'NONE',  ( 0.7244094488188976833, 0.1251805779226000115, 0.09045730080782006521 ) ) ;
#2368 = ORIENTED_EDGE ( 'NONE', *, *, #7051, .T. ) ;
#2369 = CONICAL_SURFACE ( 'NONE', #780, 0.1397637795276000239, 0.2516899717581221885 ) ;
#2370 = B_SPLINE_CURVE_WITH_KNOTS ( 'NONE', 3,
 ( #7147, #217, #5625, #2387, #4869, #2593 ),
 .UNSPECIFIED., .F., .F.,
 ( 4, 1, 1, 4 ),
 ( 0.000000000000000000, 0.3333333333333000081, 0.6666666666667000474, 1.000000000000000000 ),
 .UNSPECIFIED. ) ;
#2371 = AXIS2_PLACEMENT_3D ( 'NONE', #5242, #8942, #454 ) ;
#2372 = DIRECTION ( 'NONE',  ( -1.000000000000000000, 0.000000000000000000, 0.000000000000000000 ) ) ;
#2373 = ORIENTED_EDGE ( 'NONE', *, *, #3226, .F. ) ;
#2374 = EDGE_CURVE ( 'NONE', #1719, #1480, #5618, .T. ) ;
#2375 = DIRECTION ( 'NONE',  ( 0.000000000000000000, 0.9233019039983419995, -0.3840749849613175337 ) ) ;
#2376 = CARTESIAN_POINT ( 'NONE',  ( 1.233131945121000106, -0.09298318451212993219, 0.04737729888396000760 ) ) ;
#2377 = AXIS2_PLACEMENT_3D ( 'NONE', #2443, #8824, #6705 ) ;
#2378 = ORIENTED_EDGE ( 'NONE', *, *, #4696, .T. ) ;
#2379 = AXIS2_PLACEMENT_3D ( 'NONE', #9734, #6815, #8991 ) ;
#2380 =( LENGTH_UNIT ( ) NAMED_UNIT ( * ) SI_UNIT ( $, .METRE. ) );
#2381 = ORIENTED_EDGE ( 'NONE', *, *, #5026, .T. ) ;
#2382 = CARTESIAN_POINT ( 'NONE',  ( 0.9842519685132009588, -0.2559055118017999897, -1.033603656759000089E-10 ) ) ;
#2383 = CARTESIAN_POINT ( 'NONE',  ( 0.7244094488188976833, 0.1655628205247000329, 0.1137719994447000116 ) ) ;
#2384 = CARTESIAN_POINT ( 'NONE',  ( 1.222371124369708184, -0.1181102362205000006, 0.01546059376766979396 ) ) ;
#2385 = CARTESIAN_POINT ( 'NONE',  ( 1.191352196131999941, 0.06016699432915000034, 0.08281276320373996691 ) ) ;
#2386 = DIRECTION ( 'NONE',  ( -1.000000000000000000, 0.000000000000000000, 0.000000000000000000 ) ) ;
#2387 = CARTESIAN_POINT ( 'NONE',  ( 0.6803393851628996014, 0.01574803149606000124, 0.1422435311717999973 ) ) ;
#2388 = CARTESIAN_POINT ( 'NONE',  ( -0.03507965042200000133, -1.891795658837000203E-14, 0.2750715554070999880 ) ) ;
#2389 = CARTESIAN_POINT ( 'NONE',  ( 1.104260888149249498, -0.1181102362205000006, 0.01546059376766979396 ) ) ;
#2390 = EDGE_LOOP ( 'NONE', ( #4754, #6325, #5675, #7605 ) ) ;
#2391 = DIRECTION ( 'NONE',  ( 0.000000000000000000, 0.000000000000000000, -1.000000000000000000 ) ) ;
#2392 = CARTESIAN_POINT ( 'NONE',  ( 1.058138782919000098, 0.09359019512382993344, 0.04516025147182999716 ) ) ;
#2393 = CARTESIAN_POINT ( 'NONE',  ( 1.295285659012999968, -0.01714353714179999918, -0.1082400335958999954 ) ) ;
#2394 = EDGE_LOOP ( 'NONE', ( #3341, #2463, #3140, #6700 ) ) ;
#2395 = CARTESIAN_POINT ( 'NONE',  ( 1.138151630160999961, 0.1040357683916000170, 0.008187792543227993131 ) ) ;
#2396 = CARTESIAN_POINT ( 'NONE',  ( 0.4724409448819000268, -0.3543307086614000401, -0.3543307086614000401 ) ) ;
#2397 = DIRECTION ( 'NONE',  ( -1.000000000000000000, 4.816441574416000111E-12, 0.000000000000000000 ) ) ;
#2398 = CARTESIAN_POINT ( 'NONE',  ( 1.122499754951999940, -0.09006477778341004381, 0.05199892369776000500 ) ) ;
#2399 = FACE_BOUND ( 'NONE', #8547, .T. ) ;
#2400 = CARTESIAN_POINT ( 'NONE',  ( 1.331459050879000072, 0.000000000000000000, 0.1181102362205000006 ) ) ;
#2401 = CARTESIAN_POINT ( 'NONE',  ( 0.7077880313856003136, 0.1608701438224000024, 0.1110626812872999997 ) ) ;
#2402 = CARTESIAN_POINT ( 'NONE',  ( 1.378145835363999927, 0.02272619166960000020, 0.1024259529341999958 ) ) ;
#2403 = AXIS2_PLACEMENT_3D ( 'NONE', #6142, #9378, #5375 ) ;
#2404 = CARTESIAN_POINT ( 'NONE',  ( 1.198490843058482636, -0.05683715052910000981, 0.08752153721173996925 ) ) ;
#2405 = CARTESIAN_POINT ( 'NONE',  ( 1.364699558102000054, -0.09432415095732007981, -0.04333440867243999739 ) ) ;
#2406 = CARTESIAN_POINT ( 'NONE',  ( 0.7283464566928996575, 0.000000000000000000, -0.2263779527559000304 ) ) ;
#2407 = CARTESIAN_POINT ( 'NONE',  ( 0.7244094488188976833, -0.01574803149606000124, 0.1536382109453000022 ) ) ;
#2408 = LINE ( 'NONE', #3078, #7275 ) ;
#2409 = CARTESIAN_POINT ( 'NONE',  ( 0.7360889355193996897, -0.1858375844696000256, -0.1002685615818999926 ) ) ;
#2410 = EDGE_LOOP ( 'NONE', ( #5446, #8904, #8744, #2121, #3739 ) ) ;
#2411 = EDGE_CURVE ( 'NONE', #5201, #7031, #6974, .T. ) ;
#2412 = ADVANCED_FACE ( 'NONE', ( #7572, #1553 ), #8040, .T. ) ;
#2413 = CYLINDRICAL_SURFACE ( 'NONE', #5108, 0.1574803149606000263 ) ;
#2414 = AXIS2_PLACEMENT_3D ( 'NONE', #6047, #9661, #1416 ) ;
#2415 = LINE ( 'NONE', #3943, #8077 ) ;
#2416 = ORIENTED_EDGE ( 'NONE', *, *, #8661, .F. ) ;
#2417 = CARTESIAN_POINT ( 'NONE',  ( 1.196512241248999908, -0.05479462961503000357, -0.09490708247489999805 ) ) ;
#2418 = ORIENTED_EDGE ( 'NONE', *, *, #8392, .F. ) ;
#2419 = DIRECTION ( 'NONE',  ( 0.000000000000000000, -1.000000000000000000, 0.000000000000000000 ) ) ;
#2420 = ORIENTED_EDGE ( 'NONE', *, *, #546, .F. ) ;
#2421 = CARTESIAN_POINT ( 'NONE',  ( 1.245927220712000016, 0.000000000000000000, -0.1043574676367999970 ) ) ;
#2422 = ORIENTED_EDGE ( 'NONE', *, *, #5573, .F. ) ;
#2423 = AXIS2_PLACEMENT_3D ( 'NONE', #862, #1506, #1703 ) ;
#2424 = EDGE_CURVE ( 'NONE', #9190, #2133, #1555, .T. ) ;
#2425 = DIRECTION ( 'NONE',  ( -1.000000000000000000, 0.000000000000000000, 0.000000000000000000 ) ) ;
#2426 = FACE_OUTER_BOUND ( 'NONE', #7178, .T. ) ;
#2427 = DIRECTION ( 'NONE',  ( 0.000000000000000000, -1.000000000000000000, 0.000000000000000000 ) ) ;
#2428 = EDGE_CURVE ( 'NONE', #1342, #3860, #5929, .T. ) ;
#2429 = CARTESIAN_POINT ( 'NONE',  ( 0.6498031496062991463, 0.2716535433071000094, -0.3543307086614000401 ) ) ;
#2430 = ORIENTED_EDGE ( 'NONE', *, *, #4147, .T. ) ;
#2431 = CARTESIAN_POINT ( 'NONE',  ( 1.184954558337000030, 0.1040357447341000025, -0.008187775355042007513 ) ) ;
#2432 = VECTOR ( 'NONE', #6950, 39.37007874015748143 ) ;
#2433 = CARTESIAN_POINT ( 'NONE',  ( 0.8405511810737993361, 0.1633858267431000100, 0.000000000000000000 ) ) ;
#2434 = DIRECTION ( 'NONE',  ( 0.000000000000000000, -0.9011169856835861136, -0.4335760349840935279 ) ) ;
#2435 = CARTESIAN_POINT ( 'NONE',  ( 1.186476207213666756, 0.04120276216306032607, -0.1125935275257134438 ) ) ;
#2436 = CARTESIAN_POINT ( 'NONE',  ( 1.114923617808000200, 0.000000000000000000, -0.1181102362205000006 ) ) ;
#2437 = ORIENTED_EDGE ( 'NONE', *, *, #3668, .F. ) ;
#2438 = FACE_OUTER_BOUND ( 'NONE', #917, .T. ) ;
#2439 = CARTESIAN_POINT ( 'NONE',  ( 1.171939667396999951, 0.1056179800823999898, 0.02891033921778999802 ) ) ;
#2440 = CARTESIAN_POINT ( 'NONE',  ( 1.245203167026000202, -0.1017252449114000035, -0.02162236829341000061 ) ) ;
#2441 = CARTESIAN_POINT ( 'NONE',  ( 1.246977423582749989, 0.09444883965335013065, 0.07258425826477109266 ) ) ;
#2442 = CARTESIAN_POINT ( 'NONE',  ( 1.118958716775000140, -0.1030726540388999940, -0.01632510462271000162 ) ) ;
#2443 = CARTESIAN_POINT ( 'NONE',  ( 0.6673228346457008575, 0.000000000000000000, 0.000000000000000000 ) ) ;
#2444 = CARTESIAN_POINT ( 'NONE',  ( 1.060095184239000066, 0.0007824736343393996936, -0.1071761501218999879 ) ) ;
#2445 = B_SPLINE_CURVE_WITH_KNOTS ( 'NONE', 3,
 ( #5528, #6452, #5583, #9535, #4833, #1094 ),
 .UNSPECIFIED., .F., .F.,
 ( 4, 1, 1, 4 ),
 ( 0.000000000000000000, 0.3333333333333000081, 0.6666666666667000474, 1.000000000000000000 ),
 .UNSPECIFIED. ) ;
#2446 = CARTESIAN_POINT ( 'NONE',  ( 1.096909203770999985, 0.01087073517139999952, -0.1034281363059999931 ) ) ;
#2447 = CARTESIAN_POINT ( 'NONE',  ( 0.9842519685038996213, -0.09595320950357008605, 0.1830708661417000116 ) ) ;
#2448 = CARTESIAN_POINT ( 'NONE',  ( 1.317515481325249649, 0.09444883965335063025, -0.07258425826477041265 ) ) ;
#2449 = CARTESIAN_POINT ( 'NONE',  ( 1.112240655771427056, -0.09936008898627744779, 0.03164224427315396465 ) ) ;
#2450 = CONICAL_SURFACE ( 'NONE', #8573, 0.1377952755906000082, 0.2525542757780835368 ) ;
#2451 = EDGE_CURVE ( 'NONE', #205, #9500, #8498, .T. ) ;
#2452 = CARTESIAN_POINT ( 'NONE',  ( 1.236876669830482500, -0.04244600606646999758, 0.09533529053064002112 ) ) ;
#2453 = CARTESIAN_POINT ( 'NONE',  ( 1.362673639467000042, -0.1032048953322999979, -0.01112052195802000140 ) ) ;
#2454 = DIRECTION ( 'NONE',  ( 1.000000000000000000, 0.000000000000000000, 0.000000000000000000 ) ) ;
#2455 = VERTEX_POINT ( 'NONE', #4659 ) ;
#2456 = CARTESIAN_POINT ( 'NONE',  ( 1.200240669234000190, 0.06963079299892008245, 0.09583856459177991782 ) ) ;
#2457 = CARTESIAN_POINT ( 'NONE',  ( 0.8647971149727993190, 0.09315903224653997172, 0.1718837498349999882 ) ) ;
#2458 = CARTESIAN_POINT ( 'NONE',  ( 0.6115706219037008173, -0.09989048366269999424, -0.07585605807906004028 ) ) ;
#2459 = DIRECTION ( 'NONE',  ( 1.000000000000000000, 0.000000000000000000, 0.000000000000000000 ) ) ;
#2460 = VERTEX_POINT ( 'NONE', #6841 ) ;
#2461 = VERTEX_POINT ( 'NONE', #3768 ) ;
#2462 = CARTESIAN_POINT ( 'NONE',  ( 0.7334836014312007269, 0.1720445182477999824, -0.1126957039439000080 ) ) ;
#2463 = ORIENTED_EDGE ( 'NONE', *, *, #2115, .F. ) ;
#2464 = CARTESIAN_POINT ( 'NONE',  ( 1.320974930144603432, -0.09909925914935988067, 0.03040755579631192543 ) ) ;
#2465 = CARTESIAN_POINT ( 'NONE',  ( 1.311077095467729769, -0.1049168255531019722, -0.0009340531607363966420 ) ) ;
#2466 = EDGE_LOOP ( 'NONE', ( #3945, #4293, #7833, #6832 ) ) ;
#2467 = CARTESIAN_POINT ( 'NONE',  ( 0.7244094488188976833, 0.1813108520207999952, 0.08649560877427991956 ) ) ;
#2468 = EDGE_CURVE ( 'NONE', #9073, #5951, #1896, .T. ) ;
#2469 = VERTEX_POINT ( 'NONE', #4607 ) ;
#2470 = ORIENTED_EDGE ( 'NONE', *, *, #7679, .F. ) ;
#2471 = EDGE_CURVE ( 'NONE', #2657, #3752, #7599, .T. ) ;
#2472 = CARTESIAN_POINT ( 'NONE',  ( 0.3937007874016000275, 0.000000000000000000, -0.2755905511811023723 ) ) ;
#2473 = ORIENTED_EDGE ( 'NONE', *, *, #660, .T. ) ;
#2474 = CARTESIAN_POINT ( 'NONE',  ( 1.218204123598999988, 0.1000599994510000118, 0.02963912214327999936 ) ) ;
#2475 = EDGE_CURVE ( 'NONE', #1854, #6520, #2, .T. ) ;
#2476 = CARTESIAN_POINT ( 'NONE',  ( 1.366707922213000082, 0.08799912156801002749, -0.05646190449069000278 ) ) ;
#2477 = AXIS2_PLACEMENT_3D ( 'NONE', #1361, #6862, #3596 ) ;
#2478 = LINE ( 'NONE', #7032, #859 ) ;
#2479 = CARTESIAN_POINT ( 'NONE',  ( 1.229753014133832645, -0.05948255673673411015, -0.1032031167347790546 ) ) ;
#2480 = EDGE_LOOP ( 'NONE', ( #5470, #5443, #3908, #9793 ) ) ;
#2481 = CARTESIAN_POINT ( 'NONE',  ( 1.180689466473000104, 0.07569823074892008397, -0.07183493912152008609 ) ) ;
#2482 = DIRECTION ( 'NONE',  ( 1.000000000000000000, 0.000000000000000000, 0.000000000000000000 ) ) ;
#2483 = EDGE_CURVE ( 'NONE', #8084, #6994, #4480, .T. ) ;
#2484 = CARTESIAN_POINT ( 'NONE',  ( 1.084724899543999976, -0.09742608914447992152, 0.03739837169672000083 ) ) ;
#2485 = CARTESIAN_POINT ( 'NONE',  ( 0.9763779527559055538, 0.000000000000000000, 0.000000000000000000 ) ) ;
#2486 = CARTESIAN_POINT ( 'NONE',  ( 0.8543307086613995960, 0.000000000000000000, 0.000000000000000000 ) ) ;
#2487 = CARTESIAN_POINT ( 'NONE',  ( 1.096878998385499626, -0.03091510445189072503, 0.1150361429136074476 ) ) ;
#2488 = CARTESIAN_POINT ( 'NONE',  ( 1.322585791932000099, -0.1018014538566000132, 0.01069976395653000033 ) ) ;
#2489 = CARTESIAN_POINT ( 'NONE',  ( 1.135420792574999949, 0.1014821179617999836, 0.02235961929135000040 ) ) ;
#2490 = CIRCLE ( 'NONE', #67, 0.3149606299213000282 ) ;
#2491 = CARTESIAN_POINT ( 'NONE',  ( 1.294251723456000036, 0.01895210237017000074, -0.1022563938278000101 ) ) ;
#2492 = EDGE_CURVE ( 'NONE', #1420, #8882, #8787, .T. ) ;
#2493 = CARTESIAN_POINT ( 'NONE',  ( 1.059247430686000024, 0.1042144498681999987, 0.005461647631049000411 ) ) ;
#2494 = ORIENTED_EDGE ( 'NONE', *, *, #9023, .F. ) ;
#2495 = ADVANCED_BREP_SHAPE_REPRESENTATION ( 'SLPRATPSR', ( #6223, #2572 ), #8384 ) ;
#2496 = FACE_OUTER_BOUND ( 'NONE', #737, .T. ) ;
#2497 = CARTESIAN_POINT ( 'NONE',  ( 1.381501529602745526, 0.1023564292600349646, -0.006342613487125724724 ) ) ;
#2498 = CARTESIAN_POINT ( 'NONE',  ( 1.135295030543000072, -0.005442826790651000834, -0.1038553219600999999 ) ) ;
#2499 = CARTESIAN_POINT ( 'NONE',  ( 1.081762733898250062, 0.07258425826477025999, 0.09444883965335072740 ) ) ;
#2500 = ADVANCED_FACE ( 'NONE', ( #3914 ), #3190, .T. ) ;
#2501 = CARTESIAN_POINT ( 'NONE',  ( 1.340675682279666603, -0.02061412502356035209, -0.1181102362205000422 ) ) ;
#2502 = CARTESIAN_POINT ( 'NONE',  ( 1.209919146925000133, -0.09581493536365000285, 0.07352138559648996319 ) ) ;
#2503 = TOROIDAL_SURFACE ( 'NONE', #1392, 0.2133049650658000174, 0.01181102362204999867 ) ;
#2504 = CARTESIAN_POINT ( 'NONE',  ( 1.283792680329482350, -0.1042144493542999928, -0.005461647859861999341 ) ) ;
#2505 = CARTESIAN_POINT ( 'NONE',  ( 1.139763808939361134, 0.06133978044347995068, -0.08442696480807009018 ) ) ;
#2506 = CARTESIAN_POINT ( 'NONE',  ( 1.351710515759766862, 0.1201717030326414221, 0.001887807965478968501 ) ) ;
#2507 = CARTESIAN_POINT ( 'NONE',  ( 1.181047755848000147, -0.06310323998263996093, -0.1029751286050999970 ) ) ;
#2508 = VECTOR ( 'NONE', #3507, 39.37007874015748143 ) ;
#2509 = FACE_OUTER_BOUND ( 'NONE', #2684, .T. ) ;
#2510 = PLANE ( 'NONE',  #8190 ) ;
#2511 = DIRECTION ( 'NONE',  ( 0.000000000000000000, 0.7942696459338213222, -0.6075654117444163616 ) ) ;
#2512 = ORIENTED_EDGE ( 'NONE', *, *, #8523, .T. ) ;
#2513 = LINE ( 'NONE', #1158, #1417 ) ;
#2514 = CYLINDRICAL_SURFACE ( 'NONE', #3345, 0.2755905511811023723 ) ;
#2515 = TOROIDAL_SURFACE ( 'NONE', #7539, 0.2066929133858000089, 0.007874015748031005027 ) ;
#2516 = ORIENTED_EDGE ( 'NONE', *, *, #8489, .F. ) ;
#2517 = CARTESIAN_POINT ( 'NONE',  ( 1.384328595742999823, 0.05528790686765999718, -0.1071183613706000043 ) ) ;
#2518 = ORIENTED_EDGE ( 'NONE', *, *, #6241, .F. ) ;
#2519 = ORIENTED_EDGE ( 'NONE', *, *, #3483, .F. ) ;
#2520 = ORIENTED_EDGE ( 'NONE', *, *, #379, .T. ) ;
#2521 = AXIS2_PLACEMENT_3D ( 'NONE', #2867, #6805, #5933 ) ;
#2522 = AXIS2_PLACEMENT_3D ( 'NONE', #9593, #505, #2677 ) ;
#2523 = ORIENTED_EDGE ( 'NONE', *, *, #2740, .F. ) ;
#2524 = DIRECTION ( 'NONE',  ( 1.000000000000000000, 0.000000000000000000, 0.000000000000000000 ) ) ;
#2525 = ORIENTED_EDGE ( 'NONE', *, *, #2620, .T. ) ;
#2526 = CARTESIAN_POINT ( 'NONE',  ( 0.4921259842520000483, -0.3740157480314960647, 0.5314960629921000601 ) ) ;
#2527 = CARTESIAN_POINT ( 'NONE',  ( 1.239586124077999951, -0.03483523850941000477, -0.09837167889972008028 ) ) ;
#2528 = AXIS2_PLACEMENT_3D ( 'NONE', #5177, #5970, #5874 ) ;
#2529 = CARTESIAN_POINT ( 'NONE',  ( 1.337790599377999934, 0.04763771601657000587, 0.09307223051720001084 ) ) ;
#2530 = TOROIDAL_SURFACE ( 'NONE', #2371, 0.1181102362205000006, 0.01968503937007999929 ) ;
#2531 = ORIENTED_EDGE ( 'NONE', *, *, #2022, .T. ) ;
#2532 = CARTESIAN_POINT ( 'NONE',  ( 0.6498031496062991463, 0.2755905511811023723, 0.000000000000000000 ) ) ;
#2533 = CARTESIAN_POINT ( 'NONE',  ( 1.194483985261749703, 0.01546059376767015998, -0.1181102362205000006 ) ) ;
#2534 = EDGE_LOOP ( 'NONE', ( #2628, #7811, #1945, #6419 ) ) ;
#2535 = CARTESIAN_POINT ( 'NONE',  ( 1.165761644950999987, -0.1043574676366000042, -1.222650453103000100E-13 ) ) ;
#2536 = CARTESIAN_POINT ( 'NONE',  ( 0.6104330708661004357, 0.2716535433071000094, 0.3543307086614000401 ) ) ;
#2537 = CARTESIAN_POINT ( 'NONE',  ( 1.110315450725000153, 0.08752153665226003465, 0.05683715047030001022 ) ) ;
#2538 = CARTESIAN_POINT ( 'NONE',  ( 0.8405511810737993361, 0.000000000000000000, 0.000000000000000000 ) ) ;
#2539 = CIRCLE ( 'NONE', #3845, 0.07874015748031004680 ) ;
#2540 = DIRECTION ( 'NONE',  ( 1.000000000000000000, 0.000000000000000000, 0.000000000000000000 ) ) ;
#2541 = AXIS2_PLACEMENT_3D ( 'NONE', #4738, #1514, #6110 ) ;
#2542 = CARTESIAN_POINT ( 'NONE',  ( 0.5788054723971000071, 0.1362429088196999982, 0.06047561963531004198 ) ) ;
#2543 = ORIENTED_EDGE ( 'NONE', *, *, #7372, .T. ) ;
#2544 = DIRECTION ( 'NONE',  ( 0.000000000000000000, -1.000000000000000000, 0.000000000000000000 ) ) ;
#2545 = CARTESIAN_POINT ( 'NONE',  ( 1.070671000701000075, -0.08001488236207991711, 0.06630378150172992757 ) ) ;
#2546 = CARTESIAN_POINT ( 'NONE',  ( 1.189369211069000176, 0.1056303997698000152, 0.02336417851009000082 ) ) ;
#2547 = EDGE_CURVE ( 'NONE', #5951, #3243, #6220, .T. ) ;
#2548 = ADVANCED_FACE ( 'NONE', ( #5318 ), #8404, .T. ) ;
#2549 = CARTESIAN_POINT ( 'NONE',  ( 1.048584701026999966, -0.008188164623481004184, -0.1040356027308000086 ) ) ;
#2550 = ORIENTED_EDGE ( 'NONE', *, *, #8727, .T. ) ;
#2551 = CYLINDRICAL_SURFACE ( 'NONE', #2602, 0.1122047244094000057 ) ;
#2552 = CARTESIAN_POINT ( 'NONE',  ( 1.141692668337999983, 0.08570734959896003646, -0.05890502939158000217 ) ) ;
#2553 = CARTESIAN_POINT ( 'NONE',  ( 1.276245905909391576, -0.07755377926572221137, -0.06982973650143564637 ) ) ;
#2554 = EDGE_CURVE ( 'NONE', #3708, #7533, #1415, .T. ) ;
#2555 = CARTESIAN_POINT ( 'NONE',  ( 1.334114002489666273, -0.1125935275257156504, -0.04120276216305422678 ) ) ;
#2556 = CARTESIAN_POINT ( 'NONE',  ( 1.248304973695999909, -0.08313401587962007677, 0.08760497366872992131 ) ) ;
#2557 = CARTESIAN_POINT ( 'NONE',  ( 1.373495730539238124, 0.02403804991691000162, -0.1021258944721999962 ) ) ;
#2558 = CARTESIAN_POINT ( 'NONE',  ( 0.6092519685038996213, 0.000000000000000000, 0.000000000000000000 ) ) ;
#2559 = CARTESIAN_POINT ( 'NONE',  ( 1.204888480854482413, -0.1043217069379000495, -0.002731760046631000020 ) ) ;
#2560 = CARTESIAN_POINT ( 'NONE',  ( 1.173884543847364181, -0.02169713751314000447, -0.1020770066113000640 ) ) ;
#2561 = DIRECTION ( 'NONE',  ( 0.000000000000000000, 0.000000000000000000, -1.000000000000000000 ) ) ;
#2562 = CARTESIAN_POINT ( 'NONE',  ( 1.187445393643999925, 0.05482937879663001002, -0.1076087141854999846 ) ) ;
#2563 = DIRECTION ( 'NONE',  ( 1.000000000000000000, 0.000000000000000000, 0.000000000000000000 ) ) ;
#2564 = DIRECTION ( 'NONE',  ( 0.000000000000000000, -0.8660254037844288266, 0.5000000000000169864 ) ) ;
#2565 = ORIENTED_EDGE ( 'NONE', *, *, #592, .F. ) ;
#2566 = CARTESIAN_POINT ( 'NONE',  ( 0.5787401574803000548, -0.1194158702739000072, 0.08712904529506003415 ) ) ;
#2567 = AXIS2_PLACEMENT_3D ( 'NONE', #8453, #6282, #9312 ) ;
#2568 = CARTESIAN_POINT ( 'NONE',  ( 0.6102362204723996708, 0.000000000000000000, 0.000000000000000000 ) ) ;
#2569 = CARTESIAN_POINT ( 'NONE',  ( 1.372173083932000104, -0.1198512323746000058, -0.01291419614375999975 ) ) ;
#2570 = ORIENTED_EDGE ( 'NONE', *, *, #854, .F. ) ;
#2571 = ORIENTED_EDGE ( 'NONE', *, *, #450, .F. ) ;
#2572 = AXIS2_PLACEMENT_3D ( 'NONE', #527, #8252, #1936 ) ;
#2573 = CARTESIAN_POINT ( 'NONE',  ( 1.276515051098999987, 0.02099001011798000069, -0.1132519600808000043 ) ) ;
#2574 = ORIENTED_EDGE ( 'NONE', *, *, #6195, .F. ) ;
#2575 = B_SPLINE_CURVE_WITH_KNOTS ( 'NONE', 3,
 ( #7420, #8218, #1952, #7469, #4377, #5938, #5238, #1998, #7365, #8322, #8985 ),
 .UNSPECIFIED., .F., .F.,
 ( 4, 1, 1, 1, 1, 1, 1, 1, 4 ),
 ( 0.000000000000000000, 0.1250000000000000000, 0.2500000000000000000, 0.3750000000000000000, 0.5000000000000000000, 0.6250000000000000000, 0.7500000000000000000, 0.8750000000000000000, 1.000000000000000000 ),
 .UNSPECIFIED. ) ;
#2576 = VERTEX_POINT ( 'NONE', #1391 ) ;
#2577 = CARTESIAN_POINT ( 'NONE',  ( 0.5841804246273000212, 0.000000000000000000, 0.000000000000000000 ) ) ;
#2578 = ORIENTED_EDGE ( 'NONE', *, *, #8524, .T. ) ;
#2579 = CARTESIAN_POINT ( 'NONE',  ( 0.4921259842520000483, 0.3543307086614000401, -0.3543307086614000401 ) ) ;
#2580 = CARTESIAN_POINT ( 'NONE',  ( 1.260911583396000069, 0.008187792543227007808, 0.1040357683916000170 ) ) ;
#2581 = VERTEX_POINT ( 'NONE', #790 ) ;
#2582 = ORIENTED_EDGE ( 'NONE', *, *, #2168, .T. ) ;
#2583 = EDGE_LOOP ( 'NONE', ( #6706, #3398, #9305, #5565 ) ) ;
#2584 = CARTESIAN_POINT ( 'NONE',  ( 0.6104330708661004357, -0.2716535433071000094, 0.3543307086614000401 ) ) ;
#2585 = DIRECTION ( 'NONE',  ( 1.000000000000000000, 0.000000000000000000, 0.000000000000000000 ) ) ;
#2586 = CARTESIAN_POINT ( 'NONE',  ( 1.066426740687999919, -0.1077683532425999929, 0.04039482275271000233 ) ) ;
#2587 = CARTESIAN_POINT ( 'NONE',  ( 1.232213644055207613, -0.01546059376766966906, -0.1181102362205000145 ) ) ;
#2588 = VERTEX_POINT ( 'NONE', #9309 ) ;
#2589 = CYLINDRICAL_SURFACE ( 'NONE', #6040, 0.01181102362205004204 ) ;
#2590 = CARTESIAN_POINT ( 'NONE',  ( 0.7362204724408996093, 0.07736470509688996022, 0.06285079376038996135 ) ) ;
#2591 = EDGE_LOOP ( 'NONE', ( #4297, #2525, #1755, #4801, #1015 ) ) ;
#2592 = CARTESIAN_POINT ( 'NONE',  ( 1.142303639701000018, 0.08600372205772992273, -0.05910872053913996532 ) ) ;
#2593 = CARTESIAN_POINT ( 'NONE',  ( 0.7244094488188976833, 0.01574803149606000124, 0.1536382109453000022 ) ) ;
#2594 = CARTESIAN_POINT ( 'NONE',  ( 0.6104330708661004357, 0.4370078740156999597, -0.3543307086614000401 ) ) ;
#2595 = CARTESIAN_POINT ( 'NONE',  ( 0.5787401574803000548, 0.1355270878622999997, 0.06006234021286004088 ) ) ;
#2596 = AXIS2_PLACEMENT_3D ( 'NONE', #1298, #4986, #8113 ) ;
#2597 = CARTESIAN_POINT ( 'NONE',  ( 1.267139597707000132, 0.09298318451212993219, 0.04737729888397000655 ) ) ;
#2598 = CARTESIAN_POINT ( 'NONE',  ( 1.145864307394000026, -0.03197554366415000099, 0.09887435182218996810 ) ) ;
#2599 = CARTESIAN_POINT ( 'NONE',  ( 1.195056000219999914, 0.04717939539942000299, 0.09891362216373995875 ) ) ;
#2600 = EDGE_CURVE ( 'NONE', #1627, #3506, #4324, .T. ) ;
#2601 = DIRECTION ( 'NONE',  ( 0.000000000000000000, 0.000000000000000000, 1.000000000000000000 ) ) ;
#2603 = CARTESIAN_POINT ( 'NONE',  ( 1.072042706275999846, -0.05217873381818999984, 0.09037621804796004688 ) ) ;
#2602 = AXIS2_PLACEMENT_3D ( 'NONE', #5636, #5579, #6291 ) ;
#2604 = LINE ( 'NONE', #2094, #5416 ) ;
#2605 = ORIENTED_EDGE ( 'NONE', *, *, #841, .F. ) ;
#2606 = FACE_OUTER_BOUND ( 'NONE', #2067, .T. ) ;
#2607 = CARTESIAN_POINT ( 'NONE',  ( 1.092644111908000149, -0.05664128724913000679, -0.08721993374029998747 ) ) ;
#2608 = CARTESIAN_POINT ( 'NONE',  ( 0.7244094488188976833, -0.01574803149606000124, 0.1536382109453000022 ) ) ;
#2609 = EDGE_CURVE ( 'NONE', #5996, #8084, #7063, .T. ) ;
#2610 = CARTESIAN_POINT ( 'NONE',  ( 1.341769295578000065, 0.000000000000000000, -0.1181102362205000006 ) ) ;
#2611 = AXIS2_PLACEMENT_3D ( 'NONE', #642, #8451, #6803 ) ;
#2612 = B_SPLINE_CURVE_WITH_KNOTS ( 'NONE', 3,
 ( #5891, #6563, #2776, #8990, #7522, #611 ),
 .UNSPECIFIED., .F., .F.,
 ( 4, 1, 1, 4 ),
 ( 0.000000000000000000, 0.3333333333333000081, 0.6666666666667000474, 1.000000000000000000 ),
 .UNSPECIFIED. ) ;
#2613 = CARTESIAN_POINT ( 'NONE',  ( 1.282425708604000070, 0.009475668413427007497, 0.1203997828730999919 ) ) ;
#2614 = CARTESIAN_POINT ( 'NONE',  ( 1.366266399831144618, -0.08363571746497991399, -0.06334503080957008814 ) ) ;
#2615 = CARTESIAN_POINT ( 'NONE',  ( 1.103510528099364230, 0.09419151460094998818, -0.04492704785243999827 ) ) ;
#2616 = DIRECTION ( 'NONE',  ( -1.000000000000000000, 0.000000000000000000, 0.000000000000000000 ) ) ;
#2617 = CARTESIAN_POINT ( 'NONE',  ( -0.03937007874015999859, 0.000000000000000000, -0.2592016018472000360 ) ) ;
#2618 = EDGE_CURVE ( 'NONE', #3016, #2623, #9046, .T. ) ;
#2619 = CARTESIAN_POINT ( 'NONE',  ( 0.5841804246273000212, -0.1259363778563000191, -0.09089366210302991800 ) ) ;
#2620 = EDGE_CURVE ( 'NONE', #7606, #2581, #360, .T. ) ;
#2621 = CIRCLE ( 'NONE', #4390, 0.01181102362204999520 ) ;
#2622 = CARTESIAN_POINT ( 'NONE',  ( 0.7362204724408996093, -0.1827275465568999890, -0.1100438633047000070 ) ) ;
#2623 = VERTEX_POINT ( 'NONE', #3959 ) ;
#2624 = CARTESIAN_POINT ( 'NONE',  ( 0.4921259842520000483, -0.4370078740156999597, 0.3543307086614000401 ) ) ;
#2625 = CARTESIAN_POINT ( 'NONE',  ( 0.7244094488188976833, 0.01574803149606000124, 0.2002676082188999951 ) ) ;
#2626 = DIRECTION ( 'NONE',  ( 0.000000000000000000, 1.000000000000000000, 0.000000000000000000 ) ) ;
#2627 = CARTESIAN_POINT ( 'NONE',  ( 0.7249764069818995793, 0.01574803149606000124, 0.1537847640464000132 ) ) ;
#2628 = ORIENTED_EDGE ( 'NONE', *, *, #2007, .T. ) ;
#2629 = ORIENTED_EDGE ( 'NONE', *, *, #1122, .F. ) ;
#2630 = ORIENTED_EDGE ( 'NONE', *, *, #5167, .F. ) ;
#2631 = ORIENTED_EDGE ( 'NONE', *, *, #1625, .F. ) ;
#2632 = EDGE_LOOP ( 'NONE', ( #694, #6848, #4097, #4446 ) ) ;
#2633 = DIRECTION ( 'NONE',  ( -1.000000000000000000, 0.000000000000000000, 0.000000000000000000 ) ) ;
#2634 = EDGE_CURVE ( 'NONE', #8431, #5718, #1250, .T. ) ;
#2635 = EDGE_LOOP ( 'NONE', ( #2570, #7844, #8537, #8182, #3878 ) ) ;
#2636 = DIRECTION ( 'NONE',  ( 1.000000000000000000, 0.000000000000000000, 0.000000000000000000 ) ) ;
#2637 = CARTESIAN_POINT ( 'NONE',  ( 1.220393210691999908, 0.02700970012306000076, 0.1008015731564999989 ) ) ;
#2638 = ORIENTED_EDGE ( 'NONE', *, *, #1611, .T. ) ;
#2639 = CARTESIAN_POINT ( 'NONE',  ( 1.363541440724000076, 0.09273036689744999783, -0.05949756117853995802 ) ) ;
#2640 = CARTESIAN_POINT ( 'NONE',  ( 1.143708750343999991, -0.09554778928823996764, 0.06415901829016004698 ) ) ;
#2641 = FACE_OUTER_BOUND ( 'NONE', #1548, .T. ) ;
#2642 = VERTEX_POINT ( 'NONE', #3358 ) ;
#2643 = LINE ( 'NONE', #1778, #7115 ) ;
#2644 = EDGE_LOOP ( 'NONE', ( #3395, #4651, #6103, #956 ) ) ;
#2645 = CARTESIAN_POINT ( 'NONE',  ( 1.155098915291999928, 0.01362138288035000082, 0.1034646750344000027 ) ) ;
#2646 = CARTESIAN_POINT ( 'NONE',  ( 1.278582922213000073, -0.04962348393291000220, -0.09139508797118996164 ) ) ;
#2647 = DIRECTION ( 'NONE',  ( 1.000000000000000000, 0.000000000000000000, 0.000000000000000000 ) ) ;
#2648 = CARTESIAN_POINT ( 'NONE',  ( -0.07874015748031004680, 0.000000000000000000, 0.09055118110236003159 ) ) ;
#2649 = ORIENTED_EDGE ( 'NONE', *, *, #9708, .F. ) ;
#2650 = CARTESIAN_POINT ( 'NONE',  ( 1.203163219754000091, -0.09924984962422009338, 0.03224823102986000556 ) ) ;
#2651 = CARTESIAN_POINT ( 'NONE',  ( 1.048706192540000082, 0.09332832490127007663, -0.05727800731096000658 ) ) ;
#2652 = CARTESIAN_POINT ( 'NONE',  ( 1.281456447865999992, -0.09971518846662992541, 0.02953698447650000142 ) ) ;
#2653 = B_SPLINE_CURVE_WITH_KNOTS ( 'NONE', 3,
 ( #7073, #9242, #2311, #8567, #2457, #6303 ),
 .UNSPECIFIED., .F., .F.,
 ( 4, 1, 1, 4 ),
 ( 0.000000000000000000, 0.3333333333333000081, 0.6666666666667000474, 1.000000000000000000 ),
 .UNSPECIFIED. ) ;
#2654 = CARTESIAN_POINT ( 'NONE',  ( 0.9827365112497008504, -0.09478926975752992312, 0.1783711548946000092 ) ) ;
#2655 = CARTESIAN_POINT ( 'NONE',  ( 0.7309163189859999576, -0.1277470963794999914, -0.08974031669229999564 ) ) ;
#2656 = CARTESIAN_POINT ( 'NONE',  ( 1.082761977095999972, -0.02436176700353999761, -0.1014740624988999945 ) ) ;
#2657 = VERTEX_POINT ( 'NONE', #1072 ) ;
#2658 = DIRECTION ( 'NONE',  ( 1.000000000000000000, 0.000000000000000000, 0.000000000000000000 ) ) ;
#2659 = CARTESIAN_POINT ( 'NONE',  ( 1.062788468863000046, 0.08413603305474999516, -0.06112840414522991567 ) ) ;
#2660 = CIRCLE ( 'NONE', #3938, 0.1220472440944999765 ) ;
#2661 = LINE ( 'NONE', #179, #151 ) ;
#2662 = LINE ( 'NONE', #2048, #832 ) ;
#2663 = ORIENTED_EDGE ( 'NONE', *, *, #8877, .T. ) ;
#2664 = CARTESIAN_POINT ( 'NONE',  ( 1.269630433014000026, 0.1029751286123999909, -0.06310323997250000261 ) ) ;
#2665 = AXIS2_PLACEMENT_3D ( 'NONE', #7450, #1428, #6012 ) ;
#2666 = AXIS2_PLACEMENT_3D ( 'NONE', #4019, #1733, #4817 ) ;
#2667 = ADVANCED_FACE ( 'NONE', ( #7034 ), #9408, .F. ) ;
#2668 = CARTESIAN_POINT ( 'NONE',  ( 1.122703441485361164, -0.09037621804803996906, 0.05217873381838000063 ) ) ;
#2669 = DIRECTION ( 'NONE',  ( 0.000000000000000000, 1.000000000000000000, 0.000000000000000000 ) ) ;
#2670 = CARTESIAN_POINT ( 'NONE',  ( 1.193843031439000058, 0.1203997554945000076, -0.009475648521672992708 ) ) ;
#2671 = CARTESIAN_POINT ( 'NONE',  ( 0.5866141732283000065, 0.000000000000000000, 0.000000000000000000 ) ) ;
#2672 = VERTEX_POINT ( 'NONE', #2429 ) ;
#2673 = VECTOR ( 'NONE', #6268, 39.37007874015748143 ) ;
#2674 = CARTESIAN_POINT ( 'NONE',  ( 1.031496062992000029, 0.000000000000000000, 0.000000000000000000 ) ) ;
#2675 = ORIENTED_EDGE ( 'NONE', *, *, #1448, .T. ) ;
#2676 = FACE_OUTER_BOUND ( 'NONE', #9436, .T. ) ;
#2677 = DIRECTION ( 'NONE',  ( 0.000000000000000000, 0.07507063207344917555, 0.9971782188756896925 ) ) ;
#2678 = CARTESIAN_POINT ( 'NONE',  ( 1.394787782309000024, -0.04239408918907999757, 0.09409014822354999641 ) ) ;
#2679 = EDGE_CURVE ( 'NONE', #3293, #5651, #4969, .T. ) ;
#2680 = ADVANCED_FACE ( 'NONE', ( #9515 ), #7229, .T. ) ;
#2681 = CARTESIAN_POINT ( 'NONE',  ( 1.266662462952750090, -0.09444883965335028331, -0.07258425826477082898 ) ) ;
#2682 = ORIENTED_EDGE ( 'NONE', *, *, #3576, .F. ) ;
#2683 = ORIENTED_EDGE ( 'NONE', *, *, #8104, .F. ) ;
#2684 = EDGE_LOOP ( 'NONE', ( #3895, #1081, #3568, #1629, #6436, #5228, #3719, #6608, #9406, #7485, #2031, #1721, #8460, #4005, #3294, #2365, #5001 ) ) ;
#2685 = CARTESIAN_POINT ( 'NONE',  ( 1.293575418552999956, 0.02688839342361000126, 0.1119982176498000026 ) ) ;
#2686 = ORIENTED_EDGE ( 'NONE', *, *, #4093, .T. ) ;
#2687 = CARTESIAN_POINT ( 'NONE',  ( 0.7355155426311004163, 0.1850248958005999977, 0.09742962911555000383 ) ) ;
#2688 = FACE_BOUND ( 'NONE', #2839, .T. ) ;
#2689 = ORIENTED_EDGE ( 'NONE', *, *, #5077, .T. ) ;
#2690 = CARTESIAN_POINT ( 'NONE',  ( 0.5787401574803000548, 0.01574803149606000124, -0.1210269775506999934 ) ) ;
#2691 = VERTEX_POINT ( 'NONE', #7245 ) ;
#2692 = CARTESIAN_POINT ( 'NONE',  ( 0.5841804246273000212, -0.1416844093523999815, 0.06361727143266003581 ) ) ;
#2693 = CARTESIAN_POINT ( 'NONE',  ( 1.269441767123000053, -0.1000599994510000118, 0.02963912214327999936 ) ) ;
#2694 = CIRCLE ( 'NONE', #5752, 0.1220472440945000042 ) ;
#2695 = CARTESIAN_POINT ( 'NONE',  ( 1.338686967109999904, -0.07287402204972008579, 0.08999192261447992724 ) ) ;
#2696 = CIRCLE ( 'NONE', #8829, 0.2066929133858000922 ) ;
#2697 = CARTESIAN_POINT ( 'NONE',  ( 1.166684482945000045, 0.1148384056696000050, -0.007608851261906004505 ) ) ;
#2698 = VECTOR ( 'NONE', #9560, 39.37007874015748143 ) ;
#2699 = DIRECTION ( 'NONE',  ( 1.000000000000000000, 0.000000000000000000, 0.000000000000000000 ) ) ;
#2700 = VERTEX_POINT ( 'NONE', #6378 ) ;
#2701 = CARTESIAN_POINT ( 'NONE',  ( 1.155155456452999996, -0.05452662705760000228, 0.08897936835737992045 ) ) ;
#2702 = CARTESIAN_POINT ( 'NONE',  ( 1.257257462894999955, 0.07158739411699999167, 0.07543737314114999648 ) ) ;
#2703 = PRODUCT_CONTEXT ( 'NONE', #3157, 'mechanical' ) ;
#2704 = CARTESIAN_POINT ( 'NONE',  ( 0.7362204724408996093, 0.000000000000000000, 0.000000000000000000 ) ) ;
#2705 = CARTESIAN_POINT ( 'NONE',  ( 0.5788054699796000291, -0.1204948611606999898, -0.08775200097402008348 ) ) ;
#2706 = CARTESIAN_POINT ( 'NONE',  ( 1.215958495344000134, 0.01632510462271000162, -0.1030726540387999907 ) ) ;
#2707 = CARTESIAN_POINT ( 'NONE',  ( 1.050794895504000070, 0.1069325511170999832, -0.02358776246011000041 ) ) ;
#2708 = DIRECTION ( 'NONE',  ( 0.000000000000000000, 1.000000000000000000, 0.000000000000000000 ) ) ;
#2709 = DIRECTION ( 'NONE',  ( -1.000000000000000000, 0.000000000000000000, 0.000000000000000000 ) ) ;
#2710 = CARTESIAN_POINT ( 'NONE',  ( 1.170196360298999982, 0.09533529686965000471, -0.04244601067203000039 ) ) ;
#2711 = DIRECTION ( 'NONE',  ( 1.000000000000000000, 0.000000000000000000, 0.000000000000000000 ) ) ;
#2712 = ORIENTED_EDGE ( 'NONE', *, *, #2471, .F. ) ;
#2713 = CIRCLE ( 'NONE', #8844, 0.3149606299213000282 ) ;
#2714 = CARTESIAN_POINT ( 'NONE',  ( 0.5841804246273000212, 0.000000000000000000, 0.000000000000000000 ) ) ;
#2715 = DIRECTION ( 'NONE',  ( 1.000000000000000000, 0.000000000000000000, 0.000000000000000000 ) ) ;
#2716 = CARTESIAN_POINT ( 'NONE',  ( 1.293306273363391989, 0.09925121538690656608, 0.03224867479306125356 ) ) ;
#2717 = DIRECTION ( 'NONE',  ( 1.000000000000000000, 0.000000000000000000, 0.000000000000000000 ) ) ;
#2718 = CARTESIAN_POINT ( 'NONE',  ( 1.313379962024000092, 0.09137897010863996194, 0.07011754974597009249 ) ) ;
#2719 = CIRCLE ( 'NONE', #6401, 0.08267716535433068670 ) ;
#2720 = CARTESIAN_POINT ( 'NONE',  ( 1.131233625212361149, -0.06982877559786006272, -0.07755271207417993584 ) ) ;
#2721 = CARTESIAN_POINT ( 'NONE',  ( 1.353736434394766652, 0.1133452286731946451, 0.03997075387989086626 ) ) ;
#2722 = CARTESIAN_POINT ( 'NONE',  ( 1.184278912154999919, 0.05229093091925000186, -0.1026267297437999937 ) ) ;
#2723 = CARTESIAN_POINT ( 'NONE',  ( 0.5790964197264000246, 0.01574803149606000124, 0.1494448002579999990 ) ) ;
#2724 = ORIENTED_EDGE ( 'NONE', *, *, #8115, .F. ) ;
#2725 = CARTESIAN_POINT ( 'NONE',  ( 0.4921259842520000483, -0.3740157480314960647, 0.5314960629921000601 ) ) ;
#2726 = CARTESIAN_POINT ( 'NONE',  ( 1.075553539067999997, 0.000000000000000000, -0.1181102362205000006 ) ) ;
#2727 = LINE ( 'NONE', #2566, #116 ) ;
#2728 = CARTESIAN_POINT ( 'NONE',  ( 1.302399216837999862, 0.000000000000000000, -0.1181102362205000006 ) ) ;
#2729 = CARTESIAN_POINT ( 'NONE',  ( 1.383542156761999875, 0.1028522961082999898, 0.02071063940797999992 ) ) ;
#2730 = B_SPLINE_CURVE_WITH_KNOTS ( 'NONE', 3,
 ( #1562, #2359, #8475, #5387, #3847, #4788, #9336, #960, #6963, #4040, #3129 ),
 .UNSPECIFIED., .F., .F.,
 ( 4, 1, 1, 1, 1, 1, 1, 1, 4 ),
 ( 0.000000000000000000, 0.1250000000000000000, 0.2500000000000000000, 0.3750000000000000000, 0.5000000000000000000, 0.6250000000000000000, 0.7500000000000000000, 0.8750000000000000000, 1.000000000000000000 ),
 .UNSPECIFIED. ) ;
#2731 = CARTESIAN_POINT ( 'NONE',  ( 1.270763512821500019, -0.03091510445189049605, -0.1150361429136075170 ) ) ;
#2732 = CARTESIAN_POINT ( 'NONE',  ( 0.7344566991169999559, 0.01022110016138000170, 0.1566959810554000021 ) ) ;
#2733 = ORIENTED_EDGE ( 'NONE', *, *, #3962, .T. ) ;
#2734 = EDGE_LOOP ( 'NONE', ( #2518, #8134, #8630, #3046 ) ) ;
#2735 = CARTESIAN_POINT ( 'NONE',  ( 1.235996678395999915, 0.000000000000000000, -0.1151806710645000009 ) ) ;
#2736 = VERTEX_POINT ( 'NONE', #3406 ) ;
#2737 = EDGE_LOOP ( 'NONE', ( #3665, #4748, #8563, #9559 ) ) ;
#2738 = VERTEX_POINT ( 'NONE', #8590 ) ;
#2739 = DIRECTION ( 'NONE',  ( 0.000000000000000000, 0.000000000000000000, -1.000000000000000000 ) ) ;
#2740 = EDGE_CURVE ( 'NONE', #4904, #5937, #3694, .T. ) ;
#2741 = ORIENTED_EDGE ( 'NONE', *, *, #1921, .F. ) ;
#2742 = EDGE_CURVE ( 'NONE', #5853, #7606, #3482, .T. ) ;
#2743 = CARTESIAN_POINT ( 'NONE',  ( 1.303562502031000214, -0.04492705090909000082, 0.09419148551886005749 ) ) ;
#2744 = CARTESIAN_POINT ( 'NONE',  ( 1.353902333112999790, -0.05645642419197000050, -0.09461264675988996509 ) ) ;
#2745 = AXIS2_PLACEMENT_3D ( 'NONE', #3311, #6439, #983 ) ;
#2746 = CARTESIAN_POINT ( 'NONE',  ( 1.085225067360999995, 0.1009937366988000185, -0.05519080370352000275 ) ) ;
#2747 = CARTESIAN_POINT ( 'NONE',  ( 1.276152497677666142, 0.1032031167347786799, 0.05948255673673467914 ) ) ;
#2748 = EDGE_CURVE ( 'NONE', #3301, #5511, #8849, .T. ) ;
#2749 = CARTESIAN_POINT ( 'NONE',  ( 0.01181102362204999867, 0.000000000000000000, 0.000000000000000000 ) ) ;
#2750 = CARTESIAN_POINT ( 'NONE',  ( 1.108239445955000013, 0.06352880112627991294, 0.08279234553396004614 ) ) ;
#2751 = CARTESIAN_POINT ( 'NONE',  ( 1.282848014075999687, 0.01895210237017000074, -0.1022563938278000101 ) ) ;
#2752 = DIRECTION ( 'NONE',  ( 0.000000000000000000, 1.000000000000000000, 0.000000000000000000 ) ) ;
#2753 = CARTESIAN_POINT ( 'NONE',  ( 1.269018802929000156, -0.1094390709590000038, -0.005735458675759000542 ) ) ;
#2754 = ADVANCED_FACE ( 'NONE', ( #2641 ), #2801, .T. ) ;
#2755 = CARTESIAN_POINT ( 'NONE',  ( 1.254344322116000221, 0.000000000000000000, -0.1043574676367999970 ) ) ;
#2756 = CARTESIAN_POINT ( 'NONE',  ( 1.115544687377999944, -0.08433383317377007860, -0.06984809253440001087 ) ) ;
#2757 = FACE_OUTER_BOUND ( 'NONE', #633, .T. ) ;
#2758 = CARTESIAN_POINT ( 'NONE',  ( 0.7362204724408996093, -0.1866645544309000204, -0.1032247656370999800 ) ) ;
#2759 = CARTESIAN_POINT ( 'NONE',  ( 1.046508696257000048, 0.02700979982167000040, -0.1008016175451000029 ) ) ;
#2760 = CARTESIAN_POINT ( 'NONE',  ( 0.7401574803150000603, 0.000000000000000000, 0.000000000000000000 ) ) ;
#2761 = ORIENTED_EDGE ( 'NONE', *, *, #5758, .F. ) ;
#2762 = VECTOR ( 'NONE', #7996, 39.37007874015748143 ) ;
#2763 = CARTESIAN_POINT ( 'NONE',  ( 1.092425463556999654, -0.1032031167347789991, 0.05948255673673419341 ) ) ;
#2764 = CARTESIAN_POINT ( 'NONE',  ( 0.6752388305532991408, -0.1674263170509000254, 0.07847936877186004190 ) ) ;
#2765 = CARTESIAN_POINT ( 'NONE',  ( 0.9999994263157997443, 0.1850830063396414760, 0.06932411552445492953 ) ) ;
#2766 = CARTESIAN_POINT ( 'NONE',  ( 0.5984251968503937480, -0.09693842135412991667, 0.07415168411053996156 ) ) ;
#2767 = CARTESIAN_POINT ( 'NONE',  ( 1.223813032890000096, 0.05495946621102000551, -0.1012227447793999924 ) ) ;
#2768 = ORIENTED_EDGE ( 'NONE', *, *, #5501, .F. ) ;
#2769 = EDGE_CURVE ( 'NONE', #6072, #3552, #5437, .T. ) ;
#2770 = CARTESIAN_POINT ( 'NONE',  ( 0.7362204724408996093, -0.003937007874016000379, 0.1574310946703000036 ) ) ;
#2771 = CARTESIAN_POINT ( 'NONE',  ( 1.065890275532999976, -0.009476099019001003876, -0.1203995911552000198 ) ) ;
#2772 = CARTESIAN_POINT ( 'NONE',  ( 0.5795727107672999923, -0.1382953977762000075, 0.06166062468687007886 ) ) ;
#2773 = VECTOR ( 'NONE', #2970, 39.37007874015748143 ) ;
#2774 = ORIENTED_EDGE ( 'NONE', *, *, #6555, .F. ) ;
#2775 = CARTESIAN_POINT ( 'NONE',  ( 0.8556108869465000044, -0.09079984834958997053, -0.1626974281950999968 ) ) ;
#2776 = CARTESIAN_POINT ( 'NONE',  ( 0.7256451611656005163, -0.1816410972355000097, -0.08673609574192008009 ) ) ;
#2777 = CARTESIAN_POINT ( 'NONE',  ( 0.7362204724408996093, -0.1383078312671000010, -0.07530599850137008333 ) ) ;
#2778 = DIRECTION ( 'NONE',  ( 1.000000000000000000, 0.000000000000000000, 0.000000000000000000 ) ) ;
#2779 = DIRECTION ( 'NONE',  ( -1.000000000000000000, 0.000000000000000000, 0.000000000000000000 ) ) ;
#2780 = DIRECTION ( 'NONE',  ( 0.000000000000000000, 0.000000000000000000, 1.000000000000000000 ) ) ;
#2781 = CARTESIAN_POINT ( 'NONE',  ( 1.380021551402000002, 0.07845123304622007854, -0.07622389813472008058 ) ) ;
#2782 = B_SPLINE_CURVE_WITH_KNOTS ( 'NONE', 3,
 ( #6836, #8304, #3050, #9163, #2136, #5313, #1582, #637, #8398, #5270, #7697, #5221, #9866, #1479, #2958, #3764, #8351, #6166 ),
 .UNSPECIFIED., .F., .F.,
 ( 4, 2, 2, 2, 2, 2, 2, 2, 4 ),
 ( 0.000000000000000000, 0.1249999999999999722, 0.2499999999999999445, 0.3749999999999998890, 0.4999999999999998890, 0.6249999999999998890, 0.7499999999999997780, 0.8749999999999998890, 1.000000000000000000 ),
 .UNSPECIFIED. ) ;
#2783 = VERTEX_POINT ( 'NONE', #8913 ) ;
#2784 = ORIENTED_EDGE ( 'NONE', *, *, #3485, .F. ) ;
#2785 = ORIENTED_EDGE ( 'NONE', *, *, #5758, .T. ) ;
#2786 = CARTESIAN_POINT ( 'NONE',  ( 1.223201402805000226, -0.1026267293788999946, 0.05229093041692000482 ) ) ;
#2787 = ORIENTED_EDGE ( 'NONE', *, *, #854, .T. ) ;
#2788 = CARTESIAN_POINT ( 'NONE',  ( 1.047973619356154851, 0.01469134201656348108, -0.1023555083162250440 ) ) ;
#2789 = VERTEX_POINT ( 'NONE', #4310 ) ;
#2790 = VERTEX_POINT ( 'NONE', #7399 ) ;
#2791 = CARTESIAN_POINT ( 'NONE',  ( 0.7362204724408996093, -0.003937007874016000379, -0.1574310946703000036 ) ) ;
#2792 = ORIENTED_EDGE ( 'NONE', *, *, #9258, .F. ) ;
#2793 = DIRECTION ( 'NONE',  ( 0.000000000000000000, 1.000000000000000000, 0.000000000000000000 ) ) ;
#2794 = CARTESIAN_POINT ( 'NONE',  ( 0.7362204724408996093, -0.1866645544309000204, 0.1032247656370999800 ) ) ;
#2795 = AXIS2_PLACEMENT_3D ( 'NONE', #6159, #770, #3854 ) ;
#2796 = CARTESIAN_POINT ( 'NONE',  ( 1.308873276544000097, -0.09726275819062007999, 0.03836259972099999999 ) ) ;
#2797 = EDGE_CURVE ( 'NONE', #6900, #6469, #9859, .T. ) ;
#2798 = EDGE_CURVE ( 'NONE', #7837, #9206, #8658, .T. ) ;
#2799 = CARTESIAN_POINT ( 'NONE',  ( 1.070604146615000030, -0.1096720972743000094, -0.03489685867355000332 ) ) ;
#2800 = EDGE_CURVE ( 'NONE', #2455, #5205, #3955, .T. ) ;
#2801 = PLANE ( 'NONE',  #8504 ) ;
#2802 = CARTESIAN_POINT ( 'NONE',  ( 1.071986165115000000, 0.01632510462535999990, 0.1030726540376999956 ) ) ;
#2803 = CARTESIAN_POINT ( 'NONE',  ( 1.233799457645999853, -0.1017252449114000035, -0.02162236829341000061 ) ) ;
#2804 = LENGTH_MEASURE_WITH_UNIT ( LENGTH_MEASURE( 0.02539999999999999897 ), #8049 );
#2805 = CARTESIAN_POINT ( 'NONE',  ( 0.8661417314172992210, 0.09349875700218997221, -0.1732283472187000350 ) ) ;
#2806 = CARTESIAN_POINT ( 'NONE',  ( 1.249825889543000113, 0.1086517079254000068, 0.01430426871551000040 ) ) ;
#2807 = CARTESIAN_POINT ( 'NONE',  ( 1.250079230253000162, -0.06567428234212992211, -0.08110098452177991191 ) ) ;
#2808 = CARTESIAN_POINT ( 'NONE',  ( 1.146875231832999997, -0.09090944993103997063, 0.06104443759842991674 ) ) ;
#2809 = DIRECTION ( 'NONE',  ( 1.000000000000000000, 0.000000000000000000, 7.132556296515999773E-11 ) ) ;
#2810 = CYLINDRICAL_SURFACE ( 'NONE', #2528, 0.1181102362205000006 ) ;
#2811 = CARTESIAN_POINT ( 'NONE',  ( 0.5841804246273000212, -0.1416844093523999815, -0.06361727143266003581 ) ) ;
#2812 = CARTESIAN_POINT ( 'NONE',  ( 1.106219982346000164, -0.03739837169672000083, 0.09742608914448995516 ) ) ;
#2813 = EDGE_CURVE ( 'NONE', #7224, #1115, #6753, .T. ) ;
#2814 = CARTESIAN_POINT ( 'NONE',  ( 0.7362204724408996093, -0.1385673059869000079, -0.07482944435600000221 ) ) ;
#2815 = CARTESIAN_POINT ( 'NONE',  ( 1.091605253583249668, -0.09444883965335040821, 0.07258425826477060694 ) ) ;
#2816 = DIRECTION ( 'NONE',  ( 0.000000000000000000, -1.000000000000000000, 0.000000000000000000 ) ) ;
#2817 = CARTESIAN_POINT ( 'NONE',  ( 0.7362204724408996093, -0.1340878390540999887, 0.08258810736048996515 ) ) ;
#2818 = DIRECTION ( 'NONE',  ( 1.000000000000000000, 0.000000000000000000, 0.000000000000000000 ) ) ;
#2819 = CARTESIAN_POINT ( 'NONE',  ( 1.294187048638000048, -0.08559591969662008748, -0.07707091227022992708 ) ) ;
#2820 = ORIENTED_EDGE ( 'NONE', *, *, #2411, .F. ) ;
#2821 = AXIS2_PLACEMENT_3D ( 'NONE', #25, #4680, #5481 ) ;
#2822 = DIRECTION ( 'NONE',  ( -1.000000000000000000, 0.000000000000000000, 0.000000000000000000 ) ) ;
#2823 = EDGE_CURVE ( 'NONE', #4904, #3094, #1786, .T. ) ;
#2824 = CARTESIAN_POINT ( 'NONE',  ( 1.086181799293999939, -0.05759033553205999967, 0.09974938716672991645 ) ) ;
#2825 = CARTESIAN_POINT ( 'NONE',  ( 0.5511811023621999706, 0.000000000000000000, -0.1535433070865999949 ) ) ;
#2826 = DIRECTION ( 'NONE',  ( 0.000000000000000000, 0.000000000000000000, -1.000000000000000000 ) ) ;
#2827 = CYLINDRICAL_SURFACE ( 'NONE', #8350, 0.1023622047244000105 ) ;
#2828 = CARTESIAN_POINT ( 'NONE',  ( 1.323908737293000071, -0.07472918482929999384, -0.07364155170946004580 ) ) ;
#2829 = DIRECTION ( 'NONE',  ( 0.000000000000000000, 1.000000000000000000, 0.000000000000000000 ) ) ;
#2830 = CARTESIAN_POINT ( 'NONE',  ( 1.334565985646000152, -0.07199783593833995743, -0.08962730284822008342 ) ) ;
#2831 = DIRECTION ( 'NONE',  ( 1.000000000000000000, 0.000000000000000000, 0.000000000000000000 ) ) ;
#2832 = VERTEX_POINT ( 'NONE', #2846 ) ;
#2833 = CARTESIAN_POINT ( 'NONE',  ( 1.168466057223999988, 0.1110198245320000027, 0.02455625467835000422 ) ) ;
#2834 = ORIENTED_EDGE ( 'NONE', *, *, #7977, .T. ) ;
#2835 = CONICAL_SURFACE ( 'NONE', #7670, 0.2340847595123000391, 0.04441521524690000139 ) ;
#2836 = CARTESIAN_POINT ( 'NONE',  ( 0.7244094488188976833, -0.1409286094185999982, 0.06318091013743996898 ) ) ;
#2837 = VERTEX_POINT ( 'NONE', #34 ) ;
#2838 = DIRECTION ( 'NONE',  ( -1.000000000000000000, 0.000000000000000000, 0.000000000000000000 ) ) ;
#2839 = EDGE_LOOP ( 'NONE', ( #3951, #8477 ) ) ;
#2840 = DIRECTION ( 'NONE',  ( 1.000000000000000000, 0.000000000000000000, 0.000000000000000000 ) ) ;
#2841 = DIRECTION ( 'NONE',  ( 0.000000000000000000, -1.000000000000000000, 0.000000000000000000 ) ) ;
#2842 = CARTESIAN_POINT ( 'NONE',  ( 0.7294081141038994964, 0.1416067437200999868, 0.06480056241573997622 ) ) ;
#2843 = AXIS2_PLACEMENT_3D ( 'NONE', #7389, #6002, #9699 ) ;
#2844 = CARTESIAN_POINT ( 'NONE',  ( 1.372423843750000261, 0.02508318826167999990, 0.1130488335962000074 ) ) ;
#2845 = CARTESIAN_POINT ( 'NONE',  ( 1.117566536255000020, 0.05295647876665000170, -0.1084371193345999990 ) ) ;
#2846 = CARTESIAN_POINT ( 'NONE',  ( 0.9763779527559055538, 0.09399477469537993735, -0.1751968503937007815 ) ) ;
#2847 = CARTESIAN_POINT ( 'NONE',  ( 1.101841808159000013, 0.1037857865099000160, -0.01090832572257000033 ) ) ;
#2848 = CARTESIAN_POINT ( 'NONE',  ( 1.270052738485999866, -0.09971518846662992541, 0.02953698447650000142 ) ) ;
#2849 = CIRCLE ( 'NONE', #4132, 0.1553113939094000473 ) ;
#2850 = CARTESIAN_POINT ( 'NONE',  ( 0.7256451611656005163, -0.1659362109552999787, 0.1139377567062000163 ) ) ;
#2851 = CARTESIAN_POINT ( 'NONE',  ( 1.277548986655999919, -0.01714353714179999918, -0.1082400335958999954 ) ) ;
#2852 = CARTESIAN_POINT ( 'NONE',  ( 1.228810312095999890, 0.02700970012306000076, 0.1008015731564999989 ) ) ;
#2853 = CARTESIAN_POINT ( 'NONE',  ( 1.159407449614999974, -0.01767013544070999975, -0.1080681163239999992 ) ) ;
#2854 = LINE ( 'NONE', #9620, #7046 ) ;
#2855 = CIRCLE ( 'NONE', #94, 0.1535433070865999949 ) ;
#2856 = CARTESIAN_POINT ( 'NONE',  ( 0.7361458027627009182, 0.005568426506849000722, -0.1573654568222000172 ) ) ;
#2857 = VERTEX_POINT ( 'NONE', #9294 ) ;
#2858 = CARTESIAN_POINT ( 'NONE',  ( 1.174461452162000041, 0.1008016614475000100, 0.02700963597588000240 ) ) ;
#2859 = CARTESIAN_POINT ( 'NONE',  ( 0.9809716437276003731, 0.09435586860101004281, -0.1766362176665000061 ) ) ;
#2860 = LINE ( 'NONE', #1135, #8173 ) ;
#2861 = EDGE_CURVE ( 'NONE', #9073, #4527, #7782, .T. ) ;
#2862 = ORIENTED_EDGE ( 'NONE', *, *, #8929, .T. ) ;
#2863 = DIRECTION ( 'NONE',  ( 1.000000000000000000, 0.000000000000000000, 0.000000000000000000 ) ) ;
#2864 = CARTESIAN_POINT ( 'NONE',  ( 0.4921259842520000483, -0.5314960629921000601, -0.3740157480314960647 ) ) ;
#2865 = AXIS2_PLACEMENT_3D ( 'NONE', #3909, #6983, #3097 ) ;
#2866 = CARTESIAN_POINT ( 'NONE',  ( 0.7334686179297008612, -0.1296108790333999894, 0.08820021211626004332 ) ) ;
#2867 = CARTESIAN_POINT ( 'NONE',  ( 0.8222440944882007940, 0.000000000000000000, 0.000000000000000000 ) ) ;
#2868 = CARTESIAN_POINT ( 'NONE',  ( 1.131327817282999915, 0.05948255673673389504, 0.1032031167347791933 ) ) ;
#2869 = ADVANCED_FACE ( 'NONE', ( #6514 ), #5762, .F. ) ;
#2870 = EDGE_CURVE ( 'NONE', #6424, #3342, #5418, .T. ) ;
#2871 = CARTESIAN_POINT ( 'NONE',  ( 1.228078124754000022, 0.1064130645374000012, -0.04407773454509000127 ) ) ;
#2872 = B_SPLINE_CURVE_WITH_KNOTS ( 'NONE', 3,
 ( #1992, #3679, #9676, #5183, #4231, #5837, #1947, #8211, #1899, #3474, #5072 ),
 .UNSPECIFIED., .F., .F.,
 ( 4, 1, 1, 1, 1, 1, 1, 1, 4 ),
 ( 0.000000000000000000, 0.1250000000000000000, 0.2500000000000000000, 0.3750000000000000000, 0.5000000000000000000, 0.6250000000000000000, 0.7500000000000000000, 0.8750000000000000000, 1.000000000000000000 ),
 .UNSPECIFIED. ) ;
#2873 = VECTOR ( 'NONE', #5303, 39.37007874015748143 ) ;
#2874 = DIRECTION ( 'NONE',  ( 0.000000000000000000, 0.000000000000000000, -1.000000000000000000 ) ) ;
#2875 = CARTESIAN_POINT ( 'NONE',  ( 1.171483636565000097, -0.1151806710642999942, -1.349353881758000139E-13 ) ) ;
#2876 = CARTESIAN_POINT ( 'NONE',  ( 1.302399216837999862, 0.000000000000000000, -0.1181102362205000006 ) ) ;
#2877 = ORIENTED_EDGE ( 'NONE', *, *, #966, .T. ) ;
#2878 = DIRECTION ( 'NONE',  ( 0.000000000000000000, 1.000000000000000000, 0.000000000000000000 ) ) ;
#2879 = CARTESIAN_POINT ( 'NONE',  ( 0.6498031496062991463, -0.3740157480314960647, -0.3740157480314960647 ) ) ;
#2880 = TOROIDAL_SURFACE ( 'NONE', #2059, 0.1181102362205000006, 0.01968503937007999929 ) ;
#2881 = DIRECTION ( 'NONE',  ( 0.000000000000000000, 0.000000000000000000, -1.000000000000000000 ) ) ;
#2882 = CARTESIAN_POINT ( 'NONE',  ( 1.320887957286999814, -0.09759908877285000672, 0.03849525599911000212 ) ) ;
#2883 = CARTESIAN_POINT ( 'NONE',  ( 0.000000000000000000, 0.000000000000000000, 0.000000000000000000 ) ) ;
#2884 = CARTESIAN_POINT ( 'NONE',  ( 1.329373585522000134, -0.09204714041842008976, -0.05909321597242992580 ) ) ;
#2885 = FACE_OUTER_BOUND ( 'NONE', #359, .T. ) ;
#2886 = CARTESIAN_POINT ( 'NONE',  ( 1.262685839952000233, -0.1206065689567999977, -0.006320722445973996420 ) ) ;
#2887 = ORIENTED_EDGE ( 'NONE', *, *, #7267, .F. ) ;
#2888 = ORIENTED_EDGE ( 'NONE', *, *, #3788, .T. ) ;
#2889 = ORIENTED_EDGE ( 'NONE', *, *, #7443, .F. ) ;
#2890 = CARTESIAN_POINT ( 'NONE',  ( 0.7285187739042991995, 0.1671347988300000142, 0.1138396339179000016 ) ) ;
#2891 = DIRECTION ( 'NONE',  ( 0.000000000000000000, 1.000000000000000000, 0.000000000000000000 ) ) ;
#2892 = CARTESIAN_POINT ( 'NONE',  ( 1.134608657178000080, 0.000000000000000000, 0.1181102362205000006 ) ) ;
#2893 = LINE ( 'NONE', #5956, #3015 ) ;
#2894 = CARTESIAN_POINT ( 'NONE',  ( 1.144098691903250087, -0.01546059376766966385, -0.1181102362205000700 ) ) ;
#2895 = CARTESIAN_POINT ( 'NONE',  ( 1.329047859497999751, 0.08757920466355001432, 0.07575653196891005137 ) ) ;
#2896 = CARTESIAN_POINT ( 'NONE',  ( 1.159340595528999929, 0.08969628928271004831, -0.08073148491142008443 ) ) ;
#2897 = CARTESIAN_POINT ( 'NONE',  ( 1.089046532568999970, -0.05683715047029000433, -0.08752153665227008217 ) ) ;
#2898 = DIRECTION ( 'NONE',  ( 0.000000000000000000, -1.000000000000000000, 0.000000000000000000 ) ) ;
#2899 = CARTESIAN_POINT ( 'NONE',  ( 1.182605150242000080, 0.1005876041400999843, 0.02224877255178000016 ) ) ;
#2900 = EDGE_LOOP ( 'NONE', ( #4442, #7835, #7714, #7035, #9167 ) ) ;
#2901 = CARTESIAN_POINT ( 'NONE',  ( 0.7244094488188976833, 0.01574803149606000124, -0.2002676082188999951 ) ) ;
#2902 = CARTESIAN_POINT ( 'NONE',  ( 1.005905511811000075, 0.000000000000000000, -0.1673228346456999971 ) ) ;
#2903 = ORIENTED_EDGE ( 'NONE', *, *, #6279, .T. ) ;
#2904 = VECTOR ( 'NONE', #1639, 39.37007874015748143 ) ;
#2905 = CARTESIAN_POINT ( 'NONE',  ( 0.7261087826327008443, 0.01566708392163000327, -0.1540858001287999934 ) ) ;
#2906 = ORIENTED_EDGE ( 'NONE', *, *, #8412, .F. ) ;
#2907 = CARTESIAN_POINT ( 'NONE',  ( 0.7294081141038994964, 0.1269223050916000184, -0.09023475620096005345 ) ) ;
#2908 = DIRECTION ( 'NONE',  ( 0.000000000000000000, 0.000000000000000000, 1.000000000000000000 ) ) ;
#2909 = CARTESIAN_POINT ( 'NONE',  ( 0.7294082467600000452, -0.1416067471348999851, -0.06480063669231003742 ) ) ;
#2910 = EDGE_LOOP ( 'NONE', ( #9056, #2473, #8233, #2229, #970, #2418 ) ) ;
#2911 = LINE ( 'NONE', #3677, #5024 ) ;
#2912 = EDGE_CURVE ( 'NONE', #9041, #7786, #9728, .T. ) ;
#2913 = CYLINDRICAL_SURFACE ( 'NONE', #1202, 0.1181102362205000006 ) ;
#2914 = CARTESIAN_POINT ( 'NONE',  ( 0.9999994263158002994, 0.1090295656549012393, 0.1648457037416242443 ) ) ;
#2915 = CARTESIAN_POINT ( 'NONE',  ( 0.9827365112497008504, -0.09478926975752992312, -0.1783711548946000092 ) ) ;
#2916 = CARTESIAN_POINT ( 'NONE',  ( 1.179283554813000068, 0.06066812737337991951, 0.08200797705202009236 ) ) ;
#2917 = ADVANCED_FACE ( 'NONE', ( #8663 ), #1904, .F. ) ;
#2918 = CARTESIAN_POINT ( 'NONE',  ( 1.298452140501999974, -0.01801822666095000136, -0.1137626058722999989 ) ) ;
#2919 = CIRCLE ( 'NONE', #8546, 0.1850392960487000360 ) ;
#2920 = EDGE_CURVE ( 'NONE', #2312, #8291, #7563, .T. ) ;
#2921 = DIRECTION ( 'NONE',  ( 0.000000000000000000, 1.000000000000000000, 0.000000000000000000 ) ) ;
#2922 = EDGE_CURVE ( 'NONE', #7686, #2857, #7699, .T. ) ;
#2923 = CARTESIAN_POINT ( 'NONE',  ( 1.188544004019000067, 0.1052227858556999962, -0.04684820457922000275 ) ) ;
#2924 = CARTESIAN_POINT ( 'NONE',  ( 0.5810294838684999519, -0.1400374037106000003, 0.06266637228198995713 ) ) ;
#2925 = DIRECTION ( 'NONE',  ( 0.000000000000000000, 1.000000000000000000, 0.000000000000000000 ) ) ;
#2926 = CARTESIAN_POINT ( 'NONE',  ( 1.311679790026191172, -0.08864370576691975312, 0.05117846576024083494 ) ) ;
#2927 = CIRCLE ( 'NONE', #3578, 0.1553113939094000751 ) ;
#2928 = DIRECTION ( 'NONE',  ( 0.000000000000000000, -0.9996621625387626109, -0.02599155224922904475 ) ) ;
#2929 = CARTESIAN_POINT ( 'NONE',  ( 1.335957621808000262, 0.09489640704855001330, -0.04474592824854000533 ) ) ;
#2930 = EDGE_CURVE ( 'NONE', #1522, #6825, #764, .T. ) ;
#2931 = CARTESIAN_POINT ( 'NONE',  ( 0.5787401574803000548, 0.1351639017700000112, -0.05985265462468995767 ) ) ;
#2932 = AXIS2_PLACEMENT_3D ( 'NONE', #9778, #6609, #1245 ) ;
#2933 = CARTESIAN_POINT ( 'NONE',  ( 1.360902927902999826, -0.04315930987271000829, 0.1065552259545999997 ) ) ;
#2934 = EDGE_CURVE ( 'NONE', #4281, #366, #2266, .T. ) ;
#2935 = CARTESIAN_POINT ( 'NONE',  ( 1.381889763779999836, -0.03163166084151999846, 0.09735224182548997407 ) ) ;
#2936 = CARTESIAN_POINT ( 'NONE',  ( 1.206141035351000035, 0.1150228199578999938, -0.006028090560866003651 ) ) ;
#2937 = EDGE_LOOP ( 'NONE', ( #9566, #2145, #8690, #2315 ) ) ;
#2938 = FACE_OUTER_BOUND ( 'NONE', #2937, .T. ) ;
#2939 = EDGE_LOOP ( 'NONE', ( #3260, #7173, #4177, #2516, #8033, #8906, #9212 ) ) ;
#2940 = EDGE_CURVE ( 'NONE', #9073, #5951, #6402, .T. ) ;
#2941 = VERTEX_POINT ( 'NONE', #6601 ) ;
#2942 = DIRECTION ( 'NONE',  ( 0.000000000000000000, 0.000000000000000000, 1.000000000000000000 ) ) ;
#2943 = CARTESIAN_POINT ( 'NONE',  ( 1.331459050879000072, 0.000000000000000000, 0.1181102362205000006 ) ) ;
#2944 = VERTEX_POINT ( 'NONE', #1859 ) ;
#2945 = CARTESIAN_POINT ( 'NONE',  ( 1.055867833018064861, -3.516388863965216392E-08, 0.1181097364760243240 ) ) ;
#2946 = CARTESIAN_POINT ( 'NONE',  ( 0.5790964132382000473, -0.01574803149606000124, 0.1494447818621000013 ) ) ;
#2947 = CARTESIAN_POINT ( 'NONE',  ( 0.5787401574803000548, 0.01574803149606000124, -0.1469816999198000074 ) ) ;
#2948 = CARTESIAN_POINT ( 'NONE',  ( 1.312179421178000016, -0.04596109141536000586, -0.1062861532364999945 ) ) ;
#2949 = ORIENTED_EDGE ( 'NONE', *, *, #5700, .F. ) ;
#2950 = CARTESIAN_POINT ( 'NONE',  ( 1.109211724399999932, -0.09293951581402992712, -0.07697560583193997774 ) ) ;
#2951 = EDGE_CURVE ( 'NONE', #5534, #191, #5044, .T. ) ;
#2952 = ADVANCED_FACE ( 'NONE', ( #8282 ), #3124, .F. ) ;
#2953 = CARTESIAN_POINT ( 'NONE',  ( 0.6115706219037008173, 0.09989048366269999424, 0.07585605807906004028 ) ) ;
#2954 = CARTESIAN_POINT ( 'NONE',  ( 1.218147582438000143, 0.09641372841431003482, -0.03993587390816000920 ) ) ;
#2955 = DIRECTION ( 'NONE',  ( 1.000000000000000000, 0.000000000000000000, 0.000000000000000000 ) ) ;
#2956 = AXIS2_PLACEMENT_3D ( 'NONE', #106, #837, #2585 ) ;
#2957 = EDGE_CURVE ( 'NONE', #146, #6799, #1877, .T. ) ;
#2958 = CARTESIAN_POINT ( 'NONE',  ( 0.9999994263157996333, -0.1489148699297786760, 0.1299458107934411966 ) ) ;
#2959 = CARTESIAN_POINT ( 'NONE',  ( 0.7244094488188976833, -0.1813108520207999952, 0.08649560877427991956 ) ) ;
#2960 = ORIENTED_EDGE ( 'NONE', *, *, #2374, .T. ) ;
#2961 = DIRECTION ( 'NONE',  ( 1.000000000000000000, 0.000000000000000000, 0.000000000000000000 ) ) ;
#2962 = DIRECTION ( 'NONE',  ( -1.000000000000000000, 0.000000000000000000, 0.000000000000000000 ) ) ;
#2963 = CARTESIAN_POINT ( 'NONE',  ( 0.8188976377952992269, 0.000000000000000000, 0.000000000000000000 ) ) ;
#2964 = CARTESIAN_POINT ( 'NONE',  ( 1.194382553893877930, 0.09773996446826481443, 0.05643013360755776836 ) ) ;
#2965 = CARTESIAN_POINT ( 'NONE',  ( 1.177055201326839828, 0.08417905187470858808, 0.05891519607388806534 ) ) ;
#2966 = CARTESIAN_POINT ( 'NONE',  ( 1.308262305179999752, -0.09759908877285000672, 0.03849525599911000212 ) ) ;
#2967 = CARTESIAN_POINT ( 'NONE',  ( 0.6498031496062991463, -0.3740157480314960647, 0.5314960629921000601 ) ) ;
#2968 = CARTESIAN_POINT ( 'NONE',  ( 1.254767286309999896, -0.03658164642932999755, -0.1033033827283000028 ) ) ;
#2969 = ORIENTED_EDGE ( 'NONE', *, *, #7242, .F. ) ;
#2970 = DIRECTION ( 'NONE',  ( 1.000000000000000000, 0.000000000000000000, 0.000000000000000000 ) ) ;
#2971 = CARTESIAN_POINT ( 'NONE',  ( 1.155521879486000048, 0.04975248256392000856, 0.09764474495492007911 ) ) ;
#2972 = CARTESIAN_POINT ( 'NONE',  ( 1.296657747021749518, -0.09444883965335031106, -0.07258425826477081511 ) ) ;
#2973 = B_SPLINE_CURVE_WITH_KNOTS ( 'NONE', 3,
 ( #84, #2314, #7775, #8480, #8521, #4686, #7012, #3185, #2409, #5487, #5652 ),
 .UNSPECIFIED., .F., .F.,
 ( 4, 1, 1, 1, 1, 1, 1, 1, 4 ),
 ( 0.000000000000000000, 0.1250000000000000000, 0.2500000000000000000, 0.3750000000000000000, 0.5000000000000000000, 0.6250000000000000000, 0.7500000000000000000, 0.8750000000000000000, 1.000000000000000000 ),
 .UNSPECIFIED. ) ;
#2974 = CARTESIAN_POINT ( 'NONE',  ( 1.300837878525666458, -0.1181102362204989598, 0.02061412502356673240 ) ) ;
#2975 = CARTESIAN_POINT ( 'NONE',  ( 0.5790964197264000246, -0.01574803149606000124, -0.1494448002579999990 ) ) ;
#2976 = CARTESIAN_POINT ( 'NONE',  ( 0.7280600717204999128, -0.1820907631361000090, 0.08761369760209999913 ) ) ;
#2977 = EDGE_CURVE ( 'NONE', #7177, #9206, #5226, .T. ) ;
#2978 = CARTESIAN_POINT ( 'NONE',  ( 1.364874944642000099, -0.05376119431681999905, -0.09009583869482007401 ) ) ;
#2979 = DIRECTION ( 'NONE',  ( 0.000000000000000000, 0.8660254037844288266, 0.5000000000000169864 ) ) ;
#2980 = CARTESIAN_POINT ( 'NONE',  ( 1.351658690509000005, 0.06041242322106003815, 0.09118674254497992349 ) ) ;
#2981 = CARTESIAN_POINT ( 'NONE',  ( 1.366058662213784247, -0.07919047972093251619, 0.08764366710241056069 ) ) ;
#2982 = CARTESIAN_POINT ( 'NONE',  ( 0.01181102362204999867, 0.000000000000000000, 0.000000000000000000 ) ) ;
#2983 = CARTESIAN_POINT ( 'NONE',  ( 0.8602361537316004503, -7.089001153372007411E-08, 2.654845646351999710E-08 ) ) ;
#2984 = CIRCLE ( 'NONE', #4276, 0.08267716535433068670 ) ;
#2985 = ORIENTED_EDGE ( 'NONE', *, *, #6646, .F. ) ;
#2986 = DIRECTION ( 'NONE',  ( 0.000000000000000000, 0.000000000000000000, 1.000000000000000000 ) ) ;
#2987 = FACE_OUTER_BOUND ( 'NONE', #2644, .T. ) ;
#2988 = EDGE_CURVE ( 'NONE', #9098, #8761, #5216, .T. ) ;
#2989 = ADVANCED_FACE ( 'NONE', ( #8485 ), #5496, .T. ) ;
#2990 = CARTESIAN_POINT ( 'NONE',  ( 0.7358050155909999779, 0.1397419933171999973, 0.07238395543587008985 ) ) ;
#2991 = CARTESIAN_POINT ( 'NONE',  ( 1.333110708718000081, -0.03542864448932000337, 0.1161355614337999942 ) ) ;
#2992 = AXIS2_PLACEMENT_3D ( 'NONE', #9713, #8253, #5868 ) ;
#2993 = VECTOR ( 'NONE', #5972, 39.37007874015748143 ) ;
#2994 = CARTESIAN_POINT ( 'NONE',  ( 1.061171556236000235, -0.09292080795710001839, 0.07699818791050001832 ) ) ;
#2995 = ADVANCED_FACE ( 'NONE', ( #4708 ), #9362, .F. ) ;
#2996 = CARTESIAN_POINT ( 'NONE',  ( 1.298650651928999977, -0.1022864650138999992, 0.05905511811023995972 ) ) ;
#2997 = VERTEX_POINT ( 'NONE', #7803 ) ;
#2998 = CARTESIAN_POINT ( 'NONE',  ( 1.243738133619000097, -0.08897936835737992045, -0.05452662705760000228 ) ) ;
#2999 = CARTESIAN_POINT ( 'NONE',  ( 0.9763779527559055538, 0.09399477469537993735, 0.1751968503937007815 ) ) ;
#3000 = ORIENTED_EDGE ( 'NONE', *, *, #7924, .F. ) ;
#3001 = LINE ( 'NONE', #7751, #5278 ) ;
#3002 = ORIENTED_EDGE ( 'NONE', *, *, #2609, .F. ) ;
#3003 = CARTESIAN_POINT ( 'NONE',  ( 0.7249764069818995793, -0.01574803149606000124, -0.1537847640464000132 ) ) ;
#3004 = CARTESIAN_POINT ( 'NONE',  ( 0.6115386739812992412, 0.09988330913186005411, -0.07585191586174999667 ) ) ;
#3005 = CARTESIAN_POINT ( 'NONE',  ( 0.7362204724408996093, -0.004661252063347999866, -0.2125308915757999906 ) ) ;
#3006 = AXIS2_PLACEMENT_3D ( 'NONE', #8511, #1269, #6146 ) ;
#3007 = DIRECTION ( 'NONE',  ( 1.000000000000000000, 0.000000000000000000, 0.000000000000000000 ) ) ;
#3008 = CARTESIAN_POINT ( 'NONE',  ( 1.231861159094499447, 0.1150361429136075309, -0.03091510445189034340 ) ) ;
#3009 = CARTESIAN_POINT ( 'NONE',  ( 1.191351801812764233, 0.09319391919864734863, 0.05380547599339599585 ) ) ;
#3010 = CARTESIAN_POINT ( 'NONE',  ( 1.062429035179456749, -0.1032016026696941646, 0.05948085153198306302 ) ) ;
#3011 = CARTESIAN_POINT ( 'NONE',  ( 1.031496062992000029, 0.000000000000000000, 0.000000000000000000 ) ) ;
#3012 = LINE ( 'NONE', #8455, #6465 ) ;
#3013 = B_SPLINE_CURVE_WITH_KNOTS ( 'NONE', 3,
 ( #8708, #8814, #4215, #4870 ),
 .UNSPECIFIED., .F., .F.,
 ( 4, 4 ),
 ( 0.000000000000000000, 1.000000000000000000 ),
 .UNSPECIFIED. ) ;
#3014 = CARTESIAN_POINT ( 'NONE',  ( 1.224911643265000016, 0.1012472735857000011, -0.04193799387248999672 ) ) ;
#3015 = VECTOR ( 'NONE', #7540, 39.37007874015748143 ) ;
#3016 = VERTEX_POINT ( 'NONE', #982 ) ;
#3017 = CARTESIAN_POINT ( 'NONE',  ( 1.187510068461999913, 0.1092514072738000053, -0.008598256130783996781 ) ) ;
#3018 = CARTESIAN_POINT ( 'NONE',  ( 1.347863250353999343, -0.05948255673673411015, -0.1032031167347790546 ) ) ;
#3019 = ORIENTED_EDGE ( 'NONE', *, *, #8791, .F. ) ;
#3020 = CARTESIAN_POINT ( 'NONE',  ( 1.112110502926999756, 0.1032031167347791240, -0.05948255673673397831 ) ) ;
#3021 = CARTESIAN_POINT ( 'NONE',  ( 1.087176220207427102, 0.04098898316452792567, -0.09588306505917038036 ) ) ;
#3022 = CONICAL_SURFACE ( 'NONE', #4628, 0.1909453919547999812, 0.7854096901918675711 ) ;
#3023 = CARTESIAN_POINT ( 'NONE',  ( 1.360666393939999885, -0.05376119431681999905, -0.09009583869482007401 ) ) ;
#3024 = EDGE_CURVE ( 'NONE', #1624, #9590, #2696, .T. ) ;
#3025 = DIRECTION ( 'NONE',  ( 0.000000000000000000, 0.000000000000000000, 1.000000000000000000 ) ) ;
#3026 = CARTESIAN_POINT ( 'NONE',  ( 1.322155266763000103, -0.1035033295606000020, 0.007873227506070000145 ) ) ;
#3027 = DIRECTION ( 'NONE',  ( 0.000000000000000000, 0.1290322580644962247, -0.9916403967057701996 ) ) ;
#3028 = CARTESIAN_POINT ( 'NONE',  ( 1.165299575734999982, 0.1164092492941000145, 0.02574833084661000415 ) ) ;
#3029 = CIRCLE ( 'NONE', #3846, 0.1023622047244000105 ) ;
#3030 = DIRECTION ( 'NONE',  ( 1.000000000000000000, 0.000000000000000000, 0.000000000000000000 ) ) ;
#3031 = AXIS2_PLACEMENT_3D ( 'NONE', #765, #3894, #3852 ) ;
#3032 = ORIENTED_EDGE ( 'NONE', *, *, #6760, .F. ) ;
#3033 = VERTEX_POINT ( 'NONE', #2947 ) ;
#3034 = CARTESIAN_POINT ( 'NONE',  ( 0.7268675672382992614, 0.01551150613601999864, 0.2010874049501000238 ) ) ;
#3035 = CARTESIAN_POINT ( 'NONE',  ( 0.7355155426311004163, 0.1768889817957000066, -0.1115214455381000058 ) ) ;
#3036 = ORIENTED_EDGE ( 'NONE', *, *, #1999, .F. ) ;
#3037 = CARTESIAN_POINT ( 'NONE',  ( 0.7361458027627009182, 0.1334982700328000149, 0.08350512722514999431 ) ) ;
#3038 = DIRECTION ( 'NONE',  ( 0.000000000000000000, 0.8660254037844288266, -0.5000000000000169864 ) ) ;
#3039 = CONICAL_SURFACE ( 'NONE', #6909, 0.1377952755906000082, 0.2525542757780835368 ) ;
#3040 = ORIENTED_EDGE ( 'NONE', *, *, #1067, .F. ) ;
#3041 = CARTESIAN_POINT ( 'NONE',  ( 1.102945615509000055, -0.1149872020056000171, 0.03661885945621999594 ) ) ;
#3042 = CARTESIAN_POINT ( 'NONE',  ( 1.217837700567000025, 0.02836378742741000117, 0.1058550957742000059 ) ) ;
#3043 = EDGE_CURVE ( 'NONE', #7908, #5255, #474, .T. ) ;
#3044 = EDGE_CURVE ( 'NONE', #6122, #3762, #2127, .T. ) ;
#3045 = CARTESIAN_POINT ( 'NONE',  ( 0.8346456692645000119, -2.725007590637000299E-11, -0.1574803149338000197 ) ) ;
#3046 = ORIENTED_EDGE ( 'NONE', *, *, #2957, .F. ) ;
#3047 = CARTESIAN_POINT ( 'NONE',  ( 0.5787401574803000548, -0.1197790500519000101, -0.08733872723765000179 ) ) ;
#3048 = CARTESIAN_POINT ( 'NONE',  ( 1.262931047005000140, 0.09298318451212993219, 0.04737729888397000655 ) ) ;
#3049 = ORIENTED_EDGE ( 'NONE', *, *, #8413, .T. ) ;
#3050 = CARTESIAN_POINT ( 'NONE',  ( 0.9999994263157999663, -0.1234249573708795789, -0.1543626642908326740 ) ) ;
#3051 = ORIENTED_EDGE ( 'NONE', *, *, #4516, .T. ) ;
#3052 = DIRECTION ( 'NONE',  ( -0.7071067811865474617, -0.7071067811865474617, 7.140098277806473946E-10 ) ) ;
#3053 = EDGE_LOOP ( 'NONE', ( #6697, #7975, #3902 ) ) ;
#3054 = CARTESIAN_POINT ( 'NONE',  ( 0.7309195682576004049, -0.01384165564065000138, -0.1555034227300000071 ) ) ;
#3055 = CARTESIAN_POINT ( 'NONE',  ( 1.287987922270249719, 0.07258425826477025999, 0.09444883965335074127 ) ) ;
#3056 = CARTESIAN_POINT ( 'NONE',  ( 0.01181102362204999867, 0.000000000000000000, 0.000000000000000000 ) ) ;
#3057 = CYLINDRICAL_SURFACE ( 'NONE', #9124, 0.1535433070865999949 ) ;
#3058 = CARTESIAN_POINT ( 'NONE',  ( 1.234321789015750070, 0.1181102362204999728, 0.01546059376767033693 ) ) ;
#3059 = EDGE_CURVE ( 'NONE', #824, #3092, #5635, .T. ) ;
#3060 = CARTESIAN_POINT ( 'NONE',  ( 1.162963521299499980, 0.03091510445189026360, 0.1150361429136075864 ) ) ;
#3061 = FACE_OUTER_BOUND ( 'NONE', #5546, .T. ) ;
#3062 = DIRECTION ( 'NONE',  ( 1.000000000000000000, 0.000000000000000000, 0.000000000000000000 ) ) ;
#3063 = CIRCLE ( 'NONE', #2567, 0.09842519685038997324 ) ;
#3064 = DIRECTION ( 'NONE',  ( 0.000000000000000000, 0.8660254037844288266, -0.5000000000000169864 ) ) ;
#3065 = CARTESIAN_POINT ( 'NONE',  ( 1.235574372924000075, 0.02836378742741000117, 0.1058550957742000059 ) ) ;
#3066 = CARTESIAN_POINT ( 'NONE',  ( 0.6752388305532991408, -0.01574803149606000124, 0.1842351282140999857 ) ) ;
#3067 = CARTESIAN_POINT ( 'NONE',  ( 1.183244976597999987, 0.07949323819998996288, -0.07543626674195000326 ) ) ;
#3068 = CARTESIAN_POINT ( 'NONE',  ( 0.7362204724408996093, 0.000000000000000000, 0.000000000000000000 ) ) ;
#3069 = CARTESIAN_POINT ( 'NONE',  ( 1.121132812638249598, 0.07258425826477023224, 0.09444883965335072740 ) ) ;
#3070 = PRESENTATION_STYLE_ASSIGNMENT (( #3119 ) ) ;
#3071 = CARTESIAN_POINT ( 'NONE',  ( 1.120595467626427144, -0.05412436963884940944, -0.08913030639014286882 ) ) ;
#3072 = VECTOR ( 'NONE', #2216, 39.37007874015748143 ) ;
#3073 = CARTESIAN_POINT ( 'NONE',  ( 1.332360074209000267, 0.09930460926623997653, 0.03385440507488000211 ) ) ;
#3074 = FACE_OUTER_BOUND ( 'NONE', #2632, .T. ) ;
#3075 = CARTESIAN_POINT ( 'NONE',  ( 1.321269910982000084, -0.08063241461227993456, 0.07108703586932008101 ) ) ;
#3076 = DIRECTION ( 'NONE',  ( 1.000000000000000000, 0.000000000000000000, 0.000000000000000000 ) ) ;
#3077 = CARTESIAN_POINT ( 'NONE',  ( 1.188046732341000000, -0.09183581231427992431, -0.07843519353245001491 ) ) ;
#3078 = CARTESIAN_POINT ( 'NONE',  ( 0.7362204724408996093, 0.1827275465568999890, 0.1100438633047000070 ) ) ;
#3079 = TOROIDAL_SURFACE ( 'NONE', #5333, 0.1478229366753000262, 0.007874015748031005027 ) ;
#3080 = ORIENTED_EDGE ( 'NONE', *, *, #6138, .F. ) ;
#3081 = CARTESIAN_POINT ( 'NONE',  ( 0.5984251968503937480, 0.01574803149606000124, -0.1210269775506999934 ) ) ;
#3082 = EDGE_LOOP ( 'NONE', ( #2520, #6683 ) ) ;
#3083 = CARTESIAN_POINT ( 'NONE',  ( 1.352043302816731574, -0.1012958166648478264, -0.02734119246304845402 ) ) ;
#3084 = CARTESIAN_POINT ( 'NONE',  ( 0.4921259842520000483, 0.2716535433071000094, 0.3543307086614000401 ) ) ;
#3085 = CIRCLE ( 'NONE', #9862, 0.1478229366752999707 ) ;
#3086 = ORIENTED_EDGE ( 'NONE', *, *, #4339, .T. ) ;
#3087 = CARTESIAN_POINT ( 'NONE',  ( 0.6383554654468995837, -0.1059014183312000090, 0.07932647282801004451 ) ) ;
#3088 = CARTESIAN_POINT ( 'NONE',  ( 1.175186781932000102, 0.07749129636727992987, 0.07749142232388996077 ) ) ;
#3089 = FACE_OUTER_BOUND ( 'NONE', #5602, .T. ) ;
#3090 = CIRCLE ( 'NONE', #5677, 0.08267716535433068670 ) ;
#3091 = CARTESIAN_POINT ( 'NONE',  ( 1.188348480554000108, -0.02436176678408999777, 0.1014740604109000133 ) ) ;
#3092 = VERTEX_POINT ( 'NONE', #7015 ) ;
#3093 = B_SPLINE_CURVE_WITH_KNOTS ( 'NONE', 3,
 ( #10007, #1435, #2140, #9118, #9963, #3818, #2331, #8309, #3054, #6800, #1389, #9913, #3003, #9870 ),
 .UNSPECIFIED., .F., .F.,
 ( 4, 1, 1, 1, 1, 1, 1, 1, 1, 1, 1, 4 ),
 ( 0.000000000000000000, 0.09090909090909000956, 0.1818181818182000031, 0.2727272727273000186, 0.3636363636364000063, 0.4545454545454999939, 0.5454545454545000061, 0.6363636363636000493, 0.7272727272726999814, 0.8181818181818000246, 0.9090909090908999568, 1.000000000000000000 ),
 .UNSPECIFIED. ) ;
#3094 = VERTEX_POINT ( 'NONE', #5656 ) ;
#3095 = B_SPLINE_CURVE_WITH_KNOTS ( 'NONE', 3,
 ( #9432, #7725, #6916, #8779 ),
 .UNSPECIFIED., .F., .F.,
 ( 4, 4 ),
 ( 0.000000000000000000, 1.000000000000000000 ),
 .UNSPECIFIED. ) ;
#3096 = EDGE_CURVE ( 'NONE', #4418, #5853, #7340, .T. ) ;
#3097 = DIRECTION ( 'NONE',  ( 0.000000000000000000, 0.000000000000000000, 1.000000000000000000 ) ) ;
#3098 = EDGE_LOOP ( 'NONE', ( #5502, #9112, #2039, #5372 ) ) ;
#3099 = DIRECTION ( 'NONE',  ( 0.000000000000000000, -0.5000000000000169864, -0.8660254037844288266 ) ) ;
#3100 = LINE ( 'NONE', #6219, #1403 ) ;
#3101 = CARTESIAN_POINT ( 'NONE',  ( 0.7294508865112008245, -0.01465515893891999877, -0.2020564412947000177 ) ) ;
#3102 = DIRECTION ( 'NONE',  ( 0.000000000000000000, 0.000000000000000000, 1.000000000000000000 ) ) ;
#3103 = CARTESIAN_POINT ( 'NONE',  ( 1.243344098727000135, 0.000000000000000000, 0.1181102362205000006 ) ) ;
#3104 = LINE ( 'NONE', #4662, #4589 ) ;
#3105 = DIRECTION ( 'NONE',  ( 0.000000000000000000, 1.000000000000000000, 0.000000000000000000 ) ) ;
#3106 = CARTESIAN_POINT ( 'NONE',  ( 1.152653276600499987, -0.03091510445189049605, -0.1150361429136075170 ) ) ;
#3107 = LINE ( 'NONE', #691, #673 ) ;
#3108 = CARTESIAN_POINT ( 'NONE',  ( 1.301683296808000101, 0.08333232648411004195, -0.07117253052570000904 ) ) ;
#3109 = VERTEX_POINT ( 'NONE', #2138 ) ;
#3110 = EDGE_CURVE ( 'NONE', #2832, #9867, #5222, .T. ) ;
#3111 = AXIS2_PLACEMENT_3D ( 'NONE', #7584, #3841, #6817 ) ;
#3112 = ORIENTED_EDGE ( 'NONE', *, *, #2634, .F. ) ;
#3113 = CARTESIAN_POINT ( 'NONE',  ( 1.184383202100157240, 0.08864663034097365613, 0.05118015517537755077 ) ) ;
#3114 = CARTESIAN_POINT ( 'NONE',  ( 1.069121431839999969, 0.09318312821512993172, -0.06770150331837007651 ) ) ;
#3115 = PLANE ( 'NONE',  #802 ) ;
#3116 = ORIENTED_EDGE ( 'NONE', *, *, #6172, .T. ) ;
#3117 = EDGE_CURVE ( 'NONE', #516, #4862, #2860, .T. ) ;
#3118 = CARTESIAN_POINT ( 'NONE',  ( 1.106369033110749633, 0.01546059376767017907, -0.1181102362204999728 ) ) ;
#3119 = SURFACE_STYLE_USAGE ( .BOTH. , #4625 ) ;
#3120 = DIRECTION ( 'NONE',  ( 0.000000000000000000, 1.000000000000000000, 0.000000000000000000 ) ) ;
#3121 = CARTESIAN_POINT ( 'NONE',  ( 1.344408958724000014, -0.06602625533717991491, 0.08153563497254999459 ) ) ;
#3122 = EDGE_CURVE ( 'NONE', #6470, #8527, #9976, .T. ) ;
#3123 = EDGE_CURVE ( 'NONE', #6516, #2461, #3669, .T. ) ;
#3124 = CYLINDRICAL_SURFACE ( 'NONE', #9306, 0.01181102362205004204 ) ;
#3125 = CARTESIAN_POINT ( 'NONE',  ( 1.241141761694388945, -0.09298318451212993219, 0.04737729888396000760 ) ) ;
#3126 = CARTESIAN_POINT ( 'NONE',  ( 1.330258941304000020, -0.03592774511967000012, -0.09738641406121005539 ) ) ;
#3127 = CARTESIAN_POINT ( 'NONE',  ( -0.03149606299213000143, -7.521929024089999166E-09, -0.2496578167135999893 ) ) ;
#3128 = CARTESIAN_POINT ( 'NONE',  ( 1.205107099794999970, 0.1157986565047000038, 0.03430112475518000414 ) ) ;
#3129 = CARTESIAN_POINT ( 'NONE',  ( 0.5841804246273000212, 0.1259363778563000191, -0.09089366210302991800 ) ) ;
#3130 = EDGE_LOOP ( 'NONE', ( #8308, #8717, #350, #9848, #6933, #8631 ) ) ;
#3131 = CARTESIAN_POINT ( 'NONE',  ( 1.366934075954117755, -0.09707124080293337565, 0.06996894197500488910 ) ) ;
#3132 = CYLINDRICAL_SURFACE ( 'NONE', #3848, 0.1988188976377999739 ) ;
#3133 = VERTEX_POINT ( 'NONE', #4090 ) ;
#3134 = DIRECTION ( 'NONE',  ( 0.000000000000000000, 0.000000000000000000, 1.000000000000000000 ) ) ;
#3135 = CARTESIAN_POINT ( 'NONE',  ( 0.4921259842520000483, 0.000000000000000000, 0.3740157480314960647 ) ) ;
#3136 = ORIENTED_EDGE ( 'NONE', *, *, #1675, .T. ) ;
#3137 = DIRECTION ( 'NONE',  ( 0.000000000000000000, 0.000000000000000000, 1.000000000000000000 ) ) ;
#3138 = EDGE_LOOP ( 'NONE', ( #4099, #3193, #7501, #2095 ) ) ;
#3139 = CARTESIAN_POINT ( 'NONE',  ( 1.192247149386000071, -0.1023103873717999962, -0.03927327811942000341 ) ) ;
#3140 = ORIENTED_EDGE ( 'NONE', *, *, #8279, .T. ) ;
#3141 = DIRECTION ( 'NONE',  ( 1.000000000000000000, 0.000000000000000000, 0.000000000000000000 ) ) ;
#3142 = ORIENTED_EDGE ( 'NONE', *, *, #4181, .F. ) ;
#3143 = CARTESIAN_POINT ( 'NONE',  ( 1.269385225961000119, -0.05910872053913996532, 0.08600372205772992273 ) ) ;
#3144 = ORIENTED_EDGE ( 'NONE', *, *, #1046, .F. ) ;
#3145 = CARTESIAN_POINT ( 'NONE',  ( 0.9833987724170001332, 0.09505360061837007934, 0.1794332257083000315 ) ) ;
#3146 = VECTOR ( 'NONE', #4067, 39.37007874015748143 ) ;
#3147 = CARTESIAN_POINT ( 'NONE',  ( 1.272403932768999990, 0.000000000000000000, -0.1181102362205000006 ) ) ;
#3148 = CARTESIAN_POINT ( 'NONE',  ( 0.8464566929133995332, 0.000000000000000000, 0.000000000000000000 ) ) ;
#3149 = CARTESIAN_POINT ( 'NONE',  ( 1.283066662427749804, 0.1181102362204999728, 0.01546059376767032305 ) ) ;
#3150 = CARTESIAN_POINT ( 'NONE',  ( -0.007874015748031005027, 0.000000000000000000, 0.2592016018472000360 ) ) ;
#3151 = LINE ( 'NONE', #4609, #5556 ) ;
#3152 = DIRECTION ( 'NONE',  ( 0.000000000000000000, 1.000000000000000000, 0.000000000000000000 ) ) ;
#3153 = DIRECTION ( 'NONE',  ( -1.000000000000000000, 0.000000000000000000, 0.000000000000000000 ) ) ;
#3154 = AXIS2_PLACEMENT_3D ( 'NONE', #972, #4955, #4053 ) ;
#3155 = CARTESIAN_POINT ( 'NONE',  ( 1.381889763780000280, 0.05155154917617486149, 0.08944270116730537734 ) ) ;
#3156 = CARTESIAN_POINT ( 'NONE',  ( 1.138709707046749786, -0.07258425826477071796, 0.09444883965335038045 ) ) ;
#3157 = APPLICATION_CONTEXT ( 'automotive_design' ) ;
#3158 = ORIENTED_EDGE ( 'NONE', *, *, #589, .T. ) ;
#3159 = DIRECTION ( 'NONE',  ( -0.000000000000000000, 0.5000000000000169864, 0.8660254037844288266 ) ) ;
#3160 = CARTESIAN_POINT ( 'NONE',  ( 1.049783971065000099, 0.06590614605722007469, -0.08034279895738996591 ) ) ;
#3161 = CARTESIAN_POINT ( 'NONE',  ( 1.261164924105000029, 0.06896675547350000768, -0.08516685022967009078 ) ) ;
#3162 = AXIS2_PLACEMENT_3D ( 'NONE', #8085, #6423, #3397 ) ;
#3163 = CARTESIAN_POINT ( 'NONE',  ( 1.174404911000999974, 0.09533529686965000471, -0.04244601067203000039 ) ) ;
#3164 = LINE ( 'NONE', #6140, #5491 ) ;
#3165 = CARTESIAN_POINT ( 'NONE',  ( 1.191775160325000193, 0.09031503249727992899, 0.06207229133036003960 ) ) ;
#3166 = CARTESIAN_POINT ( 'NONE',  ( 0.6498031496062991463, -0.2755905511811023723, 0.000000000000000000 ) ) ;
#3167 = EDGE_CURVE ( 'NONE', #8644, #7434, #9340, .T. ) ;
#3168 = EDGE_CURVE ( 'NONE', #897, #6337, #9492, .T. ) ;
#3169 = TOROIDAL_SURFACE ( 'NONE', #2190, 0.3740157480314960647, 0.09842519685038997324 ) ;
#3170 = CARTESIAN_POINT ( 'NONE',  ( 1.165229829531333472, 0.1181102362204989320, 0.02061412502356693363 ) ) ;
#3171 = CARTESIAN_POINT ( 'NONE',  ( 1.082998814280425881, -0.02708025354540335994, -0.1006991498172765259 ) ) ;
#3172 = CARTESIAN_POINT ( 'NONE',  ( 1.320311189695000165, -0.002471814868744999678, -0.1048876372943000068 ) ) ;
#3173 = AXIS2_PLACEMENT_3D ( 'NONE', #3471, #438, #6657 ) ;
#3174 = CARTESIAN_POINT ( 'NONE',  ( 1.311515777442479269, 0.02436176678408999777, 0.1014740604109000133 ) ) ;
#3176 = ADVANCED_FACE ( 'NONE', ( #8124 ), #7426, .F. ) ;
#3175 = AXIS2_PLACEMENT_3D ( 'NONE', #2090, #3571, #7455 ) ;
#3177 = ORIENTED_EDGE ( 'NONE', *, *, #715, .T. ) ;
#3178 = CARTESIAN_POINT ( 'NONE',  ( 1.326207104033999995, -0.08735075435026003199, -0.05607818959622000443 ) ) ;
#3179 = CARTESIAN_POINT ( 'NONE',  ( 0.9842519685038996213, 0.2559055118109999638, 0.000000000000000000 ) ) ;
#3180 = CARTESIAN_POINT ( 'NONE',  ( 1.213637283521999954, -0.009475668413427992820, 0.1203997828730999919 ) ) ;
#3181 = DIRECTION ( 'NONE',  ( 0.000000000000000000, -0.4888985948617037836, -0.8723406238060059659 ) ) ;
#3182 = EDGE_CURVE ( 'NONE', #2941, #9766, #4619, .T. ) ;
#3183 = CARTESIAN_POINT ( 'NONE',  ( 1.371688137980535016, -0.09651995821156014732, -0.06217495933110112755 ) ) ;
#3184 = VECTOR ( 'NONE', #8122, 39.37007874015748143 ) ;
#3185 = CARTESIAN_POINT ( 'NONE',  ( 0.7355155426311004163, -0.1850248958005999977, -0.09742962911555000383 ) ) ;
#3186 = EDGE_LOOP ( 'NONE', ( #9602, #3144 ) ) ;
#3187 = DIRECTION ( 'NONE',  ( 0.000000000000000000, 0.000000000000000000, -1.000000000000000000 ) ) ;
#3188 = CARTESIAN_POINT ( 'NONE',  ( 1.309161612868886770, -0.09910312592537208476, 0.03040869323293934195 ) ) ;
#3189 = LINE ( 'NONE', #1614, #9151 ) ;
#3190 = TOROIDAL_SURFACE ( 'NONE', #290, 0.1003937007873999948, 0.01181102362204999867 ) ;
#3191 = DIRECTION ( 'NONE',  ( -1.000000000000000000, 0.000000000000000000, 0.000000000000000000 ) ) ;
#3192 = EDGE_LOOP ( 'NONE', ( #7041, #6777 ) ) ;
#3193 = ORIENTED_EDGE ( 'NONE', *, *, #9050, .F. ) ;
#3194 = ORIENTED_EDGE ( 'NONE', *, *, #8538, .F. ) ;
#3195 = CARTESIAN_POINT ( 'NONE',  ( 0.8464566929133995332, -0.09399477469537993735, 0.1751968503937007815 ) ) ;
#3196 = ORIENTED_EDGE ( 'NONE', *, *, #6632, .T. ) ;
#3197 = CARTESIAN_POINT ( 'NONE',  ( 1.273650317825000267, -0.1000599994510000118, 0.02963912214327999936 ) ) ;
#3198 = AXIS2_PLACEMENT_3D ( 'NONE', #8702, #4106, #6275 ) ;
#3199 = ORIENTED_EDGE ( 'NONE', *, *, #4769, .T. ) ;
#3200 = VECTOR ( 'NONE', #9277, 39.37007874015748143 ) ;
#3201 = ORIENTED_EDGE ( 'NONE', *, *, #4898, .F. ) ;
#3202 = CARTESIAN_POINT ( 'NONE',  ( 1.371527476018999936, 0.1024978627517000029, 0.02063926966982999878 ) ) ;
#3203 = CARTESIAN_POINT ( 'NONE',  ( 1.207254859881999876, -0.05948255673673431138, 0.1032031167347788880 ) ) ;
#3204 = EDGE_LOOP ( 'NONE', ( #4413, #8754, #1018, #7993 ) ) ;
#3205 = CARTESIAN_POINT ( 'NONE',  ( 1.243344098727000135, 0.000000000000000000, 0.1181102362205000006 ) ) ;
#3206 = CARTESIAN_POINT ( 'NONE',  ( 1.276504982637750363, 0.07258425826477091225, -0.09444883965335025555 ) ) ;
#3207 = CARTESIAN_POINT ( 'NONE',  ( 1.211708394710499626, 0.03091510445189025666, 0.1150361429136075447 ) ) ;
#3208 = VERTEX_POINT ( 'NONE', #2728 ) ;
#3209 = CARTESIAN_POINT ( 'NONE',  ( 0.8464566929133995332, 0.000000000000000000, 0.1692913385827000128 ) ) ;
#3210 = CARTESIAN_POINT ( 'NONE',  ( 1.298650651928999977, -0.1022864650138999992, 0.05905511811023995972 ) ) ;
#3211 = CARTESIAN_POINT ( 'NONE',  ( 1.185011099498000098, 0.08600339255113996495, 0.05910895993968996731 ) ) ;
#3212 = CARTESIAN_POINT ( 'NONE',  ( 0.5787401574803000548, -0.09693842135412991667, -0.07415168411053996156 ) ) ;
#3213 = CARTESIAN_POINT ( 'NONE',  ( 1.085863783766999990, 0.000000000000000000, 0.1181102362205000006 ) ) ;
#3214 = CARTESIAN_POINT ( 'NONE',  ( 1.105901308096749691, -0.1181102362205000006, -0.01546059376767004723 ) ) ;
#3215 = VERTEX_POINT ( 'NONE', #5805 ) ;
#3216 = FACE_OUTER_BOUND ( 'NONE', #8231, .T. ) ;
#3217 = CARTESIAN_POINT ( 'NONE',  ( 1.056050079955999976, 0.1032150039992000001, 0.01205136508423999830 ) ) ;
#3218 = ORIENTED_EDGE ( 'NONE', *, *, #8293, .T. ) ;
#3219 = CARTESIAN_POINT ( 'NONE',  ( 1.313444636842000079, -0.01087073435519000063, 0.1034281440717000067 ) ) ;
#3220 = EDGE_LOOP ( 'NONE', ( #7406, #3652, #5357, #3997 ) ) ;
#3221 = CARTESIAN_POINT ( 'NONE',  ( 1.047972163263577228, 0.1160451397948475127, 0.007793427028434656012 ) ) ;
#3222 = CARTESIAN_POINT ( 'NONE',  ( 1.114693624911000214, -0.09037621804803996906, 0.05217873381838000063 ) ) ;
#3223 = CARTESIAN_POINT ( 'NONE',  ( 0.7077439968487008182, -0.01574803149606000124, -0.1948346165015999998 ) ) ;
#3224 = CARTESIAN_POINT ( 'NONE',  ( 1.171548311383000085, -0.05433872600642999928, -0.08867274168943996282 ) ) ;
#3225 = CARTESIAN_POINT ( 'NONE',  ( 1.350323880275248856, -0.01546059376766966906, -0.1181102362205000145 ) ) ;
#3226 = EDGE_CURVE ( 'NONE', #7136, #8808, #4947, .T. ) ;
#3227 = CARTESIAN_POINT ( 'NONE',  ( 1.170446886466448122, 0.09773993496132465930, 0.05643023556879179364 ) ) ;
#3228 = CARTESIAN_POINT ( 'NONE',  ( 0.5987259261576004521, 0.1300515385054999973, 0.09326955121158995998 ) ) ;
#3229 = EDGE_CURVE ( 'NONE', #3288, #7847, #93, .T. ) ;
#3230 = CARTESIAN_POINT ( 'NONE',  ( 1.310061078980000016, -0.07417709206638996300, 0.07053920873256003254 ) ) ;
#3231 = ADVANCED_FACE ( 'NONE', ( #9689 ), #5711, .T. ) ;
#3232 = CARTESIAN_POINT ( 'NONE',  ( 1.309383231510482304, 0.05683715052910000981, 0.08752153721173996925 ) ) ;
#3233 = CARTESIAN_POINT ( 'NONE',  ( 1.336336697209999924, 0.06001990658322008121, -0.08469077424697007972 ) ) ;
#3234 = DIRECTION ( 'NONE',  ( 1.000000000000000000, 0.000000000000000000, 0.000000000000000000 ) ) ;
#3235 = CARTESIAN_POINT ( 'NONE',  ( 1.108541194168999988, 0.05199372187269000328, -0.1090071047850000030 ) ) ;
#3236 = CARTESIAN_POINT ( 'NONE',  ( 0.5787401574803000548, 0.01574803149606000124, 0.1474010710961000115 ) ) ;
#3237 = CARTESIAN_POINT ( 'NONE',  ( 0.7244094488188976833, -0.1251805779226000115, -0.09045730080782006521 ) ) ;
#3238 = DIRECTION ( 'NONE',  ( 0.000000000000000000, 0.9233019039983419995, 0.3840749849613175337 ) ) ;
#3239 = EDGE_LOOP ( 'NONE', ( #3974, #4539, #6837, #1271, #4299, #7156 ) ) ;
#3240 = CARTESIAN_POINT ( 'NONE',  ( 0.7285187645193996753, 0.1671347944570999999, -0.1138396349152000081 ) ) ;
#3241 = CARTESIAN_POINT ( 'NONE',  ( 1.337584641398793295, 0.04780430632449969575, 0.09339770648116568763 ) ) ;
#3242 = EDGE_CURVE ( 'NONE', #6448, #4145, #5109, .T. ) ;
#3243 = VERTEX_POINT ( 'NONE', #8174 ) ;
#3244 = AXIS2_PLACEMENT_3D ( 'NONE', #1932, #621, #8335 ) ;
#3245 = CARTESIAN_POINT ( 'NONE',  ( 0.7362204724408996093, 0.003937007874016000379, 0.1574310946703000036 ) ) ;
#3246 = EDGE_LOOP ( 'NONE', ( #9287, #6640, #9463, #2686, #3000, #7047 ) ) ;
#3247 = CARTESIAN_POINT ( 'NONE',  ( 1.299973056349000178, -0.08144502098066003226, 0.08144515336377008974 ) ) ;
#3248 = EDGE_LOOP ( 'NONE', ( #7320, #1826, #2733, #5128 ) ) ;
#3249 = ORIENTED_EDGE ( 'NONE', *, *, #4035, .F. ) ;
#3250 = CARTESIAN_POINT ( 'NONE',  ( 0.7362204724408996093, 0.1863877866493000024, -0.1022287170031999926 ) ) ;
#3251 = ORIENTED_EDGE ( 'NONE', *, *, #1440, .T. ) ;
#3252 = CARTESIAN_POINT ( 'NONE',  ( 1.222469215463000136, 0.05910872053913996532, 0.08600372205772992273 ) ) ;
#3253 = ORIENTED_EDGE ( 'NONE', *, *, #4885, .T. ) ;
#3254 = VECTOR ( 'NONE', #9185, 39.37007874015748143 ) ;
#3255 = CARTESIAN_POINT ( 'NONE',  ( 0.7362204724408996093, 0.000000000000000000, 0.000000000000000000 ) ) ;
#3256 = CARTESIAN_POINT ( 'NONE',  ( 1.222838849383249604, -0.01546059376766966385, -0.1181102362205000700 ) ) ;
#3257 = ORIENTED_EDGE ( 'NONE', *, *, #73, .F. ) ;
#3258 = CARTESIAN_POINT ( 'NONE',  ( 0.7244094488188976833, 0.01574803149606000124, -0.2002676082188999951 ) ) ;
#3259 = CARTESIAN_POINT ( 'NONE',  ( 1.047973619356000086, 0.000000000000000000, 0.000000000000000000 ) ) ;
#3260 = ORIENTED_EDGE ( 'NONE', *, *, #7306, .F. ) ;
#3261 = FACE_OUTER_BOUND ( 'NONE', #8217, .T. ) ;
#3262 = VECTOR ( 'NONE', #9923, 39.37007874015748143 ) ;
#3263 = LINE ( 'NONE', #8593, #2762 ) ;
#3264 = CARTESIAN_POINT ( 'NONE',  ( 1.099652721065999872, 0.04492704785243999827, -0.09419151460094998818 ) ) ;
#3265 = DIRECTION ( 'NONE',  ( 0.000000000000000000, 0.000000000000000000, 1.000000000000000000 ) ) ;
#3266 = CARTESIAN_POINT ( 'NONE',  ( 0.5841804246273000212, 0.1259363778563000191, -0.09089366210302991800 ) ) ;
#3267 = CARTESIAN_POINT ( 'NONE',  ( 1.101800258227999985, -0.1032031167347789991, 0.05948255673673419341 ) ) ;
#3268 = EDGE_LOOP ( 'NONE', ( #6467, #8004, #6475, #7234 ) ) ;
#3269 = FACE_OUTER_BOUND ( 'NONE', #6066, .T. ) ;
#3270 = CARTESIAN_POINT ( 'NONE',  ( 1.053961376991999987, 0.1014766885991000012, -0.02238427869632000217 ) ) ;
#3271 = CARTESIAN_POINT ( 'NONE',  ( 1.296384269388000110, 0.05199892369778000289, -0.09006477778321003713 ) ) ;
#3272 = CARTESIAN_POINT ( 'NONE',  ( 1.061379976617000009, 0.09641372827659999700, 0.03993587396947000101 ) ) ;
#3273 = B_SPLINE_CURVE_WITH_KNOTS ( 'NONE', 3,
 ( #3819, #8494, #9964, #1484, #6171, #2383 ),
 .UNSPECIFIED., .F., .F.,
 ( 4, 1, 1, 4 ),
 ( 0.000000000000000000, 0.3333333333333000081, 0.6666666666667000474, 1.000000000000000000 ),
 .UNSPECIFIED. ) ;
#3274 = ORIENTED_EDGE ( 'NONE', *, *, #7256, .T. ) ;
#3275 = CARTESIAN_POINT ( 'NONE',  ( 0.6104330708661004357, 0.3543307086614000401, -0.3543307086614000401 ) ) ;
#3276 = CARTESIAN_POINT ( 'NONE',  ( 1.152355397997000042, 0.04721403471093000431, 0.09266276053095000298 ) ) ;
#3277 = CARTESIAN_POINT ( 'NONE',  ( 1.076841474055749703, 0.1181102362204999590, 0.01546059376767032305 ) ) ;
#3278 = CARTESIAN_POINT ( 'NONE',  ( 0.6092519685038996213, 0.000000000000000000, 0.000000000000000000 ) ) ;
#3279 = CARTESIAN_POINT ( 'NONE',  ( 1.212051692855999896, -0.1148610764325999900, 0.03732062610835000516 ) ) ;
#3280 = CIRCLE ( 'NONE', #4554, 0.1574803149606000263 ) ;
#3281 = CARTESIAN_POINT ( 'NONE',  ( 1.249671945421479746, -0.06567428234212994986, -0.08110098452177991191 ) ) ;
#3282 = CARTESIAN_POINT ( 'NONE',  ( 1.169619451983364256, -0.08110098451944001974, -0.06567428234383998475 ) ) ;
#3283 = EDGE_CURVE ( 'NONE', #4281, #3453, #3512, .T. ) ;
#3284 = CARTESIAN_POINT ( 'NONE',  ( 0.5795727200239999544, -0.1225473869886000156, 0.08893702731327009225 ) ) ;
#3285 = CARTESIAN_POINT ( 'NONE',  ( 1.195975577371000131, 0.1166569761454000070, 0.03125804093394000255 ) ) ;
#3286 = LINE ( 'NONE', #6198, #8718 ) ;
#3287 = DIRECTION ( 'NONE',  ( 0.000000000000000000, -1.000000000000000000, 0.000000000000000000 ) ) ;
#3288 = VERTEX_POINT ( 'NONE', #3135 ) ;
#3289 = DIRECTION ( 'NONE',  ( 0.000000000000000000, 0.000000000000000000, -1.000000000000000000 ) ) ;
#3290 = CARTESIAN_POINT ( 'NONE',  ( 1.193663775287999940, 0.000000000000000000, -0.1181102362205000006 ) ) ;
#3291 = EDGE_CURVE ( 'NONE', #6120, #9320, #9145, .T. ) ;
#3292 = CARTESIAN_POINT ( 'NONE',  ( 1.368121246662000079, -0.1034354245889000101, 0.06190482456061003474 ) ) ;
#3293 = VERTEX_POINT ( 'NONE', #1156 ) ;
#3294 = ORIENTED_EDGE ( 'NONE', *, *, #5522, .T. ) ;
#3295 = VERTEX_POINT ( 'NONE', #3387 ) ;
#3296 = ADVANCED_FACE ( 'NONE', ( #5708, #4992 ), #4843, .T. ) ;
#3297 = EDGE_LOOP ( 'NONE', ( #1524, #8572, #3969, #5971 ) ) ;
#3298 = ADVANCED_FACE ( 'NONE', ( #3332 ), #6070, .T. ) ;
#3299 = CARTESIAN_POINT ( 'NONE',  ( 1.213939031735999929, 0.09641372841431003482, -0.03993587390816000920 ) ) ;
#3300 = CARTESIAN_POINT ( 'NONE',  ( 1.346988184607238681, 0.07934963333568996469, 0.06863790391348996434 ) ) ;
#3301 = VERTEX_POINT ( 'NONE', #8783 ) ;
#3302 = DIRECTION ( 'NONE',  ( 0.000000000000000000, 0.8532547285461360431, -0.5214943606729220971 ) ) ;
#3303 = VECTOR ( 'NONE', #1150, 39.37007874015748143 ) ;
#3304 = FACE_OUTER_BOUND ( 'NONE', #5153, .T. ) ;
#3305 = DIRECTION ( 'NONE',  ( 0.000000000000000000, -0.3569814713725814603, -0.9341114650279520593 ) ) ;
#3306 = ORIENTED_EDGE ( 'NONE', *, *, #2977, .F. ) ;
#3307 = FACE_OUTER_BOUND ( 'NONE', #5550, .T. ) ;
#3308 = CARTESIAN_POINT ( 'NONE',  ( 1.078327261749000066, -0.01901763795452000166, 0.1026099921951000027 ) ) ;
#3309 = EDGE_LOOP ( 'NONE', ( #4003, #2682, #6214, #8416, #8155 ) ) ;
#3310 = CYLINDRICAL_SURFACE ( 'NONE', #5390, 0.01181102362205004204 ) ;
#3311 = CARTESIAN_POINT ( 'NONE',  ( 0.7362204724408996093, 0.000000000000000000, 0.000000000000000000 ) ) ;
#3312 = DIRECTION ( 'NONE',  ( 1.000000000000000000, 0.000000000000000000, 0.000000000000000000 ) ) ;
#3313 = CARTESIAN_POINT ( 'NONE',  ( 0.7244094488188976833, -1.917212598425000136, -1.111449274906000095 ) ) ;
#3314 = CARTESIAN_POINT ( 'NONE',  ( 1.099912842193000007, 0.06988215737867008170, 0.07690940723331003703 ) ) ;
#3315 = AXIS2_PLACEMENT_3D ( 'NONE', #1234, #8057, #2709 ) ;
#3316 = CARTESIAN_POINT ( 'NONE',  ( 1.192923454289000151, 0.07749129636727992987, 0.07749142232388996077 ) ) ;
#3317 = EDGE_CURVE ( 'NONE', #4878, #8249, #5649, .T. ) ;
#3318 = CARTESIAN_POINT ( 'NONE',  ( 1.157344543547000004, -0.1043574676366000042, -1.222170577340000108E-13 ) ) ;
#3319 = EDGE_LOOP ( 'NONE', ( #5664, #2420, #4593, #2218 ) ) ;
#3320 = CIRCLE ( 'NONE', #4120, 0.1574803149606000263 ) ;
#3321 = DIRECTION ( 'NONE',  ( -0.000000000000000000, 0.5000000000000169864, 0.8660254037844288266 ) ) ;
#3322 = CARTESIAN_POINT ( 'NONE',  ( 1.058135615269000018, -0.03258122775662000009, -0.1031606988676000008 ) ) ;
#3323 = CARTESIAN_POINT ( 'NONE',  ( 0.7244094488188976833, 1.699206507209999995, 0.9855833994582992030 ) ) ;
#3324 = DIRECTION ( 'NONE',  ( 0.000000000000000000, -1.000000000000000000, 0.000000000000000000 ) ) ;
#3325 = CARTESIAN_POINT ( 'NONE',  ( 1.318678989444000083, 0.06577719075493997092, 0.1012879920044000015 ) ) ;
#3326 = CARTESIAN_POINT ( 'NONE',  ( 1.226213940171482664, 0.1000599994510000118, 0.02963912214328001324 ) ) ;
#3327 = ORIENTED_EDGE ( 'NONE', *, *, #7640, .T. ) ;
#3328 = CARTESIAN_POINT ( 'NONE',  ( 1.086450160645364260, -0.1043217069389999890, 0.002731760035869004559 ) ) ;
#3329 = CARTESIAN_POINT ( 'NONE',  ( 1.047972815803220215, 0.05452007595640628868, -0.08904110342351106988 ) ) ;
#3330 = CARTESIAN_POINT ( 'NONE',  ( 1.134131745350000164, -0.1187497432072000120, 0.02200896399189000013 ) ) ;
#3331 = CARTESIAN_POINT ( 'NONE',  ( 1.056746748679999959, -0.01212838739982999986, -0.1075979739532000046 ) ) ;
#3332 = FACE_OUTER_BOUND ( 'NONE', #2016, .T. ) ;
#3333 = ORIENTED_EDGE ( 'NONE', *, *, #1067, .T. ) ;
#3334 = CARTESIAN_POINT ( 'NONE',  ( 0.07086614173227992475, 0.000000000000000000, 0.000000000000000000 ) ) ;
#3335 = CARTESIAN_POINT ( 'NONE',  ( 0.4921259842520000483, 0.3543307086614000401, 0.3543307086614000401 ) ) ;
#3336 = CIRCLE ( 'NONE', #9780, 0.09842519685038997324 ) ;
#3337 = CARTESIAN_POINT ( 'NONE',  ( 0.5987259262206003907, 0.01574803149606000124, -0.1592627117733999842 ) ) ;
#3338 = ORIENTED_EDGE ( 'NONE', *, *, #7390, .T. ) ;
#3339 = CARTESIAN_POINT ( 'NONE',  ( 1.343810223040000196, 0.03484133474839999633, -0.1154000682900000047 ) ) ;
#3340 = ORIENTED_EDGE ( 'NONE', *, *, #3494, .F. ) ;
#3341 = ORIENTED_EDGE ( 'NONE', *, *, #7075, .F. ) ;
#3342 = VERTEX_POINT ( 'NONE', #4790 ) ;
#3343 = CARTESIAN_POINT ( 'NONE',  ( 1.287177780758000267, 0.1095433277718000087, 0.03559278482678999989 ) ) ;
#3344 = ORIENTED_EDGE ( 'NONE', *, *, #7306, .T. ) ;
#3345 = AXIS2_PLACEMENT_3D ( 'NONE', #8622, #6158, #147 ) ;
#3346 = ORIENTED_EDGE ( 'NONE', *, *, #9595, .T. ) ;
#3347 = PLANE ( 'NONE',  #3162 ) ;
#3348 = ORIENTED_EDGE ( 'NONE', *, *, #73, .T. ) ;
#3349 = CARTESIAN_POINT ( 'NONE',  ( 1.213995572896999997, 0.1000599994510000118, 0.02963912214327999936 ) ) ;
#3350 = ORIENTED_EDGE ( 'NONE', *, *, #4190, .F. ) ;
#3351 = VERTEX_POINT ( 'NONE', #8618 ) ;
#3352 = B_SPLINE_CURVE_WITH_KNOTS ( 'NONE', 3,
 ( #9193, #4906, #309, #1212, #466, #7286, #3449, #2687, #5771, #5097, #7484 ),
 .UNSPECIFIED., .F., .F.,
 ( 4, 1, 1, 1, 1, 1, 1, 1, 4 ),
 ( 0.000000000000000000, 0.1250000000000000000, 0.2500000000000000000, 0.3750000000000000000, 0.5000000000000000000, 0.6250000000000000000, 0.7500000000000000000, 0.8750000000000000000, 1.000000000000000000 ),
 .UNSPECIFIED. ) ;
#3353 = CARTESIAN_POINT ( 'NONE',  ( 0.6102362204723996708, -0.3740157480314960647, 0.5314960629921000601 ) ) ;
#3354 = AXIS2_PLACEMENT_3D ( 'NONE', #7323, #3490, #1306 ) ;
#3355 = CARTESIAN_POINT ( 'NONE',  ( 1.126999126634999904, 0.1143104043314999846, -0.01337501878123000150 ) ) ;
#3356 = ADVANCED_FACE ( 'NONE', ( #4245 ), #4086, .T. ) ;
#3357 = EDGE_CURVE ( 'NONE', #4307, #5464, #9786, .T. ) ;
#3358 = CARTESIAN_POINT ( 'NONE',  ( 1.047973619356000086, 0.1124504196042999948, 0.03612382912791000517 ) ) ;
#3359 = ORIENTED_EDGE ( 'NONE', *, *, #1340, .T. ) ;
#3360 = DIRECTION ( 'NONE',  ( 1.000000000000000000, 0.000000000000000000, 0.000000000000000000 ) ) ;
#3361 = DIRECTION ( 'NONE',  ( -1.000000000000000000, 0.000000000000000000, 0.000000000000000000 ) ) ;
#3362 = CARTESIAN_POINT ( 'NONE',  ( 1.114580542588999856, 0.03224823098968999935, 0.09924984962000001076 ) ) ;
#3363 = DIRECTION ( 'NONE',  ( 1.000000000000000000, 1.216685423625999911E-09, 7.379922778544000683E-10 ) ) ;
#3364 = CYLINDRICAL_SURFACE ( 'NONE', #5156, 0.1574803149606000263 ) ;
#3365 = CIRCLE ( 'NONE', #1253, 0.1553113939094000751 ) ;
#3366 = CARTESIAN_POINT ( 'NONE',  ( 0.5802225801515999981, 0.1392168617171999911, 0.06219263214122992128 ) ) ;
#3367 = ORIENTED_EDGE ( 'NONE', *, *, #6774, .F. ) ;
#3368 = CARTESIAN_POINT ( 'NONE',  ( 1.260741959910999910, 0.08897936835737992045, -0.05452662705760000228 ) ) ;
#3369 = CARTESIAN_POINT ( 'NONE',  ( 1.106178951083999884, -0.02696220659357000116, 0.1003574225280999960 ) ) ;
#3370 = CARTESIAN_POINT ( 'NONE',  ( 1.226010253639999936, 0.09971518846662992541, 0.02953698447650000142 ) ) ;
#3371 = EDGE_CURVE ( 'NONE', #6379, #358, #1090, .T. ) ;
#3372 = DIRECTION ( 'NONE',  ( 1.000000000000000000, 0.000000000000000000, 0.000000000000000000 ) ) ;
#3373 = CARTESIAN_POINT ( 'NONE',  ( 1.089103073730000038, 0.01090832572257000033, -0.1037857865099000160 ) ) ;
#3374 = EDGE_CURVE ( 'NONE', #5252, #3133, #2051, .T. ) ;
#3375 = VERTEX_POINT ( 'NONE', #5596 ) ;
#3376 = CARTESIAN_POINT ( 'NONE',  ( 0.7362204724408996093, 0.000000000000000000, -0.1574803149606000263 ) ) ;
#3377 = CARTESIAN_POINT ( 'NONE',  ( 1.113969571224999955, 0.03213710222363000413, 0.09890783044617008912 ) ) ;
#3378 = CARTESIAN_POINT ( 'NONE',  ( 1.261318084387330174, 0.008187905214244858496, 0.1040372000125746460 ) ) ;
#3379 = B_SPLINE_CURVE_WITH_KNOTS ( 'NONE', 3,
 ( #8519, #7121, #4683, #1509, #7773, #7827 ),
 .UNSPECIFIED., .F., .F.,
 ( 4, 2, 4 ),
 ( 0.000000000000000000, 0.5000000000000000000, 1.000000000000000000 ),
 .UNSPECIFIED. ) ;
#3380 = CARTESIAN_POINT ( 'NONE',  ( 1.320796321220249814, 0.1181102362205000561, -0.01546059376766952508 ) ) ;
#3381 = CARTESIAN_POINT ( 'NONE',  ( 1.314413897581000024, 0.1148610764325999900, 0.03732062610835000516 ) ) ;
#3382 = CARTESIAN_POINT ( 'NONE',  ( 1.381889763779999836, -0.03163166084151999846, 0.09735224182548997407 ) ) ;
#3383 = EDGE_CURVE ( 'NONE', #6206, #5252, #7223, .T. ) ;
#3384 = CARTESIAN_POINT ( 'NONE',  ( 0.7294038258208996872, 0.1416066313676999922, -0.06479815626291003661 ) ) ;
#3385 = CARTESIAN_POINT ( 'NONE',  ( 1.159722296530999897, 0.08760497366872992131, 0.08313401587962007677 ) ) ;
#3386 = CARTESIAN_POINT ( 'NONE',  ( 0.5841804246273000212, 0.01574803149606000124, 0.1545109335357000291 ) ) ;
#3387 = CARTESIAN_POINT ( 'NONE',  ( 0.4921259842520000483, 0.4370078740156999597, -0.3543307086614000401 ) ) ;
#3388 = ORIENTED_EDGE ( 'NONE', *, *, #1822, .T. ) ;
#3389 = LINE ( 'NONE', #2624, #4000 ) ;
#3390 = AXIS2_PLACEMENT_3D ( 'NONE', #7918, #9534, #4934 ) ;
#3391 = CARTESIAN_POINT ( 'NONE',  ( 1.357034610830000210, -0.06602625533717991491, 0.08153563497254999459 ) ) ;
#3392 = CARTESIAN_POINT ( 'NONE',  ( 1.374199002567999983, -0.1095380766437999975, -0.05032399157903000297 ) ) ;
#3393 = EDGE_LOOP ( 'NONE', ( #1712, #9392, #2571, #4758, #8784, #5919, #1168, #9483, #6265, #2949, #7740, #6580, #9444, #2010, #3855, #1187, #3177, #7982, #2360, #308, #1763, #3333, #6561, #2785, #8086, #625, #5052 ) ) ;
#3394 = VERTEX_POINT ( 'NONE', #6459 ) ;
#3395 = ORIENTED_EDGE ( 'NONE', *, *, #3689, .F. ) ;
#3396 = EDGE_LOOP ( 'NONE', ( #992, #5178 ) ) ;
#3397 = DIRECTION ( 'NONE',  ( 0.000000000000000000, 1.000000000000000000, 0.000000000000000000 ) ) ;
#3398 = ORIENTED_EDGE ( 'NONE', *, *, #8524, .F. ) ;
#3399 = CARTESIAN_POINT ( 'NONE',  ( 0.4921259842520000483, 0.000000000000000000, 0.000000000000000000 ) ) ;
#3400 = CARTESIAN_POINT ( 'NONE',  ( 1.305695047962999844, -0.07379186162582992980, 0.07379198156927008201 ) ) ;
#3401 = ORIENTED_EDGE ( 'NONE', *, *, #7075, .T. ) ;
#3402 = AXIS2_PLACEMENT_3D ( 'NONE', #912, #2262, #7678 ) ;
#3403 = VERTEX_POINT ( 'NONE', #298 ) ;
#3404 = CARTESIAN_POINT ( 'NONE',  ( 0.5984251968503937480, 0.1126864528502000001, 0.04687529344016000410 ) ) ;
#3405 = CARTESIAN_POINT ( 'NONE',  ( 1.043451008087999954, 0.07299299283837991370, -0.08898201002104999535 ) ) ;
#3406 = CARTESIAN_POINT ( 'NONE',  ( 1.184288980617000053, 0.000000000000000000, -0.1181102362205000006 ) ) ;
#3407 = ORIENTED_EDGE ( 'NONE', *, *, #7256, .F. ) ;
#3408 = FACE_OUTER_BOUND ( 'NONE', #4739, .T. ) ;
#3409 = CARTESIAN_POINT ( 'NONE',  ( 1.067664532090000007, 0.1042144498681999987, 0.005461647631049000411 ) ) ;
#3410 = CARTESIAN_POINT ( 'NONE',  ( 1.240197095440999986, -0.03471519480617000358, -0.09803268593927992602 ) ) ;
#3411 = CARTESIAN_POINT ( 'NONE',  ( 0.7077439965388996335, 0.1766057430874999890, 0.08377911286510000832 ) ) ;
#3412 = CARTESIAN_POINT ( 'NONE',  ( 0.7360889429602007761, -0.1858376080624000171, 0.1002686453335999983 ) ) ;
#3413 = CIRCLE ( 'NONE', #5975, 0.1220472440944999765 ) ;
#3414 = VERTEX_POINT ( 'NONE', #8735 ) ;
#3415 = CARTESIAN_POINT ( 'NONE',  ( 1.241549046525999955, -0.09298318451212993219, 0.04737729888396000760 ) ) ;
#3416 = CARTESIAN_POINT ( 'NONE',  ( 1.059149707357999848, 0.04807691215304999571, 0.09838476492897008097 ) ) ;
#3417 = EDGE_CURVE ( 'NONE', #6094, #9353, #103, .T. ) ;
#3418 = CARTESIAN_POINT ( 'NONE',  ( 1.289986631592999977, -0.04962348393291000220, -0.09139508797118996164 ) ) ;
#3419 = CARTESIAN_POINT ( 'NONE',  ( 0.7261087826327008443, -0.1256086753131999967, -0.09061099274377992785 ) ) ;
#3421 = CARTESIAN_POINT ( 'NONE',  ( 1.104087436414000090, -0.002731760035867999720, 0.1043217069389999890 ) ) ;
#3420 = AXIS2_PLACEMENT_3D ( 'NONE', #4230, #3321, #2658 ) ;
#3422 = DIRECTION ( 'NONE',  ( 1.000000000000000000, 0.000000000000000000, 0.000000000000000000 ) ) ;
#3423 = CARTESIAN_POINT ( 'NONE',  ( 0.7244094488188976833, -0.1813108520207999952, -0.08649560877427991956 ) ) ;
#3424 = EDGE_LOOP ( 'NONE', ( #3603, #2578, #4895, #1967 ) ) ;
#3425 = DIRECTION ( 'NONE',  ( 1.000000000000000000, 0.000000000000000000, 0.000000000000000000 ) ) ;
#3426 = CARTESIAN_POINT ( 'NONE',  ( 1.156620489860999967, -0.02162236829341000061, 0.1017252449114000035 ) ) ;
#3427 = CARTESIAN_POINT ( 'NONE',  ( 1.278378451841330365, -0.04979576510420846702, -0.09171239041669886072 ) ) ;
#3428 = DIRECTION ( 'NONE',  ( 1.000000000000000000, 0.000000000000000000, 0.000000000000000000 ) ) ;
#3429 = EDGE_CURVE ( 'NONE', #2789, #3243, #9546, .T. ) ;
#3430 = EDGE_CURVE ( 'NONE', #1060, #3016, #2014, .T. ) ;
#3431 = ORIENTED_EDGE ( 'NONE', *, *, #8608, .F. ) ;
#3432 = CARTESIAN_POINT ( 'NONE',  ( 1.286690800467999996, -0.06840606100042008475, 0.09953143637152993273 ) ) ;
#3433 = VERTEX_POINT ( 'NONE', #6508 ) ;
#3434 = CARTESIAN_POINT ( 'NONE',  ( 1.075787430986364202, 0.01632510462536000684, 0.1030726540376999956 ) ) ;
#3435 = CARTESIAN_POINT ( 'NONE',  ( 1.562992125983999836, 0.000000000000000000, 0.1181102362205000006 ) ) ;
#3436 = CARTESIAN_POINT ( 'NONE',  ( 1.091480826715000019, -0.09183581231442994319, 0.07843519353157993312 ) ) ;
#3437 = CARTESIAN_POINT ( 'NONE',  ( 0.7256451598022993776, 0.01570488640450999965, -0.2006738519939000320 ) ) ;
#3438 = AXIS2_PLACEMENT_3D ( 'NONE', #7525, #2257, #6958 ) ;
#3439 = CARTESIAN_POINT ( 'NONE',  ( 0.7280600717204999128, -0.1669210694110000448, -0.1138883778692999921 ) ) ;
#3440 = ORIENTED_EDGE ( 'NONE', *, *, #8661, .T. ) ;
#3441 = DIRECTION ( 'NONE',  ( 1.000000000000000000, 0.000000000000000000, 0.000000000000000000 ) ) ;
#3442 = ADVANCED_FACE ( 'NONE', ( #1910 ), #8072, .T. ) ;
#3443 = CARTESIAN_POINT ( 'NONE',  ( 1.364263941539000324, -0.1012918731321000021, -0.02734012804704000210 ) ) ;
#3444 = DIRECTION ( 'NONE',  ( 0.000000000000000000, 0.000000000000000000, -1.000000000000000000 ) ) ;
#3445 = CARTESIAN_POINT ( 'NONE',  ( 0.7334686179297008612, 0.01157818479516000039, 0.1563464199078999917 ) ) ;
#3446 = ORIENTED_EDGE ( 'NONE', *, *, #7622, .T. ) ;
#3447 = ORIENTED_EDGE ( 'NONE', *, *, #5059, .T. ) ;
#3448 = ORIENTED_EDGE ( 'NONE', *, *, #6075, .F. ) ;
#3449 = CARTESIAN_POINT ( 'NONE',  ( 0.7346171346687991877, 0.1842739199017000007, 0.09485456890592008916 ) ) ;
#3450 = VERTEX_POINT ( 'NONE', #9733 ) ;
#3451 = DIRECTION ( 'NONE',  ( -1.000000000000000000, 0.000000000000000000, 0.000000000000000000 ) ) ;
#3453 = VERTEX_POINT ( 'NONE', #4381 ) ;
#3452 = B_SPLINE_CURVE_WITH_KNOTS ( 'NONE', 3,
 ( #2144, #8928, #9723, #3473, #8977, #2040 ),
 .UNSPECIFIED., .F., .F.,
 ( 4, 1, 1, 4 ),
 ( 0.000000000000000000, 0.3333333333333000081, 0.6666666666667000474, 1.000000000000000000 ),
 .UNSPECIFIED. ) ;
#3454 = DIRECTION ( 'NONE',  ( -1.000000000000000000, 0.000000000000000000, 0.000000000000000000 ) ) ;
#3455 = CARTESIAN_POINT ( 'NONE',  ( 1.295032318304000007, 0.08279234551820000010, 0.06352880097637007839 ) ) ;
#3456 = EDGE_CURVE ( 'NONE', #8527, #3812, #703, .T. ) ;
#3457 = CARTESIAN_POINT ( 'NONE',  ( 1.345916297819000240, -0.1117971352213000119, -0.03017564882284999930 ) ) ;
#3458 = CARTESIAN_POINT ( 'NONE',  ( 1.068515443651999908, -0.1150534515050999906, 0.002909117149336000289 ) ) ;
#3459 = DIRECTION ( 'NONE',  ( 1.000000000000000000, 0.000000000000000000, 0.000000000000000000 ) ) ;
#3460 = CARTESIAN_POINT ( 'NONE',  ( 1.116769629681999998, -0.06777475368537008715, 0.07935404094590001178 ) ) ;
#3461 = CARTESIAN_POINT ( 'NONE',  ( 1.272185284417999940, -0.1038553219600999999, -0.005442826790652000035 ) ) ;
#3462 = CARTESIAN_POINT ( 'NONE',  ( 0.8464566929133995332, 0.09399477469537993735, -0.1751968503937007815 ) ) ;
#3463 = LINE ( 'NONE', #1178, #6200 ) ;
#3464 = CARTESIAN_POINT ( 'NONE',  ( 1.233018862799000193, 0.02700970012306000076, 0.1008015731564999989 ) ) ;
#3465 = CARTESIAN_POINT ( 'NONE',  ( 1.080036736995000135, -0.02843751844520999925, -0.1057462008449999991 ) ) ;
#3466 = LINE ( 'NONE', #7301, #8167 ) ;
#3467 = CARTESIAN_POINT ( 'NONE',  ( 1.051261663294363213, 0.07960313505294622227, 0.08813054283029611580 ) ) ;
#3468 = AXIS2_PLACEMENT_3D ( 'NONE', #5703, #4187, #2669 ) ;
#3469 = CARTESIAN_POINT ( 'NONE',  ( 0.5790964197264000246, -0.1372970092350000171, -0.06108420479382992152 ) ) ;
#3470 = CARTESIAN_POINT ( 'NONE',  ( 1.052906334051999959, 0.1000599975330000030, -0.02963912128933999732 ) ) ;
#3471 = CARTESIAN_POINT ( 'NONE',  ( 0.01181102362204999867, 0.000000000000000000, -0.1003937007873999948 ) ) ;
#3472 = ORIENTED_EDGE ( 'NONE', *, *, #7673, .F. ) ;
#3473 = CARTESIAN_POINT ( 'NONE',  ( 0.6285072769383996949, -0.1384732756477000115, -0.09813184341767991481 ) ) ;
#3474 = CARTESIAN_POINT ( 'NONE',  ( 0.5787401574803000548, 0.01574803149606000124, -0.1474010638049000066 ) ) ;
#3475 = AXIS2_PLACEMENT_3D ( 'NONE', #8917, #9664, #8709 ) ;
#3476 = VECTOR ( 'NONE', #2715, 39.37007874015748143 ) ;
#3477 = CARTESIAN_POINT ( 'NONE',  ( 1.082582943871999603, 0.05948255673673389504, 0.1032031167347791933 ) ) ;
#3478 = CARTESIAN_POINT ( 'NONE',  ( 1.123945927519249821, 0.1181102362205000561, -0.01546059376766952508 ) ) ;
#3479 = EDGE_CURVE ( 'NONE', #7236, #3394, #1182, .T. ) ;
#3480 = CARTESIAN_POINT ( 'NONE',  ( 1.222714422514999955, -0.02200896399188000119, -0.1187497432073000014 ) ) ;
#3481 = AXIS2_PLACEMENT_3D ( 'NONE', #2239, #8405, #1487 ) ;
#3482 = B_SPLINE_CURVE_WITH_KNOTS ( 'NONE', 3,
 ( #5510, #2587, #1679, #2479, #4757, #7850, #934, #6479, #6432, #2384, #4014, #7095, #8643, #4811, #7142, #2024, #8963, #7495 ),
 .UNSPECIFIED., .F., .F.,
 ( 4, 2, 2, 2, 2, 2, 2, 2, 4 ),
 ( 0.000000000000000000, 0.1250000000000000000, 0.2500000000000000000, 0.3750000000000000000, 0.5000000000000000000, 0.6250000000000000000, 0.7500000000000000000, 0.8750000000000000000, 1.000000000000000000 ),
 .UNSPECIFIED. ) ;
#3483 = EDGE_CURVE ( 'NONE', #2133, #6094, #7580, .T. ) ;
#3484 = CARTESIAN_POINT ( 'NONE',  ( 1.141896354870364227, 0.08600372205772992273, -0.05910872053913997226 ) ) ;
#3485 = EDGE_CURVE ( 'NONE', #6520, #4853, #5770, .T. ) ;
#3486 = CARTESIAN_POINT ( 'NONE',  ( 0.9842519685038996213, 0.09595320950357008605, 0.1830708661417000116 ) ) ;
#3487 = CARTESIAN_POINT ( 'NONE',  ( 1.192809095881999903, 0.1112560823185000103, 0.02981088049912000021 ) ) ;
#3488 = DIRECTION ( 'NONE',  ( 0.000000000000000000, -0.9997541118987406383, -0.02217466440694088742 ) ) ;
#3489 = PLANE ( 'NONE',  #8014 ) ;
#3490 = DIRECTION ( 'NONE',  ( 1.000000000000000000, 0.000000000000000000, 0.000000000000000000 ) ) ;
#3491 = DIRECTION ( 'NONE',  ( 1.000000000000000000, 0.000000000000000000, 0.000000000000000000 ) ) ;
#3492 = CARTESIAN_POINT ( 'NONE',  ( 0.6104330708661004357, -0.3543307086614000401, -0.3543307086614000401 ) ) ;
#3493 = CARTESIAN_POINT ( 'NONE',  ( 0.5830288430312999814, -0.1255515097148000025, -0.09067145837793995355 ) ) ;
#3494 = EDGE_CURVE ( 'NONE', #7686, #2185, #3688, .T. ) ;
#3495 = CARTESIAN_POINT ( 'NONE',  ( 0.6102362204723996708, -0.4370078740156999597, -0.3543307086614000401 ) ) ;
#3496 = AXIS2_PLACEMENT_3D ( 'NONE', #4591, #6155, #2267 ) ;
#3497 = CARTESIAN_POINT ( 'NONE',  ( 1.387239870160000166, 0.1140762594697000004, -0.01425916743656000310 ) ) ;
#3498 = EDGE_CURVE ( 'NONE', #6547, #159, #5121, .T. ) ;
#3499 = ORIENTED_EDGE ( 'NONE', *, *, #10006, .T. ) ;
#3500 = ORIENTED_EDGE ( 'NONE', *, *, #4278, .T. ) ;
#3501 = VERTEX_POINT ( 'NONE', #5803 ) ;
#3502 = ORIENTED_EDGE ( 'NONE', *, *, #4103, .T. ) ;
#3503 = FACE_BOUND ( 'NONE', #4062, .T. ) ;
#3504 = ORIENTED_EDGE ( 'NONE', *, *, #2316, .T. ) ;
#3505 = DIRECTION ( 'NONE',  ( 1.000000000000000000, 0.000000000000000000, 0.000000000000000000 ) ) ;
#3506 = VERTEX_POINT ( 'NONE', #1252 ) ;
#3507 = DIRECTION ( 'NONE',  ( -1.000000000000000000, 0.000000000000000000, 0.000000000000000000 ) ) ;
#3508 = CARTESIAN_POINT ( 'NONE',  ( 1.299297410167000066, 0.02436176678408999777, 0.1014740604109000133 ) ) ;
#3509 = AXIS2_PLACEMENT_3D ( 'NONE', #2902, #6699, #5175 ) ;
#3510 = ORIENTED_EDGE ( 'NONE', *, *, #7685, .F. ) ;
#3511 = CARTESIAN_POINT ( 'NONE',  ( 1.373180548336000006, 0.06247595320421004544, 0.09075034208319998630 ) ) ;
#3512 = CIRCLE ( 'NONE', #7044, 0.1574803149605999708 ) ;
#3513 = CARTESIAN_POINT ( 'NONE',  ( 1.147886156271999969, -0.1147636366672000058, -0.008664142468288997534 ) ) ;
#3514 = CARTESIAN_POINT ( 'NONE',  ( 0.5787401574803000548, 0.000000000000000000, 0.000000000000000000 ) ) ;
#3515 = VECTOR ( 'NONE', #8403, 39.37007874015748143 ) ;
#3516 = DIRECTION ( 'NONE',  ( 0.000000000000000000, 1.000000000000000000, 0.000000000000000000 ) ) ;
#3517 = CARTESIAN_POINT ( 'NONE',  ( 1.095444170364000103, 0.04492704785243999827, -0.09419151460094998818 ) ) ;
#3518 = CARTESIAN_POINT ( 'NONE',  ( 1.210341452396999973, 0.09608148263394998556, -0.03979825319989999111 ) ) ;
#3519 = CARTESIAN_POINT ( 'NONE',  ( 0.6498031496062991463, -0.3740157480314960647, 0.3740157480314960647 ) ) ;
#3520 = CARTESIAN_POINT ( 'NONE',  ( 1.262621165134000245, -0.06207203992786004126, 0.09031537852314999726 ) ) ;
#3521 = CARTESIAN_POINT ( 'NONE',  ( 1.299127786682999997, 0.07935404094582007573, -0.06777475368613995743 ) ) ;
#3522 = CARTESIAN_POINT ( 'NONE',  ( 1.109278578486000200, -0.1043400261569999987, 0.03322815658491000412 ) ) ;
#3523 = AXIS2_PLACEMENT_3D ( 'NONE', #8387, #3710, #1468 ) ;
#3524 = CARTESIAN_POINT ( 'NONE',  ( 1.007949306638000087, -0.09147134244894999933, -0.1652790034751999981 ) ) ;
#3525 = LINE ( 'NONE', #8921, #6201 ) ;
#3526 = DIRECTION ( 'NONE',  ( -1.000000000000000000, 0.000000000000000000, 0.000000000000000000 ) ) ;
#3527 = CARTESIAN_POINT ( 'NONE',  ( 1.168063814366999909, 0.07569823074892008397, -0.07183493912152008609 ) ) ;
#3528 = DIRECTION ( 'NONE',  ( 0.000000000000000000, -0.7942696459338213222, -0.6075654117444163616 ) ) ;
#3529 = VERTEX_POINT ( 'NONE', #6769 ) ;
#3530 = DIRECTION ( 'NONE',  ( -1.000000000000000000, 0.000000000000000000, 0.000000000000000000 ) ) ;
#3531 = CARTESIAN_POINT ( 'NONE',  ( 1.056390831068000136, -0.008159947862343995550, -0.1036770916495999978 ) ) ;
#3532 = CARTESIAN_POINT ( 'NONE',  ( 1.216534619820329732, 0.08442812659520031182, 0.06134062453123890341 ) ) ;
#3533 = ADVANCED_FACE ( 'NONE', ( #7371 ), #2530, .F. ) ;
#3534 = CARTESIAN_POINT ( 'NONE',  ( 1.173978735917999838, 0.000000000000000000, 0.1181102362205000006 ) ) ;
#3535 = CARTESIAN_POINT ( 'NONE',  ( 1.236608308481000007, 0.06523905046413995545, 0.09492340744733997193 ) ) ;
#3536 = AXIS2_PLACEMENT_3D ( 'NONE', #2148, #1297, #5233 ) ;
#3537 = CARTESIAN_POINT ( 'NONE',  ( 0.7261087826327008443, -0.01566708392163000327, 0.1540858001287999934 ) ) ;
#3538 = CARTESIAN_POINT ( 'NONE',  ( 1.126700171998000100, -0.07480386202822007780, 0.08758406939927991519 ) ) ;
#3539 = CARTESIAN_POINT ( 'NONE',  ( 1.045233274512999966, -0.04308208645362000128, -0.1103107477802999919 ) ) ;
#3540 = CARTESIAN_POINT ( 'NONE',  ( 0.6102362204723996708, -0.3543307086614000401, -0.3543307086614000401 ) ) ;
#3541 = DIRECTION ( 'NONE',  ( -1.000000000000000000, 0.000000000000000000, 0.000000000000000000 ) ) ;
#3542 = FACE_OUTER_BOUND ( 'NONE', #8952, .T. ) ;
#3543 = DIRECTION ( 'NONE',  ( 1.000000000000000000, 0.000000000000000000, -1.040834085586123763E-13 ) ) ;
#3544 = ADVANCED_FACE ( 'NONE', ( #2109 ), #5194, .F. ) ;
#3545 = DIRECTION ( 'NONE',  ( 0.000000000000000000, 0.9997541118987406383, 0.02217466440694089089 ) ) ;
#3546 = CARTESIAN_POINT ( 'NONE',  ( 1.255999733293999610, -0.05948255673673431138, 0.1032031167347789297 ) ) ;
#3547 = CARTESIAN_POINT ( 'NONE',  ( 1.336591904280999943, -0.03979103314495999882, -0.1078583144272000083 ) ) ;
#3548 = EDGE_LOOP ( 'NONE', ( #410, #6948, #9143, #8758 ) ) ;
#3549 = ORIENTED_EDGE ( 'NONE', *, *, #2742, .T. ) ;
#3550 = ORIENTED_EDGE ( 'NONE', *, *, #9470, .T. ) ;
#3551 = CARTESIAN_POINT ( 'NONE',  ( 1.199743397555999902, 0.05495946621102000551, -0.1012227447793999924 ) ) ;
#3552 = VERTEX_POINT ( 'NONE', #1356 ) ;
#3553 = ORIENTED_EDGE ( 'NONE', *, *, #898, .T. ) ;
#3554 = DIRECTION ( 'NONE',  ( 0.000000000000000000, 0.000000000000000000, 1.000000000000000000 ) ) ;
#3555 = ORIENTED_EDGE ( 'NONE', *, *, #8777, .T. ) ;
#3556 = CARTESIAN_POINT ( 'NONE',  ( 0.8188976377952992269, 0.000000000000000000, 0.000000000000000000 ) ) ;
#3557 = CARTESIAN_POINT ( 'NONE',  ( 1.231055940350999967, -0.1034646750344000027, 0.01362138288035000082 ) ) ;
#3558 = EDGE_CURVE ( 'NONE', #9098, #897, #8666, .T. ) ;
#3559 = CARTESIAN_POINT ( 'NONE',  ( 1.375590325239000045, 0.02386553225745000062, 0.1075609111852000033 ) ) ;
#3560 = VECTOR ( 'NONE', #3871, 39.37007874015748854 ) ;
#3561 = CARTESIAN_POINT ( 'NONE',  ( 1.154152265163000068, -0.05471374658356999848, -0.1012529782290999963 ) ) ;
#3562 = CARTESIAN_POINT ( 'NONE',  ( 0.5787401574803000548, 0.1197790500519000101, 0.08733872723765000179 ) ) ;
#3563 = CARTESIAN_POINT ( 'NONE',  ( 1.131697451204000116, -0.005461647859861000140, -0.1042144493542999928 ) ) ;
#3564 = CARTESIAN_POINT ( 'NONE',  ( 1.287113105940000279, 0.07908058356902993025, -0.06754119902232992578 ) ) ;
#3565 = CARTESIAN_POINT ( 'NONE',  ( 0.5393700787402000429, 0.000000000000000000, -0.1417322834646000118 ) ) ;
#3566 = CARTESIAN_POINT ( 'NONE',  ( 1.232765522088999921, -0.09344020400132992121, -0.05726023065597000972 ) ) ;
#3567 = CARTESIAN_POINT ( 'NONE',  ( 1.194633036027000106, 0.01090832490354999920, 0.1037857943025000118 ) ) ;
#3568 = ORIENTED_EDGE ( 'NONE', *, *, #7924, .T. ) ;
#3569 = CARTESIAN_POINT ( 'NONE',  ( 1.119722093305000055, -0.02308304053349000129, -0.1070426302377000122 ) ) ;
#3570 = AXIS2_PLACEMENT_3D ( 'NONE', #5623, #9565, #7247 ) ;
#3571 = DIRECTION ( 'NONE',  ( 1.000000000000000000, 0.000000000000000000, 0.000000000000000000 ) ) ;
#3572 = CARTESIAN_POINT ( 'NONE',  ( 0.9799168807595000086, -0.09419677740597007243, 0.1760013734404000108 ) ) ;
#3573 = CYLINDRICAL_SURFACE ( 'NONE', #6738, 0.1574803149606000263 ) ;
#3574 = CARTESIAN_POINT ( 'NONE',  ( 0.5837863042420000648, -0.1415729062393999982, -0.06355289508037008372 ) ) ;
#3575 = CARTESIAN_POINT ( 'NONE',  ( 1.087027068960000120, 0.04492704785243999827, -0.09419151460094998818 ) ) ;
#3576 = EDGE_CURVE ( 'NONE', #7786, #7792, #2612, .T. ) ;
#3577 = CARTESIAN_POINT ( 'NONE',  ( 0.8661417806943997322, -1.836731331333000290E-08, 1.139381370957000107E-07 ) ) ;
#3578 = AXIS2_PLACEMENT_3D ( 'NONE', #7658, #742, #2289 ) ;
#3579 = DIRECTION ( 'NONE',  ( 0.000000000000000000, 0.8108637408136091240, 0.5852349902678070093 ) ) ;
#3580 = PLANE ( 'NONE',  #6709 ) ;
#3581 = CARTESIAN_POINT ( 'NONE',  ( 0.9999994263157997443, 0.1489148699297785372, -0.1299458107934414741 ) ) ;
#3582 = CARTESIAN_POINT ( 'NONE',  ( 1.119024667676750129, 0.07258425826477091225, -0.09444883965335025555 ) ) ;
#3583 = CARTESIAN_POINT ( 'NONE',  ( 1.274994135252000005, 0.07928514195874998560, 0.08354910682621004281 ) ) ;
#3584 = VERTEX_POINT ( 'NONE', #2058 ) ;
#3585 = CONICAL_SURFACE ( 'NONE', #174, 0.1397637795276000239, 0.2516899717581221885 ) ;
#3586 = CARTESIAN_POINT ( 'NONE',  ( 0.7362204724408996093, -0.004479637489867000118, 0.1574175246887000168 ) ) ;
#3587 = CARTESIAN_POINT ( 'NONE',  ( 1.088314345226000013, -0.08758406939933995050, 0.07480386202824999831 ) ) ;
#3588 = LINE ( 'NONE', #6668, #6434 ) ;
#3589 = ORIENTED_EDGE ( 'NONE', *, *, #652, .T. ) ;
#3590 = CARTESIAN_POINT ( 'NONE',  ( 0.7346171654644999549, -0.009990447326574999204, 0.2070132290736000358 ) ) ;
#3591 = DIRECTION ( 'NONE',  ( 0.000000000000000000, -1.000000000000000000, 0.000000000000000000 ) ) ;
#3592 = CARTESIAN_POINT ( 'NONE',  ( 1.128950279480488872, 0.07389964024406613097, -0.07356970896912345959 ) ) ;
#3593 = CARTESIAN_POINT ( 'NONE',  ( 1.340166172510000031, 0.09489640704855001330, -0.04474592824854000533 ) ) ;
#3594 = CARTESIAN_POINT ( 'NONE',  ( 0.5787401574803000548, -0.01574803149606000124, -0.1210269775506999934 ) ) ;
#3595 = CARTESIAN_POINT ( 'NONE',  ( 1.337477260063000051, 0.03161522078620000731, -0.1047146633181000042 ) ) ;
#3596 = DIRECTION ( 'NONE',  ( 0.000000000000000000, -0.9997541118987405273, -0.02217466440694093946 ) ) ;
#3597 = ORIENTED_EDGE ( 'NONE', *, *, #6667, .F. ) ;
#3598 = CARTESIAN_POINT ( 'NONE',  ( 1.191213213829000139, -0.08758406939918995937, -0.07480386202907007842 ) ) ;
#3599 = ORIENTED_EDGE ( 'NONE', *, *, #5149, .F. ) ;
#3600 = ORIENTED_EDGE ( 'NONE', *, *, #4831, .T. ) ;
#3601 = ORIENTED_EDGE ( 'NONE', *, *, #1873, .F. ) ;
#3602 = DIRECTION ( 'NONE',  ( 1.000000000000000000, 0.000000000000000000, 0.000000000000000000 ) ) ;
#3603 = ORIENTED_EDGE ( 'NONE', *, *, #955, .T. ) ;
#3604 = CARTESIAN_POINT ( 'NONE',  ( -0.8092125984251968829, 0.3740157480314960647, 0.3740157480314960647 ) ) ;
#3605 = CARTESIAN_POINT ( 'NONE',  ( 0.8405511810737993361, 0.000000000000000000, 0.000000000000000000 ) ) ;
#3606 = CARTESIAN_POINT ( 'NONE',  ( 1.126054072480750401, -0.01546059376766992927, 0.1181102362204999867 ) ) ;
#3607 = AXIS2_PLACEMENT_3D ( 'NONE', #883, #1676, #7796 ) ;
#3608 = CARTESIAN_POINT ( 'NONE',  ( 1.377243397555999893, -0.05913193458526003893, 0.09626811451843997336 ) ) ;
#3609 = CARTESIAN_POINT ( 'NONE',  ( 1.128010051074000097, 0.1028671993503999932, 0.06309783507178995388 ) ) ;
#3610 = CARTESIAN_POINT ( 'NONE',  ( 1.060118206011855913, -5.052631651179555111E-08, -0.1076110395008140347 ) ) ;
#3611 = B_SPLINE_CURVE_WITH_KNOTS ( 'NONE', 3,
 ( #7432, #2981, #8998, #5994, #1413, #4387, #7528 ),
 .UNSPECIFIED., .F., .F.,
 ( 4, 1, 1, 1, 4 ),
 ( 0.000000000000000000, 0.01026052451028407024, 0.09338386724972909392, 0.1765072099891741020, 0.1923249450698347185 ),
 .UNSPECIFIED. ) ;
#3612 = EDGE_CURVE ( 'NONE', #4145, #4207, #5085, .T. ) ;
#3613 = EDGE_CURVE ( 'NONE', #2657, #3016, #1408, .T. ) ;
#3614 = CARTESIAN_POINT ( 'NONE',  ( 1.054925797661000031, 0.02700979982167000040, -0.1008016175451000029 ) ) ;
#3615 = CARTESIAN_POINT ( 'NONE',  ( 1.174799020200999911, 0.1002409750077000034, 0.02217210234184000331 ) ) ;
#3616 = DIRECTION ( 'NONE',  ( 0.000000000000000000, -1.000000000000000000, 0.000000000000000000 ) ) ;
#3617 = CARTESIAN_POINT ( 'NONE',  ( 1.251958435474999964, 0.09764474495492007911, 0.04975248256393000057 ) ) ;
#3618 = CARTESIAN_POINT ( 'NONE',  ( 1.205352306847000010, -0.07935404094582007573, -0.06777475368613995743 ) ) ;
#3619 = VERTEX_POINT ( 'NONE', #7808 ) ;
#3620 = CARTESIAN_POINT ( 'NONE',  ( 1.069593222177000147, -0.1025367701988999930, 0.03843386795096000175 ) ) ;
#3621 = DIRECTION ( 'NONE',  ( 1.000000000000000000, 0.000000000000000000, 0.000000000000000000 ) ) ;
#3622 = ADVANCED_FACE ( 'NONE', ( #220 ), #9133, .F. ) ;
#3623 = CARTESIAN_POINT ( 'NONE',  ( 0.6181102362204999867, 0.000000000000000000, 0.000000000000000000 ) ) ;
#3624 = ORIENTED_EDGE ( 'NONE', *, *, #7327, .F. ) ;
#3625 = CARTESIAN_POINT ( 'NONE',  ( 1.072099247438000003, -0.09742608914447992152, 0.03739837169672000083 ) ) ;
#3626 = ORIENTED_EDGE ( 'NONE', *, *, #1857, .F. ) ;
#3627 = DIRECTION ( 'NONE',  ( 1.000000000000000000, 0.000000000000000000, 0.000000000000000000 ) ) ;
#3628 = CYLINDRICAL_SURFACE ( 'NONE', #6529, 0.08267716535433068670 ) ;
#3629 = CARTESIAN_POINT ( 'NONE',  ( 0.7344566991169999559, -0.1305921501842000065, 0.08719972292206004671 ) ) ;
#3630 = FACE_OUTER_BOUND ( 'NONE', #717, .T. ) ;
#3631 = FACE_OUTER_BOUND ( 'NONE', #3239, .T. ) ;
#3632 = CARTESIAN_POINT ( 'NONE',  ( 1.249403584071000273, -0.1141952844564999986, 0.01503409441140000045 ) ) ;
#3633 = AXIS2_PLACEMENT_3D ( 'NONE', #5199, #707, #9842 ) ;
#3634 = VERTEX_POINT ( 'NONE', #8600 ) ;
#3635 = CARTESIAN_POINT ( 'NONE',  ( 0.9763779527559055538, -0.09399477469537993735, -0.1751968503937007815 ) ) ;
#3636 = CARTESIAN_POINT ( 'NONE',  ( 1.090446891158000087, -0.1075304200166000007, 0.04127706091664000432 ) ) ;
#3637 = CARTESIAN_POINT ( 'NONE',  ( 1.286815227336749468, -0.07258425826477070408, 0.09444883965335036657 ) ) ;
#3638 = FACE_OUTER_BOUND ( 'NONE', #8476, .T. ) ;
#3639 = DIRECTION ( 'NONE',  ( -1.000000000000000000, 0.000000000000000000, 0.000000000000000000 ) ) ;
#3640 = CARTESIAN_POINT ( 'NONE',  ( 1.141482497262488849, 0.03613845512129798543, 0.09781447217794317361 ) ) ;
#3641 = VECTOR ( 'NONE', #9460, 39.37007874015748143 ) ;
#3642 = CARTESIAN_POINT ( 'NONE',  ( 1.344985726316000108, 0.09930460926623997653, 0.03385440507488000211 ) ) ;
#3643 = CARTESIAN_POINT ( 'NONE',  ( 0.7077439965388996335, -0.1608577115915000022, 0.1110555035354999914 ) ) ;
#3644 = CARTESIAN_POINT ( 'NONE',  ( 1.359762365050000144, -0.07114751692377992154, 0.08308257176443996361 ) ) ;
#3645 = CARTESIAN_POINT ( 'NONE',  ( 1.179720205734249738, -0.09444883965335044984, 0.07258425826477060694 ) ) ;
#3646 = CARTESIAN_POINT ( 'NONE',  ( 1.182683030102000155, -0.09137897010863996194, 0.07011754974597009249 ) ) ;
#3647 = EDGE_LOOP ( 'NONE', ( #3348, #8641, #6116, #777 ) ) ;
#3648 = CARTESIAN_POINT ( 'NONE',  ( 0.7344555622518996740, -0.1408138241050000128, 0.06949443705718995334 ) ) ;
#3649 = ORIENTED_EDGE ( 'NONE', *, *, #1460, .F. ) ;
#3650 = ORIENTED_EDGE ( 'NONE', *, *, #6704, .T. ) ;
#3651 = CARTESIAN_POINT ( 'NONE',  ( 0.7308438118074999101, 0.1687570688109999995, 0.1134668762856999996 ) ) ;
#3652 = ORIENTED_EDGE ( 'NONE', *, *, #9419, .F. ) ;
#3653 = CARTESIAN_POINT ( 'NONE',  ( 1.562992125983999836, 0.000000000000000000, 0.000000000000000000 ) ) ;
#3654 = LINE ( 'NONE', #2943, #2873 ) ;
#3655 = CARTESIAN_POINT ( 'NONE',  ( 0.6104330708661004357, 0.3543307086614000401, -0.3543307086614000401 ) ) ;
#3656 = CARTESIAN_POINT ( 'NONE',  ( 1.143278481929500323, -0.03091510445189051687, -0.1150361429136075309 ) ) ;
#3657 = CARTESIAN_POINT ( 'NONE',  ( 1.353145628527000266, -0.01769547594217000044, -0.1144379279603000149 ) ) ;
#3658 = CARTESIAN_POINT ( 'NONE',  ( 1.167695407383000150, 0.09956317545301003602, 0.06819192073857008318 ) ) ;
#3659 = CARTESIAN_POINT ( 'NONE',  ( 1.274512077730082682, 0.1150361429136073088, 0.03091510445189112749 ) ) ;
#3660 = ORIENTED_EDGE ( 'NONE', *, *, #2977, .T. ) ;
#3661 = CARTESIAN_POINT ( 'NONE',  ( 1.114637083750000146, -0.03739837169672000083, 0.09742608914448995516 ) ) ;
#3662 = AXIS2_PLACEMENT_3D ( 'NONE', #6785, #9099, #6730 ) ;
#3663 = CARTESIAN_POINT ( 'NONE',  ( -0.02572414464757000196, 0.000000000000000000, 0.000000000000000000 ) ) ;
#3664 = CARTESIAN_POINT ( 'NONE',  ( 1.237340495822999875, -0.09298318451212993219, 0.04737729888396000760 ) ) ;
#3665 = ORIENTED_EDGE ( 'NONE', *, *, #60, .F. ) ;
#3666 = CARTESIAN_POINT ( 'NONE',  ( 0.8188976377952992269, 0.000000000000000000, 0.000000000000000000 ) ) ;
#3667 = DIRECTION ( 'NONE',  ( -1.000000000000000000, -4.627280929528999923E-10, 2.933436562459999884E-13 ) ) ;
#3668 = EDGE_CURVE ( 'NONE', #56, #1641, #811, .T. ) ;
#3669 = CIRCLE ( 'NONE', #3682, 0.1574803149606000263 ) ;
#3670 = ADVANCED_FACE ( 'NONE', ( #5520, #2438 ), #9886, .T. ) ;
#3671 = AXIS2_PLACEMENT_3D ( 'NONE', #3540, #4334, #2878 ) ;
#3672 = DIRECTION ( 'NONE',  ( 0.000000000000000000, 1.000000000000000000, 0.000000000000000000 ) ) ;
#3673 = ORIENTED_EDGE ( 'NONE', *, *, #6382, .T. ) ;
#3674 = CARTESIAN_POINT ( 'NONE',  ( 0.7277987937948995345, 0.1262055392388000130, -0.09052581345543996016 ) ) ;
#3675 = CARTESIAN_POINT ( 'NONE',  ( 0.9833987724170001332, 0.09505360061837007934, -0.1794332257083000315 ) ) ;
#3676 = ORIENTED_EDGE ( 'NONE', *, *, #3110, .F. ) ;
#3677 = CARTESIAN_POINT ( 'NONE',  ( 0.5511811023418999866, 3.353072384753999932E-11, -0.1535433070662999833 ) ) ;
#3678 = ADVANCED_FACE ( 'NONE', ( #6229 ), #6388, .T. ) ;
#3679 = CARTESIAN_POINT ( 'NONE',  ( 0.5837862971707000748, 0.01574803149606000124, -0.1543821785210000019 ) ) ;
#3680 = VECTOR ( 'NONE', #1530, 39.37007874015748143 ) ;
#3681 = CARTESIAN_POINT ( 'NONE',  ( 1.229329895410391948, -0.09298446404015088540, 0.04737795083605902957 ) ) ;
#3682 = AXIS2_PLACEMENT_3D ( 'NONE', #8570, #7127, #3187 ) ;
#3683 = CARTESIAN_POINT ( 'NONE',  ( 0.7244094488188976833, -1.917212598425000136, -1.111449274906000095 ) ) ;
#3684 = ADVANCED_FACE ( 'NONE', ( #6037 ), #7042, .F. ) ;
#3685 = CARTESIAN_POINT ( 'NONE',  ( 1.169604282724666433, 0.07690747405743671161, 0.09197940250215756730 ) ) ;
#3686 = CARTESIAN_POINT ( 'NONE',  ( 1.211017757300000053, -0.1151412015239999947, -0.003015078484400999809 ) ) ;
#3687 = ADVANCED_FACE ( 'NONE', ( #3216 ), #8548, .F. ) ;
#3688 = CIRCLE ( 'NONE', #8023, 0.1003937007873999948 ) ;
#3689 = EDGE_CURVE ( 'NONE', #1115, #255, #1687, .T. ) ;
#3690 = CARTESIAN_POINT ( 'NONE',  ( 0.7294037235237007533, -0.01468651514043000164, 0.1550339872704999677 ) ) ;
#3691 = CARTESIAN_POINT ( 'NONE',  ( 1.107507258612000056, 0.08144503357134999511, -0.08144503357134999511 ) ) ;
#3692 = CARTESIAN_POINT ( 'NONE',  ( 1.295837537047999755, -0.1032031167347788880, -0.05948255673673442240 ) ) ;
#3693 = VECTOR ( 'NONE', #8840, 39.37007874015748143 ) ;
#3694 = CIRCLE ( 'NONE', #1579, 0.1181102362205000006 ) ;
#3695 = CARTESIAN_POINT ( 'NONE',  ( 0.7322039835687007558, -0.01286853839508000051, 0.2039691127407000093 ) ) ;
#3696 = CARTESIAN_POINT ( 'NONE',  ( 0.6102362204723996708, 0.2755905511811023723, 0.000000000000000000 ) ) ;
#3697 = CONICAL_SURFACE ( 'NONE', #3031, 0.1786918365619999949, 0.3142318990842197790 ) ;
#3698 = DIRECTION ( 'NONE',  ( -3.741852747791309551E-13, -1.580755318309003182E-11, -1.000000000000000000 ) ) ;
#3699 = CARTESIAN_POINT ( 'NONE',  ( 1.348006506322000142, 0.009271783374325000271, 0.1045062686985000072 ) ) ;
#3700 = DIRECTION ( 'NONE',  ( -1.000000000000000000, 0.000000000000000000, 0.000000000000000000 ) ) ;
#3701 = CARTESIAN_POINT ( 'NONE',  ( 1.371917876861000085, -0.05181525421093000766, -0.09633204194796003705 ) ) ;
#3702 = ORIENTED_EDGE ( 'NONE', *, *, #2547, .T. ) ;
#3703 = CARTESIAN_POINT ( 'NONE',  ( 1.264818385884000085, -0.1115788554892000045, -0.04621747521769000583 ) ) ;
#3704 = ORIENTED_EDGE ( 'NONE', *, *, #8226, .T. ) ;
#3705 = CARTESIAN_POINT ( 'NONE',  ( 1.054048949234000832, -6.189848070045530675E-10, -0.1023603114228607974 ) ) ;
#3706 = ADVANCED_FACE ( 'NONE', ( #7103 ), #3022, .T. ) ;
#3707 = EDGE_LOOP ( 'NONE', ( #1895, #6376, #1511, #5420 ) ) ;
#3708 = VERTEX_POINT ( 'NONE', #4529 ) ;
#3709 = CARTESIAN_POINT ( 'NONE',  ( 0.8543307086613995960, 0.000000000000000000, 0.000000000000000000 ) ) ;
#3710 = DIRECTION ( 'NONE',  ( 1.000000000000000000, 0.000000000000000000, 0.000000000000000000 ) ) ;
#3711 = CARTESIAN_POINT ( 'NONE',  ( 1.191889518731999997, 0.04477223039406000304, 0.09386689768137007617 ) ) ;
#3712 = CARTESIAN_POINT ( 'NONE',  ( 0.6102362204723996708, -0.3543307086614000401, 0.3543307086614000401 ) ) ;
#3713 = CARTESIAN_POINT ( 'NONE',  ( 1.063260259200000002, -0.1129999362863000067, 0.04235577755444999704 ) ) ;
#3714 = CARTESIAN_POINT ( 'NONE',  ( 1.297557038630666293, -0.09197940250214933777, 0.07690747405744655096 ) ) ;
#3715 = B_SPLINE_CURVE_WITH_KNOTS ( 'NONE', 3,
 ( #8268, #7657, #8316, #6026, #8364, #3772, #9126, #2915, #7513, #9823, #4515, #9875, #6711 ),
 .UNSPECIFIED., .F., .F.,
 ( 4, 1, 1, 1, 1, 1, 1, 1, 1, 1, 4 ),
 ( 0.000000000000000000, 0.1000000000000000056, 0.2000000000000000111, 0.2999999999999999889, 0.4000000000000000222, 0.5000000000000000000, 0.5999999999999999778, 0.6999999999999999556, 0.8000000000000000444, 0.9000000000000000222, 1.000000000000000000 ),
 .UNSPECIFIED. ) ;
#3716 = CARTESIAN_POINT ( 'NONE',  ( 1.192557031256999966, -0.02436176678408999777, 0.1014740604109000133 ) ) ;
#3717 = DIRECTION ( 'NONE',  ( -1.000000000000000000, 0.000000000000000000, 0.000000000000000000 ) ) ;
#3718 = CARTESIAN_POINT ( 'NONE',  ( 0.9842519685038996213, 0.09584990276203995963, 0.1826512321739000022 ) ) ;
#3719 = ORIENTED_EDGE ( 'NONE', *, *, #5991, .T. ) ;
#3720 = CIRCLE ( 'NONE', #2745, 0.2133049650657999896 ) ;
#3721 = CARTESIAN_POINT ( 'NONE',  ( 0.7362204724408996093, 0.000000000000000000, 0.000000000000000000 ) ) ;
#3722 = CARTESIAN_POINT ( 'NONE',  ( -0.07814960629921002822, 0.000000000000000000, 0.000000000000000000 ) ) ;
#3723 = DIRECTION ( 'NONE',  ( 0.000000000000000000, -1.000000000000000000, 0.000000000000000000 ) ) ;
#3724 = DIRECTION ( 'NONE',  ( 1.000000000000000000, 0.000000000000000000, 0.000000000000000000 ) ) ;
#3725 = DIRECTION ( 'NONE',  ( 0.000000000000000000, 0.4889004950596891330, -0.8723395588475802986 ) ) ;
#3726 = CARTESIAN_POINT ( 'NONE',  ( 1.223659059357000034, 0.000000000000000000, -0.1181102362205000006 ) ) ;
#3727 = CARTESIAN_POINT ( 'NONE',  ( 1.163783731273249966, 0.01546059376766943140, 0.1181102362205000700 ) ) ;
#3728 = CARTESIAN_POINT ( 'NONE',  ( 0.9999994263157998553, 0.1944627264979829628, 0.03529589539788480917 ) ) ;
#3729 = DIRECTION ( 'NONE',  ( 0.000000000000000000, -0.8260463536101315674, 0.5636021838916217552 ) ) ;
#3730 = EDGE_CURVE ( 'NONE', #1063, #2187, #7070, .T. ) ;
#3731 = FACE_OUTER_BOUND ( 'NONE', #7943, .T. ) ;
#3732 = CARTESIAN_POINT ( 'NONE',  ( 1.215282849163000112, -0.08758406939918995937, -0.07480386202907007842 ) ) ;
#3733 = VECTOR ( 'NONE', #4065, 39.37007874015748143 ) ;
#3734 = B_SPLINE_CURVE_WITH_KNOTS ( 'NONE', 3,
 ( #140, #3236, #9387, #2723, #9487, #4841, #6506, #449, #1908, #1807, #3386 ),
 .UNSPECIFIED., .F., .F.,
 ( 4, 1, 1, 1, 1, 1, 1, 1, 4 ),
 ( 0.000000000000000000, 0.1250000000000000000, 0.2500000000000000000, 0.3750000000000000000, 0.5000000000000000000, 0.6250000000000000000, 0.7500000000000000000, 0.8750000000000000000, 1.000000000000000000 ),
 .UNSPECIFIED. ) ;
#3735 = CARTESIAN_POINT ( 'NONE',  ( 0.7322726316473996411, -0.01280516236975000333, 0.1559417421908000090 ) ) ;
#3736 = CARTESIAN_POINT ( 'NONE',  ( 1.112870960850000035, 0.09190928627916002125, 0.05968658839505000535 ) ) ;
#3737 = CARTESIAN_POINT ( 'NONE',  ( 1.288455647284249883, -0.09444883965335042209, 0.07258425826477062082 ) ) ;
#3738 = EDGE_CURVE ( 'NONE', #8291, #85, #6991, .T. ) ;
#3739 = ORIENTED_EDGE ( 'NONE', *, *, #2325, .F. ) ;
#3740 = ADVANCED_FACE ( 'NONE', ( #3269 ), #8574, .F. ) ;
#3741 = PLANE ( 'NONE',  #4369 ) ;
#3742 = CARTESIAN_POINT ( 'NONE',  ( 0.4724409448819000268, 0.000000000000000000, 0.000000000000000000 ) ) ;
#3743 = CONICAL_SURFACE ( 'NONE', #5827, 0.1786918365619999949, 0.3142318990842197790 ) ;
#3744 = CARTESIAN_POINT ( 'NONE',  ( 1.170724338754427052, 0.09606551819186043284, -0.04055954328301207557 ) ) ;
#3745 = CARTESIAN_POINT ( 'NONE',  ( 1.319281439350999952, -0.08321982597356004929, 0.06103011843206004178 ) ) ;
#3746 = CIRCLE ( 'NONE', #1153, 0.08267716535433068670 ) ;
#3747 = CARTESIAN_POINT ( 'NONE',  ( 1.326462311104999792, -0.1059225223877000160, 0.04468932849795000106 ) ) ;
#3748 = CARTESIAN_POINT ( 'NONE',  ( 0.7362204724408996093, 0.003937007874016000379, 0.1574310946703000036 ) ) ;
#3749 = CARTESIAN_POINT ( 'NONE',  ( 1.224300013180000146, -0.1181329231232999960, -0.02510992795911999934 ) ) ;
#3750 = CARTESIAN_POINT ( 'NONE',  ( 0.6104330708661004357, -0.3543307086614000401, 0.3543307086614000401 ) ) ;
#3751 = LINE ( 'NONE', #1365, #8314 ) ;
#3752 = VERTEX_POINT ( 'NONE', #4399 ) ;
#3753 = ORIENTED_EDGE ( 'NONE', *, *, #3182, .F. ) ;
#3754 = DIRECTION ( 'NONE',  ( -0.7071067811865475727, 0.000000000000000000, -0.7071067811865475727 ) ) ;
#3755 = EDGE_CURVE ( 'NONE', #9516, #5101, #3654, .T. ) ;
#3756 = CARTESIAN_POINT ( 'NONE',  ( 0.9763779527559055538, -0.09399477469537993735, 0.1751968503937007815 ) ) ;
#3757 = CARTESIAN_POINT ( 'NONE',  ( 0.7362204724408996093, 0.1340877566363000151, 0.08258824221029999191 ) ) ;
#3758 = CARTESIAN_POINT ( 'NONE',  ( 1.304950090469000124, -0.1157935334305000008, -0.001030886278948999922 ) ) ;
#3759 = CARTESIAN_POINT ( 'NONE',  ( 1.079969882909000090, 0.08113202872537991772, -0.08933415588588011769 ) ) ;
#3760 = CYLINDRICAL_SURFACE ( 'NONE', #2176, 0.09842519685038997324 ) ;
#3761 = CARTESIAN_POINT ( 'NONE',  ( 1.220280128368999906, 0.1042144493542999928, -0.005461647859861999341 ) ) ;
#3762 = VERTEX_POINT ( 'NONE', #9702 ) ;
#3763 = AXIS2_PLACEMENT_3D ( 'NONE', #6750, #9074, #9816 ) ;
#3764 = CARTESIAN_POINT ( 'NONE',  ( 0.9999994263157997443, -0.1234251735503110736, 0.1543624914383132374 ) ) ;
#3765 = CARTESIAN_POINT ( 'NONE',  ( 0.7309163189859999576, 0.01384384580942999918, -0.1555023890704999856 ) ) ;
#3766 = CARTESIAN_POINT ( 'NONE',  ( 0.7352433518528995737, 0.1315870255481000062, -0.08606170044527008955 ) ) ;
#3767 = CARTESIAN_POINT ( 'NONE',  ( 0.9841847292165000205, 0.09564333788652007451, -0.1818135286545999874 ) ) ;
#3768 = CARTESIAN_POINT ( 'NONE',  ( 0.8346456692912992414, 0.000000000000000000, 0.1574803149606000263 ) ) ;
#3769 = CARTESIAN_POINT ( 'NONE',  ( 1.243344098727000135, 0.000000000000000000, 0.1181102362205000006 ) ) ;
#3770 = CARTESIAN_POINT ( 'NONE',  ( 1.376689840910163554, 0.02821704488711263351, -0.1047365252723362478 ) ) ;
#3771 = CARTESIAN_POINT ( 'NONE',  ( 1.059968334367789033, -0.07258123982627930071, 0.09444521804278581401 ) ) ;
#3772 = CARTESIAN_POINT ( 'NONE',  ( 0.9809716437276003731, -0.09435586860101004281, -0.1766362176665000061 ) ) ;
#3773 = ORIENTED_EDGE ( 'NONE', *, *, #7496, .T. ) ;
#3774 = CARTESIAN_POINT ( 'NONE',  ( 1.170928742957999980, 0.09573326217182008546, -0.04041926243427999832 ) ) ;
#3775 = DIRECTION ( 'NONE',  ( 0.000000000000000000, -1.692939283033999893E-09, -1.000000000000000000 ) ) ;
#3776 = CARTESIAN_POINT ( 'NONE',  ( 1.276092745626999925, 0.008598274180672008105, 0.1092514321174000019 ) ) ;
#3777 = VERTEX_POINT ( 'NONE', #2794 ) ;
#3778 = ORIENTED_EDGE ( 'NONE', *, *, #652, .F. ) ;
#3779 = CARTESIAN_POINT ( 'NONE',  ( 0.7276665996183996343, 0.1667377335413000039, -0.1139301901513000148 ) ) ;
#3780 = CARTESIAN_POINT ( 'NONE',  ( 1.083015317806000022, -0.05479462961481000594, 0.09490708247502992190 ) ) ;
#3781 = CARTESIAN_POINT ( 'NONE',  ( 1.334739890773999793, -0.05948255673673431138, 0.1032031167347789297 ) ) ;
#3782 = CARTESIAN_POINT ( 'NONE',  ( 0.5787401574803000548, 0.1351639017700000112, -0.05985265462468995767 ) ) ;
#3783 = CARTESIAN_POINT ( 'NONE',  ( 0.5802225801515999981, -0.01574803149606000124, -0.1516616549527999847 ) ) ;
#3784 = CARTESIAN_POINT ( 'NONE',  ( 1.095531032062427412, 0.1028339224721447481, 0.01728708462986192074 ) ) ;
#3785 = CARTESIAN_POINT ( 'NONE',  ( 1.370305501552000038, 0.08830341887916003107, -0.05665714741372000068 ) ) ;
#3786 = CARTESIAN_POINT ( 'NONE',  ( 1.252718893398999889, 0.000000000000000000, 0.1181102362205000006 ) ) ;
#3787 = CIRCLE ( 'NONE', #6192, 0.1535433070865999949 ) ;
#3788 = EDGE_CURVE ( 'NONE', #2783, #2576, #6054, .T. ) ;
#3789 = ADVANCED_FACE ( 'NONE', ( #2987 ), #8956, .F. ) ;
#3790 = CARTESIAN_POINT ( 'NONE',  ( 0.9842519685038996213, -0.09595320950357008605, -0.1830708661417000116 ) ) ;
#3791 = CARTESIAN_POINT ( 'NONE',  ( 1.366725476737000067, -0.07566861643977992880, -0.07105756060193996193 ) ) ;
#3792 = CARTESIAN_POINT ( 'NONE',  ( 0.5984251968503937480, 0.000000000000000000, 0.000000000000000000 ) ) ;
#3793 = ORIENTED_EDGE ( 'NONE', *, *, #1516, .T. ) ;
#3794 = CARTESIAN_POINT ( 'NONE',  ( 1.256288202156999878, -0.06840606100042008475, 0.09953143637152993273 ) ) ;
#3795 = FACE_OUTER_BOUND ( 'NONE', #6976, .T. ) ;
#3796 = ORIENTED_EDGE ( 'NONE', *, *, #5069, .F. ) ;
#3797 = CONICAL_SURFACE ( 'NONE', #4923, 0.2340847595123000391, 0.04441521524690000139 ) ;
#3798 = AXIS2_PLACEMENT_3D ( 'NONE', #8707, #273, #2434 ) ;
#3799 = ORIENTED_EDGE ( 'NONE', *, *, #9763, .F. ) ;
#3800 = CARTESIAN_POINT ( 'NONE',  ( 1.562992125983999836, 0.000000000000000000, 0.000000000000000000 ) ) ;
#3801 = CARTESIAN_POINT ( 'NONE',  ( 0.4724409448819000268, -0.3543307086614000401, 0.3543307086614000401 ) ) ;
#3802 = EDGE_LOOP ( 'NONE', ( #214, #6363, #6050, #1157, #7134 ) ) ;
#3803 = CARTESIAN_POINT ( 'NONE',  ( 1.206817340254000115, -0.09709035472660000610, -0.03726949532538000043 ) ) ;
#3804 = CARTESIAN_POINT ( 'NONE',  ( 1.321061824204000201, 0.1212288393806000009, -0.006798969137189999137 ) ) ;
#3805 = EDGE_CURVE ( 'NONE', #7108, #6318, #3837, .T. ) ;
#3806 = AXIS2_PLACEMENT_3D ( 'NONE', #2322, #3141, #924 ) ;
#3807 = AXIS2_PLACEMENT_3D ( 'NONE', #7564, #3007, #3725 ) ;
#3808 = CARTESIAN_POINT ( 'NONE',  ( 1.146808377746999952, -0.1107383055002000016, -0.04795857783529999807 ) ) ;
#3809 = CARTESIAN_POINT ( 'NONE',  ( 1.194379695317999923, -0.08333232648411004195, -0.07117253052570000904 ) ) ;
#3810 = EDGE_CURVE ( 'NONE', #3215, #6527, #3995, .T. ) ;
#3811 = DIRECTION ( 'NONE',  ( 0.000000000000000000, -1.000000000000000000, 0.000000000000000000 ) ) ;
#3812 = VERTEX_POINT ( 'NONE', #1270 ) ;
#3813 = CARTESIAN_POINT ( 'NONE',  ( 1.294919235981000227, 0.07935404094582007573, -0.06777475368613995743 ) ) ;
#3814 = EDGE_LOOP ( 'NONE', ( #3338, #9472, #9553, #7883 ) ) ;
#3815 = DIRECTION ( 'NONE',  ( 0.000000000000000000, -0.5000000000000169864, 0.8660254037844288266 ) ) ;
#3816 = LINE ( 'NONE', #3147, #3680 ) ;
#3817 = ORIENTED_EDGE ( 'NONE', *, *, #7795, .T. ) ;
#3818 = CARTESIAN_POINT ( 'NONE',  ( 0.7344566991169999559, -0.01022110016138000170, -0.1566959810554000021 ) ) ;
#3819 = CARTESIAN_POINT ( 'NONE',  ( 0.7280600717204999128, 0.1669210694110000448, 0.1138883778692999921 ) ) ;
#3820 = CIRCLE ( 'NONE', #6724, 0.1574803149605999708 ) ;
#3821 = DIRECTION ( 'NONE',  ( 0.000000000000000000, 1.000000000000000000, 0.000000000000000000 ) ) ;
#3822 = CARTESIAN_POINT ( 'NONE',  ( 1.229400529173249712, 0.09444883965335058862, -0.07258425826477041265 ) ) ;
#3823 = CARTESIAN_POINT ( 'NONE',  ( 1.153121001614500152, 0.1150361429136075864, -0.03091510445189034686 ) ) ;
#3824 = CARTESIAN_POINT ( 'NONE',  ( 1.068990904009573528, -0.1031985900804801154, -0.05948013408418761916 ) ) ;
#3825 = CARTESIAN_POINT ( 'NONE',  ( 0.7362204724408996093, 0.000000000000000000, 0.000000000000000000 ) ) ;
#3826 = DIRECTION ( 'NONE',  ( 1.000000000000000000, 0.000000000000000000, 0.000000000000000000 ) ) ;
#3827 = CARTESIAN_POINT ( 'NONE',  ( 1.193957389844999994, 0.1039604257334999921, 0.04958610995970999524 ) ) ;
#3828 = AXIS2_PLACEMENT_3D ( 'NONE', #5871, #9717, #533 ) ;
#3829 = ORIENTED_EDGE ( 'NONE', *, *, #7364, .T. ) ;
#3830 = AXIS2_PLACEMENT_3D ( 'NONE', #1348, #1396, #3729 ) ;
#3831 = CARTESIAN_POINT ( 'NONE',  ( 0.7268675672382992614, 0.1663910479999000103, -0.1139770608398000123 ) ) ;
#3832 = CARTESIAN_POINT ( 'NONE',  ( 1.134196420167999930, -0.07332952747900001178, -0.08144069092468997351 ) ) ;
#3833 = FACE_OUTER_BOUND ( 'NONE', #6211, .T. ) ;
#3834 = CARTESIAN_POINT ( 'NONE',  ( 1.113750922874500393, 0.1150361429136075864, -0.03091510445189034686 ) ) ;
#3835 = CARTESIAN_POINT ( 'NONE',  ( 0.5787401574803000548, -0.09693842135412991667, -0.07415168411053996156 ) ) ;
#3836 = CARTESIAN_POINT ( 'NONE',  ( 1.051668269824489022, 0.08887395382840189428, -0.05454424455299866636 ) ) ;
#3837 = CIRCLE ( 'NONE', #5428, 0.08267716535433068670 ) ;
#3838 = B_SPLINE_SURFACE_WITH_KNOTS ( 'NONE', 3, 3, ( 
 ( #1684, #6438, #9520, #5680, #4711, #7802, #9365, #889, #3964, #6281, #5515, #4762, #3564, #5867, #2751, #2026, #2646, #5825, #4312, #3461, #2848, #6693, #8197, #8916, #8812, #1935, #2702, #1076, #5783, #427, #479, #8870, #4164, #1883, #3410, #6483, #1225, #2803, #9568, #5915, #1126, #7449, #9663, #6533, #5014, #4214, #9754, #7346, #3518, #370, #7249, #8146, #322, #8965, #9017, #1979, #4967, #1280, #9614, #1177, #7296, #8097, #5735, #526, #5060, #3615, #4263 ),
 ( #6591, #6642, #9711, #2085, #8048, #5113, #7401, #4360, #5169, #141, #431, #8872, #373, #6536, #1938, #2851, #1179, #5019, #9617, #2753, #2029, #1981, #3520, #5116, #5917, #9714, #8099, #3617, #2806, #7349, #6593, #9665, #5062, #7404, #8199, #481, #3566, #6645, #9756, #1576, #8531, #3946, #7838, #3042, #6927, #4647, #7021, #7085, #1620, #2321, #7787, #6266, #3903, #2417, #3809, #3139, #873, #4598, #152, #921, #5498, #8577, #2273, #3088, #9998, #719, #5398 ),
 ( #4744, #7739, #8439, #3247, #1521, #7284, #2685, #254, #5606, #3343, #1817, #7941, #9501, #8853, #2573, #5663, #4903, #5768, #7983, #4144, #307, #1919, #8081, #1164, #5995, #5094, #2165, #4345, #9651, #8180, #9052, #5949, #4494, #2735, #2119, #9696, #8902, #7433, #511, #2786, #8130, #9095, #9843, #1965, #4441, #1208, #5811, #2936, #7383, #5900, #3551, #5049, #9740, #5200, #3598, #7587, #2068, #6678, #3646, #4388, #8334, #5251, #6727, #4295, #1414, #2833, #8287 ),
 ( #7482, #9001, #2012, #5152, #1362, #561, #464, #5854, #7529, #9792, #618, #1316, #664, #6576, #6625, #8232, #8950, #1263, #3703, #2886, #6778, #6962, #3794, #9988, #1607, #4734, #8518, #7008, #2261, #4682, #9191, #4540, #3934, #5298, #2358, #5436, #8428, #3749, #4583, #6153, #7826, #7677, #3180, #2214, #6918, #6863, #3128, #6821, #9141, #759, #8381, #5340, #9934, #7772, #3077, #864, #9240, #9284, #2310, #3844, #5386, #8474, #1561, #4633, #79, #3028, #1462 ) ),
 .UNSPECIFIED., .F., .F., .F.,
 ( 4, 4 ),
 ( 4, 1, 1, 1, 1, 1, 1, 1, 1, 1, 1, 1, 1, 1, 1, 1, 1, 1, 1, 1, 1, 1, 1, 1, 1, 1, 1, 1, 1, 1, 1, 1, 1, 1, 1, 1, 1, 1, 1, 1, 1, 1, 1, 1, 1, 1, 1, 1, 1, 1, 1, 1, 1, 1, 1, 1, 1, 1, 1, 1, 1, 1, 1, 1, 4 ),
 ( -0.007446311687979999955, 0.3398817070431000009 ),
 ( -0.02000000000000000042, -0.003749999999999999861, 0.01250000000000000069, 0.02875000000000000125, 0.04499999999999999833, 0.06124999999999999889, 0.07749999999999999944, 0.09375000000000000000, 0.1100000000000000006, 0.1262500000000000011, 0.1424999999999999878, 0.1587500000000000022, 0.1749999999999999889, 0.1912500000000000033, 0.2074999999999999900, 0.2237500000000000044, 0.2399999999999999911, 0.2562499999999999778, 0.2725000000000000200, 0.2887500000000000067, 0.3049999999999999933, 0.3212499999999999800, 0.3375000000000000222, 0.3537500000000000089, 0.3699999999999999956, 0.3862499999999999822, 0.4025000000000000244, 0.4187500000000000111, 0.4349999999999999978, 0.4512499999999999845, 0.4675000000000000266, 0.4837500000000000133, 0.5000000000000000000, 0.5162499999999999867, 0.5324999999999999734, 0.5487499999999999600, 0.5649999999999999467, 0.5812500000000000444, 0.5975000000000000311, 0.6137500000000000178, 0.6300000000000000044, 0.6462499999999999911, 0.6624999999999999778, 0.6787499999999999645, 0.6949999999999999512, 0.7112500000000000488, 0.7275000000000000355, 0.7437500000000000222, 0.7600000000000000089, 0.7762499999999999956, 0.7924999999999999822, 0.8087499999999999689, 0.8249999999999999556, 0.8412500000000000533, 0.8575000000000000400, 0.8737500000000000266, 0.8900000000000000133, 0.9062500000000000000, 0.9224999999999999867, 0.9387499999999999734, 0.9549999999999999600, 0.9712499999999999467, 0.9875000000000000444, 1.003749999999999920, 1.020000000000000018 ),
 .UNSPECIFIED. ) ;
#3839 = CARTESIAN_POINT ( 'NONE',  ( 1.356457843237999894, -0.05376119431681999905, -0.09009583869482007401 ) ) ;
#3840 = CARTESIAN_POINT ( 'NONE',  ( 1.248617843530249516, 0.07258425826477025999, 0.09444883965335074127 ) ) ;
#3841 = DIRECTION ( 'NONE',  ( -1.000000000000000000, 0.000000000000000000, 0.000000000000000000 ) ) ;
#3842 = CARTESIAN_POINT ( 'NONE',  ( 1.350518127656000100, 0.02686601084883999749, 0.1002653174845000023 ) ) ;
#3843 = DIRECTION ( 'NONE',  ( 0.000000000000000000, 0.000000000000000000, -1.000000000000000000 ) ) ;
#3844 = CARTESIAN_POINT ( 'NONE',  ( 1.177384002681999942, -0.06577719075493997092, 0.1012879920044000015 ) ) ;
#3845 = AXIS2_PLACEMENT_3D ( 'NONE', #6035, #8220, #5289 ) ;
#3846 = AXIS2_PLACEMENT_3D ( 'NONE', #2883, #2063, #5850 ) ;
#3847 = CARTESIAN_POINT ( 'NONE',  ( 0.5795727200239999544, 0.1225473869886000156, -0.08893702731327009225 ) ) ;
#3848 = AXIS2_PLACEMENT_3D ( 'NONE', #1663, #1711, #867 ) ;
#3849 = VERTEX_POINT ( 'NONE', #569 ) ;
#3850 = CARTESIAN_POINT ( 'NONE',  ( 0.6384300492122009230, 0.01574803149606000124, -0.1313958731717000117 ) ) ;
#3851 = ADVANCED_FACE ( 'NONE', ( #4545 ), #1244, .F. ) ;
#3852 = DIRECTION ( 'NONE',  ( 0.000000000000000000, 1.000000000000000000, 0.000000000000000000 ) ) ;
#3853 = CARTESIAN_POINT ( 'NONE',  ( 0.7244094488188976833, 0.01574803149606000124, -0.1536382109453000022 ) ) ;
#3854 = DIRECTION ( 'NONE',  ( 0.000000000000000000, 1.000000000000000000, 0.000000000000000000 ) ) ;
#3855 = ORIENTED_EDGE ( 'NONE', *, *, #9331, .T. ) ;
#3856 = CARTESIAN_POINT ( 'NONE',  ( 0.5984251968503937480, -0.09693842135412991667, 0.07415168411053996156 ) ) ;
#3857 = CARTESIAN_POINT ( 'NONE',  ( 0.7308438118074999101, 0.1826437317570000218, -0.08941447051563997106 ) ) ;
#3858 = EDGE_CURVE ( 'NONE', #7188, #3133, #5907, .T. ) ;
#3859 = CARTESIAN_POINT ( 'NONE',  ( 1.265120134098000060, 0.008187792543227007808, 0.1040357683916000170 ) ) ;
#3860 = VERTEX_POINT ( 'NONE', #627 ) ;
#3861 = ORIENTED_EDGE ( 'NONE', *, *, #7876, .F. ) ;
#3862 = CYLINDRICAL_SURFACE ( 'NONE', #8992, 0.08267716535433068670 ) ;
#3863 = ORIENTED_EDGE ( 'NONE', *, *, #5894, .F. ) ;
#3864 = CARTESIAN_POINT ( 'NONE',  ( 0.7361458461413995513, 0.1334985380607000005, -0.08350471638012992026 ) ) ;
#3865 = CARTESIAN_POINT ( 'NONE',  ( 1.278965612558999876, 0.1032031167347791240, -0.05948255673673400606 ) ) ;
#3866 = CARTESIAN_POINT ( 'NONE',  ( 0.7355155426311004163, -0.008135914004937992022, -0.2089510746537000252 ) ) ;
#3867 = ADVANCED_FACE ( 'NONE', ( #4498 ), #1727, .F. ) ;
#3868 = CARTESIAN_POINT ( 'NONE',  ( 1.244164308700749455, -0.01546059376766992927, 0.1181102362204999867 ) ) ;
#3869 = CARTESIAN_POINT ( 'NONE',  ( 1.235141998989499390, 0.1150361429136072949, 0.03091510445189110320 ) ) ;
#3870 = CARTESIAN_POINT ( 'NONE',  ( 1.164603941246999952, 0.000000000000000000, 0.1181102362205000006 ) ) ;
#3871 = DIRECTION ( 'NONE',  ( 0.5038710255241108937, 1.888523838635039857E-11, 0.8637789008984189110 ) ) ;
#3872 = CARTESIAN_POINT ( 'NONE',  ( 0.8464566929133995332, 0.000000000000000000, 0.000000000000000000 ) ) ;
#3873 = CARTESIAN_POINT ( 'NONE',  ( 1.178547510800749931, -0.09444883965335029719, -0.07258425826477082898 ) ) ;
#3874 = ADVANCED_FACE ( 'NONE', ( #2172 ), #6411, .F. ) ;
#3875 = CARTESIAN_POINT ( 'NONE',  ( 1.314478572399000011, 0.02558310426519000078, 0.1065612970813000077 ) ) ;
#3876 = VERTEX_POINT ( 'NONE', #2892 ) ;
#3877 = CYLINDRICAL_SURFACE ( 'NONE', #4579, 0.1535433070865999949 ) ;
#3878 = ORIENTED_EDGE ( 'NONE', *, *, #135, .F. ) ;
#3879 = CARTESIAN_POINT ( 'NONE',  ( 1.188320209974000008, 0.08864826967872008190, 0.05118110236220999726 ) ) ;
#3880 = CARTESIAN_POINT ( 'NONE',  ( 1.106473323054999902, 0.09891365270382007635, -0.04717939218952000441 ) ) ;
#3881 = DIRECTION ( 'NONE',  ( -1.000000000000000000, 0.000000000000000000, 0.000000000000000000 ) ) ;
#3882 = DIRECTION ( 'NONE',  ( 1.000000000000000000, 0.000000000000000000, 0.000000000000000000 ) ) ;
#3883 = DIRECTION ( 'NONE',  ( 0.000000000000000000, 1.000000000000000000, 0.000000000000000000 ) ) ;
#3884 = DIRECTION ( 'NONE',  ( 1.000000000000000000, 0.000000000000000000, 0.000000000000000000 ) ) ;
#3885 = CIRCLE ( 'NONE', #1464, 0.1535433070865999949 ) ;
#3886 = CARTESIAN_POINT ( 'NONE',  ( 1.346818735627000274, -0.09179331871126004960, 0.05080858986628999929 ) ) ;
#3887 = CARTESIAN_POINT ( 'NONE',  ( 0.5866141732283000065, 0.000000000000000000, 0.000000000000000000 ) ) ;
#3888 = CARTESIAN_POINT ( 'NONE',  ( 1.376855069912999996, 0.07444853099341003366, -0.07233483812009999792 ) ) ;
#3889 = DIRECTION ( 'NONE',  ( -1.000000000000000000, 0.000000000000000000, 6.865168156178643015E-12 ) ) ;
#3890 = CARTESIAN_POINT ( 'NONE',  ( 1.154293696547999959, 0.000000000000000000, -0.1181102362205000006 ) ) ;
#3891 = CARTESIAN_POINT ( 'NONE',  ( 0.7355155426311004163, 0.008135914004937992022, 0.2089510746537000252 ) ) ;
#3892 = ORIENTED_EDGE ( 'NONE', *, *, #1232, .F. ) ;
#3893 = CYLINDRICAL_SURFACE ( 'NONE', #7036, 0.1181102362205000006 ) ;
#3894 = DIRECTION ( 'NONE',  ( 1.000000000000000000, 0.000000000000000000, 0.000000000000000000 ) ) ;
#3895 = ORIENTED_EDGE ( 'NONE', *, *, #1866, .F. ) ;
#3896 = CARTESIAN_POINT ( 'NONE',  ( 1.322890415579235590, -0.1049127410514000130, -0.0009340167972484001878 ) ) ;
#3897 = DIRECTION ( 'NONE',  ( 1.000000000000000000, 0.000000000000000000, 0.000000000000000000 ) ) ;
#3898 = CARTESIAN_POINT ( 'NONE',  ( 1.371667139165000160, -0.02009296581334000034, 0.1197449405280000129 ) ) ;
#3899 = AXIS2_PLACEMENT_3D ( 'NONE', #5287, #8369, #9181 ) ;
#3900 = DIRECTION ( 'NONE',  ( 1.000000000000000000, 0.000000000000000000, 0.000000000000000000 ) ) ;
#3901 = ORIENTED_EDGE ( 'NONE', *, *, #8472, .F. ) ;
#3902 = ORIENTED_EDGE ( 'NONE', *, *, #8467, .F. ) ;
#3903 = CARTESIAN_POINT ( 'NONE',  ( 1.198644787180999982, -0.01997105624407000124, -0.1077541769543000072 ) ) ;
#3904 = DIRECTION ( 'NONE',  ( 0.000000000000000000, 0.8532547285461360431, -0.5214943606729220971 ) ) ;
#3905 = EDGE_CURVE ( 'NONE', #6964, #6090, #5258, .T. ) ;
#3906 = CARTESIAN_POINT ( 'NONE',  ( 1.192613572418000034, -0.08279234551820000010, 0.06352880097637007839 ) ) ;
#3907 = VERTEX_POINT ( 'NONE', #3756 ) ;
#3908 = ORIENTED_EDGE ( 'NONE', *, *, #7621, .T. ) ;
#3909 = CARTESIAN_POINT ( 'NONE',  ( 0.6092519685038996213, 0.000000000000000000, 0.000000000000000000 ) ) ;
#3910 = EDGE_CURVE ( 'NONE', #2187, #255, #5962, .T. ) ;
#3911 = CARTESIAN_POINT ( 'NONE',  ( 0.5787401574803000548, 0.000000000000000000, -0.1220472440945000042 ) ) ;
#3912 = LINE ( 'NONE', #10008, #7864 ) ;
#3913 = ADVANCED_FACE ( 'NONE', ( #5955 ), #6786, .F. ) ;
#3914 = FACE_OUTER_BOUND ( 'NONE', #7635, .T. ) ;
#3915 = DIRECTION ( 'NONE',  ( 1.000000000000000000, 0.000000000000000000, 0.000000000000000000 ) ) ;
#3916 = CARTESIAN_POINT ( 'NONE',  ( 0.5393700787151000098, -4.126856432086000069E-11, 0.1417322834395000064 ) ) ;
#3917 = DIRECTION ( 'NONE',  ( 0.000000000000000000, 1.000000000000000000, 0.000000000000000000 ) ) ;
#3918 = LINE ( 'NONE', #6844, #2247 ) ;
#3919 = AXIS2_PLACEMENT_3D ( 'NONE', #6430, #5559, #5508 ) ;
#3920 = CARTESIAN_POINT ( 'NONE',  ( 1.147732016757999851, -0.1032031167347788742, -0.05948255673673441546 ) ) ;
#3921 = ORIENTED_EDGE ( 'NONE', *, *, #2957, .T. ) ;
#3922 = CARTESIAN_POINT ( 'NONE',  ( 1.139598198502999926, 0.06592556950122992199, 0.08032678337152009129 ) ) ;
#3923 = CARTESIAN_POINT ( 'NONE',  ( 1.265430015969000177, 0.1071944709820000091, -0.02278488818198000018 ) ) ;
#3924 = CARTESIAN_POINT ( 'NONE',  ( 1.351144090249000174, 0.000000000000000000, -0.1181102362205000006 ) ) ;
#3925 = CARTESIAN_POINT ( 'NONE',  ( 1.157654425417000033, 0.01430426871551000040, 0.1086517079254000068 ) ) ;
#3926 = CARTESIAN_POINT ( 'NONE',  ( 1.345402620432749830, -0.09444883965335028331, -0.07258425826477082898 ) ) ;
#3927 = EDGE_CURVE ( 'NONE', #2588, #3403, #9795, .T. ) ;
#3928 = CARTESIAN_POINT ( 'NONE',  ( 0.7276665990876004519, -0.01529757233088000108, 0.2013642079059000112 ) ) ;
#3929 = DIRECTION ( 'NONE',  ( 1.000000000000000000, 0.000000000000000000, 0.000000000000000000 ) ) ;
#3930 = CARTESIAN_POINT ( 'NONE',  ( 1.312470855883000054, -0.09759908877285000672, 0.03849525599911000212 ) ) ;
#3931 = CARTESIAN_POINT ( 'NONE',  ( 1.247539399489482337, -0.08897936835737992045, -0.05452662705760003004 ) ) ;
#3932 = CARTESIAN_POINT ( 'NONE',  ( 1.186515767638985253, 0.1010504519525768502, 0.02430198098792780981 ) ) ;
#3933 = FACE_OUTER_BOUND ( 'NONE', #4916, .T. ) ;
#3934 = CARTESIAN_POINT ( 'NONE',  ( 1.234962742838999983, 0.04031454967564999936, -0.1138447763062999940 ) ) ;
#3935 = CARTESIAN_POINT ( 'NONE',  ( 0.6498031496062991463, -0.5314960629921000601, -0.3740157480314960647 ) ) ;
#3936 = DIRECTION ( 'NONE',  ( 0.000000000000000000, 0.8660254037844288266, 0.5000000000000169864 ) ) ;
#3937 = CARTESIAN_POINT ( 'NONE',  ( 0.7294508865112008245, 0.1676584316899999982, -0.1137199605850000017 ) ) ;
#3938 = AXIS2_PLACEMENT_3D ( 'NONE', #3792, #2831, #3027 ) ;
#3939 = EDGE_LOOP ( 'NONE', ( #1528, #1762, #5119, #5699 ) ) ;
#3940 = CARTESIAN_POINT ( 'NONE',  ( 1.325535756884731464, 0.07117999553043261041, -0.07708301704262097986 ) ) ;
#3941 = CARTESIAN_POINT ( 'NONE',  ( 1.316342786391749842, 0.09444883965335011677, 0.07258425826477109266 ) ) ;
#3942 = ORIENTED_EDGE ( 'NONE', *, *, #9708, .T. ) ;
#3943 = CARTESIAN_POINT ( 'NONE',  ( 0.8543307086613995960, 0.000000000000000000, 0.1535433070865999949 ) ) ;
#3944 = EDGE_LOOP ( 'NONE', ( #5505, #3218 ) ) ;
#3945 = ORIENTED_EDGE ( 'NONE', *, *, #3123, .F. ) ;
#3946 = CARTESIAN_POINT ( 'NONE',  ( 1.222102792429999862, -0.04457396741637999898, 0.1001147699759999954 ) ) ;
#3947 = VECTOR ( 'NONE', #5435, 39.37007874015748143 ) ;
#3948 = CARTESIAN_POINT ( 'NONE',  ( 0.7519685039370078705, 0.000000000000000000, 0.1535433070865999949 ) ) ;
#3949 = EDGE_LOOP ( 'NONE', ( #8806, #1109, #8910, #4042 ) ) ;
#3950 = CARTESIAN_POINT ( 'NONE',  ( 1.181950842758999976, 0.07379186162582992980, 0.07379198156927008201 ) ) ;
#3951 = ORIENTED_EDGE ( 'NONE', *, *, #1678, .F. ) ;
#3952 = ORIENTED_EDGE ( 'NONE', *, *, #6619, .T. ) ;
#3953 = VECTOR ( 'NONE', #6694, 39.37007874015748143 ) ;
#3954 = AXIS2_PLACEMENT_3D ( 'NONE', #7257, #5875, #8973 ) ;
#3955 = B_SPLINE_CURVE_WITH_KNOTS ( 'NONE', 3,
 ( #7447, #524, #3610, #2083 ),
 .UNSPECIFIED., .F., .F.,
 ( 4, 4 ),
 ( 0.000000000000000000, 1.000000000000000000 ),
 .UNSPECIFIED. ) ;
#3956 = CARTESIAN_POINT ( 'NONE',  ( 0.7280600717204999128, 0.1669210694110000448, -0.1138883778692999921 ) ) ;
#3957 = CARTESIAN_POINT ( 'NONE',  ( 1.220378219461999647, -0.05948255673673412403, -0.1032031167347790407 ) ) ;
#3958 = CARTESIAN_POINT ( 'NONE',  ( 0.6791338582677007851, 0.000000000000000000, 0.000000000000000000 ) ) ;
#3959 = CARTESIAN_POINT ( 'NONE',  ( 0.7244094488188976833, -0.1655628205247000329, -0.1137719994447000116 ) ) ;
#3960 = ORIENTED_EDGE ( 'NONE', *, *, #1873, .T. ) ;
#3961 = DIRECTION ( 'NONE',  ( -1.000000000000000000, 0.000000000000000000, 0.000000000000000000 ) ) ;
#3962 = EDGE_CURVE ( 'NONE', #2941, #4694, #1322, .T. ) ;
#3963 = CARTESIAN_POINT ( 'NONE',  ( 1.071929623953000066, 0.07755271211107993279, 0.06982877558142992769 ) ) ;
#3964 = CARTESIAN_POINT ( 'NONE',  ( 1.295643289667000042, 0.08250703959862992765, 0.06330987804492992088 ) ) ;
#3965 = VECTOR ( 'NONE', #9349, 39.37007874015748854 ) ;
#3966 = DIRECTION ( 'NONE',  ( 1.000000000000000000, 0.000000000000000000, 0.000000000000000000 ) ) ;
#3967 = DIRECTION ( 'NONE',  ( 0.000000000000000000, 0.000000000000000000, -1.000000000000000000 ) ) ;
#3968 = ADVANCED_FACE ( 'NONE', ( #9391 ), #3132, .F. ) ;
#3969 = ORIENTED_EDGE ( 'NONE', *, *, #4587, .F. ) ;
#3970 = CARTESIAN_POINT ( 'NONE',  ( 0.5810295054656000602, -0.01574803149606000124, -0.1526091532480000068 ) ) ;
#3971 = CARTESIAN_POINT ( 'NONE',  ( 1.129154683683999849, 0.07364404801063996475, -0.07331525784912007460 ) ) ;
#3972 = EDGE_CURVE ( 'NONE', #3584, #5592, #291, .T. ) ;
#3973 = CARTESIAN_POINT ( 'NONE',  ( 1.259032378172999955, 0.03658164642932999755, -0.1033033827283000028 ) ) ;
#3974 = ORIENTED_EDGE ( 'NONE', *, *, #5309, .F. ) ;
#3975 = CARTESIAN_POINT ( 'NONE',  ( 1.172272365068999900, 0.07569823074892008397, -0.07183493912152008609 ) ) ;
#3976 = CARTESIAN_POINT ( 'NONE',  ( 0.4921259842520000483, -0.5314960629921000601, -0.3740157480314960647 ) ) ;
#3977 = CARTESIAN_POINT ( 'NONE',  ( 1.188608678837000054, 0.08570702122786004462, 0.05890526796714000424 ) ) ;
#3978 = CARTESIAN_POINT ( 'NONE',  ( 1.340481360590249249, -0.1181102362205000006, 0.01546059376766979396 ) ) ;
#3979 = B_SPLINE_CURVE_WITH_KNOTS ( 'NONE', 3,
 ( #8159, #2914, #493, #2045, #9677, #9772, #2765, #3728, #1347, #5133, #5838, #8931, #1993, #9125, #3581, #8212, #6660, #9725 ),
 .UNSPECIFIED., .F., .F.,
 ( 4, 2, 2, 2, 2, 2, 2, 2, 4 ),
 ( 0.000000000000000000, 0.1250000000000000555, 0.2500000000000000000, 0.3750000000000000000, 0.5000000000000000000, 0.6250000000000000000, 0.7500000000000001110, 0.8750000000000001110, 1.000000000000000000 ),
 .UNSPECIFIED. ) ;
#3980 = CIRCLE ( 'NONE', #3006, 0.2263779527559000304 ) ;
#3981 = CARTESIAN_POINT ( 'NONE',  ( 0.7360889355193996897, -0.1797539137656000152, 0.1108057883376999952 ) ) ;
#3982 = ADVANCED_FACE ( 'NONE', ( #5441 ), #9198, .T. ) ;
#3983 = DIRECTION ( 'NONE',  ( 0.000000000000000000, 0.000000000000000000, 1.000000000000000000 ) ) ;
#3984 = CARTESIAN_POINT ( 'NONE',  ( 0.6752388305532991408, 0.1516782855549000109, 0.1057557594422000036 ) ) ;
#3985 = CARTESIAN_POINT ( 'NONE',  ( 1.363687173947000009, 0.06059705576737992039, -0.08564766778826005122 ) ) ;
#3986 = AXIS2_PLACEMENT_3D ( 'NONE', #4668, #7762, #4721 ) ;
#3987 = CARTESIAN_POINT ( 'NONE',  ( 1.290190318124483371, -0.04979507988139000169, -0.09171112839325000488 ) ) ;
#3988 = VECTOR ( 'NONE', #5788, 39.37007874015748143 ) ;
#3989 = CARTESIAN_POINT ( 'NONE',  ( 1.356595883561000138, -0.06751746165267992483, 0.07884357171762992889 ) ) ;
#3990 = EDGE_CURVE ( 'NONE', #1735, #1885, #7777, .T. ) ;
#3991 = CARTESIAN_POINT ( 'NONE',  ( 0.5819715539376000280, -0.1249886876760000071, 0.09034651292232991071 ) ) ;
#3992 = CARTESIAN_POINT ( 'NONE',  ( 1.168252480258000103, -0.06310323997251003625, 0.1029751286123999909 ) ) ;
#3993 = CARTESIAN_POINT ( 'NONE',  ( 1.066178744397000111, 0.000000000000000000, -0.1181102362205000006 ) ) ;
#3994 = CARTESIAN_POINT ( 'NONE',  ( 0.7244094488188976833, 0.1409286094185999982, 0.06318091013743996898 ) ) ;
#3995 = CIRCLE ( 'NONE', #3523, 0.1220472440944999348 ) ;
#3996 = LINE ( 'NONE', #1612, #9322 ) ;
#3997 = ORIENTED_EDGE ( 'NONE', *, *, #6397, .F. ) ;
#3998 = CARTESIAN_POINT ( 'NONE',  ( 1.313486872369793446, -0.09690261725382932900, -0.04022754866864159534 ) ) ;
#3999 = ORIENTED_EDGE ( 'NONE', *, *, #6610, .T. ) ;
#4000 = VECTOR ( 'NONE', #7933, 39.37007874015748143 ) ;
#4001 = CARTESIAN_POINT ( 'NONE',  ( 0.6104330708661004357, 0.5314960629921000601, -0.3740157480314960647 ) ) ;
#4002 = ORIENTED_EDGE ( 'NONE', *, *, #4695, .T. ) ;
#4003 = ORIENTED_EDGE ( 'NONE', *, *, #4098, .F. ) ;
#4004 = DIRECTION ( 'NONE',  ( 1.000000000000000000, 0.000000000000000000, 0.000000000000000000 ) ) ;
#4005 = ORIENTED_EDGE ( 'NONE', *, *, #1986, .F. ) ;
#4006 = CARTESIAN_POINT ( 'NONE',  ( 1.303505960869000058, 0.02436176678408999777, 0.1014740604109000133 ) ) ;
#4007 = ORIENTED_EDGE ( 'NONE', *, *, #2468, .F. ) ;
#4008 = AXIS2_PLACEMENT_3D ( 'NONE', #2568, #8027, #9594 ) ;
#4009 = ORIENTED_EDGE ( 'NONE', *, *, #1310, .F. ) ;
#4010 = CARTESIAN_POINT ( 'NONE',  ( 1.347429706990000309, -0.09147699505788996210, 0.05063350131959000466 ) ) ;
#4011 = DIRECTION ( 'NONE',  ( 0.000000000000000000, 0.000000000000000000, -1.000000000000000000 ) ) ;
#4012 = DIRECTION ( 'NONE',  ( -1.904760669514065163E-14, -0.8660254037844288266, -0.5000000000000169864 ) ) ;
#4013 = DIRECTION ( 'NONE',  ( -1.000000000000000000, 0.000000000000000000, 0.000000000000000000 ) ) ;
#4014 = CARTESIAN_POINT ( 'NONE',  ( 1.221550914395916454, -0.1150361429136074615, 0.03091510445189059667 ) ) ;
#4015 = ORIENTED_EDGE ( 'NONE', *, *, #7926, .F. ) ;
#4016 = DIRECTION ( 'NONE',  ( 0.000000000000000000, 0.000000000000000000, 1.000000000000000000 ) ) ;
#4017 = CARTESIAN_POINT ( 'NONE',  ( 0.6561202481738996894, 0.000000000000000000, 0.000000000000000000 ) ) ;
#4018 = CARTESIAN_POINT ( 'NONE',  ( 1.178613461703000187, 0.09533529686965000471, -0.04244601067203000039 ) ) ;
#4019 = CARTESIAN_POINT ( 'NONE',  ( 0.6102362204723996708, 0.3740157480314960647, 0.3740157480314960647 ) ) ;
#4020 = DIRECTION ( 'NONE',  ( 0.000000000000000000, 0.000000000000000000, -1.000000000000000000 ) ) ;
#4021 = DIRECTION ( 'NONE',  ( 0.000000000000000000, 1.000000000000000000, 0.000000000000000000 ) ) ;
#4022 = DIRECTION ( 'NONE',  ( -1.000000000000000000, 0.000000000000000000, 0.000000000000000000 ) ) ;
#4023 = CARTESIAN_POINT ( 'NONE',  ( 1.167762261468999974, 0.1008803311590000112, -0.04259239147470000181 ) ) ;
#4024 = CARTESIAN_POINT ( 'NONE',  ( 1.234540437366999921, -0.008159577064295001070, 0.1036772567394999983 ) ) ;
#4025 = CARTESIAN_POINT ( 'NONE',  ( 0.5393700787151000098, 4.126856188743999617E-11, -0.1417322834395000064 ) ) ;
#4026 = CARTESIAN_POINT ( 'NONE',  ( 1.116826170843000066, -0.1026099921947999927, 0.01901763795381000016 ) ) ;
#4027 = ORIENTED_EDGE ( 'NONE', *, *, #2797, .F. ) ;
#4028 = CARTESIAN_POINT ( 'NONE',  ( 0.7244094488188976833, 1.917212598425000136, -1.102357144683000056 ) ) ;
#4029 = CARTESIAN_POINT ( 'NONE',  ( 1.074485134079000037, 0.08144069096343996284, 0.07332952746175000480 ) ) ;
#4030 = CARTESIAN_POINT ( 'NONE',  ( 1.072740424186999997, 0.1032031167347791240, -0.05948255673673399913 ) ) ;
#4031 = CARTESIAN_POINT ( 'NONE',  ( 1.328178210983999907, 0.05948255673673389504, 0.1032031167347791933 ) ) ;
#4032 = CARTESIAN_POINT ( 'NONE',  ( 1.220581876582999881, -0.06038604144953996222, -0.1045916918582999872 ) ) ;
#4033 = AXIS2_PLACEMENT_3D ( 'NONE', #3323, #5581, #7311 ) ;
#4034 = CARTESIAN_POINT ( 'NONE',  ( 1.292322864056483223, -0.01632510462271000162, -0.1030726540388000462 ) ) ;
#4035 = EDGE_CURVE ( 'NONE', #7188, #5534, #9640, .T. ) ;
#4036 = CARTESIAN_POINT ( 'NONE',  ( 1.167486906052270568, -0.09837167890033997331, -0.03483523850896001750 ) ) ;
#4037 = ADVANCED_FACE ( 'NONE', ( #6259 ), #4592, .T. ) ;
#4038 = CARTESIAN_POINT ( 'NONE',  ( 0.5790964197264000246, -0.1215489777388999992, 0.08836059546421004551 ) ) ;
#4039 = CARTESIAN_POINT ( 'NONE',  ( 1.080818097056000182, 0.08975114851124998960, 0.08081229704243997336 ) ) ;
#4040 = CARTESIAN_POINT ( 'NONE',  ( 0.5837863042420000648, 0.1258248747434000114, -0.09082928575073996591 ) ) ;
#4041 = CARTESIAN_POINT ( 'NONE',  ( 0.5787401574803000548, 0.000000000000000000, 0.000000000000000000 ) ) ;
#4042 = ORIENTED_EDGE ( 'NONE', *, *, #6646, .T. ) ;
#4043 = CARTESIAN_POINT ( 'NONE',  ( 0.8581925463507992236, -0.09147032995871004490, 0.1652791569426000085 ) ) ;
#4044 = CARTESIAN_POINT ( 'NONE',  ( 1.319553805774000166, -0.08864826967872008190, 0.05118110236220000525 ) ) ;
#4045 = DIRECTION ( 'NONE',  ( 0.000000000000000000, 5.127762797708013743E-12, -1.000000000000000000 ) ) ;
#4046 = ORIENTED_EDGE ( 'NONE', *, *, #2797, .T. ) ;
#4047 = VECTOR ( 'NONE', #4814, 39.37007874015748143 ) ;
#4048 = FACE_OUTER_BOUND ( 'NONE', #813, .T. ) ;
#4049 = ORIENTED_EDGE ( 'NONE', *, *, #9832, .T. ) ;
#4050 = ORIENTED_EDGE ( 'NONE', *, *, #3110, .T. ) ;
#4051 = ADVANCED_FACE ( 'NONE', ( #2268 ), #145, .F. ) ;
#4052 = ORIENTED_EDGE ( 'NONE', *, *, #5209, .F. ) ;
#4053 = DIRECTION ( 'NONE',  ( 0.000000000000000000, 0.000000000000000000, 1.000000000000000000 ) ) ;
#4054 = ORIENTED_EDGE ( 'NONE', *, *, #64, .F. ) ;
#4055 = CARTESIAN_POINT ( 'NONE',  ( 1.307771052732999983, -0.04492705090909000082, 0.09419148551886005749 ) ) ;
#4056 = VECTOR ( 'NONE', #1446, 39.37007874015748143 ) ;
#4057 = VERTEX_POINT ( 'NONE', #30 ) ;
#4058 = DIRECTION ( 'NONE',  ( -1.000000000000000000, 0.000000000000000000, 0.000000000000000000 ) ) ;
#4059 = DIRECTION ( 'NONE',  ( 0.000000000000000000, 0.000000000000000000, 1.000000000000000000 ) ) ;
#4060 = DIRECTION ( 'NONE',  ( -1.000000000000000000, -3.158717240322999930E-14, 0.000000000000000000 ) ) ;
#4061 = DIRECTION ( 'NONE',  ( 0.000000000000000000, 0.000000000000000000, -1.000000000000000000 ) ) ;
#4062 = EDGE_LOOP ( 'NONE', ( #6332, #9053 ) ) ;
#4063 = DIRECTION ( 'NONE',  ( 0.000000000000000000, 0.000000000000000000, 1.000000000000000000 ) ) ;
#4064 = DIRECTION ( 'NONE',  ( 1.000000000000000000, 0.000000000000000000, 0.000000000000000000 ) ) ;
#4065 = DIRECTION ( 'NONE',  ( 0.000000000000000000, 0.000000000000000000, -1.000000000000000000 ) ) ;
#4066 = CARTESIAN_POINT ( 'NONE',  ( 1.080459807680000051, -0.05217873381818999984, 0.09037621804796004688 ) ) ;
#4067 = DIRECTION ( 'NONE',  ( 1.000000000000000000, 0.000000000000000000, 0.000000000000000000 ) ) ;
#4068 = CARTESIAN_POINT ( 'NONE',  ( 0.5841804246273000212, 0.1416844093523999815, 0.06361727143266003581 ) ) ;
#4069 = CARTESIAN_POINT ( 'NONE',  ( 1.106721518070499677, -0.1150361429136074476, -0.03091510445189083259 ) ) ;
#4070 = CARTESIAN_POINT ( 'NONE',  ( 1.316188154136999966, -0.04492705090909000082, 0.09419148551886005749 ) ) ;
#4071 = CARTESIAN_POINT ( 'NONE',  ( 1.062316188847000076, 0.04562395446842999747, 0.09336502355262991937 ) ) ;
#4072 = CARTESIAN_POINT ( 'NONE',  ( 1.255865896685000038, 0.03471519480617000358, -0.09803268593927992602 ) ) ;
#4073 = CARTESIAN_POINT ( 'NONE',  ( 1.074175252207999920, -0.07935404094595001345, 0.06777475368538997402 ) ) ;
#4074 = ORIENTED_EDGE ( 'NONE', *, *, #8142, .T. ) ;
#4075 = CARTESIAN_POINT ( 'NONE',  ( 0.7244094488188976833, -0.1655628205247000329, 0.1137719994447000116 ) ) ;
#4076 = CARTESIAN_POINT ( 'NONE',  ( 1.107571933430000044, 0.1011243785934999861, 0.02427781532547999832 ) ) ;
#4077 = CARTESIAN_POINT ( 'NONE',  ( 1.075201054108249732, 0.1181102362205000700, -0.01546059376766953028 ) ) ;
#4078 = CARTESIAN_POINT ( 'NONE',  ( 1.325717581062749506, 0.09444883965335013065, 0.07258425826477109266 ) ) ;
#4079 = CARTESIAN_POINT ( 'NONE',  ( 1.265365341150000100, 0.04031454967564999936, -0.1138447763062999940 ) ) ;
#4080 = TOROIDAL_SURFACE ( 'NONE', #3919, 0.2496578167135999893, 0.007874015748031005027 ) ;
#4081 = CARTESIAN_POINT ( 'NONE',  ( 1.266732312875482380, 0.09298318451212993219, 0.04737729888397003430 ) ) ;
#4082 = CARTESIAN_POINT ( 'NONE',  ( 1.097112890303364230, 0.01090832572257000033, -0.1037857865099000160 ) ) ;
#4083 = DIRECTION ( 'NONE',  ( 1.000000000000000000, 0.000000000000000000, 0.000000000000000000 ) ) ;
#4084 = CARTESIAN_POINT ( 'NONE',  ( 1.153324658735999986, 0.1166568739668999988, -0.03125811517097000503 ) ) ;
#4085 = CARTESIAN_POINT ( 'NONE',  ( 1.366141732283000065, 0.000000000000000000, 0.000000000000000000 ) ) ;
#4086 = CYLINDRICAL_SURFACE ( 'NONE', #280, 0.09842519685038997324 ) ;
#4087 = VERTEX_POINT ( 'NONE', #9289 ) ;
#4088 = CARTESIAN_POINT ( 'NONE',  ( 0.4921259842520000483, 0.5314960629921000601, -0.3740157480314960647 ) ) ;
#4089 = EDGE_CURVE ( 'NONE', #827, #3351, #3996, .T. ) ;
#4090 = CARTESIAN_POINT ( 'NONE',  ( 0.5787401574803000548, 0.1126864528502000001, -0.04687529344016000410 ) ) ;
#4091 = ADVANCED_FACE ( 'NONE', ( #965 ), #3697, .T. ) ;
#4092 = CARTESIAN_POINT ( 'NONE',  ( 0.7244094488188976833, 0.000000000000000000, 0.000000000000000000 ) ) ;
#4093 = EDGE_CURVE ( 'NONE', #5859, #3849, #7561, .T. ) ;
#4094 = ORIENTED_EDGE ( 'NONE', *, *, #9274, .F. ) ;
#4095 = CARTESIAN_POINT ( 'NONE',  ( 1.355965734851000137, 0.09505547614026003955, 0.07413198243368995799 ) ) ;
#4096 = EDGE_LOOP ( 'NONE', ( #8698, #9797, #8276, #1228, #148, #7194, #7647, #2887, #6648, #6360 ) ) ;
#4097 = ORIENTED_EDGE ( 'NONE', *, *, #3059, .T. ) ;
#4098 = EDGE_CURVE ( 'NONE', #7792, #446, #2973, .T. ) ;
#4099 = ORIENTED_EDGE ( 'NONE', *, *, #9109, .F. ) ;
#4100 = DIRECTION ( 'NONE',  ( 0.000000000000000000, 0.9997541118987406383, 0.02217466440694089089 ) ) ;
#4101 = EDGE_LOOP ( 'NONE', ( #8236, #4809, #9523, #4691, #4719, #1040 ) ) ;
#4102 = CARTESIAN_POINT ( 'NONE',  ( 1.280104496782000112, -0.01632510462271000162, -0.1030726540387999907 ) ) ;
#4103 = EDGE_CURVE ( 'NONE', #6263, #6232, #9591, .T. ) ;
#4104 = CARTESIAN_POINT ( 'NONE',  ( 0.6104330708661004357, -0.4370078740156999597, -0.3543307086614000401 ) ) ;
#4105 = CARTESIAN_POINT ( 'NONE',  ( 1.162507077017000068, 0.08554360033863997459, -0.07699384149817990741 ) ) ;
#4106 = DIRECTION ( 'NONE',  ( -1.000000000000000000, 0.000000000000000000, 0.000000000000000000 ) ) ;
#4107 = ORIENTED_EDGE ( 'NONE', *, *, #517, .F. ) ;
#4108 = LINE ( 'NONE', #2433, #9531 ) ;
#4109 = CARTESIAN_POINT ( 'NONE',  ( 1.135906001906000107, -0.005461647859861000140, -0.1042144493542999928 ) ) ;
#4110 = EDGE_CURVE ( 'NONE', #6366, #2312, #6212, .T. ) ;
#4111 = CARTESIAN_POINT ( 'NONE',  ( 0.5511811023418999866, -3.353071321160000371E-11, 0.1535433070662999833 ) ) ;
#4112 = CARTESIAN_POINT ( 'NONE',  ( 1.197412340197000047, 0.1022864650138999992, 0.05905511811023995972 ) ) ;
#4113 = DIRECTION ( 'NONE',  ( 0.000000000000000000, 0.000000000000000000, 1.000000000000000000 ) ) ;
#4114 = CARTESIAN_POINT ( 'NONE',  ( 1.296995240750999923, 0.05217873381839999852, -0.09037621804783996238 ) ) ;
#4115 = CARTESIAN_POINT ( 'NONE',  ( 1.051872674027999999, 0.08856657083875001113, -0.05435559566053000530 ) ) ;
#4116 = CIRCLE ( 'NONE', #1047, 0.1988188976378000294 ) ;
#4117 = CARTESIAN_POINT ( 'NONE',  ( 1.315577182773999931, -0.04477223039406000304, 0.09386689768137007617 ) ) ;
#4118 = CARTESIAN_POINT ( 'NONE',  ( 1.178726544025999967, 0.06016699432915000034, 0.08281276320373996691 ) ) ;
#4119 = EDGE_LOOP ( 'NONE', ( #761, #5371, #667, #6853 ) ) ;
#4120 = AXIS2_PLACEMENT_3D ( 'NONE', #154, #9203, #3904 ) ;
#4121 = CARTESIAN_POINT ( 'NONE',  ( 1.353643697254666156, 0.04706699572000579146, -0.1108589939239669336 ) ) ;
#4122 = CARTESIAN_POINT ( 'NONE',  ( 1.133162484610999998, -0.03979825319989999111, -0.09608148263394998556 ) ) ;
#4123 = CARTESIAN_POINT ( 'NONE',  ( 1.291173727431391915, 0.1043231424936348489, -0.002731797637981600493 ) ) ;
#4124 = CARTESIAN_POINT ( 'NONE',  ( 1.333020389191333477, -0.1181102362205010969, -0.02061412502355445403 ) ) ;
#4125 = CARTESIAN_POINT ( 'NONE',  ( 1.218449330651999896, -0.09183581231427992431, -0.07843519353245001491 ) ) ;
#4126 = AXIS2_PLACEMENT_3D ( 'NONE', #416, #6370, #1066 ) ;
#4127 = CARTESIAN_POINT ( 'NONE',  ( 0.06692913385827008177, 0.000000000000000000, 0.000000000000000000 ) ) ;
#4128 = CARTESIAN_POINT ( 'NONE',  ( 1.188867065494515263, 0.08417791472501207073, 0.05891435769040636455 ) ) ;
#4129 = CARTESIAN_POINT ( 'NONE',  ( 1.135498717075364317, -0.005461647859861000140, -0.1042144493542999928 ) ) ;
#4130 = CARTESIAN_POINT ( 'NONE',  ( 1.343669727292287508, 0.03581657449810352056, -0.1145292628845329258 ) ) ;
#4131 = CARTESIAN_POINT ( 'NONE',  ( 1.198108123302999983, 0.09953105503612008631, 0.06840633805681003987 ) ) ;
#4132 = AXIS2_PLACEMENT_3D ( 'NONE', #5906, #4301, #9008 ) ;
#4133 = CARTESIAN_POINT ( 'NONE',  ( 0.6104330708661004357, 0.2716535433071000094, -0.3543307086614000401 ) ) ;
#4134 = CARTESIAN_POINT ( 'NONE',  ( 0.5787401574803000548, 0.000000000000000000, 0.000000000000000000 ) ) ;
#4135 = ORIENTED_EDGE ( 'NONE', *, *, #4546, .T. ) ;
#4136 = DIRECTION ( 'NONE',  ( 1.000000000000000000, 0.000000000000000000, 0.000000000000000000 ) ) ;
#4137 = DIRECTION ( 'NONE',  ( 4.261999108088084934E-26, 1.000000000000000000, 4.084770716117000082E-13 ) ) ;
#4138 = PLANE ( 'NONE',  #9646 ) ;
#4139 = AXIS2_PLACEMENT_3D ( 'NONE', #9959, #9208, #783 ) ;
#4140 = ORIENTED_EDGE ( 'NONE', *, *, #1987, .T. ) ;
#4141 = CARTESIAN_POINT ( 'NONE',  ( 1.376224921202999996, -0.08787351513888998211, -0.08251872336342007397 ) ) ;
#4142 = ORIENTED_EDGE ( 'NONE', *, *, #2451, .F. ) ;
#4143 = ORIENTED_EDGE ( 'NONE', *, *, #1358, .F. ) ;
#4144 = CARTESIAN_POINT ( 'NONE',  ( 1.265852321441000017, -0.1150228199578999938, -0.006028090560867007189 ) ) ;
#4145 = VERTEX_POINT ( 'NONE', #6510 ) ;
#4146 = VECTOR ( 'NONE', #7170, 39.37007874015748143 ) ;
#4147 = EDGE_CURVE ( 'NONE', #5765, #3529, #9958, .T. ) ;
#4148 = ORIENTED_EDGE ( 'NONE', *, *, #3229, .T. ) ;
#4149 = CARTESIAN_POINT ( 'NONE',  ( -0.06692913385827008177, 0.000000000000000000, -0.1023622047244000105 ) ) ;
#4150 = ORIENTED_EDGE ( 'NONE', *, *, #6695, .T. ) ;
#4151 = CARTESIAN_POINT ( 'NONE',  ( 0.6104330708661004357, -0.4370078740156999597, 0.3543307086614000401 ) ) ;
#4152 = CARTESIAN_POINT ( 'NONE',  ( 1.222525756623999982, -0.008187792543228997535, 0.1040357683916000170 ) ) ;
#4153 = CARTESIAN_POINT ( 'NONE',  ( 1.238775323845249243, 0.09444883965335063025, -0.07258425826477041265 ) ) ;
#4154 = AXIS2_PLACEMENT_3D ( 'NONE', #6127, #4471, #2189 ) ;
#4155 = CARTESIAN_POINT ( 'NONE',  ( 0.6561202481738996894, 0.000000000000000000, 0.000000000000000000 ) ) ;
#4156 = AXIS2_PLACEMENT_3D ( 'NONE', #3801, #8188, #4352 ) ;
#4157 = CARTESIAN_POINT ( 'NONE',  ( 1.087313770324999984, 0.1134930403026999934, -0.01910731453333000193 ) ) ;
#4158 = CARTESIAN_POINT ( 'NONE',  ( 1.196944615182999883, 0.05948255673673451260, -0.1032031167347788742 ) ) ;
#4159 = ORIENTED_EDGE ( 'NONE', *, *, #898, .F. ) ;
#4160 = ADVANCED_FACE ( 'NONE', ( #4946 ), #9491, .T. ) ;
#4161 = CARTESIAN_POINT ( 'NONE',  ( 0.7244094488188976833, -1.917212598425000136, 1.102357144683000056 ) ) ;
#4162 = EDGE_CURVE ( 'NONE', #3619, #9828, #1912, .T. ) ;
#4163 = CARTESIAN_POINT ( 'NONE',  ( 1.055580105143000047, -0.03102579983720000004, -0.09823580676703996817 ) ) ;
#4164 = CARTESIAN_POINT ( 'NONE',  ( 1.244462187305000134, 0.03471519480617000358, -0.09803268593927992602 ) ) ;
#4165 = VECTOR ( 'NONE', #9550, 39.37007874015748854 ) ;
#4166 = CARTESIAN_POINT ( 'NONE',  ( 0.6751361352972008456, 0.1673973104412000146, 0.07846262179793997427 ) ) ;
#4167 = AXIS2_PLACEMENT_3D ( 'NONE', #9642, #5710, #9437 ) ;
#4168 = CYLINDRICAL_SURFACE ( 'NONE', #1688, 0.1220472440945000042 ) ;
#4169 = ORIENTED_EDGE ( 'NONE', *, *, #4400, .F. ) ;
#4170 = EDGE_CURVE ( 'NONE', #1063, #971, #7303, .T. ) ;
#4171 = CARTESIAN_POINT ( 'NONE',  ( 1.309790516341999833, 0.05683715052910000981, 0.08752153721173996925 ) ) ;
#4172 = CARTESIAN_POINT ( 'NONE',  ( 1.061238410322000059, 0.01323867736836000127, 0.1086999948007999900 ) ) ;
#4173 = CARTESIAN_POINT ( 'NONE',  ( 1.199321092084000062, -0.02558310426519000078, 0.1065612970813000077 ) ) ;
#4174 = ADVANCED_FACE ( 'NONE', ( #2676 ), #4994, .T. ) ;
#4175 = CARTESIAN_POINT ( 'NONE',  ( 0.7249748790432009038, -0.1253071545881999926, -0.09053037987981003842 ) ) ;
#4176 = CARTESIAN_POINT ( 'NONE',  ( 1.054982338822000099, 0.08442697196611004262, -0.06133978363043995907 ) ) ;
#4177 = ORIENTED_EDGE ( 'NONE', *, *, #3122, .F. ) ;
#4178 = CARTESIAN_POINT ( 'NONE',  ( 1.364891928780166408, 0.09761021615611061020, 0.07054972942470116859 ) ) ;
#4179 = CARTESIAN_POINT ( 'NONE',  ( 1.145957760202000131, 0.1036772567394999983, 0.008159577064295001070 ) ) ;
#4180 = CARTESIAN_POINT ( 'NONE',  ( 1.282643543704391709, 0.01901789965274887015, -0.1026114041959799161 ) ) ;
#4181 = EDGE_CURVE ( 'NONE', #1472, #539, #8505, .T. ) ;
#4182 = CARTESIAN_POINT ( 'NONE',  ( 1.339582068981333585, -0.04120276216305981953, -0.1125935275257136103 ) ) ;
#4183 = VERTEX_POINT ( 'NONE', #8074 ) ;
#4184 = CARTESIAN_POINT ( 'NONE',  ( 1.239774789968999924, 0.06840606100042008475, 0.09953143637152993273 ) ) ;
#4185 = CARTESIAN_POINT ( 'NONE',  ( 0.6115386739812992412, 0.1156313406278999950, 0.04857552519136999758 ) ) ;
#4186 = CARTESIAN_POINT ( 'NONE',  ( 1.116305803689364273, -0.002731760035867999720, 0.1043217069389999890 ) ) ;
#4187 = DIRECTION ( 'NONE',  ( 1.000000000000000000, 0.000000000000000000, 0.000000000000000000 ) ) ;
#4188 = CARTESIAN_POINT ( 'NONE',  ( 1.114938831963999899, 0.1201104807923000090, -0.01262412023106999903 ) ) ;
#4189 = CARTESIAN_POINT ( 'NONE',  ( -0.03937007874015999859, -7.521921431491003368E-09, -0.2496578167135999893 ) ) ;
#4190 = EDGE_CURVE ( 'NONE', #5853, #5151, #2513, .T. ) ;
#4191 = CARTESIAN_POINT ( 'NONE',  ( 0.7294509068517992523, -0.1676584460181000102, -0.1137199572948999898 ) ) ;
#4192 = ORIENTED_EDGE ( 'NONE', *, *, #9669, .F. ) ;
#4193 = DIRECTION ( 'NONE',  ( -1.000000000000000000, 0.000000000000000000, 0.000000000000000000 ) ) ;
#4194 = TOROIDAL_SURFACE ( 'NONE', #9827, 0.2795275590551000167, 0.003937007874016000379 ) ;
#4195 = FACE_OUTER_BOUND ( 'NONE', #2410, .T. ) ;
#4196 = CARTESIAN_POINT ( 'NONE',  ( 0.5841804246273000212, -0.1259363778563000191, 0.09089366210302991800 ) ) ;
#4197 = CARTESIAN_POINT ( 'NONE',  ( 1.331654711229000032, -0.1201978022725000012, 0.009143132371095000210 ) ) ;
#4198 = ORIENTED_EDGE ( 'NONE', *, *, #1647, .T. ) ;
#4199 = ORIENTED_EDGE ( 'NONE', *, *, #2299, .F. ) ;
#4200 = ORIENTED_EDGE ( 'NONE', *, *, #6279, .F. ) ;
#4201 = ORIENTED_EDGE ( 'NONE', *, *, #203, .F. ) ;
#4202 = FACE_OUTER_BOUND ( 'NONE', #1621, .T. ) ;
#4203 = EDGE_LOOP ( 'NONE', ( #1007, #42, #5709 ) ) ;
#4204 = CARTESIAN_POINT ( 'NONE',  ( 1.228923394418999893, -0.09298318451212993219, 0.04737729888396000760 ) ) ;
#4205 = CARTESIAN_POINT ( 'NONE',  ( 0.5795727107672999923, -0.01574803149606000124, 0.1505976400441000063 ) ) ;
#4206 = CARTESIAN_POINT ( 'NONE',  ( 1.337033894793000055, 0.009736609125761004277, 0.1097455201905000177 ) ) ;
#4207 = VERTEX_POINT ( 'NONE', #244 ) ;
#4208 = B_SPLINE_CURVE_WITH_KNOTS ( 'NONE', 3,
 ( #4612, #54, #115, #9263, #5365, #842, #3155, #6943, #6226, #6989 ),
 .UNSPECIFIED., .F., .F.,
 ( 4, 2, 2, 2, 4 ),
 ( 0.000000000000000000, 0.2500000000000000000, 0.5000000000000000000, 0.7500000000000000000, 1.000000000000000000 ),
 .UNSPECIFIED. ) ;
#4209 = CARTESIAN_POINT ( 'NONE',  ( 1.074781552543000007, -0.06460905580166004247, -0.09524405269751004544 ) ) ;
#4210 = CARTESIAN_POINT ( 'NONE',  ( 0.7280600717204999128, 0.1669210694110000448, 0.1138883778692999921 ) ) ;
#4211 = B_SPLINE_CURVE_WITH_KNOTS ( 'NONE', 3,
 ( #2227, #5310, #4455, #8394, #2953, #2028 ),
 .UNSPECIFIED., .F., .F.,
 ( 4, 1, 1, 4 ),
 ( 0.000000000000000000, 0.3333333333333000081, 0.6666666666667000474, 1.000000000000000000 ),
 .UNSPECIFIED. ) ;
#4212 = CARTESIAN_POINT ( 'NONE',  ( 1.180802548795999884, 0.08600339255113996495, 0.05910895993968996731 ) ) ;
#4213 = EDGE_CURVE ( 'NONE', #415, #6980, #2713, .T. ) ;
#4214 = CARTESIAN_POINT ( 'NONE',  ( 1.216739090191999884, 0.08413602592137991998, 0.06112840096925000605 ) ) ;
#4215 = CARTESIAN_POINT ( 'NONE',  ( 0.9553806294644674457, -0.09349878660231614180, 0.1732283464567000442 ) ) ;
#4216 = CARTESIAN_POINT ( 'NONE',  ( 0.7244094488188976833, -0.003937007874016000379, 1.917212598425000136 ) ) ;
#4217 = AXIS2_PLACEMENT_3D ( 'NONE', #7084, #4646, #9997 ) ;
#4218 = ORIENTED_EDGE ( 'NONE', *, *, #1516, .F. ) ;
#4219 = CARTESIAN_POINT ( 'NONE',  ( 1.207428311616999927, -0.09742608914478996518, -0.03739837169383999904 ) ) ;
#4220 = CARTESIAN_POINT ( 'NONE',  ( 1.054972301430999959, 0.09862204277947006492, 0.04758827830943000714 ) ) ;
#4221 = LINE ( 'NONE', #4319, #1881 ) ;
#4222 = DIRECTION ( 'NONE',  ( 0.000000000000000000, -1.000000000000000000, 0.000000000000000000 ) ) ;
#4223 = EDGE_CURVE ( 'NONE', #2837, #7651, #6413, .T. ) ;
#4224 = ADVANCED_FACE ( 'NONE', ( #4246 ), #5285, .T. ) ;
#4225 = CARTESIAN_POINT ( 'NONE',  ( 0.9833987724170001332, -0.09505360061837007934, 0.1794332257083000315 ) ) ;
#4226 = CARTESIAN_POINT ( 'NONE',  ( 0.8222440944882007940, 0.000000000000000000, 0.000000000000000000 ) ) ;
#4228 = CARTESIAN_POINT ( 'NONE',  ( 1.101954890482000016, 0.03224823098968999935, 0.09924984962000001076 ) ) ;
#4227 = VECTOR ( 'NONE', #2202, 39.37007874015748143 ) ;
#4229 = ORIENTED_EDGE ( 'NONE', *, *, #5724, .F. ) ;
#4230 = CARTESIAN_POINT ( 'NONE',  ( 0.7362204724408996093, 0.09311273659296002980, -0.03557440309001000389 ) ) ;
#4231 = CARTESIAN_POINT ( 'NONE',  ( 0.5810294838684999519, 0.01574803149606000124, -0.1526091352343000029 ) ) ;
#4232 = CARTESIAN_POINT ( 'NONE',  ( 1.084223363819499797, 0.03091510445189025666, 0.1150361429136075309 ) ) ;
#4233 = ORIENTED_EDGE ( 'NONE', *, *, #9975, .F. ) ;
#4234 = DIRECTION ( 'NONE',  ( 0.000000000000000000, 1.000000000000000000, 0.000000000000000000 ) ) ;
#4235 = CARTESIAN_POINT ( 'NONE',  ( 1.244039881833000294, -0.009475668413427992820, 0.1203997828730999919 ) ) ;
#4236 = EDGE_CURVE ( 'NONE', #38, #3552, #2727, .T. ) ;
#4237 = EDGE_CURVE ( 'NONE', #3634, #9977, #3365, .T. ) ;
#4238 = CARTESIAN_POINT ( 'NONE',  ( 1.109908165894364362, 0.08752153665226003465, 0.05683715047030001716 ) ) ;
#4239 = EDGE_CURVE ( 'NONE', #6923, #9992, #6903, .T. ) ;
#4240 = LINE ( 'NONE', #6504, #7817 ) ;
#4241 = CARTESIAN_POINT ( 'NONE',  ( 1.143760539452000069, 0.03271307799562000324, -0.1104375004920000042 ) ) ;
#4242 = DIRECTION ( 'NONE',  ( 0.000000000000000000, -0.6802292652421150221, 0.7329994179453162007 ) ) ;
#4243 = CARTESIAN_POINT ( 'NONE',  ( 0.8581926149423996231, -0.09146980171568996898, -0.1652792562029000156 ) ) ;
#4244 = CIRCLE ( 'NONE', #8927, 0.1574803149606000263 ) ;
#4245 = FACE_OUTER_BOUND ( 'NONE', #9557, .T. ) ;
#4246 = FACE_OUTER_BOUND ( 'NONE', #155, .T. ) ;
#4247 = CARTESIAN_POINT ( 'NONE',  ( 0.6498031496062991463, -0.3740157480314960647, -0.5314960629921000601 ) ) ;
#4248 = CARTESIAN_POINT ( 'NONE',  ( 1.390771487469999901, 0.02272619166960000020, 0.1024259529341999958 ) ) ;
#4249 = CARTESIAN_POINT ( 'NONE',  ( 1.272403932768999990, 0.000000000000000000, -0.1181102362205000006 ) ) ;
#4250 = CARTESIAN_POINT ( 'NONE',  ( 1.327602873959000007, -0.08886039316557008128, 0.07834097473947007617 ) ) ;
#4251 = ORIENTED_EDGE ( 'NONE', *, *, #7130, .F. ) ;
#4252 = ORIENTED_EDGE ( 'NONE', *, *, #8585, .F. ) ;
#4253 = ORIENTED_EDGE ( 'NONE', *, *, #5314, .T. ) ;
#4254 = DIRECTION ( 'NONE',  ( 0.000000000000000000, 0.000000000000000000, -1.000000000000000000 ) ) ;
#4255 = ORIENTED_EDGE ( 'NONE', *, *, #6312, .T. ) ;
#4256 = DIRECTION ( 'NONE',  ( 1.000000000000000000, 0.000000000000000000, 0.000000000000000000 ) ) ;
#4257 = CARTESIAN_POINT ( 'NONE',  ( 1.267309221190999979, -0.08442696480807007631, 0.06133978044347008357 ) ) ;
#4258 = CARTESIAN_POINT ( 'NONE',  ( 1.329804564084000162, 0.1042830840385000069, 0.03555164050879000559 ) ) ;
#4259 = CARTESIAN_POINT ( 'NONE',  ( 1.081047661433999885, 0.04523949281042999315, -0.1058260268368999973 ) ) ;
#4260 = CARTESIAN_POINT ( 'NONE',  ( 1.273691867756290730, 0.1181102362204999590, 0.01546059376767032305 ) ) ;
#4261 = FACE_OUTER_BOUND ( 'NONE', #9942, .T. ) ;
#4262 = CARTESIAN_POINT ( 'NONE',  ( 1.167950732044000128, -0.05452662706635000300, -0.08897936835102007724 ) ) ;
#4263 = CARTESIAN_POINT ( 'NONE',  ( 1.174088171556999960, 0.1014506417467999910, 0.01066289211801000128 ) ) ;
#4264 = CARTESIAN_POINT ( 'NONE',  ( 0.5984251968503937480, 0.1126864528502000001, 0.04687529344016000410 ) ) ;
#4265 = CARTESIAN_POINT ( 'NONE',  ( 1.279934873296999953, -0.08442696480807007631, 0.06133978044347008357 ) ) ;
#4266 = CARTESIAN_POINT ( 'NONE',  ( 1.044528786612000104, 0.03792437133931000209, -0.1027261694833999928 ) ) ;
#4267 = B_SPLINE_CURVE_WITH_KNOTS ( 'NONE', 3,
 ( #3879, #3113, #850, #8555 ),
 .UNSPECIFIED., .F., .F.,
 ( 4, 4 ),
 ( 0.000000000000000000, 1.000000000000000000 ),
 .UNSPECIFIED. ) ;
#4268 = CARTESIAN_POINT ( 'NONE',  ( 1.031496062992000029, 0.09842519685038997324, -1.175262948217000142E-12 ) ) ;
#4269 = LINE ( 'NONE', #1231, #9429 ) ;
#4270 = EDGE_CURVE ( 'NONE', #7784, #7090, #3389, .T. ) ;
#4271 = DIRECTION ( 'NONE',  ( 0.000000000000000000, 0.000000000000000000, 1.000000000000000000 ) ) ;
#4272 = CARTESIAN_POINT ( 'NONE',  ( 1.108352528278000237, -0.06777475368537008715, 0.07935404094590001178 ) ) ;
#4273 = CARTESIAN_POINT ( 'NONE',  ( 1.103908403189500342, -0.03091510445189051687, -0.1150361429136075309 ) ) ;
#4274 = EDGE_CURVE ( 'NONE', #37, #6731, #8785, .T. ) ;
#4275 = CARTESIAN_POINT ( 'NONE',  ( 1.071318652590000031, 0.07728546218952993263, 0.06958814267140001064 ) ) ;
#4276 = AXIS2_PLACEMENT_3D ( 'NONE', #7726, #6254, #1508 ) ;
#4277 = CARTESIAN_POINT ( 'NONE',  ( 1.182413884912330015, 0.01090847501141099275, 0.1037872224836424717 ) ) ;
#4278 = EDGE_CURVE ( 'NONE', #8035, #6263, #4382, .T. ) ;
#4279 = DIRECTION ( 'NONE',  ( 1.000000000000000000, 0.000000000000000000, 0.000000000000000000 ) ) ;
#4280 = CARTESIAN_POINT ( 'NONE',  ( 1.287789410842999915, -0.1104375004920000042, 0.03271307799562000324 ) ) ;
#4281 = VERTEX_POINT ( 'NONE', #2777 ) ;
#4282 = VECTOR ( 'NONE', #1114, 39.37007874015748143 ) ;
#4283 = LINE ( 'NONE', #5080, #1475 ) ;
#4284 = CARTESIAN_POINT ( 'NONE',  ( 1.122435080133999952, -0.003015078472523000357, 0.1151412015252999965 ) ) ;
#4285 = CARTESIAN_POINT ( 'NONE',  ( 1.049335407712999935, -0.02713672894063000329, -0.1106773350079000157 ) ) ;
#4286 = ADVANCED_FACE ( 'NONE', ( #7523 ), #6754, .T. ) ;
#4287 = CARTESIAN_POINT ( 'NONE',  ( 0.7355155807016005021, -0.008135814401646004543, 0.2089511782468999879 ) ) ;
#4288 = DIRECTION ( 'NONE',  ( 0.000000000000000000, 0.000000000000000000, -1.000000000000000000 ) ) ;
#4289 = CARTESIAN_POINT ( 'NONE',  ( 1.160280823936427064, -0.04957307649269947908, -0.09173968057916151442 ) ) ;
#4290 = FACE_BOUND ( 'NONE', #1769, .T. ) ;
#4291 = DIRECTION ( 'NONE',  ( -1.000000000000000000, 5.643862514008999239E-11, 0.000000000000000000 ) ) ;
#4292 = DIRECTION ( 'NONE',  ( 0.000000000000000000, -0.9997541118987406383, -0.02217466440694088742 ) ) ;
#4293 = ORIENTED_EDGE ( 'NONE', *, *, #8632, .T. ) ;
#4294 = VERTEX_POINT ( 'NONE', #2111 ) ;
#4295 = CARTESIAN_POINT ( 'NONE',  ( 1.172020300442999874, 0.08144502098066003226, 0.08144515336377008974 ) ) ;
#4296 = ORIENTED_EDGE ( 'NONE', *, *, #6098, .F. ) ;
#4297 = ORIENTED_EDGE ( 'NONE', *, *, #7080, .F. ) ;
#4298 = FACE_OUTER_BOUND ( 'NONE', #649, .T. ) ;
#4299 = ORIENTED_EDGE ( 'NONE', *, *, #1026, .F. ) ;
#4300 = EDGE_CURVE ( 'NONE', #415, #6120, #4971, .T. ) ;
#4301 = DIRECTION ( 'NONE',  ( 1.000000000000000000, 0.000000000000000000, 0.000000000000000000 ) ) ;
#4302 = CARTESIAN_POINT ( 'NONE',  ( 1.263044129327000054, -0.02700970012306000076, 0.1008015731564999989 ) ) ;
#4303 = CIRCLE ( 'NONE', #608, 0.08267716535433068670 ) ;
#4304 = ORIENTED_EDGE ( 'NONE', *, *, #2547, .F. ) ;
#4305 = CARTESIAN_POINT ( 'NONE',  ( 1.312936125763999984, -0.07847561074222009214, -0.07733345090817991818 ) ) ;
#4306 = AXIS2_PLACEMENT_3D ( 'NONE', #4092, #6463, #3545 ) ;
#4307 = VERTEX_POINT ( 'NONE', #2004 ) ;
#4308 = AXIS2_PLACEMENT_3D ( 'NONE', #9389, #6410, #1808 ) ;
#4309 = CARTESIAN_POINT ( 'NONE',  ( 1.135353938489000125, 0.03988597067845000427, 0.1079577186163999947 ) ) ;
#4310 = CARTESIAN_POINT ( 'NONE',  ( 0.5787401574803000548, 0.000000000000000000, 0.1220472440945000042 ) ) ;
#4311 = CARTESIAN_POINT ( 'NONE',  ( 1.093311624432000029, 0.01090832572257000033, -0.1037857865099000160 ) ) ;
#4312 = CARTESIAN_POINT ( 'NONE',  ( 1.274317830348999925, -0.09608148263394998556, -0.03979825319989999111 ) ) ;
#4313 = DIRECTION ( 'NONE',  ( 0.000000000000000000, 1.000000000000000000, 0.000000000000000000 ) ) ;
#4314 = ADVANCED_FACE ( 'NONE', ( #9044 ), #2827, .T. ) ;
#4315 = CARTESIAN_POINT ( 'NONE',  ( 1.211693403481000075, -0.05217873381839999852, -0.09037621804783996238 ) ) ;
#4316 = ORIENTED_EDGE ( 'NONE', *, *, #1822, .F. ) ;
#4317 = CARTESIAN_POINT ( 'NONE',  ( 1.140609122942000120, 0.002251442354111000271, 0.1094800550594000055 ) ) ;
#4318 = AXIS2_PLACEMENT_3D ( 'NONE', #3605, #713, #6733 ) ;
#4319 = CARTESIAN_POINT ( 'NONE',  ( 1.311774011509000193, 0.000000000000000000, -0.1181102362205000006 ) ) ;
#4320 = FACE_OUTER_BOUND ( 'NONE', #2390, .T. ) ;
#4321 = CARTESIAN_POINT ( 'NONE',  ( 0.5787401574803000548, -0.1351639017700000112, -0.05985265462468995767 ) ) ;
#4322 = CARTESIAN_POINT ( 'NONE',  ( 1.042954453037000073, -0.03102579983720000004, -0.09823580676703996817 ) ) ;
#4323 = CARTESIAN_POINT ( 'NONE',  ( 0.5841804246273000212, 0.1553113939093999918, 0.000000000000000000 ) ) ;
#4324 = CIRCLE ( 'NONE', #8842, 0.2133049650658001284 ) ;
#4325 = AXIS2_PLACEMENT_3D ( 'NONE', #5345, #914, #7683 ) ;
#4326 = CARTESIAN_POINT ( 'NONE',  ( 0.5984251968503937480, 0.000000000000000000, 0.000000000000000000 ) ) ;
#4327 = DIRECTION ( 'NONE',  ( -1.000000000000000000, 0.000000000000000000, 0.000000000000000000 ) ) ;
#4328 = CARTESIAN_POINT ( 'NONE',  ( 1.214402073888392053, 0.1000613763620298302, 0.02963953000291062387 ) ) ;
#4329 = CARTESIAN_POINT ( 'NONE',  ( 1.114923617808000200, 0.000000000000000000, -0.1181102362205000006 ) ) ;
#4330 = CARTESIAN_POINT ( 'NONE',  ( 1.203521509128999911, 0.01262411928322000089, 0.1201104898106000046 ) ) ;
#4331 = LINE ( 'NONE', #1352, #2773 ) ;
#4332 = CARTESIAN_POINT ( 'NONE',  ( 1.150158177246999980, 0.1112559848705000076, -0.02981095129919000483 ) ) ;
#4333 = DIRECTION ( 'NONE',  ( 1.000000000000000000, 0.000000000000000000, 0.000000000000000000 ) ) ;
#4334 = DIRECTION ( 'NONE',  ( -1.000000000000000000, 0.000000000000000000, 0.000000000000000000 ) ) ;
#4335 = CARTESIAN_POINT ( 'NONE',  ( 1.091137528569249726, 0.07258425826477025999, 0.09444883965335074127 ) ) ;
#4336 = CARTESIAN_POINT ( 'NONE',  ( -0.08759842519685039075, 0.000000000000000000, 0.000000000000000000 ) ) ;
#4337 = DIRECTION ( 'NONE',  ( 0.000000000000000000, 1.000000000000000000, 0.000000000000000000 ) ) ;
#4338 = CARTESIAN_POINT ( 'NONE',  ( 1.391382490573999986, -0.05357547314793999899, 0.08722207079068997060 ) ) ;
#4339 = EDGE_CURVE ( 'NONE', #3033, #6206, #631, .T. ) ;
#4340 = ADVANCED_FACE ( 'NONE', ( #3542 ), #6417, .T. ) ;
#4341 = DIRECTION ( 'NONE',  ( 1.000000000000000000, 0.000000000000000000, 0.000000000000000000 ) ) ;
#4342 = CARTESIAN_POINT ( 'NONE',  ( 1.347606853238999980, 0.1031568429544000021, 0.03637785929785000011 ) ) ;
#4343 = CARTESIAN_POINT ( 'NONE',  ( 0.6384300491361004637, -0.1216661798501000036, 0.05205974124081999554 ) ) ;
#4344 = ORIENTED_EDGE ( 'NONE', *, *, #3417, .F. ) ;
#4345 = CARTESIAN_POINT ( 'NONE',  ( 1.248791953987000047, 0.1026267293788999946, 0.05229093041692000482 ) ) ;
#4346 = VERTEX_POINT ( 'NONE', #2976 ) ;
#4347 = CARTESIAN_POINT ( 'NONE',  ( 1.047973619356157293, 0.02937376816153894343, -0.09914805427949219263 ) ) ;
#4348 = ORIENTED_EDGE ( 'NONE', *, *, #6774, .T. ) ;
#4349 = CARTESIAN_POINT ( 'NONE',  ( 0.6102362204723996708, -0.3543307086614000401, 0.3543307086614000401 ) ) ;
#4350 = ORIENTED_EDGE ( 'NONE', *, *, #5149, .T. ) ;
#4351 = LINE ( 'NONE', #5160, #5090 ) ;
#4352 = DIRECTION ( 'NONE',  ( 0.000000000000000000, 1.000000000000000000, 0.000000000000000000 ) ) ;
#4353 = ADVANCED_FACE ( 'NONE', ( #1201 ), #2880, .F. ) ;
#4354 = ORIENTED_EDGE ( 'NONE', *, *, #2237, .T. ) ;
#4355 = CARTESIAN_POINT ( 'NONE',  ( 1.378000102142000083, -0.01823246884844000049, 0.1086572245340000076 ) ) ;
#4356 = UNCERTAINTY_MEASURE_WITH_UNIT (LENGTH_MEASURE( 1.000000000000000082E-05 ), #1824, 'distance_accuracy_value', 'NONE');
#4357 = CARTESIAN_POINT ( 'NONE',  ( 1.150985783674000063, -0.05736980933551000944, -0.1061682743071999946 ) ) ;
#4358 = CARTESIAN_POINT ( 'NONE',  ( 0.8661417272439999593, -7.089001153372007411E-08, 2.654845646351999710E-08 ) ) ;
#4359 = CARTESIAN_POINT ( 'NONE',  ( 1.069853619182999926, 0.04979507987150000314, 0.09171112839765001301 ) ) ;
#4360 = CARTESIAN_POINT ( 'NONE',  ( 1.294609354110000110, 0.05968658845680000630, 0.09190928686668996261 ) ) ;
#4361 = DIRECTION ( 'NONE',  ( 0.000000000000000000, 0.000000000000000000, 1.000000000000000000 ) ) ;
#4362 = CARTESIAN_POINT ( 'NONE',  ( 1.188291939393000041, 0.04492705090909000082, 0.09419148551886005749 ) ) ;
#4363 = CARTESIAN_POINT ( 'NONE',  ( 1.092568954777000112, 0.1079879685097000080, 0.01815351496623000133 ) ) ;
#4364 = CARTESIAN_POINT ( 'NONE',  ( 0.7362204724408996093, 0.01574803149606000124, -0.09842519685038997324 ) ) ;
#4365 = CARTESIAN_POINT ( 'NONE',  ( 0.9841847292165000205, -0.09564333788652007451, 0.1818135286545999874 ) ) ;
#4366 = CARTESIAN_POINT ( 'NONE',  ( 0.7322726316473996411, 0.01280516236975000333, -0.1559417421908000090 ) ) ;
#4367 = CARTESIAN_POINT ( 'NONE',  ( 0.7362204724408996093, 0.000000000000000000, 0.000000000000000000 ) ) ;
#4368 = CARTESIAN_POINT ( 'NONE',  ( 1.136075625389999955, 0.09533529053063996561, 0.04244600606646999758 ) ) ;
#4369 = AXIS2_PLACEMENT_3D ( 'NONE', #8420, #3882, #5332 ) ;
#4370 = CARTESIAN_POINT ( 'NONE',  ( 1.197412340197000047, 0.1022864650138999992, 0.05905511811023995972 ) ) ;
#4371 = CARTESIAN_POINT ( 'NONE',  ( 0.5841804246273000212, -0.01574803149606000124, 0.1545109335357000291 ) ) ;
#4372 = CARTESIAN_POINT ( 'NONE',  ( 1.212269527956391757, 0.1042158834341182921, -0.005461723016800367446 ) ) ;
#4373 = CARTESIAN_POINT ( 'NONE',  ( 0.4921259842520000483, -0.5314960629921000601, -0.3740157480314960647 ) ) ;
#4374 = CARTESIAN_POINT ( 'NONE',  ( 0.5984251968503937480, 0.000000000000000000, 0.000000000000000000 ) ) ;
#4375 = CARTESIAN_POINT ( 'NONE',  ( 1.302717232365000255, 0.05759033553228999625, -0.09974938716658995896 ) ) ;
#4376 = VECTOR ( 'NONE', #7715, 39.37007874015748143 ) ;
#4377 = CARTESIAN_POINT ( 'NONE',  ( 0.7346171654644999549, 0.009990447326574999204, -0.2070132290736000358 ) ) ;
#4378 = CARTESIAN_POINT ( 'NONE',  ( 1.182146366223000067, 0.01503409427680999985, -0.1141952843586999944 ) ) ;
#4379 = DIRECTION ( 'NONE',  ( 1.000000000000000000, 0.000000000000000000, 0.000000000000000000 ) ) ;
#4380 = CARTESIAN_POINT ( 'NONE',  ( 0.5393700787402000429, 0.000000000000000000, 0.000000000000000000 ) ) ;
#4381 = CARTESIAN_POINT ( 'NONE',  ( 0.7362204724408996093, -0.1383078312671000010, 0.07530599850137008333 ) ) ;
#4382 = LINE ( 'NONE', #6616, #5130 ) ;
#4383 = B_SPLINE_CURVE_WITH_KNOTS ( 'NONE', 3,
 ( #797, #2339, #1492, #5980, #4614, #7571, #4566, #9972, #6806, #6082, #7709, #7758, #3873, #9, #5282, #6946, #2196, #645 ),
 .UNSPECIFIED., .F., .F.,
 ( 4, 2, 2, 2, 2, 2, 2, 2, 4 ),
 ( 0.000000000000000000, 0.1250000000000000278, 0.2500000000000000555, 0.3750000000000000000, 0.5000000000000000000, 0.6250000000000000000, 0.7500000000000000000, 0.8750000000000001110, 1.000000000000000000 ),
 .UNSPECIFIED. ) ;
#4384 = CARTESIAN_POINT ( 'NONE',  ( 1.379944609163000102, 0.05949335099436003915, 0.08641792045599999694 ) ) ;
#4385 = CARTESIAN_POINT ( 'NONE',  ( 1.000000080887000209, -0.09349880026292992086, 0.1732278469391000109 ) ) ;
#4386 = CARTESIAN_POINT ( 'NONE',  ( 1.354825171998000011, 0.06349475757137007514, 0.09583922979598996639 ) ) ;
#4387 = CARTESIAN_POINT ( 'NONE',  ( 1.361583097742240511, -0.002422200044605539102, 0.1181100750794563670 ) ) ;
#4388 = CARTESIAN_POINT ( 'NONE',  ( 1.180550484170000081, -0.06273188960587008922, 0.09659863943552993160 ) ) ;
#4389 = ORIENTED_EDGE ( 'NONE', *, *, #4958, .T. ) ;
#4390 = AXIS2_PLACEMENT_3D ( 'NONE', #8402, #1483, #6124 ) ;
#4391 = CARTESIAN_POINT ( 'NONE',  ( 0.7322726316473996411, -0.1414520914324999823, 0.06688127518360000023 ) ) ;
#4392 = ORIENTED_EDGE ( 'NONE', *, *, #2920, .T. ) ;
#4393 = ORIENTED_EDGE ( 'NONE', *, *, #9210, .F. ) ;
#4394 = FACE_OUTER_BOUND ( 'NONE', #2394, .T. ) ;
#4395 = PRODUCT_RELATED_PRODUCT_CATEGORY ( 'part', '', ( #773 ) ) ;
#4396 = ORIENTED_EDGE ( 'NONE', *, *, #2988, .T. ) ;
#4397 = EDGE_CURVE ( 'NONE', #3109, #3762, #4636, .T. ) ;
#4398 = FACE_OUTER_BOUND ( 'NONE', #6865, .T. ) ;
#4399 = CARTESIAN_POINT ( 'NONE',  ( 0.7362204724408996093, -0.003937007874016000379, -0.2132686289419000181 ) ) ;
#4400 = EDGE_CURVE ( 'NONE', #9229, #5659, #6247, .T. ) ;
#4401 = CARTESIAN_POINT ( 'NONE',  ( 0.6181102362204999867, 0.000000000000000000, -0.1220472440945000042 ) ) ;
#4402 = CARTESIAN_POINT ( 'NONE',  ( 1.133435962244500050, -0.1150361429136074615, 0.03091510445189059667 ) ) ;
#4403 = VECTOR ( 'NONE', #7240, 39.37007874015748143 ) ;
#4404 = CARTESIAN_POINT ( 'NONE',  ( 1.313692830349000085, -0.09656492724033996500, -0.04008736214078999216 ) ) ;
#4405 = EDGE_CURVE ( 'NONE', #9937, #638, #7912, .T. ) ;
#4406 = CARTESIAN_POINT ( 'NONE',  ( 1.065348962162999902, -0.1206386875035000139, 0.003050339386594999938 ) ) ;
#4407 = CARTESIAN_POINT ( 'NONE',  ( 0.5837862971707000748, 0.1258248727427999925, 0.09082928459569999946 ) ) ;
#4408 = ADVANCED_FACE ( 'NONE', ( #7625 ), #9805, .F. ) ;
#4409 = CARTESIAN_POINT ( 'NONE',  ( 1.150890364590000159, 0.01362138288035000082, 0.1034646750344000027 ) ) ;
#4410 = FACE_OUTER_BOUND ( 'NONE', #3204, .T. ) ;
#4411 = ADVANCED_FACE ( 'NONE', ( #8560 ), #9983, .T. ) ;
#4412 = CARTESIAN_POINT ( 'NONE',  ( 1.301316873775999916, 0.09924984962422009338, 0.03224823102986000556 ) ) ;
#4413 = ORIENTED_EDGE ( 'NONE', *, *, #3668, .T. ) ;
#4414 = FACE_BOUND ( 'NONE', #6261, .T. ) ;
#4415 = LINE ( 'NONE', #4268, #268 ) ;
#4416 = EDGE_CURVE ( 'NONE', #5965, #5488, #20, .T. ) ;
#4417 = CARTESIAN_POINT ( 'NONE',  ( 0.7244094488188976833, 0.01574803149606000124, -0.1536382109453000022 ) ) ;
#4418 = VERTEX_POINT ( 'NONE', #6190 ) ;
#4419 = PLANE ( 'NONE',  #9722 ) ;
#4420 = DIRECTION ( 'NONE',  ( -1.000000000000000000, 0.000000000000000000, 0.000000000000000000 ) ) ;
#4421 = ADVANCED_FACE ( 'NONE', ( #858 ), #762, .F. ) ;
#4422 = DIRECTION ( 'NONE',  ( -1.000000000000000000, 0.000000000000000000, 0.000000000000000000 ) ) ;
#4423 = CARTESIAN_POINT ( 'NONE',  ( 1.405511811024000357, 0.000000000000000000, -0.07874015748032008044 ) ) ;
#4424 = CARTESIAN_POINT ( 'NONE',  ( 0.7309195682576004049, -0.1277490866393000135, 0.08973893678023996123 ) ) ;
#4425 = CARTESIAN_POINT ( 'NONE',  ( 0.6102362204723996708, 0.4370078740156999597, 0.3543307086614000401 ) ) ;
#4426 = DIRECTION ( 'NONE',  ( -1.000000000000000000, 0.000000000000000000, 0.000000000000000000 ) ) ;
#4427 = CARTESIAN_POINT ( 'NONE',  ( 1.213150303231000038, -0.1075304200170000002, -0.04127706091347000533 ) ) ;
#4428 = CIRCLE ( 'NONE', #2477, 0.007874015748030998088 ) ;
#4429 = DIRECTION ( 'NONE',  ( 1.000000000000000000, 0.000000000000000000, 0.000000000000000000 ) ) ;
#4430 = CARTESIAN_POINT ( 'NONE',  ( 1.162953452838000112, -0.02394740807054999629, 0.1126636970527000042 ) ) ;
#4431 = CARTESIAN_POINT ( 'NONE',  ( 0.5841804246273000212, -0.1416844093523999815, 0.06361727143266003581 ) ) ;
#4432 = CARTESIAN_POINT ( 'NONE',  ( 0.6104330708661004357, 0.000000000000000000, 0.000000000000000000 ) ) ;
#4433 = DIRECTION ( 'NONE',  ( 1.000000000000000000, 0.000000000000000000, 0.000000000000000000 ) ) ;
#4434 = DIRECTION ( 'NONE',  ( 0.000000000000000000, 0.000000000000000000, 1.000000000000000000 ) ) ;
#4435 = VECTOR ( 'NONE', #9157, 39.37007874015748854 ) ;
#4436 = AXIS2_PLACEMENT_3D ( 'NONE', #2538, #8596, #3917 ) ;
#4437 = CARTESIAN_POINT ( 'NONE',  ( 1.355235837031000257, -0.09179331871126004960, 0.05080858986628999929 ) ) ;
#4438 = DIRECTION ( 'NONE',  ( 0.000000000000000000, -0.9997541118987406383, -0.02217466440694088742 ) ) ;
#4439 = CARTESIAN_POINT ( 'NONE',  ( 1.340643741552000057, 0.03322827776729999488, -0.1100573658040999991 ) ) ;
#4440 = VERTEX_POINT ( 'NONE', #2351 ) ;
#4441 = CARTESIAN_POINT ( 'NONE',  ( 1.212538673147000035, 0.06523905046413995545, 0.09492340744733997193 ) ) ;
#4442 = ORIENTED_EDGE ( 'NONE', *, *, #4405, .F. ) ;
#4443 = CARTESIAN_POINT ( 'NONE',  ( 0.4921259842520000483, -0.5314960629921000601, 0.3740157480314960647 ) ) ;
#4444 = DIRECTION ( 'NONE',  ( -1.000000000000000000, 0.000000000000000000, 0.000000000000000000 ) ) ;
#4445 = EDGE_LOOP ( 'NONE', ( #355, #8288, #3251, #8576 ) ) ;
#4446 = ORIENTED_EDGE ( 'NONE', *, *, #5942, .T. ) ;
#4447 = DIRECTION ( 'NONE',  ( 0.000000000000000000, 0.000000000000000000, -1.000000000000000000 ) ) ;
#4448 = CARTESIAN_POINT ( 'NONE',  ( 1.000000086036999969, 0.09349879745523995145, 0.1732284221662000190 ) ) ;
#4449 = CARTESIAN_POINT ( 'NONE',  ( 1.055209237341323325, 0.01240163587302685159, 0.1181117723651536888 ) ) ;
#4450 = CIRCLE ( 'NONE', #6385, 0.1535433070865999949 ) ;
#4451 = CARTESIAN_POINT ( 'NONE',  ( 1.330700931815999910, 0.01073016254288000106, 0.1209442892066000114 ) ) ;
#4452 = CARTESIAN_POINT ( 'NONE',  ( 1.105034318472999821, -0.1206394251757999941, -0.003021024032009999877 ) ) ;
#4453 = EDGE_CURVE ( 'NONE', #4998, #6900, #7429, .T. ) ;
#4454 = VECTOR ( 'NONE', #5440, 39.37007874015748854 ) ;
#4455 = CARTESIAN_POINT ( 'NONE',  ( 0.6804168098318996716, 0.1153298400433000054, 0.08476997464151003747 ) ) ;
#4456 = B_SPLINE_CURVE_WITH_KNOTS ( 'NONE', 3,
 ( #2999, #44, #9908, #8491, #7554, #2230, #2184, #8443, #3145, #4461, #6067, #3718, #678 ),
 .UNSPECIFIED., .F., .F.,
 ( 4, 1, 1, 1, 1, 1, 1, 1, 1, 1, 4 ),
 ( 0.000000000000000000, 0.1000000000000000056, 0.2000000000000000111, 0.2999999999999999889, 0.4000000000000000222, 0.5000000000000000000, 0.5999999999999999778, 0.6999999999999999556, 0.8000000000000000444, 0.9000000000000000222, 1.000000000000000000 ),
 .UNSPECIFIED. ) ;
#4457 = VERTEX_POINT ( 'NONE', #1700 ) ;
#4458 = CARTESIAN_POINT ( 'NONE',  ( 1.299184327844000286, 0.1043217069378999939, -0.002731760046629999519 ) ) ;
#4459 = ORIENTED_EDGE ( 'NONE', *, *, #7991, .F. ) ;
#4460 = FACE_OUTER_BOUND ( 'NONE', #3396, .T. ) ;
#4461 = CARTESIAN_POINT ( 'NONE',  ( 0.9838867820207009007, 0.09534120890117993297, 0.1805922170975000074 ) ) ;
#4462 = ORIENTED_EDGE ( 'NONE', *, *, #3059, .F. ) ;
#4463 = AXIS2_PLACEMENT_3D ( 'NONE', #6334, #4064, #792 ) ;
#4464 = AXIS2_PLACEMENT_3D ( 'NONE', #2033, #3621, #585 ) ;
#4465 = CARTESIAN_POINT ( 'NONE',  ( 0.5787401574803000548, -0.1126864528502000001, 0.04687529344016000410 ) ) ;
#4466 = ORIENTED_EDGE ( 'NONE', *, *, #3755, .T. ) ;
#4467 = ADVANCED_FACE ( 'NONE', ( #953 ), #7321, .F. ) ;
#4468 = CARTESIAN_POINT ( 'NONE',  ( 0.7249764069818995793, 0.1253074966310999960, -0.09053057735836003705 ) ) ;
#4469 = FACE_OUTER_BOUND ( 'NONE', #5204, .T. ) ;
#4470 = EDGE_CURVE ( 'NONE', #4543, #209, #4644, .T. ) ;
#4471 = DIRECTION ( 'NONE',  ( -1.000000000000000000, 0.000000000000000000, 0.000000000000000000 ) ) ;
#4472 = DIRECTION ( 'NONE',  ( 1.000000000000000000, 0.000000000000000000, 0.000000000000000000 ) ) ;
#4473 = CARTESIAN_POINT ( 'NONE',  ( 0.7244094488188976833, -0.1251805779226000115, 0.09045730080782006521 ) ) ;
#4474 = AXIS2_PLACEMENT_3D ( 'NONE', #4041, #5538, #2511 ) ;
#4475 = CARTESIAN_POINT ( 'NONE',  ( -0.07874015748031004680, 0.000000000000000000, -0.09055118110236003159 ) ) ;
#4476 = CONICAL_SURFACE ( 'NONE', #104, 0.09367113481622992011, 0.7853981633972997312 ) ;
#4477 = EDGE_LOOP ( 'NONE', ( #6019, #5719, #9547, #1630 ) ) ;
#4478 = CARTESIAN_POINT ( 'NONE',  ( 1.011811083030000002, 0.09046570508707006686, -0.1614166136835000209 ) ) ;
#4479 = CARTESIAN_POINT ( 'NONE',  ( 1.232343216617000303, 0.1104375004920000042, 0.03271307799562000324 ) ) ;
#4480 = CIRCLE ( 'NONE', #6087, 0.2020722792146999736 ) ;
#4481 = AXIS2_PLACEMENT_3D ( 'NONE', #3334, #7126, #1105 ) ;
#4482 = DIRECTION ( 'NONE',  ( 0.000000000000000000, 0.8078304555416832011, 0.5894149260913882360 ) ) ;
#4483 = CARTESIAN_POINT ( 'NONE',  ( 1.064856339976999910, 0.02981106133781000200, -0.1112560338628999917 ) ) ;
#4484 = CARTESIAN_POINT ( 'NONE',  ( 0.5830288430312999814, -0.1412995412108999926, 0.06339506770756003773 ) ) ;
#4485 = AXIS2_PLACEMENT_3D ( 'NONE', #5620, #8541, #108 ) ;
#4486 = DIRECTION ( 'NONE',  ( -1.000000000000000000, 0.000000000000000000, 0.000000000000000000 ) ) ;
#4487 = CARTESIAN_POINT ( 'NONE',  ( 1.095238578438000099, 0.000000000000000000, 0.1181102362205000006 ) ) ;
#4488 = AXIS2_PLACEMENT_3D ( 'NONE', #891, #8454, #4021 ) ;
#4489 = CARTESIAN_POINT ( 'NONE',  ( 1.174741067338960665, 0.1008441103725448845, 0.02488234194594253143 ) ) ;
#4490 = CARTESIAN_POINT ( 'NONE',  ( 1.386562936768000132, 0.02272619166960000020, 0.1024259529341999958 ) ) ;
#4491 = CARTESIAN_POINT ( 'NONE',  ( 0.4724409448819000268, 0.3543307086614000401, -0.3543307086614000401 ) ) ;
#4492 = CARTESIAN_POINT ( 'NONE',  ( 1.352799253362999998, 0.09065467173690000546, 0.07069987764634999561 ) ) ;
#4493 = CARTESIAN_POINT ( 'NONE',  ( 0.6498031496062991463, 0.5314960629921000601, 0.3740157480314960647 ) ) ;
#4494 = CARTESIAN_POINT ( 'NONE',  ( 1.238129224327999989, 0.03844809805249000539, -0.1085740795173000123 ) ) ;
#4495 = DIRECTION ( 'NONE',  ( 1.000000000000000000, 0.000000000000000000, 0.000000000000000000 ) ) ;
#4496 = ORIENTED_EDGE ( 'NONE', *, *, #5934, .F. ) ;
#4497 = CARTESIAN_POINT ( 'NONE',  ( 0.7346171654644999549, 0.1742834916338999729, 0.1121585957167999942 ) ) ;
#4498 = FACE_OUTER_BOUND ( 'NONE', #1368, .T. ) ;
#4499 = CARTESIAN_POINT ( 'NONE',  ( 1.204684794323000130, -0.1039622099295000046, -0.002722346286127999820 ) ) ;
#4500 = CARTESIAN_POINT ( 'NONE',  ( 1.297767314142999950, -0.09630965515862006943, 0.07062967978747007602 ) ) ;
#4501 = CARTESIAN_POINT ( 'NONE',  ( 1.073703774017999990, -0.03133936992765999630, -0.1165368670656000000 ) ) ;
#4502 = B_SPLINE_CURVE_WITH_KNOTS ( 'NONE', 3,
 ( #9802, #5162, #377, #5909, #3467, #9010, #5210, #1326, #4449, #2945 ),
 .UNSPECIFIED., .F., .F.,
 ( 4, 2, 2, 2, 4 ),
 ( 0.000000000000000000, 0.07156392394888830277, 0.1431278478977765778, 0.2146917718466649083, 0.2862556957955532111 ),
 .UNSPECIFIED. ) ;
#4503 = CARTESIAN_POINT ( 'NONE',  ( 0.7244094488188976833, 0.1655628205247000329, -0.1137719994447000116 ) ) ;
#4504 = CARTESIAN_POINT ( 'NONE',  ( 1.245870679550999727, -0.06567428234212992211, -0.08110098452177991191 ) ) ;
#4505 = ORIENTED_EDGE ( 'NONE', *, *, #4162, .T. ) ;
#4506 = CARTESIAN_POINT ( 'NONE',  ( 0.6498031496062991463, -0.5314960629921000601, 0.3740157480314960647 ) ) ;
#4507 = DIRECTION ( 'NONE',  ( 1.000000000000000000, 0.000000000000000000, 0.000000000000000000 ) ) ;
#4508 = ORIENTED_EDGE ( 'NONE', *, *, #2769, .F. ) ;
#4509 = CARTESIAN_POINT ( 'NONE',  ( 0.7244094488188976833, 0.1251805779226000115, -0.09045730080782006521 ) ) ;
#4510 = CARTESIAN_POINT ( 'NONE',  ( 0.9819196039739999105, 0.09455477861633997116, -0.1774314742987000149 ) ) ;
#4511 = DIRECTION ( 'NONE',  ( 0.000000000000000000, -0.03368147794397076400, 0.9994326180606223353 ) ) ;
#4512 = CARTESIAN_POINT ( 'NONE',  ( 0.5787401574803000548, 0.1126864528502000001, 0.04687529344016000410 ) ) ;
#4513 = CARTESIAN_POINT ( 'NONE',  ( 0.6673228346457008575, 0.1397637795276000239, 0.000000000000000000 ) ) ;
#4514 = CARTESIAN_POINT ( 'NONE',  ( -0.06692913385827008177, 0.000000000000000000, 0.09055118110236003159 ) ) ;
#4515 = CARTESIAN_POINT ( 'NONE',  ( 0.9841847292165000205, -0.09564333788652007451, -0.1818135286545999874 ) ) ;
#4516 = EDGE_CURVE ( 'NONE', #619, #7031, #6568, .T. ) ;
#4517 = LINE ( 'NONE', #2244, #9065 ) ;
#4518 = EDGE_CURVE ( 'NONE', #2997, #10002, #2719, .T. ) ;
#4519 = ADVANCED_FACE ( 'NONE', ( #2126 ), #3039, .T. ) ;
#4520 = CARTESIAN_POINT ( 'NONE',  ( 1.227044189197000090, 0.1094390709590000038, -0.005735458675759000542 ) ) ;
#4521 = VECTOR ( 'NONE', #368, 39.37007874015748854 ) ;
#4522 = ORIENTED_EDGE ( 'NONE', *, *, #1520, .T. ) ;
#4523 = CARTESIAN_POINT ( 'NONE',  ( 0.7244094488188976833, -0.01574803149606000124, -0.2002676082188999951 ) ) ;
#4524 = CARTESIAN_POINT ( 'NONE',  ( 1.085147863738000096, -0.08333232648424999944, 0.07117253052491004373 ) ) ;
#4525 = EDGE_CURVE ( 'NONE', #2642, #7233, #4502, .T. ) ;
#4526 = CARTESIAN_POINT ( 'NONE',  ( 0.5802225316246999443, -0.1392168035423999861, 0.06219259855397991921 ) ) ;
#4527 = VERTEX_POINT ( 'NONE', #4401 ) ;
#4528 = CARTESIAN_POINT ( 'NONE',  ( 0.7248214206942993343, -0.01574803149606000124, 0.2004019123945000314 ) ) ;
#4529 = CARTESIAN_POINT ( 'NONE',  ( -0.03937007874015999859, 0.000000000000000000, 0.2592016018472000360 ) ) ;
#4530 = AXIS2_PLACEMENT_3D ( 'NONE', #3278, #9427, #8609 ) ;
#4531 = EDGE_CURVE ( 'NONE', #3552, #7483, #2893, .T. ) ;
#4532 = FACE_OUTER_BOUND ( 'NONE', #6269, .T. ) ;
#4533 = B_SPLINE_CURVE_WITH_KNOTS ( 'NONE', 3,
 ( #4196, #8946, #507, #1107, #3643, #8848 ),
 .UNSPECIFIED., .F., .F.,
 ( 4, 1, 1, 4 ),
 ( 0.000000000000000000, 0.3333333333333000081, 0.6666666666667000474, 1.000000000000000000 ),
 .UNSPECIFIED. ) ;
#4534 = CARTESIAN_POINT ( 'NONE',  ( 1.055845675752427271, 0.1035732264775706818, 0.01209319107562570328 ) ) ;
#4535 = CARTESIAN_POINT ( 'NONE',  ( 1.386370680903999952, -0.04239408918907999757, 0.09409014822354999641 ) ) ;
#4536 = CARTESIAN_POINT ( 'NONE',  ( 0.5788054699796000291, 0.1362428926568000076, -0.06047561030363995949 ) ) ;
#4537 = AXIS2_PLACEMENT_3D ( 'NONE', #1345, #3530, #8109 ) ;
#4538 = CARTESIAN_POINT ( 'NONE',  ( 1.382047470037000236, 0.09860405649671004358, -0.04734907191108000263 ) ) ;
#4539 = ORIENTED_EDGE ( 'NONE', *, *, #4470, .T. ) ;
#4540 = CARTESIAN_POINT ( 'NONE',  ( 1.237095288770999835, 0.07600433443792992128, -0.09385753648173995878 ) ) ;
#4541 = DIRECTION ( 'NONE',  ( 0.000000000000000000, -1.000000000000000000, 0.000000000000000000 ) ) ;
#4542 = DIRECTION ( 'NONE',  ( 0.000000000000000000, -0.01014706186315036777, 0.9999485172425356394 ) ) ;
#4543 = VERTEX_POINT ( 'NONE', #2367 ) ;
#4544 = CARTESIAN_POINT ( 'NONE',  ( 0.7244094488188976833, 0.000000000000000000, 0.000000000000000000 ) ) ;
#4545 = FACE_OUTER_BOUND ( 'NONE', #6519, .T. ) ;
#4546 = EDGE_CURVE ( 'NONE', #2260, #4694, #5614, .T. ) ;
#4547 = DIRECTION ( 'NONE',  ( 1.000000000000000000, 0.000000000000000000, 0.000000000000000000 ) ) ;
#4548 = CARTESIAN_POINT ( 'NONE',  ( 0.5787401574803000548, -0.1351639017700000112, 0.05985265462468995767 ) ) ;
#4549 = ORIENTED_EDGE ( 'NONE', *, *, #581, .T. ) ;
#4550 = CARTESIAN_POINT ( 'NONE',  ( 1.069526368091000101, -0.09669336829327992988, -0.07220380890949999741 ) ) ;
#4551 = FACE_OUTER_BOUND ( 'NONE', #3297, .T. ) ;
#4552 = CARTESIAN_POINT ( 'NONE',  ( 1.196822123120000025, -0.08279234551820000010, 0.06352880097637007839 ) ) ;
#4553 = ORIENTED_EDGE ( 'NONE', *, *, #7862, .T. ) ;
#4554 = AXIS2_PLACEMENT_3D ( 'NONE', #3255, #7190, #3302 ) ;
#4555 = CARTESIAN_POINT ( 'NONE',  ( 1.154293696547999959, 0.000000000000000000, -0.1181102362205000006 ) ) ;
#4556 = CARTESIAN_POINT ( 'NONE',  ( 0.8543307093751004722, 0.09046555187917007523, -0.1614173222120000306 ) ) ;
#4557 = ORIENTED_EDGE ( 'NONE', *, *, #4416, .F. ) ;
#4558 = CARTESIAN_POINT ( 'NONE',  ( 0.7334686179297008612, 0.1296108790333999894, -0.08820021211624999580 ) ) ;
#4559 = CARTESIAN_POINT ( 'NONE',  ( 0.7362204724408996093, 0.003937007874016000379, 0.2132686289419000181 ) ) ;
#4560 = DIRECTION ( 'NONE',  ( 0.000000000000000000, 0.8751064672747764783, -0.4839304401810867184 ) ) ;
#4561 = CARTESIAN_POINT ( 'NONE',  ( 0.6498031496062991463, 0.3740157480314960647, 0.3740157480314960647 ) ) ;
#4562 = CARTESIAN_POINT ( 'NONE',  ( 1.242523888753249262, 0.01546059376766944181, 0.1181102362205000561 ) ) ;
#4563 = CARTESIAN_POINT ( 'NONE',  ( 1.149019951745749779, 0.07258425826477089837, -0.09444883965335022780 ) ) ;
#4564 = CARTESIAN_POINT ( 'NONE',  ( 1.066530203197906035, -0.1181088301189088530, -0.01545965275910980187 ) ) ;
#4565 = CARTESIAN_POINT ( 'NONE',  ( 1.047973619356000086, -0.04216316591013999360, -0.1103281257907000046 ) ) ;
#4566 = CARTESIAN_POINT ( 'NONE',  ( 1.171165621036999838, -0.1032031167347789991, 0.05948255673673419341 ) ) ;
#4567 = CARTESIAN_POINT ( 'NONE',  ( 1.191824843914000009, 0.1123595659811000014, 0.01180946625722000161 ) ) ;
#4568 = EDGE_LOOP ( 'NONE', ( #9243, #5328, #2877, #9509 ) ) ;
#4569 = EDGE_CURVE ( 'NONE', #17, #3812, #1894, .T. ) ;
#4570 = CARTESIAN_POINT ( 'NONE',  ( 0.7077880313856003136, -0.01574803149606000124, 0.1948489719043000334 ) ) ;
#4571 = ADVANCED_FACE ( 'NONE', ( #32 ), #2413, .T. ) ;
#4572 = CARTESIAN_POINT ( 'NONE',  ( 1.060591248113000207, -0.04595248520663999109, -0.1032109716263999999 ) ) ;
#4573 = CARTESIAN_POINT ( 'NONE',  ( 1.333099470826500044, -0.03091510445189072503, 0.1150361429136074476 ) ) ;
#4574 = EDGE_LOOP ( 'NONE', ( #9599, #9344, #463, #109 ) ) ;
#4575 = CARTESIAN_POINT ( 'NONE',  ( 1.307399558315667010, -0.07690747405744341458, -0.09197940250215244640 ) ) ;
#4576 = ADVANCED_FACE ( 'NONE', ( #7081 ), #2514, .T. ) ;
#4577 = CARTESIAN_POINT ( 'NONE',  ( 1.066289190570488987, -0.02195656337570430980, 0.1019390417388661568 ) ) ;
#4578 = CARTESIAN_POINT ( 'NONE',  ( 1.317290409688000041, -0.09689884475210000514, -0.04022598257578000741 ) ) ;
#4579 = AXIS2_PLACEMENT_3D ( 'NONE', #5959, #522, #4271 ) ;
#4580 = DIRECTION ( 'NONE',  ( -1.000000000000000000, 0.000000000000000000, 0.000000000000000000 ) ) ;
#4581 = EDGE_CURVE ( 'NONE', #5765, #9992, #8656, .T. ) ;
#4582 = CARTESIAN_POINT ( 'NONE',  ( 0.6104330708661004357, 0.3740157480314960647, 0.5314960629921000601 ) ) ;
#4583 = CARTESIAN_POINT ( 'NONE',  ( 1.222167467248999939, -0.1197388609877000076, 0.01576392010729999946 ) ) ;
#4584 = CARTESIAN_POINT ( 'NONE',  ( 1.562992125983999836, 0.000000000000000000, 0.000000000000000000 ) ) ;
#4585 = ORIENTED_EDGE ( 'NONE', *, *, #9598, .F. ) ;
#4586 = VERTEX_POINT ( 'NONE', #3853 ) ;
#4587 = EDGE_CURVE ( 'NONE', #2581, #2736, #7014, .T. ) ;
#4588 = AXIS2_PLACEMENT_3D ( 'NONE', #5785, #325, #4313 ) ;
#4589 = VECTOR ( 'NONE', #6176, 39.37007874015748143 ) ;
#4590 = ORIENTED_EDGE ( 'NONE', *, *, #1440, .F. ) ;
#4591 = CARTESIAN_POINT ( 'NONE',  ( 0.5787401574803000548, 0.000000000000000000, 0.000000000000000000 ) ) ;
#4592 = CYLINDRICAL_SURFACE ( 'NONE', #9013, 0.1574803149606000263 ) ;
#4593 = ORIENTED_EDGE ( 'NONE', *, *, #6316, .F. ) ;
#4594 = CARTESIAN_POINT ( 'NONE',  ( 1.366501964233731048, 0.08830685674058821877, -0.05665935321077871650 ) ) ;
#4595 = CARTESIAN_POINT ( 'NONE',  ( 1.316242270397999903, 0.08237284637443995083, -0.08920410114685001224 ) ) ;
#4596 = AXIS2_PLACEMENT_3D ( 'NONE', #7788, #7022, #3811 ) ;
#4597 = DIRECTION ( 'NONE',  ( 0.000000000000000000, -0.9997541118987406383, -0.02217466440694088742 ) ) ;
#4598 = CARTESIAN_POINT ( 'NONE',  ( 1.187982057521999923, -0.1042255791111000029, 0.03386494354522000261 ) ) ;
#4599 = CARTESIAN_POINT ( 'NONE',  ( 0.7322039835687007558, 0.1830767024183000136, -0.09084007521061004953 ) ) ;
#4600 = CARTESIAN_POINT ( 'NONE',  ( 1.262987588165999986, 0.04244600606646999758, 0.09533529053063996561 ) ) ;
#4601 = ORIENTED_EDGE ( 'NONE', *, *, #8791, .T. ) ;
#4602 = EDGE_LOOP ( 'NONE', ( #4820, #4693, #10000, #708 ) ) ;
#4603 = CARTESIAN_POINT ( 'NONE',  ( 1.351144090249000174, 0.000000000000000000, -0.1181102362205000006 ) ) ;
#4604 = ORIENTED_EDGE ( 'NONE', *, *, #4170, .F. ) ;
#4605 = CARTESIAN_POINT ( 'NONE',  ( 1.376638037796664715, 0.004107443453701446756, 0.1092932245505795208 ) ) ;
#4606 = LINE ( 'NONE', #6074, #2034 ) ;
#4607 = CARTESIAN_POINT ( 'NONE',  ( 0.5984251968503937480, -0.01574803149606000124, 0.1210269775506999934 ) ) ;
#4608 = CIRCLE ( 'NONE', #5896, 0.1535433070865999949 ) ;
#4609 = CARTESIAN_POINT ( 'NONE',  ( 0.4921259842520000483, -0.3740157480314960647, 0.5314960629921000601 ) ) ;
#4610 = CARTESIAN_POINT ( 'NONE',  ( 1.379289802345038840, 0.08398289450170295933, -0.06445602441667928895 ) ) ;
#4611 = CARTESIAN_POINT ( 'NONE',  ( 1.188320209974000008, 0.08864826967872008190, 0.05118110236220999726 ) ) ;
#4612 = CARTESIAN_POINT ( 'NONE',  ( 1.381889763779999836, 0.1023622047244000105, 0.000000000000000000 ) ) ;
#4613 = FACE_OUTER_BOUND ( 'NONE', #775, .T. ) ;
#4614 = CARTESIAN_POINT ( 'NONE',  ( 1.168704991115749658, -0.07258425826477071796, 0.09444883965335035270 ) ) ;
#4615 = CARTESIAN_POINT ( 'NONE',  ( 1.286755475286000205, -0.1094390709590000038, -0.005735458675759000542 ) ) ;
#4616 = AXIS2_PLACEMENT_3D ( 'NONE', #7648, #6119, #5356 ) ;
#4617 = ORIENTED_EDGE ( 'NONE', *, *, #1970, .T. ) ;
#4618 = EDGE_LOOP ( 'NONE', ( #6827, #4229 ) ) ;
#4619 = CIRCLE ( 'NONE', #9298, 0.08267716535433068670 ) ;
#4620 = DIRECTION ( 'NONE',  ( 0.000000000000000000, 0.000000000000000000, 1.000000000000000000 ) ) ;
#4621 = CARTESIAN_POINT ( 'NONE',  ( 1.193907706257000045, 0.06318336854991003781, 0.08696444614656004268 ) ) ;
#4622 = FACE_BOUND ( 'NONE', #8750, .T. ) ;
#4623 = ADVANCED_FACE ( 'NONE', ( #7687 ), #5393, .T. ) ;
#4624 = DIRECTION ( 'NONE',  ( -0.000000000000000000, 1.000000000000000000, 0.000000000000000000 ) ) ;
#4625 = SURFACE_SIDE_STYLE ('',( #1551 ) ) ;
#4626 = CARTESIAN_POINT ( 'NONE',  ( 1.062111784643427148, 0.04578229894752073453, 0.09368906026080084382 ) ) ;
#4627 = AXIS2_PLACEMENT_3D ( 'NONE', #3712, #9804, #916 ) ;
#4628 = AXIS2_PLACEMENT_3D ( 'NONE', #987, #4022, #9416 ) ;
#4629 = CARTESIAN_POINT ( 'NONE',  ( 1.351027286329000043, -0.09179331871126004960, 0.05080858986628999929 ) ) ;
#4630 = CARTESIAN_POINT ( 'NONE',  ( 0.5790964132382000473, 0.1372969933036999879, -0.06108419559587992265 ) ) ;
#4631 = ADVANCED_FACE ( 'NONE', ( #86 ), #4687, .T. ) ;
#4632 = CARTESIAN_POINT ( 'NONE',  ( -0.03507965042200000133, 0.000000000000000000, 0.000000000000000000 ) ) ;
#4633 = CARTESIAN_POINT ( 'NONE',  ( 1.168853818955000179, 0.08539874559402992060, 0.08539888440363994915 ) ) ;
#4634 = AXIS2_PLACEMENT_3D ( 'NONE', #5540, #6076, #9872 ) ;
#4635 = PLANE ( 'NONE',  #3402 ) ;
#4636 = CIRCLE ( 'NONE', #1581, 0.2263779527559000304 ) ;
#4637 = VERTEX_POINT ( 'NONE', #406 ) ;
#4638 = CARTESIAN_POINT ( 'NONE',  ( 1.047973619356000086, 0.000000000000000000, 0.1181102362205000006 ) ) ;
#4639 = CARTESIAN_POINT ( 'NONE',  ( 0.7346171346687991877, 0.1742834262884000174, -0.1121586114368000042 ) ) ;
#4640 = ORIENTED_EDGE ( 'NONE', *, *, #7798, .F. ) ;
#4641 = ADVANCED_FACE ( 'NONE', ( #9493 ), #2044, .F. ) ;
#4642 = EDGE_CURVE ( 'NONE', #2461, #5350, #4948, .T. ) ;
#4643 = CARTESIAN_POINT ( 'NONE',  ( 1.381889763779999836, -0.03163166084151999846, 0.09735224182548997407 ) ) ;
#4644 = B_SPLINE_CURVE_WITH_KNOTS ( 'NONE', 3,
 ( #671, #5347, #6829, #6735, #1371, #8242, #2222, #9900, #6870, #7641, #5259, #3037, #3757, #6542 ),
 .UNSPECIFIED., .F., .F.,
 ( 4, 1, 1, 1, 1, 1, 1, 1, 1, 1, 1, 4 ),
 ( 0.000000000000000000, 0.09090909090909000956, 0.1818181818182000031, 0.2727272727273000186, 0.3636363636364000063, 0.4545454545454999939, 0.5454545454545000061, 0.6363636363636000493, 0.7272727272726999814, 0.8181818181818000246, 0.9090909090908999568, 1.000000000000000000 ),
 .UNSPECIFIED. ) ;
#4645 = CARTESIAN_POINT ( 'NONE',  ( 1.337930262523999936, -0.1062316913971000087, 0.05880038454625000077 ) ) ;
#4646 = DIRECTION ( 'NONE',  ( 1.000000000000000000, 0.000000000000000000, 0.000000000000000000 ) ) ;
#4647 = CARTESIAN_POINT ( 'NONE',  ( 1.213572608702999878, 0.08865957311805000574, 0.06441495038506003801 ) ) ;
#4648 = VECTOR ( 'NONE', #71, 39.37007874015748143 ) ;
#4649 = EDGE_CURVE ( 'NONE', #3762, #5488, #7074, .T. ) ;
#4650 = CARTESIAN_POINT ( 'NONE',  ( 0.7244094488188976833, -0.1251805779226000115, -0.09045730080782006521 ) ) ;
#4651 = ORIENTED_EDGE ( 'NONE', *, *, #6059, .F. ) ;
#4652 = CARTESIAN_POINT ( 'NONE',  ( 1.252324858507000149, 0.08897936835737992045, -0.05452662705760000228 ) ) ;
#4653 = VERTEX_POINT ( 'NONE', #5042 ) ;
#4654 = LINE ( 'NONE', #4506, #7692 ) ;
#4655 = ORIENTED_EDGE ( 'NONE', *, *, #6368, .T. ) ;
#4656 = CARTESIAN_POINT ( 'NONE',  ( -0.06692913385827008177, 0.000000000000000000, 0.000000000000000000 ) ) ;
#4657 = CARTESIAN_POINT ( 'NONE',  ( 0.6104330708661004357, -0.3740157480314960647, 0.3740157480314960647 ) ) ;
#4658 = CARTESIAN_POINT ( 'NONE',  ( 1.285527292348999762, 0.1032031167347787076, 0.05948255673673468608 ) ) ;
#4659 = CARTESIAN_POINT ( 'NONE',  ( 1.066178744397000111, 0.000000000000000000, -0.1181102362205000006 ) ) ;
#4660 = DIRECTION ( 'NONE',  ( 1.000000000000000000, 0.000000000000000000, 0.000000000000000000 ) ) ;
#4661 = DIRECTION ( 'NONE',  ( 0.000000000000000000, -1.000000000000000000, 0.000000000000000000 ) ) ;
#4662 = CARTESIAN_POINT ( 'NONE',  ( 0.5787401574803000548, 0.1194158702739000072, 0.08712904529506003415 ) ) ;
#4663 = DIRECTION ( 'NONE',  ( 0.000000000000000000, 0.000000000000000000, 1.000000000000000000 ) ) ;
#4664 = CARTESIAN_POINT ( 'NONE',  ( 1.110822567939249828, -0.07258425826477050979, -0.09444883965335056086 ) ) ;
#4665 = CARTESIAN_POINT ( 'NONE',  ( 1.213348814658000041, 0.000000000000000000, 0.1181102362205000006 ) ) ;
#4666 = CARTESIAN_POINT ( 'NONE',  ( 1.318743664262000070, -0.04717939539942000299, 0.09891362216373995875 ) ) ;
#4667 = VERTEX_POINT ( 'NONE', #2625 ) ;
#4668 = CARTESIAN_POINT ( 'NONE',  ( 0.6104330708661004357, 0.3740157480314960647, 0.3740157480314960647 ) ) ;
#4669 = CARTESIAN_POINT ( 'NONE',  ( 0.5986837114371004187, -0.1457876267656000036, -0.06598626511072991363 ) ) ;
#4670 = CARTESIAN_POINT ( 'NONE',  ( 0.5841804246273000212, -0.01574803149606000124, 0.1545109335357000291 ) ) ;
#4671 = CARTESIAN_POINT ( 'NONE',  ( 1.178979884734999928, 0.01430426858745000029, -0.1086517078323000068 ) ) ;
#4672 = DIRECTION ( 'NONE',  ( 0.000000000000000000, 1.000000000000000000, 0.000000000000000000 ) ) ;
#4673 = CARTESIAN_POINT ( 'NONE',  ( 0.9842519685038996213, 0.000000000000000000, 0.000000000000000000 ) ) ;
#4674 = CARTESIAN_POINT ( 'NONE',  ( 1.093442329098426979, 0.1028297186652946948, -0.01731207281672810655 ) ) ;
#4675 = CIRCLE ( 'NONE', #5650, 0.1574803149606000263 ) ;
#4676 = CARTESIAN_POINT ( 'NONE',  ( 1.382965389170000226, -0.05357547314793999899, 0.08722207079068997060 ) ) ;
#4677 = CARTESIAN_POINT ( 'NONE',  ( 1.307250685578482452, 0.08279234551820000010, 0.06352880097637007839 ) ) ;
#4678 = CARTESIAN_POINT ( 'NONE',  ( 1.368751395372000079, -0.04917156058950000047, -0.09141703364172008850 ) ) ;
#4679 = B_SPLINE_CURVE_WITH_KNOTS ( 'NONE', 3,
 ( #5666, #8693, #311, #7287 ),
 .UNSPECIFIED., .F., .F.,
 ( 4, 4 ),
 ( 0.000000000000000000, 1.000000000000000000 ),
 .UNSPECIFIED. ) ;
#4680 = DIRECTION ( 'NONE',  ( 1.000000000000000000, 0.000000000000000000, 0.000000000000000000 ) ) ;
#4681 = ORIENTED_EDGE ( 'NONE', *, *, #5713, .T. ) ;
#4682 = CARTESIAN_POINT ( 'NONE',  ( 1.241360380633999894, 0.1181329231232999960, -0.02510992795911999934 ) ) ;
#4683 = CARTESIAN_POINT ( 'NONE',  ( 1.324271482804666222, -0.04120276216305591988, 0.1125935275257146512 ) ) ;
#4684 = CIRCLE ( 'NONE', #1146, 0.1478229366752999985 ) ;
#4685 = CARTESIAN_POINT ( 'NONE',  ( 1.369311106967325609, -0.1171959313128044661, 0.003064617774663356414 ) ) ;
#4686 = CARTESIAN_POINT ( 'NONE',  ( 0.7334836014312007269, -0.1836196016366999917, -0.09264707141247992273 ) ) ;
#4687 = CYLINDRICAL_SURFACE ( 'NONE', #6069, 0.1968503937008000138 ) ;
#4688 = CARTESIAN_POINT ( 'NONE',  ( 1.304039636785500056, 0.03091510445189093667, -0.1150361429136073782 ) ) ;
#4689 = AXIS2_PLACEMENT_3D ( 'NONE', #2105, #5886, #2874 ) ;
#4690 = ADVANCED_FACE ( 'NONE', ( #6511 ), #5712, .T. ) ;
#4691 = ORIENTED_EDGE ( 'NONE', *, *, #10006, .F. ) ;
#4692 = CARTESIAN_POINT ( 'NONE',  ( 0.7256451611656005163, 0.1816410972355000097, 0.08673609574192008009 ) ) ;
#4693 = ORIENTED_EDGE ( 'NONE', *, *, #2813, .T. ) ;
#4694 = VERTEX_POINT ( 'NONE', #5759 ) ;
#4695 = EDGE_CURVE ( 'NONE', #1854, #9297, #5137, .T. ) ;
#4696 = EDGE_CURVE ( 'NONE', #6004, #4440, #1425, .T. ) ;
#4697 = VERTEX_POINT ( 'NONE', #8125 ) ;
#4698 = CARTESIAN_POINT ( 'NONE',  ( 0.7283464566928996575, 0.000000000000000000, 0.000000000000000000 ) ) ;
#4699 = ORIENTED_EDGE ( 'NONE', *, *, #697, .T. ) ;
#4700 = CARTESIAN_POINT ( 'NONE',  ( 1.275782863756999896, -0.1042144493542999928, -0.005461647859861999341 ) ) ;
#4701 = ORIENTED_EDGE ( 'NONE', *, *, #4898, .T. ) ;
#4702 = B_SPLINE_CURVE_WITH_KNOTS ( 'NONE', 3,
 ( #733, #6274, #6888, #1587, #3055, #6125, #4658, #5456, #3149, #933, #9308, #3865, #107, #3206, #4756, #5509, #9357, #9214 ),
 .UNSPECIFIED., .F., .F.,
 ( 4, 2, 2, 2, 2, 2, 2, 2, 4 ),
 ( 0.000000000000000000, 0.1250000000000000278, 0.2500000000000000555, 0.3750000000000001110, 0.5000000000000001110, 0.6250000000000001110, 0.7500000000000002220, 0.8750000000000001110, 1.000000000000000000 ),
 .UNSPECIFIED. ) ;
#4703 = ORIENTED_EDGE ( 'NONE', *, *, #3738, .F. ) ;
#4704 = DIRECTION ( 'NONE',  ( 0.000000000000000000, -0.4727657974777818572, 0.8811881188118667607 ) ) ;
#4705 = CARTESIAN_POINT ( 'NONE',  ( 1.219558009488250105, -0.07258425826477052367, -0.09444883965335057474 ) ) ;
#4706 = CARTESIAN_POINT ( 'NONE',  ( 0.5787401574803000548, 0.09693842135412991667, 0.07415168411053996156 ) ) ;
#4707 = CARTESIAN_POINT ( 'NONE',  ( 0.7248214206942993343, -0.1656791313525999843, -0.1138391515323999986 ) ) ;
#4708 = FACE_OUTER_BOUND ( 'NONE', #5905, .T. ) ;
#4709 = DIRECTION ( 'NONE',  ( 1.000000000000000000, 0.000000000000000000, 0.000000000000000000 ) ) ;
#4710 = ADVANCED_FACE ( 'NONE', ( #1159, #4897, #1759, #4290, #7376, #4848 ), #456, .F. ) ;
#4711 = CARTESIAN_POINT ( 'NONE',  ( 1.304173473394000249, -0.04477223039406000304, 0.09386689768137007617 ) ) ;
#4712 = FACE_OUTER_BOUND ( 'NONE', #919, .T. ) ;
#4713 = CIRCLE ( 'NONE', #6340, 0.2755905511811023723 ) ;
#4714 = FACE_OUTER_BOUND ( 'NONE', #3268, .T. ) ;
#4715 = ORIENTED_EDGE ( 'NONE', *, *, #5457, .F. ) ;
#4716 = DIRECTION ( 'NONE',  ( 1.000000000000000000, 0.000000000000000000, 0.000000000000000000 ) ) ;
#4717 = CARTESIAN_POINT ( 'NONE',  ( 1.174028370360000073, 0.09034417874207992250, 0.06187772786413996140 ) ) ;
#4718 = CARTESIAN_POINT ( 'NONE',  ( 1.316611118331000085, -0.01145519599787000152, 0.1089889259845999991 ) ) ;
#4719 = ORIENTED_EDGE ( 'NONE', *, *, #5208, .F. ) ;
#4720 = CARTESIAN_POINT ( 'NONE',  ( 1.129621446433999976, 0.02963912214327999936, -0.1000599994510000118 ) ) ;
#4721 = DIRECTION ( 'NONE',  ( 0.000000000000000000, 0.000000000000000000, 1.000000000000000000 ) ) ;
#4722 = DIRECTION ( 'NONE',  ( 1.000000000000000000, 0.000000000000000000, 0.000000000000000000 ) ) ;
#4723 = CARTESIAN_POINT ( 'NONE',  ( 1.182211041042000144, 0.09500676740994999647, -0.04229973992645000291 ) ) ;
#4724 = CARTESIAN_POINT ( 'NONE',  ( 1.347043040380249801, -0.07258425826477050979, -0.09444883965335056086 ) ) ;
#4725 = ADVANCED_FACE ( 'NONE', ( #4995, #6618 ), #4138, .T. ) ;
#4726 = ADVANCED_FACE ( 'NONE', ( #4195 ), #6897, .F. ) ;
#4727 = CYLINDRICAL_SURFACE ( 'NONE', #4530, 0.1535433070865999949 ) ;
#4728 = CARTESIAN_POINT ( 'NONE',  ( 1.074644002425427125, -0.1042435202915921455, 0.002635788919151346634 ) ) ;
#4729 = CARTESIAN_POINT ( 'NONE',  ( 1.338978401813999852, 0.07934963333568996469, 0.06863790391348996434 ) ) ;
#4730 = CARTESIAN_POINT ( 'NONE',  ( 1.243274307625482189, -0.1034646750344000166, 0.01362138288035000082 ) ) ;
#4731 = ORIENTED_EDGE ( 'NONE', *, *, #1432, .T. ) ;
#4732 = CARTESIAN_POINT ( 'NONE',  ( 1.180282181642364314, 0.07569823074892008397, -0.07183493912152008609 ) ) ;
#4733 = CARTESIAN_POINT ( 'NONE',  ( 1.000000086036999969, -0.09349879745523995145, -0.1732284221662000190 ) ) ;
#4734 = CARTESIAN_POINT ( 'NONE',  ( 1.249890564361999967, 0.04912243157563000312, 0.1103307877425000055 ) ) ;
#4735 = CARTESIAN_POINT ( 'NONE',  ( 0.7360889355193996897, 0.006083670703963996694, 0.2110743499194999984 ) ) ;
#4736 = EDGE_CURVE ( 'NONE', #7937, #1624, #3715, .T. ) ;
#4737 = DIRECTION ( 'NONE',  ( 1.000000000000000000, 0.000000000000000000, 0.000000000000000000 ) ) ;
#4738 = CARTESIAN_POINT ( 'NONE',  ( 0.9763779527559055538, -1.917212598425000136, 0.1830708661417000116 ) ) ;
#4739 = EDGE_LOOP ( 'NONE', ( #3778, #8745, #3499, #9555, #8010, #7589 ) ) ;
#4740 = CARTESIAN_POINT ( 'NONE',  ( 1.318306426175793522, -0.04164387826673960485, -0.09630249174940706813 ) ) ;
#4741 = CARTESIAN_POINT ( 'NONE',  ( 1.011811083030000002, 0.09046570508707006686, -0.1614166136835000209 ) ) ;
#4742 = VERTEX_POINT ( 'NONE', #6845 ) ;
#4743 = EDGE_LOOP ( 'NONE', ( #1964, #1646, #4046, #2834 ) ) ;
#4744 = CARTESIAN_POINT ( 'NONE',  ( 1.304238148212000237, -0.1123595659811000014, 0.01180946625722000161 ) ) ;
#4745 = DIRECTION ( 'NONE',  ( 0.000000000000000000, 0.000000000000000000, -1.000000000000000000 ) ) ;
#4746 = ORIENTED_EDGE ( 'NONE', *, *, #962, .T. ) ;
#4747 = CARTESIAN_POINT ( 'NONE',  ( 1.230999399189999899, -0.07183494035557008717, 0.07569823244745001178 ) ) ;
#4748 = ORIENTED_EDGE ( 'NONE', *, *, #2634, .T. ) ;
#4749 = AXIS2_PLACEMENT_3D ( 'NONE', #3663, #8198, #5170 ) ;
#4750 = AXIS2_PLACEMENT_3D ( 'NONE', #590, #2961, #6887 ) ;
#4751 = CARTESIAN_POINT ( 'NONE',  ( 1.364298145310000043, 0.06038823575376003894, -0.08535252230753996583 ) ) ;
#4752 = ADVANCED_FACE ( 'NONE', ( #3630 ), #7465, .F. ) ;
#4753 = CARTESIAN_POINT ( 'NONE',  ( 1.223659059357000034, 0.000000000000000000, -0.1181102362205000006 ) ) ;
#4754 = ORIENTED_EDGE ( 'NONE', *, *, #1050, .F. ) ;
#4755 = DIRECTION ( 'NONE',  ( 0.000000000000000000, 0.000000000000000000, 1.000000000000000000 ) ) ;
#4756 = CARTESIAN_POINT ( 'NONE',  ( 1.275684772664000155, 0.05948255673673451260, -0.1032031167347788742 ) ) ;
#4757 = CARTESIAN_POINT ( 'NONE',  ( 1.228932804160041137, -0.07258425826477050979, -0.09444883965335056086 ) ) ;
#4758 = ORIENTED_EDGE ( 'NONE', *, *, #6252, .T. ) ;
#4759 = CARTESIAN_POINT ( 'NONE',  ( 1.031496062992000029, 0.1181102362205000006, 3.876637769475999675E-11 ) ) ;
#4760 = CARTESIAN_POINT ( 'NONE',  ( 1.069797078022000081, 0.09641372827659999700, 0.03993587396947000101 ) ) ;
#4761 = EDGE_CURVE ( 'NONE', #8059, #9229, #6132, .T. ) ;
#4762 = CARTESIAN_POINT ( 'NONE',  ( 1.289245651871999909, 0.09709035472660000610, -0.03726949532538000043 ) ) ;
#4763 = VECTOR ( 'NONE', #4855, 39.37007874015748143 ) ;
#4764 = FACE_OUTER_BOUND ( 'NONE', #976, .T. ) ;
#4765 = CYLINDRICAL_SURFACE ( 'NONE', #4806, 0.08267716535433068670 ) ;
#4766 = DIRECTION ( 'NONE',  ( 0.9999999999996581623, 4.517800811744810734E-07, 6.925162907182710735E-07 ) ) ;
#4767 = CARTESIAN_POINT ( 'NONE',  ( 1.162573931102999891, -0.01676857806990000171, -0.1025543155300000231 ) ) ;
#4768 = CARTESIAN_POINT ( 'NONE',  ( 1.304914453115000317, 0.09890783045037992993, 0.03213710226366000428 ) ) ;
#4769 = EDGE_CURVE ( 'NONE', #7453, #3375, #5292, .T. ) ;
#4770 = ADVANCED_FACE ( 'NONE', ( #688 ), #5979, .F. ) ;
#4771 = CARTESIAN_POINT ( 'NONE',  ( 0.5830288430312999814, -0.01574803149606000124, 0.1540665260855000052 ) ) ;
#4772 = AXIS2_PLACEMENT_3D ( 'NONE', #5256, #3754, #5952 ) ;
#4773 = CARTESIAN_POINT ( 'NONE',  ( 1.165874727273999989, -0.02169713751314000447, -0.1020770066113000085 ) ) ;
#4774 = DIRECTION ( 'NONE',  ( 1.000000000000000000, 0.000000000000000000, 0.000000000000000000 ) ) ;
#4775 = B_SPLINE_CURVE_WITH_KNOTS ( 'NONE', 3,
 ( #4321, #1289, #8922, #3469, #1988, #7411, #8105, #486, #4928, #3574, #2811 ),
 .UNSPECIFIED., .F., .F.,
 ( 4, 1, 1, 1, 1, 1, 1, 1, 4 ),
 ( 0.000000000000000000, 0.1250000000000000000, 0.2500000000000000000, 0.3750000000000000000, 0.5000000000000000000, 0.6250000000000000000, 0.7500000000000000000, 0.8750000000000000000, 1.000000000000000000 ),
 .UNSPECIFIED. ) ;
#4776 = DIRECTION ( 'NONE',  ( 1.000000000000000000, 0.000000000000000000, 0.000000000000000000 ) ) ;
#4777 = CARTESIAN_POINT ( 'NONE',  ( 1.090511565976000075, -0.08250703961432992450, -0.06330987819432007391 ) ) ;
#4778 = CARTESIAN_POINT ( 'NONE',  ( 1.069459584291999832, 0.05948255673673448485, -0.1032031167347787909 ) ) ;
#4779 = AXIS2_PLACEMENT_3D ( 'NONE', #7409, #1941, #9668 ) ;
#4780 = CARTESIAN_POINT ( 'NONE',  ( 1.330833162594666330, -0.1181102362204989181, 0.02061412502356673240 ) ) ;
#4781 = CARTESIAN_POINT ( 'NONE',  ( 1.288823346400000069, -0.09770666751137992156, 0.07098804921670000267 ) ) ;
#4782 = CIRCLE ( 'NONE', #6427, 0.2755905511811023723 ) ;
#4783 = AXIS2_PLACEMENT_3D ( 'NONE', #190, #9589, #963 ) ;
#4784 = CARTESIAN_POINT ( 'NONE',  ( 1.268864858806482587, 0.07183494035557008717, 0.07569823244745001178 ) ) ;
#4785 = CARTESIAN_POINT ( 'NONE',  ( 1.077919976918364053, -0.01901763795452000860, 0.1026099921951000027 ) ) ;
#4786 = DIRECTION ( 'NONE',  ( 0.000000000000000000, 0.000000000000000000, 1.000000000000000000 ) ) ;
#4787 = CARTESIAN_POINT ( 'NONE',  ( 1.155457204666999971, 0.1203997828730999919, 0.009475668413427992820 ) ) ;
#4788 = CARTESIAN_POINT ( 'NONE',  ( 0.5802225801515999981, 0.1234688302211000011, -0.08946902281160000470 ) ) ;
#4789 = AXIS2_PLACEMENT_3D ( 'NONE', #9355, #10005, #2281 ) ;
#4790 = CARTESIAN_POINT ( 'NONE',  ( 0.7362204724408996093, 0.003937007874016000379, -0.1574310946703000036 ) ) ;
#4791 = AXIS2_PLACEMENT_3D ( 'NONE', #3742, #6285, #9370 ) ;
#4792 = ORIENTED_EDGE ( 'NONE', *, *, #1010, .T. ) ;
#4793 = CARTESIAN_POINT ( 'NONE',  ( 0.7360889355193996897, 0.1797539137656000152, -0.1108057883376999952 ) ) ;
#4794 = CARTESIAN_POINT ( 'NONE',  ( -0.8092125984251968829, 0.3740157480314960647, -0.3740157480314960647 ) ) ;
#4795 = VERTEX_POINT ( 'NONE', #4475 ) ;
#4796 = VECTOR ( 'NONE', #8781, 39.37007874015748143 ) ;
#4797 = AXIS2_PLACEMENT_3D ( 'NONE', #9170, #7753, #6021 ) ;
#4798 = VECTOR ( 'NONE', #8846, 39.37007874015748143 ) ;
#4799 = DIRECTION ( 'NONE',  ( 1.000000000000000000, -2.365033052950000123E-11, 2.652260745471000166E-10 ) ) ;
#4800 = ORIENTED_EDGE ( 'NONE', *, *, #8594, .T. ) ;
#4801 = ORIENTED_EDGE ( 'NONE', *, *, #9946, .T. ) ;
#4802 = ORIENTED_EDGE ( 'NONE', *, *, #5558, .T. ) ;
#4803 = CARTESIAN_POINT ( 'NONE',  ( 0.5511811023621999706, 0.000000000000000000, 0.000000000000000000 ) ) ;
#4804 = ORIENTED_EDGE ( 'NONE', *, *, #3858, .T. ) ;
#4805 = CARTESIAN_POINT ( 'NONE',  ( 1.280047955620000177, -0.07755271207417993584, -0.06982877559786003496 ) ) ;
#4806 = AXIS2_PLACEMENT_3D ( 'NONE', #219, #168, #7907 ) ;
#4807 = ORIENTED_EDGE ( 'NONE', *, *, #8185, .F. ) ;
#4808 = CARTESIAN_POINT ( 'NONE',  ( 0.4921259842520000483, -0.3543307086614000401, -0.3543307086614000401 ) ) ;
#4809 = ORIENTED_EDGE ( 'NONE', *, *, #2411, .T. ) ;
#4810 = DIRECTION ( 'NONE',  ( 0.000000000000000000, -1.000000000000000000, 0.000000000000000000 ) ) ;
#4811 = CARTESIAN_POINT ( 'NONE',  ( 1.217449864526958025, -0.07258425826477071796, 0.09444883965335038045 ) ) ;
#4812 = EDGE_LOOP ( 'NONE', ( #2276, #3942, #7141, #4348 ) ) ;
#4813 = DIRECTION ( 'NONE',  ( 0.000000000000000000, 0.000000000000000000, 1.000000000000000000 ) ) ;
#4814 = DIRECTION ( 'NONE',  ( 0.000000000000000000, -0.8660254037844288266, 0.5000000000000169864 ) ) ;
#4815 = CARTESIAN_POINT ( 'NONE',  ( 1.144436185633000091, 0.1008015731564999989, -0.02700970012306000076 ) ) ;
#4816 = ORIENTED_EDGE ( 'NONE', *, *, #9274, .T. ) ;
#4817 = DIRECTION ( 'NONE',  ( 0.000000000000000000, 1.000000000000000000, 0.000000000000000000 ) ) ;
#4818 = CARTESIAN_POINT ( 'NONE',  ( 1.189757047108666477, 0.09197940250215647096, -0.07690747405743854348 ) ) ;
#4819 = CARTESIAN_POINT ( 'NONE',  ( 1.113283197860500007, -0.03091510445189049605, -0.1150361429136075170 ) ) ;
#4820 = ORIENTED_EDGE ( 'NONE', *, *, #256, .T. ) ;
#4821 = CARTESIAN_POINT ( 'NONE',  ( 1.320453246001000114, -0.09419155717462007749, 0.04492664279108000286 ) ) ;
#4822 = CARTESIAN_POINT ( 'NONE',  ( 1.104090248120000117, 0.007359208763225000456, 0.1036552694620999915 ) ) ;
#4823 = CARTESIAN_POINT ( 'NONE',  ( 1.279323901933999919, -0.08413602592137991998, 0.06112840096923996547 ) ) ;
#4824 = CARTESIAN_POINT ( 'NONE',  ( 1.052849792890000025, 0.05910869382497991459, -0.08600371016382007960 ) ) ;
#4825 = DIRECTION ( 'NONE',  ( 0.000000000000000000, 0.000000000000000000, -1.000000000000000000 ) ) ;
#4826 = VERTEX_POINT ( 'NONE', #7569 ) ;
#4827 = CARTESIAN_POINT ( 'NONE',  ( 1.064842296349999939, -0.03109618529352000185, -0.1264161089583999975 ) ) ;
#4828 = CARTESIAN_POINT ( 'NONE',  ( 1.128897392748000161, -0.09139508797117992800, -0.04962348393291000220 ) ) ;
#4829 = CIRCLE ( 'NONE', #8216, 0.1535433070865999949 ) ;
#4830 = CARTESIAN_POINT ( 'NONE',  ( 1.301836457090391752, -0.01090847501141099275, 0.1037872224836424717 ) ) ;
#4831 = EDGE_CURVE ( 'NONE', #3450, #3501, #2225, .T. ) ;
#4832 = EDGE_CURVE ( 'NONE', #5592, #3584, #4782, .T. ) ;
#4833 = CARTESIAN_POINT ( 'NONE',  ( 0.7077439965388996335, 0.01574803149606000124, 0.1948346164006000136 ) ) ;
#4834 = CARTESIAN_POINT ( 'NONE',  ( 1.310148805717000098, 0.1127504526622000042, -0.04328084370751000831 ) ) ;
#4835 = CARTESIAN_POINT ( 'NONE',  ( 1.381889763779999836, -0.01071934500703652753, 0.1023622047243733513 ) ) ;
#4836 = CARTESIAN_POINT ( 'NONE',  ( 0.5819715378862000410, -0.1249886770810000047, -0.09034650680530001421 ) ) ;
#4837 = CARTESIAN_POINT ( 'NONE',  ( 1.294455409988388706, 0.01901763795381000363, -0.1026099921947999927 ) ) ;
#4838 = CARTESIAN_POINT ( 'NONE',  ( 1.163221814188364123, -0.09837167889976010382, 0.03483523850945000055 ) ) ;
#4839 = CARTESIAN_POINT ( 'NONE',  ( 0.7244094488188976833, -0.1409286094185999982, -0.06318091013743996898 ) ) ;
#4840 = FACE_OUTER_BOUND ( 'NONE', #2280, .T. ) ;
#4841 = CARTESIAN_POINT ( 'NONE',  ( 0.5802225801515999981, 0.01574803149606000124, 0.1516616549527999847 ) ) ;
#4842 = EDGE_CURVE ( 'NONE', #358, #6379, #7719, .T. ) ;
#4843 = PLANE ( 'NONE',  #4783 ) ;
#4844 = AXIS2_PLACEMENT_3D ( 'NONE', #4017, #6481, #7145 ) ;
#4845 = VERTEX_POINT ( 'NONE', #6896 ) ;
#4846 = EDGE_CURVE ( 'NONE', #9249, #2790, #7374, .T. ) ;
#4847 = DIRECTION ( 'NONE',  ( -1.000000000000000000, 0.000000000000000000, 0.000000000000000000 ) ) ;
#4848 = FACE_OUTER_BOUND ( 'NONE', #1120, .T. ) ;
#4849 = ORIENTED_EDGE ( 'NONE', *, *, #5653, .F. ) ;
#4850 = CIRCLE ( 'NONE', #8726, 0.3740157480314960647 ) ;
#4851 = CARTESIAN_POINT ( 'NONE',  ( 1.370147165296999869, -0.1177442323822000120, 0.02583389449133000060 ) ) ;
#4852 = EDGE_LOOP ( 'NONE', ( #8742, #4849, #3502, #412 ) ) ;
#4853 = VERTEX_POINT ( 'NONE', #4425 ) ;
#4854 = ORIENTED_EDGE ( 'NONE', *, *, #4761, .F. ) ;
#4855 = DIRECTION ( 'NONE',  ( 0.000000000000000000, 0.000000000000000000, -1.000000000000000000 ) ) ;
#4856 = EDGE_LOOP ( 'NONE', ( #8624, #9228, #2550, #5219, #3624, #535, #9694 ) ) ;
#4857 = CARTESIAN_POINT ( 'NONE',  ( 0.6498031496062991463, -0.2716535433071000094, -0.3543307086614000401 ) ) ;
#4858 = CARTESIAN_POINT ( 'NONE',  ( 1.273706858985999890, -0.09641372841431003482, -0.03993587390816000920 ) ) ;
#4859 = ORIENTED_EDGE ( 'NONE', *, *, #9237, .T. ) ;
#4860 = CIRCLE ( 'NONE', #508, 0.2755905511811023723 ) ;
#4861 = CARTESIAN_POINT ( 'NONE',  ( 0.6104330708661004357, -0.2716535433071000094, 0.3543307086614000401 ) ) ;
#4862 = VERTEX_POINT ( 'NONE', #597 ) ;
#4863 = DIRECTION ( 'NONE',  ( -1.000000000000000000, 0.000000000000000000, 0.000000000000000000 ) ) ;
#4864 = CARTESIAN_POINT ( 'NONE',  ( 1.129087829598000026, 0.1123944268138999947, 0.02476393520849000038 ) ) ;
#4865 = ORIENTED_EDGE ( 'NONE', *, *, #8860, .T. ) ;
#4866 = AXIS2_PLACEMENT_3D ( 'NONE', #7509, #6023, #7704 ) ;
#4867 = CARTESIAN_POINT ( 'NONE',  ( 0.5787401574803000548, 0.000000000000000000, 0.000000000000000000 ) ) ;
#4868 = CARTESIAN_POINT ( 'NONE',  ( 1.118845634452000137, -0.03739837169672000083, 0.09742608914448995516 ) ) ;
#4869 = CARTESIAN_POINT ( 'NONE',  ( 0.7095217622487006714, 0.01574803149606000124, 0.1497898905977000095 ) ) ;
#4870 = CARTESIAN_POINT ( 'NONE',  ( 1.000000080887000209, -0.09349880026292992086, 0.1732278469391000109 ) ) ;
#4871 = CARTESIAN_POINT ( 'NONE',  ( 0.7322039835687007558, -0.1830767024183000136, 0.09084007521061004953 ) ) ;
#4872 = ORIENTED_EDGE ( 'NONE', *, *, #499, .F. ) ;
#4873 = DIRECTION ( 'NONE',  ( -1.000000000000000000, 0.000000000000000000, 0.000000000000000000 ) ) ;
#4874 = CARTESIAN_POINT ( 'NONE',  ( 1.066493594773999964, -0.02188062353279000144, 0.1015864713168000005 ) ) ;
#4875 = B_SPLINE_CURVE_WITH_KNOTS ( 'NONE', 3,
 ( #2467, #1617, #4692, #5494, #7783, #6114 ),
 .UNSPECIFIED., .F., .F.,
 ( 4, 1, 1, 4 ),
 ( 0.000000000000000000, 0.3333333333333000081, 0.6666666666667000474, 1.000000000000000000 ),
 .UNSPECIFIED. ) ;
#4876 = CARTESIAN_POINT ( 'NONE',  ( 1.298516815319999962, 0.07908058356902993025, -0.06754119902232992578 ) ) ;
#4877 = CARTESIAN_POINT ( 'NONE',  ( 1.097633257457000022, 0.1037857865099000160, -0.01090832572257000033 ) ) ;
#4878 = VERTEX_POINT ( 'NONE', #9773 ) ;
#4879 = CARTESIAN_POINT ( 'NONE',  ( 0.8661417314172992210, 0.09349875700218997221, -0.1732283472187000350 ) ) ;
#4880 = CARTESIAN_POINT ( 'NONE',  ( 1.105439387497999970, 0.1034281363059999931, -0.01087073517139999952 ) ) ;
#4881 = CARTESIAN_POINT ( 'NONE',  ( 0.6115706219037008173, -0.01574803149606000124, 0.1244357254877000024 ) ) ;
#4882 = CYLINDRICAL_SURFACE ( 'NONE', #1471, 0.2755905511811023723 ) ;
#4883 = CARTESIAN_POINT ( 'NONE',  ( 1.276028070808999937, 0.1076087138029000051, 0.05482937826992000108 ) ) ;
#4884 = VECTOR ( 'NONE', #4012, 39.37007874015748143 ) ;
#4885 = EDGE_CURVE ( 'NONE', #9422, #5592, #544, .T. ) ;
#4886 = ADVANCED_FACE ( 'NONE', ( #1491 ), #9175, .T. ) ;
#4887 = CARTESIAN_POINT ( 'NONE',  ( 1.256069583216482322, 0.03483523850942000372, -0.09837167889972013579 ) ) ;
#4888 = ORIENTED_EDGE ( 'NONE', *, *, #9038, .F. ) ;
#4889 = CARTESIAN_POINT ( 'NONE',  ( 1.161089268256364271, -0.08110098452177008643, 0.06567428234212992211 ) ) ;
#4890 = B_SPLINE_CURVE_WITH_KNOTS ( 'NONE', 3,
 ( #7531, #3705, #6780, #7588 ),
 .UNSPECIFIED., .F., .F.,
 ( 4, 4 ),
 ( 0.000000000000000000, 1.000000000000000000 ),
 .UNSPECIFIED. ) ;
#4891 = CARTESIAN_POINT ( 'NONE',  ( 1.347658678488828699, 0.09704766716228918622, -0.07089818281874887829 ) ) ;
#4892 = CARTESIAN_POINT ( 'NONE',  ( 1.100011010442000003, -0.09581493538187993431, -0.07352138576997992170 ) ) ;
#4893 = CARTESIAN_POINT ( 'NONE',  ( 1.050128333145999848, -0.01212838739982999986, -0.1075979739532000046 ) ) ;
#4894 = CARTESIAN_POINT ( 'NONE',  ( 0.7519685039370078705, 0.000000000000000000, 0.000000000000000000 ) ) ;
#4895 = ORIENTED_EDGE ( 'NONE', *, *, #2554, .F. ) ;
#4896 = CARTESIAN_POINT ( 'NONE',  ( 0.8621295490827992625, -0.09248151525492992464, 0.1692161597157000041 ) ) ;
#4897 = FACE_BOUND ( 'NONE', #9224, .T. ) ;
#4898 = EDGE_CURVE ( 'NONE', #1262, #6980, #9033, .T. ) ;
#4899 = EDGE_LOOP ( 'NONE', ( #3036, #1166, #3676, #6276 ) ) ;
#4900 = CARTESIAN_POINT ( 'NONE',  ( 1.328278180170000100, -0.09730351974710001184, 0.06876412750115000472 ) ) ;
#4901 = ORIENTED_EDGE ( 'NONE', *, *, #7557, .F. ) ;
#4902 = ORIENTED_EDGE ( 'NONE', *, *, #382, .F. ) ;
#4903 = CARTESIAN_POINT ( 'NONE',  ( 1.272249959235999928, -0.05495946621102000551, -0.1012227447793999924 ) ) ;
#4904 = VERTEX_POINT ( 'NONE', #4565 ) ;
#4905 = B_SPLINE_CURVE_WITH_KNOTS ( 'NONE', 3,
 ( #7218, #7927, #9485, #7317, #3384, #4940, #7271, #9586, #1849, #1051, #8730, #7971, #345, #8019 ),
 .UNSPECIFIED., .F., .F.,
 ( 4, 1, 1, 1, 1, 1, 1, 1, 1, 1, 1, 4 ),
 ( 0.000000000000000000, 0.09090909090909000956, 0.1818181818182000031, 0.2727272727273000186, 0.3636363636364000063, 0.4545454545454999939, 0.5454545454545000061, 0.6363636363636000493, 0.7272727272726999814, 0.8181818181818000246, 0.9090909090908999568, 1.000000000000000000 ),
 .UNSPECIFIED. ) ;
#4906 = CARTESIAN_POINT ( 'NONE',  ( 0.7285187645193996753, 0.1821554130227000246, 0.08782316039857007706 ) ) ;
#4907 = ORIENTED_EDGE ( 'NONE', *, *, #8594, .F. ) ;
#4908 = CARTESIAN_POINT ( 'NONE',  ( 0.7244094488188976833, -0.01574803149606000124, -0.1536382109453000022 ) ) ;
#4909 = ORIENTED_EDGE ( 'NONE', *, *, #5953, .T. ) ;
#4910 = DIRECTION ( 'NONE',  ( 0.000000000000000000, 0.000000000000000000, -1.000000000000000000 ) ) ;
#4911 = CARTESIAN_POINT ( 'NONE',  ( 1.254513945600000069, 0.09298318451212993219, 0.04737729888397000655 ) ) ;
#4912 = CIRCLE ( 'NONE', #2821, 0.08267716535433068670 ) ;
#4913 = CARTESIAN_POINT ( 'NONE',  ( 1.145797453307999980, -0.1112812974294999924, 0.02936379587607000283 ) ) ;
#4914 = ADVANCED_FACE ( 'NONE', ( #4714 ), #4765, .F. ) ;
#4915 = CARTESIAN_POINT ( 'NONE',  ( 1.195304195235499911, 0.03091510445189094708, -0.1150361429136074198 ) ) ;
#4916 = EDGE_LOOP ( 'NONE', ( #9921, #2330, #562, #9180 ) ) ;
#4917 = CARTESIAN_POINT ( 'NONE',  ( 0.7362204724408996093, -0.1343708233930999973, 0.08212509616896003506 ) ) ;
#4918 = CARTESIAN_POINT ( 'NONE',  ( 1.108182904793000079, 0.1014740624988999945, 0.02436176700353999761 ) ) ;
#4919 = LINE ( 'NONE', #7905, #3641 ) ;
#4920 = CARTESIAN_POINT ( 'NONE',  ( 1.188663433810333236, 0.07690747405744373377, -0.09197940250215215496 ) ) ;
#4921 = CARTESIAN_POINT ( 'NONE',  ( 0.5837863042420000648, 0.1415729062393999982, 0.06355289508037008372 ) ) ;
#4922 = CARTESIAN_POINT ( 'NONE',  ( 1.294862694819999938, 0.01901763795381000016, -0.1026099921947999927 ) ) ;
#4923 = AXIS2_PLACEMENT_3D ( 'NONE', #1035, #1980, #2752 ) ;
#4924 = EDGE_LOOP ( 'NONE', ( #2631, #2629, #8949, #6685 ) ) ;
#4925 = CARTESIAN_POINT ( 'NONE',  ( 1.122888574792999972, -0.02190530845534000362, -0.1015811513144000006 ) ) ;
#4926 = CARTESIAN_POINT ( 'NONE',  ( 1.243070621093999906, -0.1031081313941999977, 0.01357444301962000034 ) ) ;
#4927 = B_SPLINE_CURVE_WITH_KNOTS ( 'NONE', 3,
 ( #9938, #7076, #9990, #3850, #2220, #3081 ),
 .UNSPECIFIED., .F., .F.,
 ( 4, 1, 1, 4 ),
 ( 0.000000000000000000, 0.3333333333333000081, 0.6666666666667000474, 1.000000000000000000 ),
 .UNSPECIFIED. ) ;
#4928 = CARTESIAN_POINT ( 'NONE',  ( 0.5830288604789000129, -0.1412995484338999963, -0.06339507187777992936 ) ) ;
#4929 = CARTESIAN_POINT ( 'NONE',  ( 1.148814359820000019, -0.02169713754582000206, 0.1020770065874999910 ) ) ;
#4930 = ORIENTED_EDGE ( 'NONE', *, *, #1027, .T. ) ;
#4931 = TOROIDAL_SURFACE ( 'NONE', #9758, 0.2185039370079000232, 0.007874015748031005027 ) ;
#4932 = CARTESIAN_POINT ( 'NONE',  ( 1.056135777316999924, -0.01208632569702999988, -0.1072449129865000045 ) ) ;
#4933 = CARTESIAN_POINT ( 'NONE',  ( 1.186476132904999981, 0.1004542946646000134, 0.02691655962950000036 ) ) ;
#4934 = DIRECTION ( 'NONE',  ( 0.000000000000000000, 0.000000000000000000, 1.000000000000000000 ) ) ;
#4935 = CARTESIAN_POINT ( 'NONE',  ( 1.047973619356000086, -0.09842519685038997324, 0.000000000000000000 ) ) ;
#4936 = ORIENTED_EDGE ( 'NONE', *, *, #9878, .T. ) ;
#4937 = CARTESIAN_POINT ( 'NONE',  ( 1.316546443512000009, 0.09581493536365000285, 0.07352138559648996319 ) ) ;
#4938 = CARTESIAN_POINT ( 'NONE',  ( 1.176017089779270552, 0.01362138275840000211, -0.1034646749458000559 ) ) ;
#4939 = ADVANCED_FACE ( 'NONE', ( #8 ), #7565, .F. ) ;
#4940 = CARTESIAN_POINT ( 'NONE',  ( 0.7309161263692007804, 0.1415909477620999890, -0.06576194232302992604 ) ) ;
#4941 = CARTESIAN_POINT ( 'NONE',  ( 1.097878464509999930, -0.1148610764277000068, -0.03732062606186000581 ) ) ;
#4942 = CIRCLE ( 'NONE', #3496, 0.1478229366753000540 ) ;
#4943 = CARTESIAN_POINT ( 'NONE',  ( 1.282714177467999761, 0.000000000000000000, 0.1181102362205000006 ) ) ;
#4944 = DIRECTION ( 'NONE',  ( 0.000000000000000000, -0.7942696459338213222, -0.6075654117444163616 ) ) ;
#4945 = ORIENTED_EDGE ( 'NONE', *, *, #4649, .F. ) ;
#4946 = FACE_OUTER_BOUND ( 'NONE', #8664, .T. ) ;
#4947 = CIRCLE ( 'NONE', #2522, 0.2020722792147000568 ) ;
#4948 = LINE ( 'NONE', #7171, #2064 ) ;
#4949 = CIRCLE ( 'NONE', #9932, 0.1574803149605999708 ) ;
#4950 = CARTESIAN_POINT ( 'NONE',  ( 0.8188976377952992269, -0.1122047244094000057, 0.000000000000000000 ) ) ;
#4951 = CARTESIAN_POINT ( 'NONE',  ( 1.337732467135000158, -0.07549294972961004269, -0.09397823393073996556 ) ) ;
#4952 = ORIENTED_EDGE ( 'NONE', *, *, #1811, .T. ) ;
#4953 = ORIENTED_EDGE ( 'NONE', *, *, #7537, .T. ) ;
#4954 = ORIENTED_EDGE ( 'NONE', *, *, #393, .T. ) ;
#4955 = DIRECTION ( 'NONE',  ( -1.000000000000000000, 0.000000000000000000, 0.000000000000000000 ) ) ;
#4956 = EDGE_CURVE ( 'NONE', #2623, #5360, #1538, .T. ) ;
#4957 = ORIENTED_EDGE ( 'NONE', *, *, #950, .F. ) ;
#4958 = EDGE_CURVE ( 'NONE', #6877, #3619, #460, .T. ) ;
#4959 = CARTESIAN_POINT ( 'NONE',  ( 0.6104330708661004357, -0.3740157480314960647, -0.5314960629921000601 ) ) ;
#4960 = CARTESIAN_POINT ( 'NONE',  ( 1.201200297305999865, -0.01901763795381000016, -0.1026099921947999927 ) ) ;
#4961 = VERTEX_POINT ( 'NONE', #8545 ) ;
#4962 = CARTESIAN_POINT ( 'NONE',  ( 1.348326074720999967, -0.09230981050737990801, -0.06991472026367992476 ) ) ;
#4963 = AXIS2_PLACEMENT_3D ( 'NONE', #7424, #9639, #5039 ) ;
#4964 = CARTESIAN_POINT ( 'NONE',  ( 1.152063562198999858, -0.08483226026506003603, -0.07777690713845000769 ) ) ;
#4965 = LINE ( 'NONE', #8045, #7435 ) ;
#4966 = CARTESIAN_POINT ( 'NONE',  ( 1.054869256499000096, -0.04163445952744000006, -0.09351252716027008693 ) ) ;
#4967 = CARTESIAN_POINT ( 'NONE',  ( 1.193281084943000003, -0.1039622099295000046, -0.002722346286127999820 ) ) ;
#4968 = AXIS2_PLACEMENT_3D ( 'NONE', #4085, #8732, #4242 ) ;
#4969 = CIRCLE ( 'NONE', #4485, 0.1023622047244000105 ) ;
#4970 = DIRECTION ( 'NONE',  ( 0.000000000000000000, 0.000000000000000000, -1.000000000000000000 ) ) ;
#4971 = CIRCLE ( 'NONE', #782, 0.01574803149605999431 ) ;
#4972 = FACE_OUTER_BOUND ( 'NONE', #9700, .T. ) ;
#4973 = EDGE_CURVE ( 'NONE', #6428, #3876, #7048, .T. ) ;
#4974 = ORIENTED_EDGE ( 'NONE', *, *, #3430, .T. ) ;
#4975 = CARTESIAN_POINT ( 'NONE',  ( 1.311923062273999907, 0.02436176678408999777, 0.1014740604109000133 ) ) ;
#4976 = CARTESIAN_POINT ( 'NONE',  ( 1.075859331068000024, -0.08774009977598996868, -0.06551813748706004914 ) ) ;
#4977 = CARTESIAN_POINT ( 'NONE',  ( 0.3937007874016000275, 1.527363305276000238E-13, -0.3740157480314960647 ) ) ;
#4978 = CARTESIAN_POINT ( 'NONE',  ( 1.268661172275000304, 0.07158739411699999167, 0.07543737314114999648 ) ) ;
#4979 = DIRECTION ( 'NONE',  ( 1.000000000000000000, 0.000000000000000000, 0.000000000000000000 ) ) ;
#4980 = CARTESIAN_POINT ( 'NONE',  ( 0.7344555622518996740, -0.1305908599656999958, -0.08720113035038996874 ) ) ;
#4981 = CARTESIAN_POINT ( 'NONE',  ( 1.172328906229999967, 0.1040357447341000025, -0.008187775355042007513 ) ) ;
#4982 = ORIENTED_EDGE ( 'NONE', *, *, #3558, .F. ) ;
#4983 = PLANE ( 'NONE',  #3420 ) ;
#4984 = DIRECTION ( 'NONE',  ( 0.000000000000000000, -0.8782547285461282938, -0.4781930904837151664 ) ) ;
#4985 = CARTESIAN_POINT ( 'NONE',  ( 1.267715722182392035, -0.08442812659520031182, 0.06134062453122948733 ) ) ;
#4986 = DIRECTION ( 'NONE',  ( 0.000000000000000000, 0.000000000000000000, -1.000000000000000000 ) ) ;
#4987 = CARTESIAN_POINT ( 'NONE',  ( 1.254702611491000042, -0.1181329231232999960, -0.02510992795911999934 ) ) ;
#4988 = CARTESIAN_POINT ( 'NONE',  ( 1.090715252508364097, -0.08279234553396004614, -0.06352880112627994069 ) ) ;
#4989 = DIRECTION ( 'NONE',  ( 0.000000000000000000, -1.000000000000000000, 0.000000000000000000 ) ) ;
#4990 = CARTESIAN_POINT ( 'NONE',  ( 1.085083188919000019, 0.01889291618316999918, 0.1192851781474000145 ) ) ;
#4991 = FACE_OUTER_BOUND ( 'NONE', #8107, .T. ) ;
#4992 = FACE_OUTER_BOUND ( 'NONE', #9698, .T. ) ;
#4993 = ORIENTED_EDGE ( 'NONE', *, *, #5265, .T. ) ;
#4994 = PLANE ( 'NONE',  #8029 ) ;
#4995 = FACE_BOUND ( 'NONE', #8082, .T. ) ;
#4996 = CYLINDRICAL_SURFACE ( 'NONE', #5129, 0.1181102362205000006 ) ;
#4997 = CARTESIAN_POINT ( 'NONE',  ( 0.7277987937948995345, 0.01529488453125000050, 0.1545601098068999923 ) ) ;
#4998 = VERTEX_POINT ( 'NONE', #9314 ) ;
#4999 = ORIENTED_EDGE ( 'NONE', *, *, #2299, .T. ) ;
#5000 = ORIENTED_EDGE ( 'NONE', *, *, #5358, .F. ) ;
#5001 = ORIENTED_EDGE ( 'NONE', *, *, #64, .T. ) ;
#5002 = CARTESIAN_POINT ( 'NONE',  ( 1.164603941246999952, 0.000000000000000000, 0.1181102362205000006 ) ) ;
#5003 = ORIENTED_EDGE ( 'NONE', *, *, #8126, .T. ) ;
#5004 = CARTESIAN_POINT ( 'NONE',  ( 1.309960139825999903, -0.1018014538566000132, 0.01069976395653000033 ) ) ;
#5005 = CARTESIAN_POINT ( 'NONE',  ( 1.355555405429999860, 0.02653110297913999910, -0.1127176552358999939 ) ) ;
#5006 = CONICAL_SURFACE ( 'NONE', #8397, 0.2340847595123000391, 0.04441521524690000139 ) ;
#5007 = EDGE_CURVE ( 'NONE', #6984, #7236, #2155, .T. ) ;
#5008 = CARTESIAN_POINT ( 'NONE',  ( 1.083136364398000095, 0.07737584124658997142, -0.08519823271178995905 ) ) ;
#5009 = EDGE_CURVE ( 'NONE', #159, #6547, #7226, .T. ) ;
#5010 = CARTESIAN_POINT ( 'NONE',  ( 1.271231237834916206, 0.1150361429136075864, -0.03091510445189034686 ) ) ;
#5011 = CARTESIAN_POINT ( 'NONE',  ( 0.6104330708661004357, -0.3543307086614000401, -0.3543307086614000401 ) ) ;
#5012 = EDGE_LOOP ( 'NONE', ( #744, #8396, #7952, #1760 ) ) ;
#5013 = CARTESIAN_POINT ( 'NONE',  ( 1.144492726795000026, 0.09533529053063996561, 0.04244600606646999758 ) ) ;
#5014 = CARTESIAN_POINT ( 'NONE',  ( 1.218871636123999957, 0.05890502939158000217, 0.08570734959896003646 ) ) ;
#5015 = SHAPE_DEFINITION_REPRESENTATION ( #8120, #2495 ) ;
#5016 = DIRECTION ( 'NONE',  ( 1.000000000000000000, 0.000000000000000000, 0.000000000000000000 ) ) ;
#5017 = AXIS2_PLACEMENT_3D ( 'NONE', #1397, #8365, #9876 ) ;
#5018 = ADVANCED_FACE ( 'NONE', ( #4613 ), #7707, .T. ) ;
#5019 = CARTESIAN_POINT ( 'NONE',  ( 1.273283894792999860, -0.08144069092468997351, -0.07332952747900001178 ) ) ;
#5020 = CARTESIAN_POINT ( 'NONE',  ( 1.196765581958999958, -0.02436176678408999777, 0.1014740604109000133 ) ) ;
#5021 = CARTESIAN_POINT ( 'NONE',  ( 1.148963934796000119, -0.1058791795424000037, 0.02793833903292000306 ) ) ;
#5022 = DIRECTION ( 'NONE',  ( -1.000000000000000000, -2.404547432529000009E-14, 0.000000000000000000 ) ) ;
#5023 = CYLINDRICAL_SURFACE ( 'NONE', #895, 0.1122047244094000057 ) ;
#5025 = CARTESIAN_POINT ( 'NONE',  ( 1.116882712005000000, -0.09171112839325000488, -0.04979507988139000169 ) ) ;
#5024 = VECTOR ( 'NONE', #9626, 39.37007874015748143 ) ;
#5026 = EDGE_CURVE ( 'NONE', #9867, #8444, #5123, .T. ) ;
#5027 = DIRECTION ( 'NONE',  ( 0.000000000000000000, 0.000000000000000000, -1.000000000000000000 ) ) ;
#5028 = CARTESIAN_POINT ( 'NONE',  ( 1.094065883504499848, -0.1150361429136074615, 0.03091510445189059667 ) ) ;
#5029 = DIRECTION ( 'NONE',  ( 0.000000000000000000, 1.000000000000000000, 0.000000000000000000 ) ) ;
#5030 = CARTESIAN_POINT ( 'NONE',  ( 1.246390262865328724, 0.06567518607634673100, -0.08110210054058446250 ) ) ;
#5031 = FACE_OUTER_BOUND ( 'NONE', #604, .T. ) ;
#5032 = CARTESIAN_POINT ( 'NONE',  ( 1.255801221865999961, -0.07248554495571003786, -0.08951219335570000102 ) ) ;
#5033 = CARTESIAN_POINT ( 'NONE',  ( -0.03184567412300000344, 0.2417915662689914813, 0.000000000000000000 ) ) ;
#5034 = ADVANCED_FACE ( 'NONE', ( #8050 ), #9570, .F. ) ;
#5035 = CARTESIAN_POINT ( 'NONE',  ( 1.103242166748000130, 0.01203965854451000128, -0.1145496992968999955 ) ) ;
#5036 = CARTESIAN_POINT ( 'NONE',  ( 1.052644615479999990, -0.02713672894063000329, -0.1106773350079000157 ) ) ;
#5037 = CARTESIAN_POINT ( 'NONE',  ( 0.7294509068517992523, -0.01465514892560000094, 0.2020564520581999979 ) ) ;
#5038 = AXIS2_PLACEMENT_3D ( 'NONE', #4808, #2425, #7028 ) ;
#5039 = DIRECTION ( 'NONE',  ( 0.000000000000000000, -1.000000000000000000, 0.000000000000000000 ) ) ;
#5040 = DIRECTION ( 'NONE',  ( 0.000000000000000000, 0.009306909861541250162, 0.9999566897765268525 ) ) ;
#5041 = DIRECTION ( 'NONE',  ( 1.000000000000000000, 0.000000000000000000, 0.000000000000000000 ) ) ;
#5042 = CARTESIAN_POINT ( 'NONE',  ( 1.105548823137000092, 0.000000000000000000, -0.1181102362205000006 ) ) ;
#5043 = B_SPLINE_CURVE_WITH_KNOTS ( 'NONE', 3,
 ( #9301, #3250, #5449, #722, #9951, #1523, #4599, #3857, #6930, #7334, #8036 ),
 .UNSPECIFIED., .F., .F.,
 ( 4, 1, 1, 1, 1, 1, 1, 1, 4 ),
 ( 0.000000000000000000, 0.1250000000000000000, 0.2500000000000000000, 0.3750000000000000000, 0.5000000000000000000, 0.6250000000000000000, 0.7500000000000000000, 0.8750000000000000000, 1.000000000000000000 ),
 .UNSPECIFIED. ) ;
#5044 = LINE ( 'NONE', #1557, #6739 ) ;
#5045 = DIRECTION ( 'NONE',  ( 1.000000000000000000, 0.000000000000000000, 0.000000000000000000 ) ) ;
#5046 = CARTESIAN_POINT ( 'NONE',  ( 0.7352433518528995737, 0.008738106104443995811, 0.1569885571557000092 ) ) ;
#5047 = VERTEX_POINT ( 'NONE', #2648 ) ;
#5048 = ORIENTED_EDGE ( 'NONE', *, *, #4300, .T. ) ;
#5049 = CARTESIAN_POINT ( 'NONE',  ( 1.197610851624000050, 0.01801822666095000136, -0.1137626058722999989 ) ) ;
#5050 = EDGE_LOOP ( 'NONE', ( #8948, #7789, #2042, #5555, #4640, #9530 ) ) ;
#5051 = PLANE ( 'NONE',  #4772 ) ;
#5052 = ORIENTED_EDGE ( 'NONE', *, *, #1500, .F. ) ;
#5053 = CARTESIAN_POINT ( 'NONE',  ( 1.207597935102000086, 0.07755271207417993584, -0.06982877559786003496 ) ) ;
#5054 = CARTESIAN_POINT ( 'NONE',  ( 1.358721886919000088, 0.02524315838037000104, -0.1072458097811000155 ) ) ;
#5055 = CARTESIAN_POINT ( 'NONE',  ( 1.058071928833000053, 0.01391413496183999988, 0.1142460350022999893 ) ) ;
#5056 = CARTESIAN_POINT ( 'NONE',  ( 1.278613127599041333, 0.07258425826477025999, 0.09444883965335072740 ) ) ;
#5057 = DIRECTION ( 'NONE',  ( 1.000000000000000000, 0.000000000000000000, 0.000000000000000000 ) ) ;
#5058 = CARTESIAN_POINT ( 'NONE',  ( 1.129564905272000042, -0.03993587390816000920, -0.09641372841431003482 ) ) ;
#5059 = EDGE_CURVE ( 'NONE', #6090, #8644, #7387, .T. ) ;
#5060 = CARTESIAN_POINT ( 'NONE',  ( 1.176220717488000167, 0.09386696909021005619, 0.04477182368245000155 ) ) ;
#5061 = DIRECTION ( 'NONE',  ( 0.000000000000000000, -5.127750654642978317E-12, 1.000000000000000000 ) ) ;
#5062 = CARTESIAN_POINT ( 'NONE',  ( 1.241295705815999906, 0.03658164642932999755, -0.1033033827283000028 ) ) ;
#5063 = CARTESIAN_POINT ( 'NONE',  ( 1.317666392586000157, -0.1005876041400999843, 0.02224877255178000016 ) ) ;
#5064 = CARTESIAN_POINT ( 'NONE',  ( 1.123899499232000165, 0.04805300314576000514, -0.09839644473836003935 ) ) ;
#5065 = CARTESIAN_POINT ( 'NONE',  ( 0.06692913385827008177, 0.000000000000000000, -0.3149606299213000282 ) ) ;
#5066 = DIRECTION ( 'NONE',  ( 0.000000000000000000, 1.000000000000000000, 0.000000000000000000 ) ) ;
#5067 = CARTESIAN_POINT ( 'NONE',  ( 1.133943079458999970, 0.1040357683916000170, 0.008187792543227993131 ) ) ;
#5068 = CARTESIAN_POINT ( 'NONE',  ( 0.6104330708661004357, 0.5314960629921000601, 0.3740157480314960647 ) ) ;
#5069 = EDGE_CURVE ( 'NONE', #3777, #4346, #232, .T. ) ;
#5070 = ORIENTED_EDGE ( 'NONE', *, *, #4518, .F. ) ;
#5071 = CARTESIAN_POINT ( 'NONE',  ( 1.199599566793666527, 0.07690747405743675325, 0.09197940250215758118 ) ) ;
#5072 = CARTESIAN_POINT ( 'NONE',  ( 0.5787401574803000548, 0.01574803149606000124, -0.1469816999198000074 ) ) ;
#5073 = CIRCLE ( 'NONE', #9116, 0.08267716535433068670 ) ;
#5074 = CARTESIAN_POINT ( 'NONE',  ( 1.203739344229391994, 0.01632532927008709112, -0.1030740724065570268 ) ) ;
#5075 = CARTESIAN_POINT ( 'NONE',  ( 1.116564037755500172, 0.03091510445189094708, -0.1150361429136074198 ) ) ;
#5076 = ADVANCED_FACE ( 'NONE', ( #8815 ), #7958, .T. ) ;
#5077 = EDGE_CURVE ( 'NONE', #619, #1111, #7179, .T. ) ;
#5078 = CARTESIAN_POINT ( 'NONE',  ( 1.327596934902000259, -0.1110198245320000027, 0.02455625467835000422 ) ) ;
#5079 = AXIS2_PLACEMENT_3D ( 'NONE', #6277, #5676, #4813 ) ;
#5080 = CARTESIAN_POINT ( 'NONE',  ( 0.7244094488188976833, 0.1813108520207999952, -0.08649560877427991956 ) ) ;
#5081 = CARTESIAN_POINT ( 'NONE',  ( 1.105374712679999982, 0.04958655703110999291, -0.1039603787444000060 ) ) ;
#5082 = CARTESIAN_POINT ( 'NONE',  ( 0.7268675659661004707, -0.1819025539032000094, 0.08711034363894999688 ) ) ;
#5083 = AXIS2_PLACEMENT_3D ( 'NONE', #469, #2838, #3554 ) ;
#5084 = CARTESIAN_POINT ( 'NONE',  ( 0.6498031496062991463, 0.3740157480314960647, 0.5314960629921000601 ) ) ;
#5085 = LINE ( 'NONE', #3696, #1888 ) ;
#5086 = CARTESIAN_POINT ( 'NONE',  ( 1.149837309117488937, -0.08657052683933198767, 0.05813091078557867247 ) ) ;
#5087 = DIRECTION ( 'NONE',  ( 0.000000000000000000, -1.000000000000000000, 0.000000000000000000 ) ) ;
#5088 = CARTESIAN_POINT ( 'NONE',  ( 1.372715278455000076, 0.1031095099747999927, -0.01938956623244000171 ) ) ;
#5089 = CARTESIAN_POINT ( 'NONE',  ( 1.253539103372749874, -0.01546059376766992580, 0.1181102362205000422 ) ) ;
#5090 = VECTOR ( 'NONE', #2303, 39.37007874015748143 ) ;
#5091 = CARTESIAN_POINT ( 'NONE',  ( 1.369006602443999965, -0.1143024533605000032, -0.01231630474852000133 ) ) ;
#5092 = EDGE_LOOP ( 'NONE', ( #5301, #4251, #8079, #7381, #877 ) ) ;
#5093 = ORIENTED_EDGE ( 'NONE', *, *, #9878, .F. ) ;
#5094 = CARTESIAN_POINT ( 'NONE',  ( 1.253057045849999884, 0.04684819949600001199, 0.1052227788591999919 ) ) ;
#5095 = ORIENTED_EDGE ( 'NONE', *, *, #1505, .T. ) ;
#5096 = CARTESIAN_POINT ( 'NONE',  ( 0.7362204724408996093, 0.1796511701107999792, -0.1219059118706000144 ) ) ;
#5097 = CARTESIAN_POINT ( 'NONE',  ( 0.7362204724408996093, 0.1863877772252999776, 0.1022286830875999974 ) ) ;
#5098 = FACE_OUTER_BOUND ( 'NONE', #1418, .T. ) ;
#5099 = ORIENTED_EDGE ( 'NONE', *, *, #538, .T. ) ;
#5100 = CARTESIAN_POINT ( 'NONE',  ( 0.8543307086613995960, -7.089001153372007411E-08, 2.654845646351999710E-08 ) ) ;
#5101 = VERTEX_POINT ( 'NONE', #8764 ) ;
#5102 = DIRECTION ( 'NONE',  ( 0.000000000000000000, 0.000000000000000000, -1.000000000000000000 ) ) ;
#5103 = DIRECTION ( 'NONE',  ( 0.000000000000000000, -1.000000000000000000, 0.000000000000000000 ) ) ;
#5104 = AXIS2_PLACEMENT_3D ( 'NONE', #6015, #5966, #636 ) ;
#5105 = ORIENTED_EDGE ( 'NONE', *, *, #1758, .T. ) ;
#5106 = CARTESIAN_POINT ( 'NONE',  ( 1.128514702401999914, -0.05948255673673431138, 0.1032031167347788880 ) ) ;
#5107 = CARTESIAN_POINT ( 'NONE',  ( 1.305706795054999869, -0.1024920600543000049, 0.04042515293199999693 ) ) ;
#5108 = AXIS2_PLACEMENT_3D ( 'NONE', #4794, #3897, #6924 ) ;
#5109 = CIRCLE ( 'NONE', #9939, 0.2755905511811023723 ) ;
#5110 = CARTESIAN_POINT ( 'NONE',  ( 1.169087876025999950, 0.08103552553292008021, 0.08740699860010001099 ) ) ;
#5111 = CARTESIAN_POINT ( 'NONE',  ( 1.264669558044582809, 0.03091510445189092279, -0.1150361429136073782 ) ) ;
#5112 = CARTESIAN_POINT ( 'NONE',  ( 1.127432359341000057, -0.06982877559786003496, -0.07755271207417993584 ) ) ;
#5113 = CARTESIAN_POINT ( 'NONE',  ( 1.298874445974000036, -0.01145519599787000152, 0.1089889259845999991 ) ) ;
#5114 = ADVANCED_FACE ( 'NONE', ( #1884 ), #3797, .F. ) ;
#5115 = DIRECTION ( 'NONE',  ( 0.000000000000000000, 1.000000000000000000, 0.000000000000000000 ) ) ;
#5116 = CARTESIAN_POINT ( 'NONE',  ( 1.260488619201999949, -0.02836378742741000117, 0.1058550957742000059 ) ) ;
#5117 = CARTESIAN_POINT ( 'NONE',  ( 1.218091041275999986, 0.04979507988139000169, -0.09171112839325000488 ) ) ;
#5118 = VECTOR ( 'NONE', #7700, 39.37007874015748143 ) ;
#5119 = ORIENTED_EDGE ( 'NONE', *, *, #1027, .F. ) ;
#5120 = CARTESIAN_POINT ( 'NONE',  ( 1.113455984413999955, -0.1025461066215999917, -0.03840895032712000196 ) ) ;
#5121 = CIRCLE ( 'NONE', #4963, 0.2559055118109999638 ) ;
#5122 = PLANE ( 'NONE',  #4779 ) ;
#5123 = CIRCLE ( 'NONE', #1575, 0.1988188976378000294 ) ;
#5124 = CARTESIAN_POINT ( 'NONE',  ( 0.9809716437276003731, -0.09435586860101004281, 0.1766362176665000061 ) ) ;
#5125 = DIRECTION ( 'NONE',  ( 0.000000000000000000, 0.8660254037844288266, 0.5000000000000169864 ) ) ;
#5126 = CARTESIAN_POINT ( 'NONE',  ( 1.155268538775999998, -0.09837167890033997331, -0.03483523850896000362 ) ) ;
#5127 = DIRECTION ( 'NONE',  ( -1.000000000000000000, 0.000000000000000000, 0.000000000000000000 ) ) ;
#5128 = ORIENTED_EDGE ( 'NONE', *, *, #4546, .F. ) ;
#5129 = AXIS2_PLACEMENT_3D ( 'NONE', #6723, #5045, #2780 ) ;
#5130 = VECTOR ( 'NONE', #612, 39.37007874015748143 ) ;
#5131 = CARTESIAN_POINT ( 'NONE',  ( 1.104728613163250106, -0.01546059376766966385, -0.1181102362205000700 ) ) ;
#5132 = CARTESIAN_POINT ( 'NONE',  ( 0.6285072769383996949, -0.1542213071438000294, 0.07085545274731004650 ) ) ;
#5133 = CARTESIAN_POINT ( 'NONE',  ( 0.9999994263157998553, 0.1968504060589101878, -0.01764850881547554498 ) ) ;
#5134 = CARTESIAN_POINT ( 'NONE',  ( 1.305852528278000024, -0.07417709206638996300, 0.07053920873256003254 ) ) ;
#5135 = DIRECTION ( 'NONE',  ( 0.000000000000000000, 0.000000000000000000, 1.000000000000000000 ) ) ;
#5136 = CARTESIAN_POINT ( 'NONE',  ( 1.194991325401999926, 0.1178140280982000049, 0.01238275332683000038 ) ) ;
#5137 = CIRCLE ( 'NONE', #9936, 0.08267716535433068670 ) ;
#5138 = EDGE_LOOP ( 'NONE', ( #9347, #7209, #3702, #4936 ) ) ;
#5139 = CYLINDRICAL_SURFACE ( 'NONE', #8733, 0.3149606299213000282 ) ;
#5140 = ADVANCED_FACE ( 'NONE', ( #4972 ), #6592, .F. ) ;
#5141 = CARTESIAN_POINT ( 'NONE',  ( 1.141627993519999995, -0.006028090560865000114, -0.1150228199578999938 ) ) ;
#5142 = CARTESIAN_POINT ( 'NONE',  ( 1.285995017362999482, -0.05948255673673431138, 0.1032031167347789435 ) ) ;
#5143 = CARTESIAN_POINT ( 'NONE',  ( 0.6102362204723996708, 0.3543307086614000401, 0.3543307086614000401 ) ) ;
#5144 = CARTESIAN_POINT ( 'NONE',  ( 1.307742782152000016, -0.08864826967872008190, 0.05118110236220000525 ) ) ;
#5145 = CARTESIAN_POINT ( 'NONE',  ( 1.175972858638930196, 0.09301998732049114593, 0.04360281692685072374 ) ) ;
#5146 = CARTESIAN_POINT ( 'NONE',  ( 1.365485947745999962, 0.02403804991691000162, -0.1021258944721999962 ) ) ;
#5147 = CARTESIAN_POINT ( 'NONE',  ( 0.5393700787402000429, 0.000000000000000000, -0.1122047244094000057 ) ) ;
#5148 = CARTESIAN_POINT ( 'NONE',  ( 1.385424001095000079, 0.1076631102061000184, 0.009890467785502007197 ) ) ;
#5149 = EDGE_CURVE ( 'NONE', #7847, #5765, #3463, .T. ) ;
#5150 = CARTESIAN_POINT ( 'NONE',  ( 1.192843565314249510, -0.01546059376766966906, -0.1181102362205000145 ) ) ;
#5151 = VERTEX_POINT ( 'NONE', #6387 ) ;
#5152 = CARTESIAN_POINT ( 'NONE',  ( 1.296806574859999950, -0.08539874559402992060, 0.08539888440363994915 ) ) ;
#5153 = EDGE_LOOP ( 'NONE', ( #4304, #422, #7555, #4617 ) ) ;
#5154 = CARTESIAN_POINT ( 'NONE',  ( 0.7277939874142007604, -0.1414999341795000198, 0.06403237789098994992 ) ) ;
#5155 = EDGE_LOOP ( 'NONE', ( #7461, #7901, #4557, #964 ) ) ;
#5156 = AXIS2_PLACEMENT_3D ( 'NONE', #5681, #5516, #7856 ) ;
#5157 = ORIENTED_EDGE ( 'NONE', *, *, #9155, .F. ) ;
#5158 = DIRECTION ( 'NONE',  ( 1.000000000000000000, 0.000000000000000000, 0.000000000000000000 ) ) ;
#5159 = ORIENTED_EDGE ( 'NONE', *, *, #5376, .F. ) ;
#5160 = CARTESIAN_POINT ( 'NONE',  ( 0.000000000000000000, 0.000000000000000000, 0.1023622047244000105 ) ) ;
#5161 = DIRECTION ( 'NONE',  ( 0.000000000000000000, 1.000000000000000000, 0.000000000000000000 ) ) ;
#5162 = CARTESIAN_POINT ( 'NONE',  ( 1.048629947262799345, 0.1086579152154245886, 0.04793166862385556809 ) ) ;
#5163 = CARTESIAN_POINT ( 'NONE',  ( 1.131795542296999857, -0.1032031167347789991, 0.05948255673673419341 ) ) ;
#5164 = CARTESIAN_POINT ( 'NONE',  ( 1.351492556210000195, -0.08782865787872007335, -0.06652073071077992117 ) ) ;
#5165 = CARTESIAN_POINT ( 'NONE',  ( 1.050728041418000025, 0.08554308236107009689, 0.08511978927183996846 ) ) ;
#5166 = DIRECTION ( 'NONE',  ( 1.000000000000000000, 0.000000000000000000, 0.000000000000000000 ) ) ;
#5167 = EDGE_CURVE ( 'NONE', #3529, #6923, #7511, .T. ) ;
#5168 = CARTESIAN_POINT ( 'NONE',  ( 1.076251256978000059, -0.05217873381818999984, 0.09037621804796004688 ) ) ;
#5169 = CARTESIAN_POINT ( 'NONE',  ( 1.292476808178000036, 0.08694300485362992104, 0.06671371389544999975 ) ) ;
#5170 = DIRECTION ( 'NONE',  ( 0.000000000000000000, 0.000000000000000000, -1.000000000000000000 ) ) ;
#5171 = CARTESIAN_POINT ( 'NONE',  ( 1.290654144116999857, 0.01901763795381000016, -0.1026099921947999927 ) ) ;
#5172 = ORIENTED_EDGE ( 'NONE', *, *, #3117, .T. ) ;
#5173 = CARTESIAN_POINT ( 'NONE',  ( 1.063327113286000047, -0.02305702843376999933, 0.1070482362684000016 ) ) ;
#5174 = AXIS2_PLACEMENT_3D ( 'NONE', #2590, #5678, #1030 ) ;
#5175 = DIRECTION ( 'NONE',  ( 0.000000000000000000, -1.000000000000000000, 0.000000000000000000 ) ) ;
#5176 = CARTESIAN_POINT ( 'NONE',  ( 1.233854064002749773, 0.01546059376767015998, -0.1181102362205000006 ) ) ;
#5177 = CARTESIAN_POINT ( 'NONE',  ( 1.562992125983999836, 0.000000000000000000, 0.000000000000000000 ) ) ;
#5178 = ORIENTED_EDGE ( 'NONE', *, *, #6761, .T. ) ;
#5179 = CARTESIAN_POINT ( 'NONE',  ( 1.078496885233000135, -0.08279234553396004614, -0.06352880112627991294 ) ) ;
#5180 = ORIENTED_EDGE ( 'NONE', *, *, #5246, .T. ) ;
#5181 = AXIS2_PLACEMENT_3D ( 'NONE', #8980, #4426, #9580 ) ;
#5182 = CARTESIAN_POINT ( 'NONE',  ( 1.101447773268249719, -0.07258425826477052367, -0.09444883965335057474 ) ) ;
#5183 = CARTESIAN_POINT ( 'NONE',  ( 0.5819715378862000410, 0.01574803149606000124, -0.1534166229402000037 ) ) ;
#5184 = CARTESIAN_POINT ( 'NONE',  ( 1.180281338980391670, 0.04492766914367226500, 0.09419278167412940828 ) ) ;
#5185 = DIRECTION ( 'NONE',  ( 1.000000000000000000, 2.365033052950000123E-11, -2.652259605921000366E-10 ) ) ;
#5186 = DIRECTION ( 'NONE',  ( 0.000000000000000000, 1.000000000000000000, 0.000000000000000000 ) ) ;
#5187 = CARTESIAN_POINT ( 'NONE',  ( 1.268596497457000316, 0.1126636970527000042, -0.02394740807054999629 ) ) ;
#5188 = ORIENTED_EDGE ( 'NONE', *, *, #2290, .T. ) ;
#5189 = AXIS2_PLACEMENT_3D ( 'NONE', #2963, #6843, #6891 ) ;
#5190 = DIRECTION ( 'NONE',  ( 0.000000000000000000, -0.8660254037844288266, 0.5000000000000169864 ) ) ;
#5191 = CARTESIAN_POINT ( 'NONE',  ( 1.079784161499000028, 0.05495946620011000344, 0.1012227447843000172 ) ) ;
#5192 = CARTESIAN_POINT ( 'NONE',  ( 0.7362204724408996093, 0.000000000000000000, 0.000000000000000000 ) ) ;
#5193 = CARTESIAN_POINT ( 'NONE',  ( 1.328645935998000072, -0.1022864650138999992, 0.05905511811023995972 ) ) ;
#5194 = PLANE ( 'NONE',  #6239 ) ;
#5195 = DIRECTION ( 'NONE',  ( 7.232493737953139821E-40, 1.000000000000000000, -1.580755318308999950E-11 ) ) ;
#5196 = ADVANCED_FACE ( 'NONE', ( #8147 ), #4168, .T. ) ;
#5197 = CARTESIAN_POINT ( 'NONE',  ( 1.349805280120999873, 0.04780244526199000504, 0.09339407042860001229 ) ) ;
#5198 = CARTESIAN_POINT ( 'NONE',  ( 1.358877009268000036, -0.007068458165935000669, 0.1147465864682000042 ) ) ;
#5199 = CARTESIAN_POINT ( 'NONE',  ( 1.562992125983999836, 0.000000000000000000, 0.000000000000000000 ) ) ;
#5200 = CARTESIAN_POINT ( 'NONE',  ( 1.193345759760999991, -0.05759033553228999625, -0.09974938716658995896 ) ) ;
#5201 = VERTEX_POINT ( 'NONE', #4264 ) ;
#5202 = AXIS2_PLACEMENT_3D ( 'NONE', #5247, #1558, #5295 ) ;
#5203 = CARTESIAN_POINT ( 'NONE',  ( 0.3937007874016000275, 0.000000000000000000, 0.000000000000000000 ) ) ;
#5204 = EDGE_LOOP ( 'NONE', ( #8633, #4142, #1264, #3600 ) ) ;
#5205 = VERTEX_POINT ( 'NONE', #7348 ) ;
#5206 = CARTESIAN_POINT ( 'NONE',  ( 0.7280600717204999128, 0.1669210694110000448, 0.1138883778692999921 ) ) ;
#5207 = CARTESIAN_POINT ( 'NONE',  ( 1.000000084320005200, 0.03116626488251664218, 0.1732283464567000442 ) ) ;
#5208 = EDGE_CURVE ( 'NONE', #5534, #4457, #9880, .T. ) ;
#5209 = EDGE_CURVE ( 'NONE', #7224, #8291, #1078, .T. ) ;
#5210 = CARTESIAN_POINT ( 'NONE',  ( 1.053235450317578037, 0.04838326685366432789, 0.1084572503084674788 ) ) ;
#5211 = CARTESIAN_POINT ( 'NONE',  ( -0.03184567412302000827, 3.848801177594999738E-09, 0.2417915662690000023 ) ) ;
#5212 = CARTESIAN_POINT ( 'NONE',  ( 1.340340039427000196, -0.1205322925468999967, 0.01465004891690000095 ) ) ;
#5213 = ORIENTED_EDGE ( 'NONE', *, *, #5654, .F. ) ;
#5214 = ADVANCED_FACE ( 'NONE', ( #4410 ), #66, .T. ) ;
#5215 = CARTESIAN_POINT ( 'NONE',  ( 1.163518001456000039, 0.1204132023310000021, -0.007978220710787006786 ) ) ;
#5216 = LINE ( 'NONE', #2179, #6883 ) ;
#5217 = DIRECTION ( 'NONE',  ( 1.000000000000000000, 0.000000000000000000, 0.000000000000000000 ) ) ;
#5218 = CARTESIAN_POINT ( 'NONE',  ( 1.235207949892000112, -0.07183494035557008717, 0.07569823244745001178 ) ) ;
#5219 = ORIENTED_EDGE ( 'NONE', *, *, #7132, .F. ) ;
#5220 = CARTESIAN_POINT ( 'NONE',  ( 0.5393700787402000429, 0.000000000000000000, -0.1122047244094000057 ) ) ;
#5221 = CARTESIAN_POINT ( 'NONE',  ( 0.9999994263157997443, -0.1850831034254770413, 0.06932385632206225501 ) ) ;
#5222 = LINE ( 'NONE', #5958, #2201 ) ;
#5223 = DIRECTION ( 'NONE',  ( 1.000000000000000000, 0.000000000000000000, 0.000000000000000000 ) ) ;
#5224 = ORIENTED_EDGE ( 'NONE', *, *, #2740, .T. ) ;
#5225 = CARTESIAN_POINT ( 'NONE',  ( 0.7358050155909999779, 0.1325573408924999863, -0.08482813847027007026 ) ) ;
#5226 = LINE ( 'NONE', #683, #1240 ) ;
#5227 = CARTESIAN_POINT ( 'NONE',  ( 0.7362204724408996093, -0.003937007874016000379, -0.2132686289419000181 ) ) ;
#5228 = ORIENTED_EDGE ( 'NONE', *, *, #8578, .F. ) ;
#5229 = CARTESIAN_POINT ( 'NONE',  ( 1.256467458306999241, -0.1032031167347788603, -0.05948255673673441546 ) ) ;
#5230 = DIRECTION ( 'NONE',  ( 0.000000000000000000, 0.8260463536101315674, -0.5636021838916217552 ) ) ;
#5231 = CARTESIAN_POINT ( 'NONE',  ( 0.6498031496062991463, -0.3740157480314960647, -0.5314960629921000601 ) ) ;
#5232 = CARTESIAN_POINT ( 'NONE',  ( 0.7277987937948995345, -0.1262055392388000130, 0.09052581345543996016 ) ) ;
#5233 = DIRECTION ( 'NONE',  ( 0.000000000000000000, -3.012892418312999252E-08, -0.9999999999999995559 ) ) ;
#5234 = CARTESIAN_POINT ( 'NONE',  ( -0.03507965042200000133, 0.000000000000000000, 0.2750715554070999880 ) ) ;
#5235 = AXIS2_PLACEMENT_3D ( 'NONE', #4632, #138, #8565 ) ;
#5236 = CARTESIAN_POINT ( 'NONE',  ( 1.245138492208000214, -0.07928514195874998560, 0.08354910682621004281 ) ) ;
#5237 = ORIENTED_EDGE ( 'NONE', *, *, #7991, .T. ) ;
#5238 = CARTESIAN_POINT ( 'NONE',  ( 0.7322039835687007558, 0.01286853839508000051, -0.2039691127407000093 ) ) ;
#5239 = CARTESIAN_POINT ( 'NONE',  ( 1.095810593396000066, -0.05968658839505000535, -0.09190928627916002125 ) ) ;
#5240 = CARTESIAN_POINT ( 'NONE',  ( 0.5788054699796000291, -0.1362428926568000076, 0.06047561030363995949 ) ) ;
#5241 = CARTESIAN_POINT ( 'NONE',  ( 0.7244094488188976833, -0.01574803149606000124, 0.2002676082188999951 ) ) ;
#5242 = CARTESIAN_POINT ( 'NONE',  ( 1.031496062992000029, 0.000000000000000000, 0.000000000000000000 ) ) ;
#5243 = DIRECTION ( 'NONE',  ( 1.000000000000000000, 0.000000000000000000, 0.000000000000000000 ) ) ;
#5244 = CONICAL_SURFACE ( 'NONE', #6367, 0.09842519684257008961, 0.7853981633972997312 ) ;
#5245 = CARTESIAN_POINT ( 'NONE',  ( 1.347395503218000057, 0.07934963333568996469, 0.06863790391348996434 ) ) ;
#5246 = EDGE_CURVE ( 'NONE', #3907, #1792, #528, .T. ) ;
#5247 = CARTESIAN_POINT ( 'NONE',  ( 0.5866141732283000065, 0.000000000000000000, 0.000000000000000000 ) ) ;
#5248 = DIRECTION ( 'NONE',  ( 0.000000000000000000, 1.000000000000000000, 0.000000000000000000 ) ) ;
#5249 = CARTESIAN_POINT ( 'NONE',  ( 1.364954765173999940, -0.09864665185876003717, 0.05903880320573000329 ) ) ;
#5250 = CARTESIAN_POINT ( 'NONE',  ( 0.7244094488188976833, -0.1409286094185999982, 0.06318091013743996898 ) ) ;
#5251 = CARTESIAN_POINT ( 'NONE',  ( 1.176285392307000022, 0.01203965764054000000, 0.1145497078975999949 ) ) ;
#5252 = VERTEX_POINT ( 'NONE', #7499 ) ;
#5253 = CIRCLE ( 'NONE', #1852, 0.1220472440945000042 ) ;
#5254 = LINE ( 'NONE', #8144, #4521 ) ;
#5255 = VERTEX_POINT ( 'NONE', #1282 ) ;
#5256 = CARTESIAN_POINT ( 'NONE',  ( 0.8602362204723996708, 0.000000000000000000, -0.1673228346456999971 ) ) ;
#5257 = ORIENTED_EDGE ( 'NONE', *, *, #5823, .F. ) ;
#5258 = LINE ( 'NONE', #670, #6895 ) ;
#5259 = CARTESIAN_POINT ( 'NONE',  ( 0.7358047547447992276, 0.1325567376728999935, 0.08482895994423995945 ) ) ;
#5260 = CARTESIAN_POINT ( 'NONE',  ( 1.140817852008249922, -0.07258425826477052367, -0.09444883965335057474 ) ) ;
#5261 = CARTESIAN_POINT ( 'NONE',  ( 1.309012939689999877, -0.04819225909385000534, -0.1114457833163999961 ) ) ;
#5262 = B_SPLINE_CURVE_WITH_KNOTS ( 'NONE', 3,
 ( #1906, #8068, #6406, #6456, #9635, #2721, #2506, #5591, #4891, #8678, #4130, #5646, #1751 ),
 .UNSPECIFIED., .F., .F.,
 ( 4, 1, 1, 1, 1, 1, 1, 1, 1, 1, 4 ),
 ( 0.1923249450698347185, 0.2596305527446930994, 0.3427538955039897139, 0.4258772382632868836, 0.5090005810225834981, 0.5921239237818800571, 0.6752472665411766162, 0.7583706093004731752, 0.8414939520597697342, 0.9246172948190662932, 1.000000000000000000 ),
 .UNSPECIFIED. ) ;
#5263 = CARTESIAN_POINT ( 'NONE',  ( 1.140542268856000074, -0.1001861286454000105, 0.06727359898188996212 ) ) ;
#5264 = EDGE_CURVE ( 'NONE', #6379, #968, #9592, .T. ) ;
#5265 = EDGE_CURVE ( 'NONE', #6579, #7177, #2163, .T. ) ;
#5266 = PRESENTATION_LAYER_ASSIGNMENT (  '', '', ( #5409 ) ) ;
#5267 = CARTESIAN_POINT ( 'NONE',  ( 1.292088972139000091, 0.000000000000000000, 0.1181102362205000006 ) ) ;
#5268 = CARTESIAN_POINT ( 'NONE',  ( 1.241605587687000023, -0.1020770065874999910, -0.02169713754582000206 ) ) ;
#5269 = VERTEX_POINT ( 'NONE', #4503 ) ;
#5270 = CARTESIAN_POINT ( 'NONE',  ( 0.9999994263158000773, -0.1968504060589102156, 0.01764850881547504538 ) ) ;
#5271 = AXIS2_PLACEMENT_3D ( 'NONE', #1203, #4137, #3543 ) ;
#5273 = ADVANCED_FACE ( 'NONE', ( #6792 ), #7829, .T. ) ;
#5272 = CIRCLE ( 'NONE', #8987, 0.3740157480314960647 ) ;
#5274 = CARTESIAN_POINT ( 'NONE',  ( 0.7362204724408996093, 0.1340878390540999887, -0.08258810736048996515 ) ) ;
#5275 = DIRECTION ( 'NONE',  ( 1.000000000000000000, 0.000000000000000000, 0.000000000000000000 ) ) ;
#5276 = CARTESIAN_POINT ( 'NONE',  ( 1.224479269330750020, 0.01546059376767017733, -0.1181102362205000006 ) ) ;
#5277 = EDGE_CURVE ( 'NONE', #2832, #7937, #5916, .T. ) ;
#5278 = VECTOR ( 'NONE', #6885, 39.37007874015748143 ) ;
#5279 = PLANE ( 'NONE',  #9036 ) ;
#5280 = AXIS2_PLACEMENT_3D ( 'NONE', #941, #4873, #6343 ) ;
#5281 = CARTESIAN_POINT ( 'NONE',  ( 1.306655787245000200, -0.08321982597356004929, 0.06103011843206004178 ) ) ;
#5282 = CARTESIAN_POINT ( 'NONE',  ( 1.181008140721999666, -0.05948255673673412403, -0.1032031167347790407 ) ) ;
#5283 = CARTESIAN_POINT ( 'NONE',  ( 1.198222481708999920, 0.04958656040476999705, 0.1039603466461000020 ) ) ;
#5284 = TOROIDAL_SURFACE ( 'NONE', #9956, 0.2592016018472000360, 0.03149606299213000143 ) ;
#5285 = TOROIDAL_SURFACE ( 'NONE', #5604, 0.2992125984251968740, 0.01574803149606000124 ) ;
#5286 = VERTEX_POINT ( 'NONE', #6062 ) ;
#5287 = CARTESIAN_POINT ( 'NONE',  ( 0.5787401574803000548, 0.000000000000000000, 0.000000000000000000 ) ) ;
#5288 = CARTESIAN_POINT ( 'NONE',  ( 1.115003506782000109, 0.06671371405287007672, 0.08694300487017991852 ) ) ;
#5289 = DIRECTION ( 'NONE',  ( 0.000000000000000000, 0.000000000000000000, -1.000000000000000000 ) ) ;
#5290 = CARTESIAN_POINT ( 'NONE',  ( 1.156480923144666439, 0.04120276216306029138, -0.1125935275257134438 ) ) ;
#5291 = CARTESIAN_POINT ( 'NONE',  ( 0.5819715539376000280, -0.01574803149606000124, -0.1534166351743000145 ) ) ;
#5292 = CIRCLE ( 'NONE', #3830, 0.2020722792147000846 ) ;
#5293 = CARTESIAN_POINT ( 'NONE',  ( 1.162369526899488914, -0.01682677582567312924, -0.1029102449942585762 ) ) ;
#5294 = CARTESIAN_POINT ( 'NONE',  ( 1.337756395606999993, 0.07117722443235000029, -0.07708001613486005488 ) ) ;
#5295 = DIRECTION ( 'NONE',  ( 0.000000000000000000, -0.9997541118987406383, -0.02217466440694088742 ) ) ;
#5296 = CARTESIAN_POINT ( 'NONE',  ( 1.357736446415000353, -0.04106415385597999429, 0.1013825338187000075 ) ) ;
#5297 = CARTESIAN_POINT ( 'NONE',  ( 1.180540415707999724, -0.1032031167347789991, 0.05948255673673419341 ) ) ;
#5298 = CARTESIAN_POINT ( 'NONE',  ( 1.232830196907000131, 0.000000000000000000, -0.1207720828990000023 ) ) ;
#5299 = DIMENSIONAL_EXPONENTS ( 1.000000000000000000, 0.000000000000000000, 0.000000000000000000, 0.000000000000000000, 0.000000000000000000, 0.000000000000000000, 0.000000000000000000 ) ;
#5300 = CARTESIAN_POINT ( 'NONE',  ( 0.7244094488188976833, -0.01574803149606000124, -0.2002676082188999951 ) ) ;
#5301 = ORIENTED_EDGE ( 'NONE', *, *, #9777, .T. ) ;
#5302 = DIRECTION ( 'NONE',  ( 0.000000000000000000, 0.000000000000000000, 1.000000000000000000 ) ) ;
#5303 = DIRECTION ( 'NONE',  ( -1.000000000000000000, 1.884637455303999952E-14, 0.000000000000000000 ) ) ;
#5304 = AXIS2_PLACEMENT_3D ( 'NONE', #1304, #4379, #9326 ) ;
#5305 = CARTESIAN_POINT ( 'NONE',  ( 0.7344566991169999559, 0.1408132503455999940, 0.06949625813328995372 ) ) ;
#5306 = CARTESIAN_POINT ( 'NONE',  ( 1.306603162787000283, -0.08648350242262006771, -0.08522479310082992088 ) ) ;
#5307 = ORIENTED_EDGE ( 'NONE', *, *, #391, .T. ) ;
#5308 = CARTESIAN_POINT ( 'NONE',  ( 1.107123021437000032, -0.1130102254261999978, -0.04232831725994999628 ) ) ;
#5309 = EDGE_CURVE ( 'NONE', #4543, #3215, #4211, .T. ) ;
#5310 = CARTESIAN_POINT ( 'NONE',  ( 0.7095549599062008772, 0.1218552663352999998, 0.08853743126778997052 ) ) ;
#5311 = CARTESIAN_POINT ( 'NONE',  ( 1.207484852779000084, -0.05217873381839999852, -0.09037621804783996238 ) ) ;
#5312 = ORIENTED_EDGE ( 'NONE', *, *, #9648, .F. ) ;
#5313 = CARTESIAN_POINT ( 'NONE',  ( 0.9999994263157997443, -0.1780917563452036056, -0.08570226689445471779 ) ) ;
#5314 = EDGE_CURVE ( 'NONE', #2837, #33, #1474, .T. ) ;
#5315 = EDGE_CURVE ( 'NONE', #6980, #415, #1380, .T. ) ;
#5316 = ORIENTED_EDGE ( 'NONE', *, *, #128, .F. ) ;
#5317 = PLANE ( 'NONE',  #5691 ) ;
#5318 = FACE_OUTER_BOUND ( 'NONE', #758, .T. ) ;
#5319 = FACE_OUTER_BOUND ( 'NONE', #5489, .T. ) ;
#5320 = DIRECTION ( 'NONE',  ( 0.000000000000000000, -1.000000000000000000, 0.000000000000000000 ) ) ;
#5321 = ADVANCED_FACE ( 'NONE', ( #4551 ), #8300, .T. ) ;
#5322 = CARTESIAN_POINT ( 'NONE',  ( 1.061608801575517180, -0.09445202351625409110, 0.07258642238303272820 ) ) ;
#5323 = DIRECTION ( 'NONE',  ( -1.000000000000000000, 2.395548206294999959E-12, 0.000000000000000000 ) ) ;
#5324 = CARTESIAN_POINT ( 'NONE',  ( 1.164662634067000102, 0.01771054930305000080, -0.1023958459309999985 ) ) ;
#5325 = CARTESIAN_POINT ( 'NONE',  ( 1.323008756126000218, -0.09891369741183997366, 0.04717896682107999839 ) ) ;
#5326 = ADVANCED_FACE ( 'NONE', ( #9755 ), #3760, .T. ) ;
#5327 = CIRCLE ( 'NONE', #9687, 0.08267716535433068670 ) ;
#5328 = ORIENTED_EDGE ( 'NONE', *, *, #3182, .T. ) ;
#5329 = DIRECTION ( 'NONE',  ( 1.000000000000000000, 0.000000000000000000, 0.000000000000000000 ) ) ;
#5330 = CARTESIAN_POINT ( 'NONE',  ( 1.127798782373000019, -0.1077541769542000039, 0.01997105624408000366 ) ) ;
#5331 = FACE_OUTER_BOUND ( 'NONE', #7895, .T. ) ;
#5332 = DIRECTION ( 'NONE',  ( 0.000000000000000000, 1.000000000000000000, 0.000000000000000000 ) ) ;
#5333 = AXIS2_PLACEMENT_3D ( 'NONE', #6264, #7836, #4597 ) ;
#5334 = CARTESIAN_POINT ( 'NONE',  ( 0.4724409448819000268, 0.000000000000000000, 0.000000000000000000 ) ) ;
#5335 = CARTESIAN_POINT ( 'NONE',  ( 1.353437063231999860, -0.1041502681473000097, 0.01265890236404999987 ) ) ;
#5336 = CARTESIAN_POINT ( 'NONE',  ( 0.5830288430312999814, 0.1412995412108999926, -0.06339506770756003773 ) ) ;
#5337 = VECTOR ( 'NONE', #5329, 39.37007874015748143 ) ;
#5338 = CARTESIAN_POINT ( 'NONE',  ( 1.358621802197000017, -0.08906910639838996890, 0.05330676049598000177 ) ) ;
#5339 = CARTESIAN_POINT ( 'NONE',  ( 0.7519685039370078705, 0.000000000000000000, 0.000000000000000000 ) ) ;
#5340 = CARTESIAN_POINT ( 'NONE',  ( 1.194444370135999911, 0.01889291618010999901, -0.1192851781487999918 ) ) ;
#5341 = CARTESIAN_POINT ( 'NONE',  ( 0.7346171346687991877, 0.009990493613278996626, 0.2070131803426999706 ) ) ;
#5342 = VERTEX_POINT ( 'NONE', #3565 ) ;
#5343 = LINE ( 'NONE', #8568, #8638 ) ;
#5344 = B_SPLINE_CURVE_WITH_KNOTS ( 'NONE', 3,
 ( #3245, #8627, #354, #1108, #5046, #2732, #3445, #8689, #9647, #7231, #4997, #7980, #2627, #6515 ),
 .UNSPECIFIED., .F., .F.,
 ( 4, 1, 1, 1, 1, 1, 1, 1, 1, 1, 1, 4 ),
 ( 0.000000000000000000, 0.09090909090909000956, 0.1818181818182000031, 0.2727272727273000186, 0.3636363636364000063, 0.4545454545454999939, 0.5454545454545000061, 0.6363636363636000493, 0.7272727272726999814, 0.8181818181818000246, 0.9090909090908999568, 1.000000000000000000 ),
 .UNSPECIFIED. ) ;
#5345 = CARTESIAN_POINT ( 'NONE',  ( 0.6104330708661004357, -0.3543307086614000401, 0.3543307086614000401 ) ) ;
#5346 = EDGE_LOOP ( 'NONE', ( #4027, #8260, #4859, #7634, #91, #8522 ) ) ;
#5347 = CARTESIAN_POINT ( 'NONE',  ( 0.7249748790432009038, 0.1253071545881999926, 0.09053037987981003842 ) ) ;
#5348 = CARTESIAN_POINT ( 'NONE',  ( 1.314589198080999832, -0.002728173668608999732, -0.1157658260929000094 ) ) ;
#5349 = DIRECTION ( 'NONE',  ( 1.000000000000000000, 0.000000000000000000, 0.000000000000000000 ) ) ;
#5350 = VERTEX_POINT ( 'NONE', #6643 ) ;
#5351 = DIRECTION ( 'NONE',  ( -1.000000000000000000, 0.000000000000000000, 0.000000000000000000 ) ) ;
#5352 = CARTESIAN_POINT ( 'NONE',  ( 1.207541393940000152, 0.01632510462271000162, -0.1030726540387999907 ) ) ;
#5353 = ORIENTED_EDGE ( 'NONE', *, *, #4769, .F. ) ;
#5354 = AXIS2_PLACEMENT_3D ( 'NONE', #5946, #3700, #5383 ) ;
#5355 = ADVANCED_FACE ( 'NONE', ( #2180 ), #2835, .F. ) ;
#5356 = DIRECTION ( 'NONE',  ( 0.000000000000000000, 1.000000000000000000, 0.000000000000000000 ) ) ;
#5357 = ORIENTED_EDGE ( 'NONE', *, *, #3730, .T. ) ;
#5358 = EDGE_CURVE ( 'NONE', #8249, #7453, #6137, .T. ) ;
#5359 = FACE_OUTER_BOUND ( 'NONE', #5855, .T. ) ;
#5360 = VERTEX_POINT ( 'NONE', #4650 ) ;
#5361 = CARTESIAN_POINT ( 'NONE',  ( 1.371388538774508170, 0.04335244697363750677, 0.1060192250137533265 ) ) ;
#5362 = CARTESIAN_POINT ( 'NONE',  ( 1.001344629724999935, -0.09315903500885000521, -0.1718838784784999796 ) ) ;
#5363 = CARTESIAN_POINT ( 'NONE',  ( 0.7077880313856003136, 0.1766181753184000169, -0.08378629061696003799 ) ) ;
#5364 = CYLINDRICAL_SURFACE ( 'NONE', #2611, 0.08267716535433068670 ) ;
#5365 = CARTESIAN_POINT ( 'NONE',  ( 1.381889763780000280, 0.08185566103464637921, 0.06290635716005607558 ) ) ;
#5366 = CARTESIAN_POINT ( 'NONE',  ( 1.136249077125499829, -0.03091510445189072503, 0.1150361429136074476 ) ) ;
#5367 = CARTESIAN_POINT ( 'NONE',  ( 1.004020106130302459, 0.09248258375016207844, -0.1692068727216594626 ) ) ;
#5368 = CARTESIAN_POINT ( 'NONE',  ( 1.229176735129000164, 0.1050763444793000045, 0.03112503123606000233 ) ) ;
#5369 = EDGE_LOOP ( 'NONE', ( #8535, #3589, #9057, #7746, #9117 ) ) ;
#5370 = B_SPLINE_CURVE_WITH_KNOTS ( 'NONE', 3,
 ( #3769, #3868, #2143, #9121, #6077, #9260, #6842, #6174, #2333, #9966, #6987, #5229, #2191, #9171, #9076, #8312, #8359, #1438 ),
 .UNSPECIFIED., .F., .F.,
 ( 4, 2, 2, 2, 2, 2, 2, 2, 4 ),
 ( 0.000000000000000000, 0.1250000000000000278, 0.2500000000000000555, 0.3750000000000000000, 0.5000000000000000000, 0.6250000000000000000, 0.7500000000000000000, 0.8750000000000001110, 1.000000000000000000 ),
 .UNSPECIFIED. ) ;
#5371 = ORIENTED_EDGE ( 'NONE', *, *, #8516, .T. ) ;
#5372 = ORIENTED_EDGE ( 'NONE', *, *, #2355, .F. ) ;
#5373 = LINE ( 'NONE', #7814, #8415 ) ;
#5374 = CARTESIAN_POINT ( 'NONE',  ( 1.176847338803000076, -0.02278488814765999848, -0.1071944710069999973 ) ) ;
#5375 = DIRECTION ( 'NONE',  ( 0.000000000000000000, 1.000000000000000000, 0.000000000000000000 ) ) ;
#5376 = EDGE_CURVE ( 'NONE', #4845, #85, #1682, .T. ) ;
#5377 = EDGE_CURVE ( 'NONE', #6337, #2738, #5500, .T. ) ;
#5378 = CARTESIAN_POINT ( 'NONE',  ( 1.306305945017333325, -0.09197940250215626279, -0.07690747405743883491 ) ) ;
#5379 = CARTESIAN_POINT ( 'NONE',  ( 0.7362204724408996093, -0.01574803149606000124, -0.2165354330709000075 ) ) ;
#5380 = CARTESIAN_POINT ( 'NONE',  ( 1.068377893534427248, -0.05410270933020470269, 0.08914345600888673449 ) ) ;
#5381 = CARTESIAN_POINT ( 'NONE',  ( 1.351638289432000040, -0.1012918731321000021, -0.02734012804704000210 ) ) ;
#5382 = CLOSED_SHELL ( 'NONE', ( #8790, #1000, #2302, #8937, #9834, #9227, #3231, #9709, #2223, #6444, #7058, #7858, #6053, #6008, #3442, #1949, #7728, #5321, #59, #9101, #2548, #515, #6189, #1031, #3740, #4726, #767, #137, #1804, #1256, #4467, #833, #692, #8250, #9273, #1273, #7637, #2350, #5702, #4353, #3356, #5326, #3533, #1623, #8802, #5140, #789, #7583, #6869, #3622, #1738, #5641, #5114, #9753, #9902, #5733, #6123, #7259, #5633, #9641, #4091, #4408, #8649, #1339, #1570, #6445, #4939, #4752, #8660, #4770, #4641, #8301, #8247, #7897, #458, #5990, #2952, #9585, #1246, #7380, #8734, #7819, #9953, #1427, #7313, #909, #6611, #6250, #6570, #7749, #2995, #3851, #9165, #3874, #9890, #3867, #4174, #3296, #3968, #6773, #3982, #8357, #2667, #999, #5018, #4286, #7427, #417, #2989, #5431, #5821, #8938, #3176, #9453, #4051, #8932, #768, #2079, #2308, #1376, #1694, #195, #1927, #7123, #4037, #4623, #4690, #6940, #4576, #1692, #4914, #8579, #826, #3913, #5034, #1325, #2869, #5941, #4571, #2754, #6182, #5754, #8354, #3678, #4710, #5076, #9526, #656, #4411, #2074, #2412, #7691, #899, #7992, #4160, #4224, #5273, #9359, #2291, #4725, #1386, #5355, #8459, #3687, #5445, #6861, #9537, #7366, #4421, #3544, #5214, #6180, #7546, #2500, #4314, #4340, #9718, #6587, #6326, #3670, #8858, #8227, #389, #249, #344, #3298, #9583, #7183, #3684, #2917, #5196, #4519, #2344, #1192, #5777, #400, #4886, #6921, #2113, #7252, #9090, #2060, #8584, #3789, #6498, #8925, #5889, #1140, #1323, #3706, #7815, #6507, #2680, #4631 ) ) ;
#5383 = DIRECTION ( 'NONE',  ( 0.000000000000000000, 0.000000000000000000, 1.000000000000000000 ) ) ;
#5384 = CARTESIAN_POINT ( 'NONE',  ( 1.338362615844999937, 0.08381780017365000890, -0.06123310218512992981 ) ) ;
#5385 = CARTESIAN_POINT ( 'NONE',  ( 0.7362204724408996093, 0.1343708233930999973, 0.08212509616896003506 ) ) ;
#5386 = CARTESIAN_POINT ( 'NONE',  ( 1.175251456750000090, -0.02819368258202999827, 0.1174351382184000009 ) ) ;
#5387 = CARTESIAN_POINT ( 'NONE',  ( 0.5790964197264000246, 0.1215489777388999992, -0.08836059546421004551 ) ) ;
#5388 = ORIENTED_EDGE ( 'NONE', *, *, #2823, .T. ) ;
#5389 = ORIENTED_EDGE ( 'NONE', *, *, #1084, .F. ) ;
#5390 = AXIS2_PLACEMENT_3D ( 'NONE', #7855, #1833, #9412 ) ;
#5391 = DIRECTION ( 'NONE',  ( 1.000000000000000000, 0.000000000000000000, 0.000000000000000000 ) ) ;
#5392 = CARTESIAN_POINT ( 'NONE',  ( 0.7322039756092009188, 0.1702081562578999785, -0.1131290393270000111 ) ) ;
#5393 = PLANE ( 'NONE',  #7402 ) ;
#5394 = CARTESIAN_POINT ( 'NONE',  ( 1.333867413304000049, 0.01023338583431999960, 0.1153449046985000059 ) ) ;
#5395 = ORIENTED_EDGE ( 'NONE', *, *, #385, .F. ) ;
#5396 = CIRCLE ( 'NONE', #1054, 0.2755905511811023723 ) ;
#5397 = CARTESIAN_POINT ( 'NONE',  ( 0.4921259842520000483, -0.4370078740156999597, 0.3543307086614000401 ) ) ;
#5398 = CARTESIAN_POINT ( 'NONE',  ( 1.170921690067999954, 0.1069051038639000084, 0.01123617918762000005 ) ) ;
#5399 = CARTESIAN_POINT ( 'NONE',  ( 1.366141732283000065, -0.08034203920182007852, 0.08657473440298996126 ) ) ;
#5400 = CARTESIAN_POINT ( 'NONE',  ( 1.258722496302999927, 0.09298318451212993219, 0.04737729888397000655 ) ) ;
#5401 = EDGE_LOOP ( 'NONE', ( #1207, #4982, #4396, #2792 ) ) ;
#5402 = CARTESIAN_POINT ( 'NONE',  ( 1.354217515316238574, -0.03061339617533000157, 0.1003511142880000040 ) ) ;
#5403 = CARTESIAN_POINT ( 'NONE',  ( 1.031496062992000029, -0.09842519685038997324, 0.000000000000000000 ) ) ;
#5404 = ORIENTED_EDGE ( 'NONE', *, *, #2475, .T. ) ;
#5405 = CARTESIAN_POINT ( 'NONE',  ( 1.212176119724500234, -0.1150361429136074615, 0.03091510445189059667 ) ) ;
#5406 = VERTEX_POINT ( 'NONE', #8532 ) ;
#5407 = CARTESIAN_POINT ( 'NONE',  ( 1.381889763779999836, -0.03163166084151999846, 0.09735224182548997407 ) ) ;
#5408 = CARTESIAN_POINT ( 'NONE',  ( 0.7334836014312007269, -0.01157508338892000027, -0.2053427753564000258 ) ) ;
#5409 = STYLED_ITEM ( 'NONE', ( #3070 ), #6223 ) ;
#5410 = FACE_OUTER_BOUND ( 'NONE', #5012, .T. ) ;
#5411 = DIRECTION ( 'NONE',  ( 0.000000000000000000, -1.000000000000000000, 0.000000000000000000 ) ) ;
#5412 = CYLINDRICAL_SURFACE ( 'NONE', #1449, 0.1181102362205000006 ) ;
#5413 = CARTESIAN_POINT ( 'NONE',  ( 1.111642777912999591, -0.05948255673673411015, -0.1032031167347790546 ) ) ;
#5414 = CARTESIAN_POINT ( 'NONE',  ( 0.6561202481738996894, 0.000000000000000000, 0.000000000000000000 ) ) ;
#5415 = CARTESIAN_POINT ( 'NONE',  ( 1.212116367674999973, -0.08333232648411004195, -0.07117253052570000904 ) ) ;
#5416 = VECTOR ( 'NONE', #3723, 39.37007874015748143 ) ;
#5417 = EDGE_LOOP ( 'NONE', ( #6886, #9897, #7891, #225, #1261, #6701 ) ) ;
#5418 = LINE ( 'NONE', #6183, #9803 ) ;
#5419 = AXIS2_PLACEMENT_3D ( 'NONE', #3623, #5924, #2091 ) ;
#5420 = ORIENTED_EDGE ( 'NONE', *, *, #6048, .F. ) ;
#5421 = LINE ( 'NONE', #127, #4227 ) ;
#5422 = CARTESIAN_POINT ( 'NONE',  ( 1.102208231191999843, 0.04717939218952999642, -0.09891365270382007635 ) ) ;
#5423 = CARTESIAN_POINT ( 'NONE',  ( 1.066178744397000111, 0.000000000000000000, -0.1181102362205000006 ) ) ;
#5424 = ORIENTED_EDGE ( 'NONE', *, *, #8294, .T. ) ;
#5425 = CARTESIAN_POINT ( 'NONE',  ( 1.117031762769499892, 0.1150361429136073088, 0.03091510445189112402 ) ) ;
#5426 = CARTESIAN_POINT ( 'NONE',  ( 0.3937007874016000275, 0.000000000000000000, 0.000000000000000000 ) ) ;
#5427 = CARTESIAN_POINT ( 'NONE',  ( 1.053756972788488788, 0.1018288780044942082, -0.02246196654673272494 ) ) ;
#5428 = AXIS2_PLACEMENT_3D ( 'NONE', #9100, #5862, #5103 ) ;
#5429 = CARTESIAN_POINT ( 'NONE',  ( 1.382162130202000183, -0.04239408918907999757, 0.09409014822354999641 ) ) ;
#5430 = AXIS2_PLACEMENT_3D ( 'NONE', #8500, #984, #3312 ) ;
#5431 = ADVANCED_FACE ( 'NONE', ( #3089 ), #6321, .T. ) ;
#5432 = EDGE_CURVE ( 'NONE', #9505, #3907, #8440, .T. ) ;
#5433 = CARTESIAN_POINT ( 'NONE',  ( 1.194225751195482799, 0.01090832490354999920, 0.1037857943025000118 ) ) ;
#5434 = DIRECTION ( 'NONE',  ( 0.000000000000000000, 0.8660254037844288266, -0.5000000000000169864 ) ) ;
#5435 = DIRECTION ( 'NONE',  ( 1.000000000000000000, 0.000000000000000000, 0.000000000000000000 ) ) ;
#5436 = CARTESIAN_POINT ( 'NONE',  ( 1.228565105044000072, -0.07600433443792992128, -0.09385753648173995878 ) ) ;
#5437 = CIRCLE ( 'NONE', #1096, 0.1220472440945000042 ) ;
#5438 = CARTESIAN_POINT ( 'NONE',  ( 1.054799329271000063, -0.04216316591013999360, -0.1103281257907000046 ) ) ;
#5439 = AXIS2_PLACEMENT_3D ( 'NONE', #6911, #3884, #9329 ) ;
#5440 = DIRECTION ( 'NONE',  ( -1.712029370985965517E-07, 0.9999999999999783507, -1.175088878082974264E-07 ) ) ;
#5441 = FACE_OUTER_BOUND ( 'NONE', #318, .T. ) ;
#5442 = ORIENTED_EDGE ( 'NONE', *, *, #8873, .F. ) ;
#5443 = ORIENTED_EDGE ( 'NONE', *, *, #5059, .F. ) ;
#5444 = CARTESIAN_POINT ( 'NONE',  ( 1.381578566429172872, -0.02683125875418010398, 0.09891206027906516984 ) ) ;
#5445 = ADVANCED_FACE ( 'NONE', ( #1622 ), #4931, .F. ) ;
#5446 = ORIENTED_EDGE ( 'NONE', *, *, #9777, .F. ) ;
#5447 = CARTESIAN_POINT ( 'NONE',  ( 0.6104330708661004357, -0.4370078740156999597, -0.3543307086614000401 ) ) ;
#5448 = ORIENTED_EDGE ( 'NONE', *, *, #5277, .F. ) ;
#5449 = CARTESIAN_POINT ( 'NONE',  ( 0.7360889429602007761, 0.1858376080624000171, -0.1002686453335999983 ) ) ;
#5450 = VERTEX_POINT ( 'NONE', #2472 ) ;
#5451 = CARTESIAN_POINT ( 'NONE',  ( 1.256589950371000297, 0.1034646750344000027, 0.01362138288035000082 ) ) ;
#5452 = ORIENTED_EDGE ( 'NONE', *, *, #7622, .F. ) ;
#5453 = ORIENTED_EDGE ( 'NONE', *, *, #4846, .T. ) ;
#5454 = CARTESIAN_POINT ( 'NONE',  ( 1.352249260795999941, -0.1009428170590000035, -0.02724591281103000071 ) ) ;
#5455 = CARTESIAN_POINT ( 'NONE',  ( 0.7362204724408996093, 0.1343708233930999973, -0.08212509616896003506 ) ) ;
#5456 = CARTESIAN_POINT ( 'NONE',  ( 1.283886872401500012, 0.1150361429136073088, 0.03091510445189111014 ) ) ;
#5457 = EDGE_CURVE ( 'NONE', #2011, #3342, #3320, .T. ) ;
#5458 = CARTESIAN_POINT ( 'NONE',  ( 0.7244094488188976833, -0.1655628205247000329, -0.1137719994447000116 ) ) ;
#5459 = CARTESIAN_POINT ( 'NONE',  ( 1.189219650200000089, 0.08600339255113996495, 0.05910895993968996731 ) ) ;
#5460 = CARTESIAN_POINT ( 'NONE',  ( 1.226939899251999755, 0.05948255673673451954, -0.1032031167347788603 ) ) ;
#5461 = CARTESIAN_POINT ( 'NONE',  ( 1.011811089899000038, 0.09046570295565001252, 0.1614173806495000085 ) ) ;
#5462 = CARTESIAN_POINT ( 'NONE',  ( 0.01181102362204999867, 0.000000000000000000, 0.1122047244094000057 ) ) ;
#5463 = CARTESIAN_POINT ( 'NONE',  ( 1.109182147991750078, -0.09444883965335028331, -0.07258425826477082898 ) ) ;
#5464 = VERTEX_POINT ( 'NONE', #3948 ) ;
#5465 = CIRCLE ( 'NONE', #1119, 0.08267716535433068670 ) ;
#5466 = CARTESIAN_POINT ( 'NONE',  ( 0.8661417632692993696, -0.09349877921426004435, -0.1732283253607999896 ) ) ;
#5467 = CARTESIAN_POINT ( 'NONE',  ( 1.175420839002999873, 0.07353208623462992310, 0.07931359630612994094 ) ) ;
#5468 = B_SPLINE_CURVE_WITH_KNOTS ( 'NONE', 3,
 ( #9333, #8515, #3932, #5480, #8564, #4732, #7316, #4938, #2560, #7878, #3282, #4036, #9634, #4838, #4889, #6355, #1002, #395, #1049, #8778, #1099, #8018, #6503, #3484, #2505, #236, #4129, #9584, #2720, #1848, #8729, #7270, #2668, #6455, #5749, #4186, #1905, #5701, #4238, #6556, #5799, #2615, #8837, #957, #4082, #343, #8889, #4988, #8067, #3328, #1147, #6405, #5589, #4785, #3434, #294, #7925, #5645, #7118, #185, #1803, #7970, #9431, #8677, #1750 ),
 .UNSPECIFIED., .F., .F.,
 ( 4, 1, 1, 1, 1, 1, 1, 1, 1, 1, 1, 1, 1, 1, 1, 1, 1, 1, 1, 1, 1, 1, 1, 1, 1, 1, 1, 1, 1, 1, 1, 1, 1, 1, 1, 1, 1, 1, 1, 1, 1, 1, 1, 1, 1, 1, 1, 1, 1, 1, 1, 1, 1, 1, 1, 1, 1, 1, 1, 1, 1, 1, 4 ),
 ( 0.000000000000000000, 0.01249978146952310763, 0.02874978872598277918, 0.04499979598244244899, 0.06124980323890211881, 0.07749981049536179556, 0.09374981775182146537, 0.1099998250082811491, 0.1262498322647407911, 0.1424998395212004609, 0.1587498467776601585, 0.1749998540341198006, 0.1912498612905794981, 0.2074998685470391679, 0.2237498758034988378, 0.2399998830599585076, 0.2562498903164182051, 0.2724998975728779027, 0.2887499048293375448, 0.3049999120857972423, 0.3212499193422568844, 0.3374999265987165820, 0.3537499338551762795, 0.3699999411116359216, 0.3862499483680955636, 0.4024999556245552612, 0.4187499628810149588, 0.4349999701374746008, 0.4512499773939342429, 0.4674999846503939960, 0.4837499919068536380, 0.4999999991633132801, 0.5162500064197729222, 0.5325000136762325642, 0.5487500209326923173, 0.5650000281891519593, 0.5812500354456117124, 0.5975000427020713545, 0.6137500499585309965, 0.6300000572149906386, 0.6462500644714503917, 0.6625000717279100337, 0.6787500789843696758, 0.6950000862408293179, 0.7112500934972890709, 0.7275001007537487130, 0.7437501080102083550, 0.7600001152666681081, 0.7762501225231277502, 0.7925001297795873922, 0.8087501370360470343, 0.8250001442925066764, 0.8412501515489664294, 0.8575001588054261825, 0.8737501660618858246, 0.8900001733183454666, 0.9062501805748051087, 0.9225001878312647507, 0.9387501950877243928, 0.9550002023441840349, 0.9712502096006437879, 0.9875002168571035410, 1.000000000000000000 ),
 .UNSPECIFIED. ) ;
#5469 = CARTESIAN_POINT ( 'NONE',  ( 1.325141302058000292, -0.1069051038639000084, 0.01123617918762000005 ) ) ;
#5470 = ORIENTED_EDGE ( 'NONE', *, *, #3167, .F. ) ;
#5471 = CARTESIAN_POINT ( 'NONE',  ( 1.153079451683000078, -0.08110098452177008643, 0.06567428234212992211 ) ) ;
#5472 = CARTESIAN_POINT ( 'NONE',  ( 0.6102362204723996708, -0.3740157480314960647, 0.3740157480314960647 ) ) ;
#5473 = CARTESIAN_POINT ( 'NONE',  ( 1.111837025293999970, 0.06330987819432007391, 0.08250703961432992450 ) ) ;
#5474 = FACE_OUTER_BOUND ( 'NONE', #7760, .T. ) ;
#5475 = CARTESIAN_POINT ( 'NONE',  ( 1.327358001010249922, 0.07258425826477025999, 0.09444883965335074127 ) ) ;
#5476 = CARTESIAN_POINT ( 'NONE',  ( 0.6285072769383996949, 0.1384732756477000115, 0.09813184341767991481 ) ) ;
#5477 = AXIS2_PLACEMENT_3D ( 'NONE', #425, #710, #6589 ) ;
#5478 = CARTESIAN_POINT ( 'NONE',  ( 1.313081858986000050, -0.09689884475210000514, -0.04022598257578000741 ) ) ;
#5479 = CARTESIAN_POINT ( 'NONE',  ( 1.258202129148479287, 0.06567428234212994986, -0.08110098452177991191 ) ) ;
#5480 = CARTESIAN_POINT ( 'NONE',  ( 1.184547273506361131, 0.1040357447341000441, -0.008187775355042007513 ) ) ;
#5481 = DIRECTION ( 'NONE',  ( 0.000000000000000000, 1.000000000000000000, 0.000000000000000000 ) ) ;
#5482 = CARTESIAN_POINT ( 'NONE',  ( 1.011811083030000002, -0.09046570508707006686, 0.1614166136835000209 ) ) ;
#5483 = CARTESIAN_POINT ( 'NONE',  ( 1.062385606021666540, -0.01437143489370744723, -0.1181102362205000422 ) ) ;
#5484 = AXIS2_PLACEMENT_3D ( 'NONE', #1061, #9442, #4292 ) ;
#5485 = CARTESIAN_POINT ( 'NONE',  ( 0.7256451611656005163, 0.01570488628015000165, 0.2006738524481999908 ) ) ;
#5486 = EDGE_CURVE ( 'NONE', #968, #5769, #8968, .T. ) ;
#5487 = CARTESIAN_POINT ( 'NONE',  ( 0.7362204724408996093, -0.1863877772252999776, -0.1022286830875999974 ) ) ;
#5488 = VERTEX_POINT ( 'NONE', #6977 ) ;
#5489 = EDGE_LOOP ( 'NONE', ( #4703, #4052, #8765, #6981 ) ) ;
#5490 = CARTESIAN_POINT ( 'NONE',  ( 1.342404195204793371, -0.03061458802742054314, 0.1003550211947595305 ) ) ;
#5491 = VECTOR ( 'NONE', #2397, 39.37007874015748143 ) ;
#5492 = CARTESIAN_POINT ( 'NONE',  ( 0.5790964132382000473, -0.1215489618075999978, -0.08836058626626004664 ) ) ;
#5493 = B_SPLINE_CURVE_WITH_KNOTS ( 'NONE', 3,
 ( #8408, #2286, #9916, #1489, #4563, #7655, #738, #3823, #6, #6024, #2146, #6892, #7755, #9219, #9123, #3060, #3727, #3870 ),
 .UNSPECIFIED., .F., .F.,
 ( 4, 2, 2, 2, 2, 2, 2, 2, 4 ),
 ( 0.000000000000000000, 0.1249999999999999167, 0.2499999999999998335, 0.3749999999999998335, 0.4999999999999998890, 0.6249999999999998890, 0.7499999999999998890, 0.8750000000000000000, 1.000000000000000000 ),
 .UNSPECIFIED. ) ;
#5494 = CARTESIAN_POINT ( 'NONE',  ( 0.7268675672382992614, 0.1819025541359000075, 0.08711034411032007874 ) ) ;
#5495 = ORIENTED_EDGE ( 'NONE', *, *, #4831, .F. ) ;
#5496 = CYLINDRICAL_SURFACE ( 'NONE', #4463, 0.2755905511811023723 ) ;
#5497 = ORIENTED_EDGE ( 'NONE', *, *, #8379, .T. ) ;
#5498 = CARTESIAN_POINT ( 'NONE',  ( 1.181584419727000013, -0.02558310426519000078, 0.1065612970813000077 ) ) ;
#5499 = ORIENTED_EDGE ( 'NONE', *, *, #3123, .T. ) ;
#5500 = LINE ( 'NONE', #40, #9278 ) ;
#5501 = EDGE_CURVE ( 'NONE', #3762, #9500, #6876, .T. ) ;
#5502 = ORIENTED_EDGE ( 'NONE', *, *, #5953, .F. ) ;
#5503 = EDGE_CURVE ( 'NONE', #9190, #1641, #241, .T. ) ;
#5504 = CARTESIAN_POINT ( 'NONE',  ( 1.271517771892999749, -0.08442696480807007631, 0.06133978044347008357 ) ) ;
#5505 = ORIENTED_EDGE ( 'NONE', *, *, #4518, .T. ) ;
#5506 = CARTESIAN_POINT ( 'NONE',  ( 1.361888368407000227, 0.02395521378159999604, -0.1017739643263000093 ) ) ;
#5507 = CARTESIAN_POINT ( 'NONE',  ( 0.07086614173227992475, 0.000000000000000000, 0.000000000000000000 ) ) ;
#5508 = DIRECTION ( 'NONE',  ( 0.000000000000000000, -0.01695770358435959996, -0.9998562078064749947 ) ) ;
#5509 = CARTESIAN_POINT ( 'NONE',  ( 1.274044352716500184, 0.03091510445189094708, -0.1150361429136074198 ) ) ;
#5510 = CARTESIAN_POINT ( 'NONE',  ( 1.233033854029000009, 0.000000000000000000, -0.1181102362205000006 ) ) ;
#5511 = VERTEX_POINT ( 'NONE', #2274 ) ;
#5512 = EDGE_CURVE ( 'NONE', #1465, #7332, #7839, .T. ) ;
#5513 = LINE ( 'NONE', #8647, #3733 ) ;
#5514 = CARTESIAN_POINT ( 'NONE',  ( 1.106050358862000094, 0.1037857865099000160, -0.01090832572257000033 ) ) ;
#5515 = CARTESIAN_POINT ( 'NONE',  ( 1.291378197803000116, 0.1039622099295000046, -0.002722346286127999820 ) ) ;
#5516 = DIRECTION ( 'NONE',  ( 1.000000000000000000, 0.000000000000000000, 0.000000000000000000 ) ) ;
#5517 = CIRCLE ( 'NONE', #5038, 0.08267716535433068670 ) ;
#5518 = CARTESIAN_POINT ( 'NONE',  ( 1.098519418333000042, -0.05948255673673431138, 0.1032031167347789297 ) ) ;
#5519 = ORIENTED_EDGE ( 'NONE', *, *, #4470, .F. ) ;
#5520 = FACE_BOUND ( 'NONE', #7151, .T. ) ;
#5521 = CARTESIAN_POINT ( 'NONE',  ( 1.158396525176000003, -0.07659594596666002841, -0.07022559292911004225 ) ) ;
#5522 = EDGE_CURVE ( 'NONE', #1472, #5634, #6207, .T. ) ;
#5523 = CARTESIAN_POINT ( 'NONE',  ( 1.238805529230999847, -0.07158739411699999167, 0.07543737314114999648 ) ) ;
#5524 = CARTESIAN_POINT ( 'NONE',  ( 1.086970527799000052, -0.02436176700353999761, -0.1014740624988999945 ) ) ;
#5525 = CARTESIAN_POINT ( 'NONE',  ( 0.8621295611087007593, 0.09248141055137992783, -0.1692161743439999921 ) ) ;
#5526 = CARTESIAN_POINT ( 'NONE',  ( 1.078750225942000096, 0.01714353714459000005, 0.1082400335946999970 ) ) ;
#5527 = LINE ( 'NONE', #9980, #4648 ) ;
#5528 = CARTESIAN_POINT ( 'NONE',  ( 0.5841804246273000212, 0.01574803149606000124, 0.1545109335357000291 ) ) ;
#5529 = CARTESIAN_POINT ( 'NONE',  ( 1.233377152174000013, 0.1206065689567999977, -0.006320722445972992015 ) ) ;
#5530 = CARTESIAN_POINT ( 'NONE',  ( 1.217683756444482679, 0.04979507988139000169, -0.09171112839325000488 ) ) ;
#5531 = CARTESIAN_POINT ( 'NONE',  ( 1.324181185399000205, -0.1006417381748000023, -0.02541954189394000224 ) ) ;
#5532 = DIRECTION ( 'NONE',  ( 0.000000000000000000, 0.8782547285461282938, 0.4781930904837151664 ) ) ;
#5533 = EDGE_LOOP ( 'NONE', ( #8551, #8305 ) ) ;
#5534 = VERTEX_POINT ( 'NONE', #8488 ) ;
#5535 = CARTESIAN_POINT ( 'NONE',  ( 1.129866653486000017, -0.07843519353154999874, 0.09183581231437008829 ) ) ;
#5536 = DIRECTION ( 'NONE',  ( 1.000000000000000000, 0.000000000000000000, 0.000000000000000000 ) ) ;
#5537 = B_SPLINE_CURVE_WITH_KNOTS ( 'NONE', 3,
 ( #8449, #3004, #49, #9169, #7033, #7849 ),
 .UNSPECIFIED., .F., .F.,
 ( 4, 1, 1, 4 ),
 ( 0.000000000000000000, 0.3333333333333000081, 0.6666666666667000474, 1.000000000000000000 ),
 .UNSPECIFIED. ) ;
#5538 = DIRECTION ( 'NONE',  ( 1.000000000000000000, 0.000000000000000000, 0.000000000000000000 ) ) ;
#5539 = EDGE_LOOP ( 'NONE', ( #7086, #9383, #257, #157 ) ) ;
#5540 = CARTESIAN_POINT ( 'NONE',  ( 0.7519685039370078705, 0.000000000000000000, 0.000000000000000000 ) ) ;
#5541 = CARTESIAN_POINT ( 'NONE',  ( 0.7362204724408996093, 0.1827275465568999890, -0.1100438633047000070 ) ) ;
#5542 = EDGE_LOOP ( 'NONE', ( #9656, #5157, #3401, #9554 ) ) ;
#5543 = CARTESIAN_POINT ( 'NONE',  ( 1.308049389237419868, -0.09117214372920172394, 0.04680973620394382473 ) ) ;
#5544 = EDGE_CURVE ( 'NONE', #8794, #7307, #8616, .T. ) ;
#5545 = CARTESIAN_POINT ( 'NONE',  ( 1.038195823634999959, 0.04179429034803000542, -0.1132086624539000025 ) ) ;
#5546 = EDGE_LOOP ( 'NONE', ( #4902, #267, #6661, #1526, #7143 ) ) ;
#5547 = ORIENTED_EDGE ( 'NONE', *, *, #7195, .F. ) ;
#5548 = EDGE_LOOP ( 'NONE', ( #5616, #1668, #7125, #4255 ) ) ;
#5549 = CIRCLE ( 'NONE', #6849, 0.1574803149606000263 ) ;
#5550 = EDGE_LOOP ( 'NONE', ( #7886, #2741, #731, #3796, #4953 ) ) ;
#5551 = DIRECTION ( 'NONE',  ( 0.000000000000000000, -0.8108637408136091240, -0.5852349902678070093 ) ) ;
#5552 = VERTEX_POINT ( 'NONE', #5399 ) ;
#5553 = CARTESIAN_POINT ( 'NONE',  ( 1.209673939872000004, 0.04979507988139000169, -0.09171112839325000488 ) ) ;
#5554 = CARTESIAN_POINT ( 'NONE',  ( 1.361446846025239132, -0.1041502681473000097, 0.01265890236404999987 ) ) ;
#5555 = ORIENTED_EDGE ( 'NONE', *, *, #9669, .T. ) ;
#5556 = VECTOR ( 'NONE', #4660, 39.37007874015748143 ) ;
#5557 = CARTESIAN_POINT ( 'NONE',  ( 1.342610153184000010, -0.03050790111909000221, 0.1000053001096000010 ) ) ;
#5558 = EDGE_CURVE ( 'NONE', #7847, #5450, #5396, .T. ) ;
#5559 = DIRECTION ( 'NONE',  ( -1.000000000000000000, 0.000000000000000000, 0.000000000000000000 ) ) ;
#5560 = EDGE_CURVE ( 'NONE', #6749, #5201, #5253, .T. ) ;
#5561 = CARTESIAN_POINT ( 'NONE',  ( 1.206787134867999711, 0.1032031167347787076, 0.05948255673673468608 ) ) ;
#5562 = EDGE_LOOP ( 'NONE', ( #9650, #3550, #4466, #247, #3344 ) ) ;
#5563 = CARTESIAN_POINT ( 'NONE',  ( 1.178556920541000030, 0.04737729933908999685, -0.09298318484278997320 ) ) ;
#5564 = DIRECTION ( 'NONE',  ( 0.000000000000000000, 0.000000000000000000, 1.000000000000000000 ) ) ;
#5565 = ORIENTED_EDGE ( 'NONE', *, *, #1432, .F. ) ;
#5566 = DIRECTION ( 'NONE',  ( 1.000000000000000000, 0.000000000000000000, 0.000000000000000000 ) ) ;
#5567 = CARTESIAN_POINT ( 'NONE',  ( 1.073912305631955943, -0.03091487538464851928, -0.1150367021954537272 ) ) ;
#5568 = DIRECTION ( 'NONE',  ( 1.000000000000000000, 0.000000000000000000, 0.000000000000000000 ) ) ;
#5569 = ORIENTED_EDGE ( 'NONE', *, *, #9318, .T. ) ;
#5570 = DIRECTION ( 'NONE',  ( 1.000000000000000000, 0.000000000000000000, 0.000000000000000000 ) ) ;
#5571 = CARTESIAN_POINT ( 'NONE',  ( 1.076937109591999953, -0.09902409779753996999, -0.03150874317169000127 ) ) ;
#5572 = CARTESIAN_POINT ( 'NONE',  ( 1.283588993798000066, -0.1038553219600999999, -0.005442826790652000035 ) ) ;
#5573 = EDGE_CURVE ( 'NONE', #1627, #6994, #5043, .T. ) ;
#5574 = CARTESIAN_POINT ( 'NONE',  ( 1.047972308272412167, 0.1119907560732545104, -0.01964600008700755421 ) ) ;
#5575 = CIRCLE ( 'NONE', #7206, 0.2755905511811023723 ) ;
#5576 = CARTESIAN_POINT ( 'NONE',  ( 1.057114884753999950, 0.1000599975330000030, -0.02963912128933999732 ) ) ;
#5577 = EDGE_CURVE ( 'NONE', #8882, #6839, #7517, .T. ) ;
#5578 = VERTEX_POINT ( 'NONE', #9445 ) ;
#5579 = DIRECTION ( 'NONE',  ( 1.000000000000000000, 0.000000000000000000, 0.000000000000000000 ) ) ;
#5580 = CARTESIAN_POINT ( 'NONE',  ( 1.163018127656000100, -0.09803268593932991382, 0.03471519480620000042 ) ) ;
#5581 = DIRECTION ( 'NONE',  ( 0.000000000000000000, -0.8660254037844289376, -0.5000000000000169864 ) ) ;
#5582 = CIRCLE ( 'NONE', #3671, 0.08267716535433068670 ) ;
#5583 = CARTESIAN_POINT ( 'NONE',  ( 0.6284087203132993071, 0.01574803149606000124, 0.1689551240878000016 ) ) ;
#5584 = CARTESIAN_POINT ( 'NONE',  ( 1.278160616741000011, 0.08313401587962007677, 0.08760497366873996883 ) ) ;
#5585 = VECTOR ( 'NONE', #5185, 39.37007874015748143 ) ;
#5586 = CARTESIAN_POINT ( 'NONE',  ( 1.273129950670482513, 0.008187792543227007808, 0.1040357683916000170 ) ) ;
#5587 = AXIS2_PLACEMENT_3D ( 'NONE', #5143, #9835, #2925 ) ;
#5588 = ORIENTED_EDGE ( 'NONE', *, *, #8131, .T. ) ;
#5589 = CARTESIAN_POINT ( 'NONE',  ( 1.080052522849364038, -0.05217873381818999984, 0.09037621804796004688 ) ) ;
#5590 = EDGE_CURVE ( 'NONE', #570, #5342, #1210, .T. ) ;
#5591 = CARTESIAN_POINT ( 'NONE',  ( 1.349684597124767071, 0.1145448113657670242, -0.03639077105465562956 ) ) ;
#5592 = VERTEX_POINT ( 'NONE', #7135 ) ;
#5593 = CARTESIAN_POINT ( 'NONE',  ( 1.176782663985000088, -0.1138447763070000035, -0.04031454967512000664 ) ) ;
#5594 = LINE ( 'NONE', #9637, #2263 ) ;
#5595 = VECTOR ( 'NONE', #3052, 39.37007874015748854 ) ;
#5596 = CARTESIAN_POINT ( 'NONE',  ( 0.7280600717204999128, -0.01516969372517000189, 0.2015020754713999773 ) ) ;
#5597 = VECTOR ( 'NONE', #4766, 39.37007874015748854 ) ;
#5598 = ORIENTED_EDGE ( 'NONE', *, *, #9237, .F. ) ;
#5599 = DIRECTION ( 'NONE',  ( 0.000000000000000000, 0.000000000000000000, -1.000000000000000000 ) ) ;
#5600 = B_SPLINE_CURVE_WITH_KNOTS ( 'NONE', 3,
 ( #6349, #4178, #6394, #9474, #177, #7964, #1041, #4121, #6449, #9532 ),
 .UNSPECIFIED., .F., .F.,
 ( 4, 2, 2, 2, 4 ),
 ( 0.000000000000000000, 0.2500000000000000555, 0.5000000000000001110, 0.7500000000000000000, 1.000000000000000000 ),
 .UNSPECIFIED. ) ;
#5601 = DIRECTION ( 'NONE',  ( -1.000000000000000000, -3.233024715394000132E-14, 0.000000000000000000 ) ) ;
#5602 = EDGE_LOOP ( 'NONE', ( #565, #7013, #784, #7091 ) ) ;
#5603 = AXIS2_PLACEMENT_3D ( 'NONE', #7951, #8757, #7995 ) ;
#5604 = AXIS2_PLACEMENT_3D ( 'NONE', #1756, #7277, #5040 ) ;
#5605 = CARTESIAN_POINT ( 'NONE',  ( 1.378250839838000008, -0.05710264145378000228, -0.1061620585604000078 ) ) ;
#5606 = CARTESIAN_POINT ( 'NONE',  ( 1.289310326689999897, 0.09137897010863996194, 0.07011754974597009249 ) ) ;
#5607 = ORIENTED_EDGE ( 'NONE', *, *, #6316, .T. ) ;
#5608 = ORIENTED_EDGE ( 'NONE', *, *, #2930, .T. ) ;
#5609 = DIRECTION ( 'NONE',  ( 0.000000000000000000, 0.9122602391622937068, -0.4096111034182968735 ) ) ;
#5610 = EDGE_LOOP ( 'NONE', ( #312, #3861, #1064, #2373 ) ) ;
#5611 = DIRECTION ( 'NONE',  ( -1.000000000000000000, 0.000000000000000000, 0.000000000000000000 ) ) ;
#5612 = CARTESIAN_POINT ( 'NONE',  ( 1.309249291181999952, -0.1005876041400999843, 0.02224877255178000016 ) ) ;
#5613 = B_SPLINE_CURVE_WITH_KNOTS ( 'NONE', 3,
 ( #9342, #1665, #4688, #9495, #7935, #5657, #7082, #7779, #7890, #869, #7172, #246, #3941, #2232, #7410, #9868, #7456, #6652 ),
 .UNSPECIFIED., .F., .F.,
 ( 4, 2, 2, 2, 2, 2, 2, 2, 4 ),
 ( 0.000000000000000000, 0.1249999999999998890, 0.2499999999999997780, 0.3749999999999997780, 0.4999999999999997780, 0.6249999999999998890, 0.7499999999999998890, 0.8749999999999998890, 1.000000000000000000 ),
 .UNSPECIFIED. ) ;
#5614 = CIRCLE ( 'NONE', #5784, 0.08267716535433068670 ) ;
#5615 = CARTESIAN_POINT ( 'NONE',  ( 1.249438053503999724, 0.05948255673673389504, 0.1032031167347791933 ) ) ;
#5616 = ORIENTED_EDGE ( 'NONE', *, *, #6571, .T. ) ;
#5617 = CARTESIAN_POINT ( 'NONE',  ( 1.335380822475000118, 0.07907619114771004265, 0.06840137479752991800 ) ) ;
#5618 = LINE ( 'NONE', #2584, #6246 ) ;
#5619 = LINE ( 'NONE', #8701, #695 ) ;
#5620 = CARTESIAN_POINT ( 'NONE',  ( -0.06692913385827008177, 0.000000000000000000, 0.000000000000000000 ) ) ;
#5621 = ORIENTED_EDGE ( 'NONE', *, *, #1122, .T. ) ;
#5622 = CARTESIAN_POINT ( 'NONE',  ( 0.000000000000000000, 0.000000000000000000, 0.1023622047244000105 ) ) ;
#5623 = CARTESIAN_POINT ( 'NONE',  ( 0.8188976377952992269, 0.000000000000000000, 0.000000000000000000 ) ) ;
#5624 = CARTESIAN_POINT ( 'NONE',  ( 1.103917812930000020, 0.09419151460094998818, -0.04492704785243999827 ) ) ;
#5625 = CARTESIAN_POINT ( 'NONE',  ( 0.6383554654468995837, 0.01574803149606000124, 0.1313765549856000248 ) ) ;
#5626 = CARTESIAN_POINT ( 'NONE',  ( 1.072271838424253998, -0.05948120771448961452, -0.1031986475721526075 ) ) ;
#5627 = CARTESIAN_POINT ( 'NONE',  ( 0.7362204724408996093, -0.1866645544309000204, 0.1032247656370999800 ) ) ;
#5628 = DIRECTION ( 'NONE',  ( 1.000000000000000000, 0.000000000000000000, 0.000000000000000000 ) ) ;
#5629 = CARTESIAN_POINT ( 'NONE',  ( 1.060227485883000087, 0.07366186134725000167, 0.07329736013936004324 ) ) ;
#5630 = EDGE_CURVE ( 'NONE', #7236, #9697, #9655, .T. ) ;
#5631 = CARTESIAN_POINT ( 'NONE',  ( 1.188658362425000004, 0.1069051038639000084, 0.01123617918762000005 ) ) ;
#5632 = CARTESIAN_POINT ( 'NONE',  ( 1.047163003739000064, -0.03102579983720000004, -0.09823580676703996817 ) ) ;
#5633 = ADVANCED_FACE ( 'NONE', ( #9606 ), #745, .F. ) ;
#5634 = VERTEX_POINT ( 'NONE', #2690 ) ;
#5635 = B_SPLINE_CURVE_WITH_KNOTS ( 'NONE', 3,
 ( #6236, #9420, #4771, #6327, #9450, #8696, #4205, #2946, #6830, #9149, #9944 ),
 .UNSPECIFIED., .F., .F.,
 ( 4, 1, 1, 1, 1, 1, 1, 1, 4 ),
 ( 0.000000000000000000, 0.1250000000000000000, 0.2500000000000000000, 0.3750000000000000000, 0.5000000000000000000, 0.6250000000000000000, 0.7500000000000000000, 0.8750000000000000000, 1.000000000000000000 ),
 .UNSPECIFIED. ) ;
#5636 = CARTESIAN_POINT ( 'NONE',  ( -0.07814960629921002822, 0.000000000000000000, 0.000000000000000000 ) ) ;
#5637 = CARTESIAN_POINT ( 'NONE',  ( 1.126764846816000087, -0.1027174613195000058, -0.01626884762265000048 ) ) ;
#5638 = AXIS2_PLACEMENT_3D ( 'NONE', #7804, #3966, #8363 ) ;
#5639 = CARTESIAN_POINT ( 'NONE',  ( 1.271980814046330233, -0.1042158834341182921, -0.005461723016800369181 ) ) ;
#5640 = FACE_OUTER_BOUND ( 'NONE', #9115, .T. ) ;
#5641 = ADVANCED_FACE ( 'NONE', ( #204 ), #2503, .F. ) ;
#5642 = CARTESIAN_POINT ( 'NONE',  ( 1.235509698105999865, 0.1157986565047000038, 0.03430112475518000414 ) ) ;
#5643 = CARTESIAN_POINT ( 'NONE',  ( 1.371085953636238752, -0.01603268188042999975, -0.1036845180112000026 ) ) ;
#5644 = CARTESIAN_POINT ( 'NONE',  ( 1.192093205263482725, 0.04492705090909000082, 0.09419148551886009912 ) ) ;
#5645 = CARTESIAN_POINT ( 'NONE',  ( 1.069389793191361182, 0.09641372827659999700, 0.03993587396947002877 ) ) ;
#5646 = CARTESIAN_POINT ( 'NONE',  ( 1.342382000942375697, 0.01154328276983835819, -0.1181080393938954143 ) ) ;
#5647 = CARTESIAN_POINT ( 'NONE',  ( 1.199529820590000018, 0.08050333326523996524, 0.08793920170083996402 ) ) ;
#5648 = CARTESIAN_POINT ( 'NONE',  ( 0.5265748031496000348, 0.000000000000000000, 0.000000000000000000 ) ) ;
#5649 = LINE ( 'NONE', #9435, #443 ) ;
#5650 = AXIS2_PLACEMENT_3D ( 'NONE', #1364, #8095, #4541 ) ;
#5651 = VERTEX_POINT ( 'NONE', #4149 ) ;
#5652 = CARTESIAN_POINT ( 'NONE',  ( 0.7362204724408996093, -0.1866645544309000204, -0.1032247656370999800 ) ) ;
#5653 = EDGE_CURVE ( 'NONE', #6263, #516, #2342, .T. ) ;
#5654 = EDGE_CURVE ( 'NONE', #5205, #831, #4679, .T. ) ;
#5655 = CARTESIAN_POINT ( 'NONE',  ( -0.03937007874015999859, 0.000000000000000000, 0.000000000000000000 ) ) ;
#5656 = CARTESIAN_POINT ( 'NONE',  ( 1.047973619356000086, 0.000000000000000000, -0.1023622047244000105 ) ) ;
#5657 = CARTESIAN_POINT ( 'NONE',  ( 1.308140686654249540, 0.09444883965335058862, -0.07258425826477041265 ) ) ;
#5658 = EDGE_CURVE ( 'NONE', #5488, #3109, #8813, .T. ) ;
#5659 = VERTEX_POINT ( 'NONE', #1765 ) ;
#5660 = CARTESIAN_POINT ( 'NONE',  ( 1.339758385770000171, -0.04172267715760000217, -0.1130942646102000015 ) ) ;
#5661 = EDGE_LOOP ( 'NONE', ( #2494, #4496, #5452, #1841, #8903 ) ) ;
#5662 = ORIENTED_EDGE ( 'NONE', *, *, #7866, .T. ) ;
#5663 = CARTESIAN_POINT ( 'NONE',  ( 1.274382505167999780, -0.01801822666095000136, -0.1137626058722999989 ) ) ;
#5664 = ORIENTED_EDGE ( 'NONE', *, *, #8169, .T. ) ;
#5665 = ORIENTED_EDGE ( 'NONE', *, *, #5573, .T. ) ;
#5666 = CARTESIAN_POINT ( 'NONE',  ( 1.057086614172999983, 0.000000000000000000, -0.1023622047244000105 ) ) ;
#5667 = ORIENTED_EDGE ( 'NONE', *, *, #6810, .F. ) ;
#5668 = FACE_OUTER_BOUND ( 'NONE', #7963, .T. ) ;
#5669 = CARTESIAN_POINT ( 'NONE',  ( 1.250248853737000010, 0.1020770065874999910, -0.02169713754582000206 ) ) ;
#5670 = TOROIDAL_SURFACE ( 'NONE', #9545, 0.2066929133858000089, 0.007874015748031005027 ) ;
#5671 = ORIENTED_EDGE ( 'NONE', *, *, #1798, .F. ) ;
#5672 = CARTESIAN_POINT ( 'NONE',  ( 0.8346456692912992414, 0.000000000000000000, -0.1574803149606000263 ) ) ;
#5673 = CARTESIAN_POINT ( 'NONE',  ( 1.062249334761000030, -0.05971309705206004348, 0.09838752820541005195 ) ) ;
#5674 = CARTESIAN_POINT ( 'NONE',  ( 1.212528604684250277, 0.01546059376766942793, 0.1181102362205000839 ) ) ;
#5675 = ORIENTED_EDGE ( 'NONE', *, *, #8713, .T. ) ;
#5676 = DIRECTION ( 'NONE',  ( 1.000000000000000000, 0.000000000000000000, 0.000000000000000000 ) ) ;
#5677 = AXIS2_PLACEMENT_3D ( 'NONE', #9968, #5, #5320 ) ;
#5678 = DIRECTION ( 'NONE',  ( 0.000000000000000000, -0.5000000000000169864, 0.8660254037844288266 ) ) ;
#5679 = CARTESIAN_POINT ( 'NONE',  ( 1.133773455974000033, -0.03993587390816000920, -0.09641372841431003482 ) ) ;
#5680 = CARTESIAN_POINT ( 'NONE',  ( 1.306306019325999879, -0.07353757175389999401, 0.07353769128401003996 ) ) ;
#5681 = CARTESIAN_POINT ( 'NONE',  ( 0.9842519685038996213, 0.000000000000000000, 0.000000000000000000 ) ) ;
#5682 = CARTESIAN_POINT ( 'NONE',  ( 0.5819715539376000280, 0.1407367191721000110, 0.06307012225195000876 ) ) ;
#5683 = CARTESIAN_POINT ( 'NONE',  ( 1.252211776184000147, -0.03483523850941000477, -0.09837167889972008028 ) ) ;
#5684 = CARTESIAN_POINT ( 'NONE',  ( 1.087380624411000030, 0.04084721703795000242, -0.09555144007878996204 ) ) ;
#5685 = CARTESIAN_POINT ( 'NONE',  ( 1.264396080412000245, 0.1031081313941999977, 0.01357444301962000034 ) ) ;
#5686 = CARTESIAN_POINT ( 'NONE',  ( 1.047973619356000086, -0.04216316591013999360, -0.1103281257907000046 ) ) ;
#5687 = CARTESIAN_POINT ( 'NONE',  ( 0.7244094488188976833, -0.1251805779226000115, -0.09045730080782006521 ) ) ;
#5688 = CARTESIAN_POINT ( 'NONE',  ( 1.067777614413000009, 0.01632510462535999990, 0.1030726540376999956 ) ) ;
#5689 = CARTESIAN_POINT ( 'NONE',  ( 0.9763779527559055538, 0.000000000000000000, 0.000000000000000000 ) ) ;
#5690 = VERTEX_POINT ( 'NONE', #5002 ) ;
#5691 = AXIS2_PLACEMENT_3D ( 'NONE', #6170, #3099, #1532 ) ;
#5692 = CARTESIAN_POINT ( 'NONE',  ( 1.060882889428999887, -0.04694419551343999991, -0.1201995942469000073 ) ) ;
#5693 = CARTESIAN_POINT ( 'NONE',  ( 1.184343586972999907, 0.1036772331635000127, -0.008159559935338995748 ) ) ;
#5694 = CARTESIAN_POINT ( 'NONE',  ( 1.257052992523391532, 0.07183592886569535596, 0.07569927411976716536 ) ) ;
#5695 = DIRECTION ( 'NONE',  ( 1.000000000000000000, 0.000000000000000000, 0.000000000000000000 ) ) ;
#5696 = CARTESIAN_POINT ( 'NONE',  ( 0.7095217622487006714, 0.1375958662356999984, 0.06125674996366003988 ) ) ;
#5697 = CARTESIAN_POINT ( 'NONE',  ( 1.305883713854000039, 0.06038604144955000280, -0.1045916918582999872 ) ) ;
#5698 = CARTESIAN_POINT ( 'NONE',  ( 1.251898683425250125, 0.01546059376766942793, 0.1181102362205000839 ) ) ;
#5699 = ORIENTED_EDGE ( 'NONE', *, *, #8636, .F. ) ;
#5700 = EDGE_CURVE ( 'NONE', #2700, #8032, #258, .T. ) ;
#5701 = CARTESIAN_POINT ( 'NONE',  ( 1.112040711826364214, 0.06352880112627994069, 0.08279234553396004614 ) ) ;
#5702 = ADVANCED_FACE ( 'NONE', ( #7182, #1923 ), #3347, .F. ) ;
#5703 = CARTESIAN_POINT ( 'NONE',  ( 0.5393700787402000429, 0.000000000000000000, 0.000000000000000000 ) ) ;
#5704 = CARTESIAN_POINT ( 'NONE',  ( 1.125601561623000180, -0.003161444571083000133, 0.1207306973226000002 ) ) ;
#5705 = AXIS2_PLACEMENT_3D ( 'NONE', #821, #6925, #9994 ) ;
#5706 = FACE_OUTER_BOUND ( 'NONE', #3814, .T. ) ;
#5707 = ORIENTED_EDGE ( 'NONE', *, *, #8860, .F. ) ;
#5708 = FACE_BOUND ( 'NONE', #3053, .T. ) ;
#5709 = ORIENTED_EDGE ( 'NONE', *, *, #4525, .F. ) ;
#5710 = DIRECTION ( 'NONE',  ( -1.000000000000000000, 0.000000000000000000, 0.000000000000000000 ) ) ;
#5711 = CYLINDRICAL_SURFACE ( 'NONE', #6565, 0.1181102362205000006 ) ;
#5712 = CYLINDRICAL_SURFACE ( 'NONE', #6097, 0.1574803149606000263 ) ;
#5713 = EDGE_CURVE ( 'NONE', #6825, #8031, #9631, .T. ) ;
#5714 = CYLINDRICAL_SURFACE ( 'NONE', #2865, 0.1535433070865999949 ) ;
#5715 = CARTESIAN_POINT ( 'NONE',  ( 1.351913897581000112, 0.1205301176255999945, 0.001893438391831000264 ) ) ;
#5716 = ORIENTED_EDGE ( 'NONE', *, *, #2181, .T. ) ;
#5717 = ORIENTED_EDGE ( 'NONE', *, *, #4213, .T. ) ;
#5718 = VERTEX_POINT ( 'NONE', #6471 ) ;
#5719 = ORIENTED_EDGE ( 'NONE', *, *, #1987, .F. ) ;
#5720 = B_SPLINE_CURVE_WITH_KNOTS ( 'NONE', 3,
 ( #4478, #6179, #5367, #9265 ),
 .UNSPECIFIED., .F., .F.,
 ( 4, 4 ),
 ( 0.000000000000000000, 1.000000000000000000 ),
 .UNSPECIFIED. ) ;
#5721 = EDGE_CURVE ( 'NONE', #9695, #6917, #1542, .T. ) ;
#5722 = ORIENTED_EDGE ( 'NONE', *, *, #2160, .F. ) ;
#5723 = DIRECTION ( 'NONE',  ( 0.000000000000000000, 1.000000000000000000, 0.000000000000000000 ) ) ;
#5724 = EDGE_CURVE ( 'NONE', #3301, #5511, #4450, .T. ) ;
#5725 = ORIENTED_EDGE ( 'NONE', *, *, #2870, .T. ) ;
#5726 = DIRECTION ( 'NONE',  ( 1.000000000000000000, 0.000000000000000000, 0.000000000000000000 ) ) ;
#5727 = CARTESIAN_POINT ( 'NONE',  ( 1.205465389170000012, 0.04979507988139000169, -0.09171112839325000488 ) ) ;
#5728 = CARTESIAN_POINT ( 'NONE',  ( 1.339443671695999871, -0.03214814890917000456, 0.1053820538843000115 ) ) ;
#5729 = CARTESIAN_POINT ( 'NONE',  ( 1.099845988106999961, -0.02986143585277000259, 0.1111487935816000139 ) ) ;
#5730 = CARTESIAN_POINT ( 'NONE',  ( 1.267130187965957999, 0.07258425826477089837, -0.09444883965335021392 ) ) ;
#5731 = VERTEX_POINT ( 'NONE', #1968 ) ;
#5732 = DIRECTION ( 'NONE',  ( 0.000000000000000000, 0.000000000000000000, -1.000000000000000000 ) ) ;
#5733 = ADVANCED_FACE ( 'NONE', ( #4202 ), #1167, .T. ) ;
#5734 = CARTESIAN_POINT ( 'NONE',  ( 1.120978180383999989, -0.06777475368537008715, 0.07935404094590001178 ) ) ;
#5735 = CARTESIAN_POINT ( 'NONE',  ( 1.180485809351999871, 0.04477223039406000304, 0.09386689768137007617 ) ) ;
#5736 = CARTESIAN_POINT ( 'NONE',  ( 0.7308438118074999101, -0.1826437317570000218, 0.08941447051563997106 ) ) ;
#5737 = CARTESIAN_POINT ( 'NONE',  ( 1.301260332615000070, 0.09742608914478996518, -0.03739837169383999904 ) ) ;
#5738 = CARTESIAN_POINT ( 'NONE',  ( 1.046617489575999871, 0.06944956944780000807, -0.08466240448922007777 ) ) ;
#5739 = VECTOR ( 'NONE', #9742, 39.37007874015748143 ) ;
#5740 = CARTESIAN_POINT ( 'NONE',  ( 1.236672983298999995, -0.04229973533675999986, 0.09500676109277993164 ) ) ;
#5741 = FACE_OUTER_BOUND ( 'NONE', #8385, .T. ) ;
#5742 = CARTESIAN_POINT ( 'NONE',  ( 1.065701609642000003, -0.01901763795452000166, 0.1026099921951000027 ) ) ;
#5743 = EDGE_LOOP ( 'NONE', ( #7440, #9745 ) ) ;
#5744 = FACE_OUTER_BOUND ( 'NONE', #6228, .T. ) ;
#5745 = CARTESIAN_POINT ( 'NONE',  ( 1.054258285136000062, -0.04149098542138999340, -0.09319027904196003353 ) ) ;
#5746 = CARTESIAN_POINT ( 'NONE',  ( 1.286908635568330128, 0.07935513292519015549, -0.06777568632463562559 ) ) ;
#5747 = CARTESIAN_POINT ( 'NONE',  ( 1.130507607309249707, 0.07258425826477025999, 0.09444883965335074127 ) ) ;
#5748 = CARTESIAN_POINT ( 'NONE',  ( 1.263232795219000115, 0.000000000000000000, -0.1207720828990000023 ) ) ;
#5749 = CARTESIAN_POINT ( 'NONE',  ( 1.118438349621364347, -0.03739837169672001471, 0.09742608914448995516 ) ) ;
#5750 = CARTESIAN_POINT ( 'NONE',  ( 1.031496062992000029, 0.09842519685038997324, 0.000000000000000000 ) ) ;
#5751 = CARTESIAN_POINT ( 'NONE',  ( 1.131999199418000090, -0.1045916918584999938, 0.06038604144952008229 ) ) ;
#5752 = AXIS2_PLACEMENT_3D ( 'NONE', #6920, #8386, #3238 ) ;
#5753 = CARTESIAN_POINT ( 'NONE',  ( 0.7248214206942993343, 0.01574803149606000124, -0.2004019123945000314 ) ) ;
#5754 = ADVANCED_FACE ( 'NONE', ( #9898 ), #9006, .T. ) ;
#5755 = DIRECTION ( 'NONE',  ( 1.000000000000000000, 0.000000000000000000, 0.000000000000000000 ) ) ;
#5756 = ORIENTED_EDGE ( 'NONE', *, *, #3755, .F. ) ;
#5757 = CARTESIAN_POINT ( 'NONE',  ( 0.8543307029377008588, -0.09046556639711005043, 0.1614173278276999912 ) ) ;
#5758 = EDGE_CURVE ( 'NONE', #6424, #1885, #80, .T. ) ;
#5759 = CARTESIAN_POINT ( 'NONE',  ( 0.6102362204723996708, -0.2716535433071000094, -0.3543307086614000401 ) ) ;
#5760 = AXIS2_PLACEMENT_3D ( 'NONE', #9608, #8861, #4910 ) ;
#5761 = CARTESIAN_POINT ( 'NONE',  ( 1.264201833031500133, -0.1150361429136074476, -0.03091510445189083259 ) ) ;
#5762 = CYLINDRICAL_SURFACE ( 'NONE', #1423, 0.08267716535433068670 ) ;
#5763 = CARTESIAN_POINT ( 'NONE',  ( 1.390406351649000172, 0.1196140579678000027, -0.01495137453014999847 ) ) ;
#5764 = EDGE_CURVE ( 'NONE', #6004, #3752, #514, .T. ) ;
#5765 = VERTEX_POINT ( 'NONE', #9851 ) ;
#5766 = EDGE_LOOP ( 'NONE', ( #7711, #4007, #1029, #9164 ) ) ;
#5767 = ORIENTED_EDGE ( 'NONE', *, *, #9536, .F. ) ;
#5768 = CARTESIAN_POINT ( 'NONE',  ( 1.270117413304000298, -0.08559591969662008748, -0.07707091227022992708 ) ) ;
#5769 = VERTEX_POINT ( 'NONE', #9744 ) ;
#5770 = CIRCLE ( 'NONE', #7544, 0.08267716535433068670 ) ;
#5771 = CARTESIAN_POINT ( 'NONE',  ( 0.7360889355193996897, 0.1858375844696000256, 0.1002685615818999926 ) ) ;
#5772 = EDGE_LOOP ( 'NONE', ( #8926, #2213 ) ) ;
#5773 = DIRECTION ( 'NONE',  ( 0.000000000000000000, 1.000000000000000000, 0.000000000000000000 ) ) ;
#5774 = EDGE_LOOP ( 'NONE', ( #1563, #1730, #1911, #4957 ) ) ;
#5775 = CARTESIAN_POINT ( 'NONE',  ( 0.8543307029377008588, -0.09046556639711005043, 0.1614173278276999912 ) ) ;
#5776 = CARTESIAN_POINT ( 'NONE',  ( 1.292899772371999934, 0.09924984962422009338, 0.03224823102986000556 ) ) ;
#5777 = ADVANCED_FACE ( 'NONE', ( #1216, #4298 ), #6051, .F. ) ;
#5778 = CIRCLE ( 'NONE', #7713, 0.09055118110236003159 ) ;
#5779 = CARTESIAN_POINT ( 'NONE',  ( 1.344263225501000081, -0.09639522717097007143, 0.05335579572848000302 ) ) ;
#5780 = CARTESIAN_POINT ( 'NONE',  ( 1.108200799962000049, -0.1150541550252000000, -0.002881159014206000415 ) ) ;
#5781 = CARTESIAN_POINT ( 'NONE',  ( 0.5787401574803000548, 0.000000000000000000, 0.000000000000000000 ) ) ;
#5782 = CARTESIAN_POINT ( 'NONE',  ( 1.097576716295999955, 0.07379187303341003257, -0.07379187303341003257 ) ) ;
#5783 = CARTESIAN_POINT ( 'NONE',  ( 1.252992371031999896, 0.1031081313941999977, 0.01357444301962000034 ) ) ;
#5784 = AXIS2_PLACEMENT_3D ( 'NONE', #820, #1517, #8571 ) ;
#5785 = CARTESIAN_POINT ( 'NONE',  ( 0.4724409448819000268, -0.3543307086614000401, 0.3543307086614000401 ) ) ;
#5786 = CARTESIAN_POINT ( 'NONE',  ( 1.192500490095000032, 0.04492705090909000082, 0.09419148551886005749 ) ) ;
#5787 = CARTESIAN_POINT ( 'NONE',  ( 1.144786528869000009, -0.06593132671062992833, 0.08743003835440001092 ) ) ;
#5788 = DIRECTION ( 'NONE',  ( 0.000000000000000000, -1.000000000000000000, 0.000000000000000000 ) ) ;
#5789 = DIRECTION ( 'NONE',  ( -3.674767738368756342E-13, 1.580723225925003280E-11, 1.000000000000000000 ) ) ;
#5790 = CARTESIAN_POINT ( 'NONE',  ( 1.048641242188000033, 0.05910869382497991459, -0.08600371016382007960 ) ) ;
#5791 = B_SPLINE_SURFACE_WITH_KNOTS ( 'NONE', 3, 3, ( 
 ( #263, #6429, #6477, #102, #9510, #8586, #3202, #6328, #2476, #4751, #5506, #315, #9562, #7845, #5454, #930, #4010, #7092, #5557, #7898, #2529, #5617, #8699, #1771, #6585, #572, #8138, #421, #9705, #473, #4404, #2081, #2796, #8041, #9012 ),
 ( #6636, #8959, #4355, #3559, #3511, #8092, #7445, #7338, #2639, #9659, #5054, #6737, #2744, #5164, #1118, #5817, #5779, #2021, #5728, #4206, #8909, #7291, #4258, #8865, #6688, #1973, #9749, #1220, #8191, #4305, #7395, #5863, #5107, #1275, #521 ),
 ( #3608, #1928, #8805, #2844, #1874, #5910, #7493, #8244, #365, #1327, #5005, #3657, #1172, #4962, #3457, #6528, #9610, #2695, #8341, #5394, #7596, #2895, #1424, #2271, #9201, #7736, #5957, #5348, #2948, #2128, #672, #3758, #6006, #1372, #2318 ),
 ( #1470, #8483, #3898, #6789, #1518, #9105, #6831, #9248, #630, #9150, #7642, #9945, #9901, #9064, #8297, #5212, #4645, #9856, #2991, #4451, #2175, #1569, #6058, #3804, #6113, #4595, #716, #2224, #5261, #5306, #8437, #6871, #7541, #4500, #7689 ) ),
 .UNSPECIFIED., .F., .F., .F.,
 ( 4, 4 ),
 ( 4, 1, 1, 1, 1, 1, 1, 1, 1, 1, 1, 1, 1, 1, 1, 1, 1, 1, 1, 1, 1, 1, 1, 1, 1, 1, 1, 1, 1, 1, 1, 1, 4 ),
 ( -0.007446311687978999887, 0.3398817070431000009 ),
 ( 0.4237000000000000210, 0.4420625000000000249, 0.4604249999999999732, 0.4787874999999999770, 0.4971499999999999808, 0.5155125000000000401, 0.5338749999999999885, 0.5522375000000000478, 0.5705999999999999961, 0.5889625000000000554, 0.6073250000000000037, 0.6256874999999999520, 0.6440500000000000114, 0.6624124999999999597, 0.6807750000000000190, 0.6991374999999999673, 0.7175000000000000266, 0.7358624999999999750, 0.7542250000000000343, 0.7725874999999999826, 0.7909500000000000419, 0.8093124999999999902, 0.8276750000000000496, 0.8460374999999999979, 0.8643999999999999462, 0.8827625000000000055, 0.9011249999999999538, 0.9194875000000000131, 0.9378499999999999615, 0.9562125000000000208, 0.9745749999999999691, 0.9929375000000000284, 1.011300000000000088 ),
 .UNSPECIFIED. ) ;
#5792 = CARTESIAN_POINT ( 'NONE',  ( 0.7249764284412991699, -0.1410555329310000106, -0.06325418946151004085 ) ) ;
#5793 = ORIENTED_EDGE ( 'NONE', *, *, #7690, .F. ) ;
#5794 = CARTESIAN_POINT ( 'NONE',  ( 1.089144623662000155, -0.05948255673673431138, 0.1032031167347788880 ) ) ;
#5795 = DIRECTION ( 'NONE',  ( 0.000000000000000000, 0.000000000000000000, 1.000000000000000000 ) ) ;
#5796 = CARTESIAN_POINT ( 'NONE',  ( 1.250655354728392066, 0.1020784112543255406, -0.02169743611696025795 ) ) ;
#5797 = CARTESIAN_POINT ( 'NONE',  ( 0.8464566929133995332, 0.000000000000000000, -0.1692913385827000128 ) ) ;
#5798 = CARTESIAN_POINT ( 'NONE',  ( 1.272861589321000020, 0.1026267293788999946, 0.05229093041692000482 ) ) ;
#5799 = CARTESIAN_POINT ( 'NONE',  ( 1.105643074031270823, 0.1037857865099000160, -0.01090832572257000033 ) ) ;
#5800 = CARTESIAN_POINT ( 'NONE',  ( 1.169351090633000023, -0.1085740795173000123, 0.03844809805252000223 ) ) ;
#5801 = DIRECTION ( 'NONE',  ( 1.000000000000000000, 0.000000000000000000, 0.000000000000000000 ) ) ;
#5802 = CARTESIAN_POINT ( 'NONE',  ( 1.114923617808000200, 0.000000000000000000, -0.1181102362205000006 ) ) ;
#5803 = CARTESIAN_POINT ( 'NONE',  ( 0.7362204724408996093, 0.000000000000000000, 0.2185039370079000232 ) ) ;
#5804 = CARTESIAN_POINT ( 'NONE',  ( 1.011811281218905956, -0.03015523573949671979, 0.1614170652377940607 ) ) ;
#5805 = CARTESIAN_POINT ( 'NONE',  ( 0.5984251968503937480, 0.09693842135412991667, 0.07415168411053996156 ) ) ;
#5806 = CARTESIAN_POINT ( 'NONE',  ( 1.378722602956000243, 0.08830341887916003107, -0.05665714741372000068 ) ) ;
#5807 = CARTESIAN_POINT ( 'NONE',  ( 1.269123092873999603, -0.05948255673673411015, -0.1032031167347790546 ) ) ;
#5808 = CARTESIAN_POINT ( 'NONE',  ( 1.011811023621999928, 0.000000000000000000, 0.000000000000000000 ) ) ;
#5809 = ORIENTED_EDGE ( 'NONE', *, *, #2325, .T. ) ;
#5810 = ORIENTED_EDGE ( 'NONE', *, *, #4270, .T. ) ;
#5811 = CARTESIAN_POINT ( 'NONE',  ( 1.208273581282999887, 0.1104375004920000042, 0.03271307799562000324 ) ) ;
#5812 = ORIENTED_EDGE ( 'NONE', *, *, #1260, .F. ) ;
#5813 = ORIENTED_EDGE ( 'NONE', *, *, #8607, .F. ) ;
#5814 = CARTESIAN_POINT ( 'NONE',  ( 0.5787401574803000548, 0.000000000000000000, 0.000000000000000000 ) ) ;
#5815 = EDGE_LOOP ( 'NONE', ( #7694, #4002, #3952, #2784 ) ) ;
#5816 = CARTESIAN_POINT ( 'NONE',  ( 1.224658302556000056, -0.04244600606646999758, 0.09533529053063996561 ) ) ;
#5817 = CARTESIAN_POINT ( 'NONE',  ( 1.346673002403999897, -0.1093716721318000046, 0.01329353580684999869 ) ) ;
#5818 = AXIS2_PLACEMENT_3D ( 'NONE', #7197, #2482, #7801 ) ;
#5819 = CARTESIAN_POINT ( 'NONE',  ( 1.072692849579000018, -0.09221673403463996610, -0.06886097319827992613 ) ) ;
#5820 = CARTESIAN_POINT ( 'NONE',  ( 1.276972707651457872, 0.09444883965335013065, 0.07258425826477106491 ) ) ;
#5821 = ADVANCED_FACE ( 'NONE', ( #7439 ), #8184, .F. ) ;
#5822 = FACE_OUTER_BOUND ( 'NONE', #2066, .T. ) ;
#5823 = EDGE_CURVE ( 'NONE', #6004, #8256, #8984, .T. ) ;
#5824 = CARTESIAN_POINT ( 'NONE',  ( 1.170083277976000202, -0.02169713751314000447, -0.1020770066113000085 ) ) ;
#5825 = CARTESIAN_POINT ( 'NONE',  ( 1.276450376280999999, -0.07728546215276003994, -0.06958814268777008261 ) ) ;
#5826 = CARTESIAN_POINT ( 'NONE',  ( 0.7334836223767007279, -0.1836196114857999717, 0.09264710434643995407 ) ) ;
#5827 = AXIS2_PLACEMENT_3D ( 'NONE', #5414, #3826, #1594 ) ;
#5828 = CARTESIAN_POINT ( 'NONE',  ( 1.220223587208000060, 0.07755271207417993584, -0.06982877559786003496 ) ) ;
#5829 = CARTESIAN_POINT ( 'NONE',  ( 1.096746360704000001, 0.07363934977807008730, 0.08104441752976004887 ) ) ;
#5830 = FACE_OUTER_BOUND ( 'NONE', #892, .T. ) ;
#5831 = EDGE_CURVE ( 'NONE', #3433, #4057, #1399, .T. ) ;
#5832 = LINE ( 'NONE', #8152, #1529 ) ;
#5834 = CARTESIAN_POINT ( 'NONE',  ( 1.050773788120000107, 0.08442697196611004262, -0.06133978363043995907 ) ) ;
#5833 = CIRCLE ( 'NONE', #5982, 0.2133049650658000174 ) ;
#5835 = ORIENTED_EDGE ( 'NONE', *, *, #9946, .F. ) ;
#5836 = CARTESIAN_POINT ( 'NONE',  ( 0.7519685039370078705, 0.000000000000000000, 0.1535433070865999949 ) ) ;
#5837 = CARTESIAN_POINT ( 'NONE',  ( 0.5802225316246999443, 0.01574803149606000124, -0.1516615877783000221 ) ) ;
#5838 = CARTESIAN_POINT ( 'NONE',  ( 0.9999994263157998553, 0.1944627759284682789, -0.03529562305955345758 ) ) ;
#5839 = CARTESIAN_POINT ( 'NONE',  ( 1.172885122619666376, 0.02061412502355806572, 0.1181102362205000839 ) ) ;
#5840 = CARTESIAN_POINT ( 'NONE',  ( 1.201388963198000148, 0.05199372541013000393, 0.1090070711284999994 ) ) ;
#5841 = CARTESIAN_POINT ( 'NONE',  ( 0.6115386739812992412, -0.1156313406278999950, -0.04857552519136999758 ) ) ;
#5842 = CARTESIAN_POINT ( 'NONE',  ( 0.7276665990876004519, 0.1820353056249000012, -0.08743401769817008007 ) ) ;
#5843 = CARTESIAN_POINT ( 'NONE',  ( 1.190676549950000052, 0.1148255813840999978, -0.009036952326228996080 ) ) ;
#5844 = CARTESIAN_POINT ( 'NONE',  ( 0.8661417632692993696, -0.09349877921426004435, -0.1732283253607999896 ) ) ;
#5845 = VECTOR ( 'NONE', #3038, 39.37007874015748143 ) ;
#5846 = CARTESIAN_POINT ( 'NONE',  ( 1.086216268726749812, 0.1181102362204999728, 0.01546059376767032305 ) ) ;
#5847 = DIRECTION ( 'NONE',  ( 1.000000000000000000, 0.000000000000000000, 0.000000000000000000 ) ) ;
#5848 = DIRECTION ( 'NONE',  ( -1.000000000000000000, 0.000000000000000000, 0.000000000000000000 ) ) ;
#5849 = CARTESIAN_POINT ( 'NONE',  ( 1.354624833926999949, -0.03061339617533000157, 0.1003511142880000040 ) ) ;
#5850 = DIRECTION ( 'NONE',  ( 0.000000000000000000, 0.000000000000000000, 1.000000000000000000 ) ) ;
#5851 = CARTESIAN_POINT ( 'NONE',  ( 1.375969714131000110, 0.01668691172490999880, -0.1081028653652000016 ) ) ;
#5852 = VERTEX_POINT ( 'NONE', #1419 ) ;
#5853 = VERTEX_POINT ( 'NONE', #626 ) ;
#5854 = CARTESIAN_POINT ( 'NONE',  ( 1.288276391133000187, 0.06577719075493997092, 0.1012879920044000015 ) ) ;
#5855 = EDGE_LOOP ( 'NONE', ( #844, #283, #3448, #2985 ) ) ;
#5856 = CARTESIAN_POINT ( 'NONE',  ( 0.06692913385827008177, 0.000000000000000000, 0.000000000000000000 ) ) ;
#5857 = ORIENTED_EDGE ( 'NONE', *, *, #5654, .T. ) ;
#5858 = CARTESIAN_POINT ( 'NONE',  ( 0.7362204724408996093, 0.000000000000000000, 0.000000000000000000 ) ) ;
#5859 = VERTEX_POINT ( 'NONE', #9144 ) ;
#5860 = EDGE_CURVE ( 'NONE', #439, #6104, #4608, .T. ) ;
#5861 = CARTESIAN_POINT ( 'NONE',  ( 0.8543307086613995960, 0.000000000000000000, -0.1535433070865999949 ) ) ;
#5862 = DIRECTION ( 'NONE',  ( 1.000000000000000000, 0.000000000000000000, 0.000000000000000000 ) ) ;
#5863 = CARTESIAN_POINT ( 'NONE',  ( 1.308116571958000129, -0.1101723703725000086, -0.0009808422074318995636 ) ) ;
#5864 = CARTESIAN_POINT ( 'NONE',  ( 1.049717116979000053, 0.1143136490060999988, 0.01334724085553999975 ) ) ;
#5865 = CARTESIAN_POINT ( 'NONE',  ( 1.263849348070791301, 0.01546059376767017039, -0.1181102362204999728 ) ) ;
#5866 = CARTESIAN_POINT ( 'NONE',  ( 1.125299813408999983, -0.09171112839325000488, -0.04979507988139000169 ) ) ;
#5867 = CARTESIAN_POINT ( 'NONE',  ( 1.284980560008000205, 0.05199892369778000289, -0.09006477778321003713 ) ) ;
#5868 = DIRECTION ( 'NONE',  ( 0.000000000000000000, 1.000000000000000000, 3.282220918665998824E-10 ) ) ;
#5869 = CARTESIAN_POINT ( 'NONE',  ( 1.271404689570000190, 0.04244600606646999758, 0.09533529053063996561 ) ) ;
#5870 = CARTESIAN_POINT ( 'NONE',  ( 1.138520419977999909, 0.03794971795114000096, 0.1027169428862999973 ) ) ;
#5871 = CARTESIAN_POINT ( 'NONE',  ( 0.4921259842520000483, -0.3740157480314960647, -0.3740157480314960647 ) ) ;
#5872 = DIRECTION ( 'NONE',  ( 0.000000000000000000, 1.000000000000000000, 0.000000000000000000 ) ) ;
#5873 = EDGE_CURVE ( 'NONE', #7090, #8151, #8482, .T. ) ;
#5874 = DIRECTION ( 'NONE',  ( 0.000000000000000000, 0.000000000000000000, 1.000000000000000000 ) ) ;
#5875 = DIRECTION ( 'NONE',  ( 1.000000000000000000, 0.000000000000000000, 0.000000000000000000 ) ) ;
#5876 = CARTESIAN_POINT ( 'NONE',  ( 1.091292160824000046, 0.09419151460094998818, -0.04492704785243999827 ) ) ;
#5877 = DIRECTION ( 'NONE',  ( 0.000000000000000000, -0.4749738531528868157, 0.8799999084210746725 ) ) ;
#5878 = DIRECTION ( 'NONE',  ( 0.000000000000000000, 0.000000000000000000, -1.000000000000000000 ) ) ;
#5879 = CIRCLE ( 'NONE', #574, 0.08267716535433068670 ) ;
#5880 = CARTESIAN_POINT ( 'NONE',  ( 1.184546430844329867, -0.02436210202280527856, 0.1014754567805845609 ) ) ;
#5881 = EDGE_CURVE ( 'NONE', #1317, #8032, #7688, .T. ) ;
#5882 = CARTESIAN_POINT ( 'NONE',  ( 0.7362204724408996093, -0.1827275465568999890, 0.1100438633047000070 ) ) ;
#5883 = CARTESIAN_POINT ( 'NONE',  ( 1.197123871334000000, 0.1090071540550999890, 0.05199325309835000491 ) ) ;
#5884 = EDGE_CURVE ( 'NONE', #7488, #827, #6057, .T. ) ;
#5885 = AXIS2_PLACEMENT_3D ( 'NONE', #7645, #9809, #7601 ) ;
#5886 = DIRECTION ( 'NONE',  ( -1.000000000000000000, 0.000000000000000000, 0.000000000000000000 ) ) ;
#5887 = CARTESIAN_POINT ( 'NONE',  ( 1.084049253362999954, -0.02099001011877000070, 0.1132519600811000005 ) ) ;
#5888 = CARTESIAN_POINT ( 'NONE',  ( 1.299118376942999697, -0.05948255673673411709, -0.1032031167347790546 ) ) ;
#5889 = ADVANCED_FACE ( 'NONE', ( #4394 ), #5051, .T. ) ;
#5890 = CARTESIAN_POINT ( 'NONE',  ( 0.6102362204723996708, -0.4370078740156999597, 0.3543307086614000401 ) ) ;
#5891 = CARTESIAN_POINT ( 'NONE',  ( 0.7244094488188976833, -0.1813108520207999952, -0.08649560877427991956 ) ) ;
#5892 = DIRECTION ( 'NONE',  ( 0.000000000000000000, 0.1065330715940051992, -0.9943091594955497659 ) ) ;
#5893 = CARTESIAN_POINT ( 'NONE',  ( 1.340777175613999894, 0.09930460926623997653, 0.03385440507488000211 ) ) ;
#5894 = EDGE_CURVE ( 'NONE', #7333, #8808, #1198, .T. ) ;
#5895 = DIRECTION ( 'NONE',  ( 1.000000000000000000, 0.000000000000000000, 0.000000000000000000 ) ) ;
#5896 = AXIS2_PLACEMENT_3D ( 'NONE', #3709, #5158, #2986 ) ;
#5897 = CARTESIAN_POINT ( 'NONE',  ( 1.377110276985000104, -0.01946911166725000253, -0.1133035568758000017 ) ) ;
#5898 = ORIENTED_EDGE ( 'NONE', *, *, #7185, .F. ) ;
#5899 = ORIENTED_EDGE ( 'NONE', *, *, #2823, .F. ) ;
#5900 = CARTESIAN_POINT ( 'NONE',  ( 1.201875943487999976, 0.08559591969662008748, -0.07707091227022992708 ) ) ;
#5901 = VERTEX_POINT ( 'NONE', #7593 ) ;
#5902 = CARTESIAN_POINT ( 'NONE',  ( 0.7249748790432009038, -0.1410551860843000105, 0.06325398920942992831 ) ) ;
#5903 = VERTEX_POINT ( 'NONE', #8292 ) ;
#5904 = DIRECTION ( 'NONE',  ( 1.000000000000000000, 0.000000000000000000, 0.000000000000000000 ) ) ;
#5905 = EDGE_LOOP ( 'NONE', ( #9078, #4150, #3793, #2013, #4888, #8799 ) ) ;
#5906 = CARTESIAN_POINT ( 'NONE',  ( 0.5841804246273000212, 0.000000000000000000, 0.000000000000000000 ) ) ;
#5907 = LINE ( 'NONE', #8338, #9153 ) ;
#5908 = TOROIDAL_SURFACE ( 'NONE', #3175, 0.09055118110236003159, 0.01181102362204999867 ) ;
#5909 = CARTESIAN_POINT ( 'NONE',  ( 1.050603734286573721, 0.08846107866470122316, 0.07923578651031117082 ) ) ;
#5910 = CARTESIAN_POINT ( 'NONE',  ( 1.367604289944999829, 0.09665144224541004359, 0.06377830069652992706 ) ) ;
#5911 = VECTOR ( 'NONE', #6168, 39.37007874015747433 ) ;
#5912 = CARTESIAN_POINT ( 'NONE',  ( 1.113389130328000132, -0.02543850468978000115, -0.1179655880844000110 ) ) ;
#5913 = CARTESIAN_POINT ( 'NONE',  ( 0.5802225316246999443, 0.1234687720462999960, 0.08946898922436004320 ) ) ;
#5914 = CARTESIAN_POINT ( 'NONE',  ( 1.157288002385000070, -0.08110098452177008643, 0.06567428234212992211 ) ) ;
#5915 = CARTESIAN_POINT ( 'NONE',  ( 1.229534365782000149, -0.09266276053095000298, 0.04721403471093000431 ) ) ;
#5916 = LINE ( 'NONE', #8346, #8320 ) ;
#5917 = CARTESIAN_POINT ( 'NONE',  ( 1.258356073270000097, 0.008598274180672008105, 0.1092514321174000019 ) ) ;
#5918 = CARTESIAN_POINT ( 'NONE',  ( 1.186159393460999967, 0.07379186162582992980, 0.07379198156927008201 ) ) ;
#5919 = ORIENTED_EDGE ( 'NONE', *, *, #7876, .T. ) ;
#5920 = CARTESIAN_POINT ( 'NONE',  ( 1.125988202196000154, 0.07760349728675000613, -0.07725702982472992808 ) ) ;
#5921 = AXIS2_PLACEMENT_3D ( 'NONE', #7442, #9899, #9009 ) ;
#5922 = CARTESIAN_POINT ( 'NONE',  ( 1.298650651928999977, -0.1022864650138999992, 0.05905511811023995972 ) ) ;
#5923 = CARTESIAN_POINT ( 'NONE',  ( 0.7362204724408996093, -0.1343708233930999973, -0.08212509616896003506 ) ) ;
#5924 = DIRECTION ( 'NONE',  ( 1.000000000000000000, 0.000000000000000000, 0.000000000000000000 ) ) ;
#5925 = ORIENTED_EDGE ( 'NONE', *, *, #7051, .F. ) ;
#5926 = CARTESIAN_POINT ( 'NONE',  ( 1.138208171322000029, 0.07569823244745001178, 0.07183494035557008717 ) ) ;
#5927 = CYLINDRICAL_SURFACE ( 'NONE', #435, 0.01181102362205004204 ) ;
#5928 = CARTESIAN_POINT ( 'NONE',  ( 0.7358050020037008032, -0.1397420114379999967, -0.07238391284932008118 ) ) ;
#5929 = CIRCLE ( 'NONE', #4634, 0.1122047244094000057 ) ;
#5930 = DIRECTION ( 'NONE',  ( 0.000000000000000000, 0.9999995644444761300, -0.0009333331978273782343 ) ) ;
#5931 = FACE_OUTER_BOUND ( 'NONE', #468, .T. ) ;
#5932 = CARTESIAN_POINT ( 'NONE',  ( 1.178312845831616107, 0.07157233042773321341, 0.07536231441648524876 ) ) ;
#5933 = DIRECTION ( 'NONE',  ( 0.000000000000000000, 1.000000000000000000, 0.000000000000000000 ) ) ;
#5934 = EDGE_CURVE ( 'NONE', #4667, #7136, #7113, .T. ) ;
#5935 = CARTESIAN_POINT ( 'NONE',  ( 1.125586347466750015, 0.1181102362204999728, 0.01546059376767032305 ) ) ;
#5936 = CARTESIAN_POINT ( 'NONE',  ( 1.221680486958000023, 0.01801822666095000136, -0.1137626058722999989 ) ) ;
#5937 = VERTEX_POINT ( 'NONE', #4638 ) ;
#5938 = CARTESIAN_POINT ( 'NONE',  ( 0.7334836223767007279, 0.01157505979184000194, -0.2053428003530000379 ) ) ;
#5939 = CARTESIAN_POINT ( 'NONE',  ( 1.137362901656999936, -0.07707091227022992708, -0.08559591969662008748 ) ) ;
#5940 = CARTESIAN_POINT ( 'NONE',  ( -0.01636863887313999913, 0.000000000000000000, 0.3071475752050999986 ) ) ;
#5941 = ADVANCED_FACE ( 'NONE', ( #2362 ), #763, .T. ) ;
#5942 = EDGE_CURVE ( 'NONE', #3092, #38, #4942, .T. ) ;
#5943 = CARTESIAN_POINT ( 'NONE',  ( 0.7285187739042991995, -0.01502061551544000076, 0.2016627986020999852 ) ) ;
#5944 = CARTESIAN_POINT ( 'NONE',  ( 1.089497108621750199, 0.09444883965335013065, 0.07258425826477109266 ) ) ;
#5945 = CARTESIAN_POINT ( 'NONE',  ( 1.379333606060000106, 0.1028522961082999898, 0.02071063940797999992 ) ) ;
#5946 = CARTESIAN_POINT ( 'NONE',  ( 0.000000000000000000, 0.000000000000000000, 0.000000000000000000 ) ) ;
#5947 = CARTESIAN_POINT ( 'NONE',  ( 1.327347666886999900, -0.1060527098435999904, -0.02678621563703000030 ) ) ;
#5948 = CARTESIAN_POINT ( 'NONE',  ( 0.6804168098318996716, -0.1310778715394000093, 0.05749358397114000263 ) ) ;
#5949 = CARTESIAN_POINT ( 'NONE',  ( 1.240261770258999974, 0.07248554495571003786, -0.08951219335570000102 ) ) ;
#5950 = ORIENTED_EDGE ( 'NONE', *, *, #7862, .F. ) ;
#5951 = VERTEX_POINT ( 'NONE', #7774 ) ;
#5952 = DIRECTION ( 'NONE',  ( -0.7071067811865475727, 0.000000000000000000, 0.7071067811865475727 ) ) ;
#5953 = EDGE_CURVE ( 'NONE', #3109, #7914, #5343, .T. ) ;
#5954 = CARTESIAN_POINT ( 'NONE',  ( 0.8543307518312007742, -0.09046558149497008205, -0.1614172930797999894 ) ) ;
#5955 = FACE_OUTER_BOUND ( 'NONE', #7507, .T. ) ;
#5956 = CARTESIAN_POINT ( 'NONE',  ( 0.5787401574803000548, -0.09693842135412991667, 0.07415168411053996156 ) ) ;
#5957 = CARTESIAN_POINT ( 'NONE',  ( 1.316998974984000093, 0.04090330843425000334, -0.1083332292223000010 ) ) ;
#5958 = CARTESIAN_POINT ( 'NONE',  ( 0.9763779527559055538, 0.09399477469537993735, -0.1751968503937007815 ) ) ;
#5959 = CARTESIAN_POINT ( 'NONE',  ( 0.5265748031496000348, 0.000000000000000000, 0.000000000000000000 ) ) ;
#5960 = CARTESIAN_POINT ( 'NONE',  ( 1.082058585872999856, 0.1058964479729000013, -0.05787002505317999368 ) ) ;
#5961 = CARTESIAN_POINT ( 'NONE',  ( 1.133829997136000189, 0.02963912214327999936, -0.1000599994510000118 ) ) ;
#5962 = B_SPLINE_CURVE_WITH_KNOTS ( 'NONE', 3,
 ( #8240, #6828, #5207, #4448 ),
 .UNSPECIFIED., .F., .F.,
 ( 4, 4 ),
 ( 0.000000000000000000, 1.000000000000000000 ),
 .UNSPECIFIED. ) ;
#5963 = CARTESIAN_POINT ( 'NONE',  ( 1.010002893834999860, 0.000000000000000000, 0.000000000000000000 ) ) ;
#5964 = CARTESIAN_POINT ( 'NONE',  ( 1.271461230732000125, -0.02700970012306000076, 0.1008015731564999989 ) ) ;
#5965 = VERTEX_POINT ( 'NONE', #8478 ) ;
#5966 = DIRECTION ( 'NONE',  ( 1.000000000000000000, 0.000000000000000000, 0.000000000000000000 ) ) ;
#5967 = CONICAL_SURFACE ( 'NONE', #6795, 0.1909448738972999993, 0.7853986048081720295 ) ;
#5968 = DIRECTION ( 'NONE',  ( -1.000000000000000000, 0.000000000000000000, 0.000000000000000000 ) ) ;
#5969 = ORIENTED_EDGE ( 'NONE', *, *, #577, .T. ) ;
#5970 = DIRECTION ( 'NONE',  ( 1.000000000000000000, 0.000000000000000000, 0.000000000000000000 ) ) ;
#5971 = ORIENTED_EDGE ( 'NONE', *, *, #36, .T. ) ;
#5972 = DIRECTION ( 'NONE',  ( 1.000000000000000000, 0.000000000000000000, 0.000000000000000000 ) ) ;
#5973 = CARTESIAN_POINT ( 'NONE',  ( 0.9767825731105000964, 0.09399477469537993735, -0.1751968503937007815 ) ) ;
#5974 = ORIENTED_EDGE ( 'NONE', *, *, #7977, .F. ) ;
#5975 = AXIS2_PLACEMENT_3D ( 'NONE', #4374, #4279, #1994 ) ;
#5976 = CARTESIAN_POINT ( 'NONE',  ( 1.094886093478249833, -0.1181102362205000422, 0.01546059376766979916 ) ) ;
#5977 = CARTESIAN_POINT ( 'NONE',  ( 1.562992125983999836, 0.000000000000000000, 0.000000000000000000 ) ) ;
#5978 = CARTESIAN_POINT ( 'NONE',  ( 0.7358050155909999779, -0.1325573408924999863, 0.08482813847027007026 ) ) ;
#5979 = CYLINDRICAL_SURFACE ( 'NONE', #9488, 0.01181102362205004204 ) ;
#5980 = CARTESIAN_POINT ( 'NONE',  ( 1.167884781141999895, -0.05948255673673431138, 0.1032031167347788880 ) ) ;
#5981 = CARTESIAN_POINT ( 'NONE',  ( 1.243005946275999918, -0.04684819949601000399, 0.1052227788591999919 ) ) ;
#5982 = AXIS2_PLACEMENT_3D ( 'NONE', #2343, #9324, #13 ) ;
#5983 = CARTESIAN_POINT ( 'NONE',  ( 0.7352427161525000310, -0.008739607168150000799, 0.1569883113364000105 ) ) ;
#5984 = CARTESIAN_POINT ( 'NONE',  ( 1.180013820292000082, -0.02394740803447999861, -0.1126636970789000047 ) ) ;
#5985 = CARTESIAN_POINT ( 'NONE',  ( 0.5787401574803000548, -0.1355270815478999968, 0.06006233656727007902 ) ) ;
#5986 = FACE_BOUND ( 'NONE', #3082, .T. ) ;
#5987 = CARTESIAN_POINT ( 'NONE',  ( 1.077193959015499969, 0.03091510445189094708, -0.1150361429136074198 ) ) ;
#5988 = CARTESIAN_POINT ( 'NONE',  ( 0.3149606299213000282, 0.000000000000000000, 0.000000000000000000 ) ) ;
#5989 = CARTESIAN_POINT ( 'NONE',  ( 1.314269629682000007, -0.07417709206638996300, 0.07053920873256003254 ) ) ;
#5990 = ADVANCED_FACE ( 'NONE', ( #6866 ), #6391, .F. ) ;
#5991 = EDGE_CURVE ( 'NONE', #191, #98, #2694, .T. ) ;
#5992 = CARTESIAN_POINT ( 'NONE',  ( 0.000000000000000000, 0.000000000000000000, 0.000000000000000000 ) ) ;
#5993 = CARTESIAN_POINT ( 'NONE',  ( 1.332540067011000140, -0.09674352648658997300, -0.06210824234863996512 ) ) ;
#5994 = CARTESIAN_POINT ( 'NONE',  ( 1.363866027570766581, -0.04511989486859758341, 0.1113956781735310625 ) ) ;
#5995 = CARTESIAN_POINT ( 'NONE',  ( 1.255189591781999958, 0.009036971297048996057, 0.1148256074952000022 ) ) ;
#5996 = VERTEX_POINT ( 'NONE', #7636 ) ;
#5997 = AXIS2_PLACEMENT_3D ( 'NONE', #4491, #4580, #23 ) ;
#5998 = CYLINDRICAL_SURFACE ( 'NONE', #1300, 0.08267716535433068670 ) ;
#5999 = ORIENTED_EDGE ( 'NONE', *, *, #5700, .T. ) ;
#6000 = ORIENTED_EDGE ( 'NONE', *, *, #287, .F. ) ;
#6001 = VERTEX_POINT ( 'NONE', #7730 ) ;
#6002 = DIRECTION ( 'NONE',  ( 1.000000000000000000, 0.000000000000000000, 0.000000000000000000 ) ) ;
#6003 = DIRECTION ( 'NONE',  ( 0.000000000000000000, -1.000000000000000000, 0.000000000000000000 ) ) ;
#6004 = VERTEX_POINT ( 'NONE', #913 ) ;
#6005 = CARTESIAN_POINT ( 'NONE',  ( 0.7249764069818995793, 0.1410555281272000139, 0.06325418668798997446 ) ) ;
#6006 = CARTESIAN_POINT ( 'NONE',  ( 1.302540313567000174, -0.1077213619180000109, 0.04248770614300000081 ) ) ;
#6007 = DIRECTION ( 'NONE',  ( -1.000000000000000000, 0.000000000000000000, 0.000000000000000000 ) ) ;
#6008 = ADVANCED_FACE ( 'NONE', ( #817 ), #1512, .T. ) ;
#6009 = ORIENTED_EDGE ( 'NONE', *, *, #855, .T. ) ;
#6010 = CARTESIAN_POINT ( 'NONE',  ( 1.096679506618000177, -0.03131105048238000399, 0.1165444791083000003 ) ) ;
#6011 = EDGE_CURVE ( 'NONE', #7031, #2104, #7831, .T. ) ;
#6012 = DIRECTION ( 'NONE',  ( 0.000000000000000000, -0.9997541118987406383, -0.02217466440694088742 ) ) ;
#6013 = CARTESIAN_POINT ( 'NONE',  ( 1.275726322595000184, -0.08442696480807007631, 0.06133978044347008357 ) ) ;
#6014 = ORIENTED_EDGE ( 'NONE', *, *, #697, .F. ) ;
#6015 = CARTESIAN_POINT ( 'NONE',  ( 0.8464566929133995332, 0.000000000000000000, 0.000000000000000000 ) ) ;
#6016 = FACE_OUTER_BOUND ( 'NONE', #5743, .T. ) ;
#6017 = ORIENTED_EDGE ( 'NONE', *, *, #3990, .F. ) ;
#6018 = CARTESIAN_POINT ( 'NONE',  ( 0.7358047547447992276, 0.007185665451878996829, -0.1572119822396000066 ) ) ;
#6019 = ORIENTED_EDGE ( 'NONE', *, *, #7497, .T. ) ;
#6020 = CYLINDRICAL_SURFACE ( 'NONE', #1337, 0.1968503937008000138 ) ;
#6021 = DIRECTION ( 'NONE',  ( 0.000000000000000000, 0.000000000000000000, -1.000000000000000000 ) ) ;
#6022 = CARTESIAN_POINT ( 'NONE',  ( 0.8661416946048996479, 0.09349873698068995875, 0.1732283294671000395 ) ) ;
#6023 = DIRECTION ( 'NONE',  ( 1.000000000000000000, 0.000000000000000000, 0.000000000000000000 ) ) ;
#6024 = CARTESIAN_POINT ( 'NONE',  ( 1.155581631535749887, 0.1181102362204999590, 0.01546059376767032131 ) ) ;
#6025 = CARTESIAN_POINT ( 'NONE',  ( 1.233594987274329924, -0.1020784112543255406, -0.02169743611696025795 ) ) ;
#6026 = CARTESIAN_POINT ( 'NONE',  ( 0.9787819354097994085, -0.09408090847152990321, -0.1755396842203999774 ) ) ;
#6027 = CARTESIAN_POINT ( 'NONE',  ( 1.177194851849000079, 0.08573468038661004320, 0.05872063142693000060 ) ) ;
#6028 = AXIS2_PLACEMENT_3D ( 'NONE', #8838, #6557, #4989 ) ;
#6029 = CARTESIAN_POINT ( 'NONE',  ( 1.248369648514000119, -0.1071944709820000091, -0.02278488818198000018 ) ) ;
#6030 = AXIS2_PLACEMENT_3D ( 'NONE', #430, #6535, #5061 ) ;
#6031 = AXIS2_PLACEMENT_3D ( 'NONE', #9821, #7955, #7099 ) ;
#6032 = ORIENTED_EDGE ( 'NONE', *, *, #8421, .F. ) ;
#6033 = DIRECTION ( 'NONE',  ( 0.000000000000000000, 0.000000000000000000, -1.000000000000000000 ) ) ;
#6034 = CARTESIAN_POINT ( 'NONE',  ( 1.061302096756999935, -0.03424357189273000146, -0.1084241157075000045 ) ) ;
#6035 = CARTESIAN_POINT ( 'NONE',  ( 1.405511811024000357, 0.000000000000000000, 0.000000000000000000 ) ) ;
#6036 = CARTESIAN_POINT ( 'NONE',  ( 1.161948989636333307, 0.1125935275257157614, -0.04120276216305392147 ) ) ;
#6037 = FACE_OUTER_BOUND ( 'NONE', #150, .T. ) ;
#6038 = CARTESIAN_POINT ( 'NONE',  ( 1.168635635790489014, 0.07750628878193226157, -0.06975982878864978032 ) ) ;
#6039 = AXIS2_PLACEMENT_3D ( 'NONE', #675, #5217, #4361 ) ;
#6040 = AXIS2_PLACEMENT_3D ( 'NONE', #7800, #4063, #9457 ) ;
#6041 = CARTESIAN_POINT ( 'NONE',  ( 1.323297734190000075, -0.1049127410514000130, -0.0009340167972483996457 ) ) ;
#6042 = LINE ( 'NONE', #6101, #6493 ) ;
#6043 = CARTESIAN_POINT ( 'NONE',  ( 1.350773334726999897, 0.1084200630597000059, 0.03823391338946999923 ) ) ;
#6044 = CARTESIAN_POINT ( 'NONE',  ( 1.193663775287999940, 0.000000000000000000, -0.1181102362205000006 ) ) ;
#6045 = DIRECTION ( 'NONE',  ( 0.000000000000000000, 0.000000000000000000, -1.000000000000000000 ) ) ;
#6046 = AXIS2_PLACEMENT_3D ( 'NONE', #361, #3451, #4254 ) ;
#6047 = CARTESIAN_POINT ( 'NONE',  ( -0.03184567412300000344, 0.000000000000000000, 0.000000000000000000 ) ) ;
#6048 = EDGE_CURVE ( 'NONE', #6461, #4207, #5575, .T. ) ;
#6049 = ORIENTED_EDGE ( 'NONE', *, *, #9318, .F. ) ;
#6050 = ORIENTED_EDGE ( 'NONE', *, *, #845, .T. ) ;
#6051 = PLANE ( 'NONE',  #5083 ) ;
#6052 = EDGE_CURVE ( 'NONE', #4586, #5901, #4927, .T. ) ;
#6053 = ADVANCED_FACE ( 'NONE', ( #2313 ), #3893, .T. ) ;
#6054 = LINE ( 'NONE', #9801, #9948 ) ;
#6055 = ORIENTED_EDGE ( 'NONE', *, *, #7390, .F. ) ;
#6056 = CARTESIAN_POINT ( 'NONE',  ( 1.196154610594999834, -0.02427781510677000376, 0.1011243765126999955 ) ) ;
#6057 = CIRCLE ( 'NONE', #7842, 0.07874015748031004680 ) ;
#6058 = CARTESIAN_POINT ( 'NONE',  ( 1.323471601107000017, 0.1149244493389000032, 0.03917943879621000464 ) ) ;
#6059 = EDGE_CURVE ( 'NONE', #2312, #1115, #6965, .T. ) ;
#6060 = CARTESIAN_POINT ( 'NONE',  ( 1.123832645146000120, 0.1198595693232000076, -0.01402430513812999956 ) ) ;
#6061 = CIRCLE ( 'NONE', #7368, 0.2417915662690000023 ) ;
#6062 = CARTESIAN_POINT ( 'NONE',  ( 1.366141732283000065, 0.08034203920182007852, 0.08657473440298996126 ) ) ;
#6063 = ORIENTED_EDGE ( 'NONE', *, *, #9403, .T. ) ;
#6064 = EDGE_CURVE ( 'NONE', #5552, #3351, #1788, .T. ) ;
#6065 = CARTESIAN_POINT ( 'NONE',  ( 1.224545220233000054, 0.08442696480807007631, 0.06133978044347008357 ) ) ;
#6066 = EDGE_LOOP ( 'NONE', ( #8841, #5003, #5312, #7335 ) ) ;
#6067 = CARTESIAN_POINT ( 'NONE',  ( 0.9841847292165000205, 0.09564333788652007451, 0.1818135286545999874 ) ) ;
#6068 = ORIENTED_EDGE ( 'NONE', *, *, #6824, .F. ) ;
#6069 = AXIS2_PLACEMENT_3D ( 'NONE', #6262, #1009, #9548 ) ;
#6070 = CONICAL_SURFACE ( 'NONE', #4308, 0.1476377952519999925, 0.7853981633972997312 ) ;
#6071 = LINE ( 'NONE', #2959, #7053 ) ;
#6072 = VERTEX_POINT ( 'NONE', #8239 ) ;
#6073 = FACE_OUTER_BOUND ( 'NONE', #8368, .T. ) ;
#6074 = CARTESIAN_POINT ( 'NONE',  ( 0.5787401574803000548, -0.01574803149606000124, 0.1469816999198000074 ) ) ;
#6075 = EDGE_CURVE ( 'NONE', #1966, #6001, #7363, .T. ) ;
#6076 = DIRECTION ( 'NONE',  ( -1.000000000000000000, 0.000000000000000000, 0.000000000000000000 ) ) ;
#6077 = CARTESIAN_POINT ( 'NONE',  ( 1.247445148595749176, -0.07258425826477071796, 0.09444883965335035270 ) ) ;
#6078 = CARTESIAN_POINT ( 'NONE',  ( 1.241703678779499720, 0.03091510445189023931, 0.1150361429136075864 ) ) ;
#6079 = FACE_OUTER_BOUND ( 'NONE', #2591, .T. ) ;
#6080 = CARTESIAN_POINT ( 'NONE',  ( 1.056687399953117890, -0.01546115556666761634, 0.1181060755821467523 ) ) ;
#6081 = CARTESIAN_POINT ( 'NONE',  ( 0.6498031496062991463, -0.2755905511811023723, 0.000000000000000000 ) ) ;
#6082 = CARTESIAN_POINT ( 'NONE',  ( 1.175266670905749988, -0.1181102362204999867, -0.01546059376767004723 ) ) ;
#6083 = CARTESIAN_POINT ( 'NONE',  ( 1.220646551401999957, 0.05229147507196999639, -0.09630891637529999383 ) ) ;
#6084 = ORIENTED_EDGE ( 'NONE', *, *, #7195, .T. ) ;
#6085 = DIRECTION ( 'NONE',  ( 0.9990138064662087425, -1.053490780848009857E-08, -0.04440061362072039025 ) ) ;
#6086 = VECTOR ( 'NONE', #2054, 39.37007874015748143 ) ;
#6087 = AXIS2_PLACEMENT_3D ( 'NONE', #1437, #2962, #838 ) ;
#6088 = AXIS2_PLACEMENT_3D ( 'NONE', #6203, #7832, #7887 ) ;
#6089 = ORIENTED_EDGE ( 'NONE', *, *, #3927, .T. ) ;
#6090 = VERTEX_POINT ( 'NONE', #9276 ) ;
#6091 = CARTESIAN_POINT ( 'NONE',  ( 0.6285072769383996949, -0.01574803149606000124, 0.1689872961650000227 ) ) ;
#6092 = CARTESIAN_POINT ( 'NONE',  ( 1.080882771874000170, -0.01997105624482000547, 0.1077541769545000139 ) ) ;
#6093 = CARTESIAN_POINT ( 'NONE',  ( 0.4921259842520000483, 0.000000000000000000, 0.000000000000000000 ) ) ;
#6094 = VERTEX_POINT ( 'NONE', #3835 ) ;
#6095 = CARTESIAN_POINT ( 'NONE',  ( 1.109649873005750020, 0.07258425826477089837, -0.09444883965335022780 ) ) ;
#6096 = B_SPLINE_CURVE_WITH_KNOTS ( 'NONE', 3,
 ( #9985, #6193, #1604, #2353, #7969, #3174, #3232, #4677, #9332, #8728, #9382, #7117, #9430, #4837, #4034, #3987, #8562, #908, #2504, #954, #7770, #184, #7067, #5586, #7923, #4784, #4081, #861, #7877, #6354, #5479, #4887, #1800, #235, #3281, #3931, #134, #4730, #3125, #7824, #2452, #1657, #1001, #6299, #7005, #3326, #76, #1749, #7162, #5530, #9280, #8612, #1702, #7216, #8676, #2559, #6249, #6403, #2404, #9482, #5433, #5644, #1048, #4128, #8514 ),
 .UNSPECIFIED., .F., .F.,
 ( 4, 1, 1, 1, 1, 1, 1, 1, 1, 1, 1, 1, 1, 1, 1, 1, 1, 1, 1, 1, 1, 1, 1, 1, 1, 1, 1, 1, 1, 1, 1, 1, 1, 1, 1, 1, 1, 1, 1, 1, 1, 1, 1, 1, 1, 1, 1, 1, 1, 1, 1, 1, 1, 1, 1, 1, 1, 1, 1, 1, 1, 1, 4 ),
 ( 0.000000000000000000, 0.01249978146952046218, 0.02874978872598078772, 0.04499979598244110285, 0.06124980323890142492, 0.07749981049536174005, 0.09374981775182206212, 0.1099998250082823981, 0.1262498322647427063, 0.1424998395212030144, 0.1587498467776633504, 0.1749998540341236586, 0.1912498612905839945, 0.2074998685470443027, 0.2237498758035046387, 0.2399998830599649469, 0.2562498903164252551, 0.2724998975728856188, 0.2887499048293459269, 0.3049999120858062351, 0.3212499193422665433, 0.3374999265987269070, 0.3537499338551872152, 0.3699999411116475234, 0.3862499483681078316, 0.4024999556245681953, 0.4187499628810285035, 0.4349999701374888117, 0.4512499773939491199, 0.4674999846504094836, 0.4837499919068697918, 0.4999999991633301000, 0.5162500064197904637, 0.5325000136762507719, 0.5487500209327110801, 0.5650000281891713882, 0.5812500354456318075, 0.5975000427020921157, 0.6137500499585524238, 0.6300000572150127320, 0.6462500644714730402, 0.6625000717279333484, 0.6787500789843936566, 0.6950000862408539648, 0.7112500934973143840, 0.7275001007537746922, 0.7437501080102350004, 0.7600001152666953086, 0.7762501225231556168, 0.7925001297796159250, 0.8087501370360762332, 0.8250001442925365414, 0.8412501515489969606, 0.8575001588054572688, 0.8737501660619175770, 0.8900001733183778851, 0.9062501805748381933, 0.9225001878312985015, 0.9387501950877588097, 0.9550002023442191179, 0.9712502096006794261, 0.9875002168571398453, 1.000000000000000000 ),
 .UNSPECIFIED. ) ;
#6097 = AXIS2_PLACEMENT_3D ( 'NONE', #1106, #2779, #8789 ) ;
#6098 = EDGE_CURVE ( 'NONE', #1213, #3293, #4351, .T. ) ;
#6099 = CARTESIAN_POINT ( 'NONE',  ( 1.080910111316427225, -0.05853866469342373924, -0.08629532804222221631 ) ) ;
#6100 = CARTESIAN_POINT ( 'NONE',  ( 1.349228512530000090, -0.1041502681473000097, 0.01265890236404999987 ) ) ;
#6101 = CARTESIAN_POINT ( 'NONE',  ( 0.8464566929133995332, -0.09399477469537993735, -0.1751968503937007815 ) ) ;
#6102 = CARTESIAN_POINT ( 'NONE',  ( 1.318103429493000078, -0.07651842533562992765, 0.06746006643424999616 ) ) ;
#6103 = ORIENTED_EDGE ( 'NONE', *, *, #9940, .T. ) ;
#6104 = VERTEX_POINT ( 'NONE', #5861 ) ;
#6105 = CARTESIAN_POINT ( 'NONE',  ( 0.6102362204723996708, 0.5314960629921000601, 0.3740157480314960647 ) ) ;
#6106 = CARTESIAN_POINT ( 'NONE',  ( 0.4921259842520000483, 0.3543307086614000401, -0.3543307086614000401 ) ) ;
#6107 = VERTEX_POINT ( 'NONE', #5954 ) ;
#6108 = ORIENTED_EDGE ( 'NONE', *, *, #9156, .F. ) ;
#6109 = DIRECTION ( 'NONE',  ( 0.000000000000000000, -1.000000000000000000, 0.000000000000000000 ) ) ;
#6110 = DIRECTION ( 'NONE',  ( 1.000000000000000000, 0.000000000000000000, 0.000000000000000000 ) ) ;
#6111 = ORIENTED_EDGE ( 'NONE', *, *, #7116, .T. ) ;
#6112 = CARTESIAN_POINT ( 'NONE',  ( 1.208949886185999967, -0.07908058356902993025, -0.06754119902232992578 ) ) ;
#6113 = CARTESIAN_POINT ( 'NONE',  ( 1.318652047301000163, 0.1098228713135999957, -0.05178411356853999947 ) ) ;
#6114 = CARTESIAN_POINT ( 'NONE',  ( 0.7280600717204999128, 0.1820907631361000090, 0.08761369760209999913 ) ) ;
#6115 = CARTESIAN_POINT ( 'NONE',  ( 1.000000082603503149, 0.03116626769020664628, -0.1732283464567000442 ) ) ;
#6116 = ORIENTED_EDGE ( 'NONE', *, *, #8599, .F. ) ;
#6117 = CARTESIAN_POINT ( 'NONE',  ( 1.216015036506000069, 0.07755271207417993584, -0.06982877559786003496 ) ) ;
#6118 = ORIENTED_EDGE ( 'NONE', *, *, #9343, .F. ) ;
#6119 = DIRECTION ( 'NONE',  ( 1.000000000000000000, 0.000000000000000000, 0.000000000000000000 ) ) ;
#6120 = VERTEX_POINT ( 'NONE', #2123 ) ;
#6121 = CARTESIAN_POINT ( 'NONE',  ( 1.031496062992000029, -0.09842519685038997324, 1.175253971701999937E-12 ) ) ;
#6122 = VERTEX_POINT ( 'NONE', #8955 ) ;
#6123 = ADVANCED_FACE ( 'NONE', ( #518 ), #3169, .F. ) ;
#6124 = DIRECTION ( 'NONE',  ( 0.000000000000000000, 0.9997541118987406383, 0.02217466440694092211 ) ) ;
#6125 = CARTESIAN_POINT ( 'NONE',  ( 1.286347502322750413, 0.09444883965335013065, 0.07258425826477109266 ) ) ;
#6126 = EDGE_CURVE ( 'NONE', #897, #7649, #6910, .T. ) ;
#6127 = CARTESIAN_POINT ( 'NONE',  ( 0.7280600717204999128, 0.000000000000000000, 0.000000000000000000 ) ) ;
#6128 = CARTESIAN_POINT ( 'NONE',  ( 0.6092519685038996213, 0.000000000000000000, 0.000000000000000000 ) ) ;
#6129 = DIRECTION ( 'NONE',  ( 0.000000000000000000, 0.000000000000000000, -1.000000000000000000 ) ) ;
#6130 = DIRECTION ( 'NONE',  ( 0.9684929325968657521, 0.2490410398105559475, 0.000000000000000000 ) ) ;
#6131 = CARTESIAN_POINT ( 'NONE',  ( 0.4921259842520000483, -0.2716535433071000094, 0.3543307086614000401 ) ) ;
#6132 = LINE ( 'NONE', #4373, #9967 ) ;
#6133 = CONICAL_SURFACE ( 'NONE', #4844, 0.1786918365619999949, 0.3142318990842197790 ) ;
#6134 = DIRECTION ( 'NONE',  ( 0.000000000000000000, -0.8660254037844288266, -0.5000000000000169864 ) ) ;
#6135 = B_SPLINE_CURVE_WITH_KNOTS ( 'NONE', 3,
 ( #7765, #3225, #852, #3018, #4724, #3926, #748, #9183, #6243, #3978, #8557, #6952, #1547, #7818, #3781, #4573, #6293, #8464 ),
 .UNSPECIFIED., .F., .F.,
 ( 4, 2, 2, 2, 2, 2, 2, 2, 4 ),
 ( 0.000000000000000000, 0.1250000000000000000, 0.2500000000000000000, 0.3750000000000000000, 0.5000000000000000000, 0.6250000000000000000, 0.7500000000000000000, 0.8750000000000000000, 1.000000000000000000 ),
 .UNSPECIFIED. ) ;
#6136 = CARTESIAN_POINT ( 'NONE',  ( 1.320876210194000144, -0.07749129636727992987, 0.07749142232388996077 ) ) ;
#6137 = B_SPLINE_CURVE_WITH_KNOTS ( 'NONE', 3,
 ( #2131, #7548, #2850, #9019, #2086, #1378 ),
 .UNSPECIFIED., .F., .F.,
 ( 4, 1, 1, 4 ),
 ( 0.000000000000000000, 0.3333333333333000081, 0.6666666666667000474, 1.000000000000000000 ),
 .UNSPECIFIED. ) ;
#6138 = EDGE_CURVE ( 'NONE', #1465, #6516, #9292, .T. ) ;
#6139 = AXIS2_PLACEMENT_3D ( 'NONE', #8373, #4624, #9328 ) ;
#6140 = CARTESIAN_POINT ( 'NONE',  ( 0.000000000000000000, 0.000000000000000000, -0.1023622047244000105 ) ) ;
#6141 = CARTESIAN_POINT ( 'NONE',  ( 1.123533690509000094, -0.07117253052488996257, 0.08333232648419999777 ) ) ;
#6142 = CARTESIAN_POINT ( 'NONE',  ( 0.6561202481738996894, 0.000000000000000000, 0.000000000000000000 ) ) ;
#6143 = EDGE_CURVE ( 'NONE', #9500, #205, #3980, .T. ) ;
#6144 = CARTESIAN_POINT ( 'NONE',  ( 1.121953022611999584, 0.05948255673673390198, 0.1032031167347791795 ) ) ;
#6145 = AXIS2_PLACEMENT_3D ( 'NONE', #6809, #2822, #1302 ) ;
#6146 = DIRECTION ( 'NONE',  ( 0.000000000000000000, 0.000000000000000000, 1.000000000000000000 ) ) ;
#6147 = CARTESIAN_POINT ( 'NONE',  ( -0.03184567412302000827, -3.848801189043999979E-09, -0.2417915662690000023 ) ) ;
#6148 = CARTESIAN_POINT ( 'NONE',  ( 1.346207732522999967, -0.03061339617533000157, 0.1003511142880000040 ) ) ;
#6149 = CYLINDRICAL_SURFACE ( 'NONE', #3111, 0.1574803149606000263 ) ;
#6150 = VECTOR ( 'NONE', #4709, 39.37007874015748143 ) ;
#6151 = CARTESIAN_POINT ( 'NONE',  ( 1.382932825818999900, 0.09999693341536004809, 0.02016291860522000101 ) ) ;
#6152 = PLANE ( 'NONE',  #7503 ) ;
#6153 = CARTESIAN_POINT ( 'NONE',  ( 1.220034921317000087, -0.1076087138029000051, 0.05482937826992000108 ) ) ;
#6154 = DIRECTION ( 'NONE',  ( 0.000000000000000000, -0.8660254037844288266, -0.5000000000000169864 ) ) ;
#6155 = DIRECTION ( 'NONE',  ( 1.000000000000000000, 0.000000000000000000, 0.000000000000000000 ) ) ;
#6156 = DIRECTION ( 'NONE',  ( -1.000000000000000000, 0.000000000000000000, 0.000000000000000000 ) ) ;
#6157 = ORIENTED_EDGE ( 'NONE', *, *, #1933, .F. ) ;
#6158 = DIRECTION ( 'NONE',  ( 1.000000000000000000, 0.000000000000000000, 0.000000000000000000 ) ) ;
#6159 = CARTESIAN_POINT ( 'NONE',  ( 0.6104330708661004357, 0.3740157480314960647, -0.3740157480314960647 ) ) ;
#6160 = ORIENTED_EDGE ( 'NONE', *, *, #9788, .F. ) ;
#6161 = B_SPLINE_SURFACE_WITH_KNOTS ( 'NONE', 3, 3, ( 
 ( #284, #8826, #4827, #1898 ),
 ( #9376, #7916, #8772, #5692 ),
 ( #2444, #1842, #9423, #8604 ),
 ( #7210, #4932, #1695, #8667 ) ),
 .UNSPECIFIED., .F., .F., .F.,
 ( 4, 4 ),
 ( 4, 4 ),
 ( 0.6601182929569000546, 1.007446311688000140 ),
 ( -0.004854368932039000196, 0.2475728155340000125 ),
 .UNSPECIFIED. ) ;
#6162 = CARTESIAN_POINT ( 'NONE',  ( 0.7095217622487006714, -0.1218478347396999978, 0.08853314063403995571 ) ) ;
#6163 = DIRECTION ( 'NONE',  ( 0.000000000000000000, 0.01754744605140035746, 0.9998460317154204136 ) ) ;
#6164 = CARTESIAN_POINT ( 'NONE',  ( 1.277915409688000103, -0.09641372841431003482, -0.03993587390816000920 ) ) ;
#6165 = ORIENTED_EDGE ( 'NONE', *, *, #6717, .T. ) ;
#6166 = CARTESIAN_POINT ( 'NONE',  ( 1.000000080887000209, -0.09349880026292992086, 0.1732278469391000109 ) ) ;
#6167 = ORIENTED_EDGE ( 'NONE', *, *, #8161, .F. ) ;
#6168 = DIRECTION ( 'NONE',  ( 2.346529024623906194E-07, -0.9999999999999595879, 1.610127770758935952E-07 ) ) ;
#6169 = VERTEX_POINT ( 'NONE', #2019 ) ;
#6170 = CARTESIAN_POINT ( 'NONE',  ( 0.7362204724408996093, -0.09311273659296002980, 0.03557440309001000389 ) ) ;
#6171 = CARTESIAN_POINT ( 'NONE',  ( 0.7248214206942993343, 0.1656791313525999843, 0.1138391515323999986 ) ) ;
#6172 = EDGE_CURVE ( 'NONE', #6342, #1301, #2849, .T. ) ;
#6173 = CARTESIAN_POINT ( 'NONE',  ( 0.6752388305532991408, 0.1674263170509000254, -0.07847936877186004190 ) ) ;
#6174 = CARTESIAN_POINT ( 'NONE',  ( 1.251546198464499993, -0.1150361429136074615, 0.03091510445189059667 ) ) ;
#6175 = CARTESIAN_POINT ( 'NONE',  ( 0.4921259842520000483, 0.2716535433071000094, -0.3543307086614000401 ) ) ;
#6176 = DIRECTION ( 'NONE',  ( 0.000000000000000000, -0.8660254037844288266, -0.5000000000000169864 ) ) ;
#6177 = LINE ( 'NONE', #2388, #3560 ) ;
#6178 = CARTESIAN_POINT ( 'NONE',  ( 1.141170336967999965, -0.1032031167347789991, 0.05948255673673419341 ) ) ;
#6179 = CARTESIAN_POINT ( 'NONE',  ( 1.007957085891577620, 0.09147181321209349458, -0.1652695406896064756 ) ) ;
#6180 = ADVANCED_FACE ( 'NONE', ( #4398 ), #471, .F. ) ;
#6181 = CARTESIAN_POINT ( 'NONE',  ( 1.271827653763999866, 0.07543626803787008284, 0.07949323998367992250 ) ) ;
#6182 = ADVANCED_FACE ( 'NONE', ( #7489 ), #568, .T. ) ;
#6183 = CARTESIAN_POINT ( 'NONE',  ( 0.7362204724408996093, 0.003937007874016000379, -0.2132686289419000181 ) ) ;
#6184 = CARTESIAN_POINT ( 'NONE',  ( 0.6102362204723996708, -0.2716535433071000094, 0.3543307086614000401 ) ) ;
#6185 = CARTESIAN_POINT ( 'NONE',  ( 1.149124241690000048, 0.1092514321174000019, 0.008598274180672008105 ) ) ;
#6186 = FACE_OUTER_BOUND ( 'NONE', #7867, .T. ) ;
#6187 = ORIENTED_EDGE ( 'NONE', *, *, #6499, .T. ) ;
#6188 = CARTESIAN_POINT ( 'NONE',  ( 1.292088972139000091, 0.000000000000000000, 0.1181102362205000006 ) ) ;
#6189 = ADVANCED_FACE ( 'NONE', ( #7668 ), #9746, .T. ) ;
#6190 = CARTESIAN_POINT ( 'NONE',  ( 1.252718893398999889, 0.000000000000000000, 0.1181102362205000006 ) ) ;
#6191 = CARTESIAN_POINT ( 'NONE',  ( 1.339589404917999937, 0.009271783374325000271, 0.1045062686985000072 ) ) ;
#6192 = AXIS2_PLACEMENT_3D ( 'NONE', #5339, #3076, #4786 ) ;
#6193 = CARTESIAN_POINT ( 'NONE',  ( 1.319007008928569702, -0.08417791325751967924, 0.05891435960494328938 ) ) ;
#6194 = CARTESIAN_POINT ( 'NONE',  ( 1.318778735705000038, -0.08378887202073996565, 0.05921336344036003813 ) ) ;
#6195 = EDGE_CURVE ( 'NONE', #7026, #8801, #9776, .T. ) ;
#6196 = CARTESIAN_POINT ( 'NONE',  ( -0.03507965042200000133, 0.000000000000000000, -0.2750715554070999880 ) ) ;
#6197 = CARTESIAN_POINT ( 'NONE',  ( 0.7362204724408996093, 0.000000000000000000, 0.000000000000000000 ) ) ;
#6198 = CARTESIAN_POINT ( 'NONE',  ( 0.8543307029377008588, -0.09046556639711005043, 0.1614173278276999912 ) ) ;
#6199 = VERTEX_POINT ( 'NONE', #8422 ) ;
#6200 = VECTOR ( 'NONE', #1937, 39.37007874015748143 ) ;
#6201 = VECTOR ( 'NONE', #6489, 39.37007874015748143 ) ;
#6202 = DIRECTION ( 'NONE',  ( 1.000000000000000000, 0.000000000000000000, 0.000000000000000000 ) ) ;
#6203 = CARTESIAN_POINT ( 'NONE',  ( 0.5787401574803000548, 0.000000000000000000, 0.000000000000000000 ) ) ;
#6204 = B_SPLINE_CURVE_WITH_KNOTS ( 'NONE', 3,
 ( #4370, #7414, #5071, #491, #9029, #7462 ),
 .UNSPECIFIED., .F., .F.,
 ( 4, 2, 4 ),
 ( 0.000000000000000000, 0.5000000000000000000, 1.000000000000000000 ),
 .UNSPECIFIED. ) ;
#6205 = DIRECTION ( 'NONE',  ( 1.000000000000000000, 0.000000000000000000, 0.000000000000000000 ) ) ;
#6206 = VERTEX_POINT ( 'NONE', #8466 ) ;
#6207 = CIRCLE ( 'NONE', #1536, 0.1220472440945000042 ) ;
#6208 = DIRECTION ( 'NONE',  ( 1.000000000000000000, 0.000000000000000000, 0.000000000000000000 ) ) ;
#6209 = ORIENTED_EDGE ( 'NONE', *, *, #6397, .T. ) ;
#6210 = DIRECTION ( 'NONE',  ( 0.000000000000000000, 0.000000000000000000, 1.000000000000000000 ) ) ;
#6211 = EDGE_LOOP ( 'NONE', ( #7662, #4865, #5607, #3388, #3500, #7283, #6524, #3196 ) ) ;
#6212 = B_SPLINE_CURVE_WITH_KNOTS ( 'NONE', 3,
 ( #5757, #8737, #4043, #4896, #6462, #8123 ),
 .UNSPECIFIED., .F., .F.,
 ( 4, 1, 1, 4 ),
 ( 0.000000000000000000, 0.3333333333333000081, 0.6666666666667000474, 1.000000000000000000 ),
 .UNSPECIFIED. ) ;
#6213 = CARTESIAN_POINT ( 'NONE',  ( 1.282180501552000029, -0.04979507988139000169, -0.09171112839325000488 ) ) ;
#6214 = ORIENTED_EDGE ( 'NONE', *, *, #1485, .F. ) ;
#6215 = B_SPLINE_CURVE_WITH_KNOTS ( 'NONE', 3,
 ( #5687, #4175, #3419, #6490, #9574, #2655, #8822, #1892, #4980, #8445, #1385, #7661, #7050, #5923 ),
 .UNSPECIFIED., .F., .F.,
 ( 4, 1, 1, 1, 1, 1, 1, 1, 1, 1, 1, 4 ),
 ( 0.000000000000000000, 0.09090909090909000956, 0.1818181818182000031, 0.2727272727273000186, 0.3636363636364000063, 0.4545454545454999939, 0.5454545454545000061, 0.6363636363636000493, 0.7272727272726999814, 0.8181818181818000246, 0.9090909090908999568, 1.000000000000000000 ),
 .UNSPECIFIED. ) ;
#6216 = ORIENTED_EDGE ( 'NONE', *, *, #5658, .F. ) ;
#6217 = CARTESIAN_POINT ( 'NONE',  ( 1.222018639409500063, -0.03091510445189051687, -0.1150361429136075309 ) ) ;
#6218 = FACE_OUTER_BOUND ( 'NONE', #1315, .T. ) ;
#6219 = CARTESIAN_POINT ( 'NONE',  ( 0.4921259842520000483, -0.3740157480314960647, -0.5314960629921000601 ) ) ;
#6220 = LINE ( 'NONE', #2284, #1571 ) ;
#6221 = AXIS2_PLACEMENT_3D ( 'NONE', #3800, #4737, #1662 ) ;
#6222 = FACE_OUTER_BOUND ( 'NONE', #2900, .T. ) ;
#6223 = MANIFOLD_SOLID_BREP ( 'c3d-c-users-nlang-nextcloud-desktop-amphenol-projekte-drawings-3d-models-data-surlok-c3d-slpratpsr.stp<1>', #5382 ) ;
#6224 = CARTESIAN_POINT ( 'NONE',  ( 1.381369771492939380, 0.1028821970112884648, -0.01339918126529826385 ) ) ;
#6225 = LINE ( 'NONE', #3212, #3146 ) ;
#6226 = CARTESIAN_POINT ( 'NONE',  ( 1.381889763780000280, 0.01339918127232783349, 0.1023622047232217586 ) ) ;
#6227 = CARTESIAN_POINT ( 'NONE',  ( 1.134608657178000080, 0.000000000000000000, 0.1181102362205000006 ) ) ;
#6228 = EDGE_LOOP ( 'NONE', ( #10004, #6111, #4505, #7468 ) ) ;
#6229 = FACE_OUTER_BOUND ( 'NONE', #4477, .T. ) ;
#6230 = CARTESIAN_POINT ( 'NONE',  ( 1.097824139229000018, 0.09120042074819999234, 0.04981020072462000181 ) ) ;
#6231 = AXIS2_PLACEMENT_3D ( 'NONE', #4894, #7974, #1055 ) ;
#6232 = VERTEX_POINT ( 'NONE', #7237 ) ;
#6233 = CARTESIAN_POINT ( 'NONE',  ( 1.196089935776999846, 0.08144502098066003226, 0.08144515336377008974 ) ) ;
#6234 = CIRCLE ( 'NONE', #4139, 0.1574803149605999708 ) ;
#6235 = ORIENTED_EDGE ( 'NONE', *, *, #6048, .T. ) ;
#6236 = CARTESIAN_POINT ( 'NONE',  ( 0.5841804246273000212, -0.01574803149606000124, 0.1545109335357000291 ) ) ;
#6237 = CARTESIAN_POINT ( 'NONE',  ( 1.155211997615000152, -0.09837167889976004831, 0.03483523850945000055 ) ) ;
#6238 = AXIS2_PLACEMENT_3D ( 'NONE', #2035, #9765, #587 ) ;
#6239 = AXIS2_PLACEMENT_3D ( 'NONE', #2003, #503, #3541 ) ;
#6240 = DIRECTION ( 'NONE',  ( 0.000000000000000000, -0.9122602391622937068, 0.4096111034182968735 ) ) ;
#6241 = EDGE_CURVE ( 'NONE', #6964, #146, #9059, .T. ) ;
#6242 = CARTESIAN_POINT ( 'NONE',  ( 1.108605868987000198, 0.1089889178014000065, -0.01145519685795000180 ) ) ;
#6243 = CARTESIAN_POINT ( 'NONE',  ( 1.342121780537749443, -0.1181102362205000006, -0.01546059376767004723 ) ) ;
#6244 = CARTESIAN_POINT ( 'NONE',  ( 1.163042602934666325, 0.1181102362205010969, -0.02061412502355417647 ) ) ;
#6245 = CARTESIAN_POINT ( 'NONE',  ( 1.047973619356000086, 0.04272635487288999750, -0.09301870540551003541 ) ) ;
#6246 = VECTOR ( 'NONE', #8755, 39.37007874015748143 ) ;
#6247 = CIRCLE ( 'NONE', #7230, 0.1574803149606000263 ) ;
#6248 = CARTESIAN_POINT ( 'NONE',  ( 1.315491635889000088, -0.07472918482929999384, -0.07364155170946004580 ) ) ;
#6249 = CARTESIAN_POINT ( 'NONE',  ( 1.202755934922482561, -0.09924984962422009338, 0.03224823102986000556 ) ) ;
#6250 = ADVANCED_FACE ( 'NONE', ( #206 ), #6425, .F. ) ;
#6251 = CARTESIAN_POINT ( 'NONE',  ( 1.320129348128000091, -0.09563856693327008052, 0.04035046785527000857 ) ) ;
#6252 = EDGE_CURVE ( 'NONE', #619, #209, #3820, .T. ) ;
#6253 = CARTESIAN_POINT ( 'NONE',  ( 0.5787401574803000548, 0.09693842135412991667, 0.07415168411053996156 ) ) ;
#6254 = DIRECTION ( 'NONE',  ( 1.000000000000000000, 0.000000000000000000, 0.000000000000000000 ) ) ;
#6255 = AXIS2_PLACEMENT_3D ( 'NONE', #4358, #6691, #9751 ) ;
#6256 = CARTESIAN_POINT ( 'NONE',  ( 0.7285187645193996753, 0.01502061856554000145, 0.2016627953137999918 ) ) ;
#6257 = AXIS2_PLACEMENT_3D ( 'NONE', #6672, #2061, #6771 ) ;
#6258 = CARTESIAN_POINT ( 'NONE',  ( 1.372480481651604967, -0.08125109852301168334, -0.07988192045526923413 ) ) ;
#6259 = FACE_OUTER_BOUND ( 'NONE', #2734, .T. ) ;
#6260 = ORIENTED_EDGE ( 'NONE', *, *, #2424, .F. ) ;
#6261 = EDGE_LOOP ( 'NONE', ( #8999, #3901 ) ) ;
#6262 = CARTESIAN_POINT ( 'NONE',  ( -0.07814960629921002822, 0.000000000000000000, 0.000000000000000000 ) ) ;
#6263 = VERTEX_POINT ( 'NONE', #1116 ) ;
#6264 = CARTESIAN_POINT ( 'NONE',  ( 0.5866141732283000065, 0.000000000000000000, 0.000000000000000000 ) ) ;
#6265 = ORIENTED_EDGE ( 'NONE', *, *, #6819, .T. ) ;
#6266 = CARTESIAN_POINT ( 'NONE',  ( 1.200777333113000056, 0.01714353714179999918, -0.1082400335958999954 ) ) ;
#6267 = ORIENTED_EDGE ( 'NONE', *, *, #8169, .F. ) ;
#6268 = DIRECTION ( 'NONE',  ( 1.000000000000000000, -4.627282139666000278E-10, 2.934107983050999740E-13 ) ) ;
#6269 = EDGE_LOOP ( 'NONE', ( #7851, #2523, #8901, #1510, #2774, #1963 ) ) ;
#6270 = CARTESIAN_POINT ( 'NONE',  ( 1.314168690528000116, -0.1018014538566000132, 0.01069976395653000033 ) ) ;
#6271 = EDGE_LOOP ( 'NONE', ( #7269, #2903, #9002, #2200 ) ) ;
#6272 = CARTESIAN_POINT ( 'NONE',  ( 1.217917589540749912, -0.09444883965335029719, -0.07258425826477082898 ) ) ;
#6273 = DIRECTION ( 'NONE',  ( 1.000000000000000000, 0.000000000000000000, 0.000000000000000000 ) ) ;
#6274 = CARTESIAN_POINT ( 'NONE',  ( 1.291268762165250328, 0.01546059376766942793, 0.1181102362205000839 ) ) ;
#6275 = DIRECTION ( 'NONE',  ( 0.000000000000000000, 0.000000000000000000, -1.000000000000000000 ) ) ;
#6276 = ORIENTED_EDGE ( 'NONE', *, *, #951, .T. ) ;
#6277 = CARTESIAN_POINT ( 'NONE',  ( 1.562992125983999836, 0.000000000000000000, 0.000000000000000000 ) ) ;
#6278 = CARTESIAN_POINT ( 'NONE',  ( 0.6104330708661004357, -0.5314960629921000601, -0.3740157480314960647 ) ) ;
#6279 = EDGE_CURVE ( 'NONE', #986, #3295, #600, .T. ) ;
#6280 = CARTESIAN_POINT ( 'NONE',  ( 1.148701277497000017, 0.09533529053063996561, 0.04244600606646999758 ) ) ;
#6281 = CARTESIAN_POINT ( 'NONE',  ( 1.293510743734999968, 0.09890783045037992993, 0.03213710226366000428 ) ) ;
#6282 = DIRECTION ( 'NONE',  ( -1.000000000000000000, 0.000000000000000000, 0.000000000000000000 ) ) ;
#6283 = CARTESIAN_POINT ( 'NONE',  ( 1.096058788411749862, -0.01546059376766992580, 0.1181102362205000422 ) ) ;
#6284 = ORIENTED_EDGE ( 'NONE', *, *, #1678, .T. ) ;
#6285 = DIRECTION ( 'NONE',  ( -1.000000000000000000, 0.000000000000000000, 0.000000000000000000 ) ) ;
#6286 = CARTESIAN_POINT ( 'NONE',  ( 1.118711168866000083, -0.08003099185363996004, -0.06628433588562993029 ) ) ;
#6287 = CARTESIAN_POINT ( 'NONE',  ( 1.266528626344000097, 0.09266276053095000298, 0.04721403471093000431 ) ) ;
#6288 = EDGE_LOOP ( 'NONE', ( #4854, #409, #6165, #4169 ) ) ;
#6289 = CARTESIAN_POINT ( 'NONE',  ( 1.047972090759142549, 0.1155665097758615256, 0.02212359171571211605 ) ) ;
#6290 = CARTESIAN_POINT ( 'NONE',  ( 1.082705435935000127, -0.08279234553396004614, -0.06352880112627991294 ) ) ;
#6291 = DIRECTION ( 'NONE',  ( 0.000000000000000000, 0.000000000000000000, 1.000000000000000000 ) ) ;
#6292 = CARTESIAN_POINT ( 'NONE',  ( 1.120367209020999955, -0.06754119902156004163, 0.07908058356911004672 ) ) ;
#6293 = CARTESIAN_POINT ( 'NONE',  ( 1.332279260852750058, -0.01546059376766992580, 0.1181102362205000422 ) ) ;
#6294 = CARTESIAN_POINT ( 'NONE',  ( 1.319976111246499606, 0.1150361429136075309, -0.03091510445189034686 ) ) ;
#6295 = CARTESIAN_POINT ( 'NONE',  ( -0.03184567412300000344, 0.000000000000000000, 0.000000000000000000 ) ) ;
#6296 = CARTESIAN_POINT ( 'NONE',  ( 1.091353626134488941, 0.09150479627649518721, -0.05000531136191048442 ) ) ;
#6297 = CARTESIAN_POINT ( 'NONE',  ( 1.361277397044000192, 0.02403804991691000162, -0.1021258944721999962 ) ) ;
#6298 = CARTESIAN_POINT ( 'NONE',  ( 0.5810294838684999519, -0.1242893722145000102, -0.08994276295236004748 ) ) ;
#6299 = CARTESIAN_POINT ( 'NONE',  ( 1.230479032035482367, 0.05910872053913996532, 0.08600372205772992273 ) ) ;
#6300 = CARTESIAN_POINT ( 'NONE',  ( 1.321945217193000177, -0.08829375459618994670, 0.06239695146062008285 ) ) ;
#6301 = DIRECTION ( 'NONE',  ( 1.000000000000000000, 0.000000000000000000, 0.000000000000000000 ) ) ;
#6302 = CARTESIAN_POINT ( 'NONE',  ( 1.136264291282000016, -0.1192851781487999918, -0.01889291618010999901 ) ) ;
#6303 = CARTESIAN_POINT ( 'NONE',  ( 0.8661416946048996479, 0.09349873698068995875, 0.1732283294671000395 ) ) ;
#6304 = CARTESIAN_POINT ( 'NONE',  ( 0.6804168098318996716, -0.1153298400433000054, -0.08476997464151003747 ) ) ;
#6305 = DIRECTION ( 'NONE',  ( 0.000000000000000000, -1.000000000000000000, 0.000000000000000000 ) ) ;
#6306 = ORIENTED_EDGE ( 'NONE', *, *, #9905, .F. ) ;
#6307 = ORIENTED_EDGE ( 'NONE', *, *, #3972, .T. ) ;
#6308 = CARTESIAN_POINT ( 'NONE',  ( 0.7308438124327991670, 0.1687570683619000200, -0.1134668763980999917 ) ) ;
#6309 = ORIENTED_EDGE ( 'NONE', *, *, #723, .T. ) ;
#6310 = EDGE_CURVE ( 'NONE', #1719, #4637, #4303, .T. ) ;
#6311 = CARTESIAN_POINT ( 'NONE',  ( 1.330119746287239169, -0.04164225703496000214, -0.09629874261107007616 ) ) ;
#6312 = EDGE_CURVE ( 'NONE', #3288, #4183, #5272, .T. ) ;
#6313 = CARTESIAN_POINT ( 'NONE',  ( 1.335174864495793479, 0.07935272260502522490, 0.06864057614980288713 ) ) ;
#6314 = TOROIDAL_SURFACE ( 'NONE', #2932, 0.1478229366753000262, 0.007874015748031005027 ) ;
#6315 = ORIENTED_EDGE ( 'NONE', *, *, #9401, .T. ) ;
#6316 = EDGE_CURVE ( 'NONE', #7023, #96, #9447, .T. ) ;
#6317 = LINE ( 'NONE', #5447, #9207 ) ;
#6318 = VERTEX_POINT ( 'NONE', #4857 ) ;
#6319 = ORIENTED_EDGE ( 'NONE', *, *, #5007, .T. ) ;
#6320 = VERTEX_POINT ( 'NONE', #6473 ) ;
#6321 = CYLINDRICAL_SURFACE ( 'NONE', #7351, 0.2755905511811023723 ) ;
#6322 = CARTESIAN_POINT ( 'NONE',  ( 1.243696583687749602, 0.1181102362204999728, 0.01546059376767032305 ) ) ;
#6323 = ORIENTED_EDGE ( 'NONE', *, *, #6098, .T. ) ;
#6324 = CARTESIAN_POINT ( 'NONE',  ( 1.309903598665000279, -0.07379186162582992980, 0.07379198156927008201 ) ) ;
#6325 = ORIENTED_EDGE ( 'NONE', *, *, #4973, .T. ) ;
#6326 = ADVANCED_FACE ( 'NONE', ( #5668 ), #8748, .T. ) ;
#6327 = CARTESIAN_POINT ( 'NONE',  ( 0.5819715378862000410, -0.01574803149606000124, 0.1534166229402000037 ) ) ;
#6328 = CARTESIAN_POINT ( 'NONE',  ( 1.369117699116000120, 0.1027541902484000180, -0.01932274896823000035 ) ) ;
#6329 = EDGE_CURVE ( 'NONE', #4637, #411, #7989, .T. ) ;
#6330 = DIRECTION ( 'NONE',  ( 0.000000000000000000, 0.000000000000000000, 1.000000000000000000 ) ) ;
#6331 = CARTESIAN_POINT ( 'NONE',  ( 1.204326504946749754, 0.1181102362204999728, 0.01546059376767032305 ) ) ;
#6332 = ORIENTED_EDGE ( 'NONE', *, *, #8516, .F. ) ;
#6333 = B_SPLINE_CURVE_WITH_KNOTS ( 'NONE', 3,
 ( #4417, #9814, #2905, #6748, #8307, #3765, #4366, #9719, #1387, #8400, #6018, #2856, #8259, #1288 ),
 .UNSPECIFIED., .F., .F.,
 ( 4, 1, 1, 1, 1, 1, 1, 1, 1, 1, 1, 4 ),
 ( 0.000000000000000000, 0.09090909090909000956, 0.1818181818182000031, 0.2727272727273000186, 0.3636363636364000063, 0.4545454545454999939, 0.5454545454545000061, 0.6363636363636000493, 0.7272727272726999814, 0.8181818181818000246, 0.9090909090908999568, 1.000000000000000000 ),
 .UNSPECIFIED. ) ;
#6334 = CARTESIAN_POINT ( 'NONE',  ( 0.5511811023621999706, 0.000000000000000000, 0.000000000000000000 ) ) ;
#6335 = LINE ( 'NONE', #9410, #1324 ) ;
#6336 = CARTESIAN_POINT ( 'NONE',  ( 1.127375818178999900, -0.1030726540388999940, -0.01632510462271000162 ) ) ;
#6337 = VERTEX_POINT ( 'NONE', #4959 ) ;
#6338 = DIRECTION ( 'NONE',  ( 0.000000000000000000, 0.4727657974777818572, -0.8811881188118667607 ) ) ;
#6339 = CARTESIAN_POINT ( 'NONE',  ( 1.193037887003666420, 0.1181102362205011247, -0.02061412502355417994 ) ) ;
#6340 = AXIS2_PLACEMENT_3D ( 'NONE', #809, #9092, #9136 ) ;
#6341 = CARTESIAN_POINT ( 'NONE',  ( 1.154293696547999959, 0.000000000000000000, -0.1181102362205000006 ) ) ;
#6342 = VERTEX_POINT ( 'NONE', #2692 ) ;
#6343 = DIRECTION ( 'NONE',  ( 0.000000000000000000, -0.07507063207344917555, -0.9971782188756896925 ) ) ;
#6344 = CARTESIAN_POINT ( 'NONE',  ( 1.147953010358000014, -0.06256740945246004604, 0.08296922390432008576 ) ) ;
#6345 = CARTESIAN_POINT ( 'NONE',  ( 1.319842274636999990, -0.09386696909021005619, 0.04477182368245000155 ) ) ;
#6346 = CARTESIAN_POINT ( 'NONE',  ( 1.110428533047999933, -0.03739837169672000083, 0.09742608914448995516 ) ) ;
#6347 = B_SPLINE_CURVE_WITH_KNOTS ( 'NONE', 3,
 ( #399, #5841, #602, #1243, #9922, #6901 ),
 .UNSPECIFIED., .F., .F.,
 ( 4, 1, 1, 4 ),
 ( 0.000000000000000000, 0.3333333333333000081, 0.6666666666667000474, 1.000000000000000000 ),
 .UNSPECIFIED. ) ;
#6348 = ORIENTED_EDGE ( 'NONE', *, *, #7999, .F. ) ;
#6349 = CARTESIAN_POINT ( 'NONE',  ( 1.366141732283000065, 0.08034203920182007852, 0.08657473440298996126 ) ) ;
#6350 = CARTESIAN_POINT ( 'NONE',  ( 1.068087496283000037, 0.1050763424652000066, -0.03112503033931000168 ) ) ;
#6351 = FACE_OUTER_BOUND ( 'NONE', #3309, .T. ) ;
#6352 = FACE_OUTER_BOUND ( 'NONE', #3949, .T. ) ;
#6353 = CARTESIAN_POINT ( 'NONE',  ( 1.284558254536000144, -0.03125811517097000503, 0.1166568739668999988 ) ) ;
#6354 = CARTESIAN_POINT ( 'NONE',  ( 1.260334675079482381, 0.08897936835737992045, -0.05452662705760003004 ) ) ;
#6355 = CARTESIAN_POINT ( 'NONE',  ( 1.158956722324364197, -0.05452662705760000228, 0.08897936835737992045 ) ) ;
#6356 = CARTESIAN_POINT ( 'NONE',  ( 0.5802225801515999981, -0.1234688302211000011, 0.08946902281160000470 ) ) ;
#6357 = CARTESIAN_POINT ( 'NONE',  ( 1.078685551124000108, 0.1115788553297999974, 0.04621747528864000171 ) ) ;
#6358 = FACE_OUTER_BOUND ( 'NONE', #7133, .T. ) ;
#6359 = CARTESIAN_POINT ( 'NONE',  ( 0.7285187739042991995, -0.1671347988300000142, -0.1138396339179000016 ) ) ;
#6360 = ORIENTED_EDGE ( 'NONE', *, *, #385, .T. ) ;
#6361 = CARTESIAN_POINT ( 'NONE',  ( 1.011811083030000002, -0.09046570508707006686, 0.1614166136835000209 ) ) ;
#6362 = CARTESIAN_POINT ( 'NONE',  ( 1.359272633524793772, -0.01603330607073878353, -0.1036885546952971693 ) ) ;
#6363 = ORIENTED_EDGE ( 'NONE', *, *, #1050, .T. ) ;
#6364 = CARTESIAN_POINT ( 'NONE',  ( 1.392432270284000184, 0.1161258452414000025, 0.02341507769882000128 ) ) ;
#6365 = ORIENTED_EDGE ( 'NONE', *, *, #2800, .T. ) ;
#6366 = VERTEX_POINT ( 'NONE', #5775 ) ;
#6367 = AXIS2_PLACEMENT_3D ( 'NONE', #8158, #4327, #6659 ) ;
#6368 = EDGE_CURVE ( 'NONE', #3450, #205, #1073, .T. ) ;
#6369 = EDGE_CURVE ( 'NONE', #1792, #362, #4456, .T. ) ;
#6370 = DIRECTION ( 'NONE',  ( 1.000000000000000000, 0.000000000000000000, 0.000000000000000000 ) ) ;
#6371 = ORIENTED_EDGE ( 'NONE', *, *, #4339, .F. ) ;
#6372 =( NAMED_UNIT ( * ) SI_UNIT ( $, .STERADIAN. ) SOLID_ANGLE_UNIT ( ) );
#6373 = CARTESIAN_POINT ( 'NONE',  ( 1.312036144595999820, -0.09419155717462007749, 0.04492664279108000286 ) ) ;
#6374 = AXIS2_PLACEMENT_3D ( 'NONE', #2982, #7630, #709 ) ;
#6375 = FACE_OUTER_BOUND ( 'NONE', #4856, .T. ) ;
#6376 = ORIENTED_EDGE ( 'NONE', *, *, #3242, .T. ) ;
#6377 = LINE ( 'NONE', #264, #6670 ) ;
#6378 = CARTESIAN_POINT ( 'NONE',  ( 0.7362204724408996093, -0.003937007874016000379, 0.2132686289419000181 ) ) ;
#6379 = VERTEX_POINT ( 'NONE', #5403 ) ;
#6380 = CARTESIAN_POINT ( 'NONE',  ( 1.167894190882999839, -0.09837167890033997331, -0.03483523850896000362 ) ) ;
#6381 = CARTESIAN_POINT ( 'NONE',  ( 0.3937007874016000275, 0.000000000000000000, 0.000000000000000000 ) ) ;
#6382 = EDGE_CURVE ( 'NONE', #8644, #9098, #4654, .T. ) ;
#6383 = CARTESIAN_POINT ( 'NONE',  ( 1.163629099018999913, -0.09837167889976004831, 0.03483523850945000055 ) ) ;
#6384 = CARTESIAN_POINT ( 'NONE',  ( 0.9842519685038996213, 0.09399477469537993735, -0.1751968503937007815 ) ) ;
#6385 = AXIS2_PLACEMENT_3D ( 'NONE', #5814, #1868, #6523 ) ;
#6386 = DIRECTION ( 'NONE',  ( 0.000000000000000000, 0.000000000000000000, 1.000000000000000000 ) ) ;
#6387 = CARTESIAN_POINT ( 'NONE',  ( 1.223659059357000034, 0.000000000000000000, -0.1181102362205000006 ) ) ;
#6388 = PLANE ( 'NONE',  #7054 ) ;
#6389 = CARTESIAN_POINT ( 'NONE',  ( 1.120799871830000072, -0.05393717294245000543, -0.08882203676932991232 ) ) ;
#6390 = CARTESIAN_POINT ( 'NONE',  ( 1.321974820569000064, -0.1014506417467999910, 0.01066289211801000128 ) ) ;
#6391 = TOROIDAL_SURFACE ( 'NONE', #2027, 0.2133049650658000174, 0.01181102362204999867 ) ;
#6392 = CARTESIAN_POINT ( 'NONE',  ( 1.142416722024000020, 0.07569823244745001178, 0.07183494035557008717 ) ) ;
#6393 = VERTEX_POINT ( 'NONE', #6796 ) ;
#6394 = CARTESIAN_POINT ( 'NONE',  ( 1.363642125277333195, 0.1099096124495776289, 0.04924323010450095545 ) ) ;
#6395 = CARTESIAN_POINT ( 'NONE',  ( 1.109704479362000118, 0.08721993374029998747, 0.05664128724913000679 ) ) ;
#6396 = CARTESIAN_POINT ( 'NONE',  ( 1.299703911158391678, 0.02436210202279590759, 0.1014754567805845609 ) ) ;
#6397 = EDGE_CURVE ( 'NONE', #85, #2187, #2782, .T. ) ;
#6398 = AXIS2_PLACEMENT_3D ( 'NONE', #3666, #3717, #7502 ) ;
#6399 = CARTESIAN_POINT ( 'NONE',  ( 1.167417056127999953, 0.1022864650138999992, 0.05905511811023995972 ) ) ;
#6400 = CARTESIAN_POINT ( 'NONE',  ( 1.322944081308000230, -0.01262411928322000089, 0.1201104898106000046 ) ) ;
#6401 = AXIS2_PLACEMENT_3D ( 'NONE', #3655, #4547, #4222 ) ;
#6402 = CIRCLE ( 'NONE', #922, 0.1535433070865999949 ) ;
#6403 = CARTESIAN_POINT ( 'NONE',  ( 1.200623388990482487, -0.08279234551820000010, 0.06352880097637007839 ) ) ;
#6404 = AXIS2_PLACEMENT_3D ( 'NONE', #4380, #1355, #9638 ) ;
#6405 = CARTESIAN_POINT ( 'NONE',  ( 1.082185068781364112, -0.07935404094595001345, 0.06777475368538998790 ) ) ;
#6406 = CARTESIAN_POINT ( 'NONE',  ( 1.359685684703176189, 0.03334392839951295928, 0.1150828265782019993 ) ) ;
#6407 = CARTESIAN_POINT ( 'NONE',  ( 1.093613372646000004, -0.1127504526618000047, 0.04328084371084000431 ) ) ;
#6408 = DIRECTION ( 'NONE',  ( 1.000000000000000000, 0.000000000000000000, 0.000000000000000000 ) ) ;
#6409 = AXIS2_PLACEMENT_3D ( 'NONE', #5507, #8587, #161 ) ;
#6410 = DIRECTION ( 'NONE',  ( 1.000000000000000000, 0.000000000000000000, 0.000000000000000000 ) ) ;
#6411 = CONICAL_SURFACE ( 'NONE', #1572, 0.1397637795276000239, 0.2516899717581221885 ) ;
#6412 = EDGE_LOOP ( 'NONE', ( #8816, #8736, #6972, #3346 ) ) ;
#6413 = LINE ( 'NONE', #8025, #8675 ) ;
#6414 = DIRECTION ( 'NONE',  ( 0.000000000000000000, 0.000000000000000000, 1.000000000000000000 ) ) ;
#6415 = ORIENTED_EDGE ( 'NONE', *, *, #5884, .F. ) ;
#6416 = CIRCLE ( 'NONE', #620, 0.2417915662690000023 ) ;
#6417 = TOROIDAL_SURFACE ( 'NONE', #6257, 0.09055118110236003159, 0.01181102362204999867 ) ;
#6418 = CARTESIAN_POINT ( 'NONE',  ( 1.263029138097000015, 0.000000000000000000, -0.1181102362205000006 ) ) ;
#6419 = ORIENTED_EDGE ( 'NONE', *, *, #3498, .F. ) ;
#6420 = ORIENTED_EDGE ( 'NONE', *, *, #9071, .F. ) ;
#6421 = ORIENTED_EDGE ( 'NONE', *, *, #2168, .F. ) ;
#6422 = ORIENTED_EDGE ( 'NONE', *, *, #4531, .F. ) ;
#6423 = DIRECTION ( 'NONE',  ( 1.000000000000000000, 0.000000000000000000, 0.000000000000000000 ) ) ;
#6424 = VERTEX_POINT ( 'NONE', #1383 ) ;
#6425 = CYLINDRICAL_SURFACE ( 'NONE', #9449, 0.01181102362205004204 ) ;
#6426 = CARTESIAN_POINT ( 'NONE',  ( 1.307827593894000051, -0.09419155717462007749, 0.04492664279108000286 ) ) ;
#6427 = AXIS2_PLACEMENT_3D ( 'NONE', #9971, #8213, #9918 ) ;
#6428 = VERTEX_POINT ( 'NONE', #4555 ) ;
#6429 = CARTESIAN_POINT ( 'NONE',  ( 1.382773101564999996, -0.04224799736714000831, 0.09376590959866004660 ) ) ;
#6430 = CARTESIAN_POINT ( 'NONE',  ( -0.03149606299213000143, 0.000000000000000000, 0.000000000000000000 ) ) ;
#6431 = CARTESIAN_POINT ( 'NONE',  ( 1.116555611816000049, -0.02426077261163000001, -0.1125041091609999960 ) ) ;
#6432 = CARTESIAN_POINT ( 'NONE',  ( 1.224011544317291422, -0.1181102362205000006, -0.01546059376767004723 ) ) ;
#6433 = ORIENTED_EDGE ( 'NONE', *, *, #546, .T. ) ;
#6434 = VECTOR ( 'NONE', #9731, 39.37007874015748143 ) ;
#6435 = CYLINDRICAL_SURFACE ( 'NONE', #169, 0.01181102362205004204 ) ;
#6436 = ORIENTED_EDGE ( 'NONE', *, *, #5560, .T. ) ;
#6437 = CARTESIAN_POINT ( 'NONE',  ( 1.065531986158000155, 0.1000599975330000030, -0.02963912128933999732 ) ) ;
#6438 = CARTESIAN_POINT ( 'NONE',  ( 1.309860262545000209, -0.1002409750077000034, 0.02217210234184000331 ) ) ;
#6439 = DIRECTION ( 'NONE',  ( 1.000000000000000000, 0.000000000000000000, 0.000000000000000000 ) ) ;
#6440 = CARTESIAN_POINT ( 'NONE',  ( 0.5810295054656000602, 0.1400374193108999965, 0.06266638128882007219 ) ) ;
#6441 = CARTESIAN_POINT ( 'NONE',  ( 1.275669781433999894, -0.02700970012306000076, 0.1008015731564999989 ) ) ;
#6442 = CARTESIAN_POINT ( 'NONE',  ( 1.102001545156999995, 0.04087043488216000192, 0.09554151136243996256 ) ) ;
#6443 = CARTESIAN_POINT ( 'NONE',  ( 1.270793718206999934, 0.04229973533675999986, 0.09500676109277993164 ) ) ;
#6444 = ADVANCED_FACE ( 'NONE', ( #6016 ), #7748, .T. ) ;
#6445 = ADVANCED_FACE ( 'NONE', ( #9113 ), #727, .F. ) ;
#6446 = CARTESIAN_POINT ( 'NONE',  ( 0.6284087203132993071, 0.1384454138115999988, -0.09811575737909999928 ) ) ;
#6447 = CARTESIAN_POINT ( 'NONE',  ( 1.123223808638000198, -0.06982877559786003496, -0.07755271207417993584 ) ) ;
#6448 = VERTEX_POINT ( 'NONE', #2326 ) ;
#6449 = CARTESIAN_POINT ( 'NONE',  ( 1.352393893751832943, 0.02355824101835441928, -0.1181102362204999728 ) ) ;
#6450 = CARTESIAN_POINT ( 'NONE',  ( 1.103306841566999985, 0.09386692666325001377, -0.04477222734793999404 ) ) ;
#6451 = CARTESIAN_POINT ( 'NONE',  ( 1.259185538455391606, 0.04244659015975598554, 0.09533660242565415721 ) ) ;
#6452 = CARTESIAN_POINT ( 'NONE',  ( 0.5986837114371004187, 0.01574803149606000124, 0.1592489208917999832 ) ) ;
#6453 = CARTESIAN_POINT ( 'NONE',  ( 1.325076627239999860, -0.05199372541013000393, 0.1090070711284999994 ) ) ;
#6454 = EDGE_CURVE ( 'NONE', #37, #5350, #6234, .T. ) ;
#6455 = CARTESIAN_POINT ( 'NONE',  ( 1.120570895553364199, -0.06777475368537011491, 0.07935404094590001178 ) ) ;
#6456 = CARTESIAN_POINT ( 'NONE',  ( 1.357788271664828628, 0.06637911483702048365, 0.1001928896786200701 ) ) ;
#6457 = CARTESIAN_POINT ( 'NONE',  ( 1.144794475009000001, -0.006320722445972008427, -0.1206065689567999977 ) ) ;
#6458 = CARTESIAN_POINT ( 'NONE',  ( 0.4921259842520000483, 0.5314960629921000601, 0.3740157480314960647 ) ) ;
#6459 = CARTESIAN_POINT ( 'NONE',  ( 1.075553539067999997, 0.000000000000000000, -0.1181102362205000006 ) ) ;
#6460 = AXIS2_PLACEMENT_3D ( 'NONE', #4759, #7097, #164 ) ;
#6461 = VERTEX_POINT ( 'NONE', #2279 ) ;
#6462 = CARTESIAN_POINT ( 'NONE',  ( 0.8647971755392991344, -0.09315906177943997224, 0.1718838003608000042 ) ) ;
#6463 = DIRECTION ( 'NONE',  ( 1.000000000000000000, 0.000000000000000000, 0.000000000000000000 ) ) ;
#6464 = FACE_OUTER_BOUND ( 'NONE', #5542, .T. ) ;
#6465 = VECTOR ( 'NONE', #3064, 39.37007874015748143 ) ;
#6466 = CARTESIAN_POINT ( 'NONE',  ( 1.335706548498999835, -0.1014399125548000047, -0.06512326872483996387 ) ) ;
#6467 = ORIENTED_EDGE ( 'NONE', *, *, #70, .F. ) ;
#6468 = ORIENTED_EDGE ( 'NONE', *, *, #4397, .F. ) ;
#6469 = VERTEX_POINT ( 'NONE', #834 ) ;
#6470 = VERTEX_POINT ( 'NONE', #1338 ) ;
#6471 = CARTESIAN_POINT ( 'NONE',  ( 0.5787401574803000548, -0.1351639017700000112, -0.05985265462468995767 ) ) ;
#6472 = ORIENTED_EDGE ( 'NONE', *, *, #7116, .F. ) ;
#6473 = CARTESIAN_POINT ( 'NONE',  ( 0.5787401574803000548, -0.01574803149606000124, 0.1210269775506999934 ) ) ;
#6474 = CARTESIAN_POINT ( 'NONE',  ( 1.252381399668999862, 0.1034646750344000027, 0.01362138288035000082 ) ) ;
#6475 = ORIENTED_EDGE ( 'NONE', *, *, #8536, .T. ) ;
#6476 = AXIS2_PLACEMENT_3D ( 'NONE', #5472, #6850, #4620 ) ;
#6477 = CARTESIAN_POINT ( 'NONE',  ( 1.381166583630000000, -0.01730222036598999882, 0.1031133665371000013 ) ) ;
#6478 = CARTESIAN_POINT ( 'NONE',  ( 1.041362305123999965, 0.03985933084367000029, -0.1079674159687000062 ) ) ;
#6479 = CARTESIAN_POINT ( 'NONE',  ( 1.224831754291082930, -0.1150361429136074476, -0.03091510445189083259 ) ) ;
#6480 = ORIENTED_EDGE ( 'NONE', *, *, #6770, .F. ) ;
#6481 = DIRECTION ( 'NONE',  ( 1.000000000000000000, 0.000000000000000000, 0.000000000000000000 ) ) ;
#6482 = CARTESIAN_POINT ( 'NONE',  ( 1.131640910042999826, -0.06982877559786003496, -0.07755271207417993584 ) ) ;
#6483 = CARTESIAN_POINT ( 'NONE',  ( 1.238064549508999912, -0.06544796599128996362, -0.08082150710363995849 ) ) ;
#6484 = DIRECTION ( 'NONE',  ( 0.000000000000000000, -1.000000000000000000, 0.000000000000000000 ) ) ;
#6485 = DIRECTION ( 'NONE',  ( 1.000000000000000000, 0.000000000000000000, 0.000000000000000000 ) ) ;
#6486 = CARTESIAN_POINT ( 'NONE',  ( 1.209560857549000001, -0.07935404094582007573, -0.06777475368613995743 ) ) ;
#6487 = CARTESIAN_POINT ( 'NONE',  ( 1.153141340724000097, -0.1004845538542000066, -0.04351788006414000071 ) ) ;
#6488 = CARTESIAN_POINT ( 'NONE',  ( 1.285721539729000273, -0.09608148263394998556, -0.03979825319989999111 ) ) ;
#6489 = DIRECTION ( 'NONE',  ( 1.000000000000000000, 0.000000000000000000, 0.000000000000000000 ) ) ;
#6490 = CARTESIAN_POINT ( 'NONE',  ( 0.7277939874142007604, -0.1262036330081000024, -0.09052634868780001787 ) ) ;
#6491 = CARTESIAN_POINT ( 'NONE',  ( 1.084894523028000046, 0.01090832572257000033, -0.1037857865099000160 ) ) ;
#6492 = ORIENTED_EDGE ( 'NONE', *, *, #5009, .T. ) ;
#6493 = VECTOR ( 'NONE', #8329, 39.37007874015748143 ) ;
#6494 = DIRECTION ( 'NONE',  ( 1.000000000000000000, 0.000000000000000000, 0.000000000000000000 ) ) ;
#6495 = CARTESIAN_POINT ( 'NONE',  ( 1.137427576475000146, 0.02953698447650000142, -0.09971518846662992541 ) ) ;
#6496 = CARTESIAN_POINT ( 'NONE',  ( 1.074380844134499968, 0.1150361429136075864, -0.03091510445189034686 ) ) ;
#6497 = B_SPLINE_CURVE_WITH_KNOTS ( 'NONE', 3,
 ( #7464, #2817, #543, #5978, #2098, #3629, #2866, #9079, #4424, #2147, #5232, #2194, #1395, #4473 ),
 .UNSPECIFIED., .F., .F.,
 ( 4, 1, 1, 1, 1, 1, 1, 1, 1, 1, 1, 4 ),
 ( 0.000000000000000000, 0.09090909090909000956, 0.1818181818182000031, 0.2727272727273000186, 0.3636363636364000063, 0.4545454545454999939, 0.5454545454545000061, 0.6363636363636000493, 0.7272727272726999814, 0.8181818181818000246, 0.9090909090908999568, 1.000000000000000000 ),
 .UNSPECIFIED. ) ;
#6498 = ADVANCED_FACE ( 'NONE', ( #8150 ), #5122, .T. ) ;
#6499 = EDGE_CURVE ( 'NONE', #2460, #3208, #4221, .T. ) ;
#6500 = CARTESIAN_POINT ( 'NONE',  ( 0.7355155426311004163, -0.1768889817957000066, 0.1115214455381000058 ) ) ;
#6501 = CARTESIAN_POINT ( 'NONE',  ( 1.273895524877000085, 0.1197388609877000076, 0.01576392010729999946 ) ) ;
#6502 = ORIENTED_EDGE ( 'NONE', *, *, #2160, .T. ) ;
#6503 = CARTESIAN_POINT ( 'NONE',  ( 1.144028900802364301, 0.1008015731564999989, -0.02700970012306001464 ) ) ;
#6504 = CARTESIAN_POINT ( 'NONE',  ( 0.6498031496062991463, 0.5314960629921000601, 0.3740157480314960647 ) ) ;
#6505 = CARTESIAN_POINT ( 'NONE',  ( 1.191710485506999984, 0.1103307950784999936, -0.04912243690561000214 ) ) ;
#6506 = CARTESIAN_POINT ( 'NONE',  ( 0.5810295054656000602, 0.01574803149606000124, 0.1526091532480000068 ) ) ;
#6507 = ADVANCED_FACE ( 'NONE', ( #5830 ), #9761, .T. ) ;
#6508 = CARTESIAN_POINT ( 'NONE',  ( 0.8543306602647993131, 0.09046553671456003531, 0.1614172985173000230 ) ) ;
#6509 = ORIENTED_EDGE ( 'NONE', *, *, #1986, .T. ) ;
#6510 = CARTESIAN_POINT ( 'NONE',  ( 0.6102362204723996708, 0.2755905511811023723, 0.000000000000000000 ) ) ;
#6511 = FACE_OUTER_BOUND ( 'NONE', #2480, .T. ) ;
#6512 = DIRECTION ( 'NONE',  ( 1.000000000000000000, 0.000000000000000000, 0.000000000000000000 ) ) ;
#6513 = FACE_OUTER_BOUND ( 'NONE', #5562, .T. ) ;
#6514 = FACE_OUTER_BOUND ( 'NONE', #4568, .T. ) ;
#6515 = CARTESIAN_POINT ( 'NONE',  ( 0.7244094488188976833, 0.01574803149606000124, 0.1536382109453000022 ) ) ;
#6516 = VERTEX_POINT ( 'NONE', #8920 ) ;
#6517 = ORIENTED_EDGE ( 'NONE', *, *, #4581, .F. ) ;
#6518 = ORIENTED_EDGE ( 'NONE', *, *, #1084, .T. ) ;
#6519 = EDGE_LOOP ( 'NONE', ( #9300, #6973, #4715, #8793, #1209, #4054 ) ) ;
#6520 = VERTEX_POINT ( 'NONE', #6541 ) ;
#6521 = CIRCLE ( 'NONE', #7659, 0.1574803149606000263 ) ;
#6522 = ORIENTED_EDGE ( 'NONE', *, *, #8467, .T. ) ;
#6523 = DIRECTION ( 'NONE',  ( 0.000000000000000000, 0.000000000000000000, -1.000000000000000000 ) ) ;
#6524 = ORIENTED_EDGE ( 'NONE', *, *, #6651, .T. ) ;
#6525 = DIRECTION ( 'NONE',  ( 0.000000000000000000, 0.000000000000000000, 1.000000000000000000 ) ) ;
#6526 = CARTESIAN_POINT ( 'NONE',  ( 1.209730481032999849, 0.09641372841431003482, -0.03993587390816000920 ) ) ;
#6527 = VERTEX_POINT ( 'NONE', #8102 ) ;
#6528 = CARTESIAN_POINT ( 'NONE',  ( 1.343506520915999980, -0.1149519823394000162, 0.01397179236187000122 ) ) ;
#6529 = AXIS2_PLACEMENT_3D ( 'NONE', #6708, #9771, #1346 ) ;
#6530 = CARTESIAN_POINT ( 'NONE',  ( 1.078958958470000118, 0.008122642885516003636, -0.1148032331355999941 ) ) ;
#6531 = DIRECTION ( 'NONE',  ( 1.000000000000000000, 0.000000000000000000, 0.000000000000000000 ) ) ;
#6532 = CARTESIAN_POINT ( 'NONE',  ( 1.142360180863000174, 0.1040357683916000170, 0.008187792543227993131 ) ) ;
#6533 = CARTESIAN_POINT ( 'NONE',  ( 1.221004182054999943, 0.02691662355562000203, 0.1004542066778000148 ) ) ;
#6534 = CARTESIAN_POINT ( 'NONE',  ( 1.075553539067999997, 0.000000000000000000, -0.1181102362205000006 ) ) ;
#6535 = DIRECTION ( 'NONE',  ( 0.000000000000000000, -1.000000000000000000, -5.127750654643000127E-12 ) ) ;
#6536 = CARTESIAN_POINT ( 'NONE',  ( 1.281814078520000066, 0.05479462961503000357, -0.09490708247489999805 ) ) ;
#6537 = CARTESIAN_POINT ( 'NONE',  ( 1.230886316867000119, 0.05910872053913996532, 0.08600372205772992273 ) ) ;
#6538 = VECTOR ( 'NONE', #6742, 39.37007874015748143 ) ;
#6539 = CARTESIAN_POINT ( 'NONE',  ( 1.132254311087000032, 0.1069382723879000047, 0.02356177724992000039 ) ) ;
#6540 = CIRCLE ( 'NONE', #3807, 0.1850390886813999547 ) ;
#6541 = CARTESIAN_POINT ( 'NONE',  ( 0.6102362204723996708, 0.2716535433071000094, 0.3543307086614000401 ) ) ;
#6542 = CARTESIAN_POINT ( 'NONE',  ( 0.7362204724408996093, 0.1343708233930999973, 0.08212509616896003506 ) ) ;
#6543 = DIRECTION ( 'NONE',  ( 1.000000000000000000, 0.000000000000000000, 0.000000000000000000 ) ) ;
#6544 = FACE_OUTER_BOUND ( 'NONE', #9600, .T. ) ;
#6545 = CARTESIAN_POINT ( 'NONE',  ( 1.044376150325000197, -0.008188164623481004184, -0.1040356027308000086 ) ) ;
#6546 = CARTESIAN_POINT ( 'NONE',  ( 0.7277985952705001704, -0.1415004066894000045, -0.06403421055307008392 ) ) ;
#6547 = VERTEX_POINT ( 'NONE', #484 ) ;
#6548 = CARTESIAN_POINT ( 'NONE',  ( 1.085863783766999990, 0.000000000000000000, 0.1181102362205000006 ) ) ;
#6549 = CARTESIAN_POINT ( 'NONE',  ( 0.7244094488188976833, -0.1813108520207999952, 0.08649560877427991956 ) ) ;
#6550 = CARTESIAN_POINT ( 'NONE',  ( 0.6804168098318996716, -0.01574803149606000124, 0.1422635586127000140 ) ) ;
#6551 = CARTESIAN_POINT ( 'NONE',  ( 1.121485297597999864, 0.1032031167347791240, -0.05948255673673400606 ) ) ;
#6552 = CARTESIAN_POINT ( 'NONE',  ( 1.271762978945999878, 0.1181329231232999960, -0.02510992795911999934 ) ) ;
#6553 = AXIS2_PLACEMENT_3D ( 'NONE', #8800, #3505, #2739 ) ;
#6554 = CYLINDRICAL_SURFACE ( 'NONE', #8349, 0.1535433070865999949 ) ;
#6555 = EDGE_CURVE ( 'NONE', #3394, #2455, #2854, .T. ) ;
#6556 = CARTESIAN_POINT ( 'NONE',  ( 1.107775619962364289, 0.1014740624988999945, 0.02436176700353999761 ) ) ;
#6557 = DIRECTION ( 'NONE',  ( 1.000000000000000000, 0.000000000000000000, 0.000000000000000000 ) ) ;
#6558 = CARTESIAN_POINT ( 'NONE',  ( 1.175748728427999934, -0.08951219335311004499, -0.07248554495759999827 ) ) ;
#6559 = MECHANICAL_DESIGN_GEOMETRIC_PRESENTATION_REPRESENTATION (  '', ( #5409 ), #428 ) ;
#6560 = DIRECTION ( 'NONE',  ( 1.000000000000000000, 0.000000000000000000, 0.000000000000000000 ) ) ;
#6561 = ORIENTED_EDGE ( 'NONE', *, *, #2870, .F. ) ;
#6562 = LINE ( 'NONE', #1956, #1410 ) ;
#6563 = CARTESIAN_POINT ( 'NONE',  ( 0.7248214212810000223, -0.1814271630142999803, -0.08656276095768995760 ) ) ;
#6564 = CARTESIAN_POINT ( 'NONE',  ( -0.002765821536155000076, 0.000000000000000000, 0.000000000000000000 ) ) ;
#6565 = AXIS2_PLACEMENT_3D ( 'NONE', #7227, #8896, #8944 ) ;
#6566 = DIRECTION ( 'NONE',  ( 0.000000000000000000, 1.000000000000000000, 0.000000000000000000 ) ) ;
#6567 = DIRECTION ( 'NONE',  ( 0.000000000000000000, -1.000000000000000000, 0.000000000000000000 ) ) ;
#6568 = B_SPLINE_CURVE_WITH_KNOTS ( 'NONE', 3,
 ( #9854, #9103, #8340, #2990, #8436, #5305, #9200, #8388, #1469, #2842, #571, #628, #6005, #2270 ),
 .UNSPECIFIED., .F., .F.,
 ( 4, 1, 1, 1, 1, 1, 1, 1, 1, 1, 1, 4 ),
 ( 0.000000000000000000, 0.09090909090909000956, 0.1818181818182000031, 0.2727272727273000186, 0.3636363636364000063, 0.4545454545454999939, 0.5454545454545000061, 0.6363636363636000493, 0.7272727272726999814, 0.8181818181818000246, 0.9090909090908999568, 1.000000000000000000 ),
 .UNSPECIFIED. ) ;
#6569 = AXIS2_PLACEMENT_3D ( 'NONE', #6703, #8924, #537 ) ;
#6570 = ADVANCED_FACE ( 'NONE', ( #1183 ), #434, .F. ) ;
#6571 = EDGE_CURVE ( 'NONE', #4183, #5450, #3336, .T. ) ;
#6572 = CARTESIAN_POINT ( 'NONE',  ( -0.07874015748031004680, 0.000000000000000000, 0.000000000000000000 ) ) ;
#6573 = CARTESIAN_POINT ( 'NONE',  ( 1.366095328027000066, -0.07840762746597008948, 0.09156057185803996579 ) ) ;
#6574 = ORIENTED_EDGE ( 'NONE', *, *, #6126, .F. ) ;
#6575 = ORIENTED_EDGE ( 'NONE', *, *, #5265, .F. ) ;
#6576 = CARTESIAN_POINT ( 'NONE',  ( 1.275481115542999921, 0.06038604144955000280, -0.1045916918582999872 ) ) ;
#6577 = ORIENTED_EDGE ( 'NONE', *, *, #1819, .T. ) ;
#6578 = AXIS2_PLACEMENT_3D ( 'NONE', #3313, #893, #5570 ) ;
#6579 = VERTEX_POINT ( 'NONE', #5922 ) ;
#6580 = ORIENTED_EDGE ( 'NONE', *, *, #8782, .F. ) ;
#6581 = CARTESIAN_POINT ( 'NONE',  ( 0.6115386741075000687, -0.01574803149606000124, -0.1244274410859000091 ) ) ;
#6582 = ORIENTED_EDGE ( 'NONE', *, *, #1069, .F. ) ;
#6583 = CARTESIAN_POINT ( 'NONE',  ( 1.282237042713000097, 0.01901763795381000016, -0.1026099921947999927 ) ) ;
#6584 = ORIENTED_EDGE ( 'NONE', *, *, #2428, .F. ) ;
#6585 = CARTESIAN_POINT ( 'NONE',  ( 1.328151491767000092, 0.09456939002170001995, -0.04459173188985000175 ) ) ;
#6586 = CARTESIAN_POINT ( 'NONE',  ( 1.104023394034000072, -0.09219999805926003267, 0.06888337988007008084 ) ) ;
#6587 = ADVANCED_FACE ( 'NONE', ( #9022 ), #5908, .T. ) ;
#6588 = CARTESIAN_POINT ( 'NONE',  ( 0.5795727107672999923, 0.1225473662802000069, 0.08893701535723995411 ) ) ;
#6589 = DIRECTION ( 'NONE',  ( 0.000000000000000000, 0.000000000000000000, -1.000000000000000000 ) ) ;
#6590 = CARTESIAN_POINT ( 'NONE',  ( 1.176537456931999959, 0.1040357447341000025, -0.008187775355042007513 ) ) ;
#6591 = CARTESIAN_POINT ( 'NONE',  ( 1.307404629701000243, -0.1069051038639000084, 0.01123617918762000005 ) ) ;
#6592 = CYLINDRICAL_SURFACE ( 'NONE', #573, 0.01181102362205004204 ) ;
#6593 = CARTESIAN_POINT ( 'NONE',  ( 1.245560797680000054, 0.09344020400132992121, -0.05726023065597000972 ) ) ;
#6594 = CARTESIAN_POINT ( 'NONE',  ( 1.186102852300000121, 0.1018014538566000132, 0.01069976395653000033 ) ) ;
#6595 = CARTESIAN_POINT ( 'NONE',  ( 1.103012469595000100, -0.02841182122317000014, 0.1057531080548000102 ) ) ;
#6596 = CARTESIAN_POINT ( 'NONE',  ( 1.004012359941000021, -0.09248313596546003934, -0.1692159275799000051 ) ) ;
#6597 = CARTESIAN_POINT ( 'NONE',  ( 0.9767825731105000964, -0.09399477469537993735, 0.1751968503937007815 ) ) ;
#6598 = CARTESIAN_POINT ( 'NONE',  ( 0.5986837114371004187, 0.1300395952696000168, -0.09326265578111005150 ) ) ;
#6599 = CARTESIAN_POINT ( 'NONE',  ( 1.121147803868000059, -0.03993587390816000920, -0.09641372841431003482 ) ) ;
#6600 = B_SPLINE_SURFACE_WITH_KNOTS ( 'NONE', 3, 3, ( 
 ( #2916, #7615, #6027, #9127, #9919, #3774, #6846, #9176, #5324, #4767, #8549, #5521, #7043, #7960, #7104, #1037, #6344, #2598, #9371, #171, #3922, #9417, #2489, #1737, #7203, #3971, #9317, #988, #4925, #6389, #6286, #7860, #7809, #1785, #9465, #279, #3369, #4822, #6442, #3314, #6230, #6992, #119, #9525, #8601, #5684, #1837, #942, #8767, #1643, #5571, #8657, #7910, #2545, #8005, #4874, #58, #4071, #5629, #2392, #3217, #3270, #4115, #3160, #7153, #894, #8712 ),
 ( #221, #5467, #4717, #2439, #1689, #4023, #8875, #8149, #8919, #2853, #531, #1229, #6487, #7454, #5021, #2808, #5787, #433, #4317, #5870, #6698, #8819, #6539, #7352, #8969, #5920, #5064, #8101, #3569, #2032, #2756, #5120, #8202, #3522, #9760, #9619, #6595, #1082, #9667, #5829, #1983, #4363, #1130, #9572, #7407, #2089, #6649, #3465, #1181, #4976, #1285, #9716, #3620, #9021, #483, #5173, #4172, #3416, #7254, #4220, #327, #2707, #2651, #5738, #4266, #1887, #8052 ),
 ( #7299, #375, #1940, #476, #2697, #423, #4105, #7994, #8042, #1974, #3561, #4964, #8756, #3513, #4913, #2640, #265, #367, #1025, #4309, #1929, #9563, #4864, #3355, #7192, #6638, #1828, #1878, #6431, #1071, #7398, #1121, #5780, #8093, #6586, #8866, #5729, #7243, #8807, #1173, #9611, #9514, #4157, #2746, #5008, #4259, #6530, #9706, #4209, #5819, #2799, #3458, #2586, #8911, #5673, #7342, #5055, #7950, #316, #8141, #5864, #1222, #1774, #3405, #6478, #7293, #9750 ),
 ( #9950, #5110, #3658, #8194, #5215, #9107, #2896, #9860, #2178, #2023, #4357, #6740, #3808, #9904, #523, #5263, #6874, #1276, #7446, #8344, #674, #3609, #6689, #6060, #7598, #2226, #2845, #8299, #5912, #7545, #2950, #5308, #4452, #3041, #634, #9806, #6010, #6791, #718, #8391, #1426, #9014, #1473, #5960, #3759, #9066, #1375, #4501, #6833, #4550, #2082, #4406, #3713, #2994, #8962, #9154, #2129, #7644, #5165, #8246, #1329, #7494, #576, #7018, #5545, #7892, #1717 ) ),
 .UNSPECIFIED., .F., .F., .F.,
 ( 4, 4 ),
 ( 4, 1, 1, 1, 1, 1, 1, 1, 1, 1, 1, 1, 1, 1, 1, 1, 1, 1, 1, 1, 1, 1, 1, 1, 1, 1, 1, 1, 1, 1, 1, 1, 1, 1, 1, 1, 1, 1, 1, 1, 1, 1, 1, 1, 1, 1, 1, 1, 1, 1, 1, 1, 1, 1, 1, 1, 1, 1, 1, 1, 1, 1, 1, 1, 4 ),
 ( -0.007446311687979999955, 0.3398817070431000009 ),
 ( -0.01958882041012000030, -0.003672903826897000023, 0.01224301275632000072, 0.02815892933953999949, 0.04407484592276000174, 0.05999076250598000398, 0.07590667908919999929, 0.09182259567242000153, 0.1077385122555999941, 0.1236544288388999879, 0.1395703454220999784, 0.1554862620052999966, 0.1714021785885000149, 0.1873180951717000053, 0.2032340117549999992, 0.2191499283381999896, 0.2350658449214000079, 0.2509817615045999983, 0.2668976780878000166, 0.2828135946711000104, 0.2987295112543000286, 0.3146454278374999913, 0.3305613444206999540, 0.3464772610038999723, 0.3623931775872000216, 0.3783090941704000398, 0.3942250107536000026, 0.4101409273367999653, 0.4260568439200000390, 0.4419727605033000328, 0.4578886770864999955, 0.4738045936697000138, 0.4897205102528999765, 0.5056364268360999947, 0.5215523434193999330, 0.5374682600026000623, 0.5533841765857999695, 0.5693000931689999877, 0.5852160097522000060, 0.6011319263354999443, 0.6170478429186999625, 0.6329637595018999807, 0.6488796760850999990, 0.6647955926683000172, 0.6807115092515999555, 0.6966274258347999737, 0.7125433424179999919, 0.7284592590012000102, 0.7443751755843999174, 0.7602910921676999667, 0.7762070087508999849, 0.7921229253341000032, 0.8080388419173000214, 0.8239547585004999286, 0.8398706750837999779, 0.8557865916669999962, 0.8717025082502000144, 0.8876184248334000326, 0.9035343414165999398, 0.9194502579999001002, 0.9353661745831000074, 0.9512820911663000256, 0.9671980077495000439, 0.9831139243326999511, 0.9990298409160000004 ),
 .UNSPECIFIED. ) ;
#6601 = CARTESIAN_POINT ( 'NONE',  ( 0.4921259842520000483, -0.2716535433071000094, -0.3543307086614000401 ) ) ;
#6602 = ORIENTED_EDGE ( 'NONE', *, *, #3374, .F. ) ;
#6603 = CARTESIAN_POINT ( 'NONE',  ( 1.087504203714499740, -0.03091510445189072157, 0.1150361429136074198 ) ) ;
#6604 = CARTESIAN_POINT ( 'NONE',  ( 0.5987259261576004521, -0.1457995700016000151, 0.06599316054122007780 ) ) ;
#6605 = CARTESIAN_POINT ( 'NONE',  ( 1.195209160502391788, -0.09742742981098286015, -0.03739888632737059515 ) ) ;
#6606 = CARTESIAN_POINT ( 'NONE',  ( 0.7280600717204999128, -0.1669210694110000448, 0.1138883778692999921 ) ) ;
#6607 = CARTESIAN_POINT ( 'NONE',  ( 1.230210670685000007, 0.1150228199578999938, -0.006028090560866003651 ) ) ;
#6608 = ORIENTED_EDGE ( 'NONE', *, *, #1394, .T. ) ;
#6609 = DIRECTION ( 'NONE',  ( 1.000000000000000000, 0.000000000000000000, 0.000000000000000000 ) ) ;
#6610 = EDGE_CURVE ( 'NONE', #358, #8794, #4415, .T. ) ;
#6611 = ADVANCED_FACE ( 'NONE', ( #2757 ), #7213, .F. ) ;
#6612 = CARTESIAN_POINT ( 'NONE',  ( 1.120302534201999878, 0.03559278478245000293, 0.1095433277672000077 ) ) ;
#6613 = CARTESIAN_POINT ( 'NONE',  ( 0.8464566929133995332, 0.1692913385826985417, 0.000000000000000000 ) ) ;
#6614 = CARTESIAN_POINT ( 'NONE',  ( 0.6498031496062991463, -0.4370078740156999597, -0.3543307086614000401 ) ) ;
#6615 = CARTESIAN_POINT ( 'NONE',  ( 1.315616797900116319, -0.08864370576691975312, 0.05117846576024083494 ) ) ;
#6616 = CARTESIAN_POINT ( 'NONE',  ( 0.4921259842520000483, 0.5314960629921000601, 0.3740157480314960647 ) ) ;
#6617 = VECTOR ( 'NONE', #8499, 39.37007874015748143 ) ;
#6618 = FACE_OUTER_BOUND ( 'NONE', #8193, .T. ) ;
#6619 = EDGE_CURVE ( 'NONE', #9297, #4853, #6650, .T. ) ;
#6620 = CARTESIAN_POINT ( 'NONE',  ( 1.254359313346500082, -0.03091510445189072503, 0.1150361429136074476 ) ) ;
#6621 = CARTESIAN_POINT ( 'NONE',  ( 1.384073388672000027, 0.1085384609715000087, -0.01356696034297999974 ) ) ;
#6622 = VERTEX_POINT ( 'NONE', #5065 ) ;
#6623 = VERTEX_POINT ( 'NONE', #1230 ) ;
#6624 = ORIENTED_EDGE ( 'NONE', *, *, #1148, .F. ) ;
#6625 = CARTESIAN_POINT ( 'NONE',  ( 1.273348569610999848, 0.02200896399188000119, -0.1187497432073000014 ) ) ;
#6626 = ORIENTED_EDGE ( 'NONE', *, *, #9358, .F. ) ;
#6627 = CIRCLE ( 'NONE', #822, 0.2755905511811023723 ) ;
#6628 = ORIENTED_EDGE ( 'NONE', *, *, #3371, .T. ) ;
#6629 = CARTESIAN_POINT ( 'NONE',  ( 0.6104330708661004357, 0.3543307086614000401, -0.3543307086614000401 ) ) ;
#6630 = EDGE_CURVE ( 'NONE', #205, #5488, #3466, .T. ) ;
#6631 = ORIENTED_EDGE ( 'NONE', *, *, #9062, .F. ) ;
#6632 = EDGE_CURVE ( 'NONE', #9498, #8059, #2204, .T. ) ;
#6633 = CARTESIAN_POINT ( 'NONE',  ( 0.8346456692912992414, 0.000000000000000000, 0.000000000000000000 ) ) ;
#6634 = CARTESIAN_POINT ( 'NONE',  ( 1.190537567648000117, -0.09924984962422009338, 0.03224823102986000556 ) ) ;
#6635 = CARTESIAN_POINT ( 'NONE',  ( 1.130975332323249649, -0.09444883965335040821, 0.07258425826477060694 ) ) ;
#6636 = CARTESIAN_POINT ( 'NONE',  ( 1.380409879045000121, -0.05626139219493000304, 0.09159480718457992110 ) ) ;
#6637 = AXIS2_PLACEMENT_3D ( 'NONE', #6106, #9895, #8382 ) ;
#6638 = CARTESIAN_POINT ( 'NONE',  ( 1.122821720706999926, 0.08156294656287008116, -0.08119880180033996198 ) ) ;
#6639 = CARTESIAN_POINT ( 'NONE',  ( 0.5788054699796000291, 0.1204948611606999898, 0.08775200097402008348 ) ) ;
#6640 = ORIENTED_EDGE ( 'NONE', *, *, #2492, .F. ) ;
#6641 = CARTESIAN_POINT ( 'NONE',  ( 1.084781440705000044, -0.09924984962000001076, -0.03224823098968999935 ) ) ;
#6642 = CARTESIAN_POINT ( 'NONE',  ( 1.306693781057000070, -0.1056303997698000152, 0.02336417851009000082 ) ) ;
#6643 = CARTESIAN_POINT ( 'NONE',  ( 0.7362204724408996093, 0.000000000000000000, 0.1574803149606000263 ) ) ;
#6644 = AXIS2_PLACEMENT_3D ( 'NONE', #969, #1573, #2372 ) ;
#6645 = CARTESIAN_POINT ( 'NONE',  ( 1.230632976157000291, -0.1071944709820000091, -0.02278488818198000018 ) ) ;
#6646 = EDGE_CURVE ( 'NONE', #6104, #1966, #8970, .T. ) ;
#6647 = CARTESIAN_POINT ( 'NONE',  ( 1.190367944162999958, 0.07379186162582992980, 0.07379198156927008201 ) ) ;
#6648 = ORIENTED_EDGE ( 'NONE', *, *, #4405, .T. ) ;
#6649 = CARTESIAN_POINT ( 'NONE',  ( 1.082125439958999902, 0.007728331573228996131, -0.1092301439144000019 ) ) ;
#6650 = LINE ( 'NONE', #8203, #6875 ) ;
#6651 = EDGE_CURVE ( 'NONE', #516, #9498, #1889, .T. ) ;
#6652 = CARTESIAN_POINT ( 'NONE',  ( 1.322084256207999964, 0.000000000000000000, 0.1181102362205000006 ) ) ;
#6653 = CARTESIAN_POINT ( 'NONE',  ( 1.203974019986999933, 0.000000000000000000, 0.1181102362205000006 ) ) ;
#6655 = CARTESIAN_POINT ( 'NONE',  ( 1.119015257935999985, -0.06982877559786003496, -0.07755271207417993584 ) ) ;
#6654 = CIRCLE ( 'NONE', #1955, 0.007874015748031005027 ) ;
#6656 = CARTESIAN_POINT ( 'NONE',  ( 0.9842519685038996213, 0.09584990276203995963, -0.1826512321739000022 ) ) ;
#6657 = DIRECTION ( 'NONE',  ( -1.000000000000000000, 0.000000000000000000, 0.000000000000000000 ) ) ;
#6658 = CARTESIAN_POINT ( 'NONE',  ( 1.089964833635749475, -0.07258425826477071796, 0.09444883965335035270 ) ) ;
#6659 = DIRECTION ( 'NONE',  ( 0.000000000000000000, 0.000000000000000000, -1.000000000000000000 ) ) ;
#6660 = CARTESIAN_POINT ( 'NONE',  ( 0.9999994263157999663, 0.1090297965154788801, -0.1648455510493413712 ) ) ;
#6661 = ORIENTED_EDGE ( 'NONE', *, *, #9210, .T. ) ;
#6662 = PLANE ( 'NONE',  #990 ) ;
#6663 = EDGE_CURVE ( 'NONE', #5578, #85, #1098, .T. ) ;
#6664 = CARTESIAN_POINT ( 'NONE',  ( 1.326175237615000002, -0.1039604257334999921, 0.04958610995970999524 ) ) ;
#6665 = CARTESIAN_POINT ( 'NONE',  ( 0.7280600717204999128, 0.1820907631361000090, -0.08761369760209999913 ) ) ;
#6667 = EDGE_CURVE ( 'NONE', #9867, #8209, #7797, .T. ) ;
#6666 = CARTESIAN_POINT ( 'NONE',  ( 1.160820906906000038, 0.01503409441140000045, 0.1141952844564999986 ) ) ;
#6668 = CARTESIAN_POINT ( 'NONE',  ( 1.114923617808000200, 0.000000000000000000, -0.1181102362205000006 ) ) ;
#6669 = FACE_OUTER_BOUND ( 'NONE', #5092, .T. ) ;
#6670 = VECTOR ( 'NONE', #9407, 39.37007874015748143 ) ;
#6671 = DIRECTION ( 'NONE',  ( 1.000000000000000000, 0.000000000000000000, 0.000000000000000000 ) ) ;
#6672 = CARTESIAN_POINT ( 'NONE',  ( -0.06692913385827008177, 0.000000000000000000, 0.000000000000000000 ) ) ;
#6673 = CARTESIAN_POINT ( 'NONE',  ( 1.387173939871999995, -0.05357547314793999899, 0.08722207079068997060 ) ) ;
#6674 = DIRECTION ( 'NONE',  ( 1.000000000000000000, 0.000000000000000000, 0.000000000000000000 ) ) ;
#6675 = CARTESIAN_POINT ( 'NONE',  ( 1.335451341428000038, -0.003292694523776000526, -0.1093336226308000009 ) ) ;
#6676 = CARTESIAN_POINT ( 'NONE',  ( 0.6115706219037008173, -0.1156385151587999982, 0.04857966740867999955 ) ) ;
#6677 = ORIENTED_EDGE ( 'NONE', *, *, #4300, .F. ) ;
#6678 = CARTESIAN_POINT ( 'NONE',  ( 1.184815576034000006, -0.1095433277718000087, 0.03559278482678999989 ) ) ;
#6679 = ORIENTED_EDGE ( 'NONE', *, *, #1505, .F. ) ;
#6680 = DIRECTION ( 'NONE',  ( 0.000000000000000000, -0.5000000000000169864, -0.8660254037844288266 ) ) ;
#6681 = DIRECTION ( 'NONE',  ( 0.000000000000000000, 0.000000000000000000, 1.000000000000000000 ) ) ;
#6682 = ORIENTED_EDGE ( 'NONE', *, *, #208, .F. ) ;
#6683 = ORIENTED_EDGE ( 'NONE', *, *, #6310, .T. ) ;
#6684 = DIRECTION ( 'NONE',  ( 0.000000000000000000, -1.000000000000000000, 0.000000000000000000 ) ) ;
#6685 = ORIENTED_EDGE ( 'NONE', *, *, #9658, .F. ) ;
#6686 = DIRECTION ( 'NONE',  ( 1.000000000000000000, 0.000000000000000000, 0.000000000000000000 ) ) ;
#6687 = CARTESIAN_POINT ( 'NONE',  ( 0.6498031496062991463, 0.3543307086614000401, 0.3543307086614000401 ) ) ;
#6688 = CARTESIAN_POINT ( 'NONE',  ( 1.324985010277999864, 0.09965388378567992256, -0.04698919244941999335 ) ) ;
#6689 = CARTESIAN_POINT ( 'NONE',  ( 1.125921348110000109, 0.1178505812398999986, 0.02596609316705999690 ) ) ;
#6690 = EDGE_CURVE ( 'NONE', #2576, #6527, #3912, .T. ) ;
#6691 = DIRECTION ( 'NONE',  ( 1.000000000000000000, 0.000000000000000000, 0.000000000000000000 ) ) ;
#6692 = CARTESIAN_POINT ( 'NONE',  ( 1.050660705797000105, -0.04163445952744000006, -0.09351252716027008693 ) ) ;
#6693 = CARTESIAN_POINT ( 'NONE',  ( 1.267920192554000236, -0.08413602592137991998, 0.06112840096923996547 ) ) ;
#6694 = DIRECTION ( 'NONE',  ( 0.000000000000000000, 1.000000000000000000, 0.000000000000000000 ) ) ;
#6695 = EDGE_CURVE ( 'NONE', #5731, #6169, #5537, .T. ) ;
#6696 = CARTESIAN_POINT ( 'NONE',  ( 1.267196138867999977, 0.04244600606646999758, 0.09533529053063996561 ) ) ;
#6697 = ORIENTED_EDGE ( 'NONE', *, *, #1436, .F. ) ;
#6698 = CARTESIAN_POINT ( 'NONE',  ( 1.136431717014000142, 0.06947003718722008503, 0.08464552783037009032 ) ) ;
#6699 = DIRECTION ( 'NONE',  ( 0.7071067811865475727, 0.000000000000000000, -0.7071067811865475727 ) ) ;
#6700 = ORIENTED_EDGE ( 'NONE', *, *, #5209, .T. ) ;
#6701 = ORIENTED_EDGE ( 'NONE', *, *, #2930, .F. ) ;
#6702 = CARTESIAN_POINT ( 'NONE',  ( 1.110485074209000000, -0.09037621804803996906, 0.05217873381838000063 ) ) ;
#6703 = CARTESIAN_POINT ( 'NONE',  ( 0.7362204724408996093, 0.000000000000000000, 0.000000000000000000 ) ) ;
#6704 = EDGE_CURVE ( 'NONE', #8808, #4998, #3273, .T. ) ;
#6705 = DIRECTION ( 'NONE',  ( 0.000000000000000000, 1.000000000000000000, 0.000000000000000000 ) ) ;
#6706 = ORIENTED_EDGE ( 'NONE', *, *, #9824, .F. ) ;
#6707 = CARTESIAN_POINT ( 'NONE',  ( -0.03149606299213000143, 7.521928938221003471E-09, 0.2496578167135999893 ) ) ;
#6708 = CARTESIAN_POINT ( 'NONE',  ( 0.4724409448819000268, 0.3543307086614000401, 0.3543307086614000401 ) ) ;
#6709 = AXIS2_PLACEMENT_3D ( 'NONE', #8110, #2816, #5878 ) ;
#6710 = CARTESIAN_POINT ( 'NONE',  ( 1.193076614571330074, -0.1043231424936348489, -0.002731797637981662943 ) ) ;
#6711 = CARTESIAN_POINT ( 'NONE',  ( 0.9842519685038996213, -0.09595320950357008605, -0.1830708661417000116 ) ) ;
#6712 = CARTESIAN_POINT ( 'NONE',  ( 1.128046977387999972, 0.1032031167347787076, 0.05948255673673468608 ) ) ;
#6713 = CARTESIAN_POINT ( 'NONE',  ( 1.283524318978999768, -0.06523905046413995545, 0.09492340744733997193 ) ) ;
#6714 = CARTESIAN_POINT ( 'NONE',  ( 0.8464566929133995332, -0.09399477469537993735, 0.1751968503937007815 ) ) ;
#6715 = CARTESIAN_POINT ( 'NONE',  ( 1.070155367397000123, 0.06840603008432992460, -0.09953142260679999354 ) ) ;
#6716 = CARTESIAN_POINT ( 'NONE',  ( 1.291736487179249604, -0.1181102362205000422, 0.01546059376766979916 ) ) ;
#6717 = EDGE_CURVE ( 'NONE', #9498, #5659, #3100, .T. ) ;
#6718 = CARTESIAN_POINT ( 'NONE',  ( 0.7362204724408996093, -0.004661227403534000044, 0.2125309166950000161 ) ) ;
#6719 = B_SPLINE_CURVE_WITH_KNOTS ( 'NONE', 3,
 ( #1318, #2788, #4347, #2217 ),
 .UNSPECIFIED., .F., .F.,
 ( 4, 4 ),
 ( 0.000000000000000000, 1.000000000000000000 ),
 .UNSPECIFIED. ) ;
#6720 = CARTESIAN_POINT ( 'NONE',  ( 1.091957738542999490, 0.05948255673673389504, 0.1032031167347791933 ) ) ;
#6721 = CARTESIAN_POINT ( 'NONE',  ( 1.139393794299426999, 0.06615437364771442619, 0.08060556899670653919 ) ) ;
#6722 = CARTESIAN_POINT ( 'NONE',  ( 1.335346618703999955, 0.03705973968298999915, -0.09815346062893996748 ) ) ;
#6723 = CARTESIAN_POINT ( 'NONE',  ( 1.562992125983999836, 0.000000000000000000, 0.000000000000000000 ) ) ;
#6724 = AXIS2_PLACEMENT_3D ( 'NONE', #7137, #5726, #9506 ) ;
#6725 = CARTESIAN_POINT ( 'NONE',  ( 1.373943795495999876, -0.01852398936177000049, -0.1078032689981000131 ) ) ;
#6726 = CARTESIAN_POINT ( 'NONE',  ( 1.182180835655499695, -0.1150361429136074615, 0.03091510445189059667 ) ) ;
#6727 = CARTESIAN_POINT ( 'NONE',  ( 1.174152846375000170, 0.04958656040476999705, 0.1039603466461000020 ) ) ;
#6728 = ORIENTED_EDGE ( 'NONE', *, *, #646, .F. ) ;
#6729 = ORIENTED_EDGE ( 'NONE', *, *, #1328, .F. ) ;
#6730 = DIRECTION ( 'NONE',  ( 0.000000000000000000, -0.8532547285461360431, 0.5214943606729220971 ) ) ;
#6731 = VERTEX_POINT ( 'NONE', #4559 ) ;
#6732 = DIRECTION ( 'NONE',  ( 0.000000000000000000, 0.000000000000000000, 1.000000000000000000 ) ) ;
#6733 = DIRECTION ( 'NONE',  ( 0.000000000000000000, 1.000000000000000000, 0.000000000000000000 ) ) ;
#6734 = AXIS2_PLACEMENT_3D ( 'NONE', #2038, #4420, #8208 ) ;
#6735 = CARTESIAN_POINT ( 'NONE',  ( 0.7277939874142007604, 0.1262036330081000024, 0.09052634868780001787 ) ) ;
#6736 = CARTESIAN_POINT ( 'NONE',  ( 1.125233862506999971, 0.000000000000000000, 0.1181102362205000006 ) ) ;
#6737 = CARTESIAN_POINT ( 'NONE',  ( 1.356312110016000050, -0.01683645426182999935, -0.1088825723715999977 ) ) ;
#6738 = AXIS2_PLACEMENT_3D ( 'NONE', #7607, #8205, #3672 ) ;
#6739 = VECTOR ( 'NONE', #9839, 39.37007874015748143 ) ;
#6740 = CARTESIAN_POINT ( 'NONE',  ( 1.148897080710000074, -0.08895041741426004678, -0.08155256424312007368 ) ) ;
#6741 = CARTESIAN_POINT ( 'NONE',  ( 1.099709262228000028, 0.09419151460094998818, -0.04492704785243999827 ) ) ;
#6742 = DIRECTION ( 'NONE',  ( 0.000000000000000000, 0.000000000000000000, 1.000000000000000000 ) ) ;
#6743 = CARTESIAN_POINT ( 'NONE',  ( 1.194689577188000174, -0.05683715052910000981, 0.08752153721173996925 ) ) ;
#6744 = VECTOR ( 'NONE', #5895, 39.37007874015748143 ) ;
#6745 = CARTESIAN_POINT ( 'NONE',  ( 0.06692913385827008177, 0.000000000000000000, -0.2795275590551000167 ) ) ;
#6746 = VECTOR ( 'NONE', #170, 39.37007874015748854 ) ;
#6747 = CARTESIAN_POINT ( 'NONE',  ( 0.8543307086613995960, 0.000000000000000000, -0.1535433070865999949 ) ) ;
#6748 = CARTESIAN_POINT ( 'NONE',  ( 0.7277939874142007604, 0.01529630117143999934, -0.1545587265787999875 ) ) ;
#6749 = VERTEX_POINT ( 'NONE', #6985 ) ;
#6750 = CARTESIAN_POINT ( 'NONE',  ( 0.4724409448819000268, -0.3543307086614000401, -0.3543307086614000401 ) ) ;
#6751 = CARTESIAN_POINT ( 'NONE',  ( 0.9842519685038996213, 0.09595320950357008605, -0.1830708661417000116 ) ) ;
#6752 = EDGE_LOOP ( 'NONE', ( #7932, #2724, #4974, #7331 ) ) ;
#6753 = CIRCLE ( 'NONE', #6255, 0.1968504526233000040 ) ;
#6754 = CONICAL_SURFACE ( 'NONE', #2379, 0.2657480314871999982, 0.7853981633972997312 ) ;
#6755 = CARTESIAN_POINT ( 'NONE',  ( 1.096526513425749583, -0.1181102362204999867, -0.01546059376767004723 ) ) ;
#6756 = FACE_OUTER_BOUND ( 'NONE', #143, .T. ) ;
#6757 = CARTESIAN_POINT ( 'NONE',  ( 1.218667165752330028, 0.05910953392561574260, 0.08600490554238665597 ) ) ;
#6758 = DIRECTION ( 'NONE',  ( 1.000000000000000000, 0.000000000000000000, 0.000000000000000000 ) ) ;
#6759 = LINE ( 'NONE', #2967, #4056 ) ;
#6760 = EDGE_CURVE ( 'NONE', #7177, #2183, #4702, .T. ) ;
#6761 = EDGE_CURVE ( 'NONE', #6001, #1966, #2855, .T. ) ;
#6762 = DIRECTION ( 'NONE',  ( 1.000000000000000000, 0.000000000000000000, 0.000000000000000000 ) ) ;
#6763 = CARTESIAN_POINT ( 'NONE',  ( 1.199256417266000074, 0.08539874559402992060, 0.08539888440363994915 ) ) ;
#6764 = ORIENTED_EDGE ( 'NONE', *, *, #3788, .F. ) ;
#6765 = LINE ( 'NONE', #6714, #2275 ) ;
#6766 = CARTESIAN_POINT ( 'NONE',  ( 1.152290723179000054, 0.1148256074952000022, 0.009036971297050000462 ) ) ;
#6767 = CARTESIAN_POINT ( 'NONE',  ( 0.5837862971707000748, -0.1415729042388000070, 0.06355289392532992299 ) ) ;
#6768 = CARTESIAN_POINT ( 'NONE',  ( 1.390580833688000117, 0.000000000000000000, 0.000000000000000000 ) ) ;
#6769 = CARTESIAN_POINT ( 'NONE',  ( 0.07086614173227992475, 0.000000000000000000, -0.2755905511811023723 ) ) ;
#6770 = EDGE_CURVE ( 'NONE', #3092, #6320, #4606, .T. ) ;
#6771 = DIRECTION ( 'NONE',  ( 0.000000000000000000, 0.007242887910994336327, -0.9999737699433465243 ) ) ;
#6772 = CARTESIAN_POINT ( 'NONE',  ( 1.345596729418999882, 0.04780244526199000504, 0.09339407042860001229 ) ) ;
#6773 = ADVANCED_FACE ( 'NONE', ( #8716 ), #2515, .T. ) ;
#6774 = EDGE_CURVE ( 'NONE', #4697, #1624, #2604, .T. ) ;
#6775 = CARTESIAN_POINT ( 'NONE',  ( 0.7362204724408996093, 0.1866645544309000204, -0.1032247656370999800 ) ) ;
#6776 = CARTESIAN_POINT ( 'NONE',  ( 1.385213951524999931, 0.1036349864646999991, -0.04976489407191000275 ) ) ;
#6777 = ORIENTED_EDGE ( 'NONE', *, *, #8241, .F. ) ;
#6778 = CARTESIAN_POINT ( 'NONE',  ( 1.260553294019999937, -0.1157986565047000038, 0.03430112475518000414 ) ) ;
#6779 = EDGE_LOOP ( 'NONE', ( #8583, #870, #6009, #1708 ) ) ;
#6780 = CARTESIAN_POINT ( 'NONE',  ( 1.051011284295000792, -6.189844967847465334E-10, -0.1023603114228607974 ) ) ;
#6781 = CARTESIAN_POINT ( 'NONE',  ( 0.7361458027627009182, -0.1390666965395999932, 0.07386032959707992951 ) ) ;
#6782 = ORIENTED_EDGE ( 'NONE', *, *, #1819, .F. ) ;
#6783 = CIRCLE ( 'NONE', #8062, 0.1417322834646000118 ) ;
#6784 = ORIENTED_EDGE ( 'NONE', *, *, #9327, .F. ) ;
#6785 = CARTESIAN_POINT ( 'NONE',  ( 0.7362204724408996093, 0.000000000000000000, 0.000000000000000000 ) ) ;
#6786 = CYLINDRICAL_SURFACE ( 'NONE', #4156, 0.08267716535433068670 ) ;
#6787 = DIRECTION ( 'NONE',  ( 0.000000000000000000, 0.000000000000000000, 1.000000000000000000 ) ) ;
#6788 = CARTESIAN_POINT ( 'NONE',  ( 0.9842519685038996213, 0.000000000000000000, 0.000000000000000000 ) ) ;
#6789 = CARTESIAN_POINT ( 'NONE',  ( 1.369257362262000122, 0.02630084426592000160, 0.1185367560071999976 ) ) ;
#6790 = ORIENTED_EDGE ( 'NONE', *, *, #5315, .T. ) ;
#6791 = CARTESIAN_POINT ( 'NONE',  ( 1.094590803654999833, 0.008546205455997992265, 0.1203742491783000162 ) ) ;
#6792 = FACE_OUTER_BOUND ( 'NONE', #2583, .T. ) ;
#6793 = CARTESIAN_POINT ( 'NONE',  ( 1.181894301597999908, 0.1018014538566000132, 0.01069976395653000033 ) ) ;
#6794 = DIRECTION ( 'NONE',  ( 0.000000000000000000, -0.8660254037844289376, 0.5000000000000169864 ) ) ;
#6795 = AXIS2_PLACEMENT_3D ( 'NONE', #2983, #3030, #2167 ) ;
#6796 = CARTESIAN_POINT ( 'NONE',  ( 0.000000000000000000, 0.000000000000000000, -0.1023622047244000105 ) ) ;
#6797 = ORIENTED_EDGE ( 'NONE', *, *, #4181, .T. ) ;
#6798 = ORIENTED_EDGE ( 'NONE', *, *, #1193, .F. ) ;
#6799 = VERTEX_POINT ( 'NONE', #5068 ) ;
#6800 = CARTESIAN_POINT ( 'NONE',  ( 0.7294081141038994964, -0.01468443862851999925, -0.1550353186167000019 ) ) ;
#6801 = CARTESIAN_POINT ( 'NONE',  ( 0.7346171346687991877, -0.009990493613277992221, -0.2070131803426999706 ) ) ;
#6802 = CIRCLE ( 'NONE', #2423, 0.3149606299213000282 ) ;
#6803 = DIRECTION ( 'NONE',  ( 0.000000000000000000, 1.000000000000000000, 0.000000000000000000 ) ) ;
#6804 = CARTESIAN_POINT ( 'NONE',  ( 1.222932257615392038, -0.008187905214245862900, 0.1040372000125746460 ) ) ;
#6805 = DIRECTION ( 'NONE',  ( -1.000000000000000000, 0.000000000000000000, 0.000000000000000000 ) ) ;
#6806 = CARTESIAN_POINT ( 'NONE',  ( 1.173626250958249795, -0.1181102362205000422, 0.01546059376766979916 ) ) ;
#6807 = CARTESIAN_POINT ( 'NONE',  ( 1.208885211367999979, -0.1095433277718000087, 0.03559278482678999989 ) ) ;
#6808 = CIRCLE ( 'NONE', #7129, 0.08267716535433068670 ) ;
#6809 = CARTESIAN_POINT ( 'NONE',  ( 0.07086614173227992475, 0.000000000000000000, 0.000000000000000000 ) ) ;
#6810 = EDGE_CURVE ( 'NONE', #7649, #2837, #8645, .T. ) ;
#6811 = CARTESIAN_POINT ( 'NONE',  ( 1.089412955600999933, -0.1095517057279000034, 0.002868712373963000148 ) ) ;
#6812 = CARTESIAN_POINT ( 'NONE',  ( 1.283534387441748859, -0.01546059376766992406, 0.1181102362204999867 ) ) ;
#6813 = CARTESIAN_POINT ( 'NONE',  ( 1.166323442829666712, 0.1125935275257113205, 0.04120276216306606454 ) ) ;
#6814 = CARTESIAN_POINT ( 'NONE',  ( 0.5787401574803000548, -0.01574803149606000124, -0.1474010710961000115 ) ) ;
#6815 = DIRECTION ( 'NONE',  ( -1.000000000000000000, 0.000000000000000000, 0.000000000000000000 ) ) ;
#6816 = CARTESIAN_POINT ( 'NONE',  ( 1.321498960390000033, -0.09689884475210000514, -0.04022598257578000741 ) ) ;
#6817 = DIRECTION ( 'NONE',  ( 0.000000000000000000, 0.000000000000000000, -1.000000000000000000 ) ) ;
#6818 = CARTESIAN_POINT ( 'NONE',  ( 1.355710527779999897, -0.006725321941119999890, 0.1091762471428000120 ) ) ;
#6819 = EDGE_CURVE ( 'NONE', #5350, #8032, #923, .T. ) ;
#6820 = CARTESIAN_POINT ( 'NONE',  ( 1.174798945891749824, -0.01546059376766992580, 0.1181102362205000422 ) ) ;
#6821 = CARTESIAN_POINT ( 'NONE',  ( 1.202974553863000118, 0.1206065689567999977, -0.006320722445972992015 ) ) ;
#6822 = AXIS2_PLACEMENT_3D ( 'NONE', #5992, #1359, #3025 ) ;
#6823 = LINE ( 'NONE', #1976, #3072 ) ;
#6824 = EDGE_CURVE ( 'NONE', #2832, #4697, #632, .T. ) ;
#6825 = VERTEX_POINT ( 'NONE', #1236 ) ;
#6826 = CARTESIAN_POINT ( 'NONE',  ( 0.7360889429602007761, 0.1797539980930999981, 0.1108057668938000062 ) ) ;
#6827 = ORIENTED_EDGE ( 'NONE', *, *, #2748, .T. ) ;
#6828 = CARTESIAN_POINT ( 'NONE',  ( 1.000000082603502927, -0.03116626769020664628, 0.1732283464567000442 ) ) ;
#6829 = CARTESIAN_POINT ( 'NONE',  ( 0.7261087826327008443, 0.1256086753131999967, 0.09061099274377992785 ) ) ;
#6830 = CARTESIAN_POINT ( 'NONE',  ( 0.5788054699796000291, -0.01574803149606000124, 0.1482276112777000110 ) ) ;
#6831 = CARTESIAN_POINT ( 'NONE',  ( 1.362028031553000007, 0.1190301596353999930, 0.02396826136276000024 ) ) ;
#6832 = ORIENTED_EDGE ( 'NONE', *, *, #7060, .F. ) ;
#6833 = CARTESIAN_POINT ( 'NONE',  ( 1.071615071054000001, -0.06774548343216003909, -0.09986764725116002717 ) ) ;
#6834 = CARTESIAN_POINT ( 'NONE',  ( 0.9763779527559055538, -0.09399477469537993735, 0.1751968503937007815 ) ) ;
#6835 = CARTESIAN_POINT ( 'NONE',  ( 1.305581965640000064, 0.05683715052910000981, 0.08752153721173996925 ) ) ;
#6836 = CARTESIAN_POINT ( 'NONE',  ( 1.000000086036999969, -0.09349879745523995145, -0.1732284221662000190 ) ) ;
#6837 = ORIENTED_EDGE ( 'NONE', *, *, #6929, .F. ) ;
#6838 = CARTESIAN_POINT ( 'NONE',  ( 0.4921259842520000483, -0.5314960629921000601, 0.3740157480314960647 ) ) ;
#6839 = VERTEX_POINT ( 'NONE', #4323 ) ;
#6840 = FACE_OUTER_BOUND ( 'NONE', #3248, .T. ) ;
#6841 = CARTESIAN_POINT ( 'NONE',  ( 1.311774011509000193, 0.000000000000000000, -0.1181102362205000006 ) ) ;
#6842 = CARTESIAN_POINT ( 'NONE',  ( 1.249905778517000021, -0.1032031167347789991, 0.05948255673673419341 ) ) ;
#6843 = DIRECTION ( 'NONE',  ( -1.000000000000000000, 0.000000000000000000, 0.000000000000000000 ) ) ;
#6844 = CARTESIAN_POINT ( 'NONE',  ( 0.9842519685038996213, -0.09595320950357008605, 0.1830708661417000116 ) ) ;
#6845 = CARTESIAN_POINT ( 'NONE',  ( 0.7244094488188976833, -0.1409286094185999982, 0.06318091013743996898 ) ) ;
#6846 = CARTESIAN_POINT ( 'NONE',  ( 1.168840039994000213, 0.07723822245049999369, -0.06951855467168996383 ) ) ;
#6847 = CARTESIAN_POINT ( 'NONE',  ( 1.250502194446000193, -0.09344020400132992121, -0.05726023065597000972 ) ) ;
#6848 = ORIENTED_EDGE ( 'NONE', *, *, #7578, .F. ) ;
#6849 = AXIS2_PLACEMENT_3D ( 'NONE', #6197, #9894, #8566 ) ;
#6850 = DIRECTION ( 'NONE',  ( 1.000000000000000000, 0.000000000000000000, 0.000000000000000000 ) ) ;
#6851 = CARTESIAN_POINT ( 'NONE',  ( 1.144859149826999989, 0.09031537852314999726, -0.06207203992786004126 ) ) ;
#6852 = CARTESIAN_POINT ( 'NONE',  ( 0.5984251968503937480, -0.1126864528502000001, 0.04687529344016000410 ) ) ;
#6853 = ORIENTED_EDGE ( 'NONE', *, *, #379, .F. ) ;
#6854 = CARTESIAN_POINT ( 'NONE',  ( 0.7280600717204999128, 0.01516969372517000189, 0.2015020754713999773 ) ) ;
#6855 = CARTESIAN_POINT ( 'NONE',  ( 1.105974546880426956, -0.02705578279948890608, 0.1007057273600259900 ) ) ;
#6856 = AXIS2_PLACEMENT_3D ( 'NONE', #2577, #7894, #5609 ) ;
#6857 = VECTOR ( 'NONE', #3360, 39.37007874015748143 ) ;
#6858 = CARTESIAN_POINT ( 'NONE',  ( 1.333547844905000002, 0.07117722443235000029, -0.07708001613486005488 ) ) ;
#6859 = CARTESIAN_POINT ( 'NONE',  ( 0.5810294838684999519, 0.1400374037106000003, -0.06266637228197992349 ) ) ;
#6860 = CARTESIAN_POINT ( 'NONE',  ( 1.332284859939000032, -0.003124696206632000296, -0.1037552537671000003 ) ) ;
#6861 = ADVANCED_FACE ( 'NONE', ( #4469 ), #9456, .F. ) ;
#6862 = DIRECTION ( 'NONE',  ( 0.000000000000000000, -0.02217466440694089436, 0.9997541118987407494 ) ) ;
#6863 = CARTESIAN_POINT ( 'NONE',  ( 1.207239645725999955, 0.09770666751137992156, 0.07098804921670000267 ) ) ;
#6864 = DIRECTION ( 'NONE',  ( 1.000000000000000000, 0.000000000000000000, 0.000000000000000000 ) ) ;
#6865 = EDGE_LOOP ( 'NONE', ( #2582, #4681, #690, #2683, #2437, #2069 ) ) ;
#6866 = FACE_OUTER_BOUND ( 'NONE', #5610, .T. ) ;
#6867 = ORIENTED_EDGE ( 'NONE', *, *, #8294, .F. ) ;
#6868 = EDGE_CURVE ( 'NONE', #3708, #679, #2354, .T. ) ;
#6869 = ADVANCED_FACE ( 'NONE', ( #1291 ), #5927, .F. ) ;
#6870 = CARTESIAN_POINT ( 'NONE',  ( 0.7344555622518996740, 0.1305908599656999958, 0.08720113035038996874 ) ) ;
#6871 = CARTESIAN_POINT ( 'NONE',  ( 1.301783608980999984, -0.1214146964885000207, -0.001080930350466000099 ) ) ;
#6872 = PRODUCT_DEFINITION_CONTEXT ( 'detailed design', #8321, 'design' ) ;
#6873 = B_SPLINE_CURVE_WITH_KNOTS ( 'NONE', 3,
 ( #2057, #6718, #401, #4287, #3590, #9732, #3695, #2156, #5037, #5943, #452 ),
 .UNSPECIFIED., .F., .F.,
 ( 4, 1, 1, 1, 1, 1, 1, 1, 4 ),
 ( 0.000000000000000000, 0.1250000000000000000, 0.2500000000000000000, 0.3750000000000000000, 0.5000000000000000000, 0.6250000000000000000, 0.7500000000000000000, 0.8750000000000000000, 1.000000000000000000 ),
 .UNSPECIFIED. ) ;
#6874 = CARTESIAN_POINT ( 'NONE',  ( 1.138453565892000086, -0.07265916122698996837, 0.09635166725455000802 ) ) ;
#6875 = VECTOR ( 'NONE', #1984, 39.37007874015748143 ) ;
#6876 = LINE ( 'NONE', #828, #2673 ) ;
#6877 = VERTEX_POINT ( 'NONE', #5220 ) ;
#6878 = CARTESIAN_POINT ( 'NONE',  ( 1.309847057502999901, -0.01090832490354999920, 0.1037857943025000118 ) ) ;
#6879 = ORIENTED_EDGE ( 'NONE', *, *, #457, .T. ) ;
#6880 = DIRECTION ( 'NONE',  ( -1.000000000000000000, 0.000000000000000000, 0.000000000000000000 ) ) ;
#6881 = ORIENTED_EDGE ( 'NONE', *, *, #6995, .F. ) ;
#6882 = VECTOR ( 'NONE', #5323, 39.37007874015748143 ) ;
#6883 = VECTOR ( 'NONE', #7785, 39.37007874015748143 ) ;
#6884 = EDGE_CURVE ( 'NONE', #7176, #5690, #8257, .T. ) ;
#6885 = DIRECTION ( 'NONE',  ( 1.000000000000000000, 0.000000000000000000, 0.000000000000000000 ) ) ;
#6886 = ORIENTED_EDGE ( 'NONE', *, *, #589, .F. ) ;
#6887 = DIRECTION ( 'NONE',  ( 0.000000000000000000, -0.4727657974777818572, 0.8811881188118667607 ) ) ;
#6888 = CARTESIAN_POINT ( 'NONE',  ( 1.290448552191499676, 0.03091510445189025666, 0.1150361429136075447 ) ) ;
#6889 = DIRECTION ( 'NONE',  ( 1.000000000000000000, 0.000000000000000000, 0.000000000000000000 ) ) ;
#6890 = FACE_OUTER_BOUND ( 'NONE', #262, .T. ) ;
#6891 = DIRECTION ( 'NONE',  ( 0.000000000000000000, 1.000000000000000000, 0.000000000000000000 ) ) ;
#6892 = CARTESIAN_POINT ( 'NONE',  ( 1.158042261456999622, 0.1032031167347786799, 0.05948255673673467220 ) ) ;
#6893 = TOROIDAL_SURFACE ( 'NONE', #6409, 0.2795275590551000167, 0.003937007874016000379 ) ;
#6894 = CARTESIAN_POINT ( 'NONE',  ( 1.069811137613339902, -0.09444906908075767493, -0.07258323876094559257 ) ) ;
#6895 = VECTOR ( 'NONE', #1370, 39.37007874015748143 ) ;
#6897 = B_SPLINE_SURFACE_WITH_KNOTS ( 'NONE', 3, 3, ( 
 ( #9690, #2678, #7278, #4248, #9644, #352, #2729, #1913, #5806, #8847, #7934, #8738, #1059, #7228, #3443, #302, #7326, #3391, #5849, #556, #5197, #5245, #3642, #8945, #3593, #5294, #6722, #8328, #2006, #9735, #9787, #6041, #2882, #3745, #1409 ),
 ( #4338, #9045, #8994, #4490, #9930, #1255, #5945, #506, #7478, #2062, #9888, #2112, #2978, #8281, #7582, #1357, #4437, #7524, #614, #3699, #6772, #9135, #5893, #7428, #2929, #6858, #658, #8225, #9838, #2828, #6816, #2209, #8376, #1457, #5989 ),
 ( #6673, #4535, #9091, #7626, #4384, #704, #2159, #5088, #3785, #8175, #5146, #1311, #3023, #75, #9984, #5335, #4629, #1554, #6148, #1503, #907, #4729, #8424, #9330, #7672, #2256, #1656, #753, #22, #6912, #4578, #6957, #3930, #7722, #3230 ),
 ( #4676, #5429, #7066, #2402, #860, #8561, #8513, #7822, #133, #3985, #6297, #2352, #3839, #808, #5381, #6100, #3886, #3121, #7003, #6191, #9186, #9279, #3073, #7769, #9236, #8469, #1602, #3172, #2305, #6248, #5478, #1443, #2966, #5281, #5134 ) ),
 .UNSPECIFIED., .F., .F., .F.,
 ( 4, 4 ),
 ( 4, 1, 1, 1, 1, 1, 1, 1, 1, 1, 1, 1, 1, 1, 1, 1, 1, 1, 1, 1, 1, 1, 1, 1, 1, 1, 1, 1, 1, 1, 1, 1, 4 ),
 ( -0.03448593916367000134, 1.034485939164000001 ),
 ( 0.4237000000000000210, 0.4420625000000000249, 0.4604249999999999732, 0.4787874999999999770, 0.4971499999999999808, 0.5155125000000000401, 0.5338749999999999885, 0.5522375000000000478, 0.5705999999999999961, 0.5889625000000000554, 0.6073250000000000037, 0.6256874999999999520, 0.6440500000000000114, 0.6624124999999999597, 0.6807750000000000190, 0.6991374999999999673, 0.7175000000000000266, 0.7358624999999999750, 0.7542250000000000343, 0.7725874999999999826, 0.7909500000000000419, 0.8093124999999999902, 0.8276750000000000496, 0.8460374999999999979, 0.8643999999999999462, 0.8827625000000000055, 0.9011249999999999538, 0.9194875000000000131, 0.9378499999999999615, 0.9562125000000000208, 0.9745749999999999691, 0.9929375000000000284, 1.011300000000000088 ),
 .UNSPECIFIED. ) ;
#6896 = CARTESIAN_POINT ( 'NONE',  ( 1.000000080887000209, 0.09349880026292992086, -0.1732278469391000109 ) ) ;
#6898 = CYLINDRICAL_SURFACE ( 'NONE', #342, 0.1122047244094000057 ) ;
#6899 = CARTESIAN_POINT ( 'NONE',  ( 1.312346026466999938, 0.05968658845680000630, 0.09190928686668996261 ) ) ;
#6900 = VERTEX_POINT ( 'NONE', #8303 ) ;
#6901 = CARTESIAN_POINT ( 'NONE',  ( 0.7244094488188976833, -0.1409286094185999982, -0.06318091013743996898 ) ) ;
#6902 = CIRCLE ( 'NONE', #114, 0.01181102362204999867 ) ;
#6903 = CIRCLE ( 'NONE', #8192, 0.2795275590551000167 ) ;
#6904 = ORIENTED_EDGE ( 'NONE', *, *, #8727, .F. ) ;
#6905 = LINE ( 'NONE', #3924, #3262 ) ;
#6906 = CARTESIAN_POINT ( 'NONE',  ( 1.129931328304000004, -0.1082400335959999987, -0.01714353714179999918 ) ) ;
#6907 = PLANE ( 'NONE',  #9494 ) ;
#6908 = CARTESIAN_POINT ( 'NONE',  ( 1.116211552795749684, 0.1181102362204999590, 0.01546059376767032131 ) ) ;
#6909 = AXIS2_PLACEMENT_3D ( 'NONE', #7492, #7302, #6787 ) ;
#6910 = LINE ( 'NONE', #2349, #8821 ) ;
#6911 = CARTESIAN_POINT ( 'NONE',  ( 0.7244094488188976833, 0.000000000000000000, 0.000000000000000000 ) ) ;
#6912 = CARTESIAN_POINT ( 'NONE',  ( 1.319700186591000080, -0.07472918482929999384, -0.07364155170946004580 ) ) ;
#6913 = EDGE_CURVE ( 'NONE', #9296, #1215, #1714, .T. ) ;
#6914 = CYLINDRICAL_SURFACE ( 'NONE', #5997, 0.08267716535433068670 ) ;
#6915 = CARTESIAN_POINT ( 'NONE',  ( 1.372803232643000193, 0.01583551993381999978, -0.1025872916220000181 ) ) ;
#6916 = CARTESIAN_POINT ( 'NONE',  ( 0.9107611812405334017, 0.09349883745985163030, -0.1732283028082439447 ) ) ;
#6917 = VERTEX_POINT ( 'NONE', #1336 ) ;
#6918 = CARTESIAN_POINT ( 'NONE',  ( 1.209372191658000029, 0.06840606100042008475, 0.09953143637152993273 ) ) ;
#6919 = CARTESIAN_POINT ( 'NONE',  ( 0.7401574803150000603, 0.000000000000000000, -0.1535433070865999949 ) ) ;
#6920 = CARTESIAN_POINT ( 'NONE',  ( 0.5787401574803000548, 0.000000000000000000, 0.000000000000000000 ) ) ;
#6921 = ADVANCED_FACE ( 'NONE', ( #4414, #4460 ), #584, .T. ) ;
#6922 = CARTESIAN_POINT ( 'NONE',  ( 0.6804168098318996716, 0.1310778715394000093, -0.05749358397114000263 ) ) ;
#6923 = VERTEX_POINT ( 'NONE', #6745 ) ;
#6924 = DIRECTION ( 'NONE',  ( 0.000000000000000000, 0.000000000000000000, -1.000000000000000000 ) ) ;
#6925 = DIRECTION ( 'NONE',  ( -1.000000000000000000, 0.000000000000000000, 0.000000000000000000 ) ) ;
#6926 = CARTESIAN_POINT ( 'NONE',  ( 1.011811154536212065, -0.03015523360807666198, -0.1614171919204878680 ) ) ;
#6927 = CARTESIAN_POINT ( 'NONE',  ( 1.215705154634999952, 0.06207203992786004126, 0.09031537852314999726 ) ) ;
#6928 = B_SPLINE_CURVE_WITH_KNOTS ( 'NONE', 3,
 ( #8615, #6256, #1707, #815, #7881, #27, #5341, #3891, #4735, #1661, #188 ),
 .UNSPECIFIED., .F., .F.,
 ( 4, 1, 1, 1, 1, 1, 1, 1, 4 ),
 ( 0.000000000000000000, 0.1250000000000000000, 0.2500000000000000000, 0.3750000000000000000, 0.5000000000000000000, 0.6250000000000000000, 0.7500000000000000000, 0.8750000000000000000, 1.000000000000000000 ),
 .UNSPECIFIED. ) ;
#6929 = EDGE_CURVE ( 'NONE', #37, #209, #4949, .T. ) ;
#6930 = CARTESIAN_POINT ( 'NONE',  ( 0.7294509068517992523, 0.1823135949437000025, -0.08833649476327007366 ) ) ;
#6931 = ORIENTED_EDGE ( 'NONE', *, *, #7080, .T. ) ;
#6932 = CARTESIAN_POINT ( 'NONE',  ( 1.254457404438999779, 0.1020770065874999910, -0.02169713754582000206 ) ) ;
#6933 = ORIENTED_EDGE ( 'NONE', *, *, #2618, .T. ) ;
#6934 = VERTEX_POINT ( 'NONE', #2901 ) ;
#6935 = CARTESIAN_POINT ( 'NONE',  ( 1.210535699776999818, -0.1032031167347789991, 0.05948255673673419341 ) ) ;
#6936 = CARTESIAN_POINT ( 'NONE',  ( 0.5787401574803000548, 0.01574803149606000124, -0.1210269775506999934 ) ) ;
#6937 = CARTESIAN_POINT ( 'NONE',  ( 1.000000086036999969, -0.09349879745523995145, -0.1732284221662000190 ) ) ;
#6938 = CARTESIAN_POINT ( 'NONE',  ( 0.7360889355193996897, -0.006083670703963996694, -0.2110743499194999984 ) ) ;
#6939 = CARTESIAN_POINT ( 'NONE',  ( 1.236782418936999806, 0.1032031167347787215, 0.05948255673673469995 ) ) ;
#6940 = ADVANCED_FACE ( 'NONE', ( #7553, #7473, #7521, #5986, #551, #3638 ), #3489, .F. ) ;
#6941 = ORIENTED_EDGE ( 'NONE', *, *, #8393, .F. ) ;
#6942 = CARTESIAN_POINT ( 'NONE',  ( 0.6102362204723996708, -0.2755905511811023723, 0.000000000000000000 ) ) ;
#6943 = CARTESIAN_POINT ( 'NONE',  ( 1.381889763780000280, 0.02679309053112013603, 0.09969799052317285248 ) ) ;
#6944 = CARTESIAN_POINT ( 'NONE',  ( 0.5393700787402000429, 0.000000000000000000, 0.000000000000000000 ) ) ;
#6945 = AXIS2_PLACEMENT_3D ( 'NONE', #4867, #8809, #9518 ) ;
#6946 = CARTESIAN_POINT ( 'NONE',  ( 1.182648560669500082, -0.03091510445189051687, -0.1150361429136075309 ) ) ;
#6947 = CARTESIAN_POINT ( 'NONE',  ( 1.273960199695999940, 0.04457396741637999898, 0.1001147699759999954 ) ) ;
#6948 = ORIENTED_EDGE ( 'NONE', *, *, #1308, .F. ) ;
#6949 = CIRCLE ( 'NONE', #2110, 0.1553113939094000473 ) ;
#6950 = DIRECTION ( 'NONE',  ( -1.000000000000000000, 0.000000000000000000, 0.000000000000000000 ) ) ;
#6951 = CARTESIAN_POINT ( 'NONE',  ( 1.168317155076000091, -0.1095892592298000068, -1.284870461343000022E-13 ) ) ;
#6952 = CARTESIAN_POINT ( 'NONE',  ( 1.338020730668999958, -0.1032031167347789991, 0.05948255673673419341 ) ) ;
#6953 = CARTESIAN_POINT ( 'NONE',  ( 1.310680398210666509, -0.02061412502356034862, -0.1181102362205000422 ) ) ;
#6954 = AXIS2_PLACEMENT_3D ( 'NONE', #4326, #2863, #1294 ) ;
#6955 = CARTESIAN_POINT ( 'NONE',  ( 1.072555299461488865, -0.09764289876633280851, 0.03659949762661476175 ) ) ;
#6956 = B_SPLINE_CURVE_WITH_KNOTS ( 'NONE', 3,
 ( #6549, #1141, #2764, #5132, #6604, #7510 ),
 .UNSPECIFIED., .F., .F.,
 ( 4, 1, 1, 4 ),
 ( 0.000000000000000000, 0.3333333333333000081, 0.6666666666667000474, 1.000000000000000000 ),
 .UNSPECIFIED. ) ;
#6957 = CARTESIAN_POINT ( 'NONE',  ( 1.314880632785000225, -0.1049127410514000130, -0.0009340167972486004399 ) ) ;
#6958 = DIRECTION ( 'NONE',  ( 0.000000000000000000, 3.012892406066998580E-08, 0.9999999999999995559 ) ) ;
#6959 = VECTOR ( 'NONE', #8543, 39.37007874015748143 ) ;
#6960 = CARTESIAN_POINT ( 'NONE',  ( 1.374829151277999983, 0.04760887750893999515, -0.09224051396369999101 ) ) ;
#6961 = CARTESIAN_POINT ( 'NONE',  ( 0.7519685039370078705, 0.000000000000000000, 0.000000000000000000 ) ) ;
#6962 = CARTESIAN_POINT ( 'NONE',  ( 1.258420748089000174, -0.09770666751137992156, 0.07098804921670000267 ) ) ;
#6963 = CARTESIAN_POINT ( 'NONE',  ( 0.5830288604789000129, 0.1255515169379000096, -0.09067146254816003947 ) ) ;
#6964 = VERTEX_POINT ( 'NONE', #5084 ) ;
#6965 = LINE ( 'NONE', #29, #4454 ) ;
#6966 = DIRECTION ( 'NONE',  ( 0.000000000000000000, 0.000000000000000000, 1.000000000000000000 ) ) ;
#6967 = CARTESIAN_POINT ( 'NONE',  ( 1.327945533787731724, 0.09490010159063837214, -0.04474767031360023933 ) ) ;
#6968 = CARTESIAN_POINT ( 'NONE',  ( 0.6752388309204999661, 0.01574803149606000124, -0.1842351283338999890 ) ) ;
#6969 = VERTEX_POINT ( 'NONE', #5193 ) ;
#6970 = CIRCLE ( 'NONE', #2956, 0.007874015748031039721 ) ;
#6971 = DIRECTION ( 'NONE',  ( 0.000000000000000000, -0.6802292652421150221, 0.7329994179453162007 ) ) ;
#6972 = ORIENTED_EDGE ( 'NONE', *, *, #6555, .T. ) ;
#6973 = ORIENTED_EDGE ( 'NONE', *, *, #1933, .T. ) ;
#6974 = B_SPLINE_CURVE_WITH_KNOTS ( 'NONE', 3,
 ( #3404, #4185, #8834, #8066, #5696, #182 ),
 .UNSPECIFIED., .F., .F.,
 ( 4, 1, 1, 4 ),
 ( 0.000000000000000000, 0.3333333333333000081, 0.6666666666667000474, 1.000000000000000000 ),
 .UNSPECIFIED. ) ;
#6975 = B_SPLINE_CURVE_WITH_KNOTS ( 'NONE', 3,
 ( #7620, #2001, #5082, #8168, #1248, #7422 ),
 .UNSPECIFIED., .F., .F.,
 ( 4, 1, 1, 4 ),
 ( 0.000000000000000000, 0.3333333333333000081, 0.6666666666667000474, 1.000000000000000000 ),
 .UNSPECIFIED. ) ;
#6976 = EDGE_LOOP ( 'NONE', ( #9995, #7007, #7437, #1670 ) ) ;
#6977 = CARTESIAN_POINT ( 'NONE',  ( 0.3149606299213000282, 0.000000000000000000, -0.2263779527559000304 ) ) ;
#6978 = ORIENTED_EDGE ( 'NONE', *, *, #6610, .F. ) ;
#6979 = CARTESIAN_POINT ( 'NONE',  ( 1.186215934623000123, 0.01090832490354999920, 0.1037857943025000118 ) ) ;
#6980 = VERTEX_POINT ( 'NONE', #7423 ) ;
#6981 = ORIENTED_EDGE ( 'NONE', *, *, #5376, .T. ) ;
#6982 = EDGE_CURVE ( 'NONE', #4694, #2260, #5582, .T. ) ;
#6983 = DIRECTION ( 'NONE',  ( 1.000000000000000000, 0.000000000000000000, 0.000000000000000000 ) ) ;
#6984 = VERTEX_POINT ( 'NONE', #5802 ) ;
#6985 = CARTESIAN_POINT ( 'NONE',  ( 0.5984251968503937480, 0.1220472440945000042, 0.000000000000000000 ) ) ;
#6986 = CARTESIAN_POINT ( 'NONE',  ( 0.7283464566928996575, 0.000000000000000000, 0.000000000000000000 ) ) ;
#6987 = CARTESIAN_POINT ( 'NONE',  ( 1.254827038359499713, -0.1150361429136074198, -0.03091510445189083259 ) ) ;
#6988 = CARTESIAN_POINT ( 'NONE',  ( 1.378249817771088681, 0.06519140456124820904, -0.08471827464627258719 ) ) ;
#6989 = CARTESIAN_POINT ( 'NONE',  ( 1.381889763779999836, 7.680926463688995436E-12, 0.1023622047244000105 ) ) ;
#6990 = CARTESIAN_POINT ( 'NONE',  ( 1.143630966889249700, -0.1181102362205000006, 0.01546059376766979396 ) ) ;
#6991 = LINE ( 'NONE', #5466, #6746 ) ;
#6992 = CARTESIAN_POINT ( 'NONE',  ( 1.095735436266000118, 0.1024782569800000015, 0.01722729483176000179 ) ) ;
#6993 = CARTESIAN_POINT ( 'NONE',  ( 1.299550750877000116, 0.05479462961503000357, -0.09490708247489999805 ) ) ;
#6994 = VERTEX_POINT ( 'NONE', #502 ) ;
#6995 = EDGE_CURVE ( 'NONE', #5965, #7914, #6061, .T. ) ;
#6996 = EDGE_CURVE ( 'NONE', #5937, #2642, #1233, .T. ) ;
#6997 = CARTESIAN_POINT ( 'NONE',  ( 0.6284087203132993071, -0.1541934453075999856, -0.07083936670872008345 ) ) ;
#6998 = CARTESIAN_POINT ( 'NONE',  ( 1.181112430667000002, 0.04975248304186000170, -0.09764474530216003811 ) ) ;
#6999 = CARTESIAN_POINT ( 'NONE',  ( 1.331459050879000072, 0.000000000000000000, 0.1181102362205000006 ) ) ;
#7000 = CARTESIAN_POINT ( 'NONE',  ( 1.167417056127999953, 0.1022864650138999992, 0.05905511811023995972 ) ) ;
#7001 = CARTESIAN_POINT ( 'NONE',  ( 1.124772873553488761, 0.01258166840694196174, -0.1035150256055164392 ) ) ;
#7002 = CARTESIAN_POINT ( 'NONE',  ( 1.368676176733239158, -0.05376119431681999905, -0.09009583869482007401 ) ) ;
#7003 = CARTESIAN_POINT ( 'NONE',  ( 1.341999181820999976, -0.03061339617533000157, 0.1003511142880000040 ) ) ;
#7004 = AXIS2_PLACEMENT_3D ( 'NONE', #3127, #8427, #3889 ) ;
#7005 = CARTESIAN_POINT ( 'NONE',  ( 1.228346486103482516, 0.08442696480807007631, 0.06133978044347008357 ) ) ;
#7006 = CARTESIAN_POINT ( 'NONE',  ( 0.5787401574803000548, 0.1126864528502000001, 0.04687529344016000410 ) ) ;
#7007 = ORIENTED_EDGE ( 'NONE', *, *, #5831, .F. ) ;
#7008 = CARTESIAN_POINT ( 'NONE',  ( 1.245625472498000041, 0.1076087138029000051, 0.05482937826992000108 ) ) ;
#7009 = FACE_OUTER_BOUND ( 'NONE', #799, .T. ) ;
#7010 = CONICAL_SURFACE ( 'NONE', #405, 0.2657480314871999982, 0.7853981633972997312 ) ;
#7011 = CARTESIAN_POINT ( 'NONE',  ( 1.370103450638396447, -0.1145174216139499823, -0.02066049942948073107 ) ) ;
#7012 = CARTESIAN_POINT ( 'NONE',  ( 0.7346171346687991877, -0.1842739199017000007, -0.09485456890592008916 ) ) ;
#7013 = ORIENTED_EDGE ( 'NONE', *, *, #4832, .F. ) ;
#7014 = LINE ( 'NONE', #3290, #8682 ) ;
#7015 = CARTESIAN_POINT ( 'NONE',  ( 0.5787401574803000548, -0.01574803149606000124, 0.1469816999198000074 ) ) ;
#7016 = EDGE_LOOP ( 'NONE', ( #9199, #9962, #5810, #7590 ) ) ;
#7017 = VECTOR ( 'NONE', #9999, 39.37007874015748143 ) ;
#7018 = CARTESIAN_POINT ( 'NONE',  ( 1.040284526598999948, 0.07653641622896004137, -0.09330161555287991293 ) ) ;
#7019 = EDGE_LOOP ( 'NONE', ( #4200, #5442 ) ) ;
#7020 = ORIENTED_EDGE ( 'NONE', *, *, #2041, .T. ) ;
#7021 = CARTESIAN_POINT ( 'NONE',  ( 1.211440062772000115, 0.1050763444793000045, 0.03112503123606000233 ) ) ;
#7022 = DIRECTION ( 'NONE',  ( -1.000000000000000000, 0.000000000000000000, 0.000000000000000000 ) ) ;
#7023 = VERTEX_POINT ( 'NONE', #2725 ) ;
#7024 = CARTESIAN_POINT ( 'NONE',  ( 1.294975777141999851, 0.1043217069378999939, -0.002731760046629999519 ) ) ;
#7025 = AXIS2_PLACEMENT_3D ( 'NONE', #9558, #2633, #5723 ) ;
#7026 = VERTEX_POINT ( 'NONE', #1199 ) ;
#7027 = ORIENTED_EDGE ( 'NONE', *, *, #1644, .F. ) ;
#7028 = DIRECTION ( 'NONE',  ( 0.000000000000000000, -1.000000000000000000, 0.000000000000000000 ) ) ;
#7029 = B_SPLINE_CURVE_WITH_KNOTS ( 'NONE', 3,
 ( #4741, #9398, #6926, #8528 ),
 .UNSPECIFIED., .F., .F.,
 ( 4, 4 ),
 ( 0.000000000000000000, 1.000000000000000000 ),
 .UNSPECIFIED. ) ;
#7030 = DIRECTION ( 'NONE',  ( 1.000000000000000000, 0.000000000000000000, 0.000000000000000000 ) ) ;
#7031 = VERTEX_POINT ( 'NONE', #610 ) ;
#7032 = CARTESIAN_POINT ( 'NONE',  ( 0.6104330708661004357, 0.3740157480314960647, 0.5314960629921000601 ) ) ;
#7033 = CARTESIAN_POINT ( 'NONE',  ( 0.7095217622487006714, 0.1218478347396999978, -0.08853314063403995571 ) ) ;
#7034 = FACE_OUTER_BOUND ( 'NONE', #3548, .T. ) ;
#7035 = ORIENTED_EDGE ( 'NONE', *, *, #8982, .T. ) ;
#7036 = AXIS2_PLACEMENT_3D ( 'NONE', #1609, #5391, #5302 ) ;
#7037 = DIRECTION ( 'NONE',  ( -1.000000000000000000, 2.768605753405999827E-10, -2.721800630064999609E-10 ) ) ;
#7038 = CARTESIAN_POINT ( 'NONE',  ( 1.061266894295000096, 0.05910869382497991459, -0.08600371016382007960 ) ) ;
#7039 = DIRECTION ( 'NONE',  ( -1.000000000000000000, 0.000000000000000000, 0.000000000000000000 ) ) ;
#7040 = CARTESIAN_POINT ( 'NONE',  ( 1.153473486574249751, -0.01546059376766966906, -0.1181102362205000145 ) ) ;
#7041 = ORIENTED_EDGE ( 'NONE', *, *, #1448, .F. ) ;
#7042 = PLANE ( 'NONE',  #772 ) ;
#7043 = CARTESIAN_POINT ( 'NONE',  ( 1.156307822212000236, -0.09535767803122008335, -0.04129753117854999961 ) ) ;
#7044 = AXIS2_PLACEMENT_3D ( 'NONE', #301, #8788, #8026 ) ;
#7045 = CARTESIAN_POINT ( 'NONE',  ( 1.317709728706000227, -0.07353757175389999401, 0.07353769128401003996 ) ) ;
#7046 = VECTOR ( 'NONE', #8258, 39.37007874015748143 ) ;
#7047 = ORIENTED_EDGE ( 'NONE', *, *, #3858, .F. ) ;
#7048 = B_SPLINE_CURVE_WITH_KNOTS ( 'NONE', 3,
 ( #6341, #7040, #3106, #55, #843, #9221, #3920, #1640, #8598, #6990, #2288, #6178, #8653, #3156, #1686, #5366, #9264, #6227 ),
 .UNSPECIFIED., .F., .F.,
 ( 4, 2, 2, 2, 2, 2, 2, 2, 4 ),
 ( 0.000000000000000000, 0.1250000000000000000, 0.2500000000000000000, 0.3750000000000000000, 0.5000000000000000000, 0.6250000000000000000, 0.7500000000000000000, 0.8750000000000000000, 1.000000000000000000 ),
 .UNSPECIFIED. ) ;
#7049 = CARTESIAN_POINT ( 'NONE',  ( 1.047972380776856394, 0.1074617541615240923, -0.03274196889321858567 ) ) ;
#7050 = CARTESIAN_POINT ( 'NONE',  ( 0.7362204724408996093, -0.1340877566363000151, -0.08258824221029999191 ) ) ;
#7051 = EDGE_CURVE ( 'NONE', #2700, #3375, #6873, .T. ) ;
#7052 = CARTESIAN_POINT ( 'NONE',  ( 1.063512522548999861, 0.07755271211107993279, 0.06982877558142992769 ) ) ;
#7053 = VECTOR ( 'NONE', #680, 39.37007874015748143 ) ;
#7054 = AXIS2_PLACEMENT_3D ( 'NONE', #7859, #2544, #2391 ) ;
#7055 = CARTESIAN_POINT ( 'NONE',  ( 1.177945949177999996, 0.04721403516448000048, -0.09266276086047006699 ) ) ;
#7056 = CIRCLE ( 'NONE', #6404, 0.1122047244094000057 ) ;
#7057 = FACE_OUTER_BOUND ( 'NONE', #3939, .T. ) ;
#7058 = ADVANCED_FACE ( 'NONE', ( #6669 ), #4476, .T. ) ;
#7059 = B_SPLINE_CURVE_WITH_KNOTS ( 'NONE', 3,
 ( #3726, #5276, #9873, #5460, #685, #3822, #8361, #3008, #9310, #3058, #3869, #6939, #2334, #1534, #1488, #6078, #4562, #3103 ),
 .UNSPECIFIED., .F., .F.,
 ( 4, 2, 2, 2, 2, 2, 2, 2, 4 ),
 ( 0.000000000000000000, 0.1249999999999998890, 0.2499999999999997780, 0.3749999999999997780, 0.4999999999999997780, 0.6249999999999998890, 0.7499999999999998890, 0.8749999999999998890, 1.000000000000000000 ),
 .UNSPECIFIED. ) ;
#7060 = EDGE_CURVE ( 'NONE', #2461, #1215, #6562, .T. ) ;
#7061 = CARTESIAN_POINT ( 'NONE',  ( 1.329739549296333312, -0.1125935275257113483, 0.04120276216306589800 ) ) ;
#7062 = CARTESIAN_POINT ( 'NONE',  ( 1.064200487606488998, 0.01260682223139936511, 0.1035119651969670929 ) ) ;
#7063 = CIRCLE ( 'NONE', #4154, 0.2020722792146999736 ) ;
#7064 = AXIS2_PLACEMENT_3D ( 'NONE', #1809, #3441, #1855 ) ;
#7065 = B_SPLINE_SURFACE_WITH_KNOTS ( 'NONE', 3, 3, ( 
 ( #1851, #3331, #398, #8070 ),
 ( #1954, #347, #5036, #1197 ),
 ( #8681, #4893, #4285, #1053 ),
 ( #7973, #239, #9588, #3539 ) ),
 .UNSPECIFIED., .F., .F., .F.,
 ( 4, 4 ),
 ( 4, 4 ),
 ( -0.03448593916367000134, 0.8060528336729999577 ),
 ( -0.004854368932039000196, 0.2475728155340000125 ),
 .UNSPECIFIED. ) ;
#7066 = CARTESIAN_POINT ( 'NONE',  ( 1.380555612267000187, -0.01736205072612000133, 0.1034699282802000048 ) ) ;
#7067 = CARTESIAN_POINT ( 'NONE',  ( 1.275262496602482365, -0.02700970012306000076, 0.1008015731564999989 ) ) ;
#7068 = EDGE_CURVE ( 'NONE', #4853, #6520, #7377, .T. ) ;
#7069 = CARTESIAN_POINT ( 'NONE',  ( 1.344440371750000196, 0.09789362284907993095, 0.03452180520622000204 ) ) ;
#7070 = B_SPLINE_CURVE_WITH_KNOTS ( 'NONE', 3,
 ( #8655, #7624, #701, #9316 ),
 .UNSPECIFIED., .F., .F.,
 ( 4, 4 ),
 ( 0.000000000000000000, 1.000000000000000000 ),
 .UNSPECIFIED. ) ;
#7071 = CARTESIAN_POINT ( 'NONE',  ( 0.4921259842520000483, -0.2716535433071000094, 0.3543307086614000401 ) ) ;
#7072 = CARTESIAN_POINT ( 'NONE',  ( 1.157589750599000045, 0.1103307877425000055, 0.04912243157563000312 ) ) ;
#7073 = CARTESIAN_POINT ( 'NONE',  ( 0.8543306602647993131, 0.09046553671456003531, 0.1614172985173000230 ) ) ;
#7074 = CIRCLE ( 'NONE', #125, 0.2263779527559000304 ) ;
#7075 = EDGE_CURVE ( 'NONE', #6107, #8291, #7239, .T. ) ;
#7076 = CARTESIAN_POINT ( 'NONE',  ( 0.7095549599962007736, 0.01574803149606000124, -0.1497984718884000088 ) ) ;
#7077 = ORIENTED_EDGE ( 'NONE', *, *, #6810, .T. ) ;
#7078 = ORIENTED_EDGE ( 'NONE', *, *, #5358, .T. ) ;
#7079 = CARTESIAN_POINT ( 'NONE',  ( 0.8431417322834998673, 0.3740157480314960647, 0.3740157480314960647 ) ) ;
#7080 = EDGE_CURVE ( 'NONE', #7606, #490, #2108, .T. ) ;
#7081 = FACE_OUTER_BOUND ( 'NONE', #3707, .T. ) ;
#7082 = CARTESIAN_POINT ( 'NONE',  ( 1.308960896627999748, 0.1032031167347791240, -0.05948255673673399219 ) ) ;
#7083 = ORIENTED_EDGE ( 'NONE', *, *, #2115, .T. ) ;
#7084 = CARTESIAN_POINT ( 'NONE',  ( -0.02572414464757000196, 0.000000000000000000, 0.000000000000000000 ) ) ;
#7085 = CARTESIAN_POINT ( 'NONE',  ( 1.209307516840000041, 0.1094390709590000038, -0.005735458675759000542 ) ) ;
#7086 = ORIENTED_EDGE ( 'NONE', *, *, #8112, .T. ) ;
#7087 = CARTESIAN_POINT ( 'NONE',  ( 1.000000084320005644, -0.03116626488251664218, -0.1732283464567000442 ) ) ;
#7088 = ORIENTED_EDGE ( 'NONE', *, *, #5432, .F. ) ;
#7089 = CARTESIAN_POINT ( 'NONE',  ( 1.286445593415000088, 0.01901763795381000016, -0.1026099921947999927 ) ) ;
#7090 = VERTEX_POINT ( 'NONE', #5890 ) ;
#7091 = ORIENTED_EDGE ( 'NONE', *, *, #8907, .T. ) ;
#7092 = CARTESIAN_POINT ( 'NONE',  ( 1.345019930087000049, -0.06579872607252008898, 0.08125465973058995650 ) ) ;
#7093 = DIRECTION ( 'NONE',  ( -1.000000000000000000, 0.000000000000000000, 0.000000000000000000 ) ) ;
#7094 = DIRECTION ( 'NONE',  ( 0.000000000000000000, 0.000000000000000000, 1.000000000000000000 ) ) ;
#7095 = CARTESIAN_POINT ( 'NONE',  ( 1.219910494448332994, -0.1032031167347789991, 0.05948255673673419341 ) ) ;
#7096 = CARTESIAN_POINT ( 'NONE',  ( 1.319553805774000166, -0.08864826967872008190, 0.05118110236220000525 ) ) ;
#7097 = DIRECTION ( 'NONE',  ( 0.000000000000000000, 3.282220016608999807E-10, -1.000000000000000000 ) ) ;
#7098 = CARTESIAN_POINT ( 'NONE',  ( 1.176480915771000113, 0.07569823074892008397, -0.07183493912152008609 ) ) ;
#7099 = DIRECTION ( 'NONE',  ( 0.000000000000000000, -0.009306909861540250961, -0.9999566897765268525 ) ) ;
#7100 = DIRECTION ( 'NONE',  ( -1.000000000000000000, 0.000000000000000000, 0.000000000000000000 ) ) ;
#7101 = CARTESIAN_POINT ( 'NONE',  ( 1.108361938018000092, -0.1032031167347788742, -0.05948255673673441546 ) ) ;
#7102 = AXIS2_PLACEMENT_3D ( 'NONE', #1685, #7199, #274 ) ;
#7103 = FACE_OUTER_BOUND ( 'NONE', #3220, .T. ) ;
#7104 = CARTESIAN_POINT ( 'NONE',  ( 1.152130416285000125, -0.1004770616553000012, 0.02651288218977000330 ) ) ;
#7105 = CARTESIAN_POINT ( 'NONE',  ( 1.230275345504000084, 0.05890502939158000217, 0.08570734959896003646 ) ) ;
#7106 = DIRECTION ( 'NONE',  ( 0.7071067811865969777, -4.632517826265979841E-10, -0.7071067811864980568 ) ) ;
#7107 = CARTESIAN_POINT ( 'NONE',  ( 1.065645068480999935, 0.04979507987150000314, 0.09171112839765001301 ) ) ;
#7108 = VERTEX_POINT ( 'NONE', #6614 ) ;
#7109 = DIRECTION ( 'NONE',  ( 0.000000000000000000, -0.8660254037844289376, 0.5000000000000169864 ) ) ;
#7110 = CARTESIAN_POINT ( 'NONE',  ( 1.131029938678999924, -0.06958814268777993584, -0.07728546215276003994 ) ) ;
#7111 = CARTESIAN_POINT ( 'NONE',  ( 1.085043573793249783, 0.01546059376766943140, 0.1181102362205000700 ) ) ;
#7112 = CARTESIAN_POINT ( 'NONE',  ( 1.323256951141499549, 0.1150361429136073088, 0.03091510445189111014 ) ) ;
#7113 = B_SPLINE_CURVE_WITH_KNOTS ( 'NONE', 3,
 ( #1369, #1467, #5485, #3034, #1565, #9197 ),
 .UNSPECIFIED., .F., .F.,
 ( 4, 1, 1, 4 ),
 ( 0.000000000000000000, 0.3333333333333000081, 0.6666666666667000474, 1.000000000000000000 ),
 .UNSPECIFIED. ) ;
#7114 = CARTESIAN_POINT ( 'NONE',  ( 1.241907335900999998, 0.03125811517097000503, 0.1166568739668999988 ) ) ;
#7115 = VECTOR ( 'NONE', #7037, 39.37007874015748143 ) ;
#7116 = EDGE_CURVE ( 'NONE', #6877, #3619, #7056, .T. ) ;
#7117 = CARTESIAN_POINT ( 'NONE',  ( 1.298720501851482689, 0.07935404094582007573, -0.06777475368613997131 ) ) ;
#7118 = CARTESIAN_POINT ( 'NONE',  ( 1.067257247259364217, 0.1042144498682000403, 0.005461647631049000411 ) ) ;
#7119 = CARTESIAN_POINT ( 'NONE',  ( 0.4921259842520000483, 0.4370078740156999597, -0.3543307086614000401 ) ) ;
#7120 = CARTESIAN_POINT ( 'NONE',  ( 1.076553005192000034, 0.1206065695515999986, 0.006320722181169999981 ) ) ;
#7121 = CARTESIAN_POINT ( 'NONE',  ( 1.323177869506333426, -0.02061412502355851328, 0.1181102362204999867 ) ) ;
#7122 = VECTOR ( 'NONE', #4799, 39.37007874015748143 ) ;
#7123 = ADVANCED_FACE ( 'NONE', ( #9685 ), #8941, .T. ) ;
#7124 = CARTESIAN_POINT ( 'NONE',  ( 0.7355155807016005021, -0.1768891213116999817, -0.1115214110757999921 ) ) ;
#7125 = ORIENTED_EDGE ( 'NONE', *, *, #3229, .F. ) ;
#7126 = DIRECTION ( 'NONE',  ( -1.000000000000000000, 0.000000000000000000, 0.000000000000000000 ) ) ;
#7127 = DIRECTION ( 'NONE',  ( 1.000000000000000000, 0.000000000000000000, 0.000000000000000000 ) ) ;
#7128 = CARTESIAN_POINT ( 'NONE',  ( 1.347223749010731497, -0.09179689244276677262, 0.05081056796513373774 ) ) ;
#7129 = AXIS2_PLACEMENT_3D ( 'NONE', #3275, #4776, #1091 ) ;
#7130 = EDGE_CURVE ( 'NONE', #7488, #6199, #7718, .T. ) ;
#7131 = CARTESIAN_POINT ( 'NONE',  ( 1.562992125983999836, 0.000000000000000000, 0.000000000000000000 ) ) ;
#7132 = EDGE_CURVE ( 'NONE', #2460, #6579, #9049, .T. ) ;
#7133 = EDGE_LOOP ( 'NONE', ( #8503, #7083, #7708, #8628 ) ) ;
#7134 = ORIENTED_EDGE ( 'NONE', *, *, #7443, .T. ) ;
#7135 = CARTESIAN_POINT ( 'NONE',  ( 0.9645669291338997420, -0.2755905511811023723, 0.000000000000000000 ) ) ;
#7136 = VERTEX_POINT ( 'NONE', #6854 ) ;
#7137 = CARTESIAN_POINT ( 'NONE',  ( 0.7362204724408996093, 0.000000000000000000, 0.000000000000000000 ) ) ;
#7138 = CARTESIAN_POINT ( 'NONE',  ( 1.250192312575000075, 0.06567428234212992211, -0.08110098452177991191 ) ) ;
#7139 = ORIENTED_EDGE ( 'NONE', *, *, #1485, .T. ) ;
#7140 = ORIENTED_EDGE ( 'NONE', *, *, #9940, .F. ) ;
#7141 = ORIENTED_EDGE ( 'NONE', *, *, #7242, .T. ) ;
#7142 = CARTESIAN_POINT ( 'NONE',  ( 1.216629654553166517, -0.05948255673673431138, 0.1032031167347789297 ) ) ;
#7143 = ORIENTED_EDGE ( 'NONE', *, *, #8157, .T. ) ;
#7144 = CARTESIAN_POINT ( 'NONE',  ( 1.172159282746000120, -0.05452662706635000300, -0.08897936835102007724 ) ) ;
#7145 = DIRECTION ( 'NONE',  ( 0.000000000000000000, 1.000000000000000000, 0.000000000000000000 ) ) ;
#7146 = CARTESIAN_POINT ( 'NONE',  ( 1.125243272247000048, -0.1026099921947999927, 0.01901763795381000016 ) ) ;
#7147 = CARTESIAN_POINT ( 'NONE',  ( 0.5984251968503937480, 0.01574803149606000124, 0.1210269775506999934 ) ) ;
#7148 = CARTESIAN_POINT ( 'NONE',  ( 0.6284087203132993071, 0.1541934453075999856, 0.07083936670872008345 ) ) ;
#7149 = CIRCLE ( 'NONE', #2795, 0.1574803149606000263 ) ;
#7150 = DIRECTION ( 'NONE',  ( 0.000000000000000000, 1.000000000000000000, 0.000000000000000000 ) ) ;
#7151 = EDGE_LOOP ( 'NONE', ( #3340, #176 ) ) ;
#7152 = CARTESIAN_POINT ( 'NONE',  ( 1.314055608205000114, -0.01090832490354999920, 0.1037857943025000118 ) ) ;
#7153 = CARTESIAN_POINT ( 'NONE',  ( 1.047695268101000110, 0.03598941183494999696, -0.09748492299811005457 ) ) ;
#7154 = CARTESIAN_POINT ( 'NONE',  ( 1.190790908357000077, 0.09891369741183997366, 0.04717896682107999839 ) ) ;
#7155 = CARTESIAN_POINT ( 'NONE',  ( 1.101898349320999948, 0.08752153665226003465, 0.05683715047030001022 ) ) ;
#7156 = ORIENTED_EDGE ( 'NONE', *, *, #3810, .F. ) ;
#7157 = DIRECTION ( 'NONE',  ( 0.000000000000000000, 1.000000000000000000, 0.000000000000000000 ) ) ;
#7158 = CARTESIAN_POINT ( 'NONE',  ( 1.059557312556000053, -0.008598664914562993700, -0.1092512581513999936 ) ) ;
#7159 = CARTESIAN_POINT ( 'NONE',  ( 1.080122313950749646, 0.09444883965335013065, 0.07258425826477106491 ) ) ;
#7160 = CARTESIAN_POINT ( 'NONE',  ( 1.337394842384666660, -0.07690747405744345622, -0.09197940250215241864 ) ) ;
#7161 = CARTESIAN_POINT ( 'NONE',  ( 1.261100249287000263, -0.04031454967564999936, -0.1138447763062999940 ) ) ;
#7162 = CARTESIAN_POINT ( 'NONE',  ( 1.219816302376482753, 0.07755271207417993584, -0.06982877559786006272 ) ) ;
#7163 = DIRECTION ( 'NONE',  ( 1.000000000000000000, 0.000000000000000000, 0.000000000000000000 ) ) ;
#7164 = PLANE ( 'NONE',  #3468 ) ;
#7165 = CARTESIAN_POINT ( 'NONE',  ( 1.149059566872000060, 0.07098804921670000267, -0.09770666751137992156 ) ) ;
#7166 = DIRECTION ( 'NONE',  ( 0.000000000000000000, 0.000000000000000000, -1.000000000000000000 ) ) ;
#7167 = ORIENTED_EDGE ( 'NONE', *, *, #8523, .F. ) ;
#7168 = CARTESIAN_POINT ( 'NONE',  ( 1.011811154536211843, 0.03015523360807666198, 0.1614171919204881456 ) ) ;
#7169 = CONICAL_SURFACE ( 'NONE', #9425, 0.1476377952519999925, 0.7853981633972997312 ) ;
#7170 = DIRECTION ( 'NONE',  ( -1.000000000000000000, 0.000000000000000000, 0.000000000000000000 ) ) ;
#7171 = CARTESIAN_POINT ( 'NONE',  ( 0.8346456692645000119, 2.725007019431000363E-11, 0.1574803149338000197 ) ) ;
#7172 = CARTESIAN_POINT ( 'NONE',  ( 1.313882156470499885, 0.1150361429136072949, 0.03091510445189110320 ) ) ;
#7173 = ORIENTED_EDGE ( 'NONE', *, *, #1193, .T. ) ;
#7174 = CARTESIAN_POINT ( 'NONE',  ( 1.353939816216000125, 0.1136832831650000097, 0.04008996748110000424 ) ) ;
#7175 = EDGE_LOOP ( 'NONE', ( #1217, #5667, #668, #6782 ) ) ;
#7176 = VERTEX_POINT ( 'NONE', #805 ) ;
#7177 = VERTEX_POINT ( 'NONE', #6188 ) ;
#7178 = EDGE_LOOP ( 'NONE', ( #1154, #6089, #1742, #6306 ) ) ;
#7179 = CIRCLE ( 'NONE', #8139, 0.1574803149605999708 ) ;
#7180 = VECTOR ( 'NONE', #8497, 39.37007874015748143 ) ;
#7181 = ORIENTED_EDGE ( 'NONE', *, *, #2197, .F. ) ;
#7182 = FACE_BOUND ( 'NONE', #8697, .T. ) ;
#7183 = ADVANCED_FACE ( 'NONE', ( #7579, #2348 ), #3741, .T. ) ;
#7184 = ORIENTED_EDGE ( 'NONE', *, *, #6630, .F. ) ;
#7185 = EDGE_CURVE ( 'NONE', #3375, #8691, #857, .T. ) ;
#7186 = CARTESIAN_POINT ( 'NONE',  ( 1.265176675259000127, -0.05910872053913996532, 0.08600372205772992273 ) ) ;
#7187 = CARTESIAN_POINT ( 'NONE',  ( 1.344578407705235845, 0.09930460926623997653, 0.03385440507488000211 ) ) ;
#7188 = VERTEX_POINT ( 'NONE', #3782 ) ;
#7189 = ORIENTED_EDGE ( 'NONE', *, *, #388, .T. ) ;
#7190 = DIRECTION ( 'NONE',  ( 1.000000000000000000, 0.000000000000000000, 0.000000000000000000 ) ) ;
#7191 = ORIENTED_EDGE ( 'NONE', *, *, #9925, .T. ) ;
#7192 = CARTESIAN_POINT ( 'NONE',  ( 1.124910423670999915, 0.1036417328270999860, -0.05004149160871999846 ) ) ;
#7193 = DIRECTION ( 'NONE',  ( 1.000000000000000000, 0.000000000000000000, 0.000000000000000000 ) ) ;
#7194 = ORIENTED_EDGE ( 'NONE', *, *, #4973, .F. ) ;
#7195 = EDGE_CURVE ( 'NONE', #4653, #7908, #250, .T. ) ;
#7196 = CARTESIAN_POINT ( 'NONE',  ( 1.328645935998000072, -0.1022864650138999992, 0.05905511811023995972 ) ) ;
#7197 = CARTESIAN_POINT ( 'NONE',  ( 0.6102362204723996708, 0.000000000000000000, 0.000000000000000000 ) ) ;
#7198 = CARTESIAN_POINT ( 'NONE',  ( 1.101785266998000168, 0.07379187303341003257, -0.07379187303341003257 ) ) ;
#7199 = DIRECTION ( 'NONE',  ( -0.000000000000000000, 1.000000000000000000, 0.000000000000000000 ) ) ;
#7200 = DIRECTION ( 'NONE',  ( 0.000000000000000000, 0.000000000000000000, -1.000000000000000000 ) ) ;
#7201 = ORIENTED_EDGE ( 'NONE', *, *, #5077, .F. ) ;
#7202 = CARTESIAN_POINT ( 'NONE',  ( 1.277802327365000101, -0.05910872053913996532, 0.08600372205772992273 ) ) ;
#7203 = CARTESIAN_POINT ( 'NONE',  ( 1.131243386648000060, 0.09357921789082007669, -0.04518299259475999641 ) ) ;
#7204 = B_SPLINE_CURVE_WITH_KNOTS ( 'NONE', 3,
 ( #8473, #7879, #1606, #4038, #3284, #6356, #1507, #3991, #1560, #757, #7771 ),
 .UNSPECIFIED., .F., .F.,
 ( 4, 1, 1, 1, 1, 1, 1, 1, 4 ),
 ( 0.000000000000000000, 0.1250000000000000000, 0.2500000000000000000, 0.3750000000000000000, 0.5000000000000000000, 0.6250000000000000000, 0.7500000000000000000, 0.8750000000000000000, 1.000000000000000000 ),
 .UNSPECIFIED. ) ;
#7205 = CARTESIAN_POINT ( 'NONE',  ( 1.232407891435000291, 0.02691662355562000203, 0.1004542066778000148 ) ) ;
#7206 = AXIS2_PLACEMENT_3D ( 'NONE', #712, #9288, #6305 ) ;
#7207 = CARTESIAN_POINT ( 'NONE',  ( 1.178015695382000239, 0.06956180430292008277, 0.07598703421526004087 ) ) ;
#7208 = CARTESIAN_POINT ( 'NONE',  ( 0.7077439965388996335, -0.1766057430874999890, -0.08377911286510000832 ) ) ;
#7209 = ORIENTED_EDGE ( 'NONE', *, *, #2468, .T. ) ;
#7210 = CARTESIAN_POINT ( 'NONE',  ( 1.056928702750000060, 0.0007424333118329999853, -0.1016917894640999992 ) ) ;
#7211 = CARTESIAN_POINT ( 'NONE',  ( 1.124632300884000013, -0.1022563938277000067, 0.01895210237017000074 ) ) ;
#7212 = CARTESIAN_POINT ( 'NONE',  ( 1.297571365227329965, 0.05683793265682334644, 0.08752274158283818162 ) ) ;
#7213 = TOROIDAL_SURFACE ( 'NONE', #4464, 0.2133049650658000174, 0.01181102362204999867 ) ;
#7214 = CARTESIAN_POINT ( 'NONE',  ( 1.173477638551792435, 0.09319389208434827876, 0.05380557380127447969 ) ) ;
#7215 = CARTESIAN_POINT ( 'NONE',  ( 1.290955892331000054, -0.1157986565047000038, 0.03430112475518000414 ) ) ;
#7216 = CARTESIAN_POINT ( 'NONE',  ( 1.209153572717482472, -0.07935404094582007573, -0.06777475368613997131 ) ) ;
#7217 = FACE_OUTER_BOUND ( 'NONE', #8752, .T. ) ;
#7218 = CARTESIAN_POINT ( 'NONE',  ( 0.7244094488188976833, 0.1409286094185999982, -0.06318091013743996898 ) ) ;
#7219 = CARTESIAN_POINT ( 'NONE',  ( 1.140529383145000075, -0.08081229706146003666, -0.08975114846854999329 ) ) ;
#7220 = CARTESIAN_POINT ( 'NONE',  ( 0.7244094488188976833, 0.1655628205247000329, 0.1137719994447000116 ) ) ;
#7221 = DIRECTION ( 'NONE',  ( 1.000000000000000000, 0.000000000000000000, 0.000000000000000000 ) ) ;
#7222 = AXIS2_PLACEMENT_3D ( 'NONE', #3150, #1486, #2332 ) ;
#7223 = LINE ( 'NONE', #9489, #9313 ) ;
#7224 = VERTEX_POINT ( 'NONE', #1550 ) ;
#7225 = CARTESIAN_POINT ( 'NONE',  ( 0.06692913385827008177, 0.000000000000000000, 0.000000000000000000 ) ) ;
#7226 = CIRCLE ( 'NONE', #9476, 0.2559055118109999638 ) ;
#7227 = CARTESIAN_POINT ( 'NONE',  ( 1.562992125983999836, 0.000000000000000000, 0.000000000000000000 ) ) ;
#7228 = CARTESIAN_POINT ( 'NONE',  ( 1.366673718441999918, -0.08363571746497991399, -0.06334503080957008814 ) ) ;
#7229 = CONICAL_SURFACE ( 'NONE', #3198, 0.1909453919547999812, 0.7854096901918675711 ) ;
#7230 = AXIS2_PLACEMENT_3D ( 'NONE', #2158, #5847, #8327 ) ;
#7231 = CARTESIAN_POINT ( 'NONE',  ( 0.7294081141038994964, 0.01468443862851999925, 0.1550353186167000019 ) ) ;
#7232 = EDGE_LOOP ( 'NONE', ( #9390, #5767, #6574, #711 ) ) ;
#7233 = VERTEX_POINT ( 'NONE', #72 ) ;
#7234 = ORIENTED_EDGE ( 'NONE', *, *, #5721, .F. ) ;
#7235 = DIRECTION ( 'NONE',  ( -1.000000000000000000, 0.000000000000000000, 0.000000000000000000 ) ) ;
#7236 = VERTEX_POINT ( 'NONE', #1600 ) ;
#7237 = CARTESIAN_POINT ( 'NONE',  ( 0.6102362204723996708, 0.5314960629921000601, -0.3740157480314960647 ) ) ;
#7238 = CARTESIAN_POINT ( 'NONE',  ( 1.301429956099000140, -0.01090832490354999920, 0.1037857943025000118 ) ) ;
#7239 = B_SPLINE_CURVE_WITH_KNOTS ( 'NONE', 3,
 ( #9087, #2775, #4243, #8071, #7322, #5844 ),
 .UNSPECIFIED., .F., .F.,
 ( 4, 1, 1, 4 ),
 ( 0.000000000000000000, 0.3333333333333000081, 0.6666666666667000474, 1.000000000000000000 ),
 .UNSPECIFIED. ) ;
#7240 = DIRECTION ( 'NONE',  ( 1.000000000000000000, 0.000000000000000000, 0.000000000000000000 ) ) ;
#7241 = EDGE_LOOP ( 'NONE', ( #8230, #3257 ) ) ;
#7242 = EDGE_CURVE ( 'NONE', #362, #4697, #7922, .T. ) ;
#7243 = CARTESIAN_POINT ( 'NONE',  ( 1.097757285142999972, 0.008150539891741004003, 0.1148012559395999999 ) ) ;
#7244 = EDGE_CURVE ( 'NONE', #9290, #6428, #9286, .T. ) ;
#7245 = CARTESIAN_POINT ( 'NONE',  ( 0.8188976377952992269, 0.1122047244094000057, 0.000000000000000000 ) ) ;
#7246 = CYLINDRICAL_SURFACE ( 'NONE', #5079, 0.1181102362205000006 ) ;
#7247 = DIRECTION ( 'NONE',  ( 0.000000000000000000, 1.000000000000000000, 0.000000000000000000 ) ) ;
#7248 = CARTESIAN_POINT ( 'NONE',  ( 1.146568731564999943, 0.1040357683916000170, 0.008187792543227993131 ) ) ;
#7249 = CARTESIAN_POINT ( 'NONE',  ( 1.206076360533000047, 0.04962348393291000220, -0.09139508797118996164 ) ) ;
#7250 = CARTESIAN_POINT ( 'NONE',  ( 1.196318726898666807, 0.1125935275257113066, 0.04120276216306607148 ) ) ;
#7251 = CARTESIAN_POINT ( 'NONE',  ( 0.7346171654644999549, -0.1842739389605000111, 0.09485463335682008112 ) ) ;
#7252 = ADVANCED_FACE ( 'NONE', ( #6352 ), #4727, .T. ) ;
#7253 = CARTESIAN_POINT ( 'NONE',  ( 1.237283954662000030, -0.04244600606646999758, 0.09533529053063996561 ) ) ;
#7254 = CARTESIAN_POINT ( 'NONE',  ( 1.057061004395000170, 0.07762226835186003537, 0.07723816985018996939 ) ) ;
#7255 = CARTESIAN_POINT ( 'NONE',  ( 1.302781907183000021, 0.1039622099295000046, -0.002722346286127999820 ) ) ;
#7256 = EDGE_CURVE ( 'NONE', #6320, #2469, #231, .T. ) ;
#7257 = CARTESIAN_POINT ( 'NONE',  ( 1.562992125983999836, 0.000000000000000000, 0.000000000000000000 ) ) ;
#7258 = CARTESIAN_POINT ( 'NONE',  ( 1.125412895731999985, 0.02963912214327999936, -0.1000599994510000118 ) ) ;
#7259 = ADVANCED_FACE ( 'NONE', ( #1699 ), #4882, .T. ) ;
#7260 = ORIENTED_EDGE ( 'NONE', *, *, #5512, .F. ) ;
#7261 = CYLINDRICAL_SURFACE ( 'NONE', #7767, 0.1574803149606000263 ) ;
#7262 = CARTESIAN_POINT ( 'NONE',  ( 1.378315284345238867, 0.08830341887916003107, -0.05665714741372000068 ) ) ;
#7263 = CARTESIAN_POINT ( 'NONE',  ( 1.143825214270000057, 0.1004542066778000148, -0.02691662355562000203 ) ) ;
#7264 = CIRCLE ( 'NONE', #3390, 0.1574803149606000263 ) ;
#7265 = CARTESIAN_POINT ( 'NONE',  ( 1.252787900660329967, 0.1034660987967132018, 0.01362157032221514817 ) ) ;
#7266 = CARTESIAN_POINT ( 'NONE',  ( 0.5787401574803000548, -0.01574803149606000124, 0.1210269775506999934 ) ) ;
#7267 = EDGE_CURVE ( 'NONE', #9937, #9290, #9807, .T. ) ;
#7268 = CARTESIAN_POINT ( 'NONE',  ( 1.327209173171000067, -0.08539874559402992060, 0.08539888440363994915 ) ) ;
#7269 = ORIENTED_EDGE ( 'NONE', *, *, #8536, .F. ) ;
#7270 = CARTESIAN_POINT ( 'NONE',  ( 1.124835987416364258, -0.1026099921947999927, 0.01901763795381000016 ) ) ;
#7271 = CARTESIAN_POINT ( 'NONE',  ( 0.7322725726333996210, 0.1414521061183000028, -0.06688120918152992700 ) ) ;
#7272 = CARTESIAN_POINT ( 'NONE',  ( 1.112806286032000047, 0.1090071047850000030, -0.05199372187269000328 ) ) ;
#7273 = CARTESIAN_POINT ( 'NONE',  ( 0.7268675659661004707, 0.01551150642785999872, -0.2010874045129000254 ) ) ;
#7274 = DIRECTION ( 'NONE',  ( 0.000000000000000000, -1.000000000000000000, 0.000000000000000000 ) ) ;
#7275 = VECTOR ( 'NONE', #6154, 39.37007874015748143 ) ;
#7276 = ORIENTED_EDGE ( 'NONE', *, *, #6064, .T. ) ;
#7277 = DIRECTION ( 'NONE',  ( 1.000000000000000000, 0.000000000000000000, 0.000000000000000000 ) ) ;
#7278 = CARTESIAN_POINT ( 'NONE',  ( 1.393181264373000161, -0.01736205072612000133, 0.1034699282802000048 ) ) ;
#7279 = CARTESIAN_POINT ( 'NONE',  ( 1.272403932768999990, 0.000000000000000000, -0.1181102362205000006 ) ) ;
#7280 = CARTESIAN_POINT ( 'NONE',  ( 1.345836141674999986, 0.06970076126568995611, -0.09835089344917008480 ) ) ;
#7281 = ORIENTED_EDGE ( 'NONE', *, *, #6571, .F. ) ;
#7282 = ORIENTED_EDGE ( 'NONE', *, *, #8868, .T. ) ;
#7283 = ORIENTED_EDGE ( 'NONE', *, *, #5653, .T. ) ;
#7284 = CARTESIAN_POINT ( 'NONE',  ( 1.295707964485000030, -0.01203965764054000000, 0.1145497078975999949 ) ) ;
#7285 = ORIENTED_EDGE ( 'NONE', *, *, #1875, .F. ) ;
#7286 = CARTESIAN_POINT ( 'NONE',  ( 0.7334836014312007269, 0.1836196016366999917, 0.09264707141247992273 ) ) ;
#7287 = CARTESIAN_POINT ( 'NONE',  ( 1.054799329271000063, -0.04216316591013999360, -0.1103281257907000046 ) ) ;
#7288 = ORIENTED_EDGE ( 'NONE', *, *, #14, .T. ) ;
#7289 = DIRECTION ( 'NONE',  ( 0.000000000000000000, 1.000000000000000000, 0.000000000000000000 ) ) ;
#7290 = CARTESIAN_POINT ( 'NONE',  ( 1.186272475783999969, -0.05683715052910000981, 0.08752153721173996925 ) ) ;
#7291 = CARTESIAN_POINT ( 'NONE',  ( 1.332214340986999979, 0.08332769790562992440, 0.07207895338322008183 ) ) ;
#7292 = ORIENTED_EDGE ( 'NONE', *, *, #9925, .F. ) ;
#7293 = CARTESIAN_POINT ( 'NONE',  ( 1.039969836482000032, 0.01484635312203000206, -0.1127000960173999977 ) ) ;
#7294 = DIRECTION ( 'NONE',  ( 1.000000000000000000, 0.000000000000000000, 0.000000000000000000 ) ) ;
#7295 = CARTESIAN_POINT ( 'NONE',  ( 1.153022910522000011, -0.02169713754582000206, 0.1020770065874999910 ) ) ;
#7296 = CARTESIAN_POINT ( 'NONE',  ( 1.184750901216000019, -0.02427781510677999924, 0.1011243765126999955 ) ) ;
#7297 = DIRECTION ( 'NONE',  ( 0.000000000000000000, 0.8782547285461282938, 0.4781930904837151664 ) ) ;
#7298 = CARTESIAN_POINT ( 'NONE',  ( 1.305525424478000129, 0.09924984962422009338, 0.03224823102986000556 ) ) ;
#7299 = CARTESIAN_POINT ( 'NONE',  ( 1.172950591835999923, 0.06719173327231003912, 0.09082624367764999262 ) ) ;
#7300 = EDGE_CURVE ( 'NONE', #5903, #4667, #2445, .T. ) ;
#7301 = CARTESIAN_POINT ( 'NONE',  ( 0.7283464566928996575, -3.368084485148000572E-13, -0.2263779527559000304 ) ) ;
#7302 = DIRECTION ( 'NONE',  ( 1.000000000000000000, 0.000000000000000000, 0.000000000000000000 ) ) ;
#7303 = B_SPLINE_CURVE_WITH_KNOTS ( 'NONE', 3,
 ( #6361, #5804, #7168, #403 ),
 .UNSPECIFIED., .F., .F.,
 ( 4, 4 ),
 ( 0.000000000000000000, 1.000000000000000000 ),
 .UNSPECIFIED. ) ;
#7304 = DIRECTION ( 'NONE',  ( -1.000000000000000000, 0.000000000000000000, 0.000000000000000000 ) ) ;
#7305 = CARTESIAN_POINT ( 'NONE',  ( 1.059303971847000092, 0.07755271211107993279, 0.06982877558142992769 ) ) ;
#7306 = EDGE_CURVE ( 'NONE', #6969, #4961, #2100, .T. ) ;
#7307 = VERTEX_POINT ( 'NONE', #4935 ) ;
#7308 = CIRCLE ( 'NONE', #5354, 0.1023622047244000105 ) ;
#7309 = CARTESIAN_POINT ( 'NONE',  ( 0.8543307093751004722, 0.09046555187917007523, -0.1614173222120000306 ) ) ;
#7310 = CARTESIAN_POINT ( 'NONE',  ( 1.079848836317000016, -0.05199892369757000421, 0.09006477778332991346 ) ) ;
#7311 = DIRECTION ( 'NONE',  ( 1.000000000000000000, 0.000000000000000000, 0.000000000000000000 ) ) ;
#7312 = CARTESIAN_POINT ( 'NONE',  ( 1.315054851403999914, 0.05948255673673451260, -0.1032031167347788742 ) ) ;
#7313 = ADVANCED_FACE ( 'NONE', ( #5640 ), #1783, .T. ) ;
#7314 = EDGE_CURVE ( 'NONE', #7453, #7491, #2340, .T. ) ;
#7315 = CARTESIAN_POINT ( 'NONE',  ( 1.299486076058000039, -0.05762745735007999970, -0.1061365731834999909 ) ) ;
#7316 = CARTESIAN_POINT ( 'NONE',  ( 1.178149635710364240, 0.04737729933909002461, -0.09298318484278997320 ) ) ;
#7317 = CARTESIAN_POINT ( 'NONE',  ( 0.7277938262377007250, 0.1414999207457000030, -0.06403230728437991903 ) ) ;
#7318 = CARTESIAN_POINT ( 'NONE',  ( 1.139495447588000143, -0.04407773454509000127, -0.1064130645374000012 ) ) ;
#7319 = CARTESIAN_POINT ( 'NONE',  ( 0.6102362204723996708, -0.5314960629921000601, -0.3740157480314960647 ) ) ;
#7320 = ORIENTED_EDGE ( 'NONE', *, *, #966, .F. ) ;
#7321 = B_SPLINE_SURFACE_WITH_KNOTS ( 'NONE', 3, 3, ( 
 ( #1799, #9538, #1846, #7268, #6453, #6400, #998, #3325, #4937, #3381, #183, #4834, #341, #5697, #8016, #289, #7315, #9479, #9581, #1145, #7215, #4781, #3432, #6353, #2613, #8776, #5584, #4883, #6501, #6552, #2664, #8832, #4079, #5748, #7161, #9632, #1902, #4987, #233, #8065, #2556, #9428, #4235, #7114, #4184, #392, #5642, #5529, #8725, #7968, #7873, #1045, #3480, #4032, #4125, #8672, #1095, #3279, #2502, #1748, #7921, #4330, #5840, #6763, #5883, #9826, #5136 ),
 ( #1299, #5078, #6664, #8934, #1398, #8983, #2049, #1995, #2718, #9775, #8888, #7516, #7573, #4375, #445, #2918, #8163, #2819, #1242, #7419, #4280, #9082, #6713, #2150, #495, #8318, #3583, #5798, #9727, #5187, #2102, #648, #1951, #8270, #8215, #5032, #7467, #547, #3632, #7362, #5236, #5981, #8114, #599, #3535, #1194, #4479, #6607, #2871, #9679, #2767, #5936, #1350, #9035, #3732, #4427, #3686, #6807, #7710, #1645, #9319, #10, #5283, #6233, #3827, #1595, #4567 ),
 ( #5469, #7616, #5325, #6136, #4666, #4718, #3875, #6899, #2341, #7759, #1540, #847, #3108, #6993, #798, #2393, #7810, #8550, #61, #4615, #693, #743, #1493, #9879, #3776, #6947, #6181, #9920, #9223, #3923, #896, #3161, #3973, #8414, #2968, #7660, #6847, #6029, #1447, #8502, #9128, #9973, #2198, #3065, #2292, #8366, #5368, #4520, #3014, #8456, #6083, #9267, #9177, #2245, #5415, #1691, #8659, #172, #1085, #223, #4173, #9466, #2599, #3316, #7154, #2546, #5631 ),
 ( #6390, #8714, #6345, #7045, #4117, #3219, #1838, #1890, #1787, #4768, #7255, #9418, #4876, #3271, #2491, #8602, #3418, #1038, #6488, #5572, #2652, #4823, #121, #1739, #9527, #6443, #4978, #6287, #5685, #7911, #9372, #989, #4072, #7961, #7863, #9573, #329, #2440, #4926, #943, #5523, #5740, #4024, #7205, #7105, #281, #3370, #8768, #8006, #8054, #8820, #1132, #1422, #2173, #6112, #3803, #4499, #9748, #714, #8296, #6056, #9061, #3711, #7595, #9148, #9943, #2080 ) ),
 .UNSPECIFIED., .F., .F., .F.,
 ( 4, 4 ),
 ( 4, 1, 1, 1, 1, 1, 1, 1, 1, 1, 1, 1, 1, 1, 1, 1, 1, 1, 1, 1, 1, 1, 1, 1, 1, 1, 1, 1, 1, 1, 1, 1, 1, 1, 1, 1, 1, 1, 1, 1, 1, 1, 1, 1, 1, 1, 1, 1, 1, 1, 1, 1, 1, 1, 1, 1, 1, 1, 1, 1, 1, 1, 1, 1, 4 ),
 ( 0.6601182929569000546, 1.007446311688000140 ),
 ( -0.02000000000000000042, -0.003749999999999999861, 0.01250000000000000069, 0.02875000000000000125, 0.04499999999999999833, 0.06124999999999999889, 0.07749999999999999944, 0.09375000000000000000, 0.1100000000000000006, 0.1262500000000000011, 0.1424999999999999878, 0.1587500000000000022, 0.1749999999999999889, 0.1912500000000000033, 0.2074999999999999900, 0.2237500000000000044, 0.2399999999999999911, 0.2562499999999999778, 0.2725000000000000200, 0.2887500000000000067, 0.3049999999999999933, 0.3212499999999999800, 0.3375000000000000222, 0.3537500000000000089, 0.3699999999999999956, 0.3862499999999999822, 0.4025000000000000244, 0.4187500000000000111, 0.4349999999999999978, 0.4512499999999999845, 0.4675000000000000266, 0.4837500000000000133, 0.5000000000000000000, 0.5162499999999999867, 0.5324999999999999734, 0.5487499999999999600, 0.5649999999999999467, 0.5812500000000000444, 0.5975000000000000311, 0.6137500000000000178, 0.6300000000000000044, 0.6462499999999999911, 0.6624999999999999778, 0.6787499999999999645, 0.6949999999999999512, 0.7112500000000000488, 0.7275000000000000355, 0.7437500000000000222, 0.7600000000000000089, 0.7762499999999999956, 0.7924999999999999822, 0.8087499999999999689, 0.8249999999999999556, 0.8412500000000000533, 0.8575000000000000400, 0.8737500000000000266, 0.8900000000000000133, 0.9062500000000000000, 0.9224999999999999867, 0.9387499999999999734, 0.9549999999999999600, 0.9712499999999999467, 0.9875000000000000444, 1.003749999999999920, 1.020000000000000018 ),
 .UNSPECIFIED. ) ;
#7322 = CARTESIAN_POINT ( 'NONE',  ( 0.8647972200392992637, -0.09315908365421005088, -0.1718837821307000191 ) ) ;
#7323 = CARTESIAN_POINT ( 'NONE',  ( 1.562992125983999836, 0.000000000000000000, 0.000000000000000000 ) ) ;
#7324 = DIRECTION ( 'NONE',  ( 0.000000000000000000, -1.000000000000000000, 0.000000000000000000 ) ) ;
#7325 = B_SPLINE_CURVE_WITH_KNOTS ( 'NONE', 3,
 ( #6044, #5150, #7586, #663, #7481, #617, #9140, #8178, #2212, #1461, #6726, #5297, #3645, #9791, #8380, #9738, #6820, #9893 ),
 .UNSPECIFIED., .F., .F.,
 ( 4, 2, 2, 2, 2, 2, 2, 2, 4 ),
 ( 0.000000000000000000, 0.1250000000000000000, 0.2500000000000000000, 0.3750000000000000000, 0.5000000000000000000, 0.6250000000000000000, 0.7500000000000000000, 0.8750000000000000000, 1.000000000000000000 ),
 .UNSPECIFIED. ) ;
#7326 = CARTESIAN_POINT ( 'NONE',  ( 1.359444387733000026, -0.09179331871126004960, 0.05080858986628999929 ) ) ;
#7327 = EDGE_CURVE ( 'NONE', #9516, #2460, #1610, .T. ) ;
#7328 = CARTESIAN_POINT ( 'NONE',  ( 1.268302882900249617, -0.07258425826477050979, -0.09444883965335056086 ) ) ;
#7329 = CARTESIAN_POINT ( 'NONE',  ( 1.388590482583999863, 0.1131562469677000055, 0.01039509459851000080 ) ) ;
#7330 = EDGE_LOOP ( 'NONE', ( #1812, #5000, #9369, #4192, #8037 ) ) ;
#7331 = ORIENTED_EDGE ( 'NONE', *, *, #3613, .F. ) ;
#7332 = VERTEX_POINT ( 'NONE', #5797 ) ;
#7333 = VERTEX_POINT ( 'NONE', #1901 ) ;
#7334 = CARTESIAN_POINT ( 'NONE',  ( 0.7285187739042991995, 0.1821554143454000019, -0.08782316468419998357 ) ) ;
#7335 = ORIENTED_EDGE ( 'NONE', *, *, #3456, .F. ) ;
#7336 =( NAMED_UNIT ( * ) PLANE_ANGLE_UNIT ( ) SI_UNIT ( $, .RADIAN. ) );
#7337 = CARTESIAN_POINT ( 'NONE',  ( 1.233188486283000040, -0.1020770065874999910, -0.02169713754582000206 ) ) ;
#7338 = CARTESIAN_POINT ( 'NONE',  ( 1.365951217627000114, 0.1082787372441999935, -0.02036163054090000396 ) ) ;
#7339 = VECTOR ( 'NONE', #3363, 39.37007874015748143 ) ;
#7340 = B_SPLINE_CURVE_WITH_KNOTS ( 'NONE', 3,
 ( #3786, #5698, #8935, #5615, #3840, #2441, #9226, #2294, #6322, #1444, #7570, #689, #4153, #555, #222, #9764, #5176, #7505 ),
 .UNSPECIFIED., .F., .F.,
 ( 4, 2, 2, 2, 2, 2, 2, 2, 4 ),
 ( 0.000000000000000000, 0.1250000000000000278, 0.2500000000000000555, 0.3750000000000001110, 0.5000000000000001110, 0.6250000000000001110, 0.7500000000000002220, 0.8750000000000001110, 1.000000000000000000 ),
 .UNSPECIFIED. ) ;
#7341 = B_SPLINE_CURVE_WITH_KNOTS ( 'NONE', 3,
 ( #1900, #9628, #1844, #9579, #4830, #6396, #7212, #1142, #2716, #4123, #995, #5746, #9477, #4180, #1948, #3427, #2553, #7966, #5639, #8828, #4985, #1043, #286, #3378, #6451, #5694, #387, #7265, #5796, #8774, #5030, #339, #8063, #949, #596, #7512, #6025, #1190, #3681, #1239, #442, #6804, #9032, #6757, #3532, #4328, #4372, #8315, #9874, #1296, #5074, #9822, #7416, #8979, #6605, #6710, #7360, #643, #8267, #5880, #4277, #5184, #5932, #2965, #7568 ),
 .UNSPECIFIED., .F., .F.,
 ( 4, 1, 1, 1, 1, 1, 1, 1, 1, 1, 1, 1, 1, 1, 1, 1, 1, 1, 1, 1, 1, 1, 1, 1, 1, 1, 1, 1, 1, 1, 1, 1, 1, 1, 1, 1, 1, 1, 1, 1, 1, 1, 1, 1, 1, 1, 1, 1, 1, 1, 1, 1, 1, 1, 1, 1, 1, 1, 1, 1, 1, 1, 4 ),
 ( 0.000000000000000000, 0.01249980523195290578, 0.02874981249536943256, 0.04499981975878596108, 0.06124982702220248959, 0.07749983428561900423, 0.09374984154903553968, 0.1099998488124520613, 0.1262498560758686106, 0.1424998633392851322, 0.1587498706027016537, 0.1749998778661181753, 0.1912498851295347246, 0.2074998923929512185, 0.2237498996563677678, 0.2399999069197842894, 0.2562499141832007554, 0.2724999214466173325, 0.2887499287100338541, 0.3049999359734503757, 0.3212499432368668972, 0.3374999505002834743, 0.3537499577636999959, 0.3699999650271164620, 0.3862499722905329835, 0.4024999795539495606, 0.4187499868173660822, 0.4349999940807826038, 0.4512500013441991253, 0.4675000086076157024, 0.4837500158710321685, 0.5000000231344486901, 0.5162500303978653227, 0.5325000376612818442, 0.5487500449246982548, 0.5650000521881147764, 0.5812500594515314090, 0.5975000667149479305, 0.6137500739783644521, 0.6300000812417809737, 0.6462500885051974953, 0.6625000957686140168, 0.6787501030320305384, 0.6950001102954470600, 0.7112501175588636926, 0.7275001248222802142, 0.7437501320856967357, 0.7600001393491132573, 0.7762501466125296679, 0.7925001538759461894, 0.8087501611393627110, 0.8250001684027792326, 0.8412501756661958652, 0.8575001829296123868, 0.8737501901930289083, 0.8900001974564454299, 0.9062502047198619515, 0.9225002119832784730, 0.9387502192466949946, 0.9550002265101115162, 0.9712502337735280378, 0.9875002410369446704, 1.000000000000000000 ),
 .UNSPECIFIED. ) ;
#7342 = CARTESIAN_POINT ( 'NONE',  ( 1.060160631797000041, -0.02423343333475000069, 0.1125100012198999994 ) ) ;
#7343 = CARTESIAN_POINT ( 'NONE',  ( 1.266309977992165825, 0.05948255673673448485, -0.1032031167347787909 ) ) ;
#7344 = CARTESIAN_POINT ( 'NONE',  ( 0.6498031496062991463, 0.000000000000000000, 0.000000000000000000 ) ) ;
#7345 = CARTESIAN_POINT ( 'NONE',  ( 1.178670002864000033, 0.1008016614475000100, 0.02700963597588000240 ) ) ;
#7346 = CARTESIAN_POINT ( 'NONE',  ( 1.212473998327999958, 0.1038553219600999999, -0.005442826790652000035 ) ) ;
#7347 = APPLICATION_PROTOCOL_DEFINITION ( 'draft international standard', 'automotive_design', 1998, #8321 ) ;
#7348 = CARTESIAN_POINT ( 'NONE',  ( 1.057086614172999983, 0.000000000000000000, -0.1023622047244000105 ) ) ;
#7349 = CARTESIAN_POINT ( 'NONE',  ( 1.247693343612000128, 0.1071944709820000091, -0.02278488818198000018 ) ) ;
#7350 = CARTESIAN_POINT ( 'NONE',  ( 1.265007051775000058, 0.1034646750344000027, 0.01362138288035000082 ) ) ;
#7351 = AXIS2_PLACEMENT_3D ( 'NONE', #4803, #7693, #2419 ) ;
#7352 = CARTESIAN_POINT ( 'NONE',  ( 1.130165608123000043, 0.1087612393397999894, -0.01272573242434000239 ) ) ;
#7353 = VECTOR ( 'NONE', #8759, 39.37007874015748143 ) ;
#7354 = CARTESIAN_POINT ( 'NONE',  ( 1.010530969248000233, -0.09080002820528997043, -0.1626975013004999804 ) ) ;
#7355 = CARTESIAN_POINT ( 'NONE',  ( 0.5841804246273000212, 0.1259363778563000191, -0.09089366210302991800 ) ) ;
#7356 = CARTESIAN_POINT ( 'NONE',  ( 1.099822344551000253, 0.06352880112627991294, 0.08279234553396004614 ) ) ;
#7357 = ORIENTED_EDGE ( 'NONE', *, *, #6454, .F. ) ;
#7358 = LINE ( 'NONE', #5836, #181 ) ;
#7359 = CARTESIAN_POINT ( 'NONE',  ( 1.064921014795000120, 0.09971518655524999608, -0.02953698362550000178 ) ) ;
#7360 = CARTESIAN_POINT ( 'NONE',  ( 1.190944068639330000, -0.09925121538690656608, 0.03224867479306125356 ) ) ;
#7361 = CARTESIAN_POINT ( 'NONE',  ( 0.6102362204723996708, 0.5314960629921000601, 0.3740157480314960647 ) ) ;
#7362 = CARTESIAN_POINT ( 'NONE',  ( 1.247271038138999755, -0.1026267293788999946, 0.05229093041692000482 ) ) ;
#7363 = CIRCLE ( 'NONE', #7852, 0.1535433070865999949 ) ;
#7364 = EDGE_CURVE ( 'NONE', #3876, #6984, #293, .T. ) ;
#7365 = CARTESIAN_POINT ( 'NONE',  ( 0.7294509068517992523, 0.01465514892560000094, -0.2020564520581999979 ) ) ;
#7366 = ADVANCED_FACE ( 'NONE', ( #5031 ), #494, .F. ) ;
#7367 = CARTESIAN_POINT ( 'NONE',  ( 1.145893085384000143, 0.06770149980087993014, -0.09318312031472007761 ) ) ;
#7368 = AXIS2_PLACEMENT_3D ( 'NONE', #8170, #8989, #1305 ) ;
#7369 = DIRECTION ( 'NONE',  ( 0.000000000000000000, 0.000000000000000000, -1.000000000000000000 ) ) ;
#7370 = DIRECTION ( 'NONE',  ( -1.000000000000000000, 0.000000000000000000, 0.000000000000000000 ) ) ;
#7371 = FACE_OUTER_BOUND ( 'NONE', #9161, .T. ) ;
#7372 = EDGE_CURVE ( 'NONE', #2469, #7483, #3413, .T. ) ;
#7373 = CARTESIAN_POINT ( 'NONE',  ( 1.158192120972427075, -0.07686178318541536658, -0.07046932092377247714 ) ) ;
#7374 = CIRCLE ( 'NONE', #3536, 0.2496578167136001003 ) ;
#7375 = CARTESIAN_POINT ( 'NONE',  ( 0.6102362204723996708, 0.000000000000000000, 0.000000000000000000 ) ) ;
#7376 = FACE_BOUND ( 'NONE', #1431, .T. ) ;
#7377 = CIRCLE ( 'NONE', #5587, 0.08267716535433068670 ) ;
#7378 = CARTESIAN_POINT ( 'NONE',  ( 0.7276665996183996343, -0.01529757215837000001, -0.2013642080919000044 ) ) ;
#7379 = CARTESIAN_POINT ( 'NONE',  ( 1.386354514378999925, 0.08645663715185000764, -0.08400201816395000409 ) ) ;
#7380 = ADVANCED_FACE ( 'NONE', ( #3631 ), #3585, .F. ) ;
#7381 = ORIENTED_EDGE ( 'NONE', *, *, #4089, .T. ) ;
#7382 = ORIENTED_EDGE ( 'NONE', *, *, #6982, .T. ) ;
#7383 = CARTESIAN_POINT ( 'NONE',  ( 1.204008489420000050, 0.1064130645374000012, -0.04407773454509000127 ) ) ;
#7384 = ORIENTED_EDGE ( 'NONE', *, *, #5991, .F. ) ;
#7385 = CIRCLE ( 'NONE', #5419, 0.1220472440945000042 ) ;
#7386 = AXIS2_PLACEMENT_3D ( 'NONE', #8374, #4716, #1784 ) ;
#7387 = CIRCLE ( 'NONE', #404, 0.1574803149606000263 ) ;
#7388 = ORIENTED_EDGE ( 'NONE', *, *, #8044, .T. ) ;
#7389 = CARTESIAN_POINT ( 'NONE',  ( 0.7362204724408996093, 0.000000000000000000, 0.000000000000000000 ) ) ;
#7390 = EDGE_CURVE ( 'NONE', #2944, #8431, #4684, .T. ) ;
#7391 = VERTEX_POINT ( 'NONE', #7361 ) ;
#7392 = DIRECTION ( 'NONE',  ( 1.000000000000000000, 0.000000000000000000, 0.000000000000000000 ) ) ;
#7393 = CARTESIAN_POINT ( 'NONE',  ( 1.284369588645000171, 0.05217873381839999852, -0.09037621804783996238 ) ) ;
#7394 = CIRCLE ( 'NONE', #7874, 0.1023622047244000105 ) ;
#7395 = CARTESIAN_POINT ( 'NONE',  ( 1.310526348860999946, -0.1017567104406000011, -0.04224264666544000346 ) ) ;
#7396 = CARTESIAN_POINT ( 'NONE',  ( 1.047973619355820896, -0.02686617579603135450, -0.1105534695873336831 ) ) ;
#7397 = ORIENTED_EDGE ( 'NONE', *, *, #2237, .F. ) ;
#7398 = CARTESIAN_POINT ( 'NONE',  ( 1.112378205888999938, -0.08863667449390000286, -0.07341184918317007757 ) ) ;
#7399 = CARTESIAN_POINT ( 'NONE',  ( -0.03937007874015999859, 7.521921400916004142E-09, 0.2496578167135999893 ) ) ;
#7400 = CARTESIAN_POINT ( 'NONE',  ( 1.146625272726000011, 0.07569823244745001178, 0.07183494035557008717 ) ) ;
#7401 = CARTESIAN_POINT ( 'NONE',  ( 1.296741900041999962, 0.02558310426519000078, 0.1065612970813000077 ) ) ;
#7402 = AXIS2_PLACEMENT_3D ( 'NONE', #8481, #3134, #6205 ) ;
#7403 = DIRECTION ( 'NONE',  ( 0.000000000000000000, 0.000000000000000000, 1.000000000000000000 ) ) ;
#7404 = CARTESIAN_POINT ( 'NONE',  ( 1.239163159884000054, 0.000000000000000000, -0.1095892592300000135 ) ) ;
#7405 = CARTESIAN_POINT ( 'NONE',  ( 1.245814138389000236, -0.1020770065874999910, -0.02169713754582000206 ) ) ;
#7406 = ORIENTED_EDGE ( 'NONE', *, *, #6663, .F. ) ;
#7407 = CARTESIAN_POINT ( 'NONE',  ( 1.086302845886000012, 0.07361965376779999737, -0.08106230953768996106 ) ) ;
#7408 = B_SPLINE_CURVE_WITH_KNOTS ( 'NONE', 3,
 ( #8417, #9230, #746, #3831, #3779, #1650 ),
 .UNSPECIFIED., .F., .F.,
 ( 4, 1, 1, 4 ),
 ( 0.000000000000000000, 0.3333333333333000081, 0.6666666666667000474, 1.000000000000000000 ),
 .UNSPECIFIED. ) ;
#7409 = CARTESIAN_POINT ( 'NONE',  ( 0.8602362204723996708, 0.000000000000000000, 0.1673228346456999971 ) ) ;
#7410 = CARTESIAN_POINT ( 'NONE',  ( 1.318803416312999799, 0.05948255673673390198, 0.1032031167347791933 ) ) ;
#7411 = CARTESIAN_POINT ( 'NONE',  ( 0.5802225801515999981, -0.1392168617171999911, -0.06219263214122007499 ) ) ;
#7412 = CARTESIAN_POINT ( 'NONE',  ( 1.063569063711000240, 0.01632510462535999990, 0.1030726540376999956 ) ) ;
#7413 = B_SPLINE_SURFACE_WITH_KNOTS ( 'NONE', 3, 3, ( 
 ( #6364, #1814, #5763, #8851, #7379, #2517, #1916, #9497, #5605, #4141, #3392, #2569, #4851, #3292, #6573, #7938, #1013, #408, #8078, #4095, #7174, #5715, #248, #1861, #7280, #3339, #8792, #5660, #4951, #6466, #1161, #4197, #8741, #4900, #4250 ),
 ( #8030, #7329, #3497, #6776, #2162, #1360, #1314, #5897, #8229, #9841, #8285, #5091, #9737, #5249, #616, #2933, #5198, #2211, #4386, #4492, #6043, #2117, #9693, #8332, #1259, #4439, #7585, #3547, #2830, #5993, #1459, #1412, #3747, #8997, #662 ),
 ( #9892, #5148, #6621, #4538, #2781, #7480, #5851, #6725, #3701, #559, #7527, #9093, #8947, #2009, #3644, #5296, #6818, #8177, #2980, #8378, #4342, #7431, #9139, #461, #509, #3595, #6675, #2065, #9790, #2884, #5947, #9048, #24, #6300, #3075 ),
 ( #6151, #7724, #756, #9384, #3888, #6960, #6915, #7628, #4678, #3791, #2405, #2453, #9282, #5338, #3989, #9986, #810, #3842, #2307, #2259, #7069, #1605, #136, #5384, #3233, #8471, #6860, #3126, #77, #3178, #5531, #3026, #6251, #6194, #6102 ) ),
 .UNSPECIFIED., .F., .F., .F.,
 ( 4, 4 ),
 ( 4, 1, 1, 1, 1, 1, 1, 1, 1, 1, 1, 1, 1, 1, 1, 1, 1, 1, 1, 1, 1, 1, 1, 1, 1, 1, 1, 1, 1, 1, 1, 1, 4 ),
 ( 0.6601182929569000546, 1.007446311688000140 ),
 ( 0.5154999999999999583, 0.5309374999999999512, 0.5463750000000000551, 0.5618125000000000480, 0.5772500000000000409, 0.5926875000000000338, 0.6081250000000000266, 0.6235625000000000195, 0.6390000000000000124, 0.6544375000000000053, 0.6698749999999999982, 0.6853124999999999911, 0.7007499999999999840, 0.7161874999999999769, 0.7316249999999999698, 0.7470624999999999627, 0.7624999999999999556, 0.7779374999999999485, 0.7933750000000000524, 0.8088125000000000453, 0.8242500000000000382, 0.8396875000000000311, 0.8551250000000000240, 0.8705625000000000169, 0.8860000000000000098, 0.9014375000000000027, 0.9168749999999999956, 0.9323124999999999885, 0.9477499999999999813, 0.9631874999999999742, 0.9786249999999999671, 0.9940624999999999600, 1.009500000000000064 ),
 .UNSPECIFIED. ) ;
#7414 = CARTESIAN_POINT ( 'NONE',  ( 1.198505953495333287, 0.09197940250214918512, 0.07690747405744674525 ) ) ;
#7415 = FACE_OUTER_BOUND ( 'NONE', #9451, .T. ) ;
#7416 = CARTESIAN_POINT ( 'NONE',  ( 1.199474252366329985, -0.05217945184233735434, -0.09037746170177897442 ) ) ;
#7417 = ORIENTED_EDGE ( 'NONE', *, *, #8034, .F. ) ;
#7418 = FACE_BOUND ( 'NONE', #4812, .T. ) ;
#7419 = CARTESIAN_POINT ( 'NONE',  ( 1.289921956774999989, -0.1150228199578999938, -0.006028090560867007189 ) ) ;
#7420 = CARTESIAN_POINT ( 'NONE',  ( 0.7362204724408996093, 0.003937007874016000379, -0.2132686289419000181 ) ) ;
#7421 = CARTESIAN_POINT ( 'NONE',  ( 1.148025631315000128, 0.09492340744733997193, -0.06523905046413995545 ) ) ;
#7422 = CARTESIAN_POINT ( 'NONE',  ( 0.7244094488188976833, -0.1813108520207999952, 0.08649560877427991956 ) ) ;
#7423 = CARTESIAN_POINT ( 'NONE',  ( -0.002765821536155000076, 0.000000000000000000, 0.3149606299213000282 ) ) ;
#7424 = CARTESIAN_POINT ( 'NONE',  ( 0.9842519685038996213, 0.000000000000000000, 0.000000000000000000 ) ) ;
#7425 = CARTESIAN_POINT ( 'NONE',  ( 1.135216388371488971, 0.1018343262105831232, 0.02243722155776009530 ) ) ;
#7426 = CYLINDRICAL_SURFACE ( 'NONE', #1083, 0.08267716535433068670 ) ;
#7427 = ADVANCED_FACE ( 'NONE', ( #7418, #8831 ), #6662, .T. ) ;
#7428 = CARTESIAN_POINT ( 'NONE',  ( 1.338367398711000078, 0.1047521445240000154, -0.005874894136676999876 ) ) ;
#7429 = B_SPLINE_CURVE_WITH_KNOTS ( 'NONE', 3,
 ( #1654, #2401, #3984, #5476, #3228, #8610 ),
 .UNSPECIFIED., .F., .F.,
 ( 4, 1, 1, 4 ),
 ( 0.000000000000000000, 0.3333333333333000081, 0.6666666666667000474, 1.000000000000000000 ),
 .UNSPECIFIED. ) ;
#7430 = DIRECTION ( 'NONE',  ( -1.000000000000000000, 0.000000000000000000, 0.000000000000000000 ) ) ;
#7431 = CARTESIAN_POINT ( 'NONE',  ( 1.345580934603999967, 0.1093696985961000040, 0.001718116519791000173 ) ) ;
#7432 = CARTESIAN_POINT ( 'NONE',  ( 1.366141732283000065, -0.08034203920182007852, 0.08657473440298996126 ) ) ;
#7433 = CARTESIAN_POINT ( 'NONE',  ( 1.227466494668999930, -0.1126636970527000042, -0.02394740807054999629 ) ) ;
#7434 = VERTEX_POINT ( 'NONE', #598 ) ;
#7435 = VECTOR ( 'NONE', #2699, 39.37007874015748143 ) ;
#7436 = FACE_OUTER_BOUND ( 'NONE', #5548, .T. ) ;
#7437 = ORIENTED_EDGE ( 'NONE', *, *, #9109, .T. ) ;
#7438 = ORIENTED_EDGE ( 'NONE', *, *, #4958, .F. ) ;
#7439 = FACE_OUTER_BOUND ( 'NONE', #7684, .T. ) ;
#7440 = ORIENTED_EDGE ( 'NONE', *, *, #5884, .T. ) ;
#7441 = DIRECTION ( 'NONE',  ( 0.000000000000000000, 0.000000000000000000, -1.000000000000000000 ) ) ;
#7442 = CARTESIAN_POINT ( 'NONE',  ( 0.6673228346457008575, 0.000000000000000000, 0.000000000000000000 ) ) ;
#7443 = EDGE_CURVE ( 'NONE', #7176, #9290, #8855, .T. ) ;
#7444 = CARTESIAN_POINT ( 'NONE',  ( 1.141638061981999686, -0.05948255673673412403, -0.1032031167347790407 ) ) ;
#7445 = CARTESIAN_POINT ( 'NONE',  ( 1.368360994530000152, 0.1080086283796000135, 0.02174893356747000309 ) ) ;
#7446 = CARTESIAN_POINT ( 'NONE',  ( 1.134276159964999975, 0.002481186427791000348, 0.1206517352002999949 ) ) ;
#7447 = CARTESIAN_POINT ( 'NONE',  ( 1.066178744397000111, 0.000000000000000000, -0.1181102362205000006 ) ) ;
#7448 = CARTESIAN_POINT ( 'NONE',  ( 1.138095088999000026, 0.08600372205772992273, -0.05910872053913996532 ) ) ;
#7449 = CARTESIAN_POINT ( 'NONE',  ( 1.225269273919000090, -0.04229973533675999986, 0.09500676109277993164 ) ) ;
#7450 = CARTESIAN_POINT ( 'NONE',  ( 0.5866141732283000065, 0.000000000000000000, 0.000000000000000000 ) ) ;
#7451 = VECTOR ( 'NONE', #5434, 39.37007874015748143 ) ;
#7452 = CARTESIAN_POINT ( 'NONE',  ( 1.265063592935999903, 0.07183494035557008717, 0.07569823244745001178 ) ) ;
#7453 = VERTEX_POINT ( 'NONE', #6606 ) ;
#7454 = CARTESIAN_POINT ( 'NONE',  ( 1.151052637760000108, -0.1091924696449999982, -0.008243544217858996687 ) ) ;
#7455 = DIRECTION ( 'NONE',  ( 0.000000000000000000, -0.007242887910995336395, 0.9999737699433465243 ) ) ;
#7456 = CARTESIAN_POINT ( 'NONE',  ( 1.321264046234249534, 0.01546059376766944181, 0.1181102362205000561 ) ) ;
#7457 = CARTESIAN_POINT ( 'NONE',  ( 0.9744094488277993404, 0.000000000000000000, 0.000000000000000000 ) ) ;
#7459 = CARTESIAN_POINT ( 'NONE',  ( 1.097689798619000179, 0.08752153665226003465, 0.05683715047030001022 ) ) ;
#7458 = AXIS2_PLACEMENT_3D ( 'NONE', #8496, #1590, #4661 ) ;
#7460 = CARTESIAN_POINT ( 'NONE',  ( 0.6498031496062991463, 0.3740157480314960647, -0.3740157480314960647 ) ) ;
#7461 = ORIENTED_EDGE ( 'NONE', *, *, #3044, .T. ) ;
#7462 = CARTESIAN_POINT ( 'NONE',  ( 1.203974019986999933, 0.000000000000000000, 0.1181102362205000006 ) ) ;
#7463 = CARTESIAN_POINT ( 'NONE',  ( 1.011811083030000002, 0.09046570508707006686, -0.1614166136835000209 ) ) ;
#7464 = CARTESIAN_POINT ( 'NONE',  ( 0.7362204724408996093, -0.1343708233930999973, 0.08212509616896003506 ) ) ;
#7465 = CYLINDRICAL_SURFACE ( 'NONE', #7882, 0.1574803149606000263 ) ;
#7466 = CARTESIAN_POINT ( 'NONE',  ( 1.171791509321333358, 0.04120276216305555905, 0.1125935275257148038 ) ) ;
#7467 = CARTESIAN_POINT ( 'NONE',  ( 1.253668675934999976, -0.09820766630687993715, -0.06018173531423996053 ) ) ;
#7468 = ORIENTED_EDGE ( 'NONE', *, *, #7920, .F. ) ;
#7469 = CARTESIAN_POINT ( 'NONE',  ( 0.7355155807016005021, 0.008135814401646004543, -0.2089511782468999879 ) ) ;
#7470 = CARTESIAN_POINT ( 'NONE',  ( 1.096844528952999998, -0.09137897012602992641, -0.07011754991142991889 ) ) ;
#7471 = DIRECTION ( 'NONE',  ( 0.000000000000000000, 1.000000000000000000, 0.000000000000000000 ) ) ;
#7472 = ORIENTED_EDGE ( 'NONE', *, *, #1513, .F. ) ;
#7473 = FACE_BOUND ( 'NONE', #3944, .T. ) ;
#7474 = CIRCLE ( 'NONE', #9083, 0.3071475752050999986 ) ;
#7475 = CARTESIAN_POINT ( 'NONE',  ( 1.088676898647999991, 0.1032031167347787076, 0.05948255673673468608 ) ) ;
#7476 = DIRECTION ( 'NONE',  ( 0.000000000000000000, 0.000000000000000000, 1.000000000000000000 ) ) ;
#7477 = CARTESIAN_POINT ( 'NONE',  ( -0.002765821536155000076, -4.729819400723000477E-12, -0.2992125984251968740 ) ) ;
#7478 = CARTESIAN_POINT ( 'NONE',  ( 1.374514052253999807, 0.08830341887916003107, -0.05665714741372000068 ) ) ;
#7479 = CARTESIAN_POINT ( 'NONE',  ( 0.01181102362204999867, 0.000000000000000000, 0.1003937007873999948 ) ) ;
#7480 = CARTESIAN_POINT ( 'NONE',  ( 1.377995632766000123, 0.05016855396185000010, -0.09719979643266005165 ) ) ;
#7481 = CARTESIAN_POINT ( 'NONE',  ( 1.189562725419249567, -0.07258425826477050979, -0.09444883965335056086 ) ) ;
#7482 = CARTESIAN_POINT ( 'NONE',  ( 1.301071666724000098, -0.1178140280982000049, 0.01238275332683000038 ) ) ;
#7483 = VERTEX_POINT ( 'NONE', #2766 ) ;
#7484 = CARTESIAN_POINT ( 'NONE',  ( 0.7362204724408996093, 0.1866645544309000204, 0.1032247656370999800 ) ) ;
#7485 = ORIENTED_EDGE ( 'NONE', *, *, #6690, .F. ) ;
#7486 = ORIENTED_EDGE ( 'NONE', *, *, #592, .T. ) ;
#7487 = CARTESIAN_POINT ( 'NONE',  ( 0.7334836223767007279, 0.1720445516939999864, 0.1126956960066000102 ) ) ;
#7488 = VERTEX_POINT ( 'NONE', #9726 ) ;
#7489 = FACE_OUTER_BOUND ( 'NONE', #9189, .T. ) ;
#7490 = CARTESIAN_POINT ( 'NONE',  ( 1.173477200194000147, 0.1018014538566000132, 0.01069976395653000033 ) ) ;
#7491 = VERTEX_POINT ( 'NONE', #5882 ) ;
#7492 = CARTESIAN_POINT ( 'NONE',  ( 0.6791338582677007851, 0.000000000000000000, 0.000000000000000000 ) ) ;
#7493 = CARTESIAN_POINT ( 'NONE',  ( 1.365194513042000235, 0.1135193940075000102, 0.02285859746510999699 ) ) ;
#7494 = CARTESIAN_POINT ( 'NONE',  ( 1.044461932526000059, 0.1178442761531000027, -0.02599472998769000037 ) ) ;
#7495 = CARTESIAN_POINT ( 'NONE',  ( 1.213348814658000041, 0.000000000000000000, 0.1181102362205000006 ) ) ;
#7496 = EDGE_CURVE ( 'NONE', #6320, #2789, #8406, .T. ) ;
#7497 = EDGE_CURVE ( 'NONE', #9229, #3414, #2662, .T. ) ;
#7498 = CARTESIAN_POINT ( 'NONE',  ( 1.121034721545000057, -0.1026099921947999927, 0.01901763795381000016 ) ) ;
#7499 = CARTESIAN_POINT ( 'NONE',  ( 0.5787401574803000548, 0.09693842135412991667, -0.07415168411053996156 ) ) ;
#7500 = CARTESIAN_POINT ( 'NONE',  ( 1.254400863277999933, 0.06567428234212992211, -0.08110098452177991191 ) ) ;
#7501 = ORIENTED_EDGE ( 'NONE', *, *, #4110, .T. ) ;
#7502 = DIRECTION ( 'NONE',  ( 0.000000000000000000, 0.000000000000000000, 1.000000000000000000 ) ) ;
#7503 = AXIS2_PLACEMENT_3D ( 'NONE', #863, #78, #9334 ) ;
#7504 = CARTESIAN_POINT ( 'NONE',  ( 0.5393700787402000429, 0.000000000000000000, 0.1417322834646000118 ) ) ;
#7505 = CARTESIAN_POINT ( 'NONE',  ( 1.233033854029000009, 0.000000000000000000, -0.1181102362205000006 ) ) ;
#7506 = LINE ( 'NONE', #7559, #2050 ) ;
#7507 = EDGE_LOOP ( 'NONE', ( #9030, #2675, #2282, #1869 ) ) ;
#7508 = CARTESIAN_POINT ( 'NONE',  ( 0.7309195682576004049, 0.1277490866393000135, -0.08973893678023996123 ) ) ;
#7509 = CARTESIAN_POINT ( 'NONE',  ( 0.8464566929133995332, 0.000000000000000000, 0.000000000000000000 ) ) ;
#7510 = CARTESIAN_POINT ( 'NONE',  ( 0.5841804246273000212, -0.1416844093523999815, 0.06361727143266003581 ) ) ;
#7511 = CIRCLE ( 'NONE', #6030, 0.003937007874015997777 ) ;
#7512 = CARTESIAN_POINT ( 'NONE',  ( 1.235727533206329998, -0.08898059278947241524, -0.05452737739054461935 ) ) ;
#7513 = CARTESIAN_POINT ( 'NONE',  ( 0.9833987724170001332, -0.09505360061837007934, -0.1794332257083000315 ) ) ;
#7514 = DIRECTION ( 'NONE',  ( 1.000000000000000000, 0.000000000000000000, 0.000000000000000000 ) ) ;
#7515 = CARTESIAN_POINT ( 'NONE',  ( 1.115743827781749964, 0.01546059376767015998, -0.1181102362205000006 ) ) ;
#7516 = CARTESIAN_POINT ( 'NONE',  ( 1.306982324228999959, 0.1075304200170000002, -0.04127706091346000639 ) ) ;
#7517 = CIRCLE ( 'NONE', #6856, 0.1553113939094000473 ) ;
#7518 = CARTESIAN_POINT ( 'NONE',  ( 0.7334669091272008057, -0.01158024468929000003, 0.1563458270956999963 ) ) ;
#7519 = CARTESIAN_POINT ( 'NONE',  ( 1.116037442339000041, 0.09659863881802990826, 0.06273188954097008718 ) ) ;
#7520 = DIRECTION ( 'NONE',  ( 0.000000000000000000, -0.8751064672747764783, 0.4839304401810867184 ) ) ;
#7521 = FACE_BOUND ( 'NONE', #9405, .T. ) ;
#7522 = CARTESIAN_POINT ( 'NONE',  ( 0.7276665996183996343, -0.1820353056997000007, -0.08743401794056004928 ) ) ;
#7523 = FACE_OUTER_BOUND ( 'NONE', #2534, .T. ) ;
#7524 = CARTESIAN_POINT ( 'NONE',  ( 1.352826060127999996, -0.06602625533717991491, 0.08153563497254999459 ) ) ;
#7525 = CARTESIAN_POINT ( 'NONE',  ( -0.03937007874015999859, 0.000000000000000000, 0.000000000000000000 ) ) ;
#7526 = COLOUR_RGB ( '',0.7921568627450980005, 0.8196078431372548767, 0.9333333333333333481 ) ;
#7527 = CARTESIAN_POINT ( 'NONE',  ( 1.367866039591000060, -0.09939545951947992286, -0.04566426964130000654 ) ) ;
#7528 = CARTESIAN_POINT ( 'NONE',  ( 1.361454453162385780, 6.032801447362277094E-09, 0.1181098035236435168 ) ) ;
#7529 = CARTESIAN_POINT ( 'NONE',  ( 1.286143845201000113, 0.09581493536365000285, 0.07352138559648996319 ) ) ;
#7530 = EDGE_LOOP ( 'NONE', ( #7807, #8961, #3446, #9204, #6108, #2888 ) ) ;
#7531 = CARTESIAN_POINT ( 'NONE',  ( 1.057086614172999983, 0.000000000000000000, -0.1023622047244000105 ) ) ;
#7532 = CARTESIAN_POINT ( 'NONE',  ( 0.5787401574803000548, -0.1351639017700000112, -0.05985265462468995767 ) ) ;
#7533 = VERTEX_POINT ( 'NONE', #5234 ) ;
#7534 = ORIENTED_EDGE ( 'NONE', *, *, #5377, .F. ) ;
#7535 = DIRECTION ( 'NONE',  ( 1.000000000000000000, 0.000000000000000000, 0.000000000000000000 ) ) ;
#7536 = EDGE_LOOP ( 'NONE', ( #4462, #9339, #4074, #7843, #3407, #6480 ) ) ;
#7537 = EDGE_CURVE ( 'NONE', #3777, #3453, #3012, .T. ) ;
#7538 = CARTESIAN_POINT ( 'NONE',  ( 1.175609746125000132, 0.09419155717462007749, 0.04492664279108000286 ) ) ;
#7539 = AXIS2_PLACEMENT_3D ( 'NONE', #5689, #8356, #9817 ) ;
#7540 = DIRECTION ( 'NONE',  ( 1.000000000000000000, 0.000000000000000000, 0.000000000000000000 ) ) ;
#7541 = CARTESIAN_POINT ( 'NONE',  ( 1.299373832077999946, -0.1129506637816999892, 0.04455025935399999776 ) ) ;
#7542 = ORIENTED_EDGE ( 'NONE', *, *, #2600, .F. ) ;
#7543 = AXIS2_PLACEMENT_3D ( 'NONE', #3721, #5223, #8972 ) ;
#7544 = AXIS2_PLACEMENT_3D ( 'NONE', #9088, #3639, #2157 ) ;
#7545 = CARTESIAN_POINT ( 'NONE',  ( 1.111300427364000143, -0.06263691879286004127, -0.1031485040952000026 ) ) ;
#7546 = ADVANCED_FACE ( 'NONE', ( #8411 ), #6898, .T. ) ;
#7547 =( NAMED_UNIT ( * ) SI_UNIT ( $, .STERADIAN. ) SOLID_ANGLE_UNIT ( ) );
#7548 = CARTESIAN_POINT ( 'NONE',  ( 0.7248214212811003865, -0.1656791315182000179, 0.1138391516281000021 ) ) ;
#7549 = EDGE_CURVE ( 'NONE', #5690, #2736, #4383, .T. ) ;
#7550 = CARTESIAN_POINT ( 'NONE',  ( 1.277858868527000036, -0.1000599994510000118, 0.02963912214327999936 ) ) ;
#7551 = VECTOR ( 'NONE', #6889, 39.37007874015748143 ) ;
#7552 = ORIENTED_EDGE ( 'NONE', *, *, #517, .T. ) ;
#7553 = FACE_BOUND ( 'NONE', #2169, .T. ) ;
#7554 = CARTESIAN_POINT ( 'NONE',  ( 0.9799168807595000086, 0.09419677740597007243, 0.1760013734404000108 ) ) ;
#7555 = ORIENTED_EDGE ( 'NONE', *, *, #2861, .T. ) ;
#7556 = ORIENTED_EDGE ( 'NONE', *, *, #9327, .T. ) ;
#7557 = EDGE_CURVE ( 'NONE', #825, #4845, #5720, .T. ) ;
#7558 = EDGE_CURVE ( 'NONE', #4281, #446, #3107, .T. ) ;
#7559 = CARTESIAN_POINT ( 'NONE',  ( 0.5787401574803000548, 0.000000000000000000, -0.1220472440945000042 ) ) ;
#7560 = CARTESIAN_POINT ( 'NONE',  ( 0.7362204724408996093, 0.1343708233930999973, -0.08212509616896003506 ) ) ;
#7561 = B_SPLINE_CURVE_WITH_KNOTS ( 'NONE', 3,
 ( #7732, #9338, #6922, #9991, #2364, #9245 ),
 .UNSPECIFIED., .F., .F.,
 ( 4, 1, 1, 4 ),
 ( 0.000000000000000000, 0.3333333333333000081, 0.6666666666667000474, 1.000000000000000000 ),
 .UNSPECIFIED. ) ;
#7562 = CARTESIAN_POINT ( 'NONE',  ( 0.6285072769383996949, 0.1542213071438000294, -0.07085545274729999898 ) ) ;
#7563 = CIRCLE ( 'NONE', #9629, 0.1968503784342000573 ) ;
#7564 = CARTESIAN_POINT ( 'NONE',  ( 1.011811023621999928, -6.792578432094999076E-07, 1.159127081725000199E-06 ) ) ;
#7565 = CONICAL_SURFACE ( 'NONE', #4488, 0.1397637795276000239, 0.2516899717581221885 ) ;
#7566 = CARTESIAN_POINT ( 'NONE',  ( 0.7280600717204999128, 0.000000000000000000, 0.000000000000000000 ) ) ;
#7567 = DIRECTION ( 'NONE',  ( 0.000000000000000000, 0.000000000000000000, 1.000000000000000000 ) ) ;
#7568 = CARTESIAN_POINT ( 'NONE',  ( 1.176509186351999858, 0.08864826967872008190, 0.05118110236220999726 ) ) ;
#7569 = CARTESIAN_POINT ( 'NONE',  ( 0.7244094488188976833, 0.01574803149606000124, 0.1536382109453000022 ) ) ;
#7570 = CARTESIAN_POINT ( 'NONE',  ( 1.241235953766499645, 0.1150361429136075309, -0.03091510445189034686 ) ) ;
#7571 = CARTESIAN_POINT ( 'NONE',  ( 1.170345411063249630, -0.09444883965335040821, 0.07258425826477060694 ) ) ;
#7572 = FACE_BOUND ( 'NONE', #724, .T. ) ;
#7573 = CARTESIAN_POINT ( 'NONE',  ( 1.304849778297000329, 0.08758406939919999301, -0.07480386202907007842 ) ) ;
#7574 = EDGE_CURVE ( 'NONE', #6839, #4457, #6949, .T. ) ;
#7575 = CARTESIAN_POINT ( 'NONE',  ( 1.125233862506999971, 0.000000000000000000, 0.1181102362205000006 ) ) ;
#7576 = CARTESIAN_POINT ( 'NONE',  ( 1.071253977772000043, 0.1104374983751000017, -0.03271307705311000263 ) ) ;
#7577 = FACE_OUTER_BOUND ( 'NONE', #3424, .T. ) ;
#7578 = EDGE_CURVE ( 'NONE', #824, #8362, #2927, .T. ) ;
#7579 = FACE_BOUND ( 'NONE', #7780, .T. ) ;
#7580 = LINE ( 'NONE', #655, #3184 ) ;
#7581 = CARTESIAN_POINT ( 'NONE',  ( 1.172813041718427041, 0.1040486792448089837, -0.006893956074674273404 ) ) ;
#7582 = CARTESIAN_POINT ( 'NONE',  ( 1.360055390836999889, -0.1012918731321000021, -0.02734012804704000210 ) ) ;
#7583 = ADVANCED_FACE ( 'NONE', ( #3731 ), #3743, .T. ) ;
#7584 = CARTESIAN_POINT ( 'NONE',  ( 0.8431417322834998673, -0.3740157480314960647, -0.3740157480314960647 ) ) ;
#7585 = CARTESIAN_POINT ( 'NONE',  ( 1.338617822916000177, -0.003460692840919999888, -0.1149119914946000187 ) ) ;
#7586 = CARTESIAN_POINT ( 'NONE',  ( 1.192023355340499746, -0.03091510445189049605, -0.1150361429136075170 ) ) ;
#7587 = CARTESIAN_POINT ( 'NONE',  ( 1.189080667897000065, -0.1075304200170000002, -0.04127706091347000533 ) ) ;
#7588 = CARTESIAN_POINT ( 'NONE',  ( 1.047973619356000086, 0.000000000000000000, -0.1023622047244000105 ) ) ;
#7589 = ORIENTED_EDGE ( 'NONE', *, *, #2609, .T. ) ;
#7590 = ORIENTED_EDGE ( 'NONE', *, *, #1856, .F. ) ;
#7591 = TOROIDAL_SURFACE ( 'NONE', #8885, 0.2496578167135999893, 0.007874015748031005027 ) ;
#7592 = ORIENTED_EDGE ( 'NONE', *, *, #6499, .F. ) ;
#7593 = CARTESIAN_POINT ( 'NONE',  ( 0.5984251968503937480, 0.01574803149606000124, -0.1210269775506999934 ) ) ;
#7594 = CARTESIAN_POINT ( 'NONE',  ( 0.6673228346457008575, 0.000000000000000000, 0.000000000000000000 ) ) ;
#7595 = CARTESIAN_POINT ( 'NONE',  ( 1.189756972799999923, 0.07353757175389999401, 0.07353769128401003996 ) ) ;
#7596 = CARTESIAN_POINT ( 'NONE',  ( 1.331457636401000011, 0.05276016990911999716, 0.1030802294173999989 ) ) ;
#7597 = EDGE_CURVE ( 'NONE', #9992, #6923, #7761, .T. ) ;
#7598 = CARTESIAN_POINT ( 'NONE',  ( 1.121743942183000220, 0.1086729902952000004, -0.05247074111570999844 ) ) ;
#7599 = B_SPLINE_CURVE_WITH_KNOTS ( 'NONE', 3,
 ( #8495, #9914, #3101, #684, #9120, #5408, #6801, #3866, #6938, #3005, #5227 ),
 .UNSPECIFIED., .F., .F.,
 ( 4, 1, 1, 1, 1, 1, 1, 1, 4 ),
 ( 0.000000000000000000, 0.1250000000000000000, 0.2500000000000000000, 0.3750000000000000000, 0.5000000000000000000, 0.6250000000000000000, 0.7500000000000000000, 0.8750000000000000000, 1.000000000000000000 ),
 .UNSPECIFIED. ) ;
#7600 = B_SPLINE_CURVE_WITH_KNOTS ( 'NONE', 3,
 ( #4068, #1077, #7148, #4166, #3411, #9569 ),
 .UNSPECIFIED., .F., .F.,
 ( 4, 1, 1, 4 ),
 ( 0.000000000000000000, 0.3333333333333000081, 0.6666666666667000474, 1.000000000000000000 ),
 .UNSPECIFIED. ) ;
#7601 = DIRECTION ( 'NONE',  ( 0.000000000000000000, 0.000000000000000000, 1.000000000000000000 ) ) ;
#7602 = CARTESIAN_POINT ( 'NONE',  ( 1.233075403960000038, -0.04244600606646999758, 0.09533529053063996561 ) ) ;
#7603 = AXIS2_PLACEMENT_3D ( 'NONE', #9845, #6864, #8914 ) ;
#7604 = DIRECTION ( 'NONE',  ( 0.000000000000000000, 0.000000000000000000, -1.000000000000000000 ) ) ;
#7605 = ORIENTED_EDGE ( 'NONE', *, *, #3043, .T. ) ;
#7606 = VERTEX_POINT ( 'NONE', #4665 ) ;
#7607 = CARTESIAN_POINT ( 'NONE',  ( 0.8431417322834998673, 0.3740157480314960647, -0.3740157480314960647 ) ) ;
#7608 = DIRECTION ( 'NONE',  ( 0.000000000000000000, 0.000000000000000000, 1.000000000000000000 ) ) ;
#7609 = CARTESIAN_POINT ( 'NONE',  ( 0.9799168807595000086, 0.09419677740597007243, -0.1760013734404000108 ) ) ;
#7610 = DIRECTION ( 'NONE',  ( -0.9682773237093529328, 0.000000000000000000, -0.2498780190217879671 ) ) ;
#7611 = CIRCLE ( 'NONE', #8899, 0.1181102362205000006 ) ;
#7612 = FACE_OUTER_BOUND ( 'NONE', #5815, .T. ) ;
#7613 = CARTESIAN_POINT ( 'NONE',  ( 1.059148100764058187, -0.05948324709535230542, 0.1032020605127628859 ) ) ;
#7614 = DIRECTION ( 'NONE',  ( 0.000000000000000000, 0.000000000000000000, 1.000000000000000000 ) ) ;
#7615 = CARTESIAN_POINT ( 'NONE',  ( 1.178587320491000012, 0.06978036658548995852, 0.07526689515913996542 ) ) ;
#7616 = CARTESIAN_POINT ( 'NONE',  ( 1.324430453414000119, -0.1056303997698000152, 0.02336417851009000082 ) ) ;
#7617 = CIRCLE ( 'NONE', #8254, 0.2020722792147000846 ) ;
#7618 = CARTESIAN_POINT ( 'NONE',  ( 0.5841804246273000212, -0.01574803149606000124, -0.1545109335357000291 ) ) ;
#7619 = CARTESIAN_POINT ( 'NONE',  ( 1.104340777123000050, 0.07749130834676004609, -0.07749130834676004609 ) ) ;
#7620 = CARTESIAN_POINT ( 'NONE',  ( 0.7280600717204999128, -0.1820907631361000090, 0.08761369760209999913 ) ) ;
#7621 = EDGE_CURVE ( 'NONE', #6090, #4087, #6759, .T. ) ;
#7622 = EDGE_CURVE ( 'NONE', #4826, #4667, #4517, .T. ) ;
#7623 = CARTESIAN_POINT ( 'NONE',  ( 1.105548823137000092, 0.000000000000000000, -0.1181102362205000006 ) ) ;
#7624 = CARTESIAN_POINT ( 'NONE',  ( 1.007957085891739268, -0.09147181321226251216, 0.1652695406893275043 ) ) ;
#7625 = FACE_OUTER_BOUND ( 'NONE', #5774, .T. ) ;
#7626 = CARTESIAN_POINT ( 'NONE',  ( 1.382354386066000362, 0.02272619166960000020, 0.1024259529341999958 ) ) ;
#7627 = LINE ( 'NONE', #9931, #9397 ) ;
#7628 = CARTESIAN_POINT ( 'NONE',  ( 1.370777314007999959, -0.01757886705627999951, -0.1023029811202999934 ) ) ;
#7629 = CARTESIAN_POINT ( 'NONE',  ( 0.5787401574803000548, -0.1194158702739000072, 0.08712904529506003415 ) ) ;
#7630 = DIRECTION ( 'NONE',  ( -1.000000000000000000, 0.000000000000000000, 0.000000000000000000 ) ) ;
#7631 = AXIS2_PLACEMENT_3D ( 'NONE', #160, #1023, #4704 ) ;
#7632 = DIRECTION ( 'NONE',  ( 0.000000000000000000, 0.9997541118987406383, 0.02217466440694089089 ) ) ;
#7633 = ORIENTED_EDGE ( 'NONE', *, *, #5009, .F. ) ;
#7634 = ORIENTED_EDGE ( 'NONE', *, *, #5309, .T. ) ;
#7635 = EDGE_LOOP ( 'NONE', ( #5716, #6518, #122, #9508 ) ) ;
#7636 = CARTESIAN_POINT ( 'NONE',  ( 0.7280600717204999128, 0.2020225920456152624, 0.004480884977530934753 ) ) ;
#7637 = ADVANCED_FACE ( 'NONE', ( #9825 ), #6600, .F. ) ;
#7638 = DIRECTION ( 'NONE',  ( 0.000000000000000000, -0.8660254037844288266, 0.5000000000000169864 ) ) ;
#7639 = ORIENTED_EDGE ( 'NONE', *, *, #5167, .T. ) ;
#7640 = EDGE_CURVE ( 'NONE', #9353, #7743, #9202, .T. ) ;
#7641 = CARTESIAN_POINT ( 'NONE',  ( 0.7352427161525000310, 0.1315860621305000033, 0.08606287749492992634 ) ) ;
#7642 = CARTESIAN_POINT ( 'NONE',  ( 1.352388923941999943, 0.02781904757791000063, -0.1181895006907000001 ) ) ;
#7643 = ORIENTED_EDGE ( 'NONE', *, *, #8056, .F. ) ;
#7644 = CARTESIAN_POINT ( 'NONE',  ( 1.052816744380999925, 0.05298282752227000125, 0.1084242476816000000 ) ) ;
#7645 = CARTESIAN_POINT ( 'NONE',  ( 1.562992125983999836, 0.000000000000000000, 0.000000000000000000 ) ) ;
#7646 = CARTESIAN_POINT ( 'NONE',  ( 1.282123960389999873, -0.09641372841431003482, -0.03993587390816000920 ) ) ;
#7647 = ORIENTED_EDGE ( 'NONE', *, *, #7244, .F. ) ;
#7648 = CARTESIAN_POINT ( 'NONE',  ( 1.405511811024000357, 0.000000000000000000, 0.000000000000000000 ) ) ;
#7649 = VERTEX_POINT ( 'NONE', #2272 ) ;
#7650 = DIRECTION ( 'NONE',  ( 0.000000000000000000, 0.000000000000000000, 1.000000000000000000 ) ) ;
#7651 = VERTEX_POINT ( 'NONE', #4001 ) ;
#7652 = CARTESIAN_POINT ( 'NONE',  ( 0.7519685039370078705, 0.1122047244094000057, 0.000000000000000000 ) ) ;
#7653 = CARTESIAN_POINT ( 'NONE',  ( 0.7280600717204999128, -0.1669210694110000448, -0.1138883778692999921 ) ) ;
#7654 = LINE ( 'NONE', #6175, #6959 ) ;
#7655 = CARTESIAN_POINT ( 'NONE',  ( 1.150660371693250417, 0.09444883965335063025, -0.07258425826477044041 ) ) ;
#7656 = CARTESIAN_POINT ( 'NONE',  ( 1.067350436801819846, -0.1150400269307634143, -0.03091620901268156765 ) ) ;
#7657 = CARTESIAN_POINT ( 'NONE',  ( 0.9767825731105000964, -0.09399477469537993735, -0.1751968503937007815 ) ) ;
#7658 = CARTESIAN_POINT ( 'NONE',  ( 0.5841804246273000212, 0.000000000000000000, 0.000000000000000000 ) ) ;
#7659 = AXIS2_PLACEMENT_3D ( 'NONE', #1659, #4083, #2561 ) ;
#7660 = CARTESIAN_POINT ( 'NONE',  ( 1.252634740378000044, -0.06896675547350000768, -0.08516685022967009078 ) ) ;
#7661 = CARTESIAN_POINT ( 'NONE',  ( 0.7361458027627009182, -0.1334982700328000149, -0.08350512722514999431 ) ) ;
#7662 = ORIENTED_EDGE ( 'NONE', *, *, #706, .T. ) ;
#7663 = VECTOR ( 'NONE', #6130, 39.37007874015748143 ) ;
#7664 = CARTESIAN_POINT ( 'NONE',  ( 1.164052063213000032, -0.08516685022966004326, 0.06896675547348996016 ) ) ;
#7665 = FACE_BOUND ( 'NONE', #7019, .T. ) ;
#7666 = B_SPLINE_CURVE_WITH_KNOTS ( 'NONE', 3,
 ( #736, #9915, #3770, #2192, #6988, #4610, #52, #9172, #6224, #8407 ),
 .UNSPECIFIED., .F., .F.,
 ( 4, 2, 2, 2, 4 ),
 ( 0.000000000000000000, 0.2499999999999999445, 0.4999999999999998890, 0.7499999999999998890, 1.000000000000000000 ),
 .UNSPECIFIED. ) ;
#7667 = CARTESIAN_POINT ( 'NONE',  ( 0.7268675659661004707, -0.01551150642785999872, 0.2010874045129000254 ) ) ;
#7668 = FACE_OUTER_BOUND ( 'NONE', #819, .T. ) ;
#7669 = CARTESIAN_POINT ( 'NONE',  ( 1.057934378715488899, 0.09391501332224080900, 0.04531698660314871507 ) ) ;
#7670 = AXIS2_PLACEMENT_3D ( 'NONE', #9861, #9068, #5115 ) ;
#7671 = CARTESIAN_POINT ( 'NONE',  ( 1.337349076996239061, 0.07117722443235000029, -0.07708001613486005488 ) ) ;
#7672 = CARTESIAN_POINT ( 'NONE',  ( 1.331749071105999827, 0.09489640704855001330, -0.04474592824854000533 ) ) ;
#7673 = EDGE_CURVE ( 'NONE', #5552, #197, #7611, .T. ) ;
#7674 = CARTESIAN_POINT ( 'NONE',  ( 1.007949305156000230, 0.09147134283232007113, 0.1652790049570999897 ) ) ;
#7675 = CARTESIAN_POINT ( 'NONE',  ( 0.7362204724408996093, 0.1343708233930999973, -0.08212509616896003506 ) ) ;
#7676 = CARTESIAN_POINT ( 'NONE',  ( 1.562992125983999836, 0.000000000000000000, 0.000000000000000000 ) ) ;
#7677 = CARTESIAN_POINT ( 'NONE',  ( 1.215769829452999939, -0.04912243157563000312, 0.1103307877425000055 ) ) ;
#7678 = DIRECTION ( 'NONE',  ( 0.000000000000000000, 1.000000000000000000, 0.000000000000000000 ) ) ;
#7679 = EDGE_CURVE ( 'NONE', #1515, #3584, #35, .T. ) ;
#7680 = ORIENTED_EDGE ( 'NONE', *, *, #2007, .F. ) ;
#7681 = ORIENTED_EDGE ( 'NONE', *, *, #4416, .T. ) ;
#7682 = DIRECTION ( 'NONE',  ( 0.000000000000000000, 0.000000000000000000, -1.000000000000000000 ) ) ;
#7683 = DIRECTION ( 'NONE',  ( 0.000000000000000000, 1.000000000000000000, 0.000000000000000000 ) ) ;
#7684 = EDGE_LOOP ( 'NONE', ( #4816, #3553, #6014, #5070 ) ) ;
#7685 = EDGE_CURVE ( 'NONE', #4795, #5651, #8552, .T. ) ;
#7686 = VERTEX_POINT ( 'NONE', #90 ) ;
#7687 = FACE_OUTER_BOUND ( 'NONE', #4445, .T. ) ;
#7688 = CIRCLE ( 'NONE', #3662, 0.1574803149606000263 ) ;
#7689 = CARTESIAN_POINT ( 'NONE',  ( 1.296964055174999908, -0.08584456977658996846, 0.08163447578408995764 ) ) ;
#7690 = EDGE_CURVE ( 'NONE', #825, #5578, #7029, .T. ) ;
#7691 = ADVANCED_FACE ( 'NONE', ( #4048 ), #1628, .T. ) ;
#7692 = VECTOR ( 'NONE', #7604, 39.37007874015748143 ) ;
#7693 = DIRECTION ( 'NONE',  ( 1.000000000000000000, 0.000000000000000000, 0.000000000000000000 ) ) ;
#7694 = ORIENTED_EDGE ( 'NONE', *, *, #2475, .F. ) ;
#7695 = CARTESIAN_POINT ( 'NONE',  ( 1.301373414938000073, 0.05683715052910000981, 0.08752153721173996925 ) ) ;
#7696 = EDGE_LOOP ( 'NONE', ( #8654, #3829, #6063, #6084 ) ) ;
#7697 = CARTESIAN_POINT ( 'NONE',  ( 0.9999994263157997443, -0.1944627759284683899, 0.03529562305955305512 ) ) ;
#7698 = VECTOR ( 'NONE', #9367, 39.37007874015748143 ) ;
#7699 = CIRCLE ( 'NONE', #3173, 0.01181102362204999867 ) ;
#7700 = DIRECTION ( 'NONE',  ( 1.000000000000000000, 0.000000000000000000, -7.132501819296999950E-11 ) ) ;
#7701 = CARTESIAN_POINT ( 'NONE',  ( 1.379262787307644622, -0.01520796763432198488, 0.1054521019372291896 ) ) ;
#7702 = DIRECTION ( 'NONE',  ( 0.000000000000000000, 0.000000000000000000, 1.000000000000000000 ) ) ;
#7703 = PLANE ( 'NONE',  #413 ) ;
#7704 = DIRECTION ( 'NONE',  ( 0.000000000000000000, 0.000000000000000000, -1.000000000000000000 ) ) ;
#7705 = DIRECTION ( 'NONE',  ( 1.000000000000000000, 0.000000000000000000, 0.000000000000000000 ) ) ;
#7706 = VECTOR ( 'NONE', #5755, 39.37007874015748143 ) ;
#7707 = CYLINDRICAL_SURFACE ( 'NONE', #5430, 0.007874015748031039721 ) ;
#7708 = ORIENTED_EDGE ( 'NONE', *, *, #9155, .T. ) ;
#7709 = CARTESIAN_POINT ( 'NONE',  ( 1.176086880879499974, -0.1150361429136074198, -0.03091510445189083259 ) ) ;
#7710 = CARTESIAN_POINT ( 'NONE',  ( 1.206752665435999905, -0.09137897010863996194, 0.07011754974597009249 ) ) ;
#7711 = ORIENTED_EDGE ( 'NONE', *, *, #8462, .T. ) ;
#7712 = AXIS2_PLACEMENT_3D ( 'NONE', #1404, #609, #7471 ) ;
#7713 = AXIS2_PLACEMENT_3D ( 'NONE', #6572, #8076, #3444 ) ;
#7714 = ORIENTED_EDGE ( 'NONE', *, *, #7872, .T. ) ;
#7715 = DIRECTION ( 'NONE',  ( 0.000000000000000000, 0.000000000000000000, -1.000000000000000000 ) ) ;
#7716 = CARTESIAN_POINT ( 'NONE',  ( 1.110738414919000050, 0.1065612992738999981, 0.02558310449564999908 ) ) ;
#7717 = CARTESIAN_POINT ( 'NONE',  ( 0.8464566929133995332, -0.09399477469537993735, 0.1751968503937007815 ) ) ;
#7718 = LINE ( 'NONE', #1405, #3254 ) ;
#7719 = CIRCLE ( 'NONE', #9018, 0.09842519685038997324 ) ;
#7720 = DIRECTION ( 'NONE',  ( -1.000000000000000000, 0.000000000000000000, 0.000000000000000000 ) ) ;
#7721 = CARTESIAN_POINT ( 'NONE',  ( 1.060023081679488888, 0.07391751540441711399, 0.07355174914279438703 ) ) ;
#7722 = CARTESIAN_POINT ( 'NONE',  ( 1.310864337946999969, -0.08321982597356004929, 0.06103011843206004178 ) ) ;
#7723 = CARTESIAN_POINT ( 'NONE',  ( 0.5802225316246999443, 0.1392168035423999861, -0.06219259855397991921 ) ) ;
#7724 = CARTESIAN_POINT ( 'NONE',  ( 1.382257519607000162, 0.1021699734446000069, 0.009385840972498995724 ) ) ;
#7725 = CARTESIAN_POINT ( 'NONE',  ( 0.9553806310637670274, 0.09349891832880370679, -0.1732282591597343879 ) ) ;
#7726 = CARTESIAN_POINT ( 'NONE',  ( 0.6498031496062991463, -0.3543307086614000401, -0.3543307086614000401 ) ) ;
#7727 = DIRECTION ( 'NONE',  ( -1.000000000000000000, 0.000000000000000000, 0.000000000000000000 ) ) ;
#7728 = ADVANCED_FACE ( 'NONE', ( #7737 ), #823, .T. ) ;
#7729 = ORIENTED_EDGE ( 'NONE', *, *, #1377, .F. ) ;
#7730 = CARTESIAN_POINT ( 'NONE',  ( 0.8188976377952992269, 0.000000000000000000, 0.1535433070865999949 ) ) ;
#7731 = EDGE_CURVE ( 'NONE', #1381, #7108, #6317, .T. ) ;
#7732 = CARTESIAN_POINT ( 'NONE',  ( 0.7244094488188976833, 0.1409286094185999982, -0.06318091013743996898 ) ) ;
#7733 = ORIENTED_EDGE ( 'NONE', *, *, #9598, .T. ) ;
#7734 = ORIENTED_EDGE ( 'NONE', *, *, #7798, .T. ) ;
#7735 = CARTESIAN_POINT ( 'NONE',  ( 1.349633525913731535, -0.1041543229641894164, 0.01265939520513146774 ) ) ;
#7736 = CARTESIAN_POINT ( 'NONE',  ( 1.319408751887000131, 0.07855921248650001021, -0.08507419914577007969 ) ) ;
#7737 = FACE_OUTER_BOUND ( 'NONE', #3802, .T. ) ;
#7738 = ORIENTED_EDGE ( 'NONE', *, *, #7597, .T. ) ;
#7739 = CARTESIAN_POINT ( 'NONE',  ( 1.303527299568000064, -0.1110198245320000027, 0.02455625467835000422 ) ) ;
#7740 = ORIENTED_EDGE ( 'NONE', *, *, #9975, .T. ) ;
#7741 = CARTESIAN_POINT ( 'NONE',  ( 1.000000086036999969, -0.09349879745523995145, -0.1732284221662000190 ) ) ;
#7742 = EDGE_CURVE ( 'NONE', #2104, #1567, #4875, .T. ) ;
#7743 = VERTEX_POINT ( 'NONE', #872 ) ;
#7744 = EDGE_CURVE ( 'NONE', #439, #6001, #2415, .T. ) ;
#7745 = CARTESIAN_POINT ( 'NONE',  ( 1.224601761394000121, 0.02700970012306000076, 0.1008015731564999989 ) ) ;
#7746 = ORIENTED_EDGE ( 'NONE', *, *, #8034, .T. ) ;
#7747 = CARTESIAN_POINT ( 'NONE',  ( 1.351807738413238980, 0.009271783374325000271, 0.1045062686985000072 ) ) ;
#7748 = PLANE ( 'NONE',  #4616 ) ;
#7749 = ADVANCED_FACE ( 'NONE', ( #1519 ), #3079, .T. ) ;
#7750 = EDGE_LOOP ( 'NONE', ( #4148, #1918, #7281, #3817 ) ) ;
#7751 = CARTESIAN_POINT ( 'NONE',  ( 0.8464566929133995332, 0.09399477469537993735, 0.1751968503937007815 ) ) ;
#7752 = LINE ( 'NONE', #3258, #7781 ) ;
#7753 = DIRECTION ( 'NONE',  ( -1.000000000000000000, 0.000000000000000000, 0.000000000000000000 ) ) ;
#7754 = LINE ( 'NONE', #3916, #11 ) ;
#7755 = CARTESIAN_POINT ( 'NONE',  ( 1.158862471430749830, 0.09444883965335013065, 0.07258425826477107878 ) ) ;
#7756 = CARTESIAN_POINT ( 'NONE',  ( 0.4921259842520000483, -0.4370078740156999597, -0.3543307086614000401 ) ) ;
#7757 = DIRECTION ( 'NONE',  ( 0.000000000000000000, 0.4727657974777818572, -0.8811881188118667607 ) ) ;
#7758 = CARTESIAN_POINT ( 'NONE',  ( 1.177727300826999945, -0.1032031167347788603, -0.05948255673673441546 ) ) ;
#7759 = CARTESIAN_POINT ( 'NONE',  ( 1.308080934603999879, 0.1042255791111000029, 0.03386494354522000261 ) ) ;
#7760 = EDGE_LOOP ( 'NONE', ( #4107, #5495 ) ) ;
#7761 = CIRCLE ( 'NONE', #5017, 0.2795275590551000167 ) ;
#7762 = DIRECTION ( 'NONE',  ( -1.000000000000000000, 0.000000000000000000, 0.000000000000000000 ) ) ;
#7763 = LINE ( 'NONE', #696, #5337 ) ;
#7764 = CARTESIAN_POINT ( 'NONE',  ( 1.075519069635999969, 0.1064130643854000052, 0.04407773461276000282 ) ) ;
#7765 = CARTESIAN_POINT ( 'NONE',  ( 1.351144090249000174, 0.000000000000000000, -0.1181102362205000006 ) ) ;
#7766 = DIRECTION ( 'NONE',  ( 0.000000000000000000, 0.4642307659791937713, 0.8857142857142876746 ) ) ;
#7767 = AXIS2_PLACEMENT_3D ( 'NONE', #336, #6494, #1991 ) ;
#7768 = CARTESIAN_POINT ( 'NONE',  ( 1.099708437989427079, 0.07012469343098640118, 0.07717633236435962607 ) ) ;
#7769 = CARTESIAN_POINT ( 'NONE',  ( 1.329950297306000007, 0.1047521445240000154, -0.005874894136676999876 ) ) ;
#7770 = CARTESIAN_POINT ( 'NONE',  ( 1.279527588465482646, -0.08442696480807007631, 0.06133978044347008357 ) ) ;
#7771 = CARTESIAN_POINT ( 'NONE',  ( 0.5841804246273000212, -0.1259363778563000191, 0.09089366210302991800 ) ) ;
#7772 = CARTESIAN_POINT ( 'NONE',  ( 1.190179278271999985, -0.06038604144953996222, -0.1045916918582999872 ) ) ;
#7773 = CARTESIAN_POINT ( 'NONE',  ( 1.327552322699666387, -0.09197940250214935165, 0.07690747405744659260 ) ) ;
#7774 = CARTESIAN_POINT ( 'NONE',  ( 0.7401574803150000603, 0.000000000000000000, 0.1535433070865999949 ) ) ;
#7775 = CARTESIAN_POINT ( 'NONE',  ( 0.7294508865112008245, -0.1823135906290000163, -0.08833648070976005129 ) ) ;
#7776 = CARTESIAN_POINT ( 'NONE',  ( 1.344813972107731015, -0.06602882589582000084, 0.08153880934810261993 ) ) ;
#7777 = B_SPLINE_CURVE_WITH_KNOTS ( 'NONE', 3,
 ( #8434, #3240, #3937, #6308, #5392, #2462, #4639, #3035, #4793, #818, #5541 ),
 .UNSPECIFIED., .F., .F.,
 ( 4, 1, 1, 1, 1, 1, 1, 1, 4 ),
 ( 0.000000000000000000, 0.1250000000000000000, 0.2500000000000000000, 0.3750000000000000000, 0.5000000000000000000, 0.6250000000000000000, 0.7500000000000000000, 0.8750000000000000000, 1.000000000000000000 ),
 .UNSPECIFIED. ) ;
#7778 = B_SPLINE_CURVE_WITH_KNOTS ( 'NONE', 3,
 ( #8470, #9891, #7674, #661, #8377, #9188 ),
 .UNSPECIFIED., .F., .F.,
 ( 4, 1, 1, 4 ),
 ( 0.000000000000000000, 0.3333333333333000081, 0.6666666666667000474, 1.000000000000000000 ),
 .UNSPECIFIED. ) ;
#7779 = CARTESIAN_POINT ( 'NONE',  ( 1.310601316575499276, 0.1150361429136075309, -0.03091510445189034340 ) ) ;
#7780 = EDGE_LOOP ( 'NONE', ( #4807, #62, #871, #6728, #3112, #6055, #4952, #9348, #9680, #1723, #879, #3773, #158, #6764, #5974, #1450, #7384, #2088, #3249, #4804, #6602, #8529, #6371, #4800, #2015, #6797, #5812 ) ) ;
#7781 = VECTOR ( 'NONE', #6330, 39.37007874015748143 ) ;
#7782 = LINE ( 'NONE', #1716, #4165 ) ;
#7783 = CARTESIAN_POINT ( 'NONE',  ( 0.7276665996183996343, 0.1820353056997000007, 0.08743401794056004928 ) ) ;
#7784 = VERTEX_POINT ( 'NONE', #5397 ) ;
#7785 = DIRECTION ( 'NONE',  ( -1.000000000000000000, 0.000000000000000000, 0.000000000000000000 ) ) ;
#7786 = VERTEX_POINT ( 'NONE', #199 ) ;
#7787 = CARTESIAN_POINT ( 'NONE',  ( 1.202909879045000130, 0.05229147507196999639, -0.09630891637529999383 ) ) ;
#7788 = CARTESIAN_POINT ( 'NONE',  ( 1.011811023621999928, 0.000000000000000000, 0.000000000000000000 ) ) ;
#7789 = ORIENTED_EDGE ( 'NONE', *, *, #7999, .T. ) ;
#7790 = CARTESIAN_POINT ( 'NONE',  ( 1.248059766644000090, 0.03483523850942000372, -0.09837167889972008028 ) ) ;
#7791 = ORIENTED_EDGE ( 'NONE', *, *, #4278, .F. ) ;
#7792 = VERTEX_POINT ( 'NONE', #8484 ) ;
#7793 = DIRECTION ( 'NONE',  ( 0.000000000000000000, 1.000000000000000000, 0.000000000000000000 ) ) ;
#7794 = CARTESIAN_POINT ( 'NONE',  ( 1.205614439934500126, -0.03091510445189072157, 0.1150361429136074198 ) ) ;
#7795 = EDGE_CURVE ( 'NONE', #4183, #3288, #4850, .T. ) ;
#7796 = DIRECTION ( 'NONE',  ( 0.000000000000000000, 0.9011169856835861136, 0.4335760349840935279 ) ) ;
#7797 = LINE ( 'NONE', #884, #3515 ) ;
#7798 = EDGE_CURVE ( 'NONE', #7483, #4878, #785, .T. ) ;
#7799 = CARTESIAN_POINT ( 'NONE',  ( 1.193663775287999940, 0.000000000000000000, -0.1181102362205000006 ) ) ;
#7800 = CARTESIAN_POINT ( 'NONE',  ( 0.7244094488188976833, 0.003937007874016000379, -1.917212598425000136 ) ) ;
#7801 = DIRECTION ( 'NONE',  ( 0.000000000000000000, 1.000000000000000000, 0.000000000000000000 ) ) ;
#7802 = CARTESIAN_POINT ( 'NONE',  ( 1.302040927462000175, -0.01087073435519000063, 0.1034281440717000067 ) ) ;
#7803 = CARTESIAN_POINT ( 'NONE',  ( 0.6104330708661004357, 0.2716535433071000094, -0.3543307086614000401 ) ) ;
#7804 = CARTESIAN_POINT ( 'NONE',  ( 0.6561202481738996894, 0.000000000000000000, 0.000000000000000000 ) ) ;
#7805 = B_SPLINE_CURVE_WITH_KNOTS ( 'NONE', 3,
 ( #9969, #2964, #3009, #4611 ),
 .UNSPECIFIED., .F., .F.,
 ( 4, 4 ),
 ( 0.000000000000000000, 1.000000000000000000 ),
 .UNSPECIFIED. ) ;
#7806 = DIRECTION ( 'NONE',  ( 1.000000000000000000, 0.000000000000000000, 0.000000000000000000 ) ) ;
#7807 = ORIENTED_EDGE ( 'NONE', *, *, #6690, .T. ) ;
#7808 = CARTESIAN_POINT ( 'NONE',  ( 0.5393700787402000429, 0.000000000000000000, 0.1122047244094000057 ) ) ;
#7809 = CARTESIAN_POINT ( 'NONE',  ( 1.114533762938999972, -0.1038836147241000152, -0.002601428978597000122 ) ) ;
#7810 = CARTESIAN_POINT ( 'NONE',  ( 1.293153113081000116, -0.05229147507196999639, -0.09630891637529999383 ) ) ;
#7811 = ORIENTED_EDGE ( 'NONE', *, *, #4832, .T. ) ;
#7812 = CARTESIAN_POINT ( 'NONE',  ( 1.091235619662000111, 0.04492704785243999827, -0.09419151460094998818 ) ) ;
#7813 = EDGE_CURVE ( 'NONE', #37, #4826, #5344, .T. ) ;
#7814 = CARTESIAN_POINT ( 'NONE',  ( 0.6102362204723996708, -0.3740157480314960647, 0.5314960629921000601 ) ) ;
#7815 = ADVANCED_FACE ( 'NONE', ( #8900, #1962 ), #8128, .T. ) ;
#7816 = CARTESIAN_POINT ( 'NONE',  ( 1.139560122407000220, 0.06112840096925000605, -0.08413602592137991998 ) ) ;
#7817 = VECTOR ( 'NONE', #2616, 39.37007874015748143 ) ;
#7818 = CARTESIAN_POINT ( 'NONE',  ( 1.335560100747749335, -0.07258425826477071796, 0.09444883965335038045 ) ) ;
#7819 = ADVANCED_FACE ( 'NONE', ( #1206 ), #10003, .T. ) ;
#7820 = CARTESIAN_POINT ( 'NONE',  ( 1.155387309846333199, 0.02061412502356081700, -0.1181102362204999728 ) ) ;
#7821 = CARTESIAN_POINT ( 'NONE',  ( 1.108063249844427167, -0.05851769315498663027, 0.08630955042069546335 ) ) ;
#7822 = CARTESIAN_POINT ( 'NONE',  ( 1.368506727753000085, 0.1031095099747999927, -0.01938956623244000171 ) ) ;
#7823 = AXIS2_PLACEMENT_3D ( 'NONE', #4367, #3372, #2601 ) ;
#7824 = CARTESIAN_POINT ( 'NONE',  ( 1.239009215762482352, -0.07183494035557008717, 0.07569823244745001178 ) ) ;
#7825 = CARTESIAN_POINT ( 'NONE',  ( 0.4921259842520000483, 0.3740157480314960647, 0.5314960629921000601 ) ) ;
#7826 = CARTESIAN_POINT ( 'NONE',  ( 1.217902375385000013, -0.08313401587962007677, 0.08760497366872992131 ) ) ;
#7827 = CARTESIAN_POINT ( 'NONE',  ( 1.328645935998000072, -0.1022864650138999992, 0.05905511811023995972 ) ) ;
#7828 = ORIENTED_EDGE ( 'NONE', *, *, #135, .T. ) ;
#7829 = CONICAL_SURFACE ( 'NONE', #4749, 0.2911095653060999933, 1.042721878368327637 ) ;
#7830 = VECTOR ( 'NONE', #6045, 39.37007874015748143 ) ;
#7831 = LINE ( 'NONE', #3994, #1549 ) ;
#7832 = DIRECTION ( 'NONE',  ( 1.000000000000000000, 0.000000000000000000, 0.000000000000000000 ) ) ;
#7833 = ORIENTED_EDGE ( 'NONE', *, *, #6913, .T. ) ;
#7834 = CARTESIAN_POINT ( 'NONE',  ( 1.339994418301793333, 0.009272144346829819597, 0.1045103373752718778 ) ) ;
#7835 = ORIENTED_EDGE ( 'NONE', *, *, #8126, .F. ) ;
#7836 = DIRECTION ( 'NONE',  ( 1.000000000000000000, 0.000000000000000000, 0.000000000000000000 ) ) ;
#7837 = VERTEX_POINT ( 'NONE', #6418 ) ;
#7838 = CARTESIAN_POINT ( 'NONE',  ( 1.219970246499000099, -0.008598274180672991693, 0.1092514321174000019 ) ) ;
#7839 = LINE ( 'NONE', #3045, #3965 ) ;
#7840 = EDGE_LOOP ( 'NONE', ( #6422, #4508, #1020, #927, #7981, #4344, #4792, #5608, #6421, #3142, #6509, #5093, #9094, #9293, #3274, #2543 ) ) ;
#7841 = CARTESIAN_POINT ( 'NONE',  ( 1.228866853258000047, -0.04244600606646999758, 0.09533529053063996561 ) ) ;
#7842 = AXIS2_PLACEMENT_3D ( 'NONE', #1320, #3602, #2170 ) ;
#7843 = ORIENTED_EDGE ( 'NONE', *, *, #9643, .T. ) ;
#7844 = ORIENTED_EDGE ( 'NONE', *, *, #2055, .F. ) ;
#7845 = CARTESIAN_POINT ( 'NONE',  ( 1.354659037698000112, -0.08334750525004998301, -0.06312674115787991758 ) ) ;
#7846 = CARTESIAN_POINT ( 'NONE',  ( -0.07874015748031004680, 0.000000000000000000, 0.000000000000000000 ) ) ;
#7847 = VERTEX_POINT ( 'NONE', #304 ) ;
#7848 = LINE ( 'NONE', #7899, #4884 ) ;
#7849 = CARTESIAN_POINT ( 'NONE',  ( 0.7244094488188976833, 0.1251805779226000115, -0.09045730080782006521 ) ) ;
#7850 = CARTESIAN_POINT ( 'NONE',  ( 1.227292384212457899, -0.09444883965335028331, -0.07258425826477082898 ) ) ;
#7851 = ORIENTED_EDGE ( 'NONE', *, *, #330, .F. ) ;
#7852 = AXIS2_PLACEMENT_3D ( 'NONE', #3556, #7720, #5102 ) ;
#7853 = FACE_OUTER_BOUND ( 'NONE', #9026, .T. ) ;
#7854 = CARTESIAN_POINT ( 'NONE',  ( 1.059134348363000022, 0.02700979982167000040, -0.1008016175451000029 ) ) ;
#7855 = CARTESIAN_POINT ( 'NONE',  ( 0.7244094488188976833, -1.889278931528999950, 1.086229634581000081 ) ) ;
#7856 = DIRECTION ( 'NONE',  ( 0.000000000000000000, 0.000000000000000000, 1.000000000000000000 ) ) ;
#7857 = CARTESIAN_POINT ( 'NONE',  ( 1.103440678175499956, -0.1150361429136074615, 0.03091510445189059667 ) ) ;
#7858 = ADVANCED_FACE ( 'NONE', ( #9551 ), #7413, .F. ) ;
#7859 = CARTESIAN_POINT ( 'NONE',  ( 0.5511811023621999706, -0.5314960629921000601, -0.5314960629921000601 ) ) ;
#7860 = CARTESIAN_POINT ( 'NONE',  ( 1.116622465902000094, -0.09731404721927008894, -0.03644926686069999838 ) ) ;
#7861 = VECTOR ( 'NONE', #1959, 39.37007874015748143 ) ;
#7862 = EDGE_CURVE ( 'NONE', #1262, #6622, #6802, .T. ) ;
#7863 = CARTESIAN_POINT ( 'NONE',  ( 1.251600804820999890, -0.03471519480617000358, -0.09803268593927992602 ) ) ;
#7864 = VECTOR ( 'NONE', #788, 39.37007874015748143 ) ;
#7865 = CARTESIAN_POINT ( 'NONE',  ( 1.150946905751000005, -0.05452662705760000228, 0.08897936835737992045 ) ) ;
#7866 = EDGE_CURVE ( 'NONE', #2011, #1885, #1658, .T. ) ;
#7867 = EDGE_LOOP ( 'NONE', ( #5099, #8688, #2092, #5316 ) ) ;
#7868 = FACE_OUTER_BOUND ( 'NONE', #1584, .T. ) ;
#7869 = CARTESIAN_POINT ( 'NONE',  ( 1.118234663089000103, -0.03726949532826000222, 0.09709035472628997632 ) ) ;
#7870 = DIRECTION ( 'NONE',  ( 0.000000000000000000, 0.000000000000000000, 1.000000000000000000 ) ) ;
#7871 = CARTESIAN_POINT ( 'NONE',  ( 0.7334836014312007269, -0.1720445182477999824, 0.1126957039439000080 ) ) ;
#7872 = EDGE_CURVE ( 'NONE', #120, #5205, #5468, .T. ) ;
#7873 = CARTESIAN_POINT ( 'NONE',  ( 1.226979514379000102, 0.05762745735007999970, -0.1061365731834999909 ) ) ;
#7874 = AXIS2_PLACEMENT_3D ( 'NONE', #4656, #730, #9961 ) ;
#7875 = AXIS2_PLACEMENT_3D ( 'NONE', #8280, #657, #5892 ) ;
#7876 = EDGE_CURVE ( 'NONE', #7333, #6731, #7936, .T. ) ;
#7877 = CARTESIAN_POINT ( 'NONE',  ( 1.262467221011482232, 0.1020770065874999910, -0.02169713754582000206 ) ) ;
#7878 = CARTESIAN_POINT ( 'NONE',  ( 1.171751997915364329, -0.05452662706635002382, -0.08897936835102011888 ) ) ;
#7879 = CARTESIAN_POINT ( 'NONE',  ( 0.5787401574803000548, -0.1197790563662000096, 0.08733873088323995670 ) ) ;
#7880 = CARTESIAN_POINT ( 'NONE',  ( 1.102143556372999988, -0.06577719068688996085, -0.1012879913569000034 ) ) ;
#7881 = CARTESIAN_POINT ( 'NONE',  ( 0.7322039756092009188, 0.01286854383392000041, 0.2039691069142000046 ) ) ;
#7882 = AXIS2_PLACEMENT_3D ( 'NONE', #2195, #3062, #7614 ) ;
#7883 = ORIENTED_EDGE ( 'NONE', *, *, #9358, .T. ) ;
#7884 = CARTESIAN_POINT ( 'NONE',  ( 0.5984251968503937480, -0.09693842135412991667, -0.07415168411053996156 ) ) ;
#7885 = DIRECTION ( 'NONE',  ( -1.000000000000000000, 0.000000000000000000, 0.000000000000000000 ) ) ;
#7886 = ORIENTED_EDGE ( 'NONE', *, *, #660, .F. ) ;
#7887 = DIRECTION ( 'NONE',  ( 0.000000000000000000, 0.9143635271356941319, -0.4048942334041975566 ) ) ;
#7888 = CARTESIAN_POINT ( 'NONE',  ( 1.319862703677316507, -0.09116855387865675786, 0.04680799749174416324 ) ) ;
#7889 = DIRECTION ( 'NONE',  ( 0.000000000000000000, 1.000000000000000000, 5.127762797708000010E-12 ) ) ;
#7890 = CARTESIAN_POINT ( 'NONE',  ( 1.311421526549250149, 0.1181102362205000561, -0.01546059376766952508 ) ) ;
#7891 = ORIENTED_EDGE ( 'NONE', *, *, #4696, .F. ) ;
#7892 = CARTESIAN_POINT ( 'NONE',  ( 1.036803354993000026, 0.01556706497219000063, -0.1181710890650999879 ) ) ;
#7893 = ORIENTED_EDGE ( 'NONE', *, *, #3096, .F. ) ;
#7894 = DIRECTION ( 'NONE',  ( 1.000000000000000000, 0.000000000000000000, 0.000000000000000000 ) ) ;
#7895 = EDGE_LOOP ( 'NONE', ( #3049, #1476, #560, #829, #3650, #8740 ) ) ;
#7896 = CARTESIAN_POINT ( 'NONE',  ( 1.196878664281999960, -0.1043217069378999939, -0.002731760046631000020 ) ) ;
#7897 = ADVANCED_FACE ( 'NONE', ( #7217 ), #6314, .T. ) ;
#7898 = CARTESIAN_POINT ( 'NONE',  ( 1.340200376281000194, 0.009239832417201002818, 0.1041461356825000018 ) ) ;
#7899 = CARTESIAN_POINT ( 'NONE',  ( 0.7244094488188976833, -0.1409286094185999982, -0.06318091013743996898 ) ) ;
#7900 = CARTESIAN_POINT ( 'NONE',  ( 1.201865875025499797, 0.1150361429136075309, -0.03091510445189034686 ) ) ;
#7901 = ORIENTED_EDGE ( 'NONE', *, *, #4649, .T. ) ;
#7902 = CARTESIAN_POINT ( 'NONE',  ( 1.174291828677999971, -0.02169713751314000447, -0.1020770066113000085 ) ) ;
#7903 = CARTESIAN_POINT ( 'NONE',  ( 1.047973619356000086, 0.09842519685038997324, 0.000000000000000000 ) ) ;
#7904 = CARTESIAN_POINT ( 'NONE',  ( 1.116713088520000063, -0.002731760035867999720, 0.1043217069389999890 ) ) ;
#7905 = CARTESIAN_POINT ( 'NONE',  ( 0.4921259842520000483, -0.4370078740156999597, -0.3543307086614000401 ) ) ;
#7906 = DIRECTION ( 'NONE',  ( 0.000000000000000000, 0.01063642140571950147, -0.9999434316698520009 ) ) ;
#7907 = DIRECTION ( 'NONE',  ( 0.000000000000000000, 1.000000000000000000, 0.000000000000000000 ) ) ;
#7908 = VERTEX_POINT ( 'NONE', #7575 ) ;
#7909 = CARTESIAN_POINT ( 'NONE',  ( 1.318320700069000040, -0.07379186162582992980, 0.07379198156927008201 ) ) ;
#7910 = CARTESIAN_POINT ( 'NONE',  ( 1.072759703665000064, -0.09730518715512992411, 0.03647291314921000116 ) ) ;
#7911 = CARTESIAN_POINT ( 'NONE',  ( 1.262263534479999949, 0.1017252449114000035, -0.02162236829341000061 ) ) ;
#7912 = B_SPLINE_CURVE_WITH_KNOTS ( 'NONE', 3,
 ( #1407, #5145, #4489, #7581, #3744, #6038, #9134, #2208, #5293, #4289, #7373, #455, #9688, #8943, #5086, #8223, #1309, #8172, #3640, #6721, #1254, #7425, #9785, #504, #3592, #9929, #7001, #74, #3071, #8375, #9235, #807, #2449, #2304, #7821, #6855, #1552, #1502, #7768, #1456, #3784, #4674, #6296, #702, #3021, #8512, #3171, #6099, #132, #8423, #4728, #6955, #752, #5380, #4577, #7062, #4626, #7721, #7669, #4534, #5427, #3836, #8468, #2254, #6245 ),
 .UNSPECIFIED., .F., .F.,
 ( 4, 1, 1, 1, 1, 1, 1, 1, 1, 1, 1, 1, 1, 1, 1, 1, 1, 1, 1, 1, 1, 1, 1, 1, 1, 1, 1, 1, 1, 1, 1, 1, 1, 1, 1, 1, 1, 1, 1, 1, 1, 1, 1, 1, 1, 1, 1, 1, 1, 1, 1, 1, 1, 1, 1, 1, 1, 1, 1, 1, 1, 1, 4 ),
 ( 0.000000000000000000, 0.01249982113517510672, 0.02874982782061026934, 0.04499983450604543717, 0.06124984119148060846, 0.07749984787691575894, 0.09374985456235092329, 0.1099998612477452453, 0.1262498679332620666, 0.1424998746186768028, 0.1587498813040915668, 0.1749998879895063308, 0.1912498946749210671, 0.2074999013604379161, 0.2237499080458526524, 0.2399999147312674164, 0.2562499214166821249, 0.2724999281020968889, 0.2887499347876137379, 0.3049999414730285019, 0.3212499481584432104, 0.3374999548438579189, 0.3537499615292726829, 0.3699999682147895874, 0.3862499749002043514, 0.4024999815856190599, 0.4187499882710337684, 0.4349999949564485879, 0.4512500016419654369, 0.4675000083273800899, 0.4837500150127948539, 0.5000000216982095624, 0.5162500283836244375, 0.5325000350691412310, 0.5487500417545561060, 0.5650000484399707590, 0.5812500551253855230, 0.5975000618108002870, 0.6137500684963169695, 0.6300000751817317335, 0.6462500818671464975, 0.6625000885525612615, 0.6787500952379760255, 0.6950001019234928190, 0.7112501086089075830, 0.7275001152943223470, 0.7437501219797371110, 0.7600001286651517640, 0.7762501353506686685, 0.7925001420360834326, 0.8087501487214981966, 0.8250001554069129606, 0.8412501620923276135, 0.8575001687778445181, 0.8737501754632592821, 0.8900001821486740461, 0.9062501888340888101, 0.9225001955195034631, 0.9387502022050204786, 0.9550002088904351316, 0.9712502155758498956, 0.9875002222612646596, 1.000000000000000000 ),
 .UNSPECIFIED. ) ;
#7913 = CARTESIAN_POINT ( 'NONE',  ( 1.050717246959000040, 0.02700979982167000040, -0.1008016175451000029 ) ) ;
#7914 = VERTEX_POINT ( 'NONE', #5033 ) ;
#7915 = AXIS2_PLACEMENT_3D ( 'NONE', #2749, #7294, #9097 ) ;
#7916 = CARTESIAN_POINT ( 'NONE',  ( 1.062468740294000069, -0.01339428490418000106, -0.1182237681291999909 ) ) ;
#7917 = CARTESIAN_POINT ( 'NONE',  ( 1.061689858488000127, 0.02836389212424000189, -0.1058551423881999992 ) ) ;
#7918 = CARTESIAN_POINT ( 'NONE',  ( 0.8346456692912992414, 0.000000000000000000, 0.000000000000000000 ) ) ;
#7919 = CARTESIAN_POINT ( 'NONE',  ( 0.7362204724408996093, -0.1817265251619000210, 0.1103022084881999931 ) ) ;
#7920 = EDGE_CURVE ( 'NONE', #2857, #9828, #8559, .T. ) ;
#7921 = CARTESIAN_POINT ( 'NONE',  ( 1.205654055060999985, -0.02819368258202999827, 0.1174351382184000009 ) ) ;
#7922 = CIRCLE ( 'NONE', #7930, 0.2066929133858000922 ) ;
#7923 = CARTESIAN_POINT ( 'NONE',  ( 1.270997404738482439, 0.04244600606646999758, 0.09533529053064002112 ) ) ;
#7924 = EDGE_CURVE ( 'NONE', #3133, #3849, #4331, .T. ) ;
#7925 = CARTESIAN_POINT ( 'NONE',  ( 1.071522339122364276, 0.07755271211107993279, 0.06982877558142992769 ) ) ;
#7926 = EDGE_CURVE ( 'NONE', #1420, #5859, #4283, .T. ) ;
#7927 = CARTESIAN_POINT ( 'NONE',  ( 0.7249748812597007763, 0.1410551865805000082, -0.06325398949589999820 ) ) ;
#7928 = CARTESIAN_POINT ( 'NONE',  ( 1.183180301779999999, -0.02510992792130999768, -0.1181329231507999983 ) ) ;
#7929 = CARTESIAN_POINT ( 'NONE',  ( 0.7244094488188976833, -0.1813108520207999952, 0.08649560877427991956 ) ) ;
#7930 = AXIS2_PLACEMENT_3D ( 'NONE', #4673, #4486, #7766 ) ;
#7931 = CARTESIAN_POINT ( 'NONE',  ( 0.7360889429602007761, -0.1797539980930999981, -0.1108057668938000062 ) ) ;
#7932 = ORIENTED_EDGE ( 'NONE', *, *, #2471, .T. ) ;
#7933 = DIRECTION ( 'NONE',  ( 1.000000000000000000, 0.000000000000000000, 0.000000000000000000 ) ) ;
#7934 = CARTESIAN_POINT ( 'NONE',  ( 1.373903049149999944, 0.02403804991691000162, -0.1021258944721999962 ) ) ;
#7935 = CARTESIAN_POINT ( 'NONE',  ( 1.306500266706750235, 0.07258425826477089837, -0.09444883965335025555 ) ) ;
#7936 = CIRCLE ( 'NONE', #1313, 0.2133049650658000174 ) ;
#7937 = VERTEX_POINT ( 'NONE', #3635 ) ;
#7938 = CARTESIAN_POINT ( 'NONE',  ( 1.364069409392000054, -0.04525446588944000148, 0.1117279180906000091 ) ) ;
#7939 = ORIENTED_EDGE ( 'NONE', *, *, #529, .F. ) ;
#7940 = ORIENTED_EDGE ( 'NONE', *, *, #4531, .T. ) ;
#7941 = CARTESIAN_POINT ( 'NONE',  ( 1.282912688895000208, 0.1075304200170000002, -0.04127706091346000639 ) ) ;
#7942 = ORIENTED_EDGE ( 'NONE', *, *, #3043, .F. ) ;
#7943 = EDGE_LOOP ( 'NONE', ( #9490, #1014, #7078, #3199, #1266, #1880 ) ) ;
#7944 = CARTESIAN_POINT ( 'NONE',  ( 1.095238578438000099, 0.000000000000000000, 0.1181102362205000006 ) ) ;
#7945 = ORIENTED_EDGE ( 'NONE', *, *, #7497, .F. ) ;
#7946 = CARTESIAN_POINT ( 'NONE',  ( 1.288634680508999875, 0.09742608914478996518, -0.03739837169383999904 ) ) ;
#7947 = DIRECTION ( 'NONE',  ( 1.000000000000000000, 0.000000000000000000, 0.000000000000000000 ) ) ;
#7948 = VERTEX_POINT ( 'NONE', #9882 ) ;
#7949 = CARTESIAN_POINT ( 'NONE',  ( 0.4921259842520000483, -0.3543307086614000401, 0.3543307086614000401 ) ) ;
#7950 = CARTESIAN_POINT ( 'NONE',  ( 1.055983225869999931, 0.05052986983766000195, 0.1034045063053000008 ) ) ;
#7951 = CARTESIAN_POINT ( 'NONE',  ( 0.5787401574803000548, 0.000000000000000000, 0.000000000000000000 ) ) ;
#7952 = ORIENTED_EDGE ( 'NONE', *, *, #1625, .T. ) ;
#7953 = PLANE ( 'NONE',  #5174 ) ;
#7954 = CARTESIAN_POINT ( 'NONE',  ( 1.159364007154999987, -0.05452662705760000228, 0.08897936835737992045 ) ) ;
#7955 = DIRECTION ( 'NONE',  ( 1.000000000000000000, 0.000000000000000000, 0.000000000000000000 ) ) ;
#7956 = CARTESIAN_POINT ( 'NONE',  ( 1.191944273705333179, 0.1125935275257157475, -0.04120276216305391453 ) ) ;
#7957 = VECTOR ( 'NONE', #6273, 39.37007874015748143 ) ;
#7958 = CYLINDRICAL_SURFACE ( 'NONE', #3475, 0.1574803149606000263 ) ;
#7959 = CARTESIAN_POINT ( 'NONE',  ( 0.8661416946048996479, 0.09349873698068995875, 0.1732283294671000395 ) ) ;
#7960 = CARTESIAN_POINT ( 'NONE',  ( 1.154219119248999892, -0.1036213026228000045, -0.007822945967430000244 ) ) ;
#7961 = CARTESIAN_POINT ( 'NONE',  ( 1.253733350752999964, 0.000000000000000000, -0.1039978473954999982 ) ) ;
#7962 = CARTESIAN_POINT ( 'NONE',  ( 1.163742181342000137, -0.05452662706635000300, -0.08897936835102007724 ) ) ;
#7963 = EDGE_LOOP ( 'NONE', ( #4296, #2137, #303, #8487 ) ) ;
#7964 = CARTESIAN_POINT ( 'NONE',  ( 1.357393107763165796, 0.1013364170215370064, -0.06508417015817524742 ) ) ;
#7965 = CARTESIAN_POINT ( 'NONE',  ( 1.057424766624999846, -0.04372173531400999624, -0.09820062533417991957 ) ) ;
#7966 = CARTESIAN_POINT ( 'NONE',  ( 1.274113359977391946, -0.09641505514954834544, -0.03993642345989521780 ) ) ;
#7967 = DIRECTION ( 'NONE',  ( 0.000000000000000000, 1.000000000000000000, 0.000000000000000000 ) ) ;
#7968 = CARTESIAN_POINT ( 'NONE',  ( 1.229112060309999865, 0.08975114846854999329, -0.08081229706146003666 ) ) ;
#7969 = CARTESIAN_POINT ( 'NONE',  ( 1.313648323373482585, -0.01090832490354999920, 0.1037857943025000118 ) ) ;
#7970 = CARTESIAN_POINT ( 'NONE',  ( 1.060859609464361197, 0.05910869382497994234, -0.08600371016382007960 ) ) ;
#7971 = CARTESIAN_POINT ( 'NONE',  ( 0.7361458126953996928, 0.1390666748327999969, -0.07386037632561004429 ) ) ;
#7972 = CARTESIAN_POINT ( 'NONE',  ( 1.074420459261000049, 0.1157986542851000000, -0.03430112376692000253 ) ) ;
#7973 = CARTESIAN_POINT ( 'NONE',  ( 1.047612050811999929, 0.0007450085666821003533, -0.1020445245444999982 ) ) ;
#7974 = DIRECTION ( 'NONE',  ( 1.000000000000000000, 0.000000000000000000, 0.000000000000000000 ) ) ;
#7975 = ORIENTED_EDGE ( 'NONE', *, *, #6913, .F. ) ;
#7976 = DIRECTION ( 'NONE',  ( -1.000000000000000000, 3.108692554724999585E-14, 0.000000000000000000 ) ) ;
#7977 = EDGE_CURVE ( 'NONE', #6469, #2783, #3085, .T. ) ;
#7978 = DIRECTION ( 'NONE',  ( -1.000000000000000000, 0.000000000000000000, 0.000000000000000000 ) ) ;
#7979 = EDGE_CURVE ( 'NONE', #9505, #8444, #6765, .T. ) ;
#7980 = CARTESIAN_POINT ( 'NONE',  ( 0.7261126622680000864, 0.01566663021204000097, 0.1540868496227999762 ) ) ;
#7981 = ORIENTED_EDGE ( 'NONE', *, *, #7640, .F. ) ;
#7982 = ORIENTED_EDGE ( 'NONE', *, *, #1675, .F. ) ;
#7983 = CARTESIAN_POINT ( 'NONE',  ( 1.267984867372000224, -0.1064130645374000012, -0.04407773454509000127 ) ) ;
#7984 = ORIENTED_EDGE ( 'NONE', *, *, #8462, .F. ) ;
#7985 = CIRCLE ( 'NONE', #2666, 0.1574803149606000263 ) ;
#7986 = ORIENTED_EDGE ( 'NONE', *, *, #7685, .T. ) ;
#7987 = CARTESIAN_POINT ( 'NONE',  ( 0.7244094488188976833, 0.000000000000000000, 0.000000000000000000 ) ) ;
#7988 = ORIENTED_EDGE ( 'NONE', *, *, #646, .T. ) ;
#7989 = LINE ( 'NONE', #4151, #2698 ) ;
#7990 = CARTESIAN_POINT ( 'NONE',  ( 1.177685750895999917, 0.1018014538566000132, 0.01069976395653000033 ) ) ;
#7991 = EDGE_CURVE ( 'NONE', #6424, #153, #2575, .T. ) ;
#7992 = ADVANCED_FACE ( 'NONE', ( #9037 ), #5139, .T. ) ;
#7993 = ORIENTED_EDGE ( 'NONE', *, *, #8185, .T. ) ;
#7994 = CARTESIAN_POINT ( 'NONE',  ( 1.160418374053999946, 0.05564215335570000392, -0.1007457718857000112 ) ) ;
#7995 = DIRECTION ( 'NONE',  ( 0.000000000000000000, -0.9143635271356941319, 0.4048942334041975566 ) ) ;
#7996 = DIRECTION ( 'NONE',  ( -1.000000000000000000, -2.295191530676999964E-14, 0.000000000000000000 ) ) ;
#7997 = ORIENTED_EDGE ( 'NONE', *, *, #8636, .T. ) ;
#7998 = CARTESIAN_POINT ( 'NONE',  ( 1.093255083270999961, -0.05683715047029000433, -0.08752153665227008217 ) ) ;
#7999 = EDGE_CURVE ( 'NONE', #1065, #8032, #8479, .T. ) ;
#8000 = DIRECTION ( 'NONE',  ( 1.000000000000000000, 0.000000000000000000, 0.000000000000000000 ) ) ;
#8001 = CARTESIAN_POINT ( 'NONE',  ( 1.195225113600333566, 0.1181102362204989181, 0.02061412502356693363 ) ) ;
#8002 = CARTESIAN_POINT ( 'NONE',  ( 0.5841804246273000212, 0.1416844093523999815, 0.06361727143266003581 ) ) ;
#8003 = CARTESIAN_POINT ( 'NONE',  ( 1.186813700944000072, 0.1005876041400999843, 0.02224877255178000016 ) ) ;
#8004 = ORIENTED_EDGE ( 'NONE', *, *, #8873, .T. ) ;
#8005 = CARTESIAN_POINT ( 'NONE',  ( 1.068582297737999953, -0.05391558754901000505, 0.08883514090827993037 ) ) ;
#8006 = CARTESIAN_POINT ( 'NONE',  ( 1.221745161777000099, 0.09608148263394998556, -0.03979825319989999111 ) ) ;
#8007 = AXIS2_PLACEMENT_3D ( 'NONE', #4349, #8237, #6684 ) ;
#8008 = CARTESIAN_POINT ( 'NONE',  ( 0.6498031496062991463, -0.4370078740156999597, 0.3543307086614000401 ) ) ;
#8009 = CARTESIAN_POINT ( 'NONE',  ( 1.140284176093000035, 0.09533529053063996561, 0.04244600606646999758 ) ) ;
#8010 = ORIENTED_EDGE ( 'NONE', *, *, #1377, .T. ) ;
#8011 = CARTESIAN_POINT ( 'NONE',  ( 0.8661417632692993696, -0.09349877921426004435, -0.1732283253607999896 ) ) ;
#8012 = CARTESIAN_POINT ( 'NONE',  ( 1.173680857315000159, -0.02162236826083999836, -0.1017252449351000038 ) ) ;
#8013 = DIRECTION ( 'NONE',  ( 1.000000000000000000, 0.000000000000000000, 0.000000000000000000 ) ) ;
#8014 = AXIS2_PLACEMENT_3D ( 'NONE', #4432, #2002, #9782 ) ;
#8015 = CARTESIAN_POINT ( 'NONE',  ( 0.7294508865112008245, -0.1676584316899999982, 0.1137199605850000017 ) ) ;
#8016 = CARTESIAN_POINT ( 'NONE',  ( 1.303751167922000187, 0.02200896399188000119, -0.1187497432073000014 ) ) ;
#8017 = CIRCLE ( 'NONE', #4627, 0.08267716535433068670 ) ;
#8018 = CARTESIAN_POINT ( 'NONE',  ( 1.146161446734364153, 0.1040357683916000170, 0.008187792543227996600 ) ) ;
#8019 = CARTESIAN_POINT ( 'NONE',  ( 0.7362204724408996093, 0.1383078312671000010, -0.07530599850137008333 ) ) ;
#8020 = CARTESIAN_POINT ( 'NONE',  ( 1.189577939575000132, 0.08760497170303994940, -0.08313401445146004209 ) ) ;
#8021 = DIRECTION ( 'NONE',  ( -1.000000000000000000, 0.000000000000000000, 0.000000000000000000 ) ) ;
#8022 = CARTESIAN_POINT ( 'NONE',  ( 0.7346171654644999549, -0.1742834916338999729, -0.1121585957167999942 ) ) ;
#8023 = AXIS2_PLACEMENT_3D ( 'NONE', #9686, #6671, #4288 ) ;
#8024 = ORIENTED_EDGE ( 'NONE', *, *, #845, .F. ) ;
#8025 = CARTESIAN_POINT ( 'NONE',  ( 0.6498031496062991463, 0.5314960629921000601, -0.3740157480314960647 ) ) ;
#8026 = DIRECTION ( 'NONE',  ( 0.000000000000000000, -0.8782547285461282938, -0.4781930904837151664 ) ) ;
#8027 = DIRECTION ( 'NONE',  ( -1.000000000000000000, 0.000000000000000000, 0.000000000000000000 ) ) ;
#8028 = CARTESIAN_POINT ( 'NONE',  ( 1.265842252978999882, -0.1032031167347788742, -0.05948255673673441546 ) ) ;
#8029 = AXIS2_PLACEMENT_3D ( 'NONE', #8685, #3289, #7324 ) ;
#8030 = CARTESIAN_POINT ( 'NONE',  ( 1.389265788796000045, 0.1107495412993999978, 0.02233102466762000235 ) ) ;
#8031 = VERTEX_POINT ( 'NONE', #606 ) ;
#8032 = VERTEX_POINT ( 'NONE', #2770 ) ;
#8033 = ORIENTED_EDGE ( 'NONE', *, *, #6064, .F. ) ;
#8034 = EDGE_CURVE ( 'NONE', #6994, #1420, #9924, .T. ) ;
#8035 = VERTEX_POINT ( 'NONE', #1401 ) ;
#8036 = CARTESIAN_POINT ( 'NONE',  ( 0.7280600717204999128, 0.1820907631361000090, -0.08761369760209999913 ) ) ;
#8037 = ORIENTED_EDGE ( 'NONE', *, *, #8782, .T. ) ;
#8038 = CARTESIAN_POINT ( 'NONE',  ( 1.196935205443000028, -0.07935404094582007573, -0.06777475368613995743 ) ) ;
#8039 = ORIENTED_EDGE ( 'NONE', *, *, #9281, .T. ) ;
#8040 = PLANE ( 'NONE',  #2215 ) ;
#8041 = CARTESIAN_POINT ( 'NONE',  ( 1.307266758608000234, -0.08293304693827992236, 0.06081980606620000090 ) ) ;
#8042 = CARTESIAN_POINT ( 'NONE',  ( 1.158329671089999957, 0.01961495362388000069, -0.1134064073816999918 ) ) ;
#8043 = CARTESIAN_POINT ( 'NONE',  ( 0.5810294838684999519, 0.1242893722145000102, 0.08994276295236004748 ) ) ;
#8044 = EDGE_CURVE ( 'NONE', #3529, #5765, #8090, .T. ) ;
#8045 = CARTESIAN_POINT ( 'NONE',  ( 0.6104330708661004357, 0.4370078740156999597, 0.3543307086614000401 ) ) ;
#8046 = EDGE_CURVE ( 'NONE', #1301, #9041, #9703, .T. ) ;
#8047 = CARTESIAN_POINT ( 'NONE',  ( 1.051371554441000056, -0.03102579983720000004, -0.09823580676703996817 ) ) ;
#8048 = CARTESIAN_POINT ( 'NONE',  ( 1.301006991905000021, -0.04717939539942000299, 0.09891362216373995875 ) ) ;
#8049 =( LENGTH_UNIT ( ) NAMED_UNIT ( * ) SI_UNIT ( $, .METRE. ) );
#8050 = FACE_OUTER_BOUND ( 'NONE', #7016, .T. ) ;
#8051 = CARTESIAN_POINT ( 'NONE',  ( 1.273537235502000264, 0.008187792543227007808, 0.1040357683916000170 ) ) ;
#8052 = CARTESIAN_POINT ( 'NONE',  ( 1.042440083649000204, 0.002184015794200999758, -0.1074717778297999971 ) ) ;
#8053 = CARTESIAN_POINT ( 'NONE',  ( 0.4921259842520000483, 0.3740157480314960647, -0.5314960629921000601 ) ) ;
#8054 = CARTESIAN_POINT ( 'NONE',  ( 1.219612615845000025, 0.07728546215276003994, -0.06958814268777008261 ) ) ;
#8055 = CARTESIAN_POINT ( 'NONE',  ( 0.9842519685038996213, -0.09595320950357008605, 0.1830708661417000116 ) ) ;
#8056 = EDGE_CURVE ( 'NONE', #8801, #2588, #7763, .T. ) ;
#8057 = DIRECTION ( 'NONE',  ( 0.000000000000000000, 0.5000000000000169864, -0.8660254037844288266 ) ) ;
#8058 = CARTESIAN_POINT ( 'NONE',  ( 1.131810533527000118, 0.1008015731564999989, -0.02700970012306000076 ) ) ;
#8059 = VERTEX_POINT ( 'NONE', #3976 ) ;
#8060 = FACE_OUTER_BOUND ( 'NONE', #3246, .T. ) ;
#8061 = LINE ( 'NONE', #8827, #3476 ) ;
#8062 = AXIS2_PLACEMENT_3D ( 'NONE', #8652, #7100, #4970 ) ;
#8063 = CARTESIAN_POINT ( 'NONE',  ( 1.242125171001329909, 0.000000000000000000, -0.1043589036846146734 ) ) ;
#8064 = CARTESIAN_POINT ( 'NONE',  ( 0.6673228346457008575, 0.000000000000000000, 0.000000000000000000 ) ) ;
#8065 = CARTESIAN_POINT ( 'NONE',  ( 1.250437519627999983, -0.1076087138029000051, 0.05482937826992000108 ) ) ;
#8066 = CARTESIAN_POINT ( 'NONE',  ( 0.6803393851628996014, 0.1310605272668000087, 0.05748357025070000015 ) ) ;
#8067 = CARTESIAN_POINT ( 'NONE',  ( 1.088582706576364245, -0.09924984962000005240, -0.03224823098969001323 ) ) ;
#8068 = CARTESIAN_POINT ( 'NONE',  ( 1.360907791530369559, 0.01030670701151137174, 0.1181065638633627818 ) ) ;
#8069 = CARTESIAN_POINT ( 'NONE',  ( 1.064468578245999941, -0.03590591602883000388, -0.1136875325473999943 ) ) ;
#8070 = CARTESIAN_POINT ( 'NONE',  ( 1.055160897814999998, -0.04308208645362000128, -0.1103107477802999919 ) ) ;
#8071 = CARTESIAN_POINT ( 'NONE',  ( 0.8621296251002007471, -0.09248097128490001539, -0.1692162538550000261 ) ) ;
#8072 = CYLINDRICAL_SURFACE ( 'NONE', #3354, 0.1181102362205000006 ) ;
#8073 = EDGE_LOOP ( 'NONE', ( #243, #9409 ) ) ;
#8074 = CARTESIAN_POINT ( 'NONE',  ( 0.4921259842520000483, 0.000000000000000000, -0.3740157480314960647 ) ) ;
#8075 = DIRECTION ( 'NONE',  ( 0.000000000000000000, -0.02500000000000001180, -0.9996874511566102850 ) ) ;
#8076 = DIRECTION ( 'NONE',  ( -1.000000000000000000, 0.000000000000000000, 0.000000000000000000 ) ) ;
#8077 = VECTOR ( 'NONE', #3191, 39.37007874015748143 ) ;
#8078 = CARTESIAN_POINT ( 'NONE',  ( 1.357991653486000150, 0.06657709192167993173, 0.1004917170470000093 ) ) ;
#8079 = ORIENTED_EDGE ( 'NONE', *, *, #9351, .F. ) ;
#8080 = ORIENTED_EDGE ( 'NONE', *, *, #3558, .T. ) ;
#8081 = CARTESIAN_POINT ( 'NONE',  ( 1.259454683645000017, -0.06523905046413995545, 0.09492340744733997193 ) ) ;
#8082 = EDGE_LOOP ( 'NONE', ( #5453, #8554 ) ) ;
#8083 = FACE_BOUND ( 'NONE', #8854, .T. ) ;
#8084 = VERTEX_POINT ( 'NONE', #9270 ) ;
#8085 = CARTESIAN_POINT ( 'NONE',  ( 1.047973619356000086, 0.000000000000000000, 0.000000000000000000 ) ) ;
#8086 = ORIENTED_EDGE ( 'NONE', *, *, #7866, .F. ) ;
#8087 = EDGE_CURVE ( 'NONE', #8691, #824, #1144, .T. ) ;
#8088 = CARTESIAN_POINT ( 'NONE',  ( 0.7283464566928996575, 0.000000000000000000, -0.2185039370079000232 ) ) ;
#8089 = CARTESIAN_POINT ( 'NONE',  ( 1.194802659510999954, -0.09742608914478996518, -0.03739837169383999904 ) ) ;
#8090 = CIRCLE ( 'NONE', #6145, 0.2755905511811023723 ) ;
#8091 = CARTESIAN_POINT ( 'NONE',  ( 1.339758853899238433, 0.09489640704855001330, -0.04474592824854002615 ) ) ;
#8092 = CARTESIAN_POINT ( 'NONE',  ( 1.370770771432999968, 0.09195952637967991228, 0.06068220182852008399 ) ) ;
#8093 = CARTESIAN_POINT ( 'NONE',  ( 1.106112096998000061, -0.1096636140813000010, 0.03492350802057000297 ) ) ;
#8094 = CARTESIAN_POINT ( 'NONE',  ( 1.272051447808707936, 0.1181102362205000700, -0.01546059376766953028 ) ) ;
#8095 = DIRECTION ( 'NONE',  ( -1.000000000000000000, 0.000000000000000000, 0.000000000000000000 ) ) ;
#8096 = CARTESIAN_POINT ( 'NONE',  ( 1.057058343593000105, 0.05910869382497991459, -0.08600371016382007960 ) ) ;
#8097 = CARTESIAN_POINT ( 'NONE',  ( 1.182618355283999945, 0.01087073435519000063, 0.1034281440717000067 ) ) ;
#8098 = DIRECTION ( 'NONE',  ( -1.000000000000000000, 0.000000000000000000, 0.000000000000000000 ) ) ;
#8099 = CARTESIAN_POINT ( 'NONE',  ( 1.254090981406999816, 0.07543626803787008284, 0.07949323998367992250 ) ) ;
#8100 = CARTESIAN_POINT ( 'NONE',  ( 1.224488679071000119, 0.1042144493542999928, -0.005461647859861999341 ) ) ;
#8101 = CARTESIAN_POINT ( 'NONE',  ( 1.121810796269000043, 0.01321226283181000001, -0.1087032085973000106 ) ) ;
#8102 = CARTESIAN_POINT ( 'NONE',  ( 0.5984251968503937480, 0.01574803149606000124, 0.1210269775506999934 ) ) ;
#8103 = EDGE_CURVE ( 'NONE', #1718, #3414, #348, .T. ) ;
#8104 = EDGE_CURVE ( 'NONE', #1641, #9007, #9681, .T. ) ;
#8105 = CARTESIAN_POINT ( 'NONE',  ( 0.5810295054656000602, -0.1400374193108999965, -0.06266638128882007219 ) ) ;
#8106 = CARTESIAN_POINT ( 'NONE',  ( 1.129677987595000044, 0.08600372205772992273, -0.05910872053913996532 ) ) ;
#8107 = EDGE_LOOP ( 'NONE', ( #28, #5857, #567, #5388 ) ) ;
#8108 = CIRCLE ( 'NONE', #1813, 0.08267716535433068670 ) ;
#8109 = DIRECTION ( 'NONE',  ( 0.000000000000000000, 0.000000000000000000, -1.000000000000000000 ) ) ;
#8110 = CARTESIAN_POINT ( 'NONE',  ( 0.7362204724408996093, -0.01574803149606000124, 0.09842519685038997324 ) ) ;
#8111 = LINE ( 'NONE', #6131, #6617 ) ;
#8112 = EDGE_CURVE ( 'NONE', #7434, #8761, #8461, .T. ) ;
#8113 = DIRECTION ( 'NONE',  ( 1.000000000000000000, 0.000000000000000000, 0.000000000000000000 ) ) ;
#8114 = CARTESIAN_POINT ( 'NONE',  ( 1.240873400344000066, -0.009036971297050000462, 0.1148256074952000022 ) ) ;
#8115 = EDGE_CURVE ( 'NONE', #1060, #3752, #5833, .T. ) ;
#8116 = CARTESIAN_POINT ( 'NONE',  ( 0.7244094488188976833, -0.01574803149606000124, 0.1536382109453000022 ) ) ;
#8117 = CARTESIAN_POINT ( 'NONE',  ( 1.165085998768999875, -0.06018173531423996053, 0.09820766630687993715 ) ) ;
#8118 = LINE ( 'NONE', #7220, #4796 ) ;
#8119 = ORIENTED_EDGE ( 'NONE', *, *, #8995, .F. ) ;
#8120 = PRODUCT_DEFINITION_SHAPE ( 'NONE', 'NONE',  #8160 ) ;
#8121 = CARTESIAN_POINT ( 'NONE',  ( 1.213348814658000041, 0.000000000000000000, 0.1181102362205000006 ) ) ;
#8122 = DIRECTION ( 'NONE',  ( 0.000000000000000000, 0.8660254037844288266, 0.5000000000000169864 ) ) ;
#8123 = CARTESIAN_POINT ( 'NONE',  ( 0.8661417266193996989, -0.09349875928108997147, 0.1732283514409999892 ) ) ;
#8124 = FACE_OUTER_BOUND ( 'NONE', #4574, .T. ) ;
#8125 = CARTESIAN_POINT ( 'NONE',  ( 0.9842519685038996213, 0.09595320950357008605, -0.1830708661417000116 ) ) ;
#8126 = EDGE_CURVE ( 'NONE', #120, #9937, #4267, .T. ) ;
#8127 = CARTESIAN_POINT ( 'NONE',  ( 1.259280573188999774, -0.1032031167347789991, 0.05948255673673419341 ) ) ;
#8128 = PLANE ( 'NONE',  #9857 ) ;
#8129 = ORIENTED_EDGE ( 'NONE', *, *, #3430, .F. ) ;
#8130 = CARTESIAN_POINT ( 'NONE',  ( 1.221068856874000019, -0.07928514195874998560, 0.08354910682621004281 ) ) ;
#8131 = EDGE_CURVE ( 'NONE', #5269, #1735, #7408, .T. ) ;
#8132 = ORIENTED_EDGE ( 'NONE', *, *, #6138, .T. ) ;
#8133 = CARTESIAN_POINT ( 'NONE',  ( 0.7362204724408996093, 0.1827275465568999890, 0.1100438633047000070 ) ) ;
#8134 = ORIENTED_EDGE ( 'NONE', *, *, #1162, .F. ) ;
#8135 = CARTESIAN_POINT ( 'NONE',  ( 1.203332843237999938, 0.01632510462271000162, -0.1030726540387999907 ) ) ;
#8136 = EDGE_LOOP ( 'NONE', ( #3201, #4553, #8336, #5717 ) ) ;
#8137 = CARTESIAN_POINT ( 'NONE',  ( 1.126874282454499943, -0.03091510445189072157, 0.1150361429136074198 ) ) ;
#8138 = CARTESIAN_POINT ( 'NONE',  ( 1.323331937961000015, 0.03693203025473999757, -0.09781521965788995965 ) ) ;
#8139 = AXIS2_PLACEMENT_3D ( 'NONE', #2704, #8098, #7297 ) ;
#8140 = TOROIDAL_SURFACE ( 'NONE', #6031, 0.2992125984251968740, 0.01574803149606000124 ) ;
#8141 = CARTESIAN_POINT ( 'NONE',  ( 1.051805819942000175, 0.1036538904351000101, 0.05001630514704000219 ) ) ;
#8142 = EDGE_CURVE ( 'NONE', #8691, #1065, #5421, .T. ) ;
#8143 = CARTESIAN_POINT ( 'NONE',  ( 1.279433337572832841, 0.05948255673673389504, 0.1032031167347791933 ) ) ;
#8144 = CARTESIAN_POINT ( 'NONE',  ( 0.9842519685132009588, 0.2559055118017999897, 1.033609354007000107E-10 ) ) ;
#8145 = CARTESIAN_POINT ( 'NONE',  ( 1.112504537818000072, -0.002731760035867999720, 0.1043217069389999890 ) ) ;
#8146 = CARTESIAN_POINT ( 'NONE',  ( 1.203943814600999973, 0.01626884762265000048, -0.1027174613195000058 ) ) ;
#8147 = FACE_OUTER_BOUND ( 'NONE', #7840, .T. ) ;
#8148 = CARTESIAN_POINT ( 'NONE',  ( 1.316244695299000123, -0.09419155717462007749, 0.04492664279108000286 ) ) ;
#8149 = CARTESIAN_POINT ( 'NONE',  ( 1.163584855542000085, 0.05294102136980000095, -0.09585509799052992219 ) ) ;
#8150 = FACE_OUTER_BOUND ( 'NONE', #3138, .T. ) ;
#8151 = VERTEX_POINT ( 'NONE', #6184 ) ;
#8152 = CARTESIAN_POINT ( 'NONE',  ( 0.7362204724408996093, 0.1383078312671000010, 0.07530599850137008333 ) ) ;
#8153 = CARTESIAN_POINT ( 'NONE',  ( 1.089159614891999972, 0.07379187303341003257, -0.07379187303341003257 ) ) ;
#8154 = CARTESIAN_POINT ( 'NONE',  ( 0.9838867820207009007, 0.09534120890117993297, -0.1805922170975000074 ) ) ;
#8155 = ORIENTED_EDGE ( 'NONE', *, *, #7558, .T. ) ;
#8156 = DIRECTION ( 'NONE',  ( -1.000000000000000000, 0.000000000000000000, 0.000000000000000000 ) ) ;
#8157 = EDGE_CURVE ( 'NONE', #2142, #4961, #6905, .T. ) ;
#8158 = CARTESIAN_POINT ( 'NONE',  ( 1.385826771660999990, 0.000000000000000000, 0.000000000000000000 ) ) ;
#8159 = CARTESIAN_POINT ( 'NONE',  ( 1.000000086036999969, 0.09349879745523995145, 0.1732284221662000190 ) ) ;
#8160 = PRODUCT_DEFINITION ( 'UNKNOWN', '', #8224, #6872 ) ;
#8161 = EDGE_CURVE ( 'NONE', #6393, #5651, #3164, .T. ) ;
#8162 = CARTESIAN_POINT ( 'NONE',  ( 1.120665087624249434, 0.09444883965335063025, -0.07258425826477041265 ) ) ;
#8163 = CARTESIAN_POINT ( 'NONE',  ( 1.296319594569999900, -0.05495946621102000551, -0.1012227447793999924 ) ) ;
#8164 = AXIS2_PLACEMENT_3D ( 'NONE', #5379, #8187, #2075 ) ;
#8165 = CARTESIAN_POINT ( 'NONE',  ( -0.04468503937008000415, 0.000000000000000000, 0.000000000000000000 ) ) ;
#8166 = CARTESIAN_POINT ( 'NONE',  ( 1.124567626066000026, -0.04127706091665000326, 0.1075304200167000040 ) ) ;
#8167 = VECTOR ( 'NONE', #3667, 39.37007874015748143 ) ;
#8168 = CARTESIAN_POINT ( 'NONE',  ( 0.7256451598022993776, -0.1816410969043000256, 0.08673609540712008681 ) ) ;
#8169 = EDGE_CURVE ( 'NONE', #1718, #9947, #5373, .T. ) ;
#8170 = CARTESIAN_POINT ( 'NONE',  ( -0.03184567412300000344, 0.000000000000000000, 0.000000000000000000 ) ) ;
#8171 = DIRECTION ( 'NONE',  ( 1.000000000000000000, 0.000000000000000000, 0.000000000000000000 ) ) ;
#8172 = CARTESIAN_POINT ( 'NONE',  ( 1.143571200226489060, 0.002143985591065517005, 0.1042547947664448776 ) ) ;
#8173 = VECTOR ( 'NONE', #3422, 39.37007874015748143 ) ;
#8174 = CARTESIAN_POINT ( 'NONE',  ( 0.6181102362204999867, 0.000000000000000000, 0.1220472440945000042 ) ) ;
#8175 = CARTESIAN_POINT ( 'NONE',  ( 1.367895724648999778, 0.06059705576737992039, -0.08564766778826005122 ) ) ;
#8176 = CARTESIAN_POINT ( 'NONE',  ( 1.252718893398999889, 0.000000000000000000, 0.1181102362205000006 ) ) ;
#8177 = CARTESIAN_POINT ( 'NONE',  ( 1.353684609144000017, 0.02831045354422000518, 0.1056560510123000091 ) ) ;
#8178 = CARTESIAN_POINT ( 'NONE',  ( 1.185461675550499638, -0.1150361429136074476, -0.03091510445189083259 ) ) ;
#8179 = ORIENTED_EDGE ( 'NONE', *, *, #2022, .F. ) ;
#8180 = CARTESIAN_POINT ( 'NONE',  ( 1.244526862123000122, 0.1126636970527000042, -0.02394740807054999629 ) ) ;
#8181 = ORIENTED_EDGE ( 'NONE', *, *, #951, .F. ) ;
#8182 = ORIENTED_EDGE ( 'NONE', *, *, #287, .T. ) ;
#8183 = ORIENTED_EDGE ( 'NONE', *, *, #7795, .F. ) ;
#8184 = CYLINDRICAL_SURFACE ( 'NONE', #2199, 0.08267716535433068670 ) ;
#8185 = EDGE_CURVE ( 'NONE', #2133, #56, #997, .T. ) ;
#8186 = ORIENTED_EDGE ( 'NONE', *, *, #9648, .T. ) ;
#8187 = DIRECTION ( 'NONE',  ( 0.000000000000000000, -1.000000000000000000, 0.000000000000000000 ) ) ;
#8188 = DIRECTION ( 'NONE',  ( -1.000000000000000000, 0.000000000000000000, 0.000000000000000000 ) ) ;
#8189 = ORIENTED_EDGE ( 'NONE', *, *, #6619, .F. ) ;
#8190 = AXIS2_PLACEMENT_3D ( 'NONE', #240, #7221, #9544 ) ;
#8191 = CARTESIAN_POINT ( 'NONE',  ( 1.315345902667000244, -0.04372992373686000744, -0.1011265231565999928 ) ) ;
#8192 = AXIS2_PLACEMENT_3D ( 'NONE', #7225, #4847, #300 ) ;
#8193 = EDGE_LOOP ( 'NONE', ( #9869, #8319 ) ) ;
#8194 = CARTESIAN_POINT ( 'NONE',  ( 1.165606704420000028, 0.1163955622637000004, 0.03186043878006000057 ) ) ;
#8195 = CARTESIAN_POINT ( 'NONE',  ( 1.282714177467999761, 0.000000000000000000, 0.1181102362205000006 ) ) ;
#8196 = CARTESIAN_POINT ( 'NONE',  ( 1.118902175614000072, -0.09037621804803996906, 0.05217873381838000063 ) ) ;
#8197 = CARTESIAN_POINT ( 'NONE',  ( 1.265787646622000162, -0.05890502939158000217, 0.08570734959896003646 ) ) ;
#8198 = DIRECTION ( 'NONE',  ( 1.000000000000000000, 0.000000000000000000, 0.000000000000000000 ) ) ;
#8199 = CARTESIAN_POINT ( 'NONE',  ( 1.237030613952999847, -0.03658164642932999755, -0.1033033827283000028 ) ) ;
#8200 = CARTESIAN_POINT ( 'NONE',  ( 1.209617398711000158, -0.01901763795381000016, -0.1026099921947999927 ) ) ;
#8201 = ORIENTED_EDGE ( 'NONE', *, *, #393, .F. ) ;
#8202 = CARTESIAN_POINT ( 'NONE',  ( 1.111367281449999966, -0.1094688848746999954, -0.002741293996402000086 ) ) ;
#8203 = CARTESIAN_POINT ( 'NONE',  ( 0.4921259842520000483, 0.4370078740156999597, 0.3543307086614000401 ) ) ;
#8204 = CARTESIAN_POINT ( 'NONE',  ( 0.9775928144086004634, -0.09401048560322008973, 0.1752593579672999946 ) ) ;
#8205 = DIRECTION ( 'NONE',  ( -1.000000000000000000, 0.000000000000000000, 0.000000000000000000 ) ) ;
#8206 = CARTESIAN_POINT ( 'NONE',  ( 0.7244094488188976833, 0.1655628205247000329, -0.1137719994447000116 ) ) ;
#8207 = CARTESIAN_POINT ( 'NONE',  ( 1.151003446913000161, -0.09837167889976004831, 0.03483523850945000055 ) ) ;
#8208 = DIRECTION ( 'NONE',  ( 0.000000000000000000, -0.01754744605140035746, -0.9998460317154204136 ) ) ;
#8209 = VERTEX_POINT ( 'NONE', #1451 ) ;
#8210 = CARTESIAN_POINT ( 'NONE',  ( 0.5787401574802844006, -0.1477865887740783535, -0.003277924012423250131 ) ) ;
#8211 = CARTESIAN_POINT ( 'NONE',  ( 0.5790964132382000473, 0.01574803149606000124, -0.1494447818621000013 ) ) ;
#8212 = CARTESIAN_POINT ( 'NONE',  ( 0.9999994263158000773, 0.1234251735503109210, -0.1543624914383133762 ) ) ;
#8213 = DIRECTION ( 'NONE',  ( 1.000000000000000000, 0.000000000000000000, 0.000000000000000000 ) ) ;
#8214 = CARTESIAN_POINT ( 'NONE',  ( 1.126406557440499778, 0.1150361429136073088, 0.03091510445189111014 ) ) ;
#8215 = CARTESIAN_POINT ( 'NONE',  ( 1.257933767798000035, -0.03844809805249000539, -0.1085740795173000123 ) ) ;
#8216 = AXIS2_PLACEMENT_3D ( 'NONE', #2486, #2540, #4020 ) ;
#8217 = EDGE_LOOP ( 'NONE', ( #6187, #3960, #5756, #100 ) ) ;
#8218 = CARTESIAN_POINT ( 'NONE',  ( 0.7362204724408996093, 0.004661227403534000044, -0.2125309166950000161 ) ) ;
#8219 = CARTESIAN_POINT ( 'NONE',  ( 1.173616182495999860, -0.1085740795179999940, -0.03844809805199000952 ) ) ;
#8220 = DIRECTION ( 'NONE',  ( 1.000000000000000000, 0.000000000000000000, 0.000000000000000000 ) ) ;
#8221 = CARTESIAN_POINT ( 'NONE',  ( 1.076373749041749983, 0.01546059376767015998, -0.1181102362205000006 ) ) ;
#8222 = CYLINDRICAL_SURFACE ( 'NONE', #9794, 0.1181102362205000006 ) ;
#8223 = CARTESIAN_POINT ( 'NONE',  ( 1.147748606154425755, -0.06278455862274090471, 0.08325718049845422242 ) ) ;
#8224 = PRODUCT_DEFINITION_FORMATION_WITH_SPECIFIED_SOURCE ( 'ANY', '', #773, .NOT_KNOWN. ) ;
#8225 = CARTESIAN_POINT ( 'NONE',  ( 1.328728291098999925, -0.002471814868744999678, -0.1048876372943000068 ) ) ;
#8226 = EDGE_CURVE ( 'NONE', #4307, #9073, #1545, .T. ) ;
#8227 = ADVANCED_FACE ( 'NONE', ( #5744 ), #2551, .T. ) ;
#8228 = CARTESIAN_POINT ( 'NONE',  ( 0.000000000000000000, 0.000000000000000000, 0.1003937007873999948 ) ) ;
#8229 = CARTESIAN_POINT ( 'NONE',  ( 1.375084358348999780, -0.05445894783235000203, -0.1012470502541999995 ) ) ;
#8230 = ORIENTED_EDGE ( 'NONE', *, *, #2428, .T. ) ;
#8231 = EDGE_LOOP ( 'NONE', ( #1022, #4945, #9446, #1580 ) ) ;
#8232 = CARTESIAN_POINT ( 'NONE',  ( 1.271216023679000218, -0.01889291618010000007, -0.1192851781487999918 ) ) ;
#8233 = ORIENTED_EDGE ( 'NONE', *, *, #3283, .F. ) ;
#8234 = AXIS2_PLACEMENT_3D ( 'NONE', #4584, #5536, #760 ) ;
#8235 = CARTESIAN_POINT ( 'NONE',  ( 0.7309163189859999576, -0.1415909421889999797, 0.06576207237822008500 ) ) ;
#8236 = ORIENTED_EDGE ( 'NONE', *, *, #8578, .T. ) ;
#8237 = DIRECTION ( 'NONE',  ( -1.000000000000000000, 0.000000000000000000, 0.000000000000000000 ) ) ;
#8238 = ORIENTED_EDGE ( 'NONE', *, *, #5264, .T. ) ;
#8239 = CARTESIAN_POINT ( 'NONE',  ( 0.5787401574803000548, -0.1126864528502000001, 0.04687529344016000410 ) ) ;
#8240 = CARTESIAN_POINT ( 'NONE',  ( 1.000000080887000209, -0.09349880026292992086, 0.1732278469391000109 ) ) ;
#8241 = EDGE_CURVE ( 'NONE', #200, #7784, #3746, .T. ) ;
#8242 = CARTESIAN_POINT ( 'NONE',  ( 0.7309163189859999576, 0.1277470963794999914, 0.08974031669229999564 ) ) ;
#8243 = CARTESIAN_POINT ( 'NONE',  ( 1.135896592165750008, -0.1181102362204999867, -0.01546059376767004723 ) ) ;
#8244 = CARTESIAN_POINT ( 'NONE',  ( 1.362784736138999975, 0.1138032842400000105, -0.02140051211357000063 ) ) ;
#8245 = AXIS2_PLACEMENT_3D ( 'NONE', #8724, #3428, #7967 ) ;
#8246 = CARTESIAN_POINT ( 'NONE',  ( 1.048639338454000036, 0.1086857380907999965, 0.05244433198463999829 ) ) ;
#8247 = ADVANCED_FACE ( 'NONE', ( #8060 ), #4983, .F. ) ;
#8248 = CARTESIAN_POINT ( 'NONE',  ( 1.281073757520416079, 0.03091510445189025666, 0.1150361429136075309 ) ) ;
#8249 = VERTEX_POINT ( 'NONE', #4075 ) ;
#8250 = ADVANCED_FACE ( 'NONE', ( #2496 ), #6161, .F. ) ;
#8251 = CARTESIAN_POINT ( 'NONE',  ( 1.061323435455999942, 0.1000599975330000030, -0.02963912128933999732 ) ) ;
#8252 = DIRECTION ( 'NONE',  ( 0.000000000000000000, 0.000000000000000000, 1.000000000000000000 ) ) ;
#8253 = DIRECTION ( 'NONE',  ( 0.000000000000000000, -3.282220918665999858E-10, 1.000000000000000000 ) ) ;
#8254 = AXIS2_PLACEMENT_3D ( 'NONE', #7566, #4422, #5230 ) ;
#8255 = CARTESIAN_POINT ( 'NONE',  ( 1.260798501073000066, 0.1034646750344000027, 0.01362138288035000082 ) ) ;
#8256 = VERTEX_POINT ( 'NONE', #3376 ) ;
#8257 = LINE ( 'NONE', #1382, #9137 ) ;
#8258 = DIRECTION ( 'NONE',  ( -1.000000000000000000, -1.099873097226999949E-14, 0.000000000000000000 ) ) ;
#8259 = CARTESIAN_POINT ( 'NONE',  ( 0.7362204724408996093, 0.004479637489867000118, -0.1574175246887000168 ) ) ;
#8260 = ORIENTED_EDGE ( 'NONE', *, *, #4453, .F. ) ;
#8261 = CARTESIAN_POINT ( 'NONE',  ( 1.069966701506000151, -0.07935404094595001345, 0.06777475368538997402 ) ) ;
#8262 = CARTESIAN_POINT ( 'NONE',  ( 0.7244094488188976833, 1.814403626285999938, -1.043000356942999973 ) ) ;
#8263 = CARTESIAN_POINT ( 'NONE',  ( 0.7344565855905000884, -0.1408133094518000117, -0.06949607290458996445 ) ) ;
#8264 = ORIENTED_EDGE ( 'NONE', *, *, #647, .F. ) ;
#8265 = DIRECTION ( 'NONE',  ( -1.000000000000000000, 0.000000000000000000, -6.865168156178643015E-12 ) ) ;
#8266 = CARTESIAN_POINT ( 'NONE',  ( 0.6104330708661004357, 0.3543307086614000401, 0.3543307086614000401 ) ) ;
#8267 = CARTESIAN_POINT ( 'NONE',  ( 1.186678976775392025, -0.05683793265682334644, 0.08752274158283818162 ) ) ;
#8268 = CARTESIAN_POINT ( 'NONE',  ( 0.9763779527559055538, -0.09399477469537993735, -0.1751968503937007815 ) ) ;
#8269 = CARTESIAN_POINT ( 'NONE',  ( 1.168510669426333193, 0.09197940250214919899, 0.07690747405744675913 ) ) ;
#8270 = CARTESIAN_POINT ( 'NONE',  ( 1.260066313729999887, 0.000000000000000000, -0.1151806710645000009 ) ) ;
#8271 = B_SPLINE_CURVE_WITH_KNOTS ( 'NONE', 3,
 ( #732, #2283, #5361, #4605, #7701, #5407 ),
 .UNSPECIFIED., .F., .F.,
 ( 4, 2, 4 ),
 ( 0.000000000000000000, 0.5000000000000000000, 1.000000000000000000 ),
 .UNSPECIFIED. ) ;
#8272 = TOROIDAL_SURFACE ( 'NONE', #5202, 0.1478229366753000262, 0.007874015748031005027 ) ;
#8273 = CARTESIAN_POINT ( 'NONE',  ( 0.7277939874142007604, -0.01529630117143999934, 0.1545587265787999875 ) ) ;
#8274 = CARTESIAN_POINT ( 'NONE',  ( 1.128832717928999863, -0.09974938716682008044, 0.05759033553225999941 ) ) ;
#8275 = CARTESIAN_POINT ( 'NONE',  ( 1.290916277205499174, -0.1150361429136074476, 0.03091510445189060707 ) ) ;
#8276 = ORIENTED_EDGE ( 'NONE', *, *, #3479, .F. ) ;
#8277 = CARTESIAN_POINT ( 'NONE',  ( 1.047973619356000086, 0.000000000000000000, 0.000000000000000000 ) ) ;
#8278 = CARTESIAN_POINT ( 'NONE',  ( 1.084575848779249618, 0.1181102362205000561, -0.01546059376766952508 ) ) ;
#8279 = EDGE_CURVE ( 'NONE', #4057, #7224, #2236, .T. ) ;
#8280 = CARTESIAN_POINT ( 'NONE',  ( 0.5787401574803000548, 0.000000000000000000, 0.000000000000000000 ) ) ;
#8281 = CARTESIAN_POINT ( 'NONE',  ( 1.362465167739000060, -0.08363571746497991399, -0.06334503080957008814 ) ) ;
#8282 = FACE_OUTER_BOUND ( 'NONE', #9499, .T. ) ;
#8283 = DIRECTION ( 'NONE',  ( 1.000000000000000000, 0.000000000000000000, 0.000000000000000000 ) ) ;
#8284 = DIRECTION ( 'NONE',  ( -1.000000000000000000, 0.000000000000000000, 0.000000000000000000 ) ) ;
#8285 = CARTESIAN_POINT ( 'NONE',  ( 1.371032521078999977, -0.1044667680816000060, -0.04799413061016000182 ) ) ;
#8286 = EDGE_LOOP ( 'NONE', ( #4699, #253, #4094, #305 ) ) ;
#8287 = CARTESIAN_POINT ( 'NONE',  ( 1.167755208580000037, 0.1123595659811000014, 0.01180946625722000161 ) ) ;
#8288 = ORIENTED_EDGE ( 'NONE', *, *, #6241, .T. ) ;
#8289 = CARTESIAN_POINT ( 'NONE',  ( 0.7352427161525000310, -0.1403256692985999921, 0.07092543384150000463 ) ) ;
#8290 = ORIENTED_EDGE ( 'NONE', *, *, #6329, .F. ) ;
#8291 = VERTEX_POINT ( 'NONE', #8011 ) ;
#8292 = CARTESIAN_POINT ( 'NONE',  ( 0.5841804246273000212, 0.01574803149606000124, 0.1545109335357000291 ) ) ;
#8293 = EDGE_CURVE ( 'NONE', #10002, #2997, #6808, .T. ) ;
#8294 = EDGE_CURVE ( 'NONE', #7651, #6799, #947, .T. ) ;
#8295 = DIRECTION ( 'NONE',  ( 1.000000000000000000, 0.000000000000000000, 0.000000000000000000 ) ) ;
#8296 = CARTESIAN_POINT ( 'NONE',  ( 1.198287156527000130, -0.05664128730773000664, 0.08721993429785000751 ) ) ;
#8297 = CARTESIAN_POINT ( 'NONE',  ( 1.342749816329999790, -0.1172242943025000178, -0.03164051682876999755 ) ) ;
#8298 = UNCERTAINTY_MEASURE_WITH_UNIT (LENGTH_MEASURE( 1.000000000000000082E-05 ), #429, 'distance_accuracy_value', 'NONE');
#8299 = CARTESIAN_POINT ( 'NONE',  ( 1.115477833292000120, 0.01456048259856000150, -0.1197956169458000014 ) ) ;
#8300 = CYLINDRICAL_SURFACE ( 'NONE', #5885, 0.1181102362205000006 ) ;
#8301 = ADVANCED_FACE ( 'NONE', ( #7868 ), #9577, .F. ) ;
#8302 = CARTESIAN_POINT ( 'NONE',  ( 1.258665955141000214, 0.1020770065874999910, -0.02169713754582000206 ) ) ;
#8303 = CARTESIAN_POINT ( 'NONE',  ( 0.5841804246273000212, 0.1259363778563000191, 0.09089366210302991800 ) ) ;
#8304 = CARTESIAN_POINT ( 'NONE',  ( 0.9999994263157999663, -0.1090295656549005870, -0.1648457037416246052 ) ) ;
#8305 = ORIENTED_EDGE ( 'NONE', *, *, #9889, .T. ) ;
#8306 = B_SPLINE_CURVE_WITH_KNOTS ( 'NONE', 3,
 ( #2608, #9426, #6550, #1093, #4881, #1745 ),
 .UNSPECIFIED., .F., .F.,
 ( 4, 1, 1, 4 ),
 ( 0.000000000000000000, 0.3333333333333000081, 0.6666666666667000474, 1.000000000000000000 ),
 .UNSPECIFIED. ) ;
#8307 = CARTESIAN_POINT ( 'NONE',  ( 0.7294037235237007533, 0.01468651514043000164, -0.1550339872704999677 ) ) ;
#8308 = ORIENTED_EDGE ( 'NONE', *, *, #5503, .T. ) ;
#8309 = CARTESIAN_POINT ( 'NONE',  ( 0.7322749853665000419, -0.01280303776683000029, -0.1559425237063000180 ) ) ;
#8310 = CARTESIAN_POINT ( 'NONE',  ( 0.7362204724408996093, 0.000000000000000000, 0.000000000000000000 ) ) ;
#8311 = ORIENTED_EDGE ( 'NONE', *, *, #962, .F. ) ;
#8312 = CARTESIAN_POINT ( 'NONE',  ( 1.261388718149499599, -0.03091510445189051687, -0.1150361429136075309 ) ) ;
#8313 = CYLINDRICAL_SURFACE ( 'NONE', #4537, 0.2263779527559000304 ) ;
#8314 = VECTOR ( 'NONE', #9896, 39.37007874015748854 ) ;
#8315 = CARTESIAN_POINT ( 'NONE',  ( 1.210136982025330044, 0.09641505514954834544, -0.03993642345989521780 ) ) ;
#8316 = CARTESIAN_POINT ( 'NONE',  ( 0.9775928144086004634, -0.09401048560322008973, -0.1752593579672999946 ) ) ;
#8317 = DIRECTION ( 'NONE',  ( 0.000000000000000000, 0.000000000000000000, 1.000000000000000000 ) ) ;
#8318 = CARTESIAN_POINT ( 'NONE',  ( 1.277126681184000079, 0.04684819949600001199, 0.1052227788591999919 ) ) ;
#8319 = ORIENTED_EDGE ( 'NONE', *, *, #6868, .T. ) ;
#8320 = VECTOR ( 'NONE', #3616, 39.37007874015748143 ) ;
#8321 = APPLICATION_CONTEXT ( 'automotive_design' ) ;
#8322 = CARTESIAN_POINT ( 'NONE',  ( 0.7285187739042991995, 0.01502061551544000076, -0.2016627986020999852 ) ) ;
#8323 = CARTESIAN_POINT ( 'NONE',  ( 1.093678047465000081, -0.08694300487017991852, -0.06671371405287992995 ) ) ;
#8324 = CARTESIAN_POINT ( 'NONE',  ( 1.293376907126750019, -0.1181102362204999867, -0.01546059376767004896 ) ) ;
#8325 = CARTESIAN_POINT ( 'NONE',  ( 1.107189243084499841, 0.03091510445189094361, -0.1150361429136073782 ) ) ;
#8326 = CARTESIAN_POINT ( 'NONE',  ( 1.319553805774000166, -0.08864826967872008190, 0.05118110236220000525 ) ) ;
#8327 = DIRECTION ( 'NONE',  ( 0.000000000000000000, -1.000000000000000000, 0.000000000000000000 ) ) ;
#8328 = CARTESIAN_POINT ( 'NONE',  ( 1.332936841801000138, -0.002471814868744999678, -0.1048876372943000068 ) ) ;
#8329 = DIRECTION ( 'NONE',  ( 1.000000000000000000, 0.000000000000000000, 0.000000000000000000 ) ) ;
#8330 = AXIS2_PLACEMENT_3D ( 'NONE', #19, #9800, #2891 ) ;
#8331 = DIRECTION ( 'NONE',  ( 0.000000000000000000, 0.000000000000000000, 1.000000000000000000 ) ) ;
#8332 = CARTESIAN_POINT ( 'NONE',  ( 1.344695578822000082, 0.09283067595079999568, -0.06781745947321003720 ) ) ;
#8333 = CARTESIAN_POINT ( 'NONE',  ( 0.7095549599062008772, -0.1376032978314000177, 0.06126104059741004082 ) ) ;
#8334 = CARTESIAN_POINT ( 'NONE',  ( 1.178417938239000096, -0.02688839342361000126, 0.1119982176498000026 ) ) ;
#8335 = DIRECTION ( 'NONE',  ( 0.000000000000000000, 1.000000000000000000, 0.000000000000000000 ) ) ;
#8336 = ORIENTED_EDGE ( 'NONE', *, *, #8995, .T. ) ;
#8337 = CARTESIAN_POINT ( 'NONE',  ( 0.7362204724408996093, 0.1817265592456999979, 0.1103021996917999958 ) ) ;
#8338 = CARTESIAN_POINT ( 'NONE',  ( 0.5787401574803000548, 0.1351639017700000112, -0.05985265462468995767 ) ) ;
#8339 = AXIS2_PLACEMENT_3D ( 'NONE', #4364, #1286, #9813 ) ;
#8340 = CARTESIAN_POINT ( 'NONE',  ( 0.7361458461413995513, 0.1390664747514000210, 0.07386076713860001419 ) ) ;
#8341 = CARTESIAN_POINT ( 'NONE',  ( 1.336277190207000087, -0.03378839669925000344, 0.1107588076590000081 ) ) ;
#8342 = VECTOR ( 'NONE', #8353, 39.37007874015748143 ) ;
#8343 = AXIS2_PLACEMENT_3D ( 'NONE', #2221, #1421, #6003 ) ;
#8344 = CARTESIAN_POINT ( 'NONE',  ( 1.132187457000999986, 0.04182222340576999958, 0.1131984943466000232 ) ) ;
#8345 = EDGE_CURVE ( 'NONE', #5286, #2142, #5600, .T. ) ;
#8346 = CARTESIAN_POINT ( 'NONE',  ( 0.9763779527559055538, 0.09399477469537993735, -0.1751968503937007815 ) ) ;
#8347 = CARTESIAN_POINT ( 'NONE',  ( 1.273593776663000110, -0.05910872053913996532, 0.08600372205772992273 ) ) ;
#8348 = TOROIDAL_SURFACE ( 'NONE', #9159, 0.1478229366753000262, 0.007874015748031005027 ) ;
#8349 = AXIS2_PLACEMENT_3D ( 'NONE', #2558, #7514, #7476 ) ;
#8350 = AXIS2_PLACEMENT_3D ( 'NONE', #4336, #5243, #554 ) ;
#8351 = CARTESIAN_POINT ( 'NONE',  ( 0.9999994263157997443, -0.1090297965154790605, 0.1648455510493412046 ) ) ;
#8352 = ORIENTED_EDGE ( 'NONE', *, *, #1747, .F. ) ;
#8353 = DIRECTION ( 'NONE',  ( 1.000000000000000000, 0.000000000000000000, 0.000000000000000000 ) ) ;
#8354 = ADVANCED_FACE ( 'NONE', ( #2606 ), #7261, .T. ) ;
#8355 = CYLINDRICAL_SURFACE ( 'NONE', #3763, 0.08267716535433068670 ) ;
#8356 = DIRECTION ( 'NONE',  ( 1.000000000000000000, 0.000000000000000000, 0.000000000000000000 ) ) ;
#8357 = ADVANCED_FACE ( 'NONE', ( #1237 ), #5670, .T. ) ;
#8358 = CARTESIAN_POINT ( 'NONE',  ( 0.5841804246273000212, 0.1416844093523999815, -0.06361727143266003581 ) ) ;
#8359 = CARTESIAN_POINT ( 'NONE',  ( 1.262208928123249363, -0.01546059376766966385, -0.1181102362205000700 ) ) ;
#8360 = AXIS2_PLACEMENT_3D ( 'NONE', #1713, #7889, #4045 ) ;
#8361 = CARTESIAN_POINT ( 'NONE',  ( 1.230220739146999920, 0.1032031167347791240, -0.05948255673673399219 ) ) ;
#8362 = VERTEX_POINT ( 'NONE', #9675 ) ;
#8363 = DIRECTION ( 'NONE',  ( 0.000000000000000000, 1.000000000000000000, 0.000000000000000000 ) ) ;
#8364 = CARTESIAN_POINT ( 'NONE',  ( 0.9799168807595000086, -0.09419677740597007243, -0.1760013734404000108 ) ) ;
#8365 = DIRECTION ( 'NONE',  ( -1.000000000000000000, 0.000000000000000000, 0.000000000000000000 ) ) ;
#8366 = CARTESIAN_POINT ( 'NONE',  ( 1.231309281060000149, 0.08865957311805000574, 0.06441495038506003801 ) ) ;
#8367 = FACE_OUTER_BOUND ( 'NONE', #5766, .T. ) ;
#8368 = EDGE_LOOP ( 'NONE', ( #6626, #9903, #9440, #7288, #9625, #9833 ) ) ;
#8369 = DIRECTION ( 'NONE',  ( 1.000000000000000000, 0.000000000000000000, 0.000000000000000000 ) ) ;
#8370 = EDGE_CURVE ( 'NONE', #2623, #9190, #3452, .T. ) ;
#8371 = CARTESIAN_POINT ( 'NONE',  ( 1.142726603894999915, 0.06441495038506003801, -0.08865957311805000574 ) ) ;
#8372 = CARTESIAN_POINT ( 'NONE',  ( 0.3937007874016000275, -1.460531933746000223E-13, -0.2755905511811023723 ) ) ;
#8373 = CARTESIAN_POINT ( 'NONE',  ( 0.6104330708661004357, 0.5314960629921000601, -0.5314960629921000601 ) ) ;
#8374 = CARTESIAN_POINT ( 'NONE',  ( 0.000000000000000000, 0.000000000000000000, 0.000000000000000000 ) ) ;
#8375 = CARTESIAN_POINT ( 'NONE',  ( 1.118506764662488884, -0.08030875089192995864, -0.06651438518231933550 ) ) ;
#8376 = CARTESIAN_POINT ( 'NONE',  ( 1.316679406585000045, -0.09759908877285000672, 0.03849525599911000212 ) ) ;
#8377 = CARTESIAN_POINT ( 'NONE',  ( 1.001344629089000016, 0.09315903516949999852, 0.1718838791142000000 ) ) ;
#8378 = CARTESIAN_POINT ( 'NONE',  ( 1.349632771873999770, 0.08625386733352990998, 0.06726777285899999959 ) ) ;
#8379 = EDGE_CURVE ( 'NONE', #1735, #153, #7617, .T. ) ;
#8380 = CARTESIAN_POINT ( 'NONE',  ( 1.177259575812999781, -0.05948255673673431138, 0.1032031167347789297 ) ) ;
#8381 = CARTESIAN_POINT ( 'NONE',  ( 1.196576916067999985, 0.05762745735007999970, -0.1061365731834999909 ) ) ;
#8382 = DIRECTION ( 'NONE',  ( 0.000000000000000000, 1.000000000000000000, 0.000000000000000000 ) ) ;
#8383 = ORIENTED_EDGE ( 'NONE', *, *, #6996, .T. ) ;
#8384 =( GEOMETRIC_REPRESENTATION_CONTEXT ( 3 ) GLOBAL_UNCERTAINTY_ASSIGNED_CONTEXT ( ( #8298 ) ) GLOBAL_UNIT_ASSIGNED_CONTEXT ( ( #429, #1281, #7547 ) ) REPRESENTATION_CONTEXT ( 'NONE', 'WORKASPACE' ) );
#8385 = EDGE_LOOP ( 'NONE', ( #2663, #6307, #7680, #7633 ) ) ;
#8386 = DIRECTION ( 'NONE',  ( 1.000000000000000000, 0.000000000000000000, 0.000000000000000000 ) ) ;
#8387 = CARTESIAN_POINT ( 'NONE',  ( 0.5984251968503937480, 0.000000000000000000, 0.000000000000000000 ) ) ;
#8388 = CARTESIAN_POINT ( 'NONE',  ( 0.7322749853665000419, 0.1414517059433000046, 0.06688350590146004138 ) ) ;
#8389 = LINE ( 'NONE', #4548, #5845 ) ;
#8390 = B_SPLINE_CURVE_WITH_KNOTS ( 'NONE', 3,
 ( #237, #3329, #1805, #295, #9541, #7049, #5574, #3221, #6289, #9468 ),
 .UNSPECIFIED., .F., .F.,
 ( 4, 2, 2, 2, 4 ),
 ( 0.000000000000000000, 0.2500000000000001110, 0.5000000000000000000, 0.7500000000000000000, 1.000000000000000000 ),
 .UNSPECIFIED. ) ;
#8391 = CARTESIAN_POINT ( 'NONE',  ( 1.090413397726999856, 0.08115373457686003711, 0.08931443812267007842 ) ) ;
#8392 = EDGE_CURVE ( 'NONE', #9503, #7743, #839, .T. ) ;
#8393 = EDGE_CURVE ( 'NONE', #9400, #3301, #2911, .T. ) ;
#8394 = CARTESIAN_POINT ( 'NONE',  ( 0.6384300491361004637, 0.1059181483541000030, 0.07933613191119998076 ) ) ;
#8395 = CARTESIAN_POINT ( 'NONE',  ( 1.203219760915000158, -0.09742608914478996518, -0.03739837169383999904 ) ) ;
#8396 = ORIENTED_EDGE ( 'NONE', *, *, #4170, .T. ) ;
#8397 = AXIS2_PLACEMENT_3D ( 'NONE', #887, #3961, #1681 ) ;
#8398 = CARTESIAN_POINT ( 'NONE',  ( 0.9999994263157997443, -0.1968503813425933058, -0.01764878449761767346 ) ) ;
#8399 = VERTEX_POINT ( 'NONE', #8883 ) ;
#8400 = CARTESIAN_POINT ( 'NONE',  ( 0.7352427161525000310, 0.008739607168151003469, -0.1569883113364000105 ) ) ;
#8401 = ORIENTED_EDGE ( 'NONE', *, *, #6760, .T. ) ;
#8402 = CARTESIAN_POINT ( 'NONE',  ( 0.7244094488188976833, 0.2132525159129508574, 0.004729966016668367586 ) ) ;
#8403 = DIRECTION ( 'NONE',  ( 0.000000000000000000, -1.000000000000000000, 0.000000000000000000 ) ) ;
#8404 = CYLINDRICAL_SURFACE ( 'NONE', #8674, 0.1181102362205000006 ) ;
#8405 = DIRECTION ( 'NONE',  ( 1.000000000000000000, 0.000000000000000000, 0.000000000000000000 ) ) ;
#8406 = CIRCLE ( 'NONE', #5181, 0.1220472440944999765 ) ;
#8407 = CARTESIAN_POINT ( 'NONE',  ( 1.381889763779999836, 0.1023622047244000105, 0.000000000000000000 ) ) ;
#8408 = CARTESIAN_POINT ( 'NONE',  ( 1.144918901877000073, 0.000000000000000000, -0.1181102362205000006 ) ) ;
#8409 = CARTESIAN_POINT ( 'NONE',  ( 1.064889735990456110, -0.1181146700560905677, 0.01546003782853413826 ) ) ;
#8410 = DIRECTION ( 'NONE',  ( 0.000000000000000000, 0.000000000000000000, -1.000000000000000000 ) ) ;
#8411 = FACE_OUTER_BOUND ( 'NONE', #1776, .T. ) ;
#8412 = EDGE_CURVE ( 'NONE', #9402, #490, #6204, .T. ) ;
#8413 = EDGE_CURVE ( 'NONE', #6900, #5903, #1635, .T. ) ;
#8414 = CARTESIAN_POINT ( 'NONE',  ( 1.256899832241000103, 0.000000000000000000, -0.1095892592300000135 ) ) ;
#8415 = VECTOR ( 'NONE', #9129, 39.37007874015748143 ) ;
#8416 = ORIENTED_EDGE ( 'NONE', *, *, #2934, .F. ) ;
#8417 = CARTESIAN_POINT ( 'NONE',  ( 0.7244094488188976833, 0.1655628205247000329, -0.1137719994447000116 ) ) ;
#8418 = CARTESIAN_POINT ( 'NONE',  ( 1.138461512031999856, -0.005735458675758000474, -0.1094390709590000038 ) ) ;
#8419 = CARTESIAN_POINT ( 'NONE',  ( 1.070279794265749818, 0.07258425826477089837, -0.09444883965335021392 ) ) ;
#8420 = CARTESIAN_POINT ( 'NONE',  ( 0.5787401574803000548, 0.000000000000000000, 0.000000000000000000 ) ) ;
#8421 = EDGE_CURVE ( 'NONE', #9697, #4653, #2114, .T. ) ;
#8422 = CARTESIAN_POINT ( 'NONE',  ( 1.381889763779999836, 7.680926463688995436E-12, 0.1023622047244000105 ) ) ;
#8423 = CARTESIAN_POINT ( 'NONE',  ( 1.076732705388488975, -0.09936777513471369006, -0.03161809878503895471 ) ) ;
#8424 = CARTESIAN_POINT ( 'NONE',  ( 1.336568624911000036, 0.09930460926623997653, 0.03385440507488000211 ) ) ;
#8425 = EDGE_CURVE ( 'NONE', #2790, #6122, #6654, .T. ) ;
#8426 = CARTESIAN_POINT ( 'NONE',  ( 0.5819715378862000410, 0.1407367085770999948, -0.06307011613492992386 ) ) ;
#8427 = DIRECTION ( 'NONE',  ( -2.067778302647754021E-19, 0.9999999999999995559, -3.012895459855998451E-08 ) ) ;
#8428 = CARTESIAN_POINT ( 'NONE',  ( 1.226432559111999998, -0.1029751286123999909, -0.06310323997250000261 ) ) ;
#8429 = CIRCLE ( 'NONE', #5705, 0.1574803149606000263 ) ;
#8430 = CARTESIAN_POINT ( 'NONE',  ( 0.5841804246273000212, -0.1416844093523999815, -0.06361727143266003581 ) ) ;
#8431 = VERTEX_POINT ( 'NONE', #8210 ) ;
#8432 = ORIENTED_EDGE ( 'NONE', *, *, #8472, .T. ) ;
#8433 = DIRECTION ( 'NONE',  ( -0.9990138064662090756, 0.04440061362070955170, 0.000000000000000000 ) ) ;
#8434 = CARTESIAN_POINT ( 'NONE',  ( 0.7280600717204999128, 0.1669210694110000448, -0.1138883778692999921 ) ) ;
#8435 = ORIENTED_EDGE ( 'NONE', *, *, #1340, .F. ) ;
#8436 = CARTESIAN_POINT ( 'NONE',  ( 0.7352433518528995737, 0.1403251316525000181, 0.07092685671043995332 ) ) ;
#8437 = CARTESIAN_POINT ( 'NONE',  ( 1.304193385884000023, -0.1121402768411000062, -0.04655321571473000630 ) ) ;
#8438 = DIRECTION ( 'NONE',  ( -1.000000000000000000, 0.000000000000000000, 0.000000000000000000 ) ) ;
#8439 = CARTESIAN_POINT ( 'NONE',  ( 1.302105602279999941, -0.1039604257334999921, 0.04958610995970999524 ) ) ;
#8440 = LINE ( 'NONE', #3195, #7017 ) ;
#8441 = CARTESIAN_POINT ( 'NONE',  ( 1.267252680029999912, -0.02700970012306000076, 0.1008015731564999989 ) ) ;
#8442 = ORIENTED_EDGE ( 'NONE', *, *, #2912, .T. ) ;
#8443 = CARTESIAN_POINT ( 'NONE',  ( 0.9827365112497008504, 0.09478926975752992312, 0.1783711548946000092 ) ) ;
#8444 = VERTEX_POINT ( 'NONE', #1393 ) ;
#8445 = CARTESIAN_POINT ( 'NONE',  ( 0.7352427161525000310, -0.1315860621305000033, -0.08606287749492992634 ) ) ;
#8446 = CARTESIAN_POINT ( 'NONE',  ( 0.5787401574803000548, -0.1194158702739000072, -0.08712904529506003415 ) ) ;
#8447 = EDGE_LOOP ( 'NONE', ( #3253, #9455, #2470, #6284 ) ) ;
#8448 = DIRECTION ( 'NONE',  ( 1.000000000000000000, 0.000000000000000000, 0.000000000000000000 ) ) ;
#8449 = CARTESIAN_POINT ( 'NONE',  ( 0.5984251968503937480, 0.09693842135412991667, -0.07415168411053996156 ) ) ;
#8450 = DIRECTION ( 'NONE',  ( 1.000000000000000000, 0.000000000000000000, 0.000000000000000000 ) ) ;
#8451 = DIRECTION ( 'NONE',  ( -1.000000000000000000, 0.000000000000000000, 0.000000000000000000 ) ) ;
#8452 = LINE ( 'NONE', #6942, #7180 ) ;
#8453 = CARTESIAN_POINT ( 'NONE',  ( 1.047973619356000086, 0.000000000000000000, 0.000000000000000000 ) ) ;
#8454 = DIRECTION ( 'NONE',  ( 1.000000000000000000, 0.000000000000000000, 0.000000000000000000 ) ) ;
#8455 = CARTESIAN_POINT ( 'NONE',  ( 0.7362204724408996093, -0.1866645544309000204, 0.1032247656370999800 ) ) ;
#8456 = CARTESIAN_POINT ( 'NONE',  ( 1.222779097332999942, 0.08144069092468997351, -0.07332952747900001178 ) ) ;
#8457 = EDGE_LOOP ( 'NONE', ( #6167, #1766, #6323, #5722 ) ) ;
#8458 = VECTOR ( 'NONE', #5795, 39.37007874015748143 ) ;
#8459 = ADVANCED_FACE ( 'NONE', ( #9770 ), #8313, .F. ) ;
#8460 = ORIENTED_EDGE ( 'NONE', *, *, #1970, .F. ) ;
#8461 = LINE ( 'NONE', #9978, #4376 ) ;
#8462 = EDGE_CURVE ( 'NONE', #5464, #5951, #7358, .T. ) ;
#8463 = CARTESIAN_POINT ( 'NONE',  ( 1.161919517280999958, -0.05726023065597000972, 0.09344020400132992121 ) ) ;
#8464 = CARTESIAN_POINT ( 'NONE',  ( 1.331459050879000072, 0.000000000000000000, 0.1181102362205000006 ) ) ;
#8465 = CARTESIAN_POINT ( 'NONE',  ( 1.125233862506999971, 0.000000000000000000, 0.1181102362205000006 ) ) ;
#8466 = CARTESIAN_POINT ( 'NONE',  ( 0.5787401574803000548, 0.1194158702739000072, -0.08712904529506003415 ) ) ;
#8467 = EDGE_CURVE ( 'NONE', #7332, #9296, #9225, .T. ) ;
#8468 = CARTESIAN_POINT ( 'NONE',  ( 1.049740246063282978, 0.06788414817315126248, -0.07861556501514585515 ) ) ;
#8469 = CARTESIAN_POINT ( 'NONE',  ( 1.325130743501000019, 0.07117722443235000029, -0.07708001613486005488 ) ) ;
#8470 = CARTESIAN_POINT ( 'NONE',  ( 1.011811089899000038, 0.09046570295565001252, 0.1614173806495000085 ) ) ;
#8471 = CARTESIAN_POINT ( 'NONE',  ( 1.334310778573999823, 0.03000216380510000239, -0.09937196083212991582 ) ) ;
#8472 = EDGE_CURVE ( 'NONE', #2691, #2293, #9217, .T. ) ;
#8473 = CARTESIAN_POINT ( 'NONE',  ( 0.5787401574803000548, -0.1194158702739000072, 0.08712904529506003415 ) ) ;
#8474 = CARTESIAN_POINT ( 'NONE',  ( 1.173118910818000016, 0.01262411928322000089, 0.1201104898106000046 ) ) ;
#8475 = CARTESIAN_POINT ( 'NONE',  ( 0.5788054723971000071, 0.1204948773236000081, -0.08775201030567993110 ) ) ;
#8476 = EDGE_LOOP ( 'NONE', ( #4590, #3921, #6867, #6577, #7534, #1384, #8679, #1827 ) ) ;
#8477 = ORIENTED_EDGE ( 'NONE', *, *, #8907, .F. ) ;
#8478 = CARTESIAN_POINT ( 'NONE',  ( -0.03184567412300000344, -4.093383871545999899E-10, -0.2417915662690000023 ) ) ;
#8479 = B_SPLINE_CURVE_WITH_KNOTS ( 'NONE', 3,
 ( #8116, #447, #3537, #8273, #3690, #9682, #3735, #7518, #2152, #5983, #498, #2052, #3586, #650 ),
 .UNSPECIFIED., .F., .F.,
 ( 4, 1, 1, 1, 1, 1, 1, 1, 1, 1, 1, 4 ),
 ( 0.000000000000000000, 0.09090909090909000956, 0.1818181818182000031, 0.2727272727273000186, 0.3636363636364000063, 0.4545454545454999939, 0.5454545454545000061, 0.6363636363636000493, 0.7272727272726999814, 0.8181818181818000246, 0.9090909090908999568, 1.000000000000000000 ),
 .UNSPECIFIED. ) ;
#8480 = CARTESIAN_POINT ( 'NONE',  ( 0.7308438124327991670, -0.1826437316298000213, -0.08941447007052008566 ) ) ;
#8481 = CARTESIAN_POINT ( 'NONE',  ( 0.6104330708661004357, 0.5314960629921000601, 0.5314960629921000601 ) ) ;
#8482 = CIRCLE ( 'NONE', #8007, 0.08267716535433068670 ) ;
#8483 = CARTESIAN_POINT ( 'NONE',  ( 1.373273657100000156, -0.04906234857859000098, 0.1088897942674000030 ) ) ;
#8484 = CARTESIAN_POINT ( 'NONE',  ( 0.7280600717204999128, -0.1820907631361000090, -0.08761369760209999913 ) ) ;
#8485 = FACE_OUTER_BOUND ( 'NONE', #8447, .T. ) ;
#8486 = AXIS2_PLACEMENT_3D ( 'NONE', #1430, #3815, #6880 ) ;
#8487 = ORIENTED_EDGE ( 'NONE', *, *, #2679, .F. ) ;
#8488 = CARTESIAN_POINT ( 'NONE',  ( 0.5787401574803000548, 0.1351639017700000112, 0.05985265462468995767 ) ) ;
#8489 = EDGE_CURVE ( 'NONE', #3351, #6470, #7666, .T. ) ;
#8490 = CARTESIAN_POINT ( 'NONE',  ( 1.284313047483999881, -0.01632510462271000162, -0.1030726540387999907 ) ) ;
#8491 = CARTESIAN_POINT ( 'NONE',  ( 0.9787819354097994085, 0.09408090847152990321, 0.1755396842203999774 ) ) ;
#8492 = FACE_OUTER_BOUND ( 'NONE', #8710, .T. ) ;
#8493 = FACE_OUTER_BOUND ( 'NONE', #5539, .T. ) ;
#8494 = CARTESIAN_POINT ( 'NONE',  ( 0.7276665990876004519, 0.1667377332940000179, 0.1139301902076999967 ) ) ;
#8495 = CARTESIAN_POINT ( 'NONE',  ( 0.7280600717204999128, -0.01516969372517000189, -0.2015020754713999773 ) ) ;
#8496 = CARTESIAN_POINT ( 'NONE',  ( 1.005905511811000075, 0.000000000000000000, 0.1673228346456999971 ) ) ;
#8497 = DIRECTION ( 'NONE',  ( 1.000000000000000000, 0.000000000000000000, 0.000000000000000000 ) ) ;
#8498 = CIRCLE ( 'NONE', #9160, 0.2263779527559000304 ) ;
#8499 = DIRECTION ( 'NONE',  ( 1.000000000000000000, 0.000000000000000000, 0.000000000000000000 ) ) ;
#8500 = CARTESIAN_POINT ( 'NONE',  ( 0.9763779527559055538, 1.917212598425000136, -0.1830708661417000116 ) ) ;
#8501 = DIRECTION ( 'NONE',  ( 0.000000000000000000, 0.000000000000000000, 1.000000000000000000 ) ) ;
#8502 = CARTESIAN_POINT ( 'NONE',  ( 1.244104556651000060, -0.09764474495492007911, 0.04975248256392000856 ) ) ;
#8503 = ORIENTED_EDGE ( 'NONE', *, *, #5831, .T. ) ;
#8504 = AXIS2_PLACEMENT_3D ( 'NONE', #1930, #1330, #5166 ) ;
#8505 = CIRCLE ( 'NONE', #4167, 0.1220472440945000042 ) ;
#8506 = CARTESIAN_POINT ( 'NONE',  ( 0.6751361360172991599, -0.01574803149606000124, -0.1842016345010999978 ) ) ;
#8507 = CARTESIAN_POINT ( 'NONE',  ( 1.073386523703999895, 0.1150228205251000030, 0.006028090308322007519 ) ) ;
#8508 = DIRECTION ( 'NONE',  ( 1.000000000000000000, 0.000000000000000000, 0.000000000000000000 ) ) ;
#8509 = EDGE_CURVE ( 'NONE', #4207, #6461, #4860, .T. ) ;
#8510 = CARTESIAN_POINT ( 'NONE',  ( 1.119492392690749849, 0.09444883965335013065, 0.07258425826477107878 ) ) ;
#8511 = CARTESIAN_POINT ( 'NONE',  ( 0.7283464566928996575, 0.000000000000000000, 0.000000000000000000 ) ) ;
#8512 = CARTESIAN_POINT ( 'NONE',  ( 1.085087517243488842, 0.007359474030379268075, -0.1040168113720127269 ) ) ;
#8513 = CARTESIAN_POINT ( 'NONE',  ( 1.370916504655999901, 0.1028522961082999898, 0.02071063940797999992 ) ) ;
#8514 = CARTESIAN_POINT ( 'NONE',  ( 1.188320209974000008, 0.08864826967872008190, 0.05118110236220999726 ) ) ;
#8515 = CARTESIAN_POINT ( 'NONE',  ( 1.187773413128462074, 0.09311028869433582433, 0.04344303151610474922 ) ) ;
#8516 = EDGE_CURVE ( 'NONE', #411, #1480, #3090, .T. ) ;
#8517 = FACE_OUTER_BOUND ( 'NONE', #7232, .T. ) ;
#8518 = CARTESIAN_POINT ( 'NONE',  ( 1.247758018430000115, 0.08313401587962007677, 0.08760497366872992131 ) ) ;
#8519 = CARTESIAN_POINT ( 'NONE',  ( 1.322084256207999964, 0.000000000000000000, 0.1181102362205000006 ) ) ;
#8520 = CARTESIAN_POINT ( 'NONE',  ( 1.367726419625187262, -0.1084701114869108529, 0.04842845241293446124 ) ) ;
#8521 = CARTESIAN_POINT ( 'NONE',  ( 0.7322039756092009188, -0.1830767000919000242, -0.09084006758720000740 ) ) ;
#8522 = ORIENTED_EDGE ( 'NONE', *, *, #881, .F. ) ;
#8523 = EDGE_CURVE ( 'NONE', #5151, #1466, #7059, .T. ) ;
#8524 = EDGE_CURVE ( 'NONE', #99, #7533, #8739, .T. ) ;
#8525 = CARTESIAN_POINT ( 'NONE',  ( 1.315896649272793484, -0.07473209421361393101, -0.07364441874964820778 ) ) ;
#8526 = CARTESIAN_POINT ( 'NONE',  ( 0.7077880315441004155, 0.01574803149606000124, -0.1948489719560000111 ) ) ;
#8527 = VERTEX_POINT ( 'NONE', #9218 ) ;
#8528 = CARTESIAN_POINT ( 'NONE',  ( 1.011811089899000038, -0.09046570295565001252, -0.1614173806495000085 ) ) ;
#8529 = ORIENTED_EDGE ( 'NONE', *, *, #3383, .F. ) ;
#8530 = CIRCLE ( 'NONE', #9195, 0.1220472440945000042 ) ;
#8531 = CARTESIAN_POINT ( 'NONE',  ( 1.224235338361999936, -0.07543626803787992219, 0.07949323998367992250 ) ) ;
#8532 = CARTESIAN_POINT ( 'NONE',  ( 0.6104330708661004357, -0.2716535433071000094, -0.3543307086614000401 ) ) ;
#8533 = ORIENTED_EDGE ( 'NONE', *, *, #2451, .T. ) ;
#8534 = CARTESIAN_POINT ( 'NONE',  ( 1.211806485804000078, 0.07755271207417993584, -0.06982877559786003496 ) ) ;
#8535 = ORIENTED_EDGE ( 'NONE', *, *, #5577, .T. ) ;
#8536 = EDGE_CURVE ( 'NONE', #986, #6917, #7654, .T. ) ;
#8537 = ORIENTED_EDGE ( 'NONE', *, *, #4093, .F. ) ;
#8538 = EDGE_CURVE ( 'NONE', #99, #6120, #1439, .T. ) ;
#8539 = CARTESIAN_POINT ( 'NONE',  ( 1.204794229960749918, -0.01546059376766992927, 0.1181102362204999867 ) ) ;
#8540 = DIRECTION ( 'NONE',  ( 0.000000000000000000, -1.000000000000000000, 0.000000000000000000 ) ) ;
#8541 = DIRECTION ( 'NONE',  ( -1.000000000000000000, 0.000000000000000000, 0.000000000000000000 ) ) ;
#8542 = CARTESIAN_POINT ( 'NONE',  ( 1.190641347487999990, 0.06956180430292008277, 0.07598703421526004087 ) ) ;
#8543 = DIRECTION ( 'NONE',  ( 1.000000000000000000, 0.000000000000000000, 0.000000000000000000 ) ) ;
#8544 = CARTESIAN_POINT ( 'NONE',  ( 1.252718893398999889, 0.000000000000000000, 0.1181102362205000006 ) ) ;
#8545 = CARTESIAN_POINT ( 'NONE',  ( 1.341769295578000065, 0.000000000000000000, -0.1181102362205000006 ) ) ;
#8546 = AXIS2_PLACEMENT_3D ( 'NONE', #81, #7727, #3181 ) ;
#8547 = EDGE_LOOP ( 'NONE', ( #8845, #7285 ) ) ;
#8548 = CYLINDRICAL_SURFACE ( 'NONE', #4791, 0.2263779527559000304 ) ;
#8549 = CARTESIAN_POINT ( 'NONE',  ( 1.160485228140000213, -0.04940162107969999633, -0.09142238607305000486 ) ) ;
#8550 = CARTESIAN_POINT ( 'NONE',  ( 1.291020567149999909, -0.08144069092468997351, -0.07332952747900001178 ) ) ;
#8551 = ORIENTED_EDGE ( 'NONE', *, *, #5860, .T. ) ;
#8553 = CARTESIAN_POINT ( 'NONE',  ( 1.136019084228999887, 0.1008015731564999989, -0.02700970012306000076 ) ) ;
#8552 = CIRCLE ( 'NONE', #6644, 0.01181102362205000735 ) ;
#8554 = ORIENTED_EDGE ( 'NONE', *, *, #1644, .T. ) ;
#8555 = CARTESIAN_POINT ( 'NONE',  ( 1.176509186351999858, 0.08864826967872008190, 0.05118110236220999726 ) ) ;
#8556 = CARTESIAN_POINT ( 'NONE',  ( 1.088379020044000001, -0.09890783044617008912, -0.03213710222363000413 ) ) ;
#8557 = CARTESIAN_POINT ( 'NONE',  ( 1.339661150616499707, -0.1150361429136074615, 0.03091510445189059667 ) ) ;
#8558 = CARTESIAN_POINT ( 'NONE',  ( 1.322436741167750007, 0.1181102362204999728, 0.01546059376767032305 ) ) ;
#8559 = CIRCLE ( 'NONE', #4689, 0.1122047244094000057 ) ;
#8560 = FACE_OUTER_BOUND ( 'NONE', #9114, .T. ) ;
#8561 = CARTESIAN_POINT ( 'NONE',  ( 1.373326281558000073, 0.08756937829022991282, 0.05778523331519999640 ) ) ;
#8562 = CARTESIAN_POINT ( 'NONE',  ( 1.288057772192483075, -0.07755271207417993584, -0.06982877559786006272 ) ) ;
#8563 = ORIENTED_EDGE ( 'NONE', *, *, #499, .T. ) ;
#8564 = CARTESIAN_POINT ( 'NONE',  ( 1.182414727574364388, 0.09533529686965000471, -0.04244601067203000039 ) ) ;
#8565 = DIRECTION ( 'NONE',  ( 0.000000000000000000, 0.000000000000000000, 1.000000000000000000 ) ) ;
#8566 = DIRECTION ( 'NONE',  ( 0.000000000000000000, 0.000000000000000000, -1.000000000000000000 ) ) ;
#8567 = CARTESIAN_POINT ( 'NONE',  ( 0.8621294889232008485, 0.09248152693116004630, 0.1692160966522000265 ) ) ;
#8568 = CARTESIAN_POINT ( 'NONE',  ( 0.1415574779026000096, 0.2340847595123000391, 0.000000000000000000 ) ) ;
#8569 = CARTESIAN_POINT ( 'NONE',  ( 0.9645669291338997420, 0.000000000000000000, 0.000000000000000000 ) ) ;
#8570 = CARTESIAN_POINT ( 'NONE',  ( 0.8346456692912992414, 0.000000000000000000, 0.000000000000000000 ) ) ;
#8571 = DIRECTION ( 'NONE',  ( 0.000000000000000000, -1.000000000000000000, 0.000000000000000000 ) ) ;
#8572 = ORIENTED_EDGE ( 'NONE', *, *, #7549, .T. ) ;
#8573 = AXIS2_PLACEMENT_3D ( 'NONE', #3958, #48, #4755 ) ;
#8574 = B_SPLINE_SURFACE_WITH_KNOTS ( 'NONE', 3, 3, ( 
 ( #2488, #1736, #4821, #7909, #4070, #7152, #4975, #4171, #9715, #7298, #374, #5737, #3521, #4114, #4922, #1886, #1227, #8818, #8918, #432, #1939, #4265, #7202, #6441, #8051, #5869, #1982, #2597, #7350, #8967, #3368, #9524, #1180, #2755, #5683, #2807, #1079, #7405, #9618, #3415, #1129, #7253, #2030, #3464, #6537, #326, #1036, #8100, #277, #5828, #5117, #2706, #8766, #4315, #6486, #4219, #9571, #2650, #1836, #482, #5020, #3567, #5786, #6647, #8874, #8003, #6594 ),
 ( #9666, #5063, #8148, #9205, #9158, #6878, #9111, #6835, #530, #4412, #4458, #9864, #3813, #2277, #5171, #9907, #1334, #9069, #7646, #9020, #7550, #6013, #8347, #5964, #1283, #6696, #7452, #3048, #8255, #8302, #9757, #7500, #9954, #635, #2182, #4504, #2998, #5268, #2132, #3664, #5218, #7602, #1429, #2852, #582, #6065, #677, #3761, #2954, #6117, #1379, #2228, #8200, #5311, #3618, #8395, #2087, #1477, #4552, #6743, #3716, #725, #4362, #5918, #9810, #2899, #6793 ),
 ( #6270, #926, #6373, #6324, #4055, #9352, #4006, #7695, #1578, #1626, #7024, #974, #9448, #2323, #7089, #8490, #6213, #4805, #6164, #4700, #3197, #5504, #3143, #8441, #3859, #4600, #207, #5400, #5451, #6932, #4652, #7138, #7790, #2421, #1671, #156, #8582, #9303, #830, #2376, #4747, #7841, #10001, #7745, #3252, #9404, #2474, #97, #3299, #8534, #5553, #5352, #8637, #778, #1724, #9253, #7896, #1525, #3906, #876, #3091, #6979, #41, #3950, #1070, #420, #7990 ),
 ( #5004, #5612, #6426, #3400, #2743, #7238, #3508, #1926, #3455, #5776, #8695, #7946, #314, #7393, #6583, #4102, #8862, #472, #4858, #1021, #2693, #4257, #7186, #4302, #2580, #8908, #1117, #4911, #6474, #5669, #1219, #8804, #1871, #1825, #2527, #9609, #1768, #7337, #3557, #4204, #260, #5816, #4152, #2637, #8749, #9561, #3349, #1971, #6526, #5053, #5727, #8135, #4960, #9507, #8038, #8089, #1170, #6634, #9657, #7290, #364, #9146, #519, #9060, #7538, #9853, #7490 ) ),
 .UNSPECIFIED., .F., .F., .F.,
 ( 4, 4 ),
 ( 4, 1, 1, 1, 1, 1, 1, 1, 1, 1, 1, 1, 1, 1, 1, 1, 1, 1, 1, 1, 1, 1, 1, 1, 1, 1, 1, 1, 1, 1, 1, 1, 1, 1, 1, 1, 1, 1, 1, 1, 1, 1, 1, 1, 1, 1, 1, 1, 1, 1, 1, 1, 1, 1, 1, 1, 1, 1, 1, 1, 1, 1, 1, 1, 4 ),
 ( -0.03448593916368000029, 1.034485939164000001 ),
 ( -0.02000000000000000042, -0.003749999999999999861, 0.01250000000000000069, 0.02875000000000000125, 0.04499999999999999833, 0.06124999999999999889, 0.07749999999999999944, 0.09375000000000000000, 0.1100000000000000006, 0.1262500000000000011, 0.1424999999999999878, 0.1587500000000000022, 0.1749999999999999889, 0.1912500000000000033, 0.2074999999999999900, 0.2237500000000000044, 0.2399999999999999911, 0.2562499999999999778, 0.2725000000000000200, 0.2887500000000000067, 0.3049999999999999933, 0.3212499999999999800, 0.3375000000000000222, 0.3537500000000000089, 0.3699999999999999956, 0.3862499999999999822, 0.4025000000000000244, 0.4187500000000000111, 0.4349999999999999978, 0.4512499999999999845, 0.4675000000000000266, 0.4837500000000000133, 0.5000000000000000000, 0.5162499999999999867, 0.5324999999999999734, 0.5487499999999999600, 0.5649999999999999467, 0.5812500000000000444, 0.5975000000000000311, 0.6137500000000000178, 0.6300000000000000044, 0.6462499999999999911, 0.6624999999999999778, 0.6787499999999999645, 0.6949999999999999512, 0.7112500000000000488, 0.7275000000000000355, 0.7437500000000000222, 0.7600000000000000089, 0.7762499999999999956, 0.7924999999999999822, 0.8087499999999999689, 0.8249999999999999556, 0.8412500000000000533, 0.8575000000000000400, 0.8737500000000000266, 0.8900000000000000133, 0.9062500000000000000, 0.9224999999999999867, 0.9387499999999999734, 0.9549999999999999600, 0.9712499999999999467, 0.9875000000000000444, 1.003749999999999920, 1.020000000000000018 ),
 .UNSPECIFIED. ) ;
#8575 = DIRECTION ( 'NONE',  ( 0.000000000000000000, 0.000000000000000000, -1.000000000000000000 ) ) ;
#8576 = ORIENTED_EDGE ( 'NONE', *, *, #7621, .F. ) ;
#8577 = CARTESIAN_POINT ( 'NONE',  ( 1.179451873794999939, 0.01145519599787000152, 0.1089889259845999991 ) ) ;
#8578 = EDGE_CURVE ( 'NONE', #191, #5201, #9261, .T. ) ;
#8579 = ADVANCED_FACE ( 'NONE', ( #7612 ), #5364, .F. ) ;
#8580 = DIRECTION ( 'NONE',  ( 1.000000000000000000, 0.000000000000000000, 0.000000000000000000 ) ) ;
#8581 = ORIENTED_EDGE ( 'NONE', *, *, #1588, .F. ) ;
#8582 = CARTESIAN_POINT ( 'NONE',  ( 1.239529582916999884, -0.08897936835737992045, -0.05452662705760000228 ) ) ;
#8583 = ORIENTED_EDGE ( 'NONE', *, *, #3612, .F. ) ;
#8584 = ADVANCED_FACE ( 'NONE', ( #5410 ), #2240, .T. ) ;
#8585 = EDGE_CURVE ( 'NONE', #570, #6623, #7754, .T. ) ;
#8586 = CARTESIAN_POINT ( 'NONE',  ( 1.373937252921999974, 0.08726761051395000302, 0.05758610296050999805 ) ) ;
#8587 = DIRECTION ( 'NONE',  ( -1.000000000000000000, 0.000000000000000000, 0.000000000000000000 ) ) ;
#8588 = DIRECTION ( 'NONE',  ( 1.000000000000000000, 0.000000000000000000, 0.000000000000000000 ) ) ;
#8589 = DIRECTION ( 'NONE',  ( 1.000000000000000000, 0.000000000000000000, 0.000000000000000000 ) ) ;
#8590 = CARTESIAN_POINT ( 'NONE',  ( 0.6104330708661004357, 0.3740157480314960647, -0.5314960629921000601 ) ) ;
#8591 = ORIENTED_EDGE ( 'NONE', *, *, #5721, .T. ) ;
#8592 = CARTESIAN_POINT ( 'NONE',  ( 1.182822012405000178, 0.09533529686965000471, -0.04244601067203000039 ) ) ;
#8593 = CARTESIAN_POINT ( 'NONE',  ( 1.134608657178000080, 0.000000000000000000, 0.1181102362205000006 ) ) ;
#8594 = EDGE_CURVE ( 'NONE', #3033, #5634, #6335, .T. ) ;
#8595 = CARTESIAN_POINT ( 'NONE',  ( 1.129508364110999974, -0.09171112839325000488, -0.04979507988139000169 ) ) ;
#8596 = DIRECTION ( 'NONE',  ( 1.000000000000000000, 0.000000000000000000, 0.000000000000000000 ) ) ;
#8597 = CARTESIAN_POINT ( 'NONE',  ( 0.6102362204723996708, 0.3740157480314960647, 0.5314960629921000601 ) ) ;
#8598 = CARTESIAN_POINT ( 'NONE',  ( 1.145271386836749894, -0.1181102362205000006, -0.01546059376767004723 ) ) ;
#8599 = EDGE_CURVE ( 'NONE', #2691, #2293, #1138, .T. ) ;
#8600 = CARTESIAN_POINT ( 'NONE',  ( 0.5841804246273000212, 0.01574803149606000124, -0.1545109335357000291 ) ) ;
#8601 = CARTESIAN_POINT ( 'NONE',  ( 1.089469327375000018, 0.06986346628901003719, -0.07692638636358996307 ) ) ;
#8602 = CARTESIAN_POINT ( 'NONE',  ( 1.292119177524999829, -0.01626884762265000048, -0.1027174613195000058 ) ) ;
#8603 = CARTESIAN_POINT ( 'NONE',  ( 1.080572890003000053, -0.09924984962000001076, -0.03224823098968999935 ) ) ;
#8604 = CARTESIAN_POINT ( 'NONE',  ( 1.057716407940000103, -0.04494897825198999886, -0.1150908837313999872 ) ) ;
#8605 = CARTESIAN_POINT ( 'NONE',  ( 1.190030376124999956, 0.06932209138718996300, 0.07572517968587991199 ) ) ;
#8606 = FACE_BOUND ( 'NONE', #3393, .T. ) ;
#8607 = EDGE_CURVE ( 'NONE', #4145, #6448, #335, .T. ) ;
#8608 = EDGE_CURVE ( 'NONE', #8031, #9007, #5513, .T. ) ;
#8609 = DIRECTION ( 'NONE',  ( 0.000000000000000000, 0.000000000000000000, 1.000000000000000000 ) ) ;
#8610 = CARTESIAN_POINT ( 'NONE',  ( 0.5841804246273000212, 0.1259363778563000191, 0.09089366210302991800 ) ) ;
#8611 = AXIS2_PLACEMENT_3D ( 'NONE', #2097, #9724, #4984 ) ;
#8612 = CARTESIAN_POINT ( 'NONE',  ( 1.213418664581482620, -0.01901763795381000363, -0.1026099921947999927 ) ) ;
#8613 = CYLINDRICAL_SURFACE ( 'NONE', #1997, 0.1181102362205000006 ) ;
#8614 = CARTESIAN_POINT ( 'NONE',  ( 1.185312847712000073, 0.01576391996616999941, -0.1197388608851000097 ) ) ;
#8615 = CARTESIAN_POINT ( 'NONE',  ( 0.7280600717204999128, 0.01516969372517000189, 0.2015020754713999773 ) ) ;
#8616 = CIRCLE ( 'NONE', #3806, 0.09842519685038997324 ) ;
#8617 = AXIS2_PLACEMENT_3D ( 'NONE', #4561, #735, #3821 ) ;
#8618 = CARTESIAN_POINT ( 'NONE',  ( 1.375649856336000232, -8.149059734966004353E-12, -0.1086021121677999968 ) ) ;
#8619 = EDGE_LOOP ( 'NONE', ( #9302, #1876 ) ) ;
#8620 = DIRECTION ( 'NONE',  ( -0.7071067811864976127, -9.969344406729962591E-11, -0.7071067811865975328 ) ) ;
#8621 = ORIENTED_EDGE ( 'NONE', *, *, #4239, .T. ) ;
#8622 = CARTESIAN_POINT ( 'NONE',  ( 0.5511811023621999706, 0.000000000000000000, 0.000000000000000000 ) ) ;
#8623 = CARTESIAN_POINT ( 'NONE',  ( 0.5841804246273000212, 0.01574803149606000124, -0.1545109335357000291 ) ) ;
#8624 = ORIENTED_EDGE ( 'NONE', *, *, #1358, .T. ) ;
#8625 = AXIS2_PLACEMENT_3D ( 'NONE', #8953, #2942, #7535 ) ;
#8626 = B_SPLINE_CURVE_WITH_KNOTS ( 'NONE', 3,
 ( #7196, #1830, #110, #7096 ),
 .UNSPECIFIED., .F., .F.,
 ( 4, 4 ),
 ( 0.000000000000000000, 1.000000000000000000 ),
 .UNSPECIFIED. ) ;
#8627 = CARTESIAN_POINT ( 'NONE',  ( 0.7362204724408996093, 0.004479479497588000070, 0.1574175286396999884 ) ) ;
#8628 = ORIENTED_EDGE ( 'NONE', *, *, #9050, .T. ) ;
#8629 = ORIENTED_EDGE ( 'NONE', *, *, #208, .T. ) ;
#8630 = ORIENTED_EDGE ( 'NONE', *, *, #331, .T. ) ;
#8631 = ORIENTED_EDGE ( 'NONE', *, *, #8370, .T. ) ;
#8632 = EDGE_CURVE ( 'NONE', #6516, #9296, #4108, .T. ) ;
#8633 = ORIENTED_EDGE ( 'NONE', *, *, #1460, .T. ) ;
#8634 = CARTESIAN_POINT ( 'NONE',  ( 0.5787401574803000548, 0.000000000000000000, 0.000000000000000000 ) ) ;
#8635 = ORIENTED_EDGE ( 'NONE', *, *, #1802, .F. ) ;
#8636 = EDGE_CURVE ( 'NONE', #9400, #6623, #3885, .T. ) ;
#8637 = CARTESIAN_POINT ( 'NONE',  ( 1.205408848008999945, -0.01901763795381000016, -0.1026099921947999927 ) ) ;
#8638 = VECTOR ( 'NONE', #8433, 39.37007874015748854 ) ;
#8639 = CARTESIAN_POINT ( 'NONE',  ( 1.359037069122238872, -0.09179331871126004960, 0.05080858986628999929 ) ) ;
#8640 = FACE_OUTER_BOUND ( 'NONE', #3130, .T. ) ;
#8641 = ORIENTED_EDGE ( 'NONE', *, *, #9173, .T. ) ;
#8642 = CARTESIAN_POINT ( 'NONE',  ( -0.01636863887313999913, 0.000000000000000000, 0.000000000000000000 ) ) ;
#8643 = CARTESIAN_POINT ( 'NONE',  ( 1.219090284474541486, -0.09444883965335044984, 0.07258425826477060694 ) ) ;
#8644 = VERTEX_POINT ( 'NONE', #1074 ) ;
#8645 = CIRCLE ( 'NONE', #9147, 0.1574803149606000263 ) ;
#8646 = CARTESIAN_POINT ( 'NONE',  ( 1.176424374610000045, 0.01362138275840000211, -0.1034646749458000003 ) ) ;
#8647 = CARTESIAN_POINT ( 'NONE',  ( 0.7244094488188976833, -0.01574803149606000124, -0.1536382109453000022 ) ) ;
#8648 = CARTESIAN_POINT ( 'NONE',  ( 1.161496553087000061, -0.08110098452177008643, 0.06567428234212992211 ) ) ;
#8649 = ADVANCED_FACE ( 'NONE', ( #3307 ), #6435, .F. ) ;
#8650 = CARTESIAN_POINT ( 'NONE',  ( -0.007874015748031005027, 0.000000000000000000, -0.2592016018472000360 ) ) ;
#8651 = DIRECTION ( 'NONE',  ( 0.000000000000000000, -0.8660254037844288266, 0.5000000000000169864 ) ) ;
#8652 = CARTESIAN_POINT ( 'NONE',  ( 0.5393700787402000429, 0.000000000000000000, 0.000000000000000000 ) ) ;
#8653 = CARTESIAN_POINT ( 'NONE',  ( 1.140350126994250202, -0.09444883965335044984, 0.07258425826477060694 ) ) ;
#8654 = ORIENTED_EDGE ( 'NONE', *, *, #8713, .F. ) ;
#8655 = CARTESIAN_POINT ( 'NONE',  ( 1.011811083030000002, -0.09046570508707006686, 0.1614166136835000209 ) ) ;
#8656 = CIRCLE ( 'NONE', #8360, 0.003937007874015997777 ) ;
#8657 = CARTESIAN_POINT ( 'NONE',  ( 1.074848406629000053, -0.1038829795084000168, 0.002626672674816999623 ) ) ;
#8658 = B_SPLINE_CURVE_WITH_KNOTS ( 'NONE', 3,
 ( #1975, #5865, #5111, #7343, #5730, #1123, #9660, #5010, #8094, #4260, #3659, #2747, #5820, #5056, #8143, #8248, #1223, #8195 ),
 .UNSPECIFIED., .F., .F.,
 ( 4, 2, 2, 2, 2, 2, 2, 2, 4 ),
 ( 0.000000000000000000, 0.1249999999999999445, 0.2499999999999998890, 0.3749999999999999445, 0.5000000000000000000, 0.6250000000000000000, 0.7500000000000001110, 0.8750000000000000000, 1.000000000000000000 ),
 .UNSPECIFIED. ) ;
#8659 = CARTESIAN_POINT ( 'NONE',  ( 1.207851275811000047, -0.1095517057267000050, -0.002868712385265000282 ) ) ;
#8660 = ADVANCED_FACE ( 'NONE', ( #3408 ), #6133, .T. ) ;
#8661 = EDGE_CURVE ( 'NONE', #1465, #8256, #2643, .T. ) ;
#8662 = CARTESIAN_POINT ( 'NONE',  ( 1.121091262706999991, -0.09171112839325000488, -0.04979507988139000169 ) ) ;
#8663 = FACE_OUTER_BOUND ( 'NONE', #5050, .T. ) ;
#8664 = EDGE_LOOP ( 'NONE', ( #8119, #8684, #4701, #6790 ) ) ;
#8665 = AXIS2_PLACEMENT_3D ( 'NONE', #1433, #4507, #9911 ) ;
#8666 = CIRCLE ( 'NONE', #9003, 0.1574803149606000263 ) ;
#8667 = CARTESIAN_POINT ( 'NONE',  ( 1.054549926451000097, -0.04295376099054000474, -0.1099821732159000087 ) ) ;
#8668 = CARTESIAN_POINT ( 'NONE',  ( 1.380310036457825351, 0.1005595250172069549, -0.02580799029887884122 ) ) ;
#8669 = CARTESIAN_POINT ( 'NONE',  ( 1.116102117157000029, -0.002722346275402999938, 0.1039622099305999997 ) ) ;
#8670 = CARTESIAN_POINT ( 'NONE',  ( 1.085863783766999990, 0.000000000000000000, 0.1181102362205000006 ) ) ;
#8671 = CARTESIAN_POINT ( 'NONE',  ( 0.7285187645193996753, -0.1671347944570999999, 0.1138396349152000081 ) ) ;
#8672 = CARTESIAN_POINT ( 'NONE',  ( 1.216316784720000044, -0.1127504526622000042, -0.04328084370751000831 ) ) ;
#8673 = CIRCLE ( 'NONE', #9955, 0.2133049650658001284 ) ;
#8674 = AXIS2_PLACEMENT_3D ( 'NONE', #9259, #1533, #7702 ) ;
#8675 = VECTOR ( 'NONE', #4193, 39.37007874015748143 ) ;
#8676 = CARTESIAN_POINT ( 'NONE',  ( 1.207021026785482398, -0.09742608914478996518, -0.03739837169384001292 ) ) ;
#8677 = CARTESIAN_POINT ( 'NONE',  ( 1.057633469694873485, 0.008932373044980099902, -0.1023573914346601887 ) ) ;
#8678 = CARTESIAN_POINT ( 'NONE',  ( 1.345632759853827798, 0.06949349547627806101, -0.09805843214458771773 ) ) ;
#8679 = ORIENTED_EDGE ( 'NONE', *, *, #8112, .F. ) ;
#8680 = CARTESIAN_POINT ( 'NONE',  ( 1.170385026190000177, -0.09385753648172007191, 0.07600433443792008192 ) ) ;
#8681 = CARTESIAN_POINT ( 'NONE',  ( 1.050921258579000206, 0.0007450085666821003533, -0.1020445245444999982 ) ) ;
#8682 = VECTOR ( 'NONE', #5601, 39.37007874015748143 ) ;
#8683 = DIRECTION ( 'NONE',  ( 0.000000000000000000, -0.8660254037844288266, 0.5000000000000169864 ) ) ;
#8684 = ORIENTED_EDGE ( 'NONE', *, *, #659, .F. ) ;
#8685 = CARTESIAN_POINT ( 'NONE',  ( 0.9842519685038996213, -0.09399477469537993735, 0.1751968503937007815 ) ) ;
#8686 = DIRECTION ( 'NONE',  ( -1.000000000000000000, -2.768603955950000258E-10, 2.721806269998000459E-10 ) ) ;
#8687 = CARTESIAN_POINT ( 'NONE',  ( 0.7244094488188976833, 0.01574803149606000124, -0.2002676082188999951 ) ) ;
#8688 = ORIENTED_EDGE ( 'NONE', *, *, #1046, .T. ) ;
#8689 = CARTESIAN_POINT ( 'NONE',  ( 0.7322749853665000419, 0.01280303776683000029, 0.1559425237063000180 ) ) ;
#8690 = ORIENTED_EDGE ( 'NONE', *, *, #2181, .F. ) ;
#8691 = VERTEX_POINT ( 'NONE', #936 ) ;
#8692 = ORIENTED_EDGE ( 'NONE', *, *, #6651, .F. ) ;
#8693 = CARTESIAN_POINT ( 'NONE',  ( 1.056324186090684014, -0.01245680991413343312, -0.1076101671003485000 ) ) ;
#8694 = EDGE_LOOP ( 'NONE', ( #1221, #7191 ) ) ;
#8695 = CARTESIAN_POINT ( 'NONE',  ( 1.290767226440000082, 0.1043217069378999939, -0.002731760046629999519 ) ) ;
#8696 = CARTESIAN_POINT ( 'NONE',  ( 0.5802225316246999443, -0.01574803149606000124, 0.1516615877783000221 ) ) ;
#8697 = EDGE_LOOP ( 'NONE', ( #1163, #6160 ) ) ;
#8698 = ORIENTED_EDGE ( 'NONE', *, *, #4525, .T. ) ;
#8699 = CARTESIAN_POINT ( 'NONE',  ( 1.332971045571999857, 0.09896240138836004396, 0.03373774136508000260 ) ) ;
#8700 = CONICAL_SURFACE ( 'NONE', #5638, 0.1786918365619999949, 0.3142318990842197790 ) ;
#8701 = CARTESIAN_POINT ( 'NONE',  ( 0.7244094488188976833, 0.1251805779226000115, -0.09045730080782006521 ) ) ;
#8702 = CARTESIAN_POINT ( 'NONE',  ( 1.005904856508999856, -6.792578432094999076E-07, 1.159127081727000044E-06 ) ) ;
#8703 = ORIENTED_EDGE ( 'NONE', *, *, #9419, .T. ) ;
#8704 = CARTESIAN_POINT ( 'NONE',  ( 0.5787401574803000548, -0.01574803149606000124, -0.1469816999198000074 ) ) ;
#8705 = DIRECTION ( 'NONE',  ( 1.000000000000000000, 0.000000000000000000, 0.000000000000000000 ) ) ;
#8706 = CARTESIAN_POINT ( 'NONE',  ( 1.157231461224000002, -0.02169713754582000206, 0.1020770065874999910 ) ) ;
#8707 = CARTESIAN_POINT ( 'NONE',  ( 0.7280600717204999128, 0.000000000000000000, 0.000000000000000000 ) ) ;
#8708 = CARTESIAN_POINT ( 'NONE',  ( 0.8661417266193996989, -0.09349875928108997147, 0.1732283514409999892 ) ) ;
#8709 = DIRECTION ( 'NONE',  ( 0.000000000000000000, -1.000000000000000000, 0.000000000000000000 ) ) ;
#8710 = EDGE_LOOP ( 'NONE', ( #7639, #2219, #6517, #2430 ) ) ;
#8711 = CARTESIAN_POINT ( 'NONE',  ( 0.5795727200239999544, -0.01574803149606000124, -0.1505976639562000008 ) ) ;
#8712 = CARTESIAN_POINT ( 'NONE',  ( 1.045606565136999899, 0.002072583963708000358, -0.1019884031391000007 ) ) ;
#8713 = EDGE_CURVE ( 'NONE', #3876, #7908, #3263, .T. ) ;
#8714 = CARTESIAN_POINT ( 'NONE',  ( 1.321263971924999892, -0.1002409750077000034, 0.02217210234184000331 ) ) ;
#8715 = CARTESIAN_POINT ( 'NONE',  ( 1.046452155095000114, -0.04163445952744000006, -0.09351252716027008693 ) ) ;
#8716 = FACE_OUTER_BOUND ( 'NONE', #726, .T. ) ;
#8717 = ORIENTED_EDGE ( 'NONE', *, *, #8104, .T. ) ;
#8718 = VECTOR ( 'NONE', #9285, 39.37007874015748854 ) ;
#8719 = CARTESIAN_POINT ( 'NONE',  ( 0.8581925573916004968, 0.09147023404577991901, -0.1652791724056000000 ) ) ;
#8720 = CARTESIAN_POINT ( 'NONE',  ( 1.381889763779999836, 0.1023622047244000105, 0.000000000000000000 ) ) ;
#8721 = CARTESIAN_POINT ( 'NONE',  ( 1.101174295635000133, 0.07353758312217006932, -0.07353758312217006932 ) ) ;
#8722 = CARTESIAN_POINT ( 'NONE',  ( 1.079302103976999661, 0.1032031167347786799, 0.05948255673673467914 ) ) ;
#8723 = EDGE_CURVE ( 'NONE', #2576, #2789, #497, .T. ) ;
#8724 = CARTESIAN_POINT ( 'NONE',  ( 0.6561202481738996894, 0.000000000000000000, 0.000000000000000000 ) ) ;
#8725 = CARTESIAN_POINT ( 'NONE',  ( 1.231244606241999939, 0.1115788554892000045, -0.04621747521769000583 ) ) ;
#8726 = AXIS2_PLACEMENT_3D ( 'NONE', #2320, #774, #8575 ) ;
#8727 = EDGE_CURVE ( 'NONE', #3812, #6579, #8878, .T. ) ;
#8728 = CARTESIAN_POINT ( 'NONE',  ( 1.302985593715388690, 0.1043217069379000495, -0.002731760046629999519 ) ) ;
#8729 = CARTESIAN_POINT ( 'NONE',  ( 1.126968533348364110, -0.1030726540388999940, -0.01632510462271000162 ) ) ;
#8730 = CARTESIAN_POINT ( 'NONE',  ( 0.7358047452202992611, 0.1397424156649000049, -0.07238299275297992164 ) ) ;
#8731 = CARTESIAN_POINT ( 'NONE',  ( 1.119203923826999958, 0.1012879913569000034, 0.06577719068688996085 ) ) ;
#8732 = DIRECTION ( 'NONE',  ( -1.000000000000000000, 0.000000000000000000, 0.000000000000000000 ) ) ;
#8733 = AXIS2_PLACEMENT_3D ( 'NONE', #8165, #4429, #6033 ) ;
#8734 = ADVANCED_FACE ( 'NONE', ( #1731 ), #7953, .F. ) ;
#8735 = CARTESIAN_POINT ( 'NONE',  ( 0.6102362204723996708, -0.5314960629921000601, 0.3740157480314960647 ) ) ;
#8736 = ORIENTED_EDGE ( 'NONE', *, *, #3479, .T. ) ;
#8737 = CARTESIAN_POINT ( 'NONE',  ( 0.8556108305817993198, -0.09079983126819998751, 0.1626974554718999821 ) ) ;
#8738 = CARTESIAN_POINT ( 'NONE',  ( 1.371493272247000350, -0.01603268188042999975, -0.1036845180112000026 ) ) ;
#8739 = CIRCLE ( 'NONE', #520, 0.2750715554070999880 ) ;
#8740 = ORIENTED_EDGE ( 'NONE', *, *, #4453, .T. ) ;
#8741 = CARTESIAN_POINT ( 'NONE',  ( 1.329628792593999798, -0.1110645001149000166, 0.04685875881929000425 ) ) ;
#8742 = ORIENTED_EDGE ( 'NONE', *, *, #3117, .F. ) ;
#8743 = ORIENTED_EDGE ( 'NONE', *, *, #4162, .F. ) ;
#8744 = ORIENTED_EDGE ( 'NONE', *, *, #3456, .T. ) ;
#8745 = ORIENTED_EDGE ( 'NONE', *, *, #7574, .T. ) ;
#8746 = CARTESIAN_POINT ( 'NONE',  ( 0.6383554657432991553, -0.01574803149606000124, -0.1313765550624000078 ) ) ;
#8747 = ORIENTED_EDGE ( 'NONE', *, *, #4213, .F. ) ;
#8748 = CYLINDRICAL_SURFACE ( 'NONE', #5760, 0.1023622047244000105 ) ;
#8749 = CARTESIAN_POINT ( 'NONE',  ( 1.218260664761000145, 0.05910872053913996532, 0.08600372205772992273 ) ) ;
#8750 = EDGE_LOOP ( 'NONE', ( #8183, #1319 ) ) ;
#8751 = CARTESIAN_POINT ( 'NONE',  ( 1.342168630802238027, 0.1047521445240000154, -0.005874894136676999876 ) ) ;
#8752 = EDGE_LOOP ( 'NONE', ( #9564, #9399, #2338, #4198, #1112 ) ) ;
#8753 = CIRCLE ( 'NONE', #7631, 0.1988188976378000294 ) ;
#8754 = ORIENTED_EDGE ( 'NONE', *, *, #5503, .F. ) ;
#8755 = DIRECTION ( 'NONE',  ( 1.000000000000000000, 0.000000000000000000, 0.000000000000000000 ) ) ;
#8756 = CARTESIAN_POINT ( 'NONE',  ( 1.149974859235000091, -0.1056114296772000111, -0.04573822894972000286 ) ) ;
#8757 = DIRECTION ( 'NONE',  ( 1.000000000000000000, 0.000000000000000000, 0.000000000000000000 ) ) ;
#8758 = ORIENTED_EDGE ( 'NONE', *, *, #1798, .T. ) ;
#8759 = DIRECTION ( 'NONE',  ( 0.000000000000000000, 0.000000000000000000, 1.000000000000000000 ) ) ;
#8760 = DIRECTION ( 'NONE',  ( 0.000000000000000000, 0.000000000000000000, -1.000000000000000000 ) ) ;
#8761 = VERTEX_POINT ( 'NONE', #6278 ) ;
#8762 = CARTESIAN_POINT ( 'NONE',  ( 1.123110726315999841, -0.09037621804803996906, 0.05217873381838000063 ) ) ;
#8763 = CARTESIAN_POINT ( 'NONE',  ( 0.6104330708661004357, 0.3543307086614000401, 0.3543307086614000401 ) ) ;
#8764 = CARTESIAN_POINT ( 'NONE',  ( 1.322084256207999964, 0.000000000000000000, 0.1181102362205000006 ) ) ;
#8765 = ORIENTED_EDGE ( 'NONE', *, *, #256, .F. ) ;
#8766 = CARTESIAN_POINT ( 'NONE',  ( 1.213825949413000149, -0.01901763795381000016, -0.1026099921947999927 ) ) ;
#8767 = CARTESIAN_POINT ( 'NONE',  ( 1.081114515519999930, -0.05833620054066999960, -0.08599686359022008786 ) ) ;
#8768 = CARTESIAN_POINT ( 'NONE',  ( 1.223877707707999862, 0.1038553219600999999, -0.005442826790652000035 ) ) ;
#8769 = CARTESIAN_POINT ( 'NONE',  ( 0.6751361352972008456, 0.1516492789452000001, -0.1057390124683000032 ) ) ;
#8770 = CARTESIAN_POINT ( 'NONE',  ( 1.112561078980000007, -0.06777475368537008715, 0.07935404094590001178 ) ) ;
#8771 = ORIENTED_EDGE ( 'NONE', *, *, #8370, .F. ) ;
#8772 = CARTESIAN_POINT ( 'NONE',  ( 1.061675814860999933, -0.02974745120770999618, -0.1210549131264000017 ) ) ;
#8773 = CARTESIAN_POINT ( 'NONE',  ( 1.065954950351999830, 0.08865958063493996344, -0.06441495373179999262 ) ) ;
#8774 = CARTESIAN_POINT ( 'NONE',  ( 1.248522808796391770, 0.08898059278947241524, -0.05452737739054461935 ) ) ;
#8775 = CARTESIAN_POINT ( 'NONE',  ( 0.5511811023621999706, 0.000000000000000000, 0.000000000000000000 ) ) ;
#8776 = CARTESIAN_POINT ( 'NONE',  ( 1.280293162673000085, 0.04912243157563000312, 0.1103307877425000055 ) ) ;
#8777 = EDGE_CURVE ( 'NONE', #5450, #7847, #6627, .T. ) ;
#8778 = CARTESIAN_POINT ( 'NONE',  ( 1.150426538597364434, 0.07569823244745001178, 0.07183494035557008717 ) ) ;
#8779 = CARTESIAN_POINT ( 'NONE',  ( 0.8661417314172992210, 0.09349875700218997221, -0.1732283472187000350 ) ) ;
#8780 = CARTESIAN_POINT ( 'NONE',  ( 1.146927020939999986, 0.03430112475518000414, -0.1157986565047000038 ) ) ;
#8781 = DIRECTION ( 'NONE',  ( 0.000000000000000000, -0.8660254037844288266, -0.5000000000000169864 ) ) ;
#8782 = EDGE_CURVE ( 'NONE', #1317, #7491, #9363, .T. ) ;
#8783 = CARTESIAN_POINT ( 'NONE',  ( 0.5787401574803000548, 0.000000000000000000, -0.1535433070865999949 ) ) ;
#8784 = ORIENTED_EDGE ( 'NONE', *, *, #9102, .F. ) ;
#8785 = LINE ( 'NONE', #1008, #9481 ) ;
#8786 = CIRCLE ( 'NONE', #9266, 0.1122047244094000057 ) ;
#8787 = B_SPLINE_CURVE_WITH_KNOTS ( 'NONE', 3,
 ( #641, #5363, #6173, #7562, #50, #8358 ),
 .UNSPECIFIED., .F., .F.,
 ( 4, 1, 1, 4 ),
 ( 0.000000000000000000, 0.3333333333333000081, 0.6666666666667000474, 1.000000000000000000 ),
 .UNSPECIFIED. ) ;
#8788 = DIRECTION ( 'NONE',  ( -1.000000000000000000, 0.000000000000000000, 0.000000000000000000 ) ) ;
#8789 = DIRECTION ( 'NONE',  ( 0.000000000000000000, -1.000000000000000000, 0.000000000000000000 ) ) ;
#8790 = ADVANCED_FACE ( 'NONE', ( #7853 ), #5006, .F. ) ;
#8791 = EDGE_CURVE ( 'NONE', #358, #5769, #985, .T. ) ;
#8792 = CARTESIAN_POINT ( 'NONE',  ( 1.341784304405000183, -0.003628691158063000050, -0.1204903603583000055 ) ) ;
#8793 = ORIENTED_EDGE ( 'NONE', *, *, #1278, .T. ) ;
#8794 = VERTEX_POINT ( 'NONE', #7903 ) ;
#8795 = EDGE_LOOP ( 'NONE', ( #2768, #6468, #6216, #7184, #8533 ) ) ;
#8796 = ORIENTED_EDGE ( 'NONE', *, *, #7872, .F. ) ;
#8797 = ORIENTED_EDGE ( 'NONE', *, *, #3576, .T. ) ;
#8798 = CONICAL_SURFACE ( 'NONE', #4436, 0.1633858267431000100, 0.7853981633972997312 ) ;
#8799 = ORIENTED_EDGE ( 'NONE', *, *, #3383, .T. ) ;
#8800 = CARTESIAN_POINT ( 'NONE',  ( 0.3149606299213000282, 0.000000000000000000, 0.000000000000000000 ) ) ;
#8801 = VERTEX_POINT ( 'NONE', #2536 ) ;
#8802 = ADVANCED_FACE ( 'NONE', ( #4261 ), #2103, .F. ) ;
#8803 = CARTESIAN_POINT ( 'NONE',  ( 0.6104330708661004357, -0.3543307086614000401, 0.3543307086614000401 ) ) ;
#8804 = CARTESIAN_POINT ( 'NONE',  ( 1.245983761873000306, 0.06567428234212992211, -0.08110098452177991191 ) ) ;
#8805 = CARTESIAN_POINT ( 'NONE',  ( 1.374833620652999855, -0.01916271733089000215, 0.1142010825310000033 ) ) ;
#8806 = ORIENTED_EDGE ( 'NONE', *, *, #6761, .F. ) ;
#8807 = CARTESIAN_POINT ( 'NONE',  ( 1.095668582179999850, 0.04526520725495000036, 0.1058150304919000112 ) ) ;
#8808 = VERTEX_POINT ( 'NONE', #4210 ) ;
#8809 = DIRECTION ( 'NONE',  ( 1.000000000000000000, 0.000000000000000000, 0.000000000000000000 ) ) ;
#8810 = ORIENTED_EDGE ( 'NONE', *, *, #5457, .T. ) ;
#8811 = CARTESIAN_POINT ( 'NONE',  ( 1.097520175134000020, 0.01090832572257000033, -0.1037857865099000160 ) ) ;
#8812 = CARTESIAN_POINT ( 'NONE',  ( 1.261522554759000103, 0.008159577064293996665, 0.1036772567394999983 ) ) ;
#8813 = CIRCLE ( 'NONE', #6553, 0.2263779527559000304 ) ;
#8814 = CARTESIAN_POINT ( 'NONE',  ( 0.9107611780419343495, -0.09349877294170315378, 0.1732283464567000442 ) ) ;
#8815 = FACE_OUTER_BOUND ( 'NONE', #6288, .T. ) ;
#8816 = ORIENTED_EDGE ( 'NONE', *, *, #5630, .F. ) ;
#8817 = ORIENTED_EDGE ( 'NONE', *, *, #2798, .F. ) ;
#8818 = CARTESIAN_POINT ( 'NONE',  ( 1.288465057024000160, -0.07755271207417993584, -0.06982877559786003496 ) ) ;
#8819 = CARTESIAN_POINT ( 'NONE',  ( 1.134343014051000020, 0.09334226838912991486, 0.05725532621902999775 ) ) ;
#8820 = CARTESIAN_POINT ( 'NONE',  ( 1.217480069912999951, 0.04962348393291000220, -0.09139508797118996164 ) ) ;
#8821 = VECTOR ( 'NONE', #2793, 39.37007874015748143 ) ;
#8822 = CARTESIAN_POINT ( 'NONE',  ( 0.7322726316473996411, -0.1286469290627000051, -0.08906046700717991371 ) ) ;
#8823 = CARTESIAN_POINT ( 'NONE',  ( 1.148870900981000087, -0.08110098452177008643, 0.06567428234212992211 ) ) ;
#8824 = DIRECTION ( 'NONE',  ( 1.000000000000000000, 0.000000000000000000, 0.000000000000000000 ) ) ;
#8825 = EDGE_LOOP ( 'NONE', ( #2960, #1478, #8290, #9556 ) ) ;
#8826 = CARTESIAN_POINT ( 'NONE',  ( 1.065635221783000075, -0.01404826450774999957, -0.1237131957005000032 ) ) ;
#8827 = CARTESIAN_POINT ( 'NONE',  ( 0.6104330708661004357, 0.4370078740156999597, -0.3543307086614000401 ) ) ;
#8828 = CARTESIAN_POINT ( 'NONE',  ( 1.269848268114329937, -0.1000613763620298302, 0.02963953000291062387 ) ) ;
#8829 = AXIS2_PLACEMENT_3D ( 'NONE', #6788, #9011, #9855 ) ;
#8830 = AXIS2_PLACEMENT_3D ( 'NONE', #8088, #1169, #4256 ) ;
#8831 = FACE_OUTER_BOUND ( 'NONE', #1531, .T. ) ;
#8832 = CARTESIAN_POINT ( 'NONE',  ( 1.267497887081999952, 0.07600433443792992128, -0.09385753648173995878 ) ) ;
#8833 = CARTESIAN_POINT ( 'NONE',  ( 1.381889763779999836, -0.02143695791459711286, 0.1006647016028071051 ) ) ;
#8834 = CARTESIAN_POINT ( 'NONE',  ( 0.6383554654468995837, 0.1216494498272999991, 0.05205008215762999685 ) ) ;
#8835 = CIRCLE ( 'NONE', #7543, 0.1574803149606000263 ) ;
#8836 = AXIS2_PLACEMENT_3D ( 'NONE', #8277, #7370, #1251 ) ;
#8837 = CARTESIAN_POINT ( 'NONE',  ( 1.101377982167364378, 0.07379187303341003257, -0.07379187303341003257 ) ) ;
#8838 = CARTESIAN_POINT ( 'NONE',  ( 0.6104330708661004357, -0.3543307086614000401, 0.3543307086614000401 ) ) ;
#8839 = CARTESIAN_POINT ( 'NONE',  ( 1.117071377896000195, 0.1174351406348000115, 0.02819368283599999955 ) ) ;
#8840 = DIRECTION ( 'NONE',  ( 1.000000000000000000, 0.000000000000000000, 0.000000000000000000 ) ) ;
#8841 = ORIENTED_EDGE ( 'NONE', *, *, #1698, .T. ) ;
#8842 = AXIS2_PLACEMENT_3D ( 'NONE', #8310, #3724, #4560 ) ;
#8843 = CARTESIAN_POINT ( 'NONE',  ( 0.7362204724408996093, -0.1817265592456999979, -0.1103021996917999958 ) ) ;
#8844 = AXIS2_PLACEMENT_3D ( 'NONE', #6564, #3491, #5599 ) ;
#8845 = ORIENTED_EDGE ( 'NONE', *, *, #4695, .F. ) ;
#8846 = DIRECTION ( 'NONE',  ( -1.000000000000000000, -5.643856035978000073E-11, 0.000000000000000000 ) ) ;
#8847 = CARTESIAN_POINT ( 'NONE',  ( 1.376312826052999982, 0.06059705576737992039, -0.08564766778826005122 ) ) ;
#8848 = CARTESIAN_POINT ( 'NONE',  ( 0.7244094488188976833, -0.1655628205247000329, 0.1137719994447000116 ) ) ;
#8849 = CIRCLE ( 'NONE', #124, 0.1535433070865999949 ) ;
#8850 = AXIS2_PLACEMENT_3D ( 'NONE', #1858, #1810, #8075 ) ;
#8851 = CARTESIAN_POINT ( 'NONE',  ( 1.388380433014000159, 0.1086659164325999988, -0.05218071623274000287 ) ) ;
#8852 = ORIENTED_EDGE ( 'NONE', *, *, #8044, .F. ) ;
#8853 = CARTESIAN_POINT ( 'NONE',  ( 1.278647597031000060, 0.05759033553228999625, -0.09974938716658995896 ) ) ;
#8854 = EDGE_LOOP ( 'NONE', ( #4159, #7472 ) ) ;
#8855 = B_SPLINE_CURVE_WITH_KNOTS ( 'NONE', 3,
 ( #3534, #5839, #7466, #3685, #8269, #1349 ),
 .UNSPECIFIED., .F., .F.,
 ( 4, 2, 4 ),
 ( 0.000000000000000000, 0.5000000000000000000, 1.000000000000000000 ),
 .UNSPECIFIED. ) ;
#8856 = ORIENTED_EDGE ( 'NONE', *, *, #841, .T. ) ;
#8857 = CARTESIAN_POINT ( 'NONE',  ( 0.7362204724408996093, -0.003937007874016000379, 0.2132686289419000181 ) ) ;
#8858 = ADVANCED_FACE ( 'NONE', ( #2938 ), #9996, .T. ) ;
#8859 = ORIENTED_EDGE ( 'NONE', *, *, #271, .T. ) ;
#8860 = EDGE_CURVE ( 'NONE', #8863, #7023, #4675, .T. ) ;
#8861 = DIRECTION ( 'NONE',  ( 1.000000000000000000, 0.000000000000000000, 0.000000000000000000 ) ) ;
#8862 = CARTESIAN_POINT ( 'NONE',  ( 1.277971950850000260, -0.04979507988139000169, -0.09171112839325000488 ) ) ;
#8863 = VERTEX_POINT ( 'NONE', #4443 ) ;
#8864 = B_SPLINE_SURFACE_WITH_KNOTS ( 'NONE', 3, 3, ( 
 ( #2385, #8542, #5459, #886, #2431, #8592, #2481, #5563, #8646, #7902, #7144, #1777, #6380, #2535, #6383, #8648, #7954, #8706, #2645, #321, #1032, #6280, #7248, #4815, #2592, #1732, #216, #4109, #5679, #6482, #8595, #6336, #7146, #8762, #5734, #4868, #7904, #3362, #1832, #2537, #4918, #5514, #5624, #7198, #3264, #8811, #9567, #7998, #1779, #1683, #980, #2484, #888, #4066, #3308, #272, #9459, #3963, #4760, #3409, #6437, #9519, #7038, #7854, #1075, #4163, #4966 ),
 ( #9411, #112, #3211, #9364, #937, #4018, #7098, #165, #8915, #5824, #4262, #9613, #579, #1332, #369, #5914, #2701, #7295, #4409, #8869, #7400, #5013, #6532, #1224, #7448, #1977, #5961, #3563, #5058, #5112, #5866, #9808, #7498, #8196, #3460, #3661, #8145, #9752, #2750, #478, #1279, #2847, #6741, #5782, #3517, #4311, #9016, #2897, #2025, #6641, #525, #2084, #9710, #5168, #1934, #2802, #4359, #426, #9067, #2130, #8251, #8964, #8096, #3614, #9662, #8047, #6692 ),
 ( #1125, #1176, #4212, #7345, #6590, #3163, #3975, #945, #282, #4773, #7962, #9469, #991, #3318, #6237, #5471, #7865, #4929, #1039, #1649, #6392, #8009, #2395, #8553, #224, #1790, #4720, #1840, #126, #6447, #8662, #2442, #4026, #3222, #8770, #6346, #9421, #9374, #63, #7155, #9323, #4877, #1087, #1741, #7812, #3373, #5524, #175, #6290, #8603, #900, #9529, #4073, #2603, #1693, #5688, #7107, #7052, #3272, #2493, #5576, #4176, #4824, #7913, #2549, #5632, #8715 ),
 ( #4118, #7207, #8974, #2858, #4981, #2710, #3527, #2037, #2093, #1235, #1186, #9721, #5126, #8923, #8207, #8823, #1989, #487, #9623, #9027, #5926, #4368, #5067, #8058, #8106, #8880, #7258, #1943, #6599, #6655, #5025, #333, #1134, #6702, #4272, #2812, #3421, #4228, #7356, #7459, #437, #1290, #5876, #8153, #3575, #6491, #2656, #9673, #5179, #536, #1893, #3625, #8261, #9575, #5742, #7412, #9767, #7305, #1343, #381, #3470, #5834, #5790, #2759, #6545, #4322, #681 ) ),
 .UNSPECIFIED., .F., .F., .F.,
 ( 4, 4 ),
 ( 4, 1, 1, 1, 1, 1, 1, 1, 1, 1, 1, 1, 1, 1, 1, 1, 1, 1, 1, 1, 1, 1, 1, 1, 1, 1, 1, 1, 1, 1, 1, 1, 1, 1, 1, 1, 1, 1, 1, 1, 1, 1, 1, 1, 1, 1, 1, 1, 1, 1, 1, 1, 1, 1, 1, 1, 1, 1, 1, 1, 1, 1, 1, 1, 4 ),
 ( -0.03448593916367000134, 1.034485939164000001 ),
 ( -0.02000000000000000042, -0.003749999999999999861, 0.01250000000000000069, 0.02875000000000000125, 0.04499999999999999833, 0.06124999999999999889, 0.07749999999999999944, 0.09375000000000000000, 0.1100000000000000006, 0.1262500000000000011, 0.1424999999999999878, 0.1587500000000000022, 0.1749999999999999889, 0.1912500000000000033, 0.2074999999999999900, 0.2237500000000000044, 0.2399999999999999911, 0.2562499999999999778, 0.2725000000000000200, 0.2887500000000000067, 0.3049999999999999933, 0.3212499999999999800, 0.3375000000000000222, 0.3537500000000000089, 0.3699999999999999956, 0.3862499999999999822, 0.4025000000000000244, 0.4187500000000000111, 0.4349999999999999978, 0.4512499999999999845, 0.4675000000000000266, 0.4837500000000000133, 0.5000000000000000000, 0.5162499999999999867, 0.5324999999999999734, 0.5487499999999999600, 0.5649999999999999467, 0.5812500000000000444, 0.5975000000000000311, 0.6137500000000000178, 0.6300000000000000044, 0.6462499999999999911, 0.6624999999999999778, 0.6787499999999999645, 0.6949999999999999512, 0.7112500000000000488, 0.7275000000000000355, 0.7437500000000000222, 0.7600000000000000089, 0.7762499999999999956, 0.7924999999999999822, 0.8087499999999999689, 0.8249999999999999556, 0.8412500000000000533, 0.8575000000000000400, 0.8737500000000000266, 0.8900000000000000133, 0.9062500000000000000, 0.9224999999999999867, 0.9387499999999999734, 0.9549999999999999600, 0.9712499999999999467, 0.9875000000000000444, 1.003749999999999920, 1.020000000000000018 ),
 .UNSPECIFIED. ) ;
#8865 = CARTESIAN_POINT ( 'NONE',  ( 1.327394787180999902, 0.1100037225999000029, -0.006169422381291003905 ) ) ;
#8866 = CARTESIAN_POINT ( 'NONE',  ( 1.101934691070999950, -0.06458590953920000099, 0.09525974992002007868 ) ) ;
#8867 = DIRECTION ( 'NONE',  ( -1.000000000000000000, 0.000000000000000000, 0.000000000000000000 ) ) ;
#8868 = EDGE_CURVE ( 'NONE', #1381, #5406, #5327, .T. ) ;
#8869 = CARTESIAN_POINT ( 'NONE',  ( 1.148757818658000085, 0.04737729888396000760, 0.09298318451212993219 ) ) ;
#8870 = CARTESIAN_POINT ( 'NONE',  ( 1.246594733236999986, 0.06544796599128996362, -0.08082150710363995849 ) ) ;
#8871 = CARTESIAN_POINT ( 'NONE',  ( 0.7285187739042991995, -0.1821554143454000019, 0.08782316468419998357 ) ) ;
#8872 = CARTESIAN_POINT ( 'NONE',  ( 1.286079170383000125, 0.1023103873717999962, -0.03927327811942000341 ) ) ;
#8873 = EDGE_CURVE ( 'NONE', #3295, #986, #665, .T. ) ;
#8874 = CARTESIAN_POINT ( 'NONE',  ( 1.188235398231999973, 0.09419155717462007749, 0.04492664279108000286 ) ) ;
#8875 = CARTESIAN_POINT ( 'NONE',  ( 1.165673558506000074, 0.08139091139457008128, -0.07325619808492991880 ) ) ;
#8876 = CARTESIAN_POINT ( 'NONE',  ( 1.011811089899000038, -0.09046570295565001252, -0.1614173806495000085 ) ) ;
#8877 = EDGE_CURVE ( 'NONE', #159, #3584, #5254, .T. ) ;
#8878 = B_SPLINE_CURVE_WITH_KNOTS ( 'NONE', 3,
 ( #1831, #1882, #9458, #3210 ),
 .UNSPECIFIED., .F., .F.,
 ( 4, 4 ),
 ( 0.000000000000000000, 1.000000000000000000 ),
 .UNSPECIFIED. ) ;
#8879 = CARTESIAN_POINT ( 'NONE',  ( -0.002765821536155000076, 4.729723557251000419E-12, 0.2992125984251968740 ) ) ;
#8880 = CARTESIAN_POINT ( 'NONE',  ( 1.127545441662999970, 0.06133978044347992292, -0.08442696480807007631 ) ) ;
#8881 = CARTESIAN_POINT ( 'NONE',  ( 0.7244094488188976833, -0.1409286094185999982, -0.06318091013743996898 ) ) ;
#8882 = VERTEX_POINT ( 'NONE', #9935 ) ;
#8883 = CARTESIAN_POINT ( 'NONE',  ( 0.7362204724408996093, 0.1383078312671000010, -0.07530599850137008333 ) ) ;
#8884 = LINE ( 'NONE', #2864, #8458 ) ;
#8885 = AXIS2_PLACEMENT_3D ( 'NONE', #7, #7039, #2287 ) ;
#8886 = CARTESIAN_POINT ( 'NONE',  ( 1.071920214213250233, 0.09444883965335060250, -0.07258425826477042653 ) ) ;
#8887 = CARTESIAN_POINT ( 'NONE',  ( 1.312594221482750179, 0.01546059376767015998, -0.1181102362205000006 ) ) ;
#8888 = CARTESIAN_POINT ( 'NONE',  ( 1.309114870159999944, 0.1151412015239999947, -0.003015078484400999809 ) ) ;
#8889 = CARTESIAN_POINT ( 'NONE',  ( 1.092847798440364171, -0.05683715047029000433, -0.08752153665227008217 ) ) ;
#8890 = CARTESIAN_POINT ( 'NONE',  ( 1.130965263860999936, -0.1132519600807000010, 0.02099001011798000069 ) ) ;
#8891 = CARTESIAN_POINT ( 'NONE',  ( 0.6104330708661004357, -0.3740157480314960647, -0.3740157480314960647 ) ) ;
#8892 = DIRECTION ( 'NONE',  ( -1.000000000000000000, 0.000000000000000000, 0.000000000000000000 ) ) ;
#8893 = CARTESIAN_POINT ( 'NONE',  ( 1.094418368464249891, 0.01546059376766942793, 0.1181102362205000839 ) ) ;
#8894 = AXIS2_PLACEMENT_3D ( 'NONE', #5648, #2563, #1005 ) ;
#8895 = DIRECTION ( 'NONE',  ( 0.000000000000000000, 0.8660254037844288266, -0.5000000000000169864 ) ) ;
#8896 = DIRECTION ( 'NONE',  ( 1.000000000000000000, 0.000000000000000000, 0.000000000000000000 ) ) ;
#8897 = DIRECTION ( 'NONE',  ( -1.000000000000000000, 0.000000000000000000, 0.000000000000000000 ) ) ;
#8898 = CARTESIAN_POINT ( 'NONE',  ( 1.260920993136499968, -0.1150361429136074615, 0.03091510445189059667 ) ) ;
#8899 = AXIS2_PLACEMENT_3D ( 'NONE', #9250, #8438, #6971 ) ;
#8900 = FACE_BOUND ( 'NONE', #5772, .T. ) ;
#8901 = ORIENTED_EDGE ( 'NONE', *, *, #9604, .T. ) ;
#8902 = CARTESIAN_POINT ( 'NONE',  ( 1.229599040601000004, -0.09820766630687993715, -0.06018173531423996053 ) ) ;
#8903 = ORIENTED_EDGE ( 'NONE', *, *, #4274, .T. ) ;
#8904 = ORIENTED_EDGE ( 'NONE', *, *, #3122, .T. ) ;
#8905 = CARTESIAN_POINT ( 'NONE',  ( 0.7095217624433994841, -0.01574803149606000124, -0.1497898906479999959 ) ) ;
#8906 = ORIENTED_EDGE ( 'NONE', *, *, #1, .T. ) ;
#8907 = EDGE_CURVE ( 'NONE', #9422, #1515, #9054, .T. ) ;
#8908 = CARTESIAN_POINT ( 'NONE',  ( 1.258779037463999995, 0.04244600606646999758, 0.09533529053063996561 ) ) ;
#8909 = CARTESIAN_POINT ( 'NONE',  ( 1.334624117890000017, 0.05019894296284000551, 0.09807622996730000486 ) ) ;
#8910 = ORIENTED_EDGE ( 'NONE', *, *, #9889, .F. ) ;
#8911 = CARTESIAN_POINT ( 'NONE',  ( 1.064338037723999930, -0.08861883275876004940, 0.07343338577423995372 ) ) ;
#8912 = EDGE_CURVE ( 'NONE', #679, #3708, #2255, .T. ) ;
#8913 = CARTESIAN_POINT ( 'NONE',  ( 0.5787401574803000548, 0.01574803149606000124, 0.1469816999198000074 ) ) ;
#8914 = DIRECTION ( 'NONE',  ( 0.000000000000000000, 0.9997541118987406383, 0.02217466440694089089 ) ) ;
#8915 = CARTESIAN_POINT ( 'NONE',  ( 1.172215823906999965, 0.01362138275840000211, -0.1034646749458000003 ) ) ;
#8916 = CARTESIAN_POINT ( 'NONE',  ( 1.263655100691000177, -0.02691662355562000203, 0.1004542066778000148 ) ) ;
#8917 = CARTESIAN_POINT ( 'NONE',  ( -0.8092125984251968829, -0.3740157480314960647, -0.3740157480314960647 ) ) ;
#8918 = CARTESIAN_POINT ( 'NONE',  ( 1.286332511092000086, -0.09641372841431003482, -0.03993587390816000920 ) ) ;
#8919 = CARTESIAN_POINT ( 'NONE',  ( 1.161496152578000096, 0.01866275146346000127, -0.1079011266563000004 ) ) ;
#8920 = CARTESIAN_POINT ( 'NONE',  ( 0.8346456692912992414, 0.1574803149606000263, 0.000000000000000000 ) ) ;
#8921 = CARTESIAN_POINT ( 'NONE',  ( 0.4921259842520000483, 0.3740157480314960647, 0.5314960629921000601 ) ) ;
#8922 = CARTESIAN_POINT ( 'NONE',  ( 0.5788054723971000071, -0.1362429088196999982, -0.06047561963531004198 ) ) ;
#8923 = CARTESIAN_POINT ( 'NONE',  ( 1.153135992845000013, -0.1043574676366000042, -1.222164730530000234E-13 ) ) ;
#8924 = DIRECTION ( 'NONE',  ( 1.000000000000000000, 0.000000000000000000, 0.000000000000000000 ) ) ;
#8925 = ADVANCED_FACE ( 'NONE', ( #3795 ), #5967, .T. ) ;
#8926 = ORIENTED_EDGE ( 'NONE', *, *, #5486, .T. ) ;
#8927 = AXIS2_PLACEMENT_3D ( 'NONE', #4657, #7093, #162 ) ;
#8928 = CARTESIAN_POINT ( 'NONE',  ( 0.7077880313856003136, -0.1608701438224000024, -0.1110626812872999997 ) ) ;
#8929 = EDGE_CURVE ( 'NONE', #7026, #3403, #4965, .T. ) ;
#8930 = CARTESIAN_POINT ( 'NONE',  ( 1.069186106657999957, 0.09608148249671004393, 0.03979825326099999117 ) ) ;
#8931 = CARTESIAN_POINT ( 'NONE',  ( 0.9999994263157998553, 0.1850831034254768470, -0.06932385632206260195 ) ) ;
#8932 = ADVANCED_FACE ( 'NONE', ( #1463 ), #5998, .F. ) ;
#8933 = CARTESIAN_POINT ( 'NONE',  ( 1.123125717545500057, 0.1150361429136075309, -0.03091510445189034686 ) ) ;
#8934 = CARTESIAN_POINT ( 'NONE',  ( 1.324042691682999928, -0.08144502098066003226, 0.08144515336377008974 ) ) ;
#8935 = CARTESIAN_POINT ( 'NONE',  ( 1.251078473451499917, 0.03091510445189025666, 0.1150361429136075447 ) ) ;
#8936 = CARTESIAN_POINT ( 'NONE',  ( 0.7256451598022993776, 0.1816410969043000256, -0.08673609540712008681 ) ) ;
#8937 = ADVANCED_FACE ( 'NONE', ( #5822 ), #9368, .F. ) ;
#8938 = ADVANCED_FACE ( 'NONE', ( #9142 ), #1124, .F. ) ;
#8939 = CARTESIAN_POINT ( 'NONE',  ( 1.063757729601999991, -0.04818323509926000087, -0.1082213179186000129 ) ) ;
#8940 = DIRECTION ( 'NONE',  ( 0.000000000000000000, 0.01363511712384990471, -0.9999070374694933871 ) ) ;
#8941 = PLANE ( 'NONE',  #6139 ) ;
#8942 = DIRECTION ( 'NONE',  ( 1.000000000000000000, 0.000000000000000000, 0.000000000000000000 ) ) ;
#8943 = CARTESIAN_POINT ( 'NONE',  ( 1.151926012081427197, -0.1008257817119821570, 0.02660489895088665596 ) ) ;
#8944 = DIRECTION ( 'NONE',  ( 0.000000000000000000, 0.000000000000000000, 1.000000000000000000 ) ) ;
#8945 = CARTESIAN_POINT ( 'NONE',  ( 1.342575949412999847, 0.1047521445240000154, -0.005874894136676999876 ) ) ;
#8946 = CARTESIAN_POINT ( 'NONE',  ( 0.5986837114371004187, -0.1300395952696000168, 0.09326265578111005150 ) ) ;
#8947 = CARTESIAN_POINT ( 'NONE',  ( 1.363814202320000168, -0.1068417708434000052, 0.02344181943684999977 ) ) ;
#8948 = ORIENTED_EDGE ( 'NONE', *, *, #9643, .F. ) ;
#8949 = ORIENTED_EDGE ( 'NONE', *, *, #7557, .T. ) ;
#8950 = CARTESIAN_POINT ( 'NONE',  ( 1.269083477747000144, -0.05762745735007999970, -0.1061365731834999909 ) ) ;
#8951 = ORIENTED_EDGE ( 'NONE', *, *, #6995, .T. ) ;
#8952 = EDGE_LOOP ( 'NONE', ( #7986, #6502, #3799, #7397 ) ) ;
#8953 = CARTESIAN_POINT ( 'NONE',  ( 0.5511811023621999706, -0.5314960629921000601, 0.5314960629921000601 ) ) ;
#8954 = ORIENTED_EDGE ( 'NONE', *, *, #2620, .F. ) ;
#8955 = CARTESIAN_POINT ( 'NONE',  ( -0.03184567412300000344, 4.093383575437000330E-10, 0.2417915662690000023 ) ) ;
#8956 = PLANE ( 'NONE',  #8343 ) ;
#8957 = EDGE_LOOP ( 'NONE', ( #6260, #8771, #9196, #3158, #2296, #2519 ) ) ;
#8958 = CARTESIAN_POINT ( 'NONE',  ( 1.129334912375749678, -0.07258425826477071796, 0.09444883965335035270 ) ) ;
#8959 = CARTESIAN_POINT ( 'NONE',  ( 1.379606620077000301, -0.04451944777096000089, 0.09880720448824999169 ) ) ;
#8960 = CIRCLE ( 'NONE', #7823, 0.2185039370079000232 ) ;
#8961 = ORIENTED_EDGE ( 'NONE', *, *, #1026, .T. ) ;
#8962 = CARTESIAN_POINT ( 'NONE',  ( 1.059082853272000024, -0.06261185180357992097, 0.1031637218540000095 ) ) ;
#8963 = CARTESIAN_POINT ( 'NONE',  ( 1.214169024631791549, -0.01546059376766992580, 0.1181102362205000422 ) ) ;
#8964 = CARTESIAN_POINT ( 'NONE',  ( 1.059190889523999868, 0.08442697196611004262, -0.06133978363043995907 ) ) ;
#8965 = CARTESIAN_POINT ( 'NONE',  ( 1.199678722738000136, -0.05199892369778000289, -0.09006477778321003713 ) ) ;
#8966 = CARTESIAN_POINT ( 'NONE',  ( 1.296463425332333497, -0.07690747405743696141, 0.09197940250215741465 ) ) ;
#8967 = CARTESIAN_POINT ( 'NONE',  ( 1.262874505842999984, 0.1020770065874999910, -0.02169713754582000206 ) ) ;
#8968 = CIRCLE ( 'NONE', #4596, 0.1181102362205000006 ) ;
#8969 = CARTESIAN_POINT ( 'NONE',  ( 1.128076905160000143, 0.09861047535896004523, -0.04761224210173999744 ) ) ;
#8970 = LINE ( 'NONE', #6747, #1559 ) ;
#8971 = CARTESIAN_POINT ( 'NONE',  ( 0.5787401574803000548, -0.01574803149606000124, -0.1210269775506999934 ) ) ;
#8972 = DIRECTION ( 'NONE',  ( 0.000000000000000000, -0.8532547285461360431, 0.5214943606729220971 ) ) ;
#8973 = DIRECTION ( 'NONE',  ( 0.000000000000000000, 0.000000000000000000, 1.000000000000000000 ) ) ;
#8974 = CARTESIAN_POINT ( 'NONE',  ( 1.176593998093999893, 0.08600339255113996495, 0.05910895993968996731 ) ) ;
#8975 = DIRECTION ( 'NONE',  ( 1.000000000000000000, 0.000000000000000000, 0.000000000000000000 ) ) ;
#8976 = ORIENTED_EDGE ( 'NONE', *, *, #2912, .F. ) ;
#8977 = CARTESIAN_POINT ( 'NONE',  ( 0.5987259261576004521, -0.1300515385054999973, -0.09326955121158995998 ) ) ;
#8978 = CARTESIAN_POINT ( 'NONE',  ( 1.067053560726999972, 0.1038553224722000012, 0.005442826562627000112 ) ) ;
#8979 = CARTESIAN_POINT ( 'NONE',  ( 1.197341706434391861, -0.07935513292519012774, -0.06777568632463562559 ) ) ;
#8980 = CARTESIAN_POINT ( 'NONE',  ( 0.5787401574803000548, 0.000000000000000000, 0.000000000000000000 ) ) ;
#8981 = EDGE_CURVE ( 'NONE', #6122, #5965, #1616, .T. ) ;
#8982 = EDGE_CURVE ( 'NONE', #5205, #3094, #4890, .T. ) ;
#8983 = CARTESIAN_POINT ( 'NONE',  ( 1.319777599819000002, -0.01203965764054000000, 0.1145497078975999949 ) ) ;
#8984 = CIRCLE ( 'NONE', #2347, 0.1574803149605999708 ) ;
#8985 = CARTESIAN_POINT ( 'NONE',  ( 0.7280600717204999128, 0.01516969372517000189, -0.2015020754713999773 ) ) ;
#8986 = CARTESIAN_POINT ( 'NONE',  ( 1.197074187746000051, 0.06640708077441004331, 0.09140150536917007740 ) ) ;
#8987 = AXIS2_PLACEMENT_3D ( 'NONE', #3399, #3454, #6525 ) ;
#8988 = CARTESIAN_POINT ( 'NONE',  ( 0.5790964132382000473, -0.1372969933036999879, 0.06108419559587992265 ) ) ;
#8989 = DIRECTION ( 'NONE',  ( 1.000000000000000000, 0.000000000000000000, 0.000000000000000000 ) ) ;
#8990 = CARTESIAN_POINT ( 'NONE',  ( 0.7268675672382992614, -0.1819025541359000075, -0.08711034411032007874 ) ) ;
#8991 = DIRECTION ( 'NONE',  ( 0.000000000000000000, 1.000000000000000000, 0.000000000000000000 ) ) ;
#8992 = AXIS2_PLACEMENT_3D ( 'NONE', #1674, #9549, #2626 ) ;
#8993 = VECTOR ( 'NONE', #6085, 39.37007874015748143 ) ;
#8994 = CARTESIAN_POINT ( 'NONE',  ( 1.388972713670999948, -0.01736205072612000133, 0.1034699282802000048 ) ) ;
#8995 = EDGE_CURVE ( 'NONE', #6622, #415, #6823, .T. ) ;
#8996 = CARTESIAN_POINT ( 'NONE',  ( 0.6673228346457008575, 0.000000000000000000, 0.000000000000000000 ) ) ;
#8997 = CARTESIAN_POINT ( 'NONE',  ( 1.325111698681999961, -0.09279863717164998915, 0.06558053948088995999 ) ) ;
#8998 = CARTESIAN_POINT ( 'NONE',  ( 1.365299997998102421, -0.06851633493713354950, 0.09716342746096300054 ) ) ;
#8999 = ORIENTED_EDGE ( 'NONE', *, *, #8599, .T. ) ;
#9000 = ORIENTED_EDGE ( 'NONE', *, *, #1162, .T. ) ;
#9001 = CARTESIAN_POINT ( 'NONE',  ( 1.300360818080000147, -0.1164092492941000145, 0.02574833084660000174 ) ) ;
#9002 = ORIENTED_EDGE ( 'NONE', *, *, #70, .T. ) ;
#9003 = AXIS2_PLACEMENT_3D ( 'NONE', #2879, #4433, #3591 ) ;
#9004 = CARTESIAN_POINT ( 'NONE',  ( 0.7261087826327008443, -0.1412757592348000135, 0.06347480738506003362 ) ) ;
#9005 = ORIENTED_EDGE ( 'NONE', *, *, #7673, .T. ) ;
#9006 = PLANE ( 'NONE',  #8625 ) ;
#9007 = VERTEX_POINT ( 'NONE', #5300 ) ;
#9008 = DIRECTION ( 'NONE',  ( 0.000000000000000000, -0.9122602391622937068, 0.4096111034182968735 ) ) ;
#9009 = DIRECTION ( 'NONE',  ( 0.000000000000000000, 1.000000000000000000, 0.000000000000000000 ) ) ;
#9010 = CARTESIAN_POINT ( 'NONE',  ( 1.052577521309820296, 0.05956008780012980036, 0.1027423279536050227 ) ) ;
#9011 = DIRECTION ( 'NONE',  ( -1.000000000000000000, 0.000000000000000000, 0.000000000000000000 ) ) ;
#9012 = CARTESIAN_POINT ( 'NONE',  ( 1.306463499641000059, -0.07392147467409999895, 0.07029612763988996038 ) ) ;
#9013 = AXIS2_PLACEMENT_3D ( 'NONE', #7079, #6156, #6966 ) ;
#9014 = CARTESIAN_POINT ( 'NONE',  ( 1.086235991799999967, 0.1190073915690000039, 0.02000595523516000146 ) ) ;
#9015 = CARTESIAN_POINT ( 'NONE',  ( 0.5830288430312999814, 0.1255515097148000025, 0.09067145837793995355 ) ) ;
#9016 = CARTESIAN_POINT ( 'NONE',  ( 1.091179078501000044, -0.02436176700353999761, -0.1014740624988999945 ) ) ;
#9017 = CARTESIAN_POINT ( 'NONE',  ( 1.197546176806000062, -0.07908058356902993025, -0.06754119902232992578 ) ) ;
#9018 = AXIS2_PLACEMENT_3D ( 'NONE', #3011, #9080, #644 ) ;
#9019 = CARTESIAN_POINT ( 'NONE',  ( 0.7268675672382992614, -0.1663910479999000103, 0.1139770608398000123 ) ) ;
#9020 = CARTESIAN_POINT ( 'NONE',  ( 1.279991414459000110, -0.1042144493542999928, -0.005461647859861999341 ) ) ;
#9021 = CARTESIAN_POINT ( 'NONE',  ( 1.067504519213000158, -0.08431685756042009428, 0.06986858363798996441 ) ) ;
#9022 = FACE_OUTER_BOUND ( 'NONE', #9909, .T. ) ;
#9023 = EDGE_CURVE ( 'NONE', #7136, #6731, #6928, .T. ) ;
#9024 = AXIS2_PLACEMENT_3D ( 'NONE', #9272, #8508, #4672 ) ;
#9025 = CARTESIAN_POINT ( 'NONE',  ( 0.7362204724408996093, 0.1827275465568999890, -0.1100438633047000070 ) ) ;
#9026 = EDGE_LOOP ( 'NONE', ( #9652, #4909, #6881, #7681 ) ) ;
#9027 = CARTESIAN_POINT ( 'NONE',  ( 1.140340717254000102, 0.04737729888396000760, 0.09298318451212993219 ) ) ;
#9028 = CARTESIAN_POINT ( 'NONE',  ( 0.7352433617586003889, -0.1403251297469000070, -0.07092686677642008608 ) ) ;
#9029 = CARTESIAN_POINT ( 'NONE',  ( 1.202880406688666470, 0.02061412502355806919, 0.1181102362205000839 ) ) ;
#9030 = ORIENTED_EDGE ( 'NONE', *, *, #4270, .F. ) ;
#9031 = CARTESIAN_POINT ( 'NONE',  ( 1.058523376999999988, 0.02691672291066000283, -0.1004542509135000067 ) ) ;
#9032 = CARTESIAN_POINT ( 'NONE',  ( 1.220799711683391520, 0.02701007179959754104, 0.1008029602722022855 ) ) ;
#9033 = LINE ( 'NONE', #2243, #6882 ) ;
#9034 = CARTESIAN_POINT ( 'NONE',  ( 1.118204457703000365, 0.05948255673673451260, -0.1032031167347788742 ) ) ;
#9035 = CARTESIAN_POINT ( 'NONE',  ( 1.217415395094999964, -0.05759033553228999625, -0.09974938716658995896 ) ) ;
#9036 = AXIS2_PLACEMENT_3D ( 'NONE', #795, #7705, #3105 ) ;
#9037 = FACE_OUTER_BOUND ( 'NONE', #8136, .T. ) ;
#9038 = EDGE_CURVE ( 'NONE', #6206, #9977, #2730, .T. ) ;
#9039 = CARTESIAN_POINT ( 'NONE',  ( 1.186411458086999993, 0.08354910495152007011, -0.07928514059670001279 ) ) ;
#9040 = LINE ( 'NONE', #8372, #6086 ) ;
#9041 = VERTEX_POINT ( 'NONE', #8430 ) ;
#9042 = DIRECTION ( 'NONE',  ( 0.7071067811865474617, 7.069459398501473732E-10, 0.7071067811865474617 ) ) ;
#9043 = CARTESIAN_POINT ( 'NONE',  ( 1.082115218858000105, 0.1032031167347791240, -0.05948255673673400606 ) ) ;
#9044 = FACE_OUTER_BOUND ( 'NONE', #8457, .T. ) ;
#9045 = CARTESIAN_POINT ( 'NONE',  ( 1.390579231607000255, -0.04239408918907999757, 0.09409014822354999641 ) ) ;
#9046 = B_SPLINE_CURVE_WITH_KNOTS ( 'NONE', 3,
 ( #7653, #9215, #734, #9965, #4707, #5458 ),
 .UNSPECIFIED., .F., .F.,
 ( 4, 1, 1, 4 ),
 ( 0.000000000000000000, 0.3333333333333000081, 0.6666666666667000474, 1.000000000000000000 ),
 .UNSPECIFIED. ) ;
#9047 = FACE_OUTER_BOUND ( 'NONE', #5401, .T. ) ;
#9048 = CARTESIAN_POINT ( 'NONE',  ( 1.325321748251999887, -0.1090681537979000110, 0.008296529127744999010 ) ) ;
#9049 = B_SPLINE_CURVE_WITH_KNOTS ( 'NONE', 3,
 ( #2253, #6953, #9928, #4575, #5378, #18, #856, #2974, #700, #1501 ),
 .UNSPECIFIED., .F., .F.,
 ( 4, 2, 2, 2, 4 ),
 ( 0.000000000000000000, 0.2499999999999998890, 0.4999999999999998890, 0.7500000000000000000, 1.000000000000000000 ),
 .UNSPECIFIED. ) ;
#9050 = EDGE_CURVE ( 'NONE', #6366, #3433, #3286, .T. ) ;
#9051 = CARTESIAN_POINT ( 'NONE',  ( 0.5787401574803000548, -0.01574803149606000124, -0.1469816999198000074 ) ) ;
#9052 = CARTESIAN_POINT ( 'NONE',  ( 1.242394316191000048, 0.09820766630687993715, -0.06018173531423996053 ) ) ;
#9053 = ORIENTED_EDGE ( 'NONE', *, *, #1149, .F. ) ;
#9054 = CIRCLE ( 'NONE', #1772, 0.2755905511811023723 ) ;
#9055 = CARTESIAN_POINT ( 'NONE',  ( 1.047973619356000086, 0.04272635487288999750, -0.09301870540551003541 ) ) ;
#9056 = ORIENTED_EDGE ( 'NONE', *, *, #14, .F. ) ;
#9057 = ORIENTED_EDGE ( 'NONE', *, *, #2483, .T. ) ;
#9058 = CARTESIAN_POINT ( 'NONE',  ( 0.7355155807016005021, 0.1768891213116999817, 0.1115214110757999921 ) ) ;
#9059 = LINE ( 'NONE', #419, #2508 ) ;
#9060 = CARTESIAN_POINT ( 'NONE',  ( 1.177742292056999984, 0.07379186162582992980, 0.07379198156927008201 ) ) ;
#9061 = CARTESIAN_POINT ( 'NONE',  ( 1.194022064664000071, 0.01087073435519000063, 0.1034281440717000067 ) ) ;
#9062 = EDGE_CURVE ( 'NONE', #831, #2455, #804, .T. ) ;
#9063 = CARTESIAN_POINT ( 'NONE',  ( 1.144918901877000073, 0.000000000000000000, -0.1181102362205000006 ) ) ;
#9064 = CARTESIAN_POINT ( 'NONE',  ( 1.345159593232999828, -0.09679096313605001223, -0.07330870981657008900 ) ) ;
#9065 = VECTOR ( 'NONE', #8317, 39.37007874015748143 ) ;
#9066 = CARTESIAN_POINT ( 'NONE',  ( 1.077881179944999879, 0.04743563069666999893, -0.1109633202160000137 ) ) ;
#9067 = CARTESIAN_POINT ( 'NONE',  ( 1.065588527320000090, 0.09641372827659999700, 0.03993587396947000101 ) ) ;
#9068 = DIRECTION ( 'NONE',  ( -1.000000000000000000, 0.000000000000000000, 0.000000000000000000 ) ) ;
#9069 = CARTESIAN_POINT ( 'NONE',  ( 1.284256506321999947, -0.07755271207417993584, -0.06982877559786003496 ) ) ;
#9070 = DIRECTION ( 'NONE',  ( -1.000000000000000000, 0.000000000000000000, 0.000000000000000000 ) ) ;
#9071 = EDGE_CURVE ( 'NONE', #5101, #6969, #3379, .T. ) ;
#9072 = DIRECTION ( 'NONE',  ( 1.000000000000000000, 0.000000000000000000, 0.000000000000000000 ) ) ;
#9073 = VERTEX_POINT ( 'NONE', #6919 ) ;
#9074 = DIRECTION ( 'NONE',  ( -1.000000000000000000, 0.000000000000000000, 0.000000000000000000 ) ) ;
#9075 = ORIENTED_EDGE ( 'NONE', *, *, #7742, .F. ) ;
#9076 = CARTESIAN_POINT ( 'NONE',  ( 1.259748298201999184, -0.05948255673673412403, -0.1032031167347790407 ) ) ;
#9077 = DIRECTION ( 'NONE',  ( -2.067778279074404002E-19, -0.9999999999999995559, 3.012895425507998495E-08 ) ) ;
#9078 = ORIENTED_EDGE ( 'NONE', *, *, #1866, .T. ) ;
#9079 = CARTESIAN_POINT ( 'NONE',  ( 0.7322749853665000419, -0.1286486681765000029, 0.08905901780482991525 ) ) ;
#9080 = DIRECTION ( 'NONE',  ( -1.000000000000000000, 0.000000000000000000, 0.000000000000000000 ) ) ;
#9081 = DIRECTION ( 'NONE',  ( 1.000000000000000000, 0.000000000000000000, 0.000000000000000000 ) ) ;
#9082 = CARTESIAN_POINT ( 'NONE',  ( 1.285656864911000286, -0.09318312031472007761, 0.06770149980087993014 ) ) ;
#9083 = AXIS2_PLACEMENT_3D ( 'NONE', #8642, #8588, #4059 ) ;
#9084 = CARTESIAN_POINT ( 'NONE',  ( 0.7248214206942993343, 0.1814271628486000265, -0.08656276086205001719 ) ) ;
#9085 = CARTESIAN_POINT ( 'NONE',  ( 1.135230355725000084, -0.1012227447793999924, -0.05495946621102000551 ) ) ;
#9086 = CARTESIAN_POINT ( 'NONE',  ( 0.5787401574803000548, -0.1351639017700000112, 0.05985265462468995767 ) ) ;
#9087 = CARTESIAN_POINT ( 'NONE',  ( 0.8543307518312007742, -0.09046558149497008205, -0.1614172930797999894 ) ) ;
#9088 = CARTESIAN_POINT ( 'NONE',  ( 0.6102362204723996708, 0.3543307086614000401, 0.3543307086614000401 ) ) ;
#9089 = DIRECTION ( 'NONE',  ( 1.000000000000000000, 0.000000000000000000, 0.000000000000000000 ) ) ;
#9090 = ADVANCED_FACE ( 'NONE', ( #865, #6358 ), #4635, .F. ) ;
#9091 = CARTESIAN_POINT ( 'NONE',  ( 1.384764162968999957, -0.01736205072612000133, 0.1034699282802000048 ) ) ;
#9092 = DIRECTION ( 'NONE',  ( 1.000000000000000000, 0.000000000000000000, 0.000000000000000000 ) ) ;
#9093 = CARTESIAN_POINT ( 'NONE',  ( 1.365840120955000181, -0.1087536743464000005, -0.01171841335327000050 ) ) ;
#9094 = ORIENTED_EDGE ( 'NONE', *, *, #3429, .F. ) ;
#9095 = CARTESIAN_POINT ( 'NONE',  ( 1.218936310941999945, -0.04684819949601000399, 0.1052227788591999919 ) ) ;
#9096 = ORIENTED_EDGE ( 'NONE', *, *, #4237, .F. ) ;
#9097 = DIRECTION ( 'NONE',  ( 0.000000000000000000, 0.03368147794397076400, -0.9994326180606223353 ) ) ;
#9098 = VERTEX_POINT ( 'NONE', #3935 ) ;
#9099 = DIRECTION ( 'NONE',  ( -1.000000000000000000, 0.000000000000000000, 0.000000000000000000 ) ) ;
#9100 = CARTESIAN_POINT ( 'NONE',  ( 0.6498031496062991463, -0.3543307086614000401, -0.3543307086614000401 ) ) ;
#9101 = ADVANCED_FACE ( 'NONE', ( #7009 ), #9989, .T. ) ;
#9102 = EDGE_CURVE ( 'NONE', #7333, #209, #2408, .T. ) ;
#9103 = CARTESIAN_POINT ( 'NONE',  ( 0.7362204724408996093, 0.1385673185517000139, 0.07482942127921005104 ) ) ;
#9104 = CARTESIAN_POINT ( 'NONE',  ( 1.138357222086999521, -0.1032031167347788603, -0.05948255673673441546 ) ) ;
#9105 = CARTESIAN_POINT ( 'NONE',  ( 1.364437808456000045, 0.1013433581110999987, 0.06687439956453997136 ) ) ;
#9106 = CARTESIAN_POINT ( 'NONE',  ( 0.5802225316246999443, -0.1234687720462999960, -0.08946898922436004320 ) ) ;
#9107 = CARTESIAN_POINT ( 'NONE',  ( 1.161429298492000051, 0.1111744691333999974, -0.04693864955555999974 ) ) ;
#9108 = CIRCLE ( 'NONE', #5235, 0.2750715554070999880 ) ;
#9109 = EDGE_CURVE ( 'NONE', #3433, #1115, #2653, .T. ) ;
#9110 = DIRECTION ( 'NONE',  ( 1.000000000000000000, 0.000000000000000000, 0.000000000000000000 ) ) ;
#9111 = CARTESIAN_POINT ( 'NONE',  ( 1.307714511572000138, 0.02436176678408999777, 0.1014740604109000133 ) ) ;
#9112 = ORIENTED_EDGE ( 'NONE', *, *, #4397, .T. ) ;
#9113 = FACE_OUTER_BOUND ( 'NONE', #794, .T. ) ;
#9114 = EDGE_LOOP ( 'NONE', ( #7556, #2248, #3599, #4802 ) ) ;
#9115 = EDGE_LOOP ( 'NONE', ( #8039, #1863, #920, #5307, #5588, #5497 ) ) ;
#9116 = AXIS2_PLACEMENT_3D ( 'NONE', #378, #6543, #2708 ) ;
#9117 = ORIENTED_EDGE ( 'NONE', *, *, #2492, .T. ) ;
#9118 = CARTESIAN_POINT ( 'NONE',  ( 0.7358050155909999779, -0.007184652424754999107, -0.1572120939060999700 ) ) ;
#9119 = CARTESIAN_POINT ( 'NONE',  ( 0.9763779527559055538, 0.09399477469537993735, -0.1751968503937007815 ) ) ;
#9120 = CARTESIAN_POINT ( 'NONE',  ( 0.7322039756092009188, -0.01286854383392000041, -0.2039691069142000046 ) ) ;
#9121 = CARTESIAN_POINT ( 'NONE',  ( 1.246624938621999412, -0.05948255673673431138, 0.1032031167347788880 ) ) ;
#9122 = DIRECTION ( 'NONE',  ( 1.000000000000000000, 0.000000000000000000, 0.000000000000000000 ) ) ;
#9123 = CARTESIAN_POINT ( 'NONE',  ( 1.161323101351999787, 0.05948255673673390198, 0.1032031167347791795 ) ) ;
#9124 = AXIS2_PLACEMENT_3D ( 'NONE', #6128, #9216, #4016 ) ;
#9125 = CARTESIAN_POINT ( 'NONE',  ( 0.9999994263158000773, 0.1600069736175617208, -0.1160143121460308208 ) ) ;
#9126 = CARTESIAN_POINT ( 'NONE',  ( 0.9819196039739999105, -0.09455477861633997116, -0.1774314742987000149 ) ) ;
#9127 = CARTESIAN_POINT ( 'NONE',  ( 1.175106148885000090, 0.1002291889918000001, 0.02743528943666000489 ) ) ;
#9128 = CARTESIAN_POINT ( 'NONE',  ( 1.241972010718999986, -0.07543626803787008284, 0.07949323998367992250 ) ) ;
#9129 = DIRECTION ( 'NONE',  ( 0.000000000000000000, 1.000000000000000000, 0.000000000000000000 ) ) ;
#9130 = CARTESIAN_POINT ( 'NONE',  ( 1.146991695759000063, 0.1058550957742000059, -0.02836378742741000117 ) ) ;
#9131 = CARTESIAN_POINT ( 'NONE',  ( 0.5819715378862000410, -0.1407367085770999948, 0.06307011613492992386 ) ) ;
#9132 = CARTESIAN_POINT ( 'NONE',  ( 1.159761763039665938, 0.09197940250215649871, -0.07690747405743854348 ) ) ;
#9133 = CYLINDRICAL_SURFACE ( 'NONE', #6578, 0.01181102362205004204 ) ;
#9134 = CARTESIAN_POINT ( 'NONE',  ( 1.166546932827426941, 0.05041425412729586691, -0.09128012917877986743 ) ) ;
#9135 = CARTESIAN_POINT ( 'NONE',  ( 1.343186952515999844, 0.07934963333568996469, 0.06863790391348996434 ) ) ;
#9136 = DIRECTION ( 'NONE',  ( 0.000000000000000000, 1.000000000000000000, 0.000000000000000000 ) ) ;
#9137 = VECTOR ( 'NONE', #9865, 39.37007874015748143 ) ;
#9138 = ORIENTED_EDGE ( 'NONE', *, *, #9184, .T. ) ;
#9139 = CARTESIAN_POINT ( 'NONE',  ( 1.343555015968999955, 0.1042485974541000060, -0.03311967427845999984 ) ) ;
#9140 = CARTESIAN_POINT ( 'NONE',  ( 1.187102095497999832, -0.1032031167347788742, -0.05948255673673441546 ) ) ;
#9141 = CARTESIAN_POINT ( 'NONE',  ( 1.200842007931000044, 0.1115788554892000045, -0.04621747521769000583 ) ) ;
#9142 = FACE_OUTER_BOUND ( 'NONE', #8286, .T. ) ;
#9143 = ORIENTED_EDGE ( 'NONE', *, *, #5432, .T. ) ;
#9144 = CARTESIAN_POINT ( 'NONE',  ( 0.7244094488188976833, 0.1409286094185999982, -0.06318091013743996898 ) ) ;
#9145 = CIRCLE ( 'NONE', #605, 0.3071475752050999986 ) ;
#9146 = CARTESIAN_POINT ( 'NONE',  ( 1.182007383921000132, 0.01090832490354999920, 0.1037857943025000118 ) ) ;
#9147 = AXIS2_PLACEMENT_3D ( 'NONE', #7460, #8975, #9871 ) ;
#9148 = CARTESIAN_POINT ( 'NONE',  ( 1.187624426867999849, 0.09386696909021005619, 0.04477182368245000155 ) ) ;
#9149 = CARTESIAN_POINT ( 'NONE',  ( 0.5787401574803000548, -0.01574803149606000124, 0.1474010638049000066 ) ) ;
#9150 = CARTESIAN_POINT ( 'NONE',  ( 1.354798700844000114, 0.07012849974522007701, -0.09911937754408996215 ) ) ;
#9151 = VECTOR ( 'NONE', #9396, 39.37007874015748143 ) ;
#9152 = CARTESIAN_POINT ( 'NONE',  ( 1.047973619356000086, 0.000000000000000000, -0.1023622047244000105 ) ) ;
#9153 = VECTOR ( 'NONE', #7638, 39.37007874015748143 ) ;
#9154 = CARTESIAN_POINT ( 'NONE',  ( 1.056994150309000124, -0.02540983823573000205, 0.1179717661715000004 ) ) ;
#9155 = EDGE_CURVE ( 'NONE', #6107, #6366, #2919, .T. ) ;
#9156 = EDGE_CURVE ( 'NONE', #2783, #5903, #3734, .T. ) ;
#9157 = DIRECTION ( 'NONE',  ( 1.703338058906964394E-07, -0.9999999999999786837, 1.168891388785975569E-07 ) ) ;
#9158 = CARTESIAN_POINT ( 'NONE',  ( 1.311979603435000197, -0.04492705090909000082, 0.09419148551886005749 ) ) ;
#9159 = AXIS2_PLACEMENT_3D ( 'NONE', #2671, #5801, #3488 ) ;
#9160 = AXIS2_PLACEMENT_3D ( 'NONE', #6986, #5275, #1589 ) ;
#9161 = EDGE_LOOP ( 'NONE', ( #8238, #6118, #3019, #946 ) ) ;
#9162 = VECTOR ( 'NONE', #8295, 39.37007874015748143 ) ;
#9163 = CARTESIAN_POINT ( 'NONE',  ( 0.9999994263157997443, -0.1489146879450358174, -0.1299460193434195110 ) ) ;
#9164 = ORIENTED_EDGE ( 'NONE', *, *, #193, .F. ) ;
#9165 = ADVANCED_FACE ( 'NONE', ( #2509 ), #9543, .T. ) ;
#9166 = FACE_OUTER_BOUND ( 'NONE', #7175, .T. ) ;
#9167 = ORIENTED_EDGE ( 'NONE', *, *, #647, .T. ) ;
#9168 = CARTESIAN_POINT ( 'NONE',  ( 0.7362204724408996093, -0.1343708233930999973, 0.08212509616896003506 ) ) ;
#9169 = CARTESIAN_POINT ( 'NONE',  ( 0.6803393851628996014, 0.1153124957707000048, -0.08475996092107007662 ) ) ;
#9170 = CARTESIAN_POINT ( 'NONE',  ( 0.7401574803150000603, 0.000000000000000000, 0.000000000000000000 ) ) ;
#9171 = CARTESIAN_POINT ( 'NONE',  ( 1.258928088228249420, -0.07258425826477052367, -0.09444883965335057474 ) ) ;
#9172 = CARTESIAN_POINT ( 'NONE',  ( 1.380849779205963523, 0.1007369551327853552, -0.02700241873475419524 ) ) ;
#9173 = EDGE_CURVE ( 'NONE', #3860, #2293, #5594, .T. ) ;
#9174 = CARTESIAN_POINT ( 'NONE',  ( 1.064069502386953525, -0.1150405601889818025, 0.03091725647830312340 ) ) ;
#9175 = CYLINDRICAL_SURFACE ( 'NONE', #2521, 0.1122047244094000057 ) ;
#9176 = CARTESIAN_POINT ( 'NONE',  ( 1.166751337030999869, 0.05023988938388999903, -0.09096442409541002916 ) ) ;
#9177 = CARTESIAN_POINT ( 'NONE',  ( 1.216381459538000032, -0.01997105624407000124, -0.1077541769543000072 ) ) ;
#9178 = DIMENSIONAL_EXPONENTS ( 1.000000000000000000, 0.000000000000000000, 0.000000000000000000, 0.000000000000000000, 0.000000000000000000, 0.000000000000000000, 0.000000000000000000 ) ;
#9179 = ORIENTED_EDGE ( 'NONE', *, *, #7549, .F. ) ;
#9180 = ORIENTED_EDGE ( 'NONE', *, *, #5590, .F. ) ;
#9181 = DIRECTION ( 'NONE',  ( 0.000000000000000000, -0.8078304555416832011, -0.5894149260913882360 ) ) ;
#9182 = CARTESIAN_POINT ( 'NONE',  ( 1.193196857613000095, 0.07304917201321003972, 0.07979652035752991812 ) ) ;
#9183 = CARTESIAN_POINT ( 'NONE',  ( 1.342941990511499872, -0.1150361429136074476, -0.03091510445189083259 ) ) ;
#9184 = EDGE_CURVE ( 'NONE', #8035, #7391, #1152, .T. ) ;
#9185 = DIRECTION ( 'NONE',  ( -0.7071067811865975328, 1.120128284263995215E-10, 0.7071067811864976127 ) ) ;
#9186 = CARTESIAN_POINT ( 'NONE',  ( 1.337179628015000121, 0.04780244526199000504, 0.09339407042860001229 ) ) ;
#9187 = CONICAL_SURFACE ( 'NONE', #2403, 0.1786918365619999949, 0.3142318990842197790 ) ;
#9188 = CARTESIAN_POINT ( 'NONE',  ( 1.000000086036999969, 0.09349879745523995145, 0.1732284221662000190 ) ) ;
#9189 = EDGE_LOOP ( 'NONE', ( #92, #4316, #6433, #8311 ) ) ;
#9190 = VERTEX_POINT ( 'NONE', #2619 ) ;
#9191 = CARTESIAN_POINT ( 'NONE',  ( 1.239227834703000131, 0.1029751286123999909, -0.06310323997250000261 ) ) ;
#9192 = DIRECTION ( 'NONE',  ( 0.000000000000000000, -1.000000000000000000, 0.000000000000000000 ) ) ;
#9193 = CARTESIAN_POINT ( 'NONE',  ( 0.7280600717204999128, 0.1820907631361000090, 0.08761369760209999913 ) ) ;
#9194 = ORIENTED_EDGE ( 'NONE', *, *, #3498, .T. ) ;
#9195 = AXIS2_PLACEMENT_3D ( 'NONE', #1127, #371, #6386 ) ;
#9196 = ORIENTED_EDGE ( 'NONE', *, *, #4956, .T. ) ;
#9197 = CARTESIAN_POINT ( 'NONE',  ( 0.7280600717204999128, 0.01516969372517000189, 0.2015020754713999773 ) ) ;
#9198 = CYLINDRICAL_SURFACE ( 'NONE', #2541, 0.007874015748031039721 ) ;
#9199 = ORIENTED_EDGE ( 'NONE', *, *, #9670, .F. ) ;
#9200 = CARTESIAN_POINT ( 'NONE',  ( 0.7334686179297008612, 0.1411890638285999977, 0.06814620779162008923 ) ) ;
#9201 = CARTESIAN_POINT ( 'NONE',  ( 1.321818528789999725, 0.1047383775497000152, -0.04938665300897999988 ) ) ;
#9202 = LINE ( 'NONE', #9295, #9539 ) ;
#9203 = DIRECTION ( 'NONE',  ( -1.000000000000000000, 0.000000000000000000, 0.000000000000000000 ) ) ;
#9204 = ORIENTED_EDGE ( 'NONE', *, *, #7300, .F. ) ;
#9205 = CARTESIAN_POINT ( 'NONE',  ( 1.314112149367000049, -0.07379186162582992980, 0.07379198156927008201 ) ) ;
#9206 = VERTEX_POINT ( 'NONE', #4943 ) ;
#9207 = VECTOR ( 'NONE', #6208, 39.37007874015748143 ) ;
#9208 = DIRECTION ( 'NONE',  ( 1.000000000000000000, 0.000000000000000000, 0.000000000000000000 ) ) ;
#9209 = VERTEX_POINT ( 'NONE', #7929 ) ;
#9210 = EDGE_CURVE ( 'NONE', #197, #5286, #9321, .T. ) ;
#9211 = CARTESIAN_POINT ( 'NONE',  ( 1.215456959619499955, -0.1150361429136074198, -0.03091510445189083259 ) ) ;
#9212 = ORIENTED_EDGE ( 'NONE', *, *, #382, .T. ) ;
#9213 = FACE_OUTER_BOUND ( 'NONE', #2078, .T. ) ;
#9214 = CARTESIAN_POINT ( 'NONE',  ( 1.272403932768999990, 0.000000000000000000, -0.1181102362205000006 ) ) ;
#9215 = CARTESIAN_POINT ( 'NONE',  ( 0.7276665990876004519, -0.1667377332940000179, -0.1139301902076999967 ) ) ;
#9216 = DIRECTION ( 'NONE',  ( 1.000000000000000000, 0.000000000000000000, 0.000000000000000000 ) ) ;
#9217 = CIRCLE ( 'NONE', #5189, 0.1122047244094000057 ) ;
#9218 = CARTESIAN_POINT ( 'NONE',  ( 1.319553805774000166, -0.08864826967872008190, 0.05118110236220000525 ) ) ;
#9219 = CARTESIAN_POINT ( 'NONE',  ( 1.160502891378249801, 0.07258425826477023224, 0.09444883965335072740 ) ) ;
#9220 = FACE_OUTER_BOUND ( 'NONE', #12, .T. ) ;
#9221 = CARTESIAN_POINT ( 'NONE',  ( 1.148552226731749615, -0.09444883965335028331, -0.07258425826477082898 ) ) ;
#9222 = CARTESIAN_POINT ( 'NONE',  ( 0.5841804246273000212, 0.000000000000000000, 0.000000000000000000 ) ) ;
#9223 = CARTESIAN_POINT ( 'NONE',  ( 1.267562561899999718, 0.1086517079254000068, 0.01430426871551000040 ) ) ;
#9224 = EDGE_LOOP ( 'NONE', ( #6879, #8591 ) ) ;
#9225 = CIRCLE ( 'NONE', #4866, 0.1692913385827000128 ) ;
#9227 = ADVANCED_FACE ( 'NONE', ( #5706 ), #8348, .T. ) ;
#9226 = CARTESIAN_POINT ( 'NONE',  ( 1.246157213608999781, 0.1032031167347787076, 0.05948255673673468608 ) ) ;
#9228 = ORIENTED_EDGE ( 'NONE', *, *, #4569, .T. ) ;
#9229 = VERTEX_POINT ( 'NONE', #7319 ) ;
#9230 = CARTESIAN_POINT ( 'NONE',  ( 0.7248214212811003865, 0.1656791315182000179, -0.1138391516281000021 ) ) ;
#9231 = CARTESIAN_POINT ( 'NONE',  ( 1.121401144577000020, -0.03927327812244999633, 0.1023103873715000001 ) ) ;
#9232 = FACE_BOUND ( 'NONE', #3192, .T. ) ;
#9233 = CARTESIAN_POINT ( 'NONE',  ( 1.123593442559500000, 0.03091510445189026360, 0.1150361429136075864 ) ) ;
#9234 = DIRECTION ( 'NONE',  ( -1.000000000000000000, 0.000000000000000000, 0.000000000000000000 ) ) ;
#9235 = CARTESIAN_POINT ( 'NONE',  ( 1.116418061698489117, -0.09765178958059501924, -0.03657576927026810754 ) ) ;
#9236 = CARTESIAN_POINT ( 'NONE',  ( 1.327540520404000057, 0.09489640704855001330, -0.04474592824854000533 ) ) ;
#9237 = EDGE_CURVE ( 'NONE', #4998, #4543, #8118, .T. ) ;
#9238 = CARTESIAN_POINT ( 'NONE',  ( 0.5795727107672999923, 0.1382953977762000075, -0.06166062468687007886 ) ) ;
#9239 = CARTESIAN_POINT ( 'NONE',  ( 0.7362204724408996093, 0.000000000000000000, 0.000000000000000000 ) ) ;
#9240 = CARTESIAN_POINT ( 'NONE',  ( 1.183781640477000074, -0.1207306973212999984, -0.003161444583539000340 ) ) ;
#9241 = AXIS2_PLACEMENT_3D ( 'NONE', #7949, #4863, #4810 ) ;
#9242 = CARTESIAN_POINT ( 'NONE',  ( 0.8556107593631003816, 0.09079979414942007665, 0.1626973976156000090 ) ) ;
#9243 = ORIENTED_EDGE ( 'NONE', *, *, #3962, .F. ) ;
#9244 = DIRECTION ( 'NONE',  ( 0.000000000000000000, 0.9997541118987406383, 0.02217466440694089089 ) ) ;
#9245 = CARTESIAN_POINT ( 'NONE',  ( 0.5984251968503937480, 0.1126864528502000001, -0.04687529344016000410 ) ) ;
#9246 = ORIENTED_EDGE ( 'NONE', *, *, #3317, .T. ) ;
#9247 = CARTESIAN_POINT ( 'NONE',  ( 1.330355310690731319, 0.1047562227733775525, -0.005875122860231004468 ) ) ;
#9248 = CARTESIAN_POINT ( 'NONE',  ( 1.359618254649999969, 0.1193278312359000032, -0.02243939368624000077 ) ) ;
#9249 = VERTEX_POINT ( 'NONE', #4189 ) ;
#9250 = CARTESIAN_POINT ( 'NONE',  ( 1.366141732283000065, 0.000000000000000000, 0.000000000000000000 ) ) ;
#9251 = B_SPLINE_CURVE_WITH_KNOTS ( 'NONE', 3,
 ( #5250, #8333, #5948, #4343, #6676, #510 ),
 .UNSPECIFIED., .F., .F.,
 ( 4, 1, 1, 4 ),
 ( 0.000000000000000000, 0.3333333333333000081, 0.6666666666667000474, 1.000000000000000000 ),
 .UNSPECIFIED. ) ;
#9252 = DIRECTION ( 'NONE',  ( 0.000000000000000000, 1.000000000000000000, 0.000000000000000000 ) ) ;
#9253 = CARTESIAN_POINT ( 'NONE',  ( 1.199011210213000167, -0.09742608914478996518, -0.03739837169383999904 ) ) ;
#9254 = EDGE_LOOP ( 'NONE', ( #8692, #5172, #4522, #1815 ) ) ;
#9255 = ORIENTED_EDGE ( 'NONE', *, *, #1278, .F. ) ;
#9256 = LINE ( 'NONE', #2382, #5595 ) ;
#9257 = CARTESIAN_POINT ( 'NONE',  ( 0.7261126622680000864, 0.1256098110564000114, -0.09061112456671002735 ) ) ;
#9258 = EDGE_CURVE ( 'NONE', #6337, #8761, #1903, .T. ) ;
#9259 = CARTESIAN_POINT ( 'NONE',  ( 1.562992125983999836, 0.000000000000000000, 0.000000000000000000 ) ) ;
#9260 = CARTESIAN_POINT ( 'NONE',  ( 1.249085568543248925, -0.09444883965335040821, 0.07258425826477060694 ) ) ;
#9261 = LINE ( 'NONE', #4512, #6150 ) ;
#9262 = CARTESIAN_POINT ( 'NONE',  ( 0.6498031496062991463, 0.3543307086614000401, -0.3543307086614000401 ) ) ;
#9263 = CARTESIAN_POINT ( 'NONE',  ( 1.381889763779999836, 0.08944270117117363028, 0.05155154916946327881 ) ) ;
#9264 = CARTESIAN_POINT ( 'NONE',  ( 1.135428867151749843, -0.01546059376766992580, 0.1181102362205000422 ) ) ;
#9265 = CARTESIAN_POINT ( 'NONE',  ( 1.000000080887000209, 0.09349880026292992086, -0.1732278469391000109 ) ) ;
#9266 = AXIS2_PLACEMENT_3D ( 'NONE', #6961, #3234, #812 ) ;
#9267 = CARTESIAN_POINT ( 'NONE',  ( 1.218514005469999884, 0.01714353714179999918, -0.1082400335958999954 ) ) ;
#9268 = ORIENTED_EDGE ( 'NONE', *, *, #3357, .F. ) ;
#9269 = AXIS2_PLACEMENT_3D ( 'NONE', #6384, #3265, #8000 ) ;
#9270 = CARTESIAN_POINT ( 'NONE',  ( 0.7280600717204999128, 0.2020722792146356639, 0.000000000000000000 ) ) ;
#9271 = CARTESIAN_POINT ( 'NONE',  ( 1.140594057963000063, 0.03112503123606000233, -0.1050763444793000045 ) ) ;
#9272 = CARTESIAN_POINT ( 'NONE',  ( 0.6104330708661004357, -0.3543307086614000401, -0.3543307086614000401 ) ) ;
#9273 = ADVANCED_FACE ( 'NONE', ( #4991 ), #7065, .F. ) ;
#9274 = EDGE_CURVE ( 'NONE', #2997, #2672, #1102, .T. ) ;
#9275 = CARTESIAN_POINT ( 'NONE',  ( 1.114571132848249935, 0.1181102362205000700, -0.01546059376766953028 ) ) ;
#9276 = CARTESIAN_POINT ( 'NONE',  ( 0.6498031496062991463, -0.3740157480314960647, 0.5314960629921000601 ) ) ;
#9277 = DIRECTION ( 'NONE',  ( 0.9990138064662087425, 1.053490786142009949E-08, 0.04440061362072039025 ) ) ;
#9278 = VECTOR ( 'NONE', #9252, 39.37007874015748143 ) ;
#9279 = CARTESIAN_POINT ( 'NONE',  ( 1.334769851112000083, 0.07934963333568996469, 0.06863790391348996434 ) ) ;
#9280 = CARTESIAN_POINT ( 'NONE',  ( 1.215551210512482605, 0.01632510462271000162, -0.1030726540388000462 ) ) ;
#9281 = EDGE_CURVE ( 'NONE', #153, #6934, #9393, .T. ) ;
#9282 = CARTESIAN_POINT ( 'NONE',  ( 1.360647720832000029, -0.1013905400740000157, 0.02224578190961000457 ) ) ;
#9283 = DIRECTION ( 'NONE',  ( -1.000000000000000000, 0.000000000000000000, 0.000000000000000000 ) ) ;
#9284 = CARTESIAN_POINT ( 'NONE',  ( 1.181649094545000001, -0.1148610764325999900, 0.03732062610835000516 ) ) ;
#9285 = DIRECTION ( 'NONE',  ( -2.358512413812905175E-07, 0.9999999999999590328, -1.619973287548935139E-07 ) ) ;
#9286 = B_SPLINE_CURVE_WITH_KNOTS ( 'NONE', 3,
 ( #7000, #6813, #3170, #6244, #6036, #9132, #2206, #5290, #7820, #180 ),
 .UNSPECIFIED., .F., .F.,
 ( 4, 2, 2, 2, 4 ),
 ( 0.000000000000000000, 0.2500000000000000000, 0.5000000000000000000, 0.7500000000000000000, 1.000000000000000000 ),
 .UNSPECIFIED. ) ;
#9287 = ORIENTED_EDGE ( 'NONE', *, *, #1647, .F. ) ;
#9288 = DIRECTION ( 'NONE',  ( 1.000000000000000000, 0.000000000000000000, 0.000000000000000000 ) ) ;
#9289 = CARTESIAN_POINT ( 'NONE',  ( 0.6104330708661004357, -0.3740157480314960647, 0.5314960629921000601 ) ) ;
#9290 = VERTEX_POINT ( 'NONE', #2107 ) ;
#9291 = CARTESIAN_POINT ( 'NONE',  ( 1.368911741136731086, 0.1031135242724866563, -0.01939032111420699658 ) ) ;
#9292 = CIRCLE ( 'NONE', #1706, 0.1574803149606000263 ) ;
#9293 = ORIENTED_EDGE ( 'NONE', *, *, #7496, .F. ) ;
#9294 = CARTESIAN_POINT ( 'NONE',  ( 0.01181102362204999867, 0.000000000000000000, -0.1122047244094000057 ) ) ;
#9295 = CARTESIAN_POINT ( 'NONE',  ( 0.5787401574803000548, -0.1126864528502000001, -0.04687529344016000410 ) ) ;
#9296 = VERTEX_POINT ( 'NONE', #6613 ) ;
#9297 = VERTEX_POINT ( 'NONE', #550 ) ;
#9298 = AXIS2_PLACEMENT_3D ( 'NONE', #1058, #5848, #4337 ) ;
#9299 = VECTOR ( 'NONE', #1767, 39.37007874015748143 ) ;
#9300 = ORIENTED_EDGE ( 'NONE', *, *, #6052, .F. ) ;
#9301 = CARTESIAN_POINT ( 'NONE',  ( 0.7362204724408996093, 0.1866645544309000204, -0.1032247656370999800 ) ) ;
#9302 = ORIENTED_EDGE ( 'NONE', *, *, #6195, .T. ) ;
#9303 = CARTESIAN_POINT ( 'NONE',  ( 1.237397036985000254, -0.1020770065874999910, -0.02169713754582000206 ) ) ;
#9304 = ORIENTED_EDGE ( 'NONE', *, *, #1856, .T. ) ;
#9305 = ORIENTED_EDGE ( 'NONE', *, *, #8538, .T. ) ;
#9306 = AXIS2_PLACEMENT_3D ( 'NONE', #1543, #9375, #4774 ) ;
#9307 = CARTESIAN_POINT ( 'NONE',  ( 1.214636749645749747, -0.1181102362204999867, -0.01546059376767004723 ) ) ;
#9308 = CARTESIAN_POINT ( 'NONE',  ( 1.280606032506500069, 0.1150361429136075309, -0.03091510445189034686 ) ) ;
#9309 = CARTESIAN_POINT ( 'NONE',  ( 0.6498031496062991463, 0.2716535433071000094, 0.3543307086614000401 ) ) ;
#9310 = CARTESIAN_POINT ( 'NONE',  ( 1.232681369068249877, 0.1181102362205000561, -0.01546059376766952508 ) ) ;
#9311 = FACE_OUTER_BOUND ( 'NONE', #2466, .T. ) ;
#9312 = DIRECTION ( 'NONE',  ( 0.000000000000000000, 1.000000000000000000, 0.000000000000000000 ) ) ;
#9313 = VECTOR ( 'NONE', #2564, 39.37007874015748143 ) ;
#9314 = CARTESIAN_POINT ( 'NONE',  ( 0.7244094488188976833, 0.1655628205247000329, 0.1137719994447000116 ) ) ;
#9315 = ORIENTED_EDGE ( 'NONE', *, *, #9763, .T. ) ;
#9316 = CARTESIAN_POINT ( 'NONE',  ( 1.000000080887000209, -0.09349880026292992086, 0.1732278469391000109 ) ) ;
#9317 = CARTESIAN_POINT ( 'NONE',  ( 1.127065980720999949, 0.04560126533532000287, -0.09337610744026003662 ) ) ;
#9318 = EDGE_CURVE ( 'NONE', #9206, #3208, #603, .T. ) ;
#9319 = CARTESIAN_POINT ( 'NONE',  ( 1.202487573573000068, -0.02688839342361000126, 0.1119982176498000026 ) ) ;
#9320 = VERTEX_POINT ( 'NONE', #5940 ) ;
#9321 = CIRCLE ( 'NONE', #4968, 0.1181102362205000006 ) ;
#9322 = VECTOR ( 'NONE', #8620, 39.37007874015748143 ) ;
#9323 = CARTESIAN_POINT ( 'NONE',  ( 1.099765803389000096, 0.1014740624988999945, 0.02436176700353999761 ) ) ;
#9324 = DIRECTION ( 'NONE',  ( 1.000000000000000000, 0.000000000000000000, 0.000000000000000000 ) ) ;
#9325 = CARTESIAN_POINT ( 'NONE',  ( 1.097943139327999917, -0.02558310449564999908, -0.1065612992738999981 ) ) ;
#9326 = DIRECTION ( 'NONE',  ( 0.000000000000000000, -0.4889004950596891330, 0.8723395588475802986 ) ) ;
#9327 = EDGE_CURVE ( 'NONE', #5450, #3529, #9040, .T. ) ;
#9328 = DIRECTION ( 'NONE',  ( 1.000000000000000000, 0.000000000000000000, 0.000000000000000000 ) ) ;
#9329 = DIRECTION ( 'NONE',  ( 0.000000000000000000, 0.9997541118987406383, 0.02217466440694089089 ) ) ;
#9330 = CARTESIAN_POINT ( 'NONE',  ( 1.334158848009000087, 0.1047521445240000154, -0.005874894136676999876 ) ) ;
#9331 = EDGE_CURVE ( 'NONE', #3777, #446, #8673, .T. ) ;
#9332 = CARTESIAN_POINT ( 'NONE',  ( 1.305118139646482378, 0.09924984962422009338, 0.03224823102986000556 ) ) ;
#9333 = CARTESIAN_POINT ( 'NONE',  ( 1.188320209974000008, 0.08864826967872008190, 0.05118110236220999726 ) ) ;
#9334 = DIRECTION ( 'NONE',  ( 0.000000000000000000, -1.000000000000000000, 0.000000000000000000 ) ) ;
#9335 = CARTESIAN_POINT ( 'NONE',  ( 0.7362204724408996093, -0.1827275465568999890, -0.1100438633047000070 ) ) ;
#9336 = CARTESIAN_POINT ( 'NONE',  ( 0.5810295054656000602, 0.1242893878148000064, -0.08994277195919998802 ) ) ;
#9337 = CARTESIAN_POINT ( 'NONE',  ( 1.374857512664814152, -0.02166175274404000262, -0.1093944558387529992 ) ) ;
#9338 = CARTESIAN_POINT ( 'NONE',  ( 0.7095549599062008772, 0.1376032978314000177, -0.06126104059741004082 ) ) ;
#9339 = ORIENTED_EDGE ( 'NONE', *, *, #8087, .F. ) ;
#9340 = LINE ( 'NONE', #194, #4146 ) ;
#9341 = CARTESIAN_POINT ( 'NONE',  ( 1.373731294942730941, 0.08757278757371443623, 0.05778748303132085623 ) ) ;
#9342 = CARTESIAN_POINT ( 'NONE',  ( 1.302399216837999862, 0.000000000000000000, -0.1181102362205000006 ) ) ;
#9343 = EDGE_CURVE ( 'NONE', #5769, #968, #1249, .T. ) ;
#9344 = ORIENTED_EDGE ( 'NONE', *, *, #3805, .T. ) ;
#9345 = CARTESIAN_POINT ( 'NONE',  ( 0.6498031496062991463, 0.2755905511811023723, 0.000000000000000000 ) ) ;
#9346 = ORIENTED_EDGE ( 'NONE', *, *, #950, .T. ) ;
#9347 = ORIENTED_EDGE ( 'NONE', *, *, #2861, .F. ) ;
#9348 = ORIENTED_EDGE ( 'NONE', *, *, #2769, .T. ) ;
#9349 = DIRECTION ( 'NONE',  ( 0.7071067811865474617, -7.069491606818472588E-10, -0.7071067811865474617 ) ) ;
#9350 = ORIENTED_EDGE ( 'NONE', *, *, #2047, .F. ) ;
#9351 = EDGE_CURVE ( 'NONE', #827, #7488, #2539, .T. ) ;
#9352 = CARTESIAN_POINT ( 'NONE',  ( 1.305638506801000132, -0.01090832490354999920, 0.1037857943025000118 ) ) ;
#9353 = VERTEX_POINT ( 'NONE', #1453 ) ;
#9354 = ORIENTED_EDGE ( 'NONE', *, *, #2748, .F. ) ;
#9355 = CARTESIAN_POINT ( 'NONE',  ( 0.5984251968503937480, 0.000000000000000000, 0.000000000000000000 ) ) ;
#9356 = DIRECTION ( 'NONE',  ( 1.000000000000000000, 0.000000000000000000, 0.000000000000000000 ) ) ;
#9357 = CARTESIAN_POINT ( 'NONE',  ( 1.273224142742749976, 0.01546059376767015998, -0.1181102362205000006 ) ) ;
#9358 = EDGE_CURVE ( 'NONE', #6342, #2944, #230, .T. ) ;
#9359 = ADVANCED_FACE ( 'NONE', ( #7577 ), #9480, .T. ) ;
#9360 = CARTESIAN_POINT ( 'NONE',  ( 1.209247764789249668, 0.07258425826477025999, 0.09444883965335074127 ) ) ;
#9361 = LINE ( 'NONE', #8704, #7353 ) ;
#9362 = PLANE ( 'NONE',  #2363 ) ;
#9363 = LINE ( 'NONE', #4917, #4047 ) ;
#9364 = CARTESIAN_POINT ( 'NONE',  ( 1.182878553566000024, 0.1008016614475000100, 0.02700963597588000240 ) ) ;
#9365 = CARTESIAN_POINT ( 'NONE',  ( 1.299908381530000101, 0.02427781510677000376, 0.1011243765126999955 ) ) ;
#9366 = FACE_OUTER_BOUND ( 'NONE', #5369, .T. ) ;
#9367 = DIRECTION ( 'NONE',  ( 0.000000000000000000, 0.8660254037844288266, 0.5000000000000169864 ) ) ;
#9368 = TOROIDAL_SURFACE ( 'NONE', #7603, 0.2133049650658000174, 0.01181102362204999867 ) ;
#9369 = ORIENTED_EDGE ( 'NONE', *, *, #3317, .F. ) ;
#9370 = DIRECTION ( 'NONE',  ( 0.000000000000000000, 0.000000000000000000, -1.000000000000000000 ) ) ;
#9371 = CARTESIAN_POINT ( 'NONE',  ( 1.143775604430000037, 0.002136570317272000301, 0.1038942149889000022 ) ) ;
#9372 = CARTESIAN_POINT ( 'NONE',  ( 1.260130988548000097, 0.08867274169577993304, -0.05433872599770000339 ) ) ;
#9373 = LINE ( 'NONE', #4025, #1673 ) ;
#9374 = CARTESIAN_POINT ( 'NONE',  ( 1.106163441184000007, 0.03224823098968999935, 0.09924984962000001076 ) ) ;
#9375 = DIRECTION ( 'NONE',  ( 0.000000000000000000, -0.8660254037844289376, -0.5000000000000169864 ) ) ;
#9376 = CARTESIAN_POINT ( 'NONE',  ( 1.063261665726999983, 0.0008225139568457992935, -0.1126605107795999872 ) ) ;
#9377 = CARTESIAN_POINT ( 'NONE',  ( 1.167283219518999937, -0.09803268593991004698, -0.03471519480571000349 ) ) ;
#9378 = DIRECTION ( 'NONE',  ( 1.000000000000000000, 0.000000000000000000, 0.000000000000000000 ) ) ;
#9379 = CARTESIAN_POINT ( 'NONE',  ( 1.318335691299000079, 0.1032031167347791240, -0.05948255673673400606 ) ) ;
#9380 = AXIS2_PLACEMENT_3D ( 'NONE', #4028, #7109, #3425 ) ;
#9381 = DIRECTION ( 'NONE',  ( 0.000000000000000000, 0.000000000000000000, -1.000000000000000000 ) ) ;
#9382 = CARTESIAN_POINT ( 'NONE',  ( 1.300853047783482763, 0.09742608914478996518, -0.03739837169384001292 ) ) ;
#9383 = ORIENTED_EDGE ( 'NONE', *, *, #2988, .F. ) ;
#9384 = CARTESIAN_POINT ( 'NONE',  ( 1.378880988548000008, 0.09357312652874999470, -0.04493324975026000145 ) ) ;
#9385 = CARTESIAN_POINT ( 'NONE',  ( 1.366141732283000065, 0.000000000000000000, 0.1181102362205000006 ) ) ;
#9386 = CARTESIAN_POINT ( 'NONE',  ( 1.106408648236999914, 0.01262412023106999903, -0.1201104807923000090 ) ) ;
#9387 = CARTESIAN_POINT ( 'NONE',  ( 0.5788054723971000071, 0.01574803149606000124, 0.1482276299409999998 ) ) ;
#9388 = CARTESIAN_POINT ( 'NONE',  ( 0.6384300491361004637, -0.1059181483541000030, -0.07933613191119998076 ) ) ;
#9389 = CARTESIAN_POINT ( 'NONE',  ( 0.5452755905276001069, 0.000000000000000000, 0.000000000000000000 ) ) ;
#9390 = ORIENTED_EDGE ( 'NONE', *, *, #5377, .T. ) ;
#9391 = FACE_OUTER_BOUND ( 'NONE', #4899, .T. ) ;
#9392 = ORIENTED_EDGE ( 'NONE', *, *, #1996, .T. ) ;
#9393 = B_SPLINE_CURVE_WITH_KNOTS ( 'NONE', 3,
 ( #297, #9434, #7273, #3437, #5753, #1753 ),
 .UNSPECIFIED., .F., .F.,
 ( 4, 1, 1, 4 ),
 ( 0.000000000000000000, 0.3333333333333000081, 0.6666666666667000474, 1.000000000000000000 ),
 .UNSPECIFIED. ) ;
#9394 = CARTESIAN_POINT ( 'NONE',  ( 1.325300192481238204, -0.09689884475210000514, -0.04022598257578000741 ) ) ;
#9395 = CARTESIAN_POINT ( 'NONE',  ( 1.323125979981731426, 0.03706118250650825702, -0.09815728197585357750 ) ) ;
#9396 = DIRECTION ( 'NONE',  ( 1.000000000000000000, 0.000000000000000000, 0.000000000000000000 ) ) ;
#9397 = VECTOR ( 'NONE', #2979, 39.37007874015748143 ) ;
#9398 = CARTESIAN_POINT ( 'NONE',  ( 1.011811281218906178, 0.03015523573949671979, -0.1614170652377939219 ) ) ;
#9399 = ORIENTED_EDGE ( 'NONE', *, *, #7574, .F. ) ;
#9400 = VERTEX_POINT ( 'NONE', #2825 ) ;
#9401 = EDGE_CURVE ( 'NONE', #4346, #9209, #6975, .T. ) ;
#9402 = VERTEX_POINT ( 'NONE', #501 ) ;
#9403 = EDGE_CURVE ( 'NONE', #6984, #4653, #3588, .T. ) ;
#9404 = CARTESIAN_POINT ( 'NONE',  ( 1.220336669531000062, 0.08442696480807007631, 0.06133978044347008357 ) ) ;
#9405 = EDGE_LOOP ( 'NONE', ( #7282, #875 ) ) ;
#9406 = ORIENTED_EDGE ( 'NONE', *, *, #3810, .T. ) ;
#9407 = DIRECTION ( 'NONE',  ( 0.000000000000000000, -0.8660254037844288266, 0.5000000000000169864 ) ) ;
#9408 = CYLINDRICAL_SURFACE ( 'NONE', #629, 0.1988188976377999739 ) ;
#9409 = ORIENTED_EDGE ( 'NONE', *, *, #3927, .F. ) ;
#9410 = CARTESIAN_POINT ( 'NONE',  ( 0.5787401574803000548, 0.01574803149606000124, -0.1469816999198000074 ) ) ;
#9411 = CARTESIAN_POINT ( 'NONE',  ( 1.187143645429999950, 0.06016699432915000034, 0.08281276320373996691 ) ) ;
#9412 = DIRECTION ( 'NONE',  ( 1.000000000000000000, 0.000000000000000000, 0.000000000000000000 ) ) ;
#9413 = CARTESIAN_POINT ( 'NONE',  ( 0.06692913385827008177, 0.000000000000000000, 0.2795275590551000167 ) ) ;
#9414 = CARTESIAN_POINT ( 'NONE',  ( 1.099339628306750027, -0.07258425826477071796, 0.09444883965335038045 ) ) ;
#9415 = ORIENTED_EDGE ( 'NONE', *, *, #2234, .F. ) ;
#9416 = DIRECTION ( 'NONE',  ( 0.000000000000000000, 0.000000000000000000, -1.000000000000000000 ) ) ;
#9417 = CARTESIAN_POINT ( 'NONE',  ( 1.137509495538999937, 0.08857980290850001048, 0.05433407179263999992 ) ) ;
#9418 = CARTESIAN_POINT ( 'NONE',  ( 1.300649361252000258, 0.09709035472660000610, -0.03726949532538000043 ) ) ;
#9419 = EDGE_CURVE ( 'NONE', #1063, #5578, #1914, .T. ) ;
#9420 = CARTESIAN_POINT ( 'NONE',  ( 0.5837862971707000748, -0.01574803149606000124, 0.1543821785210000019 ) ) ;
#9421 = CARTESIAN_POINT ( 'NONE',  ( 1.108295987116000081, -0.002731760035867999720, 0.1043217069389999890 ) ) ;
#9422 = VERTEX_POINT ( 'NONE', #3166 ) ;
#9423 = CARTESIAN_POINT ( 'NONE',  ( 1.058509333373000016, -0.02839871712189000197, -0.1156937172945000092 ) ) ;
#9424 = CARTESIAN_POINT ( 'NONE',  ( 1.158753035791999952, -0.05433872599771000234, 0.08867274169577993304 ) ) ;
#9425 = AXIS2_PLACEMENT_3D ( 'NONE', #958, #2454, #3843 ) ;
#9426 = CARTESIAN_POINT ( 'NONE',  ( 0.7095549599062008772, -0.01574803149606000124, 0.1497984718652000113 ) ) ;
#9427 = DIRECTION ( 'NONE',  ( 1.000000000000000000, 0.000000000000000000, 0.000000000000000000 ) ) ;
#9428 = CARTESIAN_POINT ( 'NONE',  ( 1.246172427764000057, -0.04912243157563000312, 0.1103307877425000055 ) ) ;
#9429 = VECTOR ( 'NONE', #4979, 39.37007874015748143 ) ;
#9430 = CARTESIAN_POINT ( 'NONE',  ( 1.296587955919482837, 0.05217873381839999852, -0.09037621804783996238 ) ) ;
#9431 = CARTESIAN_POINT ( 'NONE',  ( 1.058891115257618365, 0.02947909197664355316, -0.09966324945669011171 ) ) ;
#9432 = CARTESIAN_POINT ( 'NONE',  ( 1.000000080887000209, 0.09349880026292992086, -0.1732278469391000109 ) ) ;
#9433 = CARTESIAN_POINT ( 'NONE',  ( 1.082950642988000034, 0.05762745733863000597, 0.1061365731885999947 ) ) ;
#9434 = CARTESIAN_POINT ( 'NONE',  ( 0.7276665990876004519, 0.01529757233088000108, -0.2013642079059000112 ) ) ;
#9435 = CARTESIAN_POINT ( 'NONE',  ( 0.7244094488188976833, -0.1251805779226000115, 0.09045730080782006521 ) ) ;
#9436 = EDGE_LOOP ( 'NONE', ( #7088, #1335, #39, #878 ) ) ;
#9437 = DIRECTION ( 'NONE',  ( 0.000000000000000000, 0.000000000000000000, -1.000000000000000000 ) ) ;
#9438 = CARTESIAN_POINT ( 'NONE',  ( 1.327709969384238242, -0.07472918482929999384, -0.07364155170946004580 ) ) ;
#9439 = CARTESIAN_POINT ( 'NONE',  ( 1.320716203078793560, -0.002471911102357811276, -0.1048917208187436084 ) ) ;
#9440 = ORIENTED_EDGE ( 'NONE', *, *, #1921, .T. ) ;
#9441 = VECTOR ( 'NONE', #4447, 39.37007874015748143 ) ;
#9442 = DIRECTION ( 'NONE',  ( 1.000000000000000000, 0.000000000000000000, 0.000000000000000000 ) ) ;
#9443 = EDGE_LOOP ( 'NONE', ( #5813, #816 ) ) ;
#9444 = ORIENTED_EDGE ( 'NONE', *, *, #1931, .T. ) ;
#9445 = CARTESIAN_POINT ( 'NONE',  ( 1.011811089899000038, -0.09046570295565001252, -0.1614173806495000085 ) ) ;
#9446 = ORIENTED_EDGE ( 'NONE', *, *, #5501, .T. ) ;
#9447 = LINE ( 'NONE', #2526, #9299 ) ;
#9448 = CARTESIAN_POINT ( 'NONE',  ( 1.290710685279000236, 0.07935404094582007573, -0.06777475368613995743 ) ) ;
#9449 = AXIS2_PLACEMENT_3D ( 'NONE', #1218, #363, #2636 ) ;
#9450 = CARTESIAN_POINT ( 'NONE',  ( 0.5810294838684999519, -0.01574803149606000124, 0.1526091352343000029 ) ) ;
#9451 = EDGE_LOOP ( 'NONE', ( #2862, #4549, #7643, #2574 ) ) ;
#9452 = DIRECTION ( 'NONE',  ( 0.000000000000000000, 1.000000000000000000, 0.000000000000000000 ) ) ;
#9453 = ADVANCED_FACE ( 'NONE', ( #6186 ), #1498, .F. ) ;
#9454 = CARTESIAN_POINT ( 'NONE',  ( 1.199405245104249396, 0.09444883965335063025, -0.07258425826477041265 ) ) ;
#9455 = ORIENTED_EDGE ( 'NONE', *, *, #3972, .F. ) ;
#9456 = TOROIDAL_SURFACE ( 'NONE', #6734, 0.2185039370079000232, 0.007874015748031005027 ) ;
#9457 = DIRECTION ( 'NONE',  ( 1.000000000000000000, 0.000000000000000000, 0.000000000000000000 ) ) ;
#9458 = CARTESIAN_POINT ( 'NONE',  ( 1.301678802541531788, -0.09773919335823061383, 0.05642958020084951065 ) ) ;
#9459 = CARTESIAN_POINT ( 'NONE',  ( 1.074062169885000140, 0.04979507987150000314, 0.09171112839765001301 ) ) ;
#9460 = DIRECTION ( 'NONE',  ( 1.000000000000000000, 0.000000000000000000, 0.000000000000000000 ) ) ;
#9461 = FACE_OUTER_BOUND ( 'NONE', #334, .T. ) ;
#9462 = CARTESIAN_POINT ( 'NONE',  ( 0.5787401574803000548, 0.1351639017700000112, 0.05985265462468995767 ) ) ;
#9463 = ORIENTED_EDGE ( 'NONE', *, *, #7926, .T. ) ;
#9464 = CARTESIAN_POINT ( 'NONE',  ( 0.5837863042420000648, -0.01574803149606000124, -0.1543821808311000021 ) ) ;
#9465 = CARTESIAN_POINT ( 'NONE',  ( 1.110356357010999995, -0.08324835442798994567, 0.06219553300606004559 ) ) ;
#9466 = CARTESIAN_POINT ( 'NONE',  ( 1.197188546151999988, 0.01145519599787000152, 0.1089889259845999991 ) ) ;
#9467 = VECTOR ( 'NONE', #1155, 39.37007874015748143 ) ;
#9468 = CARTESIAN_POINT ( 'NONE',  ( 1.047973619356000086, 0.1124504196042999948, 0.03612382912791000517 ) ) ;
#9469 = CARTESIAN_POINT ( 'NONE',  ( 1.161609635410000063, -0.08110098451943996423, -0.06567428234383995700 ) ) ;
#9470 = EDGE_CURVE ( 'NONE', #2142, #9516, #6135, .T. ) ;
#9471 = B_SPLINE_CURVE_WITH_KNOTS ( 'NONE', 3,
 ( #353, #9789, #1915, #1312, #7378, #1160 ),
 .UNSPECIFIED., .F., .F.,
 ( 4, 1, 1, 4 ),
 ( 0.000000000000000000, 0.3333333333333000081, 0.6666666666667000474, 1.000000000000000000 ),
 .UNSPECIFIED. ) ;
#9472 = ORIENTED_EDGE ( 'NONE', *, *, #60, .T. ) ;
#9473 = CIRCLE ( 'NONE', #1080, 0.09055118110236003159 ) ;
#9474 = CARTESIAN_POINT ( 'NONE',  ( 1.361142518271666324, 0.1203913592920805159, 0.003307450339211899428 ) ) ;
#9475 = CARTESIAN_POINT ( 'NONE',  ( 1.150222852064999968, 0.07543737314114999648, 0.07158739411699999167 ) ) ;
#9476 = AXIS2_PLACEMENT_3D ( 'NONE', #796, #5568, #7150 ) ;
#9477 = CARTESIAN_POINT ( 'NONE',  ( 1.284776089636392005, 0.05217945184233735434, -0.09037746170177897442 ) ) ;
#9478 = CARTESIAN_POINT ( 'NONE',  ( 1.328645935998000072, -0.1022864650138999992, 0.05905511811023995972 ) ) ;
#9479 = CARTESIAN_POINT ( 'NONE',  ( 1.297353530127000054, -0.08975114846854999329, -0.08081229706146003666 ) ) ;
#9480 = TOROIDAL_SURFACE ( 'NONE', #779, 0.2592016018472000360, 0.03149606299213000143 ) ;
#9481 = VECTOR ( 'NONE', #4434, 39.37007874015748143 ) ;
#9482 = CARTESIAN_POINT ( 'NONE',  ( 1.196358297127479542, -0.02436176678408999777, 0.1014740604109000133 ) ) ;
#9483 = ORIENTED_EDGE ( 'NONE', *, *, #6454, .T. ) ;
#9484 = DIRECTION ( 'NONE',  ( 0.000000000000000000, 0.8566492884988268219, 0.5158992115854160732 ) ) ;
#9485 = CARTESIAN_POINT ( 'NONE',  ( 0.7261087941478997498, 0.1412757573523999999, -0.06347481862606003944 ) ) ;
#9486 = CARTESIAN_POINT ( 'NONE',  ( 1.110673740099999973, 0.08539875879593995800, -0.08539875879593995800 ) ) ;
#9487 = CARTESIAN_POINT ( 'NONE',  ( 0.5795727200239999544, 0.01574803149606000124, 0.1505976639562000008 ) ) ;
#9488 = AXIS2_PLACEMENT_3D ( 'NONE', #3683, #2046, #6758 ) ;
#9489 = CARTESIAN_POINT ( 'NONE',  ( 0.5787401574803000548, 0.1194158702739000072, -0.08712904529506003415 ) ) ;
#9490 = ORIENTED_EDGE ( 'NONE', *, *, #7578, .T. ) ;
#9491 = CYLINDRICAL_SURFACE ( 'NONE', #7064, 0.3149606299213000282 ) ;
#9492 = LINE ( 'NONE', #4247, #7861 ) ;
#9493 = FACE_OUTER_BOUND ( 'NONE', #1293, .T. ) ;
#9494 = AXIS2_PLACEMENT_3D ( 'NONE', #6093, #3881, #16 ) ;
#9495 = CARTESIAN_POINT ( 'NONE',  ( 1.305680056732999805, 0.05948255673673451954, -0.1032031167347788603 ) ) ;
#9496 = EDGE_LOOP ( 'NONE', ( #9811, #5671, #5969, #1917 ) ) ;
#9497 = CARTESIAN_POINT ( 'NONE',  ( 1.380276758473000021, -0.02041423397274000004, -0.1188038447535999936 ) ) ;
#9498 = VERTEX_POINT ( 'NONE', #904 ) ;
#9499 = EDGE_LOOP ( 'NONE', ( #5519, #5598, #1574, #3863, #2265 ) ) ;
#9500 = VERTEX_POINT ( 'NONE', #1599 ) ;
#9501 = CARTESIAN_POINT ( 'NONE',  ( 1.280780142963000134, 0.08758406939919999301, -0.07480386202907007842 ) ) ;
#9502 = ORIENTED_EDGE ( 'NONE', *, *, #2742, .F. ) ;
#9503 = VERTEX_POINT ( 'NONE', #6852 ) ;
#9504 = CARTESIAN_POINT ( 'NONE',  ( 0.5984251968503937480, -0.01574803149606000124, -0.1210269775506999934 ) ) ;
#9505 = VERTEX_POINT ( 'NONE', #7717 ) ;
#9506 = DIRECTION ( 'NONE',  ( 0.000000000000000000, 0.8782547285461282938, 0.4781930904837151664 ) ) ;
#9507 = CARTESIAN_POINT ( 'NONE',  ( 1.199067751375000102, -0.05217873381839999852, -0.09037621804783996238 ) ) ;
#9508 = ORIENTED_EDGE ( 'NONE', *, *, #3494, .T. ) ;
#9509 = ORIENTED_EDGE ( 'NONE', *, *, #6982, .F. ) ;
#9510 = CARTESIAN_POINT ( 'NONE',  ( 1.376347029824000145, 0.05928833439399999738, 0.08612012065206003930 ) ) ;
#9511 = ORIENTED_EDGE ( 'NONE', *, *, #1875, .T. ) ;
#9512 = DIRECTION ( 'NONE',  ( 0.000000000000000000, 0.000000000000000000, 1.000000000000000000 ) ) ;
#9513 = DIRECTION ( 'NONE',  ( 0.000000000000000000, 0.000000000000000000, 1.000000000000000000 ) ) ;
#9514 = CARTESIAN_POINT ( 'NONE',  ( 1.089402473288999973, 0.1134976800393999868, 0.01907973510068999845 ) ) ;
#9515 = FACE_OUTER_BOUND ( 'NONE', #4924, .T. ) ;
#9516 = VERTEX_POINT ( 'NONE', #6999 ) ;
#9517 = FACE_OUTER_BOUND ( 'NONE', #5661, .T. ) ;
#9518 = DIRECTION ( 'NONE',  ( 0.000000000000000000, 0.1290322580644962247, 0.9916403967057701996 ) ) ;
#9519 = CARTESIAN_POINT ( 'NONE',  ( 1.063399440226000081, 0.08442697196611004262, -0.06133978363043995907 ) ) ;
#9520 = CARTESIAN_POINT ( 'NONE',  ( 1.308438565257999953, -0.09386696909021005619, 0.04477182368245000155 ) ) ;
#9521 = CARTESIAN_POINT ( 'NONE',  ( 1.185382593915333072, 0.02061412502356081353, -0.1181102362204999728 ) ) ;
#9522 = CARTESIAN_POINT ( 'NONE',  ( 0.7294509068517992523, -0.1823135949437000025, 0.08833649476327007366 ) ) ;
#9523 = ORIENTED_EDGE ( 'NONE', *, *, #6011, .T. ) ;
#9524 = CARTESIAN_POINT ( 'NONE',  ( 1.258609413979999925, 0.06567428234212992211, -0.08110098452177991191 ) ) ;
#9525 = CARTESIAN_POINT ( 'NONE',  ( 1.091558030338000140, 0.09118831415057007672, -0.04983236100420999209 ) ) ;
#9526 = ADVANCED_FACE ( 'NONE', ( #4622, #7665, #2399, #9232, #803, #3833 ), #6907, .T. ) ;
#9527 = CARTESIAN_POINT ( 'NONE',  ( 1.272926264139000008, 0.008159577064293996665, 0.1036772567394999983 ) ) ;
#9528 = FACE_OUTER_BOUND ( 'NONE', #4101, .T. ) ;
#9529 = CARTESIAN_POINT ( 'NONE',  ( 1.076307798139999994, -0.09742608914447992152, 0.03739837169672000083 ) ) ;
#9530 = ORIENTED_EDGE ( 'NONE', *, *, #7372, .F. ) ;
#9531 = VECTOR ( 'NONE', #111, 39.37007874015748854 ) ;
#9532 = CARTESIAN_POINT ( 'NONE',  ( 1.351144090249000174, 0.000000000000000000, -0.1181102362205000006 ) ) ;
#9533 = CARTESIAN_POINT ( 'NONE',  ( 1.099041749703000059, 0.04477222734793999404, -0.09386692666325001377 ) ) ;
#9534 = DIRECTION ( 'NONE',  ( 1.000000000000000000, 0.000000000000000000, 0.000000000000000000 ) ) ;
#9535 = CARTESIAN_POINT ( 'NONE',  ( 0.6751361352972008456, 0.01574803149606000124, 0.1842016342662999850 ) ) ;
#9536 = EDGE_CURVE ( 'NONE', #7649, #2738, #5527, .T. ) ;
#9537 = ADVANCED_FACE ( 'NONE', ( #8606, #5474 ), #3115, .T. ) ;
#9538 = CARTESIAN_POINT ( 'NONE',  ( 1.330763416391000042, -0.1164092492941000145, 0.02574833084660000174 ) ) ;
#9539 = VECTOR ( 'NONE', #3900, 39.37007874015748143 ) ;
#9540 = CARTESIAN_POINT ( 'NONE',  ( 0.7362204724408996093, 0.000000000000000000, 0.000000000000000000 ) ) ;
#9541 = CARTESIAN_POINT ( 'NONE',  ( 1.047972525785610731, 0.09432120137354797762, -0.05608670431687630409 ) ) ;
#9542 = CARTESIAN_POINT ( 'NONE',  ( 1.121336469759000032, 0.07352138576997992170, 0.09581493538187993431 ) ) ;
#9543 = CYLINDRICAL_SURFACE ( 'NONE', #8894, 0.1220472440945000042 ) ;
#9544 = DIRECTION ( 'NONE',  ( 0.000000000000000000, 1.000000000000000000, 0.000000000000000000 ) ) ;
#9545 = AXIS2_PLACEMENT_3D ( 'NONE', #541, #4472, #5930 ) ;
#9546 = LINE ( 'NONE', #349, #7706 ) ;
#9547 = ORIENTED_EDGE ( 'NONE', *, *, #706, .F. ) ;
#9548 = DIRECTION ( 'NONE',  ( 0.000000000000000000, 0.000000000000000000, 1.000000000000000000 ) ) ;
#9549 = DIRECTION ( 'NONE',  ( 1.000000000000000000, 0.000000000000000000, 0.000000000000000000 ) ) ;
#9550 = DIRECTION ( 'NONE',  ( -0.9682773237093529328, 0.000000000000000000, 0.2498780190217879671 ) ) ;
#9551 = FACE_OUTER_BOUND ( 'NONE', #2939, .T. ) ;
#9552 = ORIENTED_EDGE ( 'NONE', *, *, #2047, .T. ) ;
#9553 = ORIENTED_EDGE ( 'NONE', *, *, #6172, .F. ) ;
#9554 = ORIENTED_EDGE ( 'NONE', *, *, #2920, .F. ) ;
#9555 = ORIENTED_EDGE ( 'NONE', *, *, #7742, .T. ) ;
#9556 = ORIENTED_EDGE ( 'NONE', *, *, #6310, .F. ) ;
#9557 = EDGE_LOOP ( 'NONE', ( #2531, #2118, #6978, #2077 ) ) ;
#9558 = CARTESIAN_POINT ( 'NONE',  ( 0.6102362204723996708, 0.3543307086614000401, -0.3543307086614000401 ) ) ;
#9559 = ORIENTED_EDGE ( 'NONE', *, *, #8046, .F. ) ;
#9560 = DIRECTION ( 'NONE',  ( 1.000000000000000000, 0.000000000000000000, 0.000000000000000000 ) ) ;
#9561 = CARTESIAN_POINT ( 'NONE',  ( 1.216128118829000071, 0.08442696480807007631, 0.06133978044347008357 ) ) ;
#9562 = CARTESIAN_POINT ( 'NONE',  ( 1.357068814600999929, -0.05357593097047999575, -0.08978536462928997375 ) ) ;
#9563 = CARTESIAN_POINT ( 'NONE',  ( 1.131176532562000014, 0.09810473386976004129, 0.06017658064541003826 ) ) ;
#9564 = ORIENTED_EDGE ( 'NONE', *, *, #5208, .T. ) ;
#9565 = DIRECTION ( 'NONE',  ( 1.000000000000000000, 0.000000000000000000, 0.000000000000000000 ) ) ;
#9566 = ORIENTED_EDGE ( 'NONE', *, *, #2922, .T. ) ;
#9567 = CARTESIAN_POINT ( 'NONE',  ( 1.095387629203000035, -0.02436176700353999761, -0.1014740624988999945 ) ) ;
#9568 = CARTESIAN_POINT ( 'NONE',  ( 1.231666911714000223, -0.1031081313941999977, 0.01357444301962000034 ) ) ;
#9569 = CARTESIAN_POINT ( 'NONE',  ( 0.7244094488188976833, 0.1813108520207999952, 0.08649560877427991956 ) ) ;
#9570 = CYLINDRICAL_SURFACE ( 'NONE', #4588, 0.08267716535433068670 ) ;
#9571 = CARTESIAN_POINT ( 'NONE',  ( 1.205295765685999942, -0.1043217069378999939, -0.002731760046631000020 ) ) ;
#9572 = CARTESIAN_POINT ( 'NONE',  ( 1.088391548850000001, 0.09609102542468997421, -0.05251158235385999795 ) ) ;
#9573 = CARTESIAN_POINT ( 'NONE',  ( 1.249468258888999816, -0.06544796599128996362, -0.08082150710363995849 ) ) ;
#9574 = CARTESIAN_POINT ( 'NONE',  ( 0.7294037235237007533, -0.1269201138559999942, -0.09023588883991004450 ) ) ;
#9575 = CARTESIAN_POINT ( 'NONE',  ( 1.067834155574000077, -0.05217873381818999984, 0.09037621804796004688 ) ) ;
#9576 = EDGE_LOOP ( 'NONE', ( #8189, #9511, #5404, #1823 ) ) ;
#9577 = CYLINDRICAL_SURFACE ( 'NONE', #9380, 0.01181102362205004204 ) ;
#9578 = CARTESIAN_POINT ( 'NONE',  ( 1.073451198522000105, 0.04962348392305999945, 0.09139508797557008291 ) ) ;
#9579 = CARTESIAN_POINT ( 'NONE',  ( 1.303969003022330098, -0.04492766914367226500, 0.09419278167412940828 ) ) ;
#9580 = DIRECTION ( 'NONE',  ( 0.000000000000000000, -0.1290322580644962247, 0.9916403967057701996 ) ) ;
#9581 = CARTESIAN_POINT ( 'NONE',  ( 1.295220984194999980, -0.1115788554892000045, -0.04621747521769000583 ) ) ;
#9582 = CIRCLE ( 'NONE', #564, 0.1574803149605999708 ) ;
#9583 = ADVANCED_FACE ( 'NONE', ( #7057 ), #2251, .T. ) ;
#9584 = CARTESIAN_POINT ( 'NONE',  ( 1.133366171143364243, -0.03993587390816000920, -0.09641372841431003482 ) ) ;
#9585 = ADVANCED_FACE ( 'NONE', ( #5331 ), #9187, .T. ) ;
#9586 = CARTESIAN_POINT ( 'NONE',  ( 0.7334668505432992980, 0.1411895925763999859, -0.06814406679622007912 ) ) ;
#9587 = CARTESIAN_POINT ( 'NONE',  ( 1.087215734851000093, -0.02200896399271000045, 0.1187497432075999976 ) ) ;
#9588 = CARTESIAN_POINT ( 'NONE',  ( 1.046026199946000101, -0.02713672894063000329, -0.1106773350079000157 ) ) ;
#9589 = DIRECTION ( 'NONE',  ( 1.000000000000000000, 0.000000000000000000, 0.000000000000000000 ) ) ;
#9590 = VERTEX_POINT ( 'NONE', #2447 ) ;
#9591 = LINE ( 'NONE', #4088, #1097 ) ;
#9592 = CIRCLE ( 'NONE', #2992, 0.01968503937008000623 ) ;
#9593 = CARTESIAN_POINT ( 'NONE',  ( 0.7280600717204999128, 0.000000000000000000, 0.000000000000000000 ) ) ;
#9594 = DIRECTION ( 'NONE',  ( 0.000000000000000000, 0.000000000000000000, 1.000000000000000000 ) ) ;
#9595 = EDGE_CURVE ( 'NONE', #2455, #9697, #1331, .T. ) ;
#9596 = CARTESIAN_POINT ( 'NONE',  ( 1.271583722795249782, -0.01546059376766966906, -0.1181102362205000145 ) ) ;
#9597 = DIRECTION ( 'NONE',  ( 1.000000000000000000, 0.000000000000000000, 0.000000000000000000 ) ) ;
#9598 = EDGE_CURVE ( 'NONE', #2461, #1465, #7264, .T. ) ;
#9599 = ORIENTED_EDGE ( 'NONE', *, *, #7731, .T. ) ;
#9600 = EDGE_LOOP ( 'NONE', ( #1672, #4999, #4049, #299 ) ) ;
#9601 = ORIENTED_EDGE ( 'NONE', *, *, #65, .F. ) ;
#9602 = ORIENTED_EDGE ( 'NONE', *, *, #3805, .F. ) ;
#9603 = CIRCLE ( 'NONE', #8611, 0.1574803149605999708 ) ;
#9604 = EDGE_CURVE ( 'NONE', #4904, #831, #2661, .T. ) ;
#9605 = ORIENTED_EDGE ( 'NONE', *, *, #659, .T. ) ;
#9606 = FACE_OUTER_BOUND ( 'NONE', #1619, .T. ) ;
#9607 = ORIENTED_EDGE ( 'NONE', *, *, #5881, .T. ) ;
#9608 = CARTESIAN_POINT ( 'NONE',  ( -0.08759842519685039075, 0.000000000000000000, 0.000000000000000000 ) ) ;
#9609 = CARTESIAN_POINT ( 'NONE',  ( 1.237453578146000099, -0.06567428234212992211, -0.08110098452177991191 ) ) ;
#9610 = CARTESIAN_POINT ( 'NONE',  ( 1.341096744012999942, -0.1013134592841000159, 0.05607809013737000137 ) ) ;
#9611 = CARTESIAN_POINT ( 'NONE',  ( 1.091491176251999873, 0.1010071451113000035, 0.05516626054289000547 ) ) ;
#9612 = DIRECTION ( 'NONE',  ( 0.000000000000000000, -1.000000000000000000, 0.000000000000000000 ) ) ;
#9613 = CARTESIAN_POINT ( 'NONE',  ( 1.165818186112000054, -0.08110098451943996423, -0.06567428234383995700 ) ) ;
#9614 = CARTESIAN_POINT ( 'NONE',  ( 1.189015993079000078, -0.08250703959862992765, 0.06330987804492992088 ) ) ;
#9615 = APPLICATION_PROTOCOL_DEFINITION ( 'draft international standard', 'automotive_design', 1998, #3157 ) ;
#9616 = CARTESIAN_POINT ( 'NONE',  ( 0.5265748031496000348, 0.000000000000000000, 0.000000000000000000 ) ) ;
#9617 = CARTESIAN_POINT ( 'NONE',  ( 1.271151348861000008, -0.1012472735857000011, -0.04193799387248999672 ) ) ;
#9618 = CARTESIAN_POINT ( 'NONE',  ( 1.243681592456999940, -0.1034646750344000027, 0.01362138288035000082 ) ) ;
#9619 = CARTESIAN_POINT ( 'NONE',  ( 1.105101172559000089, -0.06145060553721003876, 0.09063539334931003388 ) ) ;
#9620 = CARTESIAN_POINT ( 'NONE',  ( 1.075553539067999997, 0.000000000000000000, -0.1181102362205000006 ) ) ;
#9621 = AXIS2_PLACEMENT_3D ( 'NONE', #3653, #2840, #6732 ) ;
#9622 = CYLINDRICAL_SURFACE ( 'NONE', #3954, 0.1181102362205000006 ) ;
#9623 = CARTESIAN_POINT ( 'NONE',  ( 1.142473263186000176, 0.01362138288035000082, 0.1034646750344000027 ) ) ;
#9624 = CARTESIAN_POINT ( 'NONE',  ( 0.7261127196227008529, -0.1412764457008000019, -0.06347575096245000603 ) ) ;
#9625 = ORIENTED_EDGE ( 'NONE', *, *, #1978, .F. ) ;
#9626 = DIRECTION ( 'NONE',  ( 1.000000000000000000, -1.216685809557999981E-09, -7.379892564616999444E-10 ) ) ;
#9627 = DIRECTION ( 'NONE',  ( 1.000000000000000000, 0.000000000000000000, 0.000000000000000000 ) ) ;
#9628 = CARTESIAN_POINT ( 'NONE',  ( 1.307195144723901636, -0.08417909245235589977, 0.05891514313500916672 ) ) ;
#9629 = AXIS2_PLACEMENT_3D ( 'NONE', #3577, #489, #5877 ) ;
#9630 = DIRECTION ( 'NONE',  ( 0.000000000000000000, -0.9143635271356941319, 0.4048942334041975566 ) ) ;
#9631 = B_SPLINE_CURVE_WITH_KNOTS ( 'NONE', 3,
 ( #9504, #6581, #8746, #1821, #8905, #4908 ),
 .UNSPECIFIED., .F., .F.,
 ( 4, 1, 1, 4 ),
 ( 0.000000000000000000, 0.3333333333333000081, 0.6666666666667000474, 1.000000000000000000 ),
 .UNSPECIFIED. ) ;
#9632 = CARTESIAN_POINT ( 'NONE',  ( 1.258967703354999967, -0.07600433443792992128, -0.09385753648173995878 ) ) ;
#9633 = AXIS2_PLACEMENT_3D ( 'NONE', #2674, #7885, #7274 ) ;
#9634 = CARTESIAN_POINT ( 'NONE',  ( 1.165354360120364197, -0.1043574676366000598, -1.222648457119365979E-13 ) ) ;
#9635 = CARTESIAN_POINT ( 'NONE',  ( 1.355762353029828171, 0.09477281425906403101, 0.07391153973577985203 ) ) ;
#9636 = CARTESIAN_POINT ( 'NONE',  ( 1.072287913329000197, 0.09770667579532008040, -0.07098805290494999976 ) ) ;
#9637 = CARTESIAN_POINT ( 'NONE',  ( 0.7519685039370078705, -0.1122047244094000057, 0.000000000000000000 ) ) ;
#9638 = DIRECTION ( 'NONE',  ( 0.000000000000000000, 0.000000000000000000, -1.000000000000000000 ) ) ;
#9639 = DIRECTION ( 'NONE',  ( 1.000000000000000000, 0.000000000000000000, 0.000000000000000000 ) ) ;
#9640 = CIRCLE ( 'NONE', #6088, 0.1478229366752999985 ) ;
#9641 = ADVANCED_FACE ( 'NONE', ( #6351 ), #229, .F. ) ;
#9642 = CARTESIAN_POINT ( 'NONE',  ( 0.5787401574803000548, 0.000000000000000000, 0.000000000000000000 ) ) ;
#9643 = EDGE_CURVE ( 'NONE', #1065, #2469, #8306, .T. ) ;
#9644 = CARTESIAN_POINT ( 'NONE',  ( 1.388361710567999951, 0.05949335099437007279, 0.08641792045599999694 ) ) ;
#9645 = FACE_OUTER_BOUND ( 'NONE', #9952, .T. ) ;
#9646 = AXIS2_PLACEMENT_3D ( 'NONE', #5655, #8897, #6414 ) ;
#9647 = CARTESIAN_POINT ( 'NONE',  ( 0.7309195682576004049, 0.01384165564065000138, 0.1555034227300000071 ) ) ;
#9648 = EDGE_CURVE ( 'NONE', #3812, #9937, #7341, .T. ) ;
#9649 = ORIENTED_EDGE ( 'NONE', *, *, #2125, .T. ) ;
#9650 = ORIENTED_EDGE ( 'NONE', *, *, #8157, .F. ) ;
#9651 = CARTESIAN_POINT ( 'NONE',  ( 1.246659408055000196, 0.1141952844564999986, 0.01503409441140000045 ) ) ;
#9652 = ORIENTED_EDGE ( 'NONE', *, *, #5658, .T. ) ;
#9653 = FACE_BOUND ( 'NONE', #8073, .T. ) ;
#9654 = ORIENTED_EDGE ( 'NONE', *, *, #65, .T. ) ;
#9655 = LINE ( 'NONE', #7944, #4282 ) ;
#9656 = ORIENTED_EDGE ( 'NONE', *, *, #4110, .F. ) ;
#9657 = CARTESIAN_POINT ( 'NONE',  ( 1.188405021716000043, -0.08279234551820000010, 0.06352880097637007839 ) ) ;
#9658 = EDGE_CURVE ( 'NONE', #255, #4845, #3979, .T. ) ;
#9659 = CARTESIAN_POINT ( 'NONE',  ( 1.361131663822000126, 0.06363499041757991748, -0.08994147405306004983 ) ) ;
#9660 = CARTESIAN_POINT ( 'NONE',  ( 1.269590817887332967, 0.1032031167347791240, -0.05948255673673399913 ) ) ;
#9661 = DIRECTION ( 'NONE',  ( 1.000000000000000000, 0.000000000000000000, 0.000000000000000000 ) ) ;
#9662 = CARTESIAN_POINT ( 'NONE',  ( 1.052793251728999957, -0.008188164623482006854, -0.1040356027308000086 ) ) ;
#9663 = CARTESIAN_POINT ( 'NONE',  ( 1.223136727987000238, -0.008159577064295001070, 0.1036772567394999983 ) ) ;
#9664 = DIRECTION ( 'NONE',  ( 1.000000000000000000, 0.000000000000000000, 0.000000000000000000 ) ) ;
#9665 = CARTESIAN_POINT ( 'NONE',  ( 1.243428251747999980, 0.06896675547350000768, -0.08516685022967009078 ) ) ;
#9666 = CARTESIAN_POINT ( 'NONE',  ( 1.318377241229999886, -0.1018014538566000132, 0.01069976395653000033 ) ) ;
#9667 = CARTESIAN_POINT ( 'NONE',  ( 1.098835063668000211, 0.04306782106855000514, 0.1006782709272000115 ) ) ;
#9668 = DIRECTION ( 'NONE',  ( 0.000000000000000000, 1.000000000000000000, 0.000000000000000000 ) ) ;
#9669 = EDGE_CURVE ( 'NONE', #1317, #4878, #6497, .T. ) ;
#9670 = EDGE_CURVE ( 'NONE', #200, #8151, #8111, .T. ) ;
#9671 = CARTESIAN_POINT ( 'NONE',  ( 0.9838867820207009007, -0.09534120890117993297, 0.1805922170975000074 ) ) ;
#9672 = CARTESIAN_POINT ( 'NONE',  ( -0.002765821536155000076, 0.000000000000000000, -0.3149606299213000282 ) ) ;
#9673 = CARTESIAN_POINT ( 'NONE',  ( 1.080629431164999987, -0.05683715047029000433, -0.08752153665227008217 ) ) ;
#9674 = EDGE_LOOP ( 'NONE', ( #6157, #6679, #475, #4459, #5725 ) ) ;
#9675 = CARTESIAN_POINT ( 'NONE',  ( 0.5841804246273000212, -0.1259363778563000191, 0.09089366210302991800 ) ) ;
#9676 = CARTESIAN_POINT ( 'NONE',  ( 0.5830288430312999814, 0.01574803149606000124, -0.1540665260855000052 ) ) ;
#9677 = CARTESIAN_POINT ( 'NONE',  ( 0.9999994263157996333, 0.1600068111433885776, 0.1160145362301281680 ) ) ;
#9678 = CARTESIAN_POINT ( 'NONE',  ( 1.311774011509000193, 0.000000000000000000, -0.1181102362205000006 ) ) ;
#9679 = CARTESIAN_POINT ( 'NONE',  ( 1.225945578821999948, 0.08559591969662008748, -0.07707091227022992708 ) ) ;
#9680 = ORIENTED_EDGE ( 'NONE', *, *, #4236, .F. ) ;
#9681 = B_SPLINE_CURVE_WITH_KNOTS ( 'NONE', 3,
 ( #7618, #2297, #2249, #8506, #3223, #4523 ),
 .UNSPECIFIED., .F., .F.,
 ( 4, 1, 1, 4 ),
 ( 0.000000000000000000, 0.3333333333333000081, 0.6666666666667000474, 1.000000000000000000 ),
 .UNSPECIFIED. ) ;
#9682 = CARTESIAN_POINT ( 'NONE',  ( 0.7309163189859999576, -0.01384384580942999918, 0.1555023890704999856 ) ) ;
#9683 = CARTESIAN_POINT ( 'NONE',  ( 1.109639804544000130, 0.1039603787444000060, -0.04958655703110999291 ) ) ;
#9684 = CARTESIAN_POINT ( 'NONE',  ( 1.298298166969250156, -0.07258425826477052367, -0.09444883965335053311 ) ) ;
#9685 = FACE_OUTER_BOUND ( 'NONE', #89, .T. ) ;
#9686 = CARTESIAN_POINT ( 'NONE',  ( 0.000000000000000000, 0.000000000000000000, 0.000000000000000000 ) ) ;
#9687 = AXIS2_PLACEMENT_3D ( 'NONE', #5011, #5057, #9612 ) ;
#9688 = CARTESIAN_POINT ( 'NONE',  ( 1.154014715045426964, -0.1039809352188243718, -0.007850096623671745308 ) ) ;
#9689 = FACE_OUTER_BOUND ( 'NONE', #4203, .T. ) ;
#9690 = CARTESIAN_POINT ( 'NONE',  ( 1.395591041275999977, -0.05357547314793999899, 0.08722207079068997060 ) ) ;
#9691 = DIRECTION ( 'NONE',  ( 0.000000000000000000, 1.000000000000000000, 0.000000000000000000 ) ) ;
#9692 = AXIS2_PLACEMENT_3D ( 'NONE', #7131, #5349, #3137 ) ;
#9693 = CARTESIAN_POINT ( 'NONE',  ( 1.346721497457000094, 0.1095675205459000073, -0.03480949078070000313 ) ) ;
#9694 = ORIENTED_EDGE ( 'NONE', *, *, #8345, .F. ) ;
#9695 = VERTEX_POINT ( 'NONE', #890 ) ;
#9696 = CARTESIAN_POINT ( 'NONE',  ( 1.231731586532000211, -0.07248554495571003786, -0.08951219335570000102 ) ) ;
#9697 = VERTEX_POINT ( 'NONE', #3213 ) ;
#9698 = EDGE_LOOP ( 'NONE', ( #2381, #2018, #1862, #3597 ) ) ;
#9699 = DIRECTION ( 'NONE',  ( 0.000000000000000000, 0.01845717877593919948, -0.9998296517665561378 ) ) ;
#9700 = EDGE_LOOP ( 'NONE', ( #6348, #9815, #5898, #5925, #5999 ) ) ;
#9701 = CARTESIAN_POINT ( 'NONE',  ( 1.375649856336000232, -8.149059734966004353E-12, -0.1086021121677999968 ) ) ;
#9702 = CARTESIAN_POINT ( 'NONE',  ( 0.3149606299213000282, 0.000000000000000000, 0.2263779527559000304 ) ) ;
#9703 = CIRCLE ( 'NONE', #1789, 0.1553113939094000473 ) ;
#9704 = CARTESIAN_POINT ( 'NONE',  ( 1.136716802139499993, -0.1150361429136074198, -0.03091510445189083259 ) ) ;
#9705 = CARTESIAN_POINT ( 'NONE',  ( 1.318512384154999939, -0.04149875605835999515, -0.09596689307663995583 ) ) ;
#9706 = CARTESIAN_POINT ( 'NONE',  ( 1.076870255506000129, -0.02988844418643999898, -0.1111415339553000203 ) ) ;
#9707 = CARTESIAN_POINT ( 'NONE',  ( 0.5819715378862000410, 0.1249886770810000047, 0.09034650680530001421 ) ) ;
#9708 = EDGE_CURVE ( 'NONE', #9590, #362, #3918, .T. ) ;
#9709 = ADVANCED_FACE ( 'NONE', ( #3061 ), #5412, .T. ) ;
#9710 = CARTESIAN_POINT ( 'NONE',  ( 1.078383802910000133, -0.07935404094595001345, 0.06777475368538997402 ) ) ;
#9711 = CARTESIAN_POINT ( 'NONE',  ( 1.305272083769000169, -0.09891369741183997366, 0.04717896682107999839 ) ) ;
#9712 = B_SPLINE_CURVE_WITH_KNOTS ( 'NONE', 3,
 ( #8687, #8526, #6968, #88, #3337, #8623 ),
 .UNSPECIFIED., .F., .F.,
 ( 4, 1, 1, 4 ),
 ( 0.000000000000000000, 0.3333333333333000081, 0.6666666666667000474, 1.000000000000000000 ),
 .UNSPECIFIED. ) ;
#9713 = CARTESIAN_POINT ( 'NONE',  ( 1.031496062992000029, -0.1181102362205000006, -3.876638853678000262E-11 ) ) ;
#9714 = CARTESIAN_POINT ( 'NONE',  ( 1.256223527338999890, 0.04457396741637999898, 0.1001147699759999954 ) ) ;
#9715 = CARTESIAN_POINT ( 'NONE',  ( 1.307657970410000203, 0.08279234551820000010, 0.06352880097637007839 ) ) ;
#9716 = CARTESIAN_POINT ( 'NONE',  ( 1.071681925140000047, -0.1094682155066999812, 0.002767894912075999705 ) ) ;
#9717 = DIRECTION ( 'NONE',  ( -1.000000000000000000, 0.000000000000000000, 0.000000000000000000 ) ) ;
#9718 = ADVANCED_FACE ( 'NONE', ( #4712 ), #5279, .F. ) ;
#9719 = CARTESIAN_POINT ( 'NONE',  ( 0.7334669091272008057, 0.01158024468929000003, -0.1563458270956999963 ) ) ;
#9720 = CARTESIAN_POINT ( 'NONE',  ( 0.8543307086613995960, 0.000000000000000000, 0.1535433070865999949 ) ) ;
#9721 = CARTESIAN_POINT ( 'NONE',  ( 1.157401084708000072, -0.08110098451943996423, -0.06567428234383995700 ) ) ;
#9722 = AXIS2_PLACEMENT_3D ( 'NONE', #1586, #8540, #1024 ) ;
#9723 = CARTESIAN_POINT ( 'NONE',  ( 0.6752388305532991408, -0.1516782855549000109, -0.1057557594422000036 ) ) ;
#9724 = DIRECTION ( 'NONE',  ( 1.000000000000000000, 0.000000000000000000, 0.000000000000000000 ) ) ;
#9725 = CARTESIAN_POINT ( 'NONE',  ( 1.000000080887000209, 0.09349880026292992086, -0.1732278469391000109 ) ) ;
#9726 = CARTESIAN_POINT ( 'NONE',  ( 1.405511811024000357, 0.000000000000000000, 0.07874015748031004680 ) ) ;
#9727 = CARTESIAN_POINT ( 'NONE',  ( 1.270729043388999946, 0.1141952844564999986, 0.01503409441140000045 ) ) ;
#9728 = B_SPLINE_CURVE_WITH_KNOTS ( 'NONE', 3,
 ( #849, #4669, #6997, #1791, #7208, #3423 ),
 .UNSPECIFIED., .F., .F.,
 ( 4, 1, 1, 4 ),
 ( 0.000000000000000000, 0.3333333333333000081, 0.6666666666667000474, 1.000000000000000000 ),
 .UNSPECIFIED. ) ;
#9729 = CARTESIAN_POINT ( 'NONE',  ( 0.7244094488188976833, 0.1813108520207999952, -0.08649560877427991956 ) ) ;
#9730 = CARTESIAN_POINT ( 'NONE',  ( 1.133097809793000010, -0.1137626058724000022, -0.01801822666096000031 ) ) ;
#9731 = DIRECTION ( 'NONE',  ( -1.000000000000000000, 0.000000000000000000, 0.000000000000000000 ) ) ;
#9732 = CARTESIAN_POINT ( 'NONE',  ( 0.7334836223767007279, -0.01157505979184000194, 0.2053428003530000379 ) ) ;
#9733 = CARTESIAN_POINT ( 'NONE',  ( 0.7362204724408996093, 0.000000000000000000, -0.2185039370079000232 ) ) ;
#9734 = CARTESIAN_POINT ( 'NONE',  ( 0.9744094488277993404, 0.000000000000000000, 0.000000000000000000 ) ) ;
#9735 = CARTESIAN_POINT ( 'NONE',  ( 1.328117287994999840, -0.07472918482929999384, -0.07364155170946004580 ) ) ;
#9736 = CARTESIAN_POINT ( 'NONE',  ( 1.261741203110249954, -0.1181102362205000006, 0.01546059376766979396 ) ) ;
#9737 = CARTESIAN_POINT ( 'NONE',  ( 1.366980683808999952, -0.1122930016127999947, 0.02463785696408999845 ) ) ;
#9738 = CARTESIAN_POINT ( 'NONE',  ( 1.175619155865499810, -0.03091510445189072503, 0.1150361429136074476 ) ) ;
#9739 = ORIENTED_EDGE ( 'NONE', *, *, #5873, .T. ) ;
#9740 = CARTESIAN_POINT ( 'NONE',  ( 1.195478305693000065, -0.02099001011798000069, -0.1132519600808000043 ) ) ;
#9741 = ORIENTED_EDGE ( 'NONE', *, *, #3291, .T. ) ;
#9742 = DIRECTION ( 'NONE',  ( 0.000000000000000000, 0.8660254037844288266, 0.5000000000000169864 ) ) ;
#9743 = ORIENTED_EDGE ( 'NONE', *, *, #1069, .T. ) ;
#9744 = CARTESIAN_POINT ( 'NONE',  ( 1.011811023621999928, 0.1181102362205000006, 0.000000000000000000 ) ) ;
#9745 = ORIENTED_EDGE ( 'NONE', *, *, #9351, .T. ) ;
#9746 = CYLINDRICAL_SURFACE ( 'NONE', #9621, 0.1181102362205000006 ) ;
#9747 = DIRECTION ( 'NONE',  ( 1.000000000000000000, 0.000000000000000000, 0.000000000000000000 ) ) ;
#9748 = CARTESIAN_POINT ( 'NONE',  ( 1.202552248391000056, -0.09890783045037992993, 0.03213710226366000428 ) ) ;
#9749 = CARTESIAN_POINT ( 'NONE',  ( 1.320165456472000010, 0.03891766934449999993, -0.1030742244401000041 ) ) ;
#9750 = CARTESIAN_POINT ( 'NONE',  ( 1.039273602159999976, 0.002295447624695000095, -0.1129551525205000073 ) ) ;
#9751 = DIRECTION ( 'NONE',  ( 0.000000000000000000, 0.4749739059883880121, -0.8799998799034769448 ) ) ;
#9752 = CARTESIAN_POINT ( 'NONE',  ( 1.110371991885999998, 0.03224823098968999935, 0.09924984962000001076 ) ) ;
#9753 = ADVANCED_FACE ( 'NONE', ( #9220 ), #7591, .T. ) ;
#9754 = CARTESIAN_POINT ( 'NONE',  ( 1.214606544260000032, 0.09971518846662992541, 0.02953698447650000142 ) ) ;
#9755 = FACE_OUTER_BOUND ( 'NONE', #1596, .T. ) ;
#9756 = CARTESIAN_POINT ( 'NONE',  ( 1.228500430226000084, -0.1086517079254000068, 0.01430426871551000040 ) ) ;
#9757 = CARTESIAN_POINT ( 'NONE',  ( 1.256533409209000141, 0.08897936835737992045, -0.05452662705760000228 ) ) ;
#9758 = AXIS2_PLACEMENT_3D ( 'NONE', #4698, #1577, #6163 ) ;
#9759 = EDGE_LOOP ( 'NONE', ( #2565, #9075, #1011, #144, #9850 ) ) ;
#9760 = CARTESIAN_POINT ( 'NONE',  ( 1.107189875523000078, -0.08772417624362006949, 0.06553945644306004292 ) ) ;
#9761 = PLANE ( 'NONE',  #3509 ) ;
#9762 = CARTESIAN_POINT ( 'NONE',  ( 0.5841804246273000212, -0.1259363778563000191, -0.09089366210302991800 ) ) ;
#9763 = EDGE_CURVE ( 'NONE', #5047, #3293, #1603, .T. ) ;
#9764 = CARTESIAN_POINT ( 'NONE',  ( 1.234674273976499759, 0.03091510445189094708, -0.1150361429136074198 ) ) ;
#9765 = DIRECTION ( 'NONE',  ( -1.000000000000000000, 0.000000000000000000, 0.000000000000000000 ) ) ;
#9766 = VERTEX_POINT ( 'NONE', #7756 ) ;
#9767 = CARTESIAN_POINT ( 'NONE',  ( 1.061436517779000166, 0.04979507987150000314, 0.09171112839765001301 ) ) ;
#9768 = CARTESIAN_POINT ( 'NONE',  ( 0.7362204724408996093, -0.1383078312671000010, -0.07530599850137008333 ) ) ;
#9769 = ORIENTED_EDGE ( 'NONE', *, *, #1136, .F. ) ;
#9770 = FACE_OUTER_BOUND ( 'NONE', #8795, .T. ) ;
#9771 = DIRECTION ( 'NONE',  ( -1.000000000000000000, 0.000000000000000000, 0.000000000000000000 ) ) ;
#9772 = CARTESIAN_POINT ( 'NONE',  ( 0.9999994263158000773, 0.1780917563452039665, 0.08570226689445417656 ) ) ;
#9773 = CARTESIAN_POINT ( 'NONE',  ( 0.7244094488188976833, -0.1251805779226000115, 0.09045730080782006521 ) ) ;
#9774 = CARTESIAN_POINT ( 'NONE',  ( 1.313414431456499720, 0.03091510445189094708, -0.1150361429136074198 ) ) ;
#9775 = CARTESIAN_POINT ( 'NONE',  ( 1.311247416092000018, 0.1095433277718000087, 0.03559278482678999989 ) ) ;
#9776 = CIRCLE ( 'NONE', #8330, 0.08267716535433068670 ) ;
#9777 = EDGE_CURVE ( 'NONE', #6470, #6199, #4208, .T. ) ;
#9778 = CARTESIAN_POINT ( 'NONE',  ( 0.5866141732283000065, 0.000000000000000000, 0.000000000000000000 ) ) ;
#9779 = CARTESIAN_POINT ( 'NONE',  ( 1.068022821465000050, 0.03125823055139000106, -0.1166569253376000120 ) ) ;
#9780 = AXIS2_PLACEMENT_3D ( 'NONE', #4977, #376, #1131 ) ;
#9781 = CARTESIAN_POINT ( 'NONE',  ( 1.301579006864250321, -0.01546059376766967600, -0.1181102362205000700 ) ) ;
#9782 = DIRECTION ( 'NONE',  ( 0.000000000000000000, 1.000000000000000000, 0.000000000000000000 ) ) ;
#9783 = CARTESIAN_POINT ( 'NONE',  ( 1.083755638805500077, 0.1150361429136075309, -0.03091510445189034686 ) ) ;
#9784 = DIRECTION ( 'NONE',  ( 1.000000000000000000, 0.000000000000000000, 0.000000000000000000 ) ) ;
#9785 = CARTESIAN_POINT ( 'NONE',  ( 1.133127685408427121, 0.1035702866587886323, -0.01211835910597655781 ) ) ;
#9786 = CIRCLE ( 'NONE', #6231, 0.1535433070865999949 ) ;
#9787 = CARTESIAN_POINT ( 'NONE',  ( 1.325707511091999802, -0.09689884475210000514, -0.04022598257578000741 ) ) ;
#9788 = EDGE_CURVE ( 'NONE', #8794, #7307, #3063, .T. ) ;
#9789 = CARTESIAN_POINT ( 'NONE',  ( 0.7248214212811003865, -0.01574803149606000124, -0.2004019125857000039 ) ) ;
#9790 = CARTESIAN_POINT ( 'NONE',  ( 1.331399504157000147, -0.06850272214707991969, -0.08527637176568995947 ) ) ;
#9791 = CARTESIAN_POINT ( 'NONE',  ( 1.178079785786749767, -0.07258425826477071796, 0.09444883965335038045 ) ) ;
#9792 = CARTESIAN_POINT ( 'NONE',  ( 1.284011299270000128, 0.1148610764325999900, 0.03732062610835000516 ) ) ;
#9793 = ORIENTED_EDGE ( 'NONE', *, *, #1499, .F. ) ;
#9794 = AXIS2_PLACEMENT_3D ( 'NONE', #553, #9784, #3983 ) ;
#9795 = CIRCLE ( 'NONE', #622, 0.08267716535433068670 ) ;
#9796 = LINE ( 'NONE', #7532, #5739 ) ;
#9797 = ORIENTED_EDGE ( 'NONE', *, *, #9852, .T. ) ;
#9798 = ORIENTED_EDGE ( 'NONE', *, *, #2618, .F. ) ;
#9799 = CARTESIAN_POINT ( 'NONE',  ( 0.7294509068517992523, 0.1676584460181000102, 0.1137199572948999898 ) ) ;
#9800 = DIRECTION ( 'NONE',  ( 1.000000000000000000, 0.000000000000000000, 0.000000000000000000 ) ) ;
#9801 = CARTESIAN_POINT ( 'NONE',  ( 0.5787401574803000548, 0.01574803149606000124, 0.1469816999198000074 ) ) ;
#9802 = CARTESIAN_POINT ( 'NONE',  ( 1.047973619356000086, 0.1124504196042999948, 0.03612382912791000517 ) ) ;
#9803 = VECTOR ( 'NONE', #8331, 39.37007874015748143 ) ;
#9804 = DIRECTION ( 'NONE',  ( -1.000000000000000000, 0.000000000000000000, 0.000000000000000000 ) ) ;
#9805 = TOROIDAL_SURFACE ( 'NONE', #5439, 0.2133049650658000174, 0.01181102362204999867 ) ;
#9806 = CARTESIAN_POINT ( 'NONE',  ( 1.098768209581999944, -0.06772121354117992265, 0.09988410649072007597 ) ) ;
#9807 = B_SPLINE_CURVE_WITH_KNOTS ( 'NONE', 3,
 ( #1653, #7214, #3227, #6399 ),
 .UNSPECIFIED., .F., .F.,
 ( 4, 4 ),
 ( 0.000000000000000000, 1.000000000000000000 ),
 .UNSPECIFIED. ) ;
#9808 = CARTESIAN_POINT ( 'NONE',  ( 1.123167267477000131, -0.1030726540388999940, -0.01632510462271000162 ) ) ;
#9809 = DIRECTION ( 'NONE',  ( 1.000000000000000000, 0.000000000000000000, 0.000000000000000000 ) ) ;
#9810 = CARTESIAN_POINT ( 'NONE',  ( 1.184026847529999982, 0.09419155717462007749, 0.04492664279108000286 ) ) ;
#9811 = ORIENTED_EDGE ( 'NONE', *, *, #4736, .F. ) ;
#9812 = CARTESIAN_POINT ( 'NONE',  ( 0.7362204724408996093, 0.000000000000000000, 0.000000000000000000 ) ) ;
#9813 = DIRECTION ( 'NONE',  ( 1.000000000000000000, 0.000000000000000000, 0.000000000000000000 ) ) ;
#9814 = CARTESIAN_POINT ( 'NONE',  ( 0.7249748790432009038, 0.01574803149606000124, -0.1537843690892000126 ) ) ;
#9815 = ORIENTED_EDGE ( 'NONE', *, *, #8142, .F. ) ;
#9816 = DIRECTION ( 'NONE',  ( 0.000000000000000000, 1.000000000000000000, 0.000000000000000000 ) ) ;
#9817 = DIRECTION ( 'NONE',  ( 0.000000000000000000, -0.9999995644444761300, 0.0009333331978280780868 ) ) ;
#9818 = CARTESIAN_POINT ( 'NONE',  ( 0.7322749223366004090, -0.1414517224738000012, -0.06688343370617008676 ) ) ;
#9819 = ORIENTED_EDGE ( 'NONE', *, *, #2041, .F. ) ;
#9820 = CARTESIAN_POINT ( 'NONE',  ( 1.102267983241999483, -0.05948255673673412403, -0.1032031167347790407 ) ) ;
#9821 = CARTESIAN_POINT ( 'NONE',  ( -0.002765821536155000076, 0.000000000000000000, 0.000000000000000000 ) ) ;
#9822 = CARTESIAN_POINT ( 'NONE',  ( 1.201606798298329837, -0.01901789965274887015, -0.1026114041959799161 ) ) ;
#9823 = CARTESIAN_POINT ( 'NONE',  ( 0.9838867820207009007, -0.09534120890117993297, -0.1805922170975000074 ) ) ;
#9824 = EDGE_CURVE ( 'NONE', #7533, #9320, #6177, .T. ) ;
#9825 = FACE_OUTER_BOUND ( 'NONE', #4096, .T. ) ;
#9826 = CARTESIAN_POINT ( 'NONE',  ( 1.195702174046000099, 0.1164092492941000145, 0.02574833084661000415 ) ) ;
#9827 = AXIS2_PLACEMENT_3D ( 'NONE', #1781, #323, #7906 ) ;
#9828 = VERTEX_POINT ( 'NONE', #5462 ) ;
#9829 = CARTESIAN_POINT ( 'NONE',  ( 0.7268675659661004707, 0.1819025539032000094, -0.08711034363894999688 ) ) ;
#9830 = CARTESIAN_POINT ( 'NONE',  ( 1.167218544700999949, -0.08951219335568996738, 0.07248554495570000422 ) ) ;
#9831 = CARTESIAN_POINT ( 'NONE',  ( 1.282714177467999761, 0.000000000000000000, 0.1181102362205000006 ) ) ;
#9832 = EDGE_CURVE ( 'NONE', #4418, #1466, #2336, .T. ) ;
#9833 = ORIENTED_EDGE ( 'NONE', *, *, #1811, .F. ) ;
#9834 = ADVANCED_FACE ( 'NONE', ( #9366 ), #8700, .T. ) ;
#9835 = DIRECTION ( 'NONE',  ( -1.000000000000000000, 0.000000000000000000, 0.000000000000000000 ) ) ;
#9836 = CARTESIAN_POINT ( 'NONE',  ( 1.078834378962999940, 0.05948255673673451260, -0.1032031167347788742 ) ) ;
#9837 = DIRECTION ( 'NONE',  ( 1.000000000000000000, 0.000000000000000000, 0.000000000000000000 ) ) ;
#9838 = CARTESIAN_POINT ( 'NONE',  ( 1.326318514196000109, -0.04164225703496000214, -0.09629874261107007616 ) ) ;
#9839 = DIRECTION ( 'NONE',  ( 0.000000000000000000, -0.8660254037844288266, -0.5000000000000169864 ) ) ;
#9840 = CARTESIAN_POINT ( 'NONE',  ( 0.5841804246273000212, -0.01574803149606000124, -0.1545109335357000291 ) ) ;
#9841 = CARTESIAN_POINT ( 'NONE',  ( 1.373058439714000212, -0.08380521557252007536, -0.07869833577626003662 ) ) ;
#9842 = DIRECTION ( 'NONE',  ( 0.000000000000000000, 0.000000000000000000, 1.000000000000000000 ) ) ;
#9843 = CARTESIAN_POINT ( 'NONE',  ( 1.216803765009999871, -0.009036971297050000462, 0.1148256074952000022 ) ) ;
#9844 = ORIENTED_EDGE ( 'NONE', *, *, #3738, .T. ) ;
#9845 = CARTESIAN_POINT ( 'NONE',  ( 0.7244094488188976833, 0.000000000000000000, 0.000000000000000000 ) ) ;
#9846 = AXIS2_PLACEMENT_3D ( 'NONE', #1175, #6531, #7632 ) ;
#9847 = CARTESIAN_POINT ( 'NONE',  ( 0.7362204724408996093, -0.1385673941262000053, 0.07482928247836004298 ) ) ;
#9848 = ORIENTED_EDGE ( 'NONE', *, *, #3613, .T. ) ;
#9849 = EDGE_LOOP ( 'NONE', ( #4389, #6472 ) ) ;
#9850 = ORIENTED_EDGE ( 'NONE', *, *, #450, .T. ) ;
#9851 = CARTESIAN_POINT ( 'NONE',  ( 0.07086614173227992475, 0.000000000000000000, 0.2755905511811023723 ) ) ;
#9852 = EDGE_CURVE ( 'NONE', #7233, #3394, #853, .T. ) ;
#9853 = CARTESIAN_POINT ( 'NONE',  ( 1.174188048838000098, 0.1005876041400999843, 0.02224877255178000016 ) ) ;
#9854 = CARTESIAN_POINT ( 'NONE',  ( 0.7362204724408996093, 0.1383078312671000010, 0.07530599850137008333 ) ) ;
#9855 = DIRECTION ( 'NONE',  ( 0.000000000000000000, -0.4642307659791937713, -0.8857142857142876746 ) ) ;
#9856 = CARTESIAN_POINT ( 'NONE',  ( 1.335520485621000120, -0.07641167003832992355, 0.09436055405642992944 ) ) ;
#9857 = AXIS2_PLACEMENT_3D ( 'NONE', #5808, #9597, #1761 ) ;
#9858 = ORIENTED_EDGE ( 'NONE', *, *, #4103, .F. ) ;
#9859 = B_SPLINE_CURVE_WITH_KNOTS ( 'NONE', 3,
 ( #477, #4407, #9015, #9707, #8043, #5913, #6588, #1277, #6639, #3562, #578 ),
 .UNSPECIFIED., .F., .F.,
 ( 4, 1, 1, 1, 1, 1, 1, 1, 4 ),
 ( 0.000000000000000000, 0.1250000000000000000, 0.2500000000000000000, 0.3750000000000000000, 0.5000000000000000000, 0.6250000000000000000, 0.7500000000000000000, 0.8750000000000000000, 1.000000000000000000 ),
 .UNSPECIFIED. ) ;
#9860 = CARTESIAN_POINT ( 'NONE',  ( 1.157251892564999940, 0.05834328534160999891, -0.1056364457808000035 ) ) ;
#9861 = CARTESIAN_POINT ( 'NONE',  ( 0.1415574779026000096, 0.000000000000000000, 0.000000000000000000 ) ) ;
#9862 = AXIS2_PLACEMENT_3D ( 'NONE', #548, #1195, #4482 ) ;
#9863 = CARTESIAN_POINT ( 'NONE',  ( 0.5787401574803000548, -0.1194158702739000072, -0.08712904529506003415 ) ) ;
#9864 = CARTESIAN_POINT ( 'NONE',  ( 1.297051781913000079, 0.09742608914478996518, -0.03739837169383999904 ) ) ;
#9865 = DIRECTION ( 'NONE',  ( -1.000000000000000000, 5.006797411606999613E-14, 0.000000000000000000 ) ) ;
#9866 = CARTESIAN_POINT ( 'NONE',  ( 0.9999994263158000773, -0.1780918763680785777, 0.08570201748304845379 ) ) ;
#9867 = VERTEX_POINT ( 'NONE', #3462 ) ;
#9868 = CARTESIAN_POINT ( 'NONE',  ( 1.320443836260499992, 0.03091510445189023931, 0.1150361429136075864 ) ) ;
#9869 = ORIENTED_EDGE ( 'NONE', *, *, #8912, .T. ) ;
#9870 = CARTESIAN_POINT ( 'NONE',  ( 0.7244094488188976833, -0.01574803149606000124, -0.1536382109453000022 ) ) ;
#9871 = DIRECTION ( 'NONE',  ( 0.000000000000000000, 0.000000000000000000, -1.000000000000000000 ) ) ;
#9872 = DIRECTION ( 'NONE',  ( 0.000000000000000000, 1.000000000000000000, 0.000000000000000000 ) ) ;
#9873 = CARTESIAN_POINT ( 'NONE',  ( 1.225299479304499783, 0.03091510445189093667, -0.1150361429136073782 ) ) ;
#9874 = CARTESIAN_POINT ( 'NONE',  ( 1.208004436093330192, 0.07755377926572221137, -0.06982973650143564637 ) ) ;
#9875 = CARTESIAN_POINT ( 'NONE',  ( 0.9842519685038996213, -0.09584990276203995963, -0.1826512321739000022 ) ) ;
#9876 = DIRECTION ( 'NONE',  ( 0.000000000000000000, 0.000000000000000000, 1.000000000000000000 ) ) ;
#9877 = B_SPLINE_CURVE_WITH_KNOTS ( 'NONE', 3,
 ( #939, #9521, #2435, #4920, #4818, #7956, #6339, #8001, #7250, #4112 ),
 .UNSPECIFIED., .F., .F.,
 ( 4, 2, 2, 2, 4 ),
 ( 0.000000000000000000, 0.2500000000000000000, 0.5000000000000000000, 0.7500000000000000000, 1.000000000000000000 ),
 .UNSPECIFIED. ) ;
#9878 = EDGE_CURVE ( 'NONE', #3243, #4527, #8530, .T. ) ;
#9879 = CARTESIAN_POINT ( 'NONE',  ( 1.278225291558999999, -0.02836378742741000117, 0.1058550957742000059 ) ) ;
#9880 = B_SPLINE_CURVE_WITH_KNOTS ( 'NONE', 3,
 ( #9462, #2595, #2542, #1782, #275, #3366, #6440, #5682, #1835, #4921, #8002 ),
 .UNSPECIFIED., .F., .F.,
 ( 4, 1, 1, 1, 1, 1, 1, 1, 4 ),
 ( 0.000000000000000000, 0.1250000000000000000, 0.2500000000000000000, 0.3750000000000000000, 0.5000000000000000000, 0.6250000000000000000, 0.7500000000000000000, 0.8750000000000000000, 1.000000000000000000 ),
 .UNSPECIFIED. ) ;
#9881 = VECTOR ( 'NONE', #2210, 39.37007874015748143 ) ;
#9882 = CARTESIAN_POINT ( 'NONE',  ( 0.7362204724408996093, 0.1866645544309000204, 0.1032247656370999800 ) ) ;
#9883 = CARTESIAN_POINT ( 'NONE',  ( 1.066988885908000118, 0.06523902097937993305, -0.09492339431987993625 ) ) ;
#9884 = CARTESIAN_POINT ( 'NONE',  ( 1.294197117100499783, -0.1150361429136074060, -0.03091510445189083606 ) ) ;
#9885 = CARTESIAN_POINT ( 'NONE',  ( 1.111290292953249770, 0.09444883965335063025, -0.07258425826477044041 ) ) ;
#9886 = PLANE ( 'NONE',  #7386 ) ;
#9887 = CARTESIAN_POINT ( 'NONE',  ( 1.031496062992000029, 0.000000000000000000, 0.000000000000000000 ) ) ;
#9888 = CARTESIAN_POINT ( 'NONE',  ( 1.369694498448000175, 0.02403804991691000162, -0.1021258944721999962 ) ) ;
#9889 = EDGE_CURVE ( 'NONE', #6104, #439, #4829, .T. ) ;
#9890 = ADVANCED_FACE ( 'NONE', ( #9461 ), #3364, .F. ) ;
#9891 = CARTESIAN_POINT ( 'NONE',  ( 1.010530968614000047, 0.09080002837111003644, 0.1626975019354000018 ) ) ;
#9892 = CARTESIAN_POINT ( 'NONE',  ( 1.386099307307000039, 0.1053732373574000070, 0.02124697163641999648 ) ) ;
#9893 = CARTESIAN_POINT ( 'NONE',  ( 1.173978735917999838, 0.000000000000000000, 0.1181102362205000006 ) ) ;
#9894 = DIRECTION ( 'NONE',  ( 1.000000000000000000, 0.000000000000000000, 0.000000000000000000 ) ) ;
#9895 = DIRECTION ( 'NONE',  ( -1.000000000000000000, 0.000000000000000000, 0.000000000000000000 ) ) ;
#9896 = DIRECTION ( 'NONE',  ( 0.9510340687309847274, 0.3090860723374453944, 0.000000000000000000 ) ) ;
#9897 = ORIENTED_EDGE ( 'NONE', *, *, #529, .T. ) ;
#9898 = FACE_OUTER_BOUND ( 'NONE', #3319, .T. ) ;
#9899 = DIRECTION ( 'NONE',  ( 1.000000000000000000, 0.000000000000000000, 0.000000000000000000 ) ) ;
#9900 = CARTESIAN_POINT ( 'NONE',  ( 0.7334669091272008057, 0.1296093356958999965, 0.08820169963082992448 ) ) ;
#9901 = CARTESIAN_POINT ( 'NONE',  ( 1.347569370136000089, -0.06221741063497008423, -0.1042672110211000092 ) ) ;
#9902 = ADVANCED_FACE ( 'NONE', ( #4764 ), #4194, .F. ) ;
#9903 = ORIENTED_EDGE ( 'NONE', *, *, #721, .F. ) ;
#9904 = CARTESIAN_POINT ( 'NONE',  ( 1.144719674783000185, -0.1203348036894000134, -0.009084740718718996647 ) ) ;
#9905 = EDGE_CURVE ( 'NONE', #8801, #7026, #5465, .T. ) ;
#9906 = CARTESIAN_POINT ( 'NONE',  ( 1.294276198735666128, -0.04120276216305589906, 0.1125935275257146512 ) ) ;
#9907 = CARTESIAN_POINT ( 'NONE',  ( 1.288521598186000094, -0.01632510462271000162, -0.1030726540387999907 ) ) ;
#9908 = CARTESIAN_POINT ( 'NONE',  ( 0.9775928144086004634, 0.09401048560322008973, 0.1752593579672999946 ) ) ;
#9909 = EDGE_LOOP ( 'NONE', ( #9315, #1583, #3510, #9819 ) ) ;
#9910 = VECTOR ( 'NONE', #26, 39.37007874015748143 ) ;
#9911 = DIRECTION ( 'NONE',  ( 0.000000000000000000, 0.8751064672747764783, -0.4839304401810867184 ) ) ;
#9912 = ORIENTED_EDGE ( 'NONE', *, *, #3905, .T. ) ;
#9913 = CARTESIAN_POINT ( 'NONE',  ( 0.7261126622680000864, -0.01566663021204000097, -0.1540868496227999762 ) ) ;
#9914 = CARTESIAN_POINT ( 'NONE',  ( 0.7285187645193996753, -0.01502061856554000145, -0.2016627953137999918 ) ) ;
#9915 = CARTESIAN_POINT ( 'NONE',  ( 1.376169848623188141, 0.01421598323963970539, -0.1080821198810377054 ) ) ;
#9916 = CARTESIAN_POINT ( 'NONE',  ( 1.146559321824499822, 0.03091510445189094361, -0.1150361429136073782 ) ) ;
#9917 = CIRCLE ( 'NONE', #4750, 0.1988188976378000294 ) ;
#9918 = DIRECTION ( 'NONE',  ( 0.000000000000000000, -1.000000000000000000, 0.000000000000000000 ) ) ;
#9919 = CARTESIAN_POINT ( 'NONE',  ( 1.173017445922000190, 0.1036888123465999900, -0.006870112364143995606 ) ) ;
#9920 = CARTESIAN_POINT ( 'NONE',  ( 1.269695107832000236, 0.09764474495492007911, 0.04975248256393000057 ) ) ;
#9921 = ORIENTED_EDGE ( 'NONE', *, *, #8585, .T. ) ;
#9922 = CARTESIAN_POINT ( 'NONE',  ( 0.7095217622487006714, -0.1375958662356999984, -0.06125674996366003988 ) ) ;
#9923 = DIRECTION ( 'NONE',  ( -1.000000000000000000, 0.000000000000000000, 0.000000000000000000 ) ) ;
#9924 = B_SPLINE_CURVE_WITH_KNOTS ( 'NONE', 3,
 ( #6665, #5842, #9829, #8936, #9084, #9729 ),
 .UNSPECIFIED., .F., .F.,
 ( 4, 1, 1, 4 ),
 ( 0.000000000000000000, 0.3333333333333000081, 0.6666666666667000474, 1.000000000000000000 ),
 .UNSPECIFIED. ) ;
#9925 = EDGE_CURVE ( 'NONE', #5342, #570, #6783, .T. ) ;
#9926 = CARTESIAN_POINT ( 'NONE',  ( 1.166184609144000017, -0.1033033827283000028, 0.03658164642936000133 ) ) ;
#9927 = CARTESIAN_POINT ( 'NONE',  ( 1.066998954370749653, 0.01546059376767017039, -0.1181102362204999728 ) ) ;
#9928 = CARTESIAN_POINT ( 'NONE',  ( 1.309586784912333268, -0.04120276216305981953, -0.1125935275257136103 ) ) ;
#9929 = CARTESIAN_POINT ( 'NONE',  ( 1.126861576517427022, 0.04575953106851848862, -0.09370018261665297166 ) ) ;
#9930 = CARTESIAN_POINT ( 'NONE',  ( 1.384153159865000093, 0.05949335099437007279, 0.08641792045599999694 ) ) ;
#9931 = CARTESIAN_POINT ( 'NONE',  ( 0.7362204724408996093, -0.1827275465568999890, -0.1100438633047000070 ) ) ;
#9932 = AXIS2_PLACEMENT_3D ( 'NONE', #9812, #9070, #2134 ) ;
#9933 = CYLINDRICAL_SURFACE ( 'NONE', #3633, 0.1181102362205000006 ) ;
#9934 = CARTESIAN_POINT ( 'NONE',  ( 1.192311824204000059, -0.02200896399188000119, -0.1187497432073000014 ) ) ;
#9935 = CARTESIAN_POINT ( 'NONE',  ( 0.5841804246273000212, 0.1416844093523999815, -0.06361727143266003581 ) ) ;
#9936 = AXIS2_PLACEMENT_3D ( 'NONE', #3335, #7978, #6567 ) ;
#9937 = VERTEX_POINT ( 'NONE', #218 ) ;
#9938 = CARTESIAN_POINT ( 'NONE',  ( 0.7244094488188976833, 0.01574803149606000124, -0.1536382109453000022 ) ) ;
#9939 = AXIS2_PLACEMENT_3D ( 'NONE', #7375, #5041, #5087 ) ;
#9940 = EDGE_CURVE ( 'NONE', #2312, #2187, #3013, .T. ) ;
#9941 = DIRECTION ( 'NONE',  ( 0.000000000000000000, 1.000000000000000000, 0.000000000000000000 ) ) ;
#9942 = EDGE_LOOP ( 'NONE', ( #252, #4233, #2368, #5353 ) ) ;
#9943 = CARTESIAN_POINT ( 'NONE',  ( 1.186202729581000037, 0.1002409750077000034, 0.02217210234184000331 ) ) ;
#9944 = CARTESIAN_POINT ( 'NONE',  ( 0.5787401574803000548, -0.01574803149606000124, 0.1469816999198000074 ) ) ;
#9945 = CARTESIAN_POINT ( 'NONE',  ( 1.349979147039000127, -0.01855449762250999807, -0.1199932835491000077 ) ) ;
#9946 = EDGE_CURVE ( 'NONE', #2736, #9402, #9877, .T. ) ;
#9947 = VERTEX_POINT ( 'NONE', #8597 ) ;
#9948 = VECTOR ( 'NONE', #2076, 39.37007874015748143 ) ;
#9949 = B_SPLINE_SURFACE_WITH_KNOTS ( 'NONE', 3, 3, ( 
 ( #2456, #5647, #4131, #3285, #2670, #6505, #8020, #2562, #8614, #7928, #2507, #911, #5593, #238, #296, #8680, #3992, #1705, #346, #1004, #3385, #7072, #4787, #4084, #1101, #7165, #8780, #6457, #1806, #7219, #139, #6302, #3330, #5751, #5535, #187, #5704, #1052, #9542, #8731, #8839, #4188, #7272, #9486, #3235, #9386, #1850, #7880, #4892, #4941, #959, #6407, #3436, #1907, #9587, #4990, #9433, #4039, #6357, #7120, #7972, #9636, #6715, #9779, #2771, #8069, #8939 ),
 ( #8986, #1303, #1151, #3487, #5843, #2923, #9039, #2722, #4378, #5984, #397, #6558, #8219, #2875, #5800, #9830, #8117, #4430, #6666, #448, #2000, #1196, #6766, #4332, #7421, #7367, #4241, #5141, #7318, #5939, #9085, #9730, #8890, #8274, #3538, #8166, #4284, #6612, #1953, #7519, #2053, #607, #9683, #3691, #5081, #5035, #1247, #549, #7470, #2153, #500, #3636, #3587, #2824, #5887, #2106, #5191, #1353, #7764, #8507, #7576, #3114, #9883, #4483, #1598, #6034, #4572 ),
 ( #4621, #9182, #3165, #747, #3017, #2298, #3067, #6998, #4671, #5374, #651, #851, #2250, #6951, #9926, #7664, #8463, #15, #3925, #2971, #698, #1497, #6185, #9130, #6851, #8371, #9271, #8418, #2345, #3832, #801, #6906, #5330, #9979, #6141, #9231, #1546, #69, #5288, #3736, #7716, #6242, #3880, #7619, #5422, #2203, #9325, #5239, #8323, #1402, #6811, #1452, #4524, #3780, #6092, #5526, #1843, #4029, #1092, #338, #6350, #8773, #129, #7917, #7158, #3322, #7965 ),
 ( #178, #8605, #3977, #4933, #5693, #4723, #285, #7055, #1651, #8012, #3224, #1744, #9377, #903, #5580, #1794, #9424, #3426, #994, #3276, #9475, #227, #4179, #7263, #2552, #7816, #6495, #2498, #4122, #7110, #4828, #5637, #7211, #2398, #6292, #7869, #8669, #3377, #5473, #6395, #4076, #4880, #6450, #8721, #9533, #2446, #1042, #2607, #4777, #8556, #1696, #948, #1238, #7310, #441, #1189, #9578, #4275, #8930, #8978, #7359, #2659, #386, #9031, #3531, #2043, #5745 ) ),
 .UNSPECIFIED., .F., .F., .F.,
 ( 4, 4 ),
 ( 4, 1, 1, 1, 1, 1, 1, 1, 1, 1, 1, 1, 1, 1, 1, 1, 1, 1, 1, 1, 1, 1, 1, 1, 1, 1, 1, 1, 1, 1, 1, 1, 1, 1, 1, 1, 1, 1, 1, 1, 1, 1, 1, 1, 1, 1, 1, 1, 1, 1, 1, 1, 1, 1, 1, 1, 1, 1, 1, 1, 1, 1, 1, 1, 4 ),
 ( 0.6601182929569000546, 1.007446311688000140 ),
 ( -0.02000000000000000042, -0.003749999999999999861, 0.01250000000000000069, 0.02875000000000000125, 0.04499999999999999833, 0.06124999999999999889, 0.07749999999999999944, 0.09375000000000000000, 0.1100000000000000006, 0.1262500000000000011, 0.1424999999999999878, 0.1587500000000000022, 0.1749999999999999889, 0.1912500000000000033, 0.2074999999999999900, 0.2237500000000000044, 0.2399999999999999911, 0.2562499999999999778, 0.2725000000000000200, 0.2887500000000000067, 0.3049999999999999933, 0.3212499999999999800, 0.3375000000000000222, 0.3537500000000000089, 0.3699999999999999956, 0.3862499999999999822, 0.4025000000000000244, 0.4187500000000000111, 0.4349999999999999978, 0.4512499999999999845, 0.4675000000000000266, 0.4837500000000000133, 0.5000000000000000000, 0.5162499999999999867, 0.5324999999999999734, 0.5487499999999999600, 0.5649999999999999467, 0.5812500000000000444, 0.5975000000000000311, 0.6137500000000000178, 0.6300000000000000044, 0.6462499999999999911, 0.6624999999999999778, 0.6787499999999999645, 0.6949999999999999512, 0.7112500000000000488, 0.7275000000000000355, 0.7437500000000000222, 0.7600000000000000089, 0.7762499999999999956, 0.7924999999999999822, 0.8087499999999999689, 0.8249999999999999556, 0.8412500000000000533, 0.8575000000000000400, 0.8737500000000000266, 0.8900000000000000133, 0.9062500000000000000, 0.9224999999999999867, 0.9387499999999999734, 0.9549999999999999600, 0.9712499999999999467, 0.9875000000000000444, 1.003749999999999920, 1.020000000000000018 ),
 .UNSPECIFIED. ) ;
#9950 = CARTESIAN_POINT ( 'NONE',  ( 1.169784110347000139, 0.07045353622177992492, 0.09523537699047007754 ) ) ;
#9951 = CARTESIAN_POINT ( 'NONE',  ( 0.7346171654644999549, 0.1842739389605000111, -0.09485463335682008112 ) ) ;
#9952 = EDGE_LOOP ( 'NONE', ( #470, #8629, #1110, #2319 ) ) ;
#9953 = ADVANCED_FACE ( 'NONE', ( #167 ), #1034, .F. ) ;
#9954 = CARTESIAN_POINT ( 'NONE',  ( 1.252268317346000082, 0.03483523850942000372, -0.09837167889972008028 ) ) ;
#9955 = AXIS2_PLACEMENT_3D ( 'NONE', #5192, #1354, #7520 ) ;
#9956 = AXIS2_PLACEMENT_3D ( 'NONE', #2008, #6674, #1860 ) ;
#9957 = ORIENTED_EDGE ( 'NONE', *, *, #331, .F. ) ;
#9958 = CIRCLE ( 'NONE', #4481, 0.2755905511811023723 ) ;
#9959 = CARTESIAN_POINT ( 'NONE',  ( 0.7362204724408996093, 0.000000000000000000, 0.000000000000000000 ) ) ;
#9960 = EDGE_LOOP ( 'NONE', ( #4655, #2193, #3649, #7552 ) ) ;
#9961 = DIRECTION ( 'NONE',  ( 0.000000000000000000, 0.000000000000000000, -1.000000000000000000 ) ) ;
#9962 = ORIENTED_EDGE ( 'NONE', *, *, #8241, .T. ) ;
#9963 = CARTESIAN_POINT ( 'NONE',  ( 0.7352433518528995737, -0.008738106104443995811, -0.1569885571557000092 ) ) ;
#9964 = CARTESIAN_POINT ( 'NONE',  ( 0.7268675659661004707, 0.1663910474753000357, 0.1139770608738999991 ) ) ;
#9965 = CARTESIAN_POINT ( 'NONE',  ( 0.7256451598022993776, -0.1659362104997999798, -0.1139377565867999986 ) ) ;
#9966 = CARTESIAN_POINT ( 'NONE',  ( 1.254006828385749284, -0.1181102362204999867, -0.01546059376767004723 ) ) ;
#9967 = VECTOR ( 'NONE', #741, 39.37007874015748143 ) ;
#9968 = CARTESIAN_POINT ( 'NONE',  ( 0.6498031496062991463, -0.3543307086614000401, 0.3543307086614000401 ) ) ;
#9969 = CARTESIAN_POINT ( 'NONE',  ( 1.197412340197000047, 0.1022864650138999992, 0.05905511811023995972 ) ) ;
#9970 = CARTESIAN_POINT ( 'NONE',  ( 1.071451604820577774, -0.07258138470811256737, -0.09444627027446936274 ) ) ;
#9971 = CARTESIAN_POINT ( 'NONE',  ( 0.9645669291338997420, 0.000000000000000000, 0.000000000000000000 ) ) ;
#9972 = CARTESIAN_POINT ( 'NONE',  ( 1.172806040984499809, -0.1150361429136074615, 0.03091510445189059667 ) ) ;
#9973 = CARTESIAN_POINT ( 'NONE',  ( 1.239839464786999912, -0.04457396741637999898, 0.1001147699759999954 ) ) ;
#9974 = ORIENTED_EDGE ( 'NONE', *, *, #6667, .T. ) ;
#9975 = EDGE_CURVE ( 'NONE', #2700, #7491, #3720, .T. ) ;
#9976 = B_SPLINE_CURVE_WITH_KNOTS ( 'NONE', 3,
 ( #8720, #2497, #8668, #7262, #337, #2557, #5643, #7002, #2614, #532, #5554, #8639, #1527, #5402, #7747, #43, #3300, #7187, #8751, #8091, #7671, #1272, #2366, #6311, #9438, #9394, #3896, #2464, #7888, #4044 ),
 .UNSPECIFIED., .F., .F.,
 ( 4, 1, 1, 1, 1, 1, 1, 1, 1, 1, 1, 1, 1, 1, 1, 1, 1, 1, 1, 1, 1, 1, 1, 1, 1, 1, 1, 4 ),
 ( 0.000000000000000000, 0.01868425975340080522, 0.05734211132974483677, 0.09599996290608864280, 0.1346578144824326639, 0.1733156660587764630, 0.2119735176351202621, 0.2506313692114642833, 0.2892892207878081101, 0.3279470723641521035, 0.3666049239404959303, 0.4052627755168399792, 0.4439206270931837506, 0.4825784786695277995, 0.5212363302458715708, 0.5598941818222156197, 0.5985520333985594466, 0.6372098849749034954, 0.6758677365512472113, 0.7145255881275910381, 0.7531834397039350870, 0.7918412912802789139, 0.8304991428566229628, 0.8691569944329666786, 0.9078148460093107275, 0.9464726975856545543, 0.9851305491619986032, 1.000000000000000000 ),
 .UNSPECIFIED. ) ;
#9977 = VERTEX_POINT ( 'NONE', #3266 ) ;
#9978 = CARTESIAN_POINT ( 'NONE',  ( 0.6104330708661004357, -0.5314960629921000601, 0.3740157480314960647 ) ) ;
#9979 = CARTESIAN_POINT ( 'NONE',  ( 1.125666236441000168, -0.09490708247512007201, 0.05479462961500999874 ) ) ;
#9980 = CARTESIAN_POINT ( 'NONE',  ( 0.6498031496062991463, 0.3740157480314960647, -0.5314960629921000601 ) ) ;
#9981 = CARTESIAN_POINT ( 'NONE',  ( 1.118672182717000529, 0.1032031167347786799, 0.05948255673673467220 ) ) ;
#9982 = FILL_AREA_STYLE ('',( #751 ) ) ;
#9983 = CYLINDRICAL_SURFACE ( 'NONE', #1258, 0.2755905511811023723 ) ;
#9984 = CARTESIAN_POINT ( 'NONE',  ( 1.355846840135000120, -0.1012918731321000021, -0.02734012804704000210 ) ) ;
#9985 = CARTESIAN_POINT ( 'NONE',  ( 1.319553805774000166, -0.08864826967872008190, 0.05118110236220000525 ) ) ;
#9986 = CARTESIAN_POINT ( 'NONE',  ( 1.354569964926000125, -0.03896899783926000005, 0.09620984168268996439 ) ) ;
#9987 = DIRECTION ( 'NONE',  ( 0.000000000000000000, 0.000000000000000000, 1.000000000000000000 ) ) ;
#9988 = CARTESIAN_POINT ( 'NONE',  ( 1.254155656225000026, -0.03125811517097000503, 0.1166568739668999988 ) ) ;
#9989 = CYLINDRICAL_SURFACE ( 'NONE', #8234, 0.1181102362205000006 ) ;
#9990 = CARTESIAN_POINT ( 'NONE',  ( 0.6804168100402991914, 0.01574803149606000124, -0.1422635586664999785 ) ) ;
#9991 = CARTESIAN_POINT ( 'NONE',  ( 0.6384300491361004637, 0.1216661798501000036, -0.05205974124081999554 ) ) ;
#9992 = VERTEX_POINT ( 'NONE', #9413 ) ;
#9993 = CARTESIAN_POINT ( 'NONE',  ( 1.364092187330793404, 0.06059941495441837495, -0.08565100225500185682 ) ) ;
#9994 = DIRECTION ( 'NONE',  ( 0.000000000000000000, 0.000000000000000000, 1.000000000000000000 ) ) ;
#9995 = ORIENTED_EDGE ( 'NONE', *, *, #8279, .F. ) ;
#9996 = TOROIDAL_SURFACE ( 'NONE', #7915, 0.1003937007873999948, 0.01181102362204999867 ) ;
#9997 = DIRECTION ( 'NONE',  ( 0.000000000000000000, 0.000000000000000000, -1.000000000000000000 ) ) ;
#9998 = CARTESIAN_POINT ( 'NONE',  ( 1.173054236000000028, 0.09891369741183997366, 0.04717896682107999839 ) ) ;
#9999 = DIRECTION ( 'NONE',  ( 1.000000000000000000, 0.000000000000000000, 0.000000000000000000 ) ) ;
#10000 = ORIENTED_EDGE ( 'NONE', *, *, #3689, .T. ) ;
#10001 = CARTESIAN_POINT ( 'NONE',  ( 1.226734307325999973, -0.008187792543228997535, 0.1040357683916000170 ) ) ;
#10002 = VERTEX_POINT ( 'NONE', #2594 ) ;
#10003 = TOROIDAL_SURFACE ( 'NONE', #5484, 0.1478229366753000262, 0.007874015748031005027 ) ;
#10004 = ORIENTED_EDGE ( 'NONE', *, *, #2171, .F. ) ;
#10005 = DIRECTION ( 'NONE',  ( 1.000000000000000000, 0.000000000000000000, 0.000000000000000000 ) ) ;
#10006 = EDGE_CURVE ( 'NONE', #4457, #2104, #7600, .T. ) ;
#10007 = CARTESIAN_POINT ( 'NONE',  ( 0.7362204724408996093, -0.003937007874016000379, -0.1574310946703000036 ) ) ;
#10008 = CARTESIAN_POINT ( 'NONE',  ( 0.5787401574803000548, 0.01574803149606000124, 0.1210269775506999934 ) ) ;
ENDSEC;
END-ISO-10303-21;
