ISO-10303-21;
HEADER;
FILE_DESCRIPTION (( 'STEP AP214' ),
    '1' );
FILE_NAME ('SLPRATPSB.STEP',
    '2025-03-29T02:28:37',
    ( '' ),
    ( '' ),
    'SwSTEP 2.0',
    'SolidWorks 2024',
    '' );
FILE_SCHEMA (( 'AUTOMOTIVE_DESIGN' ));
ENDSEC;

DATA;
#1 = VERTEX_POINT ( 'NONE', #8118 ) ;
#2 = AXIS2_PLACEMENT_3D ( 'NONE', #5224, #6586, #2850 ) ;
#3 = CARTESIAN_POINT ( 'NONE',  ( 1.102208231191999843, 0.04717939218952999642, -0.09891365270382007635 ) ) ;
#4 = PLANE ( 'NONE',  #8208 ) ;
#5 = AXIS2_PLACEMENT_3D ( 'NONE', #8357, #8515, #675 ) ;
#6 = CARTESIAN_POINT ( 'NONE',  ( 1.121810796269000043, 0.01321226283181000001, -0.1087032085973000106 ) ) ;
#7 = CARTESIAN_POINT ( 'NONE',  ( 1.263655100691000177, -0.02691662355562000203, 0.1004542066778000148 ) ) ;
#8 = CARTESIAN_POINT ( 'NONE',  ( 1.171939667396999951, 0.1056179800823999898, 0.02891033921778999802 ) ) ;
#9 = CARTESIAN_POINT ( 'NONE',  ( 0.7362204724408996093, -0.09311273659296002980, 0.03557440309001000389 ) ) ;
#10 = DIRECTION ( 'NONE',  ( 0.000000000000000000, 0.000000000000000000, -1.000000000000000000 ) ) ;
#11 = LINE ( 'NONE', #7642, #397 ) ;
#12 = VECTOR ( 'NONE', #6884, 39.37007874015748143 ) ;
#13 = ORIENTED_EDGE ( 'NONE', *, *, #6312, .F. ) ;
#14 = ORIENTED_EDGE ( 'NONE', *, *, #2631, .T. ) ;
#15 = ORIENTED_EDGE ( 'NONE', *, *, #4843, .T. ) ;
#16 = CARTESIAN_POINT ( 'NONE',  ( 1.352043302816731574, -0.1012958166648478264, -0.02734119246304845402 ) ) ;
#17 = EDGE_CURVE ( 'NONE', #9019, #4347, #4792, .T. ) ;
#18 = EDGE_CURVE ( 'NONE', #7584, #6582, #7405, .T. ) ;
#19 = DIRECTION ( 'NONE',  ( -1.000000000000000000, 0.000000000000000000, 0.000000000000000000 ) ) ;
#20 = CARTESIAN_POINT ( 'NONE',  ( 1.194022064664000071, 0.01087073435519000063, 0.1034281440717000067 ) ) ;
#21 = CARTESIAN_POINT ( 'NONE',  ( 1.375084358348999780, -0.05445894783235000203, -0.1012470502541999995 ) ) ;
#22 = CARTESIAN_POINT ( 'NONE',  ( 1.258202129148479287, 0.06567428234212994986, -0.08110098452177991191 ) ) ;
#23 = CARTESIAN_POINT ( 'NONE',  ( 1.254006828385749284, -0.1181102362204999867, -0.01546059376767004723 ) ) ;
#24 = CARTESIAN_POINT ( 'NONE',  ( 1.271517771892999749, -0.08442696480807007631, 0.06133978044347008357 ) ) ;
#25 = CARTESIAN_POINT ( 'NONE',  ( 1.199474252366329985, -0.05217945184233735434, -0.09037746170177897442 ) ) ;
#26 = LINE ( 'NONE', #5332, #8065 ) ;
#27 = ORIENTED_EDGE ( 'NONE', *, *, #686, .T. ) ;
#28 = CONICAL_SURFACE ( 'NONE', #5683, 0.1397637795276000239, 0.2516899717581221885 ) ;
#29 = EDGE_CURVE ( 'NONE', #511, #7150, #8063, .T. ) ;
#30 = CARTESIAN_POINT ( 'NONE',  ( 1.116826170843000066, -0.1026099921947999927, 0.01901763795381000016 ) ) ;
#31 = CARTESIAN_POINT ( 'NONE',  ( 1.060118206011855913, -5.052631651179555111E-08, -0.1076110395008140347 ) ) ;
#32 = LINE ( 'NONE', #6039, #502 ) ;
#33 = AXIS2_PLACEMENT_3D ( 'NONE', #3927, #4692, #7000 ) ;
#34 = CARTESIAN_POINT ( 'NONE',  ( 1.235574372924000075, 0.02836378742741000117, 0.1058550957742000059 ) ) ;
#35 = ORIENTED_EDGE ( 'NONE', *, *, #9590, .T. ) ;
#36 = ORIENTED_EDGE ( 'NONE', *, *, #3225, .F. ) ;
#37 = CARTESIAN_POINT ( 'NONE',  ( 0.9819196039739999105, -0.09455477861633997116, -0.1774314742987000149 ) ) ;
#38 = AXIS2_PLACEMENT_3D ( 'NONE', #1852, #4939, #3980 ) ;
#39 = CARTESIAN_POINT ( 'NONE',  ( 1.152966369360000076, 0.04737729888396000760, 0.09298318451212993219 ) ) ;
#40 = CARTESIAN_POINT ( 'NONE',  ( 1.308116571958000129, -0.1101723703725000086, -0.0009808422074318995636 ) ) ;
#41 = CARTESIAN_POINT ( 'NONE',  ( 1.154014715045426964, -0.1039809352188243718, -0.007850096623671745308 ) ) ;
#42 = CARTESIAN_POINT ( 'NONE',  ( 1.186948121966000080, -0.1151412015239999947, -0.003015078484401999444 ) ) ;
#43 = CARTESIAN_POINT ( 'NONE',  ( 1.097346723399499790, -0.1150361429136074198, -0.03091510445189083259 ) ) ;
#44 = CARTESIAN_POINT ( 'NONE',  ( 1.114923617808000200, 0.000000000000000000, -0.1181102362205000006 ) ) ;
#45 = CARTESIAN_POINT ( 'NONE',  ( 1.005904856508999856, 6.792578434980000706E-07, -1.159127080611000043E-06 ) ) ;
#46 = CARTESIAN_POINT ( 'NONE',  ( 1.328645935998000072, -0.1022864650138999992, 0.05905511811023995972 ) ) ;
#47 = CARTESIAN_POINT ( 'NONE',  ( 0.5841804246273000212, -0.1416844093523999815, -0.06361727143266003581 ) ) ;
#48 = CARTESIAN_POINT ( 'NONE',  ( 0.7362204724408996093, -0.004661252063347999866, -0.2125308915757999906 ) ) ;
#49 = EDGE_LOOP ( 'NONE', ( #6034, #1500, #1429, #7644, #7721, #3908 ) ) ;
#50 = ORIENTED_EDGE ( 'NONE', *, *, #1208, .F. ) ;
#51 = CARTESIAN_POINT ( 'NONE',  ( 1.093678047465000081, -0.08694300487017991852, -0.06671371405287992995 ) ) ;
#52 = B_SPLINE_CURVE_WITH_KNOTS ( 'NONE', 3,
 ( #1683, #4777, #3203, #5474, #7852, #925 ),
 .UNSPECIFIED., .F., .F.,
 ( 4, 1, 1, 4 ),
 ( 0.000000000000000000, 0.3333333333333000081, 0.6666666666667000474, 1.000000000000000000 ),
 .UNSPECIFIED. ) ;
#53 = DIRECTION ( 'NONE',  ( -1.000000000000000000, 0.000000000000000000, 0.000000000000000000 ) ) ;
#54 = CARTESIAN_POINT ( 'NONE',  ( 1.170861888871999934, 0.09495367709753996244, 0.06503482430136003911 ) ) ;
#55 = CARTESIAN_POINT ( 'NONE',  ( 0.7280600717204999128, 0.2020225920456152624, 0.004480884977530934753 ) ) ;
#56 = CARTESIAN_POINT ( 'NONE',  ( 1.118711168866000083, -0.08003099185363996004, -0.06628433588562993029 ) ) ;
#57 = CARTESIAN_POINT ( 'NONE',  ( 0.5984251968503937480, 0.1126864528502000001, -0.04687529344016000410 ) ) ;
#58 = DIRECTION ( 'NONE',  ( 1.000000000000000000, 0.000000000000000000, 0.000000000000000000 ) ) ;
#59 = CARTESIAN_POINT ( 'NONE',  ( 0.6104330708661004357, -0.2716535433071000094, 0.3543307086614000401 ) ) ;
#60 = EDGE_LOOP ( 'NONE', ( #1955, #6733, #8358, #2778 ) ) ;
#61 = EDGE_LOOP ( 'NONE', ( #6948, #3110, #1278, #569 ) ) ;
#62 = ADVANCED_FACE ( 'NONE', ( #1140 ), #480, .T. ) ;
#63 = EDGE_CURVE ( 'NONE', #3421, #9010, #488, .T. ) ;
#64 = EDGE_LOOP ( 'NONE', ( #6011, #4904 ) ) ;
#65 = AXIS2_PLACEMENT_3D ( 'NONE', #3709, #9684, #7399 ) ;
#66 = CARTESIAN_POINT ( 'NONE',  ( 0.7362204724408996093, -0.1827275465568999890, -0.1100438633047000070 ) ) ;
#67 = EDGE_CURVE ( 'NONE', #8552, #1015, #1281, .T. ) ;
#68 = DIRECTION ( 'NONE',  ( 0.000000000000000000, 1.000000000000000000, 0.000000000000000000 ) ) ;
#69 = CARTESIAN_POINT ( 'NONE',  ( 0.7322039835687007558, -0.1702081640231999926, -0.1131290375300000040 ) ) ;
#70 = CARTESIAN_POINT ( 'NONE',  ( 1.364954765173999940, -0.09864665185876003717, 0.05903880320573000329 ) ) ;
#71 = DIRECTION ( 'NONE',  ( 1.000000000000000000, 0.000000000000000000, 0.000000000000000000 ) ) ;
#72 = CARTESIAN_POINT ( 'NONE',  ( 1.283792680329482350, -0.1042144493542999928, -0.005461647859861999341 ) ) ;
#73 = CARTESIAN_POINT ( 'NONE',  ( 0.7362204724408996093, -0.003937007874016000379, -0.2132686289419000181 ) ) ;
#74 = CARTESIAN_POINT ( 'NONE',  ( 1.303562502031000214, -0.04492705090909000082, 0.09419148551886005749 ) ) ;
#75 = CARTESIAN_POINT ( 'NONE',  ( 1.233594987274329924, -0.1020784112543255406, -0.02169743611696025795 ) ) ;
#76 = DIRECTION ( 'NONE',  ( -1.000000000000000000, 0.000000000000000000, 0.000000000000000000 ) ) ;
#77 = DIRECTION ( 'NONE',  ( 1.000000000000000000, 0.000000000000000000, 0.000000000000000000 ) ) ;
#78 = EDGE_CURVE ( 'NONE', #1096, #8251, #1036, .T. ) ;
#79 = ORIENTED_EDGE ( 'NONE', *, *, #1112, .F. ) ;
#80 = VECTOR ( 'NONE', #9727, 39.37007874015748854 ) ;
#81 = CARTESIAN_POINT ( 'NONE',  ( 1.163798722502999983, 0.01362138275840000211, -0.1034646749458000003 ) ) ;
#82 = CARTESIAN_POINT ( 'NONE',  ( 1.303392878547000144, 0.1043217069378999939, -0.002731760046629999519 ) ) ;
#83 = CARTESIAN_POINT ( 'NONE',  ( 1.000000086036999969, 0.09349879745523995145, 0.1732284221662000190 ) ) ;
#84 = CARTESIAN_POINT ( 'NONE',  ( 0.9763779527559055538, 0.09399477469537993735, -0.1751968503937007815 ) ) ;
#85 = VECTOR ( 'NONE', #9517, 39.37007874015748143 ) ;
#86 = EDGE_CURVE ( 'NONE', #5601, #6720, #447, .T. ) ;
#87 = CARTESIAN_POINT ( 'NONE',  ( 1.299550750877000116, 0.05479462961503000357, -0.09490708247489999805 ) ) ;
#88 = VERTEX_POINT ( 'NONE', #3861 ) ;
#89 = ORIENTED_EDGE ( 'NONE', *, *, #7555, .T. ) ;
#90 = AXIS2_PLACEMENT_3D ( 'NONE', #6862, #3026, #8381 ) ;
#91 = CARTESIAN_POINT ( 'NONE',  ( 1.061608801575517180, -0.09445202351625409110, 0.07258642238303272820 ) ) ;
#92 = AXIS2_PLACEMENT_3D ( 'NONE', #9235, #1345, #3723 ) ;
#93 = CARTESIAN_POINT ( 'NONE',  ( 0.7095217622487006714, -0.1375958662356999984, -0.06125674996366003988 ) ) ;
#94 = CARTESIAN_POINT ( 'NONE',  ( 1.333867413304000049, 0.01023338583431999960, 0.1153449046985000059 ) ) ;
#95 = CARTESIAN_POINT ( 'NONE',  ( 1.072555299461488865, -0.09764289876633280851, 0.03659949762661476175 ) ) ;
#96 = CARTESIAN_POINT ( 'NONE',  ( 0.7294037235237007533, -0.1416066289964000302, 0.06479809843054999685 ) ) ;
#97 = CARTESIAN_POINT ( 'NONE',  ( 0.8464566929133995332, -0.09399477469537993735, 0.1751968503937007815 ) ) ;
#98 = CARTESIAN_POINT ( 'NONE',  ( -0.03149606299213000143, 7.521928938221003471E-09, 0.2496578167135999893 ) ) ;
#99 = CARTESIAN_POINT ( 'NONE',  ( 1.346988184607238681, 0.07934963333568996469, 0.06863790391348996434 ) ) ;
#100 = CARTESIAN_POINT ( 'NONE',  ( 0.7362204724408996093, 0.003937007874016000379, -0.1574310946703000036 ) ) ;
#101 = DIRECTION ( 'NONE',  ( -1.000000000000000000, 5.006797411606999613E-14, 0.000000000000000000 ) ) ;
#102 = ADVANCED_FACE ( 'NONE', ( #5422 ), #7794, .T. ) ;
#103 = CYLINDRICAL_SURFACE ( 'NONE', #7921, 0.007874015748031039721 ) ;
#104 = AXIS2_PLACEMENT_3D ( 'NONE', #3782, #902, #2315 ) ;
#105 = VERTEX_POINT ( 'NONE', #9321 ) ;
#106 = ORIENTED_EDGE ( 'NONE', *, *, #7862, .T. ) ;
#107 = CARTESIAN_POINT ( 'NONE',  ( 1.186476132904999981, 0.1004542946646000134, 0.02691655962950000036 ) ) ;
#108 = AXIS2_PLACEMENT_3D ( 'NONE', #5584, #1893, #7956 ) ;
#109 = CARTESIAN_POINT ( 'NONE',  ( 1.306655787245000200, -0.08321982597356004929, 0.06103011843206004178 ) ) ;
#110 = CARTESIAN_POINT ( 'NONE',  ( 1.094657657741000101, 0.09610378292977007908, 0.05248823063374999376 ) ) ;
#111 = CARTESIAN_POINT ( 'NONE',  ( 1.217837700567000025, 0.02836378742741000117, 0.1058550957742000059 ) ) ;
#112 = CARTESIAN_POINT ( 'NONE',  ( 1.051872674027999999, 0.08856657083875001113, -0.05435559566053000530 ) ) ;
#113 = CARTESIAN_POINT ( 'NONE',  ( 0.7294509068517992523, -0.01465514892560000094, 0.2020564520581999979 ) ) ;
#114 = DIRECTION ( 'NONE',  ( 0.000000000000000000, -0.4749738531528868157, 0.8799999084210746725 ) ) ;
#115 = CARTESIAN_POINT ( 'NONE',  ( 0.6102362204723996708, 0.3740157480314960647, -0.5314960629921000601 ) ) ;
#116 = ORIENTED_EDGE ( 'NONE', *, *, #8410, .T. ) ;
#117 = ORIENTED_EDGE ( 'NONE', *, *, #1753, .F. ) ;
#118 = VECTOR ( 'NONE', #2770, 39.37007874015748143 ) ;
#119 = ORIENTED_EDGE ( 'NONE', *, *, #9159, .T. ) ;
#120 = CARTESIAN_POINT ( 'NONE',  ( 1.151192112803999912, 0.09953143637152993273, -0.06840606100042008475 ) ) ;
#121 = DIRECTION ( 'NONE',  ( -1.000000000000000000, 0.000000000000000000, 0.000000000000000000 ) ) ;
#122 = CARTESIAN_POINT ( 'NONE',  ( 1.215347523981000100, 0.01626884762265000048, -0.1027174613195000058 ) ) ;
#123 = CARTESIAN_POINT ( 'NONE',  ( 0.6285072769383996949, -0.1384732756477000115, -0.09813184341767991481 ) ) ;
#124 = CARTESIAN_POINT ( 'NONE',  ( 0.6498031496062991463, -0.3543307086614000401, -0.3543307086614000401 ) ) ;
#125 = CARTESIAN_POINT ( 'NONE',  ( 1.305118139646482378, 0.09924984962422009338, 0.03224823102986000556 ) ) ;
#126 = DIRECTION ( 'NONE',  ( 0.000000000000000000, 0.8660254037844289376, 0.5000000000000169864 ) ) ;
#127 = CARTESIAN_POINT ( 'NONE',  ( 1.254457404438999779, 0.1020770065874999910, -0.02169713754582000206 ) ) ;
#128 = CARTESIAN_POINT ( 'NONE',  ( 1.212996329698249998, -0.1181102362205000422, 0.01546059376766979916 ) ) ;
#129 = DIRECTION ( 'NONE',  ( -1.000000000000000000, 0.000000000000000000, 0.000000000000000000 ) ) ;
#130 = DIRECTION ( 'NONE',  ( 0.000000000000000000, 1.000000000000000000, 0.000000000000000000 ) ) ;
#131 = EDGE_LOOP ( 'NONE', ( #9396, #415, #803, #2162, #630 ) ) ;
#132 = CARTESIAN_POINT ( 'NONE',  ( 1.148870900981000087, -0.08110098452177008643, 0.06567428234212992211 ) ) ;
#133 = CARTESIAN_POINT ( 'NONE',  ( 1.288465057024000160, -0.07755271207417993584, -0.06982877559786003496 ) ) ;
#134 = DIRECTION ( 'NONE',  ( 1.000000000000000000, 0.000000000000000000, 0.000000000000000000 ) ) ;
#135 = CARTESIAN_POINT ( 'NONE',  ( 0.8661417314172992210, 0.09349875700218997221, -0.1732283472187000350 ) ) ;
#136 = CARTESIAN_POINT ( 'NONE',  ( 1.291020567149999909, -0.08144069092468997351, -0.07332952747900001178 ) ) ;
#137 = ORIENTED_EDGE ( 'NONE', *, *, #1569, .T. ) ;
#138 = EDGE_LOOP ( 'NONE', ( #7325, #3334 ) ) ;
#139 = CARTESIAN_POINT ( 'NONE',  ( 0.9763779527559055538, -0.09399477469537993735, -0.1751968503937007815 ) ) ;
#140 = EDGE_CURVE ( 'NONE', #4536, #4034, #3669, .T. ) ;
#141 = CARTESIAN_POINT ( 'NONE',  ( 1.163629099018999913, -0.09837167889976004831, 0.03483523850945000055 ) ) ;
#142 = CARTESIAN_POINT ( 'NONE',  ( 0.7322749853665000419, 0.1286486681765000029, -0.08905901780482991525 ) ) ;
#143 = CARTESIAN_POINT ( 'NONE',  ( 0.7294082467600000452, -0.1416067471348999851, -0.06480063669231003742 ) ) ;
#144 = CARTESIAN_POINT ( 'NONE',  ( 0.7285187645193996753, -0.1821554130227000246, -0.08782316039857007706 ) ) ;
#145 = CARTESIAN_POINT ( 'NONE',  ( 0.5787401574803000548, 0.01574803149606000124, 0.1469816999198000074 ) ) ;
#146 = LINE ( 'NONE', #954, #9178 ) ;
#147 = CARTESIAN_POINT ( 'NONE',  ( 0.9842519685038996213, 0.000000000000000000, 0.000000000000000000 ) ) ;
#148 = LINE ( 'NONE', #4046, #8676 ) ;
#149 = ORIENTED_EDGE ( 'NONE', *, *, #4730, .T. ) ;
#150 = B_SPLINE_CURVE_WITH_KNOTS ( 'NONE', 3,
 ( #5041, #2664, #4286, #3528, #8939, #9593 ),
 .UNSPECIFIED., .F., .F.,
 ( 4, 2, 4 ),
 ( 0.000000000000000000, 0.5000000000000000000, 1.000000000000000000 ),
 .UNSPECIFIED. ) ;
#151 = ORIENTED_EDGE ( 'NONE', *, *, #6996, .F. ) ;
#152 = ORIENTED_EDGE ( 'NONE', *, *, #4361, .F. ) ;
#153 = CARTESIAN_POINT ( 'NONE',  ( 1.103306841566999985, 0.09386692666325001377, -0.04477222734793999404 ) ) ;
#154 = EDGE_CURVE ( 'NONE', #6516, #4167, #8217, .T. ) ;
#155 = CARTESIAN_POINT ( 'NONE',  ( 0.6102362204723996708, 0.000000000000000000, 0.000000000000000000 ) ) ;
#156 = CARTESIAN_POINT ( 'NONE',  ( 1.155163189600999951, 0.02056715578430000010, -0.1189116881070000076 ) ) ;
#157 = CARTESIAN_POINT ( 'NONE',  ( 1.288211716315000199, 0.1095517057267000050, -0.002868712385264000214 ) ) ;
#158 = CARTESIAN_POINT ( 'NONE',  ( 1.060227485883000087, 0.07366186134725000167, 0.07329736013936004324 ) ) ;
#159 = CARTESIAN_POINT ( 'NONE',  ( 0.5830288430312999814, 0.1255515097148000025, 0.09067145837793995355 ) ) ;
#160 = CARTESIAN_POINT ( 'NONE',  ( 1.368763789263613306, 0.06323117286389759450, 0.09887903395553634955 ) ) ;
#161 = EDGE_LOOP ( 'NONE', ( #1706, #5782, #6225, #2400 ) ) ;
#162 = ORIENTED_EDGE ( 'NONE', *, *, #679, .F. ) ;
#163 = VECTOR ( 'NONE', #9078, 39.37007874015748143 ) ;
#164 = ORIENTED_EDGE ( 'NONE', *, *, #7242, .T. ) ;
#165 = CARTESIAN_POINT ( 'NONE',  ( 1.063757729601999991, -0.04818323509926000087, -0.1082213179186000129 ) ) ;
#166 = CIRCLE ( 'NONE', #2757, 0.1574803149605999708 ) ;
#167 = CARTESIAN_POINT ( 'NONE',  ( 1.184288980617000053, 0.000000000000000000, -0.1181102362205000006 ) ) ;
#168 = CARTESIAN_POINT ( 'NONE',  ( 1.245203167026000202, -0.1017252449114000035, -0.02162236829341000061 ) ) ;
#169 = ORIENTED_EDGE ( 'NONE', *, *, #4425, .F. ) ;
#170 = CARTESIAN_POINT ( 'NONE',  ( 0.6752388305532991408, -0.1516782855549000109, -0.1057557594422000036 ) ) ;
#171 = AXIS2_PLACEMENT_3D ( 'NONE', #8158, #9777, #5029 ) ;
#172 = ORIENTED_EDGE ( 'NONE', *, *, #214, .F. ) ;
#173 = CARTESIAN_POINT ( 'NONE',  ( 0.6285072769383996949, -0.1542213071438000294, 0.07085545274731004650 ) ) ;
#174 = CARTESIAN_POINT ( 'NONE',  ( 0.5984251968503937480, 0.000000000000000000, 0.000000000000000000 ) ) ;
#175 = DIRECTION ( 'NONE',  ( -1.000000000000000000, 0.000000000000000000, 0.000000000000000000 ) ) ;
#176 = CARTESIAN_POINT ( 'NONE',  ( 1.196878664281999960, -0.1043217069378999939, -0.002731760046631000020 ) ) ;
#177 = CARTESIAN_POINT ( 'NONE',  ( 1.161323101351999787, 0.05948255673673390198, 0.1032031167347791795 ) ) ;
#178 = CARTESIAN_POINT ( 'NONE',  ( 1.047973619356000086, 0.04272635487288999750, -0.09301870540551003541 ) ) ;
#179 = CARTESIAN_POINT ( 'NONE',  ( 0.7519685039370078705, 0.1122047244094000057, 0.000000000000000000 ) ) ;
#180 = AXIS2_PLACEMENT_3D ( 'NONE', #5454, #3029, #7633 ) ;
#181 = ORIENTED_EDGE ( 'NONE', *, *, #1183, .F. ) ;
#182 = ORIENTED_EDGE ( 'NONE', *, *, #477, .T. ) ;
#183 = CIRCLE ( 'NONE', #658, 0.01574803149605999431 ) ;
#184 = CARTESIAN_POINT ( 'NONE',  ( 1.067834155574000077, -0.05217873381818999984, 0.09037621804796004688 ) ) ;
#185 = LINE ( 'NONE', #9490, #8819 ) ;
#186 = CARTESIAN_POINT ( 'NONE',  ( 1.276972707651457872, 0.09444883965335013065, 0.07258425826477106491 ) ) ;
#187 = FACE_OUTER_BOUND ( 'NONE', #5471, .T. ) ;
#188 = CARTESIAN_POINT ( 'NONE',  ( 1.285721539729000273, -0.09608148263394998556, -0.03979825319989999111 ) ) ;
#189 = VERTEX_POINT ( 'NONE', #2907 ) ;
#190 = CARTESIAN_POINT ( 'NONE',  ( 0.9842519685038996213, -0.09595320950357008605, -0.1830708661417000116 ) ) ;
#191 = ADVANCED_FACE ( 'NONE', ( #7457 ), #5489, .T. ) ;
#192 = CARTESIAN_POINT ( 'NONE',  ( 1.150890364590000159, 0.01362138288035000082, 0.1034646750344000027 ) ) ;
#193 = CARTESIAN_POINT ( 'NONE',  ( 1.347569370136000089, -0.06221741063497008423, -0.1042672110211000092 ) ) ;
#194 = CARTESIAN_POINT ( 'NONE',  ( 1.313414431456499720, 0.03091510445189094708, -0.1150361429136074198 ) ) ;
#195 = LINE ( 'NONE', #8839, #6384 ) ;
#196 = DIRECTION ( 'NONE',  ( 0.000000000000000000, 0.8660254037844288266, -0.5000000000000169864 ) ) ;
#197 = CARTESIAN_POINT ( 'NONE',  ( 0.7249748790432009038, 0.01574803149606000124, -0.1537843690892000126 ) ) ;
#198 = CARTESIAN_POINT ( 'NONE',  ( 0.5984251968503937480, 0.000000000000000000, 0.000000000000000000 ) ) ;
#199 = CARTESIAN_POINT ( 'NONE',  ( 1.320811535375999712, 0.02819368258202999827, 0.1174351382184000009 ) ) ;
#200 = ORIENTED_EDGE ( 'NONE', *, *, #4651, .T. ) ;
#201 = EDGE_CURVE ( 'NONE', #4624, #2091, #4725, .T. ) ;
#202 = ORIENTED_EDGE ( 'NONE', *, *, #5591, .F. ) ;
#203 = CARTESIAN_POINT ( 'NONE',  ( 1.075583744454000179, 0.01626884762528999981, 0.1027174613184000107 ) ) ;
#204 = CARTESIAN_POINT ( 'NONE',  ( 0.9842519685038996213, -0.09595320950357008605, 0.1830708661417000116 ) ) ;
#205 = CARTESIAN_POINT ( 'NONE',  ( 1.039969836482000032, 0.01484635312203000206, -0.1127000960173999977 ) ) ;
#206 = CARTESIAN_POINT ( 'NONE',  ( 1.202909879045000130, 0.05229147507196999639, -0.09630891637529999383 ) ) ;
#207 = CARTESIAN_POINT ( 'NONE',  ( 1.058138782919000098, 0.09359019512382993344, 0.04516025147182999716 ) ) ;
#208 = CARTESIAN_POINT ( 'NONE',  ( 0.5790964132382000473, 0.1215489618075999978, 0.08836058626626004664 ) ) ;
#209 = LINE ( 'NONE', #7473, #4799 ) ;
#210 = DIRECTION ( 'NONE',  ( -1.000000000000000000, 0.000000000000000000, 0.000000000000000000 ) ) ;
#211 = ORIENTED_EDGE ( 'NONE', *, *, #7627, .F. ) ;
#212 = ORIENTED_EDGE ( 'NONE', *, *, #7417, .T. ) ;
#213 = EDGE_CURVE ( 'NONE', #5419, #370, #5188, .T. ) ;
#214 = EDGE_CURVE ( 'NONE', #2223, #2017, #5166, .T. ) ;
#215 = ORIENTED_EDGE ( 'NONE', *, *, #3974, .F. ) ;
#216 = CARTESIAN_POINT ( 'NONE',  ( 1.134131745350000164, -0.1187497432072000120, 0.02200896399189000013 ) ) ;
#217 = CARTESIAN_POINT ( 'NONE',  ( 1.194483985261749703, 0.01546059376767015998, -0.1181102362205000006 ) ) ;
#218 = CARTESIAN_POINT ( 'NONE',  ( 1.388361710567999951, 0.05949335099437007279, 0.08641792045599999694 ) ) ;
#219 = CARTESIAN_POINT ( 'NONE',  ( 1.342414453114999962, 0.1037894890814000243, 0.001630455583772000196 ) ) ;
#220 = CARTESIAN_POINT ( 'NONE',  ( 0.7283464566928996575, 0.000000000000000000, 0.2263779527559000304 ) ) ;
#221 = DIRECTION ( 'NONE',  ( 1.000000000000000000, 0.000000000000000000, 0.000000000000000000 ) ) ;
#222 = LINE ( 'NONE', #3304, #4109 ) ;
#223 = CARTESIAN_POINT ( 'NONE',  ( 1.228866853258000047, -0.04244600606646999758, 0.09533529053063996561 ) ) ;
#224 = CARTESIAN_POINT ( 'NONE',  ( 1.156401841509499873, 0.1150361429136073088, 0.03091510445189112402 ) ) ;
#225 = CARTESIAN_POINT ( 'NONE',  ( 1.154293696547999959, 0.000000000000000000, -0.1181102362205000006 ) ) ;
#226 = ADVANCED_FACE ( 'NONE', ( #582 ), #9131, .F. ) ;
#227 = ORIENTED_EDGE ( 'NONE', *, *, #4535, .T. ) ;
#228 = ORIENTED_EDGE ( 'NONE', *, *, #7253, .F. ) ;
#229 = TOROIDAL_SURFACE ( 'NONE', #1847, 0.2496578167135999893, 0.007874015748031005027 ) ;
#230 = CARTESIAN_POINT ( 'NONE',  ( 1.116882712005000000, -0.09171112839325000488, -0.04979507988139000169 ) ) ;
#231 = CARTESIAN_POINT ( 'NONE',  ( 1.321874943287999926, -0.1005876041400999843, 0.02224877255178000016 ) ) ;
#232 = CARTESIAN_POINT ( 'NONE',  ( 1.376689840910163554, 0.02821704488711263351, -0.1047365252723362478 ) ) ;
#233 = CARTESIAN_POINT ( 'NONE',  ( 0.5511811023621999706, 0.000000000000000000, 0.000000000000000000 ) ) ;
#234 = CARTESIAN_POINT ( 'NONE',  ( 1.309179544979000021, 0.05664128730773000664, 0.08721993429785000751 ) ) ;
#235 = ORIENTED_EDGE ( 'NONE', *, *, #8243, .T. ) ;
#236 = CARTESIAN_POINT ( 'NONE',  ( 1.075553539067999997, 0.000000000000000000, -0.1181102362205000006 ) ) ;
#237 = CARTESIAN_POINT ( 'NONE',  ( 1.074062169885000140, 0.04979507987150000314, 0.09171112839765001301 ) ) ;
#238 = CIRCLE ( 'NONE', #3144, 0.1220472440944999765 ) ;
#239 = AXIS2_PLACEMENT_3D ( 'NONE', #1173, #4267, #7334 ) ;
#240 = CARTESIAN_POINT ( 'NONE',  ( 1.323471601107000017, 0.1149244493389000032, 0.03917943879621000464 ) ) ;
#241 = CARTESIAN_POINT ( 'NONE',  ( 1.366058662213784247, -0.07919047972093251619, 0.08764366710241056069 ) ) ;
#242 = CARTESIAN_POINT ( 'NONE',  ( 0.7283464566928996575, 0.000000000000000000, 0.000000000000000000 ) ) ;
#243 = CARTESIAN_POINT ( 'NONE',  ( 1.055209237341323325, 0.01240163587302685159, 0.1181117723651536888 ) ) ;
#244 = DIRECTION ( 'NONE',  ( 0.000000000000000000, 1.000000000000000000, 0.000000000000000000 ) ) ;
#245 = DIRECTION ( 'NONE',  ( 1.000000000000000000, 0.000000000000000000, 0.000000000000000000 ) ) ;
#246 = CARTESIAN_POINT ( 'NONE',  ( 1.329341719103000141, -0.1090071540550999890, 0.05199325309835000491 ) ) ;
#247 = ORIENTED_EDGE ( 'NONE', *, *, #8518, .T. ) ;
#248 = TOROIDAL_SURFACE ( 'NONE', #8156, 0.2133049650658000174, 0.01181102362204999867 ) ;
#249 = CARTESIAN_POINT ( 'NONE',  ( 1.165150673587999952, -0.1039978473953000054, -1.219302436795000243E-13 ) ) ;
#250 = DIRECTION ( 'NONE',  ( -1.000000000000000000, 0.000000000000000000, 0.000000000000000000 ) ) ;
#251 = CARTESIAN_POINT ( 'NONE',  ( 1.141620047380000003, -0.06929524396881005244, 0.09189085280447009674 ) ) ;
#252 = EDGE_CURVE ( 'NONE', #5674, #3083, #1446, .T. ) ;
#253 = CARTESIAN_POINT ( 'NONE',  ( 1.301006991905000021, -0.04717939539942000299, 0.09891362216373995875 ) ) ;
#254 = AXIS2_PLACEMENT_3D ( 'NONE', #2975, #3078, #9247 ) ;
#255 = CYLINDRICAL_SURFACE ( 'NONE', #5896, 0.1181102362205000006 ) ;
#256 = CARTESIAN_POINT ( 'NONE',  ( 0.9107611812405334017, 0.09349883745985163030, -0.1732283028082439447 ) ) ;
#257 = CARTESIAN_POINT ( 'NONE',  ( 1.176017089779270552, 0.01362138275840000211, -0.1034646749458000559 ) ) ;
#258 = CARTESIAN_POINT ( 'NONE',  ( 1.197412340197000047, 0.1022864650138999992, 0.05905511811023995972 ) ) ;
#259 = ORIENTED_EDGE ( 'NONE', *, *, #6172, .T. ) ;
#260 = EDGE_LOOP ( 'NONE', ( #2847, #5321, #9068, #4711 ) ) ;
#261 = ORIENTED_EDGE ( 'NONE', *, *, #1245, .F. ) ;
#262 = AXIS2_PLACEMENT_3D ( 'NONE', #5875, #7441, #9163 ) ;
#263 = CARTESIAN_POINT ( 'NONE',  ( 1.140529383145000075, -0.08081229706146003666, -0.08975114846854999329 ) ) ;
#264 = LINE ( 'NONE', #3352, #492 ) ;
#265 = ADVANCED_FACE ( 'NONE', ( #9655 ), #8029, .T. ) ;
#266 = CARTESIAN_POINT ( 'NONE',  ( 1.319281439350999952, -0.08321982597356004929, 0.06103011843206004178 ) ) ;
#267 = EDGE_CURVE ( 'NONE', #1016, #4378, #2728, .T. ) ;
#268 = CARTESIAN_POINT ( 'NONE',  ( 1.334310778573999823, 0.03000216380510000239, -0.09937196083212991582 ) ) ;
#269 = CARTESIAN_POINT ( 'NONE',  ( 0.7362204724408996093, -0.003937007874016000379, 0.1574310946703000036 ) ) ;
#270 = CARTESIAN_POINT ( 'NONE',  ( 1.202755934922482561, -0.09924984962422009338, 0.03224823102986000556 ) ) ;
#271 = DIRECTION ( 'NONE',  ( 0.000000000000000000, 0.000000000000000000, 1.000000000000000000 ) ) ;
#272 = AXIS2_PLACEMENT_3D ( 'NONE', #8112, #3711, #2762 ) ;
#273 = FACE_OUTER_BOUND ( 'NONE', #131, .T. ) ;
#274 = CARTESIAN_POINT ( 'NONE',  ( 1.145271386836749894, -0.1181102362205000006, -0.01546059376767004723 ) ) ;
#275 = ORIENTED_EDGE ( 'NONE', *, *, #8783, .T. ) ;
#276 = EDGE_CURVE ( 'NONE', #8981, #4648, #3230, .T. ) ;
#277 = CARTESIAN_POINT ( 'NONE',  ( 1.071920214213250233, 0.09444883965335060250, -0.07258425826477042653 ) ) ;
#278 = CARTESIAN_POINT ( 'NONE',  ( 1.177384002681999942, -0.06577719075493997092, 0.1012879920044000015 ) ) ;
#279 = CARTESIAN_POINT ( 'NONE',  ( 1.292730148887999864, -0.01632510462271000162, -0.1030726540387999907 ) ) ;
#280 = CARTESIAN_POINT ( 'NONE',  ( 0.5984251968503937480, 0.1126864528502000001, 0.04687529344016000410 ) ) ;
#281 = FACE_OUTER_BOUND ( 'NONE', #8153, .T. ) ;
#282 = CARTESIAN_POINT ( 'NONE',  ( 1.214248913605999958, -0.05479462961503000357, -0.09490708247489999805 ) ) ;
#283 = B_SPLINE_CURVE_WITH_KNOTS ( 'NONE', 3,
 ( #5298, #1886, #9617, #3729, #6573, #4552, #5017, #6806, #8042, #8324, #6519 ),
 .UNSPECIFIED., .F., .F.,
 ( 4, 1, 1, 1, 1, 1, 1, 1, 4 ),
 ( 0.000000000000000000, 0.1250000000000000000, 0.2500000000000000000, 0.3750000000000000000, 0.5000000000000000000, 0.6250000000000000000, 0.7500000000000000000, 0.8750000000000000000, 1.000000000000000000 ),
 .UNSPECIFIED. ) ;
#284 = DIRECTION ( 'NONE',  ( 1.000000000000000000, 0.000000000000000000, 0.000000000000000000 ) ) ;
#285 = CARTESIAN_POINT ( 'NONE',  ( 1.057086614172999983, 0.000000000000000000, -0.1023622047244000105 ) ) ;
#286 = CARTESIAN_POINT ( 'NONE',  ( 1.057001802431000170, -0.008188164623482006854, -0.1040356027308000086 ) ) ;
#287 = CARTESIAN_POINT ( 'NONE',  ( 1.325881378010000056, 0.09183071142147009036, 0.07943411055459999315 ) ) ;
#288 = FACE_OUTER_BOUND ( 'NONE', #2141, .T. ) ;
#289 = DIRECTION ( 'NONE',  ( 0.000000000000000000, 0.8566492884988268219, 0.5158992115854160732 ) ) ;
#290 = CARTESIAN_POINT ( 'NONE',  ( 0.9842519685038996213, 0.09595320950357008605, 0.1830708661417000116 ) ) ;
#291 = DIRECTION ( 'NONE',  ( 0.000000000000000000, -0.8660254037844288266, 0.5000000000000169864 ) ) ;
#292 = DIRECTION ( 'NONE',  ( 0.000000000000000000, 1.000000000000000000, 0.000000000000000000 ) ) ;
#293 = DIRECTION ( 'NONE',  ( 0.000000000000000000, 1.000000000000000000, 0.000000000000000000 ) ) ;
#294 = ORIENTED_EDGE ( 'NONE', *, *, #6082, .T. ) ;
#295 = ORIENTED_EDGE ( 'NONE', *, *, #1254, .T. ) ;
#296 = CARTESIAN_POINT ( 'NONE',  ( 1.062788468863000046, 0.08413603305474999516, -0.06112840414522991567 ) ) ;
#297 = CARTESIAN_POINT ( 'NONE',  ( 0.8188976377952992269, -0.1122047244094000057, 0.000000000000000000 ) ) ;
#298 = CARTESIAN_POINT ( 'NONE',  ( 1.047628414015000065, 0.1123884136350999929, -0.02479124622390000213 ) ) ;
#299 = CARTESIAN_POINT ( 'NONE',  ( 1.260488619201999949, -0.02836378742741000117, 0.1058550957742000059 ) ) ;
#300 = CARTESIAN_POINT ( 'NONE',  ( 0.9999994263157997443, 0.1489148699297785372, -0.1299458107934414741 ) ) ;
#301 = CARTESIAN_POINT ( 'NONE',  ( 0.9799168807595000086, 0.09419677740597007243, 0.1760013734404000108 ) ) ;
#302 = CARTESIAN_POINT ( 'NONE',  ( 1.067257247259364217, 0.1042144498682000403, 0.005461647631049000411 ) ) ;
#303 = CARTESIAN_POINT ( 'NONE',  ( 1.376638037796664715, 0.004107443453701446756, 0.1092932245505795208 ) ) ;
#304 = EDGE_LOOP ( 'NONE', ( #2726, #7978, #4710, #2823, #704, #4476 ) ) ;
#305 = ORIENTED_EDGE ( 'NONE', *, *, #276, .F. ) ;
#306 = ORIENTED_EDGE ( 'NONE', *, *, #354, .F. ) ;
#307 = AXIS2_PLACEMENT_3D ( 'NONE', #1404, #7281, #5246 ) ;
#308 = CARTESIAN_POINT ( 'NONE',  ( 1.106408648236999914, 0.01262412023106999903, -0.1201104807923000090 ) ) ;
#309 = CARTESIAN_POINT ( 'NONE',  ( 1.200225455078000047, 0.1032031167347791240, -0.05948255673673400606 ) ) ;
#310 = CARTESIAN_POINT ( 'NONE',  ( 1.372104275351000213, 0.06059705576737992039, -0.08564766778826005122 ) ) ;
#311 = CARTESIAN_POINT ( 'NONE',  ( 1.378880988548000008, 0.09357312652874999470, -0.04493324975026000145 ) ) ;
#312 = CARTESIAN_POINT ( 'NONE',  ( 1.313882156470499885, 0.1150361429136072949, 0.03091510445189110320 ) ) ;
#313 = DIRECTION ( 'NONE',  ( 1.000000000000000000, 0.000000000000000000, 0.000000000000000000 ) ) ;
#314 = DIRECTION ( 'NONE',  ( 0.000000000000000000, 1.000000000000000000, 0.000000000000000000 ) ) ;
#315 = AXIS2_PLACEMENT_3D ( 'NONE', #8323, #4649, #2259 ) ;
#316 = CARTESIAN_POINT ( 'NONE',  ( 1.217917589540749912, -0.09444883965335029719, -0.07258425826477082898 ) ) ;
#317 = ORIENTED_EDGE ( 'NONE', *, *, #8120, .T. ) ;
#318 = ORIENTED_EDGE ( 'NONE', *, *, #86, .F. ) ;
#319 = VERTEX_POINT ( 'NONE', #3539 ) ;
#320 = ADVANCED_FACE ( 'NONE', ( #7315 ), #3438, .F. ) ;
#321 = EDGE_CURVE ( 'NONE', #8552, #1176, #9705, .T. ) ;
#322 = VECTOR ( 'NONE', #3862, 39.37007874015748143 ) ;
#323 = CARTESIAN_POINT ( 'NONE',  ( 1.085043573793249783, 0.01546059376766943140, 0.1181102362205000700 ) ) ;
#324 = CARTESIAN_POINT ( 'NONE',  ( 0.7249748790432009038, -0.1410551860843000105, 0.06325398920942992831 ) ) ;
#325 = TOROIDAL_SURFACE ( 'NONE', #5817, 0.2992125984251968740, 0.01574803149606000124 ) ;
#326 = CARTESIAN_POINT ( 'NONE',  ( 1.186102852300000121, 0.1018014538566000132, 0.01069976395653000033 ) ) ;
#327 = CARTESIAN_POINT ( 'NONE',  ( 1.273691867756290730, 0.1181102362204999590, 0.01546059376767032305 ) ) ;
#328 = DIRECTION ( 'NONE',  ( -1.000000000000000000, 0.000000000000000000, 0.000000000000000000 ) ) ;
#329 = ORIENTED_EDGE ( 'NONE', *, *, #4626, .T. ) ;
#330 = ADVANCED_FACE ( 'NONE', ( #7468 ), #5050, .T. ) ;
#331 = CARTESIAN_POINT ( 'NONE',  ( 0.7244094488188976833, -0.1409286094185999982, -0.06318091013743996898 ) ) ;
#332 = CARTESIAN_POINT ( 'NONE',  ( 1.047973619356000086, 0.1124504196042999948, 0.03612382912791000517 ) ) ;
#333 = CARTESIAN_POINT ( 'NONE',  ( 1.106050358862000094, 0.1037857865099000160, -0.01090832572257000033 ) ) ;
#334 = CARTESIAN_POINT ( 'NONE',  ( 1.296964055174999908, -0.08584456977658996846, 0.08163447578408995764 ) ) ;
#335 = DIRECTION ( 'NONE',  ( -1.000000000000000000, 0.000000000000000000, 0.000000000000000000 ) ) ;
#336 = DIRECTION ( 'NONE',  ( 0.000000000000000000, 0.000000000000000000, 1.000000000000000000 ) ) ;
#337 = CYLINDRICAL_SURFACE ( 'NONE', #5676, 0.08267716535433068670 ) ;
#338 = DIRECTION ( 'NONE',  ( 0.000000000000000000, 0.000000000000000000, -1.000000000000000000 ) ) ;
#339 = CIRCLE ( 'NONE', #4713, 0.3071475752050999986 ) ;
#340 = CYLINDRICAL_SURFACE ( 'NONE', #5763, 0.01181102362205004204 ) ;
#341 = CARTESIAN_POINT ( 'NONE',  ( 1.330763416391000042, -0.1164092492941000145, 0.02574833084660000174 ) ) ;
#342 = ORIENTED_EDGE ( 'NONE', *, *, #4597, .F. ) ;
#343 = EDGE_LOOP ( 'NONE', ( #753, #5548 ) ) ;
#344 = CARTESIAN_POINT ( 'NONE',  ( 0.7362204724408996093, -0.1866645544309000204, 0.1032247656370999800 ) ) ;
#345 = VECTOR ( 'NONE', #4617, 39.37007874015748143 ) ;
#346 = CARTESIAN_POINT ( 'NONE',  ( -0.03184567412300000344, -4.093383871545999899E-10, -0.2417915662690000023 ) ) ;
#347 = CARTESIAN_POINT ( 'NONE',  ( 1.091491176251999873, 0.1010071451113000035, 0.05516626054289000547 ) ) ;
#348 = CARTESIAN_POINT ( 'NONE',  ( 1.197610851624000050, 0.01801822666095000136, -0.1137626058722999989 ) ) ;
#349 = DIRECTION ( 'NONE',  ( 0.000000000000000000, 0.000000000000000000, 1.000000000000000000 ) ) ;
#350 =( LENGTH_UNIT ( ) NAMED_UNIT ( * ) SI_UNIT ( $, .METRE. ) );
#351 = CARTESIAN_POINT ( 'NONE',  ( 1.165354360120364197, -0.1043574676366000598, -1.222648457119365979E-13 ) ) ;
#352 = CARTESIAN_POINT ( 'NONE',  ( 1.381889763779999836, -0.03163166084151999846, 0.09735224182548997407 ) ) ;
#353 = DIRECTION ( 'NONE',  ( 0.000000000000000000, 1.000000000000000000, 0.000000000000000000 ) ) ;
#354 = EDGE_CURVE ( 'NONE', #3761, #7353, #8387, .T. ) ;
#355 = EDGE_LOOP ( 'NONE', ( #7993, #9688, #2296, #8994, #1108 ) ) ;
#356 = EDGE_CURVE ( 'NONE', #4231, #2323, #8505, .T. ) ;
#357 = VERTEX_POINT ( 'NONE', #7420 ) ;
#358 = CARTESIAN_POINT ( 'NONE',  ( 1.162953452838000112, -0.02394740807054999629, 0.1126636970527000042 ) ) ;
#359 = LINE ( 'NONE', #7572, #3543 ) ;
#360 = CARTESIAN_POINT ( 'NONE',  ( 1.337756395606999993, 0.07117722443235000029, -0.07708001613486005488 ) ) ;
#361 = DIRECTION ( 'NONE',  ( 0.000000000000000000, 0.000000000000000000, 1.000000000000000000 ) ) ;
#362 = EDGE_CURVE ( 'NONE', #3680, #7213, #4349, .T. ) ;
#363 = CARTESIAN_POINT ( 'NONE',  ( 1.091957738542999490, 0.05948255673673389504, 0.1032031167347791933 ) ) ;
#364 = CARTESIAN_POINT ( 'NONE',  ( 1.211286118649482546, -0.05217873381839999852, -0.09037621804783996238 ) ) ;
#365 = DIRECTION ( 'NONE',  ( 1.000000000000000000, 0.000000000000000000, 0.000000000000000000 ) ) ;
#366 = DIRECTION ( 'NONE',  ( 0.000000000000000000, 0.000000000000000000, -1.000000000000000000 ) ) ;
#367 = EDGE_CURVE ( 'NONE', #5878, #3801, #4775, .T. ) ;
#368 = ORIENTED_EDGE ( 'NONE', *, *, #4675, .T. ) ;
#369 = VERTEX_POINT ( 'NONE', #1920 ) ;
#370 = VERTEX_POINT ( 'NONE', #2019 ) ;
#371 = CARTESIAN_POINT ( 'NONE',  ( 0.6791338582677007851, 0.000000000000000000, 0.000000000000000000 ) ) ;
#372 = ORIENTED_EDGE ( 'NONE', *, *, #628, .F. ) ;
#373 = CARTESIAN_POINT ( 'NONE',  ( 1.093424706755000031, 0.1037857865099000160, -0.01090832572257000033 ) ) ;
#374 = CARTESIAN_POINT ( 'NONE',  ( 0.7309163189859999576, -0.1415909421889999797, 0.06576207237822008500 ) ) ;
#375 = B_SPLINE_CURVE_WITH_KNOTS ( 'NONE', 3,
 ( #9695, #1241, #4338, #3708, #9926, #7408, #8353, #5328, #8403, #6786 ),
 .UNSPECIFIED., .F., .F.,
 ( 4, 2, 2, 2, 4 ),
 ( 0.000000000000000000, 0.2500000000000000000, 0.5000000000000000000, 0.7500000000000000000, 1.000000000000000000 ),
 .UNSPECIFIED. ) ;
#376 = VECTOR ( 'NONE', #5448, 39.37007874015748143 ) ;
#377 = CARTESIAN_POINT ( 'NONE',  ( 1.275726322595000184, -0.08442696480807007631, 0.06133978044347008357 ) ) ;
#378 = EDGE_CURVE ( 'NONE', #5711, #857, #4362, .T. ) ;
#379 = CARTESIAN_POINT ( 'NONE',  ( 1.264669558044582809, 0.03091510445189092279, -0.1150361429136073782 ) ) ;
#380 = LINE ( 'NONE', #4383, #3882 ) ;
#381 = ORIENTED_EDGE ( 'NONE', *, *, #6753, .F. ) ;
#382 = CARTESIAN_POINT ( 'NONE',  ( 0.7280600717204999128, -0.1669210694110000448, 0.1138883778692999921 ) ) ;
#383 = CARTESIAN_POINT ( 'NONE',  ( 0.6104330708661004357, 0.3740157480314960647, -0.3740157480314960647 ) ) ;
#384 = CARTESIAN_POINT ( 'NONE',  ( 1.129564905272000042, -0.03993587390816000920, -0.09641372841431003482 ) ) ;
#385 = DIRECTION ( 'NONE',  ( 1.000000000000000000, 0.000000000000000000, 0.000000000000000000 ) ) ;
#386 = DIRECTION ( 'NONE',  ( 0.000000000000000000, -0.8660254037844288266, 0.5000000000000169864 ) ) ;
#387 = ADVANCED_FACE ( 'NONE', ( #6558, #8184, #545, #9946, #9240, #9088 ), #9849, .T. ) ;
#388 = CARTESIAN_POINT ( 'NONE',  ( 0.7244094488188976833, 0.1251805779226000115, -0.09045730080782006521 ) ) ;
#389 = CARTESIAN_POINT ( 'NONE',  ( 1.095238578438000099, 0.000000000000000000, 0.1181102362205000006 ) ) ;
#390 = CARTESIAN_POINT ( 'NONE',  ( 0.6102362204723996708, -0.2755905511811023723, 0.000000000000000000 ) ) ;
#391 = AXIS2_PLACEMENT_3D ( 'NONE', #1371, #565, #6728 ) ;
#392 = CARTESIAN_POINT ( 'NONE',  ( 1.178587320491000012, 0.06978036658548995852, 0.07526689515913996542 ) ) ;
#393 = CARTESIAN_POINT ( 'NONE',  ( 1.276028070808999937, 0.1076087138029000051, 0.05482937826992000108 ) ) ;
#394 = ORIENTED_EDGE ( 'NONE', *, *, #7796, .F. ) ;
#395 = ORIENTED_EDGE ( 'NONE', *, *, #6207, .F. ) ;
#396 = CARTESIAN_POINT ( 'NONE',  ( 0.7280600717204999128, -0.1820907631361000090, 0.08761369760209999913 ) ) ;
#397 = VECTOR ( 'NONE', #3198, 39.37007874015748143 ) ;
#398 = DIRECTION ( 'NONE',  ( 0.000000000000000000, -0.8660254037844289376, -0.5000000000000169864 ) ) ;
#399 = CARTESIAN_POINT ( 'NONE',  ( 1.176509186351999858, 0.08864826967872008190, 0.05118110236220999726 ) ) ;
#400 = CARTESIAN_POINT ( 'NONE',  ( 1.263719775509000165, -0.1104375004920000042, 0.03271307799562000324 ) ) ;
#401 = EDGE_CURVE ( 'NONE', #2272, #4061, #4551, .T. ) ;
#402 = DIRECTION ( 'NONE',  ( 0.000000000000000000, 0.000000000000000000, 1.000000000000000000 ) ) ;
#403 = CARTESIAN_POINT ( 'NONE',  ( 1.071522339122364276, 0.07755271211107993279, 0.06982877558142992769 ) ) ;
#404 = CARTESIAN_POINT ( 'NONE',  ( 1.305695047962999844, -0.07379186162582992980, 0.07379198156927008201 ) ) ;
#405 = DIRECTION ( 'NONE',  ( 1.000000000000000000, 0.000000000000000000, 0.000000000000000000 ) ) ;
#406 = CARTESIAN_POINT ( 'NONE',  ( 0.5787401574803000548, -0.1351639017700000112, -0.05985265462468995767 ) ) ;
#407 = AXIS2_PLACEMENT_3D ( 'NONE', #5853, #8943, #2206 ) ;
#408 = ORIENTED_EDGE ( 'NONE', *, *, #2929, .F. ) ;
#409 = ORIENTED_EDGE ( 'NONE', *, *, #354, .T. ) ;
#410 = EDGE_LOOP ( 'NONE', ( #5037, #4000, #7337, #5761, #6147 ) ) ;
#411 = CARTESIAN_POINT ( 'NONE',  ( 1.105374712679999982, 0.04958655703110999291, -0.1039603787444000060 ) ) ;
#412 = CIRCLE ( 'NONE', #3804, 0.3149606299213000282 ) ;
#413 = CARTESIAN_POINT ( 'NONE',  ( 0.6498031496062991463, -0.3740157480314960647, 0.5314960629921000601 ) ) ;
#414 = CARTESIAN_POINT ( 'NONE',  ( 1.321498960390000033, -0.09689884475210000514, -0.04022598257578000741 ) ) ;
#415 = ORIENTED_EDGE ( 'NONE', *, *, #2674, .F. ) ;
#416 = CARTESIAN_POINT ( 'NONE',  ( 0.7268675672382992614, -0.1819025541359000075, -0.08711034411032007874 ) ) ;
#417 = FACE_OUTER_BOUND ( 'NONE', #7002, .T. ) ;
#418 = CARTESIAN_POINT ( 'NONE',  ( 1.268302882900249617, -0.07258425826477050979, -0.09444883965335056086 ) ) ;
#419 = CARTESIAN_POINT ( 'NONE',  ( 0.9763779527559055538, -0.09399477469537993735, 0.1751968503937007815 ) ) ;
#420 = AXIS2_PLACEMENT_3D ( 'NONE', #5318, #7542, #2843 ) ;
#421 = ORIENTED_EDGE ( 'NONE', *, *, #252, .F. ) ;
#422 = ORIENTED_EDGE ( 'NONE', *, *, #5297, .F. ) ;
#423 = AXIS2_PLACEMENT_3D ( 'NONE', #2010, #8176, #441 ) ;
#424 = EDGE_LOOP ( 'NONE', ( #7342, #4153, #5343, #6276 ) ) ;
#425 = CYLINDRICAL_SURFACE ( 'NONE', #8725, 0.1535433070865999949 ) ;
#426 = EDGE_CURVE ( 'NONE', #9973, #4788, #7571, .T. ) ;
#427 = VECTOR ( 'NONE', #2876, 39.37007874015748143 ) ;
#428 = CARTESIAN_POINT ( 'NONE',  ( 1.300837878525666458, -0.1181102362204989598, 0.02061412502356673240 ) ) ;
#429 = DIRECTION ( 'NONE',  ( 0.000000000000000000, 1.000000000000000000, 0.000000000000000000 ) ) ;
#430 = CARTESIAN_POINT ( 'NONE',  ( 1.254344322116000221, 0.000000000000000000, -0.1043574676367999970 ) ) ;
#431 = CARTESIAN_POINT ( 'NONE',  ( 0.9999994263157997443, -0.1944627759284683899, 0.03529562305955305512 ) ) ;
#432 = CARTESIAN_POINT ( 'NONE',  ( 1.130975332323249649, -0.09444883965335040821, 0.07258425826477060694 ) ) ;
#433 = ORIENTED_EDGE ( 'NONE', *, *, #5944, .T. ) ;
#434 = VECTOR ( 'NONE', #8642, 39.37007874015748143 ) ;
#435 = CARTESIAN_POINT ( 'NONE',  ( 0.7334836014312007269, -0.1720445182477999824, 0.1126957039439000080 ) ) ;
#436 = CARTESIAN_POINT ( 'NONE',  ( 1.173978735917999838, 0.000000000000000000, 0.1181102362205000006 ) ) ;
#437 = CARTESIAN_POINT ( 'NONE',  ( 1.146681813887999946, 0.01362138288035000082, 0.1034646750344000027 ) ) ;
#438 = CIRCLE ( 'NONE', #2084, 0.1478229366752999707 ) ;
#439 = CARTESIAN_POINT ( 'NONE',  ( 1.352393893751832943, 0.02355824101835441928, -0.1181102362204999728 ) ) ;
#440 = CYLINDRICAL_SURFACE ( 'NONE', #9934, 0.08267716535433068670 ) ;
#441 = DIRECTION ( 'NONE',  ( 0.000000000000000000, -0.6802292652421150221, 0.7329994179453162007 ) ) ;
#442 = CARTESIAN_POINT ( 'NONE',  ( 0.6498031496062991463, 0.3740157480314960647, 0.5314960629921000601 ) ) ;
#443 = CARTESIAN_POINT ( 'NONE',  ( 0.9809716437276003731, 0.09435586860101004281, -0.1766362176665000061 ) ) ;
#444 = DIRECTION ( 'NONE',  ( 4.261999108088084934E-26, 1.000000000000000000, 4.084770716117000082E-13 ) ) ;
#445 = CARTESIAN_POINT ( 'NONE',  ( 1.287789410842999915, -0.1104375004920000042, 0.03271307799562000324 ) ) ;
#446 = ORIENTED_EDGE ( 'NONE', *, *, #7703, .T. ) ;
#447 = B_SPLINE_CURVE_WITH_KNOTS ( 'NONE', 3,
 ( #1083, #9542, #4234, #2611, #9588, #4178, #6490, #3423, #1583, #9030, #536, #2150, #6228, #5473, #16, #2058, #8506, #2811, #9265, #770, #3620, #2860, #2388, #3096, #5137, #5940, #3577, #4677, #6650, #5894, #9741, #2337, #7749, #3149, #6985 ),
 .UNSPECIFIED., .F., .F.,
 ( 4, 1, 1, 1, 1, 1, 1, 1, 1, 1, 1, 1, 1, 1, 1, 1, 1, 1, 1, 1, 1, 1, 1, 1, 1, 1, 1, 1, 1, 1, 1, 1, 4 ),
 ( 0.000000000000000000, 0.01250097461252519873, 0.04500091736051671509, 0.07750086010850833207, 0.1100008028564999490, 0.1425007456044916632, 0.1750006883524831691, 0.2075006311004748971, 0.2400005738484664031, 0.2725005165964581311, 0.3050004593444496370, 0.3375004020924411430, 0.3700003448404328710, 0.4025002875884243769, 0.4350002303364161049, 0.4675001730844076109, 0.5000001158323993389, 0.5325000585803908448, 0.5650000013283825728, 0.5974999440763740788, 0.6299998868243658068, 0.6624998295723573127, 0.6949997723203490407, 0.7274997150683405467, 0.7599996578163320526, 0.7924996005643237806, 0.8249995433123152866, 0.8574994860603070146, 0.8899994288082984095, 0.9224993715562901375, 0.9549993143042818655, 0.9874992570522735935, 1.000000000000000000 ),
 .UNSPECIFIED. ) ;
#448 = ORIENTED_EDGE ( 'NONE', *, *, #4337, .T. ) ;
#449 = B_SPLINE_CURVE_WITH_KNOTS ( 'NONE', 3,
 ( #9663, #4459, #6716, #9810, #2684, #8905, #508, #5058, #3594, #8140, #7529, #1976, #1261, #8089, #5916, #458, #2878, #5816 ),
 .UNSPECIFIED., .F., .F.,
 ( 4, 2, 2, 2, 2, 2, 2, 2, 4 ),
 ( 0.000000000000000000, 0.1249999999999999167, 0.2499999999999998335, 0.3749999999999998335, 0.4999999999999998890, 0.6249999999999998890, 0.7499999999999998890, 0.8750000000000000000, 1.000000000000000000 ),
 .UNSPECIFIED. ) ;
#450 = ADVANCED_FACE ( 'NONE', ( #3070 ), #4688, .F. ) ;
#451 = CARTESIAN_POINT ( 'NONE',  ( 1.058523376999999988, 0.02691672291066000283, -0.1004542509135000067 ) ) ;
#452 = CARTESIAN_POINT ( 'NONE',  ( 1.323331937961000015, 0.03693203025473999757, -0.09781521965788995965 ) ) ;
#453 = CARTESIAN_POINT ( 'NONE',  ( 1.100856912546000155, -0.09667581987490000972, 0.07222730331707008511 ) ) ;
#454 = CARTESIAN_POINT ( 'NONE',  ( 1.291442872621999971, 0.06273188960587008922, 0.09659863943552993160 ) ) ;
#455 = CARTESIAN_POINT ( 'NONE',  ( 0.9999994263157996333, 0.1489146879450361227, 0.1299460193434190669 ) ) ;
#456 = CARTESIAN_POINT ( 'NONE',  ( 1.241235953766499645, 0.1150361429136075309, -0.03091510445189034686 ) ) ;
#457 = CARTESIAN_POINT ( 'NONE',  ( 0.7362204724408996093, 0.000000000000000000, 0.000000000000000000 ) ) ;
#458 = CARTESIAN_POINT ( 'NONE',  ( 1.123593442559500000, 0.03091510445189026360, 0.1150361429136075864 ) ) ;
#459 = CIRCLE ( 'NONE', #1750, 0.1181102362205000006 ) ;
#460 = CARTESIAN_POINT ( 'NONE',  ( 0.01181102362204999867, 0.000000000000000000, -0.1122047244094000057 ) ) ;
#461 = ORIENTED_EDGE ( 'NONE', *, *, #7757, .F. ) ;
#462 = VERTEX_POINT ( 'NONE', #3775 ) ;
#463 = ADVANCED_FACE ( 'NONE', ( #5395 ), #9690, .T. ) ;
#464 = CARTESIAN_POINT ( 'NONE',  ( 1.113904896406999967, 0.1119982199543999996, 0.02688839366582999879 ) ) ;
#465 = AXIS2_PLACEMENT_3D ( 'NONE', #2628, #5666, #4053 ) ;
#466 = CARTESIAN_POINT ( 'NONE',  ( 1.378145835363999927, 0.02272619166960000020, 0.1024259529341999958 ) ) ;
#467 = DIRECTION ( 'NONE',  ( 0.000000000000000000, 1.692938938524999843E-09, 1.000000000000000000 ) ) ;
#468 = VERTEX_POINT ( 'NONE', #5997 ) ;
#469 = CARTESIAN_POINT ( 'NONE',  ( 1.381889763780000502, 0.1023622047242272043, 0.01339918126464687519 ) ) ;
#470 = CARTESIAN_POINT ( 'NONE',  ( 1.381889763779999836, -0.01071934500703652753, 0.1023622047243733513 ) ) ;
#471 = CARTESIAN_POINT ( 'NONE',  ( 0.7334686179297008612, 0.1411890638285999977, 0.06814620779162008923 ) ) ;
#472 = DIRECTION ( 'NONE',  ( 1.000000000000000000, 0.000000000000000000, 0.000000000000000000 ) ) ;
#473 = ORIENTED_EDGE ( 'NONE', *, *, #1360, .T. ) ;
#474 = ORIENTED_EDGE ( 'NONE', *, *, #7345, .F. ) ;
#475 = VECTOR ( 'NONE', #9523, 39.37007874015748143 ) ;
#476 = ORIENTED_EDGE ( 'NONE', *, *, #6925, .F. ) ;
#477 = EDGE_CURVE ( 'NONE', #3503, #462, #7908, .T. ) ;
#478 = CARTESIAN_POINT ( 'NONE',  ( 0.7244094488188976833, 0.1251805779226000115, -0.09045730080782006521 ) ) ;
#479 = CARTESIAN_POINT ( 'NONE',  ( 0.5841804246273000212, 0.000000000000000000, 0.000000000000000000 ) ) ;
#480 = CONICAL_SURFACE ( 'NONE', #8555, 0.1377952755906000082, 0.2525542757780835368 ) ;
#481 = CYLINDRICAL_SURFACE ( 'NONE', #1350, 0.01181102362205004204 ) ;
#482 = CARTESIAN_POINT ( 'NONE',  ( 1.215958495344000134, 0.01632510462271000162, -0.1030726540387999907 ) ) ;
#483 = CARTESIAN_POINT ( 'NONE',  ( 0.9999994263157994112, -0.1850830063396412262, -0.06932411552445535974 ) ) ;
#484 = CARTESIAN_POINT ( 'NONE',  ( 1.138357222086999521, -0.1032031167347788603, -0.05948255673673441546 ) ) ;
#485 = B_SPLINE_CURVE_WITH_KNOTS ( 'NONE', 3,
 ( #5830, #1985, #7440, #520, #6677, #5927, #9016, #4162, #2643, #7233, #312, #3406, #9161, #9871, #8393, #7640, #9916, #9259 ),
 .UNSPECIFIED., .F., .F.,
 ( 4, 2, 2, 2, 2, 2, 2, 2, 4 ),
 ( 0.000000000000000000, 0.1249999999999998890, 0.2499999999999997780, 0.3749999999999997780, 0.4999999999999997780, 0.6249999999999998890, 0.7499999999999998890, 0.8749999999999998890, 1.000000000000000000 ),
 .UNSPECIFIED. ) ;
#486 = ORIENTED_EDGE ( 'NONE', *, *, #6673, .F. ) ;
#487 = CIRCLE ( 'NONE', #2588, 0.1574803149606000263 ) ;
#488 = LINE ( 'NONE', #6395, #5809 ) ;
#489 = CIRCLE ( 'NONE', #3568, 0.01181102362204999867 ) ;
#490 = CARTESIAN_POINT ( 'NONE',  ( 1.182935094727999958, 0.06016699432915000034, 0.08281276320373996691 ) ) ;
#491 = DIRECTION ( 'NONE',  ( 0.000000000000000000, 0.000000000000000000, 1.000000000000000000 ) ) ;
#492 = VECTOR ( 'NONE', #7799, 39.37007874015748854 ) ;
#493 = DIRECTION ( 'NONE',  ( 1.000000000000000000, 0.000000000000000000, 0.000000000000000000 ) ) ;
#494 = DIRECTION ( 'NONE',  ( -1.000000000000000000, 0.000000000000000000, 0.000000000000000000 ) ) ;
#495 = CARTESIAN_POINT ( 'NONE',  ( 1.185461675550499638, -0.1150361429136074476, -0.03091510445189083259 ) ) ;
#496 = CARTESIAN_POINT ( 'NONE',  ( 1.145864307394000026, -0.03197554366415000099, 0.09887435182218996810 ) ) ;
#497 = CARTESIAN_POINT ( 'NONE',  ( 1.324042691682999928, -0.08144502098066003226, 0.08144515336377008974 ) ) ;
#498 = ORIENTED_EDGE ( 'NONE', *, *, #6897, .F. ) ;
#499 = VERTEX_POINT ( 'NONE', #4596 ) ;
#500 = CARTESIAN_POINT ( 'NONE',  ( 1.001344629724999935, -0.09315903500885000521, -0.1718838784784999796 ) ) ;
#501 = DIRECTION ( 'NONE',  ( 1.000000000000000000, 0.000000000000000000, 0.000000000000000000 ) ) ;
#502 = VECTOR ( 'NONE', #9284, 39.37007874015748854 ) ;
#503 = CARTESIAN_POINT ( 'NONE',  ( 1.061171556236000235, -0.09292080795710001839, 0.07699818791050001832 ) ) ;
#504 = CARTESIAN_POINT ( 'NONE',  ( 1.210406127214999961, 0.09318312031472007761, 0.06770149980087993014 ) ) ;
#505 = CARTESIAN_POINT ( 'NONE',  ( 1.347043040380249801, -0.07258425826477050979, -0.09444883965335056086 ) ) ;
#506 = CARTESIAN_POINT ( 'NONE',  ( 1.246977423582749989, 0.09444883965335013065, 0.07258425826477109266 ) ) ;
#507 = CARTESIAN_POINT ( 'NONE',  ( 1.199067751375000102, -0.05217873381839999852, -0.09037621804783996238 ) ) ;
#508 = CARTESIAN_POINT ( 'NONE',  ( 1.112110502926999756, 0.1032031167347791240, -0.05948255673673397831 ) ) ;
#509 = ADVANCED_FACE ( 'NONE', ( #1554 ), #7670, .T. ) ;
#510 = CARTESIAN_POINT ( 'NONE',  ( 1.056135777316999924, -0.01208632569702999988, -0.1072449129865000045 ) ) ;
#511 = VERTEX_POINT ( 'NONE', #4449 ) ;
#512 = ORIENTED_EDGE ( 'NONE', *, *, #6940, .T. ) ;
#513 = EDGE_CURVE ( 'NONE', #883, #9614, #2871, .T. ) ;
#514 = CARTESIAN_POINT ( 'NONE',  ( 1.094711983021000146, -0.1095433277672000077, -0.03559278478245000293 ) ) ;
#515 = CARTESIAN_POINT ( 'NONE',  ( 1.343797955620000151, 0.009271783374325000271, 0.1045062686985000072 ) ) ;
#516 = FACE_OUTER_BOUND ( 'NONE', #7623, .T. ) ;
#517 = CARTESIAN_POINT ( 'NONE',  ( 0.8431417322834998673, 0.3740157480314960647, 0.3740157480314960647 ) ) ;
#518 = AXIS2_PLACEMENT_3D ( 'NONE', #3605, #5778, #7391 ) ;
#519 = ADVANCED_FACE ( 'NONE', ( #790 ), #7722, .T. ) ;
#520 = CARTESIAN_POINT ( 'NONE',  ( 1.305680056732999805, 0.05948255673673451954, -0.1032031167347788603 ) ) ;
#521 = CARTESIAN_POINT ( 'NONE',  ( 0.06692913385827008177, 0.000000000000000000, -0.3149606299213000282 ) ) ;
#522 = CARTESIAN_POINT ( 'NONE',  ( 0.7401574803150000603, 0.000000000000000000, 0.1535433070865999949 ) ) ;
#523 = EDGE_CURVE ( 'NONE', #869, #1833, #795, .T. ) ;
#524 = EDGE_CURVE ( 'NONE', #1919, #5560, #6853, .T. ) ;
#525 = ORIENTED_EDGE ( 'NONE', *, *, #3981, .T. ) ;
#526 = ORIENTED_EDGE ( 'NONE', *, *, #1025, .T. ) ;
#527 = EDGE_LOOP ( 'NONE', ( #655, #6432, #1211, #6010 ) ) ;
#528 = CARTESIAN_POINT ( 'NONE',  ( 0.6104330708661004357, 0.5314960629921000601, -0.3740157480314960647 ) ) ;
#529 = CARTESIAN_POINT ( 'NONE',  ( 0.5986837116382007773, -0.01574803149606000124, -0.1592489209574999842 ) ) ;
#530 = CARTESIAN_POINT ( 'NONE',  ( 1.240063258831999971, 0.05948255673673390198, 0.1032031167347791933 ) ) ;
#531 = CARTESIAN_POINT ( 'NONE',  ( 1.262931047005000140, 0.09298318451212993219, 0.04737729888397000655 ) ) ;
#532 = EDGE_CURVE ( 'NONE', #7240, #2209, #5347, .T. ) ;
#533 = CARTESIAN_POINT ( 'NONE',  ( 0.9999994263157997443, -0.1489146879450358174, -0.1299460193434195110 ) ) ;
#534 = FACE_OUTER_BOUND ( 'NONE', #1116, .T. ) ;
#535 = ORIENTED_EDGE ( 'NONE', *, *, #3111, .T. ) ;
#536 = CARTESIAN_POINT ( 'NONE',  ( 1.361682410427793144, 0.02403898577518218463, -0.1021298704753378223 ) ) ;
#537 = CARTESIAN_POINT ( 'NONE',  ( 1.129621446433999976, 0.02963912214327999936, -0.1000599994510000118 ) ) ;
#538 = DIRECTION ( 'NONE',  ( 0.000000000000000000, 1.000000000000000000, 0.000000000000000000 ) ) ;
#539 = DIRECTION ( 'NONE',  ( 0.9990138064662087425, -1.053490780848009857E-08, -0.04440061362072039025 ) ) ;
#540 = DIRECTION ( 'NONE',  ( 0.000000000000000000, 0.000000000000000000, -1.000000000000000000 ) ) ;
#541 = CARTESIAN_POINT ( 'NONE',  ( 1.178079785786749767, -0.07258425826477071796, 0.09444883965335038045 ) ) ;
#542 = CARTESIAN_POINT ( 'NONE',  ( 1.311247416092000018, 0.1095433277718000087, 0.03559278482678999989 ) ) ;
#543 = EDGE_LOOP ( 'NONE', ( #6277, #9166, #9408, #2246 ) ) ;
#544 = ORIENTED_EDGE ( 'NONE', *, *, #7167, .T. ) ;
#545 = FACE_BOUND ( 'NONE', #1298, .T. ) ;
#546 = ADVANCED_FACE ( 'NONE', ( #5951 ), #1608, .T. ) ;
#547 = FACE_OUTER_BOUND ( 'NONE', #5784, .T. ) ;
#548 = CARTESIAN_POINT ( 'NONE',  ( 1.164458229863427174, 0.01777201630512044439, -0.1027512254037736272 ) ) ;
#549 = CARTESIAN_POINT ( 'NONE',  ( 1.253057045849999884, 0.04684819949600001199, 0.1052227788591999919 ) ) ;
#550 = CARTESIAN_POINT ( 'NONE',  ( 1.337200520695249972, -0.09444883965335044984, 0.07258425826477060694 ) ) ;
#551 = CARTESIAN_POINT ( 'NONE',  ( 1.236314693923999508, 0.05948255673673451260, -0.1032031167347788742 ) ) ;
#552 = CARTESIAN_POINT ( 'NONE',  ( 1.213995572896999997, 0.1000599994510000118, 0.02963912214327999936 ) ) ;
#553 = CARTESIAN_POINT ( 'NONE',  ( 0.5787401574803000548, -0.1197790500519000101, -0.08733872723765000179 ) ) ;
#554 = CARTESIAN_POINT ( 'NONE',  ( 0.6804168098318996716, -0.1310778715394000093, 0.05749358397114000263 ) ) ;
#555 = DIRECTION ( 'NONE',  ( -1.000000000000000000, 0.000000000000000000, 0.000000000000000000 ) ) ;
#556 = ORIENTED_EDGE ( 'NONE', *, *, #8675, .T. ) ;
#557 = EDGE_LOOP ( 'NONE', ( #990, #3585, #4917, #9587, #6554, #9387, #2129, #448, #2401, #8386, #6870, #8104, #6680, #6841, #3642, #3762, #1486, #2355, #8195, #261, #5455, #4724, #2777, #5394, #1906, #8027, #2439 ) ) ;
#558 = CARTESIAN_POINT ( 'NONE',  ( 1.092579437089999939, -0.1151412015252999965, 0.003015078472524000425 ) ) ;
#559 = CARTESIAN_POINT ( 'NONE',  ( 1.354048066335000300, -0.08363571746497991399, -0.06334503080957008814 ) ) ;
#560 = CARTESIAN_POINT ( 'NONE',  ( 0.7280600717204999128, 0.1669210694110000448, -0.1138883778692999921 ) ) ;
#561 = DIRECTION ( 'NONE',  ( 0.000000000000000000, 0.000000000000000000, 1.000000000000000000 ) ) ;
#562 = B_SPLINE_CURVE_WITH_KNOTS ( 'NONE', 3,
 ( #5340, #6247, #6956, #8417, #785, #6846 ),
 .UNSPECIFIED., .F., .F.,
 ( 4, 1, 1, 4 ),
 ( 0.000000000000000000, 0.3333333333333000081, 0.6666666666667000474, 1.000000000000000000 ),
 .UNSPECIFIED. ) ;
#563 = CARTESIAN_POINT ( 'NONE',  ( 0.6498031496062991463, 0.3740157480314960647, 0.5314960629921000601 ) ) ;
#564 = DIRECTION ( 'NONE',  ( 1.000000000000000000, 0.000000000000000000, 0.000000000000000000 ) ) ;
#565 = DIRECTION ( 'NONE',  ( 1.000000000000000000, 0.000000000000000000, 0.000000000000000000 ) ) ;
#566 = AXIS2_PLACEMENT_3D ( 'NONE', #2547, #7903, #8614 ) ;
#567 = CIRCLE ( 'NONE', #5245, 0.2755905511811023723 ) ;
#568 = ORIENTED_EDGE ( 'NONE', *, *, #2360, .T. ) ;
#569 = ORIENTED_EDGE ( 'NONE', *, *, #4727, .F. ) ;
#570 = ORIENTED_EDGE ( 'NONE', *, *, #4277, .T. ) ;
#571 = CIRCLE ( 'NONE', #1869, 0.1535433070865999949 ) ;
#572 = AXIS2_PLACEMENT_3D ( 'NONE', #5756, #2721, #8841 ) ;
#573 = EDGE_CURVE ( 'NONE', #8845, #617, #1349, .T. ) ;
#574 = CARTESIAN_POINT ( 'NONE',  ( 0.5787401574803000548, -0.09693842135412991667, -0.07415168411053996156 ) ) ;
#575 = DIRECTION ( 'NONE',  ( 0.000000000000000000, -1.000000000000000000, 0.000000000000000000 ) ) ;
#576 = CARTESIAN_POINT ( 'NONE',  ( 1.243344098727000135, 0.000000000000000000, 0.1181102362205000006 ) ) ;
#577 = CARTESIAN_POINT ( 'NONE',  ( 1.203219760915000158, -0.09742608914478996518, -0.03739837169383999904 ) ) ;
#578 = AXIS2_PLACEMENT_3D ( 'NONE', #4994, #6449, #4946 ) ;
#579 = CARTESIAN_POINT ( 'NONE',  ( 0.7276665996183996343, -0.01529757215837000001, -0.2013642080919000044 ) ) ;
#580 = CARTESIAN_POINT ( 'NONE',  ( 0.8464566929133995332, 0.09399477469537993735, -0.1751968503937007815 ) ) ;
#581 = EDGE_LOOP ( 'NONE', ( #9029, #3237, #2462, #9357 ) ) ;
#582 = FACE_OUTER_BOUND ( 'NONE', #4966, .T. ) ;
#583 = CIRCLE ( 'NONE', #6235, 0.1574803149606000263 ) ;
#584 = EDGE_CURVE ( 'NONE', #2516, #189, #8424, .T. ) ;
#585 = TOROIDAL_SURFACE ( 'NONE', #1550, 0.2133049650658000174, 0.01181102362204999867 ) ;
#586 = CARTESIAN_POINT ( 'NONE',  ( 1.118902175614000072, -0.09037621804803996906, 0.05217873381838000063 ) ) ;
#587 = CARTESIAN_POINT ( 'NONE',  ( 0.6102362204723996708, -0.3543307086614000401, 0.3543307086614000401 ) ) ;
#588 = CARTESIAN_POINT ( 'NONE',  ( 0.4921259842520000483, -0.3543307086614000401, -0.3543307086614000401 ) ) ;
#589 = CARTESIAN_POINT ( 'NONE',  ( 0.7362204724408996093, 0.003937007874016000379, 0.2132686289419000181 ) ) ;
#590 = CARTESIAN_POINT ( 'NONE',  ( 0.8405511810737993361, 0.000000000000000000, 0.000000000000000000 ) ) ;
#591 = VECTOR ( 'NONE', #6717, 39.37007874015748143 ) ;
#592 = CARTESIAN_POINT ( 'NONE',  ( 1.262198859662000183, 0.03844809805249000539, -0.1085740795173000123 ) ) ;
#593 = EDGE_LOOP ( 'NONE', ( #4475, #5735, #2541, #9042, #5836, #9885 ) ) ;
#594 = VERTEX_POINT ( 'NONE', #595 ) ;
#595 = CARTESIAN_POINT ( 'NONE',  ( 0.5984251968503937480, -0.1126864528502000001, 0.04687529344016000410 ) ) ;
#596 = DIRECTION ( 'NONE',  ( 0.000000000000000000, -1.000000000000000000, 0.000000000000000000 ) ) ;
#597 = CARTESIAN_POINT ( 'NONE',  ( 1.383576360533000260, -0.05339084980460000185, 0.08692149985072994411 ) ) ;
#598 = CARTESIAN_POINT ( 'NONE',  ( 1.052816744380999925, 0.05298282752227000125, 0.1084242476816000000 ) ) ;
#599 = CARTESIAN_POINT ( 'NONE',  ( 1.234962742838999983, 0.04031454967564999936, -0.1138447763062999940 ) ) ;
#600 = DIRECTION ( 'NONE',  ( 1.000000000000000000, 0.000000000000000000, 0.000000000000000000 ) ) ;
#601 = CARTESIAN_POINT ( 'NONE',  ( 1.239595533818999451, 0.1032031167347791240, -0.05948255673673400606 ) ) ;
#602 = CARTESIAN_POINT ( 'NONE',  ( 1.260911583396000069, 0.008187792543227007808, 0.1040357683916000170 ) ) ;
#603 = CARTESIAN_POINT ( 'NONE',  ( 0.7248214212811003865, 0.1656791315182000179, -0.1138391516281000021 ) ) ;
#604 = FACE_OUTER_BOUND ( 'NONE', #4001, .T. ) ;
#605 = CARTESIAN_POINT ( 'NONE',  ( 0.8464566929133995332, 0.000000000000000000, 0.000000000000000000 ) ) ;
#606 = ORIENTED_EDGE ( 'NONE', *, *, #9895, .T. ) ;
#607 = ORIENTED_EDGE ( 'NONE', *, *, #2308, .T. ) ;
#608 = ORIENTED_EDGE ( 'NONE', *, *, #6867, .T. ) ;
#609 = CARTESIAN_POINT ( 'NONE',  ( 1.110738414919000050, 0.1065612992738999981, 0.02558310449564999908 ) ) ;
#610 = CARTESIAN_POINT ( 'NONE',  ( 1.361277397044000192, 0.02403804991691000162, -0.1021258944721999962 ) ) ;
#611 = LINE ( 'NONE', #8341, #4334 ) ;
#612 = CARTESIAN_POINT ( 'NONE',  ( 1.302040927462000175, -0.01087073435519000063, 0.1034281440717000067 ) ) ;
#613 = DIRECTION ( 'NONE',  ( -1.000000000000000000, 0.000000000000000000, 0.000000000000000000 ) ) ;
#614 = CARTESIAN_POINT ( 'NONE',  ( 0.7362204724408996093, 0.1385673185517000139, 0.07482942127921005104 ) ) ;
#615 = DIRECTION ( 'NONE',  ( -1.000000000000000000, 0.000000000000000000, 0.000000000000000000 ) ) ;
#616 = ORIENTED_EDGE ( 'NONE', *, *, #8869, .T. ) ;
#617 = VERTEX_POINT ( 'NONE', #846 ) ;
#618 = ORIENTED_EDGE ( 'NONE', *, *, #7004, .T. ) ;
#619 = EDGE_CURVE ( 'NONE', #3360, #5209, #7006, .T. ) ;
#620 = CARTESIAN_POINT ( 'NONE',  ( 0.4921259842520000483, 0.3740157480314960647, -0.5314960629921000601 ) ) ;
#621 = CARTESIAN_POINT ( 'NONE',  ( 1.303025105122333382, -0.1181102362205010831, -0.02061412502355446097 ) ) ;
#622 = CARTESIAN_POINT ( 'NONE',  ( 1.353643697254666156, 0.04706699572000579146, -0.1108589939239669336 ) ) ;
#623 = CARTESIAN_POINT ( 'NONE',  ( 0.000000000000000000, 0.000000000000000000, 0.000000000000000000 ) ) ;
#624 = CARTESIAN_POINT ( 'NONE',  ( 1.314168690528000116, -0.1018014538566000132, 0.01069976395653000033 ) ) ;
#625 = DIRECTION ( 'NONE',  ( 0.000000000000000000, 1.000000000000000000, 0.000000000000000000 ) ) ;
#626 = CARTESIAN_POINT ( 'NONE',  ( 1.355762353029828171, 0.09477281425906403101, 0.07391153973577985203 ) ) ;
#627 = ADVANCED_FACE ( 'NONE', ( #9289 ), #4804, .T. ) ;
#628 = EDGE_CURVE ( 'NONE', #7847, #3146, #6347, .T. ) ;
#629 = EDGE_CURVE ( 'NONE', #6405, #6671, #7657, .T. ) ;
#630 = ORIENTED_EDGE ( 'NONE', *, *, #2016, .T. ) ;
#631 = AXIS2_PLACEMENT_3D ( 'NONE', #1835, #2591, #4015 ) ;
#632 = CARTESIAN_POINT ( 'NONE',  ( 1.067721073250999853, 0.07755271211107993279, 0.06982877558142992769 ) ) ;
#633 = CARTESIAN_POINT ( 'NONE',  ( 0.5830288430312999814, 0.1412995412108999926, -0.06339506770756003773 ) ) ;
#634 = DIRECTION ( 'NONE',  ( 0.000000000000000000, 1.000000000000000000, 0.000000000000000000 ) ) ;
#635 = CARTESIAN_POINT ( 'NONE',  ( 0.8464566929133995332, 0.000000000000000000, 0.000000000000000000 ) ) ;
#636 = CARTESIAN_POINT ( 'NONE',  ( 0.5787401574803000548, 0.000000000000000000, 0.000000000000000000 ) ) ;
#637 = EDGE_CURVE ( 'NONE', #8462, #3802, #9483, .T. ) ;
#638 = CARTESIAN_POINT ( 'NONE',  ( 1.245138492208000214, -0.07928514195874998560, 0.08354910682621004281 ) ) ;
#639 = ORIENTED_EDGE ( 'NONE', *, *, #5524, .F. ) ;
#640 = EDGE_CURVE ( 'NONE', #3399, #769, #4699, .T. ) ;
#641 = ORIENTED_EDGE ( 'NONE', *, *, #267, .T. ) ;
#642 = CIRCLE ( 'NONE', #6455, 0.09842519685038997324 ) ;
#643 = CARTESIAN_POINT ( 'NONE',  ( 0.7519685039370078705, 0.000000000000000000, 0.000000000000000000 ) ) ;
#644 = CARTESIAN_POINT ( 'NONE',  ( 0.7283464566928996575, 0.000000000000000000, 0.000000000000000000 ) ) ;
#645 = AXIS2_PLACEMENT_3D ( 'NONE', #7356, #5796, #1854 ) ;
#646 = CARTESIAN_POINT ( 'NONE',  ( 1.329047859497999751, 0.08757920466355001432, 0.07575653196891005137 ) ) ;
#647 = CARTESIAN_POINT ( 'NONE',  ( 1.160280823936427064, -0.04957307649269947908, -0.09173968057916151442 ) ) ;
#648 = CARTESIAN_POINT ( 'NONE',  ( 1.245625472498000041, 0.1076087138029000051, 0.05482937826992000108 ) ) ;
#649 = DIRECTION ( 'NONE',  ( 0.000000000000000000, -0.01063642140571950147, 0.9999434316698520009 ) ) ;
#650 = DIRECTION ( 'NONE',  ( 0.000000000000000000, 0.000000000000000000, 1.000000000000000000 ) ) ;
#651 = CARTESIAN_POINT ( 'NONE',  ( 0.9763779527559055538, -0.09399477469537993735, 0.1751968503937007815 ) ) ;
#652 = CARTESIAN_POINT ( 'NONE',  ( 1.283066662427749804, 0.1181102362204999728, 0.01546059376767032305 ) ) ;
#653 = FACE_OUTER_BOUND ( 'NONE', #3514, .T. ) ;
#654 = CARTESIAN_POINT ( 'NONE',  ( 0.6751361352972008456, 0.01574803149606000124, 0.1842016342662999850 ) ) ;
#655 = ORIENTED_EDGE ( 'NONE', *, *, #7568, .F. ) ;
#656 = VERTEX_POINT ( 'NONE', #896 ) ;
#657 = CARTESIAN_POINT ( 'NONE',  ( 1.166184609144000017, -0.1033033827283000028, 0.03658164642936000133 ) ) ;
#658 = AXIS2_PLACEMENT_3D ( 'NONE', #4755, #7728, #1458 ) ;
#659 = CARTESIAN_POINT ( 'NONE',  ( 1.363076170843000146, -0.01603268188042999975, -0.1036845180112000026 ) ) ;
#660 = CARTESIAN_POINT ( 'NONE',  ( 0.7334836014312007269, 0.1720445182477999824, -0.1126957039439000080 ) ) ;
#661 = CARTESIAN_POINT ( 'NONE',  ( 1.259390008827000029, 0.04229973533675999986, 0.09500676109277993164 ) ) ;
#662 = DIRECTION ( 'NONE',  ( 0.000000000000000000, 1.000000000000000000, 0.000000000000000000 ) ) ;
#663 = CARTESIAN_POINT ( 'NONE',  ( 0.7309195682576004049, 0.1415907422799000115, 0.06576448594976003204 ) ) ;
#664 = ADVANCED_FACE ( 'NONE', ( #8685 ), #6780, .F. ) ;
#665 = DIRECTION ( 'NONE',  ( 1.000000000000000000, 0.000000000000000000, 0.000000000000000000 ) ) ;
#666 = VERTEX_POINT ( 'NONE', #7158 ) ;
#667 = ORIENTED_EDGE ( 'NONE', *, *, #2171, .T. ) ;
#668 = ORIENTED_EDGE ( 'NONE', *, *, #321, .T. ) ;
#669 = LINE ( 'NONE', #6935, #5655 ) ;
#670 = CARTESIAN_POINT ( 'NONE',  ( 1.339758385770000171, -0.04172267715760000217, -0.1130942646102000015 ) ) ;
#671 = CARTESIAN_POINT ( 'NONE',  ( 0.7244094488188976833, -0.1655628205247000329, -0.1137719994447000116 ) ) ;
#672 = CARTESIAN_POINT ( 'NONE',  ( 1.233033854029000009, 0.000000000000000000, -0.1181102362205000006 ) ) ;
#673 = CARTESIAN_POINT ( 'NONE',  ( 1.226677766165000127, 0.05910872053913996532, 0.08600372205772992273 ) ) ;
#674 = CARTESIAN_POINT ( 'NONE',  ( 1.257052992523391532, 0.07183592886569535596, 0.07569927411976716536 ) ) ;
#675 = DIRECTION ( 'NONE',  ( 1.000000000000000000, 0.000000000000000000, 0.000000000000000000 ) ) ;
#676 = B_SPLINE_CURVE_WITH_KNOTS ( 'NONE', 3,
 ( #6752, #5390, #2112, #9890, #6040, #7663, #5194, #735, #4495, #3064, #7564, #6901, #4443, #5239 ),
 .UNSPECIFIED., .F., .F.,
 ( 4, 1, 1, 1, 1, 1, 1, 1, 1, 1, 1, 4 ),
 ( 0.000000000000000000, 0.09090909090909000956, 0.1818181818182000031, 0.2727272727273000186, 0.3636363636364000063, 0.4545454545454999939, 0.5454545454545000061, 0.6363636363636000493, 0.7272727272726999814, 0.8181818181818000246, 0.9090909090908999568, 1.000000000000000000 ),
 .UNSPECIFIED. ) ;
#677 = EDGE_LOOP ( 'NONE', ( #525, #1780, #5242, #9087 ) ) ;
#678 = EDGE_LOOP ( 'NONE', ( #3619, #1616, #2882, #1401, #787 ) ) ;
#679 = EDGE_CURVE ( 'NONE', #3680, #6781, #7594, .T. ) ;
#680 = CARTESIAN_POINT ( 'NONE',  ( 1.048584701026999966, -0.008188164623481004184, -0.1040356027308000086 ) ) ;
#681 = VECTOR ( 'NONE', #4127, 39.37007874015748143 ) ;
#682 = CARTESIAN_POINT ( 'NONE',  ( 0.5787401574803000548, 0.000000000000000000, 0.000000000000000000 ) ) ;
#683 = CARTESIAN_POINT ( 'NONE',  ( 1.217449864526958025, -0.07258425826477071796, 0.09444883965335038045 ) ) ;
#684 = CARTESIAN_POINT ( 'NONE',  ( 0.6104330708661004357, -0.3740157480314960647, 0.3740157480314960647 ) ) ;
#685 = CARTESIAN_POINT ( 'NONE',  ( 1.031496062992000029, 0.1181102362205000006, 3.876637769475999675E-11 ) ) ;
#686 = EDGE_CURVE ( 'NONE', #3802, #2309, #4082, .T. ) ;
#687 = CARTESIAN_POINT ( 'NONE',  ( 1.316611118331000085, -0.01145519599787000152, 0.1089889259845999991 ) ) ;
#688 = EDGE_LOOP ( 'NONE', ( #2407, #1126, #7050, #6444 ) ) ;
#689 = VERTEX_POINT ( 'NONE', #5651 ) ;
#690 = CARTESIAN_POINT ( 'NONE',  ( 0.7401574803150000603, 0.000000000000000000, 0.1535433070865999949 ) ) ;
#691 = EDGE_CURVE ( 'NONE', #3842, #6420, #3242, .T. ) ;
#692 = EDGE_CURVE ( 'NONE', #5785, #1176, #2427, .T. ) ;
#693 = DIRECTION ( 'NONE',  ( 0.000000000000000000, 0.000000000000000000, -1.000000000000000000 ) ) ;
#694 = EDGE_CURVE ( 'NONE', #8804, #7112, #2600, .T. ) ;
#695 = CARTESIAN_POINT ( 'NONE',  ( 1.329804564084000162, 0.1042830840385000069, 0.03555164050879000559 ) ) ;
#696 = CARTESIAN_POINT ( 'NONE',  ( 1.135216388371488971, 0.1018343262105831232, 0.02243722155776009530 ) ) ;
#697 = CARTESIAN_POINT ( 'NONE',  ( 1.196576916067999985, 0.05762745735007999970, -0.1061365731834999909 ) ) ;
#698 = DIRECTION ( 'NONE',  ( -1.000000000000000000, 0.000000000000000000, 0.000000000000000000 ) ) ;
#699 = CARTESIAN_POINT ( 'NONE',  ( 1.119024667676750129, 0.07258425826477091225, -0.09444883965335025555 ) ) ;
#700 = CARTESIAN_POINT ( 'NONE',  ( 0.7276665996183996343, 0.1667377335413000039, -0.1139301901513000148 ) ) ;
#701 = FACE_OUTER_BOUND ( 'NONE', #8411, .T. ) ;
#702 = CARTESIAN_POINT ( 'NONE',  ( 1.203974019986999933, 0.000000000000000000, 0.1181102362205000006 ) ) ;
#703 = ORIENTED_EDGE ( 'NONE', *, *, #4651, .F. ) ;
#704 = ORIENTED_EDGE ( 'NONE', *, *, #4277, .F. ) ;
#705 = B_SPLINE_CURVE_WITH_KNOTS ( 'NONE', 3,
 ( #4738, #2685, #7861, #6465 ),
 .UNSPECIFIED., .F., .F.,
 ( 4, 4 ),
 ( 0.000000000000000000, 1.000000000000000000 ),
 .UNSPECIFIED. ) ;
#706 = CARTESIAN_POINT ( 'NONE',  ( 1.181112430667000002, 0.04975248304186000170, -0.09764474530216003811 ) ) ;
#707 = EDGE_CURVE ( 'NONE', #8820, #4246, #5373, .T. ) ;
#708 = FACE_OUTER_BOUND ( 'NONE', #3986, .T. ) ;
#709 = CARTESIAN_POINT ( 'NONE',  ( 1.145797453307999980, -0.1112812974294999924, 0.02936379587607000283 ) ) ;
#710 = CARTESIAN_POINT ( 'NONE',  ( 1.235932003577999927, -0.08867274169577993304, -0.05433872599770000339 ) ) ;
#711 = DIRECTION ( 'NONE',  ( 0.000000000000000000, 0.9997541118987406383, 0.02217466440694089089 ) ) ;
#712 = CARTESIAN_POINT ( 'NONE',  ( 0.5795727200239999544, -0.01574803149606000124, -0.1505976639562000008 ) ) ;
#713 = DIRECTION ( 'NONE',  ( 1.000000000000000000, 0.000000000000000000, 0.000000000000000000 ) ) ;
#714 = AXIS2_PLACEMENT_3D ( 'NONE', #1220, #5876, #5174 ) ;
#715 = ORIENTED_EDGE ( 'NONE', *, *, #2910, .T. ) ;
#716 = EDGE_LOOP ( 'NONE', ( #9518, #6112 ) ) ;
#717 = VERTEX_POINT ( 'NONE', #7204 ) ;
#718 = CARTESIAN_POINT ( 'NONE',  ( 0.4921259842520000483, 0.000000000000000000, 0.3740157480314960647 ) ) ;
#719 = AXIS2_PLACEMENT_3D ( 'NONE', #9261, #713, #2332 ) ;
#720 = CARTESIAN_POINT ( 'NONE',  ( 1.226010253639999936, 0.09971518846662992541, 0.02953698447650000142 ) ) ;
#721 = CARTESIAN_POINT ( 'NONE',  ( 1.356851090633000023, 0.02975489623961000141, 0.1110467845401000020 ) ) ;
#722 = CARTESIAN_POINT ( 'NONE',  ( 0.6498031496062991463, -0.4370078740156999597, 0.3543307086614000401 ) ) ;
#723 = CARTESIAN_POINT ( 'NONE',  ( 0.4921259842520000483, -0.2716535433071000094, 0.3543307086614000401 ) ) ;
#724 = CARTESIAN_POINT ( 'NONE',  ( 1.313457841883999722, -0.1005876041400999843, 0.02224877255178000016 ) ) ;
#725 = CARTESIAN_POINT ( 'NONE',  ( 1.208004436093330192, 0.07755377926572221137, -0.06982973650143564637 ) ) ;
#726 = CARTESIAN_POINT ( 'NONE',  ( 0.7361458027627009182, -0.005568426506849000722, 0.1573654568222000172 ) ) ;
#727 = VERTEX_POINT ( 'NONE', #285 ) ;
#728 = VERTEX_POINT ( 'NONE', #8937 ) ;
#729 = AXIS2_PLACEMENT_3D ( 'NONE', #685, #6847, #9939 ) ;
#730 = AXIS2_PLACEMENT_3D ( 'NONE', #198, #10006, #7732 ) ;
#731 = CARTESIAN_POINT ( 'NONE',  ( 1.101898349320999948, 0.08752153665226003465, 0.05683715047030001022 ) ) ;
#732 = CARTESIAN_POINT ( 'NONE',  ( 0.5866141732283000065, 0.000000000000000000, 0.000000000000000000 ) ) ;
#733 = DIRECTION ( 'NONE',  ( 1.000000000000000000, 0.000000000000000000, 0.000000000000000000 ) ) ;
#734 = CYLINDRICAL_SURFACE ( 'NONE', #5024, 0.2755905511811023723 ) ;
#735 = CARTESIAN_POINT ( 'NONE',  ( 0.7334668505432992980, 0.1411895925763999859, -0.06814406679622007912 ) ) ;
#736 = CARTESIAN_POINT ( 'NONE',  ( 1.215282849163000112, -0.08758406939918995937, -0.07480386202907007842 ) ) ;
#737 = ORIENTED_EDGE ( 'NONE', *, *, #7685, .T. ) ;
#738 = AXIS2_PLACEMENT_3D ( 'NONE', #9768, #2089, #9017 ) ;
#739 = EDGE_LOOP ( 'NONE', ( #8821, #9931, #2701, #9628 ) ) ;
#740 = DIRECTION ( 'NONE',  ( 0.000000000000000000, 0.000000000000000000, 1.000000000000000000 ) ) ;
#741 = CARTESIAN_POINT ( 'NONE',  ( -0.06692913385827008177, 0.000000000000000000, 0.09055118110236003159 ) ) ;
#742 = AXIS2_PLACEMENT_3D ( 'NONE', #8604, #3854, #8394 ) ;
#743 = CARTESIAN_POINT ( 'NONE',  ( 1.343506520915999980, -0.1149519823394000162, 0.01397179236187000122 ) ) ;
#744 = CARTESIAN_POINT ( 'NONE',  ( 1.089264923171427313, 0.07010593747121812713, -0.07719337042314729225 ) ) ;
#745 = CARTESIAN_POINT ( 'NONE',  ( 1.182683030102000155, -0.09137897010863996194, 0.07011754974597009249 ) ) ;
#746 = CARTESIAN_POINT ( 'NONE',  ( 1.045233274512999966, -0.04308208645362000128, -0.1103107477802999919 ) ) ;
#747 = DIRECTION ( 'NONE',  ( 0.000000000000000000, 0.000000000000000000, 1.000000000000000000 ) ) ;
#748 = CARTESIAN_POINT ( 'NONE',  ( 1.325300192481238204, -0.09689884475210000514, -0.04022598257578000741 ) ) ;
#749 = FACE_OUTER_BOUND ( 'NONE', #2069, .T. ) ;
#750 = CARTESIAN_POINT ( 'NONE',  ( 0.5984251968503937480, 0.000000000000000000, 0.000000000000000000 ) ) ;
#751 = DIRECTION ( 'NONE',  ( 1.000000000000000000, 0.000000000000000000, 0.000000000000000000 ) ) ;
#752 = EDGE_CURVE ( 'NONE', #4142, #8859, #6491, .T. ) ;
#753 = ORIENTED_EDGE ( 'NONE', *, *, #2561, .F. ) ;
#754 = ADVANCED_FACE ( 'NONE', ( #9589 ), #6939, .F. ) ;
#755 = EDGE_CURVE ( 'NONE', #4788, #2624, #487, .T. ) ;
#756 = ORIENTED_EDGE ( 'NONE', *, *, #2185, .F. ) ;
#757 = CIRCLE ( 'NONE', #7707, 0.003937007874015997777 ) ;
#758 = CARTESIAN_POINT ( 'NONE',  ( 1.178979884734999928, 0.01430426858745000029, -0.1086517078323000068 ) ) ;
#759 = CARTESIAN_POINT ( 'NONE',  ( 0.9763779527559055538, -0.09399477469537993735, -0.1751968503937007815 ) ) ;
#760 = CARTESIAN_POINT ( 'NONE',  ( 1.084214142922000024, 0.04304335492419000125, -0.1006887334577999948 ) ) ;
#761 = CARTESIAN_POINT ( 'NONE',  ( 1.267920192554000236, -0.08413602592137991998, 0.06112840096923996547 ) ) ;
#762 = CARTESIAN_POINT ( 'NONE',  ( 1.114533762938999972, -0.1038836147241000152, -0.002601428978597000122 ) ) ;
#763 = CARTESIAN_POINT ( 'NONE',  ( 0.6673228346457008575, 0.000000000000000000, 0.000000000000000000 ) ) ;
#764 = CARTESIAN_POINT ( 'NONE',  ( 1.187773413128462074, 0.09311028869433582433, 0.04344303151610474922 ) ) ;
#765 = PLANE ( 'NONE',  #3962 ) ;
#766 = ORIENTED_EDGE ( 'NONE', *, *, #7703, .F. ) ;
#767 = VERTEX_POINT ( 'NONE', #3374 ) ;
#768 = EDGE_CURVE ( 'NONE', #105, #6624, #6597, .T. ) ;
#769 = VERTEX_POINT ( 'NONE', #2767 ) ;
#770 = CARTESIAN_POINT ( 'NONE',  ( 1.339994418301793333, 0.009272144346829819597, 0.1045103373752718778 ) ) ;
#771 = CYLINDRICAL_SURFACE ( 'NONE', #9044, 0.1574803149606000263 ) ;
#772 = CARTESIAN_POINT ( 'NONE',  ( 1.221745161777000099, 0.09608148263394998556, -0.03979825319989999111 ) ) ;
#773 = CARTESIAN_POINT ( 'NONE',  ( 1.355965734851000137, 0.09505547614026003955, 0.07413198243368995799 ) ) ;
#774 = CARTESIAN_POINT ( 'NONE',  ( 1.313648323373482585, -0.01090832490354999920, 0.1037857943025000118 ) ) ;
#775 = CARTESIAN_POINT ( 'NONE',  ( 1.261388718149499599, -0.03091510445189051687, -0.1150361429136075309 ) ) ;
#776 = CARTESIAN_POINT ( 'NONE',  ( 1.250135771414000008, 0.000000000000000000, -0.1043574676367999970 ) ) ;
#777 = CARTESIAN_POINT ( 'NONE',  ( 1.210136982025330044, 0.09641505514954834544, -0.03993642345989521780 ) ) ;
#778 = CARTESIAN_POINT ( 'NONE',  ( 1.011811083030000002, -0.09046570508707006686, 0.1614166136835000209 ) ) ;
#779 = ORIENTED_EDGE ( 'NONE', *, *, #4855, .T. ) ;
#780 = CONICAL_SURFACE ( 'NONE', #6106, 0.2657480314871999982, 0.7853981633972997312 ) ;
#781 = B_SPLINE_CURVE_WITH_KNOTS ( 'NONE', 3,
 ( #436, #4990, #1037, #8064, #4236, #7303 ),
 .UNSPECIFIED., .F., .F.,
 ( 4, 2, 4 ),
 ( 0.000000000000000000, 0.5000000000000000000, 1.000000000000000000 ),
 .UNSPECIFIED. ) ;
#782 = CARTESIAN_POINT ( 'NONE',  ( 1.131810533527000118, 0.1008015731564999989, -0.02700970012306000076 ) ) ;
#783 = CARTESIAN_POINT ( 'NONE',  ( 1.063148958093783625, -5.299101694907043340E-08, -0.1128603589983895733 ) ) ;
#784 = CARTESIAN_POINT ( 'NONE',  ( 0.6498031496062991463, 0.3543307086614000401, -0.3543307086614000401 ) ) ;
#785 = CARTESIAN_POINT ( 'NONE',  ( 0.7276665996183996343, 0.01529757215837000001, 0.2013642080919000044 ) ) ;
#786 = CARTESIAN_POINT ( 'NONE',  ( 1.241972010718999986, -0.07543626803787008284, 0.07949323998367992250 ) ) ;
#787 = ORIENTED_EDGE ( 'NONE', *, *, #7277, .F. ) ;
#788 = AXIS2_PLACEMENT_3D ( 'NONE', #847, #4652, #3932 ) ;
#789 = ORIENTED_EDGE ( 'NONE', *, *, #7659, .T. ) ;
#790 = FACE_OUTER_BOUND ( 'NONE', #7224, .T. ) ;
#791 = CARTESIAN_POINT ( 'NONE',  ( 1.191352196131999941, 0.06016699432915000034, 0.08281276320373996691 ) ) ;
#792 = CARTESIAN_POINT ( 'NONE',  ( 1.327394787180999902, 0.1100037225999000029, -0.006169422381291003905 ) ) ;
#793 = CARTESIAN_POINT ( 'NONE',  ( 1.139393794299426999, 0.06615437364771442619, 0.08060556899670653919 ) ) ;
#794 = CARTESIAN_POINT ( 'NONE',  ( 1.262685839952000233, -0.1206065689567999977, -0.006320722445973996420 ) ) ;
#795 = CIRCLE ( 'NONE', #2254, 0.1122047244094000057 ) ;
#796 = CARTESIAN_POINT ( 'NONE',  ( 1.331459050879000072, 0.000000000000000000, 0.1181102362205000006 ) ) ;
#797 = ADVANCED_FACE ( 'NONE', ( #4282 ), #2661, .T. ) ;
#798 = CARTESIAN_POINT ( 'NONE',  ( 0.6498031496062991463, -0.3740157480314960647, -0.5314960629921000601 ) ) ;
#799 = CARTESIAN_POINT ( 'NONE',  ( 1.371085953636238752, -0.01603268188042999975, -0.1036845180112000026 ) ) ;
#800 = CARTESIAN_POINT ( 'NONE',  ( -0.04468503937008000415, 0.000000000000000000, 0.000000000000000000 ) ) ;
#801 = CARTESIAN_POINT ( 'NONE',  ( 0.5787401574803000548, 0.01574803149606000124, -0.1210269775506999934 ) ) ;
#802 = DIRECTION ( 'NONE',  ( 1.000000000000000000, 0.000000000000000000, 0.000000000000000000 ) ) ;
#803 = ORIENTED_EDGE ( 'NONE', *, *, #4789, .F. ) ;
#804 = ORIENTED_EDGE ( 'NONE', *, *, #9323, .F. ) ;
#805 = VECTOR ( 'NONE', #2006, 39.37007874015748143 ) ;
#806 = CARTESIAN_POINT ( 'NONE',  ( 1.070220042215000111, 0.1094390714986999968, 0.005735458435475001247 ) ) ;
#807 = EDGE_CURVE ( 'NONE', #3921, #9485, #781, .T. ) ;
#808 = DIRECTION ( 'NONE',  ( 0.000000000000000000, 1.000000000000000000, 0.000000000000000000 ) ) ;
#809 = AXIS2_PLACEMENT_3D ( 'NONE', #6288, #76, #6239 ) ;
#810 = CARTESIAN_POINT ( 'NONE',  ( 1.059149707357999848, 0.04807691215304999571, 0.09838476492897008097 ) ) ;
#811 = EDGE_CURVE ( 'NONE', #4168, #9215, #3715, .T. ) ;
#812 = CARTESIAN_POINT ( 'NONE',  ( 1.197546176806000062, -0.07908058356902993025, -0.06754119902232992578 ) ) ;
#813 = CARTESIAN_POINT ( 'NONE',  ( 1.176117073324000062, 0.06392993032285000654, 0.08641711036483995523 ) ) ;
#814 = DIRECTION ( 'NONE',  ( 1.000000000000000000, 0.000000000000000000, 0.000000000000000000 ) ) ;
#815 = CARTESIAN_POINT ( 'NONE',  ( 0.5841804246273000212, 0.01574803149606000124, -0.1545109335357000291 ) ) ;
#816 = DIRECTION ( 'NONE',  ( 1.000000000000000000, 0.000000000000000000, 0.000000000000000000 ) ) ;
#817 = ORIENTED_EDGE ( 'NONE', *, *, #7223, .T. ) ;
#818 = ORIENTED_EDGE ( 'NONE', *, *, #6869, .F. ) ;
#819 = ORIENTED_EDGE ( 'NONE', *, *, #9787, .F. ) ;
#820 = CARTESIAN_POINT ( 'NONE',  ( 0.5265748031496000348, 0.000000000000000000, 0.000000000000000000 ) ) ;
#821 = EDGE_CURVE ( 'NONE', #4648, #8981, #9534, .T. ) ;
#822 = EDGE_CURVE ( 'NONE', #8552, #8216, #9113, .T. ) ;
#823 = CARTESIAN_POINT ( 'NONE',  ( 1.031496062992000029, 0.000000000000000000, 0.000000000000000000 ) ) ;
#824 = CARTESIAN_POINT ( 'NONE',  ( 1.251600804820999890, -0.03471519480617000358, -0.09803268593927992602 ) ) ;
#825 = ADVANCED_FACE ( 'NONE', ( #9386 ), #3359, .F. ) ;
#826 = CARTESIAN_POINT ( 'NONE',  ( 1.341784304405000183, -0.003628691158063000050, -0.1204903603583000055 ) ) ;
#827 = ADVANCED_FACE ( 'NONE', ( #3971, #8721 ), #7149, .T. ) ;
#828 = CARTESIAN_POINT ( 'NONE',  ( 0.7244094488188976833, 0.1251805779226000115, 0.09045730080782006521 ) ) ;
#829 = CARTESIAN_POINT ( 'NONE',  ( 1.266732312875482380, 0.09298318451212993219, 0.04737729888397003430 ) ) ;
#830 = CARTESIAN_POINT ( 'NONE',  ( 0.01181102362204999867, 0.000000000000000000, 0.1122047244094000057 ) ) ;
#831 = AXIS2_PLACEMENT_3D ( 'NONE', #9796, #7364, #5238 ) ;
#832 = CARTESIAN_POINT ( 'NONE',  ( 1.275839404917999964, -0.07755271207417993584, -0.06982877559786003496 ) ) ;
#833 = CARTESIAN_POINT ( 'NONE',  ( 1.276245905909391576, -0.07755377926572221137, -0.06982973650143564637 ) ) ;
#834 = CARTESIAN_POINT ( 'NONE',  ( 1.343669727292287508, 0.03581657449810352056, -0.1145292628845329258 ) ) ;
#835 = EDGE_LOOP ( 'NONE', ( #6022, #2157, #5746, #3404 ) ) ;
#836 = ORIENTED_EDGE ( 'NONE', *, *, #9716, .F. ) ;
#837 = B_SPLINE_CURVE_WITH_KNOTS ( 'NONE', 3,
 ( #5962, #9055, #9715, #2787 ),
 .UNSPECIFIED., .F., .F.,
 ( 4, 4 ),
 ( 0.000000000000000000, 1.000000000000000000 ),
 .UNSPECIFIED. ) ;
#838 = EDGE_CURVE ( 'NONE', #6223, #1326, #6317, .T. ) ;
#839 = CARTESIAN_POINT ( 'NONE',  ( 1.165931268435000057, 0.04737729933908999685, -0.09298318484278997320 ) ) ;
#840 = CARTESIAN_POINT ( 'NONE',  ( 0.5841804246273000212, 0.01574803149606000124, 0.1545109335357000291 ) ) ;
#841 = DIRECTION ( 'NONE',  ( 1.000000000000000000, 0.000000000000000000, 0.000000000000000000 ) ) ;
#842 = CARTESIAN_POINT ( 'NONE',  ( 0.7362204724408996093, 0.1383078312671000010, 0.07530599850137008333 ) ) ;
#843 = CARTESIAN_POINT ( 'NONE',  ( 1.293153113081000116, -0.05229147507196999639, -0.09630891637529999383 ) ) ;
#844 = EDGE_LOOP ( 'NONE', ( #7157, #2834, #2795, #8935 ) ) ;
#845 = VERTEX_POINT ( 'NONE', #3308 ) ;
#846 = CARTESIAN_POINT ( 'NONE',  ( 0.7280600717204999128, 0.2020722792146356639, 0.000000000000000000 ) ) ;
#847 = CARTESIAN_POINT ( 'NONE',  ( 0.000000000000000000, 0.000000000000000000, 0.000000000000000000 ) ) ;
#848 = CARTESIAN_POINT ( 'NONE',  ( 1.357965182332999898, 0.06688174508140000418, -0.09453042579857992567 ) ) ;
#849 = CARTESIAN_POINT ( 'NONE',  ( 1.145659903190427098, -0.03208651937557416983, 0.09921750944447514653 ) ) ;
#850 = LINE ( 'NONE', #5693, #4907 ) ;
#851 = CARTESIAN_POINT ( 'NONE',  ( 1.333099470826500044, -0.03091510445189072503, 0.1150361429136074476 ) ) ;
#852 = CARTESIAN_POINT ( 'NONE',  ( 1.121485297597999864, 0.1032031167347791240, -0.05948255673673400606 ) ) ;
#853 = CARTESIAN_POINT ( 'NONE',  ( 1.380310036457825351, 0.1005595250172069549, -0.02580799029887884122 ) ) ;
#854 = DIRECTION ( 'NONE',  ( 0.000000000000000000, -0.8108637408136091240, -0.5852349902678070093 ) ) ;
#855 = CARTESIAN_POINT ( 'NONE',  ( 0.7276665990876004519, -0.01529757233088000108, 0.2013642079059000112 ) ) ;
#856 = CARTESIAN_POINT ( 'NONE',  ( 0.6115706219037008173, -0.01574803149606000124, 0.1244357254877000024 ) ) ;
#857 = VERTEX_POINT ( 'NONE', #1693 ) ;
#858 = VERTEX_POINT ( 'NONE', #4787 ) ;
#859 = ORIENTED_EDGE ( 'NONE', *, *, #7991, .T. ) ;
#860 = CARTESIAN_POINT ( 'NONE',  ( 1.150222852064999968, 0.07543737314114999648, 0.07158739411699999167 ) ) ;
#861 = AXIS2_PLACEMENT_3D ( 'NONE', #9, #1369, #3090 ) ;
#862 = DIRECTION ( 'NONE',  ( -1.000000000000000000, 0.000000000000000000, 0.000000000000000000 ) ) ;
#863 = CARTESIAN_POINT ( 'NONE',  ( 1.130165608123000043, 0.1087612393397999894, -0.01272573242434000239 ) ) ;
#864 = CARTESIAN_POINT ( 'NONE',  ( 1.226367884294000010, -0.09764474495492007911, 0.04975248256392000856 ) ) ;
#865 = CARTESIAN_POINT ( 'NONE',  ( 1.074848406629000053, -0.1038829795084000168, 0.002626672674816999623 ) ) ;
#866 = CARTESIAN_POINT ( 'NONE',  ( 0.9767825731105000964, 0.09399477469537993735, 0.1751968503937007815 ) ) ;
#867 = DIRECTION ( 'NONE',  ( 1.000000000000000000, 0.000000000000000000, 0.000000000000000000 ) ) ;
#868 = DIRECTION ( 'NONE',  ( 0.000000000000000000, 0.000000000000000000, 1.000000000000000000 ) ) ;
#869 = VERTEX_POINT ( 'NONE', #179 ) ;
#870 = ORIENTED_EDGE ( 'NONE', *, *, #6867, .F. ) ;
#871 = ORIENTED_EDGE ( 'NONE', *, *, #5995, .F. ) ;
#872 = CARTESIAN_POINT ( 'NONE',  ( 1.087215734851000093, -0.02200896399271000045, 0.1187497432075999976 ) ) ;
#873 = CARTESIAN_POINT ( 'NONE',  ( 0.06692913385827008177, 0.000000000000000000, 0.000000000000000000 ) ) ;
#874 = CARTESIAN_POINT ( 'NONE',  ( 1.253733350752999964, 0.000000000000000000, -0.1039978473954999982 ) ) ;
#875 = CARTESIAN_POINT ( 'NONE',  ( 1.325111698681999961, -0.09279863717164998915, 0.06558053948088995999 ) ) ;
#876 = CARTESIAN_POINT ( 'NONE',  ( 1.031496062992000029, 0.09842519685038997324, -1.175262948217000142E-12 ) ) ;
#877 = CARTESIAN_POINT ( 'NONE',  ( 1.268864858806482587, 0.07183494035557008717, 0.07569823244745001178 ) ) ;
#878 = DIRECTION ( 'NONE',  ( 1.000000000000000000, 0.000000000000000000, 0.000000000000000000 ) ) ;
#879 = CARTESIAN_POINT ( 'NONE',  ( 1.201143756145000019, -0.07935404094582007573, -0.06777475368613995743 ) ) ;
#880 = CARTESIAN_POINT ( 'NONE',  ( 1.254920446592330041, 0.09298446404015088540, 0.04737795083605964019 ) ) ;
#881 = CARTESIAN_POINT ( 'NONE',  ( -0.06692913385827008177, 0.000000000000000000, 0.000000000000000000 ) ) ;
#882 = CARTESIAN_POINT ( 'NONE',  ( 0.7308438118074999101, 0.01388666294599999983, -0.2028813468012999888 ) ) ;
#883 = VERTEX_POINT ( 'NONE', #4026 ) ;
#884 = EDGE_CURVE ( 'NONE', #3655, #7606, #981, .T. ) ;
#885 = ADVANCED_FACE ( 'NONE', ( #2399 ), #9432, .F. ) ;
#886 = CARTESIAN_POINT ( 'NONE',  ( 1.151003446913000161, -0.09837167889976004831, 0.03483523850945000055 ) ) ;
#887 = CARTESIAN_POINT ( 'NONE',  ( 0.7244094488188976833, 0.000000000000000000, 0.000000000000000000 ) ) ;
#888 = CARTESIAN_POINT ( 'NONE',  ( 0.7362204724408996093, -0.1383078312671000010, -0.07530599850137008333 ) ) ;
#889 = DIRECTION ( 'NONE',  ( 1.000000000000000000, 0.000000000000000000, 0.000000000000000000 ) ) ;
#890 = AXIS2_PLACEMENT_3D ( 'NONE', #5468, #7790, #3954 ) ;
#891 = CARTESIAN_POINT ( 'NONE',  ( 1.224911643265000016, 0.1012472735857000011, -0.04193799387248999672 ) ) ;
#892 = ORIENTED_EDGE ( 'NONE', *, *, #1806, .F. ) ;
#893 = B_SPLINE_CURVE_WITH_KNOTS ( 'NONE', 3,
 ( #1177, #2804, #9023, #9681, #5076, #478 ),
 .UNSPECIFIED., .F., .F.,
 ( 4, 1, 1, 4 ),
 ( 0.000000000000000000, 0.3333333333333000081, 0.6666666666667000474, 1.000000000000000000 ),
 .UNSPECIFIED. ) ;
#894 = ADVANCED_FACE ( 'NONE', ( #1745 ), #4839, .F. ) ;
#895 = ORIENTED_EDGE ( 'NONE', *, *, #4095, .T. ) ;
#896 = CARTESIAN_POINT ( 'NONE',  ( 1.381889763779999836, 0.1023622047244000105, 0.000000000000000000 ) ) ;
#897 = CIRCLE ( 'NONE', #2189, 0.1574803149605999708 ) ;
#898 = DIRECTION ( 'NONE',  ( -1.000000000000000000, 0.000000000000000000, 0.000000000000000000 ) ) ;
#899 = CARTESIAN_POINT ( 'NONE',  ( 0.7334686179297008612, 0.1296108790333999894, -0.08820021211624999580 ) ) ;
#900 = CARTESIAN_POINT ( 'NONE',  ( 0.7361458581582007721, -0.1390664493396999990, -0.07386082211032007905 ) ) ;
#901 = CARTESIAN_POINT ( 'NONE',  ( 1.179516548614000016, -0.09581493536365000285, 0.07352138559648996319 ) ) ;
#902 = DIRECTION ( 'NONE',  ( 1.000000000000000000, 0.000000000000000000, 0.000000000000000000 ) ) ;
#903 = CARTESIAN_POINT ( 'NONE',  ( 1.051261663294363213, 0.07960313505294622227, 0.08813054283029611580 ) ) ;
#904 = CARTESIAN_POINT ( 'NONE',  ( 0.4921259842520000483, 0.4370078740156999597, -0.3543307086614000401 ) ) ;
#905 = DIRECTION ( 'NONE',  ( 1.000000000000000000, 0.000000000000000000, 0.000000000000000000 ) ) ;
#906 = AXIS2_PLACEMENT_3D ( 'NONE', #4009, #6220, #2383 ) ;
#907 = TOROIDAL_SURFACE ( 'NONE', #4791, 0.1478229366753000262, 0.007874015748031005027 ) ;
#908 = CARTESIAN_POINT ( 'NONE',  ( 0.7244094488188976833, -0.01574803149606000124, 0.2002676082188999951 ) ) ;
#909 = CARTESIAN_POINT ( 'NONE',  ( 0.6104330708661004357, 0.5314960629921000601, -0.5314960629921000601 ) ) ;
#910 = EDGE_LOOP ( 'NONE', ( #923, #1593, #5760, #6249 ) ) ;
#911 = EDGE_LOOP ( 'NONE', ( #6061, #715, #7274, #9837 ) ) ;
#912 = EDGE_LOOP ( 'NONE', ( #182, #8091 ) ) ;
#913 = CARTESIAN_POINT ( 'NONE',  ( 1.163018127656000100, -0.09803268593932991382, 0.03471519480620000042 ) ) ;
#914 = CARTESIAN_POINT ( 'NONE',  ( 0.7362204724408996093, 0.000000000000000000, 0.1574803149606000263 ) ) ;
#915 = CARTESIAN_POINT ( 'NONE',  ( 1.096746360704000001, 0.07363934977807008730, 0.08104441752976004887 ) ) ;
#916 = CARTESIAN_POINT ( 'NONE',  ( 1.262621165134000245, -0.06207203992786004126, 0.09031537852314999726 ) ) ;
#917 = CARTESIAN_POINT ( 'NONE',  ( 1.089469327375000018, 0.06986346628901003719, -0.07692638636358996307 ) ) ;
#918 = DIRECTION ( 'NONE',  ( -1.000000000000000000, 0.000000000000000000, 0.000000000000000000 ) ) ;
#919 = CARTESIAN_POINT ( 'NONE',  ( 0.6104330708661004357, -0.3740157480314960647, -0.3740157480314960647 ) ) ;
#920 = LINE ( 'NONE', #2584, #1696 ) ;
#921 = ORIENTED_EDGE ( 'NONE', *, *, #4107, .T. ) ;
#922 = CIRCLE ( 'NONE', #5606, 0.1220472440944999348 ) ;
#923 = ORIENTED_EDGE ( 'NONE', *, *, #7126, .T. ) ;
#924 = CARTESIAN_POINT ( 'NONE',  ( 1.144794475009000001, -0.006320722445972008427, -0.1206065689567999977 ) ) ;
#925 = CARTESIAN_POINT ( 'NONE',  ( 0.5841804246273000212, 0.1416844093523999815, -0.06361727143266003581 ) ) ;
#926 = CARTESIAN_POINT ( 'NONE',  ( 1.232407891435000291, 0.02691662355562000203, 0.1004542066778000148 ) ) ;
#927 = CARTESIAN_POINT ( 'NONE',  ( 1.338362615844999937, 0.08381780017365000890, -0.06123310218512992981 ) ) ;
#928 = DIRECTION ( 'NONE',  ( -1.000000000000000000, 4.816441574416000111E-12, 0.000000000000000000 ) ) ;
#929 = CARTESIAN_POINT ( 'NONE',  ( 1.298720501851482689, 0.07935404094582007573, -0.06777475368613997131 ) ) ;
#930 = PLANE ( 'NONE',  #9439 ) ;
#931 = CARTESIAN_POINT ( 'NONE',  ( 1.288634680508999875, 0.09742608914478996518, -0.03739837169383999904 ) ) ;
#932 = CARTESIAN_POINT ( 'NONE',  ( 1.222018639409500063, -0.03091510445189051687, -0.1150361429136075309 ) ) ;
#933 = FACE_OUTER_BOUND ( 'NONE', #3252, .T. ) ;
#934 = CARTESIAN_POINT ( 'NONE',  ( 0.7322039835687007558, 0.01286853839508000051, -0.2039691127407000093 ) ) ;
#935 = ORIENTED_EDGE ( 'NONE', *, *, #7745, .T. ) ;
#936 = EDGE_CURVE ( 'NONE', #4280, #3240, #2706, .T. ) ;
#937 = CARTESIAN_POINT ( 'NONE',  ( 1.084223363819499797, 0.03091510445189025666, 0.1150361429136075309 ) ) ;
#938 = CARTESIAN_POINT ( 'NONE',  ( 1.271404689570000190, 0.04244600606646999758, 0.09533529053063996561 ) ) ;
#939 = ADVANCED_FACE ( 'NONE', ( #4273 ), #2705, .F. ) ;
#940 = CARTESIAN_POINT ( 'NONE',  ( 1.379289802345038840, 0.08398289450170295933, -0.06445602441667928895 ) ) ;
#941 = ADVANCED_FACE ( 'NONE', ( #4377 ), #2048, .F. ) ;
#942 = CARTESIAN_POINT ( 'NONE',  ( 1.165229829531333472, 0.1181102362204989320, 0.02061412502356693363 ) ) ;
#943 = CARTESIAN_POINT ( 'NONE',  ( 1.192923454289000151, 0.07749129636727992987, 0.07749142232388996077 ) ) ;
#944 = ORIENTED_EDGE ( 'NONE', *, *, #2294, .T. ) ;
#945 = VERTEX_POINT ( 'NONE', #8209 ) ;
#946 = CARTESIAN_POINT ( 'NONE',  ( 0.7244094488188976833, 0.01574803149606000124, 0.1536382109453000022 ) ) ;
#947 = CARTESIAN_POINT ( 'NONE',  ( 1.150833823428000224, 0.07569823244745001178, 0.07183494035557008717 ) ) ;
#948 = CARTESIAN_POINT ( 'NONE',  ( 1.299373832077999946, -0.1129506637816999892, 0.04455025935399999776 ) ) ;
#949 = CARTESIAN_POINT ( 'NONE',  ( 1.047973619356000086, -0.09842519685038997324, 0.000000000000000000 ) ) ;
#950 = ADVANCED_FACE ( 'NONE', ( #1279 ), #6623, .T. ) ;
#951 = CARTESIAN_POINT ( 'NONE',  ( 1.047973619355943020, -0.01245680990526100602, -0.1076101670966105595 ) ) ;
#952 = ADVANCED_FACE ( 'NONE', ( #8927 ), #425, .T. ) ;
#953 = DIRECTION ( 'NONE',  ( 1.000000000000000000, 0.000000000000000000, 0.000000000000000000 ) ) ;
#954 = CARTESIAN_POINT ( 'NONE',  ( 0.5393700787402000429, 0.000000000000000000, -0.1122047244094000057 ) ) ;
#955 = CARTESIAN_POINT ( 'NONE',  ( 0.7362204724408996093, 0.000000000000000000, 0.000000000000000000 ) ) ;
#956 = CARTESIAN_POINT ( 'NONE',  ( 0.7244094488188976833, 0.2132525159129508574, 0.004729966016668367586 ) ) ;
#957 = CARTESIAN_POINT ( 'NONE',  ( 1.222714422514999955, -0.02200896399188000119, -0.1187497432073000014 ) ) ;
#958 = VERTEX_POINT ( 'NONE', #8107 ) ;
#959 = CARTESIAN_POINT ( 'NONE',  ( 1.158753035791999952, -0.05433872599771000234, 0.08867274169577993304 ) ) ;
#960 = CARTESIAN_POINT ( 'NONE',  ( 0.9744094488277993404, 0.000000000000000000, 0.000000000000000000 ) ) ;
#961 = CARTESIAN_POINT ( 'NONE',  ( 1.076870255506000129, -0.02988844418643999898, -0.1111415339553000203 ) ) ;
#962 = CARTESIAN_POINT ( 'NONE',  ( 1.196512241248999908, -0.05479462961503000357, -0.09490708247489999805 ) ) ;
#963 = CARTESIAN_POINT ( 'NONE',  ( 1.091558030338000140, 0.09118831415057007672, -0.04983236100420999209 ) ) ;
#964 = DIRECTION ( 'NONE',  ( 1.000000000000000000, 0.000000000000000000, 0.000000000000000000 ) ) ;
#965 = CARTESIAN_POINT ( 'NONE',  ( 1.073654885054364128, 0.04979507987150003090, 0.09171112839765001301 ) ) ;
#966 = CARTESIAN_POINT ( 'NONE',  ( 1.379262787307644622, -0.01520796763432198488, 0.1054521019372291896 ) ) ;
#967 = VERTEX_POINT ( 'NONE', #6732 ) ;
#968 = VECTOR ( 'NONE', #2627, 39.37007874015748143 ) ;
#969 = ORIENTED_EDGE ( 'NONE', *, *, #4348, .T. ) ;
#970 = CARTESIAN_POINT ( 'NONE',  ( 1.174650118053000014, -0.1207720828987999956, -1.414909855946000113E-13 ) ) ;
#971 = CIRCLE ( 'NONE', #6619, 0.08267716535433068670 ) ;
#972 = LINE ( 'NONE', #4830, #475 ) ;
#973 = CARTESIAN_POINT ( 'NONE',  ( 1.360055390836999889, -0.1012918731321000021, -0.02734012804704000210 ) ) ;
#974 = CARTESIAN_POINT ( 'NONE',  ( 1.348492209021000310, 0.05733008887075000115, 0.08653425529396005511 ) ) ;
#975 = AXIS2_PLACEMENT_3D ( 'NONE', #2758, #5130, #5837 ) ;
#976 = DIRECTION ( 'NONE',  ( -1.000000000000000000, 0.000000000000000000, 0.000000000000000000 ) ) ;
#977 = CARTESIAN_POINT ( 'NONE',  ( 0.6498031496062991463, 0.3740157480314960647, -0.5314960629921000601 ) ) ;
#978 = DIRECTION ( 'NONE',  ( 0.000000000000000000, 1.000000000000000000, 0.000000000000000000 ) ) ;
#979 = CARTESIAN_POINT ( 'NONE',  ( 1.277971950850000260, -0.04979507988139000169, -0.09171112839325000488 ) ) ;
#980 = DIRECTION ( 'NONE',  ( 0.000000000000000000, 0.000000000000000000, -1.000000000000000000 ) ) ;
#981 = LINE ( 'NONE', #7100, #7421 ) ;
#982 = ORIENTED_EDGE ( 'NONE', *, *, #4903, .T. ) ;
#983 = VECTOR ( 'NONE', #1495, 39.37007874015748143 ) ;
#984 = CARTESIAN_POINT ( 'NONE',  ( 1.050773788120000107, 0.08442697196611004262, -0.06133978363043995907 ) ) ;
#985 = CARTESIAN_POINT ( 'NONE',  ( 0.7244094488188976833, 0.01574803149606000124, 0.1536382109453000022 ) ) ;
#986 = CARTESIAN_POINT ( 'NONE',  ( 0.6498031496062991463, 0.4370078740156999597, -0.3543307086614000401 ) ) ;
#987 = DIRECTION ( 'NONE',  ( 1.000000000000000000, 0.000000000000000000, 0.000000000000000000 ) ) ;
#988 = CARTESIAN_POINT ( 'NONE',  ( 1.279323901933999919, -0.08413602592137991998, 0.06112840096923996547 ) ) ;
#989 = DIMENSIONAL_EXPONENTS ( 1.000000000000000000, 0.000000000000000000, 0.000000000000000000, 0.000000000000000000, 0.000000000000000000, 0.000000000000000000, 0.000000000000000000 ) ;
#990 = ORIENTED_EDGE ( 'NONE', *, *, #8588, .T. ) ;
#991 = EDGE_CURVE ( 'NONE', #4788, #9601, #9732, .T. ) ;
#992 = CARTESIAN_POINT ( 'NONE',  ( 0.6102362204723996708, -0.2755905511811023723, 0.000000000000000000 ) ) ;
#993 = CARTESIAN_POINT ( 'NONE',  ( 1.186432796785999999, 0.06956180430292008277, 0.07598703421526004087 ) ) ;
#994 = CARTESIAN_POINT ( 'NONE',  ( 1.349979147039000127, -0.01855449762250999807, -0.1199932835491000077 ) ) ;
#995 = CARTESIAN_POINT ( 'NONE',  ( 1.322436741167750007, 0.1181102362204999728, 0.01546059376767032305 ) ) ;
#996 = CARTESIAN_POINT ( 'NONE',  ( 1.173978735917999838, 0.000000000000000000, 0.1181102362205000006 ) ) ;
#997 = CARTESIAN_POINT ( 'NONE',  ( 0.4724409448819000268, 0.3543307086614000401, -0.3543307086614000401 ) ) ;
#998 = CARTESIAN_POINT ( 'NONE',  ( 0.5787401574803000548, -0.01574803149606000124, 0.1469816999198000074 ) ) ;
#999 = CARTESIAN_POINT ( 'NONE',  ( 1.288823346400000069, -0.09770666751137992156, 0.07098804921670000267 ) ) ;
#1000 = ADVANCED_FACE ( 'NONE', ( #5786 ), #8561, .F. ) ;
#1001 = ADVANCED_FACE ( 'NONE', ( #3611 ), #1946, .F. ) ;
#1002 = ORIENTED_EDGE ( 'NONE', *, *, #7311, .F. ) ;
#1003 = ADVANCED_FACE ( 'NONE', ( #6685 ), #3398, .T. ) ;
#1004 = CARTESIAN_POINT ( 'NONE',  ( 1.126764846816000087, -0.1027174613195000058, -0.01626884762265000048 ) ) ;
#1005 = EDGE_CURVE ( 'NONE', #8102, #1125, #893, .T. ) ;
#1006 = DIRECTION ( 'NONE',  ( 0.000000000000000000, -1.000000000000000000, 0.000000000000000000 ) ) ;
#1007 = CARTESIAN_POINT ( 'NONE',  ( 1.108200799962000049, -0.1150541550252000000, -0.002881159014206000415 ) ) ;
#1008 = CARTESIAN_POINT ( 'NONE',  ( 1.266886256997000304, -0.1050763444793000045, 0.03112503123606000233 ) ) ;
#1009 = CARTESIAN_POINT ( 'NONE',  ( 0.9999994263157998553, 0.1944627264979829628, 0.03529589539788480917 ) ) ;
#1010 = CARTESIAN_POINT ( 'NONE',  ( 1.291736487179249604, -0.1181102362205000422, 0.01546059376766979916 ) ) ;
#1011 = CARTESIAN_POINT ( 'NONE',  ( 1.126968533348364110, -0.1030726540388999940, -0.01632510462271000162 ) ) ;
#1012 = LINE ( 'NONE', #1878, #9115 ) ;
#1013 = B_SPLINE_CURVE_WITH_KNOTS ( 'NONE', 3,
 ( #5982, #8878, #5081, #533, #1232, #6690, #483, #3574, #5937, #7349, #431, #2100, #8163, #9075, #5843, #2054, #3664, #5229 ),
 .UNSPECIFIED., .F., .F.,
 ( 4, 2, 2, 2, 2, 2, 2, 2, 4 ),
 ( 0.000000000000000000, 0.1249999999999999722, 0.2499999999999999445, 0.3749999999999998890, 0.4999999999999998890, 0.6249999999999998890, 0.7499999999999997780, 0.8749999999999998890, 1.000000000000000000 ),
 .UNSPECIFIED. ) ;
#1014 = EDGE_LOOP ( 'NONE', ( #6932, #6109 ) ) ;
#1015 = VERTEX_POINT ( 'NONE', #2095 ) ;
#1016 = VERTEX_POINT ( 'NONE', #9828 ) ;
#1017 = ADVANCED_FACE ( 'NONE', ( #8254 ), #3463, .T. ) ;
#1018 = CARTESIAN_POINT ( 'NONE',  ( 1.119203923826999958, 0.1012879913569000034, 0.06577719068688996085 ) ) ;
#1019 = CARTESIAN_POINT ( 'NONE',  ( 0.7322749853665000419, -0.1286486681765000029, 0.08905901780482991525 ) ) ;
#1020 = CARTESIAN_POINT ( 'NONE',  ( 1.325707511091999802, -0.09689884475210000514, -0.04022598257578000741 ) ) ;
#1021 = CARTESIAN_POINT ( 'NONE',  ( 1.341529097333000076, 0.08832423806222991503, -0.06452528082917008412 ) ) ;
#1022 = CARTESIAN_POINT ( 'NONE',  ( 0.7362204724408996093, 0.1340877566363000151, 0.08258824221029999191 ) ) ;
#1023 = CARTESIAN_POINT ( 'NONE',  ( 1.255999733293999610, -0.05948255673673431138, 0.1032031167347789297 ) ) ;
#1024 = DIRECTION ( 'NONE',  ( 0.000000000000000000, 0.000000000000000000, 1.000000000000000000 ) ) ;
#1025 = EDGE_CURVE ( 'NONE', #2671, #4246, #1131, .T. ) ;
#1026 = DIRECTION ( 'NONE',  ( 1.000000000000000000, 0.000000000000000000, 0.000000000000000000 ) ) ;
#1027 = CARTESIAN_POINT ( 'NONE',  ( 0.7285187739042991995, 0.01502061551544000076, -0.2016627986020999852 ) ) ;
#1028 = VERTEX_POINT ( 'NONE', #574 ) ;
#1029 = ADVANCED_FACE ( 'NONE', ( #3660 ), #8973, .T. ) ;
#1030 = CARTESIAN_POINT ( 'NONE',  ( 1.046508696257000048, 0.02700979982167000040, -0.1008016175451000029 ) ) ;
#1031 = CARTESIAN_POINT ( 'NONE',  ( 0.7294081141038994964, 0.01468443862851999925, 0.1550353186167000019 ) ) ;
#1032 = B_SPLINE_CURVE_WITH_KNOTS ( 'NONE', 3,
 ( #8480, #3182, #7727, #4704, #3076, #1660, #4656, #2468, #1507, #6860, #43, #3889, #6966, #8586, #3126, #5553, #2265, #8638 ),
 .UNSPECIFIED., .F., .F.,
 ( 4, 2, 2, 2, 2, 2, 2, 2, 4 ),
 ( 0.000000000000000000, 0.1250000000000000278, 0.2500000000000000555, 0.3750000000000000000, 0.5000000000000000000, 0.6250000000000000000, 0.7500000000000000000, 0.8750000000000001110, 1.000000000000000000 ),
 .UNSPECIFIED. ) ;
#1033 = CARTESIAN_POINT ( 'NONE',  ( 0.7362204724408996093, 0.000000000000000000, 0.000000000000000000 ) ) ;
#1034 = CYLINDRICAL_SURFACE ( 'NONE', #5374, 0.1535433070865999949 ) ;
#1035 = CARTESIAN_POINT ( 'NONE',  ( 1.190790908357000077, 0.09891369741183997366, 0.04717896682107999839 ) ) ;
#1036 = LINE ( 'NONE', #4130, #2097 ) ;
#1037 = CARTESIAN_POINT ( 'NONE',  ( 1.171791509321333358, 0.04120276216305555905, 0.1125935275257148038 ) ) ;
#1038 = CARTESIAN_POINT ( 'NONE',  ( 1.185011099498000098, 0.08600339255113996495, 0.05910895993968996731 ) ) ;
#1039 = CIRCLE ( 'NONE', #2983, 0.1535433070865999949 ) ;
#1040 = CARTESIAN_POINT ( 'NONE',  ( 1.357208477747000153, 0.1021928575562999902, -0.06556887455423995870 ) ) ;
#1041 = CARTESIAN_POINT ( 'NONE',  ( 1.328645935998000072, -0.1022864650138999992, 0.05905511811023995972 ) ) ;
#1042 = DIRECTION ( 'NONE',  ( -1.000000000000000000, 0.000000000000000000, 0.000000000000000000 ) ) ;
#1043 = DIRECTION ( 'NONE',  ( 1.000000000000000000, 0.000000000000000000, 0.000000000000000000 ) ) ;
#1044 = DIRECTION ( 'NONE',  ( 0.000000000000000000, 0.02500000000000001180, 0.9996874511566102850 ) ) ;
#1045 = DIRECTION ( 'NONE',  ( 0.000000000000000000, -1.000000000000000000, 0.000000000000000000 ) ) ;
#1046 = CARTESIAN_POINT ( 'NONE',  ( 1.220581876582999881, -0.06038604144953996222, -0.1045916918582999872 ) ) ;
#1047 = ORIENTED_EDGE ( 'NONE', *, *, #768, .T. ) ;
#1048 = ORIENTED_EDGE ( 'NONE', *, *, #6620, .T. ) ;
#1049 = CARTESIAN_POINT ( 'NONE',  ( 1.086246474113000016, -0.1039622099305999997, 0.002722346275402999938 ) ) ;
#1050 = AXIS2_PLACEMENT_3D ( 'NONE', #682, #2300, #4690 ) ;
#1051 = CARTESIAN_POINT ( 'NONE',  ( 0.7244094488188976833, 0.01574803149606000124, 0.1536382109453000022 ) ) ;
#1052 = CARTESIAN_POINT ( 'NONE',  ( 1.058071928833000053, 0.01391413496183999988, 0.1142460350022999893 ) ) ;
#1053 = CARTESIAN_POINT ( 'NONE',  ( 1.237030613952999847, -0.03658164642932999755, -0.1033033827283000028 ) ) ;
#1054 = DIRECTION ( 'NONE',  ( 1.000000000000000000, 0.000000000000000000, 0.000000000000000000 ) ) ;
#1055 = CARTESIAN_POINT ( 'NONE',  ( 1.000000082603502927, -0.03116626769020664628, 0.1732283464567000442 ) ) ;
#1056 = CARTESIAN_POINT ( 'NONE',  ( 1.122703441485361164, -0.09037621804803996906, 0.05217873381838000063 ) ) ;
#1057 = EDGE_CURVE ( 'NONE', #8470, #2148, #9214, .T. ) ;
#1058 = PRESENTATION_STYLE_ASSIGNMENT (( #4059 ) ) ;
#1059 = EDGE_CURVE ( 'NONE', #4918, #2624, #2286, .T. ) ;
#1060 = ORIENTED_EDGE ( 'NONE', *, *, #9972, .F. ) ;
#1061 = VERTEX_POINT ( 'NONE', #1432 ) ;
#1062 = CIRCLE ( 'NONE', #738, 0.1478229366752999985 ) ;
#1063 = CONICAL_SURFACE ( 'NONE', #2357, 0.1476377952519999925, 0.7853981633972997312 ) ;
#1064 = CARTESIAN_POINT ( 'NONE',  ( 1.102143556372999988, -0.06577719068688996085, -0.1012879913569000034 ) ) ;
#1065 = CARTESIAN_POINT ( 'NONE',  ( 1.202686084999249783, 0.1181102362205000561, -0.01546059376766952508 ) ) ;
#1066 = CARTESIAN_POINT ( 'NONE',  ( 1.391382490573999986, -0.05357547314793999899, 0.08722207079068997060 ) ) ;
#1067 = CARTESIAN_POINT ( 'NONE',  ( 1.320129348128000091, -0.09563856693327008052, 0.04035046785527000857 ) ) ;
#1068 = CARTESIAN_POINT ( 'NONE',  ( 1.086216268726749812, 0.1181102362204999728, 0.01546059376767032305 ) ) ;
#1069 = CARTESIAN_POINT ( 'NONE',  ( 1.224081394239482590, 0.1042144493542999928, -0.005461647859861999341 ) ) ;
#1070 = CYLINDRICAL_SURFACE ( 'NONE', #6195, 0.1574803149606000263 ) ;
#1071 = EDGE_CURVE ( 'NONE', #6743, #8771, #6832, .T. ) ;
#1072 = AXIS2_PLACEMENT_3D ( 'NONE', #4077, #6487, #7199 ) ;
#1073 = DIRECTION ( 'NONE',  ( -1.000000000000000000, 0.000000000000000000, 0.000000000000000000 ) ) ;
#1074 = DIRECTION ( 'NONE',  ( 0.5038710255241108937, -1.888628205223039533E-11, -0.8637789008984189110 ) ) ;
#1075 = ORIENTED_EDGE ( 'NONE', *, *, #692, .F. ) ;
#1076 = ORIENTED_EDGE ( 'NONE', *, *, #9971, .T. ) ;
#1077 = CARTESIAN_POINT ( 'NONE',  ( 1.072099247438000003, -0.09742608914447992152, 0.03739837169672000083 ) ) ;
#1078 = CARTESIAN_POINT ( 'NONE',  ( 0.7362204724408996093, -0.1383078312671000010, 0.07530599850137008333 ) ) ;
#1079 = CARTESIAN_POINT ( 'NONE',  ( 0.8346456692912992414, 0.1574803149606000263, 0.000000000000000000 ) ) ;
#1080 = FACE_OUTER_BOUND ( 'NONE', #5737, .T. ) ;
#1081 = CARTESIAN_POINT ( 'NONE',  ( 0.6104330708661004357, 0.4370078740156999597, -0.3543307086614000401 ) ) ;
#1082 = ORIENTED_EDGE ( 'NONE', *, *, #7216, .F. ) ;
#1083 = CARTESIAN_POINT ( 'NONE',  ( 1.381889763779999836, -0.03163166084151999846, 0.09735224182548997407 ) ) ;
#1084 = B_SPLINE_CURVE_WITH_KNOTS ( 'NONE', 3,
 ( #3622, #6652, #9793, #8986 ),
 .UNSPECIFIED., .F., .F.,
 ( 4, 4 ),
 ( 0.000000000000000000, 1.000000000000000000 ),
 .UNSPECIFIED. ) ;
#1085 = CARTESIAN_POINT ( 'NONE',  ( 0.5819715539376000280, -0.1407367191721000110, -0.06307012225195000876 ) ) ;
#1086 = CARTESIAN_POINT ( 'NONE',  ( 1.176480915771000113, 0.07569823074892008397, -0.07183493912152008609 ) ) ;
#1087 = CARTESIAN_POINT ( 'NONE',  ( 1.345159593232999828, -0.09679096313605001223, -0.07330870981657008900 ) ) ;
#1088 = DIRECTION ( 'NONE',  ( 0.000000000000000000, 1.000000000000000000, 0.000000000000000000 ) ) ;
#1089 = FACE_OUTER_BOUND ( 'NONE', #4297, .T. ) ;
#1090 = DIRECTION ( 'NONE',  ( 0.000000000000000000, 0.000000000000000000, -1.000000000000000000 ) ) ;
#1091 = CARTESIAN_POINT ( 'NONE',  ( 0.9842519685038996213, 0.000000000000000000, 0.000000000000000000 ) ) ;
#1092 = CARTESIAN_POINT ( 'NONE',  ( 1.369311106967325609, -0.1171959313128044661, 0.003064617774663356414 ) ) ;
#1093 = CARTESIAN_POINT ( 'NONE',  ( 1.256835157423000116, -0.1029751286123999909, -0.06310323997250000261 ) ) ;
#1094 = VERTEX_POINT ( 'NONE', #5375 ) ;
#1095 = VECTOR ( 'NONE', #3439, 39.37007874015748143 ) ;
#1096 = VERTEX_POINT ( 'NONE', #9266 ) ;
#1097 = CARTESIAN_POINT ( 'NONE',  ( 0.6104330708661004357, 0.2716535433071000094, -0.3543307086614000401 ) ) ;
#1098 = CARTESIAN_POINT ( 'NONE',  ( 1.329739549296333312, -0.1125935275257113483, 0.04120276216306589800 ) ) ;
#1099 = CARTESIAN_POINT ( 'NONE',  ( 1.068515443651999908, -0.1150534515050999906, 0.002909117149336000289 ) ) ;
#1100 = CARTESIAN_POINT ( 'NONE',  ( 1.282912688895000208, 0.1075304200170000002, -0.04127706091346000639 ) ) ;
#1101 = CARTESIAN_POINT ( 'NONE',  ( 0.9999994263158000773, 0.1780917563452039665, 0.08570226689445417656 ) ) ;
#1102 = CARTESIAN_POINT ( 'NONE',  ( 0.01181102362204999867, 0.000000000000000000, 0.000000000000000000 ) ) ;
#1103 = CARTESIAN_POINT ( 'NONE',  ( 1.182414727574364388, 0.09533529686965000471, -0.04244601067203000039 ) ) ;
#1104 = CARTESIAN_POINT ( 'NONE',  ( 0.01181102362204999867, 0.000000000000000000, 0.000000000000000000 ) ) ;
#1105 = B_SPLINE_CURVE_WITH_KNOTS ( 'NONE', 3,
 ( #8030, #1098, #8848, #4004, #9411, #2479, #5563, #1725, #1351, #4453 ),
 .UNSPECIFIED., .F., .F.,
 ( 4, 2, 2, 2, 4 ),
 ( 0.000000000000000000, 0.2500000000000000555, 0.5000000000000001110, 0.7500000000000002220, 1.000000000000000000 ),
 .UNSPECIFIED. ) ;
#1106 = CARTESIAN_POINT ( 'NONE',  ( 0.6102362204723996708, -0.3740157480314960647, -0.5314960629921000601 ) ) ;
#1107 = EDGE_LOOP ( 'NONE', ( #5994, #3538, #2993, #4203 ) ) ;
#1108 = ORIENTED_EDGE ( 'NONE', *, *, #6635, .T. ) ;
#1109 = ORIENTED_EDGE ( 'NONE', *, *, #3204, .T. ) ;
#1110 = CIRCLE ( 'NONE', #4188, 0.3149606299213000282 ) ;
#1111 = CARTESIAN_POINT ( 'NONE',  ( 1.193196857613000095, 0.07304917201321003972, 0.07979652035752991812 ) ) ;
#1112 = EDGE_CURVE ( 'NONE', #9959, #4347, #3878, .T. ) ;
#1113 = EDGE_CURVE ( 'NONE', #4940, #2017, #669, .T. ) ;
#1114 = CARTESIAN_POINT ( 'NONE',  ( 0.7095549599062008772, 0.1218552663352999998, 0.08853743126778997052 ) ) ;
#1115 = CARTESIAN_POINT ( 'NONE',  ( 1.355235837031000257, -0.09179331871126004960, 0.05080858986628999929 ) ) ;
#1116 = EDGE_LOOP ( 'NONE', ( #2031, #6489, #461 ) ) ;
#1117 = CARTESIAN_POINT ( 'NONE',  ( 0.7244094488188976833, -0.1655628205247000329, -0.1137719994447000116 ) ) ;
#1118 = CARTESIAN_POINT ( 'NONE',  ( 1.082115218858000105, 0.1032031167347791240, -0.05948255673673400606 ) ) ;
#1119 = CARTESIAN_POINT ( 'NONE',  ( 1.196358297127479542, -0.02436176678408999777, 0.1014740604109000133 ) ) ;
#1120 = FACE_OUTER_BOUND ( 'NONE', #1165, .T. ) ;
#1121 = VECTOR ( 'NONE', #2004, 39.37007874015748143 ) ;
#1122 = DIRECTION ( 'NONE',  ( 0.000000000000000000, -3.282220918665999858E-10, 1.000000000000000000 ) ) ;
#1123 = ORIENTED_EDGE ( 'NONE', *, *, #3670, .T. ) ;
#1124 = ORIENTED_EDGE ( 'NONE', *, *, #3362, .T. ) ;
#1125 = VERTEX_POINT ( 'NONE', #1530 ) ;
#1126 = ORIENTED_EDGE ( 'NONE', *, *, #1465, .F. ) ;
#1127 = VECTOR ( 'NONE', #3665, 39.37007874015748143 ) ;
#1128 = ADVANCED_FACE ( 'NONE', ( #4625 ), #771, .T. ) ;
#1129 = EDGE_CURVE ( 'NONE', #857, #5711, #2103, .T. ) ;
#1130 = EDGE_CURVE ( 'NONE', #2115, #5220, #7750, .T. ) ;
#1131 = CIRCLE ( 'NONE', #4371, 0.1181102362205000006 ) ;
#1132 = DIRECTION ( 'NONE',  ( 0.000000000000000000, 0.000000000000000000, 1.000000000000000000 ) ) ;
#1133 = CARTESIAN_POINT ( 'NONE',  ( 1.310680398210666509, -0.02061412502356034862, -0.1181102362205000422 ) ) ;
#1134 = FACE_OUTER_BOUND ( 'NONE', #1568, .T. ) ;
#1135 = CIRCLE ( 'NONE', #2105, 0.1220472440944999348 ) ;
#1136 = CARTESIAN_POINT ( 'NONE',  ( 1.273593776663000110, -0.05910872053913996532, 0.08600372205772992273 ) ) ;
#1137 = CARTESIAN_POINT ( 'NONE',  ( 0.7095217622487006714, 0.1375958662356999984, 0.06125674996366003988 ) ) ;
#1138 = CARTESIAN_POINT ( 'NONE',  ( 1.139177432060750172, -0.09444883965335029719, -0.07258425826477082898 ) ) ;
#1139 = EDGE_LOOP ( 'NONE', ( #1989, #2374, #4609, #3972 ) ) ;
#1140 = FACE_OUTER_BOUND ( 'NONE', #8307, .T. ) ;
#1141 = ADVANCED_FACE ( 'NONE', ( #3912 ), #6784, .T. ) ;
#1142 = CARTESIAN_POINT ( 'NONE',  ( 1.055580105143000047, -0.03102579983720000004, -0.09823580676703996817 ) ) ;
#1143 = CARTESIAN_POINT ( 'NONE',  ( 1.331459050879000072, 0.000000000000000000, 0.1181102362205000006 ) ) ;
#1144 = DIRECTION ( 'NONE',  ( 0.000000000000000000, 1.000000000000000000, 0.000000000000000000 ) ) ;
#1145 = CARTESIAN_POINT ( 'NONE',  ( 0.6752388305532991408, 0.1516782855549000109, 0.1057557594422000036 ) ) ;
#1146 = CARTESIAN_POINT ( 'NONE',  ( 1.113283197860500007, -0.03091510445189049605, -0.1150361429136075170 ) ) ;
#1147 = CARTESIAN_POINT ( 'NONE',  ( 1.183001045629249459, -0.1181102362205000006, 0.01546059376766979396 ) ) ;
#1148 = AXIS2_PLACEMENT_3D ( 'NONE', #684, #9991, #2961 ) ;
#1149 = DIRECTION ( 'NONE',  ( 1.000000000000000000, 0.000000000000000000, 0.000000000000000000 ) ) ;
#1150 = CARTESIAN_POINT ( 'NONE',  ( 1.246172427764000057, -0.04912243157563000312, 0.1103307877425000055 ) ) ;
#1151 = EDGE_LOOP ( 'NONE', ( #4437, #473, #1184, #5919 ) ) ;
#1152 = ORIENTED_EDGE ( 'NONE', *, *, #9751, .T. ) ;
#1153 = CARTESIAN_POINT ( 'NONE',  ( 0.7294509068517992523, -0.1823135949437000025, 0.08833649476327007366 ) ) ;
#1154 = PRODUCT_DEFINITION_FORMATION_WITH_SPECIFIED_SOURCE ( 'ANY', '', #1949, .NOT_KNOWN. ) ;
#1155 = CARTESIAN_POINT ( 'NONE',  ( 0.5841804246273000212, 0.1416844093523999815, 0.06361727143266003581 ) ) ;
#1156 = CARTESIAN_POINT ( 'NONE',  ( 1.067437665126999891, -0.1149960970126999993, -0.03659091642448999981 ) ) ;
#1157 = CARTESIAN_POINT ( 'NONE',  ( 1.183716965659000087, -0.05968658845680000630, 0.09190928686668996261 ) ) ;
#1158 = DIRECTION ( 'NONE',  ( 0.000000000000000000, -1.000000000000000000, 0.000000000000000000 ) ) ;
#1159 = CARTESIAN_POINT ( 'NONE',  ( 1.135498717075364317, -0.005461647859861000140, -0.1042144493542999928 ) ) ;
#1160 = CARTESIAN_POINT ( 'NONE',  ( 1.282237042713000097, 0.01901763795381000016, -0.1026099921947999927 ) ) ;
#1161 = CARTESIAN_POINT ( 'NONE',  ( 0.5841804246273000212, -0.1416844093523999815, 0.06361727143266003581 ) ) ;
#1162 = CARTESIAN_POINT ( 'NONE',  ( 1.322084256207999964, 0.000000000000000000, 0.1181102362205000006 ) ) ;
#1163 = VECTOR ( 'NONE', #5317, 39.37007874015748143 ) ;
#1164 = ORIENTED_EDGE ( 'NONE', *, *, #3294, .T. ) ;
#1165 = EDGE_LOOP ( 'NONE', ( #1679, #9630, #2409, #3057, #3042, #9251, #8337, #6960, #4916, #7491 ) ) ;
#1166 = CARTESIAN_POINT ( 'NONE',  ( 1.148025631315000128, 0.09492340744733997193, -0.06523905046413995545 ) ) ;
#1167 = CARTESIAN_POINT ( 'NONE',  ( 0.7244094488188976833, 0.1251805779226000115, 0.09045730080782006521 ) ) ;
#1168 = CARTESIAN_POINT ( 'NONE',  ( 1.326318514196000109, -0.04164225703496000214, -0.09629874261107007616 ) ) ;
#1169 = ORIENTED_EDGE ( 'NONE', *, *, #8371, .F. ) ;
#1170 = DIRECTION ( 'NONE',  ( 0.000000000000000000, -0.07507063207344917555, -0.9971782188756896925 ) ) ;
#1171 = DIRECTION ( 'NONE',  ( 1.000000000000000000, 0.000000000000000000, 0.000000000000000000 ) ) ;
#1172 = CARTESIAN_POINT ( 'NONE',  ( 1.272403932768999990, 0.000000000000000000, -0.1181102362205000006 ) ) ;
#1173 = CARTESIAN_POINT ( 'NONE',  ( 1.562992125983999836, 0.000000000000000000, 0.000000000000000000 ) ) ;
#1174 = ORIENTED_EDGE ( 'NONE', *, *, #5387, .F. ) ;
#1175 = ORIENTED_EDGE ( 'NONE', *, *, #6646, .T. ) ;
#1176 = VERTEX_POINT ( 'NONE', #2190 ) ;
#1177 = CARTESIAN_POINT ( 'NONE',  ( 0.5984251968503937480, 0.09693842135412991667, -0.07415168411053996156 ) ) ;
#1178 = CARTESIAN_POINT ( 'NONE',  ( 0.7244094488188976833, -0.01574803149606000124, -0.2002676082188999951 ) ) ;
#1179 = FACE_OUTER_BOUND ( 'NONE', #2489, .T. ) ;
#1180 = CARTESIAN_POINT ( 'NONE',  ( 1.201030673822000017, -0.08279234551820000010, 0.06352880097637007839 ) ) ;
#1181 = DIRECTION ( 'NONE',  ( 0.000000000000000000, -1.000000000000000000, 0.000000000000000000 ) ) ;
#1182 = CARTESIAN_POINT ( 'NONE',  ( 0.7360889355193996897, 0.1858375844696000256, 0.1002685615818999926 ) ) ;
#1183 = EDGE_CURVE ( 'NONE', #2187, #8142, #3072, .T. ) ;
#1184 = ORIENTED_EDGE ( 'NONE', *, *, #8409, .T. ) ;
#1185 = ORIENTED_EDGE ( 'NONE', *, *, #523, .F. ) ;
#1186 = DIRECTION ( 'NONE',  ( 0.000000000000000000, 0.9997541118987406383, 0.02217466440694089089 ) ) ;
#1187 = CARTESIAN_POINT ( 'NONE',  ( 1.127432359341000057, -0.06982877559786003496, -0.07755271207417993584 ) ) ;
#1188 = B_SPLINE_CURVE_WITH_KNOTS ( 'NONE', 3,
 ( #4760, #9958, #3999, #2321 ),
 .UNSPECIFIED., .F., .F.,
 ( 4, 4 ),
 ( 0.000000000000000000, 1.000000000000000000 ),
 .UNSPECIFIED. ) ;
#1189 = CARTESIAN_POINT ( 'NONE',  ( 1.363642125277333195, 0.1099096124495776289, 0.04924323010450095545 ) ) ;
#1190 = FACE_OUTER_BOUND ( 'NONE', #2284, .T. ) ;
#1191 = CARTESIAN_POINT ( 'NONE',  ( 0.7280600717204999128, 0.1820907631361000090, -0.08761369760209999913 ) ) ;
#1192 = CARTESIAN_POINT ( 'NONE',  ( 0.7362204724408996093, -0.1340877566363000151, -0.08258824221029999191 ) ) ;
#1193 = CARTESIAN_POINT ( 'NONE',  ( 1.213348814658000041, 0.000000000000000000, 0.1181102362205000006 ) ) ;
#1194 = CARTESIAN_POINT ( 'NONE',  ( 0.7244094488188976833, 1.814403626285999938, -1.043000356942999973 ) ) ;
#1195 = ADVANCED_FACE ( 'NONE', ( #6076 ), #3753, .F. ) ;
#1196 = CARTESIAN_POINT ( 'NONE',  ( 1.306982324228999959, 0.1075304200170000002, -0.04127706091346000639 ) ) ;
#1197 = VERTEX_POINT ( 'NONE', #9169 ) ;
#1198 = ORIENTED_EDGE ( 'NONE', *, *, #2922, .T. ) ;
#1199 = DIRECTION ( 'NONE',  ( 1.000000000000000000, 0.000000000000000000, 0.000000000000000000 ) ) ;
#1200 = LINE ( 'NONE', #3588, #4324 ) ;
#1201 = CARTESIAN_POINT ( 'NONE',  ( 1.102945615509000055, -0.1149872020056000171, 0.03661885945621999594 ) ) ;
#1202 = CARTESIAN_POINT ( 'NONE',  ( 1.199743397555999902, 0.05495946621102000551, -0.1012227447793999924 ) ) ;
#1203 = LINE ( 'NONE', #1973, #9776 ) ;
#1204 = CARTESIAN_POINT ( 'NONE',  ( 0.5986837114371004187, 0.1300395952696000168, -0.09326265578111005150 ) ) ;
#1205 = CARTESIAN_POINT ( 'NONE',  ( 0.5866141732283000065, 0.000000000000000000, 0.000000000000000000 ) ) ;
#1206 = CARTESIAN_POINT ( 'NONE',  ( 0.5810294838684999519, -0.1400374037106000003, 0.06266637228198995713 ) ) ;
#1207 = CARTESIAN_POINT ( 'NONE',  ( 0.5787401574803000548, 0.000000000000000000, 0.000000000000000000 ) ) ;
#1208 = EDGE_CURVE ( 'NONE', #5334, #3873, #4376, .T. ) ;
#1209 = AXIS2_PLACEMENT_3D ( 'NONE', #4354, #4505, #8379 ) ;
#1210 = ORIENTED_EDGE ( 'NONE', *, *, #4408, .T. ) ;
#1211 = ORIENTED_EDGE ( 'NONE', *, *, #884, .T. ) ;
#1212 = CARTESIAN_POINT ( 'NONE',  ( 1.118169988271000115, 0.07011754991142991889, 0.09137897012602992641 ) ) ;
#1213 = CIRCLE ( 'NONE', #3181, 0.08267716535433068670 ) ;
#1214 = DIRECTION ( 'NONE',  ( 0.000000000000000000, 1.000000000000000000, 0.000000000000000000 ) ) ;
#1215 = CARTESIAN_POINT ( 'NONE',  ( 1.329950297306000007, 0.1047521445240000154, -0.005874894136676999876 ) ) ;
#1216 = DIRECTION ( 'NONE',  ( 1.000000000000000000, 0.000000000000000000, 0.000000000000000000 ) ) ;
#1217 = CARTESIAN_POINT ( 'NONE',  ( 0.5265748031496000348, 0.000000000000000000, 0.000000000000000000 ) ) ;
#1218 = LINE ( 'NONE', #8099, #8261 ) ;
#1219 = CARTESIAN_POINT ( 'NONE',  ( 0.6102362204723996708, -0.2716535433071000094, -0.3543307086614000401 ) ) ;
#1220 = CARTESIAN_POINT ( 'NONE',  ( 0.5511811023621999706, 0.5314960629921000601, -0.5314960629921000601 ) ) ;
#1221 = AXIS2_PLACEMENT_3D ( 'NONE', #1273, #3561, #3748 ) ;
#1222 = VERTEX_POINT ( 'NONE', #620 ) ;
#1223 = ORIENTED_EDGE ( 'NONE', *, *, #1867, .T. ) ;
#1224 = CONICAL_SURFACE ( 'NONE', #3166, 0.1909448794743000277, 0.7853986016524421299 ) ;
#1225 = ORIENTED_EDGE ( 'NONE', *, *, #5575, .T. ) ;
#1226 = DIRECTION ( 'NONE',  ( 0.000000000000000000, 1.000000000000000000, 0.000000000000000000 ) ) ;
#1227 = CIRCLE ( 'NONE', #3818, 0.2020722792146999736 ) ;
#1228 = PLANE ( 'NONE',  #6922 ) ;
#1229 = CIRCLE ( 'NONE', #6882, 0.08267716535433068670 ) ;
#1230 = FACE_OUTER_BOUND ( 'NONE', #3752, .T. ) ;
#1231 = CARTESIAN_POINT ( 'NONE',  ( 1.282123960389999873, -0.09641372841431003482, -0.03993587390816000920 ) ) ;
#1232 = CARTESIAN_POINT ( 'NONE',  ( 0.9999994263157997443, -0.1600068111433882445, -0.1160145362301287092 ) ) ;
#1233 = CARTESIAN_POINT ( 'NONE',  ( 1.126874282454499943, -0.03091510445189072157, 0.1150361429136074198 ) ) ;
#1234 = EDGE_CURVE ( 'NONE', #4027, #4372, #3150, .T. ) ;
#1235 = VERTEX_POINT ( 'NONE', #8400 ) ;
#1236 = CONICAL_SURFACE ( 'NONE', #8185, 0.1397637795276000239, 0.2516899717581221885 ) ;
#1237 = EDGE_LOOP ( 'NONE', ( #6160, #4108, #7214, #9566 ) ) ;
#1238 = CARTESIAN_POINT ( 'NONE',  ( 1.047972163263577228, 0.1160451397948475127, 0.007793427028434656012 ) ) ;
#1239 = EDGE_CURVE ( 'NONE', #1551, #2949, #6950, .T. ) ;
#1240 = CARTESIAN_POINT ( 'NONE',  ( 1.074118711047000074, -0.01901763795452000166, 0.1026099921951000027 ) ) ;
#1241 = CARTESIAN_POINT ( 'NONE',  ( 1.185382593915333072, 0.02061412502356081353, -0.1181102362204999728 ) ) ;
#1242 = CARTESIAN_POINT ( 'NONE',  ( 0.7244094488188976833, -0.1409286094185999982, -0.06318091013743996898 ) ) ;
#1243 = DIRECTION ( 'NONE',  ( 0.000000000000000000, 0.000000000000000000, 1.000000000000000000 ) ) ;
#1244 = CARTESIAN_POINT ( 'NONE',  ( 0.7294508865112008245, 0.01465515893891999877, 0.2020564412947000177 ) ) ;
#1245 = EDGE_CURVE ( 'NONE', #2846, #2208, #4480, .T. ) ;
#1246 = CARTESIAN_POINT ( 'NONE',  ( 1.187922305471749373, -0.09444883965335028331, -0.07258425826477082898 ) ) ;
#1247 = CARTESIAN_POINT ( 'NONE',  ( 1.160485228140000213, -0.04940162107969999633, -0.09142238607305000486 ) ) ;
#1248 = CARTESIAN_POINT ( 'NONE',  ( 1.304849778297000329, 0.08758406939919999301, -0.07480386202907007842 ) ) ;
#1249 = VERTEX_POINT ( 'NONE', #718 ) ;
#1250 = EDGE_LOOP ( 'NONE', ( #6756, #3843 ) ) ;
#1251 = CARTESIAN_POINT ( 'NONE',  ( 0.8543307086613995960, 0.000000000000000000, -0.1535433070865999949 ) ) ;
#1252 = EDGE_CURVE ( 'NONE', #7762, #1326, #5482, .T. ) ;
#1253 = EDGE_CURVE ( 'NONE', #7607, #6704, #52, .T. ) ;
#1254 = EDGE_CURVE ( 'NONE', #6367, #9921, #264, .T. ) ;
#1255 = FACE_OUTER_BOUND ( 'NONE', #4177, .T. ) ;
#1256 = CARTESIAN_POINT ( 'NONE',  ( 1.168635635790489014, 0.07750628878193226157, -0.06975982878864978032 ) ) ;
#1257 = CARTESIAN_POINT ( 'NONE',  ( 1.214671219078000242, 0.02981095129919000483, 0.1112559848705000076 ) ) ;
#1258 = DIRECTION ( 'NONE',  ( 0.000000000000000000, 1.000000000000000000, 0.000000000000000000 ) ) ;
#1259 = CARTESIAN_POINT ( 'NONE',  ( 0.4921259842520000483, 0.5314960629921000601, -0.3740157480314960647 ) ) ;
#1260 = CARTESIAN_POINT ( 'NONE',  ( 1.248116307804999936, 0.08897936835737992045, -0.05452662705760000228 ) ) ;
#1261 = CARTESIAN_POINT ( 'NONE',  ( 1.119492392690749849, 0.09444883965335013065, 0.07258425826477107878 ) ) ;
#1262 = CARTESIAN_POINT ( 'NONE',  ( 0.7077439965388996335, 0.01574803149606000124, 0.1948346164006000136 ) ) ;
#1263 = EDGE_LOOP ( 'NONE', ( #4428, #5049, #476, #1592 ) ) ;
#1264 = EDGE_LOOP ( 'NONE', ( #8368, #6594, #9874, #3333 ) ) ;
#1265 = B_SPLINE_CURVE_WITH_KNOTS ( 'NONE', 3,
 ( #9531, #8618, #4785, #6337, #5687, #7860, #8769, #4072, #128, #4165, #7236, #7098, #316, #8049, #3409, #932, #4023, #6478 ),
 .UNSPECIFIED., .F., .F.,
 ( 4, 2, 2, 2, 2, 2, 2, 2, 4 ),
 ( 0.000000000000000000, 0.1250000000000000278, 0.2500000000000000555, 0.3750000000000000000, 0.5000000000000000000, 0.6250000000000000000, 0.7500000000000000000, 0.8750000000000001110, 1.000000000000000000 ),
 .UNSPECIFIED. ) ;
#1266 = CARTESIAN_POINT ( 'NONE',  ( 1.101109620816999923, -0.02688839366582999879, -0.1119982199543999996 ) ) ;
#1267 = AXIS2_PLACEMENT_3D ( 'NONE', #9880, #1959, #8888 ) ;
#1268 = EDGE_CURVE ( 'NONE', #6420, #8946, #972, .T. ) ;
#1269 = CARTESIAN_POINT ( 'NONE',  ( 1.384764162968999957, -0.01736205072612000133, 0.1034699282802000048 ) ) ;
#1270 = CARTESIAN_POINT ( 'NONE',  ( 1.183468770643250290, -0.01546059376766966385, -0.1181102362205000700 ) ) ;
#1271 = FACE_OUTER_BOUND ( 'NONE', #9368, .T. ) ;
#1272 = DIRECTION ( 'NONE',  ( 0.000000000000000000, -1.000000000000000000, 0.000000000000000000 ) ) ;
#1273 = CARTESIAN_POINT ( 'NONE',  ( 0.6498031496062991463, 0.3740157480314960647, -0.3740157480314960647 ) ) ;
#1274 = DIRECTION ( 'NONE',  ( 0.000000000000000000, -0.8532547285461360431, 0.5214943606729220971 ) ) ;
#1275 = VERTEX_POINT ( 'NONE', #6422 ) ;
#1276 = VERTEX_POINT ( 'NONE', #167 ) ;
#1277 = AXIS2_PLACEMENT_3D ( 'NONE', #3227, #5396, #6253 ) ;
#1278 = ORIENTED_EDGE ( 'NONE', *, *, #9972, .T. ) ;
#1279 = FACE_OUTER_BOUND ( 'NONE', #7061, .T. ) ;
#1280 = CARTESIAN_POINT ( 'NONE',  ( 1.386354514378999925, 0.08645663715185000764, -0.08400201816395000409 ) ) ;
#1281 = CIRCLE ( 'NONE', #9530, 0.2133049650657999896 ) ;
#1282 = CARTESIAN_POINT ( 'NONE',  ( 1.227760109225749963, 0.07258425826477089837, -0.09444883965335025555 ) ) ;
#1283 = CARTESIAN_POINT ( 'NONE',  ( 1.277858868527000036, -0.1000599994510000118, 0.02963912214327999936 ) ) ;
#1284 = CARTESIAN_POINT ( 'NONE',  ( 1.305937498195115953, -0.07157235782385111544, 0.07536229505494428105 ) ) ;
#1285 = CARTESIAN_POINT ( 'NONE',  ( 1.390580833688000117, 0.000000000000000000, 0.000000000000000000 ) ) ;
#1286 = ORIENTED_EDGE ( 'NONE', *, *, #3107, .F. ) ;
#1287 = DIRECTION ( 'NONE',  ( 1.000000000000000000, 0.000000000000000000, 0.000000000000000000 ) ) ;
#1288 = AXIS2_PLACEMENT_3D ( 'NONE', #2809, #3617, #8979 ) ;
#1289 = CARTESIAN_POINT ( 'NONE',  ( 1.174404911000999974, 0.09533529686965000471, -0.04244601067203000039 ) ) ;
#1290 = CARTESIAN_POINT ( 'NONE',  ( 0.07086614173227992475, 0.000000000000000000, 0.2755905511811023723 ) ) ;
#1291 =( CONVERSION_BASED_UNIT ( 'INCH', #5009 ) LENGTH_UNIT ( ) NAMED_UNIT ( #9254 ) );
#1292 = AXIS2_PLACEMENT_3D ( 'NONE', #6986, #8508, #2237 ) ;
#1293 = CARTESIAN_POINT ( 'NONE',  ( 0.8346456692912992414, 0.000000000000000000, 0.000000000000000000 ) ) ;
#1294 = CARTESIAN_POINT ( 'NONE',  ( 0.6104330708661004357, -0.5314960629921000601, 0.3740157480314960647 ) ) ;
#1295 = CARTESIAN_POINT ( 'NONE',  ( 0.9763779527559055538, 0.09399477469537993735, -0.1751968503937007815 ) ) ;
#1296 = B_SPLINE_SURFACE_WITH_KNOTS ( 'NONE', 3, 3, ( 
 ( #9348, #1713, #1609, #2416 ),
 ( #7827, #3993, #7676, #3231 ),
 ( #4809, #6152, #6305, #9953 ),
 ( #6102, #9198, #8430, #746 ) ),
 .UNSPECIFIED., .F., .F., .F.,
 ( 4, 4 ),
 ( 4, 4 ),
 ( -0.03448593916367000134, 0.8060528336729999577 ),
 ( -0.004854368932039000196, 0.2475728155340000125 ),
 .UNSPECIFIED. ) ;
#1297 = CARTESIAN_POINT ( 'NONE',  ( 1.298452140501999974, -0.01801822666095000136, -0.1137626058722999989 ) ) ;
#1298 = EDGE_LOOP ( 'NONE', ( #6278, #5435 ) ) ;
#1299 = EDGE_CURVE ( 'NONE', #869, #1833, #3382, .T. ) ;
#1300 = ORIENTED_EDGE ( 'NONE', *, *, #8752, .T. ) ;
#1301 = CARTESIAN_POINT ( 'NONE',  ( 1.010530969248000233, -0.09080002820528997043, -0.1626975013004999804 ) ) ;
#1302 = CARTESIAN_POINT ( 'NONE',  ( 1.316102607252000123, -0.07447166490202007660, -0.07338777981186003774 ) ) ;
#1303 = AXIS2_PLACEMENT_3D ( 'NONE', #9402, #953, #6401 ) ;
#1304 = CARTESIAN_POINT ( 'NONE',  ( 1.036107120672000059, 0.002406879455188999564, -0.1184385272112000037 ) ) ;
#1305 = CARTESIAN_POINT ( 'NONE',  ( 1.285045234825999749, 0.1151412015239999947, -0.003015078484400999809 ) ) ;
#1306 = CARTESIAN_POINT ( 'NONE',  ( 0.7362204724408996093, 0.000000000000000000, 0.000000000000000000 ) ) ;
#1307 = CARTESIAN_POINT ( 'NONE',  ( 0.5837863042420000648, 0.1415729062393999982, 0.06355289508037008372 ) ) ;
#1308 = CARTESIAN_POINT ( 'NONE',  ( 1.211863026964999923, 0.1042144493542999928, -0.005461647859861999341 ) ) ;
#1309 = CARTESIAN_POINT ( 'NONE',  ( 0.5795727107672999923, -0.1225473662802000069, -0.08893701535723995411 ) ) ;
#1310 = CARTESIAN_POINT ( 'NONE',  ( 0.7095549599062008772, -0.1376032978314000177, 0.06126104059741004082 ) ) ;
#1311 = CARTESIAN_POINT ( 'NONE',  ( 0.5787401574803000548, 0.000000000000000000, 0.000000000000000000 ) ) ;
#1312 = EDGE_CURVE ( 'NONE', #5880, #6625, #3960, .T. ) ;
#1313 = EDGE_CURVE ( 'NONE', #7225, #7532, #9360, .T. ) ;
#1314 = ORIENTED_EDGE ( 'NONE', *, *, #4037, .T. ) ;
#1315 = ADVANCED_FACE ( 'NONE', ( #5628 ), #6330, .T. ) ;
#1316 = VECTOR ( 'NONE', #7541, 39.37007874015748143 ) ;
#1317 = ORIENTED_EDGE ( 'NONE', *, *, #5458, .F. ) ;
#1318 = CARTESIAN_POINT ( 'NONE',  ( 1.177881274360000008, -0.06018173532389999719, -0.09820766629986005247 ) ) ;
#1319 = CARTESIAN_POINT ( 'NONE',  ( 1.368506727753000085, 0.1031095099747999927, -0.01938956623244000171 ) ) ;
#1320 = CARTESIAN_POINT ( 'NONE',  ( 1.170345411063249630, -0.09444883965335040821, 0.07258425826477060694 ) ) ;
#1321 = CARTESIAN_POINT ( 'NONE',  ( 0.7519685039370078705, -0.1122047244094000057, 0.000000000000000000 ) ) ;
#1322 = AXIS2_PLACEMENT_3D ( 'NONE', #9767, #1171, #3454 ) ;
#1323 = LINE ( 'NONE', #4421, #6848 ) ;
#1324 = CARTESIAN_POINT ( 'NONE',  ( 0.6104330708661004357, -0.4370078740156999597, -0.3543307086614000401 ) ) ;
#1325 = CARTESIAN_POINT ( 'NONE',  ( 0.7077439965388996335, -0.1608577115915000022, 0.1110555035354999914 ) ) ;
#1326 = VERTEX_POINT ( 'NONE', #5576 ) ;
#1327 = ORIENTED_EDGE ( 'NONE', *, *, #8538, .T. ) ;
#1328 = EDGE_CURVE ( 'NONE', #3421, #967, #5838, .T. ) ;
#1329 = ORIENTED_EDGE ( 'NONE', *, *, #2736, .F. ) ;
#1330 = DIRECTION ( 'NONE',  ( 0.000000000000000000, 0.000000000000000000, 1.000000000000000000 ) ) ;
#1331 = LINE ( 'NONE', #9734, #2895 ) ;
#1332 = DIRECTION ( 'NONE',  ( 0.000000000000000000, -1.000000000000000000, 0.000000000000000000 ) ) ;
#1333 = CARTESIAN_POINT ( 'NONE',  ( 1.256533409209000141, 0.08897936835737992045, -0.05452662705760000228 ) ) ;
#1334 = DIRECTION ( 'NONE',  ( -1.000000000000000000, 0.000000000000000000, 0.000000000000000000 ) ) ;
#1335 = DIRECTION ( 'NONE',  ( 1.000000000000000000, 0.000000000000000000, 0.000000000000000000 ) ) ;
#1336 = EDGE_CURVE ( 'NONE', #1551, #6480, #3299, .T. ) ;
#1337 = ORIENTED_EDGE ( 'NONE', *, *, #8067, .F. ) ;
#1338 = DIRECTION ( 'NONE',  ( 1.000000000000000000, 0.000000000000000000, 0.000000000000000000 ) ) ;
#1339 = B_SPLINE_CURVE_WITH_KNOTS ( 'NONE', 3,
 ( #1172, #4266, #1890, #3407, #418, #6476, #3510, #5831, #6578, #5070, #9476, #5632, #8715, #7954, #1023, #4115, #2229, #4520 ),
 .UNSPECIFIED., .F., .F.,
 ( 4, 2, 2, 2, 2, 2, 2, 2, 4 ),
 ( 0.000000000000000000, 0.1250000000000000000, 0.2500000000000000000, 0.3750000000000000000, 0.5000000000000000000, 0.6250000000000000000, 0.7500000000000000000, 0.8750000000000000000, 1.000000000000000000 ),
 .UNSPECIFIED. ) ;
#1340 = CARTESIAN_POINT ( 'NONE',  ( 1.108239445955000013, 0.06352880112627991294, 0.08279234553396004614 ) ) ;
#1341 = FACE_OUTER_BOUND ( 'NONE', #4608, .T. ) ;
#1342 = CARTESIAN_POINT ( 'NONE',  ( 0.5984251968503937480, 0.09693842135412991667, 0.07415168411053996156 ) ) ;
#1343 = DIRECTION ( 'NONE',  ( -1.000000000000000000, 0.000000000000000000, 0.000000000000000000 ) ) ;
#1344 = DIRECTION ( 'NONE',  ( 0.000000000000000000, -1.000000000000000000, 0.000000000000000000 ) ) ;
#1345 = DIRECTION ( 'NONE',  ( 1.000000000000000000, 0.000000000000000000, 0.000000000000000000 ) ) ;
#1346 = CARTESIAN_POINT ( 'NONE',  ( 1.328307783545999987, -0.1123595659811000014, 0.01180946625722000161 ) ) ;
#1347 = VERTEX_POINT ( 'NONE', #4728 ) ;
#1348 = ORIENTED_EDGE ( 'NONE', *, *, #1313, .F. ) ;
#1349 = LINE ( 'NONE', #7517, #6123 ) ;
#1350 = AXIS2_PLACEMENT_3D ( 'NONE', #5841, #8160, #4327 ) ;
#1351 = CARTESIAN_POINT ( 'NONE',  ( 1.340675682279666603, -0.02061412502356035209, -0.1181102362205000422 ) ) ;
#1352 = CARTESIAN_POINT ( 'NONE',  ( 1.059082853272000024, -0.06261185180357992097, 0.1031637218540000095 ) ) ;
#1353 = CARTESIAN_POINT ( 'NONE',  ( 1.180550484170000081, -0.06273188960587008922, 0.09659863943552993160 ) ) ;
#1354 = DIRECTION ( 'NONE',  ( -1.000000000000000000, 0.000000000000000000, 0.000000000000000000 ) ) ;
#1355 = CARTESIAN_POINT ( 'NONE',  ( 1.249438053503999724, 0.05948255673673389504, 0.1032031167347791933 ) ) ;
#1356 = CARTESIAN_POINT ( 'NONE',  ( 1.175609746125000132, 0.09419155717462007749, 0.04492664279108000286 ) ) ;
#1357 = CARTESIAN_POINT ( 'NONE',  ( 0.7244094488188976833, -0.1655628205247000329, 0.1137719994447000116 ) ) ;
#1358 = CARTESIAN_POINT ( 'NONE',  ( 0.6104330708661004357, -0.3740157480314960647, -0.5314960629921000601 ) ) ;
#1359 = CARTESIAN_POINT ( 'NONE',  ( 1.057716407940000103, -0.04494897825198999886, -0.1150908837313999872 ) ) ;
#1360 = EDGE_CURVE ( 'NONE', #4142, #7283, #1110, .T. ) ;
#1361 = ORIENTED_EDGE ( 'NONE', *, *, #4730, .F. ) ;
#1362 = ORIENTED_EDGE ( 'NONE', *, *, #838, .F. ) ;
#1363 = AXIS2_PLACEMENT_3D ( 'NONE', #2090, #7488, #3511 ) ;
#1364 = CARTESIAN_POINT ( 'NONE',  ( 1.089412955600999933, -0.1095517057279000034, 0.002868712373963000148 ) ) ;
#1365 = CARTESIAN_POINT ( 'NONE',  ( 1.355846840135000120, -0.1012918731321000021, -0.02734012804704000210 ) ) ;
#1366 = CARTESIAN_POINT ( 'NONE',  ( 0.7244094488188976833, -0.003937007874016000379, 1.917212598425000136 ) ) ;
#1367 = EDGE_CURVE ( 'NONE', #3265, #3828, #4394, .T. ) ;
#1368 = CARTESIAN_POINT ( 'NONE',  ( 0.7256451611656005163, -0.1816410972355000097, -0.08673609574192008009 ) ) ;
#1369 = DIRECTION ( 'NONE',  ( 0.000000000000000000, -0.5000000000000169864, -0.8660254037844288266 ) ) ;
#1370 = DIRECTION ( 'NONE',  ( 0.000000000000000000, -1.000000000000000000, 0.000000000000000000 ) ) ;
#1371 = CARTESIAN_POINT ( 'NONE',  ( 0.6498031496062991463, 0.000000000000000000, 0.000000000000000000 ) ) ;
#1372 = CIRCLE ( 'NONE', #2663, 0.2750715554070999880 ) ;
#1373 = EDGE_LOOP ( 'NONE', ( #6731, #7998 ) ) ;
#1374 = B_SPLINE_CURVE_WITH_KNOTS ( 'NONE', 3,
 ( #5999, #1114, #7328, #8913, #9140, #8810 ),
 .UNSPECIFIED., .F., .F.,
 ( 4, 1, 1, 4 ),
 ( 0.000000000000000000, 0.3333333333333000081, 0.6666666666667000474, 1.000000000000000000 ),
 .UNSPECIFIED. ) ;
#1375 = EDGE_LOOP ( 'NONE', ( #1463, #5794, #606, #9579, #2937 ) ) ;
#1376 = ORIENTED_EDGE ( 'NONE', *, *, #1947, .T. ) ;
#1377 = AXIS2_PLACEMENT_3D ( 'NONE', #7412, #3625, #5045 ) ;
#1378 = CARTESIAN_POINT ( 'NONE',  ( 0.3937007874016000275, -1.460531933746000223E-13, -0.2755905511811023723 ) ) ;
#1379 = EDGE_CURVE ( 'NONE', #1405, #9995, #1374, .T. ) ;
#1380 = CARTESIAN_POINT ( 'NONE',  ( 1.304118718420667067, -0.1125935275257156504, -0.04120276216305419209 ) ) ;
#1381 = B_SPLINE_SURFACE_WITH_KNOTS ( 'NONE', 3, 3, ( 
 ( #3602, #6675, #9765, #2840, #218, #8043, #7997, #9473, #6472, #7329, #8862, #4066, #5728, #4112, #5679, #8812, #7142, #8764, #7901, #9424, #7951, #5629, #2640, #7282, #9524, #360, #4922, #3300, #3451, #7183, #1020, #9570, #2592, #266, #1836 ),
 ( #1066, #2495, #4158, #7230, #3353, #1738, #1786, #1887, #5578, #310, #2545, #1934, #4970, #6373, #973, #4878, #1115, #8712, #4210, #6423, #8663, #6520, #9619, #3403, #2693, #5776, #5018, #8096, #1168, #4263, #414, #3507, #4831, #9013, #7537 ),
 ( #5065, #6674, #1269, #9720, #9867, #2035, #2886, #5826, #8914, #4314, #4516, #659, #4365, #3601, #1365, #7437, #8287, #9060, #7587, #515, #5118, #2743, #7482, #3696, #7387, #5214, #2177, #9103, #9764, #8199, #2839, #1420, #2132, #5924, #5967 ),
 ( #2085, #5169, #4468, #466, #8245, #8147, #6574, #1319, #2793, #9818, #610, #4418, #6773, #559, #3556, #2942, #3647, #6723, #6015, #5266, #8340, #9671, #1982, #1215, #6627, #5871, #8961, #3744, #1468, #5516, #5411, #7837, #7022, #109, #9157 ) ),
 .UNSPECIFIED., .F., .F., .F.,
 ( 4, 4 ),
 ( 4, 1, 1, 1, 1, 1, 1, 1, 1, 1, 1, 1, 1, 1, 1, 1, 1, 1, 1, 1, 1, 1, 1, 1, 1, 1, 1, 1, 1, 1, 1, 1, 4 ),
 ( -0.03448593916367000134, 1.034485939164000001 ),
 ( 0.4237000000000000210, 0.4420625000000000249, 0.4604249999999999732, 0.4787874999999999770, 0.4971499999999999808, 0.5155125000000000401, 0.5338749999999999885, 0.5522375000000000478, 0.5705999999999999961, 0.5889625000000000554, 0.6073250000000000037, 0.6256874999999999520, 0.6440500000000000114, 0.6624124999999999597, 0.6807750000000000190, 0.6991374999999999673, 0.7175000000000000266, 0.7358624999999999750, 0.7542250000000000343, 0.7725874999999999826, 0.7909500000000000419, 0.8093124999999999902, 0.8276750000000000496, 0.8460374999999999979, 0.8643999999999999462, 0.8827625000000000055, 0.9011249999999999538, 0.9194875000000000131, 0.9378499999999999615, 0.9562125000000000208, 0.9745749999999999691, 0.9929375000000000284, 1.011300000000000088 ),
 .UNSPECIFIED. ) ;
#1382 = EDGE_CURVE ( 'NONE', #5560, #7353, #8218, .T. ) ;
#1383 = CARTESIAN_POINT ( 'NONE',  ( 1.235141998989499390, 0.1150361429136072949, 0.03091510445189110320 ) ) ;
#1384 = CARTESIAN_POINT ( 'NONE',  ( 1.290710685279000236, 0.07935404094582007573, -0.06777475368613995743 ) ) ;
#1385 = AXIS2_PLACEMENT_3D ( 'NONE', #7509, #6750, #3674 ) ;
#1386 = PLANE ( 'NONE',  #8016 ) ;
#1387 = CARTESIAN_POINT ( 'NONE',  ( 0.6104330708661004357, 0.2755905511811023723, 0.000000000000000000 ) ) ;
#1388 = ORIENTED_EDGE ( 'NONE', *, *, #637, .F. ) ;
#1389 = CARTESIAN_POINT ( 'NONE',  ( 1.191710485506999984, 0.1103307950784999936, -0.04912243690561000214 ) ) ;
#1390 = AXIS2_PLACEMENT_3D ( 'NONE', #3904, #1625, #6877 ) ;
#1391 = TOROIDAL_SURFACE ( 'NONE', #7859, 0.2592016018472000360, 0.03149606299213000143 ) ;
#1392 = CARTESIAN_POINT ( 'NONE',  ( 1.086913986637000118, -0.08279234553396004614, -0.06352880112627991294 ) ) ;
#1393 = CARTESIAN_POINT ( 'NONE',  ( 0.7362204724408996093, -0.003937007874016000379, 0.2132686289419000181 ) ) ;
#1394 = CARTESIAN_POINT ( 'NONE',  ( 0.4921259842520000483, -0.2716535433071000094, 0.3543307086614000401 ) ) ;
#1395 = DIRECTION ( 'NONE',  ( 1.000000000000000000, -4.627282139666000278E-10, 2.934107983050999740E-13 ) ) ;
#1396 = DIRECTION ( 'NONE',  ( 1.000000000000000000, 0.000000000000000000, 0.000000000000000000 ) ) ;
#1397 = CARTESIAN_POINT ( 'NONE',  ( 1.188320209974000008, 0.08864826967872008190, 0.05118110236220999726 ) ) ;
#1398 = AXIS2_PLACEMENT_3D ( 'NONE', #6970, #6206, #8536 ) ;
#1399 = CARTESIAN_POINT ( 'NONE',  ( 1.294187048638000048, -0.08559591969662008748, -0.07707091227022992708 ) ) ;
#1400 = ORIENTED_EDGE ( 'NONE', *, *, #8910, .F. ) ;
#1401 = ORIENTED_EDGE ( 'NONE', *, *, #7730, .F. ) ;
#1402 = DIRECTION ( 'NONE',  ( -1.000000000000000000, -6.939160115207000005E-13, 0.000000000000000000 ) ) ;
#1403 = EDGE_CURVE ( 'NONE', #1417, #4536, #4353, .T. ) ;
#1404 = CARTESIAN_POINT ( 'NONE',  ( 0.9763779527559055538, 0.000000000000000000, 0.000000000000000000 ) ) ;
#1405 = VERTEX_POINT ( 'NONE', #1167 ) ;
#1406 = CARTESIAN_POINT ( 'NONE',  ( 1.346673002403999897, -0.1093716721318000046, 0.01329353580684999869 ) ) ;
#1407 = CARTESIAN_POINT ( 'NONE',  ( 1.110151952807489018, -0.08353727978464924042, 0.06241139152578546040 ) ) ;
#1408 = CARTESIAN_POINT ( 'NONE',  ( 1.281878753338000054, 0.1207306973212999984, -0.003161444583538000272 ) ) ;
#1409 = CARTESIAN_POINT ( 'NONE',  ( 0.4921259842520000483, 0.4370078740156999597, 0.3543307086614000401 ) ) ;
#1410 = DIRECTION ( 'NONE',  ( 1.000000000000000000, 0.000000000000000000, 0.000000000000000000 ) ) ;
#1411 = CARTESIAN_POINT ( 'NONE',  ( 1.235321032214999892, -0.08897936835737992045, -0.05452662705760000228 ) ) ;
#1412 = DIRECTION ( 'NONE',  ( -1.000000000000000000, 0.000000000000000000, 0.000000000000000000 ) ) ;
#1413 = CARTESIAN_POINT ( 'NONE',  ( 0.7361458461413995513, -0.005567936690644000215, -0.1573654835187000001 ) ) ;
#1414 = CARTESIAN_POINT ( 'NONE',  ( 1.060882889428999887, -0.04694419551343999991, -0.1201995942469000073 ) ) ;
#1415 = EDGE_LOOP ( 'NONE', ( #4272, #1169, #7792, #5932 ) ) ;
#1416 = ADVANCED_FACE ( 'NONE', ( #2923 ), #7737, .F. ) ;
#1417 = VERTEX_POINT ( 'NONE', #8094 ) ;
#1418 = CARTESIAN_POINT ( 'NONE',  ( 1.149124241690000048, 0.1092514321174000019, 0.008598274180672008105 ) ) ;
#1419 = EDGE_CURVE ( 'NONE', #8471, #189, #359, .T. ) ;
#1420 = CARTESIAN_POINT ( 'NONE',  ( 1.314880632785000225, -0.1049127410514000130, -0.0009340167972486004399 ) ) ;
#1421 = CARTESIAN_POINT ( 'NONE',  ( 1.168704991115749658, -0.07258425826477071796, 0.09444883965335035270 ) ) ;
#1422 = CARTESIAN_POINT ( 'NONE',  ( 1.184750901216000019, -0.02427781510677999924, 0.1011243765126999955 ) ) ;
#1423 = CARTESIAN_POINT ( 'NONE',  ( 0.5841804246273000212, 0.000000000000000000, 0.000000000000000000 ) ) ;
#1424 = CARTESIAN_POINT ( 'NONE',  ( 1.319553805774000166, -0.08864826967872008190, 0.05118110236220000525 ) ) ;
#1425 = CARTESIAN_POINT ( 'NONE',  ( -0.03937007874015999859, -7.521921431491003368E-09, -0.2496578167135999893 ) ) ;
#1426 = B_SPLINE_CURVE_WITH_KNOTS ( 'NONE', 3,
 ( #5113, #7582, #5918, #654, #1262, #6669 ),
 .UNSPECIFIED., .F., .F.,
 ( 4, 1, 1, 4 ),
 ( 0.000000000000000000, 0.3333333333333000081, 0.6666666666667000474, 1.000000000000000000 ),
 .UNSPECIFIED. ) ;
#1427 = EDGE_LOOP ( 'NONE', ( #4978, #6075, #7074, #9318 ) ) ;
#1428 = VERTEX_POINT ( 'NONE', #413 ) ;
#1429 = ORIENTED_EDGE ( 'NONE', *, *, #4545, .T. ) ;
#1430 = CIRCLE ( 'NONE', #4984, 0.1574803149605999708 ) ;
#1431 = PRODUCT_RELATED_PRODUCT_CATEGORY ( 'part', '', ( #1949 ) ) ;
#1432 = CARTESIAN_POINT ( 'NONE',  ( 0.5393700787402000429, 0.000000000000000000, -0.1122047244094000057 ) ) ;
#1433 = CARTESIAN_POINT ( 'NONE',  ( 1.353939816216000125, 0.1136832831650000097, 0.04008996748110000424 ) ) ;
#1434 = CARTESIAN_POINT ( 'NONE',  ( 0.7268675659661004707, -0.1663910474753000357, -0.1139770608738999991 ) ) ;
#1435 = CARTESIAN_POINT ( 'NONE',  ( 0.8188976377952992269, 0.1122047244094000057, 0.000000000000000000 ) ) ;
#1436 = CARTESIAN_POINT ( 'NONE',  ( 1.288578139347000162, 0.05217873381839999852, -0.09037621804783996238 ) ) ;
#1437 = CARTESIAN_POINT ( 'NONE',  ( 1.195209160502391788, -0.09742742981098286015, -0.03739888632737059515 ) ) ;
#1438 = CARTESIAN_POINT ( 'NONE',  ( 0.4921259842520000483, 0.5314960629921000601, 0.3740157480314960647 ) ) ;
#1439 = VERTEX_POINT ( 'NONE', #3450 ) ;
#1440 = ADVANCED_FACE ( 'NONE', ( #2639 ), #3869, .F. ) ;
#1441 = EDGE_CURVE ( 'NONE', #1694, #883, #3505, .T. ) ;
#1442 = CARTESIAN_POINT ( 'NONE',  ( 1.172328906229999967, 0.1040357447341000025, -0.008187775355042007513 ) ) ;
#1443 = CARTESIAN_POINT ( 'NONE',  ( 1.366141732283000065, 0.08034203920182007852, 0.08657473440298996126 ) ) ;
#1444 = LINE ( 'NONE', #3169, #2603 ) ;
#1445 = FACE_OUTER_BOUND ( 'NONE', #2426, .T. ) ;
#1446 = CIRCLE ( 'NONE', #2415, 0.007874015748031039721 ) ;
#1447 = CARTESIAN_POINT ( 'NONE',  ( 1.278225291558999999, -0.02836378742741000117, 0.1058550957742000059 ) ) ;
#1448 = ORIENTED_EDGE ( 'NONE', *, *, #4843, .F. ) ;
#1449 = EDGE_CURVE ( 'NONE', #9813, #4160, #283, .T. ) ;
#1450 = ORIENTED_EDGE ( 'NONE', *, *, #6631, .F. ) ;
#1451 = CONICAL_SURFACE ( 'NONE', #4208, 0.09842519684257008961, 0.7853981633972997312 ) ;
#1452 = DIRECTION ( 'NONE',  ( 0.000000000000000000, 1.000000000000000000, 0.000000000000000000 ) ) ;
#1453 = DIRECTION ( 'NONE',  ( -1.000000000000000000, 0.000000000000000000, 0.000000000000000000 ) ) ;
#1454 = CARTESIAN_POINT ( 'NONE',  ( 1.310526348860999946, -0.1017567104406000011, -0.04224264666544000346 ) ) ;
#1455 = CARTESIAN_POINT ( 'NONE',  ( 1.112240655771427056, -0.09936008898627744779, 0.03164224427315396465 ) ) ;
#1456 = CARTESIAN_POINT ( 'NONE',  ( 1.271216023679000218, -0.01889291618010000007, -0.1192851781487999918 ) ) ;
#1457 = CARTESIAN_POINT ( 'NONE',  ( 0.5787401574803000548, 0.000000000000000000, 0.000000000000000000 ) ) ;
#1458 = DIRECTION ( 'NONE',  ( -3.674767738368756342E-13, 1.580723225925003280E-11, 1.000000000000000000 ) ) ;
#1459 = CARTESIAN_POINT ( 'NONE',  ( 1.011811083030000002, -0.09046570508707006686, 0.1614166136835000209 ) ) ;
#1460 = LINE ( 'NONE', #9201, #2020 ) ;
#1461 = DIRECTION ( 'NONE',  ( 0.000000000000000000, 0.5000000000000169864, -0.8660254037844288266 ) ) ;
#1462 = CARTESIAN_POINT ( 'NONE',  ( 1.056928702750000060, 0.0007424333118329999853, -0.1016917894640999992 ) ) ;
#1463 = ORIENTED_EDGE ( 'NONE', *, *, #8067, .T. ) ;
#1464 = ORIENTED_EDGE ( 'NONE', *, *, #2185, .T. ) ;
#1465 = EDGE_CURVE ( 'NONE', #7456, #6405, #4842, .T. ) ;
#1466 = CARTESIAN_POINT ( 'NONE',  ( 1.091545501533000007, -0.1042255791066999948, -0.03386494350304000006 ) ) ;
#1467 = AXIS2_PLACEMENT_3D ( 'NONE', #3675, #9699, #540 ) ;
#1468 = CARTESIAN_POINT ( 'NONE',  ( 1.317901412792000349, -0.04164225703496000214, -0.09629874261107007616 ) ) ;
#1469 = CARTESIAN_POINT ( 'NONE',  ( 1.147886156271999969, -0.1147636366672000058, -0.008664142468288997534 ) ) ;
#1470 = CARTESIAN_POINT ( 'NONE',  ( 1.280715468145000147, -0.01626884762265000048, -0.1027174613195000058 ) ) ;
#1471 = CARTESIAN_POINT ( 'NONE',  ( 0.8543307086613995960, 0.000000000000000000, 0.1535433070865999949 ) ) ;
#1472 = DIRECTION ( 'NONE',  ( 1.000000000000000000, 0.000000000000000000, 0.000000000000000000 ) ) ;
#1473 = CARTESIAN_POINT ( 'NONE',  ( 0.7308438118074999101, 0.1687570688109999995, 0.1134668762856999996 ) ) ;
#1474 = ORIENTED_EDGE ( 'NONE', *, *, #3853, .T. ) ;
#1475 = ORIENTED_EDGE ( 'NONE', *, *, #2064, .F. ) ;
#1476 = EDGE_LOOP ( 'NONE', ( #4310, #1210, #4623, #305 ) ) ;
#1477 = AXIS2_PLACEMENT_3D ( 'NONE', #4880, #4781, #7042 ) ;
#1478 = CARTESIAN_POINT ( 'NONE',  ( 0.000000000000000000, 0.000000000000000000, 0.000000000000000000 ) ) ;
#1479 = CARTESIAN_POINT ( 'NONE',  ( 1.187624426867999849, 0.09386696909021005619, 0.04477182368245000155 ) ) ;
#1480 = CARTESIAN_POINT ( 'NONE',  ( 1.381162114255000128, 0.05272823041474999917, -0.1021590789016000034 ) ) ;
#1481 = CARTESIAN_POINT ( 'NONE',  ( 0.7244094488188976833, 0.01574803149606000124, -0.2002676082188999951 ) ) ;
#1482 = CARTESIAN_POINT ( 'NONE',  ( 1.252366408438249312, -0.1181102362205000422, 0.01546059376766979916 ) ) ;
#1483 = CARTESIAN_POINT ( 'NONE',  ( 1.207484852779000084, -0.05217873381839999852, -0.09037621804783996238 ) ) ;
#1484 = CARTESIAN_POINT ( 'NONE',  ( 1.291173727431391915, 0.1043231424936348489, -0.002731797637981600493 ) ) ;
#1485 = CARTESIAN_POINT ( 'NONE',  ( 1.349684597124767071, 0.1145448113657670242, -0.03639077105465562956 ) ) ;
#1486 = ORIENTED_EDGE ( 'NONE', *, *, #8980, .T. ) ;
#1487 = ORIENTED_EDGE ( 'NONE', *, *, #8282, .T. ) ;
#1488 = EDGE_CURVE ( 'NONE', #5511, #1694, #3053, .T. ) ;
#1489 = CARTESIAN_POINT ( 'NONE',  ( 1.104030895253000022, 0.06352880112627991294, 0.08279234553396004614 ) ) ;
#1490 = ADVANCED_FACE ( 'NONE', ( #3777, #2742 ), #5825, .T. ) ;
#1491 = CARTESIAN_POINT ( 'NONE',  ( 0.5788054723971000071, 0.01574803149606000124, 0.1482276299409999998 ) ) ;
#1492 = EDGE_CURVE ( 'NONE', #9893, #4048, #7576, .T. ) ;
#1493 = CARTESIAN_POINT ( 'NONE',  ( 0.4921259842520000483, 0.3543307086614000401, -0.3543307086614000401 ) ) ;
#1494 = ADVANCED_FACE ( 'NONE', ( #2465, #2311 ), #3071, .F. ) ;
#1495 = DIRECTION ( 'NONE',  ( 0.000000000000000000, -1.000000000000000000, 0.000000000000000000 ) ) ;
#1496 = LINE ( 'NONE', #3676, #3318 ) ;
#1497 = CARTESIAN_POINT ( 'NONE',  ( 1.263297470037000103, 0.09344020400132992121, -0.05726023065597000972 ) ) ;
#1498 = ORIENTED_EDGE ( 'NONE', *, *, #2469, .F. ) ;
#1499 = ADVANCED_FACE ( 'NONE', ( #6148 ), #9031, .T. ) ;
#1500 = ORIENTED_EDGE ( 'NONE', *, *, #1697, .T. ) ;
#1501 = DIRECTION ( 'NONE',  ( 0.000000000000000000, 0.9996621625387626109, 0.02599155224922904475 ) ) ;
#1502 = CARTESIAN_POINT ( 'NONE',  ( 1.135906001906000107, -0.005461647859861000140, -0.1042144493542999928 ) ) ;
#1503 = CARTESIAN_POINT ( 'NONE',  ( 1.365951217627000114, 0.1082787372441999935, -0.02036163054090000396 ) ) ;
#1504 = CARTESIAN_POINT ( 'NONE',  ( 1.093442329098426979, 0.1028297186652946948, -0.01731207281672810655 ) ) ;
#1505 = CARTESIAN_POINT ( 'NONE',  ( 1.189080667897000065, -0.1075304200170000002, -0.04127706091347000533 ) ) ;
#1506 = EDGE_CURVE ( 'NONE', #2046, #6622, #8708, .T. ) ;
#1507 = CARTESIAN_POINT ( 'NONE',  ( 1.094886093478249833, -0.1181102362205000422, 0.01546059376766979916 ) ) ;
#1508 = CARTESIAN_POINT ( 'NONE',  ( 1.115743827781749964, 0.01546059376767015998, -0.1181102362205000006 ) ) ;
#1509 = CARTESIAN_POINT ( 'NONE',  ( 1.330119746287239169, -0.04164225703496000214, -0.09629874261107007616 ) ) ;
#1510 = CARTESIAN_POINT ( 'NONE',  ( 1.278965612558999876, 0.1032031167347791240, -0.05948255673673400606 ) ) ;
#1511 = CARTESIAN_POINT ( 'NONE',  ( 0.7077439965388996335, -0.1766057430874999890, -0.08377911286510000832 ) ) ;
#1512 = CARTESIAN_POINT ( 'NONE',  ( 0.5787401574803000548, 0.000000000000000000, 0.000000000000000000 ) ) ;
#1513 = ORIENTED_EDGE ( 'NONE', *, *, #3099, .F. ) ;
#1514 = ORIENTED_EDGE ( 'NONE', *, *, #2424, .T. ) ;
#1515 = ORIENTED_EDGE ( 'NONE', *, *, #2205, .T. ) ;
#1516 = CARTESIAN_POINT ( 'NONE',  ( 1.125666236441000168, -0.09490708247512007201, 0.05479462961500999874 ) ) ;
#1517 = AXIS2_PLACEMENT_3D ( 'NONE', #623, #8354, #2953 ) ;
#1518 = FACE_BOUND ( 'NONE', #3844, .T. ) ;
#1519 = B_SPLINE_CURVE_WITH_KNOTS ( 'NONE', 3,
 ( #7172, #8085, #5055, #455, #8753, #1101, #8033, #1009, #7320, #3496, #1826, #8701, #3442, #4911, #300, #3342, #9514, #1775 ),
 .UNSPECIFIED., .F., .F.,
 ( 4, 2, 2, 2, 2, 2, 2, 2, 4 ),
 ( 0.000000000000000000, 0.1250000000000000555, 0.2500000000000000000, 0.3750000000000000000, 0.5000000000000000000, 0.6250000000000000000, 0.7500000000000001110, 0.8750000000000001110, 1.000000000000000000 ),
 .UNSPECIFIED. ) ;
#1520 = CARTESIAN_POINT ( 'NONE',  ( 1.128076905160000143, 0.09861047535896004523, -0.04761224210173999744 ) ) ;
#1521 = CARTESIAN_POINT ( 'NONE',  ( 1.252992371031999896, 0.1031081313941999977, 0.01357444301962000034 ) ) ;
#1522 = CARTESIAN_POINT ( 'NONE',  ( 1.124977277756999960, 0.01253815294843999874, -0.1031570044229999927 ) ) ;
#1523 = CARTESIAN_POINT ( 'NONE',  ( 0.6102362204723996708, -0.5314960629921000601, 0.3740157480314960647 ) ) ;
#1524 = DIRECTION ( 'NONE',  ( 1.000000000000000000, 0.000000000000000000, 0.000000000000000000 ) ) ;
#1525 = CARTESIAN_POINT ( 'NONE',  ( 1.562992125983999836, 0.000000000000000000, 0.000000000000000000 ) ) ;
#1526 = AXIS2_PLACEMENT_3D ( 'NONE', #9769, #8292, #2138 ) ;
#1527 = ORIENTED_EDGE ( 'NONE', *, *, #8936, .F. ) ;
#1528 = VERTEX_POINT ( 'NONE', #6906 ) ;
#1529 = VERTEX_POINT ( 'NONE', #3020 ) ;
#1530 = CARTESIAN_POINT ( 'NONE',  ( 0.7244094488188976833, 0.1251805779226000115, -0.09045730080782006521 ) ) ;
#1531 = AXIS2_PLACEMENT_3D ( 'NONE', #3892, #9248, #4508 ) ;
#1532 = CARTESIAN_POINT ( 'NONE',  ( 0.7077880313856003136, -0.01574803149606000124, 0.1948489719043000334 ) ) ;
#1533 = CARTESIAN_POINT ( 'NONE',  ( 1.373943795495999876, -0.01852398936177000049, -0.1078032689981000131 ) ) ;
#1534 = CARTESIAN_POINT ( 'NONE',  ( 0.7280600717204999128, 0.000000000000000000, 0.000000000000000000 ) ) ;
#1535 = CARTESIAN_POINT ( 'NONE',  ( 0.5841804246273000212, -0.1552732046856619696, -0.003443978038515461537 ) ) ;
#1536 = CARTESIAN_POINT ( 'NONE',  ( 1.286445593415000088, 0.01901763795381000016, -0.1026099921947999927 ) ) ;
#1537 = CARTESIAN_POINT ( 'NONE',  ( 1.295438819295329669, 0.08279348481157769446, 0.06352967518692567706 ) ) ;
#1538 = CARTESIAN_POINT ( 'NONE',  ( 1.351710515759766862, 0.1201717030326414221, 0.001887807965478968501 ) ) ;
#1539 = ORIENTED_EDGE ( 'NONE', *, *, #7547, .F. ) ;
#1540 = ORIENTED_EDGE ( 'NONE', *, *, #6673, .T. ) ;
#1541 = AXIS2_PLACEMENT_3D ( 'NONE', #147, #4090, #8641 ) ;
#1542 = AXIS2_PLACEMENT_3D ( 'NONE', #1611, #8590, #3995 ) ;
#1543 = CARTESIAN_POINT ( 'NONE',  ( 1.118958716775000140, -0.1030726540388999940, -0.01632510462271000162 ) ) ;
#1544 = CARTESIAN_POINT ( 'NONE',  ( 0.5787401574803000548, 0.1351639017700000112, -0.05985265462468995767 ) ) ;
#1545 = CARTESIAN_POINT ( 'NONE',  ( 1.232213644055207613, -0.01546059376766966906, -0.1181102362205000145 ) ) ;
#1546 = DIRECTION ( 'NONE',  ( 1.000000000000000000, 0.000000000000000000, 0.000000000000000000 ) ) ;
#1547 = CARTESIAN_POINT ( 'NONE',  ( 1.254767286309999896, -0.03658164642932999755, -0.1033033827283000028 ) ) ;
#1548 = ORIENTED_EDGE ( 'NONE', *, *, #1488, .F. ) ;
#1549 = TOROIDAL_SURFACE ( 'NONE', #1390, 0.2795275590551000167, 0.003937007874016000379 ) ;
#1550 = AXIS2_PLACEMENT_3D ( 'NONE', #4441, #6653, #5851 ) ;
#1551 = VERTEX_POINT ( 'NONE', #7063 ) ;
#1552 = CIRCLE ( 'NONE', #9791, 0.07874015748031004680 ) ;
#1553 = EDGE_CURVE ( 'NONE', #8155, #8470, #9521, .T. ) ;
#1554 = FACE_OUTER_BOUND ( 'NONE', #7595, .T. ) ;
#1555 = DIRECTION ( 'NONE',  ( 0.000000000000000000, 1.000000000000000000, 0.000000000000000000 ) ) ;
#1556 = CARTESIAN_POINT ( 'NONE',  ( 1.349082779307000157, -0.1063699761402000094, -0.02871078081694000000 ) ) ;
#1557 = CARTESIAN_POINT ( 'NONE',  ( 1.149837309117488937, -0.08657052683933198767, 0.05813091078557867247 ) ) ;
#1558 = CARTESIAN_POINT ( 'NONE',  ( 1.178417938239000096, -0.02688839342361000126, 0.1119982176498000026 ) ) ;
#1559 = CIRCLE ( 'NONE', #9634, 0.2755905511811023723 ) ;
#1560 = LINE ( 'NONE', #97, #9463 ) ;
#1561 = DIRECTION ( 'NONE',  ( 1.000000000000000000, 0.000000000000000000, 0.000000000000000000 ) ) ;
#1562 = LINE ( 'NONE', #904, #4937 ) ;
#1563 = CARTESIAN_POINT ( 'NONE',  ( 0.8621295490827992625, -0.09248151525492992464, 0.1692161597157000041 ) ) ;
#1564 = CARTESIAN_POINT ( 'NONE',  ( -0.03184567412302000827, -3.848801189043999979E-09, -0.2417915662690000023 ) ) ;
#1565 = PLANE ( 'NONE',  #180 ) ;
#1566 = ORIENTED_EDGE ( 'NONE', *, *, #7872, .F. ) ;
#1567 = EDGE_CURVE ( 'NONE', #3740, #6480, #6436, .T. ) ;
#1568 = EDGE_LOOP ( 'NONE', ( #9729, #7769, #3222, #7490, #7443 ) ) ;
#1569 = EDGE_CURVE ( 'NONE', #2232, #7584, #9816, .T. ) ;
#1570 = CARTESIAN_POINT ( 'NONE',  ( 1.170449701007999943, -0.1033033827288999951, -0.03658164642884999956 ) ) ;
#1571 = ADVANCED_FACE ( 'NONE', ( #4750 ), #7344, .F. ) ;
#1572 = DIRECTION ( 'NONE',  ( -1.000000000000000000, 0.000000000000000000, 0.000000000000000000 ) ) ;
#1573 = CARTESIAN_POINT ( 'NONE',  ( 1.088391548850000001, 0.09609102542468997421, -0.05251158235385999795 ) ) ;
#1574 = CARTESIAN_POINT ( 'NONE',  ( 1.203943814600999973, 0.01626884762265000048, -0.1027174613195000058 ) ) ;
#1575 = CARTESIAN_POINT ( 'NONE',  ( 1.083203218483999919, -0.02698659270399000540, -0.1003508677346999917 ) ) ;
#1576 = CARTESIAN_POINT ( 'NONE',  ( 1.000000080887000209, 0.09349880026292992086, -0.1732278469391000109 ) ) ;
#1577 = DIRECTION ( 'NONE',  ( 0.000000000000000000, 0.9233019039983419995, -0.3840749849613175337 ) ) ;
#1578 = CARTESIAN_POINT ( 'NONE',  ( 0.7360889429602007761, 0.1797539980930999981, 0.1108057668938000062 ) ) ;
#1579 = EDGE_LOOP ( 'NONE', ( #8336, #4747, #7326, #5736 ) ) ;
#1580 = ORIENTED_EDGE ( 'NONE', *, *, #6893, .F. ) ;
#1581 = ORIENTED_EDGE ( 'NONE', *, *, #367, .F. ) ;
#1582 = EDGE_CURVE ( 'NONE', #3828, #1405, #1798, .T. ) ;
#1583 = CARTESIAN_POINT ( 'NONE',  ( 1.366501964233731048, 0.08830685674058821877, -0.05665935321077871650 ) ) ;
#1584 = DIRECTION ( 'NONE',  ( -1.000000000000000000, 1.884637455303999952E-14, 0.000000000000000000 ) ) ;
#1585 = CARTESIAN_POINT ( 'NONE',  ( 1.191889518731999997, 0.04477223039406000304, 0.09386689768137007617 ) ) ;
#1586 = CARTESIAN_POINT ( 'NONE',  ( 1.387239870160000166, 0.1140762594697000004, -0.01425916743656000310 ) ) ;
#1587 = CARTESIAN_POINT ( 'NONE',  ( 1.290190318124483371, -0.04979507988139000169, -0.09171112839325000488 ) ) ;
#1588 = DIRECTION ( 'NONE',  ( 1.000000000000000000, 0.000000000000000000, 0.000000000000000000 ) ) ;
#1589 = CARTESIAN_POINT ( 'NONE',  ( 1.269441767123000053, -0.1000599994510000118, 0.02963912214327999936 ) ) ;
#1590 = CARTESIAN_POINT ( 'NONE',  ( 1.280510997773329995, -0.01632532927008709112, -0.1030740724065570268 ) ) ;
#1591 = CARTESIAN_POINT ( 'NONE',  ( 0.6561202481738996894, 0.000000000000000000, 0.000000000000000000 ) ) ;
#1592 = ORIENTED_EDGE ( 'NONE', *, *, #8422, .T. ) ;
#1593 = ORIENTED_EDGE ( 'NONE', *, *, #2360, .F. ) ;
#1594 = CARTESIAN_POINT ( 'NONE',  ( 1.108295987116000081, -0.002731760035867999720, 0.1043217069389999890 ) ) ;
#1595 = CARTESIAN_POINT ( 'NONE',  ( 0.5837863042420000648, 0.01574803149606000124, 0.1543821808311000021 ) ) ;
#1596 = CARTESIAN_POINT ( 'NONE',  ( 0.5452755905276001069, 0.000000000000000000, 0.000000000000000000 ) ) ;
#1597 = FACE_OUTER_BOUND ( 'NONE', #9069, .T. ) ;
#1598 = CARTESIAN_POINT ( 'NONE',  ( 1.310213480535000086, 0.08694300485362992104, 0.06671371389544999975 ) ) ;
#1599 = ORIENTED_EDGE ( 'NONE', *, *, #4396, .T. ) ;
#1600 = AXIS2_PLACEMENT_3D ( 'NONE', #741, #7723, #898 ) ;
#1601 = ORIENTED_EDGE ( 'NONE', *, *, #9228, .T. ) ;
#1602 = CARTESIAN_POINT ( 'NONE',  ( 1.062429035179456749, -0.1032016026696941646, 0.05948085153198306302 ) ) ;
#1603 = CARTESIAN_POINT ( 'NONE',  ( 1.176424374610000045, 0.01362138275840000211, -0.1034646749458000003 ) ) ;
#1604 = CARTESIAN_POINT ( 'NONE',  ( 1.375590325239000045, 0.02386553225745000062, 0.1075609111852000033 ) ) ;
#1605 = B_SPLINE_CURVE_WITH_KNOTS ( 'NONE', 3,
 ( #5741, #324, #9636, #8531, #96, #374, #6437, #5790, #8775, #3466, #7011, #1849, #8011, #1078 ),
 .UNSPECIFIED., .F., .F.,
 ( 4, 1, 1, 1, 1, 1, 1, 1, 1, 1, 1, 4 ),
 ( 0.000000000000000000, 0.09090909090909000956, 0.1818181818182000031, 0.2727272727273000186, 0.3636363636364000063, 0.4545454545454999939, 0.5454545454545000061, 0.6363636363636000493, 0.7272727272726999814, 0.8181818181818000246, 0.9090909090908999568, 1.000000000000000000 ),
 .UNSPECIFIED. ) ;
#1606 = CARTESIAN_POINT ( 'NONE',  ( 1.066289190570488987, -0.02195656337570430980, 0.1019390417388661568 ) ) ;
#1607 = CARTESIAN_POINT ( 'NONE',  ( 1.173118910818000016, 0.01262411928322000089, 0.1201104898106000046 ) ) ;
#1608 = TOROIDAL_SURFACE ( 'NONE', #3554, 0.2992125984251968740, 0.01574803149606000124 ) ;
#1609 = CARTESIAN_POINT ( 'NONE',  ( 1.055953823247999912, -0.02713672894063000329, -0.1106773350079000157 ) ) ;
#1610 = CARTESIAN_POINT ( 'NONE',  ( 0.5787401574803000548, -0.09693842135412991667, -0.07415168411053996156 ) ) ;
#1611 = CARTESIAN_POINT ( 'NONE',  ( 0.6102362204723996708, 0.000000000000000000, 0.000000000000000000 ) ) ;
#1612 = CARTESIAN_POINT ( 'NONE',  ( 0.8661417266193996989, -0.09349875928108997147, 0.1732283514409999892 ) ) ;
#1613 = CARTESIAN_POINT ( 'NONE',  ( 0.7280600717204999128, -0.01516969372517000189, 0.2015020754713999773 ) ) ;
#1614 = CARTESIAN_POINT ( 'NONE',  ( 0.7280600717204999128, -0.1669210694110000448, 0.1138883778692999921 ) ) ;
#1615 = ORIENTED_EDGE ( 'NONE', *, *, #821, .F. ) ;
#1616 = ORIENTED_EDGE ( 'NONE', *, *, #9486, .T. ) ;
#1617 = AXIS2_PLACEMENT_3D ( 'NONE', #8735, #4894, #7969 ) ;
#1618 = CARTESIAN_POINT ( 'NONE',  ( 1.145957760202000131, 0.1036772567394999983, 0.008159577064295001070 ) ) ;
#1619 = LINE ( 'NONE', #4714, #2879 ) ;
#1620 = VECTOR ( 'NONE', #4965, 39.37007874015748143 ) ;
#1621 = CARTESIAN_POINT ( 'NONE',  ( 1.073770628104000036, -0.1043480975359000057, -0.03320280092261999882 ) ) ;
#1622 = CARTESIAN_POINT ( 'NONE',  ( 1.251958435474999964, 0.09764474495492007911, 0.04975248256393000057 ) ) ;
#1623 = CARTESIAN_POINT ( 'NONE',  ( 1.045606565136999899, 0.002072583963708000358, -0.1019884031391000007 ) ) ;
#1624 = CARTESIAN_POINT ( 'NONE',  ( 0.7362204724408996093, -0.004661227403534000044, 0.2125309166950000161 ) ) ;
#1625 = DIRECTION ( 'NONE',  ( -1.000000000000000000, 0.000000000000000000, 0.000000000000000000 ) ) ;
#1626 = EDGE_CURVE ( 'NONE', #2309, #8007, #7279, .T. ) ;
#1627 = CARTESIAN_POINT ( 'NONE',  ( 0.8543307086613995960, 0.000000000000000000, 0.000000000000000000 ) ) ;
#1628 = EDGE_CURVE ( 'NONE', #3320, #2212, #4523, .T. ) ;
#1629 = ADVANCED_FACE ( 'NONE', ( #9829 ), #4430, .F. ) ;
#1630 = ORIENTED_EDGE ( 'NONE', *, *, #1698, .F. ) ;
#1631 = VERTEX_POINT ( 'NONE', #5078 ) ;
#1632 = ORIENTED_EDGE ( 'NONE', *, *, #3434, .T. ) ;
#1633 = DIRECTION ( 'NONE',  ( 0.000000000000000000, 0.01695770358435959996, 0.9998562078064749947 ) ) ;
#1634 = CARTESIAN_POINT ( 'NONE',  ( 1.211708394710499626, 0.03091510445189025666, 0.1150361429136075447 ) ) ;
#1635 = CARTESIAN_POINT ( 'NONE',  ( 1.198287156527000130, -0.05664128730773000664, 0.08721993429785000751 ) ) ;
#1636 = CARTESIAN_POINT ( 'NONE',  ( 1.354825171998000011, 0.06349475757137007514, 0.09583922979598996639 ) ) ;
#1637 = CARTESIAN_POINT ( 'NONE',  ( 0.7277939874142007604, 0.1262036330081000024, 0.09052634868780001787 ) ) ;
#1638 = CARTESIAN_POINT ( 'NONE',  ( 1.277395042533482794, -0.05910872053913996532, 0.08600372205772992273 ) ) ;
#1639 = DIRECTION ( 'NONE',  ( 0.000000000000000000, -0.01695770358435959996, -0.9998562078064749947 ) ) ;
#1640 = AXIS2_PLACEMENT_3D ( 'NONE', #5093, #9649, #8268 ) ;
#1641 = CARTESIAN_POINT ( 'NONE',  ( 1.230999399189999899, -0.07183494035557008717, 0.07569823244745001178 ) ) ;
#1642 = ADVANCED_FACE ( 'NONE', ( #8974 ), #3571, .T. ) ;
#1643 = CARTESIAN_POINT ( 'NONE',  ( 1.286908635568330128, 0.07935513292519015549, -0.06777568632463562559 ) ) ;
#1644 = CARTESIAN_POINT ( 'NONE',  ( 1.065635221783000075, -0.01404826450774999957, -0.1237131957005000032 ) ) ;
#1645 = CARTESIAN_POINT ( 'NONE',  ( 0.6383554654468995837, -0.1059014183312000090, 0.07932647282801004451 ) ) ;
#1646 = ORIENTED_EDGE ( 'NONE', *, *, #755, .T. ) ;
#1647 = ORIENTED_EDGE ( 'NONE', *, *, #7924, .F. ) ;
#1648 = CARTESIAN_POINT ( 'NONE',  ( 1.161666176571999998, -0.02169713751314000447, -0.1020770066113000085 ) ) ;
#1649 = CARTESIAN_POINT ( 'NONE',  ( 1.294862694819999938, 0.01901763795381000016, -0.1026099921947999927 ) ) ;
#1650 = DIRECTION ( 'NONE',  ( 0.000000000000000000, -0.03368147794397076400, 0.9994326180606223353 ) ) ;
#1651 = CARTESIAN_POINT ( 'NONE',  ( 1.011811089899000038, 0.09046570295565001252, 0.1614173806495000085 ) ) ;
#1652 = CARTESIAN_POINT ( 'NONE',  ( 1.261164924105000029, 0.06896675547350000768, -0.08516685022967009078 ) ) ;
#1653 = ORIENTED_EDGE ( 'NONE', *, *, #1755, .F. ) ;
#1654 = ORIENTED_EDGE ( 'NONE', *, *, #8912, .F. ) ;
#1655 = DIRECTION ( 'NONE',  ( 0.000000000000000000, 0.000000000000000000, -1.000000000000000000 ) ) ;
#1656 = CARTESIAN_POINT ( 'NONE',  ( 1.131640910042999826, -0.06982877559786003496, -0.07755271207417993584 ) ) ;
#1657 = CARTESIAN_POINT ( 'NONE',  ( 0.8621294889232008485, 0.09248152693116004630, 0.1692160966522000265 ) ) ;
#1658 = CARTESIAN_POINT ( 'NONE',  ( 1.361454453162385780, 6.032801447362277094E-09, 0.1181098035236435168 ) ) ;
#1659 = DIRECTION ( 'NONE',  ( 0.000000000000000000, 0.000000000000000000, -1.000000000000000000 ) ) ;
#1660 = CARTESIAN_POINT ( 'NONE',  ( 1.091605253583249668, -0.09444883965335040821, 0.07258425826477060694 ) ) ;
#1661 = CARTESIAN_POINT ( 'NONE',  ( 0.7280600717204999128, 0.1820907631361000090, 0.08761369760209999913 ) ) ;
#1662 = DIRECTION ( 'NONE',  ( 1.000000000000000000, 0.000000000000000000, 0.000000000000000000 ) ) ;
#1663 = FACE_OUTER_BOUND ( 'NONE', #527, .T. ) ;
#1664 = CARTESIAN_POINT ( 'NONE',  ( 0.7244094488188976833, 0.1409286094185999982, 0.06318091013743996898 ) ) ;
#1665 = CARTESIAN_POINT ( 'NONE',  ( 0.7519685039370078705, 0.000000000000000000, 0.000000000000000000 ) ) ;
#1666 = ORIENTED_EDGE ( 'NONE', *, *, #7627, .T. ) ;
#1667 = VERTEX_POINT ( 'NONE', #2143 ) ;
#1668 = CARTESIAN_POINT ( 'NONE',  ( 1.182211041042000144, 0.09500676740994999647, -0.04229973992645000291 ) ) ;
#1669 = AXIS2_PLACEMENT_3D ( 'NONE', #9830, #4380, #1332 ) ;
#1670 = DIRECTION ( 'NONE',  ( 1.000000000000000000, 0.000000000000000000, 0.000000000000000000 ) ) ;
#1671 = CARTESIAN_POINT ( 'NONE',  ( 1.080036736995000135, -0.02843751844520999925, -0.1057462008449999991 ) ) ;
#1672 = CARTESIAN_POINT ( 'NONE',  ( 1.273283894792999860, -0.08144069092468997351, -0.07332952747900001178 ) ) ;
#1673 = CARTESIAN_POINT ( 'NONE',  ( 1.144786528869000009, -0.06593132671062992833, 0.08743003835440001092 ) ) ;
#1674 = CARTESIAN_POINT ( 'NONE',  ( 0.7308438118074999101, -0.01388666294599999983, 0.2028813468012999888 ) ) ;
#1675 = CARTESIAN_POINT ( 'NONE',  ( 0.5788054723971000071, -0.01574803149606000124, -0.1482276299409999998 ) ) ;
#1676 = CARTESIAN_POINT ( 'NONE',  ( 0.7244094488188976833, 0.01574803149606000124, -0.2002676082188999951 ) ) ;
#1677 = EDGE_LOOP ( 'NONE', ( #9440, #2702, #4723, #9909 ) ) ;
#1678 = B_SPLINE_CURVE_WITH_KNOTS ( 'NONE', 3,
 ( #3316, #8628, #6392, #6344, #7249, #135 ),
 .UNSPECIFIED., .F., .F.,
 ( 4, 1, 1, 4 ),
 ( 0.000000000000000000, 0.3333333333333000081, 0.6666666666667000474, 1.000000000000000000 ),
 .UNSPECIFIED. ) ;
#1679 = ORIENTED_EDGE ( 'NONE', *, *, #4515, .F. ) ;
#1680 = CARTESIAN_POINT ( 'NONE',  ( 1.093613372646000004, -0.1127504526618000047, 0.04328084371084000431 ) ) ;
#1681 = ADVANCED_FACE ( 'NONE', ( #7398, #5226, #1995, #8109, #8301, #8159 ), #1228, .T. ) ;
#1682 = EDGE_CURVE ( 'NONE', #2199, #7112, #8875, .T. ) ;
#1683 = CARTESIAN_POINT ( 'NONE',  ( 0.7244094488188976833, 0.1813108520207999952, -0.08649560877427991956 ) ) ;
#1684 = CARTESIAN_POINT ( 'NONE',  ( 1.243070621093999906, -0.1031081313941999977, 0.01357444301962000034 ) ) ;
#1685 = CARTESIAN_POINT ( 'NONE',  ( 1.352544046291000113, -0.006382185716304999978, 0.1036059078174999953 ) ) ;
#1686 = CARTESIAN_POINT ( 'NONE',  ( 1.188320209974000008, 0.08864826967872008190, 0.05118110236220999726 ) ) ;
#1687 = CARTESIAN_POINT ( 'NONE',  ( 1.260334675079482381, 0.08897936835737992045, -0.05452662705760003004 ) ) ;
#1688 = DIRECTION ( 'NONE',  ( -1.000000000000000000, 0.000000000000000000, 0.000000000000000000 ) ) ;
#1689 = AXIS2_PLACEMENT_3D ( 'NONE', #4473, #615, #5022 ) ;
#1690 = CARTESIAN_POINT ( 'NONE',  ( 1.309960139825999903, -0.1018014538566000132, 0.01069976395653000033 ) ) ;
#1691 = CARTESIAN_POINT ( 'NONE',  ( 1.155581631535749887, 0.1181102362204999590, 0.01546059376767032131 ) ) ;
#1692 = CARTESIAN_POINT ( 'NONE',  ( 1.125233862506999971, 0.000000000000000000, 0.1181102362205000006 ) ) ;
#1693 = CARTESIAN_POINT ( 'NONE',  ( 1.031496062992000029, -0.09842519685038997324, 0.000000000000000000 ) ) ;
#1694 = VERTEX_POINT ( 'NONE', #6687 ) ;
#1695 = VERTEX_POINT ( 'NONE', #5182 ) ;
#1696 = VECTOR ( 'NONE', #4010, 39.37007874015748143 ) ;
#1697 = EDGE_CURVE ( 'NONE', #2947, #9086, #9689, .T. ) ;
#1698 = EDGE_CURVE ( 'NONE', #4673, #4012, #1331, .T. ) ;
#1699 = CARTESIAN_POINT ( 'NONE',  ( 1.079302103976999661, 0.1032031167347786799, 0.05948255673673467914 ) ) ;
#1700 = CARTESIAN_POINT ( 'NONE',  ( 1.318320700069000040, -0.07379186162582992980, 0.07379198156927008201 ) ) ;
#1701 = CARTESIAN_POINT ( 'NONE',  ( 1.263029138097000015, 0.000000000000000000, -0.1181102362205000006 ) ) ;
#1702 = CARTESIAN_POINT ( 'NONE',  ( 0.5984251968503937480, -0.01574803149606000124, -0.1210269775506999934 ) ) ;
#1703 = VECTOR ( 'NONE', #928, 39.37007874015748143 ) ;
#1704 = CIRCLE ( 'NONE', #6539, 0.1553113939093999918 ) ;
#1705 = CARTESIAN_POINT ( 'NONE',  ( 1.296384269388000110, 0.05199892369778000289, -0.09006477778321003713 ) ) ;
#1706 = ORIENTED_EDGE ( 'NONE', *, *, #2236, .T. ) ;
#1707 = B_SPLINE_CURVE_WITH_KNOTS ( 'NONE', 3,
 ( #6027, #4992, #8068, #7305, #7649, #3809 ),
 .UNSPECIFIED., .F., .F.,
 ( 4, 1, 1, 4 ),
 ( 0.000000000000000000, 0.3333333333333000081, 0.6666666666667000474, 1.000000000000000000 ),
 .UNSPECIFIED. ) ;
#1708 = CIRCLE ( 'NONE', #730, 0.1220472440944999765 ) ;
#1709 = CARTESIAN_POINT ( 'NONE',  ( 1.067350436801819846, -0.1150400269307634143, -0.03091620901268156765 ) ) ;
#1710 = CARTESIAN_POINT ( 'NONE',  ( 0.7244094488188976833, -0.1409286094185999982, -0.06318091013743996898 ) ) ;
#1711 = CARTESIAN_POINT ( 'NONE',  ( 1.359618254649999969, 0.1193278312359000032, -0.02243939368624000077 ) ) ;
#1712 = CARTESIAN_POINT ( 'NONE',  ( 0.7277985952705001704, -0.1415004066894000045, -0.06403421055307008392 ) ) ;
#1713 = CARTESIAN_POINT ( 'NONE',  ( 1.056746748679999959, -0.01212838739982999986, -0.1075979739532000046 ) ) ;
#1714 = CARTESIAN_POINT ( 'NONE',  ( 1.096878998385499626, -0.03091510445189072503, 0.1150361429136074476 ) ) ;
#1715 = CARTESIAN_POINT ( 'NONE',  ( 0.7362204724408996093, 0.000000000000000000, -0.1574803149606000263 ) ) ;
#1716 = FACE_OUTER_BOUND ( 'NONE', #3535, .T. ) ;
#1717 = VECTOR ( 'NONE', #4682, 39.37007874015748854 ) ;
#1718 = CARTESIAN_POINT ( 'NONE',  ( 0.7519685039370078705, 0.000000000000000000, -0.1535433070865999949 ) ) ;
#1719 = VECTOR ( 'NONE', #1395, 39.37007874015748143 ) ;
#1720 = CARTESIAN_POINT ( 'NONE',  ( 1.254702611491000042, -0.1181329231232999960, -0.02510992795911999934 ) ) ;
#1721 = ORIENTED_EDGE ( 'NONE', *, *, #4975, .F. ) ;
#1722 = ORIENTED_EDGE ( 'NONE', *, *, #9323, .T. ) ;
#1723 = VERTEX_POINT ( 'NONE', #9778 ) ;
#1724 = CARTESIAN_POINT ( 'NONE',  ( 1.128897392748000161, -0.09139508797117992800, -0.04962348393291000220 ) ) ;
#1725 = CARTESIAN_POINT ( 'NONE',  ( 1.339582068981333585, -0.04120276216305981953, -0.1125935275257136103 ) ) ;
#1726 = CARTESIAN_POINT ( 'NONE',  ( 1.101934691070999950, -0.06458590953920000099, 0.09525974992002007868 ) ) ;
#1727 = CARTESIAN_POINT ( 'NONE',  ( 1.205042424975999893, 0.08144069092468997351, -0.07332952747900001178 ) ) ;
#1728 = CARTESIAN_POINT ( 'NONE',  ( 1.122888574792999972, -0.02190530845534000362, -0.1015811513144000006 ) ) ;
#1729 = CARTESIAN_POINT ( 'NONE',  ( 0.6115706219037008173, 0.1156385151587999982, -0.04857966740867999955 ) ) ;
#1730 = CARTESIAN_POINT ( 'NONE',  ( 1.148293992666364227, 0.09533529053063996561, 0.04244600606646999758 ) ) ;
#1731 = CARTESIAN_POINT ( 'NONE',  ( 0.6104330708661004357, 0.000000000000000000, 0.000000000000000000 ) ) ;
#1732 = ORIENTED_EDGE ( 'NONE', *, *, #584, .T. ) ;
#1733 = CIRCLE ( 'NONE', #4808, 0.2755905511811023723 ) ;
#1734 = ORIENTED_EDGE ( 'NONE', *, *, #9280, .T. ) ;
#1735 = CARTESIAN_POINT ( 'NONE',  ( 1.192809095881999903, 0.1112560823185000103, 0.02981088049912000021 ) ) ;
#1736 = CARTESIAN_POINT ( 'NONE',  ( 1.204326504946749754, 0.1181102362204999728, 0.01546059376767032305 ) ) ;
#1737 = VECTOR ( 'NONE', #2008, 39.37007874015748143 ) ;
#1738 = CARTESIAN_POINT ( 'NONE',  ( 1.381743382962999922, 0.08756937829022991282, 0.05778523331519999640 ) ) ;
#1739 = CARTESIAN_POINT ( 'NONE',  ( 1.364699558102000054, -0.09432415095732007981, -0.04333440867243999739 ) ) ;
#1740 = CARTESIAN_POINT ( 'NONE',  ( 0.6102362204723996708, 0.3543307086614000401, 0.3543307086614000401 ) ) ;
#1741 = CYLINDRICAL_SURFACE ( 'NONE', #3653, 0.1574803149606000263 ) ;
#1742 = CARTESIAN_POINT ( 'NONE',  ( 0.6498031496062991463, 0.2755905511811023723, 0.000000000000000000 ) ) ;
#1743 = CARTESIAN_POINT ( 'NONE',  ( 1.216071577666999914, 0.1042144493542999928, -0.005461647859861999341 ) ) ;
#1744 = CARTESIAN_POINT ( 'NONE',  ( 0.4724409448819000268, 0.000000000000000000, 0.000000000000000000 ) ) ;
#1745 = FACE_OUTER_BOUND ( 'NONE', #5408, .T. ) ;
#1746 = ADVANCED_FACE ( 'NONE', ( #2851 ), #7600, .F. ) ;
#1747 = ORIENTED_EDGE ( 'NONE', *, *, #7966, .F. ) ;
#1748 = ORIENTED_EDGE ( 'NONE', *, *, #1252, .F. ) ;
#1749 = CARTESIAN_POINT ( 'NONE',  ( 1.101954890482000016, 0.03224823098968999935, 0.09924984962000001076 ) ) ;
#1750 = AXIS2_PLACEMENT_3D ( 'NONE', #7738, #3948, #7637 ) ;
#1751 = CARTESIAN_POINT ( 'NONE',  ( 1.286332511092000086, -0.09641372841431003482, -0.03993587390816000920 ) ) ;
#1752 = CARTESIAN_POINT ( 'NONE',  ( 1.272051447808707936, 0.1181102362205000700, -0.01546059376766953028 ) ) ;
#1753 = EDGE_CURVE ( 'NONE', #9666, #9974, #5225, .T. ) ;
#1754 = LINE ( 'NONE', #8731, #8933 ) ;
#1755 = EDGE_CURVE ( 'NONE', #1428, #4120, #2093, .T. ) ;
#1756 = CARTESIAN_POINT ( 'NONE',  ( 1.205718729878999973, -0.1042255791111000029, 0.03386494354522000261 ) ) ;
#1757 = ORIENTED_EDGE ( 'NONE', *, *, #991, .F. ) ;
#1758 = AXIS2_PLACEMENT_3D ( 'NONE', #8795, #250, #2677 ) ;
#1759 = CARTESIAN_POINT ( 'NONE',  ( 0.8543307086613995960, 0.000000000000000000, 0.000000000000000000 ) ) ;
#1760 = CARTESIAN_POINT ( 'NONE',  ( 1.082592353611999902, -0.07935404094595001345, 0.06777475368538997402 ) ) ;
#1761 = CARTESIAN_POINT ( 'NONE',  ( 1.313832493494999865, 0.04288894752399999982, -0.1135922340044000084 ) ) ;
#1762 = DIRECTION ( 'NONE',  ( 0.000000000000000000, 1.000000000000000000, 0.000000000000000000 ) ) ;
#1763 = LINE ( 'NONE', #4088, #1875 ) ;
#1764 = CARTESIAN_POINT ( 'NONE',  ( 1.055867833018064861, -3.516388863965216392E-08, 0.1181097364760243240 ) ) ;
#1765 = CARTESIAN_POINT ( 'NONE',  ( 0.7294037235237007533, 0.01468651514043000164, -0.1550339872704999677 ) ) ;
#1766 = CARTESIAN_POINT ( 'NONE',  ( 1.371688137980535016, -0.09651995821156014732, -0.06217495933110112755 ) ) ;
#1767 = EDGE_CURVE ( 'NONE', #6582, #6473, #2455, .T. ) ;
#1768 = AXIS2_PLACEMENT_3D ( 'NONE', #7995, #8558, #5678 ) ;
#1769 = CARTESIAN_POINT ( 'NONE',  ( 1.299486076058000039, -0.05762745735007999970, -0.1061365731834999909 ) ) ;
#1770 = EDGE_LOOP ( 'NONE', ( #7005, #1966, #7138, #2995, #5939 ) ) ;
#1771 = CARTESIAN_POINT ( 'NONE',  ( 1.135295030543000072, -0.005442826790651000834, -0.1038553219600999999 ) ) ;
#1772 = DIRECTION ( 'NONE',  ( 0.000000000000000000, 1.000000000000000000, 0.000000000000000000 ) ) ;
#1773 = CARTESIAN_POINT ( 'NONE',  ( 1.118644314780000038, 0.01388637271518000128, -0.1142494127716000007 ) ) ;
#1774 = CARTESIAN_POINT ( 'NONE',  ( 1.307404629701000243, -0.1069051038639000084, 0.01123617918762000005 ) ) ;
#1775 = CARTESIAN_POINT ( 'NONE',  ( 1.000000080887000209, 0.09349880026292992086, -0.1732278469391000109 ) ) ;
#1776 = CARTESIAN_POINT ( 'NONE',  ( 1.290916277205499174, -0.1150361429136074476, 0.03091510445189060707 ) ) ;
#1777 = CARTESIAN_POINT ( 'NONE',  ( 1.144028900802364301, 0.1008015731564999989, -0.02700970012306001464 ) ) ;
#1778 = DIRECTION ( 'NONE',  ( 0.000000000000000000, 0.000000000000000000, 1.000000000000000000 ) ) ;
#1779 = B_SPLINE_CURVE_WITH_KNOTS ( 'NONE', 3,
 ( #9501, #6496, #951, #7307 ),
 .UNSPECIFIED., .F., .F.,
 ( 4, 4 ),
 ( 0.000000000000000000, 1.000000000000000000 ),
 .UNSPECIFIED. ) ;
#1780 = ORIENTED_EDGE ( 'NONE', *, *, #9430, .F. ) ;
#1781 = VECTOR ( 'NONE', #1584, 39.37007874015748143 ) ;
#1782 = VERTEX_POINT ( 'NONE', #2746 ) ;
#1783 = CARTESIAN_POINT ( 'NONE',  ( 1.138396837213000001, -0.1061365731834999909, -0.05762745735007999970 ) ) ;
#1784 = AXIS2_PLACEMENT_3D ( 'NONE', #2934, #2832, #3739 ) ;
#1785 = CARTESIAN_POINT ( 'NONE',  ( 0.7344566991169999559, -0.1305921501842000065, 0.08719972292206004671 ) ) ;
#1786 = CARTESIAN_POINT ( 'NONE',  ( 1.379333606060000106, 0.1028522961082999898, 0.02071063940797999992 ) ) ;
#1787 = CARTESIAN_POINT ( 'NONE',  ( 1.321269910982000084, -0.08063241461227993456, 0.07108703586932008101 ) ) ;
#1788 = B_SPLINE_CURVE_WITH_KNOTS ( 'NONE', 3,
 ( #6911, #3077, #9954, #9199, #3994, #1661 ),
 .UNSPECIFIED., .F., .F.,
 ( 4, 1, 1, 4 ),
 ( 0.000000000000000000, 0.3333333333333000081, 0.6666666666667000474, 1.000000000000000000 ),
 .UNSPECIFIED. ) ;
#1789 = DIRECTION ( 'NONE',  ( 1.000000000000000000, 0.000000000000000000, 7.132556296515999773E-11 ) ) ;
#1790 = LINE ( 'NONE', #8001, #2356 ) ;
#1791 = EDGE_CURVE ( 'NONE', #9020, #1439, #3422, .T. ) ;
#1792 = CARTESIAN_POINT ( 'NONE',  ( 0.8464566929133995332, -0.09399477469537993735, 0.1751968503937007815 ) ) ;
#1793 = CARTESIAN_POINT ( 'NONE',  ( 1.188348480554000108, -0.02436176678408999777, 0.1014740604109000133 ) ) ;
#1794 = DIRECTION ( 'NONE',  ( -1.000000000000000000, -1.381641135433000285E-14, 0.000000000000000000 ) ) ;
#1795 = CARTESIAN_POINT ( 'NONE',  ( 1.148552226731749615, -0.09444883965335028331, -0.07258425826477082898 ) ) ;
#1796 = ORIENTED_EDGE ( 'NONE', *, *, #17, .F. ) ;
#1797 = AXIS2_PLACEMENT_3D ( 'NONE', #98, #5505, #8589 ) ;
#1798 = LINE ( 'NONE', #7243, #6605 ) ;
#1799 = CARTESIAN_POINT ( 'NONE',  ( 1.011811089899000038, -0.09046570295565001252, -0.1614173806495000085 ) ) ;
#1800 = CARTESIAN_POINT ( 'NONE',  ( 0.8543307093751004722, 0.09046555187917007523, -0.1614173222120000306 ) ) ;
#1801 = CARTESIAN_POINT ( 'NONE',  ( 1.161948989636333307, 0.1125935275257157614, -0.04120276216305392147 ) ) ;
#1802 = ADVANCED_FACE ( 'NONE', ( #9621 ), #2888, .T. ) ;
#1803 = CARTESIAN_POINT ( 'NONE',  ( 1.311312090910000006, 0.02427781510677000376, 0.1011243765126999955 ) ) ;
#1804 = ORIENTED_EDGE ( 'NONE', *, *, #362, .F. ) ;
#1805 = CARTESIAN_POINT ( 'NONE',  ( 1.064069502386953525, -0.1150405601889818025, 0.03091725647830312340 ) ) ;
#1806 = EDGE_CURVE ( 'NONE', #2375, #5115, #2408, .T. ) ;
#1807 = EDGE_CURVE ( 'NONE', #2789, #4141, #8916, .T. ) ;
#1808 = EDGE_CURVE ( 'NONE', #6009, #8820, #6418, .T. ) ;
#1809 = CARTESIAN_POINT ( 'NONE',  ( 1.101785266998000168, 0.07379187303341003257, -0.07379187303341003257 ) ) ;
#1810 = EDGE_CURVE ( 'NONE', #1694, #8284, #2695, .T. ) ;
#1811 = CARTESIAN_POINT ( 'NONE',  ( 0.7294081141038994964, 0.1269223050916000184, -0.09023475620096005345 ) ) ;
#1812 = CARTESIAN_POINT ( 'NONE',  ( 1.361583097742240511, -0.002422200044605539102, 0.1181100750794563670 ) ) ;
#1813 = CARTESIAN_POINT ( 'NONE',  ( 0.5987259261576004521, 0.1300515385054999973, 0.09326955121158995998 ) ) ;
#1814 = CARTESIAN_POINT ( 'NONE',  ( 1.114103407834249548, -0.01546059376766966906, -0.1181102362205000145 ) ) ;
#1815 = CYLINDRICAL_SURFACE ( 'NONE', #4123, 0.1574803149606000263 ) ;
#1816 = AXIS2_PLACEMENT_3D ( 'NONE', #3720, #2913, #5988 ) ;
#1817 = B_SPLINE_CURVE_WITH_KNOTS ( 'NONE', 3,
 ( #2457, #3167, #7915, #4125, #7816, #8728, #2606, #8012, #8626, #1031, #3268, #7198, #2510, #985 ),
 .UNSPECIFIED., .F., .F.,
 ( 4, 1, 1, 1, 1, 1, 1, 1, 1, 1, 1, 4 ),
 ( 0.000000000000000000, 0.09090909090909000956, 0.1818181818182000031, 0.2727272727273000186, 0.3636363636364000063, 0.4545454545454999939, 0.5454545454545000061, 0.6363636363636000493, 0.7272727272726999814, 0.8181818181818000246, 0.9090909090908999568, 1.000000000000000000 ),
 .UNSPECIFIED. ) ;
#1818 = FACE_OUTER_BOUND ( 'NONE', #7018, .T. ) ;
#1819 = CARTESIAN_POINT ( 'NONE',  ( 1.263232795219000115, 0.000000000000000000, -0.1207720828990000023 ) ) ;
#1820 = ORIENTED_EDGE ( 'NONE', *, *, #6510, .F. ) ;
#1821 = CARTESIAN_POINT ( 'NONE',  ( 1.101174295635000133, 0.07353758312217006932, -0.07353758312217006932 ) ) ;
#1822 = EDGE_CURVE ( 'NONE', #1782, #7137, #4420, .T. ) ;
#1823 = LINE ( 'NONE', #204, #3516 ) ;
#1824 = CARTESIAN_POINT ( 'NONE',  ( 1.062249334761000030, -0.05971309705206004348, 0.09838752820541005195 ) ) ;
#1825 = CARTESIAN_POINT ( 'NONE',  ( 1.239163159884000054, 0.000000000000000000, -0.1095892592300000135 ) ) ;
#1826 = CARTESIAN_POINT ( 'NONE',  ( 0.9999994263157998553, 0.1944627759284682789, -0.03529562305955345758 ) ) ;
#1827 = CARTESIAN_POINT ( 'NONE',  ( 0.9842519685038996213, 0.09595320950357008605, 0.1830708661417000116 ) ) ;
#1828 = CARTESIAN_POINT ( 'NONE',  ( 1.103510528099364230, 0.09419151460094998818, -0.04492704785243999827 ) ) ;
#1829 = CARTESIAN_POINT ( 'NONE',  ( 1.366141732283000065, 0.08034203920182007852, 0.08657473440298996126 ) ) ;
#1830 = CIRCLE ( 'NONE', #3600, 0.2755905511811023723 ) ;
#1831 = ORIENTED_EDGE ( 'NONE', *, *, #5739, .T. ) ;
#1832 = ORIENTED_EDGE ( 'NONE', *, *, #3911, .F. ) ;
#1833 = VERTEX_POINT ( 'NONE', #1321 ) ;
#1834 = CARTESIAN_POINT ( 'NONE',  ( 1.110673740099999973, 0.08539875879593995800, -0.08539875879593995800 ) ) ;
#1835 = CARTESIAN_POINT ( 'NONE',  ( 0.7519685039370078705, 0.000000000000000000, 0.000000000000000000 ) ) ;
#1836 = CARTESIAN_POINT ( 'NONE',  ( 1.318478180383999776, -0.07417709206638996300, 0.07053920873256003254 ) ) ;
#1837 = ORIENTED_EDGE ( 'NONE', *, *, #2294, .F. ) ;
#1838 = CARTESIAN_POINT ( 'NONE',  ( 1.326207104033999995, -0.08735075435026003199, -0.05607818959622000443 ) ) ;
#1839 = CARTESIAN_POINT ( 'NONE',  ( 1.093598158490499905, 0.03091510445189025666, 0.1150361429136075447 ) ) ;
#1840 = CARTESIAN_POINT ( 'NONE',  ( 1.226213940171482664, 0.1000599994510000118, 0.02963912214328001324 ) ) ;
#1841 = DIRECTION ( 'NONE',  ( -1.000000000000000000, 0.000000000000000000, 0.000000000000000000 ) ) ;
#1842 = CARTESIAN_POINT ( 'NONE',  ( 1.163783731273249966, 0.01546059376766943140, 0.1181102362205000700 ) ) ;
#1843 = CARTESIAN_POINT ( 'NONE',  ( 0.7355155807016005021, 0.008135814401646004543, -0.2089511782468999879 ) ) ;
#1844 = VERTEX_POINT ( 'NONE', #8149 ) ;
#1845 = ORIENTED_EDGE ( 'NONE', *, *, #8683, .T. ) ;
#1846 = ORIENTED_EDGE ( 'NONE', *, *, #201, .T. ) ;
#1847 = AXIS2_PLACEMENT_3D ( 'NONE', #3103, #2344, #1639 ) ;
#1848 = CARTESIAN_POINT ( 'NONE',  ( 1.069966701506000151, -0.07935404094595001345, 0.06777475368538997402 ) ) ;
#1849 = CARTESIAN_POINT ( 'NONE',  ( 0.7361458027627009182, -0.1390666965395999932, 0.07386032959707992951 ) ) ;
#1850 = CARTESIAN_POINT ( 'NONE',  ( 1.277802327365000101, -0.05910872053913996532, 0.08600372205772992273 ) ) ;
#1851 = CARTESIAN_POINT ( 'NONE',  ( 1.268770607913541237, 0.09444883965335060250, -0.07258425826477042653 ) ) ;
#1852 = CARTESIAN_POINT ( 'NONE',  ( 0.6498031496062991463, 0.3543307086614000401, 0.3543307086614000401 ) ) ;
#1853 = ORIENTED_EDGE ( 'NONE', *, *, #8304, .T. ) ;
#1854 = DIRECTION ( 'NONE',  ( 0.000000000000000000, 0.000000000000000000, 1.000000000000000000 ) ) ;
#1855 = ADVANCED_FACE ( 'NONE', ( #8289 ), #7331, .T. ) ;
#1856 = CARTESIAN_POINT ( 'NONE',  ( 1.182878553566000024, 0.1008016614475000100, 0.02700963597588000240 ) ) ;
#1857 = CIRCLE ( 'NONE', #4450, 0.1535433070865999949 ) ;
#1858 = CIRCLE ( 'NONE', #8968, 0.1122047244094000057 ) ;
#1859 = CARTESIAN_POINT ( 'NONE',  ( 0.7244094488188976833, 0.1251805779226000115, -0.09045730080782006521 ) ) ;
#1860 = CARTESIAN_POINT ( 'NONE',  ( 0.7322749223366004090, -0.1414517224738000012, -0.06688343370617008676 ) ) ;
#1861 = DIRECTION ( 'NONE',  ( 1.000000000000000000, 0.000000000000000000, 0.000000000000000000 ) ) ;
#1862 = LINE ( 'NONE', #8072, #8578 ) ;
#1863 = DIRECTION ( 'NONE',  ( 1.000000000000000000, 0.000000000000000000, 0.000000000000000000 ) ) ;
#1864 = FACE_OUTER_BOUND ( 'NONE', #7419, .T. ) ;
#1865 = CARTESIAN_POINT ( 'NONE',  ( 1.265365341150000100, 0.04031454967564999936, -0.1138447763062999940 ) ) ;
#1866 = ORIENTED_EDGE ( 'NONE', *, *, #2469, .T. ) ;
#1867 = EDGE_CURVE ( 'NONE', #656, #9217, #8724, .T. ) ;
#1868 = ADVANCED_FACE ( 'NONE', ( #1271 ), #7439, .T. ) ;
#1869 = AXIS2_PLACEMENT_3D ( 'NONE', #8432, #9298, #5305 ) ;
#1870 = VERTEX_POINT ( 'NONE', #55 ) ;
#1871 = DIRECTION ( 'NONE',  ( -1.000000000000000000, 0.000000000000000000, 0.000000000000000000 ) ) ;
#1872 = DIRECTION ( 'NONE',  ( -1.000000000000000000, 0.000000000000000000, 0.000000000000000000 ) ) ;
#1873 = CARTESIAN_POINT ( 'NONE',  ( 1.139531344417000103, -0.03541385393183000413, 0.1095062492075999927 ) ) ;
#1874 = CARTESIAN_POINT ( 'NONE',  ( 1.218936310941999945, -0.04684819949601000399, 0.1052227788591999919 ) ) ;
#1875 = VECTOR ( 'NONE', #2522, 39.37007874015748143 ) ;
#1876 = DIRECTION ( 'NONE',  ( -1.000000000000000000, 0.000000000000000000, 0.000000000000000000 ) ) ;
#1877 = CARTESIAN_POINT ( 'NONE',  ( 1.131233625212361149, -0.06982877559786006272, -0.07755271207417993584 ) ) ;
#1878 = CARTESIAN_POINT ( 'NONE',  ( 0.4921259842520000483, -0.3740157480314960647, 0.5314960629921000601 ) ) ;
#1879 = CARTESIAN_POINT ( 'NONE',  ( 0.4921259842520000483, 0.5314960629921000601, 0.3740157480314960647 ) ) ;
#1880 = VERTEX_POINT ( 'NONE', #5464 ) ;
#1881 = ADVANCED_FACE ( 'NONE', ( #2987 ), #8316, .F. ) ;
#1882 = ORIENTED_EDGE ( 'NONE', *, *, #2867, .F. ) ;
#1883 = CIRCLE ( 'NONE', #7193, 0.2755905511811023723 ) ;
#1884 = CIRCLE ( 'NONE', #3008, 0.1574803149606000263 ) ;
#1885 = CARTESIAN_POINT ( 'NONE',  ( 1.070155367397000123, 0.06840603008432992460, -0.09953142260679999354 ) ) ;
#1886 = CARTESIAN_POINT ( 'NONE',  ( 0.7362204724408996093, 0.1863877866493000024, -0.1022287170031999926 ) ) ;
#1887 = CARTESIAN_POINT ( 'NONE',  ( 1.376923829157000068, 0.1031095099747999927, -0.01938956623244000171 ) ) ;
#1888 = CARTESIAN_POINT ( 'NONE',  ( 1.318778735705000038, -0.08378887202073996565, 0.05921336344036003813 ) ) ;
#1889 = CARTESIAN_POINT ( 'NONE',  ( 1.076373749041749983, 0.01546059376767015998, -0.1181102362205000006 ) ) ;
#1890 = CARTESIAN_POINT ( 'NONE',  ( 1.270763512821500019, -0.03091510445189049605, -0.1150361429136075170 ) ) ;
#1891 = FACE_BOUND ( 'NONE', #7338, .T. ) ;
#1892 = AXIS2_PLACEMENT_3D ( 'NONE', #5307, #1122, #7581 ) ;
#1893 = DIRECTION ( 'NONE',  ( 0.000000000000000000, 0.000000000000000000, 1.000000000000000000 ) ) ;
#1894 = ORIENTED_EDGE ( 'NONE', *, *, #5591, .T. ) ;
#1895 = ORIENTED_EDGE ( 'NONE', *, *, #9787, .T. ) ;
#1896 = ADVANCED_FACE ( 'NONE', ( #8057 ), #9347, .T. ) ;
#1897 = VERTEX_POINT ( 'NONE', #9536 ) ;
#1898 = ORIENTED_EDGE ( 'NONE', *, *, #4256, .T. ) ;
#1899 = CARTESIAN_POINT ( 'NONE',  ( 1.085863783766999990, 0.000000000000000000, 0.1181102362205000006 ) ) ;
#1900 = CARTESIAN_POINT ( 'NONE',  ( 1.164588727091000031, 0.1178140280982000049, 0.01238275332683000038 ) ) ;
#1901 = CARTESIAN_POINT ( 'NONE',  ( 1.209560857549000001, -0.07935404094582007573, -0.06777475368613995743 ) ) ;
#1902 = CARTESIAN_POINT ( 'NONE',  ( 0.5511811023621999706, 0.000000000000000000, 0.1535433070865999949 ) ) ;
#1903 = CARTESIAN_POINT ( 'NONE',  ( 0.7401574803150000603, 0.000000000000000000, 0.000000000000000000 ) ) ;
#1904 = VECTOR ( 'NONE', #9857, 39.37007874015748143 ) ;
#1905 = B_SPLINE_CURVE_WITH_KNOTS ( 'NONE', 3,
 ( #2645, #4214, #8048, #8002 ),
 .UNSPECIFIED., .F., .F.,
 ( 4, 4 ),
 ( 0.000000000000000000, 1.000000000000000000 ),
 .UNSPECIFIED. ) ;
#1906 = ORIENTED_EDGE ( 'NONE', *, *, #7798, .F. ) ;
#1907 = ORIENTED_EDGE ( 'NONE', *, *, #1810, .F. ) ;
#1908 = CARTESIAN_POINT ( 'NONE',  ( 0.5802225801515999981, -0.1392168617171999911, -0.06219263214122007499 ) ) ;
#1909 = CARTESIAN_POINT ( 'NONE',  ( 1.135962543068000041, 0.06133978044347992292, -0.08442696480807007631 ) ) ;
#1910 = DIRECTION ( 'NONE',  ( 0.000000000000000000, 0.9997541118987406383, 0.02217466440694089089 ) ) ;
#1911 = CARTESIAN_POINT ( 'NONE',  ( 0.7244094488188976833, -0.01574803149606000124, -0.1536382109453000022 ) ) ;
#1912 = DIRECTION ( 'NONE',  ( 1.000000000000000000, 0.000000000000000000, 0.000000000000000000 ) ) ;
#1913 = CARTESIAN_POINT ( 'NONE',  ( 0.7362204724408996093, -0.1343708233930999973, 0.08212509616896003506 ) ) ;
#1914 = ADVANCED_FACE ( 'NONE', ( #1179 ), #2655, .T. ) ;
#1915 = CARTESIAN_POINT ( 'NONE',  ( 0.9838867820207009007, 0.09534120890117993297, -0.1805922170975000074 ) ) ;
#1916 = CARTESIAN_POINT ( 'NONE',  ( 0.5866141732283000065, 0.000000000000000000, 0.000000000000000000 ) ) ;
#1917 = CARTESIAN_POINT ( 'NONE',  ( 1.248304973695999909, -0.08313401587962007677, 0.08760497366872992131 ) ) ;
#1918 = EDGE_LOOP ( 'NONE', ( #6729, #5547, #6629, #8947 ) ) ;
#1919 = VERTEX_POINT ( 'NONE', #7196 ) ;
#1920 = CARTESIAN_POINT ( 'NONE',  ( 0.3149606299213000282, 0.2263779527559000304, 0.000000000000000000 ) ) ;
#1921 = CARTESIAN_POINT ( 'NONE',  ( 0.3937007874016000275, 0.000000000000000000, 0.000000000000000000 ) ) ;
#1922 = CARTESIAN_POINT ( 'NONE',  ( 1.161429298492000051, 0.1111744691333999974, -0.04693864955555999974 ) ) ;
#1923 = CARTESIAN_POINT ( 'NONE',  ( 1.267984867372000224, -0.1064130645374000012, -0.04407773454509000127 ) ) ;
#1924 = CARTESIAN_POINT ( 'NONE',  ( 1.562992125983999836, 0.000000000000000000, 0.000000000000000000 ) ) ;
#1925 = CARTESIAN_POINT ( 'NONE',  ( 1.112040711826364214, 0.06352880112627994069, 0.08279234553396004614 ) ) ;
#1926 = CARTESIAN_POINT ( 'NONE',  ( 0.5787401574803000548, -0.1194158702739000072, -0.08712904529506003415 ) ) ;
#1927 = PLANE ( 'NONE',  #7588 ) ;
#1928 = ORIENTED_EDGE ( 'NONE', *, *, #1239, .T. ) ;
#1929 = ORIENTED_EDGE ( 'NONE', *, *, #7113, .T. ) ;
#1930 = AXIS2_PLACEMENT_3D ( 'NONE', #9670, #7622, #693 ) ;
#1931 = CARTESIAN_POINT ( 'NONE',  ( 1.120302534201999878, 0.03559278478245000293, 0.1095433277672000077 ) ) ;
#1932 = CARTESIAN_POINT ( 'NONE',  ( 0.7244094488188976833, 0.1655628205247000329, 0.1137719994447000116 ) ) ;
#1933 = ADVANCED_FACE ( 'NONE', ( #1134 ), #2647, .F. ) ;
#1934 = CARTESIAN_POINT ( 'NONE',  ( 1.367284721544999915, -0.01603268188042999975, -0.1036845180112000026 ) ) ;
#1936 = VERTEX_POINT ( 'NONE', #4225 ) ;
#1935 = ADVANCED_FACE ( 'NONE', ( #5503 ), #8876, .T. ) ;
#1937 = CARTESIAN_POINT ( 'NONE',  ( 1.047973619356000086, 0.000000000000000000, -0.1023622047244000105 ) ) ;
#1938 = CARTESIAN_POINT ( 'NONE',  ( 1.167417056127999953, 0.1022864650138999992, 0.05905511811023995972 ) ) ;
#1939 = DIRECTION ( 'NONE',  ( 1.000000000000000000, 0.000000000000000000, 0.000000000000000000 ) ) ;
#1940 = CARTESIAN_POINT ( 'NONE',  ( 0.9842519685038996213, -0.09584990276203995963, 0.1826512321739000022 ) ) ;
#1941 = AXIS2_PLACEMENT_3D ( 'NONE', #6707, #6804, #6046 ) ;
#1942 = ORIENTED_EDGE ( 'NONE', *, *, #7685, .F. ) ;
#1943 = ORIENTED_EDGE ( 'NONE', *, *, #2857, .F. ) ;
#1944 = ORIENTED_EDGE ( 'NONE', *, *, #7505, .T. ) ;
#1945 = AXIS2_PLACEMENT_3D ( 'NONE', #2198, #4686, #9076 ) ;
#1946 = PLANE ( 'NONE',  #2 ) ;
#1947 = EDGE_CURVE ( 'NONE', #6719, #3801, #850, .T. ) ;
#1948 = CARTESIAN_POINT ( 'NONE',  ( 1.364069409392000054, -0.04525446588944000148, 0.1117279180906000091 ) ) ;
#1949 = PRODUCT ( 'SLPRATPSB', 'SLPRATPSB', '', ( #6749 ) ) ;
#1950 = CARTESIAN_POINT ( 'NONE',  ( 1.183781640477000074, -0.1207306973212999984, -0.003161444583539000340 ) ) ;
#1951 = CARTESIAN_POINT ( 'NONE',  ( 1.252211776184000147, -0.03483523850941000477, -0.09837167889972008028 ) ) ;
#1952 = CARTESIAN_POINT ( 'NONE',  ( 0.5787401574803000548, 0.01574803149606000124, 0.1210269775506999934 ) ) ;
#1953 = DIRECTION ( 'NONE',  ( -1.000000000000000000, 0.000000000000000000, 0.000000000000000000 ) ) ;
#1954 = ORIENTED_EDGE ( 'NONE', *, *, #1252, .T. ) ;
#1955 = ORIENTED_EDGE ( 'NONE', *, *, #6058, .T. ) ;
#1956 = CARTESIAN_POINT ( 'NONE',  ( 0.5795727200239999544, -0.1382954184847000056, -0.06166063664288996826 ) ) ;
#1957 = CARTESIAN_POINT ( 'NONE',  ( 1.084724899543999976, -0.09742608914447992152, 0.03739837169672000083 ) ) ;
#1958 = ADVANCED_FACE ( 'NONE', ( #2365 ), #4586, .T. ) ;
#1959 = DIRECTION ( 'NONE',  ( 1.000000000000000000, 0.000000000000000000, 0.000000000000000000 ) ) ;
#1960 = CYLINDRICAL_SURFACE ( 'NONE', #8997, 0.01181102362205004204 ) ;
#1961 = CARTESIAN_POINT ( 'NONE',  ( 0.6104330708661004357, -0.3543307086614000401, -0.3543307086614000401 ) ) ;
#1962 = CARTESIAN_POINT ( 'NONE',  ( 0.7334836014312007269, 0.01157508338892000027, 0.2053427753564000258 ) ) ;
#1963 = CARTESIAN_POINT ( 'NONE',  ( 1.177259575812999781, -0.05948255673673431138, 0.1032031167347789297 ) ) ;
#1964 = CARTESIAN_POINT ( 'NONE',  ( 1.166751337030999869, 0.05023988938388999903, -0.09096442409541002916 ) ) ;
#1965 = CARTESIAN_POINT ( 'NONE',  ( 1.327596934902000259, -0.1110198245320000027, 0.02455625467835000422 ) ) ;
#1966 = ORIENTED_EDGE ( 'NONE', *, *, #3111, .F. ) ;
#1967 = ORIENTED_EDGE ( 'NONE', *, *, #6483, .T. ) ;
#1968 = DIRECTION ( 'NONE',  ( -1.000000000000000000, 0.000000000000000000, 0.000000000000000000 ) ) ;
#1969 = EDGE_CURVE ( 'NONE', #857, #5370, #7295, .T. ) ;
#1970 = CARTESIAN_POINT ( 'NONE',  ( 1.364298145310000043, 0.06038823575376003894, -0.08535252230753996583 ) ) ;
#1971 = CARTESIAN_POINT ( 'NONE',  ( 1.063260259200000002, -0.1129999362863000067, 0.04235577755444999704 ) ) ;
#1972 = CARTESIAN_POINT ( 'NONE',  ( 1.216803765009999871, -0.009036971297050000462, 0.1148256074952000022 ) ) ;
#1973 = CARTESIAN_POINT ( 'NONE',  ( 0.6104330708661004357, -0.2716535433071000094, -0.3543307086614000401 ) ) ;
#1974 = CARTESIAN_POINT ( 'NONE',  ( 1.251898683425250125, 0.01546059376766942793, 0.1181102362205000839 ) ) ;
#1975 = CARTESIAN_POINT ( 'NONE',  ( 1.245983761873000306, 0.06567428234212992211, -0.08110098452177991191 ) ) ;
#1976 = CARTESIAN_POINT ( 'NONE',  ( 1.118672182717000529, 0.1032031167347786799, 0.05948255673673467220 ) ) ;
#1977 = DIRECTION ( 'NONE',  ( -2.067778302647754021E-19, 0.9999999999999995559, -3.012895459855998451E-08 ) ) ;
#1978 = ORIENTED_EDGE ( 'NONE', *, *, #1419, .T. ) ;
#1979 = ORIENTED_EDGE ( 'NONE', *, *, #5522, .F. ) ;
#1980 = CARTESIAN_POINT ( 'NONE',  ( 1.096844528952999998, -0.09137897012602992641, -0.07011754991142991889 ) ) ;
#1981 = CARTESIAN_POINT ( 'NONE',  ( 0.5511811023621999706, 0.000000000000000000, 0.000000000000000000 ) ) ;
#1982 = CARTESIAN_POINT ( 'NONE',  ( 1.332360074209000267, 0.09930460926623997653, 0.03385440507488000211 ) ) ;
#1983 = CARTESIAN_POINT ( 'NONE',  ( 1.304709629562383677, -0.09319318350575030163, 0.05380494806761859650 ) ) ;
#1984 = CARTESIAN_POINT ( 'NONE',  ( 0.5787401574803000548, 0.1351639017700000112, -0.05985265462468995767 ) ) ;
#1985 = CARTESIAN_POINT ( 'NONE',  ( 1.303219426811750070, 0.01546059376767017733, -0.1181102362205000006 ) ) ;
#1986 = CARTESIAN_POINT ( 'NONE',  ( -0.007874015748031005027, 0.000000000000000000, 0.2592016018472000360 ) ) ;
#1987 = CARTESIAN_POINT ( 'NONE',  ( 0.5986837114371004187, -0.1300395952696000168, 0.09326265578111005150 ) ) ;
#1988 = ORIENTED_EDGE ( 'NONE', *, *, #29, .F. ) ;
#1989 = ORIENTED_EDGE ( 'NONE', *, *, #7055, .T. ) ;
#1990 = ORIENTED_EDGE ( 'NONE', *, *, #4399, .T. ) ;
#1991 = EDGE_CURVE ( 'NONE', #1222, #2223, #7245, .T. ) ;
#1992 = EDGE_CURVE ( 'NONE', #4061, #4512, #1605, .T. ) ;
#1993 = CARTESIAN_POINT ( 'NONE',  ( 1.134608657178000080, 0.000000000000000000, 0.1181102362205000006 ) ) ;
#1994 = ORIENTED_EDGE ( 'NONE', *, *, #6314, .F. ) ;
#1995 = FACE_BOUND ( 'NONE', #5146, .T. ) ;
#1996 = CARTESIAN_POINT ( 'NONE',  ( 0.6102362204723996708, 0.3543307086614000401, 0.3543307086614000401 ) ) ;
#1997 = CARTESIAN_POINT ( 'NONE',  ( 1.294919235981000227, 0.07935404094582007573, -0.06777475368613995743 ) ) ;
#1998 = CARTESIAN_POINT ( 'NONE',  ( 1.307742782152000016, -0.08864826967872008190, 0.05118110236220000525 ) ) ;
#1999 = CARTESIAN_POINT ( 'NONE',  ( 0.7322039756092009188, 0.1830767000919000242, 0.09084006758720000740 ) ) ;
#2000 = ADVANCED_FACE ( 'NONE', ( #9881 ), #5132, .T. ) ;
#2001 = ORIENTED_EDGE ( 'NONE', *, *, #63, .T. ) ;
#2002 = ADVANCED_FACE ( 'NONE', ( #9025 ), #3662, .T. ) ;
#2003 = EDGE_CURVE ( 'NONE', #3224, #9485, #4268, .T. ) ;
#2004 = DIRECTION ( 'NONE',  ( -1.904760669514065163E-14, -0.8660254037844288266, -0.5000000000000169864 ) ) ;
#2005 = AXIS2_PLACEMENT_3D ( 'NONE', #9477, #5780, #2549 ) ;
#2006 = DIRECTION ( 'NONE',  ( -1.000000000000000000, 2.395548206294999959E-12, 0.000000000000000000 ) ) ;
#2007 = CARTESIAN_POINT ( 'NONE',  ( 1.057058343593000105, 0.05910869382497991459, -0.08600371016382007960 ) ) ;
#2008 = DIRECTION ( 'NONE',  ( 0.000000000000000000, 0.000000000000000000, 1.000000000000000000 ) ) ;
#2009 = LINE ( 'NONE', #9034, #5125 ) ;
#2010 = CARTESIAN_POINT ( 'NONE',  ( 1.366141732283000065, 0.000000000000000000, 0.000000000000000000 ) ) ;
#2011 = DIRECTION ( 'NONE',  ( -1.000000000000000000, 0.000000000000000000, 0.000000000000000000 ) ) ;
#2012 = CARTESIAN_POINT ( 'NONE',  ( 1.179720205734249738, -0.09444883965335044984, 0.07258425826477060694 ) ) ;
#2013 = CARTESIAN_POINT ( 'NONE',  ( 1.154219119248999892, -0.1036213026228000045, -0.007822945967430000244 ) ) ;
#2014 = CARTESIAN_POINT ( 'NONE',  ( 1.296319594569999900, -0.05495946621102000551, -0.1012227447793999924 ) ) ;
#2015 = ORIENTED_EDGE ( 'NONE', *, *, #8229, .F. ) ;
#2016 = EDGE_CURVE ( 'NONE', #3083, #9277, #8452, .T. ) ;
#2017 = VERTEX_POINT ( 'NONE', #6787 ) ;
#2018 = B_SPLINE_CURVE_WITH_KNOTS ( 'NONE', 3,
 ( #2316, #9349, #3890, #6861, #903, #6967, #5608, #7209, #243, #1764 ),
 .UNSPECIFIED., .F., .F.,
 ( 4, 2, 2, 2, 4 ),
 ( 0.000000000000000000, 0.07156392394888830277, 0.1431278478977765778, 0.2146917718466649083, 0.2862556957955532111 ),
 .UNSPECIFIED. ) ;
#2019 = CARTESIAN_POINT ( 'NONE',  ( 1.366141732283000065, 0.000000000000000000, 0.1181102362205000006 ) ) ;
#2020 = VECTOR ( 'NONE', #8382, 39.37007874015748854 ) ;
#2021 = CARTESIAN_POINT ( 'NONE',  ( 0.5841804246273000212, -0.1416844093523999815, 0.06361727143266003581 ) ) ;
#2022 = CARTESIAN_POINT ( 'NONE',  ( 1.138453565892000086, -0.07265916122698996837, 0.09635166725455000802 ) ) ;
#2023 = CARTESIAN_POINT ( 'NONE',  ( 1.240261770258999974, 0.07248554495571003786, -0.08951219335570000102 ) ) ;
#2024 = CARTESIAN_POINT ( 'NONE',  ( 1.335560100747749335, -0.07258425826477071796, 0.09444883965335038045 ) ) ;
#2025 = LINE ( 'NONE', #1610, #6895 ) ;
#2026 = CARTESIAN_POINT ( 'NONE',  ( 1.186272475783999969, -0.05683715052910000981, 0.08752153721173996925 ) ) ;
#2027 = CARTESIAN_POINT ( 'NONE',  ( 0.7248214206942993343, 0.01574803149606000124, -0.2004019123945000314 ) ) ;
#2028 = CYLINDRICAL_SURFACE ( 'NONE', #1784, 0.01181102362205004204 ) ;
#2029 = CIRCLE ( 'NONE', #8634, 0.1553113939094000473 ) ;
#2030 = AXIS2_PLACEMENT_3D ( 'NONE', #9503, #4812, #2570 ) ;
#2031 = ORIENTED_EDGE ( 'NONE', *, *, #1025, .F. ) ;
#2032 = ORIENTED_EDGE ( 'NONE', *, *, #8588, .F. ) ;
#2033 = CARTESIAN_POINT ( 'NONE',  ( 1.111772350475000115, 0.1145496992968999955, -0.01203965854451000128 ) ) ;
#2034 = CIRCLE ( 'NONE', #7373, 0.1574803149606000263 ) ;
#2035 = CARTESIAN_POINT ( 'NONE',  ( 1.377534832260999931, 0.08756937829022991282, 0.05778523331519999640 ) ) ;
#2036 = DIRECTION ( 'NONE',  ( 0.000000000000000000, -0.9233019039983419995, 0.3840749849613175337 ) ) ;
#2037 = CARTESIAN_POINT ( 'NONE',  ( 1.381889763780000280, 0.01339918127232783349, 0.1023622047232217586 ) ) ;
#2038 = CYLINDRICAL_SURFACE ( 'NONE', #6854, 0.1181102362205000006 ) ;
#2039 = CARTESIAN_POINT ( 'NONE',  ( 0.8464566929133995332, 0.000000000000000000, 0.000000000000000000 ) ) ;
#2040 = CARTESIAN_POINT ( 'NONE',  ( -0.08759842519685039075, 0.000000000000000000, 0.000000000000000000 ) ) ;
#2041 = B_SPLINE_CURVE_WITH_KNOTS ( 'NONE', 3,
 ( #778, #2903, #3871, #9884 ),
 .UNSPECIFIED., .F., .F.,
 ( 4, 4 ),
 ( 0.000000000000000000, 1.000000000000000000 ),
 .UNSPECIFIED. ) ;
#2042 = VECTOR ( 'NONE', #5173, 39.37007874015748854 ) ;
#2043 = TOROIDAL_SURFACE ( 'NONE', #4632, 0.1478229366753000262, 0.007874015748031005027 ) ;
#2044 = ORIENTED_EDGE ( 'NONE', *, *, #7992, .F. ) ;
#2045 = ORIENTED_EDGE ( 'NONE', *, *, #8256, .F. ) ;
#2046 = VERTEX_POINT ( 'NONE', #1435 ) ;
#2047 = AXIS2_PLACEMENT_3D ( 'NONE', #3429, #5656, #336 ) ;
#2048 = CYLINDRICAL_SURFACE ( 'NONE', #975, 0.08267716535433068670 ) ;
#2049 = DIRECTION ( 'NONE',  ( 1.000000000000000000, 0.000000000000000000, 0.000000000000000000 ) ) ;
#2050 = CIRCLE ( 'NONE', #6056, 0.07874015748031004680 ) ;
#2051 = CARTESIAN_POINT ( 'NONE',  ( 1.225299479304499783, 0.03091510445189093667, -0.1150361429136073782 ) ) ;
#2052 = CARTESIAN_POINT ( 'NONE',  ( 1.194633036027000106, 0.01090832490354999920, 0.1037857943025000118 ) ) ;
#2053 = EDGE_CURVE ( 'NONE', #3486, #7137, #2324, .T. ) ;
#2054 = CARTESIAN_POINT ( 'NONE',  ( 0.9999994263157997443, -0.1234251735503110736, 0.1543624914383132374 ) ) ;
#2055 = FACE_OUTER_BOUND ( 'NONE', #5623, .T. ) ;
#2056 = EDGE_LOOP ( 'NONE', ( #5198, #3657, #9041, #7252, #9578, #3895 ) ) ;
#2057 = AXIS2_PLACEMENT_3D ( 'NONE', #9743, #8122, #2665 ) ;
#2058 = CARTESIAN_POINT ( 'NONE',  ( 1.349633525913731535, -0.1041543229641894164, 0.01265939520513146774 ) ) ;
#2059 = CARTESIAN_POINT ( 'NONE',  ( 1.069853619182999926, 0.04979507987150000314, 0.09171112839765001301 ) ) ;
#2060 = EDGE_CURVE ( 'NONE', #3778, #7845, #3940, .T. ) ;
#2061 = LINE ( 'NONE', #4440, #118 ) ;
#2062 = ADVANCED_FACE ( 'NONE', ( #1230 ), #9904, .T. ) ;
#2063 = DIRECTION ( 'NONE',  ( 0.000000000000000000, -0.8660254037844288266, -0.5000000000000169864 ) ) ;
#2064 = EDGE_CURVE ( 'NONE', #5835, #4027, #6024, .T. ) ;
#2065 = CARTESIAN_POINT ( 'NONE',  ( 1.000000084320005644, -0.03116626488251664218, -0.1732283464567000442 ) ) ;
#2066 = CARTESIAN_POINT ( 'NONE',  ( 0.9787819354097994085, 0.09408090847152990321, -0.1755396842203999774 ) ) ;
#2067 = CARTESIAN_POINT ( 'NONE',  ( 1.234475762548999933, 0.09318312031472007761, 0.06770149980087993014 ) ) ;
#2068 = ORIENTED_EDGE ( 'NONE', *, *, #4303, .F. ) ;
#2069 = EDGE_LOOP ( 'NONE', ( #8882, #7416, #4773, #6300, #2694 ) ) ;
#2070 = DIRECTION ( 'NONE',  ( 0.000000000000000000, 1.000000000000000000, 0.000000000000000000 ) ) ;
#2071 = CARTESIAN_POINT ( 'NONE',  ( 1.311283053446999913, -0.1045512073145000026, -0.0009307981359147008684 ) ) ;
#2072 = CARTESIAN_POINT ( 'NONE',  ( 1.111300427364000143, -0.06263691879286004127, -0.1031485040952000026 ) ) ;
#2073 = CARTESIAN_POINT ( 'NONE',  ( 1.171632538711999905, 0.1056303997698000152, 0.02336417851009000082 ) ) ;
#2074 = ADVANCED_FACE ( 'NONE', ( #2853 ), #2900, .T. ) ;
#2075 = LINE ( 'NONE', #7526, #7351 ) ;
#2076 = CARTESIAN_POINT ( 'NONE',  ( 1.233854064002749773, 0.01546059376767015998, -0.1181102362205000006 ) ) ;
#2077 = CARTESIAN_POINT ( 'NONE',  ( 1.184139929852000117, -0.02436176678408999777, 0.1014740604109000133 ) ) ;
#2078 = CARTESIAN_POINT ( 'NONE',  ( 0.5837862971707000748, -0.1258248727427999925, -0.09082928459569999946 ) ) ;
#2079 = CARTESIAN_POINT ( 'NONE',  ( 0.7261126622680000864, -0.01566663021204000097, -0.1540868496227999762 ) ) ;
#2080 = CARTESIAN_POINT ( 'NONE',  ( 0.5788054723971000071, 0.1204948773236000081, -0.08775201030567993110 ) ) ;
#2081 = ORIENTED_EDGE ( 'NONE', *, *, #691, .F. ) ;
#2082 = EDGE_LOOP ( 'NONE', ( #4121, #6528 ) ) ;
#2083 = CARTESIAN_POINT ( 'NONE',  ( 1.156555815042000113, 0.08354910682621004281, 0.07928514195874998560 ) ) ;
#2084 = AXIS2_PLACEMENT_3D ( 'NONE', #8081, #7522, #9707 ) ;
#2085 = CARTESIAN_POINT ( 'NONE',  ( 1.382965389170000226, -0.05357547314793999899, 0.08722207079068997060 ) ) ;
#2086 = CARTESIAN_POINT ( 'NONE',  ( -0.03184567412300000344, 0.000000000000000000, 0.000000000000000000 ) ) ;
#2087 = CARTESIAN_POINT ( 'NONE',  ( 0.5795727107672999923, -0.01574803149606000124, 0.1505976400441000063 ) ) ;
#2088 = CARTESIAN_POINT ( 'NONE',  ( 1.079654588936749704, 0.07258425826477091225, -0.09444883965335025555 ) ) ;
#2089 = DIRECTION ( 'NONE',  ( 1.000000000000000000, 0.000000000000000000, 0.000000000000000000 ) ) ;
#2090 = CARTESIAN_POINT ( 'NONE',  ( 0.3149606299213000282, 0.000000000000000000, 0.000000000000000000 ) ) ;
#2091 = VERTEX_POINT ( 'NONE', #2144 ) ;
#2092 = ORIENTED_EDGE ( 'NONE', *, *, #5456, .T. ) ;
#2093 = CIRCLE ( 'NONE', #8378, 0.1574803149606000263 ) ;
#2094 = ORIENTED_EDGE ( 'NONE', *, *, #8171, .F. ) ;
#2095 = CARTESIAN_POINT ( 'NONE',  ( 0.7362204724408996093, 0.1827275465568999890, -0.1100438633047000070 ) ) ;
#2096 = DIRECTION ( 'NONE',  ( 0.000000000000000000, 1.000000000000000000, 0.000000000000000000 ) ) ;
#2097 = VECTOR ( 'NONE', #284, 39.37007874015748143 ) ;
#2098 = CARTESIAN_POINT ( 'NONE',  ( 1.170446886466448122, 0.09773993496132465930, 0.05643023556879179364 ) ) ;
#2099 = CARTESIAN_POINT ( 'NONE',  ( 1.235151408730000178, -0.008187792543228997535, 0.1040357683916000170 ) ) ;
#2100 = CARTESIAN_POINT ( 'NONE',  ( 0.9999994263157997443, -0.1850831034254770413, 0.06932385632206225501 ) ) ;
#2101 = CARTESIAN_POINT ( 'NONE',  ( 0.5984251968503937480, 0.000000000000000000, 0.000000000000000000 ) ) ;
#2102 = VERTEX_POINT ( 'NONE', #5227 ) ;
#2103 = CIRCLE ( 'NONE', #4693, 0.09842519685038997324 ) ;
#2104 = CARTESIAN_POINT ( 'NONE',  ( -0.03149606299213000143, 0.000000000000000000, 0.000000000000000000 ) ) ;
#2105 = AXIS2_PLACEMENT_3D ( 'NONE', #2101, #1335, #4436 ) ;
#2106 = CARTESIAN_POINT ( 'NONE',  ( 1.133886538297000035, 0.08600372205772992273, -0.05910872053913996532 ) ) ;
#2107 = EDGE_CURVE ( 'NONE', #8470, #8155, #9271, .T. ) ;
#2108 = CARTESIAN_POINT ( 'NONE',  ( 0.4921259842520000483, -0.3740157480314960647, 0.5314960629921000601 ) ) ;
#2109 = LINE ( 'NONE', #1394, #8197 ) ;
#2110 = DIRECTION ( 'NONE',  ( -1.000000000000000000, 0.000000000000000000, 0.000000000000000000 ) ) ;
#2111 = CARTESIAN_POINT ( 'NONE',  ( 0.4921259842520000483, 0.3543307086614000401, 0.3543307086614000401 ) ) ;
#2112 = CARTESIAN_POINT ( 'NONE',  ( 0.7261087941478997498, 0.1412757573523999999, -0.06347481862606003944 ) ) ;
#2113 = CARTESIAN_POINT ( 'NONE',  ( 1.203521509128999911, 0.01262411928322000089, 0.1201104898106000046 ) ) ;
#2114 = UNCERTAINTY_MEASURE_WITH_UNIT (LENGTH_MEASURE( 1.000000000000000082E-05 ), #3395, 'distance_accuracy_value', 'NONE');
#2115 = VERTEX_POINT ( 'NONE', #6028 ) ;
#2116 = VERTEX_POINT ( 'NONE', #3520 ) ;
#2117 = ADVANCED_FACE ( 'NONE', ( #6588 ), #481, .F. ) ;
#2118 = DIRECTION ( 'NONE',  ( 1.000000000000000000, 0.000000000000000000, 0.000000000000000000 ) ) ;
#2119 = DIRECTION ( 'NONE',  ( 0.000000000000000000, -0.8566492884988268219, -0.5158992115854160732 ) ) ;
#2120 = CIRCLE ( 'NONE', #2766, 0.08267716535433068670 ) ;
#2121 = CARTESIAN_POINT ( 'NONE',  ( 1.117566536255000020, 0.05295647876665000170, -0.1084371193345999990 ) ) ;
#2122 = CARTESIAN_POINT ( 'NONE',  ( 1.169887754511000022, 0.1039604257334999921, 0.04958610995970999524 ) ) ;
#2123 = CARTESIAN_POINT ( 'NONE',  ( 0.8543307029377008588, -0.09046556639711005043, 0.1614173278276999912 ) ) ;
#2124 = CARTESIAN_POINT ( 'NONE',  ( 1.179874837989000058, 0.04492705090909000082, 0.09419148551886005749 ) ) ;
#2125 = CARTESIAN_POINT ( 'NONE',  ( 0.8188976377952992269, 0.000000000000000000, 0.000000000000000000 ) ) ;
#2126 = DIRECTION ( 'NONE',  ( 0.000000000000000000, 0.1290322580644962247, 0.9916403967057701996 ) ) ;
#2127 = DIRECTION ( 'NONE',  ( -1.000000000000000000, 0.000000000000000000, 0.000000000000000000 ) ) ;
#2128 = EDGE_LOOP ( 'NONE', ( #7330, #7088, #1757, #1646, #8971, #3485, #3006, #4637 ) ) ;
#2129 = ORIENTED_EDGE ( 'NONE', *, *, #2941, .F. ) ;
#2130 = ADVANCED_FACE ( 'NONE', ( #7044 ), #6234, .F. ) ;
#2131 = CARTESIAN_POINT ( 'NONE',  ( 1.193907706257000045, 0.06318336854991003781, 0.08696444614656004268 ) ) ;
#2132 = CARTESIAN_POINT ( 'NONE',  ( 1.312470855883000054, -0.09759908877285000672, 0.03849525599911000212 ) ) ;
#2133 = B_SPLINE_CURVE_WITH_KNOTS ( 'NONE', 3,
 ( #6863, #603, #3689, #5254, #700, #6766 ),
 .UNSPECIFIED., .F., .F.,
 ( 4, 1, 1, 4 ),
 ( 0.000000000000000000, 0.3333333333333000081, 0.6666666666667000474, 1.000000000000000000 ),
 .UNSPECIFIED. ) ;
#2134 = DIRECTION ( 'NONE',  ( -1.000000000000000000, 0.000000000000000000, 0.000000000000000000 ) ) ;
#2135 = DIRECTION ( 'NONE',  ( 0.000000000000000000, 0.000000000000000000, 1.000000000000000000 ) ) ;
#2136 = CARTESIAN_POINT ( 'NONE',  ( 0.4724409448819000268, 0.3543307086614000401, 0.3543307086614000401 ) ) ;
#2137 = CARTESIAN_POINT ( 'NONE',  ( 0.8543307518312007742, -0.09046558149497008205, -0.1614172930797999894 ) ) ;
#2138 = DIRECTION ( 'NONE',  ( 0.000000000000000000, 0.000000000000000000, 1.000000000000000000 ) ) ;
#2139 = ORIENTED_EDGE ( 'NONE', *, *, #2016, .F. ) ;
#2140 = VERTEX_POINT ( 'NONE', #7602 ) ;
#2141 = EDGE_LOOP ( 'NONE', ( #7946, #9800, #8897, #9826, #6158, #6856 ) ) ;
#2142 = DIRECTION ( 'NONE',  ( 1.000000000000000000, 0.000000000000000000, 0.000000000000000000 ) ) ;
#2143 = CARTESIAN_POINT ( 'NONE',  ( 0.4921259842520000483, 0.2716535433071000094, 0.3543307086614000401 ) ) ;
#2144 = CARTESIAN_POINT ( 'NONE',  ( 0.5984251968503937480, 0.01574803149606000124, 0.1210269775506999934 ) ) ;
#2145 = CARTESIAN_POINT ( 'NONE',  ( 1.188291939393000041, 0.04492705090909000082, 0.09419148551886005749 ) ) ;
#2146 = CARTESIAN_POINT ( 'NONE',  ( 0.7280600717204999128, -0.01516969372517000189, -0.2015020754713999773 ) ) ;
#2147 = CARTESIAN_POINT ( 'NONE',  ( 0.7362204724408996093, 0.003937007874016000379, -0.2132686289419000181 ) ) ;
#2148 = VERTEX_POINT ( 'NONE', #830 ) ;
#2149 = ADVANCED_FACE ( 'NONE', ( #9223 ), #229, .T. ) ;
#2150 = CARTESIAN_POINT ( 'NONE',  ( 1.359272633524793772, -0.01603330607073878353, -0.1036885546952971693 ) ) ;
#2151 = CARTESIAN_POINT ( 'NONE',  ( 1.063455981388000016, 0.1042144498681999987, 0.005461647631049000411 ) ) ;
#2152 = CARTESIAN_POINT ( 'NONE',  ( -0.03937007874015999859, 0.000000000000000000, 0.000000000000000000 ) ) ;
#2153 = CARTESIAN_POINT ( 'NONE',  ( 0.7362204724408996093, -0.1866645544309000204, 0.1032247656370999800 ) ) ;
#2154 = CARTESIAN_POINT ( 'NONE',  ( 0.7244094488188976833, 0.01574803149606000124, -0.1536382109453000022 ) ) ;
#2155 = FACE_OUTER_BOUND ( 'NONE', #4074, .T. ) ;
#2156 = CARTESIAN_POINT ( 'NONE',  ( 1.228078124754000022, 0.1064130645374000012, -0.04407773454509000127 ) ) ;
#2157 = ORIENTED_EDGE ( 'NONE', *, *, #9372, .T. ) ;
#2158 = AXIS2_PLACEMENT_3D ( 'NONE', #9382, #2447, #2241 ) ;
#2159 = ORIENTED_EDGE ( 'NONE', *, *, #5083, .T. ) ;
#2160 = DIRECTION ( 'NONE',  ( -1.000000000000000000, 0.000000000000000000, 0.000000000000000000 ) ) ;
#2161 = CARTESIAN_POINT ( 'NONE',  ( 0.7256451598022993776, 0.1659362104997999798, 0.1139377565867999986 ) ) ;
#2162 = ORIENTED_EDGE ( 'NONE', *, *, #2236, .F. ) ;
#2163 = DIRECTION ( 'NONE',  ( -1.000000000000000000, 0.000000000000000000, 0.000000000000000000 ) ) ;
#2164 = CARTESIAN_POINT ( 'NONE',  ( 1.044461932526000059, 0.1178442761531000027, -0.02599472998769000037 ) ) ;
#2165 = CARTESIAN_POINT ( 'NONE',  ( 1.230697650976000146, -0.04031454967564999936, -0.1138447763062999940 ) ) ;
#2166 = CARTESIAN_POINT ( 'NONE',  ( 1.342121780537749443, -0.1181102362205000006, -0.01546059376767004723 ) ) ;
#2167 = CARTESIAN_POINT ( 'NONE',  ( 1.251078473451499917, 0.03091510445189025666, 0.1150361429136075447 ) ) ;
#2168 = CARTESIAN_POINT ( 'NONE',  ( 1.173477200194000147, 0.1018014538566000132, 0.01069976395653000033 ) ) ;
#2169 = DIRECTION ( 'NONE',  ( -1.000000000000000000, 0.000000000000000000, 0.000000000000000000 ) ) ;
#2170 = CARTESIAN_POINT ( 'NONE',  ( 1.055561758009154083, -0.02686617581655773024, -0.1105534695915264265 ) ) ;
#2171 = EDGE_CURVE ( 'NONE', #2188, #3486, #5329, .T. ) ;
#2172 = CARTESIAN_POINT ( 'NONE',  ( 1.062468740294000069, -0.01339428490418000106, -0.1182237681291999909 ) ) ;
#2173 = EDGE_LOOP ( 'NONE', ( #1894, #8078, #8183, #982 ) ) ;
#2174 = VERTEX_POINT ( 'NONE', #3917 ) ;
#2175 = AXIS2_PLACEMENT_3D ( 'NONE', #9299, #2219, #4559 ) ;
#2176 = CARTESIAN_POINT ( 'NONE',  ( 1.123533690509000094, -0.07117253052488996257, 0.08333232648419999777 ) ) ;
#2177 = CARTESIAN_POINT ( 'NONE',  ( 1.326929517300000194, 0.03705973968298999915, -0.09815346062893996748 ) ) ;
#2178 = CARTESIAN_POINT ( 'NONE',  ( 0.6498031496062991463, 0.2716535433071000094, 0.3543307086614000401 ) ) ;
#2179 = CARTESIAN_POINT ( 'NONE',  ( 1.218871636123999957, 0.05890502939158000217, 0.08570734959896003646 ) ) ;
#2180 = EDGE_CURVE ( 'NONE', #7683, #5973, #5072, .T. ) ;
#2181 = CARTESIAN_POINT ( 'NONE',  ( 0.4921259842520000483, 0.4370078740156999597, 0.3543307086614000401 ) ) ;
#2182 = CARTESIAN_POINT ( 'NONE',  ( 0.8661416946048996479, 0.09349873698068995875, 0.1732283294671000395 ) ) ;
#2183 = LINE ( 'NONE', #59, #7335 ) ;
#2184 = AXIS2_PLACEMENT_3D ( 'NONE', #6464, #7134, #210 ) ;
#2185 = EDGE_CURVE ( 'NONE', #5126, #3567, #2965, .T. ) ;
#2186 = ORIENTED_EDGE ( 'NONE', *, *, #4479, .F. ) ;
#2187 = VERTEX_POINT ( 'NONE', #723 ) ;
#2188 = VERTEX_POINT ( 'NONE', #672 ) ;
#2189 = AXIS2_PLACEMENT_3D ( 'NONE', #1306, #2875, #4405 ) ;
#2190 = CARTESIAN_POINT ( 'NONE',  ( 0.7362204724408996093, 0.003937007874016000379, -0.1574310946703000036 ) ) ;
#2191 = CARTESIAN_POINT ( 'NONE',  ( 1.342669660187000069, 0.06647380970487007379, -0.09379752038177008311 ) ) ;
#2192 = CARTESIAN_POINT ( 'NONE',  ( 0.8464566929133995332, 0.09399477469537993735, 0.1751968503937007815 ) ) ;
#2193 = CARTESIAN_POINT ( 'NONE',  ( 1.176509186351999858, 0.08864826967872008190, 0.05118110236220999726 ) ) ;
#2194 = CONICAL_SURFACE ( 'NONE', #8319, 0.1786918365619999949, 0.3142318990842197790 ) ;
#2195 = CARTESIAN_POINT ( 'NONE',  ( 1.312036144595999820, -0.09419155717462007749, 0.04492664279108000286 ) ) ;
#2196 = EDGE_CURVE ( 'NONE', #2919, #8804, #7003, .T. ) ;
#2197 = CARTESIAN_POINT ( 'NONE',  ( 1.146559321824499822, 0.03091510445189094361, -0.1150361429136073782 ) ) ;
#2198 = CARTESIAN_POINT ( 'NONE',  ( 0.5787401574803000548, 0.000000000000000000, 0.000000000000000000 ) ) ;
#2199 = VERTEX_POINT ( 'NONE', #1535 ) ;
#2200 = AXIS2_PLACEMENT_3D ( 'NONE', #4976, #3307, #6380 ) ;
#2201 = CARTESIAN_POINT ( 'NONE',  ( 1.155211997615000152, -0.09837167889976004831, 0.03483523850945000055 ) ) ;
#2202 = CYLINDRICAL_SURFACE ( 'NONE', #6226, 0.08267716535433068670 ) ;
#2203 = LINE ( 'NONE', #9082, #1719 ) ;
#2204 = FACE_OUTER_BOUND ( 'NONE', #4205, .T. ) ;
#2205 = EDGE_CURVE ( 'NONE', #8295, #1016, #2653, .T. ) ;
#2206 = DIRECTION ( 'NONE',  ( 0.000000000000000000, 1.000000000000000000, 0.000000000000000000 ) ) ;
#2207 = CARTESIAN_POINT ( 'NONE',  ( 1.325141302058000292, -0.1069051038639000084, 0.01123617918762000005 ) ) ;
#2208 = VERTEX_POINT ( 'NONE', #73 ) ;
#2209 = VERTEX_POINT ( 'NONE', #3967 ) ;
#2210 = CARTESIAN_POINT ( 'NONE',  ( 0.6498031496062991463, 0.5314960629921000601, -0.3740157480314960647 ) ) ;
#2211 = DIRECTION ( 'NONE',  ( -1.000000000000000000, 0.000000000000000000, 0.000000000000000000 ) ) ;
#2212 = VERTEX_POINT ( 'NONE', #4683 ) ;
#2213 = CARTESIAN_POINT ( 'NONE',  ( 1.321818528789999725, 0.1047383775497000152, -0.04938665300897999988 ) ) ;
#2214 = CARTESIAN_POINT ( 'NONE',  ( 1.126861576517427022, 0.04575953106851848862, -0.09370018261665297166 ) ) ;
#2215 = CARTESIAN_POINT ( 'NONE',  ( 1.290408937064999817, 0.02819368258202999827, 0.1174351382184000009 ) ) ;
#2216 = CARTESIAN_POINT ( 'NONE',  ( 1.323177869506333426, -0.02061412502355851328, 0.1181102362204999867 ) ) ;
#2217 = CARTESIAN_POINT ( 'NONE',  ( 1.562992125983999836, 0.000000000000000000, 0.000000000000000000 ) ) ;
#2218 = CARTESIAN_POINT ( 'NONE',  ( 0.5393700787402000429, 0.000000000000000000, 0.1417322834646000118 ) ) ;
#2219 = DIRECTION ( 'NONE',  ( 1.000000000000000000, 0.000000000000000000, 0.000000000000000000 ) ) ;
#2220 = CARTESIAN_POINT ( 'NONE',  ( 0.7344566991169999559, -0.01022110016138000170, -0.1566959810554000021 ) ) ;
#2221 = CARTESIAN_POINT ( 'NONE',  ( 1.064049370917000026, -0.04893941277488000202, -0.1253083047623999857 ) ) ;
#2222 = ORIENTED_EDGE ( 'NONE', *, *, #3998, .T. ) ;
#2223 = VERTEX_POINT ( 'NONE', #3051 ) ;
#2224 = CARTESIAN_POINT ( 'NONE',  ( 1.191775160325000193, 0.09031503249727992899, 0.06207229133036003960 ) ) ;
#2225 = CARTESIAN_POINT ( 'NONE',  ( 0.5795727200239999544, -0.1225473869886000156, 0.08893702731327009225 ) ) ;
#2226 = CARTESIAN_POINT ( 'NONE',  ( 1.090480251813000123, 0.1079835540077000028, -0.01817975556340999804 ) ) ;
#2227 = CARTESIAN_POINT ( 'NONE',  ( 1.282848014075999687, 0.01895210237017000074, -0.1022563938278000101 ) ) ;
#2228 = CARTESIAN_POINT ( 'NONE',  ( 0.4921259842520000483, -0.5314960629921000601, 0.3740157480314960647 ) ) ;
#2229 = CARTESIAN_POINT ( 'NONE',  ( 1.253539103372749874, -0.01546059376766992580, 0.1181102362205000422 ) ) ;
#2230 = CARTESIAN_POINT ( 'NONE',  ( 0.7362204724408996093, 0.1827275465568999890, 0.1100438633047000070 ) ) ;
#2231 = ORIENTED_EDGE ( 'NONE', *, *, #6058, .F. ) ;
#2232 = VERTEX_POINT ( 'NONE', #6180 ) ;
#2233 = ORIENTED_EDGE ( 'NONE', *, *, #7360, .T. ) ;
#2234 = AXIS2_PLACEMENT_3D ( 'NONE', #3287, #7217, #7079 ) ;
#2235 = EDGE_CURVE ( 'NONE', #7820, #9101, #5877, .T. ) ;
#2236 = EDGE_CURVE ( 'NONE', #3083, #8595, #7755, .T. ) ;
#2237 = DIRECTION ( 'NONE',  ( 0.000000000000000000, 0.8108637408136091240, 0.5852349902678070093 ) ) ;
#2238 = CARTESIAN_POINT ( 'NONE',  ( 1.223877707707999862, 0.1038553219600999999, -0.005442826790652000035 ) ) ;
#2239 = CARTESIAN_POINT ( 'NONE',  ( 1.329628792593999798, -0.1110645001149000166, 0.04685875881929000425 ) ) ;
#2240 = DIRECTION ( 'NONE',  ( 1.000000000000000000, 0.000000000000000000, 0.000000000000000000 ) ) ;
#2241 = DIRECTION ( 'NONE',  ( 0.000000000000000000, 1.000000000000000000, 0.000000000000000000 ) ) ;
#2242 = CARTESIAN_POINT ( 'NONE',  ( 1.269385225961000119, -0.05910872053913996532, 0.08600372205772992273 ) ) ;
#2243 = AXIS2_PLACEMENT_3D ( 'NONE', #5032, #9294, #3991 ) ;
#2244 = CARTESIAN_POINT ( 'NONE',  ( 1.239992625069392007, -0.03483571787204616660, -0.09837303257802153256 ) ) ;
#2245 = DIRECTION ( 'NONE',  ( 1.000000000000000000, 0.000000000000000000, 0.000000000000000000 ) ) ;
#2246 = ORIENTED_EDGE ( 'NONE', *, *, #5152, .T. ) ;
#2247 = EDGE_CURVE ( 'NONE', #7734, #7213, #7814, .T. ) ;
#2248 = AXIS2_PLACEMENT_3D ( 'NONE', #9089, #4209, #6855 ) ;
#2249 = CARTESIAN_POINT ( 'NONE',  ( 1.067777614413000009, 0.01632510462535999990, 0.1030726540376999956 ) ) ;
#2250 = CARTESIAN_POINT ( 'NONE',  ( 0.7362204724408996093, 0.1343708233930999973, -0.08212509616896003506 ) ) ;
#2251 = CARTESIAN_POINT ( 'NONE',  ( -0.06692913385827008177, 0.000000000000000000, -0.09055118110236003159 ) ) ;
#2252 = DIRECTION ( 'NONE',  ( -1.000000000000000000, 0.000000000000000000, 0.000000000000000000 ) ) ;
#2253 = DIRECTION ( 'NONE',  ( 1.000000000000000000, 0.000000000000000000, 0.000000000000000000 ) ) ;
#2254 = AXIS2_PLACEMENT_3D ( 'NONE', #643, #9192, #5199 ) ;
#2255 = CARTESIAN_POINT ( 'NONE',  ( 1.295285659012999968, -0.01714353714179999918, -0.1082400335958999954 ) ) ;
#2256 = EDGE_LOOP ( 'NONE', ( #9932, #7989, #8832, #4258, #9181 ) ) ;
#2257 = ORIENTED_EDGE ( 'NONE', *, *, #3603, .T. ) ;
#2258 = AXIS2_PLACEMENT_3D ( 'NONE', #8036, #8619, #7273 ) ;
#2259 = DIRECTION ( 'NONE',  ( 0.000000000000000000, -1.000000000000000000, 0.000000000000000000 ) ) ;
#2260 = CARTESIAN_POINT ( 'NONE',  ( 1.167894190882999839, -0.09837167890033997331, -0.03483523850896000362 ) ) ;
#2261 = AXIS2_PLACEMENT_3D ( 'NONE', #5847, #9644, #7809 ) ;
#2262 = CARTESIAN_POINT ( 'NONE',  ( 1.355555405429999860, 0.02653110297913999910, -0.1127176552358999939 ) ) ;
#2263 = CARTESIAN_POINT ( 'NONE',  ( 1.091353626134488941, 0.09150479627649518721, -0.05000531136191048442 ) ) ;
#2264 = CARTESIAN_POINT ( 'NONE',  ( 1.241360380633999894, 0.1181329231232999960, -0.02510992795911999934 ) ) ;
#2265 = CARTESIAN_POINT ( 'NONE',  ( 1.104728613163250106, -0.01546059376766966385, -0.1181102362205000700 ) ) ;
#2266 = DIRECTION ( 'NONE',  ( 1.000000000000000000, 0.000000000000000000, 0.000000000000000000 ) ) ;
#2267 = CARTESIAN_POINT ( 'NONE',  ( 1.344578407705235845, 0.09930460926623997653, 0.03385440507488000211 ) ) ;
#2268 = FACE_OUTER_BOUND ( 'NONE', #2453, .T. ) ;
#2269 = CARTESIAN_POINT ( 'NONE',  ( 1.054799329271000063, -0.04216316591013999360, -0.1103281257907000046 ) ) ;
#2270 = CARTESIAN_POINT ( 'NONE',  ( 0.7244094488188976833, -0.01574803149606000124, 0.1536382109453000022 ) ) ;
#2271 = ORIENTED_EDGE ( 'NONE', *, *, #7936, .F. ) ;
#2272 = VERTEX_POINT ( 'NONE', #9270 ) ;
#2273 = ORIENTED_EDGE ( 'NONE', *, *, #8162, .T. ) ;
#2274 = CARTESIAN_POINT ( 'NONE',  ( 1.104340777123000050, 0.07749130834676004609, -0.07749130834676004609 ) ) ;
#2275 = DIRECTION ( 'NONE',  ( 0.000000000000000000, 0.000000000000000000, 1.000000000000000000 ) ) ;
#2276 = CARTESIAN_POINT ( 'NONE',  ( 1.172950591835999923, 0.06719173327231003912, 0.09082624367764999262 ) ) ;
#2277 = CARTESIAN_POINT ( 'NONE',  ( 1.206076360533000047, 0.04962348393291000220, -0.09139508797118996164 ) ) ;
#2278 = CARTESIAN_POINT ( 'NONE',  ( 1.049783971065000099, 0.06590614605722007469, -0.08034279895738996591 ) ) ;
#2279 = CARTESIAN_POINT ( 'NONE',  ( 0.4724409448819000268, 0.000000000000000000, 0.000000000000000000 ) ) ;
#2280 = CARTESIAN_POINT ( 'NONE',  ( 1.188320209974000008, 0.08864826967872008190, 0.05118110236220999726 ) ) ;
#2281 = FACE_OUTER_BOUND ( 'NONE', #1375, .T. ) ;
#2282 = ORIENTED_EDGE ( 'NONE', *, *, #252, .T. ) ;
#2283 = ORIENTED_EDGE ( 'NONE', *, *, #6842, .F. ) ;
#2284 = EDGE_LOOP ( 'NONE', ( #14, #1109, #4427, #4979 ) ) ;
#2285 = EDGE_CURVE ( 'NONE', #7137, #2307, #6461, .T. ) ;
#2286 = LINE ( 'NONE', #6175, #4864 ) ;
#2287 = CARTESIAN_POINT ( 'NONE',  ( 1.249468258888999816, -0.06544796599128996362, -0.08082150710363995849 ) ) ;
#2288 = CARTESIAN_POINT ( 'NONE',  ( 1.377995632766000123, 0.05016855396185000010, -0.09719979643266005165 ) ) ;
#2289 = CARTESIAN_POINT ( 'NONE',  ( 1.264599766943482306, 0.1034646750344000166, 0.01362138288035000082 ) ) ;
#2290 = DIRECTION ( 'NONE',  ( 0.000000000000000000, 0.4642307659791937713, 0.8857142857142876746 ) ) ;
#2291 = CARTESIAN_POINT ( 'NONE',  ( 1.201087214983999951, -0.1043217069378999939, -0.002731760046631000020 ) ) ;
#2292 = CARTESIAN_POINT ( 'NONE',  ( 1.274113359977391946, -0.09641505514954834544, -0.03993642345989521780 ) ) ;
#2293 = CARTESIAN_POINT ( 'NONE',  ( 0.7244094488188976833, -0.01574803149606000124, -0.1536382109453000022 ) ) ;
#2294 = EDGE_CURVE ( 'NONE', #1347, #9995, #222, .T. ) ;
#2295 = EDGE_CURVE ( 'NONE', #9277, #3083, #3947, .T. ) ;
#2296 = ORIENTED_EDGE ( 'NONE', *, *, #1071, .T. ) ;
#2297 = EDGE_CURVE ( 'NONE', #9304, #3224, #1905, .T. ) ;
#2298 = CARTESIAN_POINT ( 'NONE',  ( 1.069910160345000083, -0.01901763795452000166, 0.1026099921951000027 ) ) ;
#2299 = VECTOR ( 'NONE', #987, 39.37007874015748143 ) ;
#2300 = DIRECTION ( 'NONE',  ( 1.000000000000000000, 0.000000000000000000, 0.000000000000000000 ) ) ;
#2301 = CARTESIAN_POINT ( 'NONE',  ( 1.222371124369708184, -0.1181102362205000006, 0.01546059376766979396 ) ) ;
#2302 = EDGE_CURVE ( 'NONE', #7240, #728, #5393, .T. ) ;
#2303 = DIRECTION ( 'NONE',  ( 0.000000000000000000, 0.8260463536101315674, -0.5636021838916217552 ) ) ;
#2304 = DIRECTION ( 'NONE',  ( 1.000000000000000000, 0.000000000000000000, 0.000000000000000000 ) ) ;
#2305 = ADVANCED_FACE ( 'NONE', ( #1120 ), #1070, .F. ) ;
#2306 = CARTESIAN_POINT ( 'NONE',  ( 1.204620119503999831, -0.06273188960587008922, 0.09659863943552993160 ) ) ;
#2307 = VERTEX_POINT ( 'NONE', #8867 ) ;
#2308 = EDGE_CURVE ( 'NONE', #1275, #7667, #5234, .T. ) ;
#2309 = VERTEX_POINT ( 'NONE', #9529 ) ;
#2310 = CARTESIAN_POINT ( 'NONE',  ( 1.031496062992000029, 0.000000000000000000, 0.000000000000000000 ) ) ;
#2311 = FACE_OUTER_BOUND ( 'NONE', #2660, .T. ) ;
#2312 = CARTESIAN_POINT ( 'NONE',  ( 1.360374959235999937, 0.09746161222688995429, -0.06253321786638996183 ) ) ;
#2313 = CARTESIAN_POINT ( 'NONE',  ( 1.137305091335488960, 0.08888723182194857575, 0.05452264598343771473 ) ) ;
#2314 = CARTESIAN_POINT ( 'NONE',  ( 1.224300013180000146, -0.1181329231232999960, -0.02510992795911999934 ) ) ;
#2315 = DIRECTION ( 'NONE',  ( 0.000000000000000000, -0.9997541118987406383, -0.02217466440694088742 ) ) ;
#2316 = CARTESIAN_POINT ( 'NONE',  ( 1.047973619356000086, 0.1124504196042999948, 0.03612382912791000517 ) ) ;
#2317 = DIRECTION ( 'NONE',  ( 0.000000000000000000, -0.9122602391622937068, 0.4096111034182968735 ) ) ;
#2318 = CARTESIAN_POINT ( 'NONE',  ( 1.275684772664000155, 0.05948255673673451260, -0.1032031167347788742 ) ) ;
#2319 = CARTESIAN_POINT ( 'NONE',  ( 0.7248214206942993343, -0.1814271628486000265, 0.08656276086205001719 ) ) ;
#2320 = ADVANCED_FACE ( 'NONE', ( #2597 ), #4164, .T. ) ;
#2321 = CARTESIAN_POINT ( 'NONE',  ( 1.307742782152000016, -0.08864826967872008190, 0.05118110236220000525 ) ) ;
#2322 = VERTEX_POINT ( 'NONE', #4928 ) ;
#2323 = VERTEX_POINT ( 'NONE', #7906 ) ;
#2324 = B_SPLINE_CURVE_WITH_KNOTS ( 'NONE', 3,
 ( #5885, #4431, #2051, #7496, #1282, #4531, #8975, #8257, #6644, #3572, #1383, #9118, #7451, #5282, #530, #5183, #5935, #576 ),
 .UNSPECIFIED., .F., .F.,
 ( 4, 2, 2, 2, 2, 2, 2, 2, 4 ),
 ( 0.000000000000000000, 0.1249999999999998890, 0.2499999999999997780, 0.3749999999999997780, 0.4999999999999997780, 0.6249999999999998890, 0.7499999999999998890, 0.8749999999999998890, 1.000000000000000000 ),
 .UNSPECIFIED. ) ;
#2325 = CARTESIAN_POINT ( 'NONE',  ( 1.080882771874000170, -0.01997105624482000547, 0.1077541769545000139 ) ) ;
#2326 = CARTESIAN_POINT ( 'NONE',  ( 0.8222440944882007940, 0.000000000000000000, 0.000000000000000000 ) ) ;
#2327 = CARTESIAN_POINT ( 'NONE',  ( 1.134343014051000020, 0.09334226838912991486, 0.05725532621902999775 ) ) ;
#2328 = CARTESIAN_POINT ( 'NONE',  ( 1.297775835599000116, 0.05664128730773000664, 0.08721993429785000751 ) ) ;
#2329 = CARTESIAN_POINT ( 'NONE',  ( 1.133332089612000049, 0.1032120743481999975, -0.01207644606743999913 ) ) ;
#2330 = CARTESIAN_POINT ( 'NONE',  ( 0.5819715378862000410, 0.1249886770810000047, 0.09034650680530001421 ) ) ;
#2331 = CARTESIAN_POINT ( 'NONE',  ( 0.5841804246273000212, -0.01574803149606000124, -0.1545109335357000291 ) ) ;
#2332 = DIRECTION ( 'NONE',  ( 0.000000000000000000, 0.000000000000000000, -1.000000000000000000 ) ) ;
#2333 = CIRCLE ( 'NONE', #6526, 0.1574803149606000263 ) ;
#2334 = EDGE_LOOP ( 'NONE', ( #4850, #6328, #9305, #7314, #8346 ) ) ;
#2335 = ORIENTED_EDGE ( 'NONE', *, *, #5819, .F. ) ;
#2336 = ORIENTED_EDGE ( 'NONE', *, *, #9315, .F. ) ;
#2337 = CARTESIAN_POINT ( 'NONE',  ( 1.311077095467729769, -0.1049168255531019722, -0.0009340531607363966420 ) ) ;
#2338 = DIRECTION ( 'NONE',  ( 0.000000000000000000, 1.000000000000000000, 0.000000000000000000 ) ) ;
#2339 =( GEOMETRIC_REPRESENTATION_CONTEXT ( 3 ) GLOBAL_UNCERTAINTY_ASSIGNED_CONTEXT ( ( #2114 ) ) GLOBAL_UNIT_ASSIGNED_CONTEXT ( ( #3395, #6415, #4201 ) ) REPRESENTATION_CONTEXT ( 'NONE', 'WORKASPACE' ) );
#2340 = CARTESIAN_POINT ( 'NONE',  ( 1.213214978050000115, -0.01895210237017000074, -0.1022563938278000101 ) ) ;
#2341 = CARTESIAN_POINT ( 'NONE',  ( 1.360902927902999826, -0.04315930987271000829, 0.1065552259545999997 ) ) ;
#2342 = DIRECTION ( 'NONE',  ( 1.000000000000000000, 0.000000000000000000, 0.000000000000000000 ) ) ;
#2343 = ADVANCED_FACE ( 'NONE', ( #4116 ), #7489, .T. ) ;
#2344 = DIRECTION ( 'NONE',  ( -1.000000000000000000, 0.000000000000000000, 0.000000000000000000 ) ) ;
#2345 = CARTESIAN_POINT ( 'NONE',  ( 1.260855042234000134, 0.07183494035557008717, 0.07569823244745001178 ) ) ;
#2346 = CARTESIAN_POINT ( 'NONE',  ( 1.265583176250391739, -0.05910953392561574260, 0.08600490554238665597 ) ) ;
#2347 = CARTESIAN_POINT ( 'NONE',  ( 1.342382000942375697, 0.01154328276983835819, -0.1181080393938954143 ) ) ;
#2348 = ORIENTED_EDGE ( 'NONE', *, *, #513, .F. ) ;
#2349 = VECTOR ( 'NONE', #8990, 39.37007874015748143 ) ;
#2350 = CARTESIAN_POINT ( 'NONE',  ( 1.052849792890000025, 0.05910869382497991459, -0.08600371016382007960 ) ) ;
#2351 = CARTESIAN_POINT ( 'NONE',  ( 0.7362204724408996093, 0.000000000000000000, 0.000000000000000000 ) ) ;
#2352 = DIRECTION ( 'NONE',  ( -1.000000000000000000, 0.000000000000000000, 0.000000000000000000 ) ) ;
#2353 = CARTESIAN_POINT ( 'NONE',  ( 0.7280600717204999128, 0.000000000000000000, 0.000000000000000000 ) ) ;
#2354 = CARTESIAN_POINT ( 'NONE',  ( 1.305948388672000249, 0.1095517057267000050, -0.002868712385264000214 ) ) ;
#2355 = ORIENTED_EDGE ( 'NONE', *, *, #154, .F. ) ;
#2356 = VECTOR ( 'NONE', #4163, 39.37007874015748143 ) ;
#2357 = AXIS2_PLACEMENT_3D ( 'NONE', #1596, #7765, #3926 ) ;
#2358 = ORIENTED_EDGE ( 'NONE', *, *, #9910, .T. ) ;
#2359 = CARTESIAN_POINT ( 'NONE',  ( 0.9787819354097994085, -0.09408090847152990321, -0.1755396842203999774 ) ) ;
#2360 = EDGE_CURVE ( 'NONE', #4967, #3215, #6378, .T. ) ;
#2361 = ADVANCED_FACE ( 'NONE', ( #7187 ), #4070, .F. ) ;
#2362 = CARTESIAN_POINT ( 'NONE',  ( 1.133773455974000033, -0.03993587390816000920, -0.09641372841431003482 ) ) ;
#2363 = CARTESIAN_POINT ( 'NONE',  ( 1.372423843750000261, 0.02508318826167999990, 0.1130488335962000074 ) ) ;
#2364 = CARTESIAN_POINT ( 'NONE',  ( 1.330638840905249864, 0.01546059376766942793, 0.1181102362205000839 ) ) ;
#2365 = FACE_OUTER_BOUND ( 'NONE', #3108, .T. ) ;
#2366 = CIRCLE ( 'NONE', #7046, 0.1220472440945000042 ) ;
#2367 = CARTESIAN_POINT ( 'NONE',  ( 0.7355155426311004163, -0.1850248958005999977, -0.09742962911555000383 ) ) ;
#2368 = CARTESIAN_POINT ( 'NONE',  ( 0.5393700787402000429, 0.000000000000000000, -0.1417322834646000118 ) ) ;
#2369 = CARTESIAN_POINT ( 'NONE',  ( 0.5841804246273000212, 0.000000000000000000, 0.000000000000000000 ) ) ;
#2370 = CARTESIAN_POINT ( 'NONE',  ( 0.7276665996183996343, -0.1667377335413000039, 0.1139301901513000148 ) ) ;
#2371 = DIRECTION ( 'NONE',  ( 0.000000000000000000, 0.000000000000000000, -1.000000000000000000 ) ) ;
#2372 = DIRECTION ( 'NONE',  ( -0.000000000000000000, 1.000000000000000000, 0.000000000000000000 ) ) ;
#2373 = ORIENTED_EDGE ( 'NONE', *, *, #1755, .T. ) ;
#2374 = ORIENTED_EDGE ( 'NONE', *, *, #1403, .T. ) ;
#2375 = VERTEX_POINT ( 'NONE', #7235 ) ;
#2376 = CARTESIAN_POINT ( 'NONE',  ( 1.184343586972999907, 0.1036772331635000127, -0.008159559935338995748 ) ) ;
#2377 = ADVANCED_FACE ( 'NONE', ( #6477 ), #4269, .F. ) ;
#2378 = CARTESIAN_POINT ( 'NONE',  ( 0.5788054723971000071, -0.1204948773236000081, 0.08775201030567993110 ) ) ;
#2379 = CARTESIAN_POINT ( 'NONE',  ( 1.044528786612000104, 0.03792437133931000209, -0.1027261694833999928 ) ) ;
#2380 = CARTESIAN_POINT ( 'NONE',  ( 1.186883447147000004, -0.05664128730773000664, 0.08721993429785000751 ) ) ;
#2381 = CARTESIAN_POINT ( 'NONE',  ( 1.157318746650999985, -0.05205768383162999446, -0.09633768215108996780 ) ) ;
#2382 = CARTESIAN_POINT ( 'NONE',  ( 0.9763779527559055538, 0.09399477469537993735, 0.1751968503937007815 ) ) ;
#2383 = DIRECTION ( 'NONE',  ( 0.000000000000000000, -0.6802292652421150221, 0.7329994179453162007 ) ) ;
#2384 = FACE_OUTER_BOUND ( 'NONE', #5084, .T. ) ;
#2385 = ORIENTED_EDGE ( 'NONE', *, *, #5102, .F. ) ;
#2386 = ORIENTED_EDGE ( 'NONE', *, *, #5152, .F. ) ;
#2387 = ORIENTED_EDGE ( 'NONE', *, *, #9603, .T. ) ;
#2388 = CARTESIAN_POINT ( 'NONE',  ( 1.332765087592793218, 0.09930847543008995693, 0.03385572310712910149 ) ) ;
#2389 = CARTESIAN_POINT ( 'NONE',  ( 0.7362204724408996093, -0.003937007874016000379, -0.1574310946703000036 ) ) ;
#2390 = CARTESIAN_POINT ( 'NONE',  ( 1.247335712958000054, -0.08867274169577993304, -0.05433872599770000339 ) ) ;
#2391 = CARTESIAN_POINT ( 'NONE',  ( 1.332540067011000140, -0.09674352648658997300, -0.06210824234863996512 ) ) ;
#2392 = DIRECTION ( 'NONE',  ( 0.000000000000000000, 1.000000000000000000, 0.000000000000000000 ) ) ;
#2393 = LINE ( 'NONE', #2446, #1717 ) ;
#2394 = DIRECTION ( 'NONE',  ( 0.000000000000000000, 0.000000000000000000, 1.000000000000000000 ) ) ;
#2395 = CARTESIAN_POINT ( 'NONE',  ( 1.263044129327000054, -0.02700970012306000076, 0.1008015731564999989 ) ) ;
#2396 = CARTESIAN_POINT ( 'NONE',  ( 1.293306273363391989, 0.09925121538690656608, 0.03224867479306125356 ) ) ;
#2397 = CARTESIAN_POINT ( 'NONE',  ( 0.5841804246273000212, 0.1553113939093999918, 0.000000000000000000 ) ) ;
#2398 = TOROIDAL_SURFACE ( 'NONE', #7078, 0.3740157480314960647, 0.09842519685038997324 ) ;
#2399 = FACE_OUTER_BOUND ( 'NONE', #3628, .T. ) ;
#2400 = ORIENTED_EDGE ( 'NONE', *, *, #2295, .T. ) ;
#2401 = ORIENTED_EDGE ( 'NONE', *, *, #4515, .T. ) ;
#2402 = CARTESIAN_POINT ( 'NONE',  ( 1.046452155095000114, -0.04163445952744000006, -0.09351252716027008693 ) ) ;
#2403 = CARTESIAN_POINT ( 'NONE',  ( 1.311923062273999907, 0.02436176678408999777, 0.1014740604109000133 ) ) ;
#2404 = DIRECTION ( 'NONE',  ( -1.000000000000000000, 0.000000000000000000, 0.000000000000000000 ) ) ;
#2405 = FACE_OUTER_BOUND ( 'NONE', #5346, .T. ) ;
#2406 = CARTESIAN_POINT ( 'NONE',  ( 1.244104556651000060, -0.09764474495492007911, 0.04975248256392000856 ) ) ;
#2407 = ORIENTED_EDGE ( 'NONE', *, *, #629, .F. ) ;
#2408 = CIRCLE ( 'NONE', #8543, 0.2020722792147000568 ) ;
#2409 = ORIENTED_EDGE ( 'NONE', *, *, #3164, .T. ) ;
#2410 = DIRECTION ( 'NONE',  ( 1.000000000000000000, 0.000000000000000000, 0.000000000000000000 ) ) ;
#2411 = CARTESIAN_POINT ( 'NONE',  ( 1.144436185633000091, 0.1008015731564999989, -0.02700970012306000076 ) ) ;
#2412 = CARTESIAN_POINT ( 'NONE',  ( 1.321061824204000201, 0.1212288393806000009, -0.006798969137189999137 ) ) ;
#2413 = CARTESIAN_POINT ( 'NONE',  ( 1.101797140953427068, 0.04101228158959681347, 0.09587310188379137565 ) ) ;
#2414 = DIRECTION ( 'NONE',  ( 0.000000000000000000, 0.000000000000000000, 1.000000000000000000 ) ) ;
#2415 = AXIS2_PLACEMENT_3D ( 'NONE', #5002, #2070, #8080 ) ;
#2416 = CARTESIAN_POINT ( 'NONE',  ( 1.055160897814999998, -0.04308208645362000128, -0.1103107477802999919 ) ) ;
#2417 = DIRECTION ( 'NONE',  ( 1.000000000000000000, 0.000000000000000000, 0.000000000000000000 ) ) ;
#2418 = CARTESIAN_POINT ( 'NONE',  ( 1.351807738413238980, 0.009271783374325000271, 0.1045062686985000072 ) ) ;
#2419 = DIRECTION ( 'NONE',  ( 1.000000000000000000, 0.000000000000000000, 0.000000000000000000 ) ) ;
#2420 = DIRECTION ( 'NONE',  ( 1.000000000000000000, 0.000000000000000000, 0.000000000000000000 ) ) ;
#2421 = CARTESIAN_POINT ( 'NONE',  ( -0.06692913385827008177, 0.000000000000000000, 0.000000000000000000 ) ) ;
#2422 = VERTEX_POINT ( 'NONE', #2698 ) ;
#2423 = AXIS2_PLACEMENT_3D ( 'NONE', #5793, #4330, #6592 ) ;
#2424 = EDGE_CURVE ( 'NONE', #6903, #2624, #3408, .T. ) ;
#2425 = ADVANCED_FACE ( 'NONE', ( #5582 ), #5733, .T. ) ;
#2426 = EDGE_LOOP ( 'NONE', ( #9154, #9864, #1124, #9677 ) ) ;
#2427 = CIRCLE ( 'NONE', #8890, 0.1574803149606000263 ) ;
#2428 = CARTESIAN_POINT ( 'NONE',  ( 1.139560122407000220, 0.06112840096925000605, -0.08413602592137991998 ) ) ;
#2429 = DIRECTION ( 'NONE',  ( 0.000000000000000000, 0.000000000000000000, 1.000000000000000000 ) ) ;
#2430 = CARTESIAN_POINT ( 'NONE',  ( 1.086302845886000012, 0.07361965376779999737, -0.08106230953768996106 ) ) ;
#2431 = CARTESIAN_POINT ( 'NONE',  ( 1.279681532588000215, 0.01997105624407000124, -0.1077541769543000072 ) ) ;
#2432 = CARTESIAN_POINT ( 'NONE',  ( 1.161496152578000096, 0.01866275146346000127, -0.1079011266563000004 ) ) ;
#2433 = CARTESIAN_POINT ( 'NONE',  ( 0.7360889429602007761, -0.006083609969263995693, 0.2110744122274000323 ) ) ;
#2434 = DIRECTION ( 'NONE',  ( 1.000000000000000000, 0.000000000000000000, 0.000000000000000000 ) ) ;
#2435 = DIRECTION ( 'NONE',  ( 0.000000000000000000, 0.000000000000000000, -1.000000000000000000 ) ) ;
#2436 = ORIENTED_EDGE ( 'NONE', *, *, #8054, .T. ) ;
#2437 = ADVANCED_FACE ( 'NONE', ( #1891, #4974 ), #930, .T. ) ;
#2438 = EDGE_CURVE ( 'NONE', #8502, #4048, #8668, .T. ) ;
#2439 = ORIENTED_EDGE ( 'NONE', *, *, #5647, .F. ) ;
#2440 = CARTESIAN_POINT ( 'NONE',  ( 1.065890275532999976, -0.009476099019001003876, -0.1203995911552000198 ) ) ;
#2441 = B_SPLINE_CURVE_WITH_KNOTS ( 'NONE', 3,
 ( #8442, #3137, #7692, #4666, #3034, #3848 ),
 .UNSPECIFIED., .F., .F.,
 ( 4, 1, 1, 4 ),
 ( 0.000000000000000000, 0.3333333333333000081, 0.6666666666667000474, 1.000000000000000000 ),
 .UNSPECIFIED. ) ;
#2442 = CARTESIAN_POINT ( 'NONE',  ( 0.000000000000000000, 0.000000000000000000, 0.1023622047244000105 ) ) ;
#2443 = CARTESIAN_POINT ( 'NONE',  ( 0.7334836223767007279, -0.1720445516939999864, -0.1126956960066000102 ) ) ;
#2444 = CARTESIAN_POINT ( 'NONE',  ( 1.382257519607000162, 0.1021699734446000069, 0.009385840972498995724 ) ) ;
#2445 = DIRECTION ( 'NONE',  ( 0.000000000000000000, -1.000000000000000000, 0.000000000000000000 ) ) ;
#2446 = CARTESIAN_POINT ( 'NONE',  ( 0.8661417266193996989, -0.09349875928108997147, 0.1732283514409999892 ) ) ;
#2447 = DIRECTION ( 'NONE',  ( 1.000000000000000000, 0.000000000000000000, 0.000000000000000000 ) ) ;
#2448 = AXIS2_PLACEMENT_3D ( 'NONE', #2353, #2252, #2303 ) ;
#2449 = CARTESIAN_POINT ( 'NONE',  ( 1.280104496782000112, -0.01632510462271000162, -0.1030726540387999907 ) ) ;
#2450 = CARTESIAN_POINT ( 'NONE',  ( 1.158042261456999622, 0.1032031167347786799, 0.05948255673673467220 ) ) ;
#2451 = DIRECTION ( 'NONE',  ( 0.000000000000000000, 0.1065330715940051992, -0.9943091594955497659 ) ) ;
#2452 = CARTESIAN_POINT ( 'NONE',  ( 0.7280600717204999128, 0.01516969372517000189, -0.2015020754713999773 ) ) ;
#2453 = EDGE_LOOP ( 'NONE', ( #4002, #8399, #4647, #2477 ) ) ;
#2454 = ADVANCED_FACE ( 'NONE', ( #4370 ), #2946, .T. ) ;
#2455 = B_SPLINE_CURVE_WITH_KNOTS ( 'NONE', 3,
 ( #8201, #5777, #1368, #416, #9015, #3604 ),
 .UNSPECIFIED., .F., .F.,
 ( 4, 1, 1, 4 ),
 ( 0.000000000000000000, 0.3333333333333000081, 0.6666666666667000474, 1.000000000000000000 ),
 .UNSPECIFIED. ) ;
#2456 = CARTESIAN_POINT ( 'NONE',  ( 1.133943079458999970, 0.1040357683916000170, 0.008187792543227993131 ) ) ;
#2457 = CARTESIAN_POINT ( 'NONE',  ( 0.7362204724408996093, 0.003937007874016000379, 0.1574310946703000036 ) ) ;
#2458 = CARTESIAN_POINT ( 'NONE',  ( 1.278613127599041333, 0.07258425826477025999, 0.09444883965335072740 ) ) ;
#2459 = DIRECTION ( 'NONE',  ( 1.000000000000000000, 0.000000000000000000, 0.000000000000000000 ) ) ;
#2460 = CARTESIAN_POINT ( 'NONE',  ( 1.212116367674999973, -0.08333232648411004195, -0.07117253052570000904 ) ) ;
#2461 = ORIENTED_EDGE ( 'NONE', *, *, #9801, .F. ) ;
#2462 = ORIENTED_EDGE ( 'NONE', *, *, #752, .T. ) ;
#2463 = ORIENTED_EDGE ( 'NONE', *, *, #213, .F. ) ;
#2464 = CARTESIAN_POINT ( 'NONE',  ( 1.071451604820577774, -0.07258138470811256737, -0.09444627027446936274 ) ) ;
#2465 = FACE_BOUND ( 'NONE', #9262, .T. ) ;
#2466 = CARTESIAN_POINT ( 'NONE',  ( 1.362028031553000007, 0.1190301596353999930, 0.02396826136276000024 ) ) ;
#2467 = DIRECTION ( 'NONE',  ( 1.000000000000000000, 0.000000000000000000, 0.000000000000000000 ) ) ;
#2468 = CARTESIAN_POINT ( 'NONE',  ( 1.094065883504499848, -0.1150361429136074615, 0.03091510445189059667 ) ) ;
#2469 = EDGE_CURVE ( 'NONE', #3958, #5526, #6341, .T. ) ;
#2470 = CARTESIAN_POINT ( 'NONE',  ( 1.111642777912999591, -0.05948255673673411015, -0.1032031167347790546 ) ) ;
#2471 = LINE ( 'NONE', #3233, #9182 ) ;
#2472 = DIRECTION ( 'NONE',  ( 0.000000000000000000, 0.000000000000000000, 1.000000000000000000 ) ) ;
#2473 = DIRECTION ( 'NONE',  ( -1.000000000000000000, 0.000000000000000000, 0.000000000000000000 ) ) ;
#2474 = CARTESIAN_POINT ( 'NONE',  ( 0.7360889355193996897, -0.006083670703963996694, -0.2110743499194999984 ) ) ;
#2475 = ORIENTED_EDGE ( 'NONE', *, *, #7745, .F. ) ;
#2476 = ORIENTED_EDGE ( 'NONE', *, *, #8114, .T. ) ;
#2477 = ORIENTED_EDGE ( 'NONE', *, *, #3911, .T. ) ;
#2478 = CARTESIAN_POINT ( 'NONE',  ( 1.169415765451000011, -0.08082150710130001081, -0.06544796599297991735 ) ) ;
#2479 = CARTESIAN_POINT ( 'NONE',  ( 1.336301229086333642, -0.09197940250215627667, -0.07690747405743884879 ) ) ;
#2480 = CARTESIAN_POINT ( 'NONE',  ( 1.055983225869999931, 0.05052986983766000195, 0.1034045063053000008 ) ) ;
#2481 = EDGE_CURVE ( 'NONE', #7532, #8539, #9873, .T. ) ;
#2482 = CARTESIAN_POINT ( 'NONE',  ( 1.209307516840000041, 0.1094390709590000038, -0.005735458675759000542 ) ) ;
#2483 = CARTESIAN_POINT ( 'NONE',  ( 1.167762261468999974, 0.1008803311590000112, -0.04259239147470000181 ) ) ;
#2484 = CARTESIAN_POINT ( 'NONE',  ( 0.5795727107672999923, 0.1225473662802000069, 0.08893701535723995411 ) ) ;
#2485 = CARTESIAN_POINT ( 'NONE',  ( 0.6104330708661004357, 0.3740157480314960647, 0.5314960629921000601 ) ) ;
#2486 = LENGTH_MEASURE_WITH_UNIT ( LENGTH_MEASURE( 0.02539999999999999897 ), #7085 );
#2487 = ADVANCED_FACE ( 'NONE', ( #7393 ), #2799, .T. ) ;
#2488 = VERTEX_POINT ( 'NONE', #3562 ) ;
#2489 = EDGE_LOOP ( 'NONE', ( #4571, #5949, #162, #9691 ) ) ;
#2490 = AXIS2_PLACEMENT_3D ( 'NONE', #9927, #5427, #7805 ) ;
#2491 = CARTESIAN_POINT ( 'NONE',  ( 1.068022821465000050, 0.03125823055139000106, -0.1166569253376000120 ) ) ;
#2492 = B_SPLINE_CURVE_WITH_KNOTS ( 'NONE', 3,
 ( #1295, #3482, #7365, #2066, #7463, #443, #9700, #5144, #8224, #1915, #4996, #9650, #4393 ),
 .UNSPECIFIED., .F., .F.,
 ( 4, 1, 1, 1, 1, 1, 1, 1, 1, 1, 4 ),
 ( 0.000000000000000000, 0.1000000000000000056, 0.2000000000000000111, 0.2999999999999999889, 0.4000000000000000222, 0.5000000000000000000, 0.5999999999999999778, 0.6999999999999999556, 0.8000000000000000444, 0.9000000000000000222, 1.000000000000000000 ),
 .UNSPECIFIED. ) ;
#2493 = EDGE_CURVE ( 'NONE', #7456, #9704, #7811, .T. ) ;
#2494 = CARTESIAN_POINT ( 'NONE',  ( 1.210067974762999654, 0.05948255673673389504, 0.1032031167347791933 ) ) ;
#2495 = CARTESIAN_POINT ( 'NONE',  ( 1.390579231607000255, -0.04239408918907999757, 0.09409014822354999641 ) ) ;
#2496 = ADVANCED_FACE ( 'NONE', ( #4423 ), #2892, .T. ) ;
#2497 = CARTESIAN_POINT ( 'NONE',  ( 1.350518127656000100, 0.02686601084883999749, 0.1002653174845000023 ) ) ;
#2498 = CARTESIAN_POINT ( 'NONE',  ( 0.6104330708661004357, -0.3543307086614000401, -0.3543307086614000401 ) ) ;
#2499 = CARTESIAN_POINT ( 'NONE',  ( 1.241141761694388945, -0.09298318451212993219, 0.04737729888396000760 ) ) ;
#2500 = DIRECTION ( 'NONE',  ( -1.000000000000000000, 0.000000000000000000, 0.000000000000000000 ) ) ;
#2501 = AXIS2_PLACEMENT_3D ( 'NONE', #9624, #1841, #314 ) ;
#2502 = CARTESIAN_POINT ( 'NONE',  ( 1.237397036985000254, -0.1020770065874999910, -0.02169713754582000206 ) ) ;
#2503 = CARTESIAN_POINT ( 'NONE',  ( 1.160502891378249801, 0.07258425826477023224, 0.09444883965335072740 ) ) ;
#2504 = CARTESIAN_POINT ( 'NONE',  ( 0.6104330708661004357, 0.3543307086614000401, 0.3543307086614000401 ) ) ;
#2505 = ORIENTED_EDGE ( 'NONE', *, *, #4408, .F. ) ;
#2506 = ORIENTED_EDGE ( 'NONE', *, *, #8304, .F. ) ;
#2507 = CIRCLE ( 'NONE', #4451, 0.1850394236137000714 ) ;
#2508 = EDGE_CURVE ( 'NONE', #7762, #4512, #2333, .T. ) ;
#2509 = CARTESIAN_POINT ( 'NONE',  ( 1.070279794265749818, 0.07258425826477089837, -0.09444883965335021392 ) ) ;
#2510 = CARTESIAN_POINT ( 'NONE',  ( 0.7249764069818995793, 0.01574803149606000124, 0.1537847640464000132 ) ) ;
#2511 = CARTESIAN_POINT ( 'NONE',  ( 0.7268675672382992614, -0.01551150613601999864, -0.2010874049501000238 ) ) ;
#2512 = DIRECTION ( 'NONE',  ( 0.000000000000000000, 0.000000000000000000, -1.000000000000000000 ) ) ;
#2513 = AXIS2_PLACEMENT_3D ( 'NONE', #6876, #4568, #3797 ) ;
#2514 = AXIS2_PLACEMENT_3D ( 'NONE', #955, #2524, #1044 ) ;
#2515 = CARTESIAN_POINT ( 'NONE',  ( 1.307046999046999947, 0.08250703959862992765, 0.06330987804492992088 ) ) ;
#2516 = VERTEX_POINT ( 'NONE', #522 ) ;
#2517 = AXIS2_PLACEMENT_3D ( 'NONE', #4901, #8789, #292 ) ;
#2518 = CARTESIAN_POINT ( 'NONE',  ( 0.9833987724170001332, -0.09505360061837007934, -0.1794332257083000315 ) ) ;
#2519 = CARTESIAN_POINT ( 'NONE',  ( 1.123167267477000131, -0.1030726540388999940, -0.01632510462271000162 ) ) ;
#2520 = CARTESIAN_POINT ( 'NONE',  ( 0.7358050155909999779, 0.1325573408924999863, -0.08482813847027007026 ) ) ;
#2521 = CARTESIAN_POINT ( 'NONE',  ( 0.5819715378862000410, 0.01574803149606000124, -0.1534166229402000037 ) ) ;
#2522 = DIRECTION ( 'NONE',  ( -1.000000000000000000, 0.000000000000000000, 0.000000000000000000 ) ) ;
#2523 = CARTESIAN_POINT ( 'NONE',  ( 1.101800258227999985, -0.1032031167347789991, 0.05948255673673419341 ) ) ;
#2524 = DIRECTION ( 'NONE',  ( -1.000000000000000000, 0.000000000000000000, 0.000000000000000000 ) ) ;
#2525 = CIRCLE ( 'NONE', #9789, 0.1553113939094000751 ) ;
#2526 = AXIS2_PLACEMENT_3D ( 'NONE', #887, #7054, #6245 ) ;
#2527 = CARTESIAN_POINT ( 'NONE',  ( 0.7244094488188976833, -0.1813108520207999952, 0.08649560877427991956 ) ) ;
#2528 = CIRCLE ( 'NONE', #8321, 0.01181102362205000735 ) ;
#2529 = LINE ( 'NONE', #8746, #6212 ) ;
#2530 = VERTEX_POINT ( 'NONE', #8250 ) ;
#2531 = CARTESIAN_POINT ( 'NONE',  ( 1.113969571224999955, 0.03213710222363000413, 0.09890783044617008912 ) ) ;
#2532 = FACE_OUTER_BOUND ( 'NONE', #7533, .T. ) ;
#2533 = CARTESIAN_POINT ( 'NONE',  ( 1.124910423670999915, 0.1036417328270999860, -0.05004149160871999846 ) ) ;
#2534 = CARTESIAN_POINT ( 'NONE',  ( 1.305272083769000169, -0.09891369741183997366, 0.04717896682107999839 ) ) ;
#2535 = FACE_BOUND ( 'NONE', #9216, .T. ) ;
#2536 = CARTESIAN_POINT ( 'NONE',  ( 1.286815227336749468, -0.07258425826477070408, 0.09444883965335036657 ) ) ;
#2537 = CARTESIAN_POINT ( 'NONE',  ( 1.152559084529364286, 0.04737729888396000760, 0.09298318451212993219 ) ) ;
#2538 = CARTESIAN_POINT ( 'NONE',  ( 0.6104330708661004357, 0.3740157480314960647, 0.5314960629921000601 ) ) ;
#2539 = ORIENTED_EDGE ( 'NONE', *, *, #7241, .F. ) ;
#2540 = B_SPLINE_CURVE_WITH_KNOTS ( 'NONE', 3,
 ( #7985, #1055, #9609, #8852 ),
 .UNSPECIFIED., .F., .F.,
 ( 4, 4 ),
 ( 0.000000000000000000, 1.000000000000000000 ),
 .UNSPECIFIED. ) ;
#2541 = ORIENTED_EDGE ( 'NONE', *, *, #2813, .T. ) ;
#2542 = CARTESIAN_POINT ( 'NONE',  ( 1.123469015691000106, 0.03732062606186000581, 0.1148610764277000068 ) ) ;
#2543 = CARTESIAN_POINT ( 'NONE',  ( 1.193663775287999940, 0.000000000000000000, -0.1181102362205000006 ) ) ;
#2544 = ADVANCED_FACE ( 'NONE', ( #6679 ), #5972, .T. ) ;
#2545 = CARTESIAN_POINT ( 'NONE',  ( 1.369694498448000175, 0.02403804991691000162, -0.1021258944721999962 ) ) ;
#2546 = CARTESIAN_POINT ( 'NONE',  ( 1.336336697209999924, 0.06001990658322008121, -0.08469077424697007972 ) ) ;
#2547 = CARTESIAN_POINT ( 'NONE',  ( 0.7362204724408996093, 0.000000000000000000, 0.000000000000000000 ) ) ;
#2548 = CARTESIAN_POINT ( 'NONE',  ( 1.219816302376482753, 0.07755271207417993584, -0.06982877559786006272 ) ) ;
#2549 = DIRECTION ( 'NONE',  ( 0.000000000000000000, -1.000000000000000000, 0.000000000000000000 ) ) ;
#2550 = CARTESIAN_POINT ( 'NONE',  ( 1.248059766644000090, 0.03483523850942000372, -0.09837167889972008028 ) ) ;
#2551 = CARTESIAN_POINT ( 'NONE',  ( 1.151480581666999736, 0.1032031167347791240, -0.05948255673673397831 ) ) ;
#2552 = CARTESIAN_POINT ( 'NONE',  ( 1.150192646679249808, -0.07258425826477050979, -0.09444883965335056086 ) ) ;
#2553 = ORIENTED_EDGE ( 'NONE', *, *, #5062, .T. ) ;
#2554 = EDGE_CURVE ( 'NONE', #3200, #8595, #2820, .T. ) ;
#2555 = CARTESIAN_POINT ( 'NONE',  ( 1.074380844134499968, 0.1150361429136075864, -0.03091510445189034686 ) ) ;
#2556 = AXIS2_PLACEMENT_3D ( 'NONE', #9255, #1670, #2429 ) ;
#2557 = FACE_OUTER_BOUND ( 'NONE', #4373, .T. ) ;
#2558 = CARTESIAN_POINT ( 'NONE',  ( 1.281073757520416079, 0.03091510445189025666, 0.1150361429136075309 ) ) ;
#2559 = DIRECTION ( 'NONE',  ( 0.000000000000000000, 1.000000000000000000, 0.000000000000000000 ) ) ;
#2560 = CARTESIAN_POINT ( 'NONE',  ( 1.302781907183000021, 0.1039622099295000046, -0.002722346286127999820 ) ) ;
#2561 = EDGE_CURVE ( 'NONE', #8502, #8226, #7008, .T. ) ;
#2562 = CARTESIAN_POINT ( 'NONE',  ( 0.6791338582677007851, 0.000000000000000000, 0.000000000000000000 ) ) ;
#2563 = VECTOR ( 'NONE', #385, 39.37007874015748143 ) ;
#2564 = CARTESIAN_POINT ( 'NONE',  ( 0.9767825731105000964, -0.09399477469537993735, -0.1751968503937007815 ) ) ;
#2565 = CARTESIAN_POINT ( 'NONE',  ( 1.063399440226000081, 0.08442697196611004262, -0.06133978363043995907 ) ) ;
#2566 = CARTESIAN_POINT ( 'NONE',  ( 1.297767314142999950, -0.09630965515862006943, 0.07062967978747007602 ) ) ;
#2567 = CARTESIAN_POINT ( 'NONE',  ( 0.6104330708661004357, -0.3543307086614000401, -0.3543307086614000401 ) ) ;
#2568 = CARTESIAN_POINT ( 'NONE',  ( 0.7362204724408996093, 0.000000000000000000, 0.000000000000000000 ) ) ;
#2569 = LINE ( 'NONE', #9548, #6638 ) ;
#2570 = DIRECTION ( 'NONE',  ( 0.000000000000000000, -1.000000000000000000, 0.000000000000000000 ) ) ;
#2571 = DIRECTION ( 'NONE',  ( 1.000000000000000000, 0.000000000000000000, -1.040834085586123763E-13 ) ) ;
#2572 = VECTOR ( 'NONE', #2135, 39.37007874015748143 ) ;
#2573 = CARTESIAN_POINT ( 'NONE',  ( 1.327209173171000067, -0.08539874559402992060, 0.08539888440363994915 ) ) ;
#2574 = EDGE_LOOP ( 'NONE', ( #3702, #137, #9761, #8760, #8958, #9466 ) ) ;
#2575 = ORIENTED_EDGE ( 'NONE', *, *, #2064, .T. ) ;
#2576 = CARTESIAN_POINT ( 'NONE',  ( 1.096909203770999985, 0.01087073517139999952, -0.1034281363059999931 ) ) ;
#2577 = AXIS2_PLACEMENT_3D ( 'NONE', #9996, #2160, #3018 ) ;
#2578 = CARTESIAN_POINT ( 'NONE',  ( 0.7362204724408996093, -0.1827275465568999890, -0.1100438633047000070 ) ) ;
#2579 = CARTESIAN_POINT ( 'NONE',  ( 1.066426740687999919, -0.1077683532425999929, 0.04039482275271000233 ) ) ;
#2580 = CARTESIAN_POINT ( 'NONE',  ( 1.249825889543000113, 0.1086517079254000068, 0.01430426871551000040 ) ) ;
#2581 = FACE_OUTER_BOUND ( 'NONE', #2905, .T. ) ;
#2582 = DIRECTION ( 'NONE',  ( 1.000000000000000000, 0.000000000000000000, 0.000000000000000000 ) ) ;
#2583 = CARTESIAN_POINT ( 'NONE',  ( 1.133366171143364243, -0.03993587390816000920, -0.09641372841431003482 ) ) ;
#2584 = CARTESIAN_POINT ( 'NONE',  ( 0.7244094488188976833, 0.1813108520207999952, -0.08649560877427991956 ) ) ;
#2585 = EDGE_CURVE ( 'NONE', #4027, #1919, #6035, .T. ) ;
#2586 = ORIENTED_EDGE ( 'NONE', *, *, #4152, .T. ) ;
#2587 = ORIENTED_EDGE ( 'NONE', *, *, #8419, .T. ) ;
#2588 = AXIS2_PLACEMENT_3D ( 'NONE', #383, #2612, #4333 ) ;
#2589 = ORIENTED_EDGE ( 'NONE', *, *, #9604, .F. ) ;
#2590 = CARTESIAN_POINT ( 'NONE',  ( 1.127734107553999943, -0.04328084371084000431, 0.1127504526618000047 ) ) ;
#2591 = DIRECTION ( 'NONE',  ( -1.000000000000000000, 0.000000000000000000, 0.000000000000000000 ) ) ;
#2592 = CARTESIAN_POINT ( 'NONE',  ( 1.320887957286999814, -0.09759908877285000672, 0.03849525599911000212 ) ) ;
#2593 = CARTESIAN_POINT ( 'NONE',  ( 1.349632771873999770, 0.08625386733352990998, 0.06726777285899999959 ) ) ;
#2594 = VECTOR ( 'NONE', #7646, 39.37007874015748143 ) ;
#2595 = CARTESIAN_POINT ( 'NONE',  ( 1.095238578438000099, 0.000000000000000000, 0.1181102362205000006 ) ) ;
#2596 = CARTESIAN_POINT ( 'NONE',  ( 1.192093205263482725, 0.04492705090909000082, 0.09419148551886009912 ) ) ;
#2597 = FACE_OUTER_BOUND ( 'NONE', #1107, .T. ) ;
#2598 = LINE ( 'NONE', #7047, #5600 ) ;
#2599 = CARTESIAN_POINT ( 'NONE',  ( 1.143630966889249700, -0.1181102362205000006, 0.01546059376766979396 ) ) ;
#2600 = B_SPLINE_CURVE_WITH_KNOTS ( 'NONE', 3,
 ( #7254, #8883, #3473, #4131, #1956, #1908, #6445, #1085, #4942, #9543, #8169 ),
 .UNSPECIFIED., .F., .F.,
 ( 4, 1, 1, 1, 1, 1, 1, 1, 4 ),
 ( 0.000000000000000000, 0.1250000000000000000, 0.2500000000000000000, 0.3750000000000000000, 0.5000000000000000000, 0.6250000000000000000, 0.7500000000000000000, 0.8750000000000000000, 1.000000000000000000 ),
 .UNSPECIFIED. ) ;
#2601 = ORIENTED_EDGE ( 'NONE', *, *, #1419, .F. ) ;
#2602 = ADVANCED_FACE ( 'NONE', ( #6020 ), #8101, .T. ) ;
#2603 = VECTOR ( 'NONE', #9338, 39.37007874015748854 ) ;
#2604 = CARTESIAN_POINT ( 'NONE',  ( 1.114750166073000148, -0.1030726540388999940, -0.01632510462271000162 ) ) ;
#2605 = CARTESIAN_POINT ( 'NONE',  ( 0.6092519685038996213, 0.000000000000000000, 0.000000000000000000 ) ) ;
#2606 = CARTESIAN_POINT ( 'NONE',  ( 0.7334686179297008612, 0.01157818479516000039, 0.1563464199078999917 ) ) ;
#2607 = EDGE_CURVE ( 'NONE', #2223, #8844, #8919, .T. ) ;
#2608 = CYLINDRICAL_SURFACE ( 'NONE', #1072, 0.01181102362205004204 ) ;
#2609 = CARTESIAN_POINT ( 'NONE',  ( 0.5393700787402000429, 0.000000000000000000, 0.000000000000000000 ) ) ;
#2610 = EDGE_CURVE ( 'NONE', #3148, #3740, #7176, .T. ) ;
#2611 = CARTESIAN_POINT ( 'NONE',  ( 1.378550848747793989, 0.02272707645411142785, 0.1024299406193592693 ) ) ;
#2612 = DIRECTION ( 'NONE',  ( -1.000000000000000000, 0.000000000000000000, 0.000000000000000000 ) ) ;
#2613 = CARTESIAN_POINT ( 'NONE',  ( 1.114580542588999856, 0.03224823098968999935, 0.09924984962000001076 ) ) ;
#2614 = EDGE_CURVE ( 'NONE', #9666, #4524, #11, .T. ) ;
#2615 = CARTESIAN_POINT ( 'NONE',  ( 0.7261126622680000864, 0.1256098110564000114, -0.09061112456671002735 ) ) ;
#2616 = CARTESIAN_POINT ( 'NONE',  ( 0.7362204724408996093, -0.1383078312671000010, -0.07530599850137008333 ) ) ;
#2617 = EDGE_CURVE ( 'NONE', #1197, #3265, #6831, .T. ) ;
#2618 = CARTESIAN_POINT ( 'NONE',  ( 0.9645669291338997420, 0.2755905511811023723, 0.000000000000000000 ) ) ;
#2619 = ADVANCED_FACE ( 'NONE', ( #2384 ), #5417, .F. ) ;
#2620 = CARTESIAN_POINT ( 'NONE',  ( 1.114923617808000200, 0.000000000000000000, -0.1181102362205000006 ) ) ;
#2621 = CARTESIAN_POINT ( 'NONE',  ( 0.7344555622518996740, 0.01022296413929000072, -0.1566955674076000171 ) ) ;
#2622 = CARTESIAN_POINT ( 'NONE',  ( 0.5787401574803000548, 0.000000000000000000, -0.1220472440945000042 ) ) ;
#2623 = CARTESIAN_POINT ( 'NONE',  ( 0.7362204724408996093, -0.003937007874016000379, -0.2132686289419000181 ) ) ;
#2624 = VERTEX_POINT ( 'NONE', #9213 ) ;
#2625 = ORIENTED_EDGE ( 'NONE', *, *, #6742, .T. ) ;
#2626 = B_SPLINE_CURVE_WITH_KNOTS ( 'NONE', 3,
 ( #4506, #1204, #6004, #6666, #5914, #2784 ),
 .UNSPECIFIED., .F., .F.,
 ( 4, 1, 1, 4 ),
 ( 0.000000000000000000, 0.3333333333333000081, 0.6666666666667000474, 1.000000000000000000 ),
 .UNSPECIFIED. ) ;
#2627 = DIRECTION ( 'NONE',  ( 1.000000000000000000, 0.000000000000000000, 0.000000000000000000 ) ) ;
#2628 = CARTESIAN_POINT ( 'NONE',  ( 0.7244094488188976833, -1.917212598425000136, 1.102357144683000056 ) ) ;
#2629 = CARTESIAN_POINT ( 'NONE',  ( 1.045539711051000076, 0.09809007896379999536, -0.06020041896137991871 ) ) ;
#2630 = CARTESIAN_POINT ( 'NONE',  ( 1.292476808178000036, 0.08694300485362992104, 0.06671371389544999975 ) ) ;
#2631 = EDGE_CURVE ( 'NONE', #3372, #3859, #2183, .T. ) ;
#2632 = DIRECTION ( 'NONE',  ( 0.000000000000000000, 0.000000000000000000, -1.000000000000000000 ) ) ;
#2633 = FACE_OUTER_BOUND ( 'NONE', #835, .T. ) ;
#2634 = CARTESIAN_POINT ( 'NONE',  ( 1.137631263007364391, 0.02963912214328001324, -0.1000599994510000118 ) ) ;
#2635 = LINE ( 'NONE', #8801, #3239 ) ;
#2636 = ORIENTED_EDGE ( 'NONE', *, *, #4845, .T. ) ;
#2637 = ORIENTED_EDGE ( 'NONE', *, *, #8683, .F. ) ;
#2638 = CARTESIAN_POINT ( 'NONE',  ( 1.159722296530999897, 0.08760497366872992131, 0.08313401587962007677 ) ) ;
#2639 = FACE_OUTER_BOUND ( 'NONE', #6073, .T. ) ;
#2640 = CARTESIAN_POINT ( 'NONE',  ( 1.344985726316000108, 0.09930460926623997653, 0.03385440507488000211 ) ) ;
#2641 = VERTEX_POINT ( 'NONE', #4672 ) ;
#2642 = CARTESIAN_POINT ( 'NONE',  ( 1.359762365050000144, -0.07114751692377992154, 0.08308257176443996361 ) ) ;
#2643 = CARTESIAN_POINT ( 'NONE',  ( 1.311421526549250149, 0.1181102362205000561, -0.01546059376766952508 ) ) ;
#2644 = CARTESIAN_POINT ( 'NONE',  ( 1.204888480854482413, -0.1043217069379000495, -0.002731760046631000020 ) ) ;
#2645 = CARTESIAN_POINT ( 'NONE',  ( 1.188320209974000008, 0.08864826967872008190, 0.05118110236220999726 ) ) ;
#2646 = FACE_OUTER_BOUND ( 'NONE', #5680, .T. ) ;
#2647 = CONICAL_SURFACE ( 'NONE', #7481, 0.1397637795276000239, 0.2516899717581221885 ) ;
#2648 = ORIENTED_EDGE ( 'NONE', *, *, #401, .F. ) ;
#2649 = ORIENTED_EDGE ( 'NONE', *, *, #7175, .T. ) ;
#2650 = ORIENTED_EDGE ( 'NONE', *, *, #4893, .F. ) ;
#2651 = EDGE_LOOP ( 'NONE', ( #2894, #9762, #6575, #6783, #7431, #6730, #2348, #7619 ) ) ;
#2652 = B_SPLINE_CURVE_WITH_KNOTS ( 'NONE', 3,
 ( #3207, #7144, #6989, #173, #3965, #3355 ),
 .UNSPECIFIED., .F., .F.,
 ( 4, 1, 1, 4 ),
 ( 0.000000000000000000, 0.3333333333333000081, 0.6666666666667000474, 1.000000000000000000 ),
 .UNSPECIFIED. ) ;
#2653 = CIRCLE ( 'NONE', #2158, 0.08267716535433068670 ) ;
#2654 = CARTESIAN_POINT ( 'NONE',  ( 1.082761977095999972, -0.02436176700353999761, -0.1014740624988999945 ) ) ;
#2655 = CYLINDRICAL_SURFACE ( 'NONE', #9190, 0.1535433070865999949 ) ;
#2656 = CARTESIAN_POINT ( 'NONE',  ( 1.241549046525999955, -0.09298318451212993219, 0.04737729888396000760 ) ) ;
#2657 = CARTESIAN_POINT ( 'NONE',  ( 0.6803393851628996014, 0.1310605272668000087, 0.05748357025070000015 ) ) ;
#2658 = CARTESIAN_POINT ( 'NONE',  ( 0.6498031496062991463, 0.3740157480314960647, 0.3740157480314960647 ) ) ;
#2659 = ORIENTED_EDGE ( 'NONE', *, *, #6207, .T. ) ;
#2660 = EDGE_LOOP ( 'NONE', ( #9892, #6517, #5457, #556, #526 ) ) ;
#2661 = CYLINDRICAL_SURFACE ( 'NONE', #645, 0.1968503937008000138 ) ;
#2662 = CARTESIAN_POINT ( 'NONE',  ( 1.144492726795000026, 0.09533529053063996561, 0.04244600606646999758 ) ) ;
#2663 = AXIS2_PLACEMENT_3D ( 'NONE', #5523, #3250, #7222 ) ;
#2664 = CARTESIAN_POINT ( 'NONE',  ( 1.198505953495333287, 0.09197940250214918512, 0.07690747405744674525 ) ) ;
#2665 = DIRECTION ( 'NONE',  ( 1.000000000000000000, 0.000000000000000000, 0.000000000000000000 ) ) ;
#2666 = CARTESIAN_POINT ( 'NONE',  ( 0.1415574779026000096, 0.000000000000000000, 0.000000000000000000 ) ) ;
#2667 = CARTESIAN_POINT ( 'NONE',  ( 0.7309163189859999576, -0.1277470963794999914, -0.08974031669229999564 ) ) ;
#2668 = PLANE ( 'NONE',  #572 ) ;
#2669 = CARTESIAN_POINT ( 'NONE',  ( 1.375649856336000232, -8.149059734966004353E-12, -0.1086021121677999968 ) ) ;
#2670 = CARTESIAN_POINT ( 'NONE',  ( 1.267497887081999952, 0.07600433443792992128, -0.09385753648173995878 ) ) ;
#2671 = VERTEX_POINT ( 'NONE', #5319 ) ;
#2672 = ORIENTED_EDGE ( 'NONE', *, *, #6120, .F. ) ;
#2673 = CIRCLE ( 'NONE', #8157, 0.2795275590551000167 ) ;
#2674 = EDGE_CURVE ( 'NONE', #369, #3200, #3790, .T. ) ;
#2675 = DIRECTION ( 'NONE',  ( 0.000000000000000000, 0.000000000000000000, 1.000000000000000000 ) ) ;
#2676 = AXIS2_PLACEMENT_3D ( 'NONE', #8549, #867, #6274 ) ;
#2677 = DIRECTION ( 'NONE',  ( 0.000000000000000000, 0.000000000000000000, -1.000000000000000000 ) ) ;
#2678 = CARTESIAN_POINT ( 'NONE',  ( 1.167695407383000150, 0.09956317545301003602, 0.06819192073857008318 ) ) ;
#2679 = CARTESIAN_POINT ( 'NONE',  ( 1.191213213829000139, -0.08758406939918995937, -0.07480386202907007842 ) ) ;
#2680 = CIRCLE ( 'NONE', #4951, 0.08267716535433068670 ) ;
#2681 = DIRECTION ( 'NONE',  ( 0.000000000000000000, 0.000000000000000000, -1.000000000000000000 ) ) ;
#2682 = CARTESIAN_POINT ( 'NONE',  ( 0.8464566929133995332, 0.000000000000000000, -0.1692913385827000128 ) ) ;
#2683 = CARTESIAN_POINT ( 'NONE',  ( 1.105643074031270823, 0.1037857865099000160, -0.01090832572257000033 ) ) ;
#2684 = CARTESIAN_POINT ( 'NONE',  ( 1.109649873005750020, 0.07258425826477089837, -0.09444883965335022780 ) ) ;
#2685 = CARTESIAN_POINT ( 'NONE',  ( 1.054048949234000832, -6.189848070045530675E-10, -0.1023603114228607974 ) ) ;
#2686 = ORIENTED_EDGE ( 'NONE', *, *, #17, .T. ) ;
#2687 = ORIENTED_EDGE ( 'NONE', *, *, #1367, .F. ) ;
#2688 = VECTOR ( 'NONE', #5218, 39.37007874015748143 ) ;
#2689 = ADVANCED_FACE ( 'NONE', ( #2281 ), #8448, .T. ) ;
#2690 = CIRCLE ( 'NONE', #8329, 0.2020722792146999736 ) ;
#2691 = CARTESIAN_POINT ( 'NONE',  ( 1.124567626066000026, -0.04127706091665000326, 0.1075304200167000040 ) ) ;
#2692 = CARTESIAN_POINT ( 'NONE',  ( 0.7280600717204999128, 0.1669210694110000448, 0.1138883778692999921 ) ) ;
#2693 = CARTESIAN_POINT ( 'NONE',  ( 1.335957621808000262, 0.09489640704855001330, -0.04474592824854000533 ) ) ;
#2694 = ORIENTED_EDGE ( 'NONE', *, *, #6869, .T. ) ;
#2695 = LINE ( 'NONE', #9062, #2572 ) ;
#2696 = CARTESIAN_POINT ( 'NONE',  ( 1.087036478700499575, 0.1150361429136073088, 0.03091510445189111014 ) ) ;
#2697 = CARTESIAN_POINT ( 'NONE',  ( 1.209153572717482472, -0.07935404094582007573, -0.06777475368613997131 ) ) ;
#2698 = CARTESIAN_POINT ( 'NONE',  ( 0.8661417314172992210, 0.09349875700218997221, -0.1732283472187000350 ) ) ;
#2699 = AXIS2_PLACEMENT_3D ( 'NONE', #2567, #9500, #1088 ) ;
#2700 = CYLINDRICAL_SURFACE ( 'NONE', #7701, 0.1574803149606000263 ) ;
#2701 = ORIENTED_EDGE ( 'NONE', *, *, #6191, .T. ) ;
#2702 = ORIENTED_EDGE ( 'NONE', *, *, #9775, .T. ) ;
#2703 = ORIENTED_EDGE ( 'NONE', *, *, #3552, .F. ) ;
#2704 = EDGE_LOOP ( 'NONE', ( #3309, #8385, #9369, #4360 ) ) ;
#2705 = PLANE ( 'NONE',  #2906 ) ;
#2706 = B_SPLINE_CURVE_WITH_KNOTS ( 'NONE', 3,
 ( #225, #9532, #6382, #9482, #2552, #1795, #7957, #7190, #274, #2599, #5688, #8770, #3161, #4930, #9632, #3570, #7293, #1993 ),
 .UNSPECIFIED., .F., .F.,
 ( 4, 2, 2, 2, 2, 2, 2, 2, 4 ),
 ( 0.000000000000000000, 0.1250000000000000000, 0.2500000000000000000, 0.3750000000000000000, 0.5000000000000000000, 0.6250000000000000000, 0.7500000000000000000, 0.8750000000000000000, 1.000000000000000000 ),
 .UNSPECIFIED. ) ;
#2707 = VECTOR ( 'NONE', #5768, 39.37007874015748143 ) ;
#2708 = CARTESIAN_POINT ( 'NONE',  ( 1.061436517779000166, 0.04979507987150000314, 0.09171112839765001301 ) ) ;
#2709 = CARTESIAN_POINT ( 'NONE',  ( 1.192311824204000059, -0.02200896399188000119, -0.1187497432073000014 ) ) ;
#2710 = CARTESIAN_POINT ( 'NONE',  ( 1.186813700944000072, 0.1005876041400999843, 0.02224877255178000016 ) ) ;
#2711 = CARTESIAN_POINT ( 'NONE',  ( 0.6498031496062991463, -0.3740157480314960647, -0.5314960629921000601 ) ) ;
#2712 = CARTESIAN_POINT ( 'NONE',  ( 1.144918901877000073, 0.000000000000000000, -0.1181102362205000006 ) ) ;
#2713 = ORIENTED_EDGE ( 'NONE', *, *, #8293, .T. ) ;
#2714 = CARTESIAN_POINT ( 'NONE',  ( 0.7360889355193996897, -0.1797539137656000152, 0.1108057883376999952 ) ) ;
#2715 = DIRECTION ( 'NONE',  ( -1.000000000000000000, 0.000000000000000000, 0.000000000000000000 ) ) ;
#2716 = CARTESIAN_POINT ( 'NONE',  ( 1.086857445476000050, -0.1043217069389999890, 0.002731760035869000222 ) ) ;
#2717 = CARTESIAN_POINT ( 'NONE',  ( 0.7244094488188976833, 0.000000000000000000, 0.000000000000000000 ) ) ;
#2718 = DIRECTION ( 'NONE',  ( 1.000000000000000000, 0.000000000000000000, 0.000000000000000000 ) ) ;
#2719 = CARTESIAN_POINT ( 'NONE',  ( 0.3937007874016000275, 0.000000000000000000, -0.2755905511811023723 ) ) ;
#2720 = LINE ( 'NONE', #8892, #3726 ) ;
#2721 = DIRECTION ( 'NONE',  ( 0.000000000000000000, -0.5000000000000169864, 0.8660254037844288266 ) ) ;
#2722 = CARTESIAN_POINT ( 'NONE',  ( 1.370103450638396447, -0.1145174216139499823, -0.02066049942948073107 ) ) ;
#2723 = CARTESIAN_POINT ( 'NONE',  ( 1.231244606241999939, 0.1115788554892000045, -0.04621747521769000583 ) ) ;
#2724 = VERTEX_POINT ( 'NONE', #1425 ) ;
#2725 = CIRCLE ( 'NONE', #3536, 0.1220472440944999348 ) ;
#2726 = ORIENTED_EDGE ( 'NONE', *, *, #2921, .F. ) ;
#2727 = ADVANCED_FACE ( 'NONE', ( #8550 ), #765, .T. ) ;
#2728 = LINE ( 'NONE', #1097, #968 ) ;
#2729 = CARTESIAN_POINT ( 'NONE',  ( 0.9842519685038996213, -0.09595320950357008605, -0.1830708661417000116 ) ) ;
#2730 = CARTESIAN_POINT ( 'NONE',  ( 1.086235991799999967, 0.1190073915690000039, 0.02000595523516000146 ) ) ;
#2731 = CARTESIAN_POINT ( 'NONE',  ( 1.233864132464000285, -0.03844809805249000539, -0.1085740795173000123 ) ) ;
#2732 = DIRECTION ( 'NONE',  ( 1.000000000000000000, 0.000000000000000000, 0.000000000000000000 ) ) ;
#2733 = LINE ( 'NONE', #6764, #1904 ) ;
#2734 = CARTESIAN_POINT ( 'NONE',  ( 1.233131945121000106, -0.09298318451212993219, 0.04737729888396000760 ) ) ;
#2735 = CARTESIAN_POINT ( 'NONE',  ( 0.5802225316246999443, -0.1392168035423999861, 0.06219259855397991921 ) ) ;
#2736 = EDGE_CURVE ( 'NONE', #6781, #3680, #1039, .T. ) ;
#2737 = DIRECTION ( 'NONE',  ( 1.000000000000000000, 0.000000000000000000, 0.000000000000000000 ) ) ;
#2738 = ORIENTED_EDGE ( 'NONE', *, *, #7557, .F. ) ;
#2739 = EDGE_LOOP ( 'NONE', ( #5487, #2648, #3132, #8412, #1599 ) ) ;
#2740 = AXIS2_PLACEMENT_3D ( 'NONE', #517, #6676, #9766 ) ;
#2741 = CARTESIAN_POINT ( 'NONE',  ( 1.188544004019000067, 0.1052227858556999962, -0.04684820457922000275 ) ) ;
#2742 = FACE_OUTER_BOUND ( 'NONE', #1427, .T. ) ;
#2743 = CARTESIAN_POINT ( 'NONE',  ( 1.338978401813999852, 0.07934963333568996469, 0.06863790391348996434 ) ) ;
#2744 = B_SPLINE_CURVE_WITH_KNOTS ( 'NONE', 3,
 ( #1829, #160, #6324, #303, #966, #352 ),
 .UNSPECIFIED., .F., .F.,
 ( 4, 2, 4 ),
 ( 0.000000000000000000, 0.5000000000000000000, 1.000000000000000000 ),
 .UNSPECIFIED. ) ;
#2745 = CARTESIAN_POINT ( 'NONE',  ( 0.5984251968503937480, 0.000000000000000000, 0.000000000000000000 ) ) ;
#2746 = CARTESIAN_POINT ( 'NONE',  ( 1.252718893398999889, 0.000000000000000000, 0.1181102362205000006 ) ) ;
#2747 = CARTESIAN_POINT ( 'NONE',  ( 1.381889763779999836, 7.680926463688995436E-12, 0.1023622047244000105 ) ) ;
#2748 = DIRECTION ( 'NONE',  ( 1.000000000000000000, 0.000000000000000000, 0.000000000000000000 ) ) ;
#2749 = CARTESIAN_POINT ( 'NONE',  ( 0.9827365112497008504, -0.09478926975752992312, 0.1783711548946000092 ) ) ;
#2750 = EDGE_CURVE ( 'NONE', #1222, #5511, #3905, .T. ) ;
#2751 = VECTOR ( 'NONE', #6504, 39.37007874015748143 ) ;
#2752 = ADVANCED_FACE ( 'NONE', ( #6221 ), #9316, .F. ) ;
#2753 = ORIENTED_EDGE ( 'NONE', *, *, #2308, .F. ) ;
#2754 = VERTEX_POINT ( 'NONE', #9108 ) ;
#2755 = ADVANCED_FACE ( 'NONE', ( #8345 ), #6694, .T. ) ;
#2756 = VERTEX_POINT ( 'NONE', #6070 ) ;
#2757 = AXIS2_PLACEMENT_3D ( 'NONE', #5358, #8643, #4561 ) ;
#2758 = CARTESIAN_POINT ( 'NONE',  ( 0.4724409448819000268, -0.3543307086614000401, 0.3543307086614000401 ) ) ;
#2759 = CARTESIAN_POINT ( 'NONE',  ( 0.7362204724408996093, -0.01574803149606000124, 0.09842519685038997324 ) ) ;
#2760 = CARTESIAN_POINT ( 'NONE',  ( 0.6561202481738996894, 0.000000000000000000, 0.000000000000000000 ) ) ;
#2761 = CARTESIAN_POINT ( 'NONE',  ( 1.309847057502999901, -0.01090832490354999920, 0.1037857943025000118 ) ) ;
#2762 = DIRECTION ( 'NONE',  ( 0.000000000000000000, 0.000000000000000000, 1.000000000000000000 ) ) ;
#2763 = CARTESIAN_POINT ( 'NONE',  ( 1.001344629089000016, 0.09315903516949999852, 0.1718838791142000000 ) ) ;
#2764 = EDGE_LOOP ( 'NONE', ( #1832, #8923, #6264, #1979 ) ) ;
#2765 = CARTESIAN_POINT ( 'NONE',  ( 0.7362204724408996093, -0.1827275465568999890, 0.1100438633047000070 ) ) ;
#2766 = AXIS2_PLACEMENT_3D ( 'NONE', #2111, #494, #1344 ) ;
#2767 = CARTESIAN_POINT ( 'NONE',  ( 1.054799329271000063, -0.04216316591013999360, -0.1103281257907000046 ) ) ;
#2768 = CARTESIAN_POINT ( 'NONE',  ( 1.116769629681999998, -0.06777475368537008715, 0.07935404094590001178 ) ) ;
#2769 = LINE ( 'NONE', #2192, #2563 ) ;
#2770 = DIRECTION ( 'NONE',  ( 0.000000000000000000, -0.8660254037844288266, 0.5000000000000169864 ) ) ;
#2771 = ADVANCED_BREP_SHAPE_REPRESENTATION ( 'SLPRATPSB', ( #2814, #4401 ), #8759 ) ;
#2772 = FACE_OUTER_BOUND ( 'NONE', #9395, .T. ) ;
#2773 = CARTESIAN_POINT ( 'NONE',  ( 1.000000080887000209, 0.09349880026292992086, -0.1732278469391000109 ) ) ;
#2774 = CYLINDRICAL_SURFACE ( 'NONE', #407, 0.08267716535433068670 ) ;
#2775 = CARTESIAN_POINT ( 'NONE',  ( 1.139598198502999926, 0.06592556950122992199, 0.08032678337152009129 ) ) ;
#2776 = CARTESIAN_POINT ( 'NONE',  ( 1.260066313729999887, 0.000000000000000000, -0.1151806710645000009 ) ) ;
#2777 = ORIENTED_EDGE ( 'NONE', *, *, #321, .F. ) ;
#2778 = ORIENTED_EDGE ( 'NONE', *, *, #2205, .F. ) ;
#2779 = DIRECTION ( 'NONE',  ( -1.000000000000000000, 0.000000000000000000, 0.000000000000000000 ) ) ;
#2780 = CARTESIAN_POINT ( 'NONE',  ( 0.5986837114371004187, 0.1457876267656000036, 0.06598626511072991363 ) ) ;
#2781 = CARTESIAN_POINT ( 'NONE',  ( 1.172813041718427041, 0.1040486792448089837, -0.006893956074674273404 ) ) ;
#2782 = CARTESIAN_POINT ( 'NONE',  ( 1.244526862123000122, 0.1126636970527000042, -0.02394740807054999629 ) ) ;
#2783 = CARTESIAN_POINT ( 'NONE',  ( 1.345402620432749830, -0.09444883965335028331, -0.07258425826477082898 ) ) ;
#2784 = CARTESIAN_POINT ( 'NONE',  ( 0.7244094488188976833, 0.1655628205247000329, -0.1137719994447000116 ) ) ;
#2785 = DIRECTION ( 'NONE',  ( -1.000000000000000000, 0.000000000000000000, 0.000000000000000000 ) ) ;
#2786 = CARTESIAN_POINT ( 'NONE',  ( 0.7268675659661004707, 0.01551150642785999872, -0.2010874045129000254 ) ) ;
#2787 = CARTESIAN_POINT ( 'NONE',  ( 1.000000080887000209, 0.09349880026292992086, -0.1732278469391000109 ) ) ;
#2788 = ORIENTED_EDGE ( 'NONE', *, *, #7242, .F. ) ;
#2789 = VERTEX_POINT ( 'NONE', #9918 ) ;
#2790 = CARTESIAN_POINT ( 'NONE',  ( 1.160820906906000038, 0.01503409441140000045, 0.1141952844564999986 ) ) ;
#2791 = EDGE_CURVE ( 'NONE', #7793, #858, #2990, .T. ) ;
#2792 = CIRCLE ( 'NONE', #8438, 0.08267716535433068670 ) ;
#2793 = CARTESIAN_POINT ( 'NONE',  ( 1.366096950850000047, 0.08830341887916003107, -0.05665714741372000068 ) ) ;
#2794 = CYLINDRICAL_SURFACE ( 'NONE', #4509, 0.01181102362205004204 ) ;
#2795 = ORIENTED_EDGE ( 'NONE', *, *, #1336, .T. ) ;
#2796 = CARTESIAN_POINT ( 'NONE',  ( 1.047973619356154851, 0.01469134201656348108, -0.1023555083162250440 ) ) ;
#2797 = CARTESIAN_POINT ( 'NONE',  ( 1.081295008884249231, 0.09444883965335063025, -0.07258425826477041265 ) ) ;
#2798 = CARTESIAN_POINT ( 'NONE',  ( 0.5787401574803000548, 0.000000000000000000, 0.000000000000000000 ) ) ;
#2799 = PLANE ( 'NONE',  #714 ) ;
#2800 = ORIENTED_EDGE ( 'NONE', *, *, #3335, .T. ) ;
#2801 = ORIENTED_EDGE ( 'NONE', *, *, #9355, .F. ) ;
#2802 = ORIENTED_EDGE ( 'NONE', *, *, #6082, .F. ) ;
#2803 = EDGE_CURVE ( 'NONE', #2948, #3655, #1372, .T. ) ;
#2804 = CARTESIAN_POINT ( 'NONE',  ( 0.6115386739812992412, 0.09988330913186005411, -0.07585191586174999667 ) ) ;
#2805 = DIRECTION ( 'NONE',  ( -1.000000000000000000, -3.158717240322999930E-14, 0.000000000000000000 ) ) ;
#2806 = DIRECTION ( 'NONE',  ( -1.000000000000000000, 0.000000000000000000, 0.000000000000000000 ) ) ;
#2807 = CARTESIAN_POINT ( 'NONE',  ( 1.318377241229999886, -0.1018014538566000132, 0.01069976395653000033 ) ) ;
#2808 = FACE_BOUND ( 'NONE', #5420, .T. ) ;
#2809 = CARTESIAN_POINT ( 'NONE',  ( 1.562992125983999836, 0.000000000000000000, 0.000000000000000000 ) ) ;
#2810 = ORIENTED_EDGE ( 'NONE', *, *, #4663, .T. ) ;
#2811 = CARTESIAN_POINT ( 'NONE',  ( 1.344813972107731015, -0.06602882589582000084, 0.08153880934810261993 ) ) ;
#2812 = AXIS2_PLACEMENT_3D ( 'NONE', #5480, #126, #878 ) ;
#2813 = EDGE_CURVE ( 'NONE', #7607, #717, #920, .T. ) ;
#2814 = MANIFOLD_SOLID_BREP ( 'c3d-c-users-nlang-nextcloud-desktop-amphenol-projekte-drawings-3d-models-data-surlok-c3d-slpratpsr.stp<1>', #7103 ) ;
#2815 = CARTESIAN_POINT ( 'NONE',  ( 1.148814359820000019, -0.02169713754582000206, 0.1020770065874999910 ) ) ;
#2816 = FACE_OUTER_BOUND ( 'NONE', #4872, .T. ) ;
#2817 = CARTESIAN_POINT ( 'NONE',  ( 1.351144090249000174, 0.000000000000000000, -0.1181102362205000006 ) ) ;
#2818 = CYLINDRICAL_SURFACE ( 'NONE', #831, 0.1181102362205000006 ) ;
#2819 = CARTESIAN_POINT ( 'NONE',  ( 0.6104330708661004357, 0.2716535433071000094, 0.3543307086614000401 ) ) ;
#2820 = CIRCLE ( 'NONE', #1363, 0.2263779527559000304 ) ;
#2821 = CARTESIAN_POINT ( 'NONE',  ( 1.238740854411999992, 0.02981095129919000483, 0.1112559848705000076 ) ) ;
#2822 = ORIENTED_EDGE ( 'NONE', *, *, #2297, .T. ) ;
#2823 = ORIENTED_EDGE ( 'NONE', *, *, #4869, .T. ) ;
#2824 = CARTESIAN_POINT ( 'NONE',  ( 0.06692913385827008177, 0.000000000000000000, 0.000000000000000000 ) ) ;
#2825 = CARTESIAN_POINT ( 'NONE',  ( 1.328151491767000092, 0.09456939002170001995, -0.04459173188985000175 ) ) ;
#2826 = CARTESIAN_POINT ( 'NONE',  ( 1.038195823634999959, 0.04179429034803000542, -0.1132086624539000025 ) ) ;
#2827 = CARTESIAN_POINT ( 'NONE',  ( 1.276515051098999987, 0.02099001011798000069, -0.1132519600808000043 ) ) ;
#2828 = CARTESIAN_POINT ( 'NONE',  ( 1.344582410458999400, -0.1032031167347788742, -0.05948255673673441546 ) ) ;
#2829 = CARTESIAN_POINT ( 'NONE',  ( 0.5795727200239999544, 0.1382954184847000056, 0.06166063664288996826 ) ) ;
#2830 = CARTESIAN_POINT ( 'NONE',  ( 1.188405021716000043, -0.08279234551820000010, 0.06352880097637007839 ) ) ;
#2831 = DIRECTION ( 'NONE',  ( 0.000000000000000000, 0.000000000000000000, 1.000000000000000000 ) ) ;
#2832 = DIRECTION ( 'NONE',  ( 0.000000000000000000, -0.8660254037844289376, 0.5000000000000169864 ) ) ;
#2833 = AXIS2_PLACEMENT_3D ( 'NONE', #9459, #1054, #5669 ) ;
#2834 = ORIENTED_EDGE ( 'NONE', *, *, #1239, .F. ) ;
#2835 = ORIENTED_EDGE ( 'NONE', *, *, #6434, .T. ) ;
#2836 = EDGE_CURVE ( 'NONE', #8673, #5209, #567, .T. ) ;
#2837 = CARTESIAN_POINT ( 'NONE',  ( 1.064856339976999910, 0.02981106133781000200, -0.1112560338628999917 ) ) ;
#2838 = AXIS2_PLACEMENT_3D ( 'NONE', #2351, #3061, #5288 ) ;
#2839 = CARTESIAN_POINT ( 'NONE',  ( 1.317290409688000041, -0.09689884475210000514, -0.04022598257578000741 ) ) ;
#2840 = CARTESIAN_POINT ( 'NONE',  ( 1.390771487469999901, 0.02272619166960000020, 0.1024259529341999958 ) ) ;
#2841 = CARTESIAN_POINT ( 'NONE',  ( 0.5788054699796000291, -0.01574803149606000124, 0.1482276112777000110 ) ) ;
#2842 = CARTESIAN_POINT ( 'NONE',  ( 0.5511811023621999706, 0.000000000000000000, 0.000000000000000000 ) ) ;
#2843 = DIRECTION ( 'NONE',  ( 0.000000000000000000, 1.000000000000000000, 0.000000000000000000 ) ) ;
#2844 = DIRECTION ( 'NONE',  ( 0.000000000000000000, -1.000000000000000000, 0.000000000000000000 ) ) ;
#2845 = CIRCLE ( 'NONE', #9467, 0.2020722792146999736 ) ;
#2846 = VERTEX_POINT ( 'NONE', #4771 ) ;
#2847 = ORIENTED_EDGE ( 'NONE', *, *, #8419, .F. ) ;
#2848 = VECTOR ( 'NONE', #6845, 39.37007874015748143 ) ;
#2849 = EDGE_LOOP ( 'NONE', ( #4259, #6145, #9985, #4676 ) ) ;
#2850 = DIRECTION ( 'NONE',  ( 0.000000000000000000, 1.000000000000000000, 0.000000000000000000 ) ) ;
#2851 = FACE_OUTER_BOUND ( 'NONE', #4191, .T. ) ;
#2852 = AXIS2_PLACEMENT_3D ( 'NONE', #1744, #3358, #980 ) ;
#2853 = FACE_OUTER_BOUND ( 'NONE', #8053, .T. ) ;
#2854 = CARTESIAN_POINT ( 'NONE',  ( 1.233018862799000193, 0.02700970012306000076, 0.1008015731564999989 ) ) ;
#2855 = DIRECTION ( 'NONE',  ( 1.000000000000000000, 0.000000000000000000, 0.000000000000000000 ) ) ;
#2856 = CARTESIAN_POINT ( 'NONE',  ( 0.7334836014312007269, 0.1836196016366999917, 0.09264707141247992273 ) ) ;
#2857 = EDGE_CURVE ( 'NONE', #4323, #5601, #2744, .T. ) ;
#2858 = B_SPLINE_CURVE_WITH_KNOTS ( 'NONE', 3,
 ( #4185, #3431, #7259, #9596, #7162, #2667, #5755, #7069, #5554, #3232, #8639, #4810, #1192, #5044 ),
 .UNSPECIFIED., .F., .F.,
 ( 4, 1, 1, 1, 1, 1, 1, 1, 1, 1, 1, 4 ),
 ( 0.000000000000000000, 0.09090909090909000956, 0.1818181818182000031, 0.2727272727273000186, 0.3636363636364000063, 0.4545454545454999939, 0.5454545454545000061, 0.6363636363636000493, 0.7272727272726999814, 0.8181818181818000246, 0.9090909090908999568, 1.000000000000000000 ),
 .UNSPECIFIED. ) ;
#2859 = VERTEX_POINT ( 'NONE', #258 ) ;
#2860 = CARTESIAN_POINT ( 'NONE',  ( 1.335174864495793479, 0.07935272260502522490, 0.06864057614980288713 ) ) ;
#2861 = CARTESIAN_POINT ( 'NONE',  ( 1.084781440705000044, -0.09924984962000001076, -0.03224823098968999935 ) ) ;
#2862 = CARTESIAN_POINT ( 'NONE',  ( 0.7519685039370078705, 0.000000000000000000, -0.1535433070865999949 ) ) ;
#2863 = DIRECTION ( 'NONE',  ( 1.000000000000000000, 0.000000000000000000, 0.000000000000000000 ) ) ;
#2864 = LINE ( 'NONE', #9698, #9944 ) ;
#2865 = DIRECTION ( 'NONE',  ( 0.000000000000000000, -1.000000000000000000, 0.000000000000000000 ) ) ;
#2866 = DIRECTION ( 'NONE',  ( 0.000000000000000000, 0.4727657974777818572, -0.8811881188118667607 ) ) ;
#2867 = EDGE_CURVE ( 'NONE', #2964, #3655, #7020, .T. ) ;
#2868 = CARTESIAN_POINT ( 'NONE',  ( 1.225945578821999948, 0.08559591969662008748, -0.07707091227022992708 ) ) ;
#2869 = ORIENTED_EDGE ( 'NONE', *, *, #1129, .T. ) ;
#2870 = EDGE_LOOP ( 'NONE', ( #10008, #1866, #9191, #1967, #8128, #1601 ) ) ;
#2871 = LINE ( 'NONE', #6097, #8062 ) ;
#2872 = CARTESIAN_POINT ( 'NONE',  ( 0.6751361352972008456, 0.1673973104412000146, 0.07846262179793997427 ) ) ;
#2873 = CARTESIAN_POINT ( 'NONE',  ( 1.107123021437000032, -0.1130102254261999978, -0.04232831725994999628 ) ) ;
#2874 = CARTESIAN_POINT ( 'NONE',  ( 1.255189591781999958, 0.009036971297048996057, 0.1148256074952000022 ) ) ;
#2875 = DIRECTION ( 'NONE',  ( 1.000000000000000000, 0.000000000000000000, 0.000000000000000000 ) ) ;
#2876 = DIRECTION ( 'NONE',  ( 1.000000000000000000, 0.000000000000000000, 0.000000000000000000 ) ) ;
#2877 = CARTESIAN_POINT ( 'NONE',  ( 0.7280600717204999128, 0.000000000000000000, 0.000000000000000000 ) ) ;
#2878 = CARTESIAN_POINT ( 'NONE',  ( 1.124413652533249985, 0.01546059376766943140, 0.1181102362205000700 ) ) ;
#2879 = VECTOR ( 'NONE', #7784, 39.37007874015748143 ) ;
#2880 = CARTESIAN_POINT ( 'NONE',  ( 0.6102362204723996708, 0.5314960629921000601, 0.3740157480314960647 ) ) ;
#2881 = CARTESIAN_POINT ( 'NONE',  ( 0.5841804246273000212, 0.1259363778563000191, -0.09089366210302991800 ) ) ;
#2882 = ORIENTED_EDGE ( 'NONE', *, *, #811, .T. ) ;
#2883 = ORIENTED_EDGE ( 'NONE', *, *, #8171, .T. ) ;
#2884 = CARTESIAN_POINT ( 'NONE',  ( 1.079784161499000028, 0.05495946620011000344, 0.1012227447843000172 ) ) ;
#2885 = EDGE_CURVE ( 'NONE', #7394, #2530, #7943, .T. ) ;
#2886 = CARTESIAN_POINT ( 'NONE',  ( 1.375125055357999893, 0.1028522961082999898, 0.02071063940797999992 ) ) ;
#2887 = DIRECTION ( 'NONE',  ( 1.000000000000000000, 0.000000000000000000, 0.000000000000000000 ) ) ;
#2888 = CYLINDRICAL_SURFACE ( 'NONE', #6762, 0.007874015748031039721 ) ;
#2889 = CARTESIAN_POINT ( 'NONE',  ( 0.6104330708661004357, 0.5314960629921000601, 0.3740157480314960647 ) ) ;
#2890 = CARTESIAN_POINT ( 'NONE',  ( 0.7344566991169999559, 0.1408132503455999940, 0.06949625813328995372 ) ) ;
#2891 = EDGE_CURVE ( 'NONE', #666, #7395, #9964, .T. ) ;
#2892 = CYLINDRICAL_SURFACE ( 'NONE', #6360, 0.1023622047244000105 ) ;
#2893 = ORIENTED_EDGE ( 'NONE', *, *, #4855, .F. ) ;
#2894 = ORIENTED_EDGE ( 'NONE', *, *, #2607, .F. ) ;
#2895 = VECTOR ( 'NONE', #2805, 39.37007874015748143 ) ;
#2896 = EDGE_LOOP ( 'NONE', ( #4513, #1666, #5361, #3678 ) ) ;
#2897 = DIRECTION ( 'NONE',  ( 0.000000000000000000, 0.000000000000000000, 1.000000000000000000 ) ) ;
#2898 = CARTESIAN_POINT ( 'NONE',  ( 0.6751361360172991599, -0.01574803149606000124, -0.1842016345010999978 ) ) ;
#2899 = VECTOR ( 'NONE', #6695, 39.37007874015748143 ) ;
#2900 = CYLINDRICAL_SURFACE ( 'NONE', #3771, 0.1181102362205000006 ) ;
#2901 = CARTESIAN_POINT ( 'NONE',  ( 1.216015036506000069, 0.07755271207417993584, -0.06982877559786003496 ) ) ;
#2902 = CARTESIAN_POINT ( 'NONE',  ( 0.7362204724408996093, 0.1866645544309000204, 0.1032247656370999800 ) ) ;
#2903 = CARTESIAN_POINT ( 'NONE',  ( 1.011811281218905956, -0.03015523573949671979, 0.1614170652377940607 ) ) ;
#2904 = ADVANCED_FACE ( 'NONE', ( #8705 ), #7843, .T. ) ;
#2905 = EDGE_LOOP ( 'NONE', ( #4295, #2044, #1317, #1300 ) ) ;
#2906 = AXIS2_PLACEMENT_3D ( 'NONE', #3517, #1132, #5933 ) ;
#2907 = CARTESIAN_POINT ( 'NONE',  ( 0.6181102362204999867, 0.000000000000000000, 0.1220472440945000042 ) ) ;
#2908 = EDGE_CURVE ( 'NONE', #5561, #5149, #1012, .T. ) ;
#2909 = CIRCLE ( 'NONE', #8569, 0.1220472440945000042 ) ;
#2910 = EDGE_CURVE ( 'NONE', #2148, #8871, #1858, .T. ) ;
#2911 = CARTESIAN_POINT ( 'NONE',  ( 1.093311624432000029, 0.01090832572257000033, -0.1037857865099000160 ) ) ;
#2912 = CARTESIAN_POINT ( 'NONE',  ( 0.5819715539376000280, 0.01574803149606000124, 0.1534166351743000145 ) ) ;
#2913 = DIRECTION ( 'NONE',  ( 1.000000000000000000, 0.000000000000000000, 0.000000000000000000 ) ) ;
#2914 = CARTESIAN_POINT ( 'NONE',  ( 0.5787401574803000548, 0.1126864528502000001, -0.04687529344016000410 ) ) ;
#2915 = CARTESIAN_POINT ( 'NONE',  ( 1.292088972139000091, 0.000000000000000000, 0.1181102362205000006 ) ) ;
#2916 = CARTESIAN_POINT ( 'NONE',  ( 0.000000000000000000, 0.000000000000000000, 0.000000000000000000 ) ) ;
#2917 = CARTESIAN_POINT ( 'NONE',  ( 1.272861589321000020, 0.1026267293788999946, 0.05229093041692000482 ) ) ;
#2918 = EDGE_LOOP ( 'NONE', ( #8963, #7492, #4827, #1632, #5572 ) ) ;
#2919 = VERTEX_POINT ( 'NONE', #3345 ) ;
#2920 = DIRECTION ( 'NONE',  ( 1.000000000000000000, 0.000000000000000000, 0.000000000000000000 ) ) ;
#2921 = EDGE_CURVE ( 'NONE', #6682, #6792, #3341, .T. ) ;
#2922 = EDGE_CURVE ( 'NONE', #8216, #666, #5148, .T. ) ;
#2923 = FACE_OUTER_BOUND ( 'NONE', #7265, .T. ) ;
#2924 = CARTESIAN_POINT ( 'NONE',  ( 1.342610153184000010, -0.03050790111909000221, 0.1000053001096000010 ) ) ;
#2925 = VECTOR ( 'NONE', #7411, 39.37007874015748143 ) ;
#2926 = CARTESIAN_POINT ( 'NONE',  ( 1.075792476981999979, 0.008516954197802992926, -0.1203763223566999968 ) ) ;
#2927 = CARTESIAN_POINT ( 'NONE',  ( 1.296806574859999950, -0.08539874559402992060, 0.08539888440363994915 ) ) ;
#2928 = FACE_OUTER_BOUND ( 'NONE', #910, .T. ) ;
#2929 = EDGE_CURVE ( 'NONE', #5127, #8694, #449, .T. ) ;
#2930 = CARTESIAN_POINT ( 'NONE',  ( 0.7244094488188976833, -0.1409286094185999982, -0.06318091013743996898 ) ) ;
#2931 = CARTESIAN_POINT ( 'NONE',  ( 1.241718670010000247, 0.000000000000000000, -0.1043574676367999970 ) ) ;
#2932 = CARTESIAN_POINT ( 'NONE',  ( 0.6102362204723996708, -0.3740157480314960647, 0.5314960629921000601 ) ) ;
#2933 = CARTESIAN_POINT ( 'NONE',  ( -0.007874015748031005027, 0.000000000000000000, 0.000000000000000000 ) ) ;
#2934 = CARTESIAN_POINT ( 'NONE',  ( 0.7244094488188976833, 1.917212598425000136, -1.102357144683000056 ) ) ;
#2935 = ORIENTED_EDGE ( 'NONE', *, *, #3566, .F. ) ;
#2936 = B_SPLINE_CURVE_WITH_KNOTS ( 'NONE', 3,
 ( #47, #4813, #3187, #7779, #1511, #7016 ),
 .UNSPECIFIED., .F., .F.,
 ( 4, 1, 1, 4 ),
 ( 0.000000000000000000, 0.3333333333333000081, 0.6666666666667000474, 1.000000000000000000 ),
 .UNSPECIFIED. ) ;
#2937 = ORIENTED_EDGE ( 'NONE', *, *, #1628, .T. ) ;
#2938 = CONICAL_SURFACE ( 'NONE', #4230, 0.1786918365619999949, 0.3142318990842197790 ) ;
#2939 = ORIENTED_EDGE ( 'NONE', *, *, #3180, .F. ) ;
#2940 = CARTESIAN_POINT ( 'NONE',  ( 1.059557312556000053, -0.008598664914562993700, -0.1092512581513999936 ) ) ;
#2941 = EDGE_CURVE ( 'NONE', #1723, #1880, #9759, .T. ) ;
#2942 = CARTESIAN_POINT ( 'NONE',  ( 1.349228512530000090, -0.1041502681473000097, 0.01265890236404999987 ) ) ;
#2943 = CARTESIAN_POINT ( 'NONE',  ( 1.172806040984499809, -0.1150361429136074615, 0.03091510445189059667 ) ) ;
#2944 = CARTESIAN_POINT ( 'NONE',  ( 1.276450376280999999, -0.07728546215276003994, -0.06958814268777008261 ) ) ;
#2945 = DIRECTION ( 'NONE',  ( 0.000000000000000000, 0.4727657974777818572, -0.8811881188118667607 ) ) ;
#2946 = CYLINDRICAL_SURFACE ( 'NONE', #4445, 0.09842519685038997324 ) ;
#2947 = VERTEX_POINT ( 'NONE', #9004 ) ;
#2948 = VERTEX_POINT ( 'NONE', #5865 ) ;
#2949 = VERTEX_POINT ( 'NONE', #3445 ) ;
#2950 = DIRECTION ( 'NONE',  ( 0.000000000000000000, 1.000000000000000000, 0.000000000000000000 ) ) ;
#2951 = CARTESIAN_POINT ( 'NONE',  ( 1.331654711229000032, -0.1201978022725000012, 0.009143132371095000210 ) ) ;
#2952 = DIRECTION ( 'NONE',  ( 0.000000000000000000, 0.9997541118987406383, 0.02217466440694089089 ) ) ;
#2953 = DIRECTION ( 'NONE',  ( 0.000000000000000000, 0.000000000000000000, 1.000000000000000000 ) ) ;
#2954 = CARTESIAN_POINT ( 'NONE',  ( 1.252268317346000082, 0.03483523850942000372, -0.09837167889972008028 ) ) ;
#2955 = CARTESIAN_POINT ( 'NONE',  ( 1.144918901877000073, 0.000000000000000000, -0.1181102362205000006 ) ) ;
#2956 = CARTESIAN_POINT ( 'NONE',  ( 1.347658678488828699, 0.09704766716228918622, -0.07089818281874887829 ) ) ;
#2957 = VERTEX_POINT ( 'NONE', #3547 ) ;
#2958 = CARTESIAN_POINT ( 'NONE',  ( 1.170139819137000048, 0.04737729933908999685, -0.09298318484278997320 ) ) ;
#2959 = CARTESIAN_POINT ( 'NONE',  ( 0.8464566929133995332, -0.09399477469537993735, -0.1751968503937007815 ) ) ;
#2960 = DIRECTION ( 'NONE',  ( 1.000000000000000000, 0.000000000000000000, 0.000000000000000000 ) ) ;
#2961 = DIRECTION ( 'NONE',  ( 0.000000000000000000, -1.000000000000000000, 0.000000000000000000 ) ) ;
#2962 = DIRECTION ( 'NONE',  ( 0.000000000000000000, 1.000000000000000000, 0.000000000000000000 ) ) ;
#2963 = CARTESIAN_POINT ( 'NONE',  ( 1.264331405594000035, 0.07248554495571003786, -0.08951219335570000102 ) ) ;
#2964 = VERTEX_POINT ( 'NONE', #6618 ) ;
#2965 = CIRCLE ( 'NONE', #6506, 0.1535433070865999949 ) ;
#2966 = ORIENTED_EDGE ( 'NONE', *, *, #2481, .T. ) ;
#2967 = CARTESIAN_POINT ( 'NONE',  ( 0.7244094488188976833, -0.1813108520207999952, 0.08649560877427991956 ) ) ;
#2968 = EDGE_CURVE ( 'NONE', #9974, #6802, #6953, .T. ) ;
#2969 = DIRECTION ( 'NONE',  ( 1.000000000000000000, 0.000000000000000000, 0.000000000000000000 ) ) ;
#2970 = ORIENTED_EDGE ( 'NONE', *, *, #1313, .T. ) ;
#2971 = CARTESIAN_POINT ( 'NONE',  ( 1.324985010277999864, 0.09965388378567992256, -0.04698919244941999335 ) ) ;
#2972 = CARTESIAN_POINT ( 'NONE',  ( 1.062111784643427148, 0.04578229894752073453, 0.09368906026080084382 ) ) ;
#2973 = CARTESIAN_POINT ( 'NONE',  ( 1.209372191658000029, 0.06840606100042008475, 0.09953143637152993273 ) ) ;
#2974 = CARTESIAN_POINT ( 'NONE',  ( 0.4921259842520000483, 0.2716535433071000094, 0.3543307086614000401 ) ) ;
#2975 = CARTESIAN_POINT ( 'NONE',  ( 0.9763779527559055538, 0.000000000000000000, 0.000000000000000000 ) ) ;
#2976 = CARTESIAN_POINT ( 'NONE',  ( 0.8346456692912992414, 0.000000000000000000, 0.000000000000000000 ) ) ;
#2977 = CARTESIAN_POINT ( 'NONE',  ( 0.7277987937948995345, -0.01529488453125000050, -0.1545601098068999923 ) ) ;
#2978 = CARTESIAN_POINT ( 'NONE',  ( 0.5787401574803000548, 0.1197790563662000096, -0.08733873088323995670 ) ) ;
#2979 = ORIENTED_EDGE ( 'NONE', *, *, #7520, .F. ) ;
#2980 = EDGE_CURVE ( 'NONE', #2046, #6622, #6366, .T. ) ;
#2981 = B_SPLINE_CURVE_WITH_KNOTS ( 'NONE', 3,
 ( #8447, #9416, #1675, #4770, #712, #7842, #3953, #7027, #6929, #9260, #2331 ),
 .UNSPECIFIED., .F., .F.,
 ( 4, 1, 1, 1, 1, 1, 1, 1, 4 ),
 ( 0.000000000000000000, 0.1250000000000000000, 0.2500000000000000000, 0.3750000000000000000, 0.5000000000000000000, 0.6250000000000000000, 0.7500000000000000000, 0.8750000000000000000, 1.000000000000000000 ),
 .UNSPECIFIED. ) ;
#2982 = ORIENTED_EDGE ( 'NONE', *, *, #707, .T. ) ;
#2983 = AXIS2_PLACEMENT_3D ( 'NONE', #1627, #816, #868 ) ;
#2984 = CARTESIAN_POINT ( 'NONE',  ( 1.140594057963000063, 0.03112503123606000233, -0.1050763444793000045 ) ) ;
#2985 = CARTESIAN_POINT ( 'NONE',  ( 0.7519685039370078705, 0.000000000000000000, 0.000000000000000000 ) ) ;
#2986 = CARTESIAN_POINT ( 'NONE',  ( 1.152063562198999858, -0.08483226026506003603, -0.07777690713845000769 ) ) ;
#2987 = FACE_OUTER_BOUND ( 'NONE', #7897, .T. ) ;
#2988 = FACE_OUTER_BOUND ( 'NONE', #304, .T. ) ;
#2989 = CARTESIAN_POINT ( 'NONE',  ( 0.7352433518528995737, 0.1403251316525000181, 0.07092685671043995332 ) ) ;
#2990 = LINE ( 'NONE', #9164, #7502 ) ;
#2991 = AXIS2_PLACEMENT_3D ( 'NONE', #6092, #2304, #9084 ) ;
#2992 = ORIENTED_EDGE ( 'NONE', *, *, #3164, .F. ) ;
#2993 = ORIENTED_EDGE ( 'NONE', *, *, #140, .F. ) ;
#2994 = EDGE_CURVE ( 'NONE', #5286, #3251, #5960, .T. ) ;
#2995 = ORIENTED_EDGE ( 'NONE', *, *, #6739, .F. ) ;
#2996 = CARTESIAN_POINT ( 'NONE',  ( 1.331459050879000072, 0.000000000000000000, 0.1181102362205000006 ) ) ;
#2997 = CARTESIAN_POINT ( 'NONE',  ( 1.369006602443999965, -0.1143024533605000032, -0.01231630474852000133 ) ) ;
#2998 = B_SPLINE_CURVE_WITH_KNOTS ( 'NONE', 3,
 ( #8932, #6691, #1233, #9639, #9783, #432, #7350, #5888, #5082, #8164, #7403, #484, #1138, #4228, #3575, #8215, #7298, #2712 ),
 .UNSPECIFIED., .F., .F.,
 ( 4, 2, 2, 2, 2, 2, 2, 2, 4 ),
 ( 0.000000000000000000, 0.1250000000000000278, 0.2500000000000000555, 0.3750000000000000000, 0.5000000000000000000, 0.6250000000000000000, 0.7500000000000000000, 0.8750000000000001110, 1.000000000000000000 ),
 .UNSPECIFIED. ) ;
#2999 = CARTESIAN_POINT ( 'NONE',  ( 0.5393700787151000098, -4.126856432086000069E-11, 0.1417322834395000064 ) ) ;
#3000 = DIRECTION ( 'NONE',  ( -1.000000000000000000, 3.108692554724999585E-14, 0.000000000000000000 ) ) ;
#3001 = VECTOR ( 'NONE', #1939, 39.37007874015748143 ) ;
#3002 = CARTESIAN_POINT ( 'NONE',  ( 1.239473041755000171, -0.1034646750344000027, 0.01362138288035000082 ) ) ;
#3003 = CIRCLE ( 'NONE', #578, 0.3071475752050999986 ) ;
#3004 = CARTESIAN_POINT ( 'NONE',  ( 1.186678976775392025, -0.05683793265682334644, 0.08752274158283818162 ) ) ;
#3005 = CARTESIAN_POINT ( 'NONE',  ( 0.7322726316473996411, -0.01280516236975000333, 0.1559417421908000090 ) ) ;
#3006 = ORIENTED_EDGE ( 'NONE', *, *, #8044, .F. ) ;
#3007 = EDGE_CURVE ( 'NONE', #5526, #9019, #4180, .T. ) ;
#3008 = AXIS2_PLACEMENT_3D ( 'NONE', #1033, #4126, #4889 ) ;
#3009 = CARTESIAN_POINT ( 'NONE',  ( 1.095500711526000037, 0.09419151460094998818, -0.04492704785243999827 ) ) ;
#3010 = DIRECTION ( 'NONE',  ( 0.000000000000000000, 0.8782547285461282938, 0.4781930904837151664 ) ) ;
#3011 = CARTESIAN_POINT ( 'NONE',  ( 1.213348814658000041, 0.000000000000000000, 0.1181102362205000006 ) ) ;
#3012 = CARTESIAN_POINT ( 'NONE',  ( 0.06692913385827008177, 0.000000000000000000, 0.000000000000000000 ) ) ;
#3013 = LINE ( 'NONE', #9187, #7029 ) ;
#3014 = CIRCLE ( 'NONE', #4320, 0.08267716535433068670 ) ;
#3015 = CARTESIAN_POINT ( 'NONE',  ( 1.284622929353999687, -0.1050763444793000045, 0.03112503123606000233 ) ) ;
#3016 = ORIENTED_EDGE ( 'NONE', *, *, #6585, .T. ) ;
#3017 = ORIENTED_EDGE ( 'NONE', *, *, #686, .F. ) ;
#3018 = DIRECTION ( 'NONE',  ( 0.000000000000000000, 0.000000000000000000, 1.000000000000000000 ) ) ;
#3019 = AXIS2_PLACEMENT_3D ( 'NONE', #7361, #8837, #1910 ) ;
#3020 = CARTESIAN_POINT ( 'NONE',  ( 0.6102362204723996708, -0.2716535433071000094, 0.3543307086614000401 ) ) ;
#3021 = CARTESIAN_POINT ( 'NONE',  ( 1.320165456472000010, 0.03891766934449999993, -0.1030742244401000041 ) ) ;
#3022 = CARTESIAN_POINT ( 'NONE',  ( 1.116418061698489117, -0.09765178958059501924, -0.03657576927026810754 ) ) ;
#3023 = CARTESIAN_POINT ( 'NONE',  ( 1.184815576034000006, -0.1095433277718000087, 0.03559278482678999989 ) ) ;
#3024 = CARTESIAN_POINT ( 'NONE',  ( 0.7294508865112008245, -0.1823135906290000163, -0.08833648070976005129 ) ) ;
#3025 = CYLINDRICAL_SURFACE ( 'NONE', #9067, 0.08267716535433068670 ) ;
#3026 = DIRECTION ( 'NONE',  ( 1.000000000000000000, 0.000000000000000000, 0.000000000000000000 ) ) ;
#3027 = DIRECTION ( 'NONE',  ( 0.000000000000000000, 0.000000000000000000, 1.000000000000000000 ) ) ;
#3028 = DIRECTION ( 'NONE',  ( -0.7071067811865474617, -0.7071067811865474617, 7.140098277806473946E-10 ) ) ;
#3029 = DIRECTION ( 'NONE',  ( -0.000000000000000000, 1.000000000000000000, 0.000000000000000000 ) ) ;
#3030 = ORIENTED_EDGE ( 'NONE', *, *, #7796, .T. ) ;
#3031 = VERTEX_POINT ( 'NONE', #46 ) ;
#3032 = CARTESIAN_POINT ( 'NONE',  ( 1.151256787621999900, 0.1001147699759999954, 0.04457396741637999898 ) ) ;
#3033 = AXIS2_PLACEMENT_3D ( 'NONE', #45, #6968, #4756 ) ;
#3034 = CARTESIAN_POINT ( 'NONE',  ( 0.8647972200392992637, -0.09315908365421005088, -0.1718837821307000191 ) ) ;
#3035 = CARTESIAN_POINT ( 'NONE',  ( 1.042440083649000204, 0.002184015794200999758, -0.1074717778297999971 ) ) ;
#3036 = ADVANCED_FACE ( 'NONE', ( #749 ), #4605, .T. ) ;
#3037 = CARTESIAN_POINT ( 'NONE',  ( 1.261522554759000103, 0.008159577064293996665, 0.1036772567394999983 ) ) ;
#3038 = CARTESIAN_POINT ( 'NONE',  ( -0.03937007874015999859, 7.521921400916004142E-09, 0.2496578167135999893 ) ) ;
#3039 = CARTESIAN_POINT ( 'NONE',  ( 1.272403932768999990, 0.000000000000000000, -0.1181102362205000006 ) ) ;
#3040 = CARTESIAN_POINT ( 'NONE',  ( 0.7334836223767007279, 0.1720445516939999864, 0.1126956960066000102 ) ) ;
#3041 = EDGE_LOOP ( 'NONE', ( #4761, #6782, #6828, #8297 ) ) ;
#3042 = ORIENTED_EDGE ( 'NONE', *, *, #3733, .F. ) ;
#3043 = ORIENTED_EDGE ( 'NONE', *, *, #9419, .T. ) ;
#3044 = AXIS2_PLACEMENT_3D ( 'NONE', #2717, #2240, #2952 ) ;
#3045 = CARTESIAN_POINT ( 'NONE',  ( 0.7361458461413995513, -0.1334985380607000005, 0.08350471638012992026 ) ) ;
#3046 = CARTESIAN_POINT ( 'NONE',  ( 1.255865896685000038, 0.03471519480617000358, -0.09803268593927992602 ) ) ;
#3047 = EDGE_CURVE ( 'NONE', #319, #767, #8803, .T. ) ;
#3048 = CARTESIAN_POINT ( 'NONE',  ( 1.324436392470000223, -0.08474640388892994147, 0.07471400530440000520 ) ) ;
#3049 = EDGE_CURVE ( 'NONE', #4673, #7447, #3695, .T. ) ;
#3050 = CARTESIAN_POINT ( 'NONE',  ( 1.311515777442479269, 0.02436176678408999777, 0.1014740604109000133 ) ) ;
#3051 = CARTESIAN_POINT ( 'NONE',  ( 0.6102362204723996708, 0.3740157480314960647, -0.5314960629921000601 ) ) ;
#3052 = CARTESIAN_POINT ( 'NONE',  ( 1.190424485325000115, 0.01090832490354999920, 0.1037857943025000118 ) ) ;
#3053 = CIRCLE ( 'NONE', #1930, 0.1574803149606000263 ) ;
#3054 = CARTESIAN_POINT ( 'NONE',  ( 1.278378451841330365, -0.04979576510420846702, -0.09171239041669886072 ) ) ;
#3055 = CARTESIAN_POINT ( 'NONE',  ( 0.3149606299213000282, 0.000000000000000000, -0.2263779527559000304 ) ) ;
#3056 = ORIENTED_EDGE ( 'NONE', *, *, #4434, .F. ) ;
#3057 = ORIENTED_EDGE ( 'NONE', *, *, #5309, .T. ) ;
#3058 = VECTOR ( 'NONE', #6174, 39.37007874015748143 ) ;
#3059 = EDGE_CURVE ( 'NONE', #8539, #4447, #2507, .T. ) ;
#3060 = CARTESIAN_POINT ( 'NONE',  ( 1.123223808638000198, -0.06982877559786003496, -0.07755271207417993584 ) ) ;
#3061 = DIRECTION ( 'NONE',  ( -1.000000000000000000, 0.000000000000000000, 0.000000000000000000 ) ) ;
#3062 = CARTESIAN_POINT ( 'NONE',  ( 1.233033854029000009, 0.000000000000000000, -0.1181102362205000006 ) ) ;
#3063 = CARTESIAN_POINT ( 'NONE',  ( 0.4921259842520000483, -0.4370078740156999597, 0.3543307086614000401 ) ) ;
#3064 = CARTESIAN_POINT ( 'NONE',  ( 0.7352427248118996728, 0.1403256680027999970, -0.07092544195587008327 ) ) ;
#3065 = AXIS2_PLACEMENT_3D ( 'NONE', #4166, #7910, #4073 ) ;
#3066 = CARTESIAN_POINT ( 'NONE',  ( 1.196089935776999846, 0.08144502098066003226, 0.08144515336377008974 ) ) ;
#3067 = EDGE_LOOP ( 'NONE', ( #9908, #306, #202, #9009 ) ) ;
#3068 = EDGE_LOOP ( 'NONE', ( #6209, #9165, #7087, #4622 ) ) ;
#3069 = CIRCLE ( 'NONE', #6946, 0.1181102362205000006 ) ;
#3070 = FACE_OUTER_BOUND ( 'NONE', #3190, .T. ) ;
#3071 = PLANE ( 'NONE',  #1277 ) ;
#3072 = CIRCLE ( 'NONE', #5664, 0.08267716535433068670 ) ;
#3073 = CARTESIAN_POINT ( 'NONE',  ( 1.370014066847000000, 0.06566357201442007963, 0.09538056351433996105 ) ) ;
#3074 = CARTESIAN_POINT ( 'NONE',  ( 1.070466596497489098, -0.08029258549006844381, 0.06653389828721989474 ) ) ;
#3075 = CARTESIAN_POINT ( 'NONE',  ( 1.249890564361999967, 0.04912243157563000312, 0.1103307877425000055 ) ) ;
#3076 = CARTESIAN_POINT ( 'NONE',  ( 1.089964833635749475, -0.07258425826477071796, 0.09444883965335035270 ) ) ;
#3077 = CARTESIAN_POINT ( 'NONE',  ( 0.7248214212811003865, 0.1814271630142999803, 0.08656276095768995760 ) ) ;
#3078 = DIRECTION ( 'NONE',  ( 1.000000000000000000, 0.000000000000000000, 0.000000000000000000 ) ) ;
#3079 = CARTESIAN_POINT ( 'NONE',  ( 0.8556108305817993198, -0.09079983126819998751, 0.1626974554718999821 ) ) ;
#3080 = CARTESIAN_POINT ( 'NONE',  ( 0.7248214206942993343, -0.01574803149606000124, 0.2004019123945000314 ) ) ;
#3081 = CARTESIAN_POINT ( 'NONE',  ( 0.7280600717204999128, -0.01516969372517000189, -0.2015020754713999773 ) ) ;
#3082 = ORIENTED_EDGE ( 'NONE', *, *, #1810, .T. ) ;
#3083 = VERTEX_POINT ( 'NONE', #6105 ) ;
#3084 = CARTESIAN_POINT ( 'NONE',  ( 1.095810593396000066, -0.05968658839505000535, -0.09190928627916002125 ) ) ;
#3085 = CIRCLE ( 'NONE', #4386, 0.1553113939094000751 ) ;
#3086 = CARTESIAN_POINT ( 'NONE',  ( 0.5819715539376000280, -0.1249886876760000071, 0.09034651292232991071 ) ) ;
#3087 = CARTESIAN_POINT ( 'NONE',  ( 1.117633390341000066, -0.05683708822591999887, -0.09359752587795000522 ) ) ;
#3088 = CARTESIAN_POINT ( 'NONE',  ( 1.299908381530000101, 0.02427781510677000376, 0.1011243765126999955 ) ) ;
#3089 = CARTESIAN_POINT ( 'NONE',  ( 1.046302799459000177, 0.01340492942170000076, -0.1017581099220000035 ) ) ;
#3090 = DIRECTION ( 'NONE',  ( 0.000000000000000000, -0.8660254037844288266, 0.5000000000000169864 ) ) ;
#3091 = FACE_OUTER_BOUND ( 'NONE', #7645, .T. ) ;
#3092 = CARTESIAN_POINT ( 'NONE',  ( 0.7322039835687007558, 0.1702081640231999926, 0.1131290375300000040 ) ) ;
#3093 = ORIENTED_EDGE ( 'NONE', *, *, #691, .T. ) ;
#3094 = ORIENTED_EDGE ( 'NONE', *, *, #1005, .T. ) ;
#3095 = ORIENTED_EDGE ( 'NONE', *, *, #5660, .T. ) ;
#3096 = CARTESIAN_POINT ( 'NONE',  ( 1.330355310690731319, 0.1047562227733775525, -0.005875122860231004468 ) ) ;
#3097 = VECTOR ( 'NONE', #1789, 39.37007874015748143 ) ;
#3098 = DIRECTION ( 'NONE',  ( 0.000000000000000000, 0.000000000000000000, -1.000000000000000000 ) ) ;
#3099 = EDGE_CURVE ( 'NONE', #2422, #6719, #1460, .T. ) ;
#3100 = CARTESIAN_POINT ( 'NONE',  ( 1.189756972799999923, 0.07353757175389999401, 0.07353769128401003996 ) ) ;
#3101 = CARTESIAN_POINT ( 'NONE',  ( 1.362928846538000061, -0.07477757219487991824, 0.08732157181123997858 ) ) ;
#3102 = CARTESIAN_POINT ( 'NONE',  ( 1.307250685578482452, 0.08279234551820000010, 0.06352880097637007839 ) ) ;
#3103 = CARTESIAN_POINT ( 'NONE',  ( -0.03149606299213000143, 0.000000000000000000, 0.000000000000000000 ) ) ;
#3104 = CARTESIAN_POINT ( 'NONE',  ( 1.280047955620000177, -0.07755271207417993584, -0.06982877559786003496 ) ) ;
#3105 = CARTESIAN_POINT ( 'NONE',  ( 1.145739111850749836, 0.01546059376767017907, -0.1181102362204999728 ) ) ;
#3106 = PLANE ( 'NONE',  #5 ) ;
#3107 = EDGE_CURVE ( 'NONE', #7532, #3285, #6820, .T. ) ;
#3108 = EDGE_LOOP ( 'NONE', ( #4413, #9718, #5211, #2589 ) ) ;
#3109 = ADVANCED_FACE ( 'NONE', ( #4659 ), #8535, .T. ) ;
#3110 = ORIENTED_EDGE ( 'NONE', *, *, #5231, .T. ) ;
#3111 = EDGE_CURVE ( 'NONE', #9577, #1695, #2133, .T. ) ;
#3112 = CARTESIAN_POINT ( 'NONE',  ( 1.057114884753999950, 0.1000599975330000030, -0.02963912128933999732 ) ) ;
#3113 = AXIS2_PLACEMENT_3D ( 'NONE', #7818, #889, #5598 ) ;
#3114 = DIRECTION ( 'NONE',  ( 0.000000000000000000, -0.9997541118987406383, -0.02217466440694088742 ) ) ;
#3115 = CARTESIAN_POINT ( 'NONE',  ( 0.7244094488188976833, 0.000000000000000000, 0.000000000000000000 ) ) ;
#3116 = DIRECTION ( 'NONE',  ( 0.000000000000000000, 0.5000000000000169864, -0.8660254037844288266 ) ) ;
#3117 = CARTESIAN_POINT ( 'NONE',  ( 1.233441826992000001, 0.06207203992786004126, 0.09031537852314999726 ) ) ;
#3118 = VERTEX_POINT ( 'NONE', #2932 ) ;
#3119 = EDGE_CURVE ( 'NONE', #499, #2488, #4772, .T. ) ;
#3120 = ORIENTED_EDGE ( 'NONE', *, *, #5168, .F. ) ;
#3121 = CARTESIAN_POINT ( 'NONE',  ( 1.055867833018064861, -3.516388863965216392E-08, 0.1181097364760243240 ) ) ;
#3122 = CARTESIAN_POINT ( 'NONE',  ( 1.148701277497000017, 0.09533529053063996561, 0.04244600606646999758 ) ) ;
#3123 = CARTESIAN_POINT ( 'NONE',  ( 1.377243397555999893, -0.05913193458526003893, 0.09626811451843997336 ) ) ;
#3124 = CARTESIAN_POINT ( 'NONE',  ( 1.114329358735427267, -0.1042441577119072177, -0.002610457611062291967 ) ) ;
#3125 = DIRECTION ( 'NONE',  ( 0.9999999999997291056, -1.362707871121040013E-07, -7.231932627918211496E-07 ) ) ;
#3126 = CARTESIAN_POINT ( 'NONE',  ( 1.102267983241999483, -0.05948255673673412403, -0.1032031167347790407 ) ) ;
#3127 = CARTESIAN_POINT ( 'NONE',  ( 1.125586347466750015, 0.1181102362204999728, 0.01546059376767032305 ) ) ;
#3128 = CARTESIAN_POINT ( 'NONE',  ( 1.339758853899238433, 0.09489640704855001330, -0.04474592824854002615 ) ) ;
#3129 = CARTESIAN_POINT ( 'NONE',  ( 1.292088972139000091, 0.000000000000000000, 0.1181102362205000006 ) ) ;
#3130 = CARTESIAN_POINT ( 'NONE',  ( 1.405511811024000357, 0.000000000000000000, 0.000000000000000000 ) ) ;
#3131 = DIRECTION ( 'NONE',  ( 1.000000000000000000, 0.000000000000000000, 0.000000000000000000 ) ) ;
#3132 = ORIENTED_EDGE ( 'NONE', *, *, #5139, .F. ) ;
#3133 = B_SPLINE_CURVE_WITH_KNOTS ( 'NONE', 3,
 ( #2270, #7681, #7832, #10007, #856, #3787 ),
 .UNSPECIFIED., .F., .F.,
 ( 4, 1, 1, 4 ),
 ( 0.000000000000000000, 0.3333333333333000081, 0.6666666666667000474, 1.000000000000000000 ),
 .UNSPECIFIED. ) ;
#3134 = ORIENTED_EDGE ( 'NONE', *, *, #5647, .T. ) ;
#3135 = CARTESIAN_POINT ( 'NONE',  ( 1.068087496283000037, 0.1050763424652000066, -0.03112503033931000168 ) ) ;
#3136 = VECTOR ( 'NONE', #2500, 39.37007874015748143 ) ;
#3137 = CARTESIAN_POINT ( 'NONE',  ( 0.8556108869465000044, -0.09079984834958997053, -0.1626974281950999968 ) ) ;
#3138 = CARTESIAN_POINT ( 'NONE',  ( 1.048706192540000082, 0.09332832490127007663, -0.05727800731096000658 ) ) ;
#3139 = CARTESIAN_POINT ( 'NONE',  ( 1.287113105940000279, 0.07908058356902993025, -0.06754119902232992578 ) ) ;
#3140 = CARTESIAN_POINT ( 'NONE',  ( 1.120799871830000072, -0.05393717294245000543, -0.08882203676932991232 ) ) ;
#3141 = CARTESIAN_POINT ( 'NONE',  ( 1.293376907126750019, -0.1181102362204999867, -0.01546059376767004896 ) ) ;
#3142 = DIRECTION ( 'NONE',  ( 0.000000000000000000, 1.000000000000000000, 0.000000000000000000 ) ) ;
#3143 = DIRECTION ( 'NONE',  ( 0.000000000000000000, -1.000000000000000000, 0.000000000000000000 ) ) ;
#3144 = AXIS2_PLACEMENT_3D ( 'NONE', #1512, #6262, #6208 ) ;
#3145 = AXIS2_PLACEMENT_3D ( 'NONE', #8816, #4783, #7095 ) ;
#3146 = VERTEX_POINT ( 'NONE', #7580 ) ;
#3147 = ORIENTED_EDGE ( 'NONE', *, *, #1791, .F. ) ;
#3148 = VERTEX_POINT ( 'NONE', #9903 ) ;
#3149 = CARTESIAN_POINT ( 'NONE',  ( 1.308049389237419868, -0.09117214372920172394, 0.04680973620394382473 ) ) ;
#3150 = LINE ( 'NONE', #1378, #12 ) ;
#3151 = CONICAL_SURFACE ( 'NONE', #7339, 0.1476377952519999925, 0.7853981633972997312 ) ;
#3152 = AXIS2_PLACEMENT_3D ( 'NONE', #4914, #8800, #1778 ) ;
#3153 = CARTESIAN_POINT ( 'NONE',  ( 0.7244094488188976833, -0.01574803149606000124, 0.2002676082188999951 ) ) ;
#3154 = CARTESIAN_POINT ( 'NONE',  ( 1.380021551402000002, 0.07845123304622007854, -0.07622389813472008058 ) ) ;
#3155 = CARTESIAN_POINT ( 'NONE',  ( 0.7334669091272008057, 0.1296093356958999965, 0.08820169963082992448 ) ) ;
#3156 = CARTESIAN_POINT ( 'NONE',  ( 1.315780869305482437, -0.04492705090909000082, 0.09419148551886009912 ) ) ;
#3157 = DIRECTION ( 'NONE',  ( -1.000000000000000000, 0.000000000000000000, 0.000000000000000000 ) ) ;
#3158 = CARTESIAN_POINT ( 'NONE',  ( 1.292899772371999934, 0.09924984962422009338, 0.03224823102986000556 ) ) ;
#3159 = CARTESIAN_POINT ( 'NONE',  ( 1.218667165752330028, 0.05910953392561574260, 0.08600490554238665597 ) ) ;
#3160 = FACE_OUTER_BOUND ( 'NONE', #4081, .T. ) ;
#3161 = CARTESIAN_POINT ( 'NONE',  ( 1.140350126994250202, -0.09444883965335044984, 0.07258425826477060694 ) ) ;
#3162 = ORIENTED_EDGE ( 'NONE', *, *, #5265, .T. ) ;
#3163 = EDGE_LOOP ( 'NONE', ( #409, #2257 ) ) ;
#3164 = EDGE_CURVE ( 'NONE', #5880, #6367, #9613, .T. ) ;
#3165 = CARTESIAN_POINT ( 'NONE',  ( 1.061379976617000009, 0.09641372827659999700, 0.03993587396947000101 ) ) ;
#3166 = AXIS2_PLACEMENT_3D ( 'NONE', #5898, #6601, #8987 ) ;
#3167 = CARTESIAN_POINT ( 'NONE',  ( 0.7362204724408996093, 0.004479479497588000070, 0.1574175286396999884 ) ) ;
#3168 = ADVANCED_FACE ( 'NONE', ( #2268 ), #8433, .T. ) ;
#3169 = CARTESIAN_POINT ( 'NONE',  ( 0.8346456692645000119, 2.725007019431000363E-11, 0.1574803149338000197 ) ) ;
#3170 = CARTESIAN_POINT ( 'NONE',  ( 1.269695107832000236, 0.09764474495492007911, 0.04975248256393000057 ) ) ;
#3171 = VERTEX_POINT ( 'NONE', #7830 ) ;
#3172 = CONICAL_SURFACE ( 'NONE', #4474, 0.1633858267431000100, 0.7853981633972997312 ) ;
#3173 = AXIS2_PLACEMENT_3D ( 'NONE', #7661, #733, #1650 ) ;
#3174 = ORIENTED_EDGE ( 'NONE', *, *, #8114, .F. ) ;
#3175 = CARTESIAN_POINT ( 'NONE',  ( 1.059968334367789033, -0.07258123982627930071, 0.09444521804278581401 ) ) ;
#3176 = CARTESIAN_POINT ( 'NONE',  ( 1.180689466473000104, 0.07569823074892008397, -0.07183493912152008609 ) ) ;
#3177 = CARTESIAN_POINT ( 'NONE',  ( 1.331457636401000011, 0.05276016990911999716, 0.1030802294173999989 ) ) ;
#3178 = CARTESIAN_POINT ( 'NONE',  ( 1.325717581062749506, 0.09444883965335013065, 0.07258425826477109266 ) ) ;
#3179 = CARTESIAN_POINT ( 'NONE',  ( 1.185914186408999926, -0.1127504526622000042, -0.04328084370751000831 ) ) ;
#3180 = EDGE_CURVE ( 'NONE', #1439, #8028, #4757, .T. ) ;
#3181 = AXIS2_PLACEMENT_3D ( 'NONE', #5850, #8069, #7507 ) ;
#3182 = CARTESIAN_POINT ( 'NONE',  ( 1.086683993740749754, -0.01546059376766992927, 0.1181102362204999867 ) ) ;
#3183 = ADVANCED_FACE ( 'NONE', ( #9404 ), #1815, .T. ) ;
#3184 = CYLINDRICAL_SURFACE ( 'NONE', #3898, 0.1181102362205000006 ) ;
#3185 = CARTESIAN_POINT ( 'NONE',  ( 1.337349076996239061, 0.07117722443235000029, -0.07708001613486005488 ) ) ;
#3186 = CARTESIAN_POINT ( 'NONE',  ( 1.311774011509000193, 0.000000000000000000, -0.1181102362205000006 ) ) ;
#3187 = CARTESIAN_POINT ( 'NONE',  ( 0.6284087203132993071, -0.1541934453075999856, -0.07083936670872008345 ) ) ;
#3188 = FACE_OUTER_BOUND ( 'NONE', #5371, .T. ) ;
#3189 = ORIENTED_EDGE ( 'NONE', *, *, #6442, .T. ) ;
#3190 = EDGE_LOOP ( 'NONE', ( #9945, #1994, #2703, #5036 ) ) ;
#3191 = CARTESIAN_POINT ( 'NONE',  ( 1.090511565976000075, -0.08250703961432992450, -0.06330987819432007391 ) ) ;
#3192 = DIRECTION ( 'NONE',  ( 1.000000000000000000, 0.000000000000000000, 0.000000000000000000 ) ) ;
#3193 = CARTESIAN_POINT ( 'NONE',  ( 1.092568954777000112, 0.1079879685097000080, 0.01815351496623000133 ) ) ;
#3194 = CARTESIAN_POINT ( 'NONE',  ( 1.256223527338999890, 0.04457396741637999898, 0.1001147699759999954 ) ) ;
#3195 = CARTESIAN_POINT ( 'NONE',  ( 1.093646733301999907, 0.1024740677125999949, -0.01725219659349000109 ) ) ;
#3196 = CARTESIAN_POINT ( 'NONE',  ( 0.6561202481738996894, 0.000000000000000000, 0.000000000000000000 ) ) ;
#3197 = CARTESIAN_POINT ( 'NONE',  ( 0.8661417806943997322, -1.836731331333000290E-08, 1.139381370957000107E-07 ) ) ;
#3198 = DIRECTION ( 'NONE',  ( 0.000000000000000000, 0.8660254037844288266, 0.5000000000000169864 ) ) ;
#3199 = ORIENTED_EDGE ( 'NONE', *, *, #78, .F. ) ;
#3200 = VERTEX_POINT ( 'NONE', #3281 ) ;
#3201 = ORIENTED_EDGE ( 'NONE', *, *, #2610, .F. ) ;
#3202 = CARTESIAN_POINT ( 'NONE',  ( 1.114938831963999899, 0.1201104807923000090, -0.01262412023106999903 ) ) ;
#3203 = CARTESIAN_POINT ( 'NONE',  ( 0.6752388305532991408, 0.1674263170509000254, -0.07847936877186004190 ) ) ;
#3204 = EDGE_CURVE ( 'NONE', #3859, #6883, #8468, .T. ) ;
#3205 = CARTESIAN_POINT ( 'NONE',  ( 1.262263534479999949, 0.1017252449114000035, -0.02162236829341000061 ) ) ;
#3206 = CARTESIAN_POINT ( 'NONE',  ( 0.5987259261576004521, -0.1300515385054999973, -0.09326955121158995998 ) ) ;
#3207 = CARTESIAN_POINT ( 'NONE',  ( 0.7244094488188976833, -0.1813108520207999952, 0.08649560877427991956 ) ) ;
#3208 = DIRECTION ( 'NONE',  ( 0.000000000000000000, 0.1290322580644962247, -0.9916403967057701996 ) ) ;
#3209 = DIRECTION ( 'NONE',  ( 0.000000000000000000, 0.000000000000000000, -1.000000000000000000 ) ) ;
#3210 = CARTESIAN_POINT ( 'NONE',  ( 1.213939031735999929, 0.09641372841431003482, -0.03993587390816000920 ) ) ;
#3211 = DIRECTION ( 'NONE',  ( -1.000000000000000000, 0.000000000000000000, 0.000000000000000000 ) ) ;
#3212 = CARTESIAN_POINT ( 'NONE',  ( 0.6498031496062991463, -0.5314960629921000601, 0.3740157480314960647 ) ) ;
#3213 = AXIS2_PLACEMENT_3D ( 'NONE', #4315, #2134, #5119 ) ;
#3214 = DIRECTION ( 'NONE',  ( 0.000000000000000000, 1.000000000000000000, 0.000000000000000000 ) ) ;
#3215 = VERTEX_POINT ( 'NONE', #3328 ) ;
#3216 = ORIENTED_EDGE ( 'NONE', *, *, #2803, .F. ) ;
#3217 = CARTESIAN_POINT ( 'NONE',  ( 1.121091262706999991, -0.09171112839325000488, -0.04979507988139000169 ) ) ;
#3218 = CARTESIAN_POINT ( 'NONE',  ( 1.275669781433999894, -0.02700970012306000076, 0.1008015731564999989 ) ) ;
#3219 = CARTESIAN_POINT ( 'NONE',  ( 0.07086614173227992475, 0.000000000000000000, -0.2755905511811023723 ) ) ;
#3220 = CARTESIAN_POINT ( 'NONE',  ( 1.159761763039665938, 0.09197940250215649871, -0.07690747405743854348 ) ) ;
#3221 = CARTESIAN_POINT ( 'NONE',  ( 1.315577182773999931, -0.04477223039406000304, 0.09386689768137007617 ) ) ;
#3222 = ORIENTED_EDGE ( 'NONE', *, *, #5739, .F. ) ;
#3223 = AXIS2_PLACEMENT_3D ( 'NONE', #644, #2211, #4969 ) ;
#3224 = VERTEX_POINT ( 'NONE', #5507 ) ;
#3225 = EDGE_CURVE ( 'NONE', #9974, #2947, #1704, .T. ) ;
#3226 = CARTESIAN_POINT ( 'NONE',  ( 1.057507633556826088, -0.03091384888472867298, 0.1150338869240643686 ) ) ;
#3227 = CARTESIAN_POINT ( 'NONE',  ( 1.047973619356000086, 0.000000000000000000, 0.000000000000000000 ) ) ;
#3228 = CARTESIAN_POINT ( 'NONE',  ( 1.316242270397999903, 0.08237284637443995083, -0.08920410114685001224 ) ) ;
#3229 = CARTESIAN_POINT ( 'NONE',  ( 1.325616456282688427, -0.09773974958642502042, 0.05643015173465146944 ) ) ;
#3230 = CIRCLE ( 'NONE', #7585, 0.08267716535433068670 ) ;
#3231 = CARTESIAN_POINT ( 'NONE',  ( 1.051851690047999943, -0.04308208645362000128, -0.1103107477802999919 ) ) ;
#3232 = CARTESIAN_POINT ( 'NONE',  ( 0.7352427161525000310, -0.1315860621305000033, -0.08606287749492992634 ) ) ;
#3233 = CARTESIAN_POINT ( 'NONE',  ( 0.5787401574803000548, -0.01574803149606000124, 0.1210269775506999934 ) ) ;
#3234 = CARTESIAN_POINT ( 'NONE',  ( 0.5841804246273000212, 0.000000000000000000, 0.000000000000000000 ) ) ;
#3235 = DIRECTION ( 'NONE',  ( 1.000000000000000000, 0.000000000000000000, 0.000000000000000000 ) ) ;
#3236 = DIRECTION ( 'NONE',  ( 0.000000000000000000, 1.000000000000000000, 0.000000000000000000 ) ) ;
#3237 = ORIENTED_EDGE ( 'NONE', *, *, #8120, .F. ) ;
#3238 = ORIENTED_EDGE ( 'NONE', *, *, #6897, .T. ) ;
#3239 = VECTOR ( 'NONE', #7048, 39.37007874015747433 ) ;
#3240 = VERTEX_POINT ( 'NONE', #8591 ) ;
#3241 = ADVANCED_FACE ( 'NONE', ( #7071 ), #6353, .F. ) ;
#3242 = CIRCLE ( 'NONE', #1617, 0.08267716535433068670 ) ;
#3243 = CARTESIAN_POINT ( 'NONE',  ( 1.084113928181000164, -0.09709035472627994268, 0.03726949532825000327 ) ) ;
#3244 = DIRECTION ( 'NONE',  ( 0.000000000000000000, 1.000000000000000000, 0.000000000000000000 ) ) ;
#3245 = CARTESIAN_POINT ( 'NONE',  ( 1.112378205888999938, -0.08863667449390000286, -0.07341184918317007757 ) ) ;
#3246 = CARTESIAN_POINT ( 'NONE',  ( 1.213572608702999878, 0.08865957311805000574, 0.06441495038506003801 ) ) ;
#3247 = CARTESIAN_POINT ( 'NONE',  ( 1.099912842193000007, 0.06988215737867008170, 0.07690940723331003703 ) ) ;
#3248 = CARTESIAN_POINT ( 'NONE',  ( 0.5810294838684999519, 0.1242893722145000102, 0.08994276295236004748 ) ) ;
#3249 = CARTESIAN_POINT ( 'NONE',  ( 0.6102362204723996708, -0.4370078740156999597, 0.3543307086614000401 ) ) ;
#3250 = DIRECTION ( 'NONE',  ( -1.000000000000000000, 0.000000000000000000, 0.000000000000000000 ) ) ;
#3251 = VERTEX_POINT ( 'NONE', #7163 ) ;
#3252 = EDGE_LOOP ( 'NONE', ( #3385, #5128, #7292, #779, #9021, #4105 ) ) ;
#3253 = ADVANCED_FACE ( 'NONE', ( #1716 ), #6402, .T. ) ;
#3254 = CARTESIAN_POINT ( 'NONE',  ( 1.197074187746000051, 0.06640708077441004331, 0.09140150536917007740 ) ) ;
#3255 = CARTESIAN_POINT ( 'NONE',  ( 0.8543307086613995960, -1.836731331333000290E-08, 1.139381370957000107E-07 ) ) ;
#3256 = DIRECTION ( 'NONE',  ( 0.000000000000000000, -1.000000000000000000, 0.000000000000000000 ) ) ;
#3257 = CARTESIAN_POINT ( 'NONE',  ( 1.353684609144000017, 0.02831045354422000518, 0.1056560510123000091 ) ) ;
#3258 = DIRECTION ( 'NONE',  ( 0.000000000000000000, 0.000000000000000000, -1.000000000000000000 ) ) ;
#3259 = CARTESIAN_POINT ( 'NONE',  ( 1.245406853557482707, -0.1020770065874999910, -0.02169713754582000206 ) ) ;
#3260 = CARTESIAN_POINT ( 'NONE',  ( 0.5265748031496000348, 0.000000000000000000, 0.000000000000000000 ) ) ;
#3261 = CARTESIAN_POINT ( 'NONE',  ( 1.299297410167000066, 0.02436176678408999777, 0.1014740604109000133 ) ) ;
#3262 = DIRECTION ( 'NONE',  ( 1.000000000000000000, 0.000000000000000000, 0.000000000000000000 ) ) ;
#3263 = CARTESIAN_POINT ( 'NONE',  ( 0.7244094488188976833, -0.1251805779226000115, 0.09045730080782006521 ) ) ;
#3264 = EDGE_LOOP ( 'NONE', ( #1796, #5781, #3411, #1748, #6111 ) ) ;
#3265 = VERTEX_POINT ( 'NONE', #5658 ) ;
#3266 = ADVANCED_FACE ( 'NONE', ( #1663 ), #4462, .T. ) ;
#3267 = CARTESIAN_POINT ( 'NONE',  ( 1.048641242188000033, 0.05910869382497991459, -0.08600371016382007960 ) ) ;
#3268 = CARTESIAN_POINT ( 'NONE',  ( 0.7277987937948995345, 0.01529488453125000050, 0.1545601098068999923 ) ) ;
#3269 = CARTESIAN_POINT ( 'NONE',  ( 0.7244094488188976833, -0.01574803149606000124, -0.2002676082188999951 ) ) ;
#3270 = DIRECTION ( 'NONE',  ( 0.000000000000000000, 0.000000000000000000, 1.000000000000000000 ) ) ;
#3271 = CARTESIAN_POINT ( 'NONE',  ( 1.277191356002000067, -0.05890502939158000217, 0.08570734959896003646 ) ) ;
#3272 = EDGE_CURVE ( 'NONE', #5149, #9519, #4045, .T. ) ;
#3273 = EDGE_LOOP ( 'NONE', ( #8052, #8397, #2970, #2966 ) ) ;
#3274 = CARTESIAN_POINT ( 'NONE',  ( 1.056687399953117890, -0.01546115556666761634, 0.1181060755821467523 ) ) ;
#3275 = AXIS2_PLACEMENT_3D ( 'NONE', #2609, #9492, #2559 ) ;
#3276 = CARTESIAN_POINT ( 'NONE',  ( 1.095387629203000035, -0.02436176700353999761, -0.1014740624988999945 ) ) ;
#3277 = CARTESIAN_POINT ( 'NONE',  ( 0.8543306602647993131, 0.09046553671456003531, 0.1614172985173000230 ) ) ;
#3278 = CARTESIAN_POINT ( 'NONE',  ( 1.365299997998102421, -0.06851633493713354950, 0.09716342746096300054 ) ) ;
#3279 = DIRECTION ( 'NONE',  ( 1.000000000000000000, 0.000000000000000000, 0.000000000000000000 ) ) ;
#3280 = CARTESIAN_POINT ( 'NONE',  ( 1.106721518070499677, -0.1150361429136074476, -0.03091510445189083259 ) ) ;
#3281 = CARTESIAN_POINT ( 'NONE',  ( 0.3149606299213000282, 0.000000000000000000, 0.2263779527559000304 ) ) ;
#3282 = CARTESIAN_POINT ( 'NONE',  ( 1.058592467646333191, -0.02873864380703613358, -0.1154584617648212602 ) ) ;
#3283 = CARTESIAN_POINT ( 'NONE',  ( 1.303751167922000187, 0.02200896399188000119, -0.1187497432073000014 ) ) ;
#3284 = ORIENTED_EDGE ( 'NONE', *, *, #6585, .F. ) ;
#3285 = VERTEX_POINT ( 'NONE', #7975 ) ;
#3286 = CARTESIAN_POINT ( 'NONE',  ( 1.133162484610999998, -0.03979825319989999111, -0.09608148263394998556 ) ) ;
#3287 = CARTESIAN_POINT ( 'NONE',  ( 0.7280600717204999128, 0.000000000000000000, 0.000000000000000000 ) ) ;
#3288 = CARTESIAN_POINT ( 'NONE',  ( 1.163518001456000039, 0.1204132023310000021, -0.007978220710787006786 ) ) ;
#3289 = CARTESIAN_POINT ( 'NONE',  ( 1.178353263420000019, 0.07353757175389999401, 0.07353769128401003996 ) ) ;
#3290 = CARTESIAN_POINT ( 'NONE',  ( 1.131243386648000060, 0.09357921789082007669, -0.04518299259475999641 ) ) ;
#3291 = CARTESIAN_POINT ( 'NONE',  ( 1.283534387441748859, -0.01546059376766992406, 0.1181102362204999867 ) ) ;
#3292 = CARTESIAN_POINT ( 'NONE',  ( 1.180282181642364314, 0.07569823074892008397, -0.07183493912152008609 ) ) ;
#3293 = EDGE_CURVE ( 'NONE', #1723, #5622, #9453, .T. ) ;
#3294 = EDGE_CURVE ( 'NONE', #1326, #5526, #4137, .T. ) ;
#3295 = ORIENTED_EDGE ( 'NONE', *, *, #5038, .F. ) ;
#3296 = ORIENTED_EDGE ( 'NONE', *, *, #3049, .F. ) ;
#3297 = AXIS2_PLACEMENT_3D ( 'NONE', #9328, #1688, #2394 ) ;
#3298 = CARTESIAN_POINT ( 'NONE',  ( 1.183180301779999999, -0.02510992792130999768, -0.1181329231507999983 ) ) ;
#3299 = LINE ( 'NONE', #2442, #9994 ) ;
#3300 = CARTESIAN_POINT ( 'NONE',  ( 1.332936841801000138, -0.002471814868744999678, -0.1048876372943000068 ) ) ;
#3301 = CARTESIAN_POINT ( 'NONE',  ( 1.340388534479999949, 0.09892967436227008415, -0.03142985777621000454 ) ) ;
#3302 = CARTESIAN_POINT ( 'NONE',  ( 0.5987259261576004521, -0.01574803149606000124, 0.1592627117527999903 ) ) ;
#3303 = CARTESIAN_POINT ( 'NONE',  ( 1.188867065494515263, 0.08417791472501207073, 0.05891435769040636455 ) ) ;
#3304 = CARTESIAN_POINT ( 'NONE',  ( 0.5787401574803000548, 0.09693842135412991667, 0.07415168411053996156 ) ) ;
#3305 = CARTESIAN_POINT ( 'NONE',  ( 1.252324858507000149, 0.08897936835737992045, -0.05452662705760000228 ) ) ;
#3306 = EDGE_CURVE ( 'NONE', #6933, #1176, #6947, .T. ) ;
#3307 = DIRECTION ( 'NONE',  ( 1.000000000000000000, 0.000000000000000000, 0.000000000000000000 ) ) ;
#3308 = CARTESIAN_POINT ( 'NONE',  ( -0.06692913385827008177, 0.000000000000000000, -0.1023622047244000105 ) ) ;
#3309 = ORIENTED_EDGE ( 'NONE', *, *, #6819, .T. ) ;
#3310 = ORIENTED_EDGE ( 'NONE', *, *, #8793, .T. ) ;
#3311 = B_SPLINE_CURVE_WITH_KNOTS ( 'NONE', 3,
 ( #280, #9584, #5543, #2657, #1137, #5743 ),
 .UNSPECIFIED., .F., .F.,
 ( 4, 1, 1, 4 ),
 ( 0.000000000000000000, 0.3333333333333000081, 0.6666666666667000474, 1.000000000000000000 ),
 .UNSPECIFIED. ) ;
#3312 = STYLED_ITEM ( 'NONE', ( #1058 ), #2814 ) ;
#3313 = CARTESIAN_POINT ( 'NONE',  ( 1.112617620141000074, -0.1026099921947999927, 0.01901763795381000016 ) ) ;
#3314 = CARTESIAN_POINT ( 'NONE',  ( 1.256476868047999851, 0.03483523850942000372, -0.09837167889972008028 ) ) ;
#3315 = CARTESIAN_POINT ( 'NONE',  ( 1.274512077730082682, 0.1150361429136073088, 0.03091510445189112749 ) ) ;
#3316 = CARTESIAN_POINT ( 'NONE',  ( 0.8543307093751004722, 0.09046555187917007523, -0.1614173222120000306 ) ) ;
#3317 = CIRCLE ( 'NONE', #2513, 0.1968504526233000040 ) ;
#3318 = VECTOR ( 'NONE', #8315, 39.37007874015748854 ) ;
#3319 = CARTESIAN_POINT ( 'NONE',  ( 1.289986631592999977, -0.04962348393291000220, -0.09139508797118996164 ) ) ;
#3320 = VERTEX_POINT ( 'NONE', #3186 ) ;
#3321 = VECTOR ( 'NONE', #386, 39.37007874015748143 ) ;
#3322 = CARTESIAN_POINT ( 'NONE',  ( 0.9809716437276003731, -0.09435586860101004281, -0.1766362176665000061 ) ) ;
#3323 = CARTESIAN_POINT ( 'NONE',  ( 1.071929623953000066, 0.07755271211107993279, 0.06982877558142992769 ) ) ;
#3324 = CARTESIAN_POINT ( 'NONE',  ( 1.371667139165000160, -0.02009296581334000034, 0.1197449405280000129 ) ) ;
#3325 = FACE_OUTER_BOUND ( 'NONE', #9508, .T. ) ;
#3326 = CARTESIAN_POINT ( 'NONE',  ( 0.7244094488188976833, -0.1409286094185999982, 0.06318091013743996898 ) ) ;
#3327 = DIRECTION ( 'NONE',  ( -1.000000000000000000, 0.000000000000000000, 0.000000000000000000 ) ) ;
#3328 = CARTESIAN_POINT ( 'NONE',  ( 0.8464566929133995332, 0.09399477469537993735, 0.1751968503937007815 ) ) ;
#3329 = AXIS2_PLACEMENT_3D ( 'NONE', #1986, #4069, #8767 ) ;
#3330 = DIRECTION ( 'NONE',  ( 0.000000000000000000, 0.000000000000000000, 1.000000000000000000 ) ) ;
#3331 = CIRCLE ( 'NONE', #8984, 0.08267716535433068670 ) ;
#3332 = CARTESIAN_POINT ( 'NONE',  ( 1.314413897581000024, 0.1148610764325999900, 0.03732062610835000516 ) ) ;
#3333 = ORIENTED_EDGE ( 'NONE', *, *, #8117, .T. ) ;
#3334 = ORIENTED_EDGE ( 'NONE', *, *, #4256, .F. ) ;
#3335 = EDGE_CURVE ( 'NONE', #967, #3921, #4915, .T. ) ;
#3336 = CARTESIAN_POINT ( 'NONE',  ( 1.105439387497999970, 0.1034281363059999931, -0.01087073517139999952 ) ) ;
#3337 = CIRCLE ( 'NONE', #2200, 0.1122047244094000057 ) ;
#3338 = CARTESIAN_POINT ( 'NONE',  ( 0.6115386739812992412, 0.01574803149606000124, 0.1244274410531000102 ) ) ;
#3339 = CARTESIAN_POINT ( 'NONE',  ( 1.116555611816000049, -0.02426077261163000001, -0.1125041091609999960 ) ) ;
#3340 = CARTESIAN_POINT ( 'NONE',  ( 1.294609354110000110, 0.05968658845680000630, 0.09190928686668996261 ) ) ;
#3341 = B_SPLINE_CURVE_WITH_KNOTS ( 'NONE', 3,
 ( #1161, #9714, #4357, #8956, #1206, #2735, #4308, #6668, #8855, #4254, #3499 ),
 .UNSPECIFIED., .F., .F.,
 ( 4, 1, 1, 1, 1, 1, 1, 1, 4 ),
 ( 0.000000000000000000, 0.1250000000000000000, 0.2500000000000000000, 0.3750000000000000000, 0.5000000000000000000, 0.6250000000000000000, 0.7500000000000000000, 0.8750000000000000000, 1.000000000000000000 ),
 .UNSPECIFIED. ) ;
#3342 = CARTESIAN_POINT ( 'NONE',  ( 0.9999994263158000773, 0.1234251735503109210, -0.1543624914383133762 ) ) ;
#3343 = CARTESIAN_POINT ( 'NONE',  ( 1.298298166969250156, -0.07258425826477052367, -0.09444883965335053311 ) ) ;
#3344 = CARTESIAN_POINT ( 'NONE',  ( 1.097112890303364230, 0.01090832572257000033, -0.1037857865099000160 ) ) ;
#3345 = CARTESIAN_POINT ( 'NONE',  ( 0.5787401574802844006, -0.1477865887740783535, -0.003277924012423250131 ) ) ;
#3346 = EDGE_CURVE ( 'NONE', #7101, #4573, #7340, .T. ) ;
#3347 = EDGE_LOOP ( 'NONE', ( #7713, #6817, #295, #2476 ) ) ;
#3348 = VECTOR ( 'NONE', #5042, 39.37007874015748143 ) ;
#3349 = VERTEX_POINT ( 'NONE', #5900 ) ;
#3350 = CARTESIAN_POINT ( 'NONE',  ( 1.080818097056000182, 0.08975114851124998960, 0.08081229704243997336 ) ) ;
#3351 = EDGE_CURVE ( 'NONE', #4487, #4378, #6372, .T. ) ;
#3352 = CARTESIAN_POINT ( 'NONE',  ( 0.8346456692645000119, -2.725007590637000299E-11, -0.1574803149338000197 ) ) ;
#3353 = CARTESIAN_POINT ( 'NONE',  ( 1.384153159865000093, 0.05949335099437007279, 0.08641792045599999694 ) ) ;
#3354 = CARTESIAN_POINT ( 'NONE',  ( 1.330258941304000020, -0.03592774511967000012, -0.09738641406121005539 ) ) ;
#3355 = CARTESIAN_POINT ( 'NONE',  ( 0.5841804246273000212, -0.1416844093523999815, 0.06361727143266003581 ) ) ;
#3356 = CARTESIAN_POINT ( 'NONE',  ( 1.188320209974000008, 0.08864826967872008190, 0.05118110236220999726 ) ) ;
#3357 = DIRECTION ( 'NONE',  ( 1.000000000000000000, 0.000000000000000000, 0.000000000000000000 ) ) ;
#3358 = DIRECTION ( 'NONE',  ( -1.000000000000000000, 0.000000000000000000, 0.000000000000000000 ) ) ;
#3359 = CYLINDRICAL_SURFACE ( 'NONE', #9697, 0.01181102362205004204 ) ;
#3360 = VERTEX_POINT ( 'NONE', #390 ) ;
#3361 = EDGE_CURVE ( 'NONE', #3842, #6224, #4242, .T. ) ;
#3362 = EDGE_CURVE ( 'NONE', #105, #9101, #2492, .T. ) ;
#3363 = B_SPLINE_CURVE_WITH_KNOTS ( 'NONE', 3,
 ( #6538, #9833, #5744, #5844, #1999, #2856, #8831, #5938, #1182, #8260, #4279 ),
 .UNSPECIFIED., .F., .F.,
 ( 4, 1, 1, 1, 1, 1, 1, 1, 4 ),
 ( 0.000000000000000000, 0.1250000000000000000, 0.2500000000000000000, 0.3750000000000000000, 0.5000000000000000000, 0.6250000000000000000, 0.7500000000000000000, 0.8750000000000000000, 1.000000000000000000 ),
 .UNSPECIFIED. ) ;
#3364 = EDGE_CURVE ( 'NONE', #105, #7534, #3640, .T. ) ;
#3365 = CARTESIAN_POINT ( 'NONE',  ( 1.084894523028000046, 0.01090832572257000033, -0.1037857865099000160 ) ) ;
#3366 = DIRECTION ( 'NONE',  ( 0.000000000000000000, 1.000000000000000000, 0.000000000000000000 ) ) ;
#3367 = CIRCLE ( 'NONE', #8526, 0.007874015748031039721 ) ;
#3368 = CARTESIAN_POINT ( 'NONE',  ( 1.290597602956000234, -0.04979507988139000169, -0.09171112839325000488 ) ) ;
#3369 = CARTESIAN_POINT ( 'NONE',  ( 1.376169848623188141, 0.01421598323963970539, -0.1080821198810377054 ) ) ;
#3370 = DIRECTION ( 'NONE',  ( 0.000000000000000000, 0.000000000000000000, 1.000000000000000000 ) ) ;
#3371 = CARTESIAN_POINT ( 'NONE',  ( 1.197188546151999988, 0.01145519599787000152, 0.1089889259845999991 ) ) ;
#3372 = VERTEX_POINT ( 'NONE', #5947 ) ;
#3373 = ADVANCED_FACE ( 'NONE', ( #4948 ), #8024, .F. ) ;
#3374 = CARTESIAN_POINT ( 'NONE',  ( 1.011811089899000038, 0.09046570295565001252, 0.1614173806495000085 ) ) ;
#3375 = CARTESIAN_POINT ( 'NONE',  ( 1.118845634452000137, -0.03739837169672000083, 0.09742608914448995516 ) ) ;
#3376 = CARTESIAN_POINT ( 'NONE',  ( 1.311422716592999915, -0.002860612057760999766, -0.1213856441064000008 ) ) ;
#3377 = CARTESIAN_POINT ( 'NONE',  ( 1.319553805774000166, -0.08864826967872008190, 0.05118110236220000525 ) ) ;
#3378 = CARTESIAN_POINT ( 'NONE',  ( 0.5841804246273000212, 0.1259363778563000191, 0.09089366210302991800 ) ) ;
#3379 = CYLINDRICAL_SURFACE ( 'NONE', #5834, 0.1181102362205000006 ) ;
#3380 = CARTESIAN_POINT ( 'NONE',  ( 0.7244094488188976833, 0.01574803149606000124, -0.1536382109453000022 ) ) ;
#3381 = DIRECTION ( 'NONE',  ( 1.000000000000000000, 0.000000000000000000, 0.000000000000000000 ) ) ;
#3382 = CIRCLE ( 'NONE', #631, 0.1122047244094000057 ) ;
#3383 = CARTESIAN_POINT ( 'NONE',  ( 1.280293162673000085, 0.04912243157563000312, 0.1103307877425000055 ) ) ;
#3384 = ORIENTED_EDGE ( 'NONE', *, *, #6483, .F. ) ;
#3385 = ORIENTED_EDGE ( 'NONE', *, *, #4288, .F. ) ;
#3386 = CARTESIAN_POINT ( 'NONE',  ( 1.067053560726999972, 0.1038553224722000012, 0.005442826562627000112 ) ) ;
#3387 = VECTOR ( 'NONE', #4499, 39.37007874015748143 ) ;
#3388 = B_SPLINE_CURVE_WITH_KNOTS ( 'NONE', 3,
 ( #6494, #9594, #6350, #2521, #6448, #5605, #9546, #4134, #5502, #8688, #4854 ),
 .UNSPECIFIED., .F., .F.,
 ( 4, 1, 1, 1, 1, 1, 1, 1, 4 ),
 ( 0.000000000000000000, 0.1250000000000000000, 0.2500000000000000000, 0.3750000000000000000, 0.5000000000000000000, 0.6250000000000000000, 0.7500000000000000000, 0.8750000000000000000, 1.000000000000000000 ),
 .UNSPECIFIED. ) ;
#3389 = CARTESIAN_POINT ( 'NONE',  ( 0.4921259842520000483, 0.000000000000000000, 0.000000000000000000 ) ) ;
#3390 = CARTESIAN_POINT ( 'NONE',  ( 1.106112096998000061, -0.1096636140813000010, 0.03492350802057000297 ) ) ;
#3391 = CARTESIAN_POINT ( 'NONE',  ( 1.182618355283999945, 0.01087073435519000063, 0.1034281440717000067 ) ) ;
#3392 = PLANE ( 'NONE',  #8310 ) ;
#3393 =( NAMED_UNIT ( * ) PLANE_ANGLE_UNIT ( ) SI_UNIT ( $, .RADIAN. ) );
#3394 = CARTESIAN_POINT ( 'NONE',  ( 1.062992155395364291, 0.08442697196611004262, -0.06133978363043995907 ) ) ;
#3395 =( CONVERSION_BASED_UNIT ( 'INCH', #2486 ) LENGTH_UNIT ( ) NAMED_UNIT ( #989 ) );
#3396 = CARTESIAN_POINT ( 'NONE',  ( 0.7362204724408996093, 0.000000000000000000, 0.2185039370079000232 ) ) ;
#3397 = ORIENTED_EDGE ( 'NONE', *, *, #5443, .T. ) ;
#3398 = CONICAL_SURFACE ( 'NONE', #171, 0.2657480314871999982, 0.7853981633972997312 ) ;
#3399 = VERTEX_POINT ( 'NONE', #4186 ) ;
#3400 = CARTESIAN_POINT ( 'NONE',  ( 1.161854842463000193, 0.05482937826992000108, 0.1076087138029000051 ) ) ;
#3401 = AXIS2_PLACEMENT_3D ( 'NONE', #1207, #2737, #2451 ) ;
#3402 = CARTESIAN_POINT ( 'NONE',  ( 1.199405245104249396, 0.09444883965335063025, -0.07258425826477041265 ) ) ;
#3403 = CARTESIAN_POINT ( 'NONE',  ( 1.338367398711000078, 0.1047521445240000154, -0.005874894136676999876 ) ) ;
#3404 = ORIENTED_EDGE ( 'NONE', *, *, #2107, .T. ) ;
#3405 = CARTESIAN_POINT ( 'NONE',  ( 1.357736446415000353, -0.04106415385597999429, 0.1013825338187000075 ) ) ;
#3406 = CARTESIAN_POINT ( 'NONE',  ( 1.315522576417999856, 0.1032031167347787215, 0.05948255673673469995 ) ) ;
#3407 = CARTESIAN_POINT ( 'NONE',  ( 1.269123092873999603, -0.05948255673673411015, -0.1032031167347790546 ) ) ;
#3408 = LINE ( 'NONE', #9574, #3136 ) ;
#3409 = CARTESIAN_POINT ( 'NONE',  ( 1.220378219461999647, -0.05948255673673412403, -0.1032031167347790407 ) ) ;
#3410 = EDGE_LOOP ( 'NONE', ( #4397, #7746, #9717, #394 ) ) ;
#3411 = ORIENTED_EDGE ( 'NONE', *, *, #3294, .F. ) ;
#3412 = ORIENTED_EDGE ( 'NONE', *, *, #8540, .F. ) ;
#3413 = AXIS2_PLACEMENT_3D ( 'NONE', #8942, #7308, #5193 ) ;
#3414 = CARTESIAN_POINT ( 'NONE',  ( 1.057171425915000018, 0.09641372827659999700, 0.03993587396947000101 ) ) ;
#3415 = CARTESIAN_POINT ( 'NONE',  ( 1.031496062992000029, -0.09842519685038997324, 1.175253971701999937E-12 ) ) ;
#3416 = CARTESIAN_POINT ( 'NONE',  ( 1.213825949413000149, -0.01901763795381000016, -0.1026099921947999927 ) ) ;
#3417 = DIRECTION ( 'NONE',  ( 0.000000000000000000, -0.8660254037844288266, -0.5000000000000169864 ) ) ;
#3418 = ADVANCED_FACE ( 'NONE', ( #9597 ), #2668, .F. ) ;
#3419 = DIRECTION ( 'NONE',  ( 1.000000000000000000, 0.000000000000000000, 0.000000000000000000 ) ) ;
#3420 = EDGE_CURVE ( 'NONE', #3240, #8694, #5802, .T. ) ;
#3421 = VERTEX_POINT ( 'NONE', #1193 ) ;
#3422 = B_SPLINE_CURVE_WITH_KNOTS ( 'NONE', 3,
 ( #6521, #4264, #8247, #5067, #3649, #3508, #2087, #7284, #2841, #5019, #8097 ),
 .UNSPECIFIED., .F., .F.,
 ( 4, 1, 1, 1, 1, 1, 1, 1, 4 ),
 ( 0.000000000000000000, 0.1250000000000000000, 0.2500000000000000000, 0.3750000000000000000, 0.5000000000000000000, 0.6250000000000000000, 0.7500000000000000000, 0.8750000000000000000, 1.000000000000000000 ),
 .UNSPECIFIED. ) ;
#3423 = CARTESIAN_POINT ( 'NONE',  ( 1.368911741136731086, 0.1031135242724866563, -0.01939032111420699658 ) ) ;
#3424 = CARTESIAN_POINT ( 'NONE',  ( 1.047972090759142549, 0.1155665097758615256, 0.02212359171571211605 ) ) ;
#3425 = CARTESIAN_POINT ( 'NONE',  ( 1.187143645429999950, 0.06016699432915000034, 0.08281276320373996691 ) ) ;
#3426 = FACE_OUTER_BOUND ( 'NONE', #8369, .T. ) ;
#3427 = CIRCLE ( 'NONE', #38, 0.08267716535433068670 ) ;
#3428 = CARTESIAN_POINT ( 'NONE',  ( 1.361454453162385780, 6.032801447362277094E-09, 0.1181098035236435168 ) ) ;
#3429 = CARTESIAN_POINT ( 'NONE',  ( 0.6181102362204999867, 0.000000000000000000, 0.000000000000000000 ) ) ;
#3430 = ADVANCED_FACE ( 'NONE', ( #4291 ), #2774, .F. ) ;
#3431 = CARTESIAN_POINT ( 'NONE',  ( 0.7249748790432009038, -0.1253071545881999926, -0.09053037987981003842 ) ) ;
#3432 = CARTESIAN_POINT ( 'NONE',  ( 1.192843565314249510, -0.01546059376766966906, -0.1181102362205000145 ) ) ;
#3433 = CYLINDRICAL_SURFACE ( 'NONE', #3512, 0.1122047244094000057 ) ;
#3434 = EDGE_CURVE ( 'NONE', #717, #2488, #676, .T. ) ;
#3435 = FACE_OUTER_BOUND ( 'NONE', #8207, .T. ) ;
#3436 = ORIENTED_EDGE ( 'NONE', *, *, #4219, .F. ) ;
#3437 = ORIENTED_EDGE ( 'NONE', *, *, #5443, .F. ) ;
#3438 = PLANE ( 'NONE',  #8881 ) ;
#3439 = DIRECTION ( 'NONE',  ( 1.000000000000000000, 0.000000000000000000, 0.000000000000000000 ) ) ;
#3440 = CARTESIAN_POINT ( 'NONE',  ( 1.169784110347000139, 0.07045353622177992492, 0.09523537699047007754 ) ) ;
#3441 = CARTESIAN_POINT ( 'NONE',  ( 1.195478305693000065, -0.02099001011798000069, -0.1132519600808000043 ) ) ;
#3442 = CARTESIAN_POINT ( 'NONE',  ( 0.9999994263157998553, 0.1780918763680785499, -0.08570201748304867584 ) ) ;
#3443 = DIRECTION ( 'NONE',  ( 1.000000000000000000, 0.000000000000000000, 0.000000000000000000 ) ) ;
#3444 = CARTESIAN_POINT ( 'NONE',  ( 1.154691630461364138, 0.01362138288035000602, 0.1034646750344000027 ) ) ;
#3445 = CARTESIAN_POINT ( 'NONE',  ( 0.000000000000000000, 0.000000000000000000, -0.1023622047244000105 ) ) ;
#3446 = LINE ( 'NONE', #9564, #5179 ) ;
#3447 = ORIENTED_EDGE ( 'NONE', *, *, #2836, .T. ) ;
#3448 = ORIENTED_EDGE ( 'NONE', *, *, #5004, .F. ) ;
#3449 = CARTESIAN_POINT ( 'NONE',  ( 1.180013820292000082, -0.02394740803447999861, -0.1126636970789000047 ) ) ;
#3450 = CARTESIAN_POINT ( 'NONE',  ( 0.5787401574803000548, -0.01574803149606000124, 0.1469816999198000074 ) ) ;
#3451 = CARTESIAN_POINT ( 'NONE',  ( 1.330527064898000100, -0.04164225703496000214, -0.09629874261107007616 ) ) ;
#3452 = ORIENTED_EDGE ( 'NONE', *, *, #3434, .F. ) ;
#3453 = CARTESIAN_POINT ( 'NONE',  ( 1.381889763780000280, 0.08185566103464637921, 0.06290635716005607558 ) ) ;
#3454 = DIRECTION ( 'NONE',  ( 0.000000000000000000, -1.692939283033999893E-09, -1.000000000000000000 ) ) ;
#3455 = DIRECTION ( 'NONE',  ( 0.000000000000000000, -0.4889004950596891330, 0.8723395588475802986 ) ) ;
#3456 = ADVANCED_FACE ( 'NONE', ( #1445 ), #7671, .T. ) ;
#3457 = DIRECTION ( 'NONE',  ( 1.000000000000000000, 0.000000000000000000, 0.000000000000000000 ) ) ;
#3458 = DIRECTION ( 'NONE',  ( -1.000000000000000000, 0.000000000000000000, 0.000000000000000000 ) ) ;
#3459 = ORIENTED_EDGE ( 'NONE', *, *, #6185, .F. ) ;
#3460 = EDGE_LOOP ( 'NONE', ( #2649, #6681, #2475, #3295 ) ) ;
#3461 = ORIENTED_EDGE ( 'NONE', *, *, #3470, .T. ) ;
#3462 = ORIENTED_EDGE ( 'NONE', *, *, #5569, .T. ) ;
#3463 = CYLINDRICAL_SURFACE ( 'NONE', #5175, 0.1181102362205000006 ) ;
#3464 = VERTEX_POINT ( 'NONE', #8269 ) ;
#3465 = CARTESIAN_POINT ( 'NONE',  ( 1.066998954370749653, 0.01546059376767017039, -0.1181102362204999728 ) ) ;
#3466 = CARTESIAN_POINT ( 'NONE',  ( 0.7352427161525000310, -0.1403256692985999921, 0.07092543384150000463 ) ) ;
#3467 = CARTESIAN_POINT ( 'NONE',  ( 1.314112149367000049, -0.07379186162582992980, 0.07379198156927008201 ) ) ;
#3468 = CARTESIAN_POINT ( 'NONE',  ( 0.5787401574803000548, -0.1126864528502000001, -0.04687529344016000410 ) ) ;
#3469 = CARTESIAN_POINT ( 'NONE',  ( 1.055867833018064861, -3.516388863965216392E-08, 0.1181097364760243240 ) ) ;
#3470 = EDGE_CURVE ( 'NONE', #7546, #5822, #7506, .T. ) ;
#3471 = ORIENTED_EDGE ( 'NONE', *, *, #2610, .T. ) ;
#3472 = ORIENTED_EDGE ( 'NONE', *, *, #8553, .T. ) ;
#3473 = CARTESIAN_POINT ( 'NONE',  ( 0.5788054723971000071, -0.1362429088196999982, -0.06047561963531004198 ) ) ;
#3474 = EDGE_CURVE ( 'NONE', #3829, #4034, #8811, .T. ) ;
#3475 = CARTESIAN_POINT ( 'NONE',  ( 1.097520175134000020, 0.01090832572257000033, -0.1037857865099000160 ) ) ;
#3476 = CIRCLE ( 'NONE', #566, 0.2185039370079000232 ) ;
#3477 = AXIS2_PLACEMENT_3D ( 'NONE', #8366, #4544, #7617 ) ;
#3478 = FACE_OUTER_BOUND ( 'NONE', #5748, .T. ) ;
#3479 = FACE_OUTER_BOUND ( 'NONE', #9848, .T. ) ;
#3480 = CARTESIAN_POINT ( 'NONE',  ( 0.5787401574803000548, 0.000000000000000000, 0.1535433070865999949 ) ) ;
#3481 = CARTESIAN_POINT ( 'NONE',  ( 0.7280600717204999128, 0.01516969372517000189, 0.2015020754713999773 ) ) ;
#3482 = CARTESIAN_POINT ( 'NONE',  ( 0.9767825731105000964, 0.09399477469537993735, -0.1751968503937007815 ) ) ;
#3483 = CARTESIAN_POINT ( 'NONE',  ( 0.5787401574803000548, 0.09693842135412991667, -0.07415168411053996156 ) ) ;
#3484 = LINE ( 'NONE', #7165, #9123 ) ;
#3485 = ORIENTED_EDGE ( 'NONE', *, *, #7358, .T. ) ;
#3486 = VERTEX_POINT ( 'NONE', #7511 ) ;
#3487 = CONICAL_SURFACE ( 'NONE', #9618, 0.1909453919547999812, 0.7854096901918675711 ) ;
#3488 = CARTESIAN_POINT ( 'NONE',  ( 1.031496062992000029, 0.000000000000000000, 0.000000000000000000 ) ) ;
#3489 = ADVANCED_FACE ( 'NONE', ( #5341 ), #5745, .F. ) ;
#3490 = EDGE_CURVE ( 'NONE', #2322, #3251, #1496, .T. ) ;
#3491 = CIRCLE ( 'NONE', #7848, 0.2020722792146999736 ) ;
#3492 = CARTESIAN_POINT ( 'NONE',  ( 1.361888368407000227, 0.02395521378159999604, -0.1017739643263000093 ) ) ;
#3493 = CARTESIAN_POINT ( 'NONE',  ( 1.065348962162999902, -0.1206386875035000139, 0.003050339386594999938 ) ) ;
#3494 = CARTESIAN_POINT ( 'NONE',  ( 1.246659408055000196, 0.1141952844564999986, 0.01503409441140000045 ) ) ;
#3495 = TOROIDAL_SURFACE ( 'NONE', #9308, 0.2133049650658000174, 0.01181102362204999867 ) ;
#3496 = CARTESIAN_POINT ( 'NONE',  ( 0.9999994263157998553, 0.1968504060589101878, -0.01764850881547554498 ) ) ;
#3497 = CARTESIAN_POINT ( 'NONE',  ( 1.057086614172999983, 0.000000000000000000, -0.1023622047244000105 ) ) ;
#3498 = CARTESIAN_POINT ( 'NONE',  ( 1.258722496302999927, 0.09298318451212993219, 0.04737729888397000655 ) ) ;
#3499 = CARTESIAN_POINT ( 'NONE',  ( 0.5787401574803000548, -0.1351639017700000112, 0.05985265462468995767 ) ) ;
#3500 = LINE ( 'NONE', #3212, #1620 ) ;
#3501 = B_SPLINE_CURVE_WITH_KNOTS ( 'NONE', 3,
 ( #1576, #5466, #256, #4823 ),
 .UNSPECIFIED., .F., .F.,
 ( 4, 4 ),
 ( 0.000000000000000000, 1.000000000000000000 ),
 .UNSPECIFIED. ) ;
#3502 = ORIENTED_EDGE ( 'NONE', *, *, #6940, .F. ) ;
#3503 = VERTEX_POINT ( 'NONE', #9844 ) ;
#3504 = CARTESIAN_POINT ( 'NONE',  ( 1.169351090633000023, -0.1085740795173000123, 0.03844809805252000223 ) ) ;
#3505 = LINE ( 'NONE', #8373, #5641 ) ;
#3506 = EDGE_CURVE ( 'NONE', #1551, #2949, #8972, .T. ) ;
#3507 = CARTESIAN_POINT ( 'NONE',  ( 1.319089183488000083, -0.1049127410514000130, -0.0009340167972483996457 ) ) ;
#3508 = CARTESIAN_POINT ( 'NONE',  ( 0.5802225316246999443, -0.01574803149606000124, 0.1516615877783000221 ) ) ;
#3509 = DIRECTION ( 'NONE',  ( -1.000000000000000000, 0.000000000000000000, 0.000000000000000000 ) ) ;
#3510 = CARTESIAN_POINT ( 'NONE',  ( 1.265842252978999882, -0.1032031167347788742, -0.05948255673673441546 ) ) ;
#3511 = DIRECTION ( 'NONE',  ( 0.000000000000000000, 0.000000000000000000, 1.000000000000000000 ) ) ;
#3512 = AXIS2_PLACEMENT_3D ( 'NONE', #7932, #9551, #3330 ) ;
#3513 = ORIENTED_EDGE ( 'NONE', *, *, #3840, .F. ) ;
#3514 = EDGE_LOOP ( 'NONE', ( #4464, #227, #2553, #486, #6060, #6894 ) ) ;
#3515 = ORIENTED_EDGE ( 'NONE', *, *, #4858, .T. ) ;
#3516 = VECTOR ( 'NONE', #3244, 39.37007874015748143 ) ;
#3517 = CARTESIAN_POINT ( 'NONE',  ( 0.7952755905512007839, -0.09349875659085001012, -0.1732283464567000442 ) ) ;
#3518 = ORIENTED_EDGE ( 'NONE', *, *, #2235, .T. ) ;
#3519 = CARTESIAN_POINT ( 'NONE',  ( 1.382302677108000033, 0.01838969530707999789, -0.1191340128515999963 ) ) ;
#3520 = CARTESIAN_POINT ( 'NONE',  ( 1.302399216837999862, 0.000000000000000000, -0.1181102362205000006 ) ) ;
#3521 = CARTESIAN_POINT ( 'NONE',  ( 1.245814138389000236, -0.1020770065874999910, -0.02169713754582000206 ) ) ;
#3522 = CARTESIAN_POINT ( 'NONE',  ( 0.6104330708661004357, 0.000000000000000000, 0.000000000000000000 ) ) ;
#3523 = CARTESIAN_POINT ( 'NONE',  ( 1.010530968614000047, 0.09080002837111003644, 0.1626975019354000018 ) ) ;
#3524 = ORIENTED_EDGE ( 'NONE', *, *, #6646, .F. ) ;
#3525 = CARTESIAN_POINT ( 'NONE',  ( 0.7346171346687991877, -0.1742834262884000174, 0.1121586114368000042 ) ) ;
#3526 = CARTESIAN_POINT ( 'NONE',  ( 0.06692913385827008177, 0.000000000000000000, 0.3149606299213000282 ) ) ;
#3527 = CARTESIAN_POINT ( 'NONE',  ( 1.112504537818000072, -0.002731760035867999720, 0.1043217069389999890 ) ) ;
#3528 = CARTESIAN_POINT ( 'NONE',  ( 1.201786793390333230, 0.04120276216305554517, 0.1125935275257147622 ) ) ;
#3529 = CYLINDRICAL_SURFACE ( 'NONE', #3992, 0.08267716535433068670 ) ;
#3530 = CARTESIAN_POINT ( 'NONE',  ( -0.03184567412300000344, 0.2417915662689914813, 0.000000000000000000 ) ) ;
#3531 = CARTESIAN_POINT ( 'NONE',  ( 0.5787401574803000548, -0.01574803149606000124, 0.1210269775506999934 ) ) ;
#3532 = CARTESIAN_POINT ( 'NONE',  ( 1.184641465576749653, -0.1181102362205000006, -0.01546059376767004723 ) ) ;
#3533 = FACE_OUTER_BOUND ( 'NONE', #9056, .T. ) ;
#3534 = CARTESIAN_POINT ( 'NONE',  ( 1.289921956774999989, -0.1150228199578999938, -0.006028090560867007189 ) ) ;
#3535 = EDGE_LOOP ( 'NONE', ( #5963, #2271, #8439, #7404 ) ) ;
#3536 = AXIS2_PLACEMENT_3D ( 'NONE', #5005, #6458, #8650 ) ;
#3537 = EDGE_CURVE ( 'NONE', #2859, #9304, #8885, .T. ) ;
#3538 = ORIENTED_EDGE ( 'NONE', *, *, #6510, .T. ) ;
#3539 = CARTESIAN_POINT ( 'NONE',  ( 1.011811083030000002, 0.09046570508707006686, -0.1614166136835000209 ) ) ;
#3540 = CARTESIAN_POINT ( 'NONE',  ( 1.345019930087000049, -0.06579872607252008898, 0.08125465973058995650 ) ) ;
#3541 = CARTESIAN_POINT ( 'NONE',  ( 1.056994150309000124, -0.02540983823573000205, 0.1179717661715000004 ) ) ;
#3542 = CARTESIAN_POINT ( 'NONE',  ( 1.280780142963000134, 0.08758406939919999301, -0.07480386202907007842 ) ) ;
#3543 = VECTOR ( 'NONE', #2969, 39.37007874015748143 ) ;
#3544 = FACE_BOUND ( 'NONE', #6290, .T. ) ;
#3545 = CARTESIAN_POINT ( 'NONE',  ( 1.233033854029000009, 0.000000000000000000, -0.1181102362205000006 ) ) ;
#3546 = CARTESIAN_POINT ( 'NONE',  ( 1.239586124077999951, -0.03483523850941000477, -0.09837167889972008028 ) ) ;
#3547 = CARTESIAN_POINT ( 'NONE',  ( 0.4921259842520000483, -0.4370078740156999597, -0.3543307086614000401 ) ) ;
#3548 = FACE_OUTER_BOUND ( 'NONE', #6640, .T. ) ;
#3549 = B_SPLINE_CURVE_WITH_KNOTS ( 'NONE', 3,
 ( #8071, #4240, #1145, #6548, #1813, #3378 ),
 .UNSPECIFIED., .F., .F.,
 ( 4, 1, 1, 4 ),
 ( 0.000000000000000000, 0.3333333333333000081, 0.6666666666667000474, 1.000000000000000000 ),
 .UNSPECIFIED. ) ;
#3550 = ORIENTED_EDGE ( 'NONE', *, *, #6120, .T. ) ;
#3551 = ADVANCED_FACE ( 'NONE', ( #2155 ), #9130, .F. ) ;
#3552 = EDGE_CURVE ( 'NONE', #5711, #9824, #4621, .T. ) ;
#3553 = ORIENTED_EDGE ( 'NONE', *, *, #7241, .T. ) ;
#3554 = AXIS2_PLACEMENT_3D ( 'NONE', #3830, #2118, #8273 ) ;
#3555 = CARTESIAN_POINT ( 'NONE',  ( 1.150158177246999980, 0.1112559848705000076, -0.02981095129919000483 ) ) ;
#3556 = CARTESIAN_POINT ( 'NONE',  ( 1.351638289432000040, -0.1012918731321000021, -0.02734012804704000210 ) ) ;
#3557 = CARTESIAN_POINT ( 'NONE',  ( 0.7294508865112008245, 0.1676584316899999982, -0.1137199605850000017 ) ) ;
#3558 = ORIENTED_EDGE ( 'NONE', *, *, #7126, .F. ) ;
#3559 = CARTESIAN_POINT ( 'NONE',  ( 1.381889763779999836, 0.1023622047244000105, 0.000000000000000000 ) ) ;
#3560 = CARTESIAN_POINT ( 'NONE',  ( 1.091137528569249726, 0.07258425826477025999, 0.09444883965335074127 ) ) ;
#3561 = DIRECTION ( 'NONE',  ( 1.000000000000000000, 0.000000000000000000, 0.000000000000000000 ) ) ;
#3562 = CARTESIAN_POINT ( 'NONE',  ( 0.7362204724408996093, 0.1383078312671000010, -0.07530599850137008333 ) ) ;
#3563 = VECTOR ( 'NONE', #4941, 39.37007874015748143 ) ;
#3564 = ORIENTED_EDGE ( 'NONE', *, *, #426, .T. ) ;
#3565 = ORIENTED_EDGE ( 'NONE', *, *, #4425, .T. ) ;
#3566 = EDGE_CURVE ( 'NONE', #7166, #2174, #3013, .T. ) ;
#3567 = VERTEX_POINT ( 'NONE', #7940 ) ;
#3568 = AXIS2_PLACEMENT_3D ( 'NONE', #5723, #3970, #129 ) ;
#3569 = AXIS2_PLACEMENT_3D ( 'NONE', #5586, #5637, #130 ) ;
#3570 = CARTESIAN_POINT ( 'NONE',  ( 1.136249077125499829, -0.03091510445189072503, 0.1150361429136074476 ) ) ;
#3571 = CYLINDRICAL_SURFACE ( 'NONE', #4033, 0.09842519685038997324 ) ;
#3572 = CARTESIAN_POINT ( 'NONE',  ( 1.234321789015750070, 0.1181102362204999728, 0.01546059376767033693 ) ) ;
#3573 = CARTESIAN_POINT ( 'NONE',  ( 1.269328684799999829, 0.008187792543227007808, 0.1040357683916000170 ) ) ;
#3574 = CARTESIAN_POINT ( 'NONE',  ( 0.9999994263158000773, -0.1944627264979829073, -0.03529589539788523939 ) ) ;
#3575 = CARTESIAN_POINT ( 'NONE',  ( 1.141638061981999686, -0.05948255673673412403, -0.1032031167347790407 ) ) ;
#3576 = ORIENTED_EDGE ( 'NONE', *, *, #5819, .T. ) ;
#3577 = CARTESIAN_POINT ( 'NONE',  ( 1.323125979981731426, 0.03706118250650825702, -0.09815728197585357750 ) ) ;
#3578 = CARTESIAN_POINT ( 'NONE',  ( 1.165874727273999989, -0.02169713751314000447, -0.1020770066113000085 ) ) ;
#3579 = DIRECTION ( 'NONE',  ( -1.000000000000000000, 0.000000000000000000, 0.000000000000000000 ) ) ;
#3580 = CARTESIAN_POINT ( 'NONE',  ( 0.06692913385827008177, 0.000000000000000000, 0.3149606299213000282 ) ) ;
#3581 = DIRECTION ( 'NONE',  ( -1.000000000000000000, 0.000000000000000000, 0.000000000000000000 ) ) ;
#3582 = CARTESIAN_POINT ( 'NONE',  ( 1.187102095497999832, -0.1032031167347788742, -0.05948255673673441546 ) ) ;
#3583 = CARTESIAN_POINT ( 'NONE',  ( 1.150041713320999914, -0.08627111057382991222, 0.05792985690670000160 ) ) ;
#3584 = CARTESIAN_POINT ( 'NONE',  ( 1.309114870159999944, 0.1151412015239999947, -0.003015078484400999809 ) ) ;
#3585 = ORIENTED_EDGE ( 'NONE', *, *, #3346, .T. ) ;
#3586 = ORIENTED_EDGE ( 'NONE', *, *, #4219, .T. ) ;
#3587 = CARTESIAN_POINT ( 'NONE',  ( 1.562992125983999836, 0.000000000000000000, 0.000000000000000000 ) ) ;
#3588 = CARTESIAN_POINT ( 'NONE',  ( 0.5393700787402000429, 0.000000000000000000, 0.1122047244094000057 ) ) ;
#3589 = CARTESIAN_POINT ( 'NONE',  ( 1.119655239219000009, 0.08552239583898996189, -0.08514057377596002951 ) ) ;
#3590 = CARTESIAN_POINT ( 'NONE',  ( 1.206141035351000035, 0.1150228199578999938, -0.006028090560866003651 ) ) ;
#3591 = CARTESIAN_POINT ( 'NONE',  ( -0.07874015748031004680, 0.000000000000000000, 0.09055118110236003159 ) ) ;
#3592 = CARTESIAN_POINT ( 'NONE',  ( 1.246157213608999781, 0.1032031167347787076, 0.05948255673673468608 ) ) ;
#3593 = CARTESIAN_POINT ( 'NONE',  ( 1.258779037463999995, 0.04244600606646999758, 0.09533529053063996561 ) ) ;
#3594 = CARTESIAN_POINT ( 'NONE',  ( 1.114571132848249935, 0.1181102362205000700, -0.01546059376766953028 ) ) ;
#3595 = CARTESIAN_POINT ( 'NONE',  ( 1.144918901877000073, 0.000000000000000000, -0.1181102362205000006 ) ) ;
#3596 = EDGE_CURVE ( 'NONE', #4359, #1528, #1519, .T. ) ;
#3597 = VERTEX_POINT ( 'NONE', #4198 ) ;
#3598 = ORIENTED_EDGE ( 'NONE', *, *, #822, .F. ) ;
#3599 = CARTESIAN_POINT ( 'NONE',  ( 1.088314345226000013, -0.08758406939933995050, 0.07480386202824999831 ) ) ;
#3600 = AXIS2_PLACEMENT_3D ( 'NONE', #9437, #328, #2512 ) ;
#3601 = CARTESIAN_POINT ( 'NONE',  ( 1.358256617037000069, -0.08363571746497991399, -0.06334503080957008814 ) ) ;
#3602 = CARTESIAN_POINT ( 'NONE',  ( 1.395591041275999977, -0.05357547314793999899, 0.08722207079068997060 ) ) ;
#3603 = EDGE_CURVE ( 'NONE', #7353, #3761, #2673, .T. ) ;
#3604 = CARTESIAN_POINT ( 'NONE',  ( 0.7280600717204999128, -0.1820907631361000090, -0.08761369760209999913 ) ) ;
#3605 = CARTESIAN_POINT ( 'NONE',  ( 0.7401574803150000603, 0.000000000000000000, 0.000000000000000000 ) ) ;
#3606 = CARTESIAN_POINT ( 'NONE',  ( 0.4921259842520000483, 0.3740157480314960647, -0.3740157480314960647 ) ) ;
#3607 = CARTESIAN_POINT ( 'NONE',  ( 0.9809716437276003731, -0.09435586860101004281, 0.1766362176665000061 ) ) ;
#3608 = ORIENTED_EDGE ( 'NONE', *, *, #7494, .F. ) ;
#3609 = ORIENTED_EDGE ( 'NONE', *, *, #1208, .T. ) ;
#3610 = ORIENTED_EDGE ( 'NONE', *, *, #6556, .T. ) ;
#3611 = FACE_OUTER_BOUND ( 'NONE', #7920, .T. ) ;
#3612 = ADVANCED_FACE ( 'NONE', ( #4099 ), #255, .T. ) ;
#3613 = CARTESIAN_POINT ( 'NONE',  ( 1.309586784912333268, -0.04120276216305981953, -0.1125935275257136103 ) ) ;
#3614 = CARTESIAN_POINT ( 'NONE',  ( 0.3937007874016000275, 1.527363305276000238E-13, -0.3740157480314960647 ) ) ;
#3615 = CARTESIAN_POINT ( 'NONE',  ( 1.260798501073000066, 0.1034646750344000027, 0.01362138288035000082 ) ) ;
#3616 = CARTESIAN_POINT ( 'NONE',  ( -0.07874015748031004680, 0.000000000000000000, 0.000000000000000000 ) ) ;
#3617 = DIRECTION ( 'NONE',  ( 1.000000000000000000, 0.000000000000000000, 0.000000000000000000 ) ) ;
#3618 = B_SPLINE_CURVE_WITH_KNOTS ( 'NONE', 3,
 ( #3081, #8485, #7733, #3942, #6108, #9203, #9406, #6971, #2474, #48, #2623 ),
 .UNSPECIFIED., .F., .F.,
 ( 4, 1, 1, 1, 1, 1, 1, 1, 4 ),
 ( 0.000000000000000000, 0.1250000000000000000, 0.2500000000000000000, 0.3750000000000000000, 0.5000000000000000000, 0.6250000000000000000, 0.7500000000000000000, 0.8750000000000000000, 1.000000000000000000 ),
 .UNSPECIFIED. ) ;
#3619 = ORIENTED_EDGE ( 'NONE', *, *, #8854, .T. ) ;
#3620 = CARTESIAN_POINT ( 'NONE',  ( 1.337584641398793295, 0.04780430632449969575, 0.09339770648116568763 ) ) ;
#3621 = CARTESIAN_POINT ( 'NONE',  ( 1.095444170364000103, 0.04492704785243999827, -0.09419151460094998818 ) ) ;
#3622 = CARTESIAN_POINT ( 'NONE',  ( 0.8661417266193996989, -0.09349875928108997147, 0.1732283514409999892 ) ) ;
#3623 = CARTESIAN_POINT ( 'NONE',  ( -0.007874015748031005027, 0.000000000000000000, 0.000000000000000000 ) ) ;
#3624 = CARTESIAN_POINT ( 'NONE',  ( 0.7308438124327991670, 0.01388666326788999886, 0.2028813464686000101 ) ) ;
#3625 = DIRECTION ( 'NONE',  ( 1.000000000000000000, 0.000000000000000000, 0.000000000000000000 ) ) ;
#3626 = CARTESIAN_POINT ( 'NONE',  ( 1.319777599819000002, -0.01203965764054000000, 0.1145497078975999949 ) ) ;
#3627 = ORIENTED_EDGE ( 'NONE', *, *, #2053, .F. ) ;
#3628 = EDGE_LOOP ( 'NONE', ( #4874, #116, #4345, #9554 ) ) ;
#3629 = CARTESIAN_POINT ( 'NONE',  ( 0.7362204724408996093, -0.1863877866493000024, 0.1022287170031999926 ) ) ;
#3630 = CIRCLE ( 'NONE', #7987, 0.08267716535433068670 ) ;
#3631 = CARTESIAN_POINT ( 'NONE',  ( 1.382773101564999996, -0.04224799736714000831, 0.09376590959866004660 ) ) ;
#3632 = CARTESIAN_POINT ( 'NONE',  ( 1.128010051074000097, 0.1028671993503999932, 0.06309783507178995388 ) ) ;
#3633 = CARTESIAN_POINT ( 'NONE',  ( 1.250924499918000254, 0.07928514195874998560, 0.08354910682621004281 ) ) ;
#3634 = CARTESIAN_POINT ( 'NONE',  ( 1.324271482804666222, -0.04120276216305591988, 0.1125935275257146512 ) ) ;
#3635 = DIRECTION ( 'NONE',  ( 0.000000000000000000, 0.8660254037844288266, 0.5000000000000169864 ) ) ;
#3636 = CARTESIAN_POINT ( 'NONE',  ( 1.209730481032999849, 0.09641372841431003482, -0.03993587390816000920 ) ) ;
#3637 = DIRECTION ( 'NONE',  ( 0.000000000000000000, 1.000000000000000000, 0.000000000000000000 ) ) ;
#3638 = CARTESIAN_POINT ( 'NONE',  ( 0.5787401574803000548, 0.1194158702739000072, -0.08712904529506003415 ) ) ;
#3639 = CARTESIAN_POINT ( 'NONE',  ( 1.061675814860999933, -0.02974745120770999618, -0.1210549131264000017 ) ) ;
#3640 = CIRCLE ( 'NONE', #4285, 0.1988188976378000294 ) ;
#3641 = EDGE_LOOP ( 'NONE', ( #5177, #5525, #1942, #5075 ) ) ;
#3642 = ORIENTED_EDGE ( 'NONE', *, *, #8371, .T. ) ;
#3643 = CARTESIAN_POINT ( 'NONE',  ( 1.186411458086999993, 0.08354910495152007011, -0.07928514059670001279 ) ) ;
#3644 = ADVANCED_FACE ( 'NONE', ( #8137 ), #5577, .T. ) ;
#3645 = CIRCLE ( 'NONE', #2838, 0.1574803149606000263 ) ;
#3646 = EDGE_CURVE ( 'NONE', #319, #5878, #9375, .T. ) ;
#3647 = CARTESIAN_POINT ( 'NONE',  ( 1.346818735627000274, -0.09179331871126004960, 0.05080858986628999929 ) ) ;
#3648 = PLANE ( 'NONE',  #4829 ) ;
#3649 = CARTESIAN_POINT ( 'NONE',  ( 0.5810294838684999519, -0.01574803149606000124, 0.1526091352343000029 ) ) ;
#3650 = DIRECTION ( 'NONE',  ( 1.000000000000000000, -1.216685809557999981E-09, -7.379892564616999444E-10 ) ) ;
#3651 = CARTESIAN_POINT ( 'NONE',  ( 0.8661416946048996479, 0.09349873698068995875, 0.1732283294671000395 ) ) ;
#3652 = CARTESIAN_POINT ( 'NONE',  ( 0.7244094488188976833, -0.1655628205247000329, 0.1137719994447000116 ) ) ;
#3653 = AXIS2_PLACEMENT_3D ( 'NONE', #5581, #5378, #8456 ) ;
#3654 = ORIENTED_EDGE ( 'NONE', *, *, #1682, .T. ) ;
#3655 = VERTEX_POINT ( 'NONE', #5008 ) ;
#3656 = CIRCLE ( 'NONE', #6543, 0.08267716535433068670 ) ;
#3657 = ORIENTED_EDGE ( 'NONE', *, *, #9315, .T. ) ;
#3658 = ADVANCED_FACE ( 'NONE', ( #2581 ), #3392, .T. ) ;
#3659 = ADVANCED_FACE ( 'NONE', ( #6563 ), #3487, .T. ) ;
#3660 = FACE_OUTER_BOUND ( 'NONE', #6919, .T. ) ;
#3661 = CARTESIAN_POINT ( 'NONE',  ( 1.298650651928999977, -0.1022864650138999992, 0.05905511811023995972 ) ) ;
#3662 = CYLINDRICAL_SURFACE ( 'NONE', #4432, 0.1181102362205000006 ) ;
#3663 = CARTESIAN_POINT ( 'NONE',  ( 1.235207949892000112, -0.07183494035557008717, 0.07569823244745001178 ) ) ;
#3664 = CARTESIAN_POINT ( 'NONE',  ( 0.9999994263157997443, -0.1090297965154790605, 0.1648455510493412046 ) ) ;
#3665 = DIRECTION ( 'NONE',  ( 0.000000000000000000, -1.000000000000000000, 0.000000000000000000 ) ) ;
#3666 = ORIENTED_EDGE ( 'NONE', *, *, #6125, .F. ) ;
#3667 = EDGE_CURVE ( 'NONE', #4595, #4512, #8473, .T. ) ;
#3668 = ADVANCED_FACE ( 'NONE', ( #5767 ), #8851, .T. ) ;
#3669 = LINE ( 'NONE', #3909, #163 ) ;
#3670 = EDGE_CURVE ( 'NONE', #728, #8872, #1203, .T. ) ;
#3671 = CARTESIAN_POINT ( 'NONE',  ( 1.101841808159000013, 0.1037857865099000160, -0.01090832572257000033 ) ) ;
#3672 = CARTESIAN_POINT ( 'NONE',  ( 1.366141732283000065, -0.08034203920182007852, 0.08657473440298996126 ) ) ;
#3673 = DIRECTION ( 'NONE',  ( 0.000000000000000000, 0.000000000000000000, 1.000000000000000000 ) ) ;
#3674 = DIRECTION ( 'NONE',  ( 0.000000000000000000, 0.000000000000000000, -1.000000000000000000 ) ) ;
#3675 = CARTESIAN_POINT ( 'NONE',  ( 0.6181102362204999867, 0.000000000000000000, 0.000000000000000000 ) ) ;
#3676 = CARTESIAN_POINT ( 'NONE',  ( 0.7401574803150000603, 0.000000000000000000, -0.1535433070865999949 ) ) ;
#3677 = CARTESIAN_POINT ( 'NONE',  ( 1.266463951524999798, 0.09820766630687993715, -0.06018173531423996053 ) ) ;
#3678 = ORIENTED_EDGE ( 'NONE', *, *, #2929, .T. ) ;
#3679 = ADVANCED_FACE ( 'NONE', ( #8902, #4305, #7378, #3544, #2535, #5618 ), #5303, .F. ) ;
#3680 = VERTEX_POINT ( 'NONE', #8330 ) ;
#3681 = DIRECTION ( 'NONE',  ( 1.000000000000000000, 0.000000000000000000, 0.000000000000000000 ) ) ;
#3682 = CARTESIAN_POINT ( 'NONE',  ( 0.07086614173227992475, -1.433350833857000076E-12, 0.2795275590551000167 ) ) ;
#3683 = CARTESIAN_POINT ( 'NONE',  ( 1.366707922213000082, 0.08799912156801002749, -0.05646190449069000278 ) ) ;
#3684 = CARTESIAN_POINT ( 'NONE',  ( 1.115477833292000120, 0.01456048259856000150, -0.1197956169458000014 ) ) ;
#3685 = CARTESIAN_POINT ( 'NONE',  ( 1.232830196907000131, 0.000000000000000000, -0.1207720828990000023 ) ) ;
#3686 = CARTESIAN_POINT ( 'NONE',  ( 1.322084256207999964, 0.000000000000000000, 0.1181102362205000006 ) ) ;
#3687 = CARTESIAN_POINT ( 'NONE',  ( -0.03507965042200000133, -1.891795658837000203E-14, 0.2750715554070999880 ) ) ;
#3688 = CARTESIAN_POINT ( 'NONE',  ( 1.222525756623999982, -0.008187792543228997535, 0.1040357683916000170 ) ) ;
#3689 = CARTESIAN_POINT ( 'NONE',  ( 0.7256451611656005163, 0.1659362109552999787, -0.1139377567062000163 ) ) ;
#3690 = AXIS2_PLACEMENT_3D ( 'NONE', #2745, #1216, #2036 ) ;
#3691 = CARTESIAN_POINT ( 'NONE',  ( 1.054549926451000097, -0.04295376099054000474, -0.1099821732159000087 ) ) ;
#3692 = ORIENTED_EDGE ( 'NONE', *, *, #6636, .T. ) ;
#3693 = EDGE_LOOP ( 'NONE', ( #6021, #4562, #570, #6173, #7250, #7684, #4762, #247, #3199, #9287, #6637, #7761, #2601, #7700, #294, #3973 ) ) ;
#3694 = CARTESIAN_POINT ( 'NONE',  ( 1.100075685259999991, 0.01145519685795000180, -0.1089889178014000065 ) ) ;
#3695 = B_SPLINE_CURVE_WITH_KNOTS ( 'NONE', 3,
 ( #3129, #5452, #6913, #9096, #5404, #9859, #6155, #7679, #652, #5356, #10005, #1510, #3838, #9956, #2318, #6006, #8483, #7731 ),
 .UNSPECIFIED., .F., .F.,
 ( 4, 2, 2, 2, 2, 2, 2, 2, 4 ),
 ( 0.000000000000000000, 0.1250000000000000278, 0.2500000000000000555, 0.3750000000000001110, 0.5000000000000001110, 0.6250000000000001110, 0.7500000000000002220, 0.8750000000000001110, 1.000000000000000000 ),
 .UNSPECIFIED. ) ;
#3696 = CARTESIAN_POINT ( 'NONE',  ( 1.334158848009000087, 0.1047521445240000154, -0.005874894136676999876 ) ) ;
#3697 = CARTESIAN_POINT ( 'NONE',  ( 0.7308438124327991670, 0.1687570683619000200, -0.1134668763980999917 ) ) ;
#3698 = CARTESIAN_POINT ( 'NONE',  ( 1.284980560008000205, 0.05199892369778000289, -0.09006477778321003713 ) ) ;
#3699 = DIRECTION ( 'NONE',  ( -1.000000000000000000, 0.000000000000000000, 0.000000000000000000 ) ) ;
#3700 = CARTESIAN_POINT ( 'NONE',  ( 0.7244094488188976833, 0.1409286094185999982, 0.06318091013743996898 ) ) ;
#3701 = CARTESIAN_POINT ( 'NONE',  ( 0.9767825731105000964, -0.09399477469537993735, 0.1751968503937007815 ) ) ;
#3702 = ORIENTED_EDGE ( 'NONE', *, *, #4489, .T. ) ;
#3703 = VERTEX_POINT ( 'NONE', #1409 ) ;
#3704 = ORIENTED_EDGE ( 'NONE', *, *, #5350, .F. ) ;
#3705 = DIRECTION ( 'NONE',  ( 0.000000000000000000, -1.000000000000000000, 0.000000000000000000 ) ) ;
#3706 = DIRECTION ( 'NONE',  ( 0.000000000000000000, -0.9122602391622937068, 0.4096111034182968735 ) ) ;
#3707 = VECTOR ( 'NONE', #3728, 39.37007874015748143 ) ;
#3708 = CARTESIAN_POINT ( 'NONE',  ( 1.188663433810333236, 0.07690747405744373377, -0.09197940250215215496 ) ) ;
#3709 = CARTESIAN_POINT ( 'NONE',  ( 0.7283464566928996575, 0.000000000000000000, 0.000000000000000000 ) ) ;
#3710 = CARTESIAN_POINT ( 'NONE',  ( 1.233075403960000038, -0.04244600606646999758, 0.09533529053063996561 ) ) ;
#3711 = DIRECTION ( 'NONE',  ( 1.000000000000000000, 0.000000000000000000, 0.000000000000000000 ) ) ;
#3712 = CARTESIAN_POINT ( 'NONE',  ( 1.353736434394766652, 0.1133452286731946451, 0.03997075387989086626 ) ) ;
#3713 = CIRCLE ( 'NONE', #1945, 0.1220472440944999348 ) ;
#3714 = ORIENTED_EDGE ( 'NONE', *, *, #5773, .F. ) ;
#3715 = CIRCLE ( 'NONE', #2261, 0.2417915662690000023 ) ;
#3716 = CARTESIAN_POINT ( 'NONE',  ( 1.178670002864000033, 0.1008016614475000100, 0.02700963597588000240 ) ) ;
#3717 = EDGE_CURVE ( 'NONE', #8771, #3031, #6583, .T. ) ;
#3718 = CARTESIAN_POINT ( 'NONE',  ( 0.5819715378862000410, 0.1407367085770999948, -0.06307011613492992386 ) ) ;
#3719 = ADVANCED_FACE ( 'NONE', ( #9807 ), #3734, .T. ) ;
#3720 = CARTESIAN_POINT ( 'NONE',  ( 0.9842519685038996213, 0.000000000000000000, 0.000000000000000000 ) ) ;
#3721 = DIRECTION ( 'NONE',  ( 0.000000000000000000, -0.4642307659791937713, -0.8857142857142876746 ) ) ;
#3722 = CARTESIAN_POINT ( 'NONE',  ( 0.7095549599962007736, 0.01574803149606000124, -0.1497984718884000088 ) ) ;
#3723 = DIRECTION ( 'NONE',  ( 0.000000000000000000, 0.000000000000000000, -1.000000000000000000 ) ) ;
#3724 = CARTESIAN_POINT ( 'NONE',  ( 1.223813032890000096, 0.05495946621102000551, -0.1012227447793999924 ) ) ;
#3725 = ORIENTED_EDGE ( 'NONE', *, *, #5889, .T. ) ;
#3726 = VECTOR ( 'NONE', #8177, 39.37007874015748143 ) ;
#3727 = ORIENTED_EDGE ( 'NONE', *, *, #3856, .T. ) ;
#3728 = DIRECTION ( 'NONE',  ( 1.000000000000000000, 0.000000000000000000, 0.000000000000000000 ) ) ;
#3729 = CARTESIAN_POINT ( 'NONE',  ( 0.7355155807016005021, 0.1850249357133000316, -0.09742976717115001128 ) ) ;
#3730 = CARTESIAN_POINT ( 'NONE',  ( 1.326638082594999934, 0.1096037666887000050, 0.03736553965250000164 ) ) ;
#3731 = CARTESIAN_POINT ( 'NONE',  ( 1.085087517243488842, 0.007359474030379268075, -0.1040168113720127269 ) ) ;
#3732 = CARTESIAN_POINT ( 'NONE',  ( 1.213637283521999954, -0.009475668413427992820, 0.1203997828730999919 ) ) ;
#3733 = EDGE_CURVE ( 'NONE', #2846, #6095, #897, .T. ) ;
#3734 = CYLINDRICAL_SURFACE ( 'NONE', #1209, 0.1574803149606000263 ) ;
#3735 = LINE ( 'NONE', #5814, #9493 ) ;
#3736 = CARTESIAN_POINT ( 'NONE',  ( 1.252381399668999862, 0.1034646750344000027, 0.01362138288035000082 ) ) ;
#3737 = DIRECTION ( 'NONE',  ( 1.000000000000000000, 0.000000000000000000, 0.000000000000000000 ) ) ;
#3738 = CARTESIAN_POINT ( 'NONE',  ( 0.6384300491361004637, -0.1216661798501000036, 0.05205974124081999554 ) ) ;
#3739 = DIRECTION ( 'NONE',  ( 1.000000000000000000, 0.000000000000000000, 0.000000000000000000 ) ) ;
#3740 = VERTEX_POINT ( 'NONE', #3591 ) ;
#3741 = ORIENTED_EDGE ( 'NONE', *, *, #4741, .T. ) ;
#3742 = CARTESIAN_POINT ( 'NONE',  ( 1.153389333553999974, 0.07949323998367992250, 0.07543626803787008284 ) ) ;
#3743 = B_SPLINE_CURVE_WITH_KNOTS ( 'NONE', 3,
 ( #1041, #3229, #6304, #3377 ),
 .UNSPECIFIED., .F., .F.,
 ( 4, 4 ),
 ( 0.000000000000000000, 1.000000000000000000 ),
 .UNSPECIFIED. ) ;
#3744 = CARTESIAN_POINT ( 'NONE',  ( 1.320311189695000165, -0.002471814868744999678, -0.1048876372943000068 ) ) ;
#3745 = CARTESIAN_POINT ( 'NONE',  ( 1.171165621036999838, -0.1032031167347789991, 0.05948255673673419341 ) ) ;
#3746 = CARTESIAN_POINT ( 'NONE',  ( 1.240197095440999986, -0.03471519480617000358, -0.09803268593927992602 ) ) ;
#3747 = DIRECTION ( 'NONE',  ( 0.000000000000000000, 1.000000000000000000, 0.000000000000000000 ) ) ;
#3748 = DIRECTION ( 'NONE',  ( 0.000000000000000000, 0.000000000000000000, -1.000000000000000000 ) ) ;
#3749 = DIRECTION ( 'NONE',  ( 0.000000000000000000, 1.000000000000000000, 0.000000000000000000 ) ) ;
#3750 = ORIENTED_EDGE ( 'NONE', *, *, #5575, .F. ) ;
#3751 = ORIENTED_EDGE ( 'NONE', *, *, #7568, .T. ) ;
#3752 = EDGE_LOOP ( 'NONE', ( #7179, #9748, #1540, #789, #5383, #8015 ) ) ;
#3753 = CYLINDRICAL_SURFACE ( 'NONE', #8732, 0.08267716535433068670 ) ;
#3754 = CARTESIAN_POINT ( 'NONE',  ( 1.333680629864000267, -0.1168746531813000117, -0.02951956312321000336 ) ) ;
#3755 = CARTESIAN_POINT ( 'NONE',  ( 0.5787401574803000548, -0.1194158702739000072, -0.08712904529506003415 ) ) ;
#3756 = CARTESIAN_POINT ( 'NONE',  ( 1.244984518674499663, -0.03091510445189072157, 0.1150361429136074198 ) ) ;
#3757 = CARTESIAN_POINT ( 'NONE',  ( 1.275782863756999896, -0.1042144493542999928, -0.005461647859861999341 ) ) ;
#3758 = CARTESIAN_POINT ( 'NONE',  ( 1.284776089636392005, 0.05217945184233735434, -0.09037746170177897442 ) ) ;
#3759 = DIRECTION ( 'NONE',  ( -1.000000000000000000, 0.000000000000000000, 0.000000000000000000 ) ) ;
#3760 = B_SPLINE_CURVE_WITH_KNOTS ( 'NONE', 3,
 ( #7804, #5532, #7708, #3156, #774, #3050, #5426, #3102, #125, #4782, #6990, #929, #5479, #6941, #4020, #1587, #8511, #7043, #72, #7754, #9327, #1638, #8563, #9222, #4733, #877, #829, #2289, #9269, #1687, #22, #3966, #6179, #9427, #7094, #3916, #3259, #6334, #2499, #8667, #4834, #7904, #8100, #9573, #4973, #1840, #1069, #8047, #2548, #8151, #7186, #5779, #364, #2697, #9623, #2644, #270, #7286, #5685, #1119, #9675, #2596, #7333, #3303, #3356 ),
 .UNSPECIFIED., .F., .F.,
 ( 4, 1, 1, 1, 1, 1, 1, 1, 1, 1, 1, 1, 1, 1, 1, 1, 1, 1, 1, 1, 1, 1, 1, 1, 1, 1, 1, 1, 1, 1, 1, 1, 1, 1, 1, 1, 1, 1, 1, 1, 1, 1, 1, 1, 1, 1, 1, 1, 1, 1, 1, 1, 1, 1, 1, 1, 1, 1, 1, 1, 1, 1, 4 ),
 ( 0.000000000000000000, 0.01249978146952046218, 0.02874978872598078772, 0.04499979598244110285, 0.06124980323890142492, 0.07749981049536174005, 0.09374981775182206212, 0.1099998250082823981, 0.1262498322647427063, 0.1424998395212030144, 0.1587498467776633504, 0.1749998540341236586, 0.1912498612905839945, 0.2074998685470443027, 0.2237498758035046387, 0.2399998830599649469, 0.2562498903164252551, 0.2724998975728856188, 0.2887499048293459269, 0.3049999120858062351, 0.3212499193422665433, 0.3374999265987269070, 0.3537499338551872152, 0.3699999411116475234, 0.3862499483681078316, 0.4024999556245681953, 0.4187499628810285035, 0.4349999701374888117, 0.4512499773939491199, 0.4674999846504094836, 0.4837499919068697918, 0.4999999991633301000, 0.5162500064197904637, 0.5325000136762507719, 0.5487500209327110801, 0.5650000281891713882, 0.5812500354456318075, 0.5975000427020921157, 0.6137500499585524238, 0.6300000572150127320, 0.6462500644714730402, 0.6625000717279333484, 0.6787500789843936566, 0.6950000862408539648, 0.7112500934973143840, 0.7275001007537746922, 0.7437501080102350004, 0.7600001152666953086, 0.7762501225231556168, 0.7925001297796159250, 0.8087501370360762332, 0.8250001442925365414, 0.8412501515489969606, 0.8575001588054572688, 0.8737501660619175770, 0.8900001733183778851, 0.9062501805748381933, 0.9225001878312985015, 0.9387501950877588097, 0.9550002023442191179, 0.9712502096006794261, 0.9875002168571398453, 1.000000000000000000 ),
 .UNSPECIFIED. ) ;
#3761 = VERTEX_POINT ( 'NONE', #5957 ) ;
#3762 = ORIENTED_EDGE ( 'NONE', *, *, #4424, .F. ) ;
#3763 = AXIS2_PLACEMENT_3D ( 'NONE', #3614, #4483, #9779 ) ;
#3764 = CARTESIAN_POINT ( 'NONE',  ( 1.127545441662999970, 0.06133978044347992292, -0.08442696480807007631 ) ) ;
#3765 = DIRECTION ( 'NONE',  ( 1.000000000000000000, 0.000000000000000000, 0.000000000000000000 ) ) ;
#3766 = DIRECTION ( 'NONE',  ( 1.000000000000000000, 0.000000000000000000, 0.000000000000000000 ) ) ;
#3767 = CARTESIAN_POINT ( 'NONE',  ( 0.6804168100402991914, 0.01574803149606000124, -0.1422635586664999785 ) ) ;
#3768 = DIRECTION ( 'NONE',  ( -1.000000000000000000, 0.000000000000000000, 0.000000000000000000 ) ) ;
#3769 = CARTESIAN_POINT ( 'NONE',  ( 1.191824843914000009, 0.1123595659811000014, 0.01180946625722000161 ) ) ;
#3770 = EDGE_LOOP ( 'NONE', ( #7389, #2822, #4463, #8805 ) ) ;
#3771 = AXIS2_PLACEMENT_3D ( 'NONE', #9735, #5980, #9073 ) ;
#3772 = ORIENTED_EDGE ( 'NONE', *, *, #3552, .T. ) ;
#3773 = ADVANCED_FACE ( 'NONE', ( #9049 ), #4778, .F. ) ;
#3774 = ADVANCED_FACE ( 'NONE', ( #8235 ), #5089, .F. ) ;
#3775 = CARTESIAN_POINT ( 'NONE',  ( 0.9842519685038996213, 0.2559055118109999638, 0.000000000000000000 ) ) ;
#3776 = EDGE_CURVE ( 'NONE', #5286, #1096, #8824, .T. ) ;
#3777 = FACE_BOUND ( 'NONE', #7635, .T. ) ;
#3778 = VERTEX_POINT ( 'NONE', #7425 ) ;
#3779 = CARTESIAN_POINT ( 'NONE',  ( 1.348326074720999967, -0.09230981050737990801, -0.06991472026367992476 ) ) ;
#3780 = CARTESIAN_POINT ( 'NONE',  ( 1.329818630931499657, 0.03091510445189025666, 0.1150361429136075447 ) ) ;
#3781 = CARTESIAN_POINT ( 'NONE',  ( 1.194444370135999911, 0.01889291618010999901, -0.1192851781487999918 ) ) ;
#3782 = CARTESIAN_POINT ( 'NONE',  ( 0.5866141732283000065, 0.000000000000000000, 0.000000000000000000 ) ) ;
#3783 = LINE ( 'NONE', #6053, #9550 ) ;
#3784 = CARTESIAN_POINT ( 'NONE',  ( 1.366266399831144618, -0.08363571746497991399, -0.06334503080957008814 ) ) ;
#3785 = DIRECTION ( 'NONE',  ( 1.000000000000000000, 0.000000000000000000, 0.000000000000000000 ) ) ;
#3786 = DIRECTION ( 'NONE',  ( 0.000000000000000000, 1.000000000000000000, 0.000000000000000000 ) ) ;
#3787 = CARTESIAN_POINT ( 'NONE',  ( 0.5984251968503937480, -0.01574803149606000124, 0.1210269775506999934 ) ) ;
#3788 = EDGE_LOOP ( 'NONE', ( #3120, #2032, #4526, #9975, #3448 ) ) ;
#3789 = ORIENTED_EDGE ( 'NONE', *, *, #5345, .T. ) ;
#3790 = CIRCLE ( 'NONE', #719, 0.2263779527559000304 ) ;
#3791 = ADVANCED_FACE ( 'NONE', ( #8277, #2928 ), #4556, .T. ) ;
#3792 = CARTESIAN_POINT ( 'NONE',  ( 1.134196420167999930, -0.07332952747900001178, -0.08144069092468997351 ) ) ;
#3793 = EDGE_CURVE ( 'NONE', #2671, #8462, #2075, .T. ) ;
#3794 = FACE_OUTER_BOUND ( 'NONE', #6995, .T. ) ;
#3795 = CARTESIAN_POINT ( 'NONE',  ( 1.077948034031000146, -0.06147262817117007949, -0.09062045814387008347 ) ) ;
#3796 = CARTESIAN_POINT ( 'NONE',  ( 1.221004182054999943, 0.02691662355562000203, 0.1004542066778000148 ) ) ;
#3797 = DIRECTION ( 'NONE',  ( 0.000000000000000000, 0.4749739059883880121, -0.8799998799034769448 ) ) ;
#3798 = FACE_OUTER_BOUND ( 'NONE', #8050, .T. ) ;
#3799 = CARTESIAN_POINT ( 'NONE',  ( 0.7355155807016005021, 0.1768891213116999817, 0.1115214110757999921 ) ) ;
#3800 = VECTOR ( 'NONE', #291, 39.37007874015748143 ) ;
#3801 = VERTEX_POINT ( 'NONE', #5862 ) ;
#3802 = VERTEX_POINT ( 'NONE', #6614 ) ;
#3803 = EDGE_LOOP ( 'NONE', ( #9484, #8772, #5689, #8541 ) ) ;
#3804 = AXIS2_PLACEMENT_3D ( 'NONE', #6354, #5453, #3893 ) ;
#3805 = CARTESIAN_POINT ( 'NONE',  ( 0.7362204724408996093, -0.1343708233930999973, 0.08212509616896003506 ) ) ;
#3806 = CARTESIAN_POINT ( 'NONE',  ( 1.186202729581000037, 0.1002409750077000034, 0.02217210234184000331 ) ) ;
#3807 = CARTESIAN_POINT ( 'NONE',  ( 1.348747416092000107, 0.1149499081108000115, 0.001805777455811000002 ) ) ;
#3808 = PRODUCT_DEFINITION_SHAPE ( 'NONE', 'NONE',  #8463 ) ;
#3809 = CARTESIAN_POINT ( 'NONE',  ( 0.7244094488188976833, 0.1813108520207999952, -0.08649560877427991956 ) ) ;
#3810 = CARTESIAN_POINT ( 'NONE',  ( 0.9842519685038996213, 0.000000000000000000, 0.000000000000000000 ) ) ;
#3811 = CIRCLE ( 'NONE', #906, 0.1181102362205000006 ) ;
#3812 = CARTESIAN_POINT ( 'NONE',  ( 1.303505960869000058, 0.02436176678408999777, 0.1014740604109000133 ) ) ;
#3813 = AXIS2_PLACEMENT_3D ( 'NONE', #8786, #3279, #7973 ) ;
#3814 = CARTESIAN_POINT ( 'NONE',  ( 1.267715722182392035, -0.08442812659520031182, 0.06134062453122948733 ) ) ;
#3815 = DIRECTION ( 'NONE',  ( 1.000000000000000000, 0.000000000000000000, 0.000000000000000000 ) ) ;
#3816 = ORIENTED_EDGE ( 'NONE', *, *, #7924, .T. ) ;
#3817 = ORIENTED_EDGE ( 'NONE', *, *, #3474, .F. ) ;
#3818 = AXIS2_PLACEMENT_3D ( 'NONE', #5252, #5204, #7379 ) ;
#3819 = AXIS2_PLACEMENT_3D ( 'NONE', #4560, #7632, #3786 ) ;
#3820 = CARTESIAN_POINT ( 'NONE',  ( 1.170196360298999982, 0.09533529686965000471, -0.04244601067203000039 ) ) ;
#3821 = CARTESIAN_POINT ( 'NONE',  ( 0.5810295054656000602, 0.01574803149606000124, 0.1526091532480000068 ) ) ;
#3822 = B_SPLINE_CURVE_WITH_KNOTS ( 'NONE', 3,
 ( #2620, #1814, #1146, #2470, #4043, #9502, #8787, #3280, #6352, #5707, #4899, #2523, #4136, #4995, #6497, #1714, #6450, #4859 ),
 .UNSPECIFIED., .F., .F.,
 ( 4, 2, 2, 2, 2, 2, 2, 2, 4 ),
 ( 0.000000000000000000, 0.1250000000000000000, 0.2500000000000000000, 0.3750000000000000000, 0.5000000000000000000, 0.6250000000000000000, 0.7500000000000000000, 0.8750000000000000000, 1.000000000000000000 ),
 .UNSPECIFIED. ) ;
#3823 = CARTESIAN_POINT ( 'NONE',  ( 0.6384300491361004637, -0.1059181483541000030, -0.07933613191119998076 ) ) ;
#3824 = DIRECTION ( 'NONE',  ( 1.000000000000000000, 0.000000000000000000, 0.000000000000000000 ) ) ;
#3825 = CARTESIAN_POINT ( 'NONE',  ( 1.191351801812764233, 0.09319391919864734863, 0.05380547599339599585 ) ) ;
#3826 = VECTOR ( 'NONE', #4945, 39.37007874015748143 ) ;
#3827 = CARTESIAN_POINT ( 'NONE',  ( 1.206752665435999905, -0.09137897010863996194, 0.07011754974597009249 ) ) ;
#3828 = VERTEX_POINT ( 'NONE', #7577 ) ;
#3829 = VERTEX_POINT ( 'NONE', #5158 ) ;
#3830 = CARTESIAN_POINT ( 'NONE',  ( -0.002765821536155000076, 0.000000000000000000, 0.000000000000000000 ) ) ;
#3831 = CARTESIAN_POINT ( 'NONE',  ( 1.123110726315999841, -0.09037621804803996906, 0.05217873381838000063 ) ) ;
#3832 = CARTESIAN_POINT ( 'NONE',  ( 1.361131663822000126, 0.06363499041757991748, -0.08994147405306004983 ) ) ;
#3833 = CARTESIAN_POINT ( 'NONE',  ( 1.131038982444488861, 0.09390399799116962154, -0.04533980665240804758 ) ) ;
#3834 = CARTESIAN_POINT ( 'NONE',  ( 1.294674028928000098, -0.05199372541013000393, 0.1090070711284999994 ) ) ;
#3835 = CARTESIAN_POINT ( 'NONE',  ( 0.6498031496062991463, 0.5314960629921000601, 0.3740157480314960647 ) ) ;
#3836 = CARTESIAN_POINT ( 'NONE',  ( 1.134608657178000080, 0.000000000000000000, 0.1181102362205000006 ) ) ;
#3837 = CARTESIAN_POINT ( 'NONE',  ( 1.322890415579235590, -0.1049127410514000130, -0.0009340167972484001878 ) ) ;
#3838 = CARTESIAN_POINT ( 'NONE',  ( 1.278145402585249446, 0.09444883965335063025, -0.07258425826477041265 ) ) ;
#3839 = CARTESIAN_POINT ( 'NONE',  ( 1.054799329271000063, -0.04216316591013999360, -0.1103281257907000046 ) ) ;
#3840 = EDGE_CURVE ( 'NONE', #5114, #6743, #6096, .T. ) ;
#3841 = CARTESIAN_POINT ( 'NONE',  ( 0.6102362204723996708, 0.2716535433071000094, -0.3543307086614000401 ) ) ;
#3842 = VERTEX_POINT ( 'NONE', #7012 ) ;
#3843 = ORIENTED_EDGE ( 'NONE', *, *, #2180, .T. ) ;
#3844 = EDGE_LOOP ( 'NONE', ( #5931, #1185 ) ) ;
#3845 = ADVANCED_FACE ( 'NONE', ( #9245 ), #5588, .T. ) ;
#3846 = CARTESIAN_POINT ( 'NONE',  ( 1.108605868987000198, 0.1089889178014000065, -0.01145519685795000180 ) ) ;
#3847 = AXIS2_PLACEMENT_3D ( 'NONE', #6065, #3192, #9309 ) ;
#3848 = CARTESIAN_POINT ( 'NONE',  ( 0.8661417632692993696, -0.09349877921426004435, -0.1732283253607999896 ) ) ;
#3849 = CARTESIAN_POINT ( 'NONE',  ( 1.109278578486000200, -0.1043400261569999987, 0.03322815658491000412 ) ) ;
#3850 = CARTESIAN_POINT ( 'NONE',  ( 1.257257462894999955, 0.07158739411699999167, 0.07543737314114999648 ) ) ;
#3851 = CARTESIAN_POINT ( 'NONE',  ( 1.068582297737999953, -0.05391558754901000505, 0.08883514090827993037 ) ) ;
#3852 = CYLINDRICAL_SURFACE ( 'NONE', #8098, 0.08267716535433068670 ) ;
#3853 = EDGE_CURVE ( 'NONE', #4967, #7456, #1560, .T. ) ;
#3854 = DIRECTION ( 'NONE',  ( -1.000000000000000000, 0.000000000000000000, 0.000000000000000000 ) ) ;
#3855 = CARTESIAN_POINT ( 'NONE',  ( 0.9842519685038996213, -0.09399477469537993735, 0.1751968503937007815 ) ) ;
#3856 = EDGE_CURVE ( 'NONE', #8007, #5127, #1032, .T. ) ;
#3857 = ORIENTED_EDGE ( 'NONE', *, *, #1254, .F. ) ;
#3858 = VERTEX_POINT ( 'NONE', #5401 ) ;
#3859 = VERTEX_POINT ( 'NONE', #4602 ) ;
#3860 = AXIS2_PLACEMENT_3D ( 'NONE', #155, #4866, #1006 ) ;
#3861 = CARTESIAN_POINT ( 'NONE',  ( 0.5787401574803000548, 0.01574803149606000124, 0.1469816999198000074 ) ) ;
#3862 = DIRECTION ( 'NONE',  ( 0.000000000000000000, 0.000000000000000000, 1.000000000000000000 ) ) ;
#3863 = CARTESIAN_POINT ( 'NONE',  ( 1.200419702458999982, -0.08250703959862992765, 0.06330987804492992088 ) ) ;
#3864 = CARTESIAN_POINT ( 'NONE',  ( 1.379136195620000116, 0.01753830351599999782, -0.1136184391083999989 ) ) ;
#3865 = DIRECTION ( 'NONE',  ( 0.000000000000000000, 0.9011169856835861136, 0.4335760349840935279 ) ) ;
#3866 = CARTESIAN_POINT ( 'NONE',  ( 1.262208928123249363, -0.01546059376766966385, -0.1181102362205000700 ) ) ;
#3867 = CARTESIAN_POINT ( 'NONE',  ( 1.222412674300999980, 0.1000599994510000118, 0.02963912214327999936 ) ) ;
#3868 = EDGE_CURVE ( 'NONE', #6473, #2102, #8263, .T. ) ;
#3869 = TOROIDAL_SURFACE ( 'NONE', #3223, 0.2185039370079000232, 0.007874015748031005027 ) ;
#3870 = CARTESIAN_POINT ( 'NONE',  ( 1.205871890161391624, 0.04979576510420846702, -0.09171239041669886072 ) ) ;
#3871 = CARTESIAN_POINT ( 'NONE',  ( 1.011811154536211843, 0.03015523360807666198, 0.1614171919204881456 ) ) ;
#3872 = VERTEX_POINT ( 'NONE', #3835 ) ;
#3873 = VERTEX_POINT ( 'NONE', #8532 ) ;
#3874 = CARTESIAN_POINT ( 'NONE',  ( 1.074175252207999920, -0.07935404094595001345, 0.06777475368538997402 ) ) ;
#3875 = DIRECTION ( 'NONE',  ( 0.000000000000000000, 0.000000000000000000, -1.000000000000000000 ) ) ;
#3876 = CARTESIAN_POINT ( 'NONE',  ( 0.6498031496062991463, 0.2716535433071000094, -0.3543307086614000401 ) ) ;
#3877 = DIRECTION ( 'NONE',  ( 1.000000000000000000, 0.000000000000000000, 0.000000000000000000 ) ) ;
#3878 = CIRCLE ( 'NONE', #4204, 0.2133049650657999896 ) ;
#3879 = CARTESIAN_POINT ( 'NONE',  ( 1.237706918855999927, -0.008598274180672991693, 0.1092514321174000019 ) ) ;
#3880 = EDGE_LOOP ( 'NONE', ( #5788, #1450 ) ) ;
#3881 = ORIENTED_EDGE ( 'NONE', *, *, #6951, .T. ) ;
#3882 = VECTOR ( 'NONE', #6648, 39.37007874015748854 ) ;
#3883 = CARTESIAN_POINT ( 'NONE',  ( 0.7362204724408996093, 0.000000000000000000, 0.000000000000000000 ) ) ;
#3884 = CARTESIAN_POINT ( 'NONE',  ( 1.187087104268000015, 0.1008016614475000100, 0.02700963597588000240 ) ) ;
#3885 = ADVANCED_FACE ( 'NONE', ( #4754 ), #1296, .F. ) ;
#3886 = CARTESIAN_POINT ( 'NONE',  ( 1.312936125763999984, -0.07847561074222009214, -0.07733345090817991818 ) ) ;
#3887 = CARTESIAN_POINT ( 'NONE',  ( 1.095531032062427412, 0.1028339224721447481, 0.01728708462986192074 ) ) ;
#3888 = CARTESIAN_POINT ( 'NONE',  ( 1.222167467248999939, -0.1197388609877000076, 0.01576392010729999946 ) ) ;
#3889 = CARTESIAN_POINT ( 'NONE',  ( 1.098987143346999762, -0.1032031167347788603, -0.05948255673673441546 ) ) ;
#3890 = CARTESIAN_POINT ( 'NONE',  ( 1.049287876270758924, 0.1029893856856339551, 0.05913212325618742715 ) ) ;
#3891 = DIRECTION ( 'NONE',  ( 0.000000000000000000, 0.000000000000000000, 1.000000000000000000 ) ) ;
#3892 = CARTESIAN_POINT ( 'NONE',  ( 1.011811023621999928, -6.792578432094999076E-07, 1.159127081725000199E-06 ) ) ;
#3893 = DIRECTION ( 'NONE',  ( 0.000000000000000000, 0.000000000000000000, -1.000000000000000000 ) ) ;
#3894 = CARTESIAN_POINT ( 'NONE',  ( 0.9842519685038996213, 0.09595320950357008605, -0.1830708661417000116 ) ) ;
#3895 = ORIENTED_EDGE ( 'NONE', *, *, #5151, .F. ) ;
#3896 = ORIENTED_EDGE ( 'NONE', *, *, #8783, .F. ) ;
#3897 = CARTESIAN_POINT ( 'NONE',  ( 1.142726603894999915, 0.06441495038506003801, -0.08865957311805000574 ) ) ;
#3898 = AXIS2_PLACEMENT_3D ( 'NONE', #2217, #2266, #7828 ) ;
#3899 = CARTESIAN_POINT ( 'NONE',  ( 0.4921259842520000483, 0.000000000000000000, 0.000000000000000000 ) ) ;
#3900 = CARTESIAN_POINT ( 'NONE',  ( 1.043136317969999949, 0.01412564127186000107, -0.1072291029697000075 ) ) ;
#3901 = CARTESIAN_POINT ( 'NONE',  ( 1.295643289667000042, 0.08250703959862992765, 0.06330987804492992088 ) ) ;
#3902 = CARTESIAN_POINT ( 'NONE',  ( 1.165673558506000074, 0.08139091139457008128, -0.07325619808492991880 ) ) ;
#3903 = FACE_OUTER_BOUND ( 'NONE', #7801, .T. ) ;
#3904 = CARTESIAN_POINT ( 'NONE',  ( 0.07086614173227992475, 0.000000000000000000, 0.000000000000000000 ) ) ;
#3905 = LINE ( 'NONE', #5272, #6213 ) ;
#3906 = VERTEX_POINT ( 'NONE', #6910 ) ;
#3907 = EDGE_LOOP ( 'NONE', ( #1928, #5384 ) ) ;
#3908 = ORIENTED_EDGE ( 'NONE', *, *, #1753, .T. ) ;
#3909 = CARTESIAN_POINT ( 'NONE',  ( 0.5511811023418999866, -3.353071321160000371E-11, 0.1535433070662999833 ) ) ;
#3910 = ADVANCED_FACE ( 'NONE', ( #10002 ), #9470, .F. ) ;
#3911 = EDGE_CURVE ( 'NONE', #5561, #3118, #195, .T. ) ;
#3912 = FACE_OUTER_BOUND ( 'NONE', #8863, .T. ) ;
#3913 = FACE_OUTER_BOUND ( 'NONE', #9567, .T. ) ;
#3914 = CARTESIAN_POINT ( 'NONE',  ( 1.336591904280999943, -0.03979103314495999882, -0.1078583144272000083 ) ) ;
#3915 = CARTESIAN_POINT ( 'NONE',  ( 0.7322726316473996411, 0.1286469290627000051, 0.08906046700717991371 ) ) ;
#3916 = CARTESIAN_POINT ( 'NONE',  ( 1.247539399489482337, -0.08897936835737992045, -0.05452662705760003004 ) ) ;
#3917 = CARTESIAN_POINT ( 'NONE',  ( 0.5984251968503937480, 0.1126864528502000001, 0.04687529344016000410 ) ) ;
#3918 = CARTESIAN_POINT ( 'NONE',  ( 1.273706858985999890, -0.09641372841431003482, -0.03993587390816000920 ) ) ;
#3919 = CARTESIAN_POINT ( 'NONE',  ( 1.246390262865328724, 0.06567518607634673100, -0.08110210054058446250 ) ) ;
#3920 = CARTESIAN_POINT ( 'NONE',  ( 1.357788271664828628, 0.06637911483702048365, 0.1001928896786200701 ) ) ;
#3921 = VERTEX_POINT ( 'NONE', #996 ) ;
#3922 = ORIENTED_EDGE ( 'NONE', *, *, #86, .T. ) ;
#3923 = EDGE_CURVE ( 'NONE', #189, #3251, #7357, .T. ) ;
#3924 = CARTESIAN_POINT ( 'NONE',  ( 1.099765803389000096, 0.1014740624988999945, 0.02436176700353999761 ) ) ;
#3925 = CARTESIAN_POINT ( 'NONE',  ( 0.5802225316246999443, 0.1392168035423999861, -0.06219259855397991921 ) ) ;
#3926 = DIRECTION ( 'NONE',  ( 0.000000000000000000, 0.000000000000000000, -1.000000000000000000 ) ) ;
#3927 = CARTESIAN_POINT ( 'NONE',  ( 0.9842519685038996213, 0.000000000000000000, 0.000000000000000000 ) ) ;
#3928 = CARTESIAN_POINT ( 'NONE',  ( 1.282490383423000146, -0.08865957311805000574, 0.06441495038506003801 ) ) ;
#3929 = ORIENTED_EDGE ( 'NONE', *, *, #8911, .T. ) ;
#3930 = ORIENTED_EDGE ( 'NONE', *, *, #4545, .F. ) ;
#3931 = CARTESIAN_POINT ( 'NONE',  ( 1.047973619356000086, -0.04216316591013999360, -0.1103281257907000046 ) ) ;
#3932 = DIRECTION ( 'NONE',  ( 0.000000000000000000, 0.000000000000000000, -1.000000000000000000 ) ) ;
#3933 = CARTESIAN_POINT ( 'NONE',  ( 1.350735851624000006, -0.05933691741347008747, -0.09943992889050000394 ) ) ;
#3934 = CARTESIAN_POINT ( 'NONE',  ( 1.057934378715488899, 0.09391501332224080900, 0.04531698660314871507 ) ) ;
#3935 = CARTESIAN_POINT ( 'NONE',  ( 0.8602361537316004503, -7.089001153372007411E-08, 2.654845646351999710E-08 ) ) ;
#3936 = CARTESIAN_POINT ( 'NONE',  ( 0.7346171346687991877, -0.1842739199017000007, -0.09485456890592008916 ) ) ;
#3937 = CARTESIAN_POINT ( 'NONE',  ( 1.118204457703000365, 0.05948255673673451260, -0.1032031167347788742 ) ) ;
#3938 = CARTESIAN_POINT ( 'NONE',  ( 1.359037069122238872, -0.09179331871126004960, 0.05080858986628999929 ) ) ;
#3939 = CARTESIAN_POINT ( 'NONE',  ( 0.7352427161525000310, 0.008739607168151003469, -0.1569883113364000105 ) ) ;
#3940 = CIRCLE ( 'NONE', #9582, 0.08267716535433068670 ) ;
#3941 = DIRECTION ( 'NONE',  ( 0.000000000000000000, -1.000000000000000000, 0.000000000000000000 ) ) ;
#3942 = CARTESIAN_POINT ( 'NONE',  ( 0.7308438124327991670, -0.01388666326788999886, -0.2028813464686000101 ) ) ;
#3943 = ORIENTED_EDGE ( 'NONE', *, *, #8105, .T. ) ;
#3944 = ORIENTED_EDGE ( 'NONE', *, *, #8807, .F. ) ;
#3945 = ORIENTED_EDGE ( 'NONE', *, *, #3670, .F. ) ;
#3946 = CARTESIAN_POINT ( 'NONE',  ( 1.060655922930999973, 0.05890500276947000652, -0.08570733774602991295 ) ) ;
#3947 = CIRCLE ( 'NONE', #9752, 0.2263779527559000304 ) ;
#3948 = DIRECTION ( 'NONE',  ( -1.000000000000000000, 0.000000000000000000, 0.000000000000000000 ) ) ;
#3949 = CARTESIAN_POINT ( 'NONE',  ( 1.069593222177000147, -0.1025367701988999930, 0.03843386795096000175 ) ) ;
#3950 = CARTESIAN_POINT ( 'NONE',  ( 1.245560797680000054, 0.09344020400132992121, -0.05726023065597000972 ) ) ;
#3951 = CARTESIAN_POINT ( 'NONE',  ( 1.175420839002999873, 0.07353208623462992310, 0.07931359630612994094 ) ) ;
#3952 = CARTESIAN_POINT ( 'NONE',  ( 1.282714177467999761, 0.000000000000000000, 0.1181102362205000006 ) ) ;
#3953 = CARTESIAN_POINT ( 'NONE',  ( 0.5810295054656000602, -0.01574803149606000124, -0.1526091532480000068 ) ) ;
#3954 = DIRECTION ( 'NONE',  ( 0.000000000000000000, 1.000000000000000000, 0.000000000000000000 ) ) ;
#3955 = B_SPLINE_CURVE_WITH_KNOTS ( 'NONE', 3,
 ( #4355, #9757, #7578, #8278, #2829, #9051, #5110, #4406, #8236, #1307, #6615 ),
 .UNSPECIFIED., .F., .F.,
 ( 4, 1, 1, 1, 1, 1, 1, 1, 4 ),
 ( 0.000000000000000000, 0.1250000000000000000, 0.2500000000000000000, 0.3750000000000000000, 0.5000000000000000000, 0.6250000000000000000, 0.7500000000000000000, 0.8750000000000000000, 1.000000000000000000 ),
 .UNSPECIFIED. ) ;
#3956 = ORIENTED_EDGE ( 'NONE', *, *, #1113, .T. ) ;
#3957 = ORIENTED_EDGE ( 'NONE', *, *, #9586, .F. ) ;
#3958 = VERTEX_POINT ( 'NONE', #5754 ) ;
#3959 = CARTESIAN_POINT ( 'NONE',  ( 1.085083188919000019, 0.01889291618316999918, 0.1192851781474000145 ) ) ;
#3960 = LINE ( 'NONE', #6280, #7406 ) ;
#3961 = AXIS2_PLACEMENT_3D ( 'NONE', #8401, #3256, #7705 ) ;
#3962 = AXIS2_PLACEMENT_3D ( 'NONE', #3855, #6930, #6827 ) ;
#3963 = CARTESIAN_POINT ( 'NONE',  ( 0.7362204724408996093, -0.1827275465568999890, -0.1100438633047000070 ) ) ;
#3964 = CARTESIAN_POINT ( 'NONE',  ( 1.385213951524999931, 0.1036349864646999991, -0.04976489407191000275 ) ) ;
#3965 = CARTESIAN_POINT ( 'NONE',  ( 0.5987259261576004521, -0.1457995700016000151, 0.06599316054122007780 ) ) ;
#3966 = CARTESIAN_POINT ( 'NONE',  ( 1.256069583216482322, 0.03483523850942000372, -0.09837167889972013579 ) ) ;
#3967 = CARTESIAN_POINT ( 'NONE',  ( 0.6498031496062991463, -0.4370078740156999597, -0.3543307086614000401 ) ) ;
#3968 = CARTESIAN_POINT ( 'NONE',  ( 1.284369588645000171, 0.05217873381839999852, -0.09037621804783996238 ) ) ;
#3969 = CARTESIAN_POINT ( 'NONE',  ( 1.158862471430749830, 0.09444883965335013065, 0.07258425826477107878 ) ) ;
#3970 = DIRECTION ( 'NONE',  ( 0.000000000000000000, -1.000000000000000000, 0.000000000000000000 ) ) ;
#3971 = FACE_BOUND ( 'NONE', #9576, .T. ) ;
#3972 = ORIENTED_EDGE ( 'NONE', *, *, #2180, .F. ) ;
#3973 = ORIENTED_EDGE ( 'NONE', *, *, #5210, .T. ) ;
#3974 = EDGE_CURVE ( 'NONE', #5241, #1936, #1552, .T. ) ;
#3975 = CARTESIAN_POINT ( 'NONE',  ( 1.144605809116999939, -0.02169713754582000206, 0.1020770065874999910 ) ) ;
#3976 = VECTOR ( 'NONE', #4898, 39.37007874015748143 ) ;
#3977 = CARTESIAN_POINT ( 'NONE',  ( 1.301260332615000070, 0.09742608914478996518, -0.03739837169383999904 ) ) ;
#3978 = DIRECTION ( 'NONE',  ( 0.000000000000000000, -1.000000000000000000, 0.000000000000000000 ) ) ;
#3979 = EDGE_CURVE ( 'NONE', #1197, #1880, #5434, .T. ) ;
#3980 = DIRECTION ( 'NONE',  ( 0.000000000000000000, -1.000000000000000000, 0.000000000000000000 ) ) ;
#3981 = EDGE_CURVE ( 'NONE', #3567, #2516, #1763, .T. ) ;
#3982 = CARTESIAN_POINT ( 'NONE',  ( 1.250502194446000193, -0.09344020400132992121, -0.05726023065597000972 ) ) ;
#3983 = ORIENTED_EDGE ( 'NONE', *, *, #6631, .T. ) ;
#3984 = B_SPLINE_CURVE_WITH_KNOTS ( 'NONE', 3,
 ( #4044, #6307, #9403, #5555, #1421, #1320, #3745, #2943, #6016, #5066, #4419, #5267, #4366, #9061, #4517, #6628, #1270, #4469 ),
 .UNSPECIFIED., .F., .F.,
 ( 4, 2, 2, 2, 2, 2, 2, 2, 4 ),
 ( 0.000000000000000000, 0.1250000000000000278, 0.2500000000000000555, 0.3750000000000000000, 0.5000000000000000000, 0.6250000000000000000, 0.7500000000000000000, 0.8750000000000001110, 1.000000000000000000 ),
 .UNSPECIFIED. ) ;
#3985 = AXIS2_PLACEMENT_3D ( 'NONE', #8627, #4796, #7870 ) ;
#3986 = EDGE_LOOP ( 'NONE', ( #4478, #1464 ) ) ;
#3987 = CARTESIAN_POINT ( 'NONE',  ( 0.6673228346457008575, 0.000000000000000000, 0.000000000000000000 ) ) ;
#3988 = CARTESIAN_POINT ( 'NONE',  ( 1.172159282746000120, -0.05452662706635000300, -0.08897936835102007724 ) ) ;
#3989 = CARTESIAN_POINT ( 'NONE',  ( 1.342749816329999790, -0.1172242943025000178, -0.03164051682876999755 ) ) ;
#3990 = CARTESIAN_POINT ( 'NONE',  ( 0.7334685525345001622, -0.1411890770262000105, -0.06814614087067007164 ) ) ;
#3991 = DIRECTION ( 'NONE',  ( 0.000000000000000000, 0.000000000000000000, -1.000000000000000000 ) ) ;
#3992 = AXIS2_PLACEMENT_3D ( 'NONE', #6748, #6600, #538 ) ;
#3993 = CARTESIAN_POINT ( 'NONE',  ( 1.053437540913000126, -0.01212838739982999986, -0.1075979739532000046 ) ) ;
#3994 = CARTESIAN_POINT ( 'NONE',  ( 0.7276665996183996343, 0.1820353056997000007, 0.08743401794056004928 ) ) ;
#3995 = DIRECTION ( 'NONE',  ( 0.000000000000000000, 1.000000000000000000, 0.000000000000000000 ) ) ;
#3996 = DIRECTION ( 'NONE',  ( 0.000000000000000000, 0.000000000000000000, -1.000000000000000000 ) ) ;
#3997 = CARTESIAN_POINT ( 'NONE',  ( 1.105548823137000092, 0.000000000000000000, -0.1181102362205000006 ) ) ;
#3998 = EDGE_CURVE ( 'NONE', #5673, #7606, #3003, .T. ) ;
#3999 = CARTESIAN_POINT ( 'NONE',  ( 1.311679790026191172, -0.08864370576691975312, 0.05117846576024083494 ) ) ;
#4000 = ORIENTED_EDGE ( 'NONE', *, *, #7484, .F. ) ;
#4001 = EDGE_LOOP ( 'NONE', ( #5639, #8374, #3714, #1954, #1362, #9137 ) ) ;
#4002 = ORIENTED_EDGE ( 'NONE', *, *, #9168, .T. ) ;
#4003 = CARTESIAN_POINT ( 'NONE',  ( 1.107571933430000044, 0.1011243785934999861, 0.02427781532547999832 ) ) ;
#4004 = CARTESIAN_POINT ( 'NONE',  ( 1.333020389191333477, -0.1181102362205010969, -0.02061412502355445403 ) ) ;
#4005 = CARTESIAN_POINT ( 'NONE',  ( 1.104023394034000072, -0.09219999805926003267, 0.06888337988007008084 ) ) ;
#4006 = CARTESIAN_POINT ( 'NONE',  ( 1.296741900041999962, 0.02558310426519000078, 0.1065612970813000077 ) ) ;
#4007 = CARTESIAN_POINT ( 'NONE',  ( 1.081114515519999930, -0.05833620054066999960, -0.08599686359022008786 ) ) ;
#4008 = DIRECTION ( 'NONE',  ( 0.000000000000000000, 0.000000000000000000, 1.000000000000000000 ) ) ;
#4009 = CARTESIAN_POINT ( 'NONE',  ( 1.366141732283000065, 0.000000000000000000, 0.000000000000000000 ) ) ;
#4010 = DIRECTION ( 'NONE',  ( 0.000000000000000000, -0.8660254037844288266, 0.5000000000000169864 ) ) ;
#4011 = ORIENTED_EDGE ( 'NONE', *, *, #2493, .F. ) ;
#4012 = VERTEX_POINT ( 'NONE', #8740 ) ;
#4013 = ORIENTED_EDGE ( 'NONE', *, *, #9586, .T. ) ;
#4014 = CARTESIAN_POINT ( 'NONE',  ( 1.112806286032000047, 0.1090071047850000030, -0.05199372187269000328 ) ) ;
#4015 = DIRECTION ( 'NONE',  ( 0.000000000000000000, 1.000000000000000000, 0.000000000000000000 ) ) ;
#4016 = CARTESIAN_POINT ( 'NONE',  ( 1.381889763779999836, 7.680926463688995436E-12, 0.1023622047244000105 ) ) ;
#4017 = ORIENTED_EDGE ( 'NONE', *, *, #5336, .T. ) ;
#4018 = CARTESIAN_POINT ( 'NONE',  ( 1.322155266763000103, -0.1035033295606000020, 0.007873227506070000145 ) ) ;
#4019 = CARTESIAN_POINT ( 'NONE',  ( 0.7344555622518996740, 0.1305908599656999958, 0.08720113035038996874 ) ) ;
#4020 = CARTESIAN_POINT ( 'NONE',  ( 1.292322864056483223, -0.01632510462271000162, -0.1030726540388000462 ) ) ;
#4021 = DIRECTION ( 'NONE',  ( 0.000000000000000000, -1.000000000000000000, 0.000000000000000000 ) ) ;
#4022 = CARTESIAN_POINT ( 'NONE',  ( 1.245927220712000016, 0.000000000000000000, -0.1043574676367999970 ) ) ;
#4023 = CARTESIAN_POINT ( 'NONE',  ( 1.222838849383249604, -0.01546059376766966385, -0.1181102362205000700 ) ) ;
#4024 = CARTESIAN_POINT ( 'NONE',  ( -0.03149606299213000143, -7.521929024089999166E-09, -0.2496578167135999893 ) ) ;
#4025 = AXIS2_PLACEMENT_3D ( 'NONE', #3899, #6975, #8544 ) ;
#4026 = CARTESIAN_POINT ( 'NONE',  ( 0.6102362204723996708, -0.5314960629921000601, -0.3740157480314960647 ) ) ;
#4027 = VERTEX_POINT ( 'NONE', #2719 ) ;
#4028 = CARTESIAN_POINT ( 'NONE',  ( 1.065701609642000003, -0.01901763795452000166, 0.1026099921951000027 ) ) ;
#4029 = CARTESIAN_POINT ( 'NONE',  ( 1.307657970410000203, 0.08279234551820000010, 0.06352880097637007839 ) ) ;
#4030 = CARTESIAN_POINT ( 'NONE',  ( 0.7362204724408996093, -0.1383078312671000010, 0.07530599850137008333 ) ) ;
#4031 = CARTESIAN_POINT ( 'NONE',  ( 1.156480923144666439, 0.04120276216306029138, -0.1125935275257134438 ) ) ;
#4032 = CARTESIAN_POINT ( 'NONE',  ( 1.201453638016000136, -0.05968658845680000630, 0.09190928686668996261 ) ) ;
#4033 = AXIS2_PLACEMENT_3D ( 'NONE', #9072, #8928, #6734 ) ;
#4034 = VERTEX_POINT ( 'NONE', #3480 ) ;
#4035 = CARTESIAN_POINT ( 'NONE',  ( 0.9827365112497008504, -0.09478926975752992312, -0.1783711548946000092 ) ) ;
#4036 = EDGE_CURVE ( 'NONE', #3399, #6009, #1779, .T. ) ;
#4037 = EDGE_CURVE ( 'NONE', #3828, #5334, #3549, .T. ) ;
#4038 = CARTESIAN_POINT ( 'NONE',  ( 1.127375818178999900, -0.1030726540388999940, -0.01632510462271000162 ) ) ;
#4039 = CARTESIAN_POINT ( 'NONE',  ( 0.7362204724408996093, 0.1343708233930999973, -0.08212509616896003506 ) ) ;
#4040 = CARTESIAN_POINT ( 'NONE',  ( 1.315875061377750566, 0.07258425826477091225, -0.09444883965335025555 ) ) ;
#4041 = AXIS2_PLACEMENT_3D ( 'NONE', #3488, #4400, #5101 ) ;
#4042 = CYLINDRICAL_SURFACE ( 'NONE', #3813, 0.1122047244094000057 ) ;
#4043 = CARTESIAN_POINT ( 'NONE',  ( 1.110822567939249828, -0.07258425826477050979, -0.09444883965335056086 ) ) ;
#4044 = CARTESIAN_POINT ( 'NONE',  ( 1.164603941246999952, 0.000000000000000000, 0.1181102362205000006 ) ) ;
#4045 = LINE ( 'NONE', #7881, #9290 ) ;
#4046 = CARTESIAN_POINT ( 'NONE',  ( 0.8464566929133995332, -0.09399477469537993735, -0.1751968503937007815 ) ) ;
#4047 = CARTESIAN_POINT ( 'NONE',  ( 1.252570065560000057, -0.1197388609877000076, 0.01576392010729999946 ) ) ;
#4048 = VERTEX_POINT ( 'NONE', #2618 ) ;
#4049 = CIRCLE ( 'NONE', #5662, 0.2133049650658001284 ) ;
#4050 = ORIENTED_EDGE ( 'NONE', *, *, #640, .F. ) ;
#4051 = CARTESIAN_POINT ( 'NONE',  ( 1.118234663089000103, -0.03726949532826000222, 0.09709035472628997632 ) ) ;
#4052 = EDGE_CURVE ( 'NONE', #1125, #9577, #9547, .T. ) ;
#4053 = DIRECTION ( 'NONE',  ( 1.000000000000000000, 0.000000000000000000, 0.000000000000000000 ) ) ;
#4054 = CARTESIAN_POINT ( 'NONE',  ( 1.157251892564999940, 0.05834328534160999891, -0.1056364457808000035 ) ) ;
#4055 = CARTESIAN_POINT ( 'NONE',  ( 1.194379695317999923, -0.08333232648411004195, -0.07117253052570000904 ) ) ;
#4056 = CARTESIAN_POINT ( 'NONE',  ( 1.070671000701000075, -0.08001488236207991711, 0.06630378150172992757 ) ) ;
#4057 = CARTESIAN_POINT ( 'NONE',  ( 0.7280600717204999128, -0.01516969372517000189, 0.2015020754713999773 ) ) ;
#4058 = CARTESIAN_POINT ( 'NONE',  ( 1.086450160645364260, -0.1043217069389999890, 0.002731760035869004559 ) ) ;
#4059 = SURFACE_STYLE_USAGE ( .BOTH. , #9417 ) ;
#4060 = ORIENTED_EDGE ( 'NONE', *, *, #1129, .F. ) ;
#4061 = VERTEX_POINT ( 'NONE', #3326 ) ;
#4062 = ORIENTED_EDGE ( 'NONE', *, *, #7813, .T. ) ;
#4063 = VECTOR ( 'NONE', #6602, 39.37007874015748143 ) ;
#4064 = CARTESIAN_POINT ( 'NONE',  ( 1.178915209917000162, -0.09385753647902007890, -0.07600433443989999815 ) ) ;
#4065 = CARTESIAN_POINT ( 'NONE',  ( 0.7309195682576004049, -0.1277490866393000135, 0.08973893678023996123 ) ) ;
#4066 = CARTESIAN_POINT ( 'NONE',  ( 1.371493272247000350, -0.01603268188042999975, -0.1036845180112000026 ) ) ;
#4067 = CARTESIAN_POINT ( 'NONE',  ( 1.343555015968999955, 0.1042485974541000060, -0.03311967427845999984 ) ) ;
#4068 = DIRECTION ( 'NONE',  ( 0.000000000000000000, 1.000000000000000000, 0.000000000000000000 ) ) ;
#4069 = DIRECTION ( 'NONE',  ( 0.000000000000000000, 1.000000000000000000, 0.000000000000000000 ) ) ;
#4070 = PLANE ( 'NONE',  #7316 ) ;
#4071 = CARTESIAN_POINT ( 'NONE',  ( 1.222469215463000136, 0.05910872053913996532, 0.08600372205772992273 ) ) ;
#4072 = CARTESIAN_POINT ( 'NONE',  ( 1.212176119724500234, -0.1150361429136074615, 0.03091510445189059667 ) ) ;
#4073 = DIRECTION ( 'NONE',  ( 0.000000000000000000, -1.000000000000000000, 0.000000000000000000 ) ) ;
#4074 = EDGE_LOOP ( 'NONE', ( #1846, #4550, #6692, #1400, #2335, #7465 ) ) ;
#4075 = CARTESIAN_POINT ( 'NONE',  ( 1.121147803868000059, -0.03993587390816000920, -0.09641372841431003482 ) ) ;
#4076 = CARTESIAN_POINT ( 'NONE',  ( 1.269272143638000339, 0.07183494035557008717, 0.07569823244745001178 ) ) ;
#4077 = CARTESIAN_POINT ( 'NONE',  ( 0.7244094488188976833, 1.699206507209999995, 0.9855833994582992030 ) ) ;
#4078 = DIRECTION ( 'NONE',  ( 1.000000000000000000, 0.000000000000000000, 0.000000000000000000 ) ) ;
#4079 = EDGE_CURVE ( 'NONE', #4967, #5725, #4466, .T. ) ;
#4080 = CARTESIAN_POINT ( 'NONE',  ( 1.300649361252000258, 0.09709035472660000610, -0.03726949532538000043 ) ) ;
#4081 = EDGE_LOOP ( 'NONE', ( #9876, #8722, #9110, #512 ) ) ;
#4082 = LINE ( 'NONE', #236, #7110 ) ;
#4083 = ADVANCED_FACE ( 'NONE', ( #9648 ), #5607, .F. ) ;
#4084 = CIRCLE ( 'NONE', #6294, 0.1535433070865999949 ) ;
#4085 = CARTESIAN_POINT ( 'NONE',  ( 1.174348369839000039, 0.04737729933908999685, -0.09298318484278997320 ) ) ;
#4086 = CARTESIAN_POINT ( 'NONE',  ( 1.301783608980999984, -0.1214146964885000207, -0.001080930350466000099 ) ) ;
#4087 = CARTESIAN_POINT ( 'NONE',  ( 1.320796321220249814, 0.1181102362205000561, -0.01546059376766952508 ) ) ;
#4088 = CARTESIAN_POINT ( 'NONE',  ( 0.7519685039370078705, 0.000000000000000000, 0.1535433070865999949 ) ) ;
#4089 = DIRECTION ( 'NONE',  ( 0.000000000000000000, 0.000000000000000000, -1.000000000000000000 ) ) ;
#4090 = DIRECTION ( 'NONE',  ( 1.000000000000000000, 0.000000000000000000, 0.000000000000000000 ) ) ;
#4091 = CARTESIAN_POINT ( 'NONE',  ( 1.235509698105999865, 0.1157986565047000038, 0.03430112475518000414 ) ) ;
#4092 = ADVANCED_FACE ( 'NONE', ( #1089 ), #4042, .T. ) ;
#4093 = ORIENTED_EDGE ( 'NONE', *, *, #4548, .F. ) ;
#4094 = CARTESIAN_POINT ( 'NONE',  ( 1.122499754951999940, -0.09006477778341004381, 0.05199892369776000500 ) ) ;
#4095 = EDGE_CURVE ( 'NONE', #2957, #5260, #6351, .T. ) ;
#4096 = FACE_OUTER_BOUND ( 'NONE', #2739, .T. ) ;
#4097 = CARTESIAN_POINT ( 'NONE',  ( 1.137442641453000114, 0.002366314390950999876, 0.1150658951298000054 ) ) ;
#4098 = CARTESIAN_POINT ( 'NONE',  ( 1.258356073270000097, 0.008598274180672008105, 0.1092514321174000019 ) ) ;
#4099 = FACE_OUTER_BOUND ( 'NONE', #8645, .T. ) ;
#4100 = CARTESIAN_POINT ( 'NONE',  ( 0.5787401574803000548, 0.1197790500519000101, 0.08733872723765000179 ) ) ;
#4101 = CARTESIAN_POINT ( 'NONE',  ( 1.077919976918364053, -0.01901763795452000860, 0.1026099921951000027 ) ) ;
#4102 = DIRECTION ( 'NONE',  ( 0.000000000000000000, 0.000000000000000000, 1.000000000000000000 ) ) ;
#4103 = B_SPLINE_CURVE_WITH_KNOTS ( 'NONE', 3,
 ( #9365, #7132, #159, #2330, #3248, #9415, #2484, #208, #5567, #4100, #6979 ),
 .UNSPECIFIED., .F., .F.,
 ( 4, 1, 1, 1, 1, 1, 1, 1, 4 ),
 ( 0.000000000000000000, 0.1250000000000000000, 0.2500000000000000000, 0.3750000000000000000, 0.5000000000000000000, 0.6250000000000000000, 0.7500000000000000000, 0.8750000000000000000, 1.000000000000000000 ),
 .UNSPECIFIED. ) ;
#4104 = ORIENTED_EDGE ( 'NONE', *, *, #6937, .T. ) ;
#4105 = ORIENTED_EDGE ( 'NONE', *, *, #8518, .F. ) ;
#4106 = ADVANCED_FACE ( 'NONE', ( #7928 ), #8660, .F. ) ;
#4107 = EDGE_CURVE ( 'NONE', #8684, #5674, #6227, .T. ) ;
#4108 = ORIENTED_EDGE ( 'NONE', *, *, #2196, .T. ) ;
#4109 = VECTOR ( 'NONE', #3357, 39.37007874015748143 ) ;
#4110 = CARTESIAN_POINT ( 'NONE',  ( 1.121336469759000032, 0.07352138576997992170, 0.09581493538187993431 ) ) ;
#4111 = CARTESIAN_POINT ( 'NONE',  ( 0.7334686179297008612, -0.1296108790333999894, 0.08820021211626004332 ) ) ;
#4112 = CARTESIAN_POINT ( 'NONE',  ( 1.366673718441999918, -0.08363571746497991399, -0.06334503080957008814 ) ) ;
#4113 = CARTESIAN_POINT ( 'NONE',  ( 1.360647720832000029, -0.1013905400740000157, 0.02224578190961000457 ) ) ;
#4114 = DIRECTION ( 'NONE',  ( 1.000000000000000000, 0.000000000000000000, 0.000000000000000000 ) ) ;
#4115 = CARTESIAN_POINT ( 'NONE',  ( 1.254359313346500082, -0.03091510445189072503, 0.1150361429136074476 ) ) ;
#4116 = FACE_OUTER_BOUND ( 'NONE', #8252, .T. ) ;
#4117 = DIRECTION ( 'NONE',  ( 0.000000000000000000, -1.000000000000000000, 0.000000000000000000 ) ) ;
#4118 = DIRECTION ( 'NONE',  ( 1.000000000000000000, 0.000000000000000000, 0.000000000000000000 ) ) ;
#4119 = EDGE_CURVE ( 'NONE', #6367, #5845, #9136, .T. ) ;
#4120 = VERTEX_POINT ( 'NONE', #6038 ) ;
#4121 = ORIENTED_EDGE ( 'NONE', *, *, #8410, .F. ) ;
#4122 = AXIS2_PLACEMENT_3D ( 'NONE', #2498, #4114, #2392 ) ;
#4123 = AXIS2_PLACEMENT_3D ( 'NONE', #7930, #905, #3996 ) ;
#4124 = CARTESIAN_POINT ( 'NONE',  ( 1.087027068960000120, 0.04492704785243999827, -0.09419151460094998818 ) ) ;
#4125 = CARTESIAN_POINT ( 'NONE',  ( 0.7358050155909999779, 0.007184652424754999107, 0.1572120939060999700 ) ) ;
#4126 = DIRECTION ( 'NONE',  ( 1.000000000000000000, 0.000000000000000000, 0.000000000000000000 ) ) ;
#4127 = DIRECTION ( 'NONE',  ( 0.000000000000000000, -0.8660254037844288266, -0.5000000000000169864 ) ) ;
#4128 = AXIS2_PLACEMENT_3D ( 'NONE', #8798, #1876, #4960 ) ;
#4129 = CARTESIAN_POINT ( 'NONE',  ( 1.292119177524999829, -0.01626884762265000048, -0.1027174613195000058 ) ) ;
#4130 = CARTESIAN_POINT ( 'NONE',  ( 0.5787401574803000548, -0.01574803149606000124, -0.1210269775506999934 ) ) ;
#4131 = CARTESIAN_POINT ( 'NONE',  ( 0.5790964197264000246, -0.1372970092350000171, -0.06108420479382992152 ) ) ;
#4132 = CARTESIAN_POINT ( 'NONE',  ( 1.155155456452999996, -0.05452662705760000228, 0.08897936835737992045 ) ) ;
#4133 = CARTESIAN_POINT ( 'NONE',  ( 1.337930262523999936, -0.1062316913971000087, 0.05880038454625000077 ) ) ;
#4134 = CARTESIAN_POINT ( 'NONE',  ( 0.5790964132382000473, 0.01574803149606000124, -0.1494447818621000013 ) ) ;
#4135 = DIRECTION ( 'NONE',  ( 0.000000000000000000, 0.01754744605140035746, 0.9998460317154204136 ) ) ;
#4136 = CARTESIAN_POINT ( 'NONE',  ( 1.100980048254249777, -0.09444883965335044984, 0.07258425826477060694 ) ) ;
#4137 = LINE ( 'NONE', #7121, #3800 ) ;
#4138 = CARTESIAN_POINT ( 'NONE',  ( 0.6102362204723996708, -0.4370078740156999597, -0.3543307086614000401 ) ) ;
#4139 = AXIS2_PLACEMENT_3D ( 'NONE', #8267, #493, #7410 ) ;
#4140 = CARTESIAN_POINT ( 'NONE',  ( 1.218449330651999896, -0.09183581231427992431, -0.07843519353245001491 ) ) ;
#4141 = VERTEX_POINT ( 'NONE', #2914 ) ;
#4142 = VERTEX_POINT ( 'NONE', #3580 ) ;
#4143 = CARTESIAN_POINT ( 'NONE',  ( 1.154487943929000116, 0.01357444301962000034, 0.1031081313941999977 ) ) ;
#4144 = AXIS2_PLACEMENT_3D ( 'NONE', #9782, #7498, #6737 ) ;
#4145 = ADVANCED_FACE ( 'NONE', ( #4289 ), #585, .F. ) ;
#4146 = CARTESIAN_POINT ( 'NONE',  ( 0.5984251968503937480, 0.01574803149606000124, 0.1210269775506999934 ) ) ;
#4147 = CARTESIAN_POINT ( 'NONE',  ( 1.122821720706999926, 0.08156294656287008116, -0.08119880180033996198 ) ) ;
#4148 = CARTESIAN_POINT ( 'NONE',  ( 1.219970246499000099, -0.008598274180672991693, 0.1092514321174000019 ) ) ;
#4149 = CARTESIAN_POINT ( 'NONE',  ( 1.011811154536212065, -0.03015523360807666198, -0.1614171919204878680 ) ) ;
#4150 = CARTESIAN_POINT ( 'NONE',  ( 0.9842519685038996213, 0.09584990276203995963, 0.1826512321739000022 ) ) ;
#4151 = CARTESIAN_POINT ( 'NONE',  ( 1.146161446734364153, 0.1040357683916000170, 0.008187792543227996600 ) ) ;
#4152 = EDGE_CURVE ( 'NONE', #468, #3858, #5108, .T. ) ;
#4153 = ORIENTED_EDGE ( 'NONE', *, *, #9971, .F. ) ;
#4154 = EDGE_LOOP ( 'NONE', ( #1721, #8079, #8143 ) ) ;
#4155 = CARTESIAN_POINT ( 'NONE',  ( 1.117071377896000195, 0.1174351406348000115, 0.02819368283599999955 ) ) ;
#4156 = EDGE_CURVE ( 'NONE', #5114, #3906, #9744, .T. ) ;
#4157 = CARTESIAN_POINT ( 'NONE',  ( 1.212528604684250277, 0.01546059376766942793, 0.1181102362205000839 ) ) ;
#4158 = CARTESIAN_POINT ( 'NONE',  ( 1.388972713670999948, -0.01736205072612000133, 0.1034699282802000048 ) ) ;
#4160 = VERTEX_POINT ( 'NONE', #1191 ) ;
#4159 = EDGE_CURVE ( 'NONE', #5663, #370, #4794, .T. ) ;
#4161 = CARTESIAN_POINT ( 'NONE',  ( 1.376855069912999996, 0.07444853099341003366, -0.07233483812009999792 ) ) ;
#4162 = CARTESIAN_POINT ( 'NONE',  ( 1.310601316575499276, 0.1150361429136075309, -0.03091510445189034340 ) ) ;
#4163 = DIRECTION ( 'NONE',  ( 0.7071067811865969777, -4.632517826265979841E-10, -0.7071067811864980568 ) ) ;
#4164 = CYLINDRICAL_SURFACE ( 'NONE', #4758, 0.1535433070865999949 ) ;
#4165 = CARTESIAN_POINT ( 'NONE',  ( 1.214636749645749747, -0.1181102362204999867, -0.01546059376767004723 ) ) ;
#4166 = CARTESIAN_POINT ( 'NONE',  ( 0.7952755905512007839, 0.09349875659085001012, 0.1732283464567000442 ) ) ;
#4167 = VERTEX_POINT ( 'NONE', #8941 ) ;
#4168 = VERTEX_POINT ( 'NONE', #3530 ) ;
#4169 = EDGE_CURVE ( 'NONE', #3858, #499, #6700, .T. ) ;
#4170 = ADVANCED_FACE ( 'NONE', ( #9795 ), #1224, .T. ) ;
#4171 = CARTESIAN_POINT ( 'NONE',  ( 1.063569063711000240, 0.01632510462535999990, 0.1030726540376999956 ) ) ;
#4172 = CARTESIAN_POINT ( 'NONE',  ( 1.175251456750000090, -0.02819368258202999827, 0.1174351382184000009 ) ) ;
#4173 = AXIS2_PLACEMENT_3D ( 'NONE', #2086, #7538, #467 ) ;
#4174 = CARTESIAN_POINT ( 'NONE',  ( 1.190367944162999958, 0.07379186162582992980, 0.07379198156927008201 ) ) ;
#4175 = CARTESIAN_POINT ( 'NONE',  ( 1.381369771492939380, 0.1028821970112884648, -0.01339918126529826385 ) ) ;
#4176 = CARTESIAN_POINT ( 'NONE',  ( 1.163042602934666325, 0.1181102362205010969, -0.02061412502355417647 ) ) ;
#4177 = EDGE_LOOP ( 'NONE', ( #8517, #3922, #2659, #4840, #4563, #3513, #2283 ) ) ;
#4178 = CARTESIAN_POINT ( 'NONE',  ( 1.373731294942730941, 0.08757278757371443623, 0.05778748303132085623 ) ) ;
#4179 = CARTESIAN_POINT ( 'NONE',  ( 1.047972380776856394, 0.1074617541615240923, -0.03274196889321858567 ) ) ;
#4180 = B_SPLINE_CURVE_WITH_KNOTS ( 'NONE', 3,
 ( #1357, #6514, #5012, #9611, #2370, #6205 ),
 .UNSPECIFIED., .F., .F.,
 ( 4, 1, 1, 4 ),
 ( 0.000000000000000000, 0.3333333333333000081, 0.6666666666667000474, 1.000000000000000000 ),
 .UNSPECIFIED. ) ;
#4181 = CARTESIAN_POINT ( 'NONE',  ( 1.163685640179999981, -0.09837167890033997331, -0.03483523850896000362 ) ) ;
#4182 = CARTESIAN_POINT ( 'NONE',  ( 1.330700931815999910, 0.01073016254288000106, 0.1209442892066000114 ) ) ;
#4183 = DIRECTION ( 'NONE',  ( 0.000000000000000000, -1.000000000000000000, 0.000000000000000000 ) ) ;
#4184 = DIRECTION ( 'NONE',  ( 1.000000000000000000, 0.000000000000000000, 0.000000000000000000 ) ) ;
#4185 = CARTESIAN_POINT ( 'NONE',  ( 0.7244094488188976833, -0.1251805779226000115, -0.09045730080782006521 ) ) ;
#4186 = CARTESIAN_POINT ( 'NONE',  ( 1.047973619356000086, -0.04216316591013999360, -0.1103281257907000046 ) ) ;
#4187 = DIRECTION ( 'NONE',  ( 0.000000000000000000, 0.8660254037844289376, 0.5000000000000169864 ) ) ;
#4188 = AXIS2_PLACEMENT_3D ( 'NONE', #873, #121, #9376 ) ;
#4189 = CARTESIAN_POINT ( 'NONE',  ( 1.316546443512000009, 0.09581493536365000285, 0.07352138559648996319 ) ) ;
#4190 = ORIENTED_EDGE ( 'NONE', *, *, #4337, .F. ) ;
#4191 = EDGE_LOOP ( 'NONE', ( #9252, #3397, #5729, #169, #422, #9133, #3472 ) ) ;
#4192 = CARTESIAN_POINT ( 'NONE',  ( 1.054969133780000012, -0.03091888362050999872, -0.09789728202772007837 ) ) ;
#4193 = EDGE_CURVE ( 'NONE', #2756, #7166, #5092, .T. ) ;
#4194 = VECTOR ( 'NONE', #2675, 39.37007874015748143 ) ;
#4195 = DIRECTION ( 'NONE',  ( -1.000000000000000000, 0.000000000000000000, 0.000000000000000000 ) ) ;
#4196 = CARTESIAN_POINT ( 'NONE',  ( 1.039273602159999976, 0.002295447624695000095, -0.1129551525205000073 ) ) ;
#4197 = CARTESIAN_POINT ( 'NONE',  ( 1.299973056349000178, -0.08144502098066003226, 0.08144515336377008974 ) ) ;
#4198 = CARTESIAN_POINT ( 'NONE',  ( 0.4921259842520000483, 0.5314960629921000601, -0.3740157480314960647 ) ) ;
#4199 = CARTESIAN_POINT ( 'NONE',  ( 0.6498031496062991463, 0.5314960629921000601, -0.3740157480314960647 ) ) ;
#4200 = CARTESIAN_POINT ( 'NONE',  ( 1.169619451983364256, -0.08110098451944001974, -0.06567428234383998475 ) ) ;
#4201 =( NAMED_UNIT ( * ) SI_UNIT ( $, .STERADIAN. ) SOLID_ANGLE_UNIT ( ) );
#4202 = DIRECTION ( 'NONE',  ( 1.000000000000000000, 0.000000000000000000, 0.000000000000000000 ) ) ;
#4203 = ORIENTED_EDGE ( 'NONE', *, *, #1403, .F. ) ;
#4204 = AXIS2_PLACEMENT_3D ( 'NONE', #4528, #6025, #8298 ) ;
#4205 = EDGE_LOOP ( 'NONE', ( #6983, #7990, #4662, #7544 ) ) ;
#4206 = B_SPLINE_SURFACE_WITH_KNOTS ( 'NONE', 3, 3, ( 
 ( #5485, #1644, #6768, #2221 ),
 ( #9006, #2172, #3639, #1414 ),
 ( #8283, #5163, #4412, #1359 ),
 ( #1462, #510, #9098, #3691 ) ),
 .UNSPECIFIED., .F., .F., .F.,
 ( 4, 4 ),
 ( 4, 4 ),
 ( 0.6601182929569000546, 1.007446311688000140 ),
 ( -0.004854368932039000196, 0.2475728155340000125 ),
 .UNSPECIFIED. ) ;
#4207 = CARTESIAN_POINT ( 'NONE',  ( 1.137362901656999936, -0.07707091227022992708, -0.08559591969662008748 ) ) ;
#4208 = AXIS2_PLACEMENT_3D ( 'NONE', #7531, #555, #6621 ) ;
#4209 = DIRECTION ( 'NONE',  ( 1.000000000000000000, 0.000000000000000000, 0.000000000000000000 ) ) ;
#4210 = CARTESIAN_POINT ( 'NONE',  ( 1.350416283225000180, -0.03061339617533000157, 0.1003511142880000040 ) ) ;
#4211 = CARTESIAN_POINT ( 'NONE',  ( 0.7077880313856003136, -0.1608701438224000024, -0.1110626812872999997 ) ) ;
#4212 = CYLINDRICAL_SURFACE ( 'NONE', #8646, 0.1122047244094000057 ) ;
#4213 = CYLINDRICAL_SURFACE ( 'NONE', #6542, 0.08267716535433068670 ) ;
#4214 = CARTESIAN_POINT ( 'NONE',  ( 1.184383202100157240, 0.08864663034097365613, 0.05118015517537755077 ) ) ;
#4215 = CARTESIAN_POINT ( 'NONE',  ( 0.7352433518528995737, -0.008738106104443995811, -0.1569885571557000092 ) ) ;
#4216 = ORIENTED_EDGE ( 'NONE', *, *, #5336, .F. ) ;
#4217 = ORIENTED_EDGE ( 'NONE', *, *, #7216, .T. ) ;
#4218 = ORIENTED_EDGE ( 'NONE', *, *, #6641, .F. ) ;
#4219 = EDGE_CURVE ( 'NONE', #3872, #9601, #2864, .T. ) ;
#4220 = ADVANCED_FACE ( 'NONE', ( #5142 ), #5989, .T. ) ;
#4221 = EDGE_CURVE ( 'NONE', #9215, #3200, #8222, .T. ) ;
#4222 = DIRECTION ( 'NONE',  ( 1.000000000000000000, 0.000000000000000000, 0.000000000000000000 ) ) ;
#4223 = CIRCLE ( 'NONE', #6309, 0.1692913385827000128 ) ;
#4224 = CARTESIAN_POINT ( 'NONE',  ( 1.052906334051999959, 0.1000599975330000030, -0.02963912128933999732 ) ) ;
#4225 = CARTESIAN_POINT ( 'NONE',  ( 1.405511811024000357, 0.000000000000000000, -0.07874015748032008044 ) ) ;
#4226 = CARTESIAN_POINT ( 'NONE',  ( 1.288521598186000094, -0.01632510462271000162, -0.1030726540387999907 ) ) ;
#4227 = FACE_OUTER_BOUND ( 'NONE', #5712, .T. ) ;
#4228 = CARTESIAN_POINT ( 'NONE',  ( 1.140817852008249922, -0.07258425826477052367, -0.09444883965335057474 ) ) ;
#4229 = AXIS2_PLACEMENT_3D ( 'NONE', #2842, #9572, #1272 ) ;
#4230 = AXIS2_PLACEMENT_3D ( 'NONE', #5270, #8343, #3747 ) ;
#4231 = VERTEX_POINT ( 'NONE', #2153 ) ;
#4232 = EDGE_CURVE ( 'NONE', #3200, #9277, #2203, .T. ) ;
#4233 = ADVANCED_FACE ( 'NONE', ( #2772 ), #8010, .T. ) ;
#4234 = CARTESIAN_POINT ( 'NONE',  ( 1.380466337072396854, -0.009139587106287804311, 0.1032598101553928310 ) ) ;
#4235 = B_SPLINE_CURVE_WITH_KNOTS ( 'NONE', 3,
 ( #7161, #241, #3278, #7825, #7878, #1812, #1658 ),
 .UNSPECIFIED., .F., .F.,
 ( 4, 1, 1, 1, 4 ),
 ( 0.000000000000000000, 0.01026052451028407024, 0.09338386724972909392, 0.1765072099891741020, 0.1923249450698347185 ),
 .UNSPECIFIED. ) ;
#4236 = CARTESIAN_POINT ( 'NONE',  ( 1.168510669426333193, 0.09197940250214919899, 0.07690747405744675913 ) ) ;
#4237 = CARTESIAN_POINT ( 'NONE',  ( 1.138095088999000026, 0.08600372205772992273, -0.05910872053913996532 ) ) ;
#4238 = AXIS2_PLACEMENT_3D ( 'NONE', #233, #4078, #7155 ) ;
#4239 = DIRECTION ( 'NONE',  ( 0.000000000000000000, 0.000000000000000000, -1.000000000000000000 ) ) ;
#4240 = CARTESIAN_POINT ( 'NONE',  ( 0.7077880313856003136, 0.1608701438224000024, 0.1110626812872999997 ) ) ;
#4241 = CARTESIAN_POINT ( 'NONE',  ( 0.7322039756092009188, 0.01286854383392000041, 0.2039691069142000046 ) ) ;
#4242 = LINE ( 'NONE', #2819, #2349 ) ;
#4243 = CYLINDRICAL_SURFACE ( 'NONE', #4296, 0.01181102362205004204 ) ;
#4244 = CARTESIAN_POINT ( 'NONE',  ( 1.244039881833000294, -0.009475668413427992820, 0.1203997828730999919 ) ) ;
#4245 = ORIENTED_EDGE ( 'NONE', *, *, #4479, .T. ) ;
#4246 = VERTEX_POINT ( 'NONE', #5945 ) ;
#4247 = CARTESIAN_POINT ( 'NONE',  ( 0.8602362204723996708, 0.000000000000000000, -0.1673228346456999971 ) ) ;
#4248 = CARTESIAN_POINT ( 'NONE',  ( 1.376347029824000145, 0.05928833439399999738, 0.08612012065206003930 ) ) ;
#4249 = CARTESIAN_POINT ( 'NONE',  ( 1.040284526598999948, 0.07653641622896004137, -0.09330161555287991293 ) ) ;
#4250 = CARTESIAN_POINT ( 'NONE',  ( 1.289310326689999897, 0.09137897010863996194, 0.07011754974597009249 ) ) ;
#4251 = CARTESIAN_POINT ( 'NONE',  ( 0.6104330708661004357, 0.5314960629921000601, 0.5314960629921000601 ) ) ;
#4252 = CARTESIAN_POINT ( 'NONE',  ( 1.065124701327364143, 0.1000599975330000585, -0.02963912128933999732 ) ) ;
#4253 = CARTESIAN_POINT ( 'NONE',  ( 1.209673939872000004, 0.04979507988139000169, -0.09171112839325000488 ) ) ;
#4254 = CARTESIAN_POINT ( 'NONE',  ( 0.5787401574803000548, -0.1355270815478999968, 0.06006233656727007902 ) ) ;
#4255 = CYLINDRICAL_SURFACE ( 'NONE', #809, 0.08267716535433068670 ) ;
#4256 = EDGE_CURVE ( 'NONE', #511, #2957, #2680, .T. ) ;
#4257 = ORIENTED_EDGE ( 'NONE', *, *, #4037, .F. ) ;
#4258 = ORIENTED_EDGE ( 'NONE', *, *, #7188, .F. ) ;
#4259 = ORIENTED_EDGE ( 'NONE', *, *, #1234, .T. ) ;
#4260 = CARTESIAN_POINT ( 'NONE',  ( 1.126700171998000100, -0.07480386202822007780, 0.08758406939927991519 ) ) ;
#4261 = EDGE_CURVE ( 'NONE', #6671, #9704, #5431, .T. ) ;
#4262 = DIRECTION ( 'NONE',  ( 0.000000000000000000, 1.000000000000000000, 5.127762797708000010E-12 ) ) ;
#4263 = CARTESIAN_POINT ( 'NONE',  ( 1.323908737293000071, -0.07472918482929999384, -0.07364155170946004580 ) ) ;
#4264 = CARTESIAN_POINT ( 'NONE',  ( 0.5837862971707000748, -0.01574803149606000124, 0.1543821785210000019 ) ) ;
#4265 = CYLINDRICAL_SURFACE ( 'NONE', #4229, 0.2755905511811023723 ) ;
#4266 = CARTESIAN_POINT ( 'NONE',  ( 1.271583722795249782, -0.01546059376766966906, -0.1181102362205000145 ) ) ;
#4267 = DIRECTION ( 'NONE',  ( 1.000000000000000000, 0.000000000000000000, 0.000000000000000000 ) ) ;
#4268 = B_SPLINE_CURVE_WITH_KNOTS ( 'NONE', 3,
 ( #2193, #5079, #2098, #8302 ),
 .UNSPECIFIED., .F., .F.,
 ( 4, 4 ),
 ( 0.000000000000000000, 1.000000000000000000 ),
 .UNSPECIFIED. ) ;
#4269 = CONICAL_SURFACE ( 'NONE', #2501, 0.2340847595123000391, 0.04441521524690000139 ) ;
#4270 = EDGE_LOOP ( 'NONE', ( #2575, #3704, #6250, #3983 ) ) ;
#4271 = ORIENTED_EDGE ( 'NONE', *, *, #1582, .F. ) ;
#4272 = ORIENTED_EDGE ( 'NONE', *, *, #3868, .T. ) ;
#4273 = FACE_OUTER_BOUND ( 'NONE', #6949, .T. ) ;
#4274 = CARTESIAN_POINT ( 'NONE',  ( 1.307399558315667010, -0.07690747405744341458, -0.09197940250215244640 ) ) ;
#4275 = CARTESIAN_POINT ( 'NONE',  ( 0.5511811023621999706, -0.5314960629921000601, -0.5314960629921000601 ) ) ;
#4276 = CARTESIAN_POINT ( 'NONE',  ( 1.226621225002999971, 0.1000599994510000118, 0.02963912214327999936 ) ) ;
#4277 = EDGE_CURVE ( 'NONE', #7546, #594, #8313, .T. ) ;
#4278 = CARTESIAN_POINT ( 'NONE',  ( 0.6104330708661004357, -0.4370078740156999597, 0.3543307086614000401 ) ) ;
#4279 = CARTESIAN_POINT ( 'NONE',  ( 0.7362204724408996093, 0.1866645544309000204, 0.1032247656370999800 ) ) ;
#4280 = VERTEX_POINT ( 'NONE', #7817 ) ;
#4281 = CARTESIAN_POINT ( 'NONE',  ( 0.7308438124327991670, -0.1687570683619000200, 0.1134668763980999917 ) ) ;
#4282 = FACE_OUTER_BOUND ( 'NONE', #7699, .T. ) ;
#4283 = CARTESIAN_POINT ( 'NONE',  ( 1.050660705797000105, -0.04163445952744000006, -0.09351252716027008693 ) ) ;
#4284 = AXIS2_PLACEMENT_3D ( 'NONE', #7285, #9674, #8202 ) ;
#4285 = AXIS2_PLACEMENT_3D ( 'NONE', #6702, #9797, #2866 ) ;
#4286 = CARTESIAN_POINT ( 'NONE',  ( 1.199599566793666527, 0.07690747405743675325, 0.09197940250215758118 ) ) ;
#4287 = CARTESIAN_POINT ( 'NONE',  ( 1.381889763779999836, -0.03163166084151999846, 0.09735224182548997407 ) ) ;
#4288 = EDGE_CURVE ( 'NONE', #4524, #1, #6920, .T. ) ;
#4289 = FACE_OUTER_BOUND ( 'NONE', #1415, .T. ) ;
#4290 = FACE_BOUND ( 'NONE', #1373, .T. ) ;
#4291 = FACE_OUTER_BOUND ( 'NONE', #8934, .T. ) ;
#4292 = LINE ( 'NONE', #5758, #9155 ) ;
#4293 = B_SPLINE_SURFACE_WITH_KNOTS ( 'NONE', 3, 3, ( 
 ( #7262, #341, #246, #2573, #9505, #4952, #199, #6355, #4189, #3332, #8077, #9553, #5710, #6404, #3283, #6453, #1769, #7884, #7977, #8693, #4862, #999, #6500, #8790, #7933, #3383, #5661, #393, #9451, #5805, #9599, #2670, #1865, #1819, #8026, #5759, #1093, #1720, #4047, #8843, #1917, #1150, #4244, #5611, #7312, #6553, #4091, #9652, #2723, #4814, #4902, #7124, #957, #1046, #4140, #7212, #5145, #7368, #8895, #7415, #5097, #2113, #6754, #8992, #9846, #4395, #9702 ),
 ( #1346, #1965, #5240, #497, #8317, #3626, #8225, #5047, #7464, #542, #3584, #1196, #1248, #5195, #8127, #1297, #2014, #1399, #8270, #3534, #445, #4344, #4446, #6606, #9040, #6657, #4294, #2917, #7512, #8181, #3677, #2963, #592, #2776, #6801, #4496, #5855, #8945, #5992, #7565, #638, #9747, #6703, #2821, #5901, #2067, #9799, #9085, #2156, #2868, #3724, #5948, #9891, #7001, #736, #4592, #6192, #9236, #3827, #2306, #6902, #5292, #8367, #3066, #5440, #6042, #3769 ),
 ( #2207, #5391, #9188, #8576, #9285, #687, #7618, #8420, #1598, #6850, #2354, #9992, #9132, #87, #4694, #2255, #843, #136, #7767, #9940, #3015, #3928, #6093, #1447, #4546, #6144, #8469, #3170, #5342, #6248, #1497, #1652, #7665, #9339, #1547, #4646, #3982, #8523, #7719, #2406, #786, #6957, #3879, #34, #3117, #5495, #4746, #7819, #891, #7059, #5599, #5648, #8682, #282, #2460, #7965, #9438, #1756, #7873, #4032, #9541, #3371, #8629, #943, #1035, #7111, #6393 ),
 ( #7919, #6345, #6441, #5546, #3221, #8733, #1803, #234, #2515, #9494, #2560, #4080, #6297, #1705, #4891, #4129, #3319, #7201, #188, #9394, #4798, #988, #3271, #4848, #7156, #6987, #6331, #4575, #8559, #3205, #9324, #8611, #3046, #874, #824, #2287, #2390, #168, #1684, #6885, #7647, #4729, #7853, #926, #9977, #8509, #720, #2238, #772, #8454, #5476, #122, #2340, #6281, #7751, #6128, #9377, #6936, #3863, #1635, #5424, #20, #1585, #3100, #1479, #3806, #9267 ) ),
 .UNSPECIFIED., .F., .F., .F.,
 ( 4, 4 ),
 ( 4, 1, 1, 1, 1, 1, 1, 1, 1, 1, 1, 1, 1, 1, 1, 1, 1, 1, 1, 1, 1, 1, 1, 1, 1, 1, 1, 1, 1, 1, 1, 1, 1, 1, 1, 1, 1, 1, 1, 1, 1, 1, 1, 1, 1, 1, 1, 1, 1, 1, 1, 1, 1, 1, 1, 1, 1, 1, 1, 1, 1, 1, 1, 1, 4 ),
 ( 0.6601182929569000546, 1.007446311688000140 ),
 ( -0.02000000000000000042, -0.003749999999999999861, 0.01250000000000000069, 0.02875000000000000125, 0.04499999999999999833, 0.06124999999999999889, 0.07749999999999999944, 0.09375000000000000000, 0.1100000000000000006, 0.1262500000000000011, 0.1424999999999999878, 0.1587500000000000022, 0.1749999999999999889, 0.1912500000000000033, 0.2074999999999999900, 0.2237500000000000044, 0.2399999999999999911, 0.2562499999999999778, 0.2725000000000000200, 0.2887500000000000067, 0.3049999999999999933, 0.3212499999999999800, 0.3375000000000000222, 0.3537500000000000089, 0.3699999999999999956, 0.3862499999999999822, 0.4025000000000000244, 0.4187500000000000111, 0.4349999999999999978, 0.4512499999999999845, 0.4675000000000000266, 0.4837500000000000133, 0.5000000000000000000, 0.5162499999999999867, 0.5324999999999999734, 0.5487499999999999600, 0.5649999999999999467, 0.5812500000000000444, 0.5975000000000000311, 0.6137500000000000178, 0.6300000000000000044, 0.6462499999999999911, 0.6624999999999999778, 0.6787499999999999645, 0.6949999999999999512, 0.7112500000000000488, 0.7275000000000000355, 0.7437500000000000222, 0.7600000000000000089, 0.7762499999999999956, 0.7924999999999999822, 0.8087499999999999689, 0.8249999999999999556, 0.8412500000000000533, 0.8575000000000000400, 0.8737500000000000266, 0.8900000000000000133, 0.9062500000000000000, 0.9224999999999999867, 0.9387499999999999734, 0.9549999999999999600, 0.9712499999999999467, 0.9875000000000000444, 1.003749999999999920, 1.020000000000000018 ),
 .UNSPECIFIED. ) ;
#4294 = CARTESIAN_POINT ( 'NONE',  ( 1.274994135252000005, 0.07928514195874998560, 0.08354910682621004281 ) ) ;
#4295 = ORIENTED_EDGE ( 'NONE', *, *, #8044, .T. ) ;
#4296 = AXIS2_PLACEMENT_3D ( 'NONE', #1194, #6604, #7211 ) ;
#4297 = EDGE_LOOP ( 'NONE', ( #2672, #3016, #1175, #9941 ) ) ;
#4298 = CARTESIAN_POINT ( 'NONE',  ( 0.7355155807016005021, -0.1850249357133000316, 0.09742976717115001128 ) ) ;
#4299 = AXIS2_PLACEMENT_3D ( 'NONE', #9107, #5123, #4318 ) ;
#4300 = CARTESIAN_POINT ( 'NONE',  ( 0.7362204724408996093, 0.000000000000000000, 0.000000000000000000 ) ) ;
#4301 = CARTESIAN_POINT ( 'NONE',  ( 1.121743942183000220, 0.1086729902952000004, -0.05247074111570999844 ) ) ;
#4302 = CARTESIAN_POINT ( 'NONE',  ( 1.179451873794999939, 0.01145519599787000152, 0.1089889259845999991 ) ) ;
#4303 = EDGE_CURVE ( 'NONE', #2188, #3421, #9344, .T. ) ;
#4304 = CIRCLE ( 'NONE', #7036, 0.1574803149605999708 ) ;
#4305 = FACE_BOUND ( 'NONE', #5223, .T. ) ;
#4306 = CARTESIAN_POINT ( 'NONE',  ( 1.242056163740249852, 0.1181102362205000561, -0.01546059376766952508 ) ) ;
#4307 = CARTESIAN_POINT ( 'NONE',  ( 1.224658302556000056, -0.04244600606646999758, 0.09533529053063996561 ) ) ;
#4308 = CARTESIAN_POINT ( 'NONE',  ( 0.5795727107672999923, -0.1382953977762000075, 0.06166062468687007886 ) ) ;
#4309 = DIRECTION ( 'NONE',  ( 0.000000000000000000, 0.000000000000000000, -1.000000000000000000 ) ) ;
#4310 = ORIENTED_EDGE ( 'NONE', *, *, #9942, .F. ) ;
#4311 = ORIENTED_EDGE ( 'NONE', *, *, #2908, .T. ) ;
#4312 = AXIS2_PLACEMENT_3D ( 'NONE', #7402, #2855, #1181 ) ;
#4313 = CARTESIAN_POINT ( 'NONE',  ( 1.133097809793000010, -0.1137626058724000022, -0.01801822666096000031 ) ) ;
#4314 = CARTESIAN_POINT ( 'NONE',  ( 1.367895724648999778, 0.06059705576737992039, -0.08564766778826005122 ) ) ;
#4315 = CARTESIAN_POINT ( 'NONE',  ( 0.6104330708661004357, 0.3740157480314960647, 0.3740157480314960647 ) ) ;
#4316 = CARTESIAN_POINT ( 'NONE',  ( 1.381889763780000502, 0.06290635716619825957, 0.08185566102992612725 ) ) ;
#4317 = CARTESIAN_POINT ( 'NONE',  ( 0.8222440944882007940, 0.000000000000000000, 0.000000000000000000 ) ) ;
#4318 = DIRECTION ( 'NONE',  ( -3.741852747791309551E-13, -1.580755318309003182E-11, -1.000000000000000000 ) ) ;
#4319 = CARTESIAN_POINT ( 'NONE',  ( 0.9838867820207009007, -0.09534120890117993297, 0.1805922170975000074 ) ) ;
#4320 = AXIS2_PLACEMENT_3D ( 'NONE', #587, #5141, #7362 ) ;
#4321 = ORIENTED_EDGE ( 'NONE', *, *, #2891, .F. ) ;
#4322 = ORIENTED_EDGE ( 'NONE', *, *, #6641, .T. ) ;
#4323 = VERTEX_POINT ( 'NONE', #1443 ) ;
#4324 = VECTOR ( 'NONE', #9046, 39.37007874015748143 ) ;
#4325 = CARTESIAN_POINT ( 'NONE',  ( 0.6673228346457008575, 0.000000000000000000, 0.000000000000000000 ) ) ;
#4326 = DIRECTION ( 'NONE',  ( 1.000000000000000000, 0.000000000000000000, 0.000000000000000000 ) ) ;
#4327 = DIRECTION ( 'NONE',  ( 1.000000000000000000, 0.000000000000000000, 0.000000000000000000 ) ) ;
#4328 = CARTESIAN_POINT ( 'NONE',  ( 1.279991414459000110, -0.1042144493542999928, -0.005461647859861999341 ) ) ;
#4329 = DIRECTION ( 'NONE',  ( 0.000000000000000000, -1.000000000000000000, 0.000000000000000000 ) ) ;
#4330 = DIRECTION ( 'NONE',  ( 1.000000000000000000, 0.000000000000000000, 0.000000000000000000 ) ) ;
#4331 = EDGE_LOOP ( 'NONE', ( #3956, #2979, #3412, #5625 ) ) ;
#4332 = DIRECTION ( 'NONE',  ( 0.000000000000000000, 0.000000000000000000, 1.000000000000000000 ) ) ;
#4333 = DIRECTION ( 'NONE',  ( 0.000000000000000000, 1.000000000000000000, 0.000000000000000000 ) ) ;
#4334 = VECTOR ( 'NONE', #6724, 39.37007874015748143 ) ;
#4335 = CARTESIAN_POINT ( 'NONE',  ( 1.106106900022999939, 0.08752153665226003465, 0.05683715047030001022 ) ) ;
#4336 = B_SPLINE_CURVE_WITH_KNOTS ( 'NONE', 3,
 ( #828, #5631, #8562, #1637, #8714, #4732, #3915, #3155, #4019, #9426, #7953, #6232, #1022, #6283 ),
 .UNSPECIFIED., .F., .F.,
 ( 4, 1, 1, 1, 1, 1, 1, 1, 1, 1, 1, 4 ),
 ( 0.000000000000000000, 0.09090909090909000956, 0.1818181818182000031, 0.2727272727273000186, 0.3636363636364000063, 0.4545454545454999939, 0.5454545454545000061, 0.6363636363636000493, 0.7272727272726999814, 0.8181818181818000246, 0.9090909090908999568, 1.000000000000000000 ),
 .UNSPECIFIED. ) ;
#4337 = EDGE_CURVE ( 'NONE', #1723, #6625, #4304, .T. ) ;
#4338 = CARTESIAN_POINT ( 'NONE',  ( 1.186476207213666756, 0.04120276216306032607, -0.1125935275257134438 ) ) ;
#4339 = CARTESIAN_POINT ( 'NONE',  ( 0.7261127196227008529, -0.1412764457008000019, -0.06347575096245000603 ) ) ;
#4340 = CARTESIAN_POINT ( 'NONE',  ( 0.5787401574803000548, 0.1351639017700000112, 0.05985265462468995767 ) ) ;
#4341 = CARTESIAN_POINT ( 'NONE',  ( 0.9842519685038996213, 0.09595320950357008605, -0.1830708661417000116 ) ) ;
#4342 = CARTESIAN_POINT ( 'NONE',  ( 1.174798945891749824, -0.01546059376766992580, 0.1181102362205000422 ) ) ;
#4343 = CARTESIAN_POINT ( 'NONE',  ( 1.156307822212000236, -0.09535767803122008335, -0.04129753117854999961 ) ) ;
#4344 = CARTESIAN_POINT ( 'NONE',  ( 1.285656864911000286, -0.09318312031472007761, 0.06770149980087993014 ) ) ;
#4345 = ORIENTED_EDGE ( 'NONE', *, *, #3361, .F. ) ;
#4346 = CIRCLE ( 'NONE', #3860, 0.2755905511811023723 ) ;
#4347 = VERTEX_POINT ( 'NONE', #8415 ) ;
#4348 = EDGE_CURVE ( 'NONE', #4378, #4487, #3656, .T. ) ;
#4349 = LINE ( 'NONE', #1251, #2751 ) ;
#4350 = CARTESIAN_POINT ( 'NONE',  ( 1.357068814600999929, -0.05357593097047999575, -0.08978536462928997375 ) ) ;
#4351 = CARTESIAN_POINT ( 'NONE',  ( 1.166546932827426941, 0.05041425412729586691, -0.09128012917877986743 ) ) ;
#4352 = CARTESIAN_POINT ( 'NONE',  ( 1.177319327864000176, 0.04717939539942000299, 0.09891362216373995875 ) ) ;
#4353 = CIRCLE ( 'NONE', #9836, 0.1535433070865999949 ) ;
#4354 = CARTESIAN_POINT ( 'NONE',  ( 0.8431417322834998673, 0.3740157480314960647, -0.3740157480314960647 ) ) ;
#4355 = CARTESIAN_POINT ( 'NONE',  ( 0.5787401574803000548, 0.1351639017700000112, 0.05985265462468995767 ) ) ;
#4356 = CARTESIAN_POINT ( 'NONE',  ( 1.216128118829000071, 0.08442696480807007631, 0.06133978044347008357 ) ) ;
#4357 = CARTESIAN_POINT ( 'NONE',  ( 0.5830288430312999814, -0.1412995412108999926, 0.06339506770756003773 ) ) ;
#4358 = CARTESIAN_POINT ( 'NONE',  ( 0.5802225801515999981, 0.1234688302211000011, -0.08946902281160000470 ) ) ;
#4359 = VERTEX_POINT ( 'NONE', #83 ) ;
#4360 = ORIENTED_EDGE ( 'NONE', *, *, #9855, .F. ) ;
#4361 = EDGE_CURVE ( 'NONE', #5259, #8102, #6955, .T. ) ;
#4362 = CIRCLE ( 'NONE', #4041, 0.09842519685038997324 ) ;
#4363 = CARTESIAN_POINT ( 'NONE',  ( 1.141627993519999995, -0.006028090560865000114, -0.1150228199578999938 ) ) ;
#4364 = B_SPLINE_CURVE_WITH_KNOTS ( 'NONE', 3,
 ( #5610, #8692, #8025, #1092, #2722, #1766, #5803, #6452, #8126, #2669 ),
 .UNSPECIFIED., .F., .F.,
 ( 4, 2, 2, 2, 4 ),
 ( 0.000000000000000000, 0.2500000000000000000, 0.5000000000000000000, 0.7500000000000000000, 1.000000000000000000 ),
 .UNSPECIFIED. ) ;
#4365 = CARTESIAN_POINT ( 'NONE',  ( 1.360666393939999885, -0.05376119431681999905, -0.09009583869482007401 ) ) ;
#4366 = CARTESIAN_POINT ( 'NONE',  ( 1.178547510800749931, -0.09444883965335029719, -0.07258425826477082898 ) ) ;
#4367 = CARTESIAN_POINT ( 'NONE',  ( 1.252718893398999889, 0.000000000000000000, 0.1181102362205000006 ) ) ;
#4368 = CARTESIAN_POINT ( 'NONE',  ( 1.381889763779999836, -0.03163166084151999846, 0.09735224182548997407 ) ) ;
#4369 = DIRECTION ( 'NONE',  ( -1.000000000000000000, 0.000000000000000000, 0.000000000000000000 ) ) ;
#4370 = FACE_OUTER_BOUND ( 'NONE', #6904, .T. ) ;
#4371 = AXIS2_PLACEMENT_3D ( 'NONE', #4429, #7493, #5882 ) ;
#4372 = VERTEX_POINT ( 'NONE', #3219 ) ;
#4373 = EDGE_LOOP ( 'NONE', ( #2686, #79, #1895, #3384 ) ) ;
#4374 = ORIENTED_EDGE ( 'NONE', *, *, #9895, .F. ) ;
#4375 = AXIS2_PLACEMENT_3D ( 'NONE', #6008, #2127, #7382 ) ;
#4376 = CIRCLE ( 'NONE', #1292, 0.1553113939093999918 ) ;
#4377 = FACE_OUTER_BOUND ( 'NONE', #6918, .T. ) ;
#4378 = VERTEX_POINT ( 'NONE', #3876 ) ;
#4379 = CARTESIAN_POINT ( 'NONE',  ( 0.5841804246273000212, -0.01574803149606000124, -0.1545109335357000291 ) ) ;
#4380 = DIRECTION ( 'NONE',  ( 0.000000000000000000, 0.000000000000000000, -1.000000000000000000 ) ) ;
#4381 = CARTESIAN_POINT ( 'NONE',  ( 1.265063592935999903, 0.07183494035557008717, 0.07569823244745001178 ) ) ;
#4382 = CARTESIAN_POINT ( 'NONE',  ( 1.299703911158391678, 0.02436210202279590759, 0.1014754567805845609 ) ) ;
#4383 = CARTESIAN_POINT ( 'NONE',  ( 0.1415574779026000096, 0.2340847595123000391, 0.000000000000000000 ) ) ;
#4384 = ORIENTED_EDGE ( 'NONE', *, *, #7980, .F. ) ;
#4385 = DIRECTION ( 'NONE',  ( 0.000000000000000000, 0.000000000000000000, 1.000000000000000000 ) ) ;
#4386 = AXIS2_PLACEMENT_3D ( 'NONE', #5389, #1546, #8467 ) ;
#4387 = CARTESIAN_POINT ( 'NONE',  ( 1.136019084228999887, 0.1008015731564999989, -0.02700970012306000076 ) ) ;
#4388 = LINE ( 'NONE', #7306, #3321 ) ;
#4389 = LINE ( 'NONE', #8754, #8488 ) ;
#4390 = DIRECTION ( 'NONE',  ( 0.000000000000000000, 0.000000000000000000, -1.000000000000000000 ) ) ;
#4391 = ADVANCED_FACE ( 'NONE', ( #9937 ), #3495, .F. ) ;
#4392 = PLANE ( 'NONE',  #3413 ) ;
#4393 = CARTESIAN_POINT ( 'NONE',  ( 0.9842519685038996213, 0.09595320950357008605, -0.1830708661417000116 ) ) ;
#4394 = B_SPLINE_CURVE_WITH_KNOTS ( 'NONE', 3,
 ( #2692, #9896, #6758, #2161, #4500, #1932 ),
 .UNSPECIFIED., .F., .F.,
 ( 4, 1, 1, 4 ),
 ( 0.000000000000000000, 0.3333333333333000081, 0.6666666666667000474, 1.000000000000000000 ),
 .UNSPECIFIED. ) ;
#4395 = CARTESIAN_POINT ( 'NONE',  ( 1.195702174046000099, 0.1164092492941000145, 0.02574833084661000415 ) ) ;
#4396 = EDGE_CURVE ( 'NONE', #4231, #4512, #9337, .T. ) ;
#4397 = ORIENTED_EDGE ( 'NONE', *, *, #7730, .T. ) ;
#4398 = ORIENTED_EDGE ( 'NONE', *, *, #1367, .T. ) ;
#4399 = EDGE_CURVE ( 'NONE', #3148, #845, #2528, .T. ) ;
#4400 = DIRECTION ( 'NONE',  ( -1.000000000000000000, 0.000000000000000000, 0.000000000000000000 ) ) ;
#4401 = AXIS2_PLACEMENT_3D ( 'NONE', #9794, #3673, #2863 ) ;
#4402 = CARTESIAN_POINT ( 'NONE',  ( 1.380409879045000121, -0.05626139219493000304, 0.09159480718457992110 ) ) ;
#4403 = CARTESIAN_POINT ( 'NONE',  ( 1.134276159964999975, 0.002481186427791000348, 0.1206517352002999949 ) ) ;
#4404 = CARTESIAN_POINT ( 'NONE',  ( 1.304238148212000237, -0.1123595659811000014, 0.01180946625722000161 ) ) ;
#4405 = DIRECTION ( 'NONE',  ( 0.000000000000000000, -0.02500000000000001180, -0.9996874511566102850 ) ) ;
#4406 = CARTESIAN_POINT ( 'NONE',  ( 0.5819715539376000280, 0.1407367191721000110, 0.06307012225195000876 ) ) ;
#4407 = CARTESIAN_POINT ( 'NONE',  ( 1.226790848488000130, -0.07183494035557008717, 0.07569823244745001178 ) ) ;
#4408 = EDGE_CURVE ( 'NONE', #6193, #2641, #3331, .T. ) ;
#4409 = CARTESIAN_POINT ( 'NONE',  ( 0.5790964132382000473, -0.1215489618075999978, -0.08836058626626004664 ) ) ;
#4410 = CARTESIAN_POINT ( 'NONE',  ( 0.7322749853665000419, -0.01280303776683000029, -0.1559425237063000180 ) ) ;
#4411 = ADVANCED_FACE ( 'NONE', ( #8521 ), #1063, .T. ) ;
#4412 = CARTESIAN_POINT ( 'NONE',  ( 1.058509333373000016, -0.02839871712189000197, -0.1156937172945000092 ) ) ;
#4413 = ORIENTED_EDGE ( 'NONE', *, *, #8282, .F. ) ;
#4414 = ORIENTED_EDGE ( 'NONE', *, *, #2003, .T. ) ;
#4415 = ORIENTED_EDGE ( 'NONE', *, *, #3537, .T. ) ;
#4416 = ADVANCED_FACE ( 'NONE', ( #6999 ), #5912, .T. ) ;
#4417 = CARTESIAN_POINT ( 'NONE',  ( 1.165085998768999875, -0.06018173531423996053, 0.09820766630687993715 ) ) ;
#4418 = CARTESIAN_POINT ( 'NONE',  ( 1.358867620140999932, -0.01603268188042999975, -0.1036845180112000026 ) ) ;
#4419 = CARTESIAN_POINT ( 'NONE',  ( 1.176086880879499974, -0.1150361429136074198, -0.03091510445189083259 ) ) ;
#4420 = LINE ( 'NONE', #4367, #9683 ) ;
#4421 = CARTESIAN_POINT ( 'NONE',  ( 0.5511811023418999866, 3.353072384753999932E-11, -0.1535433070662999833 ) ) ;
#4422 = DIRECTION ( 'NONE',  ( -1.000000000000000000, 0.000000000000000000, 0.000000000000000000 ) ) ;
#4423 = FACE_OUTER_BOUND ( 'NONE', #8792, .T. ) ;
#4424 = EDGE_CURVE ( 'NONE', #4595, #2102, #8574, .T. ) ;
#4425 = EDGE_CURVE ( 'NONE', #1844, #656, #8500, .T. ) ;
#4426 = ORIENTED_EDGE ( 'NONE', *, *, #4548, .T. ) ;
#4427 = ORIENTED_EDGE ( 'NONE', *, *, #7569, .F. ) ;
#4428 = ORIENTED_EDGE ( 'NONE', *, *, #3346, .F. ) ;
#4429 = CARTESIAN_POINT ( 'NONE',  ( 1.047973619356000086, 0.000000000000000000, 0.000000000000000000 ) ) ;
#4430 = PLANE ( 'NONE',  #7244 ) ;
#4431 = CARTESIAN_POINT ( 'NONE',  ( 1.224479269330750020, 0.01546059376767017733, -0.1181102362205000006 ) ) ;
#4432 = AXIS2_PLACEMENT_3D ( 'NONE', #8929, #8211, #6688 ) ;
#4433 = CARTESIAN_POINT ( 'NONE',  ( 1.243738133619000097, -0.08897936835737992045, -0.05452662705760000228 ) ) ;
#4434 = EDGE_CURVE ( 'NONE', #2307, #4012, #9706, .T. ) ;
#4435 = CARTESIAN_POINT ( 'NONE',  ( 0.7362204724408996093, -0.1383078312671000010, -0.07530599850137008333 ) ) ;
#4436 = DIRECTION ( 'NONE',  ( 0.000000000000000000, -0.7942696459338213222, -0.6075654117444163616 ) ) ;
#4437 = ORIENTED_EDGE ( 'NONE', *, *, #752, .F. ) ;
#4438 = DIRECTION ( 'NONE',  ( 1.000000000000000000, 0.000000000000000000, 0.000000000000000000 ) ) ;
#4439 = CARTESIAN_POINT ( 'NONE',  ( 1.080516348841999985, -0.09742608914447992152, 0.03739837169672000083 ) ) ;
#4440 = CARTESIAN_POINT ( 'NONE',  ( 0.7362204724408996093, 0.1866645544309000204, -0.1032247656370999800 ) ) ;
#4441 = CARTESIAN_POINT ( 'NONE',  ( 0.7244094488188976833, 0.000000000000000000, 0.000000000000000000 ) ) ;
#4442 = CARTESIAN_POINT ( 'NONE',  ( 1.294276198735666128, -0.04120276216305589906, 0.1125935275257146512 ) ) ;
#4443 = CARTESIAN_POINT ( 'NONE',  ( 0.7362204724408996093, 0.1385673834396000115, -0.07482930210540000848 ) ) ;
#4444 = TOROIDAL_SURFACE ( 'NONE', #8299, 0.09055118110236003159, 0.01181102362204999867 ) ;
#4445 = AXIS2_PLACEMENT_3D ( 'NONE', #6634, #472, #2844 ) ;
#4446 = CARTESIAN_POINT ( 'NONE',  ( 1.283524318978999768, -0.06523905046413995545, 0.09492340744733997193 ) ) ;
#4447 = VERTEX_POINT ( 'NONE', #1800 ) ;
#4448 = ORIENTED_EDGE ( 'NONE', *, *, #3981, .F. ) ;
#4449 = CARTESIAN_POINT ( 'NONE',  ( 0.4921259842520000483, -0.2716535433071000094, -0.3543307086614000401 ) ) ;
#4450 = AXIS2_PLACEMENT_3D ( 'NONE', #7185, #5580, #7093 ) ;
#4451 = AXIS2_PLACEMENT_3D ( 'NONE', #9149, #2169, #6969 ) ;
#4452 = CARTESIAN_POINT ( 'NONE',  ( 0.9645669291338997420, 0.000000000000000000, 0.000000000000000000 ) ) ;
#4453 = CARTESIAN_POINT ( 'NONE',  ( 1.341769295578000065, 0.000000000000000000, -0.1181102362205000006 ) ) ;
#4454 = CARTESIAN_POINT ( 'NONE',  ( 1.079969882909000090, 0.08113202872537991772, -0.08933415588588011769 ) ) ;
#4455 = CARTESIAN_POINT ( 'NONE',  ( 1.174152846375000170, 0.04958656040476999705, 0.1039603466461000020 ) ) ;
#4456 = DIRECTION ( 'NONE',  ( 1.000000000000000000, 0.000000000000000000, 0.000000000000000000 ) ) ;
#4457 = CARTESIAN_POINT ( 'NONE',  ( 1.248617843530249516, 0.07258425826477025999, 0.09444883965335074127 ) ) ;
#4458 = CARTESIAN_POINT ( 'NONE',  ( 1.237453578146000099, -0.06567428234212992211, -0.08110098452177991191 ) ) ;
#4459 = CARTESIAN_POINT ( 'NONE',  ( 1.106369033110749633, 0.01546059376767017907, -0.1181102362204999728 ) ) ;
#4460 = CARTESIAN_POINT ( 'NONE',  ( 0.5787401574803000548, -0.1351639017700000112, 0.05985265462468995767 ) ) ;
#4461 = LINE ( 'NONE', #6311, #5498 ) ;
#4462 = CONICAL_SURFACE ( 'NONE', #9124, 0.2911095653060999933, 1.042721878368327637 ) ;
#4463 = ORIENTED_EDGE ( 'NONE', *, *, #4675, .F. ) ;
#4464 = ORIENTED_EDGE ( 'NONE', *, *, #3566, .T. ) ;
#4465 = CARTESIAN_POINT ( 'NONE',  ( 1.168317155076000091, -0.1095892592298000068, -1.284870461343000022E-13 ) ) ;
#4466 = CIRCLE ( 'NONE', #9790, 0.1988188976378000294 ) ;
#4467 = AXIS2_PLACEMENT_3D ( 'NONE', #1457, #7628, #5913 ) ;
#4468 = CARTESIAN_POINT ( 'NONE',  ( 1.380555612267000187, -0.01736205072612000133, 0.1034699282802000048 ) ) ;
#4469 = CARTESIAN_POINT ( 'NONE',  ( 1.184288980617000053, 0.000000000000000000, -0.1181102362205000006 ) ) ;
#4470 = CARTESIAN_POINT ( 'NONE',  ( 1.309860262545000209, -0.1002409750077000034, 0.02217210234184000331 ) ) ;
#4471 = FACE_OUTER_BOUND ( 'NONE', #1918, .T. ) ;
#4472 = FACE_OUTER_BOUND ( 'NONE', #5025, .T. ) ;
#4473 = CARTESIAN_POINT ( 'NONE',  ( 0.3937007874016000275, 0.000000000000000000, 0.000000000000000000 ) ) ;
#4474 = AXIS2_PLACEMENT_3D ( 'NONE', #4618, #1472, #7743 ) ;
#4475 = ORIENTED_EDGE ( 'NONE', *, *, #5701, .F. ) ;
#4476 = ORIENTED_EDGE ( 'NONE', *, *, #4858, .F. ) ;
#4477 = CONICAL_SURFACE ( 'NONE', #3819, 0.1397637795276000239, 0.2516899717581221885 ) ;
#4478 = ORIENTED_EDGE ( 'NONE', *, *, #9059, .T. ) ;
#4479 = EDGE_CURVE ( 'NONE', #5241, #9217, #8830, .T. ) ;
#4480 = LINE ( 'NONE', #2389, #2594 ) ;
#4481 = CARTESIAN_POINT ( 'NONE',  ( 0.6498031496062991463, 0.000000000000000000, 0.000000000000000000 ) ) ;
#4482 = CIRCLE ( 'NONE', #1398, 0.08267716535433068670 ) ;
#4483 = DIRECTION ( 'NONE',  ( 4.306940449146604923E-26, -1.000000000000000000, -4.083695187561999980E-13 ) ) ;
#4484 = CARTESIAN_POINT ( 'NONE',  ( 1.224545220233000054, 0.08442696480807007631, 0.06133978044347008357 ) ) ;
#4485 = FACE_OUTER_BOUND ( 'NONE', #2128, .T. ) ;
#4486 = DIRECTION ( 'NONE',  ( 1.000000000000000000, 0.000000000000000000, 0.000000000000000000 ) ) ;
#4487 = VERTEX_POINT ( 'NONE', #986 ) ;
#4488 = CARTESIAN_POINT ( 'NONE',  ( 1.189577939575000132, 0.08760497170303994940, -0.08313401445146004209 ) ) ;
#4489 = EDGE_CURVE ( 'NONE', #4953, #2232, #4986, .T. ) ;
#4490 = CARTESIAN_POINT ( 'NONE',  ( 1.052793251728999957, -0.008188164623482006854, -0.1040356027308000086 ) ) ;
#4491 = CARTESIAN_POINT ( 'NONE',  ( 0.5837862971707000748, 0.1415729042388000070, -0.06355289392532008363 ) ) ;
#4492 = DIRECTION ( 'NONE',  ( 0.000000000000000000, 0.03368147794397076400, -0.9994326180606223353 ) ) ;
#4493 = CARTESIAN_POINT ( 'NONE',  ( 0.5787401574803000548, -0.1126864528502000001, 0.04687529344016000410 ) ) ;
#4494 = LINE ( 'NONE', #84, #983 ) ;
#4495 = CARTESIAN_POINT ( 'NONE',  ( 0.7344554631277993018, 0.1408138755990999968, -0.06949427554223995551 ) ) ;
#4496 = CARTESIAN_POINT ( 'NONE',  ( 1.255801221865999961, -0.07248554495571003786, -0.08951219335570000102 ) ) ;
#4497 = ORIENTED_EDGE ( 'NONE', *, *, #3306, .T. ) ;
#4498 = ORIENTED_EDGE ( 'NONE', *, *, #9228, .F. ) ;
#4499 = DIRECTION ( 'NONE',  ( -1.000000000000000000, 0.000000000000000000, 0.000000000000000000 ) ) ;
#4500 = CARTESIAN_POINT ( 'NONE',  ( 0.7248214206942993343, 0.1656791313525999843, 0.1138391515323999986 ) ) ;
#4501 = EDGE_LOOP ( 'NONE', ( #2463, #1174, #9333 ) ) ;
#4502 = CARTESIAN_POINT ( 'NONE',  ( 1.317755679569999838, -0.002595735279457000132, -0.1101460080794999935 ) ) ;
#4503 = CARTESIAN_POINT ( 'NONE',  ( 1.068377893534427248, -0.05410270933020470269, 0.08914345600888673449 ) ) ;
#4504 = CARTESIAN_POINT ( 'NONE',  ( 1.243492926565999968, 0.1197388609877000076, 0.01576392010729999946 ) ) ;
#4505 = DIRECTION ( 'NONE',  ( -1.000000000000000000, 0.000000000000000000, 0.000000000000000000 ) ) ;
#4506 = CARTESIAN_POINT ( 'NONE',  ( 0.5841804246273000212, 0.1259363778563000191, -0.09089366210302991800 ) ) ;
#4507 = DIRECTION ( 'NONE',  ( 0.000000000000000000, 0.07507063207344917555, 0.9971782188756896925 ) ) ;
#4508 = DIRECTION ( 'NONE',  ( 0.000000000000000000, 0.4889004950596891330, -0.8723395588475802986 ) ) ;
#4509 = AXIS2_PLACEMENT_3D ( 'NONE', #1366, #5968, #8288 ) ;
#4510 = FACE_OUTER_BOUND ( 'NONE', #9960, .T. ) ;
#4511 = CARTESIAN_POINT ( 'NONE',  ( 0.5837863042420000648, 0.1258248747434000114, -0.09082928575073996591 ) ) ;
#4512 = VERTEX_POINT ( 'NONE', #4030 ) ;
#4513 = ORIENTED_EDGE ( 'NONE', *, *, #3420, .F. ) ;
#4514 = CARTESIAN_POINT ( 'NONE',  ( 1.183244976597999987, 0.07949323819998996288, -0.07543626674195000326 ) ) ;
#4515 = EDGE_CURVE ( 'NONE', #6625, #9409, #1884, .T. ) ;
#4516 = CARTESIAN_POINT ( 'NONE',  ( 1.365485947745999962, 0.02403804991691000162, -0.1021258944721999962 ) ) ;
#4517 = CARTESIAN_POINT ( 'NONE',  ( 1.181008140721999666, -0.05948255673673412403, -0.1032031167347790407 ) ) ;
#4518 = CARTESIAN_POINT ( 'NONE',  ( 1.289245651871999909, 0.09709035472660000610, -0.03726949532538000043 ) ) ;
#4519 = DIRECTION ( 'NONE',  ( 0.000000000000000000, 0.9122602391622937068, -0.4096111034182968735 ) ) ;
#4520 = CARTESIAN_POINT ( 'NONE',  ( 1.252718893398999889, 0.000000000000000000, 0.1181102362205000006 ) ) ;
#4521 = CARTESIAN_POINT ( 'NONE',  ( 0.6561202481738996894, 0.000000000000000000, 0.000000000000000000 ) ) ;
#4522 = ORIENTED_EDGE ( 'NONE', *, *, #9591, .F. ) ;
#4523 = B_SPLINE_CURVE_WITH_KNOTS ( 'NONE', 3,
 ( #8055, #1133, #3613, #4274, #7550, #1380, #621, #428, #7450, #3661 ),
 .UNSPECIFIED., .F., .F.,
 ( 4, 2, 2, 2, 4 ),
 ( 0.000000000000000000, 0.2499999999999998890, 0.4999999999999998890, 0.7500000000000000000, 1.000000000000000000 ),
 .UNSPECIFIED. ) ;
#4524 = VERTEX_POINT ( 'NONE', #5695 ) ;
#4525 = AXIS2_PLACEMENT_3D ( 'NONE', #1217, #5171, #361 ) ;
#4526 = ORIENTED_EDGE ( 'NONE', *, *, #1449, .T. ) ;
#4527 = ADVANCED_FACE ( 'NONE', ( #1080 ), #2608, .F. ) ;
#4528 = CARTESIAN_POINT ( 'NONE',  ( 0.7362204724408996093, 0.000000000000000000, 0.000000000000000000 ) ) ;
#4529 = CARTESIAN_POINT ( 'NONE',  ( 1.350773334726999897, 0.1084200630597000059, 0.03823391338946999923 ) ) ;
#4530 = CARTESIAN_POINT ( 'NONE',  ( 1.361142518271666324, 0.1203913592920805159, 0.003307450339211899428 ) ) ;
#4531 = CARTESIAN_POINT ( 'NONE',  ( 1.229400529173249712, 0.09444883965335058862, -0.07258425826477041265 ) ) ;
#4532 = CARTESIAN_POINT ( 'NONE',  ( 1.282180501552000029, -0.04979507988139000169, -0.09171112839325000488 ) ) ;
#4533 = CARTESIAN_POINT ( 'NONE',  ( 1.263450630319330026, -0.02701007179959754104, 0.1008029602722022855 ) ) ;
#4534 = CARTESIAN_POINT ( 'NONE',  ( 1.360907791530369559, 0.01030670701151137174, 0.1181065638633627818 ) ) ;
#4535 = EDGE_CURVE ( 'NONE', #2174, #7289, #3311, .T. ) ;
#4536 = VERTEX_POINT ( 'NONE', #1902 ) ;
#4537 = ORIENTED_EDGE ( 'NONE', *, *, #1767, .F. ) ;
#4538 = AXIS2_PLACEMENT_3D ( 'NONE', #4325, #5181, #1226 ) ;
#4539 = CARTESIAN_POINT ( 'NONE',  ( 1.129677987595000044, 0.08600372205772992273, -0.05910872053913996532 ) ) ;
#4540 = CARTESIAN_POINT ( 'NONE',  ( 0.5795727107672999923, 0.1382953977762000075, -0.06166062468687007886 ) ) ;
#4541 = CARTESIAN_POINT ( 'NONE',  ( 0.6804168098318996716, -0.1153298400433000054, -0.08476997464151003747 ) ) ;
#4542 = ADVANCED_FACE ( 'NONE', ( #7108, #4227 ), #7297, .T. ) ;
#4543 = DIRECTION ( 'NONE',  ( 0.000000000000000000, 0.000000000000000000, -1.000000000000000000 ) ) ;
#4544 = DIRECTION ( 'NONE',  ( -0.000000000000000000, 1.000000000000000000, 0.000000000000000000 ) ) ;
#4545 = EDGE_CURVE ( 'NONE', #9086, #2375, #5122, .T. ) ;
#4546 = CARTESIAN_POINT ( 'NONE',  ( 1.276092745626999925, 0.008598274180672008105, 0.1092514321174000019 ) ) ;
#4547 = ORIENTED_EDGE ( 'NONE', *, *, #6172, .F. ) ;
#4548 = EDGE_CURVE ( 'NONE', #3740, #3148, #4640, .T. ) ;
#4549 = CIRCLE ( 'NONE', #1797, 0.007874015748031005027 ) ;
#4550 = ORIENTED_EDGE ( 'NONE', *, *, #6595, .T. ) ;
#4551 = LINE ( 'NONE', #2967, #5327 ) ;
#4552 = CARTESIAN_POINT ( 'NONE',  ( 0.7334836223767007279, 0.1836196114857999717, -0.09264710434643995407 ) ) ;
#4553 = CARTESIAN_POINT ( 'NONE',  ( 1.367604289944999829, 0.09665144224541004359, 0.06377830069652992706 ) ) ;
#4554 = CARTESIAN_POINT ( 'NONE',  ( 1.105974546880426956, -0.02705578279948890608, 0.1007057273600259900 ) ) ;
#4555 = CARTESIAN_POINT ( 'NONE',  ( 1.200842007931000044, 0.1115788554892000045, -0.04621747521769000583 ) ) ;
#4556 = PLANE ( 'NONE',  #7851 ) ;
#4557 = CARTESIAN_POINT ( 'NONE',  ( 0.4921259842520000483, -0.3740157480314960647, -0.5314960629921000601 ) ) ;
#4558 = DIRECTION ( 'NONE',  ( 1.000000000000000000, 0.000000000000000000, 0.000000000000000000 ) ) ;
#4559 = DIRECTION ( 'NONE',  ( 0.000000000000000000, 0.000000000000000000, 1.000000000000000000 ) ) ;
#4560 = CARTESIAN_POINT ( 'NONE',  ( 0.6673228346457008575, 0.000000000000000000, 0.000000000000000000 ) ) ;
#4561 = DIRECTION ( 'NONE',  ( 0.000000000000000000, -0.8782547285461282938, -0.4781930904837151664 ) ) ;
#4562 = ORIENTED_EDGE ( 'NONE', *, *, #3470, .F. ) ;
#4563 = ORIENTED_EDGE ( 'NONE', *, *, #5345, .F. ) ;
#4564 = CARTESIAN_POINT ( 'NONE',  ( 1.083015317806000022, -0.05479462961481000594, 0.09490708247502992190 ) ) ;
#4565 = FACE_OUTER_BOUND ( 'NONE', #355, .T. ) ;
#4566 = CARTESIAN_POINT ( 'NONE',  ( 1.103012469595000100, -0.02841182122317000014, 0.1057531080548000102 ) ) ;
#4567 = CARTESIAN_POINT ( 'NONE',  ( 1.248727279168000193, 0.08867274169577993304, -0.05433872599770000339 ) ) ;
#4568 = DIRECTION ( 'NONE',  ( 1.000000000000000000, 0.000000000000000000, 0.000000000000000000 ) ) ;
#4569 = LINE ( 'NONE', #7084, #5757 ) ;
#4570 = DIRECTION ( 'NONE',  ( 0.000000000000000000, -0.8660254037844288266, 0.5000000000000169864 ) ) ;
#4571 = ORIENTED_EDGE ( 'NONE', *, *, #2247, .F. ) ;
#4572 = ORIENTED_EDGE ( 'NONE', *, *, #8372, .T. ) ;
#4573 = VERTEX_POINT ( 'NONE', #2902 ) ;
#4574 = DIRECTION ( 'NONE',  ( 1.000000000000000000, 0.000000000000000000, 0.000000000000000000 ) ) ;
#4575 = CARTESIAN_POINT ( 'NONE',  ( 1.266528626344000097, 0.09266276053095000298, 0.04721403471093000431 ) ) ;
#4576 = CARTESIAN_POINT ( 'NONE',  ( 1.366980683808999952, -0.1122930016127999947, 0.02463785696408999845 ) ) ;
#4577 = EDGE_CURVE ( 'NONE', #8859, #1235, #9480, .T. ) ;
#4578 = CARTESIAN_POINT ( 'NONE',  ( 1.366141732283000065, 0.08034203920182007852, 0.08657473440298996126 ) ) ;
#4579 = CARTESIAN_POINT ( 'NONE',  ( 1.254827038359499713, -0.1150361429136074198, -0.03091510445189083259 ) ) ;
#4580 = CARTESIAN_POINT ( 'NONE',  ( 1.220280128368999906, 0.1042144493542999928, -0.005461647859861999341 ) ) ;
#4581 = CARTESIAN_POINT ( 'NONE',  ( 1.269848268114329937, -0.1000613763620298302, 0.02963953000291062387 ) ) ;
#4582 = CARTESIAN_POINT ( 'NONE',  ( 1.359685684703176189, 0.03334392839951295928, 0.1150828265782019993 ) ) ;
#4583 = ORIENTED_EDGE ( 'NONE', *, *, #9152, .T. ) ;
#4584 = ORIENTED_EDGE ( 'NONE', *, *, #8609, .F. ) ;
#4585 = EDGE_CURVE ( 'NONE', #6883, #3859, #6074, .T. ) ;
#4586 = CONICAL_SURFACE ( 'NONE', #6186, 0.1909448738972999993, 0.7853986048081720295 ) ;
#4587 = CARTESIAN_POINT ( 'NONE',  ( 1.078440344072000068, -0.1043217069389999890, 0.002731760035870000290 ) ) ;
#4588 = CARTESIAN_POINT ( 'NONE',  ( 0.5790964197264000246, 0.01574803149606000124, 0.1494448002579999990 ) ) ;
#4589 = DIRECTION ( 'NONE',  ( 0.000000000000000000, 0.9997541118987406383, 0.02217466440694089089 ) ) ;
#4590 = CARTESIAN_POINT ( 'NONE',  ( 0.7362204724408996093, -0.07736470509688996022, -0.06285079376037992771 ) ) ;
#4591 = DIRECTION ( 'NONE',  ( 0.000000000000000000, 0.000000000000000000, 1.000000000000000000 ) ) ;
#4592 = CARTESIAN_POINT ( 'NONE',  ( 1.213150303231000038, -0.1075304200170000002, -0.04127706091347000533 ) ) ;
#4593 = VERTEX_POINT ( 'NONE', #4278 ) ;
#4594 = B_SPLINE_CURVE_WITH_KNOTS ( 'NONE', 3,
 ( #5338, #8414, #1491, #4588, #7660, #9281, #3821, #2912, #9989, #1595, #840 ),
 .UNSPECIFIED., .F., .F.,
 ( 4, 1, 1, 1, 1, 1, 1, 1, 4 ),
 ( 0.000000000000000000, 0.1250000000000000000, 0.2500000000000000000, 0.3750000000000000000, 0.5000000000000000000, 0.6250000000000000000, 0.7500000000000000000, 0.8750000000000000000, 1.000000000000000000 ),
 .UNSPECIFIED. ) ;
#4595 = VERTEX_POINT ( 'NONE', #4435 ) ;
#4596 = CARTESIAN_POINT ( 'NONE',  ( 0.7362204724408996093, 0.1574803149606463781, 0.000000000000000000 ) ) ;
#4597 = EDGE_CURVE ( 'NONE', #3801, #357, #1013, .T. ) ;
#4598 = CARTESIAN_POINT ( 'NONE',  ( 1.129508364110999974, -0.09171112839325000488, -0.04979507988139000169 ) ) ;
#4599 = CARTESIAN_POINT ( 'NONE',  ( 1.344263225501000081, -0.09639522717097007143, 0.05335579572848000302 ) ) ;
#4600 = CARTESIAN_POINT ( 'NONE',  ( 1.103885843916488918, 0.007384749952972953502, 0.1040150199449116492 ) ) ;
#4601 = CARTESIAN_POINT ( 'NONE',  ( 1.300360818080000147, -0.1164092492941000145, 0.02574833084660000174 ) ) ;
#4602 = CARTESIAN_POINT ( 'NONE',  ( 0.6498031496062991463, -0.2716535433071000094, 0.3543307086614000401 ) ) ;
#4603 = CARTESIAN_POINT ( 'NONE',  ( 1.116564037755500172, 0.03091510445189094708, -0.1150361429136074198 ) ) ;
#4604 = CARTESIAN_POINT ( 'NONE',  ( 1.327709969384238242, -0.07472918482929999384, -0.07364155170946004580 ) ) ;
#4605 = CYLINDRICAL_SURFACE ( 'NONE', #2175, 0.1181102362205000006 ) ;
#4606 = CARTESIAN_POINT ( 'NONE',  ( 1.011811023621999928, -0.1181102362205000006, 0.000000000000000000 ) ) ;
#4607 = DIRECTION ( 'NONE',  ( 0.000000000000000000, 1.000000000000000000, 0.000000000000000000 ) ) ;
#4608 = EDGE_LOOP ( 'NONE', ( #9264, #4321, #7031, #8870, #7032, #7583 ) ) ;
#4609 = ORIENTED_EDGE ( 'NONE', *, *, #6819, .F. ) ;
#4610 = VECTOR ( 'NONE', #5556, 39.37007874015748143 ) ;
#4611 = CARTESIAN_POINT ( 'NONE',  ( 1.115003506782000109, 0.06671371405287007672, 0.08694300487017991852 ) ) ;
#4612 = EDGE_CURVE ( 'NONE', #6095, #1176, #5922, .T. ) ;
#4613 = CARTESIAN_POINT ( 'NONE',  ( 0.5787401574803000548, -0.1197790563662000096, 0.08733873088323995670 ) ) ;
#4614 = CARTESIAN_POINT ( 'NONE',  ( 1.119722093305000055, -0.02308304053349000129, -0.1070426302377000122 ) ) ;
#4615 = CARTESIAN_POINT ( 'NONE',  ( 1.246594733236999986, 0.06544796599128996362, -0.08082150710363995849 ) ) ;
#4616 = CARTESIAN_POINT ( 'NONE',  ( 1.047695268101000110, 0.03598941183494999696, -0.09748492299811005457 ) ) ;
#4617 = DIRECTION ( 'NONE',  ( -1.000000000000000000, 0.000000000000000000, 0.000000000000000000 ) ) ;
#4618 = CARTESIAN_POINT ( 'NONE',  ( 0.8405511810737993361, 0.000000000000000000, 0.000000000000000000 ) ) ;
#4619 = VECTOR ( 'NONE', #3699, 39.37007874015748143 ) ;
#4620 = DIRECTION ( 'NONE',  ( 1.000000000000000000, 0.000000000000000000, 0.000000000000000000 ) ) ;
#4621 = CIRCLE ( 'NONE', #729, 0.01968503937008000623 ) ;
#4622 = ORIENTED_EDGE ( 'NONE', *, *, #7668, .F. ) ;
#4623 = ORIENTED_EDGE ( 'NONE', *, *, #5995, .T. ) ;
#4624 = VERTEX_POINT ( 'NONE', #1952 ) ;
#4625 = FACE_OUTER_BOUND ( 'NONE', #5165, .T. ) ;
#4626 = EDGE_CURVE ( 'NONE', #5209, #8673, #1559, .T. ) ;
#4627 = CARTESIAN_POINT ( 'NONE',  ( 0.6752388305532991408, -0.01574803149606000124, 0.1842351282140999857 ) ) ;
#4628 = CARTESIAN_POINT ( 'NONE',  ( 1.343810223040000196, 0.03484133474839999633, -0.1154000682900000047 ) ) ;
#4629 = DIRECTION ( 'NONE',  ( -1.000000000000000000, 0.000000000000000000, 0.000000000000000000 ) ) ;
#4630 = DIRECTION ( 'NONE',  ( -1.000000000000000000, -4.627280929528999923E-10, 2.933436562459999884E-13 ) ) ;
#4631 = AXIS2_PLACEMENT_3D ( 'NONE', #2798, #8203, #6069 ) ;
#4632 = AXIS2_PLACEMENT_3D ( 'NONE', #1205, #7380, #5205 ) ;
#4633 = CARTESIAN_POINT ( 'NONE',  ( 1.273650317825000267, -0.1000599994510000118, 0.02963912214327999936 ) ) ;
#4634 = VECTOR ( 'NONE', #2063, 39.37007874015748143 ) ;
#4635 = CARTESIAN_POINT ( 'NONE',  ( 1.178312845831616107, 0.07157233042773321341, 0.07536231441648524876 ) ) ;
#4636 = FACE_OUTER_BOUND ( 'NONE', #49, .T. ) ;
#4637 = ORIENTED_EDGE ( 'NONE', *, *, #8131, .T. ) ;
#4638 = ORIENTED_EDGE ( 'NONE', *, *, #768, .F. ) ;
#4639 = ADVANCED_FACE ( 'NONE', ( #5185, #9832, #8305, #2808, #6647, #4485 ), #1386, .F. ) ;
#4640 = CIRCLE ( 'NONE', #8503, 0.09055118110236003159 ) ;
#4641 = CARTESIAN_POINT ( 'NONE',  ( 1.146738355049000013, -0.05452662705760000228, 0.08897936835737992045 ) ) ;
#4642 = CARTESIAN_POINT ( 'NONE',  ( 0.5788054699796000291, 0.1362428926568000076, -0.06047561030363995949 ) ) ;
#4643 = CARTESIAN_POINT ( 'NONE',  ( 1.221550914395916454, -0.1150361429136074615, 0.03091510445189059667 ) ) ;
#4644 = DIRECTION ( 'NONE',  ( 0.000000000000000000, -1.000000000000000000, 0.000000000000000000 ) ) ;
#4645 = B_SPLINE_CURVE_WITH_KNOTS ( 'NONE', 3,
 ( #2955, #3105, #2197, #8514, #6083, #9176, #2551, #5635, #7909, #1691, #224, #2450, #3969, #2503, #177, #7189, #1842, #8671 ),
 .UNSPECIFIED., .F., .F.,
 ( 4, 2, 2, 2, 2, 2, 2, 2, 4 ),
 ( 0.000000000000000000, 0.1249999999999999167, 0.2499999999999998335, 0.3749999999999998335, 0.4999999999999998890, 0.6249999999999998890, 0.7499999999999998890, 0.8750000000000000000, 1.000000000000000000 ),
 .UNSPECIFIED. ) ;
#4646 = CARTESIAN_POINT ( 'NONE',  ( 1.252634740378000044, -0.06896675547350000768, -0.08516685022967009078 ) ) ;
#4647 = ORIENTED_EDGE ( 'NONE', *, *, #2908, .F. ) ;
#4648 = VERTEX_POINT ( 'NONE', #9737 ) ;
#4649 = DIRECTION ( 'NONE',  ( 0.7071067811865475727, 0.000000000000000000, 0.7071067811865475727 ) ) ;
#4650 = VECTOR ( 'NONE', #8481, 39.37007874015748143 ) ;
#4651 = EDGE_CURVE ( 'NONE', #2754, #5370, #8670, .T. ) ;
#4652 = DIRECTION ( 'NONE',  ( 1.000000000000000000, 0.000000000000000000, 0.000000000000000000 ) ) ;
#4653 = CARTESIAN_POINT ( 'NONE',  ( 1.376440138588000073, -0.04679089817477000146, 0.1038484993778000104 ) ) ;
#4654 = CARTESIAN_POINT ( 'NONE',  ( 1.099708437989427079, 0.07012469343098640118, 0.07717633236435962607 ) ) ;
#4655 = CARTESIAN_POINT ( 'NONE',  ( 1.288276391133000187, 0.06577719075493997092, 0.1012879920044000015 ) ) ;
#4656 = CARTESIAN_POINT ( 'NONE',  ( 1.092425463556999654, -0.1032031167347789991, 0.05948255673673419341 ) ) ;
#4657 = DIRECTION ( 'NONE',  ( -1.000000000000000000, 0.000000000000000000, 0.000000000000000000 ) ) ;
#4658 = FACE_OUTER_BOUND ( 'NONE', #7768, .T. ) ;
#4659 = FACE_OUTER_BOUND ( 'NONE', #1151, .T. ) ;
#4660 = CARTESIAN_POINT ( 'NONE',  ( 1.066178744397000111, 0.000000000000000000, -0.1181102362205000006 ) ) ;
#4661 = FACE_OUTER_BOUND ( 'NONE', #4331, .T. ) ;
#4662 = ORIENTED_EDGE ( 'NONE', *, *, #7613, .T. ) ;
#4663 = EDGE_CURVE ( 'NONE', #7667, #4918, #9638, .T. ) ;
#4664 = ORIENTED_EDGE ( 'NONE', *, *, #5096, .T. ) ;
#4665 = CARTESIAN_POINT ( 'NONE',  ( 1.097943139327999917, -0.02558310449564999908, -0.1065612992738999981 ) ) ;
#4666 = CARTESIAN_POINT ( 'NONE',  ( 0.8621296251002007471, -0.09248097128490001539, -0.1692162538550000261 ) ) ;
#4667 = CARTESIAN_POINT ( 'NONE',  ( 1.061238410322000059, 0.01323867736836000127, 0.1086999948007999900 ) ) ;
#4668 = CARTESIAN_POINT ( 'NONE',  ( 1.199678722738000136, -0.05199892369778000289, -0.09006477778321003713 ) ) ;
#4669 = CARTESIAN_POINT ( 'NONE',  ( 1.076937109591999953, -0.09902409779753996999, -0.03150874317169000127 ) ) ;
#4670 = CARTESIAN_POINT ( 'NONE',  ( 1.294197117100499783, -0.1150361429136074060, -0.03091510445189083606 ) ) ;
#4671 = DIRECTION ( 'NONE',  ( 0.000000000000000000, 1.000000000000000000, 0.000000000000000000 ) ) ;
#4672 = CARTESIAN_POINT ( 'NONE',  ( 0.4921259842520000483, 0.4370078740156999597, -0.3543307086614000401 ) ) ;
#4673 = VERTEX_POINT ( 'NONE', #8931 ) ;
#4674 = ORIENTED_EDGE ( 'NONE', *, *, #3717, .F. ) ;
#4675 = EDGE_CURVE ( 'NONE', #6720, #3224, #8989, .T. ) ;
#4676 = ORIENTED_EDGE ( 'NONE', *, *, #5350, .T. ) ;
#4677 = CARTESIAN_POINT ( 'NONE',  ( 1.320716203078793560, -0.002471911102357811276, -0.1048917208187436084 ) ) ;
#4678 = B_SPLINE_CURVE_WITH_KNOTS ( 'NONE', 3,
 ( #2154, #3722, #3767, #7718, #7563, #7662 ),
 .UNSPECIFIED., .F., .F.,
 ( 4, 1, 1, 4 ),
 ( 0.000000000000000000, 0.3333333333333000081, 0.6666666666667000474, 1.000000000000000000 ),
 .UNSPECIFIED. ) ;
#4679 = DIRECTION ( 'NONE',  ( 0.000000000000000000, -1.000000000000000000, 0.000000000000000000 ) ) ;
#4680 = CARTESIAN_POINT ( 'NONE',  ( -0.03184567412300000344, 4.093383575437000330E-10, 0.2417915662690000023 ) ) ;
#4681 = CARTESIAN_POINT ( 'NONE',  ( 1.358877009268000036, -0.007068458165935000669, 0.1147465864682000042 ) ) ;
#4682 = DIRECTION ( 'NONE',  ( -1.712029370985965517E-07, 0.9999999999999783507, -1.175088878082974264E-07 ) ) ;
#4683 = CARTESIAN_POINT ( 'NONE',  ( 1.298650651928999977, -0.1022864650138999992, 0.05905511811023995972 ) ) ;
#4684 = CARTESIAN_POINT ( 'NONE',  ( 1.267309221190999979, -0.08442696480807007631, 0.06133978044347008357 ) ) ;
#4685 = CARTESIAN_POINT ( 'NONE',  ( 1.259185538455391606, 0.04244659015975598554, 0.09533660242565415721 ) ) ;
#4686 = DIRECTION ( 'NONE',  ( -1.000000000000000000, 0.000000000000000000, 0.000000000000000000 ) ) ;
#4687 = ORIENTED_EDGE ( 'NONE', *, *, #5231, .F. ) ;
#4688 = TOROIDAL_SURFACE ( 'NONE', #6610, 0.1181102362205000006, 0.01968503937007999929 ) ;
#4689 = CARTESIAN_POINT ( 'NONE',  ( 1.097633257457000022, 0.1037857865099000160, -0.01090832572257000033 ) ) ;
#4690 = DIRECTION ( 'NONE',  ( 0.000000000000000000, -0.1065330715940051992, 0.9943091594955497659 ) ) ;
#4691 = CARTESIAN_POINT ( 'NONE',  ( 1.214989234605583501, -0.03091510445189072503, 0.1150361429136074476 ) ) ;
#4692 = DIRECTION ( 'NONE',  ( 1.000000000000000000, 0.000000000000000000, 0.000000000000000000 ) ) ;
#4693 = AXIS2_PLACEMENT_3D ( 'NONE', #823, #9923, #4679 ) ;
#4694 = CARTESIAN_POINT ( 'NONE',  ( 1.297418204945000042, 0.01997105624407000124, -0.1077541769543000072 ) ) ;
#4695 = EDGE_LOOP ( 'NONE', ( #9189, #5905 ) ) ;
#4696 = EDGE_CURVE ( 'NONE', #8908, #7634, #4645, .T. ) ;
#4697 = ORIENTED_EDGE ( 'NONE', *, *, #9032, .F. ) ;
#4698 = AXIS2_PLACEMENT_3D ( 'NONE', #605, #8194, #8957 ) ;
#4699 = LINE ( 'NONE', #3931, #5003 ) ;
#4700 = CARTESIAN_POINT ( 'NONE',  ( 1.165761644950999987, -0.1043574676366000042, -1.222650453103000100E-13 ) ) ;
#4701 = CARTESIAN_POINT ( 'NONE',  ( 1.370770771432999968, 0.09195952637967991228, 0.06068220182852008399 ) ) ;
#4702 = CARTESIAN_POINT ( 'NONE',  ( 1.064200487606488998, 0.01260682223139936511, 0.1035119651969670929 ) ) ;
#4703 = DIRECTION ( 'NONE',  ( 1.000000000000000000, 0.000000000000000000, 0.000000000000000000 ) ) ;
#4704 = CARTESIAN_POINT ( 'NONE',  ( 1.089144623662000155, -0.05948255673673431138, 0.1032031167347788880 ) ) ;
#4705 = CARTESIAN_POINT ( 'NONE',  ( 0.6104330708661004357, 0.3543307086614000401, 0.3543307086614000401 ) ) ;
#4706 = CARTESIAN_POINT ( 'NONE',  ( 1.000000080887000209, -0.09349880026292992086, 0.1732278469391000109 ) ) ;
#4707 = DIRECTION ( 'NONE',  ( 0.000000000000000000, 0.000000000000000000, -1.000000000000000000 ) ) ;
#4708 = CARTESIAN_POINT ( 'NONE',  ( 0.8431417322834998673, -0.3740157480314960647, 0.3740157480314960647 ) ) ;
#4709 = CARTESIAN_POINT ( 'NONE',  ( 0.6498031496062991463, 0.4370078740156999597, 0.3543307086614000401 ) ) ;
#4710 = ORIENTED_EDGE ( 'NONE', *, *, #401, .T. ) ;
#4711 = ORIENTED_EDGE ( 'NONE', *, *, #3596, .F. ) ;
#4712 = CARTESIAN_POINT ( 'NONE',  ( 1.109704479362000118, 0.08721993374029998747, 0.05664128724913000679 ) ) ;
#4713 = AXIS2_PLACEMENT_3D ( 'NONE', #7974, #1043, #4089 ) ;
#4714 = CARTESIAN_POINT ( 'NONE',  ( 0.5787401574803000548, -0.1194158702739000072, -0.08712904529506003415 ) ) ;
#4715 = CARTESIAN_POINT ( 'NONE',  ( 1.160418374053999946, 0.05564215335570000392, -0.1007457718857000112 ) ) ;
#4716 = ADVANCED_FACE ( 'NONE', ( #273 ), #6428, .F. ) ;
#4717 = CARTESIAN_POINT ( 'NONE',  ( 1.247693343612000128, 0.1071944709820000091, -0.02278488818198000018 ) ) ;
#4718 = CARTESIAN_POINT ( 'NONE',  ( 1.102001545156999995, 0.04087043488216000192, 0.09554151136243996256 ) ) ;
#4719 = CARTESIAN_POINT ( 'NONE',  ( 1.295837537047999755, -0.1032031167347788880, -0.05948255673673442240 ) ) ;
#4720 = CARTESIAN_POINT ( 'NONE',  ( 0.6561202481738996894, 0.000000000000000000, 0.000000000000000000 ) ) ;
#4721 = CARTESIAN_POINT ( 'NONE',  ( 0.7280600717204999128, 0.1669210694110000448, 0.1138883778692999921 ) ) ;
#4722 = ORIENTED_EDGE ( 'NONE', *, *, #3979, .F. ) ;
#4723 = ORIENTED_EDGE ( 'NONE', *, *, #2885, .T. ) ;
#4724 = ORIENTED_EDGE ( 'NONE', *, *, #4612, .T. ) ;
#4725 = LINE ( 'NONE', #6934, #3058 ) ;
#4726 = ADVANCED_FACE ( 'NONE', ( #8817 ), #8719, .T. ) ;
#4727 = EDGE_CURVE ( 'NONE', #7478, #1529, #9952, .T. ) ;
#4728 = CARTESIAN_POINT ( 'NONE',  ( 0.5787401574803000548, 0.09693842135412991667, 0.07415168411053996156 ) ) ;
#4729 = CARTESIAN_POINT ( 'NONE',  ( 1.236672983298999995, -0.04229973533675999986, 0.09500676109277993164 ) ) ;
#4730 = EDGE_CURVE ( 'NONE', #7447, #2307, #2598, .T. ) ;
#4731 = CARTESIAN_POINT ( 'NONE',  ( 1.351913897581000112, 0.1205301176255999945, 0.001893438391831000264 ) ) ;
#4732 = CARTESIAN_POINT ( 'NONE',  ( 0.7309163189859999576, 0.1277470963794999914, 0.08974031669229999564 ) ) ;
#4733 = CARTESIAN_POINT ( 'NONE',  ( 1.270997404738482439, 0.04244600606646999758, 0.09533529053064002112 ) ) ;
#4734 = AXIS2_PLACEMENT_3D ( 'NONE', #6322, #964, #7841 ) ;
#4735 = CARTESIAN_POINT ( 'NONE',  ( 0.7519685039370078705, 0.000000000000000000, 0.000000000000000000 ) ) ;
#4736 = CARTESIAN_POINT ( 'NONE',  ( 1.218204123598999988, 0.1000599994510000118, 0.02963912214327999936 ) ) ;
#4737 = CARTESIAN_POINT ( 'NONE',  ( 1.227197349479329791, -0.07183592886569595271, 0.07569927411976716536 ) ) ;
#4738 = CARTESIAN_POINT ( 'NONE',  ( 1.057086614172999983, 0.000000000000000000, -0.1023622047244000105 ) ) ;
#4739 = CARTESIAN_POINT ( 'NONE',  ( 0.000000000000000000, 0.000000000000000000, 0.000000000000000000 ) ) ;
#4740 = ORIENTED_EDGE ( 'NONE', *, *, #7992, .T. ) ;
#4741 = EDGE_CURVE ( 'NONE', #5260, #7150, #1229, .T. ) ;
#4742 = CARTESIAN_POINT ( 'NONE',  ( 1.050717246959000040, 0.02700979982167000040, -0.1008016175451000029 ) ) ;
#4743 = DIRECTION ( 'NONE',  ( 1.000000000000000000, 0.000000000000000000, 0.000000000000000000 ) ) ;
#4744 = CARTESIAN_POINT ( 'NONE',  ( 0.5787401574803000548, 0.09693842135412991667, -0.07415168411053996156 ) ) ;
#4745 = CARTESIAN_POINT ( 'NONE',  ( 1.167417056127999953, 0.1022864650138999992, 0.05905511811023995972 ) ) ;
#4746 = CARTESIAN_POINT ( 'NONE',  ( 1.229176735129000164, 0.1050763444793000045, 0.03112503123606000233 ) ) ;
#4747 = ORIENTED_EDGE ( 'NONE', *, *, #4585, .T. ) ;
#4748 = ORIENTED_EDGE ( 'NONE', *, *, #807, .T. ) ;
#4749 = CARTESIAN_POINT ( 'NONE',  ( 1.072271838424253998, -0.05948120771448961452, -0.1031986475721526075 ) ) ;
#4750 = FACE_OUTER_BOUND ( 'NONE', #5030, .T. ) ;
#4751 = CARTESIAN_POINT ( 'NONE',  ( 1.318652047301000163, 0.1098228713135999957, -0.05178411356853999947 ) ) ;
#4752 = CARTESIAN_POINT ( 'NONE',  ( 1.317515481325249649, 0.09444883965335063025, -0.07258425826477041265 ) ) ;
#4753 = CARTESIAN_POINT ( 'NONE',  ( 0.6673228346457008575, 0.000000000000000000, 0.000000000000000000 ) ) ;
#4754 = FACE_OUTER_BOUND ( 'NONE', #6431, .T. ) ;
#4755 = CARTESIAN_POINT ( 'NONE',  ( -0.002765821536155000076, 4.729723557251000419E-12, 0.2992125984251968740 ) ) ;
#4756 = DIRECTION ( 'NONE',  ( 0.000000000000000000, 0.000000000000000000, -1.000000000000000000 ) ) ;
#4757 = LINE ( 'NONE', #998, #4610 ) ;
#4758 = AXIS2_PLACEMENT_3D ( 'NONE', #3260, #5633, #1024 ) ;
#4759 = CARTESIAN_POINT ( 'NONE',  ( 0.7268675659661004707, -0.01551150642785999872, 0.2010874045129000254 ) ) ;
#4760 = CARTESIAN_POINT ( 'NONE',  ( 1.319553805774000166, -0.08864826967872008190, 0.05118110236220000525 ) ) ;
#4761 = ORIENTED_EDGE ( 'NONE', *, *, #9159, .F. ) ;
#4762 = ORIENTED_EDGE ( 'NONE', *, *, #7615, .T. ) ;
#4763 = CARTESIAN_POINT ( 'NONE',  ( 1.180078495110000070, 0.07543737144847008358, -0.07158739288719999372 ) ) ;
#4764 = EDGE_CURVE ( 'NONE', #9010, #3486, #1265, .T. ) ;
#4765 = CARTESIAN_POINT ( 'NONE',  ( 0.7244094488188976833, -0.01574803149606000124, -0.1536382109453000022 ) ) ;
#4766 = CARTESIAN_POINT ( 'NONE',  ( 1.162507077017000068, 0.08554360033863997459, -0.07699384149817990741 ) ) ;
#4767 = CARTESIAN_POINT ( 'NONE',  ( 1.174088171556999960, 0.1014506417467999910, 0.01066289211801000128 ) ) ;
#4768 = CARTESIAN_POINT ( 'NONE',  ( 1.110356357010999995, -0.08324835442798994567, 0.06219553300606004559 ) ) ;
#4769 = CARTESIAN_POINT ( 'NONE',  ( 1.011811023621999928, 0.1181102362205000006, 0.000000000000000000 ) ) ;
#4770 = CARTESIAN_POINT ( 'NONE',  ( 0.5790964197264000246, -0.01574803149606000124, -0.1494448002579999990 ) ) ;
#4771 = CARTESIAN_POINT ( 'NONE',  ( 0.7362204724408996093, -0.003937007874016000379, -0.1574310946703000036 ) ) ;
#4772 = CIRCLE ( 'NONE', #5738, 0.1574803149605999708 ) ;
#4773 = ORIENTED_EDGE ( 'NONE', *, *, #5589, .T. ) ;
#4774 = VERTEX_POINT ( 'NONE', #9384 ) ;
#4775 = B_SPLINE_CURVE_WITH_KNOTS ( 'NONE', 3,
 ( #8230, #1301, #5762, #8948, #500, #8847 ),
 .UNSPECIFIED., .F., .F.,
 ( 4, 1, 1, 4 ),
 ( 0.000000000000000000, 0.3333333333333000081, 0.6666666666667000474, 1.000000000000000000 ),
 .UNSPECIFIED. ) ;
#4776 = CARTESIAN_POINT ( 'NONE',  ( 1.089348280783000167, -0.06038604144930000139, 0.1045916918583999905 ) ) ;
#4777 = CARTESIAN_POINT ( 'NONE',  ( 0.7077880313856003136, 0.1766181753184000169, -0.08378629061696003799 ) ) ;
#4778 = TOROIDAL_SURFACE ( 'NONE', #6047, 0.3740157480314960647, 0.09842519685038997324 ) ;
#4779 = CARTESIAN_POINT ( 'NONE',  ( 0.7280600717204999128, -0.1669210694110000448, -0.1138883778692999921 ) ) ;
#4780 = CARTESIAN_POINT ( 'NONE',  ( 1.346466290385999853, 0.08185306293017007018, 0.06383566807166003720 ) ) ;
#4781 = DIRECTION ( 'NONE',  ( -1.000000000000000000, 0.000000000000000000, 0.000000000000000000 ) ) ;
#4782 = CARTESIAN_POINT ( 'NONE',  ( 1.302985593715388690, 0.1043217069379000495, -0.002731760046629999519 ) ) ;
#4783 = DIRECTION ( 'NONE',  ( 1.000000000000000000, 0.000000000000000000, 0.000000000000000000 ) ) ;
#4784 = CARTESIAN_POINT ( 'NONE',  ( 1.250192312575000075, 0.06567428234212992211, -0.08110098452177991191 ) ) ;
#4785 = CARTESIAN_POINT ( 'NONE',  ( 1.205614439934500126, -0.03091510445189072157, 0.1150361429136074198 ) ) ;
#4786 = DIRECTION ( 'NONE',  ( -1.000000000000000000, 0.000000000000000000, 0.000000000000000000 ) ) ;
#4787 = CARTESIAN_POINT ( 'NONE',  ( 0.7244094488188976833, -0.01574803149606000124, 0.1536382109453000022 ) ) ;
#4788 = VERTEX_POINT ( 'NONE', #7148 ) ;
#4789 = EDGE_CURVE ( 'NONE', #8595, #369, #4802, .T. ) ;
#4790 = AXIS2_PLACEMENT_3D ( 'NONE', #174, #2342, #3208 ) ;
#4791 = AXIS2_PLACEMENT_3D ( 'NONE', #5437, #3765, #8465 ) ;
#4792 = B_SPLINE_CURVE_WITH_KNOTS ( 'NONE', 3,
 ( #382, #6541, #8833, #4281, #4892, #435, #3525, #4989, #2714, #5795, #2765 ),
 .UNSPECIFIED., .F., .F.,
 ( 4, 1, 1, 1, 1, 1, 1, 1, 4 ),
 ( 0.000000000000000000, 0.1250000000000000000, 0.2500000000000000000, 0.3750000000000000000, 0.5000000000000000000, 0.6250000000000000000, 0.7500000000000000000, 0.8750000000000000000, 1.000000000000000000 ),
 .UNSPECIFIED. ) ;
#4793 = CARTESIAN_POINT ( 'NONE',  ( 1.044376150325000197, -0.008188164623481004184, -0.1040356027308000086 ) ) ;
#4794 = CIRCLE ( 'NONE', #423, 0.1181102362205000006 ) ;
#4795 = CARTESIAN_POINT ( 'NONE',  ( 1.314055608205000114, -0.01090832490354999920, 0.1037857943025000118 ) ) ;
#4796 = DIRECTION ( 'NONE',  ( 1.000000000000000000, 0.000000000000000000, 0.000000000000000000 ) ) ;
#4797 = CARTESIAN_POINT ( 'NONE',  ( 0.4921259842520000483, -0.5314960629921000601, 0.3740157480314960647 ) ) ;
#4798 = CARTESIAN_POINT ( 'NONE',  ( 1.281456447865999992, -0.09971518846662992541, 0.02953698447650000142 ) ) ;
#4799 = VECTOR ( 'NONE', #3635, 39.37007874015748143 ) ;
#4800 = ORIENTED_EDGE ( 'NONE', *, *, #8887, .T. ) ;
#4801 = ADVANCED_FACE ( 'NONE', ( #2646 ), #5734, .F. ) ;
#4802 = CIRCLE ( 'NONE', #6394, 0.2263779527559000304 ) ;
#4803 = ORIENTED_EDGE ( 'NONE', *, *, #8131, .F. ) ;
#4804 = CYLINDRICAL_SURFACE ( 'NONE', #7414, 0.3149606299213000282 ) ;
#4805 = CARTESIAN_POINT ( 'NONE',  ( 1.170026736814000046, -0.08110098451943996423, -0.06567428234383995700 ) ) ;
#4806 = CARTESIAN_POINT ( 'NONE',  ( 1.309012939689999877, -0.04819225909385000534, -0.1114457833163999961 ) ) ;
#4807 = CARTESIAN_POINT ( 'NONE',  ( 0.6498031496062991463, -0.5314960629921000601, 0.3740157480314960647 ) ) ;
#4808 = AXIS2_PLACEMENT_3D ( 'NONE', #4897, #9446, #6399 ) ;
#4809 = CARTESIAN_POINT ( 'NONE',  ( 1.050921258579000206, 0.0007450085666821003533, -0.1020445245444999982 ) ) ;
#4810 = CARTESIAN_POINT ( 'NONE',  ( 0.7361458027627009182, -0.1334982700328000149, -0.08350512722514999431 ) ) ;
#4811 = DIRECTION ( 'NONE',  ( 1.000000000000000000, 0.000000000000000000, 0.000000000000000000 ) ) ;
#4812 = DIRECTION ( 'NONE',  ( 0.7071067811865475727, 0.000000000000000000, -0.7071067811865475727 ) ) ;
#4813 = CARTESIAN_POINT ( 'NONE',  ( 0.5986837114371004187, -0.1457876267656000036, -0.06598626511072991363 ) ) ;
#4814 = CARTESIAN_POINT ( 'NONE',  ( 1.229112060309999865, 0.08975114846854999329, -0.08081229706146003666 ) ) ;
#4815 = ORIENTED_EDGE ( 'NONE', *, *, #4261, .T. ) ;
#4816 = CIRCLE ( 'NONE', #7400, 0.3740157480314960647 ) ;
#4817 = CARTESIAN_POINT ( 'NONE',  ( 1.177945949177999996, 0.04721403516448000048, -0.09266276086047006699 ) ) ;
#4818 = ORIENTED_EDGE ( 'NONE', *, *, #2247, .T. ) ;
#4819 = CARTESIAN_POINT ( 'NONE',  ( -0.06692913385827008177, 0.000000000000000000, 0.000000000000000000 ) ) ;
#4820 = CARTESIAN_POINT ( 'NONE',  ( 1.131176532562000014, 0.09810473386976004129, 0.06017658064541003826 ) ) ;
#4821 = CARTESIAN_POINT ( 'NONE',  ( 1.200777333113000056, 0.01714353714179999918, -0.1082400335958999954 ) ) ;
#4822 = CARTESIAN_POINT ( 'NONE',  ( 1.106178951083999884, -0.02696220659357000116, 0.1003574225280999960 ) ) ;
#4823 = CARTESIAN_POINT ( 'NONE',  ( 0.8661417314172992210, 0.09349875700218997221, -0.1732283472187000350 ) ) ;
#4824 = CARTESIAN_POINT ( 'NONE',  ( 1.109908165894364362, 0.08752153665226003465, 0.05683715047030001716 ) ) ;
#4825 = ORIENTED_EDGE ( 'NONE', *, *, #532, .F. ) ;
#4826 = ORIENTED_EDGE ( 'NONE', *, *, #4977, .F. ) ;
#4827 = ORIENTED_EDGE ( 'NONE', *, *, #9894, .F. ) ;
#4828 = CARTESIAN_POINT ( 'NONE',  ( 1.196363339102000101, 0.07677625263922992216, 0.08386786102918995789 ) ) ;
#4829 = AXIS2_PLACEMENT_3D ( 'NONE', #9104, #9819, #2887 ) ;
#4830 = CARTESIAN_POINT ( 'NONE',  ( 0.6104330708661004357, 0.4370078740156999597, 0.3543307086614000401 ) ) ;
#4831 = CARTESIAN_POINT ( 'NONE',  ( 1.316679406585000045, -0.09759908877285000672, 0.03849525599911000212 ) ) ;
#4832 = CARTESIAN_POINT ( 'NONE',  ( 1.347606853238999980, 0.1031568429544000021, 0.03637785929785000011 ) ) ;
#4833 = CARTESIAN_POINT ( 'NONE',  ( 0.6285072769383996949, -0.01574803149606000124, 0.1689872961650000227 ) ) ;
#4834 = CARTESIAN_POINT ( 'NONE',  ( 1.236876669830482500, -0.04244600606646999758, 0.09533529053064002112 ) ) ;
#4835 = CARTESIAN_POINT ( 'NONE',  ( 0.9842519685038996213, 0.000000000000000000, 0.000000000000000000 ) ) ;
#4836 = CARTESIAN_POINT ( 'NONE',  ( 1.226734307325999973, -0.008187792543228997535, 0.1040357683916000170 ) ) ;
#4837 = CARTESIAN_POINT ( 'NONE',  ( 0.6102362204723996708, -0.3543307086614000401, 0.3543307086614000401 ) ) ;
#4838 = TOROIDAL_SURFACE ( 'NONE', #3044, 0.2133049650658000174, 0.01181102362204999867 ) ;
#4839 = PLANE ( 'NONE',  #3065 ) ;
#4840 = ORIENTED_EDGE ( 'NONE', *, *, #1628, .F. ) ;
#4841 = CARTESIAN_POINT ( 'NONE',  ( 1.104087436414000090, -0.002731760035867999720, 0.1043217069389999890 ) ) ;
#4842 = CIRCLE ( 'NONE', #307, 0.1988188976378000294 ) ;
#4843 = EDGE_CURVE ( 'NONE', #1061, #5048, #3337, .T. ) ;
#4844 = CARTESIAN_POINT ( 'NONE',  ( 1.258609413979999925, 0.06567428234212992211, -0.08110098452177991191 ) ) ;
#4845 = EDGE_CURVE ( 'NONE', #4624, #8471, #5116, .T. ) ;
#4846 = CARTESIAN_POINT ( 'NONE',  ( 1.405511811032000180, 3.938926209335000074E-12, 0.07874015747192993075 ) ) ;
#4847 = CARTESIAN_POINT ( 'NONE',  ( 1.166323442829666712, 0.1125935275257113205, 0.04120276216306606454 ) ) ;
#4848 = CARTESIAN_POINT ( 'NONE',  ( 1.275058810070999860, -0.02691662355562000203, 0.1004542066778000148 ) ) ;
#4849 = AXIS2_PLACEMENT_3D ( 'NONE', #2824, #2779, #9602 ) ;
#4850 = ORIENTED_EDGE ( 'NONE', *, *, #8553, .F. ) ;
#4851 = DIRECTION ( 'NONE',  ( 0.000000000000000000, 1.000000000000000000, 0.000000000000000000 ) ) ;
#4852 = CARTESIAN_POINT ( 'NONE',  ( 1.076194715816999992, 0.01632510462535999990, 0.1030726540376999956 ) ) ;
#4853 = CARTESIAN_POINT ( 'NONE',  ( 0.7352433518528995737, 0.1315870255481000062, -0.08606170044527008955 ) ) ;
#4854 = CARTESIAN_POINT ( 'NONE',  ( 0.5787401574803000548, 0.01574803149606000124, -0.1469816999198000074 ) ) ;
#4855 = EDGE_CURVE ( 'NONE', #2846, #6383, #5952, .T. ) ;
#4856 = AXIS2_PLACEMENT_3D ( 'NONE', #8453, #68, #9219 ) ;
#4857 = DIRECTION ( 'NONE',  ( 1.000000000000000000, 0.000000000000000000, 0.000000000000000000 ) ) ;
#4858 = EDGE_CURVE ( 'NONE', #6792, #7546, #5917, .T. ) ;
#4859 = CARTESIAN_POINT ( 'NONE',  ( 1.095238578438000099, 0.000000000000000000, 0.1181102362205000006 ) ) ;
#4860 = CARTESIAN_POINT ( 'NONE',  ( 0.7322726316473996411, 0.01280516236975000333, -0.1559417421908000090 ) ) ;
#4861 = CARTESIAN_POINT ( 'NONE',  ( 0.4921259842520000483, -0.3543307086614000401, 0.3543307086614000401 ) ) ;
#4862 = CARTESIAN_POINT ( 'NONE',  ( 1.290955892331000054, -0.1157986565047000038, 0.03430112475518000414 ) ) ;
#4863 = ORIENTED_EDGE ( 'NONE', *, *, #1969, .T. ) ;
#4864 = VECTOR ( 'NONE', #7548, 39.37007874015748143 ) ;
#4865 = CARTESIAN_POINT ( 'NONE',  ( 1.064921014795000120, 0.09971518655524999608, -0.02953698362550000178 ) ) ;
#4866 = DIRECTION ( 'NONE',  ( 1.000000000000000000, 0.000000000000000000, 0.000000000000000000 ) ) ;
#4867 = CARTESIAN_POINT ( 'NONE',  ( 1.114466908852999927, -0.05973700350938996456, -0.09837301498657008425 ) ) ;
#4868 = CARTESIAN_POINT ( 'NONE',  ( 1.281814078520000066, 0.05479462961503000357, -0.09490708247489999805 ) ) ;
#4869 = EDGE_CURVE ( 'NONE', #4061, #594, #5475, .T. ) ;
#4870 = CARTESIAN_POINT ( 'NONE',  ( 0.9645669291338997420, -0.2755905511811023723, 0.000000000000000000 ) ) ;
#4871 = CARTESIAN_POINT ( 'NONE',  ( 1.124835987416364258, -0.1026099921947999927, 0.01901763795381000016 ) ) ;
#4872 = EDGE_LOOP ( 'NONE', ( #7896, #381, #5807, #3598, #668 ) ) ;
#4873 = VERTEX_POINT ( 'NONE', #3638 ) ;
#4874 = ORIENTED_EDGE ( 'NONE', *, *, #1268, .T. ) ;
#4875 = CIRCLE ( 'NONE', #1148, 0.1574803149606000263 ) ;
#4876 = CARTESIAN_POINT ( 'NONE',  ( 1.136264291282000016, -0.1192851781487999918, -0.01889291618010999901 ) ) ;
#4877 = CARTESIAN_POINT ( 'NONE',  ( 0.7244094488188976833, -0.1251805779226000115, 0.09045730080782006521 ) ) ;
#4878 = CARTESIAN_POINT ( 'NONE',  ( 1.357645613934000073, -0.1041502681473000097, 0.01265890236404999987 ) ) ;
#4879 = CARTESIAN_POINT ( 'NONE',  ( 1.380906907183000021, 0.1030006624734000065, -0.01287475324938999917 ) ) ;
#4880 = CARTESIAN_POINT ( 'NONE',  ( 0.01181102362204999867, 0.000000000000000000, 0.000000000000000000 ) ) ;
#4881 = LINE ( 'NONE', #7145, #3001 ) ;
#4882 = CARTESIAN_POINT ( 'NONE',  ( 0.7283464566928996575, 0.000000000000000000, 0.000000000000000000 ) ) ;
#4883 = CARTESIAN_POINT ( 'NONE',  ( 0.6102362204723996708, -0.3543307086614000401, -0.3543307086614000401 ) ) ;
#4884 = CARTESIAN_POINT ( 'NONE',  ( 0.7360889429602007761, 0.006083609969263995693, -0.2110744122274000323 ) ) ;
#4885 = ORIENTED_EDGE ( 'NONE', *, *, #9496, .T. ) ;
#4886 = CIRCLE ( 'NONE', #518, 0.1535433070865999949 ) ;
#4887 = CARTESIAN_POINT ( 'NONE',  ( 1.076841474055749703, 0.1181102362204999590, 0.01546059376767032305 ) ) ;
#4888 = CARTESIAN_POINT ( 'NONE',  ( 0.8346456692912992414, 0.000000000000000000, 0.1574803149606000263 ) ) ;
#4889 = DIRECTION ( 'NONE',  ( 0.000000000000000000, 0.000000000000000000, 1.000000000000000000 ) ) ;
#4890 = DIRECTION ( 'NONE',  ( 1.000000000000000000, 0.000000000000000000, 0.000000000000000000 ) ) ;
#4891 = CARTESIAN_POINT ( 'NONE',  ( 1.294251723456000036, 0.01895210237017000074, -0.1022563938278000101 ) ) ;
#4892 = CARTESIAN_POINT ( 'NONE',  ( 0.7322039756092009188, -0.1702081562578999785, 0.1131290393270000111 ) ) ;
#4893 = EDGE_CURVE ( 'NONE', #857, #5060, #6243, .T. ) ;
#4894 = DIRECTION ( 'NONE',  ( 1.000000000000000000, 0.000000000000000000, 0.000000000000000000 ) ) ;
#4895 = CARTESIAN_POINT ( 'NONE',  ( 1.112447996657000004, 0.06352880112627991294, 0.08279234553396004614 ) ) ;
#4896 = CARTESIAN_POINT ( 'NONE',  ( 1.304950090469000124, -0.1157935334305000008, -0.001030886278948999922 ) ) ;
#4897 = CARTESIAN_POINT ( 'NONE',  ( 0.3937007874016000275, 0.000000000000000000, 0.000000000000000000 ) ) ;
#4898 = DIRECTION ( 'NONE',  ( 0.000000000000000000, 0.8660254037844288266, -0.5000000000000169864 ) ) ;
#4899 = CARTESIAN_POINT ( 'NONE',  ( 1.103440678175499956, -0.1150361429136074615, 0.03091510445189059667 ) ) ;
#4900 = CARTESIAN_POINT ( 'NONE',  ( -0.02572414464757000196, 0.000000000000000000, 0.000000000000000000 ) ) ;
#4901 = CARTESIAN_POINT ( 'NONE',  ( -0.8092125984251968829, 0.3740157480314960647, 0.3740157480314960647 ) ) ;
#4902 = CARTESIAN_POINT ( 'NONE',  ( 1.226979514379000102, 0.05762745735007999970, -0.1061365731834999909 ) ) ;
#4903 = EDGE_CURVE ( 'NONE', #5560, #4372, #6237, .T. ) ;
#4904 = ORIENTED_EDGE ( 'NONE', *, *, #9280, .F. ) ;
#4905 = EDGE_CURVE ( 'NONE', #3503, #9893, #5207, .T. ) ;
#4906 = CARTESIAN_POINT ( 'NONE',  ( 1.156620489860999967, -0.02162236829341000061, 0.1017252449114000035 ) ) ;
#4907 = VECTOR ( 'NONE', #3125, 39.37007874015748854 ) ;
#4908 = DIRECTION ( 'NONE',  ( -1.000000000000000000, 0.000000000000000000, 0.000000000000000000 ) ) ;
#4909 = CARTESIAN_POINT ( 'NONE',  ( 1.064338037723999930, -0.08861883275876004940, 0.07343338577423995372 ) ) ;
#4910 = CARTESIAN_POINT ( 'NONE',  ( 1.303139537837000317, -0.07749129636727992987, 0.07749142232388996077 ) ) ;
#4911 = CARTESIAN_POINT ( 'NONE',  ( 0.9999994263158000773, 0.1600069736175617208, -0.1160143121460308208 ) ) ;
#4912 = DIRECTION ( 'NONE',  ( 1.000000000000000000, 0.000000000000000000, 0.000000000000000000 ) ) ;
#4913 = CARTESIAN_POINT ( 'NONE',  ( 1.099245436235364082, 0.04492704785243999827, -0.09419151460094998818 ) ) ;
#4914 = CARTESIAN_POINT ( 'NONE',  ( 1.562992125983999836, 0.000000000000000000, 0.000000000000000000 ) ) ;
#4915 = B_SPLINE_CURVE_WITH_KNOTS ( 'NONE', 3,
 ( #9351, #3432, #9038, #8073, #6655, #1246, #3582, #495, #3532, #1147, #8178, #6550, #2012, #541, #1963, #5094, #4342, #7309 ),
 .UNSPECIFIED., .F., .F.,
 ( 4, 2, 2, 2, 2, 2, 2, 2, 4 ),
 ( 0.000000000000000000, 0.1250000000000000000, 0.2500000000000000000, 0.3750000000000000000, 0.5000000000000000000, 0.6250000000000000000, 0.7500000000000000000, 0.8750000000000000000, 1.000000000000000000 ),
 .UNSPECIFIED. ) ;
#4916 = ORIENTED_EDGE ( 'NONE', *, *, #2508, .F. ) ;
#4917 = ORIENTED_EDGE ( 'NONE', *, *, #7518, .F. ) ;
#4918 = VERTEX_POINT ( 'NONE', #1358 ) ;
#4919 = ADVANCED_FACE ( 'NONE', ( #653 ), #9811, .F. ) ;
#4920 = CARTESIAN_POINT ( 'NONE',  ( 1.176782663985000088, -0.1138447763070000035, -0.04031454967512000664 ) ) ;
#4921 = CARTESIAN_POINT ( 'NONE',  ( 0.7261126622680000864, -0.1256098110564000114, 0.09061112456671002735 ) ) ;
#4922 = CARTESIAN_POINT ( 'NONE',  ( 1.335346618703999955, 0.03705973968298999915, -0.09815346062893996748 ) ) ;
#4923 = ORIENTED_EDGE ( 'NONE', *, *, #1441, .F. ) ;
#4924 = CARTESIAN_POINT ( 'NONE',  ( 1.324181185399000205, -0.1006417381748000023, -0.02541954189394000224 ) ) ;
#4925 = B_SPLINE_CURVE_WITH_KNOTS ( 'NONE', 3,
 ( #8249, #614, #7392, #8966, #2989, #2890, #471, #7592, #663, #6633, #5971, #9917, #5928, #3700 ),
 .UNSPECIFIED., .F., .F.,
 ( 4, 1, 1, 1, 1, 1, 1, 1, 1, 1, 1, 4 ),
 ( 0.000000000000000000, 0.09090909090909000956, 0.1818181818182000031, 0.2727272727273000186, 0.3636363636364000063, 0.4545454545454999939, 0.5454545454545000061, 0.6363636363636000493, 0.7272727272726999814, 0.8181818181818000246, 0.9090909090908999568, 1.000000000000000000 ),
 .UNSPECIFIED. ) ;
#4926 = LINE ( 'NONE', #9475, #1703 ) ;
#4927 = CARTESIAN_POINT ( 'NONE',  ( 1.011811023621999928, 6.792578434980000706E-07, -1.159127080613000099E-06 ) ) ;
#4928 = CARTESIAN_POINT ( 'NONE',  ( 0.7401574803150000603, 0.000000000000000000, -0.1535433070865999949 ) ) ;
#4929 = DIRECTION ( 'NONE',  ( 1.000000000000000000, 0.000000000000000000, 0.000000000000000000 ) ) ;
#4930 = CARTESIAN_POINT ( 'NONE',  ( 1.138709707046749786, -0.07258425826477071796, 0.09444883965335038045 ) ) ;
#4931 = EDGE_LOOP ( 'NONE', ( #1988, #1898, #895, #4218 ) ) ;
#4932 = ORIENTED_EDGE ( 'NONE', *, *, #1488, .T. ) ;
#4933 = ADVANCED_FACE ( 'NONE', ( #604 ), #4477, .F. ) ;
#4934 = CARTESIAN_POINT ( 'NONE',  ( 1.080122313950749646, 0.09444883965335013065, 0.07258425826477106491 ) ) ;
#4935 = DIRECTION ( 'NONE',  ( 0.000000000000000000, 0.000000000000000000, -1.000000000000000000 ) ) ;
#4936 = CARTESIAN_POINT ( 'NONE',  ( 1.260741959910999910, 0.08897936835737992045, -0.05452662705760000228 ) ) ;
#4937 = VECTOR ( 'NONE', #1662, 39.37007874015748143 ) ;
#4938 = CARTESIAN_POINT ( 'NONE',  ( 1.266309977992165825, 0.05948255673673448485, -0.1032031167347787909 ) ) ;
#4939 = DIRECTION ( 'NONE',  ( 1.000000000000000000, 0.000000000000000000, 0.000000000000000000 ) ) ;
#4940 = VERTEX_POINT ( 'NONE', #2880 ) ;
#4941 = DIRECTION ( 'NONE',  ( 1.000000000000000000, 0.000000000000000000, 0.000000000000000000 ) ) ;
#4942 = CARTESIAN_POINT ( 'NONE',  ( 0.5830288604789000129, -0.1412995484338999963, -0.06339507187777992936 ) ) ;
#4943 = CARTESIAN_POINT ( 'NONE',  ( 1.093255083270999961, -0.05683715047029000433, -0.08752153665227008217 ) ) ;
#4944 = CARTESIAN_POINT ( 'NONE',  ( 1.374076916068000198, -0.06200247697558996379, 0.1009414218523000117 ) ) ;
#4945 = DIRECTION ( 'NONE',  ( 0.000000000000000000, 0.000000000000000000, -1.000000000000000000 ) ) ;
#4946 = DIRECTION ( 'NONE',  ( 0.000000000000000000, 0.000000000000000000, 1.000000000000000000 ) ) ;
#4947 = CARTESIAN_POINT ( 'NONE',  ( 0.7244094488188976833, -0.01574803149606000124, 0.2002676082188999951 ) ) ;
#4948 = FACE_OUTER_BOUND ( 'NONE', #5294, .T. ) ;
#4949 = AXIS2_PLACEMENT_3D ( 'NONE', #2039, #564, #2945 ) ;
#4950 = FACE_OUTER_BOUND ( 'NONE', #3264, .T. ) ;
#4951 = AXIS2_PLACEMENT_3D ( 'NONE', #588, #7562, #634 ) ;
#4952 = CARTESIAN_POINT ( 'NONE',  ( 1.322944081308000230, -0.01262411928322000089, 0.1201104898106000046 ) ) ;
#4953 = VERTEX_POINT ( 'NONE', #9625 ) ;
#4954 = ORIENTED_EDGE ( 'NONE', *, *, #7068, .T. ) ;
#4955 = CARTESIAN_POINT ( 'NONE',  ( 1.054258285136000062, -0.04149098542138999340, -0.09319027904196003353 ) ) ;
#4956 = VECTOR ( 'NONE', #3417, 39.37007874015748143 ) ;
#4957 = DIRECTION ( 'NONE',  ( 0.000000000000000000, 0.000000000000000000, 1.000000000000000000 ) ) ;
#4958 = CARTESIAN_POINT ( 'NONE',  ( 1.135353938489000125, 0.03988597067845000427, 0.1079577186163999947 ) ) ;
#4959 = CARTESIAN_POINT ( 'NONE',  ( 1.257322137713999810, -0.02981095129919000483, 0.1112559848705000076 ) ) ;
#4960 = DIRECTION ( 'NONE',  ( 0.000000000000000000, -0.8782547285461282938, -0.4781930904837151664 ) ) ;
#4961 = APPLICATION_PROTOCOL_DEFINITION ( 'draft international standard', 'automotive_design', 1998, #5129 ) ;
#4962 = CARTESIAN_POINT ( 'NONE',  ( 1.129101079280364184, -0.09171112839325000488, -0.04979507988139000169 ) ) ;
#4963 = FILL_AREA_STYLE_COLOUR ( '', #9924 ) ;
#4964 = ADVANCED_FACE ( 'NONE', ( #701 ), #1391, .T. ) ;
#4965 = DIRECTION ( 'NONE',  ( -1.000000000000000000, 0.000000000000000000, 0.000000000000000000 ) ) ;
#4966 = EDGE_LOOP ( 'NONE', ( #3666, #7075, #8440, #408, #7567, #6816, #7385, #5293, #5273, #7239 ) ) ;
#4967 = VERTEX_POINT ( 'NONE', #6767 ) ;
#4968 = CARTESIAN_POINT ( 'NONE',  ( 1.100011010442000003, -0.09581493538187993431, -0.07352138576997992170 ) ) ;
#4969 = DIRECTION ( 'NONE',  ( 0.000000000000000000, -0.01754744605140035746, -0.9998460317154204136 ) ) ;
#4970 = CARTESIAN_POINT ( 'NONE',  ( 1.364874944642000099, -0.05376119431681999905, -0.09009583869482007401 ) ) ;
#4971 = CARTESIAN_POINT ( 'NONE',  ( 1.318103429493000078, -0.07651842533562992765, 0.06746006643424999616 ) ) ;
#4972 = CARTESIAN_POINT ( 'NONE',  ( 1.562992125983999836, 0.000000000000000000, 0.000000000000000000 ) ) ;
#4973 = CARTESIAN_POINT ( 'NONE',  ( 1.228346486103482516, 0.08442696480807007631, 0.06133978044347008357 ) ) ;
#4974 = FACE_OUTER_BOUND ( 'NONE', #5013, .T. ) ;
#4975 = EDGE_CURVE ( 'NONE', #727, #769, #6686, .T. ) ;
#4976 = CARTESIAN_POINT ( 'NONE',  ( 0.5393700787402000429, 0.000000000000000000, 0.000000000000000000 ) ) ;
#4977 = EDGE_CURVE ( 'NONE', #5286, #5220, #2366, .T. ) ;
#4978 = ORIENTED_EDGE ( 'NONE', *, *, #3646, .F. ) ;
#4979 = ORIENTED_EDGE ( 'NONE', *, *, #8612, .F. ) ;
#4980 = ORIENTED_EDGE ( 'NONE', *, *, #1336, .F. ) ;
#4981 = ORIENTED_EDGE ( 'NONE', *, *, #1867, .F. ) ;
#4982 = CARTESIAN_POINT ( 'NONE',  ( 1.125412895731999985, 0.02963912214327999936, -0.1000599994510000118 ) ) ;
#4983 = CARTESIAN_POINT ( 'NONE',  ( 1.166721273023000105, 0.1090071540550999890, 0.05199325309835000491 ) ) ;
#4984 = AXIS2_PLACEMENT_3D ( 'NONE', #6822, #862, #9207 ) ;
#4985 = CARTESIAN_POINT ( 'NONE',  ( 1.307714511572000138, 0.02436176678408999777, 0.1014740604109000133 ) ) ;
#4986 = LINE ( 'NONE', #3468, #7367 ) ;
#4987 = CARTESIAN_POINT ( 'NONE',  ( 1.007949305156000230, 0.09147134283232007113, 0.1652790049570999897 ) ) ;
#4988 = ORIENTED_EDGE ( 'NONE', *, *, #6312, .T. ) ;
#4989 = CARTESIAN_POINT ( 'NONE',  ( 0.7355155426311004163, -0.1768889817957000066, 0.1115214455381000058 ) ) ;
#4990 = CARTESIAN_POINT ( 'NONE',  ( 1.172885122619666376, 0.02061412502355806572, 0.1181102362205000839 ) ) ;
#4991 = CARTESIAN_POINT ( 'NONE',  ( 1.078327261749000066, -0.01901763795452000166, 0.1026099921951000027 ) ) ;
#4992 = CARTESIAN_POINT ( 'NONE',  ( 0.7276665990876004519, 0.1820353056249000012, -0.08743401769817008007 ) ) ;
#4993 = DIRECTION ( 'NONE',  ( -1.000000000000000000, -3.233024715394000132E-14, 0.000000000000000000 ) ) ;
#4994 = CARTESIAN_POINT ( 'NONE',  ( -0.01636863887313999913, 0.000000000000000000, 0.000000000000000000 ) ) ;
#4995 = CARTESIAN_POINT ( 'NONE',  ( 1.099339628306750027, -0.07258425826477071796, 0.09444883965335038045 ) ) ;
#4996 = CARTESIAN_POINT ( 'NONE',  ( 0.9841847292165000205, 0.09564333788652007451, -0.1818135286545999874 ) ) ;
#4997 = CARTESIAN_POINT ( 'NONE',  ( 0.3937007874016000275, -1.527766628484000257E-13, 0.3740157480314960647 ) ) ;
#4998 = AXIS2_PLACEMENT_3D ( 'NONE', #3255, #7950, #9423 ) ;
#4999 = DIRECTION ( 'NONE',  ( -1.000000000000000000, 2.565904965803999813E-14, 0.000000000000000000 ) ) ;
#5000 = ORIENTED_EDGE ( 'NONE', *, *, #9430, .T. ) ;
#5001 = ORIENTED_EDGE ( 'NONE', *, *, #6014, .F. ) ;
#5002 = CARTESIAN_POINT ( 'NONE',  ( 0.7283464566928996575, 0.000000000000000000, -0.2185039370079000232 ) ) ;
#5003 = VECTOR ( 'NONE', #2410, 39.37007874015748143 ) ;
#5004 = EDGE_CURVE ( 'NONE', #1870, #617, #2690, .T. ) ;
#5005 = CARTESIAN_POINT ( 'NONE',  ( 0.5787401574803000548, 0.000000000000000000, 0.000000000000000000 ) ) ;
#5006 = CARTESIAN_POINT ( 'NONE',  ( 1.159340595528999929, 0.08969628928271004831, -0.08073148491142008443 ) ) ;
#5007 = CARTESIAN_POINT ( 'NONE',  ( 1.229599040601000004, -0.09820766630687993715, -0.06018173531423996053 ) ) ;
#5008 = CARTESIAN_POINT ( 'NONE',  ( -0.03507965042200000133, 0.000000000000000000, -0.2750715554070999880 ) ) ;
#5009 = LENGTH_MEASURE_WITH_UNIT ( LENGTH_MEASURE( 0.02539999999999999897 ), #350 );
#5010 = CARTESIAN_POINT ( 'NONE',  ( 1.107775619962364289, 0.1014740624988999945, 0.02436176700353999761 ) ) ;
#5011 = CARTESIAN_POINT ( 'NONE',  ( 1.186215934623000123, 0.01090832490354999920, 0.1037857943025000118 ) ) ;
#5012 = CARTESIAN_POINT ( 'NONE',  ( 0.7256451611656005163, -0.1659362109552999787, 0.1139377567062000163 ) ) ;
#5013 = EDGE_LOOP ( 'NONE', ( #8858, #4818 ) ) ;
#5014 = AXIS2_PLACEMENT_3D ( 'NONE', #371, #7341, #9071 ) ;
#5015 = ORIENTED_EDGE ( 'NONE', *, *, #4905, .F. ) ;
#5016 = CARTESIAN_POINT ( 'NONE',  ( 1.086181799293999939, -0.05759033553205999967, 0.09974938716672991645 ) ) ;
#5017 = CARTESIAN_POINT ( 'NONE',  ( 0.7322039835687007558, 0.1830767024183000136, -0.09084007521061004953 ) ) ;
#5018 = CARTESIAN_POINT ( 'NONE',  ( 1.331138068001999963, 0.03705973968298999915, -0.09815346062893996748 ) ) ;
#5019 = CARTESIAN_POINT ( 'NONE',  ( 0.5787401574803000548, -0.01574803149606000124, 0.1474010638049000066 ) ) ;
#5020 = FACE_OUTER_BOUND ( 'NONE', #6356, .T. ) ;
#5021 = DIRECTION ( 'NONE',  ( 0.000000000000000000, -0.1013964983486963234, 0.9948460936861655002 ) ) ;
#5022 = DIRECTION ( 'NONE',  ( 0.000000000000000000, 0.000000000000000000, -1.000000000000000000 ) ) ;
#5023 = EDGE_LOOP ( 'NONE', ( #1047, #1327, #9993, #6540 ) ) ;
#5024 = AXIS2_PLACEMENT_3D ( 'NONE', #9889, #1396, #9938 ) ;
#5025 = EDGE_LOOP ( 'NONE', ( #5540, #7237, #9077, #8516 ) ) ;
#5026 = ORIENTED_EDGE ( 'NONE', *, *, #4612, .F. ) ;
#5027 = ADVANCED_FACE ( 'NONE', ( #4510 ), #2700, .T. ) ;
#5028 = EDGE_CURVE ( 'NONE', #1936, #5241, #2050, .T. ) ;
#5029 = DIRECTION ( 'NONE',  ( 0.000000000000000000, 1.000000000000000000, 0.000000000000000000 ) ) ;
#5030 = EDGE_LOOP ( 'NONE', ( #4216, #9678, #1944, #1845, #7702 ) ) ;
#5031 = CARTESIAN_POINT ( 'NONE',  ( 1.362043490757000042, -0.007411594390749999713, 0.1203169257935000069 ) ) ;
#5032 = CARTESIAN_POINT ( 'NONE',  ( 0.4724409448819000268, 0.000000000000000000, 0.000000000000000000 ) ) ;
#5033 = CARTESIAN_POINT ( 'NONE',  ( 1.203163219754000091, -0.09924984962422009338, 0.03224823102986000556 ) ) ;
#5034 = CARTESIAN_POINT ( 'NONE',  ( 1.047973619356000086, 0.000000000000000000, 0.000000000000000000 ) ) ;
#5035 = CARTESIAN_POINT ( 'NONE',  ( 0.6498031496062991463, 0.2755905511811023723, 0.000000000000000000 ) ) ;
#5036 = ORIENTED_EDGE ( 'NONE', *, *, #378, .T. ) ;
#5037 = ORIENTED_EDGE ( 'NONE', *, *, #7549, .T. ) ;
#5038 = EDGE_CURVE ( 'NONE', #1235, #8859, #412, .T. ) ;
#5039 = CARTESIAN_POINT ( 'NONE',  ( 1.047972308272412167, 0.1119907560732545104, -0.01964600008700755421 ) ) ;
#5040 = CARTESIAN_POINT ( 'NONE',  ( 1.172215823906999965, 0.01362138275840000211, -0.1034646749458000003 ) ) ;
#5041 = CARTESIAN_POINT ( 'NONE',  ( 1.197412340197000047, 0.1022864650138999992, 0.05905511811023995972 ) ) ;
#5042 = DIRECTION ( 'NONE',  ( -0.7071067811864976127, -9.969344406729962591E-11, -0.7071067811865975328 ) ) ;
#5043 = DIRECTION ( 'NONE',  ( 0.000000000000000000, 1.000000000000000000, 0.000000000000000000 ) ) ;
#5044 = CARTESIAN_POINT ( 'NONE',  ( 0.7362204724408996093, -0.1343708233930999973, -0.08212509616896003506 ) ) ;
#5045 = DIRECTION ( 'NONE',  ( 0.000000000000000000, 1.000000000000000000, 0.000000000000000000 ) ) ;
#5046 = CARTESIAN_POINT ( 'NONE',  ( 1.164662634067000102, 0.01771054930305000080, -0.1023958459309999985 ) ) ;
#5047 = CARTESIAN_POINT ( 'NONE',  ( 1.315512507955999943, 0.06273188960587008922, 0.09659863943552993160 ) ) ;
#5048 = VERTEX_POINT ( 'NONE', #9301 ) ;
#5049 = ORIENTED_EDGE ( 'NONE', *, *, #5168, .T. ) ;
#5050 = CYLINDRICAL_SURFACE ( 'NONE', #10001, 0.1181102362205000006 ) ;
#5051 = EDGE_CURVE ( 'NONE', #7112, #6582, #2936, .T. ) ;
#5052 = CARTESIAN_POINT ( 'NONE',  ( 1.330561268670000130, 0.1043911642095999986, -0.005854649003341000184 ) ) ;
#5053 = CARTESIAN_POINT ( 'NONE',  ( 1.174741067338960665, 0.1008441103725448845, 0.02488234194594253143 ) ) ;
#5054 = CARTESIAN_POINT ( 'NONE',  ( 1.201875943487999976, 0.08559591969662008748, -0.07707091227022992708 ) ) ;
#5055 = CARTESIAN_POINT ( 'NONE',  ( 0.9999994263157999663, 0.1234249573708800091, 0.1543626642908323132 ) ) ;
#5056 = FACE_OUTER_BOUND ( 'NONE', #2764, .T. ) ;
#5057 = CARTESIAN_POINT ( 'NONE',  ( 1.203332843237999938, 0.01632510462271000162, -0.1030726540387999907 ) ) ;
#5058 = CARTESIAN_POINT ( 'NONE',  ( 1.113750922874500393, 0.1150361429136075864, -0.03091510445189034686 ) ) ;
#5059 = FACE_OUTER_BOUND ( 'NONE', #4154, .T. ) ;
#5060 = VERTEX_POINT ( 'NONE', #4606 ) ;
#5061 = ORIENTED_EDGE ( 'NONE', *, *, #8220, .F. ) ;
#5062 = EDGE_CURVE ( 'NONE', #7289, #3349, #5557, .T. ) ;
#5063 = CARTESIAN_POINT ( 'NONE',  ( 1.071253977772000043, 0.1104374983751000017, -0.03271307705311000263 ) ) ;
#5064 = CARTESIAN_POINT ( 'NONE',  ( 1.011811023621999928, 0.000000000000000000, 0.000000000000000000 ) ) ;
#5065 = CARTESIAN_POINT ( 'NONE',  ( 1.387173939871999995, -0.05357547314793999899, 0.08722207079068997060 ) ) ;
#5066 = CARTESIAN_POINT ( 'NONE',  ( 1.175266670905749988, -0.1181102362204999867, -0.01546059376767004723 ) ) ;
#5067 = CARTESIAN_POINT ( 'NONE',  ( 0.5819715378862000410, -0.01574803149606000124, 0.1534166229402000037 ) ) ;
#5068 = B_SPLINE_CURVE_WITH_KNOTS ( 'NONE', 3,
 ( #2595, #5684, #1839, #363, #3560, #5731, #8150, #2696, #1068, #8965, #6632, #1118, #2797, #2088, #9725, #8814, #1889, #5874 ),
 .UNSPECIFIED., .F., .F.,
 ( 4, 2, 2, 2, 2, 2, 2, 2, 4 ),
 ( 0.000000000000000000, 0.1250000000000000278, 0.2500000000000000555, 0.3750000000000001110, 0.5000000000000001110, 0.6250000000000001110, 0.7500000000000002220, 0.8750000000000001110, 1.000000000000000000 ),
 .UNSPECIFIED. ) ;
#5069 = DIRECTION ( 'NONE',  ( 0.000000000000000000, 1.000000000000000000, 0.000000000000000000 ) ) ;
#5070 = CARTESIAN_POINT ( 'NONE',  ( 1.261741203110249954, -0.1181102362205000006, 0.01546059376766979396 ) ) ;
#5071 = DIRECTION ( 'NONE',  ( 1.000000000000000000, -2.365033052950000123E-11, 2.652260745471000166E-10 ) ) ;
#5072 = CIRCLE ( 'NONE', #6836, 0.1417322834646000118 ) ;
#5073 = ORIENTED_EDGE ( 'NONE', *, *, #5700, .T. ) ;
#5074 = EDGE_LOOP ( 'NONE', ( #2159, #8318, #7596, #2800 ) ) ;
#5075 = ORIENTED_EDGE ( 'NONE', *, *, #477, .F. ) ;
#5076 = CARTESIAN_POINT ( 'NONE',  ( 0.7095217622487006714, 0.1218478347396999978, -0.08853314063403995571 ) ) ;
#5077 = VECTOR ( 'NONE', #5071, 39.37007874015748143 ) ;
#5078 = CARTESIAN_POINT ( 'NONE',  ( 0.5787401574803000548, -0.01574803149606000124, -0.1469816999198000074 ) ) ;
#5079 = CARTESIAN_POINT ( 'NONE',  ( 1.173477638551792435, 0.09319389208434827876, 0.05380557380127447969 ) ) ;
#5080 = CARTESIAN_POINT ( 'NONE',  ( 1.292786690049000153, 0.05217873381839999852, -0.09037621804783996238 ) ) ;
#5081 = CARTESIAN_POINT ( 'NONE',  ( 0.9999994263157999663, -0.1234249573708795789, -0.1543626642908326740 ) ) ;
#5082 = CARTESIAN_POINT ( 'NONE',  ( 1.134256172218249814, -0.1181102362205000422, 0.01546059376766979916 ) ) ;
#5083 = EDGE_CURVE ( 'NONE', #3921, #7634, #6261, .T. ) ;
#5084 = EDGE_LOOP ( 'NONE', ( #8322, #3094, #9407, #1539, #6570, #259 ) ) ;
#5085 = AXIS2_PLACEMENT_3D ( 'NONE', #800, #3737, #4707 ) ;
#5086 = DIRECTION ( 'NONE',  ( 1.000000000000000000, 0.000000000000000000, 0.000000000000000000 ) ) ;
#5087 = CARTESIAN_POINT ( 'NONE',  ( 1.047973619356000086, 0.04272635487288999750, -0.09301870540551003541 ) ) ;
#5088 = CARTESIAN_POINT ( 'NONE',  ( 1.054925797661000031, 0.02700979982167000040, -0.1008016175451000029 ) ) ;
#5089 = TOROIDAL_SURFACE ( 'NONE', #7038, 0.2795275590551000167, 0.003937007874016000379 ) ;
#5090 = CARTESIAN_POINT ( 'NONE',  ( 0.5787401574803000548, -0.1351639017700000112, 0.05985265462468995767 ) ) ;
#5091 = DIRECTION ( 'NONE',  ( 0.000000000000000000, -1.000000000000000000, -5.127750654643000127E-12 ) ) ;
#5092 = LINE ( 'NONE', #4340, #4634 ) ;
#5093 = CARTESIAN_POINT ( 'NONE',  ( 0.4921259842520000483, 0.3543307086614000401, -0.3543307086614000401 ) ) ;
#5094 = CARTESIAN_POINT ( 'NONE',  ( 1.175619155865499810, -0.03091510445189072503, 0.1150361429136074476 ) ) ;
#5095 = CARTESIAN_POINT ( 'NONE',  ( 1.147953010358000014, -0.06256740945246004604, 0.08296922390432008576 ) ) ;
#5096 = EDGE_CURVE ( 'NONE', #4593, #3372, #4482, .T. ) ;
#5097 = CARTESIAN_POINT ( 'NONE',  ( 1.205654055060999985, -0.02819368258202999827, 0.1174351382184000009 ) ) ;
#5098 = ORIENTED_EDGE ( 'NONE', *, *, #5051, .T. ) ;
#5099 = TOROIDAL_SURFACE ( 'NONE', #6381, 0.1478229366753000262, 0.007874015748031005027 ) ;
#5100 = ORIENTED_EDGE ( 'NONE', *, *, #8911, .F. ) ;
#5101 = DIRECTION ( 'NONE',  ( 0.000000000000000000, 1.000000000000000000, 0.000000000000000000 ) ) ;
#5102 = EDGE_CURVE ( 'NONE', #1897, #7793, #6505, .T. ) ;
#5103 = VECTOR ( 'NONE', #6377, 39.37007874015748143 ) ;
#5104 = CIRCLE ( 'NONE', #9300, 0.2020722792147000568 ) ;
#5105 = DIRECTION ( 'NONE',  ( 1.000000000000000000, 0.000000000000000000, 0.000000000000000000 ) ) ;
#5106 = CARTESIAN_POINT ( 'NONE',  ( 1.090413397726999856, 0.08115373457686003711, 0.08931443812267007842 ) ) ;
#5107 = CARTESIAN_POINT ( 'NONE',  ( 1.261587229576999869, -0.09318312031472007761, 0.06770149980087993014 ) ) ;
#5108 = CIRCLE ( 'NONE', #4139, 0.1220472440945000042 ) ;
#5109 = CARTESIAN_POINT ( 'NONE',  ( 0.3937007874016000275, 0.000000000000000000, 0.000000000000000000 ) ) ;
#5110 = CARTESIAN_POINT ( 'NONE',  ( 0.5810295054656000602, 0.1400374193108999965, 0.06266638128882007219 ) ) ;
#5111 = CARTESIAN_POINT ( 'NONE',  ( 1.231055940350999967, -0.1034646750344000027, 0.01362138288035000082 ) ) ;
#5112 = CARTESIAN_POINT ( 'NONE',  ( 0.5819715378862000410, -0.1249886770810000047, -0.09034650680530001421 ) ) ;
#5113 = CARTESIAN_POINT ( 'NONE',  ( 0.5841804246273000212, 0.01574803149606000124, 0.1545109335357000291 ) ) ;
#5114 = VERTEX_POINT ( 'NONE', #8484 ) ;
#5115 = VERTEX_POINT ( 'NONE', #9352 ) ;
#5116 = CIRCLE ( 'NONE', #9319, 0.1220472440944999765 ) ;
#5117 = CARTESIAN_POINT ( 'NONE',  ( 1.175748728427999934, -0.08951219335311004499, -0.07248554495759999827 ) ) ;
#5118 = CARTESIAN_POINT ( 'NONE',  ( 1.341388178717000113, 0.04780244526199000504, 0.09339407042860001229 ) ) ;
#5119 = DIRECTION ( 'NONE',  ( 0.000000000000000000, 0.000000000000000000, 1.000000000000000000 ) ) ;
#5120 = CARTESIAN_POINT ( 'NONE',  ( 1.381889763779999836, 7.680926463688995436E-12, 0.1023622047244000105 ) ) ;
#5121 = DIRECTION ( 'NONE',  ( 0.000000000000000000, 0.000000000000000000, 1.000000000000000000 ) ) ;
#5122 = B_SPLINE_CURVE_WITH_KNOTS ( 'NONE', 3,
 ( #3269, #6343, #9436, #2511, #579, #2146 ),
 .UNSPECIFIED., .F., .F.,
 ( 4, 1, 1, 4 ),
 ( 0.000000000000000000, 0.3333333333333000081, 0.6666666666667000474, 1.000000000000000000 ),
 .UNSPECIFIED. ) ;
#5123 = DIRECTION ( 'NONE',  ( 7.232493737953139821E-40, 1.000000000000000000, -1.580755318308999950E-11 ) ) ;
#5124 = DIRECTION ( 'NONE',  ( 0.000000000000000000, 0.000000000000000000, -1.000000000000000000 ) ) ;
#5125 = VECTOR ( 'NONE', #4993, 39.37007874015748143 ) ;
#5126 = VERTEX_POINT ( 'NONE', #1718 ) ;
#5127 = VERTEX_POINT ( 'NONE', #3997 ) ;
#5128 = ORIENTED_EDGE ( 'NONE', *, *, #7872, .T. ) ;
#5129 = APPLICATION_CONTEXT ( 'automotive_design' ) ;
#5130 = DIRECTION ( 'NONE',  ( -1.000000000000000000, 0.000000000000000000, 0.000000000000000000 ) ) ;
#5131 = CARTESIAN_POINT ( 'NONE',  ( 1.391756964072000002, 0.1186493837292000031, 0.01089972141151000079 ) ) ;
#5132 = PLANE ( 'NONE',  #1669 ) ;
#5133 = CARTESIAN_POINT ( 'NONE',  ( 1.305581965640000064, 0.05683715052910000981, 0.08752153721173996925 ) ) ;
#5134 = CARTESIAN_POINT ( 'NONE',  ( 1.303969003022330098, -0.04492766914367226500, 0.09419278167412940828 ) ) ;
#5135 = CARTESIAN_POINT ( 'NONE',  ( 1.000000086036999969, 0.09349879745523995145, 0.1732284221662000190 ) ) ;
#5136 = EDGE_LOOP ( 'NONE', ( #7597, #3216, #3751, #9627 ) ) ;
#5137 = CARTESIAN_POINT ( 'NONE',  ( 1.327945533787731724, 0.09490010159063837214, -0.04474767031360023933 ) ) ;
#5138 = CIRCLE ( 'NONE', #2234, 0.2020722792147000846 ) ;
#5139 = EDGE_CURVE ( 'NONE', #2323, #2272, #6029, .T. ) ;
#5140 = CARTESIAN_POINT ( 'NONE',  ( 1.140284176093000035, 0.09533529053063996561, 0.04244600606646999758 ) ) ;
#5141 = DIRECTION ( 'NONE',  ( -1.000000000000000000, 0.000000000000000000, 0.000000000000000000 ) ) ;
#5142 = FACE_OUTER_BOUND ( 'NONE', #844, .T. ) ;
#5143 = CARTESIAN_POINT ( 'NONE',  ( 1.000000086036999969, -0.09349879745523995145, -0.1732284221662000190 ) ) ;
#5144 = CARTESIAN_POINT ( 'NONE',  ( 0.9827365112497008504, 0.09478926975752992312, -0.1783711548946000092 ) ) ;
#5145 = CARTESIAN_POINT ( 'NONE',  ( 1.214184238787999970, -0.1207306973212999984, -0.003161444583538000272 ) ) ;
#5146 = EDGE_LOOP ( 'NONE', ( #5392, #7500 ) ) ;
#5147 = CIRCLE ( 'NONE', #9987, 0.08267716535433068670 ) ;
#5148 = B_SPLINE_CURVE_WITH_KNOTS ( 'NONE', 3,
 ( #6566, #7323, #2786, #7428, #2027, #7381 ),
 .UNSPECIFIED., .F., .F.,
 ( 4, 1, 1, 4 ),
 ( 0.000000000000000000, 0.3333333333333000081, 0.6666666666667000474, 1.000000000000000000 ),
 .UNSPECIFIED. ) ;
#5149 = VERTEX_POINT ( 'NONE', #5405 ) ;
#5150 = CARTESIAN_POINT ( 'NONE',  ( 0.7285187739042991995, -0.1821554143454000019, 0.08782316468419998357 ) ) ;
#5151 = EDGE_CURVE ( 'NONE', #9995, #2091, #922, .T. ) ;
#5152 = EDGE_CURVE ( 'NONE', #6454, #8595, #7882, .T. ) ;
#5153 = EDGE_CURVE ( 'NONE', #5725, #6405, #148, .T. ) ;
#5154 = CARTESIAN_POINT ( 'NONE',  ( 1.307266758608000234, -0.08293304693827992236, 0.06081980606620000090 ) ) ;
#5155 = CARTESIAN_POINT ( 'NONE',  ( 1.042373229562999937, 0.1028518330263000075, -0.06312283061181003796 ) ) ;
#5156 = CARTESIAN_POINT ( 'NONE',  ( 1.170921690067999954, 0.1069051038639000084, 0.01123617918762000005 ) ) ;
#5157 = AXIS2_PLACEMENT_3D ( 'NONE', #3682, #4262, #9850 ) ;
#5158 = CARTESIAN_POINT ( 'NONE',  ( 0.5787401574803000548, 0.000000000000000000, -0.1535433070865999949 ) ) ;
#5159 = LINE ( 'NONE', #3687, #9478 ) ;
#5160 = CYLINDRICAL_SURFACE ( 'NONE', #8168, 0.08267716535433068670 ) ;
#5161 = CARTESIAN_POINT ( 'NONE',  ( 0.5830288430312999814, -0.1255515097148000025, -0.09067145837793995355 ) ) ;
#5162 = CARTESIAN_POINT ( 'NONE',  ( 0.7249764069818995793, -0.01574803149606000124, -0.1537847640464000132 ) ) ;
#5163 = CARTESIAN_POINT ( 'NONE',  ( 1.059302258806000152, -0.01274030530060000187, -0.1127343405579000063 ) ) ;
#5164 = EDGE_LOOP ( 'NONE', ( #9464, #7748, #9565, #5857 ) ) ;
#5165 = EDGE_LOOP ( 'NONE', ( #4923, #1548, #8272, #7781 ) ) ;
#5166 = CIRCLE ( 'NONE', #8718, 0.1574803149606000263 ) ;
#5167 = CARTESIAN_POINT ( 'NONE',  ( 1.158688360973999965, 0.05229093041692000482, 0.1026267293788999946 ) ) ;
#5168 = EDGE_CURVE ( 'NONE', #7101, #1870, #6559, .T. ) ;
#5169 = CARTESIAN_POINT ( 'NONE',  ( 1.382162130202000183, -0.04239408918907999757, 0.09409014822354999641 ) ) ;
#5170 = CARTESIAN_POINT ( 'NONE',  ( 0.4921259842520000483, 0.2716535433071000094, -0.3543307086614000401 ) ) ;
#5171 = DIRECTION ( 'NONE',  ( 1.000000000000000000, 0.000000000000000000, 0.000000000000000000 ) ) ;
#5172 = DIRECTION ( 'NONE',  ( 1.000000000000000000, 0.000000000000000000, 0.000000000000000000 ) ) ;
#5173 = DIRECTION ( 'NONE',  ( 0.9999999999996581623, 4.517800811744810734E-07, 6.925162907182710735E-07 ) ) ;
#5174 = DIRECTION ( 'NONE',  ( 0.000000000000000000, -1.000000000000000000, 0.000000000000000000 ) ) ;
#5175 = AXIS2_PLACEMENT_3D ( 'NONE', #6642, #2142, #1330 ) ;
#5176 = EDGE_LOOP ( 'NONE', ( #7238, #607, #106, #817, #4104, #2713, #9668, #2373 ) ) ;
#5177 = ORIENTED_EDGE ( 'NONE', *, *, #4905, .T. ) ;
#5178 = ORIENTED_EDGE ( 'NONE', *, *, #3361, .T. ) ;
#5179 = VECTOR ( 'NONE', #7808, 39.37007874015748143 ) ;
#5180 = B_SPLINE_CURVE_WITH_KNOTS ( 'NONE', 3,
 ( #6167, #1624, #2433, #7026, #7893, #8603, #6413, #1674, #113, #5520, #4057 ),
 .UNSPECIFIED., .F., .F.,
 ( 4, 1, 1, 1, 1, 1, 1, 1, 4 ),
 ( 0.000000000000000000, 0.1250000000000000000, 0.2500000000000000000, 0.3750000000000000000, 0.5000000000000000000, 0.6250000000000000000, 0.7500000000000000000, 0.8750000000000000000, 1.000000000000000000 ),
 .UNSPECIFIED. ) ;
#5181 = DIRECTION ( 'NONE',  ( 1.000000000000000000, 0.000000000000000000, 0.000000000000000000 ) ) ;
#5182 = CARTESIAN_POINT ( 'NONE',  ( 0.7280600717204999128, 0.1669210694110000448, -0.1138883778692999921 ) ) ;
#5183 = CARTESIAN_POINT ( 'NONE',  ( 1.241703678779499720, 0.03091510445189023931, 0.1150361429136075864 ) ) ;
#5184 = CARTESIAN_POINT ( 'NONE',  ( 1.207428311616999927, -0.09742608914478996518, -0.03739837169383999904 ) ) ;
#5185 = FACE_BOUND ( 'NONE', #8092, .T. ) ;
#5186 = CARTESIAN_POINT ( 'NONE',  ( 0.5787401574803000548, 0.000000000000000000, 0.1220472440945000042 ) ) ;
#5187 = EDGE_LOOP ( 'NONE', ( #9703, #3093 ) ) ;
#5188 = LINE ( 'NONE', #8982, #9039 ) ;
#5189 = AXIS2_PLACEMENT_3D ( 'NONE', #5450, #4657, #747 ) ;
#5190 = CARTESIAN_POINT ( 'NONE',  ( 1.099709262228000028, 0.09419151460094998818, -0.04492704785243999827 ) ) ;
#5191 = DIRECTION ( 'NONE',  ( 1.000000000000000000, 0.000000000000000000, 0.000000000000000000 ) ) ;
#5192 = CARTESIAN_POINT ( 'NONE',  ( 0.7519685039370078705, -0.1122047244094000057, 0.000000000000000000 ) ) ;
#5193 = DIRECTION ( 'NONE',  ( 0.000000000000000000, 1.000000000000000000, 0.000000000000000000 ) ) ;
#5194 = CARTESIAN_POINT ( 'NONE',  ( 0.7322725726333996210, 0.1414521061183000028, -0.06688120918152992700 ) ) ;
#5195 = CARTESIAN_POINT ( 'NONE',  ( 1.302717232365000255, 0.05759033553228999625, -0.09974938716658995896 ) ) ;
#5196 = ORIENTED_EDGE ( 'NONE', *, *, #7905, .F. ) ;
#5197 = EDGE_CURVE ( 'NONE', #769, #2309, #7226, .T. ) ;
#5198 = ORIENTED_EDGE ( 'NONE', *, *, #1379, .F. ) ;
#5199 = DIRECTION ( 'NONE',  ( 0.000000000000000000, 1.000000000000000000, 0.000000000000000000 ) ) ;
#5200 = CARTESIAN_POINT ( 'NONE',  ( 0.6102362204723996708, -0.3543307086614000401, -0.3543307086614000401 ) ) ;
#5201 = CARTESIAN_POINT ( 'NONE',  ( 1.077881179944999879, 0.04743563069666999893, -0.1109633202160000137 ) ) ;
#5202 = CARTESIAN_POINT ( 'NONE',  ( 1.277613661473999906, 0.09183581231427992431, -0.07843519353245001491 ) ) ;
#5203 = CARTESIAN_POINT ( 'NONE',  ( 0.07086614173227992475, 0.000000000000000000, 0.000000000000000000 ) ) ;
#5204 = DIRECTION ( 'NONE',  ( -1.000000000000000000, 0.000000000000000000, 0.000000000000000000 ) ) ;
#5205 = DIRECTION ( 'NONE',  ( 0.000000000000000000, -0.9997541118987406383, -0.02217466440694088742 ) ) ;
#5206 = CARTESIAN_POINT ( 'NONE',  ( 0.5787401574803000548, 0.000000000000000000, -0.1220472440945000042 ) ) ;
#5207 = LINE ( 'NONE', #9097, #8827 ) ;
#5208 = CARTESIAN_POINT ( 'NONE',  ( 0.5787401574803000548, 0.1194158702739000072, -0.08712904529506003415 ) ) ;
#5209 = VERTEX_POINT ( 'NONE', #8434 ) ;
#5210 = EDGE_CURVE ( 'NONE', #3464, #6223, #1708, .T. ) ;
#5211 = ORIENTED_EDGE ( 'NONE', *, *, #6696, .T. ) ;
#5212 = CARTESIAN_POINT ( 'NONE',  ( 1.106473323054999902, 0.09891365270382007635, -0.04717939218952000441 ) ) ;
#5213 = B_SPLINE_CURVE_WITH_KNOTS ( 'NONE', 3,
 ( #4146, #3338, #7981, #9605, #8749, #1051 ),
 .UNSPECIFIED., .F., .F.,
 ( 4, 1, 1, 4 ),
 ( 0.000000000000000000, 0.3333333333333000081, 0.6666666666667000474, 1.000000000000000000 ),
 .UNSPECIFIED. ) ;
#5214 = CARTESIAN_POINT ( 'NONE',  ( 1.329339294203000010, 0.07117722443235000029, -0.07708001613486005488 ) ) ;
#5215 = DIRECTION ( 'NONE',  ( 0.000000000000000000, -1.000000000000000000, 0.000000000000000000 ) ) ;
#5216 = DIRECTION ( 'NONE',  ( -1.000000000000000000, 3.231373011054999597E-14, 0.000000000000000000 ) ) ;
#5217 = FACE_OUTER_BOUND ( 'NONE', #6649, .T. ) ;
#5218 = DIRECTION ( 'NONE',  ( 1.000000000000000000, 0.000000000000000000, 0.000000000000000000 ) ) ;
#5219 = DIRECTION ( 'NONE',  ( 1.000000000000000000, 0.000000000000000000, 0.000000000000000000 ) ) ;
#5220 = VERTEX_POINT ( 'NONE', #801 ) ;
#5221 = ORIENTED_EDGE ( 'NONE', *, *, #9358, .F. ) ;
#5222 = ADVANCED_FACE ( 'NONE', ( #7976 ), #340, .F. ) ;
#5223 = EDGE_LOOP ( 'NONE', ( #7291, #8038 ) ) ;
#5224 = CARTESIAN_POINT ( 'NONE',  ( -0.07874015748031004680, 0.000000000000000000, 0.000000000000000000 ) ) ;
#5225 = B_SPLINE_CURVE_WITH_KNOTS ( 'NONE', 3,
 ( #1117, #4211, #170, #123, #3206, #7092 ),
 .UNSPECIFIED., .F., .F.,
 ( 4, 1, 1, 4 ),
 ( 0.000000000000000000, 0.3333333333333000081, 0.6666666666667000474, 1.000000000000000000 ),
 .UNSPECIFIED. ) ;
#5226 = FACE_BOUND ( 'NONE', #5559, .T. ) ;
#5227 = CARTESIAN_POINT ( 'NONE',  ( 0.7362204724408996093, -0.1866645544309000204, -0.1032247656370999800 ) ) ;
#5228 = CARTESIAN_POINT ( 'NONE',  ( 1.186159393460999967, 0.07379186162582992980, 0.07379198156927008201 ) ) ;
#5229 = CARTESIAN_POINT ( 'NONE',  ( 1.000000080887000209, -0.09349880026292992086, 0.1732278469391000109 ) ) ;
#5230 = CARTESIAN_POINT ( 'NONE',  ( 1.361454453162385780, 6.032801447362277094E-09, 0.1181098035236435168 ) ) ;
#5231 = EDGE_CURVE ( 'NONE', #8142, #2187, #7866, .T. ) ;
#5232 = ORIENTED_EDGE ( 'NONE', *, *, #4727, .T. ) ;
#5233 = CARTESIAN_POINT ( 'NONE',  ( 1.195975577371000131, 0.1166569761454000070, 0.03125804093394000255 ) ) ;
#5234 = CIRCLE ( 'NONE', #8949, 0.1574803149606000263 ) ;
#5235 = CARTESIAN_POINT ( 'NONE',  ( 1.071986165115000000, 0.01632510462535999990, 0.1030726540376999956 ) ) ;
#5236 = DIRECTION ( 'NONE',  ( -1.000000000000000000, 0.000000000000000000, 0.000000000000000000 ) ) ;
#5237 =( NAMED_UNIT ( * ) SI_UNIT ( $, .STERADIAN. ) SOLID_ANGLE_UNIT ( ) );
#5238 = DIRECTION ( 'NONE',  ( 0.000000000000000000, 0.000000000000000000, 1.000000000000000000 ) ) ;
#5239 = CARTESIAN_POINT ( 'NONE',  ( 0.7362204724408996093, 0.1383078312671000010, -0.07530599850137008333 ) ) ;
#5240 = CARTESIAN_POINT ( 'NONE',  ( 1.326175237615000002, -0.1039604257334999921, 0.04958610995970999524 ) ) ;
#5241 = VERTEX_POINT ( 'NONE', #7261 ) ;
#5242 = ORIENTED_EDGE ( 'NONE', *, *, #5649, .F. ) ;
#5243 = CARTESIAN_POINT ( 'NONE',  ( -0.06692913385827008177, 0.000000000000000000, 0.000000000000000000 ) ) ;
#5244 = AXIS2_PLACEMENT_3D ( 'NONE', #1665, #6916, #5558 ) ;
#5245 = AXIS2_PLACEMENT_3D ( 'NONE', #1731, #5722, #7895 ) ;
#5246 = DIRECTION ( 'NONE',  ( 0.000000000000000000, -0.4727657974777818572, 0.8811881188118667607 ) ) ;
#5247 = ORIENTED_EDGE ( 'NONE', *, *, #5139, .T. ) ;
#5248 = CARTESIAN_POINT ( 'NONE',  ( 1.378000102142000083, -0.01823246884844000049, 0.1086572245340000076 ) ) ;
#5249 = CARTESIAN_POINT ( 'NONE',  ( 1.084147288836000200, 0.1190025265978000152, -0.02003487350325000235 ) ) ;
#5250 = CARTESIAN_POINT ( 'NONE',  ( 1.228565105044000072, -0.07600433443792992128, -0.09385753648173995878 ) ) ;
#5251 = DIRECTION ( 'NONE',  ( 0.000000000000000000, 0.000000000000000000, 1.000000000000000000 ) ) ;
#5252 = CARTESIAN_POINT ( 'NONE',  ( 0.7280600717204999128, 0.000000000000000000, 0.000000000000000000 ) ) ;
#5253 = DIRECTION ( 'NONE',  ( 0.000000000000000000, 1.000000000000000000, 0.000000000000000000 ) ) ;
#5254 = CARTESIAN_POINT ( 'NONE',  ( 0.7268675672382992614, 0.1663910479999000103, -0.1139770608398000123 ) ) ;
#5255 = CARTESIAN_POINT ( 'NONE',  ( 0.5787401574803000548, 0.000000000000000000, 0.000000000000000000 ) ) ;
#5256 = CARTESIAN_POINT ( 'NONE',  ( 0.5790964197264000246, 0.1215489777388999992, -0.08836059546421004551 ) ) ;
#5258 = ADVANCED_FACE ( 'NONE', ( #1864 ), #3433, .T. ) ;
#5257 = AXIS2_PLACEMENT_3D ( 'NONE', #636, #3768, #6800 ) ;
#5259 = VERTEX_POINT ( 'NONE', #3483 ) ;
#5260 = VERTEX_POINT ( 'NONE', #4138 ) ;
#5261 = ORIENTED_EDGE ( 'NONE', *, *, #7114, .T. ) ;
#5262 = CARTESIAN_POINT ( 'NONE',  ( 1.176847338803000076, -0.02278488814765999848, -0.1071944710069999973 ) ) ;
#5263 = CIRCLE ( 'NONE', #9948, 0.1553113939094000473 ) ;
#5264 = AXIS2_PLACEMENT_3D ( 'NONE', #9035, #2110, #3721 ) ;
#5265 = EDGE_CURVE ( 'NONE', #1249, #1919, #6078, .T. ) ;
#5266 = CARTESIAN_POINT ( 'NONE',  ( 1.339589404917999937, 0.009271783374325000271, 0.1045062686985000072 ) ) ;
#5267 = CARTESIAN_POINT ( 'NONE',  ( 1.177727300826999945, -0.1032031167347788603, -0.05948255673673441546 ) ) ;
#5268 = ADVANCED_FACE ( 'NONE', ( #9701 ), #5099, .T. ) ;
#5269 = CARTESIAN_POINT ( 'NONE',  ( 1.201811268669999988, -0.01895210237017000074, -0.1022563938278000101 ) ) ;
#5270 = CARTESIAN_POINT ( 'NONE',  ( 0.6561202481738996894, 0.000000000000000000, 0.000000000000000000 ) ) ;
#5271 = DIRECTION ( 'NONE',  ( -1.000000000000000000, 0.000000000000000000, 0.000000000000000000 ) ) ;
#5272 = CARTESIAN_POINT ( 'NONE',  ( 0.4921259842520000483, 0.3740157480314960647, -0.5314960629921000601 ) ) ;
#5273 = ORIENTED_EDGE ( 'NONE', *, *, #3537, .F. ) ;
#5274 = ORIENTED_EDGE ( 'NONE', *, *, #8457, .F. ) ;
#5275 = ORIENTED_EDGE ( 'NONE', *, *, #7300, .T. ) ;
#5276 = CARTESIAN_POINT ( 'NONE',  ( 0.6104330708661004357, 0.3543307086614000401, -0.3543307086614000401 ) ) ;
#5277 = ADVANCED_FACE ( 'NONE', ( #3533 ), #6499, .T. ) ;
#5278 = CARTESIAN_POINT ( 'NONE',  ( 1.340643741552000057, 0.03322827776729999488, -0.1100573658040999991 ) ) ;
#5279 = AXIS2_PLACEMENT_3D ( 'NONE', #956, #9405, #7123 ) ;
#5280 = ADVANCED_FACE ( 'NONE', ( #4950 ), #4243, .F. ) ;
#5281 = CARTESIAN_POINT ( 'NONE',  ( 0.7276665990876004519, -0.1667377332940000179, -0.1139301902076999967 ) ) ;
#5282 = CARTESIAN_POINT ( 'NONE',  ( 1.239243048858249985, 0.07258425826477024612, 0.09444883965335072740 ) ) ;
#5283 = CARTESIAN_POINT ( 'NONE',  ( 1.297108323074000147, 0.09924984962422009338, 0.03224823102986000556 ) ) ;
#5284 = CARTESIAN_POINT ( 'NONE',  ( 1.197341706434391861, -0.07935513292519012774, -0.06777568632463562559 ) ) ;
#5285 = CARTESIAN_POINT ( 'NONE',  ( 0.7344555622518996740, -0.01022296413929000072, 0.1566955674076000171 ) ) ;
#5286 = VERTEX_POINT ( 'NONE', #2622 ) ;
#5287 = CARTESIAN_POINT ( 'NONE',  ( 1.157344543547000004, -0.1043574676366000042, -1.222170577340000108E-13 ) ) ;
#5288 = DIRECTION ( 'NONE',  ( 0.000000000000000000, -0.8532547285461360431, 0.5214943606729220971 ) ) ;
#5289 = CARTESIAN_POINT ( 'NONE',  ( 1.214169024631791549, -0.01546059376766992580, 0.1181102362205000422 ) ) ;
#5290 = CYLINDRICAL_SURFACE ( 'NONE', #33, 0.1988188976377999739 ) ;
#5291 = DIRECTION ( 'NONE',  ( -1.000000000000000000, 0.000000000000000000, 0.000000000000000000 ) ) ;
#5292 = CARTESIAN_POINT ( 'NONE',  ( 1.200355027640999994, 0.01203965764054000000, 0.1145497078975999949 ) ) ;
#5293 = ORIENTED_EDGE ( 'NONE', *, *, #7505, .F. ) ;
#5294 = EDGE_LOOP ( 'NONE', ( #870, #3558, #4638, #6313 ) ) ;
#5295 = DIRECTION ( 'NONE',  ( 0.000000000000000000, 0.007242887910994336327, -0.9999737699433465243 ) ) ;
#5296 = B_SPLINE_CURVE_WITH_KNOTS ( 'NONE', 3,
 ( #3952, #3291, #6364, #9460, #2536, #5619, #8702, #1776, #1010, #3141, #4670, #4719, #7173, #3343, #7742, #6219, #9313, #7788 ),
 .UNSPECIFIED., .F., .F.,
 ( 4, 2, 2, 2, 2, 2, 2, 2, 4 ),
 ( 0.000000000000000000, 0.1250000000000000000, 0.2500000000000000000, 0.3750000000000000000, 0.5000000000000000000, 0.6250000000000000000, 0.7500000000000000000, 0.8750000000000000000, 1.000000000000000000 ),
 .UNSPECIFIED. ) ;
#5297 = EDGE_CURVE ( 'NONE', #5663, #1844, #4364, .T. ) ;
#5298 = CARTESIAN_POINT ( 'NONE',  ( 0.7362204724408996093, 0.1866645544309000204, -0.1032247656370999800 ) ) ;
#5299 = ORIENTED_EDGE ( 'NONE', *, *, #4399, .F. ) ;
#5300 = CARTESIAN_POINT ( 'NONE',  ( 1.338686967109999904, -0.07287402204972008579, 0.08999192261447992724 ) ) ;
#5301 = CARTESIAN_POINT ( 'NONE',  ( 1.151926012081427197, -0.1008257817119821570, 0.02660489895088665596 ) ) ;
#5302 = CARTESIAN_POINT ( 'NONE',  ( 1.202974553863000118, 0.1206065689567999977, -0.006320722445972992015 ) ) ;
#5303 = PLANE ( 'NONE',  #5418 ) ;
#5304 = CARTESIAN_POINT ( 'NONE',  ( 1.164603941246999952, 0.000000000000000000, 0.1181102362205000006 ) ) ;
#5305 = DIRECTION ( 'NONE',  ( 0.000000000000000000, 0.000000000000000000, -1.000000000000000000 ) ) ;
#5306 = CARTESIAN_POINT ( 'NONE',  ( 0.8581925463507992236, -0.09147032995871004490, 0.1652791569426000085 ) ) ;
#5307 = CARTESIAN_POINT ( 'NONE',  ( 1.031496062992000029, -0.1181102362205000006, -3.876638853678000262E-11 ) ) ;
#5308 = CARTESIAN_POINT ( 'NONE',  ( -0.002765821536155000076, 0.000000000000000000, 0.3149606299213000282 ) ) ;
#5309 = EDGE_CURVE ( 'NONE', #6367, #6095, #4292, .T. ) ;
#5310 = ORIENTED_EDGE ( 'NONE', *, *, #1059, .T. ) ;
#5311 = ORIENTED_EDGE ( 'NONE', *, *, #2060, .F. ) ;
#5312 = CARTESIAN_POINT ( 'NONE',  ( 1.136328966100000004, -0.04193799387248999672, -0.1012472735857000011 ) ) ;
#5313 = ADVANCED_FACE ( 'NONE', ( #7310 ), #7535, .T. ) ;
#5314 = CARTESIAN_POINT ( 'NONE',  ( 0.5802225801515999981, -0.1234688302211000011, 0.08946902281160000470 ) ) ;
#5315 = CARTESIAN_POINT ( 'NONE',  ( 1.057061004395000170, 0.07762226835186003537, 0.07723816985018996939 ) ) ;
#5316 = CARTESIAN_POINT ( 'NONE',  ( 1.229534365782000149, -0.09266276053095000298, 0.04721403471093000431 ) ) ;
#5317 = DIRECTION ( 'NONE',  ( 1.000000000000000000, 0.000000000000000000, 0.000000000000000000 ) ) ;
#5318 = CARTESIAN_POINT ( 'NONE',  ( 0.9645669291338997420, 0.000000000000000000, 0.000000000000000000 ) ) ;
#5319 = CARTESIAN_POINT ( 'NONE',  ( 1.047973619356000086, 0.000000000000000000, 0.1181102362205000006 ) ) ;
#5320 = ORIENTED_EDGE ( 'NONE', *, *, #5197, .T. ) ;
#5321 = ORIENTED_EDGE ( 'NONE', *, *, #3047, .F. ) ;
#5322 = ORIENTED_EDGE ( 'NONE', *, *, #3049, .T. ) ;
#5323 = ADVANCED_FACE ( 'NONE', ( #1818 ), #5979, .F. ) ;
#5324 = CARTESIAN_POINT ( 'NONE',  ( 0.4921259842520000483, -0.3543307086614000401, 0.3543307086614000401 ) ) ;
#5325 = CARTESIAN_POINT ( 'NONE',  ( 0.7308438118074999101, -0.1687570688109999995, -0.1134668762856999996 ) ) ;
#5326 = CARTESIAN_POINT ( 'NONE',  ( 1.328278180170000100, -0.09730351974710001184, 0.06876412750115000472 ) ) ;
#5327 = VECTOR ( 'NONE', #8472, 39.37007874015748143 ) ;
#5328 = CARTESIAN_POINT ( 'NONE',  ( 1.195225113600333566, 0.1181102362204989181, 0.02061412502356693363 ) ) ;
#5329 = LINE ( 'NONE', #8512, #8133 ) ;
#5330 = CARTESIAN_POINT ( 'NONE',  ( 1.267252680029999912, -0.02700970012306000076, 0.1008015731564999989 ) ) ;
#5331 = CARTESIAN_POINT ( 'NONE',  ( 1.235727533206329998, -0.08898059278947241524, -0.05452737739054461935 ) ) ;
#5332 = CARTESIAN_POINT ( 'NONE',  ( 1.114923617808000200, 0.000000000000000000, -0.1181102362205000006 ) ) ;
#5333 = VECTOR ( 'NONE', #9177, 39.37007874015748143 ) ;
#5334 = VERTEX_POINT ( 'NONE', #7318 ) ;
#5335 = EDGE_LOOP ( 'NONE', ( #6417, #8348, #667, #7810 ) ) ;
#5336 = EDGE_CURVE ( 'NONE', #3224, #8820, #7968, .T. ) ;
#5337 = CARTESIAN_POINT ( 'NONE',  ( 1.174461452162000041, 0.1008016614475000100, 0.02700963597588000240 ) ) ;
#5338 = CARTESIAN_POINT ( 'NONE',  ( 0.5787401574803000548, 0.01574803149606000124, 0.1469816999198000074 ) ) ;
#5339 = CARTESIAN_POINT ( 'NONE',  ( 0.7095549599062008772, -0.1218552663352999998, -0.08853743126778997052 ) ) ;
#5340 = CARTESIAN_POINT ( 'NONE',  ( 0.7244094488188976833, 0.01574803149606000124, 0.2002676082188999951 ) ) ;
#5341 = FACE_OUTER_BOUND ( 'NONE', #3347, .T. ) ;
#5342 = CARTESIAN_POINT ( 'NONE',  ( 1.267562561899999718, 0.1086517079254000068, 0.01430426871551000040 ) ) ;
#5343 = ORIENTED_EDGE ( 'NONE', *, *, #1299, .F. ) ;
#5344 = VECTOR ( 'NONE', #2011, 39.37007874015748143 ) ;
#5345 = EDGE_CURVE ( 'NONE', #6743, #3320, #9780, .T. ) ;
#5346 = EDGE_LOOP ( 'NONE', ( #7086, #433, #7735, #9011 ) ) ;
#5347 = LINE ( 'NONE', #6757, #3707 ) ;
#5348 = CARTESIAN_POINT ( 'NONE',  ( 1.184954558337000030, 0.1040357447341000025, -0.008187775355042007513 ) ) ;
#5349 = CARTESIAN_POINT ( 'NONE',  ( 1.319408751887000131, 0.07855921248650001021, -0.08507419914577007969 ) ) ;
#5350 = EDGE_CURVE ( 'NONE', #1919, #4027, #1733, .T. ) ;
#5351 = CARTESIAN_POINT ( 'NONE',  ( 1.087176220207427102, 0.04098898316452792567, -0.09588306505917038036 ) ) ;
#5352 = CARTESIAN_POINT ( 'NONE',  ( 1.239227834703000131, 0.1029751286123999909, -0.06310323997250000261 ) ) ;
#5353 = CARTESIAN_POINT ( 'NONE',  ( 0.7362204724408996093, -0.1866645544309000204, -0.1032247656370999800 ) ) ;
#5354 = CARTESIAN_POINT ( 'NONE',  ( 1.133788447204250094, 0.01546059376766942793, 0.1181102362205000839 ) ) ;
#5355 = CARTESIAN_POINT ( 'NONE',  ( 1.334939300093238579, 0.03705973968298999915, -0.09815346062893996748 ) ) ;
#5356 = CARTESIAN_POINT ( 'NONE',  ( 1.281426242480250277, 0.1181102362205000561, -0.01546059376766952508 ) ) ;
#5357 = CARTESIAN_POINT ( 'NONE',  ( 0.7294081141038994964, -0.01468443862851999925, -0.1550353186167000019 ) ) ;
#5358 = CARTESIAN_POINT ( 'NONE',  ( 0.7362204724408996093, 0.000000000000000000, 0.000000000000000000 ) ) ;
#5359 = ORIENTED_EDGE ( 'NONE', *, *, #5881, .F. ) ;
#5360 = EDGE_LOOP ( 'NONE', ( #3082, #2092, #4311, #446, #7516, #8896, #9920, #4932 ) ) ;
#5361 = ORIENTED_EDGE ( 'NONE', *, *, #8609, .T. ) ;
#5362 = CARTESIAN_POINT ( 'NONE',  ( 1.189642614393999986, 0.1058551884915000102, 0.02836372006431000029 ) ) ;
#5363 = CARTESIAN_POINT ( 'NONE',  ( 0.5841804246273000212, -0.1259363778563000191, 0.09089366210302991800 ) ) ;
#5364 = CARTESIAN_POINT ( 'NONE',  ( 1.125988202196000154, 0.07760349728675000613, -0.07725702982472992808 ) ) ;
#5365 = CARTESIAN_POINT ( 'NONE',  ( 1.278582922213000073, -0.04962348393291000220, -0.09139508797118996164 ) ) ;
#5366 = CARTESIAN_POINT ( 'NONE',  ( 1.142697825905000020, -0.03369469879798999562, 0.1041903005148999972 ) ) ;
#5367 = FACE_OUTER_BOUND ( 'NONE', #2870, .T. ) ;
#5368 = FACE_BOUND ( 'NONE', #6658, .T. ) ;
#5369 = CARTESIAN_POINT ( 'NONE',  ( 0.7362204724408996093, 0.1796511701107999792, -0.1219059118706000144 ) ) ;
#5370 = VERTEX_POINT ( 'NONE', #949 ) ;
#5371 = EDGE_LOOP ( 'NONE', ( #7076, #3436, #7874, #3564 ) ) ;
#5372 = ORIENTED_EDGE ( 'NONE', *, *, #532, .T. ) ;
#5373 = B_SPLINE_CURVE_WITH_KNOTS ( 'NONE', 3,
 ( #5087, #6544, #9692, #8119, #8781, #4179, #5039, #1238, #3424, #332 ),
 .UNSPECIFIED., .F., .F.,
 ( 4, 2, 2, 2, 4 ),
 ( 0.000000000000000000, 0.2500000000000001110, 0.5000000000000000000, 0.7500000000000000000, 1.000000000000000000 ),
 .UNSPECIFIED. ) ;
#5374 = AXIS2_PLACEMENT_3D ( 'NONE', #7058, #2459, #3370 ) ;
#5375 = CARTESIAN_POINT ( 'NONE',  ( 0.5787401574803000548, -0.1194158702739000072, 0.08712904529506003415 ) ) ;
#5376 = CARTESIAN_POINT ( 'NONE',  ( 0.5787401574803000548, 0.1194158702739000072, 0.08712904529506003415 ) ) ;
#5377 = CARTESIAN_POINT ( 'NONE',  ( 1.327602873959000007, -0.08886039316557008128, 0.07834097473947007617 ) ) ;
#5378 = DIRECTION ( 'NONE',  ( -1.000000000000000000, 0.000000000000000000, 0.000000000000000000 ) ) ;
#5379 = CARTESIAN_POINT ( 'NONE',  ( 1.258928088228249420, -0.07258425826477052367, -0.09444883965335057474 ) ) ;
#5380 = CARTESIAN_POINT ( 'NONE',  ( 1.301373414938000073, 0.05683715052910000981, 0.08752153721173996925 ) ) ;
#5381 = CARTESIAN_POINT ( 'NONE',  ( 1.190944068639330000, -0.09925121538690656608, 0.03224867479306125356 ) ) ;
#5382 = CARTESIAN_POINT ( 'NONE',  ( 0.6104330708661004357, -0.3543307086614000401, 0.3543307086614000401 ) ) ;
#5383 = ORIENTED_EDGE ( 'NONE', *, *, #6925, .T. ) ;
#5384 = ORIENTED_EDGE ( 'NONE', *, *, #3506, .F. ) ;
#5385 = CARTESIAN_POINT ( 'NONE',  ( 1.178726544025999967, 0.06016699432915000034, 0.08281276320373996691 ) ) ;
#5386 = FACE_OUTER_BOUND ( 'NONE', #8571, .T. ) ;
#5387 = EDGE_CURVE ( 'NONE', #5663, #5419, #4235, .T. ) ;
#5388 = CARTESIAN_POINT ( 'NONE',  ( 1.219910494448332994, -0.1032031167347789991, 0.05948255673673419341 ) ) ;
#5389 = CARTESIAN_POINT ( 'NONE',  ( 0.5841804246273000212, 0.000000000000000000, 0.000000000000000000 ) ) ;
#5390 = CARTESIAN_POINT ( 'NONE',  ( 0.7249748812597007763, 0.1410551865805000082, -0.06325398949589999820 ) ) ;
#5391 = CARTESIAN_POINT ( 'NONE',  ( 1.324430453414000119, -0.1056303997698000152, 0.02336417851009000082 ) ) ;
#5392 = ORIENTED_EDGE ( 'NONE', *, *, #9418, .F. ) ;
#5393 = CIRCLE ( 'NONE', #2005, 0.08267716535433068670 ) ;
#5394 = ORIENTED_EDGE ( 'NONE', *, *, #67, .T. ) ;
#5395 = FACE_OUTER_BOUND ( 'NONE', #6122, .T. ) ;
#5396 = DIRECTION ( 'NONE',  ( 1.000000000000000000, 0.000000000000000000, 0.000000000000000000 ) ) ;
#5397 = CARTESIAN_POINT ( 'NONE',  ( 1.322575233375000270, 0.07474557859857007547, -0.08094429714470001425 ) ) ;
#5398 = CARTESIAN_POINT ( 'NONE',  ( 1.047973619356000086, 0.04272635487288999750, -0.09301870540551003541 ) ) ;
#5399 = CARTESIAN_POINT ( 'NONE',  ( 1.301071666724000098, -0.1178140280982000049, 0.01238275332683000038 ) ) ;
#5400 = ADVANCED_FACE ( 'NONE', ( #3325 ), #8021, .F. ) ;
#5401 = CARTESIAN_POINT ( 'NONE',  ( 0.5984251968503937480, 0.1220472440945000042, 0.000000000000000000 ) ) ;
#5402 = CARTESIAN_POINT ( 'NONE',  ( 1.120665087624249434, 0.09444883965335063025, -0.07258425826477041265 ) ) ;
#5403 = CARTESIAN_POINT ( 'NONE',  ( 1.361446846025239132, -0.1041502681473000097, 0.01265890236404999987 ) ) ;
#5404 = CARTESIAN_POINT ( 'NONE',  ( 1.287987922270249719, 0.07258425826477025999, 0.09444883965335074127 ) ) ;
#5405 = CARTESIAN_POINT ( 'NONE',  ( 0.4921259842520000483, 0.3740157480314960647, 0.5314960629921000601 ) ) ;
#5406 = DIRECTION ( 'NONE',  ( -1.000000000000000000, 0.000000000000000000, 0.000000000000000000 ) ) ;
#5407 = EDGE_LOOP ( 'NONE', ( #5261, #35, #9317, #6419 ) ) ;
#5408 = EDGE_LOOP ( 'NONE', ( #1082, #3502, #7655, #6211 ) ) ;
#5409 = AXIS2_PLACEMENT_3D ( 'NONE', #1525, #4620, #7698 ) ;
#5410 = CARTESIAN_POINT ( 'NONE',  ( 1.072352588147000185, 0.1012472734410999886, 0.04193799393687999699 ) ) ;
#5411 = CARTESIAN_POINT ( 'NONE',  ( 1.313081858986000050, -0.09689884475210000514, -0.04022598257578000741 ) ) ;
#5412 = CARTESIAN_POINT ( 'NONE',  ( 1.067504519213000158, -0.08431685756042009428, 0.06986858363798996441 ) ) ;
#5413 = CARTESIAN_POINT ( 'NONE',  ( 1.265787646622000162, -0.05890502939158000217, 0.08570734959896003646 ) ) ;
#5414 = CARTESIAN_POINT ( 'NONE',  ( 1.104090248120000117, 0.007359208763225000456, 0.1036552694620999915 ) ) ;
#5415 = CARTESIAN_POINT ( 'NONE',  ( 0.5393700787402000429, 0.000000000000000000, 0.000000000000000000 ) ) ;
#5416 = DIRECTION ( 'NONE',  ( -1.000000000000000000, 0.000000000000000000, 0.000000000000000000 ) ) ;
#5417 = PLANE ( 'NONE',  #6041 ) ;
#5418 = AXIS2_PLACEMENT_3D ( 'NONE', #8190, #698, #5251 ) ;
#5419 = VERTEX_POINT ( 'NONE', #3428 ) ;
#5420 = EDGE_LOOP ( 'NONE', ( #4664, #5496 ) ) ;
#5421 = ORIENTED_EDGE ( 'NONE', *, *, #7104, .F. ) ;
#5422 = FACE_OUTER_BOUND ( 'NONE', #9814, .T. ) ;
#5423 = DIRECTION ( 'NONE',  ( 0.000000000000000000, 0.000000000000000000, 1.000000000000000000 ) ) ;
#5424 = CARTESIAN_POINT ( 'NONE',  ( 1.196154610594999834, -0.02427781510677000376, 0.1011243765126999955 ) ) ;
#5425 = CARTESIAN_POINT ( 'NONE',  ( 1.352799253362999998, 0.09065467173690000546, 0.07069987764634999561 ) ) ;
#5426 = CARTESIAN_POINT ( 'NONE',  ( 1.309383231510482304, 0.05683715052910000981, 0.08752153721173996925 ) ) ;
#5427 = DIRECTION ( 'NONE',  ( 1.000000000000000000, 0.000000000000000000, 0.000000000000000000 ) ) ;
#5428 = B_SPLINE_CURVE_WITH_KNOTS ( 'NONE', 3,
 ( #9232, #4491, #633, #3718, #7764, #3925, #4540, #6844, #4642, #7612, #1544 ),
 .UNSPECIFIED., .F., .F.,
 ( 4, 1, 1, 1, 1, 1, 1, 1, 4 ),
 ( 0.000000000000000000, 0.1250000000000000000, 0.2500000000000000000, 0.3750000000000000000, 0.5000000000000000000, 0.6250000000000000000, 0.7500000000000000000, 0.8750000000000000000, 1.000000000000000000 ),
 .UNSPECIFIED. ) ;
#5429 = CIRCLE ( 'NONE', #1221, 0.1574803149606000263 ) ;
#5430 = CARTESIAN_POINT ( 'NONE',  ( 1.192557031256999966, -0.02436176678408999777, 0.1014740604109000133 ) ) ;
#5431 = CIRCLE ( 'NONE', #5264, 0.2066929133858000922 ) ;
#5432 = CARTESIAN_POINT ( 'NONE',  ( 1.193076614571330074, -0.1043231424936348489, -0.002731797637981662943 ) ) ;
#5433 = CARTESIAN_POINT ( 'NONE',  ( 0.7244094488188976833, -0.01574803149606000124, 0.1536382109453000022 ) ) ;
#5434 = CIRCLE ( 'NONE', #5749, 0.2133049650658000174 ) ;
#5435 = ORIENTED_EDGE ( 'NONE', *, *, #9111, .F. ) ;
#5436 = CARTESIAN_POINT ( 'NONE',  ( 1.176593998093999893, 0.08600339255113996495, 0.05910895993968996731 ) ) ;
#5437 = CARTESIAN_POINT ( 'NONE',  ( 0.5866141732283000065, 0.000000000000000000, 0.000000000000000000 ) ) ;
#5438 = CARTESIAN_POINT ( 'NONE',  ( 1.224831754291082930, -0.1150361429136074476, -0.03091510445189083259 ) ) ;
#5439 = CARTESIAN_POINT ( 'NONE',  ( 0.7280600717204999128, 0.01516969372517000189, -0.2015020754713999773 ) ) ;
#5440 = CARTESIAN_POINT ( 'NONE',  ( 1.193957389844999994, 0.1039604257334999921, 0.04958610995970999524 ) ) ;
#5441 = ORIENTED_EDGE ( 'NONE', *, *, #3119, .T. ) ;
#5442 = ORIENTED_EDGE ( 'NONE', *, *, #3272, .T. ) ;
#5443 = EDGE_CURVE ( 'NONE', #3031, #7290, #3743, .T. ) ;
#5444 = DIRECTION ( 'NONE',  ( 0.000000000000000000, 0.000000000000000000, 1.000000000000000000 ) ) ;
#5445 = CARTESIAN_POINT ( 'NONE',  ( 0.6115386739812992412, -0.1156313406278999950, -0.04857552519136999758 ) ) ;
#5446 = CARTESIAN_POINT ( 'NONE',  ( 1.365194513042000235, 0.1135193940075000102, 0.02285859746510999699 ) ) ;
#5447 = CARTESIAN_POINT ( 'NONE',  ( 1.143571200226489060, 0.002143985591065517005, 0.1042547947664448776 ) ) ;
#5448 = DIRECTION ( 'NONE',  ( 1.000000000000000000, 0.000000000000000000, 0.000000000000000000 ) ) ;
#5449 = CARTESIAN_POINT ( 'NONE',  ( 0.7360889355193996897, -0.1858375844696000256, -0.1002685615818999926 ) ) ;
#5450 = CARTESIAN_POINT ( 'NONE',  ( 0.4921259842520000483, 0.3740157480314960647, 0.3740157480314960647 ) ) ;
#5451 = CARTESIAN_POINT ( 'NONE',  ( 1.373495730539238124, 0.02403804991691000162, -0.1021258944721999962 ) ) ;
#5452 = CARTESIAN_POINT ( 'NONE',  ( 1.291268762165250328, 0.01546059376766942793, 0.1181102362205000839 ) ) ;
#5453 = DIRECTION ( 'NONE',  ( 1.000000000000000000, 0.000000000000000000, 0.000000000000000000 ) ) ;
#5454 = CARTESIAN_POINT ( 'NONE',  ( 0.5511811023621999706, 0.5314960629921000601, 0.5314960629921000601 ) ) ;
#5455 = ORIENTED_EDGE ( 'NONE', *, *, #3733, .T. ) ;
#5456 = EDGE_CURVE ( 'NONE', #8284, #5561, #2034, .T. ) ;
#5457 = ORIENTED_EDGE ( 'NONE', *, *, #4036, .F. ) ;
#5458 = EDGE_CURVE ( 'NONE', #4120, #1275, #8738, .T. ) ;
#5459 = CARTESIAN_POINT ( 'NONE',  ( 1.081981382249000090, -0.07908058356916003451, 0.06754119902157992850 ) ) ;
#5460 = ADVANCED_FACE ( 'NONE', ( #288 ), #1236, .F. ) ;
#5461 = AXIS2_PLACEMENT_3D ( 'NONE', #2326, #1572, #808 ) ;
#5462 = CARTESIAN_POINT ( 'NONE',  ( 0.5830288604789000129, -0.1255515169379000096, 0.09067146254816003947 ) ) ;
#5463 = CARTESIAN_POINT ( 'NONE',  ( 1.046617489575999871, 0.06944956944780000807, -0.08466240448922007777 ) ) ;
#5464 = CARTESIAN_POINT ( 'NONE',  ( 0.7362204724408996093, 0.003937007874016000379, 0.2132686289419000181 ) ) ;
#5465 = CARTESIAN_POINT ( 'NONE',  ( 1.153141340724000097, -0.1004845538542000066, -0.04351788006414000071 ) ) ;
#5466 = CARTESIAN_POINT ( 'NONE',  ( 0.9553806310637670274, 0.09349891832880370679, -0.1732282591597343879 ) ) ;
#5467 = FACE_OUTER_BOUND ( 'NONE', #3067, .T. ) ;
#5468 = CARTESIAN_POINT ( 'NONE',  ( 0.4724409448819000268, -0.3543307086614000401, -0.3543307086614000401 ) ) ;
#5469 = ORIENTED_EDGE ( 'NONE', *, *, #1005, .F. ) ;
#5470 = ORIENTED_EDGE ( 'NONE', *, *, #8220, .T. ) ;
#5471 = EDGE_LOOP ( 'NONE', ( #8300, #3817, #6045, #8556 ) ) ;
#5472 = EDGE_CURVE ( 'NONE', #7395, #2115, #3388, .T. ) ;
#5473 = CARTESIAN_POINT ( 'NONE',  ( 1.354453079718793918, -0.08363897360172307949, -0.06334749698178344934 ) ) ;
#5474 = CARTESIAN_POINT ( 'NONE',  ( 0.6285072769383996949, 0.1542213071438000294, -0.07085545274729999898 ) ) ;
#5475 = B_SPLINE_CURVE_WITH_KNOTS ( 'NONE', 3,
 ( #8239, #1310, #554, #3738, #6007, #7476 ),
 .UNSPECIFIED., .F., .F.,
 ( 4, 1, 1, 4 ),
 ( 0.000000000000000000, 0.3333333333333000081, 0.6666666666667000474, 1.000000000000000000 ),
 .UNSPECIFIED. ) ;
#5476 = CARTESIAN_POINT ( 'NONE',  ( 1.217480069912999951, 0.04962348393291000220, -0.09139508797118996164 ) ) ;
#5477 = CARTESIAN_POINT ( 'NONE',  ( 1.365840120955000181, -0.1087536743464000005, -0.01171841335327000050 ) ) ;
#5478 = CARTESIAN_POINT ( 'NONE',  ( 0.1415574779026000096, 0.000000000000000000, 0.000000000000000000 ) ) ;
#5479 = CARTESIAN_POINT ( 'NONE',  ( 1.296587955919482837, 0.05217873381839999852, -0.09037621804783996238 ) ) ;
#5480 = CARTESIAN_POINT ( 'NONE',  ( 0.7244094488188976833, -1.917212598425000136, -1.111449274906000095 ) ) ;
#5481 = CARTESIAN_POINT ( 'NONE',  ( 1.256589950371000297, 0.1034646750344000027, 0.01362138288035000082 ) ) ;
#5482 = B_SPLINE_CURVE_WITH_KNOTS ( 'NONE', 3,
 ( #3805, #9976, #3045, #6127, #7181, #1785, #4111, #1019, #4065, #8610, #8711, #4921, #8763, #4877 ),
 .UNSPECIFIED., .F., .F.,
 ( 4, 1, 1, 1, 1, 1, 1, 1, 1, 1, 1, 4 ),
 ( 0.000000000000000000, 0.09090909090909000956, 0.1818181818182000031, 0.2727272727273000186, 0.3636363636364000063, 0.4545454545454999939, 0.5454545454545000061, 0.6363636363636000493, 0.7272727272726999814, 0.8181818181818000246, 0.9090909090908999568, 1.000000000000000000 ),
 .UNSPECIFIED. ) ;
#5483 = AXIS2_PLACEMENT_3D ( 'NONE', #5064, #8146, #1214 ) ;
#5484 = CARTESIAN_POINT ( 'NONE',  ( 1.188811522707391877, -0.08279348481157769446, 0.06352967518692567706 ) ) ;
#5485 = CARTESIAN_POINT ( 'NONE',  ( 1.066428147215999989, 0.0008625542793522007366, -0.1181448714373000003 ) ) ;
#5486 = CARTESIAN_POINT ( 'NONE',  ( 0.7362204724408996093, 0.003937007874016000379, -0.2132686289419000181 ) ) ;
#5487 = ORIENTED_EDGE ( 'NONE', *, *, #1992, .F. ) ;
#5488 = EDGE_LOOP ( 'NONE', ( #8758, #9180, #8051, #3789 ) ) ;
#5489 = TOROIDAL_SURFACE ( 'NONE', #5965, 0.2496578167135999893, 0.007874015748031005027 ) ;
#5490 = CARTESIAN_POINT ( 'NONE',  ( 1.110428533047999933, -0.03739837169672000083, 0.09742608914448995516 ) ) ;
#5491 = CONICAL_SURFACE ( 'NONE', #8390, 0.09367113481622992011, 0.7853981633972997312 ) ;
#5492 = DIRECTION ( 'NONE',  ( 0.000000000000000000, -0.8660254037844288266, -0.5000000000000169864 ) ) ;
#5493 = DIRECTION ( 'NONE',  ( 0.000000000000000000, -1.000000000000000000, 0.000000000000000000 ) ) ;
#5494 = CARTESIAN_POINT ( 'NONE',  ( 0.5984251968503937480, 0.09693842135412991667, -0.07415168411053996156 ) ) ;
#5495 = CARTESIAN_POINT ( 'NONE',  ( 1.231309281060000149, 0.08865957311805000574, 0.06441495038506003801 ) ) ;
#5496 = ORIENTED_EDGE ( 'NONE', *, *, #8612, .T. ) ;
#5497 = EDGE_LOOP ( 'NONE', ( #4584, #4062, #9465, #3727 ) ) ;
#5498 = VECTOR ( 'NONE', #7017, 39.37007874015748143 ) ;
#5499 = DIRECTION ( 'NONE',  ( 1.000000000000000000, 0.000000000000000000, 0.000000000000000000 ) ) ;
#5500 = CARTESIAN_POINT ( 'NONE',  ( 1.140171093770000033, 0.06133978044347992292, -0.08442696480807007631 ) ) ;
#5501 = CARTESIAN_POINT ( 'NONE',  ( 1.307742782152000016, -0.08864826967872008190, 0.05118110236220000525 ) ) ;
#5502 = CARTESIAN_POINT ( 'NONE',  ( 0.5788054699796000291, 0.01574803149606000124, -0.1482276112777000110 ) ) ;
#5503 = FACE_OUTER_BOUND ( 'NONE', #7513, .T. ) ;
#5504 = DIRECTION ( 'NONE',  ( 1.000000000000000000, 0.000000000000000000, 0.000000000000000000 ) ) ;
#5505 = DIRECTION ( 'NONE',  ( -2.067778279074404002E-19, -0.9999999999999995559, 3.012895425507998495E-08 ) ) ;
#5506 = CARTESIAN_POINT ( 'NONE',  ( 1.378315284345238867, 0.08830341887916003107, -0.05665714741372000068 ) ) ;
#5507 = CARTESIAN_POINT ( 'NONE',  ( 1.176509186351999858, 0.08864826967872008190, 0.05118110236220999726 ) ) ;
#5508 = DIRECTION ( 'NONE',  ( 0.000000000000000000, 0.7942696459338213222, 0.6075654117444163616 ) ) ;
#5509 = DIRECTION ( 'NONE',  ( 1.000000000000000000, 0.000000000000000000, 0.000000000000000000 ) ) ;
#5510 = ORIENTED_EDGE ( 'NONE', *, *, #9912, .F. ) ;
#5511 = VERTEX_POINT ( 'NONE', #8584 ) ;
#5512 = EDGE_LOOP ( 'NONE', ( #9334, #616, #6184, #7263 ) ) ;
#5513 = EDGE_CURVE ( 'NONE', #4595, #7584, #9656, .T. ) ;
#5514 = CARTESIAN_POINT ( 'NONE',  ( 1.190030376124999956, 0.06932209138718996300, 0.07572517968587991199 ) ) ;
#5515 = CIRCLE ( 'NONE', #7931, 0.3149606299213000282 ) ;
#5516 = CARTESIAN_POINT ( 'NONE',  ( 1.315491635889000088, -0.07472918482929999384, -0.07364155170946004580 ) ) ;
#5517 = CARTESIAN_POINT ( 'NONE',  ( 1.156240968125999968, -0.01857169281152000126, -0.1135819171178999998 ) ) ;
#5518 = CARTESIAN_POINT ( 'NONE',  ( 1.298874445974000036, -0.01145519599787000152, 0.1089889259845999991 ) ) ;
#5519 = CARTESIAN_POINT ( 'NONE',  ( 1.116622465902000094, -0.09731404721927008894, -0.03644926686069999838 ) ) ;
#5520 = CARTESIAN_POINT ( 'NONE',  ( 0.7285187739042991995, -0.01502061551544000076, 0.2016627986020999852 ) ) ;
#5521 = DIRECTION ( 'NONE',  ( 0.000000000000000000, 0.9122602391622937068, -0.4096111034182968735 ) ) ;
#5522 = EDGE_CURVE ( 'NONE', #3118, #9614, #6887, .T. ) ;
#5523 = CARTESIAN_POINT ( 'NONE',  ( -0.03507965042200000133, 0.000000000000000000, 0.000000000000000000 ) ) ;
#5524 = EDGE_CURVE ( 'NONE', #1529, #7478, #3014, .T. ) ;
#5525 = ORIENTED_EDGE ( 'NONE', *, *, #1492, .T. ) ;
#5526 = VERTEX_POINT ( 'NONE', #7409 ) ;
#5527 = CARTESIAN_POINT ( 'NONE',  ( 1.064468578245999941, -0.03590591602883000388, -0.1136875325473999943 ) ) ;
#5528 = CARTESIAN_POINT ( 'NONE',  ( 1.213348814658000041, 0.000000000000000000, 0.1181102362205000006 ) ) ;
#5529 = CARTESIAN_POINT ( 'NONE',  ( 0.7285187739042991995, -0.1671347988300000142, -0.1138396339179000016 ) ) ;
#5530 = CARTESIAN_POINT ( 'NONE',  ( 1.327347666886999900, -0.1060527098435999904, -0.02678621563703000030 ) ) ;
#5531 = DIRECTION ( 'NONE',  ( -1.000000000000000000, 0.000000000000000000, 0.000000000000000000 ) ) ;
#5532 = CARTESIAN_POINT ( 'NONE',  ( 1.319007008928569702, -0.08417791325751967924, 0.05891435960494328938 ) ) ;
#5533 = CARTESIAN_POINT ( 'NONE',  ( 1.244164308700749455, -0.01546059376766992927, 0.1181102362204999867 ) ) ;
#5534 = CARTESIAN_POINT ( 'NONE',  ( 1.239529582916999884, -0.08897936835737992045, -0.05452662705760000228 ) ) ;
#5535 = ADVANCED_FACE ( 'NONE', ( #3479 ), #440, .F. ) ;
#5536 = CARTESIAN_POINT ( 'NONE',  ( 0.6092519685038996213, 0.000000000000000000, 0.000000000000000000 ) ) ;
#5537 = DIRECTION ( 'NONE',  ( 0.000000000000000000, 1.000000000000000000, 0.000000000000000000 ) ) ;
#5538 = CARTESIAN_POINT ( 'NONE',  ( 0.5984251968503937480, -0.09693842135412991667, 0.07415168411053996156 ) ) ;
#5539 = ORIENTED_EDGE ( 'NONE', *, *, #7358, .F. ) ;
#5540 = ORIENTED_EDGE ( 'NONE', *, *, #524, .T. ) ;
#5541 = CARTESIAN_POINT ( 'NONE',  ( 1.089103073730000038, 0.01090832572257000033, -0.1037857865099000160 ) ) ;
#5542 = CARTESIAN_POINT ( 'NONE',  ( 1.322585791932000099, -0.1018014538566000132, 0.01069976395653000033 ) ) ;
#5543 = CARTESIAN_POINT ( 'NONE',  ( 0.6383554654468995837, 0.1216494498272999991, 0.05205008215762999685 ) ) ;
#5544 = CARTESIAN_POINT ( 'NONE',  ( 0.5265748031496000348, 0.000000000000000000, 0.000000000000000000 ) ) ;
#5545 = ADVANCED_FACE ( 'NONE', ( #2816 ), #1960, .F. ) ;
#5546 = CARTESIAN_POINT ( 'NONE',  ( 1.317709728706000227, -0.07353757175389999401, 0.07353769128401003996 ) ) ;
#5547 = ORIENTED_EDGE ( 'NONE', *, *, #8037, .T. ) ;
#5548 = ORIENTED_EDGE ( 'NONE', *, *, #7300, .F. ) ;
#5549 = DIRECTION ( 'NONE',  ( 1.000000000000000000, 0.000000000000000000, 0.000000000000000000 ) ) ;
#5550 = CARTESIAN_POINT ( 'NONE',  ( 1.190641347487999990, 0.06956180430292008277, 0.07598703421526004087 ) ) ;
#5551 = CARTESIAN_POINT ( 'NONE',  ( 1.300130536664000136, -0.08187020474242991119, 0.07785502640268997243 ) ) ;
#5552 = CARTESIAN_POINT ( 'NONE',  ( 1.318335691299000079, 0.1032031167347791240, -0.05948255673673400606 ) ) ;
#5553 = CARTESIAN_POINT ( 'NONE',  ( 1.103908403189500342, -0.03091510445189051687, -0.1150361429136075309 ) ) ;
#5554 = CARTESIAN_POINT ( 'NONE',  ( 0.7344555622518996740, -0.1305908599656999958, -0.08720113035038996874 ) ) ;
#5555 = CARTESIAN_POINT ( 'NONE',  ( 1.167884781141999895, -0.05948255673673431138, 0.1032031167347788880 ) ) ;
#5556 = DIRECTION ( 'NONE',  ( 0.000000000000000000, 0.000000000000000000, -1.000000000000000000 ) ) ;
#5557 = LINE ( 'NONE', #1664, #434 ) ;
#5558 = DIRECTION ( 'NONE',  ( 0.000000000000000000, 0.000000000000000000, 1.000000000000000000 ) ) ;
#5559 = EDGE_LOOP ( 'NONE', ( #8706, #6829 ) ) ;
#5560 = VERTEX_POINT ( 'NONE', #1290 ) ;
#5561 = VERTEX_POINT ( 'NONE', #2108 ) ;
#5562 = CARTESIAN_POINT ( 'NONE',  ( 1.173680857315000159, -0.02162236826083999836, -0.1017252449351000038 ) ) ;
#5563 = CARTESIAN_POINT ( 'NONE',  ( 1.337394842384666660, -0.07690747405744345622, -0.09197940250215241864 ) ) ;
#5564 = CARTESIAN_POINT ( 'NONE',  ( 1.153074486638000051, -0.01947325018234000171, -0.1190957179118000142 ) ) ;
#5565 = CARTESIAN_POINT ( 'NONE',  ( 1.207174970907999967, 0.1012472735857000011, -0.04193799387248999672 ) ) ;
#5566 = CARTESIAN_POINT ( 'NONE',  ( 1.129154683683999849, 0.07364404801063996475, -0.07331525784912007460 ) ) ;
#5567 = CARTESIAN_POINT ( 'NONE',  ( 0.5788054699796000291, 0.1204948611606999898, 0.08775200097402008348 ) ) ;
#5568 = CARTESIAN_POINT ( 'NONE',  ( 1.150426538597364434, 0.07569823244745001178, 0.07183494035557008717 ) ) ;
#5569 = EDGE_CURVE ( 'NONE', #6383, #9086, #8940, .T. ) ;
#5570 = MECHANICAL_DESIGN_GEOMETRIC_PRESENTATION_REPRESENTATION (  '', ( #3312 ), #2339 ) ;
#5571 = ORIENTED_EDGE ( 'NONE', *, *, #6314, .T. ) ;
#5572 = ORIENTED_EDGE ( 'NONE', *, *, #3119, .F. ) ;
#5573 = ORIENTED_EDGE ( 'NONE', *, *, #1183, .T. ) ;
#5574 = CARTESIAN_POINT ( 'NONE',  ( 1.194941641813999977, 0.09492304376670000765, 0.06523931469358995594 ) ) ;
#5575 = EDGE_CURVE ( 'NONE', #1936, #1844, #8265, .T. ) ;
#5576 = CARTESIAN_POINT ( 'NONE',  ( 0.7244094488188976833, -0.1251805779226000115, 0.09045730080782006521 ) ) ;
#5577 = TOROIDAL_SURFACE ( 'NONE', #2833, 0.1478229366753000262, 0.007874015748031005027 ) ;
#5578 = CARTESIAN_POINT ( 'NONE',  ( 1.374514052253999807, 0.08830341887916003107, -0.05665714741372000068 ) ) ;
#5579 = CARTESIAN_POINT ( 'NONE',  ( 1.361788283685000156, -0.09385787912857992965, 0.05617278185086000547 ) ) ;
#5580 = DIRECTION ( 'NONE',  ( -1.000000000000000000, 0.000000000000000000, 0.000000000000000000 ) ) ;
#5581 = CARTESIAN_POINT ( 'NONE',  ( 0.8431417322834998673, -0.3740157480314960647, -0.3740157480314960647 ) ) ;
#5582 = FACE_OUTER_BOUND ( 'NONE', #3803, .T. ) ;
#5583 = CARTESIAN_POINT ( 'NONE',  ( 1.211806485804000078, 0.07755271207417993584, -0.06982877559786003496 ) ) ;
#5584 = CARTESIAN_POINT ( 'NONE',  ( 0.7244094488188976833, 0.003937007874016000379, -1.917212598425000136 ) ) ;
#5585 = VECTOR ( 'NONE', #5943, 39.37007874015748143 ) ;
#5586 = CARTESIAN_POINT ( 'NONE',  ( 0.6102362204723996708, 0.3543307086614000401, -0.3543307086614000401 ) ) ;
#5587 = ORIENTED_EDGE ( 'NONE', *, *, #7311, .T. ) ;
#5588 = TOROIDAL_SURFACE ( 'NONE', #104, 0.1478229366753000262, 0.007874015748031005027 ) ;
#5589 = EDGE_CURVE ( 'NONE', #967, #1276, #2009, .T. ) ;
#5590 = EDGE_CURVE ( 'NONE', #7762, #4347, #4388, .T. ) ;
#5591 = EDGE_CURVE ( 'NONE', #4372, #3761, #757, .T. ) ;
#5592 = AXIS2_PLACEMENT_3D ( 'NONE', #7487, #5271, #6727 ) ;
#5593 = TOROIDAL_SURFACE ( 'NONE', #2526, 0.2133049650658000174, 0.01181102362204999867 ) ;
#5594 = CARTESIAN_POINT ( 'NONE',  ( 1.078496885233000135, -0.08279234553396004614, -0.06352880112627991294 ) ) ;
#5595 = VECTOR ( 'NONE', #4857, 39.37007874015748143 ) ;
#5596 = CARTESIAN_POINT ( 'NONE',  ( 1.262874505842999984, 0.1020770065874999910, -0.02169713754582000206 ) ) ;
#5597 = CARTESIAN_POINT ( 'NONE',  ( 1.380849779205963523, 0.1007369551327853552, -0.02700241873475419524 ) ) ;
#5598 = DIRECTION ( 'NONE',  ( 0.000000000000000000, -0.8751064672747764783, 0.4839304401810867184 ) ) ;
#5599 = CARTESIAN_POINT ( 'NONE',  ( 1.220646551401999957, 0.05229147507196999639, -0.09630891637529999383 ) ) ;
#5600 = VECTOR ( 'NONE', #1794, 39.37007874015748143 ) ;
#5601 = VERTEX_POINT ( 'NONE', #4287 ) ;
#5602 = CARTESIAN_POINT ( 'NONE',  ( 1.075553539067999997, 0.000000000000000000, -0.1181102362205000006 ) ) ;
#5603 = CARTESIAN_POINT ( 'NONE',  ( 1.103917812930000020, 0.09419151460094998818, -0.04492704785243999827 ) ) ;
#5604 = CARTESIAN_POINT ( 'NONE',  ( 0.7361458461413995513, 0.1334985380607000005, -0.08350471638012992026 ) ) ;
#5605 = CARTESIAN_POINT ( 'NONE',  ( 0.5802225316246999443, 0.01574803149606000124, -0.1516615877783000221 ) ) ;
#5606 = AXIS2_PLACEMENT_3D ( 'NONE', #750, #2420, #5508 ) ;
#5607 = CYLINDRICAL_SURFACE ( 'NONE', #7355, 0.08267716535433068670 ) ;
#5608 = CARTESIAN_POINT ( 'NONE',  ( 1.053235450317578037, 0.04838326685366432789, 0.1084572503084674788 ) ) ;
#5609 = CARTESIAN_POINT ( 'NONE',  ( 0.6498031496062991463, -0.3543307086614000401, 0.3543307086614000401 ) ) ;
#5610 = CARTESIAN_POINT ( 'NONE',  ( 1.366141732283000065, -0.08034203920182007852, 0.08657473440298996126 ) ) ;
#5611 = CARTESIAN_POINT ( 'NONE',  ( 1.241907335900999998, 0.03125811517097000503, 0.1166568739668999988 ) ) ;
#5612 = EDGE_LOOP ( 'NONE', ( #3944, #6607, #5026, #9772, #6346, #8347, #6931, #4190, #9815, #4697, #1831, #5441 ) ) ;
#5613 = ORIENTED_EDGE ( 'NONE', *, *, #5889, .F. ) ;
#5614 = CARTESIAN_POINT ( 'NONE',  ( 1.116102117157000029, -0.002722346275402999938, 0.1039622099305999997 ) ) ;
#5615 = CARTESIAN_POINT ( 'NONE',  ( 0.4921259842520000483, -0.4370078740156999597, 0.3543307086614000401 ) ) ;
#5616 = CARTESIAN_POINT ( 'NONE',  ( 1.074781552543000007, -0.06460905580166004247, -0.09524405269751004544 ) ) ;
#5617 = CARTESIAN_POINT ( 'NONE',  ( 1.286079170383000125, 0.1023103873717999962, -0.03927327811942000341 ) ) ;
#5618 = FACE_OUTER_BOUND ( 'NONE', #2651, .T. ) ;
#5619 = CARTESIAN_POINT ( 'NONE',  ( 1.288455647284249883, -0.09444883965335042209, 0.07258425826477062082 ) ) ;
#5620 = CARTESIAN_POINT ( 'NONE',  ( 1.118438349621364347, -0.03739837169672001471, 0.09742608914448995516 ) ) ;
#5621 = CARTESIAN_POINT ( 'NONE',  ( 0.5987259262206003907, 0.01574803149606000124, -0.1592627117733999842 ) ) ;
#5622 = VERTEX_POINT ( 'NONE', #8889 ) ;
#5623 = EDGE_LOOP ( 'NONE', ( #1223, #2186, #6048, #1225, #3565 ) ) ;
#5624 = EDGE_CURVE ( 'NONE', #3285, #357, #1084, .T. ) ;
#5625 = ORIENTED_EDGE ( 'NONE', *, *, #7253, .T. ) ;
#5626 = CARTESIAN_POINT ( 'NONE',  ( 1.142661929076999927, -0.04621747521769000583, -0.1115788554892000045 ) ) ;
#5627 = CIRCLE ( 'NONE', #6589, 0.2750715554070999880 ) ;
#5628 = FACE_OUTER_BOUND ( 'NONE', #4501, .T. ) ;
#5629 = CARTESIAN_POINT ( 'NONE',  ( 1.347395503218000057, 0.07934963333568996469, 0.06863790391348996434 ) ) ;
#5630 = CARTESIAN_POINT ( 'NONE',  ( 1.370777314007999959, -0.01757886705627999951, -0.1023029811202999934 ) ) ;
#5631 = CARTESIAN_POINT ( 'NONE',  ( 0.7249748790432009038, 0.1253071545881999926, 0.09053037987981003842 ) ) ;
#5632 = CARTESIAN_POINT ( 'NONE',  ( 1.259280573188999774, -0.1032031167347789991, 0.05948255673673419341 ) ) ;
#5633 = DIRECTION ( 'NONE',  ( 1.000000000000000000, 0.000000000000000000, 0.000000000000000000 ) ) ;
#5634 = CARTESIAN_POINT ( 'NONE',  ( 1.178396599539999867, 0.1005876041400999843, 0.02224877255178000016 ) ) ;
#5635 = CARTESIAN_POINT ( 'NONE',  ( 1.153121001614500152, 0.1150361429136075864, -0.03091510445189034686 ) ) ;
#5636 = CIRCLE ( 'NONE', #1267, 0.08267716535433068670 ) ;
#5637 = DIRECTION ( 'NONE',  ( -1.000000000000000000, 0.000000000000000000, 0.000000000000000000 ) ) ;
#5638 = ADVANCED_FACE ( 'NONE', ( #1341 ), #6547, .F. ) ;
#5639 = ORIENTED_EDGE ( 'NONE', *, *, #9037, .F. ) ;
#5640 = CARTESIAN_POINT ( 'NONE',  ( 1.075201054108249732, 0.1181102362205000700, -0.01546059376766953028 ) ) ;
#5641 = VECTOR ( 'NONE', #8861, 39.37007874015748143 ) ;
#5642 = CARTESIAN_POINT ( 'NONE',  ( 0.6102362204723996708, -0.3740157480314960647, -0.3740157480314960647 ) ) ;
#5643 = APPLICATION_CONTEXT ( 'automotive_design' ) ;
#5644 = CARTESIAN_POINT ( 'NONE',  ( 1.281893967494207809, 0.01546059376766943140, 0.1181102362205000700 ) ) ;
#5645 = ADVANCED_FACE ( 'NONE', ( #1190 ), #3529, .F. ) ;
#5646 = CARTESIAN_POINT ( 'NONE',  ( 0.5787401574803000548, 0.1126864528502000001, -0.04687529344016000410 ) ) ;
#5647 = EDGE_CURVE ( 'NONE', #9813, #2488, #2061, .T. ) ;
#5648 = CARTESIAN_POINT ( 'NONE',  ( 1.218514005469999884, 0.01714353714179999918, -0.1082400335958999954 ) ) ;
#5649 = EDGE_CURVE ( 'NONE', #5126, #2322, #5753, .T. ) ;
#5650 = DIRECTION ( 'NONE',  ( -1.000000000000000000, -3.060028587792000341E-14, 0.000000000000000000 ) ) ;
#5651 = CARTESIAN_POINT ( 'NONE',  ( 0.8464566929133995332, 0.1692913385826985417, 0.000000000000000000 ) ) ;
#5652 = CARTESIAN_POINT ( 'NONE',  ( 1.159420548317000144, -0.09837167889976004831, 0.03483523850945000055 ) ) ;
#5653 = CARTESIAN_POINT ( 'NONE',  ( 0.7362204724408996093, 0.1340878390540999887, -0.08258810736048996515 ) ) ;
#5654 = CARTESIAN_POINT ( 'NONE',  ( 0.4921259842520000483, -0.3740157480314960647, 0.3740157480314960647 ) ) ;
#5655 = VECTOR ( 'NONE', #3098, 39.37007874015748143 ) ;
#5656 = DIRECTION ( 'NONE',  ( 1.000000000000000000, 0.000000000000000000, 0.000000000000000000 ) ) ;
#5657 = DIRECTION ( 'NONE',  ( 0.000000000000000000, 0.000000000000000000, 1.000000000000000000 ) ) ;
#5658 = CARTESIAN_POINT ( 'NONE',  ( 0.7280600717204999128, 0.1669210694110000448, 0.1138883778692999921 ) ) ;
#5659 = CARTESIAN_POINT ( 'NONE',  ( 0.7244094488188976833, -1.917212598425000136, -1.111449274906000095 ) ) ;
#5660 = EDGE_CURVE ( 'NONE', #8872, #2209, #1213, .T. ) ;
#5661 = CARTESIAN_POINT ( 'NONE',  ( 1.278160616741000011, 0.08313401587962007677, 0.08760497366873996883 ) ) ;
#5662 = AXIS2_PLACEMENT_3D ( 'NONE', #7712, #2245, #6945 ) ;
#5663 = VERTEX_POINT ( 'NONE', #3672 ) ;
#5664 = AXIS2_PLACEMENT_3D ( 'NONE', #5324, #19, #2950 ) ;
#5665 = CARTESIAN_POINT ( 'NONE',  ( 1.111837025293999970, 0.06330987819432007391, 0.08250703961432992450 ) ) ;
#5666 = DIRECTION ( 'NONE',  ( 0.000000000000000000, 0.8660254037844289376, -0.5000000000000169864 ) ) ;
#5667 = CARTESIAN_POINT ( 'NONE',  ( 1.097757285142999972, 0.008150539891741004003, 0.1148012559395999999 ) ) ;
#5668 = CARTESIAN_POINT ( 'NONE',  ( 1.241295705815999906, 0.03658164642932999755, -0.1033033827283000028 ) ) ;
#5669 = DIRECTION ( 'NONE',  ( 0.000000000000000000, -0.9997541118987406383, -0.02217466440694088742 ) ) ;
#5670 = CARTESIAN_POINT ( 'NONE',  ( 0.7362204724408996093, -0.003937007874016000379, 0.2132686289419000181 ) ) ;
#5671 = CARTESIAN_POINT ( 'NONE',  ( 1.069389793191361182, 0.09641372827659999700, 0.03993587396947002877 ) ) ;
#5672 = CARTESIAN_POINT ( 'NONE',  ( 0.5841804246273000212, 0.01574803149606000124, -0.1545109335357000291 ) ) ;
#5673 = VERTEX_POINT ( 'NONE', #8838 ) ;
#5674 = VERTEX_POINT ( 'NONE', #7716 ) ;
#5675 = ORIENTED_EDGE ( 'NONE', *, *, #2107, .F. ) ;
#5676 = AXIS2_PLACEMENT_3D ( 'NONE', #997, #3327, #7120 ) ;
#5677 = CARTESIAN_POINT ( 'NONE',  ( 1.153324658735999986, 0.1166568739668999988, -0.03125811517097000503 ) ) ;
#5678 = DIRECTION ( 'NONE',  ( 0.000000000000000000, 0.000000000000000000, 1.000000000000000000 ) ) ;
#5679 = CARTESIAN_POINT ( 'NONE',  ( 1.364263941539000324, -0.1012918731321000021, -0.02734012804704000210 ) ) ;
#5680 = EDGE_LOOP ( 'NONE', ( #5196, #6072, #372, #5359, #9109 ) ) ;
#5681 = CARTESIAN_POINT ( 'NONE',  ( 1.356595883561000138, -0.06751746165267992483, 0.07884357171762992889 ) ) ;
#5682 = ORIENTED_EDGE ( 'NONE', *, *, #8675, .F. ) ;
#5683 = AXIS2_PLACEMENT_3D ( 'NONE', #763, #5970, #662 ) ;
#5684 = CARTESIAN_POINT ( 'NONE',  ( 1.094418368464249891, 0.01546059376766942793, 0.1181102362205000839 ) ) ;
#5685 = CARTESIAN_POINT ( 'NONE',  ( 1.198490843058482636, -0.05683715052910000981, 0.08752153721173996925 ) ) ;
#5686 = DIRECTION ( 'NONE',  ( -0.000000000000000000, 0.5000000000000169864, 0.8660254037844288266 ) ) ;
#5687 = CARTESIAN_POINT ( 'NONE',  ( 1.208075069855749639, -0.07258425826477071796, 0.09444883965335035270 ) ) ;
#5688 = CARTESIAN_POINT ( 'NONE',  ( 1.142810756915500381, -0.1150361429136074615, 0.03091510445189059667 ) ) ;
#5689 = ORIENTED_EDGE ( 'NONE', *, *, #2438, .F. ) ;
#5690 = ORIENTED_EDGE ( 'NONE', *, *, #2285, .T. ) ;
#5691 = CIRCLE ( 'NONE', #1322, 0.2417915662690000023 ) ;
#5692 = CARTESIAN_POINT ( 'NONE',  ( 1.059303971847000092, 0.07755271211107993279, 0.06982877558142992769 ) ) ;
#5693 = CARTESIAN_POINT ( 'NONE',  ( 0.8661417632692993696, -0.09349877921426004435, -0.1732283253607999896 ) ) ;
#5694 = CARTESIAN_POINT ( 'NONE',  ( 1.284199965161000101, -0.1042144493542999928, -0.005461647859861999341 ) ) ;
#5695 = CARTESIAN_POINT ( 'NONE',  ( 0.7244094488188976833, -0.1251805779226000115, -0.09045730080782006521 ) ) ;
#5696 = DIRECTION ( 'NONE',  ( -1.000000000000000000, -2.395410595011000017E-12, 0.000000000000000000 ) ) ;
#5697 = ADVANCED_FACE ( 'NONE', ( #9080, #5386 ), #6140, .T. ) ;
#5698 = ORIENTED_EDGE ( 'NONE', *, *, #7299, .F. ) ;
#5699 = CARTESIAN_POINT ( 'NONE',  ( 0.9763779527559055538, 0.09399477469537993735, -0.1751968503937007815 ) ) ;
#5700 = EDGE_CURVE ( 'NONE', #9959, #9409, #8311, .T. ) ;
#5701 = EDGE_CURVE ( 'NONE', #6704, #2789, #5428, .T. ) ;
#5702 = CARTESIAN_POINT ( 'NONE',  ( 1.059134348363000022, 0.02700979982167000040, -0.1008016175451000029 ) ) ;
#5703 = EDGE_CURVE ( 'NONE', #2309, #727, #8818, .T. ) ;
#5704 = CARTESIAN_POINT ( 'NONE',  ( 1.335520485621000120, -0.07641167003832992355, 0.09436055405642992944 ) ) ;
#5705 = CARTESIAN_POINT ( 'NONE',  ( 0.7352433617586003889, -0.1403251297469000070, -0.07092686677642008608 ) ) ;
#5706 = DIRECTION ( 'NONE',  ( 1.000000000000000000, 0.000000000000000000, 0.000000000000000000 ) ) ;
#5707 = CARTESIAN_POINT ( 'NONE',  ( 1.104260888149249498, -0.1181102362205000006, 0.01546059376766979396 ) ) ;
#5708 = CARTESIAN_POINT ( 'NONE',  ( 0.7358047547447992276, 0.007185665451878996829, -0.1572119822396000066 ) ) ;
#5709 = DIRECTION ( 'NONE',  ( 0.000000000000000000, -0.9997541118987406383, -0.02217466440694088742 ) ) ;
#5710 = CARTESIAN_POINT ( 'NONE',  ( 1.308016259785000024, 0.09183581231427992431, -0.07843519353245001491 ) ) ;
#5711 = VERTEX_POINT ( 'NONE', #6188 ) ;
#5712 = EDGE_LOOP ( 'NONE', ( #9340, #317 ) ) ;
#5713 = CARTESIAN_POINT ( 'NONE',  ( 0.6102362204723996708, 0.3543307086614000401, -0.3543307086614000401 ) ) ;
#5714 = EDGE_CURVE ( 'NONE', #1439, #1094, #6386, .T. ) ;
#5715 = ADVANCED_FACE ( 'NONE', ( #9887 ), #907, .T. ) ;
#5716 = DIRECTION ( 'NONE',  ( 0.000000000000000000, 0.000000000000000000, -1.000000000000000000 ) ) ;
#5717 = CARTESIAN_POINT ( 'NONE',  ( 1.049717116979000053, 0.1143136490060999988, 0.01334724085553999975 ) ) ;
#5718 = CARTESIAN_POINT ( 'NONE',  ( 1.215705154634999952, 0.06207203992786004126, 0.09031537852314999726 ) ) ;
#5719 = CARTESIAN_POINT ( 'NONE',  ( 1.005904856508999856, -6.792578432094999076E-07, 1.159127081727000044E-06 ) ) ;
#5720 = CARTESIAN_POINT ( 'NONE',  ( 0.5841804246273000212, -0.1259363778563000191, -0.09089366210302991800 ) ) ;
#5721 = CARTESIAN_POINT ( 'NONE',  ( 1.178149635710364240, 0.04737729933909002461, -0.09298318484278997320 ) ) ;
#5722 = DIRECTION ( 'NONE',  ( 1.000000000000000000, 0.000000000000000000, 0.000000000000000000 ) ) ;
#5723 = CARTESIAN_POINT ( 'NONE',  ( 0.01181102362204999867, 0.000000000000000000, -0.1003937007873999948 ) ) ;
#5724 = ORIENTED_EDGE ( 'NONE', *, *, #6071, .T. ) ;
#5725 = VERTEX_POINT ( 'NONE', #2959 ) ;
#5726 = CARTESIAN_POINT ( 'NONE',  ( 1.078685551124000108, 0.1115788553297999974, 0.04621747528864000171 ) ) ;
#5727 = DIRECTION ( 'NONE',  ( 0.000000000000000000, 0.000000000000000000, -1.000000000000000000 ) ) ;
#5728 = CARTESIAN_POINT ( 'NONE',  ( 1.369083495344000090, -0.05376119431681999905, -0.09009583869482007401 ) ) ;
#5729 = ORIENTED_EDGE ( 'NONE', *, *, #6071, .F. ) ;
#5730 = CARTESIAN_POINT ( 'NONE',  ( 1.333425422793000026, -0.03785938913231999547, -0.1026223642442000011 ) ) ;
#5731 = CARTESIAN_POINT ( 'NONE',  ( 1.089497108621750199, 0.09444883965335013065, 0.07258425826477109266 ) ) ;
#5732 = CARTESIAN_POINT ( 'NONE',  ( 0.5841804246273000212, -0.1416844093523999815, -0.06361727143266003581 ) ) ;
#5733 = CYLINDRICAL_SURFACE ( 'NONE', #3145, 0.2755905511811023723 ) ;
#5734 = CYLINDRICAL_SURFACE ( 'NONE', #108, 0.01181102362205004204 ) ;
#5735 = ORIENTED_EDGE ( 'NONE', *, *, #1253, .F. ) ;
#5736 = ORIENTED_EDGE ( 'NONE', *, *, #5096, .F. ) ;
#5737 = EDGE_LOOP ( 'NONE', ( #5902, #4537, #6770, #9421, #8253 ) ) ;
#5738 = AXIS2_PLACEMENT_3D ( 'NONE', #8333, #1412, #6813 ) ;
#5739 = EDGE_CURVE ( 'NONE', #8205, #499, #8659, .T. ) ;
#5740 = CARTESIAN_POINT ( 'NONE',  ( 1.072740424186999997, 0.1032031167347791240, -0.05948255673673399913 ) ) ;
#5741 = CARTESIAN_POINT ( 'NONE',  ( 0.7244094488188976833, -0.1409286094185999982, 0.06318091013743996898 ) ) ;
#5742 = CARTESIAN_POINT ( 'NONE',  ( 1.230886316867000119, 0.05910872053913996532, 0.08600372205772992273 ) ) ;
#5743 = CARTESIAN_POINT ( 'NONE',  ( 0.7244094488188976833, 0.1409286094185999982, 0.06318091013743996898 ) ) ;
#5744 = CARTESIAN_POINT ( 'NONE',  ( 0.7294508865112008245, 0.1823135906290000163, 0.08833648070976005129 ) ) ;
#5745 = CONICAL_SURFACE ( 'NONE', #9933, 0.1633858267431000100, 0.7853981633972997312 ) ;
#5746 = ORIENTED_EDGE ( 'NONE', *, *, #1057, .F. ) ;
#5747 = ADVANCED_FACE ( 'NONE', ( #6037 ), #2202, .F. ) ;
#5748 = EDGE_LOOP ( 'NONE', ( #7178, #4722, #7791, #5613 ) ) ;
#5749 = AXIS2_PLACEMENT_3D ( 'NONE', #2568, #1912, #289 ) ;
#5750 = CARTESIAN_POINT ( 'NONE',  ( 0.7244094488188976833, 0.000000000000000000, 0.000000000000000000 ) ) ;
#5751 = CARTESIAN_POINT ( 'NONE',  ( 1.142360180863000174, 0.1040357683916000170, 0.008187792543227993131 ) ) ;
#5752 = LINE ( 'NONE', #2999, #6914 ) ;
#5753 = LINE ( 'NONE', #2862, #5585 ) ;
#5754 = CARTESIAN_POINT ( 'NONE',  ( 0.5841804246273000212, -0.1259363778563000191, 0.09089366210302991800 ) ) ;
#5755 = CARTESIAN_POINT ( 'NONE',  ( 0.7322726316473996411, -0.1286469290627000051, -0.08906046700717991371 ) ) ;
#5756 = CARTESIAN_POINT ( 'NONE',  ( 0.7362204724408996093, -0.1953992016068999971, -0.09462952120023997160 ) ) ;
#5757 = VECTOR ( 'NONE', #7697, 39.37007874015748143 ) ;
#5758 = CARTESIAN_POINT ( 'NONE',  ( 0.8346456692645000119, -2.725007590637000299E-11, -0.1574803149338000197 ) ) ;
#5759 = CARTESIAN_POINT ( 'NONE',  ( 1.258967703354999967, -0.07600433443792992128, -0.09385753648173995878 ) ) ;
#5760 = ORIENTED_EDGE ( 'NONE', *, *, #4079, .T. ) ;
#5761 = ORIENTED_EDGE ( 'NONE', *, *, #5701, .T. ) ;
#5762 = CARTESIAN_POINT ( 'NONE',  ( 1.007949306638000087, -0.09147134244894999933, -0.1652790034751999981 ) ) ;
#5763 = AXIS2_PLACEMENT_3D ( 'NONE', #5659, #4187, #3381 ) ;
#5764 = CARTESIAN_POINT ( 'NONE',  ( 0.8464566929133995332, 0.09399477469537993735, -0.1751968503937007815 ) ) ;
#5765 = CARTESIAN_POINT ( 'NONE',  ( 1.099845988106999961, -0.02986143585277000259, 0.1111487935816000139 ) ) ;
#5766 = CARTESIAN_POINT ( 'NONE',  ( 1.204008489420000050, 0.1064130645374000012, -0.04407773454509000127 ) ) ;
#5767 = FACE_OUTER_BOUND ( 'NONE', #1677, .T. ) ;
#5768 = DIRECTION ( 'NONE',  ( 1.000000000000000000, 0.000000000000000000, 0.000000000000000000 ) ) ;
#5769 = CARTESIAN_POINT ( 'NONE',  ( 1.092847798440364171, -0.05683715047029000433, -0.08752153665227008217 ) ) ;
#5770 = CARTESIAN_POINT ( 'NONE',  ( 0.5841804246273000212, -0.1259363778563000191, -0.09089366210302991800 ) ) ;
#5771 = DIRECTION ( 'NONE',  ( 0.000000000000000000, 1.000000000000000000, 0.000000000000000000 ) ) ;
#5772 = ORIENTED_EDGE ( 'NONE', *, *, #5153, .F. ) ;
#5773 = EDGE_CURVE ( 'NONE', #7762, #9409, #3645, .T. ) ;
#5774 = ORIENTED_EDGE ( 'NONE', *, *, #7114, .F. ) ;
#5775 = CARTESIAN_POINT ( 'NONE',  ( 1.184278912154999919, 0.05229093091925000186, -0.1026267297437999937 ) ) ;
#5776 = CARTESIAN_POINT ( 'NONE',  ( 1.333547844905000002, 0.07117722443235000029, -0.07708001613486005488 ) ) ;
#5777 = CARTESIAN_POINT ( 'NONE',  ( 0.7248214212810000223, -0.1814271630142999803, -0.08656276095768995760 ) ) ;
#5778 = DIRECTION ( 'NONE',  ( -1.000000000000000000, 0.000000000000000000, 0.000000000000000000 ) ) ;
#5779 = CARTESIAN_POINT ( 'NONE',  ( 1.213418664581482620, -0.01901763795381000363, -0.1026099921947999927 ) ) ;
#5780 = DIRECTION ( 'NONE',  ( 1.000000000000000000, 0.000000000000000000, 0.000000000000000000 ) ) ;
#5781 = ORIENTED_EDGE ( 'NONE', *, *, #3007, .F. ) ;
#5782 = ORIENTED_EDGE ( 'NONE', *, *, #2554, .F. ) ;
#5783 = ADVANCED_FACE ( 'NONE', ( #6898 ), #9135, .T. ) ;
#5784 = EDGE_LOOP ( 'NONE', ( #2336, #4271, #2687, #6973, #7959 ) ) ;
#5785 = VERTEX_POINT ( 'NONE', #2250 ) ;
#5786 = FACE_OUTER_BOUND ( 'NONE', #2056, .T. ) ;
#5787 = B_SPLINE_CURVE_WITH_KNOTS ( 'NONE', 3,
 ( #1459, #7070, #6104, #4706 ),
 .UNSPECIFIED., .F., .F.,
 ( 4, 4 ),
 ( 0.000000000000000000, 1.000000000000000000 ),
 .UNSPECIFIED. ) ;
#5788 = ORIENTED_EDGE ( 'NONE', *, *, #6434, .F. ) ;
#5789 = CARTESIAN_POINT ( 'NONE',  ( 1.370147165296999869, -0.1177442323822000120, 0.02583389449133000060 ) ) ;
#5790 = CARTESIAN_POINT ( 'NONE',  ( 0.7334669091272008057, -0.1411895803851999920, 0.06814412746489999229 ) ) ;
#5791 = CARTESIAN_POINT ( 'NONE',  ( 1.299184327844000286, 0.1043217069378999939, -0.002731760046629999519 ) ) ;
#5792 = DIRECTION ( 'NONE',  ( -1.000000000000000000, 0.000000000000000000, 0.000000000000000000 ) ) ;
#5793 = CARTESIAN_POINT ( 'NONE',  ( 0.8464566929133995332, 0.000000000000000000, 0.000000000000000000 ) ) ;
#5794 = ORIENTED_EDGE ( 'NONE', *, *, #1698, .T. ) ;
#5795 = CARTESIAN_POINT ( 'NONE',  ( 0.7362204724408996093, -0.1817265251619000210, 0.1103022084881999931 ) ) ;
#5796 = DIRECTION ( 'NONE',  ( 1.000000000000000000, 0.000000000000000000, 0.000000000000000000 ) ) ;
#5797 = CARTESIAN_POINT ( 'NONE',  ( 1.170083277976000202, -0.02169713751314000447, -0.1020770066113000085 ) ) ;
#5798 = DIRECTION ( 'NONE',  ( 0.7071067811865474617, 4.632525650678305459E-10, 0.7071067811865474617 ) ) ;
#5799 = CARTESIAN_POINT ( 'NONE',  ( 0.6102362204723996708, -0.3740157480314960647, 0.3740157480314960647 ) ) ;
#5800 = CARTESIAN_POINT ( 'NONE',  ( 0.8464566929133995332, 0.000000000000000000, 0.000000000000000000 ) ) ;
#5801 = LINE ( 'NONE', #4341, #7278 ) ;
#5802 = LINE ( 'NONE', #8893, #9126 ) ;
#5803 = CARTESIAN_POINT ( 'NONE',  ( 1.372480481651604967, -0.08125109852301168334, -0.07988192045526923413 ) ) ;
#5804 = AXIS2_PLACEMENT_3D ( 'NONE', #4452, #7519, #596 ) ;
#5805 = CARTESIAN_POINT ( 'NONE',  ( 1.271762978945999878, 0.1181329231232999960, -0.02510992795911999934 ) ) ;
#5806 = EDGE_LOOP ( 'NONE', ( #935, #2222, #6171, #8570 ) ) ;
#5807 = ORIENTED_EDGE ( 'NONE', *, *, #2922, .F. ) ;
#5808 = DIRECTION ( 'NONE',  ( -0.7071067811865475727, 0.000000000000000000, -0.7071067811865475727 ) ) ;
#5809 = VECTOR ( 'NONE', #5650, 39.37007874015748143 ) ;
#5810 = CARTESIAN_POINT ( 'NONE',  ( 1.371527476018999936, 0.1024978627517000029, 0.02063926966982999878 ) ) ;
#5811 = CARTESIAN_POINT ( 'NONE',  ( 1.130098754036999997, 0.07655897255920000866, 0.09328301674806005472 ) ) ;
#5812 = CARTESIAN_POINT ( 'NONE',  ( 1.227466494668999930, -0.1126636970527000042, -0.02394740807054999629 ) ) ;
#5813 = DIRECTION ( 'NONE',  ( 0.000000000000000000, 0.000000000000000000, 1.000000000000000000 ) ) ;
#5814 = CARTESIAN_POINT ( 'NONE',  ( 0.6102362204723996708, 0.2755905511811023723, 0.000000000000000000 ) ) ;
#5815 = CARTESIAN_POINT ( 'NONE',  ( 1.174188048838000098, 0.1005876041400999843, 0.02224877255178000016 ) ) ;
#5816 = CARTESIAN_POINT ( 'NONE',  ( 1.125233862506999971, 0.000000000000000000, 0.1181102362205000006 ) ) ;
#5817 = AXIS2_PLACEMENT_3D ( 'NONE', #9331, #6567, #8090 ) ;
#5818 = CARTESIAN_POINT ( 'NONE',  ( 1.047973619356000086, 0.000000000000000000, 0.000000000000000000 ) ) ;
#5819 = EDGE_CURVE ( 'NONE', #88, #3873, #4594, .T. ) ;
#5820 = ORIENTED_EDGE ( 'NONE', *, *, #1253, .T. ) ;
#5821 = AXIS2_PLACEMENT_3D ( 'NONE', #5977, #4222, #6533 ) ;
#5822 = VERTEX_POINT ( 'NONE', #5987 ) ;
#5823 = B_SPLINE_SURFACE_WITH_KNOTS ( 'NONE', 3, 3, ( 
 ( #5542, #231, #6342, #1700, #9435, #4795, #2403, #8573, #4029, #6390, #82, #3977, #8776, #8678, #1649, #279, #3368, #133, #1751, #5694, #7869, #6438, #1850, #3218, #9537, #938, #4076, #9391, #7107, #5596, #4936, #4844, #3314, #430, #1951, #7348, #5886, #3521, #5936, #2656, #9026, #9685, #2099, #2854, #5742, #8829, #4276, #8877, #7296, #7452, #9637, #482, #3416, #6485, #1901, #5184, #8258, #5033, #1180, #8977, #8111, #2052, #6645, #4174, #6590, #2710, #326 ),
 ( #2807, #9781, #7247, #3467, #5842, #2761, #4985, #5133, #8213, #6536, #5791, #8930, #1997, #5080, #8058, #4226, #9583, #8161, #1231, #4328, #1283, #377, #1136, #7401, #3573, #9736, #4381, #531, #3615, #6689, #1333, #7710, #2954, #776, #6081, #7603, #4433, #9928, #3002, #6031, #3663, #3710, #7652, #7497, #673, #4484, #3867, #4580, #5981, #2901, #6789, #6890, #9074, #1483, #9119, #577, #2291, #9981, #7552, #6133, #5430, #3052, #2145, #5228, #9224, #8303, #6736 ),
 ( #624, #724, #2195, #8406, #6943, #8355, #3812, #5380, #9882, #5283, #6837, #8459, #1384, #1436, #1536, #9831, #4532, #3104, #9175, #3757, #4633, #24, #2242, #5330, #6181, #9272, #2345, #3498, #5481, #127, #3305, #4784, #2550, #4022, #9429, #6285, #5534, #2502, #6992, #2734, #1641, #223, #4836, #7147, #4071, #7096, #4736, #1743, #3210, #5583, #4253, #8617, #8669, #7907, #879, #7806, #176, #6379, #8565, #9662, #1793, #5011, #7756, #8088, #9479, #5634, #7045 ),
 ( #1690, #8717, #7858, #404, #74, #6565, #3261, #8513, #7322, #3158, #6236, #931, #9383, #3968, #1160, #2449, #979, #832, #3918, #9329, #1589, #4684, #6336, #2395, #602, #3593, #7528, #8279, #3736, #9758, #1260, #1975, #6715, #2931, #3546, #4458, #1411, #6812, #5111, #7474, #4407, #4307, #3688, #9858, #8192, #4356, #552, #1308, #3636, #9713, #5864, #5057, #7427, #507, #6667, #6765, #8955, #8904, #2830, #2026, #2077, #9902, #2124, #5915, #1356, #5815, #2168 ) ),
 .UNSPECIFIED., .F., .F., .F.,
 ( 4, 4 ),
 ( 4, 1, 1, 1, 1, 1, 1, 1, 1, 1, 1, 1, 1, 1, 1, 1, 1, 1, 1, 1, 1, 1, 1, 1, 1, 1, 1, 1, 1, 1, 1, 1, 1, 1, 1, 1, 1, 1, 1, 1, 1, 1, 1, 1, 1, 1, 1, 1, 1, 1, 1, 1, 1, 1, 1, 1, 1, 1, 1, 1, 1, 1, 1, 1, 4 ),
 ( -0.03448593916368000029, 1.034485939164000001 ),
 ( -0.02000000000000000042, -0.003749999999999999861, 0.01250000000000000069, 0.02875000000000000125, 0.04499999999999999833, 0.06124999999999999889, 0.07749999999999999944, 0.09375000000000000000, 0.1100000000000000006, 0.1262500000000000011, 0.1424999999999999878, 0.1587500000000000022, 0.1749999999999999889, 0.1912500000000000033, 0.2074999999999999900, 0.2237500000000000044, 0.2399999999999999911, 0.2562499999999999778, 0.2725000000000000200, 0.2887500000000000067, 0.3049999999999999933, 0.3212499999999999800, 0.3375000000000000222, 0.3537500000000000089, 0.3699999999999999956, 0.3862499999999999822, 0.4025000000000000244, 0.4187500000000000111, 0.4349999999999999978, 0.4512499999999999845, 0.4675000000000000266, 0.4837500000000000133, 0.5000000000000000000, 0.5162499999999999867, 0.5324999999999999734, 0.5487499999999999600, 0.5649999999999999467, 0.5812500000000000444, 0.5975000000000000311, 0.6137500000000000178, 0.6300000000000000044, 0.6462499999999999911, 0.6624999999999999778, 0.6787499999999999645, 0.6949999999999999512, 0.7112500000000000488, 0.7275000000000000355, 0.7437500000000000222, 0.7600000000000000089, 0.7762499999999999956, 0.7924999999999999822, 0.8087499999999999689, 0.8249999999999999556, 0.8412500000000000533, 0.8575000000000000400, 0.8737500000000000266, 0.8900000000000000133, 0.9062500000000000000, 0.9224999999999999867, 0.9387499999999999734, 0.9549999999999999600, 0.9712499999999999467, 0.9875000000000000444, 1.003749999999999920, 1.020000000000000018 ),
 .UNSPECIFIED. ) ;
#5824 = CARTESIAN_POINT ( 'NONE',  ( 1.107507258612000056, 0.08144503357134999511, -0.08144503357134999511 ) ) ;
#5825 = PLANE ( 'NONE',  #5483 ) ;
#5826 = CARTESIAN_POINT ( 'NONE',  ( 1.372715278455000076, 0.1031095099747999927, -0.01938956623244000171 ) ) ;
#5827 = CARTESIAN_POINT ( 'NONE',  ( 0.5984251968503937480, -0.09693842135412991667, 0.07415168411053996156 ) ) ;
#5828 = ADVANCED_FACE ( 'NONE', ( #2557 ), #5593, .F. ) ;
#5829 = DIRECTION ( 'NONE',  ( 1.000000000000000000, 0.000000000000000000, 0.000000000000000000 ) ) ;
#5830 = CARTESIAN_POINT ( 'NONE',  ( 1.302399216837999862, 0.000000000000000000, -0.1181102362205000006 ) ) ;
#5831 = CARTESIAN_POINT ( 'NONE',  ( 1.264201833031500133, -0.1150361429136074476, -0.03091510445189083259 ) ) ;
#5832 = CARTESIAN_POINT ( 'NONE',  ( 0.9841847292165000205, -0.09564333788652007451, 0.1818135286545999874 ) ) ;
#5833 = VERTEX_POINT ( 'NONE', #7962 ) ;
#5834 = AXIS2_PLACEMENT_3D ( 'NONE', #9448, #8742, #5657 ) ;
#5835 = VERTEX_POINT ( 'NONE', #6998 ) ;
#5836 = ORIENTED_EDGE ( 'NONE', *, *, #8372, .F. ) ;
#5837 = DIRECTION ( 'NONE',  ( 0.000000000000000000, 1.000000000000000000, 0.000000000000000000 ) ) ;
#5838 = B_SPLINE_CURVE_WITH_KNOTS ( 'NONE', 3,
 ( #5528, #4157, #1634, #2494, #8662, #6370, #7039, #9569, #1736, #1065, #7229, #309, #3402, #7141, #7900, #6471, #217, #2543 ),
 .UNSPECIFIED., .F., .F.,
 ( 4, 2, 2, 2, 2, 2, 2, 2, 4 ),
 ( 0.000000000000000000, 0.1250000000000000278, 0.2500000000000000555, 0.3750000000000001110, 0.5000000000000001110, 0.6250000000000001110, 0.7500000000000002220, 0.8750000000000001110, 1.000000000000000000 ),
 .UNSPECIFIED. ) ;
#5839 = EDGE_CURVE ( 'NONE', #883, #8844, #7514, .T. ) ;
#5840 = DIRECTION ( 'NONE',  ( 0.000000000000000000, 0.000000000000000000, -1.000000000000000000 ) ) ;
#5841 = CARTESIAN_POINT ( 'NONE',  ( 0.7244094488188976833, -1.889278931528999950, 1.086229634581000081 ) ) ;
#5842 = CARTESIAN_POINT ( 'NONE',  ( 1.311979603435000197, -0.04492705090909000082, 0.09419148551886005749 ) ) ;
#5843 = CARTESIAN_POINT ( 'NONE',  ( 0.9999994263157996333, -0.1489148699297786760, 0.1299458107934411966 ) ) ;
#5844 = CARTESIAN_POINT ( 'NONE',  ( 0.7308438124327991670, 0.1826437316298000213, 0.08941447007052008566 ) ) ;
#5845 = VERTEX_POINT ( 'NONE', #1079 ) ;
#5846 = ORIENTED_EDGE ( 'NONE', *, *, #640, .T. ) ;
#5847 = CARTESIAN_POINT ( 'NONE',  ( -0.03184567412300000344, 0.000000000000000000, 0.000000000000000000 ) ) ;
#5848 = CARTESIAN_POINT ( 'NONE',  ( 1.150946905751000005, -0.05452662705760000228, 0.08897936835737992045 ) ) ;
#5849 = CARTESIAN_POINT ( 'NONE',  ( 1.359892714768832889, 0.1185516919390394303, -0.02122533764942889645 ) ) ;
#5850 = CARTESIAN_POINT ( 'NONE',  ( 0.6498031496062991463, -0.3543307086614000401, -0.3543307086614000401 ) ) ;
#5851 = DIRECTION ( 'NONE',  ( 0.000000000000000000, 0.9997541118987406383, 0.02217466440694089089 ) ) ;
#5852 = LINE ( 'NONE', #389, #5344 ) ;
#5853 = CARTESIAN_POINT ( 'NONE',  ( 0.4724409448819000268, 0.3543307086614000401, -0.3543307086614000401 ) ) ;
#5854 = CARTESIAN_POINT ( 'NONE',  ( 1.137509495538999937, 0.08857980290850001048, 0.05433407179263999992 ) ) ;
#5855 = CARTESIAN_POINT ( 'NONE',  ( 1.253668675934999976, -0.09820766630687993715, -0.06018173531423996053 ) ) ;
#5856 = EDGE_LOOP ( 'NONE', ( #4815, #7231, #3518, #859 ) ) ;
#5857 = ORIENTED_EDGE ( 'NONE', *, *, #811, .F. ) ;
#5858 = CARTESIAN_POINT ( 'NONE',  ( 0.7346171654644999549, -0.1842739389605000111, 0.09485463335682008112 ) ) ;
#5859 = CYLINDRICAL_SURFACE ( 'NONE', #6429, 0.01181102362205004204 ) ;
#5860 = CARTESIAN_POINT ( 'NONE',  ( 1.073703774017999990, -0.03133936992765999630, -0.1165368670656000000 ) ) ;
#5861 = CARTESIAN_POINT ( 'NONE',  ( 1.295707964485000030, -0.01203965764054000000, 0.1145497078975999949 ) ) ;
#5862 = CARTESIAN_POINT ( 'NONE',  ( 1.000000086036999969, -0.09349879745523995145, -0.1732284221662000190 ) ) ;
#5863 = CARTESIAN_POINT ( 'NONE',  ( 0.7244094488188976833, 0.1813108520207999952, -0.08649560877427991956 ) ) ;
#5864 = CARTESIAN_POINT ( 'NONE',  ( 1.205465389170000012, 0.04979507988139000169, -0.09171112839325000488 ) ) ;
#5865 = CARTESIAN_POINT ( 'NONE',  ( -0.03507965042200000133, 0.000000000000000000, 0.2750715554070999880 ) ) ;
#5866 = DIRECTION ( 'NONE',  ( 1.000000000000000000, 0.000000000000000000, 0.000000000000000000 ) ) ;
#5867 = ORIENTED_EDGE ( 'NONE', *, *, #9238, .T. ) ;
#5868 = ORIENTED_EDGE ( 'NONE', *, *, #9870, .T. ) ;
#5869 = CARTESIAN_POINT ( 'NONE',  ( 1.116037442339000041, 0.09659863881802990826, 0.06273188954097008718 ) ) ;
#5870 = EDGE_CURVE ( 'NONE', #1197, #5622, #185, .T. ) ;
#5871 = CARTESIAN_POINT ( 'NONE',  ( 1.325130743501000019, 0.07117722443235000029, -0.07708001613486005488 ) ) ;
#5872 = CARTESIAN_POINT ( 'NONE',  ( 1.307742782152000016, -0.08864826967872008190, 0.05118110236220000525 ) ) ;
#5873 = DIRECTION ( 'NONE',  ( 0.000000000000000000, -0.8660254037844288266, 0.5000000000000169864 ) ) ;
#5874 = CARTESIAN_POINT ( 'NONE',  ( 1.075553539067999997, 0.000000000000000000, -0.1181102362205000006 ) ) ;
#5875 = CARTESIAN_POINT ( 'NONE',  ( -0.03937007874015999859, 0.000000000000000000, 0.000000000000000000 ) ) ;
#5876 = DIRECTION ( 'NONE',  ( 0.000000000000000000, 0.000000000000000000, -1.000000000000000000 ) ) ;
#5877 = CIRCLE ( 'NONE', #7651, 0.2066929133858000922 ) ;
#5878 = VERTEX_POINT ( 'NONE', #1799 ) ;
#5879 = ORIENTED_EDGE ( 'NONE', *, *, #9045, .T. ) ;
#5880 = VERTEX_POINT ( 'NONE', #4888 ) ;
#5881 = EDGE_CURVE ( 'NONE', #1723, #7847, #1817, .T. ) ;
#5882 = DIRECTION ( 'NONE',  ( 0.000000000000000000, -0.3569814713725814603, -0.9341114650279520593 ) ) ;
#5883 = ADVANCED_FACE ( 'NONE', ( #9336 ), #5823, .F. ) ;
#5884 = CARTESIAN_POINT ( 'NONE',  ( 1.392432270284000184, 0.1161258452414000025, 0.02341507769882000128 ) ) ;
#5885 = CARTESIAN_POINT ( 'NONE',  ( 1.223659059357000034, 0.000000000000000000, -0.1181102362205000006 ) ) ;
#5886 = CARTESIAN_POINT ( 'NONE',  ( 1.247946684321000088, -0.08897936835737992045, -0.05452662705760000228 ) ) ;
#5887 = DIRECTION ( 'NONE',  ( 0.000000000000000000, 1.000000000000000000, 0.000000000000000000 ) ) ;
#5888 = CARTESIAN_POINT ( 'NONE',  ( 1.133435962244500050, -0.1150361429136074615, 0.03091510445189059667 ) ) ;
#5889 = EDGE_CURVE ( 'NONE', #8657, #3265, #5104, .T. ) ;
#5890 = ORIENTED_EDGE ( 'NONE', *, *, #637, .T. ) ;
#5891 = VECTOR ( 'NONE', #8280, 39.37007874015748143 ) ;
#5892 = ADVANCED_FACE ( 'NONE', ( #9003 ), #5160, .F. ) ;
#5893 = EDGE_CURVE ( 'NONE', #7456, #7534, #8237, .T. ) ;
#5894 = CARTESIAN_POINT ( 'NONE',  ( 1.315896649272793484, -0.07473209421361393101, -0.07364441874964820778 ) ) ;
#5895 = CARTESIAN_POINT ( 'NONE',  ( 1.180802548795999884, 0.08600339255113996495, 0.05910895993968996731 ) ) ;
#5896 = AXIS2_PLACEMENT_3D ( 'NONE', #1924, #7984, #5813 ) ;
#5897 = DIRECTION ( 'NONE',  ( 0.000000000000000000, 0.000000000000000000, 1.000000000000000000 ) ) ;
#5898 = CARTESIAN_POINT ( 'NONE',  ( 0.8602362869107007537, -1.836731331333000290E-08, 1.139381370957000107E-07 ) ) ;
#5899 = CARTESIAN_POINT ( 'NONE',  ( 0.7355155426311004163, 0.008135914004937992022, 0.2089510746537000252 ) ) ;
#5900 = CARTESIAN_POINT ( 'NONE',  ( 0.7244094488188976833, 0.1813108520207999952, 0.08649560877427991956 ) ) ;
#5901 = CARTESIAN_POINT ( 'NONE',  ( 1.236608308481000007, 0.06523905046413995545, 0.09492340744733997193 ) ) ;
#5902 = ORIENTED_EDGE ( 'NONE', *, *, #3868, .F. ) ;
#5903 = CIRCLE ( 'NONE', #1542, 0.2755905511811023723 ) ;
#5904 = ADVANCED_FACE ( 'NONE', ( #5959 ), #2043, .T. ) ;
#5905 = ORIENTED_EDGE ( 'NONE', *, *, #2060, .T. ) ;
#5906 = DIRECTION ( 'NONE',  ( -0.7071067811865475727, 0.000000000000000000, 0.7071067811865475727 ) ) ;
#5907 = B_SPLINE_CURVE_WITH_KNOTS ( 'NONE', 3,
 ( #8497, #8654, #8548, #7941, #1729, #57 ),
 .UNSPECIFIED., .F., .F.,
 ( 4, 1, 1, 4 ),
 ( 0.000000000000000000, 0.3333333333333000081, 0.6666666666667000474, 1.000000000000000000 ),
 .UNSPECIFIED. ) ;
#5908 = CIRCLE ( 'NONE', #7521, 0.1220472440945000042 ) ;
#5909 = CARTESIAN_POINT ( 'NONE',  ( 1.320922161057999977, -0.002463296890305000531, -0.1045261900661000054 ) ) ;
#5910 = CARTESIAN_POINT ( 'NONE',  ( 1.096679506618000177, -0.03131105048238000399, 0.1165444791083000003 ) ) ;
#5911 = CARTESIAN_POINT ( 'NONE',  ( 1.278647597031000060, 0.05759033553228999625, -0.09974938716658995896 ) ) ;
#5912 = TOROIDAL_SURFACE ( 'NONE', #3173, 0.1003937007873999948, 0.01181102362204999867 ) ;
#5913 = DIRECTION ( 'NONE',  ( 0.000000000000000000, 0.000000000000000000, -1.000000000000000000 ) ) ;
#5914 = CARTESIAN_POINT ( 'NONE',  ( 0.7077439965388996335, 0.1608577115915000022, -0.1110555035354999914 ) ) ;
#5915 = CARTESIAN_POINT ( 'NONE',  ( 1.177742292056999984, 0.07379186162582992980, 0.07379198156927008201 ) ) ;
#5916 = CARTESIAN_POINT ( 'NONE',  ( 1.121953022611999584, 0.05948255673673390198, 0.1032031167347791795 ) ) ;
#5917 = LINE ( 'NONE', #4460, #591 ) ;
#5918 = CARTESIAN_POINT ( 'NONE',  ( 0.6284087203132993071, 0.01574803149606000124, 0.1689551240878000016 ) ) ;
#5919 = ORIENTED_EDGE ( 'NONE', *, *, #5038, .T. ) ;
#5920 = ORIENTED_EDGE ( 'NONE', *, *, #9604, .T. ) ;
#5921 = ORIENTED_EDGE ( 'NONE', *, *, #8189, .T. ) ;
#5922 = CIRCLE ( 'NONE', #4144, 0.1574803149606000263 ) ;
#5923 = CARTESIAN_POINT ( 'NONE',  ( 1.167218544700999949, -0.08951219335568996738, 0.07248554495570000422 ) ) ;
#5924 = CARTESIAN_POINT ( 'NONE',  ( 1.310864337946999969, -0.08321982597356004929, 0.06103011843206004178 ) ) ;
#5925 = FACE_OUTER_BOUND ( 'NONE', #8621, .T. ) ;
#5926 = DIRECTION ( 'NONE',  ( -1.000000000000000000, 0.000000000000000000, 0.000000000000000000 ) ) ;
#5927 = CARTESIAN_POINT ( 'NONE',  ( 1.308140686654249540, 0.09444883965335058862, -0.07258425826477041265 ) ) ;
#5928 = CARTESIAN_POINT ( 'NONE',  ( 0.7249764069818995793, 0.1410555281272000139, 0.06325418668798997446 ) ) ;
#5929 = CARTESIAN_POINT ( 'NONE',  ( 0.6751361352972008456, -0.1516492789452000001, 0.1057390124683000032 ) ) ;
#5930 = ORIENTED_EDGE ( 'NONE', *, *, #8435, .F. ) ;
#5931 = ORIENTED_EDGE ( 'NONE', *, *, #1299, .T. ) ;
#5932 = ORIENTED_EDGE ( 'NONE', *, *, #7555, .F. ) ;
#5933 = DIRECTION ( 'NONE',  ( 1.000000000000000000, 0.000000000000000000, 0.000000000000000000 ) ) ;
#5934 = CARTESIAN_POINT ( 'NONE',  ( 1.384328595742999823, 0.05528790686765999718, -0.1071183613706000043 ) ) ;
#5935 = CARTESIAN_POINT ( 'NONE',  ( 1.242523888753249262, 0.01546059376766944181, 0.1181102362205000561 ) ) ;
#5936 = CARTESIAN_POINT ( 'NONE',  ( 1.243681592456999940, -0.1034646750344000027, 0.01362138288035000082 ) ) ;
#5937 = CARTESIAN_POINT ( 'NONE',  ( 0.9999994263157997443, -0.1968503813425933058, -0.01764878449761767346 ) ) ;
#5938 = CARTESIAN_POINT ( 'NONE',  ( 0.7355155426311004163, 0.1850248958005999977, 0.09742962911555000383 ) ) ;
#5939 = ORIENTED_EDGE ( 'NONE', *, *, #7798, .T. ) ;
#5940 = CARTESIAN_POINT ( 'NONE',  ( 1.325535756884731464, 0.07117999553043261041, -0.07708301704262097986 ) ) ;
#5941 = CARTESIAN_POINT ( 'NONE',  ( 1.125356354570000050, -0.03993587390816000920, -0.09641372841431003482 ) ) ;
#5942 = ADVANCED_FACE ( 'NONE', ( #9095, #8332 ), #7579, .T. ) ;
#5943 = DIRECTION ( 'NONE',  ( -1.000000000000000000, 0.000000000000000000, 0.000000000000000000 ) ) ;
#5944 = EDGE_CURVE ( 'NONE', #3171, #3360, #5903, .T. ) ;
#5945 = CARTESIAN_POINT ( 'NONE',  ( 1.047973619356000086, 0.1124504196042999948, 0.03612382912791000517 ) ) ;
#5946 = CARTESIAN_POINT ( 'NONE',  ( 1.297557038630666293, -0.09197940250214933777, 0.07690747405744655096 ) ) ;
#5947 = CARTESIAN_POINT ( 'NONE',  ( 0.6104330708661004357, -0.2716535433071000094, 0.3543307086614000401 ) ) ;
#5948 = CARTESIAN_POINT ( 'NONE',  ( 1.221680486958000023, 0.01801822666095000136, -0.1137626058722999989 ) ) ;
#5949 = ORIENTED_EDGE ( 'NONE', *, *, #9603, .F. ) ;
#5950 = ORIENTED_EDGE ( 'NONE', *, *, #5028, .T. ) ;
#5951 = FACE_OUTER_BOUND ( 'NONE', #5806, .T. ) ;
#5952 = B_SPLINE_CURVE_WITH_KNOTS ( 'NONE', 3,
 ( #6814, #9005, #1413, #5961, #4215, #2220, #9905, #4410, #6057, #5357, #2977, #2079, #5162, #9150 ),
 .UNSPECIFIED., .F., .F.,
 ( 4, 1, 1, 1, 1, 1, 1, 1, 1, 1, 1, 4 ),
 ( 0.000000000000000000, 0.09090909090909000956, 0.1818181818182000031, 0.2727272727273000186, 0.3636363636364000063, 0.4545454545454999939, 0.5454545454545000061, 0.6363636363636000493, 0.7272727272726999814, 0.8181818181818000246, 0.9090909090908999568, 1.000000000000000000 ),
 .UNSPECIFIED. ) ;
#5953 = CARTESIAN_POINT ( 'NONE',  ( 1.378756806726999962, 0.02264787625320999892, 0.1020729887741999992 ) ) ;
#5954 = CARTESIAN_POINT ( 'NONE',  ( 1.098768209581999944, -0.06772121354117992265, 0.09988410649072007597 ) ) ;
#5955 = CARTESIAN_POINT ( 'NONE',  ( 1.220034921317000087, -0.1076087138029000051, 0.05482937826992000108 ) ) ;
#5956 = ADVANCED_FACE ( 'NONE', ( #6054 ), #9288, .T. ) ;
#5957 = CARTESIAN_POINT ( 'NONE',  ( 0.06692913385827008177, 0.000000000000000000, -0.2795275590551000167 ) ) ;
#5958 = CARTESIAN_POINT ( 'NONE',  ( 0.9763779527559055538, 0.09399477469537993735, 0.1751968503937007815 ) ) ;
#5959 = FACE_OUTER_BOUND ( 'NONE', #8451, .T. ) ;
#5960 = LINE ( 'NONE', #5206, #5891 ) ;
#5961 = CARTESIAN_POINT ( 'NONE',  ( 0.7358050155909999779, -0.007184652424754999107, -0.1572120939060999700 ) ) ;
#5962 = CARTESIAN_POINT ( 'NONE',  ( 1.011811083030000002, 0.09046570508707006686, -0.1614166136835000209 ) ) ;
#5963 = ORIENTED_EDGE ( 'NONE', *, *, #367, .T. ) ;
#5964 = ORIENTED_EDGE ( 'NONE', *, *, #6062, .T. ) ;
#5965 = AXIS2_PLACEMENT_3D ( 'NONE', #2104, #8557, #1633 ) ;
#5966 = CARTESIAN_POINT ( 'NONE',  ( 1.122435080133999952, -0.003015078472523000357, 0.1151412015252999965 ) ) ;
#5967 = CARTESIAN_POINT ( 'NONE',  ( 1.310061078980000016, -0.07417709206638996300, 0.07053920873256003254 ) ) ;
#5968 = DIRECTION ( 'NONE',  ( 0.000000000000000000, 0.000000000000000000, -1.000000000000000000 ) ) ;
#5969 = CARTESIAN_POINT ( 'NONE',  ( 1.047973619356000086, 0.04272635487288999750, -0.09301870540551003541 ) ) ;
#5970 = DIRECTION ( 'NONE',  ( 1.000000000000000000, 0.000000000000000000, 0.000000000000000000 ) ) ;
#5971 = CARTESIAN_POINT ( 'NONE',  ( 0.7277987937948995345, 0.1415004237701000256, 0.06403429635141003051 ) ) ;
#5972 = CYLINDRICAL_SURFACE ( 'NONE', #1526, 0.1181102362205000006 ) ;
#5973 = VERTEX_POINT ( 'NONE', #2218 ) ;
#5974 = ORIENTED_EDGE ( 'NONE', *, *, #4975, .T. ) ;
#5975 = ORIENTED_EDGE ( 'NONE', *, *, #7615, .F. ) ;
#5976 = CONICAL_SURFACE ( 'NONE', #7106, 0.1397637795276000239, 0.2516899717581221885 ) ;
#5977 = CARTESIAN_POINT ( 'NONE',  ( 1.562992125983999836, 0.000000000000000000, 0.000000000000000000 ) ) ;
#5978 = CARTESIAN_POINT ( 'NONE',  ( 1.374199002567999983, -0.1095380766437999975, -0.05032399157903000297 ) ) ;
#5979 = B_SPLINE_SURFACE_WITH_KNOTS ( 'NONE', 3, 3, ( 
 ( #8842, #392, #6551, #6403, #9504, #9651, #8894, #1964, #5046, #7366, #1247, #8944, #4343, #2013, #7413, #3583, #5095, #496, #6656, #8179, #2775, #5854, #7840, #2329, #3290, #5566, #8653, #1522, #1728, #3140, #56, #5519, #762, #6927, #4768, #7741, #4822, #5414, #4718, #3247, #7892, #9364, #3195, #963, #917, #9258, #8496, #1575, #4007, #7025, #4669, #865, #6218, #4056, #3851, #6363, #7082, #7131, #158, #207, #6978, #6321, #112, #2278, #4616, #3089, #1623 ),
 ( #813, #3951, #6272, #8, #9414, #2483, #3902, #7695, #2432, #9312, #2381, #6166, #5465, #8547, #7787, #8602, #1673, #5366, #8445, #6924, #7785, #2327, #7638, #863, #1520, #5364, #6976, #6, #4614, #3087, #7693, #6066, #9158, #3849, #6216, #6823, #4566, #8600, #8494, #915, #110, #3193, #2226, #1573, #2430, #760, #9310, #1671, #3795, #8443, #1621, #6164, #3949, #5412, #7739, #9256, #4667, #810, #5315, #9914, #9966, #8545, #3138, #5463, #2379, #3900, #3035 ),
 ( #2276, #9362, #54, #6270, #8391, #6115, #4766, #4715, #7023, #5517, #7838, #2986, #9209, #1469, #709, #6874, #251, #1873, #4097, #4958, #9512, #4820, #8031, #8699, #2533, #4147, #7170, #1773, #3339, #4867, #3245, #6319, #1007, #3390, #4005, #1726, #5765, #5667, #8083, #7268, #347, #9412, #8750, #9606, #7938, #6459, #8849, #961, #5616, #8796, #6410, #1099, #2579, #4909, #1824, #7982, #1052, #2480, #7080, #7129, #5717, #298, #2629, #9558, #7218, #205, #4196 ),
 ( #3440, #6508, #2678, #6361, #3288, #1922, #5006, #4054, #156, #5564, #8651, #7890, #9457, #6710, #9805, #9709, #2022, #8951, #4403, #9658, #5811, #3632, #6612, #7523, #4301, #3589, #2121, #3684, #8233, #2072, #6760, #2873, #8135, #1201, #453, #5954, #5910, #7376, #9754, #5106, #9853, #2730, #5249, #9047, #4454, #5201, #2926, #5860, #8275, #8999, #1156, #3493, #1971, #503, #1352, #3541, #7470, #598, #6001, #9091, #8900, #2164, #5155, #4249, #2826, #6663, #1304 ) ),
 .UNSPECIFIED., .F., .F., .F.,
 ( 4, 4 ),
 ( 4, 1, 1, 1, 1, 1, 1, 1, 1, 1, 1, 1, 1, 1, 1, 1, 1, 1, 1, 1, 1, 1, 1, 1, 1, 1, 1, 1, 1, 1, 1, 1, 1, 1, 1, 1, 1, 1, 1, 1, 1, 1, 1, 1, 1, 1, 1, 1, 1, 1, 1, 1, 1, 1, 1, 1, 1, 1, 1, 1, 1, 1, 1, 1, 4 ),
 ( -0.007446311687979999955, 0.3398817070431000009 ),
 ( -0.01958882041012000030, -0.003672903826897000023, 0.01224301275632000072, 0.02815892933953999949, 0.04407484592276000174, 0.05999076250598000398, 0.07590667908919999929, 0.09182259567242000153, 0.1077385122555999941, 0.1236544288388999879, 0.1395703454220999784, 0.1554862620052999966, 0.1714021785885000149, 0.1873180951717000053, 0.2032340117549999992, 0.2191499283381999896, 0.2350658449214000079, 0.2509817615045999983, 0.2668976780878000166, 0.2828135946711000104, 0.2987295112543000286, 0.3146454278374999913, 0.3305613444206999540, 0.3464772610038999723, 0.3623931775872000216, 0.3783090941704000398, 0.3942250107536000026, 0.4101409273367999653, 0.4260568439200000390, 0.4419727605033000328, 0.4578886770864999955, 0.4738045936697000138, 0.4897205102528999765, 0.5056364268360999947, 0.5215523434193999330, 0.5374682600026000623, 0.5533841765857999695, 0.5693000931689999877, 0.5852160097522000060, 0.6011319263354999443, 0.6170478429186999625, 0.6329637595018999807, 0.6488796760850999990, 0.6647955926683000172, 0.6807115092515999555, 0.6966274258347999737, 0.7125433424179999919, 0.7284592590012000102, 0.7443751755843999174, 0.7602910921676999667, 0.7762070087508999849, 0.7921229253341000032, 0.8080388419173000214, 0.8239547585004999286, 0.8398706750837999779, 0.8557865916669999962, 0.8717025082502000144, 0.8876184248334000326, 0.9035343414165999398, 0.9194502579999001002, 0.9353661745831000074, 0.9512820911663000256, 0.9671980077495000439, 0.9831139243326999511, 0.9990298409160000004 ),
 .UNSPECIFIED. ) ;
#5980 = DIRECTION ( 'NONE',  ( 1.000000000000000000, 0.000000000000000000, 0.000000000000000000 ) ) ;
#5981 = CARTESIAN_POINT ( 'NONE',  ( 1.218147582438000143, 0.09641372841431003482, -0.03993587390816000920 ) ) ;
#5982 = CARTESIAN_POINT ( 'NONE',  ( 1.000000086036999969, -0.09349879745523995145, -0.1732284221662000190 ) ) ;
#5983 = DIRECTION ( 'NONE',  ( 0.000000000000000000, 1.000000000000000000, 0.000000000000000000 ) ) ;
#5984 = ORIENTED_EDGE ( 'NONE', *, *, #1379, .T. ) ;
#5985 = CARTESIAN_POINT ( 'NONE',  ( 1.198108123302999983, 0.09953105503612008631, 0.06840633805681003987 ) ) ;
#5986 = CARTESIAN_POINT ( 'NONE',  ( 1.089046532568999970, -0.05683715047029000433, -0.08752153665227008217 ) ) ;
#5987 = CARTESIAN_POINT ( 'NONE',  ( 0.5787401574803000548, -0.09693842135412991667, 0.07415168411053996156 ) ) ;
#5988 = DIRECTION ( 'NONE',  ( 0.000000000000000000, 1.000000000000000000, 0.000000000000000000 ) ) ;
#5989 = CYLINDRICAL_SURFACE ( 'NONE', #1385, 0.1023622047244000105 ) ;
#5990 = CARTESIAN_POINT ( 'NONE',  ( 0.7346171346687991877, 0.009990493613278996626, 0.2070131803426999706 ) ) ;
#5991 = CARTESIAN_POINT ( 'NONE',  ( 1.194382553893877930, 0.09773996446826481443, 0.05643013360755776836 ) ) ;
#5992 = CARTESIAN_POINT ( 'NONE',  ( 1.249403584071000273, -0.1141952844564999986, 0.01503409441140000045 ) ) ;
#5993 = ORIENTED_EDGE ( 'NONE', *, *, #3793, .F. ) ;
#5994 = ORIENTED_EDGE ( 'NONE', *, *, #9665, .T. ) ;
#5995 = EDGE_CURVE ( 'NONE', #2641, #4648, #1562, .T. ) ;
#5996 = EDGE_CURVE ( 'NONE', #7479, #357, #5787, .T. ) ;
#5997 = CARTESIAN_POINT ( 'NONE',  ( 0.5984251968503937480, 0.1126864528502000001, -0.04687529344016000410 ) ) ;
#5998 = B_SPLINE_CURVE_WITH_KNOTS ( 'NONE', 3,
 ( #5208, #2978, #2080, #5256, #8384, #4358, #8240, #8335, #6718, #4511, #2881 ),
 .UNSPECIFIED., .F., .F.,
 ( 4, 1, 1, 1, 1, 1, 1, 1, 4 ),
 ( 0.000000000000000000, 0.1250000000000000000, 0.2500000000000000000, 0.3750000000000000000, 0.5000000000000000000, 0.6250000000000000000, 0.7500000000000000000, 0.8750000000000000000, 1.000000000000000000 ),
 .UNSPECIFIED. ) ;
#5999 = CARTESIAN_POINT ( 'NONE',  ( 0.7244094488188976833, 0.1251805779226000115, 0.09045730080782006521 ) ) ;
#6000 = CARTESIAN_POINT ( 'NONE',  ( 1.313692830349000085, -0.09656492724033996500, -0.04008736214078999216 ) ) ;
#6001 = CARTESIAN_POINT ( 'NONE',  ( 1.050728041418000025, 0.08554308236107009689, 0.08511978927183996846 ) ) ;
#6002 = CARTESIAN_POINT ( 'NONE',  ( 1.292541482996999891, -0.01262411928322000089, 0.1201104898106000046 ) ) ;
#6003 = CARTESIAN_POINT ( 'NONE',  ( 1.351144090249000174, 0.000000000000000000, -0.1181102362205000006 ) ) ;
#6004 = CARTESIAN_POINT ( 'NONE',  ( 0.6284087203132993071, 0.1384454138115999988, -0.09811575737909999928 ) ) ;
#6005 = CARTESIAN_POINT ( 'NONE',  ( 0.6104330708661004357, 0.3543307086614000401, -0.3543307086614000401 ) ) ;
#6006 = CARTESIAN_POINT ( 'NONE',  ( 1.274044352716500184, 0.03091510445189094708, -0.1150361429136074198 ) ) ;
#6007 = CARTESIAN_POINT ( 'NONE',  ( 0.6115706219037008173, -0.1156385151587999982, 0.04857966740867999955 ) ) ;
#6008 = CARTESIAN_POINT ( 'NONE',  ( 0.4921259842520000483, -0.3543307086614000401, -0.3543307086614000401 ) ) ;
#6009 = VERTEX_POINT ( 'NONE', #9350 ) ;
#6010 = ORIENTED_EDGE ( 'NONE', *, *, #3998, .F. ) ;
#6011 = ORIENTED_EDGE ( 'NONE', *, *, #4107, .F. ) ;
#6012 = EDGE_CURVE ( 'NONE', #7213, #7734, #571, .T. ) ;
#6013 = CARTESIAN_POINT ( 'NONE',  ( 1.085147863738000096, -0.08333232648424999944, 0.07117253052491004373 ) ) ;
#6014 = EDGE_CURVE ( 'NONE', #4940, #9519, #8809, .T. ) ;
#6015 = CARTESIAN_POINT ( 'NONE',  ( 1.341999181820999976, -0.03061339617533000157, 0.1003511142880000040 ) ) ;
#6016 = CARTESIAN_POINT ( 'NONE',  ( 1.173626250958249795, -0.1181102362205000422, 0.01546059376766979916 ) ) ;
#6017 = CARTESIAN_POINT ( 'NONE',  ( 1.233799457645999853, -0.1017252449114000035, -0.02162236829341000061 ) ) ;
#6018 = DIRECTION ( 'NONE',  ( -1.000000000000000000, 0.000000000000000000, 0.000000000000000000 ) ) ;
#6019 = CYLINDRICAL_SURFACE ( 'NONE', #5592, 0.2755905511811023723 ) ;
#6020 = FACE_OUTER_BOUND ( 'NONE', #6467, .T. ) ;
#6021 = ORIENTED_EDGE ( 'NONE', *, *, #7417, .F. ) ;
#6022 = ORIENTED_EDGE ( 'NONE', *, *, #8674, .T. ) ;
#6023 = ORIENTED_EDGE ( 'NONE', *, *, #4663, .F. ) ;
#6024 = CIRCLE ( 'NONE', #3763, 0.09842519685038997324 ) ;
#6025 = DIRECTION ( 'NONE',  ( 1.000000000000000000, 0.000000000000000000, 0.000000000000000000 ) ) ;
#6026 = CARTESIAN_POINT ( 'NONE',  ( 1.346721497457000094, 0.1095675205459000073, -0.03480949078070000313 ) ) ;
#6027 = CARTESIAN_POINT ( 'NONE',  ( 0.7280600717204999128, 0.1820907631361000090, -0.08761369760209999913 ) ) ;
#6028 = CARTESIAN_POINT ( 'NONE',  ( 0.5787401574803000548, 0.01574803149606000124, -0.1469816999198000074 ) ) ;
#6029 = B_SPLINE_CURVE_WITH_KNOTS ( 'NONE', 3,
 ( #7072, #6156, #9249, #6310, #2319, #2527 ),
 .UNSPECIFIED., .F., .F.,
 ( 4, 1, 1, 4 ),
 ( 0.000000000000000000, 0.3333333333333000081, 0.6666666666667000474, 1.000000000000000000 ),
 .UNSPECIFIED. ) ;
#6030 = VECTOR ( 'NONE', #7955, 39.37007874015748143 ) ;
#6031 = CARTESIAN_POINT ( 'NONE',  ( 1.237340495822999875, -0.09298318451212993219, 0.04737729888396000760 ) ) ;
#6032 = CARTESIAN_POINT ( 'NONE',  ( 1.231462441342391800, -0.1034660987967132018, 0.01362157032221514817 ) ) ;
#6033 = CARTESIAN_POINT ( 'NONE',  ( 0.7362204724408996093, -0.003937007874016000379, 0.1574310946703000036 ) ) ;
#6034 = ORIENTED_EDGE ( 'NONE', *, *, #3225, .T. ) ;
#6035 = CIRCLE ( 'NONE', #1689, 0.2755905511811023723 ) ;
#6036 = CARTESIAN_POINT ( 'NONE',  ( 1.121034721545000057, -0.1026099921947999927, 0.01901763795381000016 ) ) ;
#6037 = FACE_OUTER_BOUND ( 'NONE', #61, .T. ) ;
#6038 = CARTESIAN_POINT ( 'NONE',  ( 0.6498031496062991463, -0.5314960629921000601, 0.3740157480314960647 ) ) ;
#6039 = CARTESIAN_POINT ( 'NONE',  ( 0.8405511810737993361, 0.1633858267431000100, 0.000000000000000000 ) ) ;
#6040 = CARTESIAN_POINT ( 'NONE',  ( 0.7294038258208996872, 0.1416066313676999922, -0.06479815626291003661 ) ) ;
#6041 = AXIS2_PLACEMENT_3D ( 'NONE', #5369, #7593, #4570 ) ;
#6042 = CARTESIAN_POINT ( 'NONE',  ( 1.192535692557999960, 0.1110198245320000027, 0.02455625467835000422 ) ) ;
#6043 = ORIENTED_EDGE ( 'NONE', *, *, #1991, .F. ) ;
#6044 = ADVANCED_FACE ( 'NONE', ( #4658 ), #7715, .T. ) ;
#6045 = ORIENTED_EDGE ( 'NONE', *, *, #9665, .F. ) ;
#6046 = DIRECTION ( 'NONE',  ( 0.000000000000000000, -1.000000000000000000, 0.000000000000000000 ) ) ;
#6047 = AXIS2_PLACEMENT_3D ( 'NONE', #5109, #9711, #9756 ) ;
#6048 = ORIENTED_EDGE ( 'NONE', *, *, #5028, .F. ) ;
#6049 = CARTESIAN_POINT ( 'NONE',  ( 1.303297018152000053, -0.07789583970826004233, 0.07407557702128995947 ) ) ;
#6050 = CARTESIAN_POINT ( 'NONE',  ( 1.074644002425427125, -0.1042435202915921455, 0.002635788919151346634 ) ) ;
#6051 = CARTESIAN_POINT ( 'NONE',  ( 1.207239645725999955, 0.09770666751137992156, 0.07098804921670000267 ) ) ;
#6052 = CARTESIAN_POINT ( 'NONE',  ( 1.340481360590249249, -0.1181102362205000006, 0.01546059376766979396 ) ) ;
#6053 = CARTESIAN_POINT ( 'NONE',  ( 0.9842519685132009588, 0.2559055118017999897, 1.033609354007000107E-10 ) ) ;
#6054 = FACE_OUTER_BOUND ( 'NONE', #688, .T. ) ;
#6055 = CARTESIAN_POINT ( 'NONE',  ( 0.8543307029377008588, -0.09046556639711005043, 0.1614173278276999912 ) ) ;
#6056 = AXIS2_PLACEMENT_3D ( 'NONE', #3130, #7831, #2371 ) ;
#6057 = CARTESIAN_POINT ( 'NONE',  ( 0.7309195682576004049, -0.01384165564065000138, -0.1555034227300000071 ) ) ;
#6058 = EDGE_CURVE ( 'NONE', #8295, #4487, #9148, .T. ) ;
#6059 = DIRECTION ( 'NONE',  ( 0.000000000000000000, 1.000000000000000000, 0.000000000000000000 ) ) ;
#6060 = ORIENTED_EDGE ( 'NONE', *, *, #7549, .F. ) ;
#6061 = ORIENTED_EDGE ( 'NONE', *, *, #1057, .T. ) ;
#6062 = EDGE_CURVE ( 'NONE', #6682, #2199, #9507, .T. ) ;
#6063 = CARTESIAN_POINT ( 'NONE',  ( 1.121401144577000020, -0.03927327812244999633, 0.1023103873715000001 ) ) ;
#6064 = CIRCLE ( 'NONE', #4790, 0.1220472440944999765 ) ;
#6065 = CARTESIAN_POINT ( 'NONE',  ( 0.8405511810737993361, 0.000000000000000000, 0.000000000000000000 ) ) ;
#6066 = CARTESIAN_POINT ( 'NONE',  ( 1.113455984413999955, -0.1025461066215999917, -0.03840895032712000196 ) ) ;
#6067 = CARTESIAN_POINT ( 'NONE',  ( 1.255124916963999970, 0.09266276053095000298, 0.04721403471093000431 ) ) ;
#6068 = LINE ( 'NONE', #2228, #1163 ) ;
#6069 = DIRECTION ( 'NONE',  ( 0.000000000000000000, -0.8078304555416832011, -0.5894149260913882360 ) ) ;
#6070 = CARTESIAN_POINT ( 'NONE',  ( 0.5787401574803000548, 0.1351639017700000112, 0.05985265462468995767 ) ) ;
#6071 = EDGE_CURVE ( 'NONE', #656, #7290, #8074, .T. ) ;
#6072 = ORIENTED_EDGE ( 'NONE', *, *, #8105, .F. ) ;
#6073 = EDGE_LOOP ( 'NONE', ( #6503, #2139, #421, #1734 ) ) ;
#6074 = CIRCLE ( 'NONE', #4312, 0.08267716535433068670 ) ;
#6075 = ORIENTED_EDGE ( 'NONE', *, *, #3047, .T. ) ;
#6076 = FACE_OUTER_BOUND ( 'NONE', #60, .T. ) ;
#6077 = CARTESIAN_POINT ( 'NONE',  ( 1.337732467135000158, -0.07549294972961004269, -0.09397823393073996556 ) ) ;
#6078 = CIRCLE ( 'NONE', #7052, 0.09842519685038997324 ) ;
#6079 = LINE ( 'NONE', #1481, #1737 ) ;
#6080 = CARTESIAN_POINT ( 'NONE',  ( 1.243344098727000135, 0.000000000000000000, 0.1181102362205000006 ) ) ;
#6081 = CARTESIAN_POINT ( 'NONE',  ( 1.248003225481999934, -0.03483523850941000477, -0.09837167889972008028 ) ) ;
#6082 = EDGE_CURVE ( 'NONE', #8028, #3464, #2471, .T. ) ;
#6083 = CARTESIAN_POINT ( 'NONE',  ( 1.149019951745749779, 0.07258425826477089837, -0.09444883965335022780 ) ) ;
#6084 = CARTESIAN_POINT ( 'NONE',  ( 0.7095217624433994841, -0.01574803149606000124, -0.1497898906479999959 ) ) ;
#6085 = EDGE_LOOP ( 'NONE', ( #6043, #5698, #9620, #172 ) ) ;
#6086 = TOROIDAL_SURFACE ( 'NONE', #3019, 0.2133049650658000174, 0.01181102362204999867 ) ;
#6087 = VERTEX_POINT ( 'NONE', #7880 ) ;
#6088 = CARTESIAN_POINT ( 'NONE',  ( 1.076307798139999994, -0.09742608914447992152, 0.03739837169672000083 ) ) ;
#6089 = DIRECTION ( 'NONE',  ( -1.000000000000000000, 0.000000000000000000, 0.000000000000000000 ) ) ;
#6090 = CARTESIAN_POINT ( 'NONE',  ( 1.229753014133832645, -0.05948255673673411015, -0.1032031167347790546 ) ) ;
#6091 = DIRECTION ( 'NONE',  ( 1.000000000000000000, 0.000000000000000000, 0.000000000000000000 ) ) ;
#6092 = CARTESIAN_POINT ( 'NONE',  ( 0.9763779527559055538, 0.000000000000000000, 0.000000000000000000 ) ) ;
#6093 = CARTESIAN_POINT ( 'NONE',  ( 1.280357837491000073, -0.06207203992786004126, 0.09031537852314999726 ) ) ;
#6094 = ORIENTED_EDGE ( 'NONE', *, *, #4696, .T. ) ;
#6095 = VERTEX_POINT ( 'NONE', #1715 ) ;
#6096 = B_SPLINE_CURVE_WITH_KNOTS ( 'NONE', 3,
 ( #6003, #7472, #6713, #9093, #505, #2783, #2828, #9900, #2166, #6052, #9146, #8953, #550, #2024, #6665, #851, #9401, #796 ),
 .UNSPECIFIED., .F., .F.,
 ( 4, 2, 2, 2, 2, 2, 2, 2, 4 ),
 ( 0.000000000000000000, 0.1250000000000000000, 0.2500000000000000000, 0.3750000000000000000, 0.5000000000000000000, 0.6250000000000000000, 0.7500000000000000000, 0.8750000000000000000, 1.000000000000000000 ),
 .UNSPECIFIED. ) ;
#6097 = CARTESIAN_POINT ( 'NONE',  ( 0.6102362204723996708, -0.5314960629921000601, -0.3740157480314960647 ) ) ;
#6098 = CARTESIAN_POINT ( 'NONE',  ( 1.142303639701000018, 0.08600372205772992273, -0.05910872053913996532 ) ) ;
#6099 = CARTESIAN_POINT ( 'NONE',  ( 1.362784736138999975, 0.1138032842400000105, -0.02140051211357000063 ) ) ;
#6100 = CARTESIAN_POINT ( 'NONE',  ( 1.108063249844427167, -0.05851769315498663027, 0.08630955042069546335 ) ) ;
#6101 = CARTESIAN_POINT ( 'NONE',  ( 1.275481115542999921, 0.06038604144955000280, -0.1045916918582999872 ) ) ;
#6102 = CARTESIAN_POINT ( 'NONE',  ( 1.047612050811999929, 0.0007450085666821003533, -0.1020445245444999982 ) ) ;
#6103 = CARTESIAN_POINT ( 'NONE',  ( 1.126406557440499778, 0.1150361429136073088, 0.03091510445189111014 ) ) ;
#6104 = CARTESIAN_POINT ( 'NONE',  ( 1.004020106130464107, -0.09248258375035149637, 0.1692068727213746071 ) ) ;
#6105 = CARTESIAN_POINT ( 'NONE',  ( 0.7283464566928996575, 0.000000000000000000, -0.2263779527559000304 ) ) ;
#6106 = AXIS2_PLACEMENT_3D ( 'NONE', #960, #9511, #1772 ) ;
#6107 = CARTESIAN_POINT ( 'NONE',  ( 1.057086614172999983, 0.000000000000000000, -0.1023622047244000105 ) ) ;
#6108 = CARTESIAN_POINT ( 'NONE',  ( 0.7322039756092009188, -0.01286854383392000041, -0.2039691069142000046 ) ) ;
#6109 = ORIENTED_EDGE ( 'NONE', *, *, #3204, .F. ) ;
#6110 = B_SPLINE_CURVE_WITH_KNOTS ( 'NONE', 3,
 ( #3836, #5354, #7629, #6153, #8380, #9901, #8431, #6103, #3127, #7776, #10003, #852, #5402, #699, #3937, #4603, #1508, #44 ),
 .UNSPECIFIED., .F., .F.,
 ( 4, 2, 2, 2, 2, 2, 2, 2, 4 ),
 ( 0.000000000000000000, 0.1250000000000000278, 0.2500000000000000555, 0.3750000000000001110, 0.5000000000000001110, 0.6250000000000001110, 0.7500000000000002220, 0.8750000000000001110, 1.000000000000000000 ),
 .UNSPECIFIED. ) ;
#6111 = ORIENTED_EDGE ( 'NONE', *, *, #5590, .T. ) ;
#6112 = ORIENTED_EDGE ( 'NONE', *, *, #6571, .F. ) ;
#6113 = CARTESIAN_POINT ( 'NONE',  ( 1.164052063213000032, -0.08516685022966004326, 0.06896675547348996016 ) ) ;
#6114 = CARTESIAN_POINT ( 'NONE',  ( -0.03507965042200000133, 0.000000000000000000, 0.000000000000000000 ) ) ;
#6115 = CARTESIAN_POINT ( 'NONE',  ( 1.164595779981000057, 0.1060274001462000043, -0.04476552051512999730 ) ) ;
#6116 = CARTESIAN_POINT ( 'NONE',  ( 1.210341452396999973, 0.09608148263394998556, -0.03979825319989999111 ) ) ;
#6117 = LINE ( 'NONE', #1471, #4619 ) ;
#6118 = CARTESIAN_POINT ( 'NONE',  ( 1.011811083030000002, -0.09046570508707006686, 0.1614166136835000209 ) ) ;
#6119 = CARTESIAN_POINT ( 'NONE',  ( 0.7285187739042991995, 0.1671347988300000142, 0.1138396339179000016 ) ) ;
#6120 = EDGE_CURVE ( 'NONE', #1061, #8871, #146, .T. ) ;
#6121 = ORIENTED_EDGE ( 'NONE', *, *, #8649, .T. ) ;
#6122 = EDGE_LOOP ( 'NONE', ( #1990, #6706, #6581, #3201 ) ) ;
#6123 = VECTOR ( 'NONE', #7621, 39.37007874015748854 ) ;
#6124 = ORIENTED_EDGE ( 'NONE', *, *, #8633, .T. ) ;
#6125 = EDGE_CURVE ( 'NONE', #7634, #1276, #3984, .T. ) ;
#6126 = ADVANCED_FACE ( 'NONE', ( #5925 ), #2794, .F. ) ;
#6127 = CARTESIAN_POINT ( 'NONE',  ( 0.7358050155909999779, -0.1325573408924999863, 0.08482813847027007026 ) ) ;
#6128 = CARTESIAN_POINT ( 'NONE',  ( 1.206817340254000115, -0.09709035472660000610, -0.03726949532538000043 ) ) ;
#6129 = CARTESIAN_POINT ( 'NONE',  ( 1.384073388672000027, 0.1085384609715000087, -0.01356696034297999974 ) ) ;
#6130 = VECTOR ( 'NONE', #2715, 39.37007874015748143 ) ;
#6131 = LINE ( 'NONE', #9979, #7689 ) ;
#6132 = CARTESIAN_POINT ( 'NONE',  ( 0.7283464566928996575, -3.368084485148000572E-13, -0.2263779527559000304 ) ) ;
#6133 = CARTESIAN_POINT ( 'NONE',  ( 1.194689577188000174, -0.05683715052910000981, 0.08752153721173996925 ) ) ;
#6134 = CARTESIAN_POINT ( 'NONE',  ( 1.248522808796391770, 0.08898059278947241524, -0.05452737739054461935 ) ) ;
#6135 = CARTESIAN_POINT ( 'NONE',  ( 0.6115386741075000687, -0.01574803149606000124, -0.1244274410859000091 ) ) ;
#6136 = VERTEX_POINT ( 'NONE', #8915 ) ;
#6137 = AXIS2_PLACEMENT_3D ( 'NONE', #9114, #7598, #5423 ) ;
#6138 = EDGE_CURVE ( 'NONE', #7394, #9601, #8695, .T. ) ;
#6139 = CARTESIAN_POINT ( 'NONE',  ( 1.153135992845000013, -0.1043574676366000042, -1.222164730530000234E-13 ) ) ;
#6140 = PLANE ( 'NONE',  #9641 ) ;
#6141 = CARTESIAN_POINT ( 'NONE',  ( 1.227292384212457899, -0.09444883965335028331, -0.07258425826477082898 ) ) ;
#6142 = CARTESIAN_POINT ( 'NONE',  ( 0.6104330708661004357, 0.3543307086614000401, -0.3543307086614000401 ) ) ;
#6143 = CARTESIAN_POINT ( 'NONE',  ( 1.197412340197000047, 0.1022864650138999992, 0.05905511811023995972 ) ) ;
#6144 = CARTESIAN_POINT ( 'NONE',  ( 1.273960199695999940, 0.04457396741637999898, 0.1001147699759999954 ) ) ;
#6145 = ORIENTED_EDGE ( 'NONE', *, *, #4903, .F. ) ;
#6146 = AXIS2_PLACEMENT_3D ( 'NONE', #6142, #6091, #4644 ) ;
#6147 = ORIENTED_EDGE ( 'NONE', *, *, #9840, .T. ) ;
#6148 = FACE_OUTER_BOUND ( 'NONE', #5136, .T. ) ;
#6149 = CARTESIAN_POINT ( 'NONE',  ( 1.312179421178000016, -0.04596109141536000586, -0.1062861532364999945 ) ) ;
#6150 = CARTESIAN_POINT ( 'NONE',  ( 1.060023081679488888, 0.07391751540441711399, 0.07355174914279438703 ) ) ;
#6151 = CARTESIAN_POINT ( 'NONE',  ( 1.226432559111999998, -0.1029751286123999909, -0.06310323997250000261 ) ) ;
#6152 = CARTESIAN_POINT ( 'NONE',  ( 1.050128333145999848, -0.01212838739982999986, -0.1075979739532000046 ) ) ;
#6153 = CARTESIAN_POINT ( 'NONE',  ( 1.131327817282999915, 0.05948255673673389504, 0.1032031167347791933 ) ) ;
#6154 = CARTESIAN_POINT ( 'NONE',  ( 1.319553805774000166, -0.08864826967872008190, 0.05118110236220000525 ) ) ;
#6155 = CARTESIAN_POINT ( 'NONE',  ( 1.285527292348999762, 0.1032031167347787076, 0.05948255673673468608 ) ) ;
#6156 = CARTESIAN_POINT ( 'NONE',  ( 0.7276665990876004519, -0.1820353056249000012, 0.08743401769817991942 ) ) ;
#6157 = PLANE ( 'NONE',  #6525 ) ;
#6158 = ORIENTED_EDGE ( 'NONE', *, *, #1569, .F. ) ;
#6159 = CIRCLE ( 'NONE', #9724, 0.1574803149606000263 ) ;
#6160 = ORIENTED_EDGE ( 'NONE', *, *, #9590, .F. ) ;
#6161 = EDGE_CURVE ( 'NONE', #8684, #9277, #3367, .T. ) ;
#6162 = CARTESIAN_POINT ( 'NONE',  ( 1.144859149826999989, 0.09031537852314999726, -0.06207203992786004126 ) ) ;
#6163 = FACE_OUTER_BOUND ( 'NONE', #424, .T. ) ;
#6164 = CARTESIAN_POINT ( 'NONE',  ( 1.071681925140000047, -0.1094682155066999812, 0.002767894912075999705 ) ) ;
#6165 = CARTESIAN_POINT ( 'NONE',  ( 1.270052738485999866, -0.09971518846662992541, 0.02953698447650000142 ) ) ;
#6166 = CARTESIAN_POINT ( 'NONE',  ( 1.155230043686999997, -0.08071410311586003916, -0.07400125003377992783 ) ) ;
#6167 = CARTESIAN_POINT ( 'NONE',  ( 0.7362204724408996093, -0.003937007874016000379, 0.2132686289419000181 ) ) ;
#6168 = DIRECTION ( 'NONE',  ( 1.000000000000000000, 0.000000000000000000, 0.000000000000000000 ) ) ;
#6169 = DIRECTION ( 'NONE',  ( 0.000000000000000000, -1.000000000000000000, 0.000000000000000000 ) ) ;
#6170 = ORIENTED_EDGE ( 'NONE', *, *, #1697, .F. ) ;
#6171 = ORIENTED_EDGE ( 'NONE', *, *, #7175, .F. ) ;
#6172 = EDGE_CURVE ( 'NONE', #4873, #5259, #611, .T. ) ;
#6173 = ORIENTED_EDGE ( 'NONE', *, *, #6252, .T. ) ;
#6174 = DIRECTION ( 'NONE',  ( 1.000000000000000000, 0.000000000000000000, 0.000000000000000000 ) ) ;
#6175 = CARTESIAN_POINT ( 'NONE',  ( 0.6104330708661004357, -0.3740157480314960647, -0.5314960629921000601 ) ) ;
#6176 = AXIS2_PLACEMENT_3D ( 'NONE', #5415, #918, #4008 ) ;
#6177 = CARTESIAN_POINT ( 'NONE',  ( 0.7355155807016005021, -0.1768891213116999817, -0.1115214110757999921 ) ) ;
#6178 = CARTESIAN_POINT ( 'NONE',  ( 1.328488229741000115, -0.1146329780352000199, 0.008719830749420001345 ) ) ;
#6179 = CARTESIAN_POINT ( 'NONE',  ( 1.253937037284482470, 0.000000000000000000, -0.1043574676367999970 ) ) ;
#6180 = CARTESIAN_POINT ( 'NONE',  ( 0.5984251968503937480, -0.1126864528502000001, -0.04687529344016000410 ) ) ;
#6181 = CARTESIAN_POINT ( 'NONE',  ( 1.265120134098000060, 0.008187792543227007808, 0.1040357683916000170 ) ) ;
#6182 = CARTESIAN_POINT ( 'NONE',  ( 1.289041181500330202, 0.09742742981098286015, -0.03739888632737058127 ) ) ;
#6183 = CARTESIAN_POINT ( 'NONE',  ( 0.5984251968503937480, -0.01574803149606000124, -0.1210269775506999934 ) ) ;
#6184 = ORIENTED_EDGE ( 'NONE', *, *, #29, .T. ) ;
#6185 = EDGE_CURVE ( 'NONE', #9215, #6454, #9022, .T. ) ;
#6186 = AXIS2_PLACEMENT_3D ( 'NONE', #3935, #8585, #1659 ) ;
#6187 = CARTESIAN_POINT ( 'NONE',  ( 1.112561078980000007, -0.06777475368537008715, 0.07935404094590001178 ) ) ;
#6188 = CARTESIAN_POINT ( 'NONE',  ( 1.031496062992000029, 0.09842519685038997324, 0.000000000000000000 ) ) ;
#6189 = CARTESIAN_POINT ( 'NONE',  ( 0.7362204724408996093, 0.000000000000000000, 0.000000000000000000 ) ) ;
#6190 = CARTESIAN_POINT ( 'NONE',  ( 0.000000000000000000, 0.000000000000000000, -0.1003937007873999948 ) ) ;
#6191 = EDGE_CURVE ( 'NONE', #1695, #1015, #6745, .T. ) ;
#6192 = CARTESIAN_POINT ( 'NONE',  ( 1.211017757300000053, -0.1151412015239999947, -0.003015078484400999809 ) ) ;
#6193 = VERTEX_POINT ( 'NONE', #5170 ) ;
#6194 = ADVANCED_FACE ( 'NONE', ( #9672 ), #3648, .T. ) ;
#6195 = AXIS2_PLACEMENT_3D ( 'NONE', #4835, #3457, #7857 ) ;
#6196 = ORIENTED_EDGE ( 'NONE', *, *, #9642, .T. ) ;
#6197 = DIRECTION ( 'NONE',  ( -1.000000000000000000, 0.000000000000000000, 0.000000000000000000 ) ) ;
#6198 = CARTESIAN_POINT ( 'NONE',  ( 1.138038547837999959, 0.02963912214327999936, -0.1000599994510000118 ) ) ;
#6199 = CARTESIAN_POINT ( 'NONE',  ( 1.315345902667000244, -0.04372992373686000744, -0.1011265231565999928 ) ) ;
#6200 = CARTESIAN_POINT ( 'NONE',  ( 1.051668269824489022, 0.08887395382840189428, -0.05454424455299866636 ) ) ;
#6201 = CARTESIAN_POINT ( 'NONE',  ( 1.181649094545000001, -0.1148610764325999900, 0.03732062610835000516 ) ) ;
#6202 = CARTESIAN_POINT ( 'NONE',  ( 0.7308438124327991670, -0.1826437316298000213, -0.08941447007052008566 ) ) ;
#6203 = LINE ( 'NONE', #4557, #6407 ) ;
#6204 = CARTESIAN_POINT ( 'NONE',  ( 0.6104330708661004357, 0.4370078740156999597, -0.3543307086614000401 ) ) ;
#6205 = CARTESIAN_POINT ( 'NONE',  ( 0.7280600717204999128, -0.1669210694110000448, 0.1138883778692999921 ) ) ;
#6206 = DIRECTION ( 'NONE',  ( 1.000000000000000000, 0.000000000000000000, 0.000000000000000000 ) ) ;
#6207 = EDGE_CURVE ( 'NONE', #6720, #2212, #7246, .T. ) ;
#6208 = DIRECTION ( 'NONE',  ( 0.000000000000000000, -0.1290322580644962247, 0.9916403967057701996 ) ) ;
#6209 = ORIENTED_EDGE ( 'NONE', *, *, #2750, .F. ) ;
#6210 = ORIENTED_EDGE ( 'NONE', *, *, #4159, .F. ) ;
#6211 = ORIENTED_EDGE ( 'NONE', *, *, #9982, .T. ) ;
#6212 = VECTOR ( 'NONE', #293, 39.37007874015748143 ) ;
#6213 = VECTOR ( 'NONE', #3143, 39.37007874015748143 ) ;
#6214 = CARTESIAN_POINT ( 'NONE',  ( 1.174714792871000002, -0.05726023066516000570, -0.09344020399465001459 ) ) ;
#6215 = DIRECTION ( 'NONE',  ( -1.000000000000000000, 0.000000000000000000, 0.000000000000000000 ) ) ;
#6216 = CARTESIAN_POINT ( 'NONE',  ( 1.107189875523000078, -0.08772417624362006949, 0.06553945644306004292 ) ) ;
#6217 = CARTESIAN_POINT ( 'NONE',  ( 1.250859825100000267, 0.1017252449114000035, -0.02162236829341000061 ) ) ;
#6218 = CARTESIAN_POINT ( 'NONE',  ( 1.072759703665000064, -0.09730518715512992411, 0.03647291314921000116 ) ) ;
#6219 = CARTESIAN_POINT ( 'NONE',  ( 1.300758796890499225, -0.03091510445189048564, -0.1150361429136075170 ) ) ;
#6220 = DIRECTION ( 'NONE',  ( -1.000000000000000000, 0.000000000000000000, 0.000000000000000000 ) ) ;
#6221 = FACE_OUTER_BOUND ( 'NONE', #5512, .T. ) ;
#6222 = AXIS2_PLACEMENT_3D ( 'NONE', #1091, #6498, #338 ) ;
#6223 = VERTEX_POINT ( 'NONE', #5827 ) ;
#6224 = VERTEX_POINT ( 'NONE', #2178 ) ;
#6225 = ORIENTED_EDGE ( 'NONE', *, *, #4232, .T. ) ;
#6226 = AXIS2_PLACEMENT_3D ( 'NONE', #6954, #6089, #9184 ) ;
#6227 = CIRCLE ( 'NONE', #7195, 0.2185039370079000232 ) ;
#6228 = CARTESIAN_POINT ( 'NONE',  ( 1.356862856621793734, -0.05376328736756002397, -0.09009934633941185655 ) ) ;
#6229 = DIRECTION ( 'NONE',  ( 1.000000000000000000, 0.000000000000000000, 0.000000000000000000 ) ) ;
#6230 = CARTESIAN_POINT ( 'NONE',  ( 0.7360889429602007761, -0.1797539980930999981, -0.1108057668938000062 ) ) ;
#6231 = CARTESIAN_POINT ( 'NONE',  ( 1.330514148376000128, -0.1114636815124000063, -0.02815288938012000183 ) ) ;
#6232 = CARTESIAN_POINT ( 'NONE',  ( 0.7361458027627009182, 0.1334982700328000149, 0.08350512722514999431 ) ) ;
#6233 = CARTESIAN_POINT ( 'NONE',  ( 0.7280600717204999128, 0.000000000000000000, 0.000000000000000000 ) ) ;
#6234 = CYLINDRICAL_SURFACE ( 'NONE', #2812, 0.01181102362205004204 ) ;
#6235 = AXIS2_PLACEMENT_3D ( 'NONE', #3606, #4422, #4671 ) ;
#6236 = CARTESIAN_POINT ( 'NONE',  ( 1.290767226440000082, 0.1043217069378999939, -0.002731760046629999519 ) ) ;
#6237 = CIRCLE ( 'NONE', #7525, 0.2755905511811023723 ) ;
#6238 = CARTESIAN_POINT ( 'NONE',  ( 1.216534619820329732, 0.08442812659520031182, 0.06134062453123890341 ) ) ;
#6239 = DIRECTION ( 'NONE',  ( 0.000000000000000000, 1.000000000000000000, 0.000000000000000000 ) ) ;
#6240 = CARTESIAN_POINT ( 'NONE',  ( 0.7334836223767007279, 0.01157505979184000194, -0.2053428003530000379 ) ) ;
#6241 = EDGE_LOOP ( 'NONE', ( #6466, #117, #9354, #6958, #5975, #9680 ) ) ;
#6242 = ORIENTED_EDGE ( 'NONE', *, *, #6739, .T. ) ;
#6243 = CIRCLE ( 'NONE', #1892, 0.01968503937008000623 ) ;
#6244 = CARTESIAN_POINT ( 'NONE',  ( 1.084837981866999979, -0.05683715047029000433, -0.08752153665227008217 ) ) ;
#6245 = DIRECTION ( 'NONE',  ( 0.000000000000000000, 0.9997541118987406383, 0.02217466440694089089 ) ) ;
#6246 = CARTESIAN_POINT ( 'NONE',  ( 1.228932804160041137, -0.07258425826477050979, -0.09444883965335056086 ) ) ;
#6247 = CARTESIAN_POINT ( 'NONE',  ( 0.7248214212811003865, 0.01574803149606000124, 0.2004019125857000039 ) ) ;
#6248 = CARTESIAN_POINT ( 'NONE',  ( 1.265430015969000177, 0.1071944709820000091, -0.02278488818198000018 ) ) ;
#6249 = ORIENTED_EDGE ( 'NONE', *, *, #8538, .F. ) ;
#6250 = ORIENTED_EDGE ( 'NONE', *, *, #5265, .F. ) ;
#6251 = CARTESIAN_POINT ( 'NONE',  ( 1.073912305631955943, -0.03091487538464851928, -0.1150367021954537272 ) ) ;
#6252 = EDGE_CURVE ( 'NONE', #594, #2232, #7228, .T. ) ;
#6253 = DIRECTION ( 'NONE',  ( 0.000000000000000000, 1.000000000000000000, 0.000000000000000000 ) ) ;
#6254 = CARTESIAN_POINT ( 'NONE',  ( 1.336277190207000087, -0.03378839669925000344, 0.1107588076590000081 ) ) ;
#6255 = CARTESIAN_POINT ( 'NONE',  ( 1.324897371088999742, 0.1032031167347787076, 0.05948255673673468608 ) ) ;
#6256 = CARTESIAN_POINT ( 'NONE',  ( 1.168853818955000179, 0.08539874559402992060, 0.08539888440363994915 ) ) ;
#6257 = CARTESIAN_POINT ( 'NONE',  ( 0.7362204724408996093, -0.1863877772252999776, -0.1022286830875999974 ) ) ;
#6258 = CARTESIAN_POINT ( 'NONE',  ( 0.8188976377952992269, 0.000000000000000000, 0.1535433070865999949 ) ) ;
#6259 = CARTESIAN_POINT ( 'NONE',  ( 1.381501529602745526, 0.1023564292600349646, -0.006342613487125724724 ) ) ;
#6260 = CARTESIAN_POINT ( 'NONE',  ( 0.7261087826327008443, 0.01566708392163000327, -0.1540858001287999934 ) ) ;
#6261 = LINE ( 'NONE', #7680, #8338 ) ;
#6262 = DIRECTION ( 'NONE',  ( -1.000000000000000000, 0.000000000000000000, 0.000000000000000000 ) ) ;
#6263 = ORIENTED_EDGE ( 'NONE', *, *, #1130, .T. ) ;
#6264 = ORIENTED_EDGE ( 'NONE', *, *, #9786, .T. ) ;
#6265 = VERTEX_POINT ( 'NONE', #9721 ) ;
#6266 = CARTESIAN_POINT ( 'NONE',  ( 1.088379020044000001, -0.09890783044617008912, -0.03213710222363000413 ) ) ;
#6267 = ADVANCED_FACE ( 'NONE', ( #516 ), #1381, .F. ) ;
#6268 = EDGE_CURVE ( 'NONE', #2846, #4167, #1430, .T. ) ;
#6269 = CARTESIAN_POINT ( 'NONE',  ( 0.5787401574803000548, -0.1194158702739000072, 0.08712904529506003415 ) ) ;
#6270 = CARTESIAN_POINT ( 'NONE',  ( 1.168773185907999945, 0.1110067711730999968, 0.03038538899892999703 ) ) ;
#6271 = CARTESIAN_POINT ( 'NONE',  ( 1.180485809351999871, 0.04477223039406000304, 0.09386689768137007617 ) ) ;
#6272 = CARTESIAN_POINT ( 'NONE',  ( 1.174028370360000073, 0.09034417874207992250, 0.06187772786413996140 ) ) ;
#6273 = CARTESIAN_POINT ( 'NONE',  ( 0.7362204724408996093, 0.1866645544309000204, -0.1032247656370999800 ) ) ;
#6274 = DIRECTION ( 'NONE',  ( 0.000000000000000000, 1.000000000000000000, 0.000000000000000000 ) ) ;
#6275 = DIRECTION ( 'NONE',  ( -1.000000000000000000, 0.000000000000000000, 0.000000000000000000 ) ) ;
#6276 = ORIENTED_EDGE ( 'NONE', *, *, #8174, .T. ) ;
#6277 = ORIENTED_EDGE ( 'NONE', *, *, #4789, .T. ) ;
#6278 = ORIENTED_EDGE ( 'NONE', *, *, #8037, .F. ) ;
#6279 = CARTESIAN_POINT ( 'NONE',  ( 1.129866653486000017, -0.07843519353154999874, 0.09183581231437008829 ) ) ;
#6280 = CARTESIAN_POINT ( 'NONE',  ( 0.8346456692645000119, 2.725007019431000363E-11, 0.1574803149338000197 ) ) ;
#6281 = CARTESIAN_POINT ( 'NONE',  ( 1.211082432118000041, -0.05199892369778000289, -0.09006477778321003713 ) ) ;
#6282 = CARTESIAN_POINT ( 'NONE',  ( 1.358621802197000017, -0.08906910639838996890, 0.05330676049598000177 ) ) ;
#6283 = CARTESIAN_POINT ( 'NONE',  ( 0.7362204724408996093, 0.1343708233930999973, 0.08212509616896003506 ) ) ;
#6284 = DIRECTION ( 'NONE',  ( 0.000000000000000000, 0.000000000000000000, 1.000000000000000000 ) ) ;
#6285 = CARTESIAN_POINT ( 'NONE',  ( 1.241662128847999869, -0.06567428234212992211, -0.08110098452177991191 ) ) ;
#6286 = AXIS2_PLACEMENT_3D ( 'NONE', #6302, #7823, #8475 ) ;
#6287 = DIRECTION ( 'NONE',  ( 0.000000000000000000, -1.000000000000000000, 0.000000000000000000 ) ) ;
#6288 = CARTESIAN_POINT ( 'NONE',  ( 0.4724409448819000268, -0.3543307086614000401, -0.3543307086614000401 ) ) ;
#6289 = CARTESIAN_POINT ( 'NONE',  ( 0.6115386739812992412, -0.09988330913186005411, 0.07585191586174999667 ) ) ;
#6290 = EDGE_LOOP ( 'NONE', ( #5232, #7445 ) ) ;
#6291 = ORIENTED_EDGE ( 'NONE', *, *, #2302, .F. ) ;
#6292 = AXIS2_PLACEMENT_3D ( 'NONE', #4247, #5808, #5906 ) ;
#6293 = CARTESIAN_POINT ( 'NONE',  ( 1.142473263186000176, 0.01362138288035000082, 0.1034646750344000027 ) ) ;
#6294 = AXIS2_PLACEMENT_3D ( 'NONE', #1903, #8879, #7454 ) ;
#6295 = CARTESIAN_POINT ( 'NONE',  ( 0.7362204724408996093, -0.1866645544309000204, 0.1032247656370999800 ) ) ;
#6296 = CARTESIAN_POINT ( 'NONE',  ( 1.158668149741333364, 0.07690747405744374765, -0.09197940250215212721 ) ) ;
#6297 = CARTESIAN_POINT ( 'NONE',  ( 1.298516815319999962, 0.07908058356902993025, -0.06754119902232992578 ) ) ;
#6298 = ORIENTED_EDGE ( 'NONE', *, *, #3923, .T. ) ;
#6299 = ADVANCED_FACE ( 'NONE', ( #4565 ), #8599, .T. ) ;
#6300 = ORIENTED_EDGE ( 'NONE', *, *, #6881, .T. ) ;
#6301 = CARTESIAN_POINT ( 'NONE',  ( 1.068990904009573528, -0.1031985900804801154, -0.05948013408418761916 ) ) ;
#6302 = CARTESIAN_POINT ( 'NONE',  ( -0.02572414464757000196, 0.000000000000000000, 0.000000000000000000 ) ) ;
#6303 = CARTESIAN_POINT ( 'NONE',  ( 1.306603162787000283, -0.08648350242262006771, -0.08522479310082992088 ) ) ;
#6304 = CARTESIAN_POINT ( 'NONE',  ( 1.322585687930637022, -0.09319371533670284258, 0.05380549386936343131 ) ) ;
#6305 = CARTESIAN_POINT ( 'NONE',  ( 1.049335407712999935, -0.02713672894063000329, -0.1106773350079000157 ) ) ;
#6306 = LINE ( 'NONE', #145, #8744 ) ;
#6307 = CARTESIAN_POINT ( 'NONE',  ( 1.165424151220749716, -0.01546059376766992927, 0.1181102362204999867 ) ) ;
#6308 = DIRECTION ( 'NONE',  ( 1.000000000000000000, 0.000000000000000000, 0.000000000000000000 ) ) ;
#6309 = AXIS2_PLACEMENT_3D ( 'NONE', #635, #3824, #4543 ) ;
#6310 = CARTESIAN_POINT ( 'NONE',  ( 0.7256451598022993776, -0.1816410969043000256, 0.08673609540712008681 ) ) ;
#6311 = CARTESIAN_POINT ( 'NONE',  ( 0.5787401574803000548, -0.01574803149606000124, -0.1469816999198000074 ) ) ;
#6312 = EDGE_CURVE ( 'NONE', #7225, #6719, #2441, .T. ) ;
#6313 = ORIENTED_EDGE ( 'NONE', *, *, #3364, .T. ) ;
#6314 = EDGE_CURVE ( 'NONE', #9824, #5060, #459, .T. ) ;
#6315 = ORIENTED_EDGE ( 'NONE', *, *, #4597, .T. ) ;
#6316 = CARTESIAN_POINT ( 'NONE',  ( 1.073451198522000105, 0.04962348392305999945, 0.09139508797557008291 ) ) ;
#6317 = B_SPLINE_CURVE_WITH_KNOTS ( 'NONE', 3,
 ( #5538, #6289, #1645, #8004, #8620, #3263 ),
 .UNSPECIFIED., .F., .F.,
 ( 4, 1, 1, 4 ),
 ( 0.000000000000000000, 0.3333333333333000081, 0.6666666666667000474, 1.000000000000000000 ),
 .UNSPECIFIED. ) ;
#6318 = DIRECTION ( 'NONE',  ( 0.000000000000000000, 0.000000000000000000, 1.000000000000000000 ) ) ;
#6319 = CARTESIAN_POINT ( 'NONE',  ( 1.110289502924999949, -0.1077781660239000017, -0.04036863379353999859 ) ) ;
#6320 = CARTESIAN_POINT ( 'NONE',  ( 1.290344262246999829, 0.1042255791111000029, 0.03386494354522000261 ) ) ;
#6321 = CARTESIAN_POINT ( 'NONE',  ( 1.053961376991999987, 0.1014766885991000012, -0.02238427869632000217 ) ) ;
#6322 = CARTESIAN_POINT ( 'NONE',  ( 0.5787401574803000548, 0.000000000000000000, 0.000000000000000000 ) ) ;
#6323 = DIRECTION ( 'NONE',  ( 0.000000000000000000, -1.000000000000000000, 0.000000000000000000 ) ) ;
#6324 = CARTESIAN_POINT ( 'NONE',  ( 1.371388538774508170, 0.04335244697363750677, 0.1060192250137533265 ) ) ;
#6325 = ORIENTED_EDGE ( 'NONE', *, *, #7066, .F. ) ;
#6326 = EDGE_CURVE ( 'NONE', #3655, #2948, #5627, .T. ) ;
#6327 = ADVANCED_FACE ( 'NONE', ( #1518, #708 ), #4, .F. ) ;
#6328 = ORIENTED_EDGE ( 'NONE', *, *, #213, .T. ) ;
#6329 = CARTESIAN_POINT ( 'NONE',  ( 1.168252480258000103, -0.06310323997251003625, 0.1029751286123999909 ) ) ;
#6330 = CYLINDRICAL_SURFACE ( 'NONE', #1768, 0.1181102362205000006 ) ;
#6331 = CARTESIAN_POINT ( 'NONE',  ( 1.268661172275000304, 0.07158739411699999167, 0.07543737314114999648 ) ) ;
#6332 = CARTESIAN_POINT ( 'NONE',  ( 1.368751395372000079, -0.04917156058950000047, -0.09141703364172008850 ) ) ;
#6333 = CARTESIAN_POINT ( 'NONE',  ( 0.5841804246273000212, -0.01574803149606000124, 0.1545109335357000291 ) ) ;
#6334 = CARTESIAN_POINT ( 'NONE',  ( 1.243274307625482189, -0.1034646750344000166, 0.01362138288035000082 ) ) ;
#6335 = CARTESIAN_POINT ( 'NONE',  ( 0.8188976377952992269, 0.000000000000000000, 0.000000000000000000 ) ) ;
#6336 = CARTESIAN_POINT ( 'NONE',  ( 1.265176675259000127, -0.05910872053913996532, 0.08600372205772992273 ) ) ;
#6337 = CARTESIAN_POINT ( 'NONE',  ( 1.207254859881999876, -0.05948255673673431138, 0.1032031167347788880 ) ) ;
#6338 = CARTESIAN_POINT ( 'NONE',  ( 0.7346171654644999549, 0.009990447326574999204, -0.2070132290736000358 ) ) ;
#6339 = ORIENTED_EDGE ( 'NONE', *, *, #2968, .T. ) ;
#6340 = CARTESIAN_POINT ( 'NONE',  ( 1.066178744397000111, 0.000000000000000000, -0.1181102362205000006 ) ) ;
#6341 = B_SPLINE_CURVE_WITH_KNOTS ( 'NONE', 3,
 ( #9676, #1987, #9065, #5929, #1325, #3652 ),
 .UNSPECIFIED., .F., .F.,
 ( 4, 1, 1, 4 ),
 ( 0.000000000000000000, 0.3333333333333000081, 0.6666666666667000474, 1.000000000000000000 ),
 .UNSPECIFIED. ) ;
#6342 = CARTESIAN_POINT ( 'NONE',  ( 1.320453246001000114, -0.09419155717462007749, 0.04492664279108000286 ) ) ;
#6343 = CARTESIAN_POINT ( 'NONE',  ( 0.7248214212811003865, -0.01574803149606000124, -0.2004019125857000039 ) ) ;
#6344 = CARTESIAN_POINT ( 'NONE',  ( 0.8621295611087007593, 0.09248141055137992783, -0.1692161743439999921 ) ) ;
#6345 = CARTESIAN_POINT ( 'NONE',  ( 1.321263971924999892, -0.1002409750077000034, 0.02217210234184000331 ) ) ;
#6346 = ORIENTED_EDGE ( 'NONE', *, *, #4119, .T. ) ;
#6347 = LINE ( 'NONE', #946, #9370 ) ;
#6348 = CARTESIAN_POINT ( 'NONE',  ( 1.178613461703000187, 0.09533529686965000471, -0.04244601067203000039 ) ) ;
#6349 = CARTESIAN_POINT ( 'NONE',  ( 0.8581924926620000393, 0.09147034434513996726, 0.1652790983568000194 ) ) ;
#6350 = CARTESIAN_POINT ( 'NONE',  ( 0.5830288430312999814, 0.01574803149606000124, -0.1540665260855000052 ) ) ;
#6351 = LINE ( 'NONE', #7119, #5595 ) ;
#6352 = CARTESIAN_POINT ( 'NONE',  ( 1.105901308096749691, -0.1181102362205000006, -0.01546059376767004723 ) ) ;
#6353 = CYLINDRICAL_SURFACE ( 'NONE', #1541, 0.1574803149606000263 ) ;
#6354 = CARTESIAN_POINT ( 'NONE',  ( -0.002765821536155000076, 0.000000000000000000, 0.000000000000000000 ) ) ;
#6355 = CARTESIAN_POINT ( 'NONE',  ( 1.318678989444000083, 0.06577719075493997092, 0.1012879920044000015 ) ) ;
#6356 = EDGE_LOOP ( 'NONE', ( #8822, #6568, #6325, #5275 ) ) ;
#6357 = EDGE_LOOP ( 'NONE', ( #7466, #6984, #1514, #8262 ) ) ;
#6358 = B_SPLINE_CURVE_WITH_KNOTS ( 'NONE', 3,
 ( #3481, #6549, #1244, #3624, #4241, #1962, #5990, #5899, #8314, #7510, #589 ),
 .UNSPECIFIED., .F., .F.,
 ( 4, 1, 1, 1, 1, 1, 1, 1, 4 ),
 ( 0.000000000000000000, 0.1250000000000000000, 0.2500000000000000000, 0.3750000000000000000, 0.5000000000000000000, 0.6250000000000000000, 0.7500000000000000000, 0.8750000000000000000, 1.000000000000000000 ),
 .UNSPECIFIED. ) ;
#6359 = CARTESIAN_POINT ( 'NONE',  ( 1.131029938678999924, -0.06958814268777993584, -0.07728546215276003994 ) ) ;
#6360 = AXIS2_PLACEMENT_3D ( 'NONE', #2040, #5219, #5124 ) ;
#6361 = CARTESIAN_POINT ( 'NONE',  ( 1.165606704420000028, 0.1163955622637000004, 0.03186043878006000057 ) ) ;
#6362 = CARTESIAN_POINT ( 'NONE',  ( 1.190114603453999997, -0.1095517057267000050, -0.002868712385265000282 ) ) ;
#6363 = CARTESIAN_POINT ( 'NONE',  ( 1.066493594773999964, -0.02188062353279000144, 0.1015864713168000005 ) ) ;
#6364 = CARTESIAN_POINT ( 'NONE',  ( 1.284354597415499954, -0.03091510445189072503, 0.1150361429136074060 ) ) ;
#6365 = CARTESIAN_POINT ( 'NONE',  ( 1.158956722324364197, -0.05452662705760000228, 0.08897936835737992045 ) ) ;
#6366 = CIRCLE ( 'NONE', #7988, 0.1122047244094000057 ) ;
#6367 = VERTEX_POINT ( 'NONE', #9361 ) ;
#6368 = ORIENTED_EDGE ( 'NONE', *, *, #5893, .T. ) ;
#6369 = CARTESIAN_POINT ( 'NONE',  ( 1.185312847712000073, 0.01576391996616999941, -0.1197388608851000097 ) ) ;
#6370 = CARTESIAN_POINT ( 'NONE',  ( 1.207607344841749919, 0.09444883965335013065, 0.07258425826477109266 ) ) ;
#6371 = CIRCLE ( 'NONE', #4284, 0.007874015748030998088 ) ;
#6372 = CIRCLE ( 'NONE', #1377, 0.08267716535433068670 ) ;
#6373 = CARTESIAN_POINT ( 'NONE',  ( 1.362465167739000060, -0.08363571746497991399, -0.06334503080957008814 ) ) ;
#6374 = ADVANCED_FACE ( 'NONE', ( #3794 ), #8361, .F. ) ;
#6375 = CARTESIAN_POINT ( 'NONE',  ( 1.354569964926000125, -0.03896899783926000005, 0.09620984168268996439 ) ) ;
#6376 = CARTESIAN_POINT ( 'NONE',  ( 0.5452755905276001069, 0.000000000000000000, 0.000000000000000000 ) ) ;
#6377 = DIRECTION ( 'NONE',  ( 1.000000000000000000, 2.365033052950000123E-11, -2.652259605921000366E-10 ) ) ;
#6378 = LINE ( 'NONE', #1792, #6030 ) ;
#6379 = CARTESIAN_POINT ( 'NONE',  ( 1.194746118350000108, -0.09924984962422009338, 0.03224823102986000556 ) ) ;
#6380 = DIRECTION ( 'NONE',  ( 0.000000000000000000, 0.000000000000000000, -1.000000000000000000 ) ) ;
#6381 = AXIS2_PLACEMENT_3D ( 'NONE', #7164, #245, #5709 ) ;
#6382 = CARTESIAN_POINT ( 'NONE',  ( 1.152653276600499987, -0.03091510445189049605, -0.1150361429136075170 ) ) ;
#6383 = VERTEX_POINT ( 'NONE', #4765 ) ;
#6384 = VECTOR ( 'NONE', #1861, 39.37007874015748143 ) ;
#6385 = CIRCLE ( 'NONE', #420, 0.2755905511811023723 ) ;
#6386 = CIRCLE ( 'NONE', #1050, 0.1478229366753000540 ) ;
#6387 = EDGE_CURVE ( 'NONE', #1094, #3958, #8710, .T. ) ;
#6388 = CARTESIAN_POINT ( 'NONE',  ( 1.095557252687000105, 0.1014740624988999945, 0.02436176700353999761 ) ) ;
#6389 = AXIS2_PLACEMENT_3D ( 'NONE', #1293, #9842, #4390 ) ;
#6390 = CARTESIAN_POINT ( 'NONE',  ( 1.305525424478000129, 0.09924984962422009338, 0.03224823102986000556 ) ) ;
#6391 = CARTESIAN_POINT ( 'NONE',  ( 1.269590817887332967, 0.1032031167347791240, -0.05948255673673399913 ) ) ;
#6392 = CARTESIAN_POINT ( 'NONE',  ( 0.8581925573916004968, 0.09147023404577991901, -0.1652791724056000000 ) ) ;
#6393 = CARTESIAN_POINT ( 'NONE',  ( 1.188658362425000004, 0.1069051038639000084, 0.01123617918762000005 ) ) ;
#6394 = AXIS2_PLACEMENT_3D ( 'NONE', #9575, #3262, #9431 ) ;
#6395 = CARTESIAN_POINT ( 'NONE',  ( 1.213348814658000041, 0.000000000000000000, 0.1181102362205000006 ) ) ;
#6396 = CARTESIAN_POINT ( 'NONE',  ( 0.9842519685038996213, -0.09584990276203995963, -0.1826512321739000022 ) ) ;
#6397 = CARTESIAN_POINT ( 'NONE',  ( 1.110315450725000153, 0.08752153665226003465, 0.05683715047030001022 ) ) ;
#6398 = CARTESIAN_POINT ( 'NONE',  ( 0.7344566991169999559, 0.1305921501842000065, -0.08719972292206004671 ) ) ;
#6399 = DIRECTION ( 'NONE',  ( 0.000000000000000000, 0.000000000000000000, 1.000000000000000000 ) ) ;
#6400 = DIRECTION ( 'NONE',  ( 1.000000000000000000, 0.000000000000000000, 0.000000000000000000 ) ) ;
#6401 = DIRECTION ( 'NONE',  ( 0.000000000000000000, 3.012892406066998580E-08, 0.9999999999999995559 ) ) ;
#6402 = PLANE ( 'NONE',  #2030 ) ;
#6403 = CARTESIAN_POINT ( 'NONE',  ( 1.175106148885000090, 0.1002291889918000001, 0.02743528943666000489 ) ) ;
#6404 = CARTESIAN_POINT ( 'NONE',  ( 1.305883713854000039, 0.06038604144955000280, -0.1045916918582999872 ) ) ;
#6405 = VERTEX_POINT ( 'NONE', #759 ) ;
#6406 = ORIENTED_EDGE ( 'NONE', *, *, #2585, .F. ) ;
#6407 = VECTOR ( 'NONE', #1561, 39.37007874015748143 ) ;
#6408 = CARTESIAN_POINT ( 'NONE',  ( 1.171548311383000085, -0.05433872600642999928, -0.08867274168943996282 ) ) ;
#6409 = CARTESIAN_POINT ( 'NONE',  ( 0.5984251968503937480, 0.01574803149606000124, -0.1210269775506999934 ) ) ;
#6410 = CARTESIAN_POINT ( 'NONE',  ( 1.070604146615000030, -0.1096720972743000094, -0.03489685867355000332 ) ) ;
#6411 = CARTESIAN_POINT ( 'NONE',  ( 1.264753711066000097, -0.08865957311805000574, 0.06441495038506003801 ) ) ;
#6412 = CARTESIAN_POINT ( 'NONE',  ( 1.011811089899000038, -0.09046570295565001252, -0.1614173806495000085 ) ) ;
#6413 = CARTESIAN_POINT ( 'NONE',  ( 0.7322039835687007558, -0.01286853839508000051, 0.2039691127407000093 ) ) ;
#6414 = CARTESIAN_POINT ( 'NONE',  ( 1.075787430986364202, 0.01632510462536000684, 0.1030726540376999956 ) ) ;
#6415 =( NAMED_UNIT ( * ) PLANE_ANGLE_UNIT ( ) SI_UNIT ( $, .RADIAN. ) );
#6416 = VECTOR ( 'NONE', #7729, 39.37007874015748143 ) ;
#6417 = ORIENTED_EDGE ( 'NONE', *, *, #1822, .F. ) ;
#6418 = B_SPLINE_CURVE_WITH_KNOTS ( 'NONE', 3,
 ( #1937, #2796, #9673, #5969 ),
 .UNSPECIFIED., .F., .F.,
 ( 4, 4 ),
 ( 0.000000000000000000, 1.000000000000000000 ),
 .UNSPECIFIED. ) ;
#6419 = ORIENTED_EDGE ( 'NONE', *, *, #2921, .T. ) ;
#6420 = VERTEX_POINT ( 'NONE', #8389 ) ;
#6421 = CARTESIAN_POINT ( 'NONE',  ( 1.149059566872000060, 0.07098804921670000267, -0.09770666751137992156 ) ) ;
#6422 = CARTESIAN_POINT ( 'NONE',  ( 0.6498031496062991463, -0.5314960629921000601, -0.3740157480314960647 ) ) ;
#6423 = CARTESIAN_POINT ( 'NONE',  ( 1.348006506322000142, 0.009271783374325000271, 0.1045062686985000072 ) ) ;
#6424 = CARTESIAN_POINT ( 'NONE',  ( 1.362673639467000042, -0.1032048953322999979, -0.01112052195802000140 ) ) ;
#6425 = FACE_OUTER_BOUND ( 'NONE', #543, .T. ) ;
#6426 = FACE_OUTER_BOUND ( 'NONE', #1579, .T. ) ;
#6427 = DIRECTION ( 'NONE',  ( 1.000000000000000000, 0.000000000000000000, 0.000000000000000000 ) ) ;
#6428 = CYLINDRICAL_SURFACE ( 'NONE', #2852, 0.2263779527559000304 ) ;
#6429 = AXIS2_PLACEMENT_3D ( 'NONE', #7317, #398, #5105 ) ;
#6430 = CARTESIAN_POINT ( 'NONE',  ( 0.7362204724408996093, 0.004661227403534000044, -0.2125309166950000161 ) ) ;
#6431 = EDGE_LOOP ( 'NONE', ( #2637, #5974, #4050, #9506 ) ) ;
#6432 = ORIENTED_EDGE ( 'NONE', *, *, #6326, .F. ) ;
#6433 = ADVANCED_FACE ( 'NONE', ( #6163 ), #6923, .T. ) ;
#6434 = EDGE_CURVE ( 'NONE', #5835, #1249, #6746, .T. ) ;
#6435 = CARTESIAN_POINT ( 'NONE',  ( 1.106219982346000164, -0.03739837169672000083, 0.09742608914448995516 ) ) ;
#6436 = CIRCLE ( 'NONE', #1600, 0.01181102362205000735 ) ;
#6437 = CARTESIAN_POINT ( 'NONE',  ( 0.7322726316473996411, -0.1414520914324999823, 0.06688127518360000023 ) ) ;
#6438 = CARTESIAN_POINT ( 'NONE',  ( 1.279934873296999953, -0.08442696480807007631, 0.06133978044347008357 ) ) ;
#6439 = CARTESIAN_POINT ( 'NONE',  ( 1.378249817771088681, 0.06519140456124820904, -0.08471827464627258719 ) ) ;
#6440 = DIRECTION ( 'NONE',  ( 1.000000000000000000, 0.000000000000000000, 0.000000000000000000 ) ) ;
#6441 = CARTESIAN_POINT ( 'NONE',  ( 1.319842274636999990, -0.09386696909021005619, 0.04477182368245000155 ) ) ;
#6442 = EDGE_CURVE ( 'NONE', #6802, #1028, #1619, .T. ) ;
#6443 = AXIS2_PLACEMENT_3D ( 'NONE', #5243, #3681, #5295 ) ;
#6444 = ORIENTED_EDGE ( 'NONE', *, *, #4261, .F. ) ;
#6445 = CARTESIAN_POINT ( 'NONE',  ( 0.5810295054656000602, -0.1400374193108999965, -0.06266638128882007219 ) ) ;
#6446 = CARTESIAN_POINT ( 'NONE',  ( 1.099652721065999872, 0.04492704785243999827, -0.09419151460094998818 ) ) ;
#6447 = CARTESIAN_POINT ( 'NONE',  ( 1.304193385884000023, -0.1121402768411000062, -0.04655321571473000630 ) ) ;
#6448 = CARTESIAN_POINT ( 'NONE',  ( 0.5810294838684999519, 0.01574803149606000124, -0.1526091352343000029 ) ) ;
#6449 = DIRECTION ( 'NONE',  ( 1.000000000000000000, 0.000000000000000000, 0.000000000000000000 ) ) ;
#6450 = CARTESIAN_POINT ( 'NONE',  ( 1.096058788411749862, -0.01546059376766992580, 0.1181102362205000422 ) ) ;
#6451 = CARTESIAN_POINT ( 'NONE',  ( 0.7309163189859999576, 0.01384384580942999918, -0.1555023890704999856 ) ) ;
#6452 = CARTESIAN_POINT ( 'NONE',  ( 1.374065168993744646, -0.04377892066193626169, -0.1035110324825989220 ) ) ;
#6453 = CARTESIAN_POINT ( 'NONE',  ( 1.301618621990000113, -0.01889291618010000007, -0.1192851781487999918 ) ) ;
#6454 = VERTEX_POINT ( 'NONE', #346 ) ;
#6455 = AXIS2_PLACEMENT_3D ( 'NONE', #9385, #7324, #5537 ) ;
#6456 = VERTEX_POINT ( 'NONE', #6409 ) ;
#6457 = CARTESIAN_POINT ( 'NONE',  ( 1.094776657840000222, -0.02427781532547999832, -0.1011243785934999861 ) ) ;
#6458 = DIRECTION ( 'NONE',  ( 1.000000000000000000, 0.000000000000000000, 0.000000000000000000 ) ) ;
#6459 = CARTESIAN_POINT ( 'NONE',  ( 1.081047661433999885, 0.04523949281042999315, -0.1058260268368999973 ) ) ;
#6460 = CARTESIAN_POINT ( 'NONE',  ( 1.306693781057000070, -0.1056303997698000152, 0.02336417851009000082 ) ) ;
#6461 = B_SPLINE_CURVE_WITH_KNOTS ( 'NONE', 3,
 ( #6080, #5533, #3756, #8616, #6835, #9174, #8404, #6889, #1482, #23, #4579, #8458, #7650, #5379, #7709, #775, #3866, #6942 ),
 .UNSPECIFIED., .F., .F.,
 ( 4, 2, 2, 2, 2, 2, 2, 2, 4 ),
 ( 0.000000000000000000, 0.1250000000000000278, 0.2500000000000000555, 0.3750000000000000000, 0.5000000000000000000, 0.6250000000000000000, 0.7500000000000000000, 0.8750000000000001110, 1.000000000000000000 ),
 .UNSPECIFIED. ) ;
#6462 = DIRECTION ( 'NONE',  ( -1.000000000000000000, 0.000000000000000000, 0.000000000000000000 ) ) ;
#6463 = CARTESIAN_POINT ( 'NONE',  ( 1.058891115257618365, 0.02947909197664355316, -0.09966324945669011171 ) ) ;
#6464 = CARTESIAN_POINT ( 'NONE',  ( -0.007874015748031005027, 0.000000000000000000, -0.2592016018472000360 ) ) ;
#6465 = CARTESIAN_POINT ( 'NONE',  ( 1.047973619356000086, 0.000000000000000000, -0.1023622047244000105 ) ) ;
#6466 = ORIENTED_EDGE ( 'NONE', *, *, #2968, .F. ) ;
#6467 = EDGE_LOOP ( 'NONE', ( #1853, #119, #6094, #9731, #4748 ) ) ;
#6468 = ORIENTED_EDGE ( 'NONE', *, *, #2803, .T. ) ;
#6469 = CIRCLE ( 'NONE', #1640, 0.08267716535433068670 ) ;
#6470 = CARTESIAN_POINT ( 'NONE',  ( 1.097878464509999930, -0.1148610764277000068, -0.03732062606186000581 ) ) ;
#6471 = CARTESIAN_POINT ( 'NONE',  ( 1.195304195235499911, 0.03091510445189094708, -0.1150361429136074198 ) ) ;
#6472 = CARTESIAN_POINT ( 'NONE',  ( 1.378722602956000243, 0.08830341887916003107, -0.05665714741372000068 ) ) ;
#6473 = VERTEX_POINT ( 'NONE', #7128 ) ;
#6474 = CARTESIAN_POINT ( 'NONE',  ( 1.325321748251999887, -0.1090681537979000110, 0.008296529127744999010 ) ) ;
#6475 = DIRECTION ( 'NONE',  ( 0.000000000000000000, 0.000000000000000000, -1.000000000000000000 ) ) ;
#6476 = CARTESIAN_POINT ( 'NONE',  ( 1.266662462952750090, -0.09444883965335028331, -0.07258425826477082898 ) ) ;
#6477 = FACE_OUTER_BOUND ( 'NONE', #5164, .T. ) ;
#6478 = CARTESIAN_POINT ( 'NONE',  ( 1.223659059357000034, 0.000000000000000000, -0.1181102362205000006 ) ) ;
#6479 = EDGE_LOOP ( 'NONE', ( #2505, #4384 ) ) ;
#6480 = VERTEX_POINT ( 'NONE', #9456 ) ;
#6481 = EDGE_LOOP ( 'NONE', ( #5178, #235, #9533, #2081 ) ) ;
#6482 = DIRECTION ( 'NONE',  ( 0.000000000000000000, -0.8660254037844288266, -0.5000000000000169864 ) ) ;
#6483 = EDGE_CURVE ( 'NONE', #9019, #1897, #5138, .T. ) ;
#6484 = CARTESIAN_POINT ( 'NONE',  ( 1.188046732341000000, -0.09183581231427992431, -0.07843519353245001491 ) ) ;
#6485 = CARTESIAN_POINT ( 'NONE',  ( 1.211693403481000075, -0.05217873381839999852, -0.09037621804783996238 ) ) ;
#6486 = EDGE_CURVE ( 'NONE', #8142, #7478, #7267, .T. ) ;
#6487 = DIRECTION ( 'NONE',  ( 0.000000000000000000, -0.8660254037844289376, -0.5000000000000169864 ) ) ;
#6488 = CARTESIAN_POINT ( 'NONE',  ( 0.5787401574803000548, 0.1194158702739000072, 0.08712904529506003415 ) ) ;
#6489 = ORIENTED_EDGE ( 'NONE', *, *, #3793, .T. ) ;
#6490 = CARTESIAN_POINT ( 'NONE',  ( 1.371321518039731124, 0.1028563003919946983, 0.02071144572227842304 ) ) ;
#6491 = LINE ( 'NONE', #3526, #805 ) ;
#6492 = CARTESIAN_POINT ( 'NONE',  ( 1.148757818658000085, 0.04737729888396000760, 0.09298318451212993219 ) ) ;
#6493 = CARTESIAN_POINT ( 'NONE',  ( 1.340340039427000196, -0.1205322925468999967, 0.01465004891690000095 ) ) ;
#6494 = CARTESIAN_POINT ( 'NONE',  ( 0.5841804246273000212, 0.01574803149606000124, -0.1545109335357000291 ) ) ;
#6495 = ADVANCED_FACE ( 'NONE', ( #7889 ), #2398, .F. ) ;
#6496 = CARTESIAN_POINT ( 'NONE',  ( 1.047973619355820896, -0.02686617579603135450, -0.1105534695873336831 ) ) ;
#6497 = CARTESIAN_POINT ( 'NONE',  ( 1.098519418333000042, -0.05948255673673431138, 0.1032031167347789297 ) ) ;
#6498 = DIRECTION ( 'NONE',  ( 1.000000000000000000, 0.000000000000000000, 0.000000000000000000 ) ) ;
#6499 = CYLINDRICAL_SURFACE ( 'NONE', #2517, 0.1574803149606000263 ) ;
#6500 = CARTESIAN_POINT ( 'NONE',  ( 1.286690800467999996, -0.06840606100042008475, 0.09953143637152993273 ) ) ;
#6501 = ORIENTED_EDGE ( 'NONE', *, *, #8457, .T. ) ;
#6502 = AXIS2_PLACEMENT_3D ( 'NONE', #4275, #7774, #4935 ) ;
#6503 = ORIENTED_EDGE ( 'NONE', *, *, #6161, .T. ) ;
#6504 = DIRECTION ( 'NONE',  ( -1.000000000000000000, 0.000000000000000000, 0.000000000000000000 ) ) ;
#6505 = B_SPLINE_CURVE_WITH_KNOTS ( 'NONE', 3,
 ( #1613, #855, #4759, #6915, #3080, #908 ),
 .UNSPECIFIED., .F., .F.,
 ( 4, 1, 1, 4 ),
 ( 0.000000000000000000, 0.3333333333333000081, 0.6666666666667000474, 1.000000000000000000 ),
 .UNSPECIFIED. ) ;
#6506 = AXIS2_PLACEMENT_3D ( 'NONE', #4735, #1588, #6991 ) ;
#6507 = DIRECTION ( 'NONE',  ( 0.000000000000000000, 0.01014706186316036672, -0.9999485172425354174 ) ) ;
#6508 = CARTESIAN_POINT ( 'NONE',  ( 1.169087876025999950, 0.08103552553292008021, 0.08740699860010001099 ) ) ;
#6509 = CARTESIAN_POINT ( 'NONE',  ( 1.303527299568000064, -0.1110198245320000027, 0.02455625467835000422 ) ) ;
#6510 = EDGE_CURVE ( 'NONE', #3829, #4034, #8041, .T. ) ;
#6511 = CARTESIAN_POINT ( 'NONE',  ( 1.011811281218906178, 0.03015523573949671979, -0.1614170652377939219 ) ) ;
#6512 = CARTESIAN_POINT ( 'NONE',  ( 0.9787819354097994085, 0.09408090847152990321, 0.1755396842203999774 ) ) ;
#6513 = CARTESIAN_POINT ( 'NONE',  ( 1.171751997915364329, -0.05452662706635002382, -0.08897936835102011888 ) ) ;
#6514 = CARTESIAN_POINT ( 'NONE',  ( 0.7248214212811003865, -0.1656791315182000179, 0.1138391516281000021 ) ) ;
#6515 = CARTESIAN_POINT ( 'NONE',  ( 0.8602362204723996708, 0.000000000000000000, 0.1673228346456999971 ) ) ;
#6516 = VERTEX_POINT ( 'NONE', #2578 ) ;
#6517 = ORIENTED_EDGE ( 'NONE', *, *, #1808, .F. ) ;
#6518 = CARTESIAN_POINT ( 'NONE',  ( 1.152290723179000054, 0.1148256074952000022, 0.009036971297050000462 ) ) ;
#6519 = CARTESIAN_POINT ( 'NONE',  ( 0.7280600717204999128, 0.1820907631361000090, -0.08761369760209999913 ) ) ;
#6520 = CARTESIAN_POINT ( 'NONE',  ( 1.343186952515999844, 0.07934963333568996469, 0.06863790391348996434 ) ) ;
#6521 = CARTESIAN_POINT ( 'NONE',  ( 0.5841804246273000212, -0.01574803149606000124, 0.1545109335357000291 ) ) ;
#6522 = FACE_OUTER_BOUND ( 'NONE', #5335, .T. ) ;
#6523 = CARTESIAN_POINT ( 'NONE',  ( 0.6104330708661004357, -0.3543307086614000401, 0.3543307086614000401 ) ) ;
#6524 = DIRECTION ( 'NONE',  ( 1.000000000000000000, 0.000000000000000000, 0.000000000000000000 ) ) ;
#6525 = AXIS2_PLACEMENT_3D ( 'NONE', #909, #2372, #802 ) ;
#6526 = AXIS2_PLACEMENT_3D ( 'NONE', #8204, #9018, #1274 ) ;
#6527 = DIRECTION ( 'NONE',  ( 0.000000000000000000, 0.9011169856835861136, 0.4335760349840935279 ) ) ;
#6528 = ORIENTED_EDGE ( 'NONE', *, *, #8243, .F. ) ;
#6529 = ORIENTED_EDGE ( 'NONE', *, *, #4764, .F. ) ;
#6530 = ORIENTED_EDGE ( 'NONE', *, *, #2302, .T. ) ;
#6531 = CIRCLE ( 'NONE', #7501, 0.08267716535433068670 ) ;
#6532 = AXIS2_PLACEMENT_3D ( 'NONE', #8788, #2472, #6308 ) ;
#6533 = DIRECTION ( 'NONE',  ( 0.000000000000000000, 0.000000000000000000, 1.000000000000000000 ) ) ;
#6534 = CARTESIAN_POINT ( 'NONE',  ( 1.067819164344500082, 0.03091510445189092279, -0.1150361429136073782 ) ) ;
#6535 = CARTESIAN_POINT ( 'NONE',  ( 1.190179278271999985, -0.06038604144953996222, -0.1045916918582999872 ) ) ;
#6536 = CARTESIAN_POINT ( 'NONE',  ( 1.301316873775999916, 0.09924984962422009338, 0.03224823102986000556 ) ) ;
#6537 = CARTESIAN_POINT ( 'NONE',  ( 1.379809794632013586, 0.09128619794826046963, -0.05253617556106023739 ) ) ;
#6538 = CARTESIAN_POINT ( 'NONE',  ( 0.7280600717204999128, 0.1820907631361000090, 0.08761369760209999913 ) ) ;
#6539 = AXIS2_PLACEMENT_3D ( 'NONE', #3234, #7210, #854 ) ;
#6540 = ORIENTED_EDGE ( 'NONE', *, *, #8117, .F. ) ;
#6541 = CARTESIAN_POINT ( 'NONE',  ( 0.7285187645193996753, -0.1671347944570999999, 0.1138396349152000081 ) ) ;
#6542 = AXIS2_PLACEMENT_3D ( 'NONE', #6523, #2748, #8866 ) ;
#6543 = AXIS2_PLACEMENT_3D ( 'NONE', #784, #134, #3978 ) ;
#6544 = CARTESIAN_POINT ( 'NONE',  ( 1.047972815803220215, 0.05452007595640628868, -0.08904110342351106988 ) ) ;
#6545 = CARTESIAN_POINT ( 'NONE',  ( 1.180746007635000039, 0.1040357447341000025, -0.008187775355042007513 ) ) ;
#6546 = CARTESIAN_POINT ( 'NONE',  ( 1.364891928780166408, 0.09761021615611061020, 0.07054972942470116859 ) ) ;
#6547 = PLANE ( 'NONE',  #2057 ) ;
#6548 = CARTESIAN_POINT ( 'NONE',  ( 0.6285072769383996949, 0.1384732756477000115, 0.09813184341767991481 ) ) ;
#6549 = CARTESIAN_POINT ( 'NONE',  ( 0.7285187645193996753, 0.01502061856554000145, 0.2016627953137999918 ) ) ;
#6550 = CARTESIAN_POINT ( 'NONE',  ( 1.180540415707999724, -0.1032031167347789991, 0.05948255673673419341 ) ) ;
#6551 = CARTESIAN_POINT ( 'NONE',  ( 1.177194851849000079, 0.08573468038661004320, 0.05872063142693000060 ) ) ;
#6552 = AXIS2_PLACEMENT_3D ( 'NONE', #9202, #1461, #7530 ) ;
#6553 = CARTESIAN_POINT ( 'NONE',  ( 1.237642244037000072, 0.09770666751137992156, 0.07098804921670000267 ) ) ;
#6554 = ORIENTED_EDGE ( 'NONE', *, *, #5870, .F. ) ;
#6555 = ORIENTED_EDGE ( 'NONE', *, *, #2994, .F. ) ;
#6556 = EDGE_CURVE ( 'NONE', #5259, #4141, #2725, .T. ) ;
#6557 = ADVANCED_FACE ( 'NONE', ( #2532 ), #780, .T. ) ;
#6558 = FACE_BOUND ( 'NONE', #3880, .T. ) ;
#6559 = CIRCLE ( 'NONE', #5279, 0.01181102362204999520 ) ;
#6560 = CARTESIAN_POINT ( 'NONE',  ( 1.359478591503999967, -0.01597743258149000173, -0.1033272167828000049 ) ) ;
#6561 = CARTESIAN_POINT ( 'NONE',  ( 1.175972858638930196, 0.09301998732049114593, 0.04360281692685072374 ) ) ;
#6562 = CARTESIAN_POINT ( 'NONE',  ( 1.242394316191000048, 0.09820766630687993715, -0.06018173531423996053 ) ) ;
#6563 = FACE_OUTER_BOUND ( 'NONE', #260, .T. ) ;
#6564 = CARTESIAN_POINT ( 'NONE',  ( 1.116305803689364273, -0.002731760035867999720, 0.1043217069389999890 ) ) ;
#6565 = CARTESIAN_POINT ( 'NONE',  ( 1.301429956099000140, -0.01090832490354999920, 0.1037857943025000118 ) ) ;
#6566 = CARTESIAN_POINT ( 'NONE',  ( 0.7280600717204999128, 0.01516969372517000189, -0.2015020754713999773 ) ) ;
#6567 = DIRECTION ( 'NONE',  ( 1.000000000000000000, 0.000000000000000000, 0.000000000000000000 ) ) ;
#6568 = ORIENTED_EDGE ( 'NONE', *, *, #1492, .F. ) ;
#6569 = EDGE_LOOP ( 'NONE', ( #3452, #6670, #8723, #8421, #3134 ) ) ;
#6570 = ORIENTED_EDGE ( 'NONE', *, *, #8887, .F. ) ;
#6571 = EDGE_CURVE ( 'NONE', #3360, #3171, #4346, .T. ) ;
#6572 = CARTESIAN_POINT ( 'NONE',  ( 1.182146366223000067, 0.01503409427680999985, -0.1141952843586999944 ) ) ;
#6573 = CARTESIAN_POINT ( 'NONE',  ( 0.7346171654644999549, 0.1842739389605000111, -0.09485463335682008112 ) ) ;
#6574 = CARTESIAN_POINT ( 'NONE',  ( 1.370916504655999901, 0.1028522961082999898, 0.02071063940797999992 ) ) ;
#6575 = ORIENTED_EDGE ( 'NONE', *, *, #1113, .F. ) ;
#6576 = CARTESIAN_POINT ( 'NONE',  ( 0.9763779527559055538, 1.917212598425000136, -0.1830708661417000116 ) ) ;
#6577 = CARTESIAN_POINT ( 'NONE',  ( 0.7244094488188976833, 0.1655628205247000329, -0.1137719994447000116 ) ) ;
#6578 = CARTESIAN_POINT ( 'NONE',  ( 1.263381623057749703, -0.1181102362205000006, -0.01546059376767004723 ) ) ;
#6579 = CARTESIAN_POINT ( 'NONE',  ( 0.9799168807595000086, -0.09419677740597007243, 0.1760013734404000108 ) ) ;
#6580 = EDGE_LOOP ( 'NONE', ( #2282, #7384, #7747, #921 ) ) ;
#6581 = ORIENTED_EDGE ( 'NONE', *, *, #1567, .F. ) ;
#6582 = VERTEX_POINT ( 'NONE', #7169 ) ;
#6583 = B_SPLINE_CURVE_WITH_KNOTS ( 'NONE', 3,
 ( #3686, #2216, #3634, #6763, #9856, #9001 ),
 .UNSPECIFIED., .F., .F.,
 ( 4, 2, 4 ),
 ( 0.000000000000000000, 0.5000000000000000000, 1.000000000000000000 ),
 .UNSPECIFIED. ) ;
#6584 = ADVANCED_FACE ( 'NONE', ( #4096 ), #9557, .F. ) ;
#6585 = EDGE_CURVE ( 'NONE', #1061, #5048, #8212, .T. ) ;
#6586 = DIRECTION ( 'NONE',  ( 1.000000000000000000, 0.000000000000000000, 0.000000000000000000 ) ) ;
#6587 = CARTESIAN_POINT ( 'NONE',  ( 1.366095328027000066, -0.07840762746597008948, 0.09156057185803996579 ) ) ;
#6588 = FACE_OUTER_BOUND ( 'NONE', #1770, .T. ) ;
#6589 = AXIS2_PLACEMENT_3D ( 'NONE', #6114, #53, #9913 ) ;
#6590 = CARTESIAN_POINT ( 'NONE',  ( 1.188235398231999973, 0.09419155717462007749, 0.04492664279108000286 ) ) ;
#6591 = CARTESIAN_POINT ( 'NONE',  ( 0.6104330708661004357, 0.000000000000000000, 0.000000000000000000 ) ) ;
#6592 = DIRECTION ( 'NONE',  ( 0.000000000000000000, 0.000000000000000000, -1.000000000000000000 ) ) ;
#6593 = B_SPLINE_CURVE_WITH_KNOTS ( 'NONE', 3,
 ( #9094, #1974, #2167, #1355, #4457, #506, #3592, #9002, #7527, #4306, #456, #601, #8191, #8331, #551, #6714, #2076, #3545 ),
 .UNSPECIFIED., .F., .F.,
 ( 4, 2, 2, 2, 2, 2, 2, 2, 4 ),
 ( 0.000000000000000000, 0.1250000000000000278, 0.2500000000000000555, 0.3750000000000001110, 0.5000000000000001110, 0.6250000000000001110, 0.7500000000000002220, 0.8750000000000001110, 1.000000000000000000 ),
 .UNSPECIFIED. ) ;
#6594 = ORIENTED_EDGE ( 'NONE', *, *, #7991, .F. ) ;
#6595 = EDGE_CURVE ( 'NONE', #2091, #7847, #5213, .T. ) ;
#6596 = CARTESIAN_POINT ( 'NONE',  ( 0.4921259842520000483, -0.2716535433071000094, -0.3543307086614000401 ) ) ;
#6597 = LINE ( 'NONE', #5699, #6130 ) ;
#6598 = CARTESIAN_POINT ( 'NONE',  ( 1.076251256978000059, -0.05217873381818999984, 0.09037621804796004688 ) ) ;
#6599 = CARTESIAN_POINT ( 'NONE',  ( 1.351144090249000174, 0.000000000000000000, -0.1181102362205000006 ) ) ;
#6600 = DIRECTION ( 'NONE',  ( 1.000000000000000000, 0.000000000000000000, 0.000000000000000000 ) ) ;
#6601 = DIRECTION ( 'NONE',  ( 1.000000000000000000, 0.000000000000000000, 0.000000000000000000 ) ) ;
#6602 = DIRECTION ( 'NONE',  ( 0.000000000000000000, 0.000000000000000000, -1.000000000000000000 ) ) ;
#6603 = DIRECTION ( 'NONE',  ( 1.000000000000000000, 0.000000000000000000, 0.000000000000000000 ) ) ;
#6604 = DIRECTION ( 'NONE',  ( 0.000000000000000000, -0.8660254037844289376, 0.5000000000000169864 ) ) ;
#6605 = VECTOR ( 'NONE', #6482, 39.37007874015748143 ) ;
#6606 = CARTESIAN_POINT ( 'NONE',  ( 1.281391773048000227, -0.02981095129919000483, 0.1112559848705000076 ) ) ;
#6607 = ORIENTED_EDGE ( 'NONE', *, *, #692, .T. ) ;
#6608 = ORIENTED_EDGE ( 'NONE', *, *, #8587, .F. ) ;
#6609 = CARTESIAN_POINT ( 'NONE',  ( 1.056390831068000136, -0.008159947862343995550, -0.1036770916495999978 ) ) ;
#6610 = AXIS2_PLACEMENT_3D ( 'NONE', #2310, #2920, #1501 ) ;
#6611 = CARTESIAN_POINT ( 'NONE',  ( 1.340200376281000194, 0.009239832417201002818, 0.1041461356825000018 ) ) ;
#6612 = CARTESIAN_POINT ( 'NONE',  ( 1.125921348110000109, 0.1178505812398999986, 0.02596609316705999690 ) ) ;
#6613 = CARTESIAN_POINT ( 'NONE',  ( 1.270117413304000298, -0.08559591969662008748, -0.07707091227022992708 ) ) ;
#6614 = CARTESIAN_POINT ( 'NONE',  ( 1.075553539067999997, 0.000000000000000000, -0.1181102362205000006 ) ) ;
#6615 = CARTESIAN_POINT ( 'NONE',  ( 0.5841804246273000212, 0.1416844093523999815, 0.06361727143266003581 ) ) ;
#6616 = DIRECTION ( 'NONE',  ( 0.000000000000000000, 1.000000000000000000, 0.000000000000000000 ) ) ;
#6617 = EDGE_CURVE ( 'NONE', #9704, #7820, #1823, .T. ) ;
#6618 = CARTESIAN_POINT ( 'NONE',  ( -0.03937007874015999859, 0.000000000000000000, -0.2592016018472000360 ) ) ;
#6619 = AXIS2_PLACEMENT_3D ( 'NONE', #5382, #3815, #5983 ) ;
#6620 = EDGE_CURVE ( 'NONE', #6480, #845, #9510, .T. ) ;
#6621 = DIRECTION ( 'NONE',  ( 0.000000000000000000, 0.000000000000000000, -1.000000000000000000 ) ) ;
#6622 = VERTEX_POINT ( 'NONE', #297 ) ;
#6623 = CONICAL_SURFACE ( 'NONE', #5014, 0.1377952755906000082, 0.2525542757780835368 ) ;
#6624 = VERTEX_POINT ( 'NONE', #5764 ) ;
#6625 = VERTEX_POINT ( 'NONE', #914 ) ;
#6626 = CARTESIAN_POINT ( 'NONE',  ( 1.173616182495999860, -0.1085740795179999940, -0.03844809805199000952 ) ) ;
#6627 = CARTESIAN_POINT ( 'NONE',  ( 1.327540520404000057, 0.09489640704855001330, -0.04474592824854000533 ) ) ;
#6628 = CARTESIAN_POINT ( 'NONE',  ( 1.182648560669500082, -0.03091510445189051687, -0.1150361429136075309 ) ) ;
#6629 = ORIENTED_EDGE ( 'NONE', *, *, #9716, .T. ) ;
#6630 = CARTESIAN_POINT ( 'NONE',  ( 1.381889763780000280, 0.05155154917617486149, 0.08944270116730537734 ) ) ;
#6631 = EDGE_CURVE ( 'NONE', #1249, #5835, #4816, .T. ) ;
#6632 = CARTESIAN_POINT ( 'NONE',  ( 1.083755638805500077, 0.1150361429136075309, -0.03091510445189034686 ) ) ;
#6633 = CARTESIAN_POINT ( 'NONE',  ( 0.7294081141038994964, 0.1416067437200999868, 0.06480056241573997622 ) ) ;
#6634 = CARTESIAN_POINT ( 'NONE',  ( 1.010002893834999860, 0.000000000000000000, 0.000000000000000000 ) ) ;
#6635 = EDGE_CURVE ( 'NONE', #3031, #3906, #1105, .T. ) ;
#6636 = EDGE_CURVE ( 'NONE', #9205, #88, #438, .T. ) ;
#6637 = ORIENTED_EDGE ( 'NONE', *, *, #2994, .T. ) ;
#6638 = VECTOR ( 'NONE', #196, 39.37007874015748143 ) ;
#6639 = ORIENTED_EDGE ( 'NONE', *, *, #9870, .F. ) ;
#6640 = EDGE_LOOP ( 'NONE', ( #8995, #3750, #215, #4245, #4013, #1943, #9227, #6210 ) ) ;
#6641 = EDGE_CURVE ( 'NONE', #7150, #5260, #5147, .T. ) ;
#6642 = CARTESIAN_POINT ( 'NONE',  ( 1.562992125983999836, 0.000000000000000000, 0.000000000000000000 ) ) ;
#6643 = CARTESIAN_POINT ( 'NONE',  ( 0.6284087207853995549, -0.01574803149606000124, -0.1689551242419000121 ) ) ;
#6644 = CARTESIAN_POINT ( 'NONE',  ( 1.232681369068249877, 0.1181102362205000561, -0.01546059376766952508 ) ) ;
#6645 = CARTESIAN_POINT ( 'NONE',  ( 1.192500490095000032, 0.04492705090909000082, 0.09419148551886005749 ) ) ;
#6646 = EDGE_CURVE ( 'NONE', #5048, #2148, #1200, .T. ) ;
#6647 = FACE_BOUND ( 'NONE', #5187, .T. ) ;
#6648 = DIRECTION ( 'NONE',  ( -0.9990138064662090756, 0.04440061362070955170, 0.000000000000000000 ) ) ;
#6649 = EDGE_LOOP ( 'NONE', ( #7336, #4497, #1075, #6242, #5469, #498 ) ) ;
#6650 = CARTESIAN_POINT ( 'NONE',  ( 1.318306426175793522, -0.04164387826673960485, -0.09630249174940706813 ) ) ;
#6651 = CARTESIAN_POINT ( 'NONE',  ( 1.168007273204999974, 0.01362138275840000211, -0.1034646749458000003 ) ) ;
#6652 = CARTESIAN_POINT ( 'NONE',  ( 0.9107611780419343495, -0.09349877294170315378, 0.1732283464567000442 ) ) ;
#6653 = DIRECTION ( 'NONE',  ( 1.000000000000000000, 0.000000000000000000, 0.000000000000000000 ) ) ;
#6654 = DIRECTION ( 'NONE',  ( 0.000000000000000000, 0.000000000000000000, 1.000000000000000000 ) ) ;
#6655 = CARTESIAN_POINT ( 'NONE',  ( 1.189562725419249567, -0.07258425826477050979, -0.09444883965335056086 ) ) ;
#6656 = CARTESIAN_POINT ( 'NONE',  ( 1.143775604430000037, 0.002136570317272000301, 0.1038942149889000022 ) ) ;
#6657 = CARTESIAN_POINT ( 'NONE',  ( 1.277126681184000079, 0.04684819949600001199, 0.1052227788591999919 ) ) ;
#6658 = EDGE_LOOP ( 'NONE', ( #2788, #3189, #6121, #2801, #6830, #5774, #3515, #3461, #8061, #7370, #8594, #5879, #6879, #9112, #9525, #9730, #1654, #6851, #9153, #7545, #9420, #4547, #9495, #6263, #4826, #8880, #1527 ) ) ;
#6659 = ORIENTED_EDGE ( 'NONE', *, *, #7656, .T. ) ;
#6660 = CARTESIAN_POINT ( 'NONE',  ( 0.7334836223767007279, -0.1836196114857999717, 0.09264710434643995407 ) ) ;
#6661 = ADVANCED_FACE ( 'NONE', ( #547 ), #5859, .F. ) ;
#6662 = CARTESIAN_POINT ( 'NONE',  ( 1.337790599377999934, 0.04763771601657000587, 0.09307223051720001084 ) ) ;
#6663 = CARTESIAN_POINT ( 'NONE',  ( 1.036803354993000026, 0.01556706497219000063, -0.1181710890650999879 ) ) ;
#6664 = CARTESIAN_POINT ( 'NONE',  ( 1.287177780758000267, 0.1095433277718000087, 0.03559278482678999989 ) ) ;
#6665 = CARTESIAN_POINT ( 'NONE',  ( 1.334739890773999793, -0.05948255673673431138, 0.1032031167347789297 ) ) ;
#6666 = CARTESIAN_POINT ( 'NONE',  ( 0.6751361352972008456, 0.1516492789452000001, -0.1057390124683000032 ) ) ;
#6667 = CARTESIAN_POINT ( 'NONE',  ( 1.196935205443000028, -0.07935404094582007573, -0.06777475368613995743 ) ) ;
#6668 = CARTESIAN_POINT ( 'NONE',  ( 0.5790964132382000473, -0.1372969933036999879, 0.06108419559587992265 ) ) ;
#6669 = CARTESIAN_POINT ( 'NONE',  ( 0.7244094488188976833, 0.01574803149606000124, 0.2002676082188999951 ) ) ;
#6670 = ORIENTED_EDGE ( 'NONE', *, *, #2813, .F. ) ;
#6671 = VERTEX_POINT ( 'NONE', #2729 ) ;
#6672 = CARTESIAN_POINT ( 'NONE',  ( 1.075519069635999969, 0.1064130643854000052, 0.04407773461276000282 ) ) ;
#6673 = EDGE_CURVE ( 'NONE', #2140, #3349, #9070, .T. ) ;
#6674 = CARTESIAN_POINT ( 'NONE',  ( 1.386370680903999952, -0.04239408918907999757, 0.09409014822354999641 ) ) ;
#6675 = CARTESIAN_POINT ( 'NONE',  ( 1.394787782309000024, -0.04239408918907999757, 0.09409014822354999641 ) ) ;
#6676 = DIRECTION ( 'NONE',  ( -1.000000000000000000, 0.000000000000000000, 0.000000000000000000 ) ) ;
#6677 = CARTESIAN_POINT ( 'NONE',  ( 1.306500266706750235, 0.07258425826477089837, -0.09444883965335025555 ) ) ;
#6678 = LINE ( 'NONE', #9064, #2688 ) ;
#6679 = FACE_OUTER_BOUND ( 'NONE', #9825, .T. ) ;
#6680 = ORIENTED_EDGE ( 'NONE', *, *, #2508, .T. ) ;
#6681 = ORIENTED_EDGE ( 'NONE', *, *, #7846, .T. ) ;
#6682 = VERTEX_POINT ( 'NONE', #2021 ) ;
#6683 = EDGE_CURVE ( 'NONE', #6516, #2208, #7383, .T. ) ;
#6684 = ADVANCED_FACE ( 'NONE', ( #1255 ), #8076, .F. ) ;
#6685 = FACE_OUTER_BOUND ( 'NONE', #3641, .T. ) ;
#6686 = B_SPLINE_CURVE_WITH_KNOTS ( 'NONE', 3,
 ( #6107, #9861, #2170, #2269 ),
 .UNSPECIFIED., .F., .F.,
 ( 4, 4 ),
 ( 0.000000000000000000, 1.000000000000000000 ),
 .UNSPECIFIED. ) ;
#6687 = CARTESIAN_POINT ( 'NONE',  ( 0.4921259842520000483, -0.5314960629921000601, -0.3740157480314960647 ) ) ;
#6688 = DIRECTION ( 'NONE',  ( 0.000000000000000000, 0.000000000000000000, 1.000000000000000000 ) ) ;
#6689 = CARTESIAN_POINT ( 'NONE',  ( 1.258665955141000214, 0.1020770065874999910, -0.02169713754582000206 ) ) ;
#6690 = CARTESIAN_POINT ( 'NONE',  ( 0.9999994263157997443, -0.1780917563452036056, -0.08570226689445471779 ) ) ;
#6691 = CARTESIAN_POINT ( 'NONE',  ( 1.126054072480750401, -0.01546059376766992927, 0.1181102362204999867 ) ) ;
#6692 = ORIENTED_EDGE ( 'NONE', *, *, #628, .T. ) ;
#6693 = CONICAL_SURFACE ( 'NONE', #6798, 0.2340847595123000391, 0.04441521524690000139 ) ;
#6694 = CONICAL_SURFACE ( 'NONE', #9771, 0.1786918365619999949, 0.3142318990842197790 ) ;
#6695 = DIRECTION ( 'NONE',  ( 0.000000000000000000, 0.8660254037844288266, 0.5000000000000169864 ) ) ;
#6696 = EDGE_CURVE ( 'NONE', #8539, #7203, #8580, .T. ) ;
#6697 = CARTESIAN_POINT ( 'NONE',  ( 1.127488900501999902, -0.005461647859861000140, -0.1042144493542999928 ) ) ;
#6698 = DIRECTION ( 'NONE',  ( 0.000000000000000000, -5.127750654642978317E-12, 1.000000000000000000 ) ) ;
#6699 = CARTESIAN_POINT ( 'NONE',  ( 0.9833987724170001332, 0.09505360061837007934, 0.1794332257083000315 ) ) ;
#6700 = LINE ( 'NONE', #9128, #7515 ) ;
#6701 = CARTESIAN_POINT ( 'NONE',  ( 1.298650651928999977, -0.1022864650138999992, 0.05905511811023995972 ) ) ;
#6702 = CARTESIAN_POINT ( 'NONE',  ( 0.9763779527559055538, 0.000000000000000000, 0.000000000000000000 ) ) ;
#6703 = CARTESIAN_POINT ( 'NONE',  ( 1.240873400344000066, -0.009036971297050000462, 0.1148256074952000022 ) ) ;
#6704 = VERTEX_POINT ( 'NONE', #7926 ) ;
#6705 = AXIS2_PLACEMENT_3D ( 'NONE', #732, #8520, #3114 ) ;
#6706 = ORIENTED_EDGE ( 'NONE', *, *, #8739, .T. ) ;
#6707 = CARTESIAN_POINT ( 'NONE',  ( 0.9842519685038996213, 0.000000000000000000, 0.000000000000000000 ) ) ;
#6708 = CIRCLE ( 'NONE', #9943, 0.1181102362205000006 ) ;
#6709 = CARTESIAN_POINT ( 'NONE',  ( 1.373937252921999974, 0.08726761051395000302, 0.05758610296050999805 ) ) ;
#6710 = CARTESIAN_POINT ( 'NONE',  ( 1.144719674783000185, -0.1203348036894000134, -0.009084740718718996647 ) ) ;
#6711 = CARTESIAN_POINT ( 'NONE',  ( 1.223201402805000226, -0.1026267293788999946, 0.05229093041692000482 ) ) ;
#6712 = VECTOR ( 'NONE', #539, 39.37007874015748143 ) ;
#6713 = CARTESIAN_POINT ( 'NONE',  ( 1.349503670301499536, -0.03091510445189049605, -0.1150361429136075170 ) ) ;
#6714 = CARTESIAN_POINT ( 'NONE',  ( 1.234674273976499759, 0.03091510445189094708, -0.1150361429136074198 ) ) ;
#6715 = CARTESIAN_POINT ( 'NONE',  ( 1.243851215942000099, 0.03483523850942000372, -0.09837167889972008028 ) ) ;
#6716 = CARTESIAN_POINT ( 'NONE',  ( 1.107189243084499841, 0.03091510445189094361, -0.1150361429136073782 ) ) ;
#6717 = DIRECTION ( 'NONE',  ( 0.000000000000000000, 0.8660254037844288266, -0.5000000000000169864 ) ) ;
#6718 = CARTESIAN_POINT ( 'NONE',  ( 0.5830288604789000129, 0.1255515169379000096, -0.09067146254816003947 ) ) ;
#6719 = VERTEX_POINT ( 'NONE', #9545 ) ;
#6720 = VERTEX_POINT ( 'NONE', #5501 ) ;
#6721 = AXIS2_PLACEMENT_3D ( 'NONE', #4837, #3211, #6287 ) ;
#6722 = CARTESIAN_POINT ( 'NONE',  ( 1.081916707430999880, 0.01801822666388000135, 0.1137626058711000004 ) ) ;
#6723 = CARTESIAN_POINT ( 'NONE',  ( 1.344408958724000014, -0.06602625533717991491, 0.08153563497254999459 ) ) ;
#6724 = DIRECTION ( 'NONE',  ( 0.000000000000000000, -0.8660254037844288266, 0.5000000000000169864 ) ) ;
#6725 = CARTESIAN_POINT ( 'NONE',  ( 0.7280600717204999128, 0.000000000000000000, 0.000000000000000000 ) ) ;
#6726 = DIRECTION ( 'NONE',  ( 0.000000000000000000, 1.000000000000000000, 0.000000000000000000 ) ) ;
#6727 = DIRECTION ( 'NONE',  ( 0.000000000000000000, 0.000000000000000000, -1.000000000000000000 ) ) ;
#6728 = DIRECTION ( 'NONE',  ( 0.000000000000000000, 1.000000000000000000, 0.000000000000000000 ) ) ;
#6729 = ORIENTED_EDGE ( 'NONE', *, *, #7656, .F. ) ;
#6730 = ORIENTED_EDGE ( 'NONE', *, *, #5522, .T. ) ;
#6731 = ORIENTED_EDGE ( 'NONE', *, *, #2736, .T. ) ;
#6732 = CARTESIAN_POINT ( 'NONE',  ( 1.193663775287999940, 0.000000000000000000, -0.1181102362205000006 ) ) ;
#6733 = ORIENTED_EDGE ( 'NONE', *, *, #3351, .T. ) ;
#6734 = DIRECTION ( 'NONE',  ( 0.000000000000000000, -1.000000000000000000, 0.000000000000000000 ) ) ;
#6735 = DIRECTION ( 'NONE',  ( 1.000000000000000000, 0.000000000000000000, 0.000000000000000000 ) ) ;
#6736 = CARTESIAN_POINT ( 'NONE',  ( 1.181894301597999908, 0.1018014538566000132, 0.01069976395653000033 ) ) ;
#6737 = DIRECTION ( 'NONE',  ( 0.000000000000000000, 0.000000000000000000, -1.000000000000000000 ) ) ;
#6738 = CARTESIAN_POINT ( 'NONE',  ( 0.8543306602647993131, 0.09046553671456003531, 0.1614172985173000230 ) ) ;
#6739 = EDGE_CURVE ( 'NONE', #5785, #1125, #7868, .T. ) ;
#6740 = ADVANCED_FACE ( 'NONE', ( #3426 ), #6086, .F. ) ;
#6741 = B_SPLINE_CURVE_WITH_KNOTS ( 'NONE', 3,
 ( #3153, #1532, #4627, #4833, #3302, #6333 ),
 .UNSPECIFIED., .F., .F.,
 ( 4, 1, 1, 4 ),
 ( 0.000000000000000000, 0.3333333333333000081, 0.6666666666667000474, 1.000000000000000000 ),
 .UNSPECIFIED. ) ;
#6742 = EDGE_CURVE ( 'NONE', #4160, #7607, #1707, .T. ) ;
#6743 = VERTEX_POINT ( 'NONE', #1143 ) ;
#6744 = CARTESIAN_POINT ( 'NONE',  ( 1.200240669234000190, 0.06963079299892008245, 0.09583856459177991782 ) ) ;
#6745 = B_SPLINE_CURVE_WITH_KNOTS ( 'NONE', 3,
 ( #560, #6775, #3557, #3697, #7589, #660, #8962, #7483, #8246, #8148, #9868 ),
 .UNSPECIFIED., .F., .F.,
 ( 4, 1, 1, 1, 1, 1, 1, 1, 4 ),
 ( 0.000000000000000000, 0.1250000000000000000, 0.2500000000000000000, 0.3750000000000000000, 0.5000000000000000000, 0.6250000000000000000, 0.7500000000000000000, 0.8750000000000000000, 1.000000000000000000 ),
 .UNSPECIFIED. ) ;
#6746 = CIRCLE ( 'NONE', #4025, 0.3740157480314960647 ) ;
#6747 = CARTESIAN_POINT ( 'NONE',  ( 1.182224246084000008, 0.06956180430292008277, 0.07598703421526004087 ) ) ;
#6748 = CARTESIAN_POINT ( 'NONE',  ( 0.6104330708661004357, -0.3543307086614000401, 0.3543307086614000401 ) ) ;
#6749 = PRODUCT_CONTEXT ( 'NONE', #5129, 'mechanical' ) ;
#6750 = DIRECTION ( 'NONE',  ( 1.000000000000000000, 0.000000000000000000, 0.000000000000000000 ) ) ;
#6751 = CARTESIAN_POINT ( 'NONE',  ( 1.000000082603503149, 0.03116626769020664628, -0.1732283464567000442 ) ) ;
#6752 = CARTESIAN_POINT ( 'NONE',  ( 0.7244094488188976833, 0.1409286094185999982, -0.06318091013743996898 ) ) ;
#6753 = EDGE_CURVE ( 'NONE', #666, #6933, #6079, .T. ) ;
#6754 = CARTESIAN_POINT ( 'NONE',  ( 1.201388963198000148, 0.05199372541013000393, 0.1090070711284999994 ) ) ;
#6755 = ORIENTED_EDGE ( 'NONE', *, *, #1328, .F. ) ;
#6756 = ORIENTED_EDGE ( 'NONE', *, *, #9855, .T. ) ;
#6757 = CARTESIAN_POINT ( 'NONE',  ( 0.6104330708661004357, -0.4370078740156999597, -0.3543307086614000401 ) ) ;
#6758 = CARTESIAN_POINT ( 'NONE',  ( 0.7268675659661004707, 0.1663910474753000357, 0.1139770608738999991 ) ) ;
#6759 = CARTESIAN_POINT ( 'NONE',  ( 1.352249260795999941, -0.1009428170590000035, -0.02724591281103000071 ) ) ;
#6760 = CARTESIAN_POINT ( 'NONE',  ( 1.109211724399999932, -0.09293951581402992712, -0.07697560583193997774 ) ) ;
#6761 = CARTESIAN_POINT ( 'NONE',  ( 1.167755208580000037, 0.1123595659811000014, 0.01180946625722000161 ) ) ;
#6762 = AXIS2_PLACEMENT_3D ( 'NONE', #6576, #8864, #9723 ) ;
#6763 = CARTESIAN_POINT ( 'NONE',  ( 1.326458709401332703, -0.07690747405743691978, 0.09197940250215738689 ) ) ;
#6764 = CARTESIAN_POINT ( 'NONE',  ( 0.6104330708661004357, -0.4370078740156999597, 0.3543307086614000401 ) ) ;
#6765 = CARTESIAN_POINT ( 'NONE',  ( 1.194802659510999954, -0.09742608914478996518, -0.03739837169383999904 ) ) ;
#6766 = CARTESIAN_POINT ( 'NONE',  ( 0.7280600717204999128, 0.1669210694110000448, -0.1138883778692999921 ) ) ;
#6767 = CARTESIAN_POINT ( 'NONE',  ( 0.8464566929133995332, -0.09399477469537993735, 0.1751968503937007815 ) ) ;
#6768 = CARTESIAN_POINT ( 'NONE',  ( 1.064842296349999939, -0.03109618529352000185, -0.1264161089583999975 ) ) ;
#6769 = ORIENTED_EDGE ( 'NONE', *, *, #3490, .F. ) ;
#6770 = ORIENTED_EDGE ( 'NONE', *, *, #18, .F. ) ;
#6771 = AXIS2_PLACEMENT_3D ( 'NONE', #820, #1287, #4385 ) ;
#6772 = CARTESIAN_POINT ( 'NONE',  ( 1.112870960850000035, 0.09190928627916002125, 0.05968658839505000535 ) ) ;
#6773 = CARTESIAN_POINT ( 'NONE',  ( 1.356457843237999894, -0.05376119431681999905, -0.09009583869482007401 ) ) ;
#6774 = AXIS2_PLACEMENT_3D ( 'NONE', #1591, #4486, #6994 ) ;
#6775 = CARTESIAN_POINT ( 'NONE',  ( 0.7285187645193996753, 0.1671347944570999999, -0.1138396349152000081 ) ) ;
#6776 = CARTESIAN_POINT ( 'NONE',  ( 1.304173473394000249, -0.04477223039406000304, 0.09386689768137007617 ) ) ;
#6777 = FACE_OUTER_BOUND ( 'NONE', #1263, .T. ) ;
#6778 = CARTESIAN_POINT ( 'NONE',  ( 1.095238578438000099, 0.000000000000000000, 0.1181102362205000006 ) ) ;
#6779 = CARTESIAN_POINT ( 'NONE',  ( 0.9787819354097994085, -0.09408090847152990321, 0.1755396842203999774 ) ) ;
#6780 = CONICAL_SURFACE ( 'NONE', #9851, 0.1397637795276000239, 0.2516899717581221885 ) ;
#6781 = VERTEX_POINT ( 'NONE', #9646 ) ;
#6782 = ORIENTED_EDGE ( 'NONE', *, *, #936, .T. ) ;
#6783 = ORIENTED_EDGE ( 'NONE', *, *, #6014, .T. ) ;
#6784 = CYLINDRICAL_SURFACE ( 'NONE', #6137, 0.1968503937008000138 ) ;
#6785 = CARTESIAN_POINT ( 'NONE',  ( 0.7077439968487008182, -0.01574803149606000124, -0.1948346165015999998 ) ) ;
#6786 = CARTESIAN_POINT ( 'NONE',  ( 1.197412340197000047, 0.1022864650138999992, 0.05905511811023995972 ) ) ;
#6787 = CARTESIAN_POINT ( 'NONE',  ( 0.6102362204723996708, 0.5314960629921000601, -0.3740157480314960647 ) ) ;
#6788 = AXIS2_PLACEMENT_3D ( 'NONE', #8436, #5509, #9250 ) ;
#6789 = CARTESIAN_POINT ( 'NONE',  ( 1.213882490573999995, 0.04979507988139000169, -0.09171112839325000488 ) ) ;
#6790 = CARTESIAN_POINT ( 'NONE',  ( 1.252787900660329967, 0.1034660987967132018, 0.01362157032221514817 ) ) ;
#6791 = CARTESIAN_POINT ( 'NONE',  ( 0.7362204724408996093, -0.004479637489867000118, 0.1574175246887000168 ) ) ;
#6792 = VERTEX_POINT ( 'NONE', #5090 ) ;
#6793 = CIRCLE ( 'NONE', #6146, 0.08267716535433068670 ) ;
#6794 = ADVANCED_FACE ( 'NONE', ( #3478 ), #4838, .F. ) ;
#6795 = CARTESIAN_POINT ( 'NONE',  ( 1.172272365068999900, 0.07569823074892008397, -0.07183493912152008609 ) ) ;
#6796 = CARTESIAN_POINT ( 'NONE',  ( 1.066178744397000111, 0.000000000000000000, -0.1181102362205000006 ) ) ;
#6797 = DIRECTION ( 'NONE',  ( 0.9684929325968657521, 0.2490410398105559475, 0.000000000000000000 ) ) ;
#6798 = AXIS2_PLACEMENT_3D ( 'NONE', #5478, #976, #4068 ) ;
#6799 = DIRECTION ( 'NONE',  ( 0.000000000000000000, 0.000000000000000000, 1.000000000000000000 ) ) ;
#6800 = DIRECTION ( 'NONE',  ( 0.000000000000000000, -0.9233019039983419995, 0.3840749849613175337 ) ) ;
#6801 = CARTESIAN_POINT ( 'NONE',  ( 1.257933767798000035, -0.03844809805249000539, -0.1085740795173000123 ) ) ;
#6802 = VERTEX_POINT ( 'NONE', #3755 ) ;
#6803 = ORIENTED_EDGE ( 'NONE', *, *, #2891, .T. ) ;
#6804 = DIRECTION ( 'NONE',  ( 1.000000000000000000, 0.000000000000000000, 0.000000000000000000 ) ) ;
#6805 = EDGE_CURVE ( 'NONE', #6420, #3842, #5636, .T. ) ;
#6806 = CARTESIAN_POINT ( 'NONE',  ( 0.7308438118074999101, 0.1826437317570000218, -0.08941447051563997106 ) ) ;
#6807 = CARTESIAN_POINT ( 'NONE',  ( 1.332214340986999979, 0.08332769790562992440, 0.07207895338322008183 ) ) ;
#6808 = CARTESIAN_POINT ( 'NONE',  ( 1.141482497262488849, 0.03613845512129798543, 0.09781447217794317361 ) ) ;
#6809 = CARTESIAN_POINT ( 'NONE',  ( 1.168466057223999988, 0.1110198245320000027, 0.02455625467835000422 ) ) ;
#6810 = CARTESIAN_POINT ( 'NONE',  ( 0.8464566929133995332, 0.000000000000000000, 0.000000000000000000 ) ) ;
#6811 = CARTESIAN_POINT ( 'NONE',  ( 0.5787401574803000548, -0.1126864528502000001, 0.04687529344016000410 ) ) ;
#6812 = CARTESIAN_POINT ( 'NONE',  ( 1.233188486283000040, -0.1020770065874999910, -0.02169713754582000206 ) ) ;
#6813 = DIRECTION ( 'NONE',  ( 0.000000000000000000, 0.8782547285461282938, 0.4781930904837151664 ) ) ;
#6814 = CARTESIAN_POINT ( 'NONE',  ( 0.7362204724408996093, -0.003937007874016000379, -0.1574310946703000036 ) ) ;
#6815 = DIRECTION ( 'NONE',  ( 1.000000000000000000, 0.000000000000000000, 0.000000000000000000 ) ) ;
#6816 = ORIENTED_EDGE ( 'NONE', *, *, #1626, .F. ) ;
#6817 = ORIENTED_EDGE ( 'NONE', *, *, #4119, .F. ) ;
#6818 = CARTESIAN_POINT ( 'NONE',  ( 1.161919517280999958, -0.05726023065597000972, 0.09344020400132992121 ) ) ;
#6819 = EDGE_CURVE ( 'NONE', #5973, #4536, #5752, .T. ) ;
#6820 = B_SPLINE_CURVE_WITH_KNOTS ( 'NONE', 3,
 ( #6055, #3079, #5306, #1563, #7631, #1612 ),
 .UNSPECIFIED., .F., .F.,
 ( 4, 1, 1, 4 ),
 ( 0.000000000000000000, 0.3333333333333000081, 0.6666666666667000474, 1.000000000000000000 ),
 .UNSPECIFIED. ) ;
#6821 = VECTOR ( 'NONE', #613, 39.37007874015748143 ) ;
#6822 = CARTESIAN_POINT ( 'NONE',  ( 0.7362204724408996093, 0.000000000000000000, 0.000000000000000000 ) ) ;
#6823 = CARTESIAN_POINT ( 'NONE',  ( 1.105101172559000089, -0.06145060553721003876, 0.09063539334931003388 ) ) ;
#6824 = CARTESIAN_POINT ( 'NONE',  ( 1.310571111188999938, -0.1014506417467999910, 0.01066289211801000128 ) ) ;
#6825 = DIRECTION ( 'NONE',  ( -1.000000000000000000, 0.000000000000000000, 0.000000000000000000 ) ) ;
#6826 = CARTESIAN_POINT ( 'NONE',  ( 0.5787401574803000548, 0.1126864528502000001, 0.04687529344016000410 ) ) ;
#6827 = DIRECTION ( 'NONE',  ( 0.000000000000000000, -1.000000000000000000, 0.000000000000000000 ) ) ;
#6828 = ORIENTED_EDGE ( 'NONE', *, *, #3420, .T. ) ;
#6829 = ORIENTED_EDGE ( 'NONE', *, *, #3351, .F. ) ;
#6830 = ORIENTED_EDGE ( 'NONE', *, *, #2196, .F. ) ;
#6831 = B_SPLINE_CURVE_WITH_KNOTS ( 'NONE', 3,
 ( #2230, #7028, #1578, #3799, #8499, #3040, #3092, #1473, #6981, #6119, #4721 ),
 .UNSPECIFIED., .F., .F.,
 ( 4, 1, 1, 1, 1, 1, 1, 1, 4 ),
 ( 0.000000000000000000, 0.1250000000000000000, 0.2500000000000000000, 0.3750000000000000000, 0.5000000000000000000, 0.6250000000000000000, 0.7500000000000000000, 0.8750000000000000000, 1.000000000000000000 ),
 .UNSPECIFIED. ) ;
#6832 = LINE ( 'NONE', #2996, #1781 ) ;
#6833 = CARTESIAN_POINT ( 'NONE',  ( 1.389265788796000045, 0.1107495412993999978, 0.02233102466762000235 ) ) ;
#6834 = CARTESIAN_POINT ( 'NONE',  ( 1.357393107763165796, 0.1013364170215370064, -0.06508417015817524742 ) ) ;
#6835 = CARTESIAN_POINT ( 'NONE',  ( 1.247445148595749176, -0.07258425826477071796, 0.09444883965335035270 ) ) ;
#6836 = AXIS2_PLACEMENT_3D ( 'NONE', #8564, #9980, #3209 ) ;
#6837 = CARTESIAN_POINT ( 'NONE',  ( 1.294975777141999851, 0.1043217069378999939, -0.002731760046629999519 ) ) ;
#6838 = CARTESIAN_POINT ( 'NONE',  ( 1.222932257615392038, -0.008187905214245862900, 0.1040372000125746460 ) ) ;
#6839 = CARTESIAN_POINT ( 'NONE',  ( 0.7277939874142007604, -0.01529630117143999934, 0.1545587265787999875 ) ) ;
#6840 = ORIENTED_EDGE ( 'NONE', *, *, #6617, .F. ) ;
#6841 = ORIENTED_EDGE ( 'NONE', *, *, #4396, .F. ) ;
#6842 = EDGE_CURVE ( 'NONE', #4323, #5114, #7609, .T. ) ;
#6843 = CARTESIAN_POINT ( 'NONE',  ( 1.093368165593999963, 0.07379187303341003257, -0.07379187303341003257 ) ) ;
#6844 = CARTESIAN_POINT ( 'NONE',  ( 0.5790964132382000473, 0.1372969933036999879, -0.06108419559587992265 ) ) ;
#6845 = DIRECTION ( 'NONE',  ( 1.000000000000000000, 0.000000000000000000, 0.000000000000000000 ) ) ;
#6846 = CARTESIAN_POINT ( 'NONE',  ( 0.7280600717204999128, 0.01516969372517000189, 0.2015020754713999773 ) ) ;
#6847 = DIRECTION ( 'NONE',  ( 0.000000000000000000, 3.282220016608999807E-10, -1.000000000000000000 ) ) ;
#6848 = VECTOR ( 'NONE', #3650, 39.37007874015748143 ) ;
#6849 = VECTOR ( 'NONE', #2831, 39.37007874015748143 ) ;
#6850 = CARTESIAN_POINT ( 'NONE',  ( 1.308080934603999879, 0.1042255791111000029, 0.03386494354522000261 ) ) ;
#6851 = ORIENTED_EDGE ( 'NONE', *, *, #4193, .F. ) ;
#6852 = ORIENTED_EDGE ( 'NONE', *, *, #838, .T. ) ;
#6853 = LINE ( 'NONE', #9803, #7912 ) ;
#6854 = AXIS2_PLACEMENT_3D ( 'NONE', #4972, #8046, #5121 ) ;
#6855 = DIRECTION ( 'NONE',  ( 0.000000000000000000, -0.9996621625387626109, -0.02599155224922904475 ) ) ;
#6856 = ORIENTED_EDGE ( 'NONE', *, *, #6252, .F. ) ;
#6857 = CARTESIAN_POINT ( 'NONE',  ( 1.373180548336000006, 0.06247595320421004544, 0.09075034208319998630 ) ) ;
#6858 = CARTESIAN_POINT ( 'NONE',  ( 1.120595467626427144, -0.05412436963884940944, -0.08913030639014286882 ) ) ;
#6859 = CARTESIAN_POINT ( 'NONE',  ( 1.269083477747000144, -0.05762745735007999970, -0.1061365731834999909 ) ) ;
#6860 = CARTESIAN_POINT ( 'NONE',  ( 1.096526513425749583, -0.1181102362204999867, -0.01546059376767004723 ) ) ;
#6861 = CARTESIAN_POINT ( 'NONE',  ( 1.050603734286573721, 0.08846107866470122316, 0.07923578651031117082 ) ) ;
#6862 = CARTESIAN_POINT ( 'NONE',  ( 0.6102362204723996708, 0.3740157480314960647, 0.3740157480314960647 ) ) ;
#6863 = CARTESIAN_POINT ( 'NONE',  ( 0.7244094488188976833, 0.1655628205247000329, -0.1137719994447000116 ) ) ;
#6864 = AXIS2_PLACEMENT_3D ( 'NONE', #5799, #5191, #5897 ) ;
#6865 = DIRECTION ( 'NONE',  ( 0.000000000000000000, 0.01363511712384990471, -0.9999070374694933871 ) ) ;
#6866 = CARTESIAN_POINT ( 'NONE',  ( 0.7244094488188976833, -0.01574803149606000124, -0.2002676082188999951 ) ) ;
#6867 = EDGE_CURVE ( 'NONE', #3215, #7534, #2769, .T. ) ;
#6868 = EDGE_LOOP ( 'NONE', ( #641, #969, #2231, #2094 ) ) ;
#6869 = EDGE_CURVE ( 'NONE', #2859, #9010, #150, .T. ) ;
#6870 = ORIENTED_EDGE ( 'NONE', *, *, #1112, .T. ) ;
#6871 = CARTESIAN_POINT ( 'NONE',  ( 1.132063874236000078, -0.09630891637528994631, -0.05229147507196999639 ) ) ;
#6872 = AXIS2_PLACEMENT_3D ( 'NONE', #919, #5416, #10 ) ;
#6873 = CARTESIAN_POINT ( 'NONE',  ( 0.5810295054656000602, -0.1242893878148000064, 0.08994277195919998802 ) ) ;
#6874 = CARTESIAN_POINT ( 'NONE',  ( 1.143708750343999991, -0.09554778928823996764, 0.06415901829016004698 ) ) ;
#6875 = CARTESIAN_POINT ( 'NONE',  ( 1.216739090191999884, 0.08413602592137991998, 0.06112840096925000605 ) ) ;
#6876 = CARTESIAN_POINT ( 'NONE',  ( 0.8661417272439999593, -7.089001153372007411E-08, 2.654845646351999710E-08 ) ) ;
#6877 = DIRECTION ( 'NONE',  ( 0.000000000000000000, 0.01063642140571950147, -0.9999434316698520009 ) ) ;
#6878 = CARTESIAN_POINT ( 'NONE',  ( -0.07874015748031004680, 0.000000000000000000, 0.000000000000000000 ) ) ;
#6879 = ORIENTED_EDGE ( 'NONE', *, *, #4845, .F. ) ;
#6880 = EDGE_LOOP ( 'NONE', ( #4687, #181 ) ) ;
#6881 = EDGE_CURVE ( 'NONE', #1276, #2859, #375, .T. ) ;
#6882 = AXIS2_PLACEMENT_3D ( 'NONE', #4883, #1073, #4117 ) ;
#6883 = VERTEX_POINT ( 'NONE', #722 ) ;
#6884 = DIRECTION ( 'NONE',  ( -1.000000000000000000, 6.940083470419000901E-13, 0.000000000000000000 ) ) ;
#6885 = CARTESIAN_POINT ( 'NONE',  ( 1.240938075162000054, -0.09266276053095000298, 0.04721403471093000431 ) ) ;
#6886 = CARTESIAN_POINT ( 'NONE',  ( 1.338617822916000177, -0.003460692840919999888, -0.1149119914946000187 ) ) ;
#6887 = CIRCLE ( 'NONE', #6864, 0.1574803149606000263 ) ;
#6888 = FACE_OUTER_BOUND ( 'NONE', #8969, .T. ) ;
#6889 = CARTESIAN_POINT ( 'NONE',  ( 1.251546198464499993, -0.1150361429136074615, 0.03091510445189059667 ) ) ;
#6890 = CARTESIAN_POINT ( 'NONE',  ( 1.211749944641999921, 0.01632510462271000162, -0.1030726540387999907 ) ) ;
#6891 = CARTESIAN_POINT ( 'NONE',  ( 1.250655354728392066, 0.1020784112543255406, -0.02169743611696025795 ) ) ;
#6892 = FACE_OUTER_BOUND ( 'NONE', #593, .T. ) ;
#6893 = EDGE_CURVE ( 'NONE', #5115, #9666, #8835, .T. ) ;
#6894 = ORIENTED_EDGE ( 'NONE', *, *, #4193, .T. ) ;
#6895 = VECTOR ( 'NONE', #2417, 39.37007874015748143 ) ;
#6896 = CARTESIAN_POINT ( 'NONE',  ( 1.157401084708000072, -0.08110098451943996423, -0.06567428234383995700 ) ) ;
#6897 = EDGE_CURVE ( 'NONE', #6456, #8102, #6064, .T. ) ;
#6898 = FACE_OUTER_BOUND ( 'NONE', #5407, .T. ) ;
#6899 = CARTESIAN_POINT ( 'NONE',  ( 0.6115706219037008173, -0.09989048366269999424, -0.07585605807906004028 ) ) ;
#6900 = DIRECTION ( 'NONE',  ( -1.000000000000000000, 0.000000000000000000, 0.000000000000000000 ) ) ;
#6901 = CARTESIAN_POINT ( 'NONE',  ( 0.7361458126953996928, 0.1390666748327999969, -0.07386037632561004429 ) ) ;
#6902 = CARTESIAN_POINT ( 'NONE',  ( 1.202487573573000068, -0.02688839342361000126, 0.1119982176498000026 ) ) ;
#6903 = VERTEX_POINT ( 'NONE', #977 ) ;
#6904 = EDGE_LOOP ( 'NONE', ( #9877, #200, #7435, #9433 ) ) ;
#6905 = DIRECTION ( 'NONE',  ( -0.9682773237093529328, 0.000000000000000000, -0.2498780190217879671 ) ) ;
#6906 = CARTESIAN_POINT ( 'NONE',  ( 1.000000080887000209, 0.09349880026292992086, -0.1732278469391000109 ) ) ;
#6907 = CARTESIAN_POINT ( 'NONE',  ( 1.358721886919000088, 0.02524315838037000104, -0.1072458097811000155 ) ) ;
#6908 = CARTESIAN_POINT ( 'NONE',  ( 1.128950279480488872, 0.07389964024406613097, -0.07356970896912345959 ) ) ;
#6909 = CARTESIAN_POINT ( 'NONE',  ( 1.273348569610999848, 0.02200896399188000119, -0.1187497432073000014 ) ) ;
#6910 = CARTESIAN_POINT ( 'NONE',  ( 1.341769295578000065, 0.000000000000000000, -0.1181102362205000006 ) ) ;
#6911 = CARTESIAN_POINT ( 'NONE',  ( 0.7244094488188976833, 0.1813108520207999952, 0.08649560877427991956 ) ) ;
#6912 = CARTESIAN_POINT ( 'NONE',  ( 1.320974930144603432, -0.09909925914935988067, 0.03040755579631192543 ) ) ;
#6913 = CARTESIAN_POINT ( 'NONE',  ( 1.290448552191499676, 0.03091510445189025666, 0.1150361429136075447 ) ) ;
#6914 = VECTOR ( 'NONE', #5798, 39.37007874015748854 ) ;
#6915 = CARTESIAN_POINT ( 'NONE',  ( 0.7256451598022993776, -0.01570488640450999965, 0.2006738519939000320 ) ) ;
#6916 = DIRECTION ( 'NONE',  ( 1.000000000000000000, 0.000000000000000000, 0.000000000000000000 ) ) ;
#6917 = ADVANCED_FACE ( 'NONE', ( #6888 ), #1741, .T. ) ;
#6918 = EDGE_LOOP ( 'NONE', ( #1060, #5573, #8907, #639 ) ) ;
#6919 = EDGE_LOOP ( 'NONE', ( #1747, #3043, #27, #8130 ) ) ;
#6920 = B_SPLINE_CURVE_WITH_KNOTS ( 'NONE', 3,
 ( #9185, #5339, #4541, #3823, #6899, #9990 ),
 .UNSPECIFIED., .F., .F.,
 ( 4, 1, 1, 4 ),
 ( 0.000000000000000000, 0.3333333333333000081, 0.6666666666667000474, 1.000000000000000000 ),
 .UNSPECIFIED. ) ;
#6921 = CARTESIAN_POINT ( 'NONE',  ( 1.074485134079000037, 0.08144069096343996284, 0.07332952746175000480 ) ) ;
#6922 = AXIS2_PLACEMENT_3D ( 'NONE', #4481, #4326, #2096 ) ;
#6923 = CYLINDRICAL_SURFACE ( 'NONE', #5461, 0.1122047244094000057 ) ;
#6924 = CARTESIAN_POINT ( 'NONE',  ( 1.138520419977999909, 0.03794971795114000096, 0.1027169428862999973 ) ) ;
#6925 = EDGE_CURVE ( 'NONE', #4774, #1870, #3491, .T. ) ;
#6926 = CARTESIAN_POINT ( 'NONE',  ( 1.244462187305000134, 0.03471519480617000358, -0.09803268593927992602 ) ) ;
#6927 = CARTESIAN_POINT ( 'NONE',  ( 1.112445059974999984, -0.09901643823272007761, 0.03153280514925999728 ) ) ;
#6928 = LINE ( 'NONE', #563, #6821 ) ;
#6929 = CARTESIAN_POINT ( 'NONE',  ( 0.5830288604789000129, -0.01574803149606000124, -0.1540665344259000147 ) ) ;
#6930 = DIRECTION ( 'NONE',  ( 0.000000000000000000, 0.000000000000000000, -1.000000000000000000 ) ) ;
#6931 = ORIENTED_EDGE ( 'NONE', *, *, #1312, .T. ) ;
#6932 = ORIENTED_EDGE ( 'NONE', *, *, #4585, .F. ) ;
#6933 = VERTEX_POINT ( 'NONE', #7856 ) ;
#6934 = CARTESIAN_POINT ( 'NONE',  ( 0.5787401574803000548, 0.01574803149606000124, 0.1210269775506999934 ) ) ;
#6935 = CARTESIAN_POINT ( 'NONE',  ( 0.6102362204723996708, 0.5314960629921000601, 0.3740157480314960647 ) ) ;
#6936 = CARTESIAN_POINT ( 'NONE',  ( 1.202552248391000056, -0.09890783045037992993, 0.03213710226366000428 ) ) ;
#6937 = EDGE_CURVE ( 'NONE', #9973, #3872, #6131, .T. ) ;
#6938 = CARTESIAN_POINT ( 'NONE',  ( 1.377110276985000104, -0.01946911166725000253, -0.1133035568758000017 ) ) ;
#6939 = TOROIDAL_SURFACE ( 'NONE', #8396, 0.2133049650658000174, 0.01181102362204999867 ) ;
#6940 = EDGE_CURVE ( 'NONE', #3285, #7203, #2393, .T. ) ;
#6941 = CARTESIAN_POINT ( 'NONE',  ( 1.294455409988388706, 0.01901763795381000363, -0.1026099921947999927 ) ) ;
#6942 = CARTESIAN_POINT ( 'NONE',  ( 1.263029138097000015, 0.000000000000000000, -0.1181102362205000006 ) ) ;
#6943 = CARTESIAN_POINT ( 'NONE',  ( 1.307771052732999983, -0.04492705090909000082, 0.09419148551886005749 ) ) ;
#6944 = CARTESIAN_POINT ( 'NONE',  ( 1.176509186351999858, 0.08864826967872008190, 0.05118110236220999726 ) ) ;
#6945 = DIRECTION ( 'NONE',  ( 0.000000000000000000, 0.8751064672747764783, -0.4839304401810867184 ) ) ;
#6946 = AXIS2_PLACEMENT_3D ( 'NONE', #5818, #4786, #9612 ) ;
#6947 = B_SPLINE_CURVE_WITH_KNOTS ( 'NONE', 3,
 ( #3380, #197, #6260, #8691, #1765, #6451, #4860, #9549, #2621, #3939, #5708, #7778, #7015, #100 ),
 .UNSPECIFIED., .F., .F.,
 ( 4, 1, 1, 1, 1, 1, 1, 1, 1, 1, 1, 4 ),
 ( 0.000000000000000000, 0.09090909090909000956, 0.1818181818182000031, 0.2727272727273000186, 0.3636363636364000063, 0.4545454545454999939, 0.5454545454545000061, 0.6363636363636000493, 0.7272727272726999814, 0.8181818181818000246, 0.9090909090908999568, 1.000000000000000000 ),
 .UNSPECIFIED. ) ;
#6948 = ORIENTED_EDGE ( 'NONE', *, *, #6486, .F. ) ;
#6949 = EDGE_LOOP ( 'NONE', ( #9863, #1513, #2461, #8115 ) ) ;
#6950 = CIRCLE ( 'NONE', #7433, 0.1023622047244000105 ) ;
#6951 = EDGE_CURVE ( 'NONE', #617, #4160, #2845, .T. ) ;
#6952 = CARTESIAN_POINT ( 'NONE',  ( 1.114693624911000214, -0.09037621804803996906, 0.05217873381838000063 ) ) ;
#6953 = B_SPLINE_CURVE_WITH_KNOTS ( 'NONE', 3,
 ( #5770, #2078, #5161, #5112, #8193, #8238, #1309, #4409, #7475, #553, #1926 ),
 .UNSPECIFIED., .F., .F.,
 ( 4, 1, 1, 1, 1, 1, 1, 1, 4 ),
 ( 0.000000000000000000, 0.1250000000000000000, 0.2500000000000000000, 0.3750000000000000000, 0.5000000000000000000, 0.6250000000000000000, 0.7500000000000000000, 0.8750000000000000000, 1.000000000000000000 ),
 .UNSPECIFIED. ) ;
#6954 = CARTESIAN_POINT ( 'NONE',  ( 0.4724409448819000268, -0.3543307086614000401, 0.3543307086614000401 ) ) ;
#6955 = LINE ( 'NONE', #4744, #2848 ) ;
#6956 = CARTESIAN_POINT ( 'NONE',  ( 0.7256451611656005163, 0.01570488628015000165, 0.2006738524481999908 ) ) ;
#6957 = CARTESIAN_POINT ( 'NONE',  ( 1.239839464786999912, -0.04457396741637999898, 0.1001147699759999954 ) ) ;
#6958 = ORIENTED_EDGE ( 'NONE', *, *, #4288, .T. ) ;
#6959 = VECTOR ( 'NONE', #9234, 39.37007874015748143 ) ;
#6960 = ORIENTED_EDGE ( 'NONE', *, *, #3667, .T. ) ;
#6961 = CARTESIAN_POINT ( 'NONE',  ( 0.9775928144086004634, -0.09401048560322008973, -0.1752593579672999946 ) ) ;
#6962 = CARTESIAN_POINT ( 'NONE',  ( 1.174291828677999971, -0.02169713751314000447, -0.1020770066113000085 ) ) ;
#6963 = CARTESIAN_POINT ( 'NONE',  ( 1.304100277120000095, -0.08739191634506003614, 0.06408976397328995656 ) ) ;
#6964 = CARTESIAN_POINT ( 'NONE',  ( 1.053756972788488788, 0.1018288780044942082, -0.02246196654673272494 ) ) ;
#6965 = CARTESIAN_POINT ( 'NONE',  ( 1.247758018430000115, 0.08313401587962007677, 0.08760497366872992131 ) ) ;
#6966 = CARTESIAN_POINT ( 'NONE',  ( 1.099807353320749970, -0.09444883965335029719, -0.07258425826477082898 ) ) ;
#6967 = CARTESIAN_POINT ( 'NONE',  ( 1.052577521309820296, 0.05956008780012980036, 0.1027423279536050227 ) ) ;
#6968 = DIRECTION ( 'NONE',  ( -1.000000000000000000, 0.000000000000000000, 0.000000000000000000 ) ) ;
#6969 = DIRECTION ( 'NONE',  ( 0.000000000000000000, 0.4888994268052179737, 0.8723401575472318203 ) ) ;
#6970 = CARTESIAN_POINT ( 'NONE',  ( 0.6104330708661004357, -0.3543307086614000401, 0.3543307086614000401 ) ) ;
#6971 = CARTESIAN_POINT ( 'NONE',  ( 0.7355155426311004163, -0.008135914004937992022, -0.2089510746537000252 ) ) ;
#6972 = ORIENTED_EDGE ( 'NONE', *, *, #7813, .F. ) ;
#6973 = ORIENTED_EDGE ( 'NONE', *, *, #2617, .F. ) ;
#6974 = CARTESIAN_POINT ( 'NONE',  ( 1.138461512031999856, -0.005735458675758000474, -0.1094390709590000038 ) ) ;
#6975 = DIRECTION ( 'NONE',  ( -1.000000000000000000, 0.000000000000000000, 0.000000000000000000 ) ) ;
#6976 = CARTESIAN_POINT ( 'NONE',  ( 1.123899499232000165, 0.04805300314576000514, -0.09839644473836003935 ) ) ;
#6977 = CARTESIAN_POINT ( 'NONE',  ( 1.195413630874000210, -0.09709035472660000610, -0.03726949532538000043 ) ) ;
#6978 = CARTESIAN_POINT ( 'NONE',  ( 1.056050079955999976, 0.1032150039992000001, 0.01205136508423999830 ) ) ;
#6979 = CARTESIAN_POINT ( 'NONE',  ( 0.5787401574803000548, 0.1194158702739000072, 0.08712904529506003415 ) ) ;
#6980 = CARTESIAN_POINT ( 'NONE',  ( 0.06692913385827008177, 0.000000000000000000, 0.2795275590551000167 ) ) ;
#6981 = CARTESIAN_POINT ( 'NONE',  ( 0.7294509068517992523, 0.1676584460181000102, 0.1137199572948999898 ) ) ;
#6982 = ORIENTED_EDGE ( 'NONE', *, *, #7004, .F. ) ;
#6983 = ORIENTED_EDGE ( 'NONE', *, *, #619, .F. ) ;
#6984 = ORIENTED_EDGE ( 'NONE', *, *, #7223, .F. ) ;
#6985 = CARTESIAN_POINT ( 'NONE',  ( 1.307742782152000016, -0.08864826967872008190, 0.05118110236220000525 ) ) ;
#6986 = CARTESIAN_POINT ( 'NONE',  ( 0.5841804246273000212, 0.000000000000000000, 0.000000000000000000 ) ) ;
#6987 = CARTESIAN_POINT ( 'NONE',  ( 1.270793718206999934, 0.04229973533675999986, 0.09500676109277993164 ) ) ;
#6988 = CARTESIAN_POINT ( 'NONE',  ( 1.334565985646000152, -0.07199783593833995743, -0.08962730284822008342 ) ) ;
#6989 = CARTESIAN_POINT ( 'NONE',  ( 0.6752388305532991408, -0.1674263170509000254, 0.07847936877186004190 ) ) ;
#6990 = CARTESIAN_POINT ( 'NONE',  ( 1.300853047783482763, 0.09742608914478996518, -0.03739837169384001292 ) ) ;
#6991 = DIRECTION ( 'NONE',  ( 0.000000000000000000, 0.000000000000000000, -1.000000000000000000 ) ) ;
#6992 = CARTESIAN_POINT ( 'NONE',  ( 1.235264491052999736, -0.1034646750344000027, 0.01362138288035000082 ) ) ;
#6993 = CARTESIAN_POINT ( 'NONE',  ( 1.242125171001329909, 0.000000000000000000, -0.1043589036846146734 ) ) ;
#6994 = DIRECTION ( 'NONE',  ( 0.000000000000000000, 1.000000000000000000, 0.000000000000000000 ) ) ;
#6995 = EDGE_LOOP ( 'NONE', ( #8577, #2273, #6501, #2015 ) ) ;
#6996 = EDGE_CURVE ( 'NONE', #7290, #9304, #3760, .T. ) ;
#6997 = CARTESIAN_POINT ( 'NONE',  ( 1.091235619662000111, 0.04492704785243999827, -0.09419151460094998818 ) ) ;
#6998 = CARTESIAN_POINT ( 'NONE',  ( 0.4921259842520000483, 0.000000000000000000, -0.3740157480314960647 ) ) ;
#6999 = FACE_OUTER_BOUND ( 'NONE', #911, .T. ) ;
#7000 = DIRECTION ( 'NONE',  ( 0.000000000000000000, 0.000000000000000000, -1.000000000000000000 ) ) ;
#7001 = CARTESIAN_POINT ( 'NONE',  ( 1.217415395094999964, -0.05759033553228999625, -0.09974938716658995896 ) ) ;
#7002 = EDGE_LOOP ( 'NONE', ( #9239, #1076, #8501, #8103 ) ) ;
#7003 = CIRCLE ( 'NONE', #2490, 0.1478229366752999985 ) ;
#7004 = EDGE_CURVE ( 'NONE', #6136, #2948, #9134, .T. ) ;
#7005 = ORIENTED_EDGE ( 'NONE', *, *, #6191, .F. ) ;
#7006 = LINE ( 'NONE', #992, #9197 ) ;
#7007 = CARTESIAN_POINT ( 'NONE',  ( 0.6383554654468995837, -0.1216494498272999991, -0.05205008215762999685 ) ) ;
#7008 = CIRCLE ( 'NONE', #391, 0.2755905511811023723 ) ;
#7009 = CARTESIAN_POINT ( 'NONE',  ( 1.341096744012999942, -0.1013134592841000159, 0.05607809013737000137 ) ) ;
#7010 = CARTESIAN_POINT ( 'NONE',  ( 1.327358001010249922, 0.07258425826477025999, 0.09444883965335074127 ) ) ;
#7011 = CARTESIAN_POINT ( 'NONE',  ( 0.7358047547447992276, -0.1397424031248000187, 0.07238302229538996768 ) ) ;
#7012 = CARTESIAN_POINT ( 'NONE',  ( 0.6104330708661004357, 0.2716535433071000094, 0.3543307086614000401 ) ) ;
#7013 = DIRECTION ( 'NONE',  ( 0.000000000000000000, 1.000000000000000000, 0.000000000000000000 ) ) ;
#7014 = CARTESIAN_POINT ( 'NONE',  ( 1.342168630802238027, 0.1047521445240000154, -0.005874894136676999876 ) ) ;
#7015 = CARTESIAN_POINT ( 'NONE',  ( 0.7362204724408996093, 0.004479637489867000118, -0.1574175246887000168 ) ) ;
#7016 = CARTESIAN_POINT ( 'NONE',  ( 0.7244094488188976833, -0.1813108520207999952, -0.08649560877427991956 ) ) ;
#7017 = DIRECTION ( 'NONE',  ( 0.000000000000000000, 0.000000000000000000, 1.000000000000000000 ) ) ;
#7018 = EDGE_LOOP ( 'NONE', ( #9802, #5890, #8761, #6972, #211, #8486, #2506, #7302, #4017, #2982 ) ) ;
#7019 = ORIENTED_EDGE ( 'NONE', *, *, #3335, .F. ) ;
#7020 = CIRCLE ( 'NONE', #2184, 0.03149606299213000143 ) ;
#7021 = CARTESIAN_POINT ( 'NONE',  ( 1.190741224769000128, 0.05995965632541003926, 0.08252738692396004161 ) ) ;
#7022 = CARTESIAN_POINT ( 'NONE',  ( 1.308262305179999752, -0.09759908877285000672, 0.03849525599911000212 ) ) ;
#7023 = CARTESIAN_POINT ( 'NONE',  ( 1.158329671089999957, 0.01961495362388000069, -0.1134064073816999918 ) ) ;
#7024 = CARTESIAN_POINT ( 'NONE',  ( 1.277548986655999919, -0.01714353714179999918, -0.1082400335958999954 ) ) ;
#7025 = CARTESIAN_POINT ( 'NONE',  ( 1.079025812555999941, -0.08326346551735000490, -0.06217530177583996398 ) ) ;
#7026 = CARTESIAN_POINT ( 'NONE',  ( 0.7355155807016005021, -0.008135814401646004543, 0.2089511782468999879 ) ) ;
#7027 = CARTESIAN_POINT ( 'NONE',  ( 0.5819715539376000280, -0.01574803149606000124, -0.1534166351743000145 ) ) ;
#7028 = CARTESIAN_POINT ( 'NONE',  ( 0.7362204724408996093, 0.1817265592456999979, 0.1103021996917999958 ) ) ;
#7029 = VECTOR ( 'NONE', #2253, 39.37007874015748143 ) ;
#7030 = EDGE_CURVE ( 'NONE', #7479, #5878, #8490, .T. ) ;
#7031 = ORIENTED_EDGE ( 'NONE', *, *, #6753, .T. ) ;
#7032 = ORIENTED_EDGE ( 'NONE', *, *, #7068, .F. ) ;
#7033 = EDGE_LOOP ( 'NONE', ( #1630, #5322, #149, #9276 ) ) ;
#7034 = AXIS2_PLACEMENT_3D ( 'NONE', #3197, #6168, #114 ) ;
#7035 = AXIS2_PLACEMENT_3D ( 'NONE', #8363, #9936, #3010 ) ;
#7036 = AXIS2_PLACEMENT_3D ( 'NONE', #6189, #3766, #9392 ) ;
#7037 = CARTESIAN_POINT ( 'NONE',  ( 1.076553005192000034, 0.1206065695515999986, 0.006320722181169999981 ) ) ;
#7038 = AXIS2_PLACEMENT_3D ( 'NONE', #5203, #1354, #649 ) ;
#7039 = CARTESIAN_POINT ( 'NONE',  ( 1.206787134867999711, 0.1032031167347787076, 0.05948255673673468608 ) ) ;
#7040 = CARTESIAN_POINT ( 'NONE',  ( 0.7362204724408996093, -0.1817265592456999979, -0.1103021996917999958 ) ) ;
#7041 = CARTESIAN_POINT ( 'NONE',  ( 1.386099307307000039, 0.1053732373574000070, 0.02124697163641999648 ) ) ;
#7042 = DIRECTION ( 'NONE',  ( 0.000000000000000000, 0.000000000000000000, -1.000000000000000000 ) ) ;
#7043 = CARTESIAN_POINT ( 'NONE',  ( 1.285925226260483001, -0.09641372841431006258, -0.03993587390816000920 ) ) ;
#7044 = FACE_OUTER_BOUND ( 'NONE', #8922, .T. ) ;
#7045 = CARTESIAN_POINT ( 'NONE',  ( 1.177685750895999917, 0.1018014538566000132, 0.01069976395653000033 ) ) ;
#7046 = AXIS2_PLACEMENT_3D ( 'NONE', #5255, #9957, #366 ) ;
#7047 = CARTESIAN_POINT ( 'NONE',  ( 1.272403932768999990, 0.000000000000000000, -0.1181102362205000006 ) ) ;
#7048 = DIRECTION ( 'NONE',  ( 2.346529024623906194E-07, -0.9999999999999595879, 1.610127770758935952E-07 ) ) ;
#7049 = DIRECTION ( 'NONE',  ( 0.000000000000000000, 0.000000000000000000, -1.000000000000000000 ) ) ;
#7050 = ORIENTED_EDGE ( 'NONE', *, *, #2493, .T. ) ;
#7051 = ORIENTED_EDGE ( 'NONE', *, *, #2791, .T. ) ;
#7052 = AXIS2_PLACEMENT_3D ( 'NONE', #4997, #444, #2571 ) ;
#7053 = CARTESIAN_POINT ( 'NONE',  ( 1.080572890003000053, -0.09924984962000001076, -0.03224823098968999935 ) ) ;
#7054 = DIRECTION ( 'NONE',  ( 1.000000000000000000, 0.000000000000000000, 0.000000000000000000 ) ) ;
#7055 = EDGE_CURVE ( 'NONE', #7683, #1417, #1790, .T. ) ;
#7056 = CARTESIAN_POINT ( 'NONE',  ( 1.231393434081416549, -0.03091510445189049605, -0.1150361429136075170 ) ) ;
#7057 = ADVANCED_FACE ( 'NONE', ( #6426 ), #4213, .F. ) ;
#7058 = CARTESIAN_POINT ( 'NONE',  ( 0.6092519685038996213, 0.000000000000000000, 0.000000000000000000 ) ) ;
#7059 = CARTESIAN_POINT ( 'NONE',  ( 1.222779097332999942, 0.08144069092468997351, -0.07332952747900001178 ) ) ;
#7060 = ORIENTED_EDGE ( 'NONE', *, *, #9172, .T. ) ;
#7061 = EDGE_LOOP ( 'NONE', ( #6769, #5000, #1732, #6298 ) ) ;
#7062 = CARTESIAN_POINT ( 'NONE',  ( 1.066530203197906035, -0.1181088301189088530, -0.01545965275910980187 ) ) ;
#7063 = CARTESIAN_POINT ( 'NONE',  ( 0.000000000000000000, 0.000000000000000000, 0.1023622047244000105 ) ) ;
#7064 = CARTESIAN_POINT ( 'NONE',  ( 1.307359867372000162, -0.1069484936407999881, -0.04439793119009000089 ) ) ;
#7065 = CARTESIAN_POINT ( 'NONE',  ( 0.7309193402662992334, -0.1415907487330000103, -0.06576433232306003185 ) ) ;
#7066 = EDGE_CURVE ( 'NONE', #8226, #9893, #7234, .T. ) ;
#7067 = CARTESIAN_POINT ( 'NONE',  ( 0.7280600717204999128, -0.1820907631361000090, -0.08761369760209999913 ) ) ;
#7068 = EDGE_CURVE ( 'NONE', #5220, #6456, #4881, .T. ) ;
#7069 = CARTESIAN_POINT ( 'NONE',  ( 0.7334669091272008057, -0.1296093356958999965, -0.08820169963082007125 ) ) ;
#7070 = CARTESIAN_POINT ( 'NONE',  ( 1.007957085891739268, -0.09147181321226251216, 0.1652695406893275043 ) ) ;
#7071 = FACE_OUTER_BOUND ( 'NONE', #5612, .T. ) ;
#7072 = CARTESIAN_POINT ( 'NONE',  ( 0.7280600717204999128, -0.1820907631361000090, 0.08761369760209999913 ) ) ;
#7073 = CARTESIAN_POINT ( 'NONE',  ( 0.5841804246273000212, -0.01574803149606000124, 0.1545109335357000291 ) ) ;
#7074 = ORIENTED_EDGE ( 'NONE', *, *, #8608, .F. ) ;
#7075 = ORIENTED_EDGE ( 'NONE', *, *, #4696, .F. ) ;
#7076 = ORIENTED_EDGE ( 'NONE', *, *, #991, .T. ) ;
#7077 = CARTESIAN_POINT ( 'NONE',  ( 1.099041749703000059, 0.04477222734793999404, -0.09386692666325001377 ) ) ;
#7078 = AXIS2_PLACEMENT_3D ( 'NONE', #1921, #4195, #6507 ) ;
#7079 = DIRECTION ( 'NONE',  ( 0.000000000000000000, -0.8260463536101315674, 0.5636021838916217552 ) ) ;
#7080 = CARTESIAN_POINT ( 'NONE',  ( 1.053894522905999942, 0.08158267535646004931, 0.08117897956101004231 ) ) ;
#7081 = CARTESIAN_POINT ( 'NONE',  ( 1.254090981406999816, 0.07543626803787008284, 0.07949323998367992250 ) ) ;
#7082 = CARTESIAN_POINT ( 'NONE',  ( 1.064404891809999976, 0.01256321977487999918, 0.1031539545993000045 ) ) ;
#7083 = DIRECTION ( 'NONE',  ( 0.000000000000000000, 1.000000000000000000, 0.000000000000000000 ) ) ;
#7084 = CARTESIAN_POINT ( 'NONE',  ( 0.5787401574803000548, -0.09693842135412991667, 0.07415168411053996156 ) ) ;
#7085 =( LENGTH_UNIT ( ) NAMED_UNIT ( * ) SI_UNIT ( $, .METRE. ) );
#7086 = ORIENTED_EDGE ( 'NONE', *, *, #7613, .F. ) ;
#7087 = ORIENTED_EDGE ( 'NONE', *, *, #2607, .T. ) ;
#7088 = ORIENTED_EDGE ( 'NONE', *, *, #6138, .T. ) ;
#7089 = CARTESIAN_POINT ( 'NONE',  ( 1.104276102305000062, -0.02819368283599999955, -0.1174351406348000115 ) ) ;
#7090 = DIRECTION ( 'NONE',  ( -1.000000000000000000, -2.768603955950000258E-10, 2.721806269998000459E-10 ) ) ;
#7091 = PLANE ( 'NONE',  #3961 ) ;
#7092 = CARTESIAN_POINT ( 'NONE',  ( 0.5841804246273000212, -0.1259363778563000191, -0.09089366210302991800 ) ) ;
#7093 = DIRECTION ( 'NONE',  ( 0.000000000000000000, 0.000000000000000000, 1.000000000000000000 ) ) ;
#7094 = CARTESIAN_POINT ( 'NONE',  ( 1.249671945421479746, -0.06567428234212994986, -0.08110098452177991191 ) ) ;
#7095 = DIRECTION ( 'NONE',  ( 0.000000000000000000, -1.000000000000000000, 0.000000000000000000 ) ) ;
#7096 = CARTESIAN_POINT ( 'NONE',  ( 1.220336669531000062, 0.08442696480807007631, 0.06133978044347008357 ) ) ;
#7097 = AXIS2_PLACEMENT_3D ( 'NONE', #9947, #9241, #1555 ) ;
#7098 = CARTESIAN_POINT ( 'NONE',  ( 1.217097379566999704, -0.1032031167347788603, -0.05948255673673441546 ) ) ;
#7099 = FACE_OUTER_BOUND ( 'NONE', #3460, .T. ) ;
#7100 = CARTESIAN_POINT ( 'NONE',  ( -0.03507965042200000133, 1.893158239629000000E-14, -0.2750715554070999880 ) ) ;
#7101 = VERTEX_POINT ( 'NONE', #8918 ) ;
#7102 = B_SPLINE_CURVE_WITH_KNOTS ( 'NONE', 3,
 ( #1651, #3523, #4987, #8060, #2763, #5135 ),
 .UNSPECIFIED., .F., .F.,
 ( 4, 1, 1, 4 ),
 ( 0.000000000000000000, 0.3333333333333000081, 0.6666666666667000474, 1.000000000000000000 ),
 .UNSPECIFIED. ) ;
#7103 = CLOSED_SHELL ( 'NONE', ( #9356, #6374, #1933, #9635, #2343, #5783, #8491, #2002, #6299, #519, #8507, #1746, #1029, #7923, #1017, #7812, #2602, #2904, #2689, #2544, #9540, #3612, #7688, #1881, #5883, #6267, #8924, #1315, #6684, #330, #9170, #3036, #226, #8856, #3885, #1571, #5323, #2074, #1494, #1416, #1642, #2454, #450, #5313, #5828, #825, #1629, #9722, #5280, #2130, #8598, #6740, #3910, #191, #7418, #7139, #6495, #8231, #7374, #4527, #7432, #4145, #6584, #9784, #5268, #3418, #5460, #2305, #2062, #5222, #754, #8868, #8624, #3644, #4919, #6794, #6661, #2755, #4801, #1000, #320, #5904, #3551, #62, #9839, #2117, #4391, #5545, #5638, #3845, #2619, #9679, #102, #664, #3241, #3489, #2727, #3791, #3373, #3456, #9007, #5956, #8228, #6194, #1802, #1003, #8925, #6557, #2425, #9488, #5892, #1195, #4083, #5400, #7057, #5645, #885, #7669, #1681, #3658, #6917, #2000, #3719, #9043, #1868, #3668, #5027, #4639, #8106, #7795, #3430, #9733, #5535, #5747, #941, #2752, #8773, #2487, #3183, #8991, #5277, #3168, #7611, #1935, #3679, #1128, #387, #3773, #1896, #3774, #4542, #1499, #8729, #3109, #627, #546, #3266, #4964, #4233, #5697, #2149, #2377, #4716, #9667, #4106, #1440, #5942, #6126, #8846, #8116, #5715, #9218, #5258, #4416, #4220, #463, #1001, #9050, #2496, #827, #9922, #4092, #8350, #4411, #8359, #9282, #2320, #7446, #2361, #4933, #1855, #950, #952, #8349, #6327, #9552, #6433, #2437, #4726, #1914, #7883, #4170, #509, #894, #8703, #1958, #265, #939, #797, #6044, #1490, #3253, #3659, #1141 ) ) ;
#7104 = EDGE_CURVE ( 'NONE', #9020, #3958, #2525, .T. ) ;
#7105 = CARTESIAN_POINT ( 'NONE',  ( 1.055038879984000033, 0.1042144498681999987, 0.005461647631049000411 ) ) ;
#7106 = AXIS2_PLACEMENT_3D ( 'NONE', #8906, #4202, #353 ) ;
#7107 = CARTESIAN_POINT ( 'NONE',  ( 1.265007051775000058, 0.1034646750344000027, 0.01362138288035000082 ) ) ;
#7108 = FACE_BOUND ( 'NONE', #3163, .T. ) ;
#7109 = DIRECTION ( 'NONE',  ( 0.000000000000000000, 1.000000000000000000, 0.000000000000000000 ) ) ;
#7110 = VECTOR ( 'NONE', #9497, 39.37007874015748143 ) ;
#7111 = CARTESIAN_POINT ( 'NONE',  ( 1.189369211069000176, 0.1056303997698000152, 0.02336417851009000082 ) ) ;
#7112 = VERTEX_POINT ( 'NONE', #5732 ) ;
#7113 = EDGE_CURVE ( 'NONE', #7447, #1782, #1339, .T. ) ;
#7114 = EDGE_CURVE ( 'NONE', #6792, #2919, #1062, .T. ) ;
#7115 = CARTESIAN_POINT ( 'NONE',  ( 0.9841847292165000205, -0.09564333788652007451, -0.1818135286545999874 ) ) ;
#7116 = CARTESIAN_POINT ( 'NONE',  ( 1.067664532090000007, 0.1042144498681999987, 0.005461647631049000411 ) ) ;
#7117 = CARTESIAN_POINT ( 'NONE',  ( 1.328291154913000094, 0.05532139685539001067, 0.1080842288674999929 ) ) ;
#7118 = CARTESIAN_POINT ( 'NONE',  ( 1.315054851403999914, 0.05948255673673451260, -0.1032031167347788742 ) ) ;
#7119 = CARTESIAN_POINT ( 'NONE',  ( 0.4921259842520000483, -0.4370078740156999597, -0.3543307086614000401 ) ) ;
#7120 = DIRECTION ( 'NONE',  ( 0.000000000000000000, 1.000000000000000000, 0.000000000000000000 ) ) ;
#7121 = CARTESIAN_POINT ( 'NONE',  ( 0.7244094488188976833, -0.1251805779226000115, 0.09045730080782006521 ) ) ;
#7122 = CIRCLE ( 'NONE', #1467, 0.1220472440945000042 ) ;
#7123 = DIRECTION ( 'NONE',  ( 0.000000000000000000, 0.9997541118987406383, 0.02217466440694092211 ) ) ;
#7124 = CARTESIAN_POINT ( 'NONE',  ( 1.224846968447000028, 0.01889291618010999901, -0.1192851781487999918 ) ) ;
#7125 = ORIENTED_EDGE ( 'NONE', *, *, #3474, .T. ) ;
#7126 = EDGE_CURVE ( 'NONE', #6624, #3215, #9626, .T. ) ;
#7127 = CARTESIAN_POINT ( 'NONE',  ( 1.137427576475000146, 0.02953698447650000142, -0.09971518846662992541 ) ) ;
#7128 = CARTESIAN_POINT ( 'NONE',  ( 0.7280600717204999128, -0.1820907631361000090, -0.08761369760209999913 ) ) ;
#7129 = CARTESIAN_POINT ( 'NONE',  ( 1.051805819942000175, 0.1036538904351000101, 0.05001630514704000219 ) ) ;
#7130 = CARTESIAN_POINT ( 'NONE',  ( 1.192247149386000071, -0.1023103873717999962, -0.03927327811942000341 ) ) ;
#7131 = CARTESIAN_POINT ( 'NONE',  ( 1.062316188847000076, 0.04562395446842999747, 0.09336502355262991937 ) ) ;
#7132 = CARTESIAN_POINT ( 'NONE',  ( 0.5837862971707000748, 0.1258248727427999925, 0.09082928459569999946 ) ) ;
#7133 = CARTESIAN_POINT ( 'NONE',  ( 1.186515767638985253, 0.1010504519525768502, 0.02430198098792780981 ) ) ;
#7134 = DIRECTION ( 'NONE',  ( 0.000000000000000000, -1.000000000000000000, 0.000000000000000000 ) ) ;
#7135 = CIRCLE ( 'NONE', #8757, 0.08267716535433068670 ) ;
#7136 = CONICAL_SURFACE ( 'NONE', #8416, 0.1786918365619999949, 0.3142318990842197790 ) ;
#7137 = VERTEX_POINT ( 'NONE', #9726 ) ;
#7138 = ORIENTED_EDGE ( 'NONE', *, *, #4052, .F. ) ;
#7139 = ADVANCED_FACE ( 'NONE', ( #4472 ), #6019, .T. ) ;
#7140 = CARTESIAN_POINT ( 'NONE',  ( 1.181047755848000147, -0.06310323998263996093, -0.1029751286050999970 ) ) ;
#7141 = CARTESIAN_POINT ( 'NONE',  ( 1.197764825156750090, 0.07258425826477091225, -0.09444883965335025555 ) ) ;
#7142 = CARTESIAN_POINT ( 'NONE',  ( 1.359444387733000026, -0.09179331871126004960, 0.05080858986628999929 ) ) ;
#7143 = CARTESIAN_POINT ( 'NONE',  ( 1.344440371750000196, 0.09789362284907993095, 0.03452180520622000204 ) ) ;
#7144 = CARTESIAN_POINT ( 'NONE',  ( 0.7077880313856003136, -0.1766181753184000169, 0.08378629061696003799 ) ) ;
#7145 = CARTESIAN_POINT ( 'NONE',  ( 0.5787401574803000548, 0.01574803149606000124, -0.1210269775506999934 ) ) ;
#7146 = CARTESIAN_POINT ( 'NONE',  ( 0.7362204724408996093, -0.1796511701107999792, 0.1219059118706000144 ) ) ;
#7147 = CARTESIAN_POINT ( 'NONE',  ( 1.224601761394000121, 0.02700970012306000076, 0.1008015731564999989 ) ) ;
#7148 = CARTESIAN_POINT ( 'NONE',  ( 0.6104330708661004357, 0.5314960629921000601, -0.3740157480314960647 ) ) ;
#7149 = PLANE ( 'NONE',  #7918 ) ;
#7150 = VERTEX_POINT ( 'NONE', #1219 ) ;
#7151 = AXIS2_PLACEMENT_3D ( 'NONE', #2658, #4890, #7109 ) ;
#7152 = CARTESIAN_POINT ( 'NONE',  ( 1.108352528278000237, -0.06777475368537008715, 0.07935404094590001178 ) ) ;
#7153 = DIRECTION ( 'NONE',  ( 0.000000000000000000, -1.000000000000000000, 0.000000000000000000 ) ) ;
#7154 = CARTESIAN_POINT ( 'NONE',  ( 1.267130187965957999, 0.07258425826477089837, -0.09444883965335021392 ) ) ;
#7155 = DIRECTION ( 'NONE',  ( 0.000000000000000000, -1.000000000000000000, 0.000000000000000000 ) ) ;
#7156 = CARTESIAN_POINT ( 'NONE',  ( 1.272926264139000008, 0.008159577064293996665, 0.1036772567394999983 ) ) ;
#7157 = ORIENTED_EDGE ( 'NONE', *, *, #9295, .F. ) ;
#7158 = CARTESIAN_POINT ( 'NONE',  ( 0.7244094488188976833, 0.01574803149606000124, -0.2002676082188999951 ) ) ;
#7159 = CARTESIAN_POINT ( 'NONE',  ( 1.165818186112000054, -0.08110098451943996423, -0.06567428234383995700 ) ) ;
#7160 = CARTESIAN_POINT ( 'NONE',  ( 1.354798700844000114, 0.07012849974522007701, -0.09911937754408996215 ) ) ;
#7161 = CARTESIAN_POINT ( 'NONE',  ( 1.366141732283000065, -0.08034203920182007852, 0.08657473440298996126 ) ) ;
#7162 = CARTESIAN_POINT ( 'NONE',  ( 0.7294037235237007533, -0.1269201138559999942, -0.09023588883991004450 ) ) ;
#7163 = CARTESIAN_POINT ( 'NONE',  ( 0.6181102362204999867, 0.000000000000000000, -0.1220472440945000042 ) ) ;
#7164 = CARTESIAN_POINT ( 'NONE',  ( 0.5866141732283000065, 0.000000000000000000, 0.000000000000000000 ) ) ;
#7165 = CARTESIAN_POINT ( 'NONE',  ( 1.154293696547999959, 0.000000000000000000, -0.1181102362205000006 ) ) ;
#7166 = VERTEX_POINT ( 'NONE', #6826 ) ;
#7167 = EDGE_CURVE ( 'NONE', #4048, #9893, #6385, .T. ) ;
#7168 = CARTESIAN_POINT ( 'NONE',  ( 1.148090306133999983, 0.09500676109277993164, 0.04229973533675999986 ) ) ;
#7169 = CARTESIAN_POINT ( 'NONE',  ( 0.7244094488188976833, -0.1813108520207999952, -0.08649560877427991956 ) ) ;
#7170 = CARTESIAN_POINT ( 'NONE',  ( 1.120733017744000026, 0.05050474095620999943, -0.1034167820364999962 ) ) ;
#7171 = CARTESIAN_POINT ( 'NONE',  ( 1.232765522088999921, -0.09344020400132992121, -0.05726023065597000972 ) ) ;
#7172 = CARTESIAN_POINT ( 'NONE',  ( 1.000000086036999969, 0.09349879745523995145, 0.1732284221662000190 ) ) ;
#7173 = CARTESIAN_POINT ( 'NONE',  ( 1.296657747021749518, -0.09444883965335031106, -0.07258425826477081511 ) ) ;
#7174 = CARTESIAN_POINT ( 'NONE',  ( 1.139763808939361134, 0.06133978044347995068, -0.08442696480807009018 ) ) ;
#7175 = EDGE_CURVE ( 'NONE', #1235, #7606, #8658, .T. ) ;
#7176 = CIRCLE ( 'NONE', #8635, 0.09055118110236003159 ) ;
#7177 = EDGE_LOOP ( 'NONE', ( #7125, #1820 ) ) ;
#7178 = ORIENTED_EDGE ( 'NONE', *, *, #7905, .T. ) ;
#7179 = ORIENTED_EDGE ( 'NONE', *, *, #573, .F. ) ;
#7180 = CARTESIAN_POINT ( 'NONE',  ( 1.157589750599000045, 0.1103307877425000055, 0.04912243157563000312 ) ) ;
#7181 = CARTESIAN_POINT ( 'NONE',  ( 0.7352433518528995737, -0.1315870255481000062, 0.08606170044527008955 ) ) ;
#7182 = AXIS2_PLACEMENT_3D ( 'NONE', #9746, #6603, #7260 ) ;
#7183 = CARTESIAN_POINT ( 'NONE',  ( 1.328117287994999840, -0.07472918482929999384, -0.07364155170946004580 ) ) ;
#7184 = CARTESIAN_POINT ( 'NONE',  ( 1.323295829617000097, -0.1007805446605000016, 0.04251989817661000481 ) ) ;
#7185 = CARTESIAN_POINT ( 'NONE',  ( 0.5511811023621999706, 0.000000000000000000, 0.000000000000000000 ) ) ;
#7186 = CARTESIAN_POINT ( 'NONE',  ( 1.215551210512482605, 0.01632510462271000162, -0.1030726540388000462 ) ) ;
#7187 = FACE_OUTER_BOUND ( 'NONE', #7821, .T. ) ;
#7188 = EDGE_CURVE ( 'NONE', #8205, #7289, #4925, .T. ) ;
#7189 = CARTESIAN_POINT ( 'NONE',  ( 1.162963521299499980, 0.03091510445189026360, 0.1150361429136075864 ) ) ;
#7190 = CARTESIAN_POINT ( 'NONE',  ( 1.146091596810499880, -0.1150361429136074476, -0.03091510445189083259 ) ) ;
#7191 = VERTEX_POINT ( 'NONE', #6778 ) ;
#7192 = EDGE_LOOP ( 'NONE', ( #2883, #1515 ) ) ;
#7193 = AXIS2_PLACEMENT_3D ( 'NONE', #7641, #1524, #6323 ) ;
#7194 = CARTESIAN_POINT ( 'NONE',  ( 1.089159614891999972, 0.07379187303341003257, -0.07379187303341003257 ) ) ;
#7195 = AXIS2_PLACEMENT_3D ( 'NONE', #8022, #4184, #1243 ) ;
#7196 = CARTESIAN_POINT ( 'NONE',  ( 0.3937007874016000275, 0.000000000000000000, 0.2755905511811023723 ) ) ;
#7197 = AXIS2_PLACEMENT_3D ( 'NONE', #2666, #7258, #9595 ) ;
#7198 = CARTESIAN_POINT ( 'NONE',  ( 0.7261126622680000864, 0.01566663021204000097, 0.1540868496227999762 ) ) ;
#7199 = DIRECTION ( 'NONE',  ( 1.000000000000000000, 0.000000000000000000, 0.000000000000000000 ) ) ;
#7200 = CARTESIAN_POINT ( 'NONE',  ( 1.155387309846333199, 0.02061412502356081700, -0.1181102362204999728 ) ) ;
#7201 = CARTESIAN_POINT ( 'NONE',  ( 1.287854085660999903, -0.07728546215276003994, -0.06958814268777008261 ) ) ;
#7202 = VECTOR ( 'NONE', #7916, 39.37007874015748143 ) ;
#7203 = VERTEX_POINT ( 'NONE', #3651 ) ;
#7204 = CARTESIAN_POINT ( 'NONE',  ( 0.7244094488188976833, 0.1409286094185999982, -0.06318091013743996898 ) ) ;
#7205 = CARTESIAN_POINT ( 'NONE',  ( 1.054869256499000096, -0.04163445952744000006, -0.09351252716027008693 ) ) ;
#7206 = CARTESIAN_POINT ( 'NONE',  ( 1.333110708718000081, -0.03542864448932000337, 0.1161355614337999942 ) ) ;
#7207 = CARTESIAN_POINT ( 'NONE',  ( 1.312594221482750179, 0.01546059376767015998, -0.1181102362205000006 ) ) ;
#7208 = DIRECTION ( 'NONE',  ( 1.000000000000000000, 0.000000000000000000, 0.000000000000000000 ) ) ;
#7209 = CARTESIAN_POINT ( 'NONE',  ( 1.054551308333354198, 0.02479898250639790691, 0.1161385814485653700 ) ) ;
#7210 = DIRECTION ( 'NONE',  ( 1.000000000000000000, 0.000000000000000000, 0.000000000000000000 ) ) ;
#7211 = DIRECTION ( 'NONE',  ( 1.000000000000000000, 0.000000000000000000, 0.000000000000000000 ) ) ;
#7212 = CARTESIAN_POINT ( 'NONE',  ( 1.216316784720000044, -0.1127504526622000042, -0.04328084370751000831 ) ) ;
#7213 = VERTEX_POINT ( 'NONE', #8291 ) ;
#7214 = ORIENTED_EDGE ( 'NONE', *, *, #694, .T. ) ;
#7215 = CARTESIAN_POINT ( 'NONE',  ( 1.069186106657999957, 0.09608148249671004393, 0.03979825326099999117 ) ) ;
#7216 = EDGE_CURVE ( 'NONE', #7203, #4359, #9872, .T. ) ;
#7217 = DIRECTION ( 'NONE',  ( -1.000000000000000000, 0.000000000000000000, 0.000000000000000000 ) ) ;
#7218 = CARTESIAN_POINT ( 'NONE',  ( 1.041362305123999965, 0.03985933084367000029, -0.1079674159687000062 ) ) ;
#7219 = CARTESIAN_POINT ( 'NONE',  ( 1.211440062772000115, 0.1050763444793000045, 0.03112503123606000233 ) ) ;
#7220 = CARTESIAN_POINT ( 'NONE',  ( 0.06692913385827008177, 0.000000000000000000, 0.000000000000000000 ) ) ;
#7221 = CARTESIAN_POINT ( 'NONE',  ( 1.080052522849364038, -0.05217873381818999984, 0.09037621804796004688 ) ) ;
#7222 = DIRECTION ( 'NONE',  ( 0.000000000000000000, 0.000000000000000000, 1.000000000000000000 ) ) ;
#7223 = EDGE_CURVE ( 'NONE', #6903, #9973, #5429, .T. ) ;
#7224 = EDGE_LOOP ( 'NONE', ( #8449, #5950 ) ) ;
#7225 = VERTEX_POINT ( 'NONE', #2137 ) ;
#7226 = B_SPLINE_CURVE_WITH_KNOTS ( 'NONE', 3,
 ( #3839, #3282, #9450, #4660 ),
 .UNSPECIFIED., .F., .F.,
 ( 4, 4 ),
 ( 0.000000000000000000, 1.000000000000000000 ),
 .UNSPECIFIED. ) ;
#7227 = CARTESIAN_POINT ( 'NONE',  ( 1.172517572120999940, -0.1138447763062999940, 0.04031454967568999515 ) ) ;
#7228 = CIRCLE ( 'NONE', #3690, 0.1220472440945000042 ) ;
#7229 = CARTESIAN_POINT ( 'NONE',  ( 1.201865875025499797, 0.1150361429136075309, -0.03091510445189034686 ) ) ;
#7230 = CARTESIAN_POINT ( 'NONE',  ( 1.386562936768000132, 0.02272619166960000020, 0.1024259529341999958 ) ) ;
#7231 = ORIENTED_EDGE ( 'NONE', *, *, #6617, .T. ) ;
#7232 = CARTESIAN_POINT ( 'NONE',  ( 1.363814202320000168, -0.1068417708434000052, 0.02344181943684999977 ) ) ;
#7233 = CARTESIAN_POINT ( 'NONE',  ( 1.313061946496750121, 0.1181102362204999728, 0.01546059376767033693 ) ) ;
#7234 = LINE ( 'NONE', #8815, #5103 ) ;
#7235 = CARTESIAN_POINT ( 'NONE',  ( 0.7280600717204999128, -0.01516969372517000189, -0.2015020754713999773 ) ) ;
#7236 = CARTESIAN_POINT ( 'NONE',  ( 1.215456959619499955, -0.1150361429136074198, -0.03091510445189083259 ) ) ;
#7237 = ORIENTED_EDGE ( 'NONE', *, *, #8360, .F. ) ;
#7238 = ORIENTED_EDGE ( 'NONE', *, *, #5458, .T. ) ;
#7239 = ORIENTED_EDGE ( 'NONE', *, *, #6881, .F. ) ;
#7240 = VERTEX_POINT ( 'NONE', #1324 ) ;
#7241 = EDGE_CURVE ( 'NONE', #5060, #9824, #6708, .T. ) ;
#7242 = EDGE_CURVE ( 'NONE', #6802, #1631, #8008, .T. ) ;
#7243 = CARTESIAN_POINT ( 'NONE',  ( 0.7244094488188976833, 0.1655628205247000329, 0.1137719994447000116 ) ) ;
#7244 = AXIS2_PLACEMENT_3D ( 'NONE', #2759, #575, #5840 ) ;
#7245 = LINE ( 'NONE', #8828, #376 ) ;
#7246 = B_SPLINE_CURVE_WITH_KNOTS ( 'NONE', 3,
 ( #5872, #1983, #8200, #7438 ),
 .UNSPECIFIED., .F., .F.,
 ( 4, 4 ),
 ( 0.000000000000000000, 1.000000000000000000 ),
 .UNSPECIFIED. ) ;
#7247 = CARTESIAN_POINT ( 'NONE',  ( 1.316244695299000123, -0.09419155717462007749, 0.04492664279108000286 ) ) ;
#7248 = CARTESIAN_POINT ( 'NONE',  ( 1.282714177467999761, 0.000000000000000000, 0.1181102362205000006 ) ) ;
#7249 = CARTESIAN_POINT ( 'NONE',  ( 0.8647971804738997514, 0.09315905947427992329, -0.1718837962754000137 ) ) ;
#7250 = ORIENTED_EDGE ( 'NONE', *, *, #4489, .F. ) ;
#7251 = VECTOR ( 'NONE', #6905, 39.37007874015748854 ) ;
#7252 = ORIENTED_EDGE ( 'NONE', *, *, #5881, .T. ) ;
#7253 = EDGE_CURVE ( 'NONE', #8747, #4940, #6678, .T. ) ;
#7254 = CARTESIAN_POINT ( 'NONE',  ( 0.5787401574803000548, -0.1351639017700000112, -0.05985265462468995767 ) ) ;
#7255 = CARTESIAN_POINT ( 'NONE',  ( 1.153022910522000011, -0.02169713754582000206, 0.1020770065874999910 ) ) ;
#7256 = CARTESIAN_POINT ( 'NONE',  ( 0.7249764069818995793, 0.1253074966310999960, -0.09053057735836003705 ) ) ;
#7257 = CARTESIAN_POINT ( 'NONE',  ( 0.7362204724408996093, -0.1385673059869000079, -0.07482944435600000221 ) ) ;
#7258 = DIRECTION ( 'NONE',  ( -1.000000000000000000, 0.000000000000000000, 0.000000000000000000 ) ) ;
#7259 = CARTESIAN_POINT ( 'NONE',  ( 0.7261087826327008443, -0.1256086753131999967, -0.09061099274377992785 ) ) ;
#7260 = DIRECTION ( 'NONE',  ( 0.000000000000000000, 0.8751064672747764783, -0.4839304401810867184 ) ) ;
#7261 = CARTESIAN_POINT ( 'NONE',  ( 1.405511811024000357, 0.000000000000000000, 0.07874015748031004680 ) ) ;
#7262 = CARTESIAN_POINT ( 'NONE',  ( 1.331474265034999993, -0.1178140280982000049, 0.01238275332683000038 ) ) ;
#7263 = ORIENTED_EDGE ( 'NONE', *, *, #4741, .F. ) ;
#7264 = CIRCLE ( 'NONE', #4698, 0.1692913385827000128 ) ;
#7265 = EDGE_LOOP ( 'NONE', ( #3772, #2539, #2650, #2869 ) ) ;
#7266 = CARTESIAN_POINT ( 'NONE',  ( 0.7322039835687007558, -0.1830767024183000136, 0.09084007521061004953 ) ) ;
#7267 = LINE ( 'NONE', #5615, #1095 ) ;
#7268 = CARTESIAN_POINT ( 'NONE',  ( 1.093579879216000084, 0.07739654217747009290, 0.08517942782621004683 ) ) ;
#7269 = CARTESIAN_POINT ( 'NONE',  ( 1.272249959235999928, -0.05495946621102000551, -0.1012227447793999924 ) ) ;
#7270 = CARTESIAN_POINT ( 'NONE',  ( 1.011811083030000002, 0.09046570508707006686, -0.1614166136835000209 ) ) ;
#7271 = CARTESIAN_POINT ( 'NONE',  ( 1.161089268256364271, -0.08110098452177008643, 0.06567428234212992211 ) ) ;
#7272 = CARTESIAN_POINT ( 'NONE',  ( 0.6752388309204999661, 0.01574803149606000124, -0.1842351283338999890 ) ) ;
#7273 = DIRECTION ( 'NONE',  ( 0.000000000000000000, 0.8532547285461360431, -0.5214943606729220971 ) ) ;
#7274 = ORIENTED_EDGE ( 'NONE', *, *, #8674, .F. ) ;
#7275 = ORIENTED_EDGE ( 'NONE', *, *, #1553, .F. ) ;
#7276 = EDGE_LOOP ( 'NONE', ( #8487, #36, #6339, #164 ) ) ;
#7277 = EDGE_CURVE ( 'NONE', #2724, #9653, #9307, .T. ) ;
#7278 = VECTOR ( 'NONE', #2865, 39.37007874015748143 ) ;
#7279 = B_SPLINE_CURVE_WITH_KNOTS ( 'NONE', 3,
 ( #6340, #3465, #6534, #8625, #2509, #277, #5740, #2555, #5640, #4887, #7961, #1699, #4934, #8009, #8826, #937, #323, #1899 ),
 .UNSPECIFIED., .F., .F.,
 ( 4, 2, 2, 2, 2, 2, 2, 2, 4 ),
 ( 0.000000000000000000, 0.1249999999999999445, 0.2499999999999998890, 0.3749999999999999445, 0.5000000000000000000, 0.6250000000000000000, 0.7500000000000001110, 0.8750000000000000000, 1.000000000000000000 ),
 .UNSPECIFIED. ) ;
#7280 = CARTESIAN_POINT ( 'NONE',  ( 1.090446891158000087, -0.1075304200166000007, 0.04127706091664000432 ) ) ;
#7281 = DIRECTION ( 'NONE',  ( 1.000000000000000000, 0.000000000000000000, 0.000000000000000000 ) ) ;
#7282 = CARTESIAN_POINT ( 'NONE',  ( 1.342575949412999847, 0.1047521445240000154, -0.005874894136676999876 ) ) ;
#7283 = VERTEX_POINT ( 'NONE', #521 ) ;
#7284 = CARTESIAN_POINT ( 'NONE',  ( 0.5790964132382000473, -0.01574803149606000124, 0.1494447818621000013 ) ) ;
#7285 = CARTESIAN_POINT ( 'NONE',  ( 0.5866141732283000065, -0.1477865887740783812, -0.003277924012423253600 ) ) ;
#7286 = CARTESIAN_POINT ( 'NONE',  ( 1.200623388990482487, -0.08279234551820000010, 0.06352880097637007839 ) ) ;
#7287 = CARTESIAN_POINT ( 'NONE',  ( 0.6498031496062991463, -0.3740157480314960647, -0.3740157480314960647 ) ) ;
#7288 = DIRECTION ( 'NONE',  ( 1.000000000000000000, 0.000000000000000000, 0.000000000000000000 ) ) ;
#7289 = VERTEX_POINT ( 'NONE', #8344 ) ;
#7290 = VERTEX_POINT ( 'NONE', #1424 ) ;
#7291 = ORIENTED_EDGE ( 'NONE', *, *, #276, .T. ) ;
#7292 = ORIENTED_EDGE ( 'NONE', *, *, #6268, .F. ) ;
#7293 = CARTESIAN_POINT ( 'NONE',  ( 1.135428867151749843, -0.01546059376766992580, 0.1181102362205000422 ) ) ;
#7294 = CARTESIAN_POINT ( 'NONE',  ( 1.097689798619000179, 0.08752153665226003465, 0.05683715047030001022 ) ) ;
#7295 = LINE ( 'NONE', #3415, #8780 ) ;
#7296 = CARTESIAN_POINT ( 'NONE',  ( 1.222356133140000134, 0.09641372841431003482, -0.03993587390816000920 ) ) ;
#7297 = PLANE ( 'NONE',  #3985 ) ;
#7298 = CARTESIAN_POINT ( 'NONE',  ( 1.144098691903250087, -0.01546059376766966385, -0.1181102362205000700 ) ) ;
#7299 = EDGE_CURVE ( 'NONE', #3597, #1222, #583, .T. ) ;
#7300 = EDGE_CURVE ( 'NONE', #8226, #8502, #1883, .T. ) ;
#7301 = ORIENTED_EDGE ( 'NONE', *, *, #9111, .T. ) ;
#7302 = ORIENTED_EDGE ( 'NONE', *, *, #2003, .F. ) ;
#7303 = CARTESIAN_POINT ( 'NONE',  ( 1.167417056127999953, 0.1022864650138999992, 0.05905511811023995972 ) ) ;
#7304 = CARTESIAN_POINT ( 'NONE',  ( 1.131697451204000116, -0.005461647859861000140, -0.1042144493542999928 ) ) ;
#7305 = CARTESIAN_POINT ( 'NONE',  ( 0.7256451598022993776, 0.1816410969043000256, -0.08673609540712008681 ) ) ;
#7306 = CARTESIAN_POINT ( 'NONE',  ( 0.7362204724408996093, -0.1343708233930999973, 0.08212509616896003506 ) ) ;
#7307 = CARTESIAN_POINT ( 'NONE',  ( 1.047973619356000086, 0.000000000000000000, -0.1023622047244000105 ) ) ;
#7308 = DIRECTION ( 'NONE',  ( 1.000000000000000000, 0.000000000000000000, 0.000000000000000000 ) ) ;
#7309 = CARTESIAN_POINT ( 'NONE',  ( 1.173978735917999838, 0.000000000000000000, 0.1181102362205000006 ) ) ;
#7310 = FACE_OUTER_BOUND ( 'NONE', #8551, .T. ) ;
#7311 = EDGE_CURVE ( 'NONE', #3285, #6719, #8167, .T. ) ;
#7312 = CARTESIAN_POINT ( 'NONE',  ( 1.239774789968999924, 0.06840606100042008475, 0.09953143637152993273 ) ) ;
#7313 = ORIENTED_EDGE ( 'NONE', *, *, #3853, .F. ) ;
#7314 = ORIENTED_EDGE ( 'NONE', *, *, #6842, .T. ) ;
#7315 = FACE_OUTER_BOUND ( 'NONE', #7886, .T. ) ;
#7316 = AXIS2_PLACEMENT_3D ( 'NONE', #7146, #5686, #8768 ) ;
#7317 = CARTESIAN_POINT ( 'NONE',  ( 0.7244094488188976833, 1.917212598425000136, 1.111449274906000095 ) ) ;
#7318 = CARTESIAN_POINT ( 'NONE',  ( 0.5841804246273000212, 0.1259363778563000191, 0.09089366210302991800 ) ) ;
#7319 = CARTESIAN_POINT ( 'NONE',  ( 1.302105602279999941, -0.1039604257334999921, 0.04958610995970999524 ) ) ;
#7320 = CARTESIAN_POINT ( 'NONE',  ( 0.9999994263157997443, 0.1968503813425933613, 0.01764878449761714610 ) ) ;
#7321 = CARTESIAN_POINT ( 'NONE',  ( 1.088582706576364245, -0.09924984962000005240, -0.03224823098969001323 ) ) ;
#7322 = CARTESIAN_POINT ( 'NONE',  ( 1.295032318304000007, 0.08279234551820000010, 0.06352880097637007839 ) ) ;
#7323 = CARTESIAN_POINT ( 'NONE',  ( 0.7276665990876004519, 0.01529757233088000108, -0.2013642079059000112 ) ) ;
#7324 = DIRECTION ( 'NONE',  ( 1.000000000000000000, 0.000000000000000000, 0.000000000000000000 ) ) ;
#7325 = ORIENTED_EDGE ( 'NONE', *, *, #8869, .F. ) ;
#7326 = ORIENTED_EDGE ( 'NONE', *, *, #2631, .F. ) ;
#7327 = CARTESIAN_POINT ( 'NONE',  ( 1.128832717928999863, -0.09974938716682008044, 0.05759033553225999941 ) ) ;
#7328 = CARTESIAN_POINT ( 'NONE',  ( 0.6804168098318996716, 0.1153298400433000054, 0.08476997464151003747 ) ) ;
#7329 = CARTESIAN_POINT ( 'NONE',  ( 1.376312826052999982, 0.06059705576737992039, -0.08564766778826005122 ) ) ;
#7330 = ORIENTED_EDGE ( 'NONE', *, *, #2885, .F. ) ;
#7331 = CYLINDRICAL_SURFACE ( 'NONE', #4525, 0.1220472440945000042 ) ;
#7332 = DIRECTION ( 'NONE',  ( 0.000000000000000000, 0.8660254037844288266, -0.5000000000000169864 ) ) ;
#7333 = CARTESIAN_POINT ( 'NONE',  ( 1.190124711056739004, 0.07157135986489718271, 0.07536126726065171810 ) ) ;
#7334 = DIRECTION ( 'NONE',  ( 0.000000000000000000, 0.000000000000000000, 1.000000000000000000 ) ) ;
#7335 = VECTOR ( 'NONE', #7744, 39.37007874015748143 ) ;
#7336 = ORIENTED_EDGE ( 'NONE', *, *, #8095, .F. ) ;
#7337 = ORIENTED_EDGE ( 'NONE', *, *, #9642, .F. ) ;
#7338 = EDGE_LOOP ( 'NONE', ( #9303, #7666 ) ) ;
#7339 = AXIS2_PLACEMENT_3D ( 'NONE', #6376, #71, #3258 ) ;
#7340 = CIRCLE ( 'NONE', #7182, 0.2133049650658001284 ) ;
#7341 = DIRECTION ( 'NONE',  ( 1.000000000000000000, 0.000000000000000000, 0.000000000000000000 ) ) ;
#7342 = ORIENTED_EDGE ( 'NONE', *, *, #1506, .T. ) ;
#7343 = CARTESIAN_POINT ( 'NONE',  ( 1.390406351649000172, 0.1196140579678000027, -0.01495137453014999847 ) ) ;
#7344 = B_SPLINE_SURFACE_WITH_KNOTS ( 'NONE', 3, 3, ( 
 ( #791, #5550, #7672, #3884, #5348, #8632, #3176, #8528, #1603, #6962, #3988, #4805, #2260, #4700, #141, #7876, #9291, #8426, #7771, #39, #947, #3122, #9343, #2411, #6098, #5500, #6198, #1502, #2362, #1656, #4598, #4038, #9193, #3831, #9997, #3375, #8019, #2613, #4895, #6397, #7970, #333, #5603, #1809, #6446, #3475, #3276, #4943, #8686, #8886, #2716, #1957, #1760, #8782, #4991, #4852, #237, #3323, #7925, #7116, #9498, #2565, #9544, #5702, #286, #1142, #7205 ),
 ( #3425, #993, #1038, #1856, #6545, #6348, #1086, #4085, #5040, #5797, #8121, #7159, #4181, #8066, #5652, #8736, #4132, #7255, #192, #6492, #9592, #2662, #5751, #8836, #4237, #1909, #9645, #7304, #384, #1187, #9442, #2519, #6036, #586, #2768, #9079, #3527, #9838, #1340, #4335, #9033, #3671, #5190, #8264, #3621, #2911, #9694, #5986, #1392, #2861, #7504, #4439, #7559, #6598, #1240, #5235, #2059, #632, #7407, #2151, #8362, #8309, #2007, #5088, #4490, #8170, #4283 ),
 ( #490, #6747, #5895, #3716, #9886, #1289, #6795, #2958, #6651, #3578, #9792, #9125, #9742, #5287, #2201, #7359, #5848, #2815, #437, #8985, #8938, #5140, #8219, #4387, #2106, #7458, #537, #6697, #5941, #3060, #3217, #1543, #30, #6952, #6187, #5490, #1594, #8413, #1489, #731, #3924, #4689, #3009, #6843, #6997, #5541, #8519, #6244, #9935, #7053, #4587, #6088, #3874, #7610, #2298, #2249, #9231, #9183, #3165, #8572, #3112, #7763, #2350, #4742, #680, #7658, #2402 ),
 ( #5385, #8464, #5436, #5337, #1442, #3820, #9335, #839, #81, #1648, #9279, #6896, #7815, #6139, #886, #132, #4641, #3975, #6293, #9988, #7714, #9390, #2456, #782, #4539, #3764, #4982, #7867, #4075, #9535, #230, #2604, #3313, #9633, #7152, #6435, #4841, #1749, #9580, #7294, #6388, #373, #8726, #7194, #4124, #3365, #2654, #8774, #5594, #8677, #7913, #1077, #1848, #184, #4028, #4171, #2708, #5692, #3414, #7105, #4224, #984, #3267, #1030, #4793, #9489, #9434 ) ),
 .UNSPECIFIED., .F., .F., .F.,
 ( 4, 4 ),
 ( 4, 1, 1, 1, 1, 1, 1, 1, 1, 1, 1, 1, 1, 1, 1, 1, 1, 1, 1, 1, 1, 1, 1, 1, 1, 1, 1, 1, 1, 1, 1, 1, 1, 1, 1, 1, 1, 1, 1, 1, 1, 1, 1, 1, 1, 1, 1, 1, 1, 1, 1, 1, 1, 1, 1, 1, 1, 1, 1, 1, 1, 1, 1, 1, 4 ),
 ( -0.03448593916367000134, 1.034485939164000001 ),
 ( -0.02000000000000000042, -0.003749999999999999861, 0.01250000000000000069, 0.02875000000000000125, 0.04499999999999999833, 0.06124999999999999889, 0.07749999999999999944, 0.09375000000000000000, 0.1100000000000000006, 0.1262500000000000011, 0.1424999999999999878, 0.1587500000000000022, 0.1749999999999999889, 0.1912500000000000033, 0.2074999999999999900, 0.2237500000000000044, 0.2399999999999999911, 0.2562499999999999778, 0.2725000000000000200, 0.2887500000000000067, 0.3049999999999999933, 0.3212499999999999800, 0.3375000000000000222, 0.3537500000000000089, 0.3699999999999999956, 0.3862499999999999822, 0.4025000000000000244, 0.4187500000000000111, 0.4349999999999999978, 0.4512499999999999845, 0.4675000000000000266, 0.4837500000000000133, 0.5000000000000000000, 0.5162499999999999867, 0.5324999999999999734, 0.5487499999999999600, 0.5649999999999999467, 0.5812500000000000444, 0.5975000000000000311, 0.6137500000000000178, 0.6300000000000000044, 0.6462499999999999911, 0.6624999999999999778, 0.6787499999999999645, 0.6949999999999999512, 0.7112500000000000488, 0.7275000000000000355, 0.7437500000000000222, 0.7600000000000000089, 0.7762499999999999956, 0.7924999999999999822, 0.8087499999999999689, 0.8249999999999999556, 0.8412500000000000533, 0.8575000000000000400, 0.8737500000000000266, 0.8900000000000000133, 0.9062500000000000000, 0.9224999999999999867, 0.9387499999999999734, 0.9549999999999999600, 0.9712499999999999467, 0.9875000000000000444, 1.003749999999999920, 1.020000000000000018 ),
 .UNSPECIFIED. ) ;
#7345 = EDGE_CURVE ( 'NONE', #1631, #2947, #2981, .T. ) ;
#7346 = CARTESIAN_POINT ( 'NONE',  ( 1.170986364885999942, 0.05199372541013000393, 0.1090070711284999994 ) ) ;
#7347 = AXIS2_PLACEMENT_3D ( 'NONE', #4861, #9598, #1045 ) ;
#7348 = CARTESIAN_POINT ( 'NONE',  ( 1.250079230253000162, -0.06567428234212992211, -0.08110098452177991191 ) ) ;
#7349 = CARTESIAN_POINT ( 'NONE',  ( 0.9999994263158000773, -0.1968504060589102156, 0.01764850881547504538 ) ) ;
#7350 = CARTESIAN_POINT ( 'NONE',  ( 1.131795542296999857, -0.1032031167347789991, 0.05948255673673419341 ) ) ;
#7351 = VECTOR ( 'NONE', #600, 39.37007874015748143 ) ;
#7352 = ORIENTED_EDGE ( 'NONE', *, *, #9037, .T. ) ;
#7353 = VERTEX_POINT ( 'NONE', #6980 ) ;
#7354 = VECTOR ( 'NONE', #3875, 39.37007874015748143 ) ;
#7355 = AXIS2_PLACEMENT_3D ( 'NONE', #1961, #6400, #5043 ) ;
#7356 = CARTESIAN_POINT ( 'NONE',  ( -0.07814960629921002822, 0.000000000000000000, 0.000000000000000000 ) ) ;
#7357 = CIRCLE ( 'NONE', #2047, 0.1220472440945000042 ) ;
#7358 = EDGE_CURVE ( 'NONE', #4918, #8296, #8825, .T. ) ;
#7359 = CARTESIAN_POINT ( 'NONE',  ( 1.153079451683000078, -0.08110098452177008643, 0.06567428234212992211 ) ) ;
#7360 = EDGE_CURVE ( 'NONE', #3858, #2174, #5908, .T. ) ;
#7361 = CARTESIAN_POINT ( 'NONE',  ( 0.7244094488188976833, 0.000000000000000000, 0.000000000000000000 ) ) ;
#7362 = DIRECTION ( 'NONE',  ( 0.000000000000000000, 1.000000000000000000, 0.000000000000000000 ) ) ;
#7363 = DIRECTION ( 'NONE',  ( -1.000000000000000000, 0.000000000000000000, 0.000000000000000000 ) ) ;
#7364 = DIRECTION ( 'NONE',  ( 1.000000000000000000, 0.000000000000000000, 0.000000000000000000 ) ) ;
#7365 = CARTESIAN_POINT ( 'NONE',  ( 0.9775928144086004634, 0.09401048560322008973, -0.1752593579672999946 ) ) ;
#7366 = CARTESIAN_POINT ( 'NONE',  ( 1.162573931102999891, -0.01676857806990000171, -0.1025543155300000231 ) ) ;
#7367 = VECTOR ( 'NONE', #8013, 39.37007874015748143 ) ;
#7368 = CARTESIAN_POINT ( 'NONE',  ( 1.212051692855999896, -0.1148610764325999900, 0.03732062610835000516 ) ) ;
#7369 = ORIENTED_EDGE ( 'NONE', *, *, #5569, .F. ) ;
#7370 = ORIENTED_EDGE ( 'NONE', *, *, #5714, .F. ) ;
#7371 = DIRECTION ( 'NONE',  ( 0.000000000000000000, -0.5000000000000169864, 0.8660254037844288266 ) ) ;
#7372 = EDGE_CURVE ( 'NONE', #370, #4323, #3811, .T. ) ;
#7373 = AXIS2_PLACEMENT_3D ( 'NONE', #5654, #335, #4183 ) ;
#7374 = ADVANCED_FACE ( 'NONE', ( #3091 ), #3172, .F. ) ;
#7375 = CARTESIAN_POINT ( 'NONE',  ( 1.381166583630000000, -0.01730222036598999882, 0.1031133665371000013 ) ) ;
#7376 = CARTESIAN_POINT ( 'NONE',  ( 1.094590803654999833, 0.008546205455997992265, 0.1203742491783000162 ) ) ;
#7377 = CARTESIAN_POINT ( 'NONE',  ( 1.293575418552999956, 0.02688839342361000126, 0.1119982176498000026 ) ) ;
#7378 = FACE_BOUND ( 'NONE', #4695, .T. ) ;
#7379 = DIRECTION ( 'NONE',  ( 0.000000000000000000, -0.9011169856835861136, -0.4335760349840935279 ) ) ;
#7380 = DIRECTION ( 'NONE',  ( 1.000000000000000000, 0.000000000000000000, 0.000000000000000000 ) ) ;
#7381 = CARTESIAN_POINT ( 'NONE',  ( 0.7244094488188976833, 0.01574803149606000124, -0.2002676082188999951 ) ) ;
#7382 = DIRECTION ( 'NONE',  ( 0.000000000000000000, -1.000000000000000000, 0.000000000000000000 ) ) ;
#7383 = CIRCLE ( 'NONE', #8681, 0.2133049650658000174 ) ;
#7384 = ORIENTED_EDGE ( 'NONE', *, *, #2295, .F. ) ;
#7385 = ORIENTED_EDGE ( 'NONE', *, *, #5703, .T. ) ;
#7386 = CARTESIAN_POINT ( 'NONE',  ( 1.154423269111000128, 0.1052227788591999919, 0.04684819949601000399 ) ) ;
#7387 = CARTESIAN_POINT ( 'NONE',  ( 1.331749071105999827, 0.09489640704855001330, -0.04474592824854000533 ) ) ;
#7388 = DIRECTION ( 'NONE',  ( 1.000000000000000000, 0.000000000000000000, 0.000000000000000000 ) ) ;
#7389 = ORIENTED_EDGE ( 'NONE', *, *, #6996, .T. ) ;
#7390 = CARTESIAN_POINT ( 'NONE',  ( 1.381889763779999836, 0.08944270117117363028, 0.05155154916946327881 ) ) ;
#7391 = DIRECTION ( 'NONE',  ( 0.000000000000000000, 0.000000000000000000, -1.000000000000000000 ) ) ;
#7392 = CARTESIAN_POINT ( 'NONE',  ( 0.7361458461413995513, 0.1390664747514000210, 0.07386076713860001419 ) ) ;
#7393 = FACE_OUTER_BOUND ( 'NONE', #3068, .T. ) ;
#7394 = VERTEX_POINT ( 'NONE', #2485 ) ;
#7395 = VERTEX_POINT ( 'NONE', #815 ) ;
#7396 = ORIENTED_EDGE ( 'NONE', *, *, #8293, .F. ) ;
#7397 = DIRECTION ( 'NONE',  ( 1.000000000000000000, 0.000000000000000000, 0.000000000000000000 ) ) ;
#7398 = FACE_BOUND ( 'NONE', #343, .T. ) ;
#7399 = DIRECTION ( 'NONE',  ( 0.000000000000000000, 0.000000000000000000, -1.000000000000000000 ) ) ;
#7400 = AXIS2_PLACEMENT_3D ( 'NONE', #3389, #1872, #4957 ) ;
#7401 = CARTESIAN_POINT ( 'NONE',  ( 1.271461230732000125, -0.02700970012306000076, 0.1008015731564999989 ) ) ;
#7402 = CARTESIAN_POINT ( 'NONE',  ( 0.6498031496062991463, -0.3543307086614000401, 0.3543307086614000401 ) ) ;
#7403 = CARTESIAN_POINT ( 'NONE',  ( 1.136716802139499993, -0.1150361429136074198, -0.03091510445189083259 ) ) ;
#7404 = ORIENTED_EDGE ( 'NONE', *, *, #3646, .T. ) ;
#7405 = LINE ( 'NONE', #331, #1121 ) ;
#7406 = VECTOR ( 'NONE', #7090, 39.37007874015748143 ) ;
#7407 = CARTESIAN_POINT ( 'NONE',  ( 1.065588527320000090, 0.09641372827659999700, 0.03993587396947000101 ) ) ;
#7408 = CARTESIAN_POINT ( 'NONE',  ( 1.191944273705333179, 0.1125935275257157475, -0.04120276216305391453 ) ) ;
#7409 = CARTESIAN_POINT ( 'NONE',  ( 0.7244094488188976833, -0.1655628205247000329, 0.1137719994447000116 ) ) ;
#7410 = DIRECTION ( 'NONE',  ( 0.000000000000000000, 0.9233019039983419995, -0.3840749849613175337 ) ) ;
#7411 = DIRECTION ( 'NONE',  ( 0.000000000000000000, -1.000000000000000000, 0.000000000000000000 ) ) ;
#7412 = CARTESIAN_POINT ( 'NONE',  ( 0.6498031496062991463, 0.3543307086614000401, -0.3543307086614000401 ) ) ;
#7413 = CARTESIAN_POINT ( 'NONE',  ( 1.152130416285000125, -0.1004770616553000012, 0.02651288218977000330 ) ) ;
#7414 = AXIS2_PLACEMENT_3D ( 'NONE', #8581, #7875, #1655 ) ;
#7415 = CARTESIAN_POINT ( 'NONE',  ( 1.207786600993000059, -0.06577719075493997092, 0.1012879920044000015 ) ) ;
#7416 = ORIENTED_EDGE ( 'NONE', *, *, #1328, .T. ) ;
#7417 = EDGE_CURVE ( 'NONE', #5822, #6223, #4569, .T. ) ;
#7418 = ADVANCED_FACE ( 'NONE', ( #5467 ), #1549, .F. ) ;
#7419 = EDGE_LOOP ( 'NONE', ( #3524, #1448, #3550, #7643 ) ) ;
#7420 = CARTESIAN_POINT ( 'NONE',  ( 1.000000080887000209, -0.09349880026292992086, 0.1732278469391000109 ) ) ;
#7421 = VECTOR ( 'NONE', #1074, 39.37007874015748854 ) ;
#7422 = CARTESIAN_POINT ( 'NONE',  ( 1.354659037698000112, -0.08334750525004998301, -0.06312674115787991758 ) ) ;
#7423 = CARTESIAN_POINT ( 'NONE',  ( 1.162369526899488914, -0.01682677582567312924, -0.1029102449942585762 ) ) ;
#7424 = CARTESIAN_POINT ( 'NONE',  ( 1.212538673147000035, 0.06523905046413995545, 0.09492340744733997193 ) ) ;
#7425 = CARTESIAN_POINT ( 'NONE',  ( 0.6102362204723996708, 0.4370078740156999597, 0.3543307086614000401 ) ) ;
#7426 = LINE ( 'NONE', #1259, #427 ) ;
#7427 = CARTESIAN_POINT ( 'NONE',  ( 1.201200297305999865, -0.01901763795381000016, -0.1026099921947999927 ) ) ;
#7428 = CARTESIAN_POINT ( 'NONE',  ( 0.7256451598022993776, 0.01570488640450999965, -0.2006738519939000320 ) ) ;
#7429 = CIRCLE ( 'NONE', #2423, 0.1692913385827000128 ) ;
#7430 = CARTESIAN_POINT ( 'NONE',  ( 0.6498031496062991463, -0.2716535433071000094, -0.3543307086614000401 ) ) ;
#7431 = ORIENTED_EDGE ( 'NONE', *, *, #9168, .F. ) ;
#7432 = ADVANCED_FACE ( 'NONE', ( #3798 ), #2194, .T. ) ;
#7433 = AXIS2_PLACEMENT_3D ( 'NONE', #1478, #6229, #9322 ) ;
#7434 = ORIENTED_EDGE ( 'NONE', *, *, #1465, .T. ) ;
#7435 = ORIENTED_EDGE ( 'NONE', *, *, #1969, .F. ) ;
#7436 = CARTESIAN_POINT ( 'NONE',  ( 1.135230355725000084, -0.1012227447793999924, -0.05495946621102000551 ) ) ;
#7437 = CARTESIAN_POINT ( 'NONE',  ( 1.353437063231999860, -0.1041502681473000097, 0.01265890236404999987 ) ) ;
#7438 = CARTESIAN_POINT ( 'NONE',  ( 1.298650651928999977, -0.1022864650138999992, 0.05905511811023995972 ) ) ;
#7439 = CYLINDRICAL_SURFACE ( 'NONE', #2740, 0.1574803149606000263 ) ;
#7440 = CARTESIAN_POINT ( 'NONE',  ( 1.304039636785500056, 0.03091510445189093667, -0.1150361429136073782 ) ) ;
#7441 = DIRECTION ( 'NONE',  ( 1.000000000000000000, 0.000000000000000000, 0.000000000000000000 ) ) ;
#7442 = CARTESIAN_POINT ( 'NONE',  ( 0.8543307029377008588, -0.09046556639711005043, 0.1614173278276999912 ) ) ;
#7443 = ORIENTED_EDGE ( 'NONE', *, *, #4535, .F. ) ;
#7444 = CIRCLE ( 'NONE', #2448, 0.2020722792147000846 ) ;
#7445 = ORIENTED_EDGE ( 'NONE', *, *, #5524, .T. ) ;
#7446 = ADVANCED_FACE ( 'NONE', ( #5368, #9969 ), #7789, .T. ) ;
#7447 = VERTEX_POINT ( 'NONE', #3039 ) ;
#7448 = AXIS2_PLACEMENT_3D ( 'NONE', #2279, #6018, #9106 ) ;
#7449 = DIRECTION ( 'NONE',  ( 0.000000000000000000, 0.000000000000000000, 1.000000000000000000 ) ) ;
#7450 = CARTESIAN_POINT ( 'NONE',  ( 1.299744265227333218, -0.1125935275257113899, 0.04120276216306590494 ) ) ;
#7451 = CARTESIAN_POINT ( 'NONE',  ( 1.237602628910749791, 0.09444883965335011677, 0.07258425826477109266 ) ) ;
#7452 = CARTESIAN_POINT ( 'NONE',  ( 1.220223587208000060, 0.07755271207417993584, -0.06982877559786003496 ) ) ;
#7453 = CARTESIAN_POINT ( 'NONE',  ( 1.297571365227329965, 0.05683793265682334644, 0.08752274158283818162 ) ) ;
#7454 = DIRECTION ( 'NONE',  ( 0.000000000000000000, 0.000000000000000000, -1.000000000000000000 ) ) ;
#7455 = CIRCLE ( 'NONE', #4734, 0.1478229366752999985 ) ;
#7456 = VERTEX_POINT ( 'NONE', #9366 ) ;
#7457 = FACE_OUTER_BOUND ( 'NONE', #3410, .T. ) ;
#7458 = CARTESIAN_POINT ( 'NONE',  ( 1.131753992365000183, 0.06133978044347992292, -0.08442696480807007631 ) ) ;
#7459 = B_SPLINE_CURVE_WITH_KNOTS ( 'NONE', 3,
 ( #2382, #866, #7508, #6512, #301, #8266, #8086, #9561, #6699, #7561, #9081, #4150, #1827 ),
 .UNSPECIFIED., .F., .F.,
 ( 4, 1, 1, 1, 1, 1, 1, 1, 1, 1, 4 ),
 ( 0.000000000000000000, 0.1000000000000000056, 0.2000000000000000111, 0.2999999999999999889, 0.4000000000000000222, 0.5000000000000000000, 0.5999999999999999778, 0.6999999999999999556, 0.8000000000000000444, 0.9000000000000000222, 1.000000000000000000 ),
 .UNSPECIFIED. ) ;
#7460 = CARTESIAN_POINT ( 'NONE',  ( 0.07086614173227992475, 1.433347364410000059E-12, -0.2795275590551000167 ) ) ;
#7461 = CARTESIAN_POINT ( 'NONE',  ( -0.03184567412302000827, 3.848801177594999738E-09, 0.2417915662690000023 ) ) ;
#7462 = CARTESIAN_POINT ( 'NONE',  ( 1.085863783766999990, 0.000000000000000000, 0.1181102362205000006 ) ) ;
#7463 = CARTESIAN_POINT ( 'NONE',  ( 0.9799168807595000086, 0.09419677740597007243, -0.1760013734404000108 ) ) ;
#7464 = CARTESIAN_POINT ( 'NONE',  ( 1.313379962024000092, 0.09137897010863996194, 0.07011754974597009249 ) ) ;
#7465 = ORIENTED_EDGE ( 'NONE', *, *, #7864, .T. ) ;
#7466 = ORIENTED_EDGE ( 'NONE', *, *, #426, .F. ) ;
#7467 = CIRCLE ( 'NONE', #3113, 0.2133049650658001284 ) ;
#7468 = FACE_OUTER_BOUND ( 'NONE', #5488, .T. ) ;
#7469 = CARTESIAN_POINT ( 'NONE',  ( 1.332971045571999857, 0.09896240138836004396, 0.03373774136508000260 ) ) ;
#7470 = CARTESIAN_POINT ( 'NONE',  ( 1.054905447344999914, 0.01458959255532000197, 0.1197920752038000025 ) ) ;
#7471 = CARTESIAN_POINT ( 'NONE',  ( 1.265852321441000017, -0.1150228199578999938, -0.006028090560867007189 ) ) ;
#7472 = CARTESIAN_POINT ( 'NONE',  ( 1.350323880275248856, -0.01546059376766966906, -0.1181102362205000145 ) ) ;
#7473 = CARTESIAN_POINT ( 'NONE',  ( 0.7362204724408996093, 0.1383078312671000010, 0.07530599850137008333 ) ) ;
#7474 = CARTESIAN_POINT ( 'NONE',  ( 1.228923394418999893, -0.09298318451212993219, 0.04737729888396000760 ) ) ;
#7475 = CARTESIAN_POINT ( 'NONE',  ( 0.5788054699796000291, -0.1204948611606999898, -0.08775200097402008348 ) ) ;
#7476 = CARTESIAN_POINT ( 'NONE',  ( 0.5984251968503937480, -0.1126864528502000001, 0.04687529344016000410 ) ) ;
#7477 = DIRECTION ( 'NONE',  ( 0.000000000000000000, 0.9233019039983419995, 0.3840749849613175337 ) ) ;
#7478 = VERTEX_POINT ( 'NONE', #3249 ) ;
#7479 = VERTEX_POINT ( 'NONE', #6118 ) ;
#7480 = CARTESIAN_POINT ( 'NONE',  ( 1.145893085384000143, 0.06770149980087993014, -0.09318312031472007761 ) ) ;
#7481 = AXIS2_PLACEMENT_3D ( 'NONE', #4753, #8110, #3366 ) ;
#7482 = CARTESIAN_POINT ( 'NONE',  ( 1.336568624911000036, 0.09930460926623997653, 0.03385440507488000211 ) ) ;
#7483 = CARTESIAN_POINT ( 'NONE',  ( 0.7355155426311004163, 0.1768889817957000066, -0.1115214455381000058 ) ) ;
#7484 = EDGE_CURVE ( 'NONE', #8845, #2140, #5263, .T. ) ;
#7485 = CARTESIAN_POINT ( 'NONE',  ( 1.381889763779999836, 0.09969799052518334148, 0.02679309052363905430 ) ) ;
#7486 = CARTESIAN_POINT ( 'NONE',  ( 0.9842519685038996213, -0.09595320950357008605, 0.1830708661417000116 ) ) ;
#7487 = CARTESIAN_POINT ( 'NONE',  ( 0.4724409448819000268, 0.000000000000000000, 0.000000000000000000 ) ) ;
#7488 = DIRECTION ( 'NONE',  ( 1.000000000000000000, 0.000000000000000000, 0.000000000000000000 ) ) ;
#7489 = CONICAL_SURFACE ( 'NONE', #8623, 0.1786918365619999949, 0.3142318990842197790 ) ;
#7490 = ORIENTED_EDGE ( 'NONE', *, *, #7188, .T. ) ;
#7491 = ORIENTED_EDGE ( 'NONE', *, *, #5773, .T. ) ;
#7492 = ORIENTED_EDGE ( 'NONE', *, *, #4152, .F. ) ;
#7493 = DIRECTION ( 'NONE',  ( -1.000000000000000000, 0.000000000000000000, 0.000000000000000000 ) ) ;
#7494 = EDGE_CURVE ( 'NONE', #2964, #6136, #9141, .T. ) ;
#7495 = CARTESIAN_POINT ( 'NONE',  ( 1.376224921202999996, -0.08787351513888998211, -0.08251872336342007397 ) ) ;
#7496 = CARTESIAN_POINT ( 'NONE',  ( 1.226939899251999755, 0.05948255673673451954, -0.1032031167347788603 ) ) ;
#7497 = CARTESIAN_POINT ( 'NONE',  ( 1.228810312095999890, 0.02700970012306000076, 0.1008015731564999989 ) ) ;
#7498 = DIRECTION ( 'NONE',  ( 1.000000000000000000, 0.000000000000000000, 0.000000000000000000 ) ) ;
#7499 = LINE ( 'NONE', #580, #1127 ) ;
#7500 = ORIENTED_EDGE ( 'NONE', *, *, #5660, .F. ) ;
#7501 = AXIS2_PLACEMENT_3D ( 'NONE', #1740, #5531, #9326 ) ;
#7502 = VECTOR ( 'NONE', #2435, 39.37007874015748143 ) ;
#7503 = DIRECTION ( 'NONE',  ( 0.000000000000000000, 0.000000000000000000, -1.000000000000000000 ) ) ;
#7504 = CARTESIAN_POINT ( 'NONE',  ( 1.082648894774000059, -0.1043217069389999890, 0.002731760035869000222 ) ) ;
#7505 = EDGE_CURVE ( 'NONE', #9304, #727, #8665, .T. ) ;
#7506 = CIRCLE ( 'NONE', #5257, 0.1220472440945000042 ) ;
#7507 = DIRECTION ( 'NONE',  ( 0.000000000000000000, 1.000000000000000000, 0.000000000000000000 ) ) ;
#7508 = CARTESIAN_POINT ( 'NONE',  ( 0.9775928144086004634, 0.09401048560322008973, 0.1752593579672999946 ) ) ;
#7509 = CARTESIAN_POINT ( 'NONE',  ( -0.08759842519685039075, 0.000000000000000000, 0.000000000000000000 ) ) ;
#7510 = CARTESIAN_POINT ( 'NONE',  ( 0.7362204724408996093, 0.004661252063347999866, 0.2125308915757999906 ) ) ;
#7511 = CARTESIAN_POINT ( 'NONE',  ( 1.223659059357000034, 0.000000000000000000, -0.1181102362205000006 ) ) ;
#7512 = CARTESIAN_POINT ( 'NONE',  ( 1.270729043388999946, 0.1141952844564999986, 0.01503409441140000045 ) ) ;
#7513 = EDGE_LOOP ( 'NONE', ( #8779, #7682, #1907, #8227 ) ) ;
#7514 = CIRCLE ( 'NONE', #7690, 0.1574803149606000263 ) ;
#7515 = VECTOR ( 'NONE', #6797, 39.37007874015748143 ) ;
#7516 = ORIENTED_EDGE ( 'NONE', *, *, #8540, .T. ) ;
#7517 = CARTESIAN_POINT ( 'NONE',  ( 0.6561202481738996894, 0.1786918365619999949, 0.000000000000000000 ) ) ;
#7518 = EDGE_CURVE ( 'NONE', #8205, #4573, #209, .T. ) ;
#7519 = DIRECTION ( 'NONE',  ( 1.000000000000000000, 0.000000000000000000, 0.000000000000000000 ) ) ;
#7520 = EDGE_CURVE ( 'NONE', #3597, #2017, #7426, .T. ) ;
#7521 = AXIS2_PLACEMENT_3D ( 'NONE', #9314, #8498, #1577 ) ;
#7522 = DIRECTION ( 'NONE',  ( 1.000000000000000000, 0.000000000000000000, 0.000000000000000000 ) ) ;
#7523 = CARTESIAN_POINT ( 'NONE',  ( 1.123832645146000120, 0.1198595693232000076, -0.01402430513812999956 ) ) ;
#7524 = CARTESIAN_POINT ( 'NONE',  ( 1.284011299270000128, 0.1148610764325999900, 0.03732062610835000516 ) ) ;
#7525 = AXIS2_PLACEMENT_3D ( 'NONE', #9054, #8281, #8383 ) ;
#7526 = CARTESIAN_POINT ( 'NONE',  ( 1.562992125983999836, 0.000000000000000000, 0.1181102362205000006 ) ) ;
#7527 = CARTESIAN_POINT ( 'NONE',  ( 1.243696583687749602, 0.1181102362204999728, 0.01546059376767032305 ) ) ;
#7528 = CARTESIAN_POINT ( 'NONE',  ( 1.256646491531999921, 0.07183494035557008717, 0.07569823244745001178 ) ) ;
#7529 = CARTESIAN_POINT ( 'NONE',  ( 1.117031762769499892, 0.1150361429136073088, 0.03091510445189112402 ) ) ;
#7530 = DIRECTION ( 'NONE',  ( -1.000000000000000000, 0.000000000000000000, 0.000000000000000000 ) ) ;
#7531 = CARTESIAN_POINT ( 'NONE',  ( 1.385826771660999990, 0.000000000000000000, 0.000000000000000000 ) ) ;
#7532 = VERTEX_POINT ( 'NONE', #2123 ) ;
#7533 = EDGE_LOOP ( 'NONE', ( #737, #544, #5015, #5510 ) ) ;
#7534 = VERTEX_POINT ( 'NONE', #5958 ) ;
#7535 = TOROIDAL_SURFACE ( 'NONE', #9962, 0.1478229366753000262, 0.007874015748031005027 ) ;
#7536 = CARTESIAN_POINT ( 'NONE',  ( 1.063822404420000201, 0.06207201187442992762, -0.09031536603296004551 ) ) ;
#7537 = CARTESIAN_POINT ( 'NONE',  ( 1.314269629682000007, -0.07417709206638996300, 0.07053920873256003254 ) ) ;
#7538 = DIRECTION ( 'NONE',  ( 1.000000000000000000, 0.000000000000000000, 0.000000000000000000 ) ) ;
#7539 = CARTESIAN_POINT ( 'NONE',  ( 1.306306019325999879, -0.07353757175389999401, 0.07353769128401003996 ) ) ;
#7540 = EDGE_LOOP ( 'NONE', ( #4011, #6368, #2358, #6840 ) ) ;
#7541 = DIRECTION ( 'NONE',  ( 1.000000000000000000, 0.000000000000000000, 0.000000000000000000 ) ) ;
#7542 = DIRECTION ( 'NONE',  ( 1.000000000000000000, 0.000000000000000000, 0.000000000000000000 ) ) ;
#7543 = CARTESIAN_POINT ( 'NONE',  ( 0.9775928144086004634, -0.09401048560322008973, 0.1752593579672999946 ) ) ;
#7544 = ORIENTED_EDGE ( 'NONE', *, *, #4626, .F. ) ;
#7545 = ORIENTED_EDGE ( 'NONE', *, *, #1807, .T. ) ;
#7546 = VERTEX_POINT ( 'NONE', #6811 ) ;
#7547 = EDGE_CURVE ( 'NONE', #945, #9577, #2626, .T. ) ;
#7548 = DIRECTION ( 'NONE',  ( 0.000000000000000000, 1.000000000000000000, 0.000000000000000000 ) ) ;
#7549 = EDGE_CURVE ( 'NONE', #2756, #2140, #3955, .T. ) ;
#7550 = CARTESIAN_POINT ( 'NONE',  ( 1.306305945017333325, -0.09197940250215626279, -0.07690747405743883491 ) ) ;
#7551 = DIRECTION ( 'NONE',  ( 0.000000000000000000, 1.000000000000000000, 0.000000000000000000 ) ) ;
#7552 = CARTESIAN_POINT ( 'NONE',  ( 1.196822123120000025, -0.08279234551820000010, 0.06352880097637007839 ) ) ;
#7553 = DIRECTION ( 'NONE',  ( 1.000000000000000000, 0.000000000000000000, 0.000000000000000000 ) ) ;
#7554 = CARTESIAN_POINT ( 'NONE',  ( 1.341769295578000065, 0.000000000000000000, -0.1181102362205000006 ) ) ;
#7555 = EDGE_CURVE ( 'NONE', #6473, #2323, #1227, .T. ) ;
#7556 = ORIENTED_EDGE ( 'NONE', *, *, #9295, .T. ) ;
#7557 = EDGE_CURVE ( 'NONE', #1782, #2188, #6593, .T. ) ;
#7558 = CARTESIAN_POINT ( 'NONE',  ( 1.187445393643999925, 0.05482937879663001002, -0.1076087141854999846 ) ) ;
#7559 = CARTESIAN_POINT ( 'NONE',  ( 1.078383802910000133, -0.07935404094595001345, 0.06777475368538997402 ) ) ;
#7560 = DIRECTION ( 'NONE',  ( 0.000000000000000000, 0.000000000000000000, 1.000000000000000000 ) ) ;
#7561 = CARTESIAN_POINT ( 'NONE',  ( 0.9838867820207009007, 0.09534120890117993297, 0.1805922170975000074 ) ) ;
#7562 = DIRECTION ( 'NONE',  ( -1.000000000000000000, 0.000000000000000000, 0.000000000000000000 ) ) ;
#7563 = CARTESIAN_POINT ( 'NONE',  ( 0.6115706219356004114, 0.01574803149606000124, -0.1244357254960000020 ) ) ;
#7564 = CARTESIAN_POINT ( 'NONE',  ( 0.7358047452202992611, 0.1397424156649000049, -0.07238299275297992164 ) ) ;
#7565 = CARTESIAN_POINT ( 'NONE',  ( 1.247271038138999755, -0.1026267293788999946, 0.05229093041692000482 ) ) ;
#7566 = PRODUCT_DEFINITION_CONTEXT ( 'detailed design', #5643, 'design' ) ;
#7567 = ORIENTED_EDGE ( 'NONE', *, *, #3856, .F. ) ;
#7568 = EDGE_CURVE ( 'NONE', #2948, #5673, #5159, .T. ) ;
#7569 = EDGE_CURVE ( 'NONE', #4593, #6883, #2733, .T. ) ;
#7570 = ORIENTED_EDGE ( 'NONE', *, *, #2867, .T. ) ;
#7571 = LINE ( 'NONE', #2210, #3387 ) ;
#7572 = CARTESIAN_POINT ( 'NONE',  ( 0.5787401574803000548, 0.000000000000000000, 0.1220472440945000042 ) ) ;
#7573 = CARTESIAN_POINT ( 'NONE',  ( 1.353902333112999790, -0.05645642419197000050, -0.09461264675988996509 ) ) ;
#7574 = CARTESIAN_POINT ( 'NONE',  ( 1.122684170589488994, -0.02198133397081969073, -0.1019337032726328612 ) ) ;
#7575 = CARTESIAN_POINT ( 'NONE',  ( 1.217902375385000013, -0.08313401587962007677, 0.08760497366872992131 ) ) ;
#7576 = CIRCLE ( 'NONE', #5804, 0.2755905511811023723 ) ;
#7577 = CARTESIAN_POINT ( 'NONE',  ( 0.7244094488188976833, 0.1655628205247000329, 0.1137719994447000116 ) ) ;
#7578 = CARTESIAN_POINT ( 'NONE',  ( 0.5788054723971000071, 0.1362429088196999982, 0.06047561963531004198 ) ) ;
#7579 = PLANE ( 'NONE',  #8976 ) ;
#7580 = CARTESIAN_POINT ( 'NONE',  ( 0.7244094488188976833, 0.01574803149606000124, 0.2002676082188999951 ) ) ;
#7581 = DIRECTION ( 'NONE',  ( 0.000000000000000000, 1.000000000000000000, 3.282220918665998824E-10 ) ) ;
#7582 = CARTESIAN_POINT ( 'NONE',  ( 0.5986837114371004187, 0.01574803149606000124, 0.1592489208917999832 ) ) ;
#7583 = ORIENTED_EDGE ( 'NONE', *, *, #1130, .F. ) ;
#7584 = VERTEX_POINT ( 'NONE', #2930 ) ;
#7585 = AXIS2_PLACEMENT_3D ( 'NONE', #5713, #1871, #8794 ) ;
#7586 = CARTESIAN_POINT ( 'NONE',  ( 1.185377522530000061, 0.1001147766328000094, -0.04457397225283000336 ) ) ;
#7587 = CARTESIAN_POINT ( 'NONE',  ( 1.346207732522999967, -0.03061339617533000157, 0.1003511142880000040 ) ) ;
#7588 = AXIS2_PLACEMENT_3D ( 'NONE', #6515, #8857, #5771 ) ;
#7589 = CARTESIAN_POINT ( 'NONE',  ( 0.7322039756092009188, 0.1702081562578999785, -0.1131290393270000111 ) ) ;
#7590 = CARTESIAN_POINT ( 'NONE',  ( 1.272185284417999940, -0.1038553219600999999, -0.005442826790652000035 ) ) ;
#7591 = FACE_OUTER_BOUND ( 'NONE', #161, .T. ) ;
#7592 = CARTESIAN_POINT ( 'NONE',  ( 0.7322749853665000419, 0.1414517059433000046, 0.06688350590146004138 ) ) ;
#7593 = DIRECTION ( 'NONE',  ( 0.000000000000000000, -0.5000000000000169864, -0.8660254037844288266 ) ) ;
#7594 = CIRCLE ( 'NONE', #7753, 0.1535433070865999949 ) ;
#7595 = EDGE_LOOP ( 'NONE', ( #8165, #8154, #2587, #9749 ) ) ;
#7596 = ORIENTED_EDGE ( 'NONE', *, *, #5589, .F. ) ;
#7597 = ORIENTED_EDGE ( 'NONE', *, *, #884, .F. ) ;
#7598 = DIRECTION ( 'NONE',  ( 1.000000000000000000, 0.000000000000000000, 0.000000000000000000 ) ) ;
#7599 = CARTESIAN_POINT ( 'NONE',  ( 1.345836141674999986, 0.06970076126568995611, -0.09835089344917008480 ) ) ;
#7600 = B_SPLINE_SURFACE_WITH_KNOTS ( 'NONE', 3, 3, ( 
 ( #5884, #5131, #7343, #8210, #1280, #5934, #3519, #9024, #8255, #7495, #5978, #9879, #5789, #8874, #6587, #1948, #5031, #9682, #9116, #773, #1433, #4731, #8560, #7802, #7599, #4628, #826, #670, #6077, #9171, #3754, #2951, #2239, #5326, #5377 ),
 ( #6833, #8402, #1586, #3964, #7648, #1480, #3864, #6938, #21, #9925, #8352, #2997, #4576, #70, #3101, #2341, #4681, #721, #1636, #5425, #4529, #3807, #6026, #7752, #2191, #5278, #6886, #3914, #6988, #2391, #6231, #6178, #9978, #875, #3048 ),
 ( #7041, #8510, #6129, #9221, #3154, #2288, #8455, #1533, #7706, #9268, #9325, #5477, #7232, #5579, #2642, #3405, #9378, #3257, #8045, #2593, #4832, #9526, #4067, #1021, #9425, #7999, #7902, #5730, #7854, #8664, #5530, #6474, #7184, #8713, #1787 ),
 ( #9571, #2444, #4879, #311, #4161, #9474, #8613, #5630, #6332, #8813, #1739, #6424, #4113, #6282, #5681, #6375, #1685, #2497, #974, #4780, #7143, #219, #3301, #927, #2546, #268, #7952, #3354, #8765, #1838, #4924, #4018, #1067, #1888, #4971 ) ),
 .UNSPECIFIED., .F., .F., .F.,
 ( 4, 4 ),
 ( 4, 1, 1, 1, 1, 1, 1, 1, 1, 1, 1, 1, 1, 1, 1, 1, 1, 1, 1, 1, 1, 1, 1, 1, 1, 1, 1, 1, 1, 1, 1, 1, 4 ),
 ( 0.6601182929569000546, 1.007446311688000140 ),
 ( 0.5154999999999999583, 0.5309374999999999512, 0.5463750000000000551, 0.5618125000000000480, 0.5772500000000000409, 0.5926875000000000338, 0.6081250000000000266, 0.6235625000000000195, 0.6390000000000000124, 0.6544375000000000053, 0.6698749999999999982, 0.6853124999999999911, 0.7007499999999999840, 0.7161874999999999769, 0.7316249999999999698, 0.7470624999999999627, 0.7624999999999999556, 0.7779374999999999485, 0.7933750000000000524, 0.8088125000000000453, 0.8242500000000000382, 0.8396875000000000311, 0.8551250000000000240, 0.8705625000000000169, 0.8860000000000000098, 0.9014375000000000027, 0.9168749999999999956, 0.9323124999999999885, 0.9477499999999999813, 0.9631874999999999742, 0.9786249999999999671, 0.9940624999999999600, 1.009500000000000064 ),
 .UNSPECIFIED. ) ;
#7601 = CARTESIAN_POINT ( 'NONE',  ( 0.7248214206942993343, -0.1656791313525999843, -0.1138391515323999986 ) ) ;
#7602 = CARTESIAN_POINT ( 'NONE',  ( 0.5841804246273000212, 0.1416844093523999815, 0.06361727143266003581 ) ) ;
#7603 = CARTESIAN_POINT ( 'NONE',  ( 1.245870679550999727, -0.06567428234212992211, -0.08110098452177991191 ) ) ;
#7604 = CARTESIAN_POINT ( 'NONE',  ( 1.261318084387330174, 0.008187905214244858496, 0.1040372000125746460 ) ) ;
#7605 = CARTESIAN_POINT ( 'NONE',  ( 0.7261087826327008443, -0.01566708392163000327, 0.1540858001287999934 ) ) ;
#7606 = VERTEX_POINT ( 'NONE', #8903 ) ;
#7607 = VERTEX_POINT ( 'NONE', #5863 ) ;
#7608 = ORIENTED_EDGE ( 'NONE', *, *, #6387, .F. ) ;
#7609 = B_SPLINE_CURVE_WITH_KNOTS ( 'NONE', 3,
 ( #4578, #6546, #1189, #4530, #5849, #6834, #8172, #622, #439, #6599 ),
 .UNSPECIFIED., .F., .F.,
 ( 4, 2, 2, 2, 4 ),
 ( 0.000000000000000000, 0.2500000000000000555, 0.5000000000000001110, 0.7500000000000000000, 1.000000000000000000 ),
 .UNSPECIFIED. ) ;
#7610 = CARTESIAN_POINT ( 'NONE',  ( 1.072042706275999846, -0.05217873381818999984, 0.09037621804796004688 ) ) ;
#7611 = ADVANCED_FACE ( 'NONE', ( #5056 ), #8954, .T. ) ;
#7612 = CARTESIAN_POINT ( 'NONE',  ( 0.5787401574803000548, 0.1355270815478999968, -0.06006233656727007902 ) ) ;
#7613 = EDGE_CURVE ( 'NONE', #3171, #8673, #3735, .T. ) ;
#7614 = CARTESIAN_POINT ( 'NONE',  ( 1.219090284474541486, -0.09444883965335044984, 0.07258425826477060694 ) ) ;
#7615 = EDGE_CURVE ( 'NONE', #1028, #1, #2025, .T. ) ;
#7616 = FACE_OUTER_BOUND ( 'NONE', #6241, .T. ) ;
#7617 = DIRECTION ( 'NONE',  ( 1.000000000000000000, 0.000000000000000000, 0.000000000000000000 ) ) ;
#7618 = CARTESIAN_POINT ( 'NONE',  ( 1.314478572399000011, 0.02558310426519000078, 0.1065612970813000077 ) ) ;
#7619 = ORIENTED_EDGE ( 'NONE', *, *, #5839, .T. ) ;
#7620 = ORIENTED_EDGE ( 'NONE', *, *, #5996, .T. ) ;
#7621 = DIRECTION ( 'NONE',  ( 0.9510340687309847274, 0.3090860723374453944, 0.000000000000000000 ) ) ;
#7622 = DIRECTION ( 'NONE',  ( -1.000000000000000000, 0.000000000000000000, 0.000000000000000000 ) ) ;
#7623 = EDGE_LOOP ( 'NONE', ( #4981, #5724, #8630, #318, #3957 ) ) ;
#7624 = CARTESIAN_POINT ( 'NONE',  ( 1.351492556210000195, -0.08782865787872007335, -0.06652073071077992117 ) ) ;
#7625 = CARTESIAN_POINT ( 'NONE',  ( 1.049740246063282978, 0.06788414817315126248, -0.07861556501514585515 ) ) ;
#7626 = CARTESIAN_POINT ( 'NONE',  ( 1.198709461998999970, 0.08975114846854999329, -0.08081229706146003666 ) ) ;
#7627 = EDGE_CURVE ( 'NONE', #3240, #6265, #6110, .T. ) ;
#7628 = DIRECTION ( 'NONE',  ( -1.000000000000000000, 0.000000000000000000, 0.000000000000000000 ) ) ;
#7629 = CARTESIAN_POINT ( 'NONE',  ( 1.132968237230500108, 0.03091510445189025666, 0.1150361429136075447 ) ) ;
#7630 = CARTESIAN_POINT ( 'NONE',  ( 1.368676176733239158, -0.05376119431681999905, -0.09009583869482007401 ) ) ;
#7631 = CARTESIAN_POINT ( 'NONE',  ( 0.8647971755392991344, -0.09315906177943997224, 0.1718838003608000042 ) ) ;
#7632 = DIRECTION ( 'NONE',  ( 1.000000000000000000, 0.000000000000000000, 0.000000000000000000 ) ) ;
#7633 = DIRECTION ( 'NONE',  ( 1.000000000000000000, 0.000000000000000000, 0.000000000000000000 ) ) ;
#7634 = VERTEX_POINT ( 'NONE', #5304 ) ;
#7635 = EDGE_LOOP ( 'NONE', ( #3553, #5571 ) ) ;
#7636 = CARTESIAN_POINT ( 'NONE',  ( 1.078750225942000096, 0.01714353714459000005, 0.1082400335946999970 ) ) ;
#7637 = DIRECTION ( 'NONE',  ( 0.000000000000000000, 1.000000000000000000, 0.000000000000000000 ) ) ;
#7638 = CARTESIAN_POINT ( 'NONE',  ( 1.132254311087000032, 0.1069382723879000047, 0.02356177724992000039 ) ) ;
#7639 = CARTESIAN_POINT ( 'NONE',  ( 1.223136727987000238, -0.008159577064295001070, 0.1036772567394999983 ) ) ;
#7640 = CARTESIAN_POINT ( 'NONE',  ( 1.320443836260499992, 0.03091510445189023931, 0.1150361429136075864 ) ) ;
#7641 = CARTESIAN_POINT ( 'NONE',  ( 0.6498031496062991463, 0.000000000000000000, 0.000000000000000000 ) ) ;
#7642 = CARTESIAN_POINT ( 'NONE',  ( 0.7244094488188976833, -0.1655628205247000329, -0.1137719994447000116 ) ) ;
#7643 = ORIENTED_EDGE ( 'NONE', *, *, #2910, .F. ) ;
#7644 = ORIENTED_EDGE ( 'NONE', *, *, #1806, .T. ) ;
#7645 = EDGE_LOOP ( 'NONE', ( #9640, #3929, #3857, #2992 ) ) ;
#7646 = DIRECTION ( 'NONE',  ( 0.000000000000000000, 0.000000000000000000, -1.000000000000000000 ) ) ;
#7647 = CARTESIAN_POINT ( 'NONE',  ( 1.238805529230999847, -0.07158739411699999167, 0.07543737314114999648 ) ) ;
#7648 = CARTESIAN_POINT ( 'NONE',  ( 1.383188032890000141, 0.08245393509903994889, -0.08011295814933995507 ) ) ;
#7649 = CARTESIAN_POINT ( 'NONE',  ( 0.7248214206942993343, 0.1814271628486000265, -0.08656276086205001719 ) ) ;
#7650 = CARTESIAN_POINT ( 'NONE',  ( 1.257287668280749449, -0.09444883965335029719, -0.07258425826477082898 ) ) ;
#7651 = AXIS2_PLACEMENT_3D ( 'NONE', #3810, #3157, #2290 ) ;
#7652 = CARTESIAN_POINT ( 'NONE',  ( 1.230942858027999964, -0.008187792543228997535, 0.1040357683916000170 ) ) ;
#7653 = CARTESIAN_POINT ( 'NONE',  ( 1.212269527956391757, 0.1042158834341182921, -0.005461723016800367446 ) ) ;
#7654 = CARTESIAN_POINT ( 'NONE',  ( 0.7352427161525000310, -0.008739607168150000799, 0.1569883113364000105 ) ) ;
#7655 = ORIENTED_EDGE ( 'NONE', *, *, #5624, .T. ) ;
#7656 = EDGE_CURVE ( 'NONE', #1667, #7845, #8533, .T. ) ;
#7657 = B_SPLINE_CURVE_WITH_KNOTS ( 'NONE', 3,
 ( #139, #2564, #6961, #2359, #9342, #3322, #37, #4035, #2518, #9397, #7115, #6396, #190 ),
 .UNSPECIFIED., .F., .F.,
 ( 4, 1, 1, 1, 1, 1, 1, 1, 1, 1, 4 ),
 ( 0.000000000000000000, 0.1000000000000000056, 0.2000000000000000111, 0.2999999999999999889, 0.4000000000000000222, 0.5000000000000000000, 0.5999999999999999778, 0.6999999999999999556, 0.8000000000000000444, 0.9000000000000000222, 1.000000000000000000 ),
 .UNSPECIFIED. ) ;
#7658 = CARTESIAN_POINT ( 'NONE',  ( 1.047163003739000064, -0.03102579983720000004, -0.09823580676703996817 ) ) ;
#7659 = EDGE_CURVE ( 'NONE', #3349, #4774, #1788, .T. ) ;
#7660 = CARTESIAN_POINT ( 'NONE',  ( 0.5795727200239999544, 0.01574803149606000124, 0.1505976639562000008 ) ) ;
#7661 = CARTESIAN_POINT ( 'NONE',  ( 0.01181102362204999867, 0.000000000000000000, 0.000000000000000000 ) ) ;
#7662 = CARTESIAN_POINT ( 'NONE',  ( 0.5984251968503937480, 0.01574803149606000124, -0.1210269775506999934 ) ) ;
#7663 = CARTESIAN_POINT ( 'NONE',  ( 0.7309161263692007804, 0.1415909477620999890, -0.06576194232302992604 ) ) ;
#7664 = AXIS2_PLACEMENT_3D ( 'NONE', #2976, #3785, #3027 ) ;
#7665 = CARTESIAN_POINT ( 'NONE',  ( 1.259032378172999955, 0.03658164642932999755, -0.1033033827283000028 ) ) ;
#7666 = ORIENTED_EDGE ( 'NONE', *, *, #1506, .F. ) ;
#7667 = VERTEX_POINT ( 'NONE', #798 ) ;
#7668 = EDGE_CURVE ( 'NONE', #5511, #8844, #6203, .T. ) ;
#7669 = ADVANCED_FACE ( 'NONE', ( #9246 ), #3025, .F. ) ;
#7670 = PLANE ( 'NONE',  #315 ) ;
#7671 = TOROIDAL_SURFACE ( 'NONE', #2991, 0.2066929133858000089, 0.007874015748031005027 ) ;
#7672 = CARTESIAN_POINT ( 'NONE',  ( 1.189219650200000089, 0.08600339255113996495, 0.05910895993968996731 ) ) ;
#7673 = CARTESIAN_POINT ( 'NONE',  ( 1.314589198080999832, -0.002728173668608999732, -0.1157658260929000094 ) ) ;
#7674 = CARTESIAN_POINT ( 'NONE',  ( 1.156103418008489259, -0.09568863053261984775, -0.04144086018495431872 ) ) ;
#7675 = CARTESIAN_POINT ( 'NONE',  ( 1.298939120792000024, -0.1090071540550999890, 0.05199325309835000491 ) ) ;
#7676 = CARTESIAN_POINT ( 'NONE',  ( 1.052644615479999990, -0.02713672894063000329, -0.1106773350079000157 ) ) ;
#7677 = DIRECTION ( 'NONE',  ( -0.7071067811865474617, 0.7071067811865474617, -7.140051273103473960E-10 ) ) ;
#7678 = CARTESIAN_POINT ( 'NONE',  ( 1.375905507442238607, 0.06059705576737992039, -0.08564766778826005122 ) ) ;
#7679 = CARTESIAN_POINT ( 'NONE',  ( 1.283886872401500012, 0.1150361429136073088, 0.03091510445189111014 ) ) ;
#7680 = CARTESIAN_POINT ( 'NONE',  ( 1.173978735917999838, 0.000000000000000000, 0.1181102362205000006 ) ) ;
#7681 = CARTESIAN_POINT ( 'NONE',  ( 0.7095549599062008772, -0.01574803149606000124, 0.1497984718652000113 ) ) ;
#7682 = ORIENTED_EDGE ( 'NONE', *, *, #9786, .F. ) ;
#7683 = VERTEX_POINT ( 'NONE', #2368 ) ;
#7684 = ORIENTED_EDGE ( 'NONE', *, *, #8649, .F. ) ;
#7685 = EDGE_CURVE ( 'NONE', #462, #4048, #3783, .T. ) ;
#7686 = AXIS2_PLACEMENT_3D ( 'NONE', #1102, #3443, #4492 ) ;
#7687 = CARTESIAN_POINT ( 'NONE',  ( 1.117136052714000183, 0.03386494350304000006, 0.1042255791066999948 ) ) ;
#7688 = ADVANCED_FACE ( 'NONE', ( #9147 ), #3184, .T. ) ;
#7689 = VECTOR ( 'NONE', #6284, 39.37007874015748143 ) ;
#7690 = AXIS2_PLACEMENT_3D ( 'NONE', #5642, #4743, #7153 ) ;
#7691 = VECTOR ( 'NONE', #7363, 39.37007874015748143 ) ;
#7692 = CARTESIAN_POINT ( 'NONE',  ( 0.8581926149423996231, -0.09146980171568996898, -0.1652792562029000156 ) ) ;
#7693 = CARTESIAN_POINT ( 'NONE',  ( 1.115544687377999944, -0.08433383317377007860, -0.06984809253440001087 ) ) ;
#7694 = CARTESIAN_POINT ( 'NONE',  ( 1.291378197803000116, 0.1039622099295000046, -0.002722346286127999820 ) ) ;
#7695 = CARTESIAN_POINT ( 'NONE',  ( 1.163584855542000085, 0.05294102136980000095, -0.09585509799052992219 ) ) ;
#7696 = PLANE ( 'NONE',  #861 ) ;
#7697 = DIRECTION ( 'NONE',  ( 1.000000000000000000, 0.000000000000000000, 0.000000000000000000 ) ) ;
#7698 = DIRECTION ( 'NONE',  ( 0.000000000000000000, 0.000000000000000000, 1.000000000000000000 ) ) ;
#7699 = EDGE_LOOP ( 'NONE', ( #8959, #5587, #1376, #6315 ) ) ;
#7700 = ORIENTED_EDGE ( 'NONE', *, *, #9045, .F. ) ;
#7701 = AXIS2_PLACEMENT_3D ( 'NONE', #4708, #2473, #3941 ) ;
#7702 = ORIENTED_EDGE ( 'NONE', *, *, #1808, .T. ) ;
#7703 = EDGE_CURVE ( 'NONE', #5149, #8747, #8405, .T. ) ;
#7704 = CARTESIAN_POINT ( 'NONE',  ( -0.8092125984251968829, -0.3740157480314960647, -0.3740157480314960647 ) ) ;
#7705 = DIRECTION ( 'NONE',  ( 0.000000000000000000, 0.000000000000000000, -1.000000000000000000 ) ) ;
#7706 = CARTESIAN_POINT ( 'NONE',  ( 1.371917876861000085, -0.05181525421093000766, -0.09633204194796003705 ) ) ;
#7707 = AXIS2_PLACEMENT_3D ( 'NONE', #7460, #5091, #6698 ) ;
#7708 = CARTESIAN_POINT ( 'NONE',  ( 1.317749363439026711, -0.07157135887411535113, 0.07536126796086271840 ) ) ;
#7709 = CARTESIAN_POINT ( 'NONE',  ( 1.259748298201999184, -0.05948255673673412403, -0.1032031167347790407 ) ) ;
#7710 = CARTESIAN_POINT ( 'NONE',  ( 1.254400863277999933, 0.06567428234212992211, -0.08110098452177991191 ) ) ;
#7711 = CARTESIAN_POINT ( 'NONE',  ( 1.271980814046330233, -0.1042158834341182921, -0.005461723016800369181 ) ) ;
#7712 = CARTESIAN_POINT ( 'NONE',  ( 0.7362204724408996093, 0.000000000000000000, 0.000000000000000000 ) ) ;
#7713 = ORIENTED_EDGE ( 'NONE', *, *, #8162, .F. ) ;
#7714 = CARTESIAN_POINT ( 'NONE',  ( 1.138208171322000029, 0.07569823244745001178, 0.07183494035557008717 ) ) ;
#7715 = CONICAL_SURFACE ( 'NONE', #3033, 0.1909453919547999812, 0.7854096901918675711 ) ;
#7716 = CARTESIAN_POINT ( 'NONE',  ( 0.7362204724408996093, 0.000000000000000000, -0.2185039370079000232 ) ) ;
#7717 = CARTESIAN_POINT ( 'NONE',  ( 1.216629654553166517, -0.05948255673673431138, 0.1032031167347789297 ) ) ;
#7718 = CARTESIAN_POINT ( 'NONE',  ( 0.6384300492122009230, 0.01574803149606000124, -0.1313958731717000117 ) ) ;
#7719 = CARTESIAN_POINT ( 'NONE',  ( 1.246237102583000134, -0.1086517079254000068, 0.01430426871551000040 ) ) ;
#7720 = ORIENTED_EDGE ( 'NONE', *, *, #2171, .F. ) ;
#7721 = ORIENTED_EDGE ( 'NONE', *, *, #6893, .T. ) ;
#7722 = PLANE ( 'NONE',  #9845 ) ;
#7723 = DIRECTION ( 'NONE',  ( 0.000000000000000000, 1.000000000000000000, 0.000000000000000000 ) ) ;
#7724 = CARTESIAN_POINT ( 'NONE',  ( 1.379606620077000301, -0.04451944777096000089, 0.09880720448824999169 ) ) ;
#7725 = CARTESIAN_POINT ( 'NONE',  ( 1.078821408352488964, -0.08355244331921288237, -0.06239109008017881819 ) ) ;
#7726 = CARTESIAN_POINT ( 'NONE',  ( 1.266950931816000159, -0.08975114846854999329, -0.08081229706146003666 ) ) ;
#7727 = CARTESIAN_POINT ( 'NONE',  ( 1.087504203714499740, -0.03091510445189072157, 0.1150361429136074198 ) ) ;
#7728 = DIRECTION ( 'NONE',  ( 7.232493737953139821E-40, -1.000000000000000000, 1.580723225925000049E-11 ) ) ;
#7729 = DIRECTION ( 'NONE',  ( 1.000000000000000000, 0.000000000000000000, 0.000000000000000000 ) ) ;
#7730 = EDGE_CURVE ( 'NONE', #9653, #9215, #4549, .T. ) ;
#7731 = CARTESIAN_POINT ( 'NONE',  ( 1.272403932768999990, 0.000000000000000000, -0.1181102362205000006 ) ) ;
#7732 = DIRECTION ( 'NONE',  ( 0.000000000000000000, -0.1290322580644962247, 0.9916403967057701996 ) ) ;
#7733 = CARTESIAN_POINT ( 'NONE',  ( 0.7294508865112008245, -0.01465515893891999877, -0.2020564412947000177 ) ) ;
#7734 = VERTEX_POINT ( 'NONE', #6258 ) ;
#7735 = ORIENTED_EDGE ( 'NONE', *, *, #619, .T. ) ;
#7736 = CARTESIAN_POINT ( 'NONE',  ( 1.076617680011000111, 0.05229147506158000197, 0.09630891637991004228 ) ) ;
#7737 = TOROIDAL_SURFACE ( 'NONE', #2248, 0.1181102362205000006, 0.01968503937007999929 ) ;
#7738 = CARTESIAN_POINT ( 'NONE',  ( 1.011811023621999928, 0.000000000000000000, 0.000000000000000000 ) ) ;
#7739 = CARTESIAN_POINT ( 'NONE',  ( 1.065415816249000169, -0.05681434230053000745, 0.09361133455683995352 ) ) ;
#7740 = CARTESIAN_POINT ( 'NONE',  ( 1.293510743734999968, 0.09890783045037992993, 0.03213710226366000428 ) ) ;
#7741 = CARTESIAN_POINT ( 'NONE',  ( 1.108267654048000095, -0.05831530153523000609, 0.08601103677861003660 ) ) ;
#7742 = CARTESIAN_POINT ( 'NONE',  ( 1.299118376942999697, -0.05948255673673411709, -0.1032031167347790546 ) ) ;
#7743 = DIRECTION ( 'NONE',  ( 0.000000000000000000, 1.000000000000000000, 0.000000000000000000 ) ) ;
#7744 = DIRECTION ( 'NONE',  ( 1.000000000000000000, 0.000000000000000000, 0.000000000000000000 ) ) ;
#7745 = EDGE_CURVE ( 'NONE', #8859, #5673, #183, .T. ) ;
#7746 = ORIENTED_EDGE ( 'NONE', *, *, #6185, .T. ) ;
#7747 = ORIENTED_EDGE ( 'NONE', *, *, #6161, .F. ) ;
#7748 = ORIENTED_EDGE ( 'NONE', *, *, #2674, .T. ) ;
#7749 = CARTESIAN_POINT ( 'NONE',  ( 1.309161612868886770, -0.09910312592537208476, 0.03040869323293934195 ) ) ;
#7750 = LINE ( 'NONE', #8351, #322 ) ;
#7751 = CARTESIAN_POINT ( 'NONE',  ( 1.208949886185999967, -0.07908058356902993025, -0.06754119902232992578 ) ) ;
#7752 = CARTESIAN_POINT ( 'NONE',  ( 1.344695578822000082, 0.09283067595079999568, -0.06781745947321003720 ) ) ;
#7753 = AXIS2_PLACEMENT_3D ( 'NONE', #1759, #8631, #7922 ) ;
#7754 = CARTESIAN_POINT ( 'NONE',  ( 1.281660134397482720, -0.1000599994510000118, 0.02963912214328001324 ) ) ;
#7755 = LINE ( 'NONE', #6132, #8294 ) ;
#7756 = CARTESIAN_POINT ( 'NONE',  ( 1.184083388691000049, 0.04492705090909000082, 0.09419148551886005749 ) ) ;
#7757 = EDGE_CURVE ( 'NONE', #4246, #8462, #2018, .T. ) ;
#7758 = CARTESIAN_POINT ( 'NONE',  ( 1.182413884912330015, 0.01090847501141099275, 0.1037872224836424717 ) ) ;
#7759 = CARTESIAN_POINT ( 'NONE',  ( 0.7294037235237007533, -0.01468651514043000164, 0.1550339872704999677 ) ) ;
#7760 = CIRCLE ( 'NONE', #3401, 0.1478229366753000540 ) ;
#7761 = ORIENTED_EDGE ( 'NONE', *, *, #3923, .F. ) ;
#7762 = VERTEX_POINT ( 'NONE', #1913 ) ;
#7763 = CARTESIAN_POINT ( 'NONE',  ( 1.054982338822000099, 0.08442697196611004262, -0.06133978363043995907 ) ) ;
#7764 = CARTESIAN_POINT ( 'NONE',  ( 0.5810294838684999519, 0.1400374037106000003, -0.06266637228197992349 ) ) ;
#7765 = DIRECTION ( 'NONE',  ( 1.000000000000000000, 0.000000000000000000, 0.000000000000000000 ) ) ;
#7766 = CARTESIAN_POINT ( 'NONE',  ( 0.7519685039370078705, 0.1122047244094000057, 0.000000000000000000 ) ) ;
#7767 = CARTESIAN_POINT ( 'NONE',  ( 1.288888021218000279, -0.1012472735857000011, -0.04193799387248999672 ) ) ;
#7768 = EDGE_LOOP ( 'NONE', ( #1581, #8423, #7620, #342 ) ) ;
#7769 = ORIENTED_EDGE ( 'NONE', *, *, #4169, .T. ) ;
#7770 = CARTESIAN_POINT ( 'NONE',  ( 1.064889735990456110, -0.1181146700560905677, 0.01546003782853413826 ) ) ;
#7771 = CARTESIAN_POINT ( 'NONE',  ( 1.155098915291999928, 0.01362138288035000082, 0.1034646750344000027 ) ) ;
#7772 = CARTESIAN_POINT ( 'NONE',  ( 1.339443671695999871, -0.03214814890917000456, 0.1053820538843000115 ) ) ;
#7773 = CARTESIAN_POINT ( 'NONE',  ( 1.147748606154425755, -0.06278455862274090471, 0.08325718049845422242 ) ) ;
#7774 = DIRECTION ( 'NONE',  ( 0.000000000000000000, -1.000000000000000000, 0.000000000000000000 ) ) ;
#7775 = CARTESIAN_POINT ( 'NONE',  ( 0.7322039756092009188, -0.1830767000919000242, -0.09084006758720000740 ) ) ;
#7776 = CARTESIAN_POINT ( 'NONE',  ( 1.123945927519249821, 0.1181102362205000561, -0.01546059376766952508 ) ) ;
#7777 = CARTESIAN_POINT ( 'NONE',  ( 1.381889763779999836, 0.1023622047244000105, 0.000000000000000000 ) ) ;
#7778 = CARTESIAN_POINT ( 'NONE',  ( 0.7361458027627009182, 0.005568426506849000722, -0.1573654568222000172 ) ) ;
#7779 = CARTESIAN_POINT ( 'NONE',  ( 0.6751361352972008456, -0.1673973104412000146, -0.07846262179793997427 ) ) ;
#7780 = FACE_OUTER_BOUND ( 'NONE', #7540, .T. ) ;
#7781 = ORIENTED_EDGE ( 'NONE', *, *, #5839, .F. ) ;
#7782 = EDGE_LOOP ( 'NONE', ( #7313, #568, #608, #9774 ) ) ;
#7783 = CARTESIAN_POINT ( 'NONE',  ( 1.124632300884000013, -0.1022563938277000067, 0.01895210237017000074 ) ) ;
#7784 = DIRECTION ( 'NONE',  ( 0.000000000000000000, 0.8660254037844288266, 0.5000000000000169864 ) ) ;
#7785 = CARTESIAN_POINT ( 'NONE',  ( 1.136431717014000142, 0.06947003718722008503, 0.08464552783037009032 ) ) ;
#7786 = CARTESIAN_POINT ( 'NONE',  ( 1.243428251747999980, 0.06896675547350000768, -0.08516685022967009078 ) ) ;
#7787 = CARTESIAN_POINT ( 'NONE',  ( 1.148963934796000119, -0.1058791795424000037, 0.02793833903292000306 ) ) ;
#7788 = CARTESIAN_POINT ( 'NONE',  ( 1.302399216837999862, 0.000000000000000000, -0.1181102362205000006 ) ) ;
#7789 = PLANE ( 'NONE',  #2676 ) ;
#7790 = DIRECTION ( 'NONE',  ( -1.000000000000000000, 0.000000000000000000, 0.000000000000000000 ) ) ;
#7791 = ORIENTED_EDGE ( 'NONE', *, *, #2617, .T. ) ;
#7792 = ORIENTED_EDGE ( 'NONE', *, *, #356, .T. ) ;
#7793 = VERTEX_POINT ( 'NONE', #4947 ) ;
#7794 = CYLINDRICAL_SURFACE ( 'NONE', #6771, 0.1220472440945000042 ) ;
#7795 = ADVANCED_FACE ( 'NONE', ( #7879 ), #337, .F. ) ;
#7796 = EDGE_CURVE ( 'NONE', #9653, #2724, #8082, .T. ) ;
#7797 = B_SPLINE_CURVE_WITH_KNOTS ( 'NONE', 3,
 ( #6701, #5946, #9036, #4442, #9843, #2915 ),
 .UNSPECIFIED., .F., .F.,
 ( 4, 2, 4 ),
 ( 0.000000000000000000, 0.5000000000000000000, 1.000000000000000000 ),
 .UNSPECIFIED. ) ;
#7798 = EDGE_CURVE ( 'NONE', #5785, #1015, #2569, .T. ) ;
#7799 = DIRECTION ( 'NONE',  ( 0.7071067811865474617, -7.069491606818472588E-10, -0.7071067811865474617 ) ) ;
#7800 = CARTESIAN_POINT ( 'NONE',  ( 0.7346171654644999549, -0.1742834916338999729, -0.1121585957167999942 ) ) ;
#7801 = EDGE_LOOP ( 'NONE', ( #1198, #6803, #5470, #7911, #535, #5921 ) ) ;
#7802 = CARTESIAN_POINT ( 'NONE',  ( 1.347862060310000221, 0.09733711383937992956, -0.07110963811725000416 ) ) ;
#7803 = LINE ( 'NONE', #876, #3097 ) ;
#7804 = CARTESIAN_POINT ( 'NONE',  ( 1.319553805774000166, -0.08864826967872008190, 0.05118110236220000525 ) ) ;
#7805 = DIRECTION ( 'NONE',  ( 0.000000000000000000, -0.9143635271356941319, 0.4048942334041975566 ) ) ;
#7806 = CARTESIAN_POINT ( 'NONE',  ( 1.199011210213000167, -0.09742608914478996518, -0.03739837169383999904 ) ) ;
#7807 = CARTESIAN_POINT ( 'NONE',  ( 1.220799711683391520, 0.02701007179959754104, 0.1008029602722022855 ) ) ;
#7808 = DIRECTION ( 'NONE',  ( -1.000000000000000000, -2.404547432529000009E-14, 0.000000000000000000 ) ) ;
#7809 = DIRECTION ( 'NONE',  ( 0.000000000000000000, -1.692939283033999893E-09, -1.000000000000000000 ) ) ;
#7810 = ORIENTED_EDGE ( 'NONE', *, *, #2053, .T. ) ;
#7811 = B_SPLINE_CURVE_WITH_KNOTS ( 'NONE', 3,
 ( #419, #3701, #7543, #6779, #6579, #3607, #9823, #2749, #8152, #4319, #5832, #1940, #8967 ),
 .UNSPECIFIED., .F., .F.,
 ( 4, 1, 1, 1, 1, 1, 1, 1, 1, 1, 4 ),
 ( 0.000000000000000000, 0.1000000000000000056, 0.2000000000000000111, 0.2999999999999999889, 0.4000000000000000222, 0.5000000000000000000, 0.5999999999999999778, 0.6999999999999999556, 0.8000000000000000444, 0.9000000000000000222, 1.000000000000000000 ),
 .UNSPECIFIED. ) ;
#7812 = ADVANCED_FACE ( 'NONE', ( #8840 ), #3379, .T. ) ;
#7813 = EDGE_CURVE ( 'NONE', #6265, #7191, #3822, .T. ) ;
#7814 = CIRCLE ( 'NONE', #3297, 0.1535433070865999949 ) ;
#7815 = CARTESIAN_POINT ( 'NONE',  ( 1.155268538775999998, -0.09837167890033997331, -0.03483523850896000362 ) ) ;
#7816 = CARTESIAN_POINT ( 'NONE',  ( 0.7352433518528995737, 0.008738106104443995811, 0.1569885571557000092 ) ) ;
#7817 = CARTESIAN_POINT ( 'NONE',  ( 1.154293696547999959, 0.000000000000000000, -0.1181102362205000006 ) ) ;
#7818 = CARTESIAN_POINT ( 'NONE',  ( 0.7362204724408996093, 0.000000000000000000, 0.000000000000000000 ) ) ;
#7819 = CARTESIAN_POINT ( 'NONE',  ( 1.227044189197000090, 0.1094390709590000038, -0.005735458675759000542 ) ) ;
#7820 = VERTEX_POINT ( 'NONE', #290 ) ;
#7821 = EDGE_LOOP ( 'NONE', ( #212, #6852, #1164, #1498, #7608, #4885 ) ) ;
#7822 = CARTESIAN_POINT ( 'NONE',  ( 1.074732539235903062, -0.01546028885780082775, -0.1181051219927566898 ) ) ;
#7823 = DIRECTION ( 'NONE',  ( 1.000000000000000000, 0.000000000000000000, 0.000000000000000000 ) ) ;
#7824 = CARTESIAN_POINT ( 'NONE',  ( 0.8647971149727993190, 0.09315903224653997172, 0.1718837498349999882 ) ) ;
#7825 = CARTESIAN_POINT ( 'NONE',  ( 1.363866027570766581, -0.04511989486859758341, 0.1113956781735310625 ) ) ;
#7826 = DIRECTION ( 'NONE',  ( 1.000000000000000000, 0.000000000000000000, -7.132501819296999950E-11 ) ) ;
#7827 = CARTESIAN_POINT ( 'NONE',  ( 1.054230466346000039, 0.0007450085666821003533, -0.1020445245444999982 ) ) ;
#7828 = DIRECTION ( 'NONE',  ( 0.000000000000000000, 0.000000000000000000, 1.000000000000000000 ) ) ;
#7829 = CARTESIAN_POINT ( 'NONE',  ( 1.349397961510238053, 0.04780244526199000504, 0.09339407042860001229 ) ) ;
#7830 = CARTESIAN_POINT ( 'NONE',  ( 0.6102362204723996708, 0.2755905511811023723, 0.000000000000000000 ) ) ;
#7831 = DIRECTION ( 'NONE',  ( 1.000000000000000000, 0.000000000000000000, 0.000000000000000000 ) ) ;
#7832 = CARTESIAN_POINT ( 'NONE',  ( 0.6804168098318996716, -0.01574803149606000124, 0.1422635586127000140 ) ) ;
#7833 = ORIENTED_EDGE ( 'NONE', *, *, #3506, .T. ) ;
#7834 = ORIENTED_EDGE ( 'NONE', *, *, #5151, .T. ) ;
#7835 = PRESENTATION_LAYER_ASSIGNMENT (  '', '', ( #3312 ) ) ;
#7836 = CARTESIAN_POINT ( 'NONE',  ( 1.057424766624999846, -0.04372173531400999624, -0.09820062533417991957 ) ) ;
#7837 = CARTESIAN_POINT ( 'NONE',  ( 1.310672082083000012, -0.1049127410514000130, -0.0009340167972486004399 ) ) ;
#7838 = CARTESIAN_POINT ( 'NONE',  ( 1.154152265163000068, -0.05471374658356999848, -0.1012529782290999963 ) ) ;
#7839 = CARTESIAN_POINT ( 'NONE',  ( 1.230632976157000291, -0.1071944709820000091, -0.02278488818198000018 ) ) ;
#7840 = CARTESIAN_POINT ( 'NONE',  ( 1.135420792574999949, 0.1014821179617999836, 0.02235961929135000040 ) ) ;
#7841 = DIRECTION ( 'NONE',  ( 0.000000000000000000, 0.9143635271356941319, -0.4048942334041975566 ) ) ;
#7842 = CARTESIAN_POINT ( 'NONE',  ( 0.5802225801515999981, -0.01574803149606000124, -0.1516616549527999847 ) ) ;
#7843 = CYLINDRICAL_SURFACE ( 'NONE', #3152, 0.1181102362205000006 ) ;
#7844 = AXIS2_PLACEMENT_3D ( 'NONE', #4251, #402, #9660 ) ;
#7845 = VERTEX_POINT ( 'NONE', #7929 ) ;
#7846 = EDGE_CURVE ( 'NONE', #7606, #5673, #339, .T. ) ;
#7847 = VERTEX_POINT ( 'NONE', #8690 ) ;
#7848 = AXIS2_PLACEMENT_3D ( 'NONE', #6233, #8615, #3865 ) ;
#7849 = AXIS2_PLACEMENT_3D ( 'NONE', #242, #1042, #4135 ) ;
#7850 = CARTESIAN_POINT ( 'NONE',  ( 1.166119934326000029, -0.02510992795911999934, 0.1181329231232999960 ) ) ;
#7851 = AXIS2_PLACEMENT_3D ( 'NONE', #6810, #4456, #1258 ) ;
#7852 = CARTESIAN_POINT ( 'NONE',  ( 0.5987259261576004521, 0.1457995700016000151, -0.06599316054122007780 ) ) ;
#7853 = CARTESIAN_POINT ( 'NONE',  ( 1.234540437366999921, -0.008159577064295001070, 0.1036772567394999983 ) ) ;
#7854 = CARTESIAN_POINT ( 'NONE',  ( 1.331399504157000147, -0.06850272214707991969, -0.08527637176568995947 ) ) ;
#7855 = FACE_OUTER_BOUND ( 'NONE', #1139, .T. ) ;
#7856 = CARTESIAN_POINT ( 'NONE',  ( 0.7244094488188976833, 0.01574803149606000124, -0.1536382109453000022 ) ) ;
#7857 = DIRECTION ( 'NONE',  ( 0.000000000000000000, 0.000000000000000000, 1.000000000000000000 ) ) ;
#7858 = CARTESIAN_POINT ( 'NONE',  ( 1.307827593894000051, -0.09419155717462007749, 0.04492664279108000286 ) ) ;
#7859 = AXIS2_PLACEMENT_3D ( 'NONE', #2933, #7288, #6865 ) ;
#7860 = CARTESIAN_POINT ( 'NONE',  ( 1.209715489803250055, -0.09444883965335040821, 0.07258425826477060694 ) ) ;
#7861 = CARTESIAN_POINT ( 'NONE',  ( 1.051011284295000792, -6.189844967847465334E-10, -0.1023603114228607974 ) ) ;
#7862 = EDGE_CURVE ( 'NONE', #7667, #6903, #1862, .T. ) ;
#7863 = CARTESIAN_POINT ( 'NONE',  ( 0.7294509068517992523, 0.01465514892560000094, -0.2020564520581999979 ) ) ;
#7864 = EDGE_CURVE ( 'NONE', #88, #4624, #6306, .T. ) ;
#7865 = EDGE_LOOP ( 'NONE', ( #3609, #9847, #3943, #3725, #4398, #1314 ) ) ;
#7866 = CIRCLE ( 'NONE', #7347, 0.08267716535433068670 ) ;
#7867 = CARTESIAN_POINT ( 'NONE',  ( 1.123280349800000133, -0.005461647859861000140, -0.1042144493542999928 ) ) ;
#7868 = B_SPLINE_CURVE_WITH_KNOTS ( 'NONE', 3,
 ( #4039, #5653, #5604, #2520, #4853, #6398, #899, #142, #8737, #1811, #8583, #2615, #7256, #1859 ),
 .UNSPECIFIED., .F., .F.,
 ( 4, 1, 1, 1, 1, 1, 1, 1, 1, 1, 1, 4 ),
 ( 0.000000000000000000, 0.09090909090909000956, 0.1818181818182000031, 0.2727272727273000186, 0.3636363636364000063, 0.4545454545454999939, 0.5454545454545000061, 0.6363636363636000493, 0.7272727272726999814, 0.8181818181818000246, 0.9090909090908999568, 1.000000000000000000 ),
 .UNSPECIFIED. ) ;
#7869 = CARTESIAN_POINT ( 'NONE',  ( 1.282067419229000027, -0.1000599994510000118, 0.02963912214327999936 ) ) ;
#7870 = DIRECTION ( 'NONE',  ( 0.000000000000000000, 1.000000000000000000, 0.000000000000000000 ) ) ;
#7871 = LINE ( 'NONE', #6488, #681 ) ;
#7872 = EDGE_CURVE ( 'NONE', #4524, #4167, #2858, .T. ) ;
#7873 = CARTESIAN_POINT ( 'NONE',  ( 1.203586183947999988, -0.08694300485362992104, 0.06671371389544999975 ) ) ;
#7874 = ORIENTED_EDGE ( 'NONE', *, *, #6937, .F. ) ;
#7875 = DIRECTION ( 'NONE',  ( 1.000000000000000000, 0.000000000000000000, 0.000000000000000000 ) ) ;
#7876 = CARTESIAN_POINT ( 'NONE',  ( 1.161496553087000061, -0.08110098452177008643, 0.06567428234212992211 ) ) ;
#7877 = CARTESIAN_POINT ( 'NONE',  ( 1.302540313567000174, -0.1077213619180000109, 0.04248770614300000081 ) ) ;
#7878 = CARTESIAN_POINT ( 'NONE',  ( 1.362386909550781233, -0.01757307003663825459, 0.1176478435431808911 ) ) ;
#7879 = FACE_OUTER_BOUND ( 'NONE', #1476, .T. ) ;
#7880 = CARTESIAN_POINT ( 'NONE',  ( 0.6498031496062991463, 0.3740157480314960647, 0.5314960629921000601 ) ) ;
#7881 = CARTESIAN_POINT ( 'NONE',  ( 0.4921259842520000483, 0.3740157480314960647, 0.5314960629921000601 ) ) ;
#7882 = LINE ( 'NONE', #1564, #9455 ) ;
#7883 = ADVANCED_FACE ( 'NONE', ( #4290, #9745 ), #4392, .F. ) ;
#7884 = CARTESIAN_POINT ( 'NONE',  ( 1.297353530127000054, -0.08975114846854999329, -0.08081229706146003666 ) ) ;
#7885 = ORIENTED_EDGE ( 'NONE', *, *, #8912, .T. ) ;
#7886 = EDGE_LOOP ( 'NONE', ( #6639, #4257, #7958, #5984, #1837, #2045 ) ) ;
#7887 = CARTESIAN_POINT ( 'NONE',  ( 1.077716290386000031, -0.01895210237088000224, 0.1022563938280000168 ) ) ;
#7888 = AXIS2_PLACEMENT_3D ( 'NONE', #8698, #7937, #5716 ) ;
#7889 = FACE_OUTER_BOUND ( 'NONE', #9066, .T. ) ;
#7890 = CARTESIAN_POINT ( 'NONE',  ( 1.148897080710000074, -0.08895041741426004678, -0.08155256424312007368 ) ) ;
#7891 = CARTESIAN_POINT ( 'NONE',  ( 1.198644787180999982, -0.01997105624407000124, -0.1077541769543000072 ) ) ;
#7892 = CARTESIAN_POINT ( 'NONE',  ( 1.097824139229000018, 0.09120042074819999234, 0.04981020072462000181 ) ) ;
#7893 = CARTESIAN_POINT ( 'NONE',  ( 0.7346171654644999549, -0.009990447326574999204, 0.2070132290736000358 ) ) ;
#7894 = CARTESIAN_POINT ( 'NONE',  ( 1.101377982167364378, 0.07379187303341003257, -0.07379187303341003257 ) ) ;
#7895 = DIRECTION ( 'NONE',  ( 0.000000000000000000, 1.000000000000000000, 0.000000000000000000 ) ) ;
#7896 = ORIENTED_EDGE ( 'NONE', *, *, #3306, .F. ) ;
#7897 = EDGE_LOOP ( 'NONE', ( #1337, #395, #368, #4414, #9834, #7019, #6755, #2068, #2738, #9057, #3296 ) ) ;
#7898 = AXIS2_PLACEMENT_3D ( 'NONE', #479, #2049, #3706 ) ;
#7899 = CARTESIAN_POINT ( 'NONE',  ( 1.190676549950000052, 0.1148255813840999978, -0.009036952326228996080 ) ) ;
#7900 = CARTESIAN_POINT ( 'NONE',  ( 1.196944615182999883, 0.05948255673673451260, -0.1032031167347788742 ) ) ;
#7901 = CARTESIAN_POINT ( 'NONE',  ( 1.354624833926999949, -0.03061339617533000157, 0.1003511142880000040 ) ) ;
#7902 = CARTESIAN_POINT ( 'NONE',  ( 1.335451341428000038, -0.003292694523776000526, -0.1093336226308000009 ) ) ;
#7903 = DIRECTION ( 'NONE',  ( 1.000000000000000000, 0.000000000000000000, 0.000000000000000000 ) ) ;
#7904 = CARTESIAN_POINT ( 'NONE',  ( 1.234744123898482426, -0.008187792543228997535, 0.1040357683916000170 ) ) ;
#7905 = EDGE_CURVE ( 'NONE', #8657, #1880, #6358, .T. ) ;
#7906 = CARTESIAN_POINT ( 'NONE',  ( 0.7280600717204999128, -0.1820907631361000090, 0.08761369760209999913 ) ) ;
#7907 = CARTESIAN_POINT ( 'NONE',  ( 1.203276302077000093, -0.05217873381839999852, -0.09037621804783996238 ) ) ;
#7908 = CIRCLE ( 'NONE', #1941, 0.2559055118109999638 ) ;
#7909 = CARTESIAN_POINT ( 'NONE',  ( 1.153941211588249915, 0.1181102362205000700, -0.01546059376766953028 ) ) ;
#7910 = DIRECTION ( 'NONE',  ( 0.000000000000000000, 0.000000000000000000, -1.000000000000000000 ) ) ;
#7911 = ORIENTED_EDGE ( 'NONE', *, *, #7547, .T. ) ;
#7912 = VECTOR ( 'NONE', #1402, 39.37007874015748143 ) ;
#7913 = CARTESIAN_POINT ( 'NONE',  ( 1.074231793368999988, -0.1043217069389999890, 0.002731760035870000290 ) ) ;
#7914 = CIRCLE ( 'NONE', #9208, 0.007874015748031005027 ) ;
#7915 = CARTESIAN_POINT ( 'NONE',  ( 0.7361458461413995513, 0.005567936690644000215, 0.1573654835187000001 ) ) ;
#7916 = DIRECTION ( 'NONE',  ( -0.7071067811865975328, 1.120128284263995215E-10, 0.7071067811864976127 ) ) ;
#7917 = PLANE ( 'NONE',  #3275 ) ;
#7918 = AXIS2_PLACEMENT_3D ( 'NONE', #4739, #8568, #3214 ) ;
#7919 = CARTESIAN_POINT ( 'NONE',  ( 1.321974820569000064, -0.1014506417467999910, 0.01066289211801000128 ) ) ;
#7920 = EDGE_LOOP ( 'NONE', ( #3471, #4426 ) ) ;
#7921 = AXIS2_PLACEMENT_3D ( 'NONE', #9302, #4607, #3131 ) ;
#7922 = DIRECTION ( 'NONE',  ( 0.000000000000000000, 0.000000000000000000, -1.000000000000000000 ) ) ;
#7923 = ADVANCED_FACE ( 'NONE', ( #8988 ), #2818, .T. ) ;
#7924 = EDGE_CURVE ( 'NONE', #3251, #189, #7122, .T. ) ;
#7925 = CARTESIAN_POINT ( 'NONE',  ( 1.069797078022000081, 0.09641372827659999700, 0.03993587396947000101 ) ) ;
#7926 = CARTESIAN_POINT ( 'NONE',  ( 0.5841804246273000212, 0.1416844093523999815, -0.06361727143266003581 ) ) ;
#7927 = CARTESIAN_POINT ( 'NONE',  ( 0.7358050020037008032, -0.1397420114379999967, -0.07238391284932008118 ) ) ;
#7928 = FACE_OUTER_BOUND ( 'NONE', #6580, .T. ) ;
#7929 = CARTESIAN_POINT ( 'NONE',  ( 0.6102362204723996708, 0.2716535433071000094, 0.3543307086614000401 ) ) ;
#7930 = CARTESIAN_POINT ( 'NONE',  ( -0.8092125984251968829, 0.3740157480314960647, -0.3740157480314960647 ) ) ;
#7931 = AXIS2_PLACEMENT_3D ( 'NONE', #3012, #3877, #6799 ) ;
#7932 = CARTESIAN_POINT ( 'NONE',  ( -0.07814960629921002822, 0.000000000000000000, 0.000000000000000000 ) ) ;
#7933 = CARTESIAN_POINT ( 'NONE',  ( 1.282425708604000070, 0.009475668413427007497, 0.1203997828730999919 ) ) ;
#7934 = ORIENTED_EDGE ( 'NONE', *, *, #7277, .T. ) ;
#7935 = CARTESIAN_POINT ( 'NONE',  ( 1.143825214270000057, 0.1004542066778000148, -0.02691662355562000203 ) ) ;
#7936 = EDGE_CURVE ( 'NONE', #1528, #3801, #8175, .T. ) ;
#7937 = DIRECTION ( 'NONE',  ( -1.000000000000000000, 0.000000000000000000, 0.000000000000000000 ) ) ;
#7938 = CARTESIAN_POINT ( 'NONE',  ( 1.083136364398000095, 0.07737584124658997142, -0.08519823271178995905 ) ) ;
#7939 = CARTESIAN_POINT ( 'NONE',  ( 1.269018802929000156, -0.1094390709590000038, -0.005735458675759000542 ) ) ;
#7940 = CARTESIAN_POINT ( 'NONE',  ( 0.7519685039370078705, 0.000000000000000000, 0.1535433070865999949 ) ) ;
#7941 = CARTESIAN_POINT ( 'NONE',  ( 0.6384300491361004637, 0.1216661798501000036, -0.05205974124081999554 ) ) ;
#7942 = CARTESIAN_POINT ( 'NONE',  ( 1.184547273506361131, 0.1040357447341000441, -0.008187775355042007513 ) ) ;
#7943 = LINE ( 'NONE', #2538, #85 ) ;
#7944 = CIRCLE ( 'NONE', #1477, 0.1122047244094000057 ) ;
#7945 = ORIENTED_EDGE ( 'NONE', *, *, #1822, .T. ) ;
#7946 = ORIENTED_EDGE ( 'NONE', *, *, #4869, .F. ) ;
#7947 = B_SPLINE_CURVE_WITH_KNOTS ( 'NONE', 3,
 ( #4745, #4847, #942, #4176, #1801, #3220, #6296, #4031, #7200, #9393 ),
 .UNSPECIFIED., .F., .F.,
 ( 4, 2, 2, 2, 4 ),
 ( 0.000000000000000000, 0.2500000000000000000, 0.5000000000000000000, 0.7500000000000000000, 1.000000000000000000 ),
 .UNSPECIFIED. ) ;
#7948 = ORIENTED_EDGE ( 'NONE', *, *, #9172, .F. ) ;
#7949 = CARTESIAN_POINT ( 'NONE',  ( 1.146927020939999986, 0.03430112475518000414, -0.1157986565047000038 ) ) ;
#7950 = DIRECTION ( 'NONE',  ( -1.000000000000000000, 0.000000000000000000, 0.000000000000000000 ) ) ;
#7951 = CARTESIAN_POINT ( 'NONE',  ( 1.349805280120999873, 0.04780244526199000504, 0.09339407042860001229 ) ) ;
#7952 = CARTESIAN_POINT ( 'NONE',  ( 1.332284859939000032, -0.003124696206632000296, -0.1037552537671000003 ) ) ;
#7953 = CARTESIAN_POINT ( 'NONE',  ( 0.7358047547447992276, 0.1325567376728999935, 0.08482895994423995945 ) ) ;
#7954 = CARTESIAN_POINT ( 'NONE',  ( 1.256819943267750039, -0.07258425826477071796, 0.09444883965335038045 ) ) ;
#7955 = DIRECTION ( 'NONE',  ( 0.000000000000000000, 1.000000000000000000, 0.000000000000000000 ) ) ;
#7956 = DIRECTION ( 'NONE',  ( 1.000000000000000000, 0.000000000000000000, 0.000000000000000000 ) ) ;
#7957 = CARTESIAN_POINT ( 'NONE',  ( 1.147732016757999851, -0.1032031167347788742, -0.05948255673673441546 ) ) ;
#7958 = ORIENTED_EDGE ( 'NONE', *, *, #1582, .T. ) ;
#7959 = ORIENTED_EDGE ( 'NONE', *, *, #5870, .T. ) ;
#7960 = AXIS2_PLACEMENT_3D ( 'NONE', #5544, #6440, #3270 ) ;
#7961 = CARTESIAN_POINT ( 'NONE',  ( 1.077661684029499911, 0.1150361429136073088, 0.03091510445189112749 ) ) ;
#7962 = CARTESIAN_POINT ( 'NONE',  ( 0.8464566929133995332, 0.000000000000000000, 0.1692913385827000128 ) ) ;
#7963 = CARTESIAN_POINT ( 'NONE',  ( 1.375649856336000232, -8.149059734966004353E-12, -0.1086021121677999968 ) ) ;
#7964 = CARTESIAN_POINT ( 'NONE',  ( 0.6104330708661004357, -0.5314960629921000601, -0.3740157480314960647 ) ) ;
#7965 = CARTESIAN_POINT ( 'NONE',  ( 1.209983821742999899, -0.1023103873717999962, -0.03927327811942000341 ) ) ;
#7966 = EDGE_CURVE ( 'NONE', #7191, #8007, #5852, .T. ) ;
#7967 = DIRECTION ( 'NONE',  ( 0.000000000000000000, 0.01845717877593919948, -0.9998296517665561378 ) ) ;
#7968 = B_SPLINE_CURVE_WITH_KNOTS ( 'NONE', 3,
 ( #399, #6561, #5053, #2781, #8187, #1256, #4351, #548, #7423, #647, #9143, #7674, #41, #5301, #1557, #7773, #849, #5447, #6808, #793, #2313, #696, #9999, #3833, #6908, #2214, #8376, #7574, #6858, #9950, #3022, #3124, #1455, #1407, #6100, #4554, #4600, #2413, #4654, #9195, #3887, #1504, #2263, #744, #5351, #3731, #9898, #8428, #7725, #8327, #6050, #95, #3074, #4503, #1606, #4702, #2972, #6150, #3934, #9243, #6964, #6200, #7625, #8478, #5398 ),
 .UNSPECIFIED., .F., .F.,
 ( 4, 1, 1, 1, 1, 1, 1, 1, 1, 1, 1, 1, 1, 1, 1, 1, 1, 1, 1, 1, 1, 1, 1, 1, 1, 1, 1, 1, 1, 1, 1, 1, 1, 1, 1, 1, 1, 1, 1, 1, 1, 1, 1, 1, 1, 1, 1, 1, 1, 1, 1, 1, 1, 1, 1, 1, 1, 1, 1, 1, 1, 1, 4 ),
 ( 0.000000000000000000, 0.01249982113517510672, 0.02874982782061026934, 0.04499983450604543717, 0.06124984119148060846, 0.07749984787691575894, 0.09374985456235092329, 0.1099998612477452453, 0.1262498679332620666, 0.1424998746186768028, 0.1587498813040915668, 0.1749998879895063308, 0.1912498946749210671, 0.2074999013604379161, 0.2237499080458526524, 0.2399999147312674164, 0.2562499214166821249, 0.2724999281020968889, 0.2887499347876137379, 0.3049999414730285019, 0.3212499481584432104, 0.3374999548438579189, 0.3537499615292726829, 0.3699999682147895874, 0.3862499749002043514, 0.4024999815856190599, 0.4187499882710337684, 0.4349999949564485879, 0.4512500016419654369, 0.4675000083273800899, 0.4837500150127948539, 0.5000000216982095624, 0.5162500283836244375, 0.5325000350691412310, 0.5487500417545561060, 0.5650000484399707590, 0.5812500551253855230, 0.5975000618108002870, 0.6137500684963169695, 0.6300000751817317335, 0.6462500818671464975, 0.6625000885525612615, 0.6787500952379760255, 0.6950001019234928190, 0.7112501086089075830, 0.7275001152943223470, 0.7437501219797371110, 0.7600001286651517640, 0.7762501353506686685, 0.7925001420360834326, 0.8087501487214981966, 0.8250001554069129606, 0.8412501620923276135, 0.8575001687778445181, 0.8737501754632592821, 0.8900001821486740461, 0.9062501888340888101, 0.9225001955195034631, 0.9387502022050204786, 0.9550002088904351316, 0.9712502155758498956, 0.9875002222612646596, 1.000000000000000000 ),
 .UNSPECIFIED. ) ;
#7969 = DIRECTION ( 'NONE',  ( 0.000000000000000000, -1.000000000000000000, 0.000000000000000000 ) ) ;
#7970 = CARTESIAN_POINT ( 'NONE',  ( 1.108182904793000079, 0.1014740624988999945, 0.02436176700353999761 ) ) ;
#7971 = CARTESIAN_POINT ( 'NONE',  ( 1.366847585359000306, 0.06885119082462007323, 0.1000107849455000170 ) ) ;
#7972 = CARTESIAN_POINT ( 'NONE',  ( 0.6673228346457008575, 0.000000000000000000, 0.000000000000000000 ) ) ;
#7973 = DIRECTION ( 'NONE',  ( 0.000000000000000000, 0.000000000000000000, 1.000000000000000000 ) ) ;
#7974 = CARTESIAN_POINT ( 'NONE',  ( -0.01636863887313999913, 0.000000000000000000, 0.000000000000000000 ) ) ;
#7975 = CARTESIAN_POINT ( 'NONE',  ( 0.8661417266193996989, -0.09349875928108997147, 0.1732283514409999892 ) ) ;
#7976 = FACE_OUTER_BOUND ( 'NONE', #2256, .T. ) ;
#7977 = CARTESIAN_POINT ( 'NONE',  ( 1.295220984194999980, -0.1115788554892000045, -0.04621747521769000583 ) ) ;
#7978 = ORIENTED_EDGE ( 'NONE', *, *, #9238, .F. ) ;
#7979 = CARTESIAN_POINT ( 'NONE',  ( 1.092644111908000149, -0.05664128724913000679, -0.08721993374029998747 ) ) ;
#7980 = EDGE_CURVE ( 'NONE', #2641, #6193, #6469, .T. ) ;
#7981 = CARTESIAN_POINT ( 'NONE',  ( 0.6383554654468995837, 0.01574803149606000124, 0.1313765549856000248 ) ) ;
#7982 = CARTESIAN_POINT ( 'NONE',  ( 1.060160631797000041, -0.02423343333475000069, 0.1125100012198999994 ) ) ;
#7983 = CARTESIAN_POINT ( 'NONE',  ( 1.234898068020999995, -0.06896675547350000768, -0.08516685022967009078 ) ) ;
#7984 = DIRECTION ( 'NONE',  ( 1.000000000000000000, 0.000000000000000000, 0.000000000000000000 ) ) ;
#7985 = CARTESIAN_POINT ( 'NONE',  ( 1.000000080887000209, -0.09349880026292992086, 0.1732278469391000109 ) ) ;
#7986 = CARTESIAN_POINT ( 'NONE',  ( 1.090715252508364097, -0.08279234553396004614, -0.06352880112627994069 ) ) ;
#7987 = AXIS2_PLACEMENT_3D ( 'NONE', #8537, #5406, #3236 ) ;
#7988 = AXIS2_PLACEMENT_3D ( 'NONE', #2125, #405, #3637 ) ;
#7989 = ORIENTED_EDGE ( 'NONE', *, *, #7659, .F. ) ;
#7990 = ORIENTED_EDGE ( 'NONE', *, *, #6571, .T. ) ;
#7991 = EDGE_CURVE ( 'NONE', #9101, #6671, #5801, .T. ) ;
#7992 = EDGE_CURVE ( 'NONE', #1275, #8296, #2720, .T. ) ;
#7993 = ORIENTED_EDGE ( 'NONE', *, *, #4156, .F. ) ;
#7994 = CARTESIAN_POINT ( 'NONE',  ( 1.125601561623000180, -0.003161444571083000133, 0.1207306973226000002 ) ) ;
#7995 = CARTESIAN_POINT ( 'NONE',  ( 1.562992125983999836, 0.000000000000000000, 0.000000000000000000 ) ) ;
#7996 = AXIS2_PLACEMENT_3D ( 'NONE', #5609, #2419, #244 ) ;
#7997 = CARTESIAN_POINT ( 'NONE',  ( 1.383542156761999875, 0.1028522961082999898, 0.02071063940797999992 ) ) ;
#7998 = ORIENTED_EDGE ( 'NONE', *, *, #679, .T. ) ;
#7999 = CARTESIAN_POINT ( 'NONE',  ( 1.337477260063000051, 0.03161522078620000731, -0.1047146633181000042 ) ) ;
#8000 = CARTESIAN_POINT ( 'NONE',  ( 1.381889763779999836, -0.02143695791459711286, 0.1006647016028071051 ) ) ;
#8001 = CARTESIAN_POINT ( 'NONE',  ( 0.5393700787151000098, 4.126856188743999617E-11, -0.1417322834395000064 ) ) ;
#8002 = CARTESIAN_POINT ( 'NONE',  ( 1.176509186351999858, 0.08864826967872008190, 0.05118110236220999726 ) ) ;
#8003 = DIRECTION ( 'NONE',  ( 0.000000000000000000, 0.000000000000000000, 1.000000000000000000 ) ) ;
#8004 = CARTESIAN_POINT ( 'NONE',  ( 0.6803393851628996014, -0.1153124957707000048, 0.08475996092107007662 ) ) ;
#8005 = ORIENTED_EDGE ( 'NONE', *, *, #2791, .F. ) ;
#8006 = EDGE_CURVE ( 'NONE', #6087, #1428, #8223, .T. ) ;
#8007 = VERTEX_POINT ( 'NONE', #7462 ) ;
#8008 = CIRCLE ( 'NONE', #4631, 0.1478229366752999707 ) ;
#8009 = CARTESIAN_POINT ( 'NONE',  ( 1.081762733898250062, 0.07258425826477025999, 0.09444883965335072740 ) ) ;
#8010 = TOROIDAL_SURFACE ( 'NONE', #9629, 0.2592016018472000360, 0.03149606299213000143 ) ;
#8011 = CARTESIAN_POINT ( 'NONE',  ( 0.7362204724408996093, -0.1385673941262000053, 0.07482928247836004298 ) ) ;
#8012 = CARTESIAN_POINT ( 'NONE',  ( 0.7322749853665000419, 0.01280303776683000029, 0.1559425237063000180 ) ) ;
#8013 = DIRECTION ( 'NONE',  ( 1.000000000000000000, 0.000000000000000000, 0.000000000000000000 ) ) ;
#8014 = CYLINDRICAL_SURFACE ( 'NONE', #7960, 0.1535433070865999949 ) ;
#8015 = ORIENTED_EDGE ( 'NONE', *, *, #5004, .T. ) ;
#8016 = AXIS2_PLACEMENT_3D ( 'NONE', #6591, #7553, #625 ) ;
#8017 = CARTESIAN_POINT ( 'NONE',  ( 0.7362204724408996093, 0.000000000000000000, 0.000000000000000000 ) ) ;
#8018 = DIRECTION ( 'NONE',  ( 0.000000000000000000, 0.8532547285461360431, -0.5214943606729220971 ) ) ;
#8019 = CARTESIAN_POINT ( 'NONE',  ( 1.116713088520000063, -0.002731760035867999720, 0.1043217069389999890 ) ) ;
#8020 = CARTESIAN_POINT ( 'NONE',  ( 1.369257362262000122, 0.02630084426592000160, 0.1185367560071999976 ) ) ;
#8021 = CYLINDRICAL_SURFACE ( 'NONE', #2699, 0.08267716535433068670 ) ;
#8022 = CARTESIAN_POINT ( 'NONE',  ( 0.7362204724408996093, 0.000000000000000000, 0.000000000000000000 ) ) ;
#8023 = DIRECTION ( 'NONE',  ( 0.000000000000000000, 1.000000000000000000, 0.000000000000000000 ) ) ;
#8024 = CYLINDRICAL_SURFACE ( 'NONE', #6222, 0.1988188976377999739 ) ;
#8025 = CARTESIAN_POINT ( 'NONE',  ( 1.367726419625187262, -0.1084701114869108529, 0.04842845241293446124 ) ) ;
#8026 = CARTESIAN_POINT ( 'NONE',  ( 1.261100249287000263, -0.04031454967564999936, -0.1138447763062999940 ) ) ;
#8027 = ORIENTED_EDGE ( 'NONE', *, *, #8807, .T. ) ;
#8028 = VERTEX_POINT ( 'NONE', #3531 ) ;
#8029 = PLANE ( 'NONE',  #6292 ) ;
#8030 = CARTESIAN_POINT ( 'NONE',  ( 1.328645935998000072, -0.1022864650138999992, 0.05905511811023995972 ) ) ;
#8031 = CARTESIAN_POINT ( 'NONE',  ( 1.129087829598000026, 0.1123944268138999947, 0.02476393520849000038 ) ) ;
#8032 = CARTESIAN_POINT ( 'NONE',  ( 1.248791953987000047, 0.1026267293788999946, 0.05229093041692000482 ) ) ;
#8033 = CARTESIAN_POINT ( 'NONE',  ( 0.9999994263157997443, 0.1850830063396414760, 0.06932411552445492953 ) ) ;
#8034 = CARTESIAN_POINT ( 'NONE',  ( 1.060859609464361197, 0.05910869382497994234, -0.08600371016382007960 ) ) ;
#8035 = DIRECTION ( 'NONE',  ( 0.000000000000000000, 1.000000000000000000, 0.000000000000000000 ) ) ;
#8036 = CARTESIAN_POINT ( 'NONE',  ( 0.7362204724408996093, 0.000000000000000000, 0.000000000000000000 ) ) ;
#8037 = EDGE_CURVE ( 'NONE', #1667, #3703, #2120, .T. ) ;
#8038 = ORIENTED_EDGE ( 'NONE', *, *, #821, .T. ) ;
#8039 = ORIENTED_EDGE ( 'NONE', *, *, #154, .T. ) ;
#8040 = CARTESIAN_POINT ( 'NONE',  ( 1.062723794045000059, -0.009037381966782009196, -0.1148254246533000067 ) ) ;
#8041 = CIRCLE ( 'NONE', #7888, 0.1535433070865999949 ) ;
#8042 = CARTESIAN_POINT ( 'NONE',  ( 0.7294509068517992523, 0.1823135949437000025, -0.08833649476327007366 ) ) ;
#8043 = CARTESIAN_POINT ( 'NONE',  ( 1.385951933665000135, 0.08756937829022991282, 0.05778523331519999640 ) ) ;
#8044 = EDGE_CURVE ( 'NONE', #958, #8296, #8124, .T. ) ;
#8045 = CARTESIAN_POINT ( 'NONE',  ( 1.351658690509000005, 0.06041242322106003815, 0.09118674254497992349 ) ) ;
#8046 = DIRECTION ( 'NONE',  ( 1.000000000000000000, 0.000000000000000000, 0.000000000000000000 ) ) ;
#8047 = CARTESIAN_POINT ( 'NONE',  ( 1.221948848308482605, 0.09641372841431006258, -0.03993587390816000920 ) ) ;
#8048 = CARTESIAN_POINT ( 'NONE',  ( 1.180446194225843071, 0.08864663034097365613, 0.05118015517537755077 ) ) ;
#8049 = CARTESIAN_POINT ( 'NONE',  ( 1.219558009488250105, -0.07258425826477052367, -0.09444883965335057474 ) ) ;
#8050 = EDGE_LOOP ( 'NONE', ( #5964, #3654, #5098, #8579, #89, #5247, #5867 ) ) ;
#8051 = ORIENTED_EDGE ( 'NONE', *, *, #1071, .F. ) ;
#8052 = ORIENTED_EDGE ( 'NONE', *, *, #3059, .T. ) ;
#8053 = EDGE_LOOP ( 'NONE', ( #5993, #5682, #5846, #5320, #3017, #1388 ) ) ;
#8054 = EDGE_CURVE ( 'NONE', #6136, #2964, #9389, .T. ) ;
#8055 = CARTESIAN_POINT ( 'NONE',  ( 1.311774011509000193, 0.000000000000000000, -0.1181102362205000006 ) ) ;
#8056 = VECTOR ( 'NONE', #5873, 39.37007874015748143 ) ;
#8057 = FACE_OUTER_BOUND ( 'NONE', #2849, .T. ) ;
#8058 = CARTESIAN_POINT ( 'NONE',  ( 1.290654144116999857, 0.01901763795381000016, -0.1026099921947999927 ) ) ;
#8059 = CARTESIAN_POINT ( 'NONE',  ( 1.276152497677666142, 0.1032031167347786799, 0.05948255673673467914 ) ) ;
#8060 = CARTESIAN_POINT ( 'NONE',  ( 1.004012358458000076, 0.09248313634371002623, 0.1692159290628000023 ) ) ;
#8061 = ORIENTED_EDGE ( 'NONE', *, *, #9496, .F. ) ;
#8062 = VECTOR ( 'NONE', #740, 39.37007874015748143 ) ;
#8063 = LINE ( 'NONE', #6596, #3563 ) ;
#8064 = CARTESIAN_POINT ( 'NONE',  ( 1.169604282724666433, 0.07690747405743671161, 0.09197940250215756730 ) ) ;
#8065 = VECTOR ( 'NONE', #3759, 39.37007874015748143 ) ;
#8066 = CARTESIAN_POINT ( 'NONE',  ( 1.161553094249000218, -0.1043574676366000042, -1.222644606294000124E-13 ) ) ;
#8067 = EDGE_CURVE ( 'NONE', #2212, #4673, #7797, .T. ) ;
#8068 = CARTESIAN_POINT ( 'NONE',  ( 0.7268675659661004707, 0.1819025539032000094, -0.08711034363894999688 ) ) ;
#8069 = DIRECTION ( 'NONE',  ( 1.000000000000000000, 0.000000000000000000, 0.000000000000000000 ) ) ;
#8070 = AXIS2_PLACEMENT_3D ( 'NONE', #2504, #77, #8672 ) ;
#8071 = CARTESIAN_POINT ( 'NONE',  ( 0.7244094488188976833, 0.1655628205247000329, 0.1137719994447000116 ) ) ;
#8072 = CARTESIAN_POINT ( 'NONE',  ( 0.6498031496062991463, -0.3740157480314960647, -0.5314960629921000601 ) ) ;
#8073 = CARTESIAN_POINT ( 'NONE',  ( 1.190382935392998887, -0.05948255673673411015, -0.1032031167347790546 ) ) ;
#8074 = B_SPLINE_CURVE_WITH_KNOTS ( 'NONE', 3,
 ( #7777, #6259, #853, #5506, #7678, #5451, #799, #7630, #3784, #9955, #5403, #3938, #9200, #8534, #2418, #7829, #99, #2267, #7014, #3128, #3185, #5355, #8482, #1509, #4604, #748, #3837, #6912, #10004, #6154 ),
 .UNSPECIFIED., .F., .F.,
 ( 4, 1, 1, 1, 1, 1, 1, 1, 1, 1, 1, 1, 1, 1, 1, 1, 1, 1, 1, 1, 1, 1, 1, 1, 1, 1, 1, 4 ),
 ( 0.000000000000000000, 0.01868425975340080522, 0.05734211132974483677, 0.09599996290608864280, 0.1346578144824326639, 0.1733156660587764630, 0.2119735176351202621, 0.2506313692114642833, 0.2892892207878081101, 0.3279470723641521035, 0.3666049239404959303, 0.4052627755168399792, 0.4439206270931837506, 0.4825784786695277995, 0.5212363302458715708, 0.5598941818222156197, 0.5985520333985594466, 0.6372098849749034954, 0.6758677365512472113, 0.7145255881275910381, 0.7531834397039350870, 0.7918412912802789139, 0.8304991428566229628, 0.8691569944329666786, 0.9078148460093107275, 0.9464726975856545543, 0.9851305491619986032, 1.000000000000000000 ),
 .UNSPECIFIED. ) ;
#8075 = DIRECTION ( 'NONE',  ( 0.000000000000000000, -0.9997541118987406383, -0.02217466440694088742 ) ) ;
#8076 = B_SPLINE_SURFACE_WITH_KNOTS ( 'NONE', 3, 3, ( 
 ( #597, #3631, #7375, #5953, #4248, #6709, #5810, #8899, #3683, #1970, #3492, #6560, #4350, #7422, #6759, #9657, #9852, #3540, #2924, #6611, #6662, #9753, #7469, #5052, #2825, #8134, #452, #5909, #8998, #1302, #6000, #2071, #9090, #5154, #8232 ),
 ( #4402, #7724, #5248, #1604, #6857, #4701, #9998, #1503, #8326, #3832, #6907, #9949, #7573, #7624, #1556, #1406, #4599, #8375, #7772, #8477, #9897, #6807, #695, #792, #2971, #5397, #3021, #4502, #6199, #3886, #1454, #40, #9345, #6963, #6049 ),
 ( #3123, #4653, #9292, #2363, #3073, #4553, #5446, #6099, #2312, #848, #2262, #8529, #3933, #3779, #9194, #743, #7009, #5300, #6254, #94, #3177, #646, #3730, #9142, #2213, #5349, #8427, #7673, #6149, #9242, #7064, #4896, #7877, #8784, #5551 ),
 ( #4944, #9499, #3324, #8020, #7971, #9399, #2466, #1711, #1040, #7160, #8636, #994, #193, #1087, #3989, #6493, #4133, #5704, #7206, #4182, #7117, #287, #240, #2412, #4751, #3228, #1761, #3376, #4806, #6303, #6447, #4086, #948, #2566, #334 ) ),
 .UNSPECIFIED., .F., .F., .F.,
 ( 4, 4 ),
 ( 4, 1, 1, 1, 1, 1, 1, 1, 1, 1, 1, 1, 1, 1, 1, 1, 1, 1, 1, 1, 1, 1, 1, 1, 1, 1, 1, 1, 1, 1, 1, 1, 4 ),
 ( -0.007446311687978999887, 0.3398817070431000009 ),
 ( 0.4237000000000000210, 0.4420625000000000249, 0.4604249999999999732, 0.4787874999999999770, 0.4971499999999999808, 0.5155125000000000401, 0.5338749999999999885, 0.5522375000000000478, 0.5705999999999999961, 0.5889625000000000554, 0.6073250000000000037, 0.6256874999999999520, 0.6440500000000000114, 0.6624124999999999597, 0.6807750000000000190, 0.6991374999999999673, 0.7175000000000000266, 0.7358624999999999750, 0.7542250000000000343, 0.7725874999999999826, 0.7909500000000000419, 0.8093124999999999902, 0.8276750000000000496, 0.8460374999999999979, 0.8643999999999999462, 0.8827625000000000055, 0.9011249999999999538, 0.9194875000000000131, 0.9378499999999999615, 0.9562125000000000208, 0.9745749999999999691, 0.9929375000000000284, 1.011300000000000088 ),
 .UNSPECIFIED. ) ;
#8077 = CARTESIAN_POINT ( 'NONE',  ( 1.312281351648999950, 0.1207306973212999984, -0.003161444583538000272 ) ) ;
#8078 = ORIENTED_EDGE ( 'NONE', *, *, #3603, .F. ) ;
#8079 = ORIENTED_EDGE ( 'NONE', *, *, #5703, .F. ) ;
#8080 = DIRECTION ( 'NONE',  ( 1.000000000000000000, 0.000000000000000000, 0.000000000000000000 ) ) ;
#8081 = CARTESIAN_POINT ( 'NONE',  ( 0.5787401574803000548, 0.000000000000000000, 0.000000000000000000 ) ) ;
#8082 = CIRCLE ( 'NONE', #1303, 0.2496578167136001003 ) ;
#8083 = CARTESIAN_POINT ( 'NONE',  ( 1.095668582179999850, 0.04526520725495000036, 0.1058150304919000112 ) ) ;
#8084 = CARTESIAN_POINT ( 'NONE',  ( 1.181584419727000013, -0.02558310426519000078, 0.1065612970813000077 ) ) ;
#8085 = CARTESIAN_POINT ( 'NONE',  ( 0.9999994263158002994, 0.1090295656549012393, 0.1648457037416242443 ) ) ;
#8086 = CARTESIAN_POINT ( 'NONE',  ( 0.9819196039739999105, 0.09455477861633997116, 0.1774314742987000149 ) ) ;
#8087 = CARTESIAN_POINT ( 'NONE',  ( 1.084317614713364186, -0.09742608914447992152, 0.03739837169672001471 ) ) ;
#8088 = CARTESIAN_POINT ( 'NONE',  ( 1.181950842758999976, 0.07379186162582992980, 0.07379198156927008201 ) ) ;
#8089 = CARTESIAN_POINT ( 'NONE',  ( 1.121132812638249598, 0.07258425826477023224, 0.09444883965335072740 ) ) ;
#8090 = DIRECTION ( 'NONE',  ( 0.000000000000000000, -0.009306909861540250961, -0.9999566897765268525 ) ) ;
#8091 = ORIENTED_EDGE ( 'NONE', *, *, #9912, .T. ) ;
#8092 = EDGE_LOOP ( 'NONE', ( #3447, #329 ) ) ;
#8093 = CARTESIAN_POINT ( 'NONE',  ( 1.077651615566999954, 0.08559591973735000692, 0.07707091225209999896 ) ) ;
#8094 = CARTESIAN_POINT ( 'NONE',  ( 0.5511811023621999706, 0.000000000000000000, -0.1535433070865999949 ) ) ;
#8095 = EDGE_CURVE ( 'NONE', #6933, #6456, #4678, .T. ) ;
#8096 = CARTESIAN_POINT ( 'NONE',  ( 1.328728291098999925, -0.002471814868744999678, -0.1048876372943000068 ) ) ;
#8097 = CARTESIAN_POINT ( 'NONE',  ( 0.5787401574803000548, -0.01574803149606000124, 0.1469816999198000074 ) ) ;
#8098 = AXIS2_PLACEMENT_3D ( 'NONE', #2136, #6825, #6726 ) ;
#8099 = CARTESIAN_POINT ( 'NONE',  ( 0.5787401574803000548, -0.1194158702739000072, 0.08712904529506003415 ) ) ;
#8100 = CARTESIAN_POINT ( 'NONE',  ( 1.232611577967388738, 0.02700970012306000076, 0.1008015731564999989 ) ) ;
#8101 = CYLINDRICAL_SURFACE ( 'NONE', #239, 0.1181102362205000006 ) ;
#8102 = VERTEX_POINT ( 'NONE', #5494 ) ;
#8103 = ORIENTED_EDGE ( 'NONE', *, *, #8174, .F. ) ;
#8104 = ORIENTED_EDGE ( 'NONE', *, *, #5590, .F. ) ;
#8105 = EDGE_CURVE ( 'NONE', #3146, #8657, #562, .T. ) ;
#8106 = ADVANCED_FACE ( 'NONE', ( #2204 ), #734, .T. ) ;
#8107 = CARTESIAN_POINT ( 'NONE',  ( 0.6104330708661004357, -0.5314960629921000601, 0.3740157480314960647 ) ) ;
#8108 = CIRCLE ( 'NONE', #6176, 0.1417322834646000118 ) ;
#8109 = FACE_BOUND ( 'NONE', #1014, .T. ) ;
#8110 = DIRECTION ( 'NONE',  ( 1.000000000000000000, 0.000000000000000000, 0.000000000000000000 ) ) ;
#8111 = CARTESIAN_POINT ( 'NONE',  ( 1.196765581958999958, -0.02436176678408999777, 0.1014740604109000133 ) ) ;
#8112 = CARTESIAN_POINT ( 'NONE',  ( -0.002765821536155000076, 0.000000000000000000, 0.000000000000000000 ) ) ;
#8113 = LINE ( 'NONE', #1438, #5333 ) ;
#8114 = EDGE_CURVE ( 'NONE', #9921, #689, #4223, .T. ) ;
#8115 = ORIENTED_EDGE ( 'NONE', *, *, #7936, .T. ) ;
#8116 = ADVANCED_FACE ( 'NONE', ( #7616 ), #9186, .F. ) ;
#8117 = EDGE_CURVE ( 'NONE', #105, #6405, #4494, .T. ) ;
#8118 = CARTESIAN_POINT ( 'NONE',  ( 0.5984251968503937480, -0.09693842135412991667, -0.07415168411053996156 ) ) ;
#8119 = CARTESIAN_POINT ( 'NONE',  ( 1.047972598289996782, 0.08570891682131839828, -0.06632174323987191644 ) ) ;
#8120 = EDGE_CURVE ( 'NONE', #4142, #7283, #5515, .T. ) ;
#8121 = CARTESIAN_POINT ( 'NONE',  ( 1.167950732044000128, -0.05452662706635000300, -0.08897936835102007724 ) ) ;
#8122 = DIRECTION ( 'NONE',  ( -0.000000000000000000, 1.000000000000000000, 0.000000000000000000 ) ) ;
#8123 = DIRECTION ( 'NONE',  ( 1.000000000000000000, 0.000000000000000000, 0.000000000000000000 ) ) ;
#8124 = LINE ( 'NONE', #1294, #4063 ) ;
#8125 = DIRECTION ( 'NONE',  ( -1.000000000000000000, -2.295191530676999964E-14, 0.000000000000000000 ) ) ;
#8126 = CARTESIAN_POINT ( 'NONE',  ( 1.374857512664814152, -0.02166175274404000262, -0.1093944558387529992 ) ) ;
#8127 = CARTESIAN_POINT ( 'NONE',  ( 1.300584686432999959, 0.02099001011798000069, -0.1132519600808000043 ) ) ;
#8128 = ORIENTED_EDGE ( 'NONE', *, *, #5102, .T. ) ;
#8129 = AXIS2_PLACEMENT_3D ( 'NONE', #2760, #6735, #7551 ) ;
#8130 = ORIENTED_EDGE ( 'NONE', *, *, #1626, .T. ) ;
#8131 = EDGE_CURVE ( 'NONE', #958, #2530, #4875, .T. ) ;
#8132 = CARTESIAN_POINT ( 'NONE',  ( 0.7362204724408996093, 0.003937007874016000379, -0.2132686289419000181 ) ) ;
#8133 = VECTOR ( 'NONE', #3000, 39.37007874015748143 ) ;
#8134 = CARTESIAN_POINT ( 'NONE',  ( 1.325741714863999832, 0.07093194471062992668, -0.07681439514362008170 ) ) ;
#8135 = CARTESIAN_POINT ( 'NONE',  ( 1.105034318472999821, -0.1206394251757999941, -0.003021024032009999877 ) ) ;
#8136 = CARTESIAN_POINT ( 'NONE',  ( 1.274382505167999780, -0.01801822666095000136, -0.1137626058722999989 ) ) ;
#8137 = FACE_OUTER_BOUND ( 'NONE', #410, .T. ) ;
#8138 = CARTESIAN_POINT ( 'NONE',  ( -0.8092125984251968829, -0.3740157480314960647, 0.3740157480314960647 ) ) ;
#8139 = DIRECTION ( 'NONE',  ( 1.000000000000000000, 0.000000000000000000, 0.000000000000000000 ) ) ;
#8140 = CARTESIAN_POINT ( 'NONE',  ( 1.116211552795749684, 0.1181102362204999590, 0.01546059376767032131 ) ) ;
#8141 = DIRECTION ( 'NONE',  ( -1.000000000000000000, 0.000000000000000000, 0.000000000000000000 ) ) ;
#8142 = VERTEX_POINT ( 'NONE', #3063 ) ;
#8143 = ORIENTED_EDGE ( 'NONE', *, *, #5197, .F. ) ;
#8144 = EDGE_LOOP ( 'NONE', ( #4800, #5061, #8696, #3310 ) ) ;
#8145 = CARTESIAN_POINT ( 'NONE',  ( 1.069121431839999969, 0.09318312821512993172, -0.06770150331837007651 ) ) ;
#8146 = DIRECTION ( 'NONE',  ( 1.000000000000000000, 0.000000000000000000, 0.000000000000000000 ) ) ;
#8147 = CARTESIAN_POINT ( 'NONE',  ( 1.373326281558000073, 0.08756937829022991282, 0.05778523331519999640 ) ) ;
#8148 = CARTESIAN_POINT ( 'NONE',  ( 0.7362204724408996093, 0.1817265251619000210, -0.1103022084881999931 ) ) ;
#8149 = CARTESIAN_POINT ( 'NONE',  ( 1.375649856336000232, -8.149059734966004353E-12, -0.1086021121677999968 ) ) ;
#8150 = CARTESIAN_POINT ( 'NONE',  ( 1.088676898647999991, 0.1032031167347787076, 0.05948255673673468608 ) ) ;
#8151 = CARTESIAN_POINT ( 'NONE',  ( 1.217683756444482679, 0.04979507988139000169, -0.09171112839325000488 ) ) ;
#8152 = CARTESIAN_POINT ( 'NONE',  ( 0.9833987724170001332, -0.09505360061837007934, 0.1794332257083000315 ) ) ;
#8153 = EDGE_LOOP ( 'NONE', ( #8206, #9907, #4448, #756 ) ) ;
#8154 = ORIENTED_EDGE ( 'NONE', *, *, #8608, .T. ) ;
#8155 = VERTEX_POINT ( 'NONE', #6190 ) ;
#8156 = AXIS2_PLACEMENT_3D ( 'NONE', #9968, #5172, #711 ) ;
#8157 = AXIS2_PLACEMENT_3D ( 'NONE', #7220, #6462, #349 ) ;
#8158 = CARTESIAN_POINT ( 'NONE',  ( 0.9744094488277993404, 0.000000000000000000, 0.000000000000000000 ) ) ;
#8159 = FACE_OUTER_BOUND ( 'NONE', #5176, .T. ) ;
#8160 = DIRECTION ( 'NONE',  ( 0.000000000000000000, 0.8660254037844289376, -0.5000000000000169864 ) ) ;
#8161 = CARTESIAN_POINT ( 'NONE',  ( 1.284256506321999947, -0.07755271207417993584, -0.06982877559786003496 ) ) ;
#8162 = EDGE_CURVE ( 'NONE', #5845, #689, #32, .T. ) ;
#8163 = CARTESIAN_POINT ( 'NONE',  ( 0.9999994263158000773, -0.1780918763680785777, 0.08570201748304845379 ) ) ;
#8164 = CARTESIAN_POINT ( 'NONE',  ( 1.135896592165750008, -0.1181102362204999867, -0.01546059376767004723 ) ) ;
#8165 = ORIENTED_EDGE ( 'NONE', *, *, #5996, .F. ) ;
#8166 = ORIENTED_EDGE ( 'NONE', *, *, #8936, .T. ) ;
#8167 = CIRCLE ( 'NONE', #7034, 0.1968503784342000573 ) ;
#8168 = AXIS2_PLACEMENT_3D ( 'NONE', #6005, #8139, #5253 ) ;
#8169 = CARTESIAN_POINT ( 'NONE',  ( 0.5841804246273000212, -0.1416844093523999815, -0.06361727143266003581 ) ) ;
#8170 = CARTESIAN_POINT ( 'NONE',  ( 1.051371554441000056, -0.03102579983720000004, -0.09823580676703996817 ) ) ;
#8171 = EDGE_CURVE ( 'NONE', #1016, #8295, #6793, .T. ) ;
#8172 = CARTESIAN_POINT ( 'NONE',  ( 1.356143304260333027, 0.08599697177267598414, -0.08431808504627431866 ) ) ;
#8173 = CARTESIAN_POINT ( 'NONE',  ( 0.7249764284412991699, -0.1410555329310000106, -0.06325418946151004085 ) ) ;
#8174 = EDGE_CURVE ( 'NONE', #869, #2046, #9129, .T. ) ;
#8175 = B_SPLINE_CURVE_WITH_KNOTS ( 'NONE', 3,
 ( #2773, #6751, #2065, #5143 ),
 .UNSPECIFIED., .F., .F.,
 ( 4, 4 ),
 ( 0.000000000000000000, 1.000000000000000000 ),
 .UNSPECIFIED. ) ;
#8176 = DIRECTION ( 'NONE',  ( -1.000000000000000000, 0.000000000000000000, 0.000000000000000000 ) ) ;
#8177 = DIRECTION ( 'NONE',  ( -1.000000000000000000, 0.000000000000000000, 0.000000000000000000 ) ) ;
#8178 = CARTESIAN_POINT ( 'NONE',  ( 1.182180835655499695, -0.1150361429136074615, 0.03091510445189059667 ) ) ;
#8179 = CARTESIAN_POINT ( 'NONE',  ( 1.141686901466000048, 0.03601346522383000459, 0.09747616715612007765 ) ) ;
#8180 = AXIS2_PLACEMENT_3D ( 'NONE', #5034, #9686, #5887 ) ;
#8181 = CARTESIAN_POINT ( 'NONE',  ( 1.268596497457000316, 0.1126636970527000042, -0.02394740807054999629 ) ) ;
#8182 = ORIENTED_EDGE ( 'NONE', *, *, #7980, .T. ) ;
#8183 = ORIENTED_EDGE ( 'NONE', *, *, #1382, .F. ) ;
#8184 = FACE_BOUND ( 'NONE', #6479, .T. ) ;
#8185 = AXIS2_PLACEMENT_3D ( 'NONE', #7972, #2467, #1762 ) ;
#8186 = CARTESIAN_POINT ( 'NONE',  ( 0.6284087203132993071, 0.1541934453075999856, 0.07083936670872008345 ) ) ;
#8187 = CARTESIAN_POINT ( 'NONE',  ( 1.170724338754427052, 0.09606551819186043284, -0.04055954328301207557 ) ) ;
#8188 = CARTESIAN_POINT ( 'NONE',  ( 1.231731586532000211, -0.07248554495571003786, -0.08951219335570000102 ) ) ;
#8189 = EDGE_CURVE ( 'NONE', #1695, #8216, #7444, .T. ) ;
#8190 = CARTESIAN_POINT ( 'NONE',  ( 0.6102362204723996708, 0.000000000000000000, 0.000000000000000000 ) ) ;
#8191 = CARTESIAN_POINT ( 'NONE',  ( 1.238775323845249243, 0.09444883965335063025, -0.07258425826477041265 ) ) ;
#8192 = CARTESIAN_POINT ( 'NONE',  ( 1.218260664761000145, 0.05910872053913996532, 0.08600372205772992273 ) ) ;
#8193 = CARTESIAN_POINT ( 'NONE',  ( 0.5810294838684999519, -0.1242893722145000102, -0.08994276295236004748 ) ) ;
#8194 = DIRECTION ( 'NONE',  ( 1.000000000000000000, 0.000000000000000000, 0.000000000000000000 ) ) ;
#8195 = ORIENTED_EDGE ( 'NONE', *, *, #6683, .T. ) ;
#8196 = ORIENTED_EDGE ( 'NONE', *, *, #7494, .T. ) ;
#8197 = VECTOR ( 'NONE', #4912, 39.37007874015748143 ) ;
#8198 = CARTESIAN_POINT ( 'NONE',  ( 1.109639804544000130, 0.1039603787444000060, -0.04958655703110999291 ) ) ;
#8199 = CARTESIAN_POINT ( 'NONE',  ( 1.319700186591000080, -0.07472918482929999384, -0.07364155170946004580 ) ) ;
#8200 = CARTESIAN_POINT ( 'NONE',  ( 1.301678802541531788, -0.09773919335823061383, 0.05642958020084951065 ) ) ;
#8201 = CARTESIAN_POINT ( 'NONE',  ( 0.7244094488188976833, -0.1813108520207999952, -0.08649560877427991956 ) ) ;
#8202 = DIRECTION ( 'NONE',  ( 0.000000000000000000, -0.9997541118987405273, -0.02217466440694093946 ) ) ;
#8203 = DIRECTION ( 'NONE',  ( 1.000000000000000000, 0.000000000000000000, 0.000000000000000000 ) ) ;
#8204 = CARTESIAN_POINT ( 'NONE',  ( 0.7362204724408996093, 0.000000000000000000, 0.000000000000000000 ) ) ;
#8205 = VERTEX_POINT ( 'NONE', #842 ) ;
#8206 = ORIENTED_EDGE ( 'NONE', *, *, #5649, .T. ) ;
#8207 = EDGE_LOOP ( 'NONE', ( #4374, #3056, #9320, #3627, #6529, #818, #4415, #151, #3437, #4674, #4522 ) ) ;
#8208 = AXIS2_PLACEMENT_3D ( 'NONE', #2985, #6215, #2275 ) ;
#8209 = CARTESIAN_POINT ( 'NONE',  ( 0.5841804246273000212, 0.1259363778563000191, -0.09089366210302991800 ) ) ;
#8210 = CARTESIAN_POINT ( 'NONE',  ( 1.388380433014000159, 0.1086659164325999988, -0.05218071623274000287 ) ) ;
#8211 = DIRECTION ( 'NONE',  ( 1.000000000000000000, 0.000000000000000000, 0.000000000000000000 ) ) ;
#8212 = CIRCLE ( 'NONE', #1758, 0.1122047244094000057 ) ;
#8213 = CARTESIAN_POINT ( 'NONE',  ( 1.303449419707999990, 0.08279234551820000010, 0.06352880097637007839 ) ) ;
#8214 = CARTESIAN_POINT ( 'NONE',  ( 1.301836457090391752, -0.01090847501141099275, 0.1037872224836424717 ) ) ;
#8215 = CARTESIAN_POINT ( 'NONE',  ( 1.143278481929500323, -0.03091510445189051687, -0.1150361429136075309 ) ) ;
#8216 = VERTEX_POINT ( 'NONE', #5439 ) ;
#8217 = LINE ( 'NONE', #66, #2899 ) ;
#8218 = CIRCLE ( 'NONE', #5157, 0.003937007874015997777 ) ;
#8219 = CARTESIAN_POINT ( 'NONE',  ( 1.138151630160999961, 0.1040357683916000170, 0.008187792543227993131 ) ) ;
#8220 = EDGE_CURVE ( 'NONE', #7395, #945, #3085, .T. ) ;
#8221 = CARTESIAN_POINT ( 'NONE',  ( 0.7244094488188976833, 0.003937007874016000379, -1.917212598425000136 ) ) ;
#8222 = LINE ( 'NONE', #7461, #6712 ) ;
#8223 = LINE ( 'NONE', #442, #2925 ) ;
#8224 = CARTESIAN_POINT ( 'NONE',  ( 0.9833987724170001332, 0.09505360061837007934, -0.1794332257083000315 ) ) ;
#8225 = CARTESIAN_POINT ( 'NONE',  ( 1.317645053887000151, 0.02688839342361000126, 0.1119982176498000026 ) ) ;
#8226 = VERTEX_POINT ( 'NONE', #8522 ) ;
#8227 = ORIENTED_EDGE ( 'NONE', *, *, #1441, .T. ) ;
#8228 = ADVANCED_FACE ( 'NONE', ( #1597 ), #5290, .F. ) ;
#8229 = EDGE_CURVE ( 'NONE', #5880, #5833, #1444, .T. ) ;
#8230 = CARTESIAN_POINT ( 'NONE',  ( 1.011811089899000038, -0.09046570295565001252, -0.1614173806495000085 ) ) ;
#8231 = ADVANCED_FACE ( 'NONE', ( #2405 ), #8365, .T. ) ;
#8232 = CARTESIAN_POINT ( 'NONE',  ( 1.306463499641000059, -0.07392147467409999895, 0.07029612763988996038 ) ) ;
#8233 = CARTESIAN_POINT ( 'NONE',  ( 1.113389130328000132, -0.02543850468978000115, -0.1179655880844000110 ) ) ;
#8234 = CARTESIAN_POINT ( 'NONE',  ( 1.297840510416999882, -0.04958656040476999705, 0.1039603466461000020 ) ) ;
#8235 = FACE_OUTER_BOUND ( 'NONE', #2173, .T. ) ;
#8236 = CARTESIAN_POINT ( 'NONE',  ( 0.5830288604789000129, 0.1412995484338999963, 0.06339507187777992936 ) ) ;
#8237 = LINE ( 'NONE', #651, #8320 ) ;
#8238 = CARTESIAN_POINT ( 'NONE',  ( 0.5802225316246999443, -0.1234687720462999960, -0.08946898922436004320 ) ) ;
#8239 = CARTESIAN_POINT ( 'NONE',  ( 0.7244094488188976833, -0.1409286094185999982, 0.06318091013743996898 ) ) ;
#8240 = CARTESIAN_POINT ( 'NONE',  ( 0.5810295054656000602, 0.1242893878148000064, -0.08994277195919998802 ) ) ;
#8241 = ORIENTED_EDGE ( 'NONE', *, *, #201, .F. ) ;
#8242 = ORIENTED_EDGE ( 'NONE', *, *, #3099, .T. ) ;
#8243 = EDGE_CURVE ( 'NONE', #6224, #8946, #3427, .T. ) ;
#8244 = CARTESIAN_POINT ( 'NONE',  ( 1.061302096756999935, -0.03424357189273000146, -0.1084241157075000045 ) ) ;
#8245 = CARTESIAN_POINT ( 'NONE',  ( 1.375736058461000111, 0.05949335099436003915, 0.08641792045599999694 ) ) ;
#8246 = CARTESIAN_POINT ( 'NONE',  ( 0.7360889355193996897, 0.1797539137656000152, -0.1108057883376999952 ) ) ;
#8247 = CARTESIAN_POINT ( 'NONE',  ( 0.5830288430312999814, -0.01574803149606000124, 0.1540665260855000052 ) ) ;
#8248 = DIRECTION ( 'NONE',  ( 1.000000000000000000, 0.000000000000000000, 0.000000000000000000 ) ) ;
#8249 = CARTESIAN_POINT ( 'NONE',  ( 0.7362204724408996093, 0.1383078312671000010, 0.07530599850137008333 ) ) ;
#8250 = CARTESIAN_POINT ( 'NONE',  ( 0.6104330708661004357, -0.3740157480314960647, 0.5314960629921000601 ) ) ;
#8251 = VERTEX_POINT ( 'NONE', #1702 ) ;
#8252 = EDGE_LOOP ( 'NONE', ( #6196, #8285, #3881, #2625, #5820 ) ) ;
#8253 = ORIENTED_EDGE ( 'NONE', *, *, #4424, .T. ) ;
#8254 = FACE_OUTER_BOUND ( 'NONE', #2896, .T. ) ;
#8255 = CARTESIAN_POINT ( 'NONE',  ( 1.378250839838000008, -0.05710264145378000228, -0.1061620585604000078 ) ) ;
#8256 = EDGE_CURVE ( 'NONE', #9205, #1347, #7871, .T. ) ;
#8257 = CARTESIAN_POINT ( 'NONE',  ( 1.231861159094499447, 0.1150361429136075309, -0.03091510445189034340 ) ) ;
#8258 = CARTESIAN_POINT ( 'NONE',  ( 1.205295765685999942, -0.1043217069378999939, -0.002731760046631000020 ) ) ;
#8259 = DIRECTION ( 'NONE',  ( 0.000000000000000000, 0.000000000000000000, 1.000000000000000000 ) ) ;
#8260 = CARTESIAN_POINT ( 'NONE',  ( 0.7362204724408996093, 0.1863877772252999776, 0.1022286830875999974 ) ) ;
#8261 = VECTOR ( 'NONE', #7332, 39.37007874015748143 ) ;
#8262 = ORIENTED_EDGE ( 'NONE', *, *, #755, .F. ) ;
#8263 = B_SPLINE_CURVE_WITH_KNOTS ( 'NONE', 3,
 ( #7067, #144, #3024, #6202, #7775, #9296, #3936, #2367, #5449, #6257, #5353 ),
 .UNSPECIFIED., .F., .F.,
 ( 4, 1, 1, 1, 1, 1, 1, 1, 4 ),
 ( 0.000000000000000000, 0.1250000000000000000, 0.2500000000000000000, 0.3750000000000000000, 0.5000000000000000000, 0.6250000000000000000, 0.7500000000000000000, 0.8750000000000000000, 1.000000000000000000 ),
 .UNSPECIFIED. ) ;
#8264 = CARTESIAN_POINT ( 'NONE',  ( 1.097576716295999955, 0.07379187303341003257, -0.07379187303341003257 ) ) ;
#8265 = LINE ( 'NONE', #9647, #3348 ) ;
#8266 = CARTESIAN_POINT ( 'NONE',  ( 0.9809716437276003731, 0.09435586860101004281, 0.1766362176665000061 ) ) ;
#8267 = CARTESIAN_POINT ( 'NONE',  ( 0.5984251968503937480, 0.000000000000000000, 0.000000000000000000 ) ) ;
#8268 = DIRECTION ( 'NONE',  ( 0.000000000000000000, 1.000000000000000000, 0.000000000000000000 ) ) ;
#8269 = CARTESIAN_POINT ( 'NONE',  ( 0.5984251968503937480, -0.01574803149606000124, 0.1210269775506999934 ) ) ;
#8270 = CARTESIAN_POINT ( 'NONE',  ( 1.292054502705999974, -0.1064130645374000012, -0.04407773454509000127 ) ) ;
#8271 = ORIENTED_EDGE ( 'NONE', *, *, #78, .T. ) ;
#8272 = ORIENTED_EDGE ( 'NONE', *, *, #7668, .T. ) ;
#8273 = DIRECTION ( 'NONE',  ( 0.000000000000000000, 0.009306909861541250162, 0.9999566897765268525 ) ) ;
#8274 = DIRECTION ( 'NONE',  ( 0.000000000000000000, 1.000000000000000000, 0.000000000000000000 ) ) ;
#8275 = CARTESIAN_POINT ( 'NONE',  ( 1.071615071054000001, -0.06774548343216003909, -0.09986764725116002717 ) ) ;
#8276 = CARTESIAN_POINT ( 'NONE',  ( 1.215769829452999939, -0.04912243157563000312, 0.1103307877425000055 ) ) ;
#8277 = FACE_BOUND ( 'NONE', #8823, .T. ) ;
#8278 = CARTESIAN_POINT ( 'NONE',  ( 0.5790964197264000246, 0.1372970092350000171, 0.06108420479383996210 ) ) ;
#8279 = CARTESIAN_POINT ( 'NONE',  ( 1.254513945600000069, 0.09298318451212993219, 0.04737729888397000655 ) ) ;
#8280 = DIRECTION ( 'NONE',  ( 1.000000000000000000, 0.000000000000000000, 0.000000000000000000 ) ) ;
#8281 = DIRECTION ( 'NONE',  ( -1.000000000000000000, 0.000000000000000000, 0.000000000000000000 ) ) ;
#8282 = EDGE_CURVE ( 'NONE', #4447, #2422, #1678, .T. ) ;
#8283 = CARTESIAN_POINT ( 'NONE',  ( 1.060095184239000066, 0.0007824736343393996936, -0.1071761501218999879 ) ) ;
#8284 = VERTEX_POINT ( 'NONE', #4797 ) ;
#8285 = ORIENTED_EDGE ( 'NONE', *, *, #573, .T. ) ;
#8286 = CARTESIAN_POINT ( 'NONE',  ( 1.065954950351999830, 0.08865958063493996344, -0.06441495373179999262 ) ) ;
#8287 = CARTESIAN_POINT ( 'NONE',  ( 1.351027286329000043, -0.09179331871126004960, 0.05080858986628999929 ) ) ;
#8288 = DIRECTION ( 'NONE',  ( 1.000000000000000000, 0.000000000000000000, 0.000000000000000000 ) ) ;
#8289 = FACE_OUTER_BOUND ( 'NONE', #3693, .T. ) ;
#8290 = LINE ( 'NONE', #8446, #345 ) ;
#8291 = CARTESIAN_POINT ( 'NONE',  ( 0.8188976377952992269, 0.000000000000000000, -0.1535433070865999949 ) ) ;
#8292 = DIRECTION ( 'NONE',  ( 1.000000000000000000, 0.000000000000000000, 0.000000000000000000 ) ) ;
#8293 = EDGE_CURVE ( 'NONE', #3872, #6087, #9739, .T. ) ;
#8294 = VECTOR ( 'NONE', #4630, 39.37007874015748143 ) ;
#8295 = VERTEX_POINT ( 'NONE', #1081 ) ;
#8296 = VERTEX_POINT ( 'NONE', #7964 ) ;
#8297 = ORIENTED_EDGE ( 'NONE', *, *, #8474, .T. ) ;
#8298 = DIRECTION ( 'NONE',  ( 0.000000000000000000, -0.01845717877593919948, 0.9998296517665561378 ) ) ;
#8299 = AXIS2_PLACEMENT_3D ( 'NONE', #2421, #751, #8593 ) ;
#8300 = ORIENTED_EDGE ( 'NONE', *, *, #140, .T. ) ;
#8301 = FACE_BOUND ( 'NONE', #2082, .T. ) ;
#8302 = CARTESIAN_POINT ( 'NONE',  ( 1.167417056127999953, 0.1022864650138999992, 0.05905511811023995972 ) ) ;
#8303 = CARTESIAN_POINT ( 'NONE',  ( 1.182605150242000080, 0.1005876041400999843, 0.02224877255178000016 ) ) ;
#8304 = EDGE_CURVE ( 'NONE', #9485, #4280, #7947, .T. ) ;
#8305 = FACE_BOUND ( 'NONE', #9237, .T. ) ;
#8306 = CARTESIAN_POINT ( 'NONE',  ( 0.7280600717204999128, 0.01516969372517000189, 0.2015020754713999773 ) ) ;
#8307 = EDGE_LOOP ( 'NONE', ( #9341, #5930, #9388, #3816 ) ) ;
#8308 = CARTESIAN_POINT ( 'NONE',  ( 1.193843031439000058, 0.1203997554945000076, -0.009475648521672992708 ) ) ;
#8309 = CARTESIAN_POINT ( 'NONE',  ( 1.059190889523999868, 0.08442697196611004262, -0.06133978363043995907 ) ) ;
#8310 = AXIS2_PLACEMENT_3D ( 'NONE', #9560, #1158, #2632 ) ;
#8311 = LINE ( 'NONE', #1393, #7354 ) ;
#8312 = SHAPE_DEFINITION_REPRESENTATION ( #3808, #2771 ) ;
#8313 = LINE ( 'NONE', #4493, #9468 ) ;
#8314 = CARTESIAN_POINT ( 'NONE',  ( 0.7360889355193996897, 0.006083670703963996694, 0.2110743499194999984 ) ) ;
#8315 = DIRECTION ( 'NONE',  ( -0.9682773237093529328, 0.000000000000000000, 0.2498780190217879671 ) ) ;
#8316 = B_SPLINE_SURFACE_WITH_KNOTS ( 'NONE', 3, 3, ( 
 ( #6824, #4470, #9257, #7539, #6776, #612, #3088, #2328, #3901, #7740, #7694, #4518, #3139, #3698, #2227, #1470, #5365, #2944, #8546, #7590, #6165, #761, #5413, #7, #3037, #661, #3850, #6067, #1521, #6217, #4567, #4615, #6926, #9915, #3746, #8495, #710, #6017, #9160, #5316, #9105, #8392, #7639, #3796, #2179, #6875, #8444, #9967, #6116, #9210, #2277, #1574, #5269, #4668, #812, #6977, #9869, #9311, #8342, #2380, #1422, #3391, #6271, #3289, #9513, #9363, #4767 ),
 ( #1774, #6460, #2534, #4910, #253, #5518, #4006, #3340, #2630, #6320, #157, #5617, #8700, #4868, #2431, #7024, #8601, #1672, #8751, #7939, #1008, #6411, #916, #299, #4098, #3194, #7081, #1622, #2580, #4717, #3950, #7786, #5668, #1825, #1053, #7983, #7171, #7839, #9559, #864, #9413, #8652, #4148, #111, #5718, #3246, #7219, #2482, #5565, #1727, #206, #4821, #7891, #962, #4055, #7130, #6362, #9458, #8952, #1157, #8084, #4302, #4352, #8850, #9806, #2073, #5156 ),
 ( #4404, #6509, #7319, #4197, #8234, #5861, #7377, #454, #4250, #6664, #1305, #1100, #3542, #5911, #2827, #8136, #7269, #6613, #1923, #7471, #400, #5107, #9710, #4959, #2874, #549, #3633, #8032, #3494, #2782, #6562, #2023, #9659, #8797, #2731, #8188, #5007, #5812, #9755, #6711, #8901, #1874, #1972, #1257, #7424, #504, #9000, #3590, #5766, #5054, #1202, #348, #3441, #9607, #2679, #1505, #42, #3023, #745, #1353, #1558, #9092, #4455, #8377, #2122, #6809, #6761 ),
 ( #5399, #4601, #7675, #2927, #3834, #6002, #2215, #4655, #9048, #7524, #1408, #8479, #5202, #6101, #6909, #1456, #6859, #7726, #9196, #794, #9951, #9244, #10000, #9854, #8328, #3075, #6965, #648, #4504, #2264, #5352, #8429, #599, #3685, #2165, #5250, #6151, #2314, #3888, #5955, #7575, #8276, #3732, #9899, #2973, #6051, #9144, #5302, #4555, #7626, #697, #3781, #2709, #6535, #6484, #3179, #1950, #6201, #901, #278, #4172, #1607, #7346, #6256, #4983, #9581, #1900 ) ),
 .UNSPECIFIED., .F., .F., .F.,
 ( 4, 4 ),
 ( 4, 1, 1, 1, 1, 1, 1, 1, 1, 1, 1, 1, 1, 1, 1, 1, 1, 1, 1, 1, 1, 1, 1, 1, 1, 1, 1, 1, 1, 1, 1, 1, 1, 1, 1, 1, 1, 1, 1, 1, 1, 1, 1, 1, 1, 1, 1, 1, 1, 1, 1, 1, 1, 1, 1, 1, 1, 1, 1, 1, 1, 1, 1, 1, 4 ),
 ( -0.007446311687979999955, 0.3398817070431000009 ),
 ( -0.02000000000000000042, -0.003749999999999999861, 0.01250000000000000069, 0.02875000000000000125, 0.04499999999999999833, 0.06124999999999999889, 0.07749999999999999944, 0.09375000000000000000, 0.1100000000000000006, 0.1262500000000000011, 0.1424999999999999878, 0.1587500000000000022, 0.1749999999999999889, 0.1912500000000000033, 0.2074999999999999900, 0.2237500000000000044, 0.2399999999999999911, 0.2562499999999999778, 0.2725000000000000200, 0.2887500000000000067, 0.3049999999999999933, 0.3212499999999999800, 0.3375000000000000222, 0.3537500000000000089, 0.3699999999999999956, 0.3862499999999999822, 0.4025000000000000244, 0.4187500000000000111, 0.4349999999999999978, 0.4512499999999999845, 0.4675000000000000266, 0.4837500000000000133, 0.5000000000000000000, 0.5162499999999999867, 0.5324999999999999734, 0.5487499999999999600, 0.5649999999999999467, 0.5812500000000000444, 0.5975000000000000311, 0.6137500000000000178, 0.6300000000000000044, 0.6462499999999999911, 0.6624999999999999778, 0.6787499999999999645, 0.6949999999999999512, 0.7112500000000000488, 0.7275000000000000355, 0.7437500000000000222, 0.7600000000000000089, 0.7762499999999999956, 0.7924999999999999822, 0.8087499999999999689, 0.8249999999999999556, 0.8412500000000000533, 0.8575000000000000400, 0.8737500000000000266, 0.8900000000000000133, 0.9062500000000000000, 0.9224999999999999867, 0.9387499999999999734, 0.9549999999999999600, 0.9712499999999999467, 0.9875000000000000444, 1.003749999999999920, 1.020000000000000018 ),
 .UNSPECIFIED. ) ;
#8317 = CARTESIAN_POINT ( 'NONE',  ( 1.321910145751000298, -0.04958656040476999705, 0.1039603466461000020 ) ) ;
#8318 = ORIENTED_EDGE ( 'NONE', *, *, #6125, .T. ) ;
#8319 = AXIS2_PLACEMENT_3D ( 'NONE', #4720, #58, #3142 ) ;
#8320 = VECTOR ( 'NONE', #6616, 39.37007874015748143 ) ;
#8321 = AXIS2_PLACEMENT_3D ( 'NONE', #2251, #8364, #2352 ) ;
#8322 = ORIENTED_EDGE ( 'NONE', *, *, #4361, .T. ) ;
#8323 = CARTESIAN_POINT ( 'NONE',  ( 1.005905511811000075, 0.000000000000000000, 0.1673228346456999971 ) ) ;
#8324 = CARTESIAN_POINT ( 'NONE',  ( 0.7285187739042991995, 0.1821554143454000019, -0.08782316468419998357 ) ) ;
#8325 = EDGE_LOOP ( 'NONE', ( #1286, #1348, #4988, #1002 ) ) ;
#8326 = CARTESIAN_POINT ( 'NONE',  ( 1.363541440724000076, 0.09273036689744999783, -0.05949756117853995802 ) ) ;
#8327 = CARTESIAN_POINT ( 'NONE',  ( 1.076732705388488975, -0.09936777513471369006, -0.03161809878503895471 ) ) ;
#8328 = CARTESIAN_POINT ( 'NONE',  ( 1.252023110293000174, 0.009475668413427007497, 0.1203997828730999919 ) ) ;
#8329 = AXIS2_PLACEMENT_3D ( 'NONE', #8334, #3458, #6527 ) ;
#8330 = CARTESIAN_POINT ( 'NONE',  ( 0.8543307086613995960, 0.000000000000000000, -0.1535433070865999949 ) ) ;
#8331 = CARTESIAN_POINT ( 'NONE',  ( 1.237134903897749938, 0.07258425826477091225, -0.09444883965335025555 ) ) ;
#8332 = FACE_OUTER_BOUND ( 'NONE', #64, .T. ) ;
#8333 = CARTESIAN_POINT ( 'NONE',  ( 0.7362204724408996093, 0.000000000000000000, 0.000000000000000000 ) ) ;
#8334 = CARTESIAN_POINT ( 'NONE',  ( 0.7280600717204999128, 0.000000000000000000, 0.000000000000000000 ) ) ;
#8335 = CARTESIAN_POINT ( 'NONE',  ( 0.5819715539376000280, 0.1249886876760000071, -0.09034651292232991071 ) ) ;
#8336 = ORIENTED_EDGE ( 'NONE', *, *, #7569, .T. ) ;
#8337 = ORIENTED_EDGE ( 'NONE', *, *, #8980, .F. ) ;
#8338 = VECTOR ( 'NONE', #101, 39.37007874015748143 ) ;
#8339 = CARTESIAN_POINT ( 'NONE',  ( 1.146991695759000063, 0.1058550957742000059, -0.02836378742741000117 ) ) ;
#8340 = CARTESIAN_POINT ( 'NONE',  ( 1.337179628015000121, 0.04780244526199000504, 0.09339407042860001229 ) ) ;
#8341 = CARTESIAN_POINT ( 'NONE',  ( 0.5787401574803000548, 0.1194158702739000072, -0.08712904529506003415 ) ) ;
#8342 = CARTESIAN_POINT ( 'NONE',  ( 1.189015993079000078, -0.08250703959862992765, 0.06330987804492992088 ) ) ;
#8343 = DIRECTION ( 'NONE',  ( 1.000000000000000000, 0.000000000000000000, 0.000000000000000000 ) ) ;
#8344 = CARTESIAN_POINT ( 'NONE',  ( 0.7244094488188976833, 0.1409286094185999982, 0.06318091013743996898 ) ) ;
#8345 = FACE_OUTER_BOUND ( 'NONE', #7865, .T. ) ;
#8346 = ORIENTED_EDGE ( 'NONE', *, *, #4156, .T. ) ;
#8347 = ORIENTED_EDGE ( 'NONE', *, *, #9471, .T. ) ;
#8348 = ORIENTED_EDGE ( 'NONE', *, *, #7557, .T. ) ;
#8349 = ADVANCED_FACE ( 'NONE', ( #281 ), #1034, .T. ) ;
#8350 = ADVANCED_FACE ( 'NONE', ( #187 ), #8014, .T. ) ;
#8351 = CARTESIAN_POINT ( 'NONE',  ( 0.5787401574803000548, 0.01574803149606000124, -0.1469816999198000074 ) ) ;
#8352 = CARTESIAN_POINT ( 'NONE',  ( 1.371032521078999977, -0.1044667680816000060, -0.04799413061016000182 ) ) ;
#8353 = CARTESIAN_POINT ( 'NONE',  ( 1.193037887003666420, 0.1181102362205011247, -0.02061412502355417994 ) ) ;
#8354 = DIRECTION ( 'NONE',  ( 1.000000000000000000, 0.000000000000000000, 0.000000000000000000 ) ) ;
#8355 = CARTESIAN_POINT ( 'NONE',  ( 1.305638506801000132, -0.01090832490354999920, 0.1037857943025000118 ) ) ;
#8356 = CARTESIAN_POINT ( 'NONE',  ( 1.177055201326839828, 0.08417905187470858808, 0.05891519607388806534 ) ) ;
#8357 = CARTESIAN_POINT ( 'NONE',  ( 0.7362204724408996093, 0.09311273659296002980, -0.03557440309001000389 ) ) ;
#8358 = ORIENTED_EDGE ( 'NONE', *, *, #267, .F. ) ;
#8359 = ADVANCED_FACE ( 'NONE', ( #8680, #8575 ), #7917, .F. ) ;
#8360 = EDGE_CURVE ( 'NONE', #4372, #5560, #1830, .T. ) ;
#8361 = CONICAL_SURFACE ( 'NONE', #3847, 0.1633858267431000100, 0.7853981633972997312 ) ;
#8362 = CARTESIAN_POINT ( 'NONE',  ( 1.061323435455999942, 0.1000599975330000030, -0.02963912128933999732 ) ) ;
#8363 = CARTESIAN_POINT ( 'NONE',  ( 0.7362204724408996093, 0.000000000000000000, 0.000000000000000000 ) ) ;
#8364 = DIRECTION ( 'NONE',  ( 0.000000000000000000, -1.000000000000000000, 0.000000000000000000 ) ) ;
#8365 = CYLINDRICAL_SURFACE ( 'NONE', #4238, 0.2755905511811023723 ) ;
#8366 = CARTESIAN_POINT ( 'NONE',  ( 0.7362204724408996093, 0.01574803149606000124, 0.2165354330709000075 ) ) ;
#8367 = CARTESIAN_POINT ( 'NONE',  ( 1.198222481708999920, 0.04958656040476999705, 0.1039603466461000020 ) ) ;
#8368 = ORIENTED_EDGE ( 'NONE', *, *, #629, .T. ) ;
#8369 = EDGE_LOOP ( 'NONE', ( #4583, #8605, #7060, #892 ) ) ;
#8370 = DIRECTION ( 'NONE',  ( 1.000000000000000000, 0.000000000000000000, 0.000000000000000000 ) ) ;
#8371 = EDGE_CURVE ( 'NONE', #4231, #2102, #7467, .T. ) ;
#8372 = EDGE_CURVE ( 'NONE', #4141, #468, #9539, .T. ) ;
#8373 = CARTESIAN_POINT ( 'NONE',  ( 0.4921259842520000483, -0.5314960629921000601, -0.3740157480314960647 ) ) ;
#8374 = ORIENTED_EDGE ( 'NONE', *, *, #8587, .T. ) ;
#8375 = CARTESIAN_POINT ( 'NONE',  ( 1.341853448598000043, -0.06933637406112008739, 0.08562329117253997257 ) ) ;
#8376 = CARTESIAN_POINT ( 'NONE',  ( 1.124772873553488761, 0.01258166840694196174, -0.1035150256055164392 ) ) ;
#8377 = CARTESIAN_POINT ( 'NONE',  ( 1.172020300442999874, 0.08144502098066003226, 0.08144515336377008974 ) ) ;
#8378 = AXIS2_PLACEMENT_3D ( 'NONE', #9820, #5829, #561 ) ;
#8379 = DIRECTION ( 'NONE',  ( 0.000000000000000000, 1.000000000000000000, 0.000000000000000000 ) ) ;
#8380 = CARTESIAN_POINT ( 'NONE',  ( 1.130507607309249707, 0.07258425826477025999, 0.09444883965335074127 ) ) ;
#8381 = DIRECTION ( 'NONE',  ( 0.000000000000000000, 1.000000000000000000, 0.000000000000000000 ) ) ;
#8382 = DIRECTION ( 'NONE',  ( 1.703338058906964394E-07, -0.9999999999999786837, 1.168891388785975569E-07 ) ) ;
#8383 = DIRECTION ( 'NONE',  ( 0.000000000000000000, 0.000000000000000000, 1.000000000000000000 ) ) ;
#8384 = CARTESIAN_POINT ( 'NONE',  ( 0.5795727200239999544, 0.1225473869886000156, -0.08893702731327009225 ) ) ;
#8385 = ORIENTED_EDGE ( 'NONE', *, *, #9230, .T. ) ;
#8386 = ORIENTED_EDGE ( 'NONE', *, *, #5700, .F. ) ;
#8387 = CIRCLE ( 'NONE', #4849, 0.2795275590551000167 ) ;
#8388 = CARTESIAN_POINT ( 'NONE',  ( 1.087280409669000081, -0.1023103873715000001, 0.03927327812244000432 ) ) ;
#8389 = CARTESIAN_POINT ( 'NONE',  ( 0.6104330708661004357, 0.4370078740156999597, 0.3543307086614000401 ) ) ;
#8390 = AXIS2_PLACEMENT_3D ( 'NONE', #1285, #1953, #9028 ) ;
#8391 = CARTESIAN_POINT ( 'NONE',  ( 1.166684482945000045, 0.1148384056696000050, -0.007608851261906004505 ) ) ;
#8392 = CARTESIAN_POINT ( 'NONE',  ( 1.225269273919000090, -0.04229973533675999986, 0.09500676109277993164 ) ) ;
#8393 = CARTESIAN_POINT ( 'NONE',  ( 1.318803416312999799, 0.05948255673673390198, 0.1032031167347791933 ) ) ;
#8394 = DIRECTION ( 'NONE',  ( 0.000000000000000000, 0.000000000000000000, -1.000000000000000000 ) ) ;
#8395 = DIRECTION ( 'NONE',  ( -1.000000000000000000, 0.000000000000000000, 0.000000000000000000 ) ) ;
#8396 = AXIS2_PLACEMENT_3D ( 'NONE', #5750, #8834, #1186 ) ;
#8397 = ORIENTED_EDGE ( 'NONE', *, *, #8741, .T. ) ;
#8398 = ORIENTED_EDGE ( 'NONE', *, *, #9418, .T. ) ;
#8399 = ORIENTED_EDGE ( 'NONE', *, *, #3272, .F. ) ;
#8400 = CARTESIAN_POINT ( 'NONE',  ( -0.002765821536155000076, 0.000000000000000000, -0.3149606299213000282 ) ) ;
#8401 = CARTESIAN_POINT ( 'NONE',  ( 0.7362204724408996093, -0.01574803149606000124, -0.2165354330709000075 ) ) ;
#8402 = CARTESIAN_POINT ( 'NONE',  ( 1.388590482583999863, 0.1131562469677000055, 0.01039509459851000080 ) ) ;
#8403 = CARTESIAN_POINT ( 'NONE',  ( 1.196318726898666807, 0.1125935275257113066, 0.04120276216306607148 ) ) ;
#8404 = CARTESIAN_POINT ( 'NONE',  ( 1.249905778517000021, -0.1032031167347789991, 0.05948255673673419341 ) ) ;
#8405 = CIRCLE ( 'NONE', #5189, 0.1574803149606000263 ) ;
#8406 = CARTESIAN_POINT ( 'NONE',  ( 1.309903598665000279, -0.07379186162582992980, 0.07379198156927008201 ) ) ;
#8407 = CARTESIAN_POINT ( 'NONE',  ( 1.282643543704391709, 0.01901789965274887015, -0.1026114041959799161 ) ) ;
#8408 = CARTESIAN_POINT ( 'NONE',  ( 0.7358047547447992276, -0.007185665451878996829, 0.1572119822396000066 ) ) ;
#8409 = EDGE_CURVE ( 'NONE', #7283, #1235, #1754, .T. ) ;
#8410 = EDGE_CURVE ( 'NONE', #8946, #6224, #2792, .T. ) ;
#8411 = EDGE_LOOP ( 'NONE', ( #7570, #9785, #6982, #3608 ) ) ;
#8412 = ORIENTED_EDGE ( 'NONE', *, *, #356, .F. ) ;
#8413 = CARTESIAN_POINT ( 'NONE',  ( 1.106163441184000007, 0.03224823098968999935, 0.09924984962000001076 ) ) ;
#8414 = CARTESIAN_POINT ( 'NONE',  ( 0.5787401574803000548, 0.01574803149606000124, 0.1474010710961000115 ) ) ;
#8415 = CARTESIAN_POINT ( 'NONE',  ( 0.7362204724408996093, -0.1827275465568999890, 0.1100438633047000070 ) ) ;
#8416 = AXIS2_PLACEMENT_3D ( 'NONE', #3196, #814, #7083 ) ;
#8417 = CARTESIAN_POINT ( 'NONE',  ( 0.7268675672382992614, 0.01551150613601999864, 0.2010874049501000238 ) ) ;
#8418 = DIRECTION ( 'NONE',  ( 1.000000000000000000, 0.000000000000000000, 0.000000000000000000 ) ) ;
#8419 = EDGE_CURVE ( 'NONE', #767, #4359, #7102, .T. ) ;
#8420 = CARTESIAN_POINT ( 'NONE',  ( 1.312346026466999938, 0.05968658845680000630, 0.09190928686668996261 ) ) ;
#8421 = ORIENTED_EDGE ( 'NONE', *, *, #1449, .F. ) ;
#8422 = EDGE_CURVE ( 'NONE', #4774, #4573, #3363, .T. ) ;
#8423 = ORIENTED_EDGE ( 'NONE', *, *, #7030, .F. ) ;
#8424 = LINE ( 'NONE', #690, #7251 ) ;
#8425 = B_SPLINE_CURVE_WITH_KNOTS ( 'NONE', 3,
 ( #2747, #470, #8000, #4368 ),
 .UNSPECIFIED., .F., .F.,
 ( 4, 4 ),
 ( 0.000000000000000000, 1.000000000000000000 ),
 .UNSPECIFIED. ) ;
#8426 = CARTESIAN_POINT ( 'NONE',  ( 1.157231461224000002, -0.02169713754582000206, 0.1020770065874999910 ) ) ;
#8427 = CARTESIAN_POINT ( 'NONE',  ( 1.316998974984000093, 0.04090330843425000334, -0.1083332292223000010 ) ) ;
#8428 = CARTESIAN_POINT ( 'NONE',  ( 1.080910111316427225, -0.05853866469342373924, -0.08629532804222221631 ) ) ;
#8429 = CARTESIAN_POINT ( 'NONE',  ( 1.237095288770999835, 0.07600433443792992128, -0.09385753648173995878 ) ) ;
#8430 = CARTESIAN_POINT ( 'NONE',  ( 1.046026199946000101, -0.02713672894063000329, -0.1106773350079000157 ) ) ;
#8431 = CARTESIAN_POINT ( 'NONE',  ( 1.128046977387999972, 0.1032031167347787076, 0.05948255673673468608 ) ) ;
#8432 = CARTESIAN_POINT ( 'NONE',  ( 0.8188976377952992269, 0.000000000000000000, 0.000000000000000000 ) ) ;
#8433 = PLANE ( 'NONE',  #6532 ) ;
#8434 = CARTESIAN_POINT ( 'NONE',  ( 0.6104330708661004357, -0.2755905511811023723, 0.000000000000000000 ) ) ;
#8435 = EDGE_CURVE ( 'NONE', #2322, #2516, #4084, .T. ) ;
#8436 = CARTESIAN_POINT ( 'NONE',  ( 0.7362204724408996093, 0.000000000000000000, 0.000000000000000000 ) ) ;
#8437 = ORIENTED_EDGE ( 'NONE', *, *, #2554, .T. ) ;
#8438 = AXIS2_PLACEMENT_3D ( 'NONE', #8778, #3419, #9585 ) ;
#8439 = ORIENTED_EDGE ( 'NONE', *, *, #8926, .F. ) ;
#8440 = ORIENTED_EDGE ( 'NONE', *, *, #8474, .F. ) ;
#8441 = CARTESIAN_POINT ( 'NONE',  ( 1.187510068461999913, 0.1092514072738000053, -0.008598256130783996781 ) ) ;
#8442 = CARTESIAN_POINT ( 'NONE',  ( 0.8543307518312007742, -0.09046558149497008205, -0.1614172930797999894 ) ) ;
#8443 = CARTESIAN_POINT ( 'NONE',  ( 1.075859331068000024, -0.08774009977598996868, -0.06551813748706004914 ) ) ;
#8444 = CARTESIAN_POINT ( 'NONE',  ( 1.214606544260000032, 0.09971518846662992541, 0.02953698447650000142 ) ) ;
#8445 = CARTESIAN_POINT ( 'NONE',  ( 1.140609122942000120, 0.002251442354111000271, 0.1094800550594000055 ) ) ;
#8446 = CARTESIAN_POINT ( 'NONE',  ( 0.6498031496062991463, -0.3740157480314960647, 0.5314960629921000601 ) ) ;
#8447 = CARTESIAN_POINT ( 'NONE',  ( 0.5787401574803000548, -0.01574803149606000124, -0.1469816999198000074 ) ) ;
#8448 = CYLINDRICAL_SURFACE ( 'NONE', #5409, 0.1181102362205000006 ) ;
#8449 = ORIENTED_EDGE ( 'NONE', *, *, #3974, .T. ) ;
#8450 = ORIENTED_EDGE ( 'NONE', *, *, #9152, .F. ) ;
#8451 = EDGE_LOOP ( 'NONE', ( #3576, #50, #5868, #3692 ) ) ;
#8452 = CIRCLE ( 'NONE', #65, 0.2263779527559000304 ) ;
#8453 = CARTESIAN_POINT ( 'NONE',  ( 0.01181102362204999867, 0.000000000000000000, 0.1003937007873999948 ) ) ;
#8454 = CARTESIAN_POINT ( 'NONE',  ( 1.219612615845000025, 0.07728546215276003994, -0.06958814268777008261 ) ) ;
#8455 = CARTESIAN_POINT ( 'NONE',  ( 1.375969714131000110, 0.01668691172490999880, -0.1081028653652000016 ) ) ;
#8456 = DIRECTION ( 'NONE',  ( 0.000000000000000000, 0.000000000000000000, -1.000000000000000000 ) ) ;
#8457 = EDGE_CURVE ( 'NONE', #689, #5833, #7429, .T. ) ;
#8458 = CARTESIAN_POINT ( 'NONE',  ( 1.256467458306999241, -0.1032031167347788603, -0.05948255673673441546 ) ) ;
#8459 = CARTESIAN_POINT ( 'NONE',  ( 1.292843231211000310, 0.09742608914478996518, -0.03739837169383999904 ) ) ;
#8460 = CARTESIAN_POINT ( 'NONE',  ( 1.184546430844329867, -0.02436210202280527856, 0.1014754567805845609 ) ) ;
#8461 = CARTESIAN_POINT ( 'NONE',  ( 0.7309163189859999576, -0.01384384580942999918, 0.1555023890704999856 ) ) ;
#8462 = VERTEX_POINT ( 'NONE', #3469 ) ;
#8463 = PRODUCT_DEFINITION ( 'UNKNOWN', '', #1154, #7566 ) ;
#8464 = CARTESIAN_POINT ( 'NONE',  ( 1.178015695382000239, 0.06956180430292008277, 0.07598703421526004087 ) ) ;
#8465 = DIRECTION ( 'NONE',  ( 0.000000000000000000, -0.9997541118987406383, -0.02217466440694088742 ) ) ;
#8466 = CARTESIAN_POINT ( 'NONE',  ( 1.224011544317291422, -0.1181102362205000006, -0.01546059376767004723 ) ) ;
#8467 = DIRECTION ( 'NONE',  ( 0.000000000000000000, 0.1013964983486963234, -0.9948460936861655002 ) ) ;
#8468 = CIRCLE ( 'NONE', #7996, 0.08267716535433068670 ) ;
#8469 = CARTESIAN_POINT ( 'NONE',  ( 1.271827653763999866, 0.07543626803787008284, 0.07949323998367992250 ) ) ;
#8470 = VERTEX_POINT ( 'NONE', #9687 ) ;
#8471 = VERTEX_POINT ( 'NONE', #5186 ) ;
#8472 = DIRECTION ( 'NONE',  ( 0.000000000000000000, 0.8660254037844288266, -0.5000000000000169864 ) ) ;
#8473 = CIRCLE ( 'NONE', #4128, 0.1574803149605999708 ) ;
#8474 = EDGE_CURVE ( 'NONE', #8694, #8908, #2998, .T. ) ;
#8475 = DIRECTION ( 'NONE',  ( 0.000000000000000000, 0.000000000000000000, -1.000000000000000000 ) ) ;
#8476 = EDGE_CURVE ( 'NONE', #369, #4168, #380, .T. ) ;
#8477 = CARTESIAN_POINT ( 'NONE',  ( 1.337033894793000055, 0.009736609125761004277, 0.1097455201905000177 ) ) ;
#8478 = CARTESIAN_POINT ( 'NONE',  ( 1.048508456622610385, 0.05067536508359193198, -0.08936403373040073539 ) ) ;
#8479 = CARTESIAN_POINT ( 'NONE',  ( 1.279746207405999980, 0.1127504526622000042, -0.04328084370751000831 ) ) ;
#8480 = CARTESIAN_POINT ( 'NONE',  ( 1.085863783766999990, 0.000000000000000000, 0.1181102362205000006 ) ) ;
#8481 = DIRECTION ( 'NONE',  ( 1.000000000000000000, 0.000000000000000000, 0.000000000000000000 ) ) ;
#8482 = CARTESIAN_POINT ( 'NONE',  ( 1.332529523190238319, -0.002471814868744999678, -0.1048876372943000068 ) ) ;
#8483 = CARTESIAN_POINT ( 'NONE',  ( 1.273224142742749976, 0.01546059376767015998, -0.1181102362205000006 ) ) ;
#8484 = CARTESIAN_POINT ( 'NONE',  ( 1.351144090249000174, 0.000000000000000000, -0.1181102362205000006 ) ) ;
#8485 = CARTESIAN_POINT ( 'NONE',  ( 0.7285187645193996753, -0.01502061856554000145, -0.2016627953137999918 ) ) ;
#8486 = ORIENTED_EDGE ( 'NONE', *, *, #936, .F. ) ;
#8487 = ORIENTED_EDGE ( 'NONE', *, *, #7345, .T. ) ;
#8488 = VECTOR ( 'NONE', #2582, 39.37007874015748143 ) ;
#8489 = CARTESIAN_POINT ( 'NONE',  ( 1.172582246940000017, -0.08516685022721004472, -0.06896675547528996475 ) ) ;
#8490 = CIRCLE ( 'NONE', #8983, 0.1850390886813999547 ) ;
#8491 = ADVANCED_FACE ( 'NONE', ( #534 ), #9738, .T. ) ;
#8492 = VECTOR ( 'NONE', #9283, 39.37007874015748143 ) ;
#8493 = CARTESIAN_POINT ( 'NONE',  ( 0.5790964197264000246, -0.1215489777388999992, 0.08836059546421004551 ) ) ;
#8494 = CARTESIAN_POINT ( 'NONE',  ( 1.098835063668000211, 0.04306782106855000514, 0.1006782709272000115 ) ) ;
#8495 = CARTESIAN_POINT ( 'NONE',  ( 1.238064549508999912, -0.06544796599128996362, -0.08082150710363995849 ) ) ;
#8496 = CARTESIAN_POINT ( 'NONE',  ( 1.085291921447000041, 0.007334020260942007707, -0.1036570546932999992 ) ) ;
#8497 = CARTESIAN_POINT ( 'NONE',  ( 0.7244094488188976833, 0.1409286094185999982, -0.06318091013743996898 ) ) ;
#8498 = DIRECTION ( 'NONE',  ( 1.000000000000000000, 0.000000000000000000, 0.000000000000000000 ) ) ;
#8499 = CARTESIAN_POINT ( 'NONE',  ( 0.7346171654644999549, 0.1742834916338999729, 0.1121585957167999942 ) ) ;
#8500 = B_SPLINE_CURVE_WITH_KNOTS ( 'NONE', 3,
 ( #7963, #3369, #232, #9491, #6439, #940, #6537, #5597, #4175, #8777 ),
 .UNSPECIFIED., .F., .F.,
 ( 4, 2, 2, 2, 4 ),
 ( 0.000000000000000000, 0.2499999999999999445, 0.4999999999999998890, 0.7499999999999998890, 1.000000000000000000 ),
 .UNSPECIFIED. ) ;
#8501 = ORIENTED_EDGE ( 'NONE', *, *, #2980, .F. ) ;
#8502 = VERTEX_POINT ( 'NONE', #5035 ) ;
#8503 = AXIS2_PLACEMENT_3D ( 'NONE', #3616, #1334, #8259 ) ;
#8504 = ORIENTED_EDGE ( 'NONE', *, *, #5714, .T. ) ;
#8505 = B_SPLINE_CURVE_WITH_KNOTS ( 'NONE', 3,
 ( #344, #3629, #9556, #4298, #5858, #6660, #7266, #9750, #1153, #5150, #396 ),
 .UNSPECIFIED., .F., .F.,
 ( 4, 1, 1, 1, 1, 1, 1, 1, 4 ),
 ( 0.000000000000000000, 0.1250000000000000000, 0.2500000000000000000, 0.3750000000000000000, 0.5000000000000000000, 0.6250000000000000000, 0.7500000000000000000, 0.8750000000000000000, 1.000000000000000000 ),
 .UNSPECIFIED. ) ;
#8506 = CARTESIAN_POINT ( 'NONE',  ( 1.347223749010731497, -0.09179689244276677262, 0.05081056796513373774 ) ) ;
#8507 = ADVANCED_FACE ( 'NONE', ( #2055 ), #5491, .T. ) ;
#8508 = DIRECTION ( 'NONE',  ( 1.000000000000000000, 0.000000000000000000, 0.000000000000000000 ) ) ;
#8509 = CARTESIAN_POINT ( 'NONE',  ( 1.228142799572000010, 0.08413602592137991998, 0.06112840096925000605 ) ) ;
#8510 = CARTESIAN_POINT ( 'NONE',  ( 1.385424001095000079, 0.1076631102061000184, 0.009890467785502007197 ) ) ;
#8511 = CARTESIAN_POINT ( 'NONE',  ( 1.288057772192483075, -0.07755271207417993584, -0.06982877559786006272 ) ) ;
#8512 = CARTESIAN_POINT ( 'NONE',  ( 1.233033854029000009, 0.000000000000000000, -0.1181102362205000006 ) ) ;
#8513 = CARTESIAN_POINT ( 'NONE',  ( 1.297164864236000081, 0.05683715052910000981, 0.08752153721173996925 ) ) ;
#8514 = CARTESIAN_POINT ( 'NONE',  ( 1.148199741771999793, 0.05948255673673449179, -0.1032031167347788186 ) ) ;
#8515 = DIRECTION ( 'NONE',  ( -0.000000000000000000, 0.5000000000000169864, 0.8660254037844288266 ) ) ;
#8516 = ORIENTED_EDGE ( 'NONE', *, *, #2585, .T. ) ;
#8517 = ORIENTED_EDGE ( 'NONE', *, *, #2857, .T. ) ;
#8518 = EDGE_CURVE ( 'NONE', #1, #8251, #1135, .T. ) ;
#8519 = CARTESIAN_POINT ( 'NONE',  ( 1.086970527799000052, -0.02436176700353999761, -0.1014740624988999945 ) ) ;
#8520 = DIRECTION ( 'NONE',  ( 1.000000000000000000, 0.000000000000000000, 0.000000000000000000 ) ) ;
#8521 = FACE_OUTER_BOUND ( 'NONE', #2704, .T. ) ;
#8522 = CARTESIAN_POINT ( 'NONE',  ( 0.6498031496062991463, -0.2755905511811023723, 0.000000000000000000 ) ) ;
#8523 = CARTESIAN_POINT ( 'NONE',  ( 1.248369648514000119, -0.1071944709820000091, -0.02278488818198000018 ) ) ;
#8524 = ORIENTED_EDGE ( 'NONE', *, *, #1245, .T. ) ;
#8525 = EDGE_LOOP ( 'NONE', ( #15, #3284 ) ) ;
#8526 = AXIS2_PLACEMENT_3D ( 'NONE', #9014, #5215, #7388 ) ;
#8527 = CARTESIAN_POINT ( 'NONE',  ( 1.059148100764058187, -0.05948324709535230542, 0.1032020605127628859 ) ) ;
#8528 = CARTESIAN_POINT ( 'NONE',  ( 1.178556920541000030, 0.04737729933908999685, -0.09298318484278997320 ) ) ;
#8529 = CARTESIAN_POINT ( 'NONE',  ( 1.353145628527000266, -0.01769547594217000044, -0.1144379279603000149 ) ) ;
#8530 = CARTESIAN_POINT ( 'NONE',  ( 1.328178210983999907, 0.05948255673673389504, 0.1032031167347791933 ) ) ;
#8531 = CARTESIAN_POINT ( 'NONE',  ( 0.7277939874142007604, -0.1414999341795000198, 0.06403237789098994992 ) ) ;
#8532 = CARTESIAN_POINT ( 'NONE',  ( 0.5841804246273000212, 0.01574803149606000124, 0.1545109335357000291 ) ) ;
#8533 = LINE ( 'NONE', #2974, #4650 ) ;
#8534 = CARTESIAN_POINT ( 'NONE',  ( 1.354217515316238574, -0.03061339617533000157, 0.1003511142880000040 ) ) ;
#8535 = CYLINDRICAL_SURFACE ( 'NONE', #5085, 0.3149606299213000282 ) ;
#8536 = DIRECTION ( 'NONE',  ( 0.000000000000000000, -1.000000000000000000, 0.000000000000000000 ) ) ;
#8537 = CARTESIAN_POINT ( 'NONE',  ( 0.4921259842520000483, 0.3543307086614000401, 0.3543307086614000401 ) ) ;
#8538 = EDGE_CURVE ( 'NONE', #6624, #5725, #7499, .T. ) ;
#8539 = VERTEX_POINT ( 'NONE', #6738 ) ;
#8540 = EDGE_CURVE ( 'NONE', #8747, #3597, #8113, .T. ) ;
#8541 = ORIENTED_EDGE ( 'NONE', *, *, #2561, .T. ) ;
#8542 = CARTESIAN_POINT ( 'NONE',  ( 1.079848836317000016, -0.05199892369757000421, 0.09006477778332991346 ) ) ;
#8543 = AXIS2_PLACEMENT_3D ( 'NONE', #6725, #5926, #1170 ) ;
#8544 = DIRECTION ( 'NONE',  ( 0.000000000000000000, 0.000000000000000000, -1.000000000000000000 ) ) ;
#8545 = CARTESIAN_POINT ( 'NONE',  ( 1.050794895504000070, 0.1069325511170999832, -0.02358776246011000041 ) ) ;
#8546 = CARTESIAN_POINT ( 'NONE',  ( 1.274317830348999925, -0.09608148263394998556, -0.03979825319989999111 ) ) ;
#8547 = CARTESIAN_POINT ( 'NONE',  ( 1.151052637760000108, -0.1091924696449999982, -0.008243544217858996687 ) ) ;
#8548 = CARTESIAN_POINT ( 'NONE',  ( 0.6804168098318996716, 0.1310778715394000093, -0.05749358397114000263 ) ) ;
#8549 = CARTESIAN_POINT ( 'NONE',  ( 0.5787401574803000548, 0.000000000000000000, 0.000000000000000000 ) ) ;
#8550 = FACE_OUTER_BOUND ( 'NONE', #7782, .T. ) ;
#8551 = EDGE_LOOP ( 'NONE', ( #8970, #5421, #8921, #8504 ) ) ;
#8552 = VERTEX_POINT ( 'NONE', #2147 ) ;
#8553 = EDGE_CURVE ( 'NONE', #5419, #3906, #9139, .T. ) ;
#8554 = B_SPLINE_CURVE_WITH_KNOTS ( 'NONE', 3,
 ( #5433, #9930, #7605, #6839, #7759, #8461, #3005, #9226, #5285, #7654, #8408, #726, #6791, #6033 ),
 .UNSPECIFIED., .F., .F.,
 ( 4, 1, 1, 1, 1, 1, 1, 1, 1, 1, 1, 4 ),
 ( 0.000000000000000000, 0.09090909090909000956, 0.1818181818182000031, 0.2727272727273000186, 0.3636363636364000063, 0.4545454545454999939, 0.5454545454545000061, 0.6363636363636000493, 0.7272727272726999814, 0.8181818181818000246, 0.9090909090908999568, 1.000000000000000000 ),
 .UNSPECIFIED. ) ;
#8555 = AXIS2_PLACEMENT_3D ( 'NONE', #2562, #5086, #4332 ) ;
#8556 = ORIENTED_EDGE ( 'NONE', *, *, #9230, .F. ) ;
#8557 = DIRECTION ( 'NONE',  ( -1.000000000000000000, 0.000000000000000000, 0.000000000000000000 ) ) ;
#8558 = DIRECTION ( 'NONE',  ( 1.000000000000000000, 0.000000000000000000, 0.000000000000000000 ) ) ;
#8559 = CARTESIAN_POINT ( 'NONE',  ( 1.264396080412000245, 0.1031081313941999977, 0.01357444301962000034 ) ) ;
#8560 = CARTESIAN_POINT ( 'NONE',  ( 1.349887978946000100, 0.1148864436378000120, -0.03649930728295000537 ) ) ;
#8561 = CONICAL_SURFACE ( 'NONE', #4538, 0.1397637795276000239, 0.2516899717581221885 ) ;
#8562 = CARTESIAN_POINT ( 'NONE',  ( 0.7261087826327008443, 0.1256086753131999967, 0.09061099274377992785 ) ) ;
#8563 = CARTESIAN_POINT ( 'NONE',  ( 1.275262496602482365, -0.02700970012306000076, 0.1008015731564999989 ) ) ;
#8564 = CARTESIAN_POINT ( 'NONE',  ( 0.5393700787402000429, 0.000000000000000000, 0.000000000000000000 ) ) ;
#8565 = CARTESIAN_POINT ( 'NONE',  ( 1.192613572418000034, -0.08279234551820000010, 0.06352880097637007839 ) ) ;
#8566 = CARTESIAN_POINT ( 'NONE',  ( 1.180281338980391670, 0.04492766914367226500, 0.09419278167412940828 ) ) ;
#8567 = DIRECTION ( 'NONE',  ( -1.000000000000000000, 0.000000000000000000, 6.865168156178643015E-12 ) ) ;
#8568 = DIRECTION ( 'NONE',  ( 1.000000000000000000, 0.000000000000000000, 0.000000000000000000 ) ) ;
#8569 = AXIS2_PLACEMENT_3D ( 'NONE', #1311, #6815, #7477 ) ;
#8570 = ORIENTED_EDGE ( 'NONE', *, *, #4577, .F. ) ;
#8571 = EDGE_LOOP ( 'NONE', ( #8196, #2436 ) ) ;
#8572 = CARTESIAN_POINT ( 'NONE',  ( 1.059247430686000024, 0.1042144498681999987, 0.005461647631049000411 ) ) ;
#8573 = CARTESIAN_POINT ( 'NONE',  ( 1.309790516341999833, 0.05683715052910000981, 0.08752153721173996925 ) ) ;
#8574 = LINE ( 'NONE', #888, #4956 ) ;
#8575 = FACE_OUTER_BOUND ( 'NONE', #1250, .T. ) ;
#8576 = CARTESIAN_POINT ( 'NONE',  ( 1.320876210194000144, -0.07749129636727992987, 0.07749142232388996077 ) ) ;
#8577 = ORIENTED_EDGE ( 'NONE', *, *, #9471, .F. ) ;
#8578 = VECTOR ( 'NONE', #8023, 39.37007874015748143 ) ;
#8579 = ORIENTED_EDGE ( 'NONE', *, *, #1767, .T. ) ;
#8580 = B_SPLINE_CURVE_WITH_KNOTS ( 'NONE', 3,
 ( #3277, #8687, #6349, #1657, #7824, #9445 ),
 .UNSPECIFIED., .F., .F.,
 ( 4, 1, 1, 4 ),
 ( 0.000000000000000000, 0.3333333333333000081, 0.6666666666667000474, 1.000000000000000000 ),
 .UNSPECIFIED. ) ;
#8581 = CARTESIAN_POINT ( 'NONE',  ( -0.04468503937008000415, 0.000000000000000000, 0.000000000000000000 ) ) ;
#8582 = CARTESIAN_POINT ( 'NONE',  ( 0.5984251968503937480, -0.1126864528502000001, -0.04687529344016000410 ) ) ;
#8583 = CARTESIAN_POINT ( 'NONE',  ( 0.7277987937948995345, 0.1262055392388000130, -0.09052581345543996016 ) ) ;
#8584 = CARTESIAN_POINT ( 'NONE',  ( 0.4921259842520000483, -0.3740157480314960647, -0.5314960629921000601 ) ) ;
#8585 = DIRECTION ( 'NONE',  ( 1.000000000000000000, 0.000000000000000000, 0.000000000000000000 ) ) ;
#8586 = CARTESIAN_POINT ( 'NONE',  ( 1.101447773268249719, -0.07258425826477052367, -0.09444883965335057474 ) ) ;
#8587 = EDGE_CURVE ( 'NONE', #858, #9409, #8554, .T. ) ;
#8588 = EDGE_CURVE ( 'NONE', #9813, #7101, #4049, .T. ) ;
#8589 = DIRECTION ( 'NONE',  ( -1.000000000000000000, 0.000000000000000000, -6.865168156178643015E-12 ) ) ;
#8590 = DIRECTION ( 'NONE',  ( 1.000000000000000000, 0.000000000000000000, 0.000000000000000000 ) ) ;
#8591 = CARTESIAN_POINT ( 'NONE',  ( 1.134608657178000080, 0.000000000000000000, 0.1181102362205000006 ) ) ;
#8592 = DIRECTION ( 'NONE',  ( 0.9990138064662087425, 1.053490786142009949E-08, 0.04440061362072039025 ) ) ;
#8593 = DIRECTION ( 'NONE',  ( 0.000000000000000000, -0.007242887910995336395, 0.9999737699433465243 ) ) ;
#8594 = ORIENTED_EDGE ( 'NONE', *, *, #3180, .T. ) ;
#8595 = VERTEX_POINT ( 'NONE', #3055 ) ;
#8596 = ORIENTED_EDGE ( 'NONE', *, *, #9801, .T. ) ;
#8597 = CARTESIAN_POINT ( 'NONE',  ( 1.188608678837000054, 0.08570702122786004462, 0.05890526796714000424 ) ) ;
#8598 = ADVANCED_FACE ( 'NONE', ( #4636 ), #9693, .T. ) ;
#8599 = CYLINDRICAL_SURFACE ( 'NONE', #2556, 0.1181102362205000006 ) ;
#8600 = CARTESIAN_POINT ( 'NONE',  ( 1.100923766631999978, 0.007754874327482992255, 0.1092282627008000079 ) ) ;
#8601 = CARTESIAN_POINT ( 'NONE',  ( 1.275416440724000067, -0.05229147507196999639, -0.09630891637529999383 ) ) ;
#8602 = CARTESIAN_POINT ( 'NONE',  ( 1.146875231832999997, -0.09090944993103997063, 0.06104443759842991674 ) ) ;
#8603 = CARTESIAN_POINT ( 'NONE',  ( 0.7334836223767007279, -0.01157505979184000194, 0.2053428003530000379 ) ) ;
#8604 = CARTESIAN_POINT ( 'NONE',  ( -0.03937007874015999859, 0.000000000000000000, 0.000000000000000000 ) ) ;
#8605 = ORIENTED_EDGE ( 'NONE', *, *, #6683, .F. ) ;
#8606 = ORIENTED_EDGE ( 'NONE', *, *, #8752, .F. ) ;
#8607 = CARTESIAN_POINT ( 'NONE',  ( 1.095745918578000078, -0.1207306973226000002, 0.003161444571084000635 ) ) ;
#8608 = EDGE_CURVE ( 'NONE', #7479, #767, #2041, .T. ) ;
#8609 = EDGE_CURVE ( 'NONE', #6265, #5127, #26, .T. ) ;
#8610 = CARTESIAN_POINT ( 'NONE',  ( 0.7294081141038994964, -0.1269223050916000184, 0.09023475620096005345 ) ) ;
#8611 = CARTESIAN_POINT ( 'NONE',  ( 1.257998442616000023, 0.06544796599128996362, -0.08082150710363995849 ) ) ;
#8612 = EDGE_CURVE ( 'NONE', #3372, #4593, #971, .T. ) ;
#8613 = CARTESIAN_POINT ( 'NONE',  ( 1.372803232643000193, 0.01583551993381999978, -0.1025872916220000181 ) ) ;
#8614 = DIRECTION ( 'NONE',  ( 0.000000000000000000, 0.000000000000000000, -1.000000000000000000 ) ) ;
#8615 = DIRECTION ( 'NONE',  ( -1.000000000000000000, 0.000000000000000000, 0.000000000000000000 ) ) ;
#8616 = CARTESIAN_POINT ( 'NONE',  ( 1.246624938621999412, -0.05948255673673431138, 0.1032031167347788880 ) ) ;
#8617 = CARTESIAN_POINT ( 'NONE',  ( 1.207541393940000152, 0.01632510462271000162, -0.1030726540387999907 ) ) ;
#8618 = CARTESIAN_POINT ( 'NONE',  ( 1.204794229960749918, -0.01546059376766992927, 0.1181102362204999867 ) ) ;
#8619 = DIRECTION ( 'NONE',  ( 1.000000000000000000, 0.000000000000000000, 0.000000000000000000 ) ) ;
#8620 = CARTESIAN_POINT ( 'NONE',  ( 0.7095217622487006714, -0.1218478347396999978, 0.08853314063403995571 ) ) ;
#8621 = EDGE_LOOP ( 'NONE', ( #8450, #3930, #7369, #2893, #8524 ) ) ;
#8622 = EDGE_LOOP ( 'NONE', ( #5372, #8398, #3945, #6291 ) ) ;
#8623 = AXIS2_PLACEMENT_3D ( 'NONE', #8716, #6524, #978 ) ;
#8624 = ADVANCED_FACE ( 'NONE', ( #6892 ), #3106, .F. ) ;
#8625 = CARTESIAN_POINT ( 'NONE',  ( 1.069459584291999832, 0.05948255673673448485, -0.1032031167347787909 ) ) ;
#8626 = CARTESIAN_POINT ( 'NONE',  ( 0.7309195682576004049, 0.01384165564065000138, 0.1555034227300000071 ) ) ;
#8627 = CARTESIAN_POINT ( 'NONE',  ( 0.06692913385827008177, 0.000000000000000000, 0.000000000000000000 ) ) ;
#8628 = CARTESIAN_POINT ( 'NONE',  ( 0.8556108370193996615, 0.09079981680072991834, -0.1626974498562999971 ) ) ;
#8629 = CARTESIAN_POINT ( 'NONE',  ( 1.195056000219999914, 0.04717939539942000299, 0.09891362216373995875 ) ) ;
#8630 = ORIENTED_EDGE ( 'NONE', *, *, #9100, .T. ) ;
#8631 = DIRECTION ( 'NONE',  ( 1.000000000000000000, 0.000000000000000000, 0.000000000000000000 ) ) ;
#8632 = CARTESIAN_POINT ( 'NONE',  ( 1.182822012405000178, 0.09533529686965000471, -0.04244601067203000039 ) ) ;
#8633 = EDGE_CURVE ( 'NONE', #8251, #6383, #8920, .T. ) ;
#8634 = AXIS2_PLACEMENT_3D ( 'NONE', #1423, #8248, #4519 ) ;
#8635 = AXIS2_PLACEMENT_3D ( 'NONE', #6878, #8395, #9970 ) ;
#8636 = CARTESIAN_POINT ( 'NONE',  ( 1.352388923941999943, 0.02781904757791000063, -0.1181895006907000001 ) ) ;
#8637 = CARTESIAN_POINT ( 'NONE',  ( 1.311774011509000193, 0.000000000000000000, -0.1181102362205000006 ) ) ;
#8638 = CARTESIAN_POINT ( 'NONE',  ( 1.105548823137000092, 0.000000000000000000, -0.1181102362205000006 ) ) ;
#8639 = CARTESIAN_POINT ( 'NONE',  ( 0.7358047547447992276, -0.1325567376728999935, -0.08482895994423995945 ) ) ;
#8640 = DIRECTION ( 'NONE',  ( -1.000000000000000000, 5.643862514008999239E-11, 0.000000000000000000 ) ) ;
#8641 = DIRECTION ( 'NONE',  ( 0.000000000000000000, 0.000000000000000000, 1.000000000000000000 ) ) ;
#8642 = DIRECTION ( 'NONE',  ( 0.000000000000000000, 0.8660254037844288266, 0.5000000000000169864 ) ) ;
#8643 = DIRECTION ( 'NONE',  ( 1.000000000000000000, 0.000000000000000000, 0.000000000000000000 ) ) ;
#8644 = ORIENTED_EDGE ( 'NONE', *, *, #4977, .T. ) ;
#8645 = EDGE_LOOP ( 'NONE', ( #1361, #1929, #7945, #5690 ) ) ;
#8646 = AXIS2_PLACEMENT_3D ( 'NONE', #4317, #3509, #5069 ) ;
#8647 = AXIS2_PLACEMENT_3D ( 'NONE', #2916, #5291, #4591 ) ;
#8648 = CARTESIAN_POINT ( 'NONE',  ( 1.175813403245999922, 0.01357444289809000074, -0.1031081313059000193 ) ) ;
#8649 = EDGE_CURVE ( 'NONE', #1028, #4953, #3713, .T. ) ;
#8650 = DIRECTION ( 'NONE',  ( 0.000000000000000000, 0.7942696459338213222, -0.6075654117444163616 ) ) ;
#8651 = CARTESIAN_POINT ( 'NONE',  ( 1.150985783674000063, -0.05736980933551000944, -0.1061682743071999946 ) ) ;
#8652 = CARTESIAN_POINT ( 'NONE',  ( 1.222102792429999862, -0.04457396741637999898, 0.1001147699759999954 ) ) ;
#8653 = CARTESIAN_POINT ( 'NONE',  ( 1.127065980720999949, 0.04560126533532000287, -0.09337610744026003662 ) ) ;
#8654 = CARTESIAN_POINT ( 'NONE',  ( 0.7095549599062008772, 0.1376032978314000177, -0.06126104059741004082 ) ) ;
#8655 = CARTESIAN_POINT ( 'NONE',  ( 1.173884543847364181, -0.02169713751314000447, -0.1020770066113000640 ) ) ;
#8656 = EDGE_LOOP ( 'NONE', ( #8806, #8437, #2386, #3459 ) ) ;
#8657 = VERTEX_POINT ( 'NONE', #8306 ) ;
#8658 = CIRCLE ( 'NONE', #4299, 0.01574803149605999431 ) ;
#8659 = CIRCLE ( 'NONE', #7035, 0.1574803149605999708 ) ;
#8660 = TOROIDAL_SURFACE ( 'NONE', #7849, 0.2185039370079000232, 0.007874015748031005027 ) ;
#8661 = CARTESIAN_POINT ( 'NONE',  ( 1.108541194168999988, 0.05199372187269000328, -0.1090071047850000030 ) ) ;
#8662 = CARTESIAN_POINT ( 'NONE',  ( 1.209247764789249668, 0.07258425826477025999, 0.09444883965335074127 ) ) ;
#8663 = CARTESIAN_POINT ( 'NONE',  ( 1.345596729418999882, 0.04780244526199000504, 0.09339407042860001229 ) ) ;
#8664 = CARTESIAN_POINT ( 'NONE',  ( 1.329373585522000134, -0.09204714041842008976, -0.05909321597242992580 ) ) ;
#8665 = B_SPLINE_CURVE_WITH_KNOTS ( 'NONE', 3,
 ( #2280, #764, #7133, #7942, #1103, #3292, #5721, #257, #8655, #6513, #4200, #8704, #351, #9661, #7271, #6365, #9461, #3444, #2537, #5568, #1730, #4151, #1777, #8799, #7174, #2634, #1159, #2583, #1877, #4962, #1011, #4871, #1056, #9610, #5620, #6564, #8853, #1925, #4824, #5010, #2683, #1828, #7894, #4913, #3344, #8755, #5769, #7986, #7321, #4058, #8087, #9516, #7221, #4101, #6414, #965, #403, #5671, #302, #4252, #3394, #8034, #6463, #9562, #3497 ),
 .UNSPECIFIED., .F., .F.,
 ( 4, 1, 1, 1, 1, 1, 1, 1, 1, 1, 1, 1, 1, 1, 1, 1, 1, 1, 1, 1, 1, 1, 1, 1, 1, 1, 1, 1, 1, 1, 1, 1, 1, 1, 1, 1, 1, 1, 1, 1, 1, 1, 1, 1, 1, 1, 1, 1, 1, 1, 1, 1, 1, 1, 1, 1, 1, 1, 1, 1, 1, 1, 4 ),
 ( 0.000000000000000000, 0.01249978146952310763, 0.02874978872598277918, 0.04499979598244244899, 0.06124980323890211881, 0.07749981049536179556, 0.09374981775182146537, 0.1099998250082811491, 0.1262498322647407911, 0.1424998395212004609, 0.1587498467776601585, 0.1749998540341198006, 0.1912498612905794981, 0.2074998685470391679, 0.2237498758034988378, 0.2399998830599585076, 0.2562498903164182051, 0.2724998975728779027, 0.2887499048293375448, 0.3049999120857972423, 0.3212499193422568844, 0.3374999265987165820, 0.3537499338551762795, 0.3699999411116359216, 0.3862499483680955636, 0.4024999556245552612, 0.4187499628810149588, 0.4349999701374746008, 0.4512499773939342429, 0.4674999846503939960, 0.4837499919068536380, 0.4999999991633132801, 0.5162500064197729222, 0.5325000136762325642, 0.5487500209326923173, 0.5650000281891519593, 0.5812500354456117124, 0.5975000427020713545, 0.6137500499585309965, 0.6300000572149906386, 0.6462500644714503917, 0.6625000717279100337, 0.6787500789843696758, 0.6950000862408293179, 0.7112500934972890709, 0.7275001007537487130, 0.7437501080102083550, 0.7600001152666681081, 0.7762501225231277502, 0.7925001297795873922, 0.8087501370360470343, 0.8250001442925066764, 0.8412501515489664294, 0.8575001588054261825, 0.8737501660618858246, 0.8900001733183454666, 0.9062501805748051087, 0.9225001878312647507, 0.9387501950877243928, 0.9550002023441840349, 0.9712502096006437879, 0.9875002168571035410, 1.000000000000000000 ),
 .UNSPECIFIED. ) ;
#8666 = LINE ( 'NONE', #8766, #9770 ) ;
#8667 = CARTESIAN_POINT ( 'NONE',  ( 1.239009215762482352, -0.07183494035557008717, 0.07569823244745001178 ) ) ;
#8668 = LINE ( 'NONE', #1742, #5077 ) ;
#8669 = CARTESIAN_POINT ( 'NONE',  ( 1.205408848008999945, -0.01901763795381000016, -0.1026099921947999927 ) ) ;
#8670 = CIRCLE ( 'NONE', #8180, 0.09842519685038997324 ) ;
#8671 = CARTESIAN_POINT ( 'NONE',  ( 1.164603941246999952, 0.000000000000000000, 0.1181102362205000006 ) ) ;
#8672 = DIRECTION ( 'NONE',  ( 0.000000000000000000, 1.000000000000000000, 0.000000000000000000 ) ) ;
#8673 = VERTEX_POINT ( 'NONE', #1387 ) ;
#8674 = EDGE_CURVE ( 'NONE', #8155, #8871, #489, .T. ) ;
#8675 = EDGE_CURVE ( 'NONE', #3399, #2671, #3069, .T. ) ;
#8676 = VECTOR ( 'NONE', #3235, 39.37007874015748143 ) ;
#8677 = CARTESIAN_POINT ( 'NONE',  ( 1.076364339301000062, -0.09924984962000001076, -0.03224823098968999935 ) ) ;
#8678 = CARTESIAN_POINT ( 'NONE',  ( 1.296995240750999923, 0.05217873381839999852, -0.09037621804783996238 ) ) ;
#8679 = CARTESIAN_POINT ( 'NONE',  ( 1.263849348070791301, 0.01546059376767017039, -0.1181102362204999728 ) ) ;
#8680 = FACE_BOUND ( 'NONE', #8525, .T. ) ;
#8681 = AXIS2_PLACEMENT_3D ( 'NONE', #4300, #501, #2119 ) ;
#8682 = CARTESIAN_POINT ( 'NONE',  ( 1.216381459538000032, -0.01997105624407000124, -0.1077541769543000072 ) ) ;
#8683 = EDGE_CURVE ( 'NONE', #727, #6009, #705, .T. ) ;
#8684 = VERTEX_POINT ( 'NONE', #3396 ) ;
#8685 = FACE_OUTER_BOUND ( 'NONE', #2918, .T. ) ;
#8686 = CARTESIAN_POINT ( 'NONE',  ( 1.091122537338999887, -0.08279234553396004614, -0.06352880112627991294 ) ) ;
#8687 = CARTESIAN_POINT ( 'NONE',  ( 0.8556107593631003816, 0.09079979414942007665, 0.1626973976156000090 ) ) ;
#8688 = CARTESIAN_POINT ( 'NONE',  ( 0.5787401574803000548, 0.01574803149606000124, -0.1474010638049000066 ) ) ;
#8689 = CARTESIAN_POINT ( 'NONE',  ( 1.405511811024000357, 0.000000000000000000, 0.000000000000000000 ) ) ;
#8690 = CARTESIAN_POINT ( 'NONE',  ( 0.7244094488188976833, 0.01574803149606000124, 0.1536382109453000022 ) ) ;
#8691 = CARTESIAN_POINT ( 'NONE',  ( 0.7277939874142007604, 0.01529630117143999934, -0.1545587265787999875 ) ) ;
#8692 = CARTESIAN_POINT ( 'NONE',  ( 1.366934075954117755, -0.09707124080293337565, 0.06996894197500488910 ) ) ;
#8693 = CARTESIAN_POINT ( 'NONE',  ( 1.293088438263000128, -0.1206065689567999977, -0.006320722445973996420 ) ) ;
#8694 = VERTEX_POINT ( 'NONE', #1692 ) ;
#8695 = CIRCLE ( 'NONE', #3213, 0.1574803149606000263 ) ;
#8696 = ORIENTED_EDGE ( 'NONE', *, *, #5472, .T. ) ;
#8697 = CARTESIAN_POINT ( 'NONE',  ( 1.152355397997000042, 0.04721403471093000431, 0.09266276053095000298 ) ) ;
#8698 = CARTESIAN_POINT ( 'NONE',  ( 0.5787401574803000548, 0.000000000000000000, 0.000000000000000000 ) ) ;
#8699 = CARTESIAN_POINT ( 'NONE',  ( 1.126999126634999904, 0.1143104043314999846, -0.01337501878123000150 ) ) ;
#8700 = CARTESIAN_POINT ( 'NONE',  ( 1.283946624451000051, 0.08333232648411004195, -0.07117253052570000904 ) ) ;
#8701 = CARTESIAN_POINT ( 'NONE',  ( 0.9999994263157998553, 0.1850831034254768470, -0.06932385632206260195 ) ) ;
#8702 = CARTESIAN_POINT ( 'NONE',  ( 1.289275857257999647, -0.1032031167347789713, 0.05948255673673419341 ) ) ;
#8703 = ADVANCED_FACE ( 'NONE', ( #3160 ), #1927, .T. ) ;
#8704 = CARTESIAN_POINT ( 'NONE',  ( 1.167486906052270568, -0.09837167890033997331, -0.03483523850896001750 ) ) ;
#8705 = FACE_OUTER_BOUND ( 'NONE', #5074, .T. ) ;
#8706 = ORIENTED_EDGE ( 'NONE', *, *, #4348, .F. ) ;
#8707 = ORIENTED_EDGE ( 'NONE', *, *, #4079, .F. ) ;
#8708 = CIRCLE ( 'NONE', #7097, 0.1122047244094000057 ) ;
#8709 = CARTESIAN_POINT ( 'NONE',  ( 1.082950642988000034, 0.05762745733863000597, 0.1061365731885999947 ) ) ;
#8710 = B_SPLINE_CURVE_WITH_KNOTS ( 'NONE', 3,
 ( #6269, #4613, #2378, #8493, #2225, #5314, #6873, #3086, #5462, #9965, #5363 ),
 .UNSPECIFIED., .F., .F.,
 ( 4, 1, 1, 1, 1, 1, 1, 1, 4 ),
 ( 0.000000000000000000, 0.1250000000000000000, 0.2500000000000000000, 0.3750000000000000000, 0.5000000000000000000, 0.6250000000000000000, 0.7500000000000000000, 0.8750000000000000000, 1.000000000000000000 ),
 .UNSPECIFIED. ) ;
#8711 = CARTESIAN_POINT ( 'NONE',  ( 0.7277987937948995345, -0.1262055392388000130, 0.09052581345543996016 ) ) ;
#8712 = CARTESIAN_POINT ( 'NONE',  ( 1.352826060127999996, -0.06602625533717991491, 0.08153563497254999459 ) ) ;
#8713 = CARTESIAN_POINT ( 'NONE',  ( 1.321945217193000177, -0.08829375459618994670, 0.06239695146062008285 ) ) ;
#8714 = CARTESIAN_POINT ( 'NONE',  ( 0.7294037235237007533, 0.1269201138559999942, 0.09023588883991004450 ) ) ;
#8715 = CARTESIAN_POINT ( 'NONE',  ( 1.258460363215249567, -0.09444883965335044984, 0.07258425826477060694 ) ) ;
#8716 = CARTESIAN_POINT ( 'NONE',  ( 0.6561202481738996894, 0.000000000000000000, 0.000000000000000000 ) ) ;
#8717 = CARTESIAN_POINT ( 'NONE',  ( 1.309249291181999952, -0.1005876041400999843, 0.02224877255178000016 ) ) ;
#8718 = AXIS2_PLACEMENT_3D ( 'NONE', #9788, #4438, #7503 ) ;
#8719 = CYLINDRICAL_SURFACE ( 'NONE', #9798, 0.1535433070865999949 ) ;
#8720 = EDGE_CURVE ( 'NONE', #3320, #2116, #3446, .T. ) ;
#8721 = FACE_OUTER_BOUND ( 'NONE', #3907, .T. ) ;
#8722 = ORIENTED_EDGE ( 'NONE', *, *, #2481, .F. ) ;
#8723 = ORIENTED_EDGE ( 'NONE', *, *, #6742, .F. ) ;
#8724 = B_SPLINE_CURVE_WITH_KNOTS ( 'NONE', 3,
 ( #3559, #469, #7485, #7390, #3453, #4316, #6630, #8964, #2037, #5120 ),
 .UNSPECIFIED., .F., .F.,
 ( 4, 2, 2, 2, 4 ),
 ( 0.000000000000000000, 0.2500000000000000000, 0.5000000000000000000, 0.7500000000000000000, 1.000000000000000000 ),
 .UNSPECIFIED. ) ;
#8725 = AXIS2_PLACEMENT_3D ( 'NONE', #8873, #7397, #7449 ) ;
#8726 = CARTESIAN_POINT ( 'NONE',  ( 1.091292160824000046, 0.09419151460094998818, -0.04492704785243999827 ) ) ;
#8727 = CIRCLE ( 'NONE', #4375, 0.08267716535433068670 ) ;
#8728 = CARTESIAN_POINT ( 'NONE',  ( 0.7344566991169999559, 0.01022110016138000170, 0.1566959810554000021 ) ) ;
#8729 = ADVANCED_FACE ( 'NONE', ( #7099 ), #325, .T. ) ;
#8730 = CARTESIAN_POINT ( 'NONE',  ( 1.279433337572832841, 0.05948255673673389504, 0.1032031167347791933 ) ) ;
#8731 = CARTESIAN_POINT ( 'NONE',  ( 0.06692913385827008177, 0.000000000000000000, -0.3149606299213000282 ) ) ;
#8732 = AXIS2_PLACEMENT_3D ( 'NONE', #5276, #4574, #2338 ) ;
#8733 = CARTESIAN_POINT ( 'NONE',  ( 1.313444636842000079, -0.01087073435519000063, 0.1034281440717000067 ) ) ;
#8734 = DIRECTION ( 'NONE',  ( 1.000000000000000000, 0.000000000000000000, 0.000000000000000000 ) ) ;
#8735 = CARTESIAN_POINT ( 'NONE',  ( 0.6104330708661004357, 0.3543307086614000401, 0.3543307086614000401 ) ) ;
#8736 = CARTESIAN_POINT ( 'NONE',  ( 1.157288002385000070, -0.08110098452177008643, 0.06567428234212992211 ) ) ;
#8737 = CARTESIAN_POINT ( 'NONE',  ( 0.7309195682576004049, 0.1277490866393000135, -0.08973893678023996123 ) ) ;
#8738 = LINE ( 'NONE', #4807, #3826 ) ;
#8739 = EDGE_CURVE ( 'NONE', #845, #6480, #9374, .T. ) ;
#8740 = CARTESIAN_POINT ( 'NONE',  ( 1.282714177467999761, 0.000000000000000000, 0.1181102362205000006 ) ) ;
#8741 = EDGE_CURVE ( 'NONE', #4447, #7225, #2635, .T. ) ;
#8742 = DIRECTION ( 'NONE',  ( 1.000000000000000000, 0.000000000000000000, 0.000000000000000000 ) ) ;
#8743 = DIRECTION ( 'NONE',  ( 0.000000000000000000, 0.000000000000000000, -1.000000000000000000 ) ) ;
#8744 = VECTOR ( 'NONE', #1090, 39.37007874015748143 ) ;
#8745 = DIRECTION ( 'NONE',  ( -1.000000000000000000, 2.768605753405999827E-10, -2.721800630064999609E-10 ) ) ;
#8746 = CARTESIAN_POINT ( 'NONE',  ( 0.6102362204723996708, -0.3740157480314960647, 0.5314960629921000601 ) ) ;
#8747 = VERTEX_POINT ( 'NONE', #1879 ) ;
#8748 = CARTESIAN_POINT ( 'NONE',  ( 1.167283219518999937, -0.09803268593991004698, -0.03471519480571000349 ) ) ;
#8749 = CARTESIAN_POINT ( 'NONE',  ( 0.7095217622487006714, 0.01574803149606000124, 0.1497898905977000095 ) ) ;
#8750 = CARTESIAN_POINT ( 'NONE',  ( 1.087313770324999984, 0.1134930403026999934, -0.01910731453333000193 ) ) ;
#8751 = CARTESIAN_POINT ( 'NONE',  ( 1.271151348861000008, -0.1012472735857000011, -0.04193799387248999672 ) ) ;
#8752 = EDGE_CURVE ( 'NONE', #4120, #958, #3500, .T. ) ;
#8753 = CARTESIAN_POINT ( 'NONE',  ( 0.9999994263157996333, 0.1600068111433885776, 0.1160145362301281680 ) ) ;
#8754 = CARTESIAN_POINT ( 'NONE',  ( 0.4921259842520000483, 0.2716535433071000094, -0.3543307086614000401 ) ) ;
#8755 = CARTESIAN_POINT ( 'NONE',  ( 1.094980344372364245, -0.02436176700353999761, -0.1014740624988999945 ) ) ;
#8756 = CARTESIAN_POINT ( 'NONE',  ( 0.6285072770878996629, 0.01574803149606000124, -0.1689872962138000145 ) ) ;
#8757 = AXIS2_PLACEMENT_3D ( 'NONE', #124, #9380, #2445 ) ;
#8758 = ORIENTED_EDGE ( 'NONE', *, *, #8720, .T. ) ;
#8759 =( GEOMETRIC_REPRESENTATION_CONTEXT ( 3 ) GLOBAL_UNCERTAINTY_ASSIGNED_CONTEXT ( ( #8993 ) ) GLOBAL_UNIT_ASSIGNED_CONTEXT ( ( #1291, #3393, #5237 ) ) REPRESENTATION_CONTEXT ( 'NONE', 'WORKASPACE' ) );
#8760 = ORIENTED_EDGE ( 'NONE', *, *, #5051, .F. ) ;
#8761 = ORIENTED_EDGE ( 'NONE', *, *, #9419, .F. ) ;
#8762 = CARTESIAN_POINT ( 'NONE',  ( 1.170385026190000177, -0.09385753648172007191, 0.07600433443792008192 ) ) ;
#8763 = CARTESIAN_POINT ( 'NONE',  ( 0.7249764069818995793, -0.1253074966310999960, 0.09053057735837008457 ) ) ;
#8764 = CARTESIAN_POINT ( 'NONE',  ( 1.357034610830000210, -0.06602625533717991491, 0.08153563497254999459 ) ) ;
#8765 = CARTESIAN_POINT ( 'NONE',  ( 1.328233022669000007, -0.06500760835582007624, -0.08092544068317009121 ) ) ;
#8766 = CARTESIAN_POINT ( 'NONE',  ( 0.5787401574803000548, -0.1351639017700000112, -0.05985265462468995767 ) ) ;
#8767 = DIRECTION ( 'NONE',  ( -1.000000000000000000, 0.000000000000000000, 0.000000000000000000 ) ) ;
#8768 = DIRECTION ( 'NONE',  ( 1.000000000000000000, 0.000000000000000000, 0.000000000000000000 ) ) ;
#8769 = CARTESIAN_POINT ( 'NONE',  ( 1.210535699776999818, -0.1032031167347789991, 0.05948255673673419341 ) ) ;
#8770 = CARTESIAN_POINT ( 'NONE',  ( 1.141170336967999965, -0.1032031167347789991, 0.05948255673673419341 ) ) ;
#8771 = VERTEX_POINT ( 'NONE', #1162 ) ;
#8772 = ORIENTED_EDGE ( 'NONE', *, *, #7167, .F. ) ;
#8773 = ADVANCED_FACE ( 'NONE', ( #9664 ), #4255, .F. ) ;
#8774 = CARTESIAN_POINT ( 'NONE',  ( 1.080629431164999987, -0.05683715047029000433, -0.08752153665227008217 ) ) ;
#8775 = CARTESIAN_POINT ( 'NONE',  ( 0.7344555622518996740, -0.1408138241050000128, 0.06949443705718995334 ) ) ;
#8776 = CARTESIAN_POINT ( 'NONE',  ( 1.299127786682999997, 0.07935404094582007573, -0.06777475368613995743 ) ) ;
#8777 = CARTESIAN_POINT ( 'NONE',  ( 1.381889763779999836, 0.1023622047244000105, 0.000000000000000000 ) ) ;
#8778 = CARTESIAN_POINT ( 'NONE',  ( 0.6498031496062991463, 0.3543307086614000401, 0.3543307086614000401 ) ) ;
#8779 = ORIENTED_EDGE ( 'NONE', *, *, #513, .T. ) ;
#8780 = VECTOR ( 'NONE', #7826, 39.37007874015748143 ) ;
#8781 = CARTESIAN_POINT ( 'NONE',  ( 1.047972525785610731, 0.09432120137354797762, -0.05608670431687630409 ) ) ;
#8782 = CARTESIAN_POINT ( 'NONE',  ( 1.080459807680000051, -0.05217873381818999984, 0.09037621804796004688 ) ) ;
#8783 = EDGE_CURVE ( 'NONE', #2754, #5370, #642, .T. ) ;
#8784 = CARTESIAN_POINT ( 'NONE',  ( 1.300933795630999867, -0.09185078575183996952, 0.06735972188037993302 ) ) ;
#8785 = CARTESIAN_POINT ( 'NONE',  ( 0.7344565855905000884, -0.1408133094518000117, -0.06949607290458996445 ) ) ;
#8786 = CARTESIAN_POINT ( 'NONE',  ( -0.07814960629921002822, 0.000000000000000000, 0.000000000000000000 ) ) ;
#8787 = CARTESIAN_POINT ( 'NONE',  ( 1.108361938018000092, -0.1032031167347788742, -0.05948255673673441546 ) ) ;
#8788 = CARTESIAN_POINT ( 'NONE',  ( 0.5511811023621999706, -0.5314960629921000601, 0.5314960629921000601 ) ) ;
#8789 = DIRECTION ( 'NONE',  ( 1.000000000000000000, 0.000000000000000000, 0.000000000000000000 ) ) ;
#8790 = CARTESIAN_POINT ( 'NONE',  ( 1.284558254536000144, -0.03125811517097000503, 0.1166568739668999988 ) ) ;
#8791 = ORIENTED_EDGE ( 'NONE', *, *, #4764, .T. ) ;
#8792 = EDGE_LOOP ( 'NONE', ( #4980, #7833, #7556, #9122 ) ) ;
#8793 = EDGE_CURVE ( 'NONE', #2115, #4873, #7760, .T. ) ;
#8794 = DIRECTION ( 'NONE',  ( 0.000000000000000000, -1.000000000000000000, 0.000000000000000000 ) ) ;
#8795 = CARTESIAN_POINT ( 'NONE',  ( 0.5393700787402000429, 0.000000000000000000, 0.000000000000000000 ) ) ;
#8796 = CARTESIAN_POINT ( 'NONE',  ( 1.072692849579000018, -0.09221673403463996610, -0.06886097319827992613 ) ) ;
#8797 = CARTESIAN_POINT ( 'NONE',  ( 1.235996678395999915, 0.000000000000000000, -0.1151806710645000009 ) ) ;
#8798 = CARTESIAN_POINT ( 'NONE',  ( 0.7362204724408996093, 0.000000000000000000, 0.000000000000000000 ) ) ;
#8799 = CARTESIAN_POINT ( 'NONE',  ( 1.141896354870364227, 0.08600372205772992273, -0.05910872053913997226 ) ) ;
#8800 = DIRECTION ( 'NONE',  ( 1.000000000000000000, 0.000000000000000000, 0.000000000000000000 ) ) ;
#8801 = CARTESIAN_POINT ( 'NONE',  ( 0.8543307093751004722, 0.09046555187917007523, -0.1614173222120000306 ) ) ;
#8802 = CIRCLE ( 'NONE', #4122, 0.08267716535433068670 ) ;
#8803 = CIRCLE ( 'NONE', #1531, 0.1850390886813999547 ) ;
#8804 = VERTEX_POINT ( 'NONE', #406 ) ;
#8805 = ORIENTED_EDGE ( 'NONE', *, *, #9100, .F. ) ;
#8806 = ORIENTED_EDGE ( 'NONE', *, *, #4221, .T. ) ;
#8807 = EDGE_CURVE ( 'NONE', #5785, #2488, #9053, .T. ) ;
#8808 = CARTESIAN_POINT ( 'NONE',  ( 1.074420459261000049, 0.1157986542851000000, -0.03430112376692000253 ) ) ;
#8809 = CIRCLE ( 'NONE', #90, 0.1574803149606000263 ) ;
#8810 = CARTESIAN_POINT ( 'NONE',  ( 0.5984251968503937480, 0.09693842135412991667, 0.07415168411053996156 ) ) ;
#8811 = CIRCLE ( 'NONE', #92, 0.1535433070865999949 ) ;
#8812 = CARTESIAN_POINT ( 'NONE',  ( 1.361854164636000064, -0.1041502681473000097, 0.01265890236404999987 ) ) ;
#8813 = CARTESIAN_POINT ( 'NONE',  ( 1.366725476737000067, -0.07566861643977992880, -0.07105756060193996193 ) ) ;
#8814 = CARTESIAN_POINT ( 'NONE',  ( 1.077193959015499969, 0.03091510445189094708, -0.1150361429136074198 ) ) ;
#8815 = CARTESIAN_POINT ( 'NONE',  ( 0.6498031496062991463, -0.2755905511811023723, 0.000000000000000000 ) ) ;
#8816 = CARTESIAN_POINT ( 'NONE',  ( 0.5511811023621999706, 0.000000000000000000, 0.000000000000000000 ) ) ;
#8817 = FACE_OUTER_BOUND ( 'NONE', #9600, .T. ) ;
#8818 = B_SPLINE_CURVE_WITH_KNOTS ( 'NONE', 3,
 ( #6796, #783, #31, #9127 ),
 .UNSPECIFIED., .F., .F.,
 ( 4, 4 ),
 ( 0.000000000000000000, 1.000000000000000000 ),
 .UNSPECIFIED. ) ;
#8819 = VECTOR ( 'NONE', #5492, 39.37007874015748143 ) ;
#8820 = VERTEX_POINT ( 'NONE', #178 ) ;
#8821 = ORIENTED_EDGE ( 'NONE', *, *, #822, .T. ) ;
#8822 = ORIENTED_EDGE ( 'NONE', *, *, #2438, .T. ) ;
#8823 = EDGE_LOOP ( 'NONE', ( #5100, #5274, #3174 ) ) ;
#8824 = CIRCLE ( 'NONE', #4467, 0.1220472440945000042 ) ;
#8825 = CIRCLE ( 'NONE', #6872, 0.1574803149606000263 ) ;
#8826 = CARTESIAN_POINT ( 'NONE',  ( 1.082582943871999603, 0.05948255673673389504, 0.1032031167347791933 ) ) ;
#8827 = VECTOR ( 'NONE', #3028, 39.37007874015748854 ) ;
#8828 = CARTESIAN_POINT ( 'NONE',  ( 0.4921259842520000483, 0.3740157480314960647, -0.5314960629921000601 ) ) ;
#8829 = CARTESIAN_POINT ( 'NONE',  ( 1.228753770935000045, 0.08442696480807007631, 0.06133978044347008357 ) ) ;
#8830 = LINE ( 'NONE', #4846, #7202 ) ;
#8831 = CARTESIAN_POINT ( 'NONE',  ( 0.7346171346687991877, 0.1842739199017000007, 0.09485456890592008916 ) ) ;
#8832 = ORIENTED_EDGE ( 'NONE', *, *, #5062, .F. ) ;
#8833 = CARTESIAN_POINT ( 'NONE',  ( 0.7294508865112008245, -0.1676584316899999982, 0.1137199605850000017 ) ) ;
#8834 = DIRECTION ( 'NONE',  ( 1.000000000000000000, 0.000000000000000000, 0.000000000000000000 ) ) ;
#8835 = B_SPLINE_CURVE_WITH_KNOTS ( 'NONE', 3,
 ( #9117, #5281, #1434, #9173, #7601, #671 ),
 .UNSPECIFIED., .F., .F.,
 ( 4, 1, 1, 4 ),
 ( 0.000000000000000000, 0.3333333333333000081, 0.6666666666667000474, 1.000000000000000000 ),
 .UNSPECIFIED. ) ;
#8836 = CARTESIAN_POINT ( 'NONE',  ( 1.140227634931000100, 0.1008015731564999989, -0.02700970012306000076 ) ) ;
#8837 = DIRECTION ( 'NONE',  ( 1.000000000000000000, 0.000000000000000000, 0.000000000000000000 ) ) ;
#8838 = CARTESIAN_POINT ( 'NONE',  ( -0.01636863887313999913, 0.000000000000000000, 0.3071475752050999986 ) ) ;
#8839 = CARTESIAN_POINT ( 'NONE',  ( 0.4921259842520000483, -0.3740157480314960647, 0.5314960629921000601 ) ) ;
#8840 = FACE_OUTER_BOUND ( 'NONE', #3041, .T. ) ;
#8841 = DIRECTION ( 'NONE',  ( -1.000000000000000000, 0.000000000000000000, 0.000000000000000000 ) ) ;
#8842 = CARTESIAN_POINT ( 'NONE',  ( 1.179283554813000068, 0.06066812737337991951, 0.08200797705202009236 ) ) ;
#8843 = CARTESIAN_POINT ( 'NONE',  ( 1.250437519627999983, -0.1076087138029000051, 0.05482937826992000108 ) ) ;
#8844 = VERTEX_POINT ( 'NONE', #1106 ) ;
#8845 = VERTEX_POINT ( 'NONE', #2397 ) ;
#8846 = ADVANCED_FACE ( 'NONE', ( #933 ), #5976, .F. ) ;
#8847 = CARTESIAN_POINT ( 'NONE',  ( 1.000000086036999969, -0.09349879745523995145, -0.1732284221662000190 ) ) ;
#8848 = CARTESIAN_POINT ( 'NONE',  ( 1.330833162594666330, -0.1181102362204989181, 0.02061412502356673240 ) ) ;
#8849 = CARTESIAN_POINT ( 'NONE',  ( 1.078958958470000118, 0.008122642885516003636, -0.1148032331355999941 ) ) ;
#8850 = CARTESIAN_POINT ( 'NONE',  ( 1.175186781932000102, 0.07749129636727992987, 0.07749142232388996077 ) ) ;
#8851 = PLANE ( 'NONE',  #7844 ) ;
#8852 = CARTESIAN_POINT ( 'NONE',  ( 1.000000086036999969, 0.09349879745523995145, 0.1732284221662000190 ) ) ;
#8853 = CARTESIAN_POINT ( 'NONE',  ( 1.114173257758270363, 0.03224823098969001323, 0.09924984962000005240 ) ) ;
#8854 = EDGE_CURVE ( 'NONE', #2724, #6454, #7914, .T. ) ;
#8855 = CARTESIAN_POINT ( 'NONE',  ( 0.5788054699796000291, -0.1362428926568000076, 0.06047561030363995949 ) ) ;
#8856 = ADVANCED_FACE ( 'NONE', ( #5059 ), #4206, .F. ) ;
#8857 = DIRECTION ( 'NONE',  ( -0.7071067811865475727, 0.000000000000000000, 0.7071067811865475727 ) ) ;
#8858 = ORIENTED_EDGE ( 'NONE', *, *, #6012, .T. ) ;
#8859 = VERTEX_POINT ( 'NONE', #5308 ) ;
#8860 = CARTESIAN_POINT ( 'NONE',  ( 1.098977074885000071, -0.06273188954097008718, -0.09659863881802990826 ) ) ;
#8861 = DIRECTION ( 'NONE',  ( 1.000000000000000000, 0.000000000000000000, 0.000000000000000000 ) ) ;
#8862 = CARTESIAN_POINT ( 'NONE',  ( 1.373903049149999944, 0.02403804991691000162, -0.1021258944721999962 ) ) ;
#8863 = EDGE_LOOP ( 'NONE', ( #8596, #5920, #4217, #9204 ) ) ;
#8864 = DIRECTION ( 'NONE',  ( 0.000000000000000000, -1.000000000000000000, 0.000000000000000000 ) ) ;
#8865 = DIRECTION ( 'NONE',  ( 1.000000000000000000, 0.000000000000000000, 0.000000000000000000 ) ) ;
#8866 = DIRECTION ( 'NONE',  ( 0.000000000000000000, 1.000000000000000000, 0.000000000000000000 ) ) ;
#8867 = CARTESIAN_POINT ( 'NONE',  ( 1.263029138097000015, 0.000000000000000000, -0.1181102362205000006 ) ) ;
#8868 = ADVANCED_FACE ( 'NONE', ( #9862 ), #2028, .F. ) ;
#8869 = EDGE_CURVE ( 'NONE', #2957, #511, #8727, .T. ) ;
#8870 = ORIENTED_EDGE ( 'NONE', *, *, #8095, .T. ) ;
#8871 = VERTEX_POINT ( 'NONE', #460 ) ;
#8872 = VERTEX_POINT ( 'NONE', #7430 ) ;
#8873 = CARTESIAN_POINT ( 'NONE',  ( 0.6092519685038996213, 0.000000000000000000, 0.000000000000000000 ) ) ;
#8874 = CARTESIAN_POINT ( 'NONE',  ( 1.368121246662000079, -0.1034354245889000101, 0.06190482456061003474 ) ) ;
#8875 = CIRCLE ( 'NONE', #7898, 0.1553113939094000473 ) ;
#8876 = PLANE ( 'NONE',  #6502 ) ;
#8877 = CARTESIAN_POINT ( 'NONE',  ( 1.224488679071000119, 0.1042144493542999928, -0.005461647859861999341 ) ) ;
#8878 = CARTESIAN_POINT ( 'NONE',  ( 0.9999994263157999663, -0.1090295656549005870, -0.1648457037416246052 ) ) ;
#8879 = DIRECTION ( 'NONE',  ( 1.000000000000000000, 0.000000000000000000, 0.000000000000000000 ) ) ;
#8880 = ORIENTED_EDGE ( 'NONE', *, *, #3776, .T. ) ;
#8881 = AXIS2_PLACEMENT_3D ( 'NONE', #8898, #7371, #1968 ) ;
#8882 = ORIENTED_EDGE ( 'NONE', *, *, #63, .F. ) ;
#8883 = CARTESIAN_POINT ( 'NONE',  ( 0.5787401574803000548, -0.1355270878622999997, -0.06006234021286004088 ) ) ;
#8884 = AXIS2_PLACEMENT_3D ( 'NONE', #881, #8141, #4309 ) ;
#8885 = B_SPLINE_CURVE_WITH_KNOTS ( 'NONE', 3,
 ( #6143, #5991, #3825, #1397 ),
 .UNSPECIFIED., .F., .F.,
 ( 4, 4 ),
 ( 0.000000000000000000, 1.000000000000000000 ),
 .UNSPECIFIED. ) ;
#8886 = CARTESIAN_POINT ( 'NONE',  ( 1.088989991407000035, -0.09924984962000001076, -0.03224823098968999935 ) ) ;
#8887 = EDGE_CURVE ( 'NONE', #4873, #945, #5998, .T. ) ;
#8888 = DIRECTION ( 'NONE',  ( 0.000000000000000000, 1.000000000000000000, 0.000000000000000000 ) ) ;
#8889 = CARTESIAN_POINT ( 'NONE',  ( 0.7362204724408996093, 0.1343708233930999973, 0.08212509616896003506 ) ) ;
#8890 = AXIS2_PLACEMENT_3D ( 'NONE', #3883, #6197, #8018 ) ;
#8891 = DIRECTION ( 'NONE',  ( 0.000000000000000000, -0.4727657974777818572, 0.8811881188118667607 ) ) ;
#8892 = CARTESIAN_POINT ( 'NONE',  ( 0.6498031496062991463, -0.5314960629921000601, -0.3740157480314960647 ) ) ;
#8893 = CARTESIAN_POINT ( 'NONE',  ( 1.134608657178000080, 0.000000000000000000, 0.1181102362205000006 ) ) ;
#8894 = CARTESIAN_POINT ( 'NONE',  ( 1.168840039994000213, 0.07723822245049999369, -0.06951855467168996383 ) ) ;
#8895 = CARTESIAN_POINT ( 'NONE',  ( 1.209919146925000133, -0.09581493536365000285, 0.07352138559648996319 ) ) ;
#8896 = ORIENTED_EDGE ( 'NONE', *, *, #7299, .T. ) ;
#8897 = ORIENTED_EDGE ( 'NONE', *, *, #3667, .F. ) ;
#8898 = CARTESIAN_POINT ( 'NONE',  ( 0.7362204724408996093, 0.07736470509688996022, 0.06285079376038996135 ) ) ;
#8899 = CARTESIAN_POINT ( 'NONE',  ( 1.369117699116000120, 0.1027541902484000180, -0.01932274896823000035 ) ) ;
#8900 = CARTESIAN_POINT ( 'NONE',  ( 1.046550635490000047, 0.1198629715095000103, 0.01399517874120000116 ) ) ;
#8901 = CARTESIAN_POINT ( 'NONE',  ( 1.221068856874000019, -0.07928514195874998560, 0.08354910682621004281 ) ) ;
#8902 = FACE_BOUND ( 'NONE', #716, .T. ) ;
#8903 = CARTESIAN_POINT ( 'NONE',  ( -0.01636863887313999913, 0.000000000000000000, -0.3071475752050999986 ) ) ;
#8904 = CARTESIAN_POINT ( 'NONE',  ( 1.190537567648000117, -0.09924984962422009338, 0.03224823102986000556 ) ) ;
#8905 = CARTESIAN_POINT ( 'NONE',  ( 1.111290292953249770, 0.09444883965335063025, -0.07258425826477044041 ) ) ;
#8906 = CARTESIAN_POINT ( 'NONE',  ( 0.6673228346457008575, 0.000000000000000000, 0.000000000000000000 ) ) ;
#8907 = ORIENTED_EDGE ( 'NONE', *, *, #6486, .T. ) ;
#8908 = VERTEX_POINT ( 'NONE', #3595 ) ;
#8909 = CARTESIAN_POINT ( 'NONE',  ( 1.103242166748000130, 0.01203965854451000128, -0.1145496992968999955 ) ) ;
#8910 = EDGE_CURVE ( 'NONE', #3873, #3146, #1426, .T. ) ;
#8911 = EDGE_CURVE ( 'NONE', #5833, #9921, #7264, .T. ) ;
#8912 = EDGE_CURVE ( 'NONE', #7166, #1347, #2909, .T. ) ;
#8913 = CARTESIAN_POINT ( 'NONE',  ( 0.6384300491361004637, 0.1059181483541000030, 0.07933613191119998076 ) ) ;
#8914 = CARTESIAN_POINT ( 'NONE',  ( 1.370305501552000038, 0.08830341887916003107, -0.05665714741372000068 ) ) ;
#8915 = CARTESIAN_POINT ( 'NONE',  ( -0.03937007874015999859, 0.000000000000000000, 0.2592016018472000360 ) ) ;
#8916 = LINE ( 'NONE', #1984, #8056 ) ;
#8917 = CARTESIAN_POINT ( 'NONE',  ( 0.8346456692912992414, 0.000000000000000000, 0.000000000000000000 ) ) ;
#8918 = CARTESIAN_POINT ( 'NONE',  ( 0.7362204724409237011, 0.2132525159129508574, 0.004729966016668370188 ) ) ;
#8919 = LINE ( 'NONE', #115, #9444 ) ;
#8920 = B_SPLINE_CURVE_WITH_KNOTS ( 'NONE', 3,
 ( #6183, #6135, #9121, #9274, #6084, #2293 ),
 .UNSPECIFIED., .F., .F.,
 ( 4, 1, 1, 4 ),
 ( 0.000000000000000000, 0.3333333333333000081, 0.6666666666667000474, 1.000000000000000000 ),
 .UNSPECIFIED. ) ;
#8921 = ORIENTED_EDGE ( 'NONE', *, *, #1791, .T. ) ;
#8922 = EDGE_LOOP ( 'NONE', ( #1566, #9099, #1580, #7948, #8039 ) ) ;
#8923 = ORIENTED_EDGE ( 'NONE', *, *, #5456, .F. ) ;
#8924 = ADVANCED_FACE ( 'NONE', ( #3548 ), #1451, .T. ) ;
#8925 = ADVANCED_FACE ( 'NONE', ( #9760, #9906 ), #9812, .T. ) ;
#8926 = EDGE_CURVE ( 'NONE', #319, #1528, #837, .T. ) ;
#8927 = FACE_OUTER_BOUND ( 'NONE', #677, .T. ) ;
#8928 = DIRECTION ( 'NONE',  ( 1.000000000000000000, 0.000000000000000000, 0.000000000000000000 ) ) ;
#8929 = CARTESIAN_POINT ( 'NONE',  ( 1.562992125983999836, 0.000000000000000000, 0.000000000000000000 ) ) ;
#8930 = CARTESIAN_POINT ( 'NONE',  ( 1.297051781913000079, 0.09742608914478996518, -0.03739837169383999904 ) ) ;
#8931 = CARTESIAN_POINT ( 'NONE',  ( 1.292088972139000091, 0.000000000000000000, 0.1181102362205000006 ) ) ;
#8932 = CARTESIAN_POINT ( 'NONE',  ( 1.125233862506999971, 0.000000000000000000, 0.1181102362205000006 ) ) ;
#8933 = VECTOR ( 'NONE', #5696, 39.37007874015748143 ) ;
#8934 = EDGE_LOOP ( 'NONE', ( #871, #8182, #9520, #1615 ) ) ;
#8935 = ORIENTED_EDGE ( 'NONE', *, *, #8739, .F. ) ;
#8936 = EDGE_CURVE ( 'NONE', #1631, #1096, #4461, .T. ) ;
#8937 = CARTESIAN_POINT ( 'NONE',  ( 0.6104330708661004357, -0.2716535433071000094, -0.3543307086614000401 ) ) ;
#8938 = CARTESIAN_POINT ( 'NONE',  ( 1.142416722024000020, 0.07569823244745001178, 0.07183494035557008717 ) ) ;
#8939 = CARTESIAN_POINT ( 'NONE',  ( 1.202880406688666470, 0.02061412502355806919, 0.1181102362205000839 ) ) ;
#8940 = LINE ( 'NONE', #1911, #9487 ) ;
#8941 = CARTESIAN_POINT ( 'NONE',  ( 0.7362204724408996093, -0.1343708233930999973, -0.08212509616896003506 ) ) ;
#8942 = CARTESIAN_POINT ( 'NONE',  ( 0.8543307086613995960, 0.000000000000000000, 0.000000000000000000 ) ) ;
#8943 = DIRECTION ( 'NONE',  ( -1.000000000000000000, 0.000000000000000000, 0.000000000000000000 ) ) ;
#8944 = CARTESIAN_POINT ( 'NONE',  ( 1.158396525176000003, -0.07659594596666002841, -0.07022559292911004225 ) ) ;
#8945 = CARTESIAN_POINT ( 'NONE',  ( 1.251536130002999903, -0.1126636970527000042, -0.02394740807054999629 ) ) ;
#8946 = VERTEX_POINT ( 'NONE', #4709 ) ;
#8947 = ORIENTED_EDGE ( 'NONE', *, *, #9278, .F. ) ;
#8948 = CARTESIAN_POINT ( 'NONE',  ( 1.004012359941000021, -0.09248313596546003934, -0.1692159275799000051 ) ) ;
#8949 = AXIS2_PLACEMENT_3D ( 'NONE', #7287, #365, #4021 ) ;
#8950 = CARTESIAN_POINT ( 'NONE',  ( 0.7077439965388996335, 0.1766057430874999890, 0.08377911286510000832 ) ) ;
#8951 = CARTESIAN_POINT ( 'NONE',  ( 1.136364862928000097, -0.03713300906567000570, 0.1148221979004000054 ) ) ;
#8952 = CARTESIAN_POINT ( 'NONE',  ( 1.185849511590999938, -0.08694300485362992104, 0.06671371389544999975 ) ) ;
#8953 = CARTESIAN_POINT ( 'NONE',  ( 1.338020730668999958, -0.1032031167347789991, 0.05948255673673419341 ) ) ;
#8954 = CYLINDRICAL_SURFACE ( 'NONE', #9008, 0.1574803149606000263 ) ;
#8955 = CARTESIAN_POINT ( 'NONE',  ( 1.192670113578999880, -0.1043217069378999939, -0.002731760046631000020 ) ) ;
#8956 = CARTESIAN_POINT ( 'NONE',  ( 0.5819715378862000410, -0.1407367085770999948, 0.06307011613492992386 ) ) ;
#8957 = DIRECTION ( 'NONE',  ( 0.000000000000000000, 0.000000000000000000, 1.000000000000000000 ) ) ;
#8958 = ORIENTED_EDGE ( 'NONE', *, *, #694, .F. ) ;
#8959 = ORIENTED_EDGE ( 'NONE', *, *, #5624, .F. ) ;
#8960 = CARTESIAN_POINT ( 'NONE',  ( 1.139495447588000143, -0.04407773454509000127, -0.1064130645374000012 ) ) ;
#8961 = CARTESIAN_POINT ( 'NONE',  ( 1.322720966597999981, 0.03705973968298999915, -0.09815346062893996748 ) ) ;
#8962 = CARTESIAN_POINT ( 'NONE',  ( 0.7346171346687991877, 0.1742834262884000174, -0.1121586114368000042 ) ) ;
#8963 = ORIENTED_EDGE ( 'NONE', *, *, #4169, .F. ) ;
#8964 = CARTESIAN_POINT ( 'NONE',  ( 1.381889763780000280, 0.02679309053112013603, 0.09969799052317285248 ) ) ;
#8965 = CARTESIAN_POINT ( 'NONE',  ( 1.084575848779249618, 0.1181102362205000561, -0.01546059376766952508 ) ) ;
#8966 = CARTESIAN_POINT ( 'NONE',  ( 0.7358050155909999779, 0.1397419933171999973, 0.07238395543587008985 ) ) ;
#8967 = CARTESIAN_POINT ( 'NONE',  ( 0.9842519685038996213, -0.09595320950357008605, 0.1830708661417000116 ) ) ;
#8968 = AXIS2_PLACEMENT_3D ( 'NONE', #1104, #6275, #4102 ) ;
#8969 = EDGE_LOOP ( 'NONE', ( #6023, #2753, #4740, #5539 ) ) ;
#8970 = ORIENTED_EDGE ( 'NONE', *, *, #6387, .T. ) ;
#8971 = ORIENTED_EDGE ( 'NONE', *, *, #1059, .F. ) ;
#8972 = CIRCLE ( 'NONE', #8647, 0.1023622047244000105 ) ;
#8973 = CYLINDRICAL_SURFACE ( 'NONE', #5821, 0.1181102362205000006 ) ;
#8974 = FACE_OUTER_BOUND ( 'NONE', #9643, .T. ) ;
#8975 = CARTESIAN_POINT ( 'NONE',  ( 1.230220739146999920, 0.1032031167347791240, -0.05948255673673399219 ) ) ;
#8976 = AXIS2_PLACEMENT_3D ( 'NONE', #457, #2785, #3891 ) ;
#8977 = CARTESIAN_POINT ( 'NONE',  ( 1.198898127889999943, -0.05683715052910000981, 0.08752153721173996925 ) ) ;
#8978 = CARTESIAN_POINT ( 'NONE',  ( 1.307195144723901636, -0.08417909245235589977, 0.05891514313500916672 ) ) ;
#8979 = DIRECTION ( 'NONE',  ( 0.000000000000000000, 0.000000000000000000, 1.000000000000000000 ) ) ;
#8980 = EDGE_CURVE ( 'NONE', #4595, #4167, #166, .T. ) ;
#8981 = VERTEX_POINT ( 'NONE', #3841 ) ;
#8982 = CARTESIAN_POINT ( 'NONE',  ( 1.562992125983999836, 0.000000000000000000, 0.1181102362205000006 ) ) ;
#8983 = AXIS2_PLACEMENT_3D ( 'NONE', #4927, #313, #3455 ) ;
#8984 = AXIS2_PLACEMENT_3D ( 'NONE', #1493, #2404, #5493 ) ;
#8985 = CARTESIAN_POINT ( 'NONE',  ( 1.144549267955999872, 0.04737729888396000760, 0.09298318451212993219 ) ) ;
#8986 = CARTESIAN_POINT ( 'NONE',  ( 1.000000080887000209, -0.09349880026292992086, 0.1732278469391000109 ) ) ;
#8987 = DIRECTION ( 'NONE',  ( 0.000000000000000000, 0.000000000000000000, -1.000000000000000000 ) ) ;
#8988 = FACE_OUTER_BOUND ( 'NONE', #5497, .T. ) ;
#8989 = B_SPLINE_CURVE_WITH_KNOTS ( 'NONE', 3,
 ( #1998, #8978, #1284, #5134, #8214, #4382, #7453, #1537, #2396, #1484, #6182, #1643, #3758, #8407, #1590, #3054, #833, #2292, #7711, #4581, #3814, #2346, #4533, #7604, #4685, #674, #880, #6790, #6891, #6134, #3919, #9883, #6993, #2244, #9330, #5331, #75, #6032, #9929, #4737, #9273, #6838, #7807, #3159, #6238, #9120, #7653, #777, #725, #3870, #9983, #9225, #25, #5284, #1437, #5432, #5381, #5484, #3004, #8460, #7758, #8566, #4635, #8356, #6944 ),
 .UNSPECIFIED., .F., .F.,
 ( 4, 1, 1, 1, 1, 1, 1, 1, 1, 1, 1, 1, 1, 1, 1, 1, 1, 1, 1, 1, 1, 1, 1, 1, 1, 1, 1, 1, 1, 1, 1, 1, 1, 1, 1, 1, 1, 1, 1, 1, 1, 1, 1, 1, 1, 1, 1, 1, 1, 1, 1, 1, 1, 1, 1, 1, 1, 1, 1, 1, 1, 1, 4 ),
 ( 0.000000000000000000, 0.01249980523195290578, 0.02874981249536943256, 0.04499981975878596108, 0.06124982702220248959, 0.07749983428561900423, 0.09374984154903553968, 0.1099998488124520613, 0.1262498560758686106, 0.1424998633392851322, 0.1587498706027016537, 0.1749998778661181753, 0.1912498851295347246, 0.2074998923929512185, 0.2237498996563677678, 0.2399999069197842894, 0.2562499141832007554, 0.2724999214466173325, 0.2887499287100338541, 0.3049999359734503757, 0.3212499432368668972, 0.3374999505002834743, 0.3537499577636999959, 0.3699999650271164620, 0.3862499722905329835, 0.4024999795539495606, 0.4187499868173660822, 0.4349999940807826038, 0.4512500013441991253, 0.4675000086076157024, 0.4837500158710321685, 0.5000000231344486901, 0.5162500303978653227, 0.5325000376612818442, 0.5487500449246982548, 0.5650000521881147764, 0.5812500594515314090, 0.5975000667149479305, 0.6137500739783644521, 0.6300000812417809737, 0.6462500885051974953, 0.6625000957686140168, 0.6787501030320305384, 0.6950001102954470600, 0.7112501175588636926, 0.7275001248222802142, 0.7437501320856967357, 0.7600001393491132573, 0.7762501466125296679, 0.7925001538759461894, 0.8087501611393627110, 0.8250001684027792326, 0.8412501756661958652, 0.8575001829296123868, 0.8737501901930289083, 0.8900001974564454299, 0.9062502047198619515, 0.9225002119832784730, 0.9387502192466949946, 0.9550002265101115162, 0.9712502337735280378, 0.9875002410369446704, 1.000000000000000000 ),
 .UNSPECIFIED. ) ;
#8990 = DIRECTION ( 'NONE',  ( 1.000000000000000000, 0.000000000000000000, 0.000000000000000000 ) ) ;
#8991 = ADVANCED_FACE ( 'NONE', ( #4661 ), #1565, .T. ) ;
#8992 = CARTESIAN_POINT ( 'NONE',  ( 1.199256417266000074, 0.08539874559402992060, 0.08539888440363994915 ) ) ;
#8993 = UNCERTAINTY_MEASURE_WITH_UNIT (LENGTH_MEASURE( 1.000000000000000082E-05 ), #1291, 'distance_accuracy_value', 'NONE');
#8994 = ORIENTED_EDGE ( 'NONE', *, *, #3717, .T. ) ;
#8995 = ORIENTED_EDGE ( 'NONE', *, *, #5297, .T. ) ;
#8996 = DIRECTION ( 'NONE',  ( 0.000000000000000000, 0.000000000000000000, 1.000000000000000000 ) ) ;
#8997 = AXIS2_PLACEMENT_3D ( 'NONE', #8221, #491, #2718 ) ;
#8998 = CARTESIAN_POINT ( 'NONE',  ( 1.318512384154999939, -0.04149875605835999515, -0.09596689307663995583 ) ) ;
#8999 = CARTESIAN_POINT ( 'NONE',  ( 1.069526368091000101, -0.09669336829327992988, -0.07220380890949999741 ) ) ;
#9000 = CARTESIAN_POINT ( 'NONE',  ( 1.208273581282999887, 0.1104375004920000042, 0.03271307799562000324 ) ) ;
#9001 = CARTESIAN_POINT ( 'NONE',  ( 1.328645935998000072, -0.1022864650138999992, 0.05905511811023995972 ) ) ;
#9002 = CARTESIAN_POINT ( 'NONE',  ( 1.244516793661499809, 0.1150361429136073088, 0.03091510445189111014 ) ) ;
#9003 = FACE_OUTER_BOUND ( 'NONE', #6868, .T. ) ;
#9004 = CARTESIAN_POINT ( 'NONE',  ( 0.5841804246273000212, -0.01574803149606000124, -0.1545109335357000291 ) ) ;
#9005 = CARTESIAN_POINT ( 'NONE',  ( 0.7362204724408996093, -0.004479479497588000070, -0.1574175286396999884 ) ) ;
#9006 = CARTESIAN_POINT ( 'NONE',  ( 1.063261665726999983, 0.0008225139568457992935, -0.1126605107795999872 ) ) ;
#9007 = ADVANCED_FACE ( 'NONE', ( #7780 ), #103, .T. ) ;
#9008 = AXIS2_PLACEMENT_3D ( 'NONE', #8138, #1410, #650 ) ;
#9009 = ORIENTED_EDGE ( 'NONE', *, *, #8360, .T. ) ;
#9010 = VERTEX_POINT ( 'NONE', #702 ) ;
#9011 = ORIENTED_EDGE ( 'NONE', *, *, #2836, .F. ) ;
#9012 = CARTESIAN_POINT ( 'NONE',  ( 1.073386523703999895, 0.1150228205251000030, 0.006028090308322007519 ) ) ;
#9013 = CARTESIAN_POINT ( 'NONE',  ( 1.315072888649000182, -0.08321982597356004929, 0.06103011843206004178 ) ) ;
#9014 = CARTESIAN_POINT ( 'NONE',  ( 0.7283464566928996575, 0.000000000000000000, 0.2185039370079000232 ) ) ;
#9015 = CARTESIAN_POINT ( 'NONE',  ( 0.7276665996183996343, -0.1820353056997000007, -0.08743401794056004928 ) ) ;
#9016 = CARTESIAN_POINT ( 'NONE',  ( 1.308960896627999748, 0.1032031167347791240, -0.05948255673673399219 ) ) ;
#9017 = DIRECTION ( 'NONE',  ( 0.000000000000000000, -0.9143635271356941319, 0.4048942334041975566 ) ) ;
#9018 = DIRECTION ( 'NONE',  ( 1.000000000000000000, 0.000000000000000000, 0.000000000000000000 ) ) ;
#9019 = VERTEX_POINT ( 'NONE', #1614 ) ;
#9020 = VERTEX_POINT ( 'NONE', #7073 ) ;
#9021 = ORIENTED_EDGE ( 'NONE', *, *, #8633, .F. ) ;
#9022 = CIRCLE ( 'NONE', #4173, 0.2417915662690000023 ) ;
#9023 = CARTESIAN_POINT ( 'NONE',  ( 0.6383554654468995837, 0.1059014183312000090, -0.07932647282800001087 ) ) ;
#9024 = CARTESIAN_POINT ( 'NONE',  ( 1.380276758473000021, -0.02041423397274000004, -0.1188038447535999936 ) ) ;
#9025 = FACE_OUTER_BOUND ( 'NONE', #2334, .T. ) ;
#9026 = CARTESIAN_POINT ( 'NONE',  ( 1.239416500593999881, -0.07183494035557008717, 0.07569823244745001178 ) ) ;
#9027 = DIRECTION ( 'NONE',  ( 1.000000000000000000, 0.000000000000000000, 0.000000000000000000 ) ) ;
#9028 = DIRECTION ( 'NONE',  ( 0.000000000000000000, 0.000000000000000000, -1.000000000000000000 ) ) ;
#9029 = ORIENTED_EDGE ( 'NONE', *, *, #8409, .F. ) ;
#9030 = CARTESIAN_POINT ( 'NONE',  ( 1.364092187330793404, 0.06059941495441837495, -0.08565100225500185682 ) ) ;
#9031 = CONICAL_SURFACE ( 'NONE', #6286, 0.2911095653060999933, 1.042721878368327637 ) ;
#9032 = EDGE_CURVE ( 'NONE', #8205, #5622, #9866, .T. ) ;
#9033 = CARTESIAN_POINT ( 'NONE',  ( 1.103974354091000087, 0.1014740624988999945, 0.02436176700353999761 ) ) ;
#9034 = CARTESIAN_POINT ( 'NONE',  ( 1.193663775287999940, 0.000000000000000000, -0.1181102362205000006 ) ) ;
#9035 = CARTESIAN_POINT ( 'NONE',  ( 0.9842519685038996213, 0.000000000000000000, 0.000000000000000000 ) ) ;
#9036 = CARTESIAN_POINT ( 'NONE',  ( 1.296463425332333497, -0.07690747405743696141, 0.09197940250215741465 ) ) ;
#9037 = EDGE_CURVE ( 'NONE', #858, #3464, #3133, .T. ) ;
#9038 = CARTESIAN_POINT ( 'NONE',  ( 1.192023355340499746, -0.03091510445189049605, -0.1150361429136075170 ) ) ;
#9039 = VECTOR ( 'NONE', #1338, 39.37007874015748143 ) ;
#9040 = CARTESIAN_POINT ( 'NONE',  ( 1.279259227115999931, 0.009036971297048996057, 0.1148256074952000022 ) ) ;
#9041 = ORIENTED_EDGE ( 'NONE', *, *, #3293, .F. ) ;
#9042 = ORIENTED_EDGE ( 'NONE', *, *, #9894, .T. ) ;
#9043 = ADVANCED_FACE ( 'NONE', ( #3188 ), #6157, .T. ) ;
#9044 = AXIS2_PLACEMENT_3D ( 'NONE', #7704, #9878, #3705 ) ;
#9045 = EDGE_CURVE ( 'NONE', #8028, #8471, #238, .T. ) ;
#9046 = DIRECTION ( 'NONE',  ( -1.000000000000000000, -5.643856035978000073E-11, 0.000000000000000000 ) ) ;
#9047 = CARTESIAN_POINT ( 'NONE',  ( 1.082058585872999856, 0.1058964479729000013, -0.05787002505317999368 ) ) ;
#9048 = CARTESIAN_POINT ( 'NONE',  ( 1.286143845201000113, 0.09581493536365000285, 0.07352138559648996319 ) ) ;
#9049 = FACE_OUTER_BOUND ( 'NONE', #4270, .T. ) ;
#9050 = ADVANCED_FACE ( 'NONE', ( #9353 ), #4444, .T. ) ;
#9051 = CARTESIAN_POINT ( 'NONE',  ( 0.5802225801515999981, 0.1392168617171999911, 0.06219263214122992128 ) ) ;
#9052 = CARTESIAN_POINT ( 'NONE',  ( 0.7362204724408996093, 0.003937007874016000379, 0.1574310946703000036 ) ) ;
#9053 = CIRCLE ( 'NONE', #2258, 0.1574803149606000263 ) ;
#9054 = CARTESIAN_POINT ( 'NONE',  ( 0.07086614173227992475, 0.000000000000000000, 0.000000000000000000 ) ) ;
#9055 = CARTESIAN_POINT ( 'NONE',  ( 1.007957085891577620, 0.09147181321209349458, -0.1652695406896064756 ) ) ;
#9056 = EDGE_LOOP ( 'NONE', ( #228, #766, #5442, #5001 ) ) ;
#9057 = ORIENTED_EDGE ( 'NONE', *, *, #7113, .F. ) ;
#9058 = CARTESIAN_POINT ( 'NONE',  ( 1.060591248113000207, -0.04595248520663999109, -0.1032109716263999999 ) ) ;
#9059 = EDGE_CURVE ( 'NONE', #3567, #5126, #9443, .T. ) ;
#9060 = CARTESIAN_POINT ( 'NONE',  ( 1.348617509426000005, -0.06602625533717991491, 0.08153563497254999459 ) ) ;
#9061 = CARTESIAN_POINT ( 'NONE',  ( 1.180187930748250125, -0.07258425826477052367, -0.09444883965335057474 ) ) ;
#9062 = CARTESIAN_POINT ( 'NONE',  ( 0.4921259842520000483, -0.5314960629921000601, -0.3740157480314960647 ) ) ;
#9063 = CARTESIAN_POINT ( 'NONE',  ( 0.7244094488188976833, -0.1655628205247000329, -0.1137719994447000116 ) ) ;
#9064 = CARTESIAN_POINT ( 'NONE',  ( 0.4921259842520000483, 0.5314960629921000601, 0.3740157480314960647 ) ) ;
#9065 = CARTESIAN_POINT ( 'NONE',  ( 0.6284087203132993071, -0.1384454138115999988, 0.09811575737909999928 ) ) ;
#9066 = EDGE_LOOP ( 'NONE', ( #3162, #6406, #1475, #2835 ) ) ;
#9067 = AXIS2_PLACEMENT_3D ( 'NONE', #4705, #9297, #7013 ) ;
#9068 = ORIENTED_EDGE ( 'NONE', *, *, #8926, .T. ) ;
#9069 = EDGE_LOOP ( 'NONE', ( #5772, #8707, #1474, #7434 ) ) ;
#9070 = B_SPLINE_CURVE_WITH_KNOTS ( 'NONE', 3,
 ( #1155, #2780, #8186, #2872, #8950, #9804 ),
 .UNSPECIFIED., .F., .F.,
 ( 4, 1, 1, 4 ),
 ( 0.000000000000000000, 0.3333333333333000081, 0.6666666666667000474, 1.000000000000000000 ),
 .UNSPECIFIED. ) ;
#9071 = DIRECTION ( 'NONE',  ( 0.000000000000000000, 0.000000000000000000, 1.000000000000000000 ) ) ;
#9072 = CARTESIAN_POINT ( 'NONE',  ( 1.010002893834999860, 0.000000000000000000, 0.000000000000000000 ) ) ;
#9073 = DIRECTION ( 'NONE',  ( 0.000000000000000000, 0.000000000000000000, 1.000000000000000000 ) ) ;
#9074 = CARTESIAN_POINT ( 'NONE',  ( 1.209617398711000158, -0.01901763795381000016, -0.1026099921947999927 ) ) ;
#9075 = CARTESIAN_POINT ( 'NONE',  ( 0.9999994263157997443, -0.1600069736175617208, 0.1160143121460305848 ) ) ;
#9076 = DIRECTION ( 'NONE',  ( 0.000000000000000000, -0.7942696459338213222, -0.6075654117444163616 ) ) ;
#9077 = ORIENTED_EDGE ( 'NONE', *, *, #1234, .F. ) ;
#9078 = DIRECTION ( 'NONE',  ( 1.000000000000000000, 1.216685423625999911E-09, 7.379922778544000683E-10 ) ) ;
#9079 = CARTESIAN_POINT ( 'NONE',  ( 1.114637083750000146, -0.03739837169672000083, 0.09742608914448995516 ) ) ;
#9080 = FACE_BOUND ( 'NONE', #9371, .T. ) ;
#9081 = CARTESIAN_POINT ( 'NONE',  ( 0.9841847292165000205, 0.09564333788652007451, 0.1818135286545999874 ) ) ;
#9082 = CARTESIAN_POINT ( 'NONE',  ( 0.3149606299240000351, 1.916220506539000137E-10, 0.2263779527557999993 ) ) ;
#9083 = CARTESIAN_POINT ( 'NONE',  ( -0.03937007874015999859, 0.000000000000000000, 0.000000000000000000 ) ) ;
#9084 = DIRECTION ( 'NONE',  ( 0.000000000000000000, -0.9999995644444761300, 0.0009333331978280780868 ) ) ;
#9085 = CARTESIAN_POINT ( 'NONE',  ( 1.230210670685000007, 0.1150228199578999938, -0.006028090560866003651 ) ) ;
#9086 = VERTEX_POINT ( 'NONE', #6866 ) ;
#9087 = ORIENTED_EDGE ( 'NONE', *, *, #9059, .F. ) ;
#9088 = FACE_OUTER_BOUND ( 'NONE', #5360, .T. ) ;
#9089 = CARTESIAN_POINT ( 'NONE',  ( 1.031496062992000029, 0.000000000000000000, 0.000000000000000000 ) ) ;
#9090 = CARTESIAN_POINT ( 'NONE',  ( 1.308873276544000097, -0.09726275819062007999, 0.03836259972099999999 ) ) ;
#9091 = CARTESIAN_POINT ( 'NONE',  ( 1.048639338454000036, 0.1086857380907999965, 0.05244433198463999829 ) ) ;
#9092 = CARTESIAN_POINT ( 'NONE',  ( 1.176285392307000022, 0.01203965764054000000, 0.1145497078975999949 ) ) ;
#9093 = CARTESIAN_POINT ( 'NONE',  ( 1.347863250353999343, -0.05948255673673411015, -0.1032031167347790546 ) ) ;
#9094 = CARTESIAN_POINT ( 'NONE',  ( 1.252718893398999889, 0.000000000000000000, 0.1181102362205000006 ) ) ;
#9095 = FACE_BOUND ( 'NONE', #557, .T. ) ;
#9096 = CARTESIAN_POINT ( 'NONE',  ( 1.288808132243999927, 0.05948255673673389504, 0.1032031167347791933 ) ) ;
#9097 = CARTESIAN_POINT ( 'NONE',  ( 0.9842519685132009588, -0.2559055118017999897, -1.033603656759000089E-10 ) ) ;
#9098 = CARTESIAN_POINT ( 'NONE',  ( 1.055342851884000011, -0.02704998303608000323, -0.1103325214624999995 ) ) ;
#9099 = ORIENTED_EDGE ( 'NONE', *, *, #2614, .F. ) ;
#9100 = EDGE_CURVE ( 'NONE', #7290, #6720, #1188, .T. ) ;
#9101 = VERTEX_POINT ( 'NONE', #3894 ) ;
#9102 = CARTESIAN_POINT ( 'NONE',  ( 1.058135615269000018, -0.03258122775662000009, -0.1031606988676000008 ) ) ;
#9103 = CARTESIAN_POINT ( 'NONE',  ( 1.324519740396999934, -0.002471814868744999678, -0.1048876372943000068 ) ) ;
#9104 = CARTESIAN_POINT ( 'NONE',  ( 0.9842519685038996213, 0.09399477469537993735, -0.1751968503937007815 ) ) ;
#9105 = CARTESIAN_POINT ( 'NONE',  ( 1.227401819850999942, -0.07158739411699999167, 0.07543737314114999648 ) ) ;
#9106 = DIRECTION ( 'NONE',  ( 0.000000000000000000, 0.000000000000000000, -1.000000000000000000 ) ) ;
#9107 = CARTESIAN_POINT ( 'NONE',  ( -0.002765821536155000076, -4.729819400723000477E-12, -0.2992125984251968740 ) ) ;
#9108 = CARTESIAN_POINT ( 'NONE',  ( 1.047973619356000086, 0.09842519685038997324, 0.000000000000000000 ) ) ;
#9109 = ORIENTED_EDGE ( 'NONE', *, *, #2941, .T. ) ;
#9110 = ORIENTED_EDGE ( 'NONE', *, *, #3107, .T. ) ;
#9111 = EDGE_CURVE ( 'NONE', #3703, #1667, #3630, .T. ) ;
#9112 = ORIENTED_EDGE ( 'NONE', *, *, #7864, .F. ) ;
#9113 = B_SPLINE_CURVE_WITH_KNOTS ( 'NONE', 3,
 ( #5486, #6430, #4884, #1843, #6338, #6240, #934, #882, #7863, #1027, #2452 ),
 .UNSPECIFIED., .F., .F.,
 ( 4, 1, 1, 1, 1, 1, 1, 1, 4 ),
 ( 0.000000000000000000, 0.1250000000000000000, 0.2500000000000000000, 0.3750000000000000000, 0.5000000000000000000, 0.6250000000000000000, 0.7500000000000000000, 0.8750000000000000000, 1.000000000000000000 ),
 .UNSPECIFIED. ) ;
#9114 = CARTESIAN_POINT ( 'NONE',  ( -0.07814960629921002822, 0.000000000000000000, 0.000000000000000000 ) ) ;
#9115 = VECTOR ( 'NONE', #8035, 39.37007874015748143 ) ;
#9116 = CARTESIAN_POINT ( 'NONE',  ( 1.357991653486000150, 0.06657709192167993173, 0.1004917170470000093 ) ) ;
#9117 = CARTESIAN_POINT ( 'NONE',  ( 0.7280600717204999128, -0.1669210694110000448, -0.1138883778692999921 ) ) ;
#9118 = CARTESIAN_POINT ( 'NONE',  ( 1.236782418936999806, 0.1032031167347787215, 0.05948255673673469995 ) ) ;
#9119 = CARTESIAN_POINT ( 'NONE',  ( 1.205352306847000010, -0.07935404094582007573, -0.06777475368613995743 ) ) ;
#9120 = CARTESIAN_POINT ( 'NONE',  ( 1.214402073888392053, 0.1000613763620298302, 0.02963953000291062387 ) ) ;
#9121 = CARTESIAN_POINT ( 'NONE',  ( 0.6383554657432991553, -0.01574803149606000124, -0.1313765550624000078 ) ) ;
#9122 = ORIENTED_EDGE ( 'NONE', *, *, #6620, .F. ) ;
#9123 = VECTOR ( 'NONE', #4999, 39.37007874015748143 ) ;
#9124 = AXIS2_PLACEMENT_3D ( 'NONE', #4900, #9449, #8743 ) ;
#9125 = CARTESIAN_POINT ( 'NONE',  ( 1.161609635410000063, -0.08110098451943996423, -0.06567428234383995700 ) ) ;
#9126 = VECTOR ( 'NONE', #8125, 39.37007874015748143 ) ;
#9127 = CARTESIAN_POINT ( 'NONE',  ( 1.057086614172999983, 0.000000000000000000, -0.1023622047244000105 ) ) ;
#9128 = CARTESIAN_POINT ( 'NONE',  ( 0.6673228346457008575, 0.1397637795276000239, 0.000000000000000000 ) ) ;
#9129 = LINE ( 'NONE', #7766, #6959 ) ;
#9130 = PLANE ( 'NONE',  #3477 ) ;
#9131 = B_SPLINE_SURFACE_WITH_KNOTS ( 'NONE', 3, 3, ( 
 ( #6744, #9835, #5985, #5233, #8308, #1389, #4488, #7558, #6369, #3298, #7140, #4064, #4920, #970, #7227, #8762, #6329, #7850, #9469, #3400, #2638, #7180, #9373, #5677, #120, #6421, #7949, #924, #5626, #263, #1783, #4876, #216, #9522, #6279, #2590, #7994, #2542, #4110, #1018, #4155, #3202, #4014, #1834, #8661, #308, #7089, #1064, #4968, #6470, #8607, #1680, #9568, #4776, #872, #3959, #8709, #3350, #5726, #7037, #8808, #9422, #1885, #2491, #2440, #5527, #165 ),
 ( #3254, #4828, #5574, #1735, #7899, #2741, #3643, #5775, #6572, #3449, #1318, #5117, #6626, #9719, #3504, #5923, #4417, #358, #2790, #5167, #2083, #7386, #6518, #3555, #1166, #7480, #9669, #4363, #8960, #4207, #7436, #4313, #9616, #7327, #4260, #2691, #5966, #1931, #1212, #5869, #464, #2033, #8198, #5824, #411, #8909, #1266, #8860, #1980, #514, #558, #7280, #3599, #5016, #9817, #6722, #2884, #8093, #6672, #9012, #5063, #8145, #9763, #2837, #8040, #8244, #9058 ),
 ( #2131, #1111, #2224, #5362, #8441, #7586, #4514, #706, #758, #5262, #6214, #8489, #1570, #4465, #657, #6113, #6818, #9206, #9911, #9306, #3742, #3032, #1418, #8339, #6162, #3897, #2984, #6974, #5312, #3792, #6871, #9963, #9253, #1516, #2176, #6063, #9156, #7687, #4611, #6772, #609, #3846, #5212, #2274, #3, #3694, #4665, #3084, #51, #1466, #1364, #8388, #6013, #4564, #2325, #7636, #7736, #6921, #5410, #806, #3135, #8286, #7536, #9865, #2940, #9102, #7836 ),
 ( #7021, #5514, #8597, #107, #2376, #1668, #4763, #4817, #8648, #5562, #6408, #2478, #8748, #249, #913, #9359, #959, #4906, #4143, #8697, #860, #7168, #1618, #7935, #9454, #2428, #7127, #1771, #3286, #6359, #1724, #1004, #7783, #4094, #9509, #4051, #5614, #2531, #5665, #4712, #4003, #3336, #153, #1821, #7077, #2576, #6457, #7979, #3191, #6266, #1049, #3243, #5459, #8542, #7887, #203, #6316, #9410, #7215, #3386, #4865, #296, #3946, #451, #6609, #4192, #4955 ) ),
 .UNSPECIFIED., .F., .F., .F.,
 ( 4, 4 ),
 ( 4, 1, 1, 1, 1, 1, 1, 1, 1, 1, 1, 1, 1, 1, 1, 1, 1, 1, 1, 1, 1, 1, 1, 1, 1, 1, 1, 1, 1, 1, 1, 1, 1, 1, 1, 1, 1, 1, 1, 1, 1, 1, 1, 1, 1, 1, 1, 1, 1, 1, 1, 1, 1, 1, 1, 1, 1, 1, 1, 1, 1, 1, 1, 1, 4 ),
 ( 0.6601182929569000546, 1.007446311688000140 ),
 ( -0.02000000000000000042, -0.003749999999999999861, 0.01250000000000000069, 0.02875000000000000125, 0.04499999999999999833, 0.06124999999999999889, 0.07749999999999999944, 0.09375000000000000000, 0.1100000000000000006, 0.1262500000000000011, 0.1424999999999999878, 0.1587500000000000022, 0.1749999999999999889, 0.1912500000000000033, 0.2074999999999999900, 0.2237500000000000044, 0.2399999999999999911, 0.2562499999999999778, 0.2725000000000000200, 0.2887500000000000067, 0.3049999999999999933, 0.3212499999999999800, 0.3375000000000000222, 0.3537500000000000089, 0.3699999999999999956, 0.3862499999999999822, 0.4025000000000000244, 0.4187500000000000111, 0.4349999999999999978, 0.4512499999999999845, 0.4675000000000000266, 0.4837500000000000133, 0.5000000000000000000, 0.5162499999999999867, 0.5324999999999999734, 0.5487499999999999600, 0.5649999999999999467, 0.5812500000000000444, 0.5975000000000000311, 0.6137500000000000178, 0.6300000000000000044, 0.6462499999999999911, 0.6624999999999999778, 0.6787499999999999645, 0.6949999999999999512, 0.7112500000000000488, 0.7275000000000000355, 0.7437500000000000222, 0.7600000000000000089, 0.7762499999999999956, 0.7924999999999999822, 0.8087499999999999689, 0.8249999999999999556, 0.8412500000000000533, 0.8575000000000000400, 0.8737500000000000266, 0.8900000000000000133, 0.9062500000000000000, 0.9224999999999999867, 0.9387499999999999734, 0.9549999999999999600, 0.9712499999999999467, 0.9875000000000000444, 1.003749999999999920, 1.020000000000000018 ),
 .UNSPECIFIED. ) ;
#9132 = CARTESIAN_POINT ( 'NONE',  ( 1.301683296808000101, 0.08333232648411004195, -0.07117253052570000904 ) ) ;
#9133 = ORIENTED_EDGE ( 'NONE', *, *, #5387, .T. ) ;
#9134 = CIRCLE ( 'NONE', #3329, 0.03149606299213000143 ) ;
#9135 = TOROIDAL_SURFACE ( 'NONE', #6705, 0.1478229366753000262, 0.007874015748031005027 ) ;
#9136 = CIRCLE ( 'NONE', #6389, 0.1574803149606000263 ) ;
#9137 = ORIENTED_EDGE ( 'NONE', *, *, #5210, .F. ) ;
#9138 = CARTESIAN_POINT ( 'NONE',  ( 1.405511811024000357, 0.000000000000000000, 0.000000000000000000 ) ) ;
#9139 = B_SPLINE_CURVE_WITH_KNOTS ( 'NONE', 3,
 ( #5230, #4534, #4582, #3920, #626, #3712, #1538, #1485, #2956, #9984, #834, #2347, #7554 ),
 .UNSPECIFIED., .F., .F.,
 ( 4, 1, 1, 1, 1, 1, 1, 1, 1, 1, 4 ),
 ( 0.1923249450698347185, 0.2596305527446930994, 0.3427538955039897139, 0.4258772382632868836, 0.5090005810225834981, 0.5921239237818800571, 0.6752472665411766162, 0.7583706093004731752, 0.8414939520597697342, 0.9246172948190662932, 1.000000000000000000 ),
 .UNSPECIFIED. ) ;
#9140 = CARTESIAN_POINT ( 'NONE',  ( 0.6115706219037008173, 0.09989048366269999424, 0.07585605807906004028 ) ) ;
#9141 = CIRCLE ( 'NONE', #742, 0.2592016018472000360 ) ;
#9142 = CARTESIAN_POINT ( 'NONE',  ( 1.324228305692999985, 0.1156162809903000105, -0.006484195759239999753 ) ) ;
#9143 = CARTESIAN_POINT ( 'NONE',  ( 1.158192120972427075, -0.07686178318541536658, -0.07046932092377247714 ) ) ;
#9144 = CARTESIAN_POINT ( 'NONE',  ( 1.205107099794999970, 0.1157986565047000038, 0.03430112475518000414 ) ) ;
#9145 = VECTOR ( 'NONE', #5792, 39.37007874015748143 ) ;
#9146 = CARTESIAN_POINT ( 'NONE',  ( 1.339661150616499707, -0.1150361429136074615, 0.03091510445189059667 ) ) ;
#9147 = FACE_OUTER_BOUND ( 'NONE', #7033, .T. ) ;
#9148 = LINE ( 'NONE', #6204, #6416 ) ;
#9149 = CARTESIAN_POINT ( 'NONE',  ( 0.8543307086613995960, -7.089001153372007411E-08, 2.654845646351999710E-08 ) ) ;
#9150 = CARTESIAN_POINT ( 'NONE',  ( 0.7244094488188976833, -0.01574803149606000124, -0.1536382109453000022 ) ) ;
#9151 = CARTESIAN_POINT ( 'NONE',  ( 0.9842519685038996213, 0.000000000000000000, 0.000000000000000000 ) ) ;
#9152 = EDGE_CURVE ( 'NONE', #2375, #2208, #3618, .T. ) ;
#9153 = ORIENTED_EDGE ( 'NONE', *, *, #9840, .F. ) ;
#9154 = ORIENTED_EDGE ( 'NONE', *, *, #9910, .F. ) ;
#9155 = VECTOR ( 'NONE', #8745, 39.37007874015748143 ) ;
#9156 = CARTESIAN_POINT ( 'NONE',  ( 1.119268598646000035, -0.002868712373963000148, 0.1095517057279000034 ) ) ;
#9157 = CARTESIAN_POINT ( 'NONE',  ( 1.305852528278000024, -0.07417709206638996300, 0.07053920873256003254 ) ) ;
#9158 = CARTESIAN_POINT ( 'NONE',  ( 1.111367281449999966, -0.1094688848746999954, -0.002741293996402000086 ) ) ;
#9159 = EDGE_CURVE ( 'NONE', #4280, #8908, #3484, .T. ) ;
#9160 = CARTESIAN_POINT ( 'NONE',  ( 1.231666911714000223, -0.1031081313941999977, 0.01357444301962000034 ) ) ;
#9161 = CARTESIAN_POINT ( 'NONE',  ( 1.316342786391749842, 0.09444883965335011677, 0.07258425826477109266 ) ) ;
#9162 = AXIS2_PLACEMENT_3D ( 'NONE', #4819, #4908, #6318 ) ;
#9163 = DIRECTION ( 'NONE',  ( 0.000000000000000000, -3.012892418312999252E-08, -0.9999999999999995559 ) ) ;
#9164 = CARTESIAN_POINT ( 'NONE',  ( 0.7244094488188976833, -0.01574803149606000124, 0.2002676082188999951 ) ) ;
#9165 = ORIENTED_EDGE ( 'NONE', *, *, #1991, .T. ) ;
#9166 = ORIENTED_EDGE ( 'NONE', *, *, #8476, .T. ) ;
#9167 = EDGE_LOOP ( 'NONE', ( #5310, #9740, #9615, #2810 ) ) ;
#9168 = EDGE_CURVE ( 'NONE', #3118, #9519, #2529, .T. ) ;
#9169 = CARTESIAN_POINT ( 'NONE',  ( 0.7362204724408996093, 0.1827275465568999890, 0.1100438633047000070 ) ) ;
#9170 = ADVANCED_FACE ( 'NONE', ( #3435 ), #4293, .F. ) ;
#9171 = CARTESIAN_POINT ( 'NONE',  ( 1.335706548498999835, -0.1014399125548000047, -0.06512326872483996387 ) ) ;
#9172 = EDGE_CURVE ( 'NONE', #6516, #5115, #9275, .T. ) ;
#9173 = CARTESIAN_POINT ( 'NONE',  ( 0.7256451598022993776, -0.1659362104997999798, -0.1139377565867999986 ) ) ;
#9174 = CARTESIAN_POINT ( 'NONE',  ( 1.249085568543248925, -0.09444883965335040821, 0.07258425826477060694 ) ) ;
#9175 = CARTESIAN_POINT ( 'NONE',  ( 1.277915409688000103, -0.09641372841431003482, -0.03993587390816000920 ) ) ;
#9176 = CARTESIAN_POINT ( 'NONE',  ( 1.150660371693250417, 0.09444883965335063025, -0.07258425826477044041 ) ) ;
#9177 = DIRECTION ( 'NONE',  ( 0.000000000000000000, 0.000000000000000000, -1.000000000000000000 ) ) ;
#9178 = VECTOR ( 'NONE', #8640, 39.37007874015748143 ) ;
#9179 = ORIENTED_EDGE ( 'NONE', *, *, #9775, .F. ) ;
#9180 = ORIENTED_EDGE ( 'NONE', *, *, #9591, .T. ) ;
#9181 = ORIENTED_EDGE ( 'NONE', *, *, #7518, .T. ) ;
#9182 = VECTOR ( 'NONE', #4811, 39.37007874015748143 ) ;
#9183 = CARTESIAN_POINT ( 'NONE',  ( 1.063512522548999861, 0.07755271211107993279, 0.06982877558142992769 ) ) ;
#9184 = DIRECTION ( 'NONE',  ( 0.000000000000000000, 1.000000000000000000, 0.000000000000000000 ) ) ;
#9185 = CARTESIAN_POINT ( 'NONE',  ( 0.7244094488188976833, -0.1251805779226000115, -0.09045730080782006521 ) ) ;
#9186 = PLANE ( 'NONE',  #9875 ) ;
#9187 = CARTESIAN_POINT ( 'NONE',  ( 0.5787401574803000548, 0.1126864528502000001, 0.04687529344016000410 ) ) ;
#9188 = CARTESIAN_POINT ( 'NONE',  ( 1.323008756126000218, -0.09891369741183997366, 0.04717896682107999839 ) ) ;
#9189 = ORIENTED_EDGE ( 'NONE', *, *, #9278, .T. ) ;
#9190 = AXIS2_PLACEMENT_3D ( 'NONE', #2605, #4703, #2414 ) ;
#9191 = ORIENTED_EDGE ( 'NONE', *, *, #3007, .T. ) ;
#9192 = DIRECTION ( 'NONE',  ( 1.000000000000000000, 0.000000000000000000, 0.000000000000000000 ) ) ;
#9193 = CARTESIAN_POINT ( 'NONE',  ( 1.125243272247000048, -0.1026099921947999927, 0.01901763795381000016 ) ) ;
#9194 = CARTESIAN_POINT ( 'NONE',  ( 1.345916297819000240, -0.1117971352213000119, -0.03017564882284999930 ) ) ;
#9195 = CARTESIAN_POINT ( 'NONE',  ( 1.097619735025488819, 0.09151694489180915715, 0.04998307417189121887 ) ) ;
#9196 = CARTESIAN_POINT ( 'NONE',  ( 1.264818385884000085, -0.1115788554892000045, -0.04621747521769000583 ) ) ;
#9197 = VECTOR ( 'NONE', #5499, 39.37007874015748143 ) ;
#9198 = CARTESIAN_POINT ( 'NONE',  ( 1.046819125379000015, -0.01212838739982999986, -0.1075979739532000046 ) ) ;
#9199 = CARTESIAN_POINT ( 'NONE',  ( 0.7268675672382992614, 0.1819025541359000075, 0.08711034411032007874 ) ) ;
#9200 = CARTESIAN_POINT ( 'NONE',  ( 1.356627292219238390, -0.06602625533717991491, 0.08153563497254999459 ) ) ;
#9201 = CARTESIAN_POINT ( 'NONE',  ( 0.8661417314172992210, 0.09349875700218997221, -0.1732283472187000350 ) ) ;
#9202 = CARTESIAN_POINT ( 'NONE',  ( 0.7362204724408996093, 0.1953992016068999971, 0.09462952120025000524 ) ) ;
#9203 = CARTESIAN_POINT ( 'NONE',  ( 0.7334836014312007269, -0.01157508338892000027, -0.2053427753564000258 ) ) ;
#9204 = ORIENTED_EDGE ( 'NONE', *, *, #3596, .T. ) ;
#9205 = VERTEX_POINT ( 'NONE', #5376 ) ;
#9206 = CARTESIAN_POINT ( 'NONE',  ( 1.159786971349000106, -0.02278488818198000018, 0.1071944709820000091 ) ) ;
#9207 = DIRECTION ( 'NONE',  ( 0.000000000000000000, -0.02500000000000001180, -0.9996874511566102850 ) ) ;
#9208 = AXIS2_PLACEMENT_3D ( 'NONE', #4024, #1977, #8567 ) ;
#9209 = CARTESIAN_POINT ( 'NONE',  ( 1.149974859235000091, -0.1056114296772000111, -0.04573822894972000286 ) ) ;
#9210 = CARTESIAN_POINT ( 'NONE',  ( 1.208208906465000121, 0.07728546215276003994, -0.06958814268777008261 ) ) ;
#9211 = CYLINDRICAL_SURFACE ( 'NONE', #7448, 0.2263779527559000304 ) ;
#9212 = CARTESIAN_POINT ( 'NONE',  ( 0.5841804246273000212, 0.000000000000000000, 0.000000000000000000 ) ) ;
#9213 = CARTESIAN_POINT ( 'NONE',  ( 0.6104330708661004357, 0.3740157480314960647, -0.5314960629921000601 ) ) ;
#9214 = CIRCLE ( 'NONE', #4856, 0.01181102362204999867 ) ;
#9215 = VERTEX_POINT ( 'NONE', #4680 ) ;
#9216 = EDGE_LOOP ( 'NONE', ( #3741, #4322 ) ) ;
#9217 = VERTEX_POINT ( 'NONE', #4016 ) ;
#9218 = ADVANCED_FACE ( 'NONE', ( #3913 ), #7091, .F. ) ;
#9219 = DIRECTION ( 'NONE',  ( -1.000000000000000000, 0.000000000000000000, 0.000000000000000000 ) ) ;
#9220 = CARTESIAN_POINT ( 'NONE',  ( 0.7294509068517992523, -0.1676584460181000102, -0.1137199572948999898 ) ) ;
#9221 = CARTESIAN_POINT ( 'NONE',  ( 1.382047470037000236, 0.09860405649671004358, -0.04734907191108000263 ) ) ;
#9222 = CARTESIAN_POINT ( 'NONE',  ( 1.273129950670482513, 0.008187792543227007808, 0.1040357683916000170 ) ) ;
#9223 = FACE_OUTER_BOUND ( 'NONE', #678, .T. ) ;
#9224 = CARTESIAN_POINT ( 'NONE',  ( 1.184026847529999982, 0.09419155717462007749, 0.04492664279108000286 ) ) ;
#9225 = CARTESIAN_POINT ( 'NONE',  ( 1.201606798298329837, -0.01901789965274887015, -0.1026114041959799161 ) ) ;
#9226 = CARTESIAN_POINT ( 'NONE',  ( 0.7334669091272008057, -0.01158024468929000003, 0.1563458270956999963 ) ) ;
#9227 = ORIENTED_EDGE ( 'NONE', *, *, #7372, .F. ) ;
#9228 = EDGE_CURVE ( 'NONE', #7793, #9020, #6741, .T. ) ;
#9229 = EDGE_LOOP ( 'NONE', ( #6608, #8005, #2385, #819, #5073 ) ) ;
#9230 = EDGE_CURVE ( 'NONE', #4536, #1417, #1857, .T. ) ;
#9231 = CARTESIAN_POINT ( 'NONE',  ( 1.065645068480999935, 0.04979507987150000314, 0.09171112839765001301 ) ) ;
#9232 = CARTESIAN_POINT ( 'NONE',  ( 0.5841804246273000212, 0.1416844093523999815, -0.06361727143266003581 ) ) ;
#9233 = CARTESIAN_POINT ( 'NONE',  ( 1.226472174238666168, -0.1032031167347788742, -0.05948255673673441546 ) ) ;
#9234 = DIRECTION ( 'NONE',  ( 1.000000000000000000, 0.000000000000000000, 0.000000000000000000 ) ) ;
#9235 = CARTESIAN_POINT ( 'NONE',  ( 0.5787401574803000548, 0.000000000000000000, 0.000000000000000000 ) ) ;
#9236 = CARTESIAN_POINT ( 'NONE',  ( 1.208885211367999979, -0.1095433277718000087, 0.03559278482678999989 ) ) ;
#9237 = EDGE_LOOP ( 'NONE', ( #6530, #1722 ) ) ;
#9238 = EDGE_CURVE ( 'NONE', #2272, #6682, #2652, .T. ) ;
#9239 = ORIENTED_EDGE ( 'NONE', *, *, #523, .T. ) ;
#9240 = FACE_BOUND ( 'NONE', #138, .T. ) ;
#9241 = DIRECTION ( 'NONE',  ( -1.000000000000000000, 0.000000000000000000, 0.000000000000000000 ) ) ;
#9242 = CARTESIAN_POINT ( 'NONE',  ( 1.309769644274999978, -0.08247955658242006605, -0.08127912200451002656 ) ) ;
#9243 = CARTESIAN_POINT ( 'NONE',  ( 1.055845675752427271, 0.1035732264775706818, 0.01209319107562570328 ) ) ;
#9244 = CARTESIAN_POINT ( 'NONE',  ( 1.258420748089000174, -0.09770666751137992156, 0.07098804921670000267 ) ) ;
#9245 = FACE_OUTER_BOUND ( 'NONE', #8144, .T. ) ;
#9246 = FACE_OUTER_BOUND ( 'NONE', #6481, .T. ) ;
#9247 = DIRECTION ( 'NONE',  ( 0.000000000000000000, 0.9999995644444761300, -0.0009333331978273782343 ) ) ;
#9248 = DIRECTION ( 'NONE',  ( 1.000000000000000000, 0.000000000000000000, 0.000000000000000000 ) ) ;
#9249 = CARTESIAN_POINT ( 'NONE',  ( 0.7268675659661004707, -0.1819025539032000094, 0.08711034363894999688 ) ) ;
#9250 = DIRECTION ( 'NONE',  ( 0.000000000000000000, 0.8782547285461282938, 0.4781930904837151664 ) ) ;
#9251 = ORIENTED_EDGE ( 'NONE', *, *, #6268, .T. ) ;
#9252 = ORIENTED_EDGE ( 'NONE', *, *, #6635, .F. ) ;
#9253 = CARTESIAN_POINT ( 'NONE',  ( 1.127798782373000019, -0.1077541769542000039, 0.01997105624408000366 ) ) ;
#9254 = DIMENSIONAL_EXPONENTS ( 1.000000000000000000, 0.000000000000000000, 0.000000000000000000, 0.000000000000000000, 0.000000000000000000, 0.000000000000000000, 0.000000000000000000 ) ;
#9255 = CARTESIAN_POINT ( 'NONE',  ( 1.562992125983999836, 0.000000000000000000, 0.000000000000000000 ) ) ;
#9256 = CARTESIAN_POINT ( 'NONE',  ( 1.063327113286000047, -0.02305702843376999933, 0.1070482362684000016 ) ) ;
#9257 = CARTESIAN_POINT ( 'NONE',  ( 1.308438565257999953, -0.09386696909021005619, 0.04477182368245000155 ) ) ;
#9258 = CARTESIAN_POINT ( 'NONE',  ( 1.087380624411000030, 0.04084721703795000242, -0.09555144007878996204 ) ) ;
#9259 = CARTESIAN_POINT ( 'NONE',  ( 1.322084256207999964, 0.000000000000000000, 0.1181102362205000006 ) ) ;
#9260 = CARTESIAN_POINT ( 'NONE',  ( 0.5837863042420000648, -0.01574803149606000124, -0.1543821808311000021 ) ) ;
#9261 = CARTESIAN_POINT ( 'NONE',  ( 0.3149606299213000282, 0.000000000000000000, 0.000000000000000000 ) ) ;
#9262 = EDGE_LOOP ( 'NONE', ( #275, #703 ) ) ;
#9263 = ORIENTED_EDGE ( 'NONE', *, *, #8054, .F. ) ;
#9264 = ORIENTED_EDGE ( 'NONE', *, *, #5472, .F. ) ;
#9265 = CARTESIAN_POINT ( 'NONE',  ( 1.342404195204793371, -0.03061458802742054314, 0.1003550211947595305 ) ) ;
#9266 = CARTESIAN_POINT ( 'NONE',  ( 0.5787401574803000548, -0.01574803149606000124, -0.1210269775506999934 ) ) ;
#9267 = CARTESIAN_POINT ( 'NONE',  ( 1.185491880937000087, 0.1014506417467999910, 0.01066289211801000128 ) ) ;
#9268 = CARTESIAN_POINT ( 'NONE',  ( 1.369891958226000073, -0.07973691600615000208, -0.07487794818909999928 ) ) ;
#9269 = CARTESIAN_POINT ( 'NONE',  ( 1.262467221011482232, 0.1020770065874999910, -0.02169713754582000206 ) ) ;
#9270 = CARTESIAN_POINT ( 'NONE',  ( 0.7244094488188976833, -0.1813108520207999952, 0.08649560877427991956 ) ) ;
#9271 = CIRCLE ( 'NONE', #1517, 0.1003937007873999948 ) ;
#9272 = CARTESIAN_POINT ( 'NONE',  ( 1.262987588165999986, 0.04244600606646999758, 0.09533529053063996561 ) ) ;
#9273 = CARTESIAN_POINT ( 'NONE',  ( 1.225064803547329939, -0.04244659015975599942, 0.09533660242565415721 ) ) ;
#9274 = CARTESIAN_POINT ( 'NONE',  ( 0.6803393856152992747, -0.01574803149606000124, -0.1422435312887999903 ) ) ;
#9275 = B_SPLINE_CURVE_WITH_KNOTS ( 'NONE', 3,
 ( #3963, #7040, #6230, #6177, #7800, #2443, #69, #5325, #9220, #5529, #4779 ),
 .UNSPECIFIED., .F., .F.,
 ( 4, 1, 1, 1, 1, 1, 1, 1, 4 ),
 ( 0.000000000000000000, 0.1250000000000000000, 0.2500000000000000000, 0.3750000000000000000, 0.5000000000000000000, 0.6250000000000000000, 0.7500000000000000000, 0.8750000000000000000, 1.000000000000000000 ),
 .UNSPECIFIED. ) ;
#9276 = ORIENTED_EDGE ( 'NONE', *, *, #4434, .T. ) ;
#9277 = VERTEX_POINT ( 'NONE', #220 ) ;
#9278 = EDGE_CURVE ( 'NONE', #7845, #3778, #6531, .T. ) ;
#9279 = CARTESIAN_POINT ( 'NONE',  ( 1.159533630640000146, -0.05452662706635000300, -0.08897936835102007724 ) ) ;
#9280 = EDGE_CURVE ( 'NONE', #5674, #8684, #3476, .T. ) ;
#9281 = CARTESIAN_POINT ( 'NONE',  ( 0.5802225801515999981, 0.01574803149606000124, 0.1516616549527999847 ) ) ;
#9282 = ADVANCED_FACE ( 'NONE', ( #7855 ), #3151, .T. ) ;
#9283 = DIRECTION ( 'NONE',  ( 0.000000000000000000, 0.8660254037844288266, -0.5000000000000169864 ) ) ;
#9284 = DIRECTION ( 'NONE',  ( 0.7071067811866524888, 0.7071067811864424346, 0.000000000000000000 ) ) ;
#9285 = CARTESIAN_POINT ( 'NONE',  ( 1.318743664262000070, -0.04717939539942000299, 0.09891362216373995875 ) ) ;
#9286 = EDGE_LOOP ( 'NONE', ( #9919, #1048, #5299, #4093 ) ) ;
#9287 = ORIENTED_EDGE ( 'NONE', *, *, #3776, .F. ) ;
#9288 = TOROIDAL_SURFACE ( 'NONE', #254, 0.2066929133858000089, 0.007874015748031005027 ) ;
#9289 = FACE_OUTER_BOUND ( 'NONE', #581, .T. ) ;
#9290 = VECTOR ( 'NONE', #1863, 39.37007874015748143 ) ;
#9291 = CARTESIAN_POINT ( 'NONE',  ( 1.159364007154999987, -0.05452662705760000228, 0.08897936835737992045 ) ) ;
#9292 = CARTESIAN_POINT ( 'NONE',  ( 1.374833620652999855, -0.01916271733089000215, 0.1142010825310000033 ) ) ;
#9293 = CARTESIAN_POINT ( 'NONE',  ( 1.331459050879000072, 0.000000000000000000, 0.1181102362205000006 ) ) ;
#9294 = DIRECTION ( 'NONE',  ( -1.000000000000000000, 0.000000000000000000, 0.000000000000000000 ) ) ;
#9295 = EDGE_CURVE ( 'NONE', #2949, #845, #4926, .T. ) ;
#9296 = CARTESIAN_POINT ( 'NONE',  ( 0.7334836014312007269, -0.1836196016366999917, -0.09264707141247992273 ) ) ;
#9297 = DIRECTION ( 'NONE',  ( 1.000000000000000000, 0.000000000000000000, 0.000000000000000000 ) ) ;
#9298 = DIRECTION ( 'NONE',  ( -1.000000000000000000, 0.000000000000000000, 0.000000000000000000 ) ) ;
#9299 = CARTESIAN_POINT ( 'NONE',  ( 1.562992125983999836, 0.000000000000000000, 0.000000000000000000 ) ) ;
#9300 = AXIS2_PLACEMENT_3D ( 'NONE', #2877, #9809, #4507 ) ;
#9301 = CARTESIAN_POINT ( 'NONE',  ( 0.5393700787402000429, 0.000000000000000000, 0.1122047244094000057 ) ) ;
#9302 = CARTESIAN_POINT ( 'NONE',  ( 0.9763779527559055538, -1.917212598425000136, 0.1830708661417000116 ) ) ;
#9303 = ORIENTED_EDGE ( 'NONE', *, *, #2980, .T. ) ;
#9304 = VERTEX_POINT ( 'NONE', #1686 ) ;
#9305 = ORIENTED_EDGE ( 'NONE', *, *, #7372, .T. ) ;
#9306 = CARTESIAN_POINT ( 'NONE',  ( 1.155521879486000048, 0.04975248256392000856, 0.09764474495492007911 ) ) ;
#9307 = CIRCLE ( 'NONE', #262, 0.2496578167136001003 ) ;
#9308 = AXIS2_PLACEMENT_3D ( 'NONE', #3115, #841, #4589 ) ;
#9309 = DIRECTION ( 'NONE',  ( 0.000000000000000000, 1.000000000000000000, 0.000000000000000000 ) ) ;
#9310 = CARTESIAN_POINT ( 'NONE',  ( 1.082125439958999902, 0.007728331573228996131, -0.1092301439144000019 ) ) ;
#9311 = CARTESIAN_POINT ( 'NONE',  ( 1.191148539011000151, -0.09890783045037992993, 0.03213710226366000428 ) ) ;
#9312 = CARTESIAN_POINT ( 'NONE',  ( 1.159407449614999974, -0.01767013544070999975, -0.1080681163239999992 ) ) ;
#9313 = CARTESIAN_POINT ( 'NONE',  ( 1.301579006864250321, -0.01546059376766967600, -0.1181102362205000700 ) ) ;
#9314 = CARTESIAN_POINT ( 'NONE',  ( 0.5984251968503937480, 0.000000000000000000, 0.000000000000000000 ) ) ;
#9315 = EDGE_CURVE ( 'NONE', #1405, #5622, #4336, .T. ) ;
#9316 = CYLINDRICAL_SURFACE ( 'NONE', #890, 0.08267716535433068670 ) ;
#9317 = ORIENTED_EDGE ( 'NONE', *, *, #6062, .F. ) ;
#9318 = ORIENTED_EDGE ( 'NONE', *, *, #7030, .T. ) ;
#9319 = AXIS2_PLACEMENT_3D ( 'NONE', #9481, #1026, #2126 ) ;
#9320 = ORIENTED_EDGE ( 'NONE', *, *, #2285, .F. ) ;
#9321 = CARTESIAN_POINT ( 'NONE',  ( 0.9763779527559055538, 0.09399477469537993735, -0.1751968503937007815 ) ) ;
#9322 = DIRECTION ( 'NONE',  ( 0.000000000000000000, 0.000000000000000000, 1.000000000000000000 ) ) ;
#9323 = EDGE_CURVE ( 'NONE', #728, #7240, #8802, .T. ) ;
#9324 = CARTESIAN_POINT ( 'NONE',  ( 1.260130988548000097, 0.08867274169577993304, -0.05433872599770000339 ) ) ;
#9325 = CARTESIAN_POINT ( 'NONE',  ( 1.367866039591000060, -0.09939545951947992286, -0.04566426964130000654 ) ) ;
#9326 = DIRECTION ( 'NONE',  ( 0.000000000000000000, -1.000000000000000000, 0.000000000000000000 ) ) ;
#9327 = CARTESIAN_POINT ( 'NONE',  ( 1.279527588465482646, -0.08442696480807007631, 0.06133978044347008357 ) ) ;
#9328 = CARTESIAN_POINT ( 'NONE',  ( 0.8188976377952992269, 0.000000000000000000, 0.000000000000000000 ) ) ;
#9329 = CARTESIAN_POINT ( 'NONE',  ( 1.271574313054000038, -0.1042144493542999928, -0.005461647859861999341 ) ) ;
#9330 = CARTESIAN_POINT ( 'NONE',  ( 1.237860079137391489, -0.06567518607634673100, -0.08110210054058446250 ) ) ;
#9331 = CARTESIAN_POINT ( 'NONE',  ( -0.002765821536155000076, 0.000000000000000000, 0.000000000000000000 ) ) ;
#9332 = CARTESIAN_POINT ( 'NONE',  ( 0.7244094488188976833, -0.003937007874016000379, 1.917212598425000136 ) ) ;
#9333 = ORIENTED_EDGE ( 'NONE', *, *, #4159, .T. ) ;
#9334 = ORIENTED_EDGE ( 'NONE', *, *, #4095, .F. ) ;
#9335 = CARTESIAN_POINT ( 'NONE',  ( 1.168063814366999909, 0.07569823074892008397, -0.07183493912152008609 ) ) ;
#9336 = FACE_OUTER_BOUND ( 'NONE', #3770, .T. ) ;
#9337 = LINE ( 'NONE', #6295, #8492 ) ;
#9338 = DIRECTION ( 'NONE',  ( 0.7071067811865474617, 7.069459398501473732E-10, 0.7071067811865474617 ) ) ;
#9339 = CARTESIAN_POINT ( 'NONE',  ( 1.256899832241000103, 0.000000000000000000, -0.1095892592300000135 ) ) ;
#9340 = ORIENTED_EDGE ( 'NONE', *, *, #1360, .F. ) ;
#9341 = ORIENTED_EDGE ( 'NONE', *, *, #584, .F. ) ;
#9342 = CARTESIAN_POINT ( 'NONE',  ( 0.9799168807595000086, -0.09419677740597007243, -0.1760013734404000108 ) ) ;
#9343 = CARTESIAN_POINT ( 'NONE',  ( 1.146568731564999943, 0.1040357683916000170, 0.008187792543227993131 ) ) ;
#9344 = B_SPLINE_CURVE_WITH_KNOTS ( 'NONE', 3,
 ( #3062, #1545, #7056, #6090, #6246, #6141, #9233, #5438, #8466, #2301, #4643, #5388, #7614, #683, #7717, #4691, #5289, #3011 ),
 .UNSPECIFIED., .F., .F.,
 ( 4, 2, 2, 2, 2, 2, 2, 2, 4 ),
 ( 0.000000000000000000, 0.1250000000000000000, 0.2500000000000000000, 0.3750000000000000000, 0.5000000000000000000, 0.6250000000000000000, 0.7500000000000000000, 0.8750000000000000000, 1.000000000000000000 ),
 .UNSPECIFIED. ) ;
#9345 = CARTESIAN_POINT ( 'NONE',  ( 1.305706795054999869, -0.1024920600543000049, 0.04042515293199999693 ) ) ;
#9346 = CARTESIAN_POINT ( 'NONE',  ( 1.323256951141499549, 0.1150361429136073088, 0.03091510445189111014 ) ) ;
#9347 = CYLINDRICAL_SURFACE ( 'NONE', #2243, 0.2755905511811023723 ) ;
#9348 = CARTESIAN_POINT ( 'NONE',  ( 1.057539674112999872, 0.0007450085666821003533, -0.1020445245444999982 ) ) ;
#9349 = CARTESIAN_POINT ( 'NONE',  ( 1.048629947262799345, 0.1086579152154245886, 0.04793166862385556809 ) ) ;
#9350 = CARTESIAN_POINT ( 'NONE',  ( 1.047973619356000086, 0.000000000000000000, -0.1023622047244000105 ) ) ;
#9351 = CARTESIAN_POINT ( 'NONE',  ( 1.193663775287999940, 0.000000000000000000, -0.1181102362205000006 ) ) ;
#9352 = CARTESIAN_POINT ( 'NONE',  ( 0.7280600717204999128, -0.1669210694110000448, -0.1138883778692999921 ) ) ;
#9353 = FACE_OUTER_BOUND ( 'NONE', #9286, .T. ) ;
#9354 = ORIENTED_EDGE ( 'NONE', *, *, #2614, .T. ) ;
#9355 = EDGE_CURVE ( 'NONE', #8804, #4953, #8666, .T. ) ;
#9356 = ADVANCED_FACE ( 'NONE', ( #6425 ), #6693, .F. ) ;
#9357 = ORIENTED_EDGE ( 'NONE', *, *, #4577, .T. ) ;
#9358 = EDGE_CURVE ( 'NONE', #5711, #2754, #7803, .T. ) ;
#9359 = CARTESIAN_POINT ( 'NONE',  ( 1.160885581724000026, -0.08082150710362992485, 0.06544796599127991610 ) ) ;
#9360 = CIRCLE ( 'NONE', #4998, 0.1850392960487000360 ) ;
#9361 = CARTESIAN_POINT ( 'NONE',  ( 0.8346456692912992414, 0.000000000000000000, -0.1574803149606000263 ) ) ;
#9362 = CARTESIAN_POINT ( 'NONE',  ( 1.172254357514000089, 0.07728380588377992133, 0.08336029745312008299 ) ) ;
#9363 = CARTESIAN_POINT ( 'NONE',  ( 1.174799020200999911, 0.1002409750077000034, 0.02217210234184000331 ) ) ;
#9364 = CARTESIAN_POINT ( 'NONE',  ( 1.095735436266000118, 0.1024782569800000015, 0.01722729483176000179 ) ) ;
#9365 = CARTESIAN_POINT ( 'NONE',  ( 0.5841804246273000212, 0.1259363778563000191, 0.09089366210302991800 ) ) ;
#9366 = CARTESIAN_POINT ( 'NONE',  ( 0.9763779527559055538, -0.09399477469537993735, 0.1751968503937007815 ) ) ;
#9367 = SURFACE_STYLE_FILL_AREA ( #9563 ) ;
#9368 = EDGE_LOOP ( 'NONE', ( #9179, #7396, #3586, #9654 ) ) ;
#9369 = ORIENTED_EDGE ( 'NONE', *, *, #7055, .F. ) ;
#9370 = VECTOR ( 'NONE', #5444, 39.37007874015748143 ) ;
#9371 = EDGE_LOOP ( 'NONE', ( #7934, #3030 ) ) ;
#9372 = EDGE_CURVE ( 'NONE', #8871, #2148, #7944, .T. ) ;
#9373 = CARTESIAN_POINT ( 'NONE',  ( 1.155457204666999971, 0.1203997828730999919, 0.009475668413427992820 ) ) ;
#9374 = CIRCLE ( 'NONE', #8884, 0.1023622047244000105 ) ;
#9375 = B_SPLINE_CURVE_WITH_KNOTS ( 'NONE', 3,
 ( #7270, #6511, #4149, #6412 ),
 .UNSPECIFIED., .F., .F.,
 ( 4, 4 ),
 ( 0.000000000000000000, 1.000000000000000000 ),
 .UNSPECIFIED. ) ;
#9376 = DIRECTION ( 'NONE',  ( 0.000000000000000000, 0.000000000000000000, 1.000000000000000000 ) ) ;
#9377 = CARTESIAN_POINT ( 'NONE',  ( 1.204684794323000130, -0.1039622099295000046, -0.002722346286127999820 ) ) ;
#9378 = CARTESIAN_POINT ( 'NONE',  ( 1.355710527779999897, -0.006725321941119999890, 0.1091762471428000120 ) ) ;
#9379 = VECTOR ( 'NONE', #2897, 39.37007874015748143 ) ;
#9380 = DIRECTION ( 'NONE',  ( 1.000000000000000000, 0.000000000000000000, 0.000000000000000000 ) ) ;
#9381 = DIRECTION ( 'NONE',  ( 0.000000000000000000, 0.9011169856835861136, 0.4335760349840935279 ) ) ;
#9382 = CARTESIAN_POINT ( 'NONE',  ( 0.6104330708661004357, 0.3543307086614000401, -0.3543307086614000401 ) ) ;
#9383 = CARTESIAN_POINT ( 'NONE',  ( 1.286502134577000023, 0.07935404094582007573, -0.06777475368613995743 ) ) ;
#9384 = CARTESIAN_POINT ( 'NONE',  ( 0.7280600717204999128, 0.1820907631361000090, 0.08761369760209999913 ) ) ;
#9385 = CARTESIAN_POINT ( 'NONE',  ( 1.047973619356000086, 0.000000000000000000, 0.000000000000000000 ) ) ;
#9386 = FACE_OUTER_BOUND ( 'NONE', #9229, .T. ) ;
#9387 = ORIENTED_EDGE ( 'NONE', *, *, #3979, .T. ) ;
#9388 = ORIENTED_EDGE ( 'NONE', *, *, #3490, .T. ) ;
#9389 = CIRCLE ( 'NONE', #9708, 0.2592016018472000360 ) ;
#9390 = CARTESIAN_POINT ( 'NONE',  ( 1.136075625389999955, 0.09533529053063996561, 0.04244600606646999758 ) ) ;
#9391 = CARTESIAN_POINT ( 'NONE',  ( 1.267139597707000132, 0.09298318451212993219, 0.04737729888397000655 ) ) ;
#9392 = DIRECTION ( 'NONE',  ( 0.000000000000000000, 0.02500000000000001180, 0.9996874511566102850 ) ) ;
#9393 = CARTESIAN_POINT ( 'NONE',  ( 1.154293696547999959, 0.000000000000000000, -0.1181102362205000006 ) ) ;
#9394 = CARTESIAN_POINT ( 'NONE',  ( 1.283588993798000066, -0.1038553219600999999, -0.005442826790652000035 ) ) ;
#9395 = EDGE_LOOP ( 'NONE', ( #618, #6468, #1882, #9263 ) ) ;
#9396 = ORIENTED_EDGE ( 'NONE', *, *, #4232, .F. ) ;
#9397 = CARTESIAN_POINT ( 'NONE',  ( 0.9838867820207009007, -0.09534120890117993297, -0.1805922170975000074 ) ) ;
#9398 = CARTESIAN_POINT ( 'NONE',  ( 0.6803393851628996014, -0.1310605272668000087, -0.05748357025070000015 ) ) ;
#9399 = CARTESIAN_POINT ( 'NONE',  ( 1.364437808456000045, 0.1013433581110999987, 0.06687439956453997136 ) ) ;
#9400 = CARTESIAN_POINT ( 'NONE',  ( 1.319976111246499606, 0.1150361429136075309, -0.03091510445189034686 ) ) ;
#9401 = CARTESIAN_POINT ( 'NONE',  ( 1.332279260852750058, -0.01546059376766992580, 0.1181102362205000422 ) ) ;
#9402 = CARTESIAN_POINT ( 'NONE',  ( -0.03937007874015999859, 0.000000000000000000, 0.000000000000000000 ) ) ;
#9403 = CARTESIAN_POINT ( 'NONE',  ( 1.166244361194499923, -0.03091510445189072157, 0.1150361429136074198 ) ) ;
#9404 = FACE_OUTER_BOUND ( 'NONE', #6085, .T. ) ;
#9405 = DIRECTION ( 'NONE',  ( 0.000000000000000000, 0.02217466440694089436, -0.9997541118987407494 ) ) ;
#9406 = CARTESIAN_POINT ( 'NONE',  ( 0.7346171346687991877, -0.009990493613277992221, -0.2070131803426999706 ) ) ;
#9407 = ORIENTED_EDGE ( 'NONE', *, *, #4052, .T. ) ;
#9408 = ORIENTED_EDGE ( 'NONE', *, *, #9486, .F. ) ;
#9409 = VERTEX_POINT ( 'NONE', #269 ) ;
#9410 = CARTESIAN_POINT ( 'NONE',  ( 1.071318652590000031, 0.07728546218952993263, 0.06958814267140001064 ) ) ;
#9411 = CARTESIAN_POINT ( 'NONE',  ( 1.334114002489666273, -0.1125935275257156504, -0.04120276216305422678 ) ) ;
#9412 = CARTESIAN_POINT ( 'NONE',  ( 1.089402473288999973, 0.1134976800393999868, 0.01907973510068999845 ) ) ;
#9413 = CARTESIAN_POINT ( 'NONE',  ( 1.224235338361999936, -0.07543626803787992219, 0.07949323998367992250 ) ) ;
#9414 = CARTESIAN_POINT ( 'NONE',  ( 1.169850964433000184, 0.1092636090081000044, -0.007239481813024999622 ) ) ;
#9415 = CARTESIAN_POINT ( 'NONE',  ( 0.5802225316246999443, 0.1234687720462999960, 0.08946898922436004320 ) ) ;
#9416 = CARTESIAN_POINT ( 'NONE',  ( 0.5787401574803000548, -0.01574803149606000124, -0.1474010710961000115 ) ) ;
#9417 = SURFACE_SIDE_STYLE ('',( #9367 ) ) ;
#9418 = EDGE_CURVE ( 'NONE', #2209, #8872, #7135, .T. ) ;
#9419 = EDGE_CURVE ( 'NONE', #7191, #3802, #5068, .T. ) ;
#9420 = ORIENTED_EDGE ( 'NONE', *, *, #6556, .F. ) ;
#9421 = ORIENTED_EDGE ( 'NONE', *, *, #5513, .F. ) ;
#9422 = CARTESIAN_POINT ( 'NONE',  ( 1.072287913329000197, 0.09770667579532008040, -0.07098805290494999976 ) ) ;
#9423 = DIRECTION ( 'NONE',  ( 0.000000000000000000, -0.4888985948617037836, -0.8723406238060059659 ) ) ;
#9424 = CARTESIAN_POINT ( 'NONE',  ( 1.352215057024000133, 0.009271783374325000271, 0.1045062686985000072 ) ) ;
#9425 = CARTESIAN_POINT ( 'NONE',  ( 1.339503178698000063, 0.06324685814403996353, -0.08924414731437009529 ) ) ;
#9426 = CARTESIAN_POINT ( 'NONE',  ( 0.7352427161525000310, 0.1315860621305000033, 0.08606287749492992634 ) ) ;
#9427 = CARTESIAN_POINT ( 'NONE',  ( 1.251804491352482396, -0.03483523850941001865, -0.09837167889972013579 ) ) ;
#9428 = DIRECTION ( 'NONE',  ( 0.000000000000000000, 0.000000000000000000, 1.000000000000000000 ) ) ;
#9429 = CARTESIAN_POINT ( 'NONE',  ( 1.243794674779999943, -0.03483523850941000477, -0.09837167889972008028 ) ) ;
#9430 = EDGE_CURVE ( 'NONE', #2322, #2516, #4886, .T. ) ;
#9431 = DIRECTION ( 'NONE',  ( 0.000000000000000000, 0.000000000000000000, -1.000000000000000000 ) ) ;
#9432 = CYLINDRICAL_SURFACE ( 'NONE', #8070, 0.08267716535433068670 ) ;
#9433 = ORIENTED_EDGE ( 'NONE', *, *, #378, .F. ) ;
#9434 = CARTESIAN_POINT ( 'NONE',  ( 1.042243604393000123, -0.04163445952744000006, -0.09351252716027008693 ) ) ;
#9435 = CARTESIAN_POINT ( 'NONE',  ( 1.316188154136999966, -0.04492705090909000082, 0.09419148551886005749 ) ) ;
#9436 = CARTESIAN_POINT ( 'NONE',  ( 0.7256451611656005163, -0.01570488628015000165, -0.2006738524481999908 ) ) ;
#9437 = CARTESIAN_POINT ( 'NONE',  ( 0.07086614173227992475, 0.000000000000000000, 0.000000000000000000 ) ) ;
#9438 = CARTESIAN_POINT ( 'NONE',  ( 1.207851275811000047, -0.1095517057267000050, -0.002868712385265000282 ) ) ;
#9439 = AXIS2_PLACEMENT_3D ( 'NONE', #6335, #175, #9428 ) ;
#9440 = ORIENTED_EDGE ( 'NONE', *, *, #8006, .F. ) ;
#9441 = CARTESIAN_POINT ( 'NONE',  ( 1.069811137613339902, -0.09444906908075767493, -0.07258323876094559257 ) ) ;
#9442 = CARTESIAN_POINT ( 'NONE',  ( 1.125299813408999983, -0.09171112839325000488, -0.04979507988139000169 ) ) ;
#9443 = CIRCLE ( 'NONE', #5244, 0.1535433070865999949 ) ;
#9444 = VECTOR ( 'NONE', #6169, 39.37007874015748143 ) ;
#9445 = CARTESIAN_POINT ( 'NONE',  ( 0.8661416946048996479, 0.09349873698068995875, 0.1732283294671000395 ) ) ;
#9446 = DIRECTION ( 'NONE',  ( -1.000000000000000000, 0.000000000000000000, 0.000000000000000000 ) ) ;
#9447 = DIRECTION ( 'NONE',  ( 0.000000000000000000, 0.000000000000000000, 1.000000000000000000 ) ) ;
#9448 = CARTESIAN_POINT ( 'NONE',  ( 1.562992125983999836, 0.000000000000000000, 0.000000000000000000 ) ) ;
#9449 = DIRECTION ( 'NONE',  ( 1.000000000000000000, 0.000000000000000000, 0.000000000000000000 ) ) ;
#9450 = CARTESIAN_POINT ( 'NONE',  ( 1.062385606021666540, -0.01437143489370744723, -0.1181102362205000422 ) ) ;
#9451 = CARTESIAN_POINT ( 'NONE',  ( 1.273895524877000085, 0.1197388609877000076, 0.01576392010729999946 ) ) ;
#9452 = ORIENTED_EDGE ( 'NONE', *, *, #4303, .T. ) ;
#9453 = CIRCLE ( 'NONE', #2514, 0.1574803149605999708 ) ;
#9454 = CARTESIAN_POINT ( 'NONE',  ( 1.141692668337999983, 0.08570734959896003646, -0.05890502939158000217 ) ) ;
#9455 = VECTOR ( 'NONE', #8592, 39.37007874015748143 ) ;
#9456 = CARTESIAN_POINT ( 'NONE',  ( -0.06692913385827008177, 0.000000000000000000, 0.1023622047244000105 ) ) ;
#9457 = CARTESIAN_POINT ( 'NONE',  ( 1.146808377746999952, -0.1107383055002000016, -0.04795857783529999807 ) ) ;
#9458 = CARTESIAN_POINT ( 'NONE',  ( 1.187982057521999923, -0.1042255791111000029, 0.03386494354522000261 ) ) ;
#9459 = CARTESIAN_POINT ( 'NONE',  ( 0.5866141732283000065, 0.000000000000000000, 0.000000000000000000 ) ) ;
#9460 = CARTESIAN_POINT ( 'NONE',  ( 1.285995017362999482, -0.05948255673673431138, 0.1032031167347789435 ) ) ;
#9461 = CARTESIAN_POINT ( 'NONE',  ( 1.156824176393364212, -0.02169713754582001594, 0.1020770065875000465 ) ) ;
#9462 = CARTESIAN_POINT ( 'NONE',  ( 0.7077880315441004155, 0.01574803149606000124, -0.1948489719560000111 ) ) ;
#9463 = VECTOR ( 'NONE', #5504, 39.37007874015748143 ) ;
#9464 = ORIENTED_EDGE ( 'NONE', *, *, #8476, .F. ) ;
#9465 = ORIENTED_EDGE ( 'NONE', *, *, #7966, .T. ) ;
#9466 = ORIENTED_EDGE ( 'NONE', *, *, #9355, .T. ) ;
#9467 = AXIS2_PLACEMENT_3D ( 'NONE', #1534, #4629, #9381 ) ;
#9468 = VECTOR ( 'NONE', #8123, 39.37007874015748143 ) ;
#9469 = CARTESIAN_POINT ( 'NONE',  ( 1.163987388393999955, 0.01576392010729000051, 0.1197388609877000076 ) ) ;
#9470 = CONICAL_SURFACE ( 'NONE', #7197, 0.2340847595123000391, 0.04441521524690000139 ) ;
#9471 = EDGE_CURVE ( 'NONE', #5845, #5880, #6159, .T. ) ;
#9472 = DIRECTION ( 'NONE',  ( -1.000000000000000000, -4.816229113839000090E-12, 0.000000000000000000 ) ) ;
#9473 = CARTESIAN_POINT ( 'NONE',  ( 1.381132379859000059, 0.1031095099747999927, -0.01938956623244000171 ) ) ;
#9474 = CARTESIAN_POINT ( 'NONE',  ( 1.374829151277999983, 0.04760887750893999515, -0.09224051396369999101 ) ) ;
#9475 = CARTESIAN_POINT ( 'NONE',  ( 0.000000000000000000, 0.000000000000000000, -0.1023622047244000105 ) ) ;
#9476 = CARTESIAN_POINT ( 'NONE',  ( 1.260920993136499968, -0.1150361429136074615, 0.03091510445189059667 ) ) ;
#9477 = CARTESIAN_POINT ( 'NONE',  ( 0.6104330708661004357, -0.3543307086614000401, -0.3543307086614000401 ) ) ;
#9478 = VECTOR ( 'NONE', #9808, 39.37007874015748854 ) ;
#9479 = CARTESIAN_POINT ( 'NONE',  ( 1.179818296827000124, 0.09419155717462007749, 0.04492664279108000286 ) ) ;
#9480 = CIRCLE ( 'NONE', #272, 0.3149606299213000282 ) ;
#9481 = CARTESIAN_POINT ( 'NONE',  ( 0.5787401574803000548, 0.000000000000000000, 0.000000000000000000 ) ) ;
#9482 = CARTESIAN_POINT ( 'NONE',  ( 1.151012856652999572, -0.05948255673673411015, -0.1032031167347790546 ) ) ;
#9483 = B_SPLINE_CURVE_WITH_KNOTS ( 'NONE', 3,
 ( #3121, #3274, #3226, #8527, #3175, #91, #1602, #1805, #7770, #7062, #1709, #6301, #9441, #2464, #4749, #6251, #7822, #5602 ),
 .UNSPECIFIED., .F., .F.,
 ( 4, 2, 2, 2, 2, 2, 2, 2, 4 ),
 ( 0.2862556957955532111, 0.3754737338211090458, 0.4646917718466648806, 0.5539098098722208263, 0.6431278478977766611, 0.7323458859233324958, 0.8215639239488883305, 0.9107819619744441653, 1.000000000000000000 ),
 .UNSPECIFIED. ) ;
#9484 = ORIENTED_EDGE ( 'NONE', *, *, #7066, .T. ) ;
#9485 = VERTEX_POINT ( 'NONE', #1938 ) ;
#9486 = EDGE_CURVE ( 'NONE', #6454, #4168, #5691, .T. ) ;
#9487 = VECTOR ( 'NONE', #4239, 39.37007874015748143 ) ;
#9488 = ADVANCED_FACE ( 'NONE', ( #5020 ), #4265, .T. ) ;
#9489 = CARTESIAN_POINT ( 'NONE',  ( 1.042954453037000073, -0.03102579983720000004, -0.09823580676703996817 ) ) ;
#9490 = CARTESIAN_POINT ( 'NONE',  ( 0.7362204724408996093, 0.1827275465568999890, 0.1100438633047000070 ) ) ;
#9491 = CARTESIAN_POINT ( 'NONE',  ( 1.377729825484113713, 0.05370945860689624318, -0.09305155058070833929 ) ) ;
#9492 = DIRECTION ( 'NONE',  ( 1.000000000000000000, 0.000000000000000000, 0.000000000000000000 ) ) ;
#9493 = VECTOR ( 'NONE', #9712, 39.37007874015748143 ) ;
#9494 = CARTESIAN_POINT ( 'NONE',  ( 1.304914453115000317, 0.09890783045037992993, 0.03213710226366000428 ) ) ;
#9495 = ORIENTED_EDGE ( 'NONE', *, *, #8793, .F. ) ;
#9496 = EDGE_CURVE ( 'NONE', #1094, #5822, #1218, .T. ) ;
#9497 = DIRECTION ( 'NONE',  ( -1.000000000000000000, -1.099873097226999949E-14, 0.000000000000000000 ) ) ;
#9498 = CARTESIAN_POINT ( 'NONE',  ( 1.065531986158000155, 0.1000599975330000030, -0.02963912128933999732 ) ) ;
#9499 = CARTESIAN_POINT ( 'NONE',  ( 1.373273657100000156, -0.04906234857859000098, 0.1088897942674000030 ) ) ;
#9500 = DIRECTION ( 'NONE',  ( 1.000000000000000000, 0.000000000000000000, 0.000000000000000000 ) ) ;
#9501 = CARTESIAN_POINT ( 'NONE',  ( 1.047973619356000086, -0.04216316591013999360, -0.1103281257907000046 ) ) ;
#9502 = CARTESIAN_POINT ( 'NONE',  ( 1.109182147991750078, -0.09444883965335028331, -0.07258425826477082898 ) ) ;
#9503 = CARTESIAN_POINT ( 'NONE',  ( 1.005905511811000075, 0.000000000000000000, -0.1673228346456999971 ) ) ;
#9504 = CARTESIAN_POINT ( 'NONE',  ( 1.173017445922000190, 0.1036888123465999900, -0.006870112364143995606 ) ) ;
#9505 = CARTESIAN_POINT ( 'NONE',  ( 1.325076627239999860, -0.05199372541013000393, 0.1090070711284999994 ) ) ;
#9506 = ORIENTED_EDGE ( 'NONE', *, *, #4036, .T. ) ;
#9507 = CIRCLE ( 'NONE', #9827, 0.1553113939094000473 ) ;
#9508 = EDGE_LOOP ( 'NONE', ( #1123, #3095, #4825, #804 ) ) ;
#9509 = CARTESIAN_POINT ( 'NONE',  ( 1.120367209020999955, -0.06754119902156004163, 0.07908058356911004672 ) ) ;
#9510 = CIRCLE ( 'NONE', #9162, 0.1023622047244000105 ) ;
#9511 = DIRECTION ( 'NONE',  ( -1.000000000000000000, 0.000000000000000000, 0.000000000000000000 ) ) ;
#9512 = CARTESIAN_POINT ( 'NONE',  ( 1.133265235526000003, 0.07301450487321003990, 0.08896427228922007546 ) ) ;
#9513 = CARTESIAN_POINT ( 'NONE',  ( 1.176220717488000167, 0.09386696909021005619, 0.04477182368245000155 ) ) ;
#9514 = CARTESIAN_POINT ( 'NONE',  ( 0.9999994263157999663, 0.1090297965154788801, -0.1648455510493413712 ) ) ;
#9515 = LINE ( 'NONE', #5192, #2707 ) ;
#9516 = CARTESIAN_POINT ( 'NONE',  ( 1.082185068781364112, -0.07935404094595001345, 0.06777475368538998790 ) ) ;
#9517 = DIRECTION ( 'NONE',  ( 0.000000000000000000, -1.000000000000000000, 0.000000000000000000 ) ) ;
#9518 = ORIENTED_EDGE ( 'NONE', *, *, #5944, .F. ) ;
#9519 = VERTEX_POINT ( 'NONE', #9622 ) ;
#9520 = ORIENTED_EDGE ( 'NONE', *, *, #9942, .T. ) ;
#9521 = CIRCLE ( 'NONE', #788, 0.1003937007873999948 ) ;
#9522 = CARTESIAN_POINT ( 'NONE',  ( 1.131999199418000090, -0.1045916918584999938, 0.06038604144952008229 ) ) ;
#9523 = DIRECTION ( 'NONE',  ( 1.000000000000000000, 0.000000000000000000, 0.000000000000000000 ) ) ;
#9524 = CARTESIAN_POINT ( 'NONE',  ( 1.340166172510000031, 0.09489640704855001330, -0.04474592824854000533 ) ) ;
#9525 = ORIENTED_EDGE ( 'NONE', *, *, #6636, .F. ) ;
#9526 = CARTESIAN_POINT ( 'NONE',  ( 1.345580934603999967, 0.1093696985961000040, 0.001718116519791000173 ) ) ;
#9527 = DIRECTION ( 'NONE',  ( 0.000000000000000000, 0.8660254037844288266, 0.5000000000000169864 ) ) ;
#9528 = CARTESIAN_POINT ( 'NONE',  ( 0.5841804246273000212, 0.000000000000000000, 0.000000000000000000 ) ) ;
#9529 = CARTESIAN_POINT ( 'NONE',  ( 1.066178744397000111, 0.000000000000000000, -0.1181102362205000006 ) ) ;
#9530 = AXIS2_PLACEMENT_3D ( 'NONE', #8017, #8734, #7967 ) ;
#9531 = CARTESIAN_POINT ( 'NONE',  ( 1.203974019986999933, 0.000000000000000000, 0.1181102362205000006 ) ) ;
#9532 = CARTESIAN_POINT ( 'NONE',  ( 1.153473486574249751, -0.01546059376766966906, -0.1181102362205000145 ) ) ;
#9533 = ORIENTED_EDGE ( 'NONE', *, *, #1268, .F. ) ;
#9534 = CIRCLE ( 'NONE', #3569, 0.08267716535433068670 ) ;
#9535 = CARTESIAN_POINT ( 'NONE',  ( 1.119015257935999985, -0.06982877559786003496, -0.07755271207417993584 ) ) ;
#9536 = CARTESIAN_POINT ( 'NONE',  ( 0.7280600717204999128, -0.01516969372517000189, 0.2015020754713999773 ) ) ;
#9537 = CARTESIAN_POINT ( 'NONE',  ( 1.273537235502000264, 0.008187792543227007808, 0.1040357683916000170 ) ) ;
#9538 = CARTESIAN_POINT ( 'NONE',  ( 1.271231237834916206, 0.1150361429136075864, -0.03091510445189034686 ) ) ;
#9539 = LINE ( 'NONE', #5646, #2299 ) ;
#9540 = ADVANCED_FACE ( 'NONE', ( #6522 ), #2038, .T. ) ;
#9541 = CARTESIAN_POINT ( 'NONE',  ( 1.199321092084000062, -0.02558310426519000078, 0.1065612970813000077 ) ) ;
#9542 = CARTESIAN_POINT ( 'NONE',  ( 1.381578566429172872, -0.02683125875418010398, 0.09891206027906516984 ) ) ;
#9543 = CARTESIAN_POINT ( 'NONE',  ( 0.5837863042420000648, -0.1415729062393999982, -0.06355289508037008372 ) ) ;
#9544 = CARTESIAN_POINT ( 'NONE',  ( 1.061266894295000096, 0.05910869382497991459, -0.08600371016382007960 ) ) ;
#9545 = CARTESIAN_POINT ( 'NONE',  ( 0.8661417632692993696, -0.09349877921426004435, -0.1732283253607999896 ) ) ;
#9546 = CARTESIAN_POINT ( 'NONE',  ( 0.5795727107672999923, 0.01574803149606000124, -0.1505976400441000063 ) ) ;
#9547 = LINE ( 'NONE', #388, #3976 ) ;
#9548 = CARTESIAN_POINT ( 'NONE',  ( 0.7362204724408996093, 0.1343708233930999973, -0.08212509616896003506 ) ) ;
#9549 = CARTESIAN_POINT ( 'NONE',  ( 0.7334669091272008057, 0.01158024468929000003, -0.1563458270956999963 ) ) ;
#9550 = VECTOR ( 'NONE', #7677, 39.37007874015748854 ) ;
#9551 = DIRECTION ( 'NONE',  ( 1.000000000000000000, 0.000000000000000000, 0.000000000000000000 ) ) ;
#9552 = ADVANCED_FACE ( 'NONE', ( #417 ), #4212, .T. ) ;
#9553 = CARTESIAN_POINT ( 'NONE',  ( 1.310148805717000098, 0.1127504526622000042, -0.04328084370751000831 ) ) ;
#9554 = ORIENTED_EDGE ( 'NONE', *, *, #6805, .F. ) ;
#9555 = ORIENTED_EDGE ( 'NONE', *, *, #8741, .F. ) ;
#9556 = CARTESIAN_POINT ( 'NONE',  ( 0.7360889429602007761, -0.1858376080624000171, 0.1002686453335999983 ) ) ;
#9557 = CYLINDRICAL_SURFACE ( 'NONE', #465, 0.01181102362205004204 ) ;
#9558 = CARTESIAN_POINT ( 'NONE',  ( 1.043451008087999954, 0.07299299283837991370, -0.08898201002104999535 ) ) ;
#9559 = CARTESIAN_POINT ( 'NONE',  ( 1.228500430226000084, -0.1086517079254000068, 0.01430426871551000040 ) ) ;
#9560 = CARTESIAN_POINT ( 'NONE',  ( 0.6104330708661004357, -0.5314960629921000601, 0.5314960629921000601 ) ) ;
#9561 = CARTESIAN_POINT ( 'NONE',  ( 0.9827365112497008504, 0.09478926975752992312, 0.1783711548946000092 ) ) ;
#9562 = CARTESIAN_POINT ( 'NONE',  ( 1.057633469694873485, 0.008932373044980099902, -0.1023573914346601887 ) ) ;
#9563 = FILL_AREA_STYLE ('',( #4963 ) ) ;
#9564 = CARTESIAN_POINT ( 'NONE',  ( 1.311774011509000193, 0.000000000000000000, -0.1181102362205000006 ) ) ;
#9565 = ORIENTED_EDGE ( 'NONE', *, *, #4221, .F. ) ;
#9566 = ORIENTED_EDGE ( 'NONE', *, *, #1682, .F. ) ;
#9567 = EDGE_LOOP ( 'NONE', ( #8271, #6124, #3462, #6170, #474, #8166 ) ) ;
#9568 = CARTESIAN_POINT ( 'NONE',  ( 1.091480826715000019, -0.09183581231442994319, 0.07843519353157993312 ) ) ;
#9569 = CARTESIAN_POINT ( 'NONE',  ( 1.205146714920499518, 0.1150361429136073088, 0.03091510445189111014 ) ) ;
#9570 = CARTESIAN_POINT ( 'NONE',  ( 1.323297734190000075, -0.1049127410514000130, -0.0009340167972483996457 ) ) ;
#9571 = CARTESIAN_POINT ( 'NONE',  ( 1.382932825818999900, 0.09999693341536004809, 0.02016291860522000101 ) ) ;
#9572 = DIRECTION ( 'NONE',  ( 1.000000000000000000, 0.000000000000000000, 0.000000000000000000 ) ) ;
#9573 = CARTESIAN_POINT ( 'NONE',  ( 1.230479032035482367, 0.05910872053913996532, 0.08600372205772992273 ) ) ;
#9574 = CARTESIAN_POINT ( 'NONE',  ( 0.6498031496062991463, 0.3740157480314960647, -0.5314960629921000601 ) ) ;
#9575 = CARTESIAN_POINT ( 'NONE',  ( 0.3149606299213000282, 0.000000000000000000, 0.000000000000000000 ) ) ;
#9576 = EDGE_LOOP ( 'NONE', ( #7275, #5675 ) ) ;
#9577 = VERTEX_POINT ( 'NONE', #6577 ) ;
#9578 = ORIENTED_EDGE ( 'NONE', *, *, #6595, .F. ) ;
#9579 = ORIENTED_EDGE ( 'NONE', *, *, #8720, .F. ) ;
#9580 = CARTESIAN_POINT ( 'NONE',  ( 1.099822344551000253, 0.06352880112627991294, 0.08279234553396004614 ) ) ;
#9581 = CARTESIAN_POINT ( 'NONE',  ( 1.165299575734999982, 0.1164092492941000145, 0.02574833084661000415 ) ) ;
#9582 = AXIS2_PLACEMENT_3D ( 'NONE', #1996, #2806, #429 ) ;
#9583 = CARTESIAN_POINT ( 'NONE',  ( 1.286389052253999798, -0.04979507988139000169, -0.09171112839325000488 ) ) ;
#9584 = CARTESIAN_POINT ( 'NONE',  ( 0.6115386739812992412, 0.1156313406278999950, 0.04857552519136999758 ) ) ;
#9585 = DIRECTION ( 'NONE',  ( 0.000000000000000000, 1.000000000000000000, 0.000000000000000000 ) ) ;
#9586 = EDGE_CURVE ( 'NONE', #9217, #5601, #8425, .T. ) ;
#9587 = ORIENTED_EDGE ( 'NONE', *, *, #9032, .T. ) ;
#9588 = CARTESIAN_POINT ( 'NONE',  ( 1.376141071844793728, 0.05949566721155007815, 0.08642128491051030703 ) ) ;
#9589 = FACE_OUTER_BOUND ( 'NONE', #3788, .T. ) ;
#9590 = EDGE_CURVE ( 'NONE', #2919, #2199, #6371, .T. ) ;
#9591 = EDGE_CURVE ( 'NONE', #2116, #8771, #485, .T. ) ;
#9592 = CARTESIAN_POINT ( 'NONE',  ( 1.146625272726000011, 0.07569823244745001178, 0.07183494035557008717 ) ) ;
#9593 = CARTESIAN_POINT ( 'NONE',  ( 1.203974019986999933, 0.000000000000000000, 0.1181102362205000006 ) ) ;
#9594 = CARTESIAN_POINT ( 'NONE',  ( 0.5837862971707000748, 0.01574803149606000124, -0.1543821785210000019 ) ) ;
#9595 = DIRECTION ( 'NONE',  ( 0.000000000000000000, 1.000000000000000000, 0.000000000000000000 ) ) ;
#9596 = CARTESIAN_POINT ( 'NONE',  ( 0.7277939874142007604, -0.1262036330081000024, -0.09052634868780001787 ) ) ;
#9597 = FACE_OUTER_BOUND ( 'NONE', #2574, .T. ) ;
#9598 = DIRECTION ( 'NONE',  ( -1.000000000000000000, 0.000000000000000000, 0.000000000000000000 ) ) ;
#9599 = CARTESIAN_POINT ( 'NONE',  ( 1.269630433014000026, 0.1029751286123999909, -0.06310323997250000261 ) ) ;
#9600 = EDGE_LOOP ( 'NONE', ( #1329, #2387, #9986, #1804 ) ) ;
#9601 = VERTEX_POINT ( 'NONE', #2889 ) ;
#9602 = DIRECTION ( 'NONE',  ( 0.000000000000000000, 0.000000000000000000, -1.000000000000000000 ) ) ;
#9603 = EDGE_CURVE ( 'NONE', #6781, #7734, #6117, .T. ) ;
#9604 = EDGE_CURVE ( 'NONE', #2422, #7203, #3317, .T. ) ;
#9605 = CARTESIAN_POINT ( 'NONE',  ( 0.6803393851628996014, 0.01574803149606000124, 0.1422435311717999973 ) ) ;
#9606 = CARTESIAN_POINT ( 'NONE',  ( 1.085225067360999995, 0.1009937366988000185, -0.05519080370352000275 ) ) ;
#9607 = CARTESIAN_POINT ( 'NONE',  ( 1.193345759760999991, -0.05759033553228999625, -0.09974938716658995896 ) ) ;
#9608 = DIRECTION ( 'NONE',  ( -1.000000000000000000, 0.000000000000000000, 0.000000000000000000 ) ) ;
#9609 = CARTESIAN_POINT ( 'NONE',  ( 1.000000084320005200, 0.03116626488251664218, 0.1732283464567000442 ) ) ;
#9610 = CARTESIAN_POINT ( 'NONE',  ( 1.120570895553364199, -0.06777475368537011491, 0.07935404094590001178 ) ) ;
#9611 = CARTESIAN_POINT ( 'NONE',  ( 0.7268675672382992614, -0.1663910479999000103, 0.1139770608398000123 ) ) ;
#9612 = DIRECTION ( 'NONE',  ( 0.000000000000000000, -0.3569814713725814603, -0.9341114650279520593 ) ) ;
#9613 = CIRCLE ( 'NONE', #7664, 0.1574803149606000263 ) ;
#9614 = VERTEX_POINT ( 'NONE', #1523 ) ;
#9615 = ORIENTED_EDGE ( 'NONE', *, *, #7862, .F. ) ;
#9616 = CARTESIAN_POINT ( 'NONE',  ( 1.130965263860999936, -0.1132519600807000010, 0.02099001011798000069 ) ) ;
#9617 = CARTESIAN_POINT ( 'NONE',  ( 0.7360889429602007761, 0.1858376080624000171, -0.1002686453335999983 ) ) ;
#9618 = AXIS2_PLACEMENT_3D ( 'NONE', #5719, #9608, #2681 ) ;
#9619 = CARTESIAN_POINT ( 'NONE',  ( 1.340777175613999894, 0.09930460926623997653, 0.03385440507488000211 ) ) ;
#9620 = ORIENTED_EDGE ( 'NONE', *, *, #7520, .T. ) ;
#9621 = FACE_OUTER_BOUND ( 'NONE', #1264, .T. ) ;
#9622 = CARTESIAN_POINT ( 'NONE',  ( 0.6102362204723996708, 0.3740157480314960647, 0.5314960629921000601 ) ) ;
#9623 = CARTESIAN_POINT ( 'NONE',  ( 1.207021026785482398, -0.09742608914478996518, -0.03739837169384001292 ) ) ;
#9624 = CARTESIAN_POINT ( 'NONE',  ( 0.1415574779026000096, 0.000000000000000000, 0.000000000000000000 ) ) ;
#9625 = CARTESIAN_POINT ( 'NONE',  ( 0.5787401574803000548, -0.1126864528502000001, -0.04687529344016000410 ) ) ;
#9626 = CIRCLE ( 'NONE', #4949, 0.1988188976378000294 ) ;
#9627 = ORIENTED_EDGE ( 'NONE', *, *, #7846, .F. ) ;
#9628 = ORIENTED_EDGE ( 'NONE', *, *, #67, .F. ) ;
#9629 = AXIS2_PLACEMENT_3D ( 'NONE', #3623, #2960, #9888 ) ;
#9630 = ORIENTED_EDGE ( 'NONE', *, *, #1312, .F. ) ;
#9631 = TOROIDAL_SURFACE ( 'NONE', #7686, 0.1003937007873999948, 0.01181102362204999867 ) ;
#9632 = CARTESIAN_POINT ( 'NONE',  ( 1.137889497073000022, -0.05948255673673431138, 0.1032031167347789297 ) ) ;
#9633 = CARTESIAN_POINT ( 'NONE',  ( 1.110485074209000000, -0.09037621804803996906, 0.05217873381838000063 ) ) ;
#9634 = AXIS2_PLACEMENT_3D ( 'NONE', #3522, #9027, #4329 ) ;
#9635 = ADVANCED_FACE ( 'NONE', ( #6777 ), #248, .F. ) ;
#9636 = CARTESIAN_POINT ( 'NONE',  ( 0.7261087826327008443, -0.1412757592348000135, 0.06347480738506003362 ) ) ;
#9637 = CARTESIAN_POINT ( 'NONE',  ( 1.218091041275999986, 0.04979507988139000169, -0.09171112839325000488 ) ) ;
#9638 = LINE ( 'NONE', #2711, #9145 ) ;
#9639 = CARTESIAN_POINT ( 'NONE',  ( 1.128514702401999914, -0.05948255673673431138, 0.1032031167347788880 ) ) ;
#9640 = ORIENTED_EDGE ( 'NONE', *, *, #8229, .T. ) ;
#9641 = AXIS2_PLACEMENT_3D ( 'NONE', #2152, #5236, #7560 ) ;
#9642 = EDGE_CURVE ( 'NONE', #6704, #8845, #2029, .T. ) ;
#9643 = EDGE_LOOP ( 'NONE', ( #4863, #3896, #5221, #4060 ) ) ;
#9644 = DIRECTION ( 'NONE',  ( 1.000000000000000000, 0.000000000000000000, 0.000000000000000000 ) ) ;
#9645 = CARTESIAN_POINT ( 'NONE',  ( 1.133829997136000189, 0.02963912214327999936, -0.1000599994510000118 ) ) ;
#9646 = CARTESIAN_POINT ( 'NONE',  ( 0.8543307086613995960, 0.000000000000000000, 0.1535433070865999949 ) ) ;
#9647 = CARTESIAN_POINT ( 'NONE',  ( 1.405511811032000180, -3.938887821163999940E-12, -0.07874015747192993075 ) ) ;
#9648 = FACE_OUTER_BOUND ( 'NONE', #8622, .T. ) ;
#9649 = DIRECTION ( 'NONE',  ( -1.000000000000000000, 0.000000000000000000, 0.000000000000000000 ) ) ;
#9650 = CARTESIAN_POINT ( 'NONE',  ( 0.9842519685038996213, 0.09584990276203995963, -0.1826512321739000022 ) ) ;
#9651 = CARTESIAN_POINT ( 'NONE',  ( 1.170928742957999980, 0.09573326217182008546, -0.04041926243427999832 ) ) ;
#9652 = CARTESIAN_POINT ( 'NONE',  ( 1.233377152174000013, 0.1206065689567999977, -0.006320722445972992015 ) ) ;
#9653 = VERTEX_POINT ( 'NONE', #3038 ) ;
#9654 = ORIENTED_EDGE ( 'NONE', *, *, #6138, .F. ) ;
#9655 = FACE_OUTER_BOUND ( 'NONE', #9773, .T. ) ;
#9656 = B_SPLINE_CURVE_WITH_KNOTS ( 'NONE', 3,
 ( #2616, #7257, #900, #7927, #5705, #8785, #3990, #1860, #7065, #143, #1712, #4339, #8173, #1242 ),
 .UNSPECIFIED., .F., .F.,
 ( 4, 1, 1, 1, 1, 1, 1, 1, 1, 1, 1, 4 ),
 ( 0.000000000000000000, 0.09090909090909000956, 0.1818181818182000031, 0.2727272727273000186, 0.3636363636364000063, 0.4545454545454999939, 0.5454545454545000061, 0.6363636363636000493, 0.7272727272726999814, 0.8181818181818000246, 0.9090909090908999568, 1.000000000000000000 ),
 .UNSPECIFIED. ) ;
#9657 = CARTESIAN_POINT ( 'NONE',  ( 1.349839483892999903, -0.1037913619243000102, 0.01261527925182999964 ) ) ;
#9658 = CARTESIAN_POINT ( 'NONE',  ( 1.132187457000999986, 0.04182222340576999958, 0.1131984943466000232 ) ) ;
#9659 = CARTESIAN_POINT ( 'NONE',  ( 1.238129224327999989, 0.03844809805249000539, -0.1085740795173000123 ) ) ;
#9660 = DIRECTION ( 'NONE',  ( 1.000000000000000000, 0.000000000000000000, 0.000000000000000000 ) ) ;
#9661 = CARTESIAN_POINT ( 'NONE',  ( 1.163221814188364123, -0.09837167889976010382, 0.03483523850945000055 ) ) ;
#9662 = CARTESIAN_POINT ( 'NONE',  ( 1.190481026486000182, -0.05683715052910000981, 0.08752153721173996925 ) ) ;
#9663 = CARTESIAN_POINT ( 'NONE',  ( 1.105548823137000092, 0.000000000000000000, -0.1181102362205000006 ) ) ;
#9664 = FACE_OUTER_BOUND ( 'NONE', #4931, .T. ) ;
#9665 = EDGE_CURVE ( 'NONE', #1417, #3829, #1323, .T. ) ;
#9666 = VERTEX_POINT ( 'NONE', #9063 ) ;
#9667 = ADVANCED_FACE ( 'NONE', ( #7591 ), #9211, .F. ) ;
#9668 = ORIENTED_EDGE ( 'NONE', *, *, #8006, .T. ) ;
#9669 = CARTESIAN_POINT ( 'NONE',  ( 1.143760539452000069, 0.03271307799562000324, -0.1104375004920000042 ) ) ;
#9670 = CARTESIAN_POINT ( 'NONE',  ( 0.4921259842520000483, -0.3740157480314960647, -0.3740157480314960647 ) ) ;
#9671 = CARTESIAN_POINT ( 'NONE',  ( 1.334769851112000083, 0.07934963333568996469, 0.06863790391348996434 ) ) ;
#9672 = FACE_OUTER_BOUND ( 'NONE', #5023, .T. ) ;
#9673 = CARTESIAN_POINT ( 'NONE',  ( 1.047973619356157293, 0.02937376816153894343, -0.09914805427949219263 ) ) ;
#9674 = DIRECTION ( 'NONE',  ( 0.000000000000000000, -0.02217466440694089436, 0.9997541118987407494 ) ) ;
#9675 = CARTESIAN_POINT ( 'NONE',  ( 1.194225751195482799, 0.01090832490354999920, 0.1037857943025000118 ) ) ;
#9676 = CARTESIAN_POINT ( 'NONE',  ( 0.5841804246273000212, -0.1259363778563000191, 0.09089366210302991800 ) ) ;
#9677 = ORIENTED_EDGE ( 'NONE', *, *, #2235, .F. ) ;
#9678 = ORIENTED_EDGE ( 'NONE', *, *, #2297, .F. ) ;
#9679 = ADVANCED_FACE ( 'NONE', ( #5217 ), #28, .F. ) ;
#9680 = ORIENTED_EDGE ( 'NONE', *, *, #6442, .F. ) ;
#9681 = CARTESIAN_POINT ( 'NONE',  ( 0.6803393851628996014, 0.1153124957707000048, -0.08475996092107007662 ) ) ;
#9682 = CARTESIAN_POINT ( 'NONE',  ( 1.360017572120999940, 0.03119933893498999869, 0.1164375180679000088 ) ) ;
#9683 = VECTOR ( 'NONE', #5216, 39.37007874015748143 ) ;
#9684 = DIRECTION ( 'NONE',  ( 1.000000000000000000, 0.000000000000000000, 0.000000000000000000 ) ) ;
#9685 = CARTESIAN_POINT ( 'NONE',  ( 1.237283954662000030, -0.04244600606646999758, 0.09533529053063996561 ) ) ;
#9686 = DIRECTION ( 'NONE',  ( -1.000000000000000000, 0.000000000000000000, 0.000000000000000000 ) ) ;
#9687 = CARTESIAN_POINT ( 'NONE',  ( 0.000000000000000000, 0.000000000000000000, 0.1003937007873999948 ) ) ;
#9688 = ORIENTED_EDGE ( 'NONE', *, *, #3840, .T. ) ;
#9689 = B_SPLINE_CURVE_WITH_KNOTS ( 'NONE', 3,
 ( #4379, #529, #6643, #2898, #6785, #1178 ),
 .UNSPECIFIED., .F., .F.,
 ( 4, 1, 1, 4 ),
 ( 0.000000000000000000, 0.3333333333333000081, 0.6666666666667000474, 1.000000000000000000 ),
 .UNSPECIFIED. ) ;
#9690 = TOROIDAL_SURFACE ( 'NONE', #6443, 0.09055118110236003159, 0.01181102362204999867 ) ;
#9691 = ORIENTED_EDGE ( 'NONE', *, *, #362, .T. ) ;
#9692 = CARTESIAN_POINT ( 'NONE',  ( 1.047972743298852372, 0.06580964002429035009, -0.08280708836627917457 ) ) ;
#9693 = CONICAL_SURFACE ( 'NONE', #6774, 0.1786918365619999949, 0.3142318990842197790 ) ;
#9694 = CARTESIAN_POINT ( 'NONE',  ( 1.091179078501000044, -0.02436176700353999761, -0.1014740624988999945 ) ) ;
#9695 = CARTESIAN_POINT ( 'NONE',  ( 1.184288980617000053, 0.000000000000000000, -0.1181102362205000006 ) ) ;
#9696 = CARTESIAN_POINT ( 'NONE',  ( 0.4724409448819000268, 0.3543307086614000401, 0.3543307086614000401 ) ) ;
#9697 = AXIS2_PLACEMENT_3D ( 'NONE', #9332, #7049, #4118 ) ;
#9698 = CARTESIAN_POINT ( 'NONE',  ( 0.6498031496062991463, 0.5314960629921000601, 0.3740157480314960647 ) ) ;
#9699 = DIRECTION ( 'NONE',  ( 1.000000000000000000, 0.000000000000000000, 0.000000000000000000 ) ) ;
#9700 = CARTESIAN_POINT ( 'NONE',  ( 0.9819196039739999105, 0.09455477861633997116, -0.1774314742987000149 ) ) ;
#9701 = FACE_OUTER_BOUND ( 'NONE', #1237, .T. ) ;
#9702 = CARTESIAN_POINT ( 'NONE',  ( 1.194991325401999926, 0.1178140280982000049, 0.01238275332683000038 ) ) ;
#9703 = ORIENTED_EDGE ( 'NONE', *, *, #6805, .T. ) ;
#9704 = VERTEX_POINT ( 'NONE', #7486 ) ;
#9705 = LINE ( 'NONE', #8132, #4194 ) ;
#9706 = B_SPLINE_CURVE_WITH_KNOTS ( 'NONE', 3,
 ( #1701, #8679, #379, #4938, #7154, #1851, #6391, #9538, #1752, #327, #3315, #8059, #186, #2458, #8730, #2558, #5644, #7248 ),
 .UNSPECIFIED., .F., .F.,
 ( 4, 2, 2, 2, 2, 2, 2, 2, 4 ),
 ( 0.000000000000000000, 0.1249999999999999445, 0.2499999999999998890, 0.3749999999999999445, 0.5000000000000000000, 0.6250000000000000000, 0.7500000000000001110, 0.8750000000000000000, 1.000000000000000000 ),
 .UNSPECIFIED. ) ;
#9707 = DIRECTION ( 'NONE',  ( 0.000000000000000000, 0.8078304555416832011, 0.5894149260913882360 ) ) ;
#9708 = AXIS2_PLACEMENT_3D ( 'NONE', #9083, #3581, #6654 ) ;
#9709 = CARTESIAN_POINT ( 'NONE',  ( 1.140542268856000074, -0.1001861286454000105, 0.06727359898188996212 ) ) ;
#9710 = CARTESIAN_POINT ( 'NONE',  ( 1.259454683645000017, -0.06523905046413995545, 0.09492340744733997193 ) ) ;
#9711 = DIRECTION ( 'NONE',  ( -1.000000000000000000, 0.000000000000000000, 0.000000000000000000 ) ) ;
#9712 = DIRECTION ( 'NONE',  ( 1.000000000000000000, 0.000000000000000000, 0.000000000000000000 ) ) ;
#9713 = CARTESIAN_POINT ( 'NONE',  ( 1.207597935102000086, 0.07755271207417993584, -0.06982877559786003496 ) ) ;
#9714 = CARTESIAN_POINT ( 'NONE',  ( 0.5837862971707000748, -0.1415729042388000070, 0.06355289392532992299 ) ) ;
#9715 = CARTESIAN_POINT ( 'NONE',  ( 1.004020106130302459, 0.09248258375016207844, -0.1692068727216594626 ) ) ;
#9716 = EDGE_CURVE ( 'NONE', #3703, #3778, #9821, .T. ) ;
#9717 = ORIENTED_EDGE ( 'NONE', *, *, #8854, .F. ) ;
#9718 = ORIENTED_EDGE ( 'NONE', *, *, #3059, .F. ) ;
#9719 = CARTESIAN_POINT ( 'NONE',  ( 1.171483636565000097, -0.1151806710642999942, -1.349353881758000139E-13 ) ) ;
#9720 = CARTESIAN_POINT ( 'NONE',  ( 1.382354386066000362, 0.02272619166960000020, 0.1024259529341999958 ) ) ;
#9721 = CARTESIAN_POINT ( 'NONE',  ( 1.114923617808000200, 0.000000000000000000, -0.1181102362205000006 ) ) ;
#9722 = ADVANCED_FACE ( 'NONE', ( #5367 ), #2938, .T. ) ;
#9723 = DIRECTION ( 'NONE',  ( 1.000000000000000000, 0.000000000000000000, 0.000000000000000000 ) ) ;
#9724 = AXIS2_PLACEMENT_3D ( 'NONE', #8917, #8865, #6475 ) ;
#9725 = CARTESIAN_POINT ( 'NONE',  ( 1.078834378962999940, 0.05948255673673451260, -0.1032031167347788742 ) ) ;
#9726 = CARTESIAN_POINT ( 'NONE',  ( 1.243344098727000135, 0.000000000000000000, 0.1181102362205000006 ) ) ;
#9727 = DIRECTION ( 'NONE',  ( -2.358512413812905175E-07, 0.9999999999999590328, -1.619973287548935139E-07 ) ) ;
#9728 = CIRCLE ( 'NONE', #1816, 0.2559055118109999638 ) ;
#9729 = ORIENTED_EDGE ( 'NONE', *, *, #7360, .F. ) ;
#9730 = ORIENTED_EDGE ( 'NONE', *, *, #8256, .T. ) ;
#9731 = ORIENTED_EDGE ( 'NONE', *, *, #5083, .F. ) ;
#9732 = LINE ( 'NONE', #528, #9379 ) ;
#9733 = ADVANCED_FACE ( 'NONE', ( #4471 ), #3852, .F. ) ;
#9734 = CARTESIAN_POINT ( 'NONE',  ( 1.292088972139000091, 0.000000000000000000, 0.1181102362205000006 ) ) ;
#9735 = CARTESIAN_POINT ( 'NONE',  ( 1.562992125983999836, 0.000000000000000000, 0.000000000000000000 ) ) ;
#9736 = CARTESIAN_POINT ( 'NONE',  ( 1.267196138867999977, 0.04244600606646999758, 0.09533529053063996561 ) ) ;
#9737 = CARTESIAN_POINT ( 'NONE',  ( 0.6102362204723996708, 0.4370078740156999597, -0.3543307086614000401 ) ) ;
#9738 = CYLINDRICAL_SURFACE ( 'NONE', #1288, 0.1181102362205000006 ) ;
#9739 = CIRCLE ( 'NONE', #7151, 0.1574803149606000263 ) ;
#9740 = ORIENTED_EDGE ( 'NONE', *, *, #2424, .F. ) ;
#9741 = CARTESIAN_POINT ( 'NONE',  ( 1.313486872369793446, -0.09690261725382932900, -0.04022754866864159534 ) ) ;
#9742 = CARTESIAN_POINT ( 'NONE',  ( 1.159477089477999989, -0.09837167890033997331, -0.03483523850896000362 ) ) ;
#9743 = CARTESIAN_POINT ( 'NONE',  ( 0.7362204724408996093, 0.01574803149606000124, -0.09842519685038997324 ) ) ;
#9744 = LINE ( 'NONE', #2817, #7691 ) ;
#9745 = FACE_OUTER_BOUND ( 'NONE', #3273, .T. ) ;
#9746 = CARTESIAN_POINT ( 'NONE',  ( 0.7362204724408996093, 0.000000000000000000, 0.000000000000000000 ) ) ;
#9747 = CARTESIAN_POINT ( 'NONE',  ( 1.243005946275999918, -0.04684819949601000399, 0.1052227788591999919 ) ) ;
#9748 = ORIENTED_EDGE ( 'NONE', *, *, #7484, .T. ) ;
#9749 = ORIENTED_EDGE ( 'NONE', *, *, #9982, .F. ) ;
#9750 = CARTESIAN_POINT ( 'NONE',  ( 0.7308438118074999101, -0.1826437317570000218, 0.08941447051563997106 ) ) ;
#9751 = EDGE_CURVE ( 'NONE', #1428, #2530, #8290, .T. ) ;
#9752 = AXIS2_PLACEMENT_3D ( 'NONE', #4882, #6427, #271 ) ;
#9753 = CARTESIAN_POINT ( 'NONE',  ( 1.335380822475000118, 0.07907619114771004265, 0.06840137479752991800 ) ) ;
#9754 = CARTESIAN_POINT ( 'NONE',  ( 1.092502100691000066, 0.04746259344133999664, 0.1109517900565999970 ) ) ;
#9755 = CARTESIAN_POINT ( 'NONE',  ( 1.225333948737000078, -0.1141952844564999986, 0.01503409441140000045 ) ) ;
#9756 = DIRECTION ( 'NONE',  ( 0.000000000000000000, -0.01014706186315036777, 0.9999485172425356394 ) ) ;
#9757 = CARTESIAN_POINT ( 'NONE',  ( 0.5787401574803000548, 0.1355270878622999997, 0.06006234021286004088 ) ) ;
#9758 = CARTESIAN_POINT ( 'NONE',  ( 1.250248853737000010, 0.1020770065874999910, -0.02169713754582000206 ) ) ;
#9759 = LINE ( 'NONE', #9052, #6849 ) ;
#9760 = FACE_BOUND ( 'NONE', #5856, .T. ) ;
#9761 = ORIENTED_EDGE ( 'NONE', *, *, #18, .T. ) ;
#9762 = ORIENTED_EDGE ( 'NONE', *, *, #214, .T. ) ;
#9763 = CARTESIAN_POINT ( 'NONE',  ( 1.066988885908000118, 0.06523902097937993305, -0.09492339431987993625 ) ) ;
#9764 = CARTESIAN_POINT ( 'NONE',  ( 1.322109963494000118, -0.04164225703496000214, -0.09629874261107007616 ) ) ;
#9765 = CARTESIAN_POINT ( 'NONE',  ( 1.393181264373000161, -0.01736205072612000133, 0.1034699282802000048 ) ) ;
#9766 = DIRECTION ( 'NONE',  ( 0.000000000000000000, 0.000000000000000000, 1.000000000000000000 ) ) ;
#9767 = CARTESIAN_POINT ( 'NONE',  ( -0.03184567412300000344, 0.000000000000000000, 0.000000000000000000 ) ) ;
#9768 = CARTESIAN_POINT ( 'NONE',  ( 0.5787401574803000548, 0.000000000000000000, 0.000000000000000000 ) ) ;
#9769 = CARTESIAN_POINT ( 'NONE',  ( 1.562992125983999836, 0.000000000000000000, 0.000000000000000000 ) ) ;
#9770 = VECTOR ( 'NONE', #9527, 39.37007874015748143 ) ;
#9771 = AXIS2_PLACEMENT_3D ( 'NONE', #4521, #665, #3749 ) ;
#9772 = ORIENTED_EDGE ( 'NONE', *, *, #5309, .F. ) ;
#9773 = EDGE_LOOP ( 'NONE', ( #13, #9555, #1487, #8242 ) ) ;
#9774 = ORIENTED_EDGE ( 'NONE', *, *, #5893, .F. ) ;
#9775 = EDGE_CURVE ( 'NONE', #6087, #7394, #6928, .T. ) ;
#9776 = VECTOR ( 'NONE', #2732, 39.37007874015748143 ) ;
#9777 = DIRECTION ( 'NONE',  ( -1.000000000000000000, 0.000000000000000000, 0.000000000000000000 ) ) ;
#9778 = CARTESIAN_POINT ( 'NONE',  ( 0.7362204724408996093, 0.003937007874016000379, 0.1574310946703000036 ) ) ;
#9779 = DIRECTION ( 'NONE',  ( 1.000000000000000000, 0.000000000000000000, 1.054711873393938598E-13 ) ) ;
#9780 = B_SPLINE_CURVE_WITH_KNOTS ( 'NONE', 3,
 ( #9293, #2364, #3780, #8530, #7010, #3178, #6255, #9346, #995, #4087, #9400, #5552, #4752, #4040, #7118, #194, #7207, #8637 ),
 .UNSPECIFIED., .F., .F.,
 ( 4, 2, 2, 2, 2, 2, 2, 2, 4 ),
 ( 0.000000000000000000, 0.1250000000000000278, 0.2500000000000000555, 0.3750000000000001110, 0.5000000000000001110, 0.6250000000000001110, 0.7500000000000002220, 0.8750000000000001110, 1.000000000000000000 ),
 .UNSPECIFIED. ) ;
#9781 = CARTESIAN_POINT ( 'NONE',  ( 1.317666392586000157, -0.1005876041400999843, 0.02224877255178000016 ) ) ;
#9782 = CARTESIAN_POINT ( 'NONE',  ( 0.7362204724408996093, 0.000000000000000000, 0.000000000000000000 ) ) ;
#9783 = CARTESIAN_POINT ( 'NONE',  ( 1.129334912375749678, -0.07258425826477071796, 0.09444883965335035270 ) ) ;
#9784 = ADVANCED_FACE ( 'NONE', ( #2988 ), #7696, .F. ) ;
#9785 = ORIENTED_EDGE ( 'NONE', *, *, #6326, .T. ) ;
#9786 = EDGE_CURVE ( 'NONE', #8284, #9614, #6068, .T. ) ;
#9787 = EDGE_CURVE ( 'NONE', #9959, #1897, #5180, .T. ) ;
#9788 = CARTESIAN_POINT ( 'NONE',  ( 0.6102362204723996708, 0.3740157480314960647, -0.3740157480314960647 ) ) ;
#9789 = AXIS2_PLACEMENT_3D ( 'NONE', #9528, #221, #5021 ) ;
#9790 = AXIS2_PLACEMENT_3D ( 'NONE', #5800, #5706, #8891 ) ;
#9791 = AXIS2_PLACEMENT_3D ( 'NONE', #8689, #7208, #9447 ) ;
#9792 = CARTESIAN_POINT ( 'NONE',  ( 1.163742181342000137, -0.05452662706635000300, -0.08897936835102007724 ) ) ;
#9793 = CARTESIAN_POINT ( 'NONE',  ( 0.9553806294644674457, -0.09349878660231614180, 0.1732283464567000442 ) ) ;
#9794 = CARTESIAN_POINT ( 'NONE',  ( 0.000000000000000000, 0.000000000000000000, 0.000000000000000000 ) ) ;
#9795 = FACE_OUTER_BOUND ( 'NONE', #8325, .T. ) ;
#9796 = CARTESIAN_POINT ( 'NONE',  ( 1.562992125983999836, 0.000000000000000000, 0.000000000000000000 ) ) ;
#9797 = DIRECTION ( 'NONE',  ( 1.000000000000000000, 0.000000000000000000, 0.000000000000000000 ) ) ;
#9798 = AXIS2_PLACEMENT_3D ( 'NONE', #5536, #4929, #8003 ) ;
#9799 = CARTESIAN_POINT ( 'NONE',  ( 1.232343216617000303, 0.1104375004920000042, 0.03271307799562000324 ) ) ;
#9800 = ORIENTED_EDGE ( 'NONE', *, *, #1992, .T. ) ;
#9801 = EDGE_CURVE ( 'NONE', #1528, #2422, #3501, .T. ) ;
#9802 = ORIENTED_EDGE ( 'NONE', *, *, #7757, .T. ) ;
#9803 = CARTESIAN_POINT ( 'NONE',  ( 0.3937007874016000275, 1.460690677675000415E-13, 0.2755905511811023723 ) ) ;
#9804 = CARTESIAN_POINT ( 'NONE',  ( 0.7244094488188976833, 0.1813108520207999952, 0.08649560877427991956 ) ) ;
#9805 = CARTESIAN_POINT ( 'NONE',  ( 1.142630971818999974, -0.1166834153165999949, 0.03078925271922000259 ) ) ;
#9806 = CARTESIAN_POINT ( 'NONE',  ( 1.173054236000000028, 0.09891369741183997366, 0.04717896682107999839 ) ) ;
#9807 = FACE_OUTER_BOUND ( 'NONE', #6357, .T. ) ;
#9808 = DIRECTION ( 'NONE',  ( 0.5038710255241108937, 1.888523838635039857E-11, 0.8637789008984189110 ) ) ;
#9809 = DIRECTION ( 'NONE',  ( -1.000000000000000000, 0.000000000000000000, 0.000000000000000000 ) ) ;
#9810 = CARTESIAN_POINT ( 'NONE',  ( 1.108829663031999813, 0.05948255673673449179, -0.1032031167347788186 ) ) ;
#9811 = PLANE ( 'NONE',  #6552 ) ;
#9812 = PLANE ( 'NONE',  #9860 ) ;
#9813 = VERTEX_POINT ( 'NONE', #6273 ) ;
#9814 = EDGE_LOOP ( 'NONE', ( #152, #3610, #4572, #2586, #2233, #2935, #7885, #944, #7834, #8241, #2636, #1978, #1647, #6555, #8644, #4954, #3238 ) ) ;
#9815 = ORIENTED_EDGE ( 'NONE', *, *, #3293, .T. ) ;
#9816 = B_SPLINE_CURVE_WITH_KNOTS ( 'NONE', 3,
 ( #8582, #5445, #7007, #9398, #93, #1710 ),
 .UNSPECIFIED., .F., .F.,
 ( 4, 1, 1, 4 ),
 ( 0.000000000000000000, 0.3333333333333000081, 0.6666666666667000474, 1.000000000000000000 ),
 .UNSPECIFIED. ) ;
#9817 = CARTESIAN_POINT ( 'NONE',  ( 1.084049253362999954, -0.02099001011877000070, 0.1132519600811000005 ) ) ;
#9818 = CARTESIAN_POINT ( 'NONE',  ( 1.363687173947000009, 0.06059705576737992039, -0.08564766778826005122 ) ) ;
#9819 = DIRECTION ( 'NONE',  ( 0.000000000000000000, 0.000000000000000000, 1.000000000000000000 ) ) ;
#9820 = CARTESIAN_POINT ( 'NONE',  ( 0.6498031496062991463, -0.3740157480314960647, 0.3740157480314960647 ) ) ;
#9821 = LINE ( 'NONE', #2181, #1316 ) ;
#9822 = CARTESIAN_POINT ( 'NONE',  ( 1.011811023621999928, 0.000000000000000000, 0.000000000000000000 ) ) ;
#9823 = CARTESIAN_POINT ( 'NONE',  ( 0.9819196039739999105, -0.09455477861633997116, 0.1774314742987000149 ) ) ;
#9824 = VERTEX_POINT ( 'NONE', #4769 ) ;
#9825 = EDGE_LOOP ( 'NONE', ( #7720, #9452, #2001, #8791 ) ) ;
#9826 = ORIENTED_EDGE ( 'NONE', *, *, #5513, .T. ) ;
#9827 = AXIS2_PLACEMENT_3D ( 'NONE', #2369, #4558, #2317 ) ;
#9828 = CARTESIAN_POINT ( 'NONE',  ( 0.6104330708661004357, 0.2716535433071000094, -0.3543307086614000401 ) ) ;
#9829 = FACE_OUTER_BOUND ( 'NONE', #9961, .T. ) ;
#9830 = CARTESIAN_POINT ( 'NONE',  ( 0.6104330708661004357, -0.5314960629921000601, -0.5314960629921000601 ) ) ;
#9831 = CARTESIAN_POINT ( 'NONE',  ( 1.284313047483999881, -0.01632510462271000162, -0.1030726540387999907 ) ) ;
#9832 = FACE_BOUND ( 'NONE', #7192, .T. ) ;
#9833 = CARTESIAN_POINT ( 'NONE',  ( 0.7285187645193996753, 0.1821554130227000246, 0.08782316039857007706 ) ) ;
#9834 = ORIENTED_EDGE ( 'NONE', *, *, #807, .F. ) ;
#9835 = CARTESIAN_POINT ( 'NONE',  ( 1.199529820590000018, 0.08050333326523996524, 0.08793920170083996402 ) ) ;
#9836 = AXIS2_PLACEMENT_3D ( 'NONE', #1981, #1453, #5727 ) ;
#9837 = ORIENTED_EDGE ( 'NONE', *, *, #1553, .T. ) ;
#9838 = CARTESIAN_POINT ( 'NONE',  ( 1.110371991885999998, 0.03224823098968999935, 0.09924984962000001076 ) ) ;
#9839 = ADVANCED_FACE ( 'NONE', ( #3903 ), #7136, .T. ) ;
#9840 = EDGE_CURVE ( 'NONE', #2789, #2756, #7455, .T. ) ;
#9841 = APPLICATION_PROTOCOL_DEFINITION ( 'draft international standard', 'automotive_design', 1998, #5643 ) ;
#9842 = DIRECTION ( 'NONE',  ( 1.000000000000000000, 0.000000000000000000, 0.000000000000000000 ) ) ;
#9843 = CARTESIAN_POINT ( 'NONE',  ( 1.293182585437333332, -0.02061412502355850287, 0.1181102362205000145 ) ) ;
#9844 = CARTESIAN_POINT ( 'NONE',  ( 0.9842519685038996213, -0.2559055118109999638, 0.000000000000000000 ) ) ;
#9845 = AXIS2_PLACEMENT_3D ( 'NONE', #9138, #8370, #1452 ) ;
#9846 = CARTESIAN_POINT ( 'NONE',  ( 1.197123871334000000, 0.1090071540550999890, 0.05199325309835000491 ) ) ;
#9847 = ORIENTED_EDGE ( 'NONE', *, *, #8910, .T. ) ;
#9848 = EDGE_LOOP ( 'NONE', ( #836, #7301, #6659, #5311 ) ) ;
#9849 = PLANE ( 'NONE',  #2577 ) ;
#9850 = DIRECTION ( 'NONE',  ( 0.000000000000000000, 5.127762797708013743E-12, -1.000000000000000000 ) ) ;
#9851 = AXIS2_PLACEMENT_3D ( 'NONE', #3987, #5549, #4851 ) ;
#9852 = CARTESIAN_POINT ( 'NONE',  ( 1.347429706990000309, -0.09147699505788996210, 0.05063350131959000466 ) ) ;
#9853 = CARTESIAN_POINT ( 'NONE',  ( 1.088324694764000178, 0.1059105072928999969, 0.05784429045201999742 ) ) ;
#9854 = CARTESIAN_POINT ( 'NONE',  ( 1.254155656225000026, -0.03125811517097000503, 0.1166568739668999988 ) ) ;
#9855 = EDGE_CURVE ( 'NONE', #5973, #7683, #8108, .T. ) ;
#9856 = CARTESIAN_POINT ( 'NONE',  ( 1.327552322699666387, -0.09197940250214935165, 0.07690747405744659260 ) ) ;
#9857 = DIRECTION ( 'NONE',  ( 1.000000000000000000, 0.000000000000000000, 0.000000000000000000 ) ) ;
#9858 = CARTESIAN_POINT ( 'NONE',  ( 1.220393210691999908, 0.02700970012306000076, 0.1008015731564999989 ) ) ;
#9859 = CARTESIAN_POINT ( 'NONE',  ( 1.286347502322750413, 0.09444883965335013065, 0.07258425826477109266 ) ) ;
#9860 = AXIS2_PLACEMENT_3D ( 'NONE', #9151, #5866, #6059 ) ;
#9861 = CARTESIAN_POINT ( 'NONE',  ( 1.056324186090684014, -0.01245680991413343312, -0.1076101671003485000 ) ) ;
#9862 = FACE_OUTER_BOUND ( 'NONE', #6569, .T. ) ;
#9863 = ORIENTED_EDGE ( 'NONE', *, *, #1947, .F. ) ;
#9864 = ORIENTED_EDGE ( 'NONE', *, *, #3364, .F. ) ;
#9865 = CARTESIAN_POINT ( 'NONE',  ( 1.061689858488000127, 0.02836389212424000189, -0.1058551423881999992 ) ) ;
#9866 = CIRCLE ( 'NONE', #6788, 0.1574803149605999708 ) ;
#9867 = CARTESIAN_POINT ( 'NONE',  ( 1.379944609163000102, 0.05949335099436003915, 0.08641792045599999694 ) ) ;
#9868 = CARTESIAN_POINT ( 'NONE',  ( 0.7362204724408996093, 0.1827275465568999890, -0.1100438633047000070 ) ) ;
#9869 = CARTESIAN_POINT ( 'NONE',  ( 1.193281084943000003, -0.1039622099295000046, -0.002722346286127999820 ) ) ;
#9870 = EDGE_CURVE ( 'NONE', #5334, #9205, #4103, .T. ) ;
#9871 = CARTESIAN_POINT ( 'NONE',  ( 1.317983206339250257, 0.07258425826477024612, 0.09444883965335072740 ) ) ;
#9872 = LINE ( 'NONE', #2182, #2042 ) ;
#9873 = LINE ( 'NONE', #7442, #80 ) ;
#9874 = ORIENTED_EDGE ( 'NONE', *, *, #3362, .F. ) ;
#9875 = AXIS2_PLACEMENT_3D ( 'NONE', #4590, #3116, #6900 ) ;
#9876 = ORIENTED_EDGE ( 'NONE', *, *, #6696, .F. ) ;
#9877 = ORIENTED_EDGE ( 'NONE', *, *, #9358, .T. ) ;
#9878 = DIRECTION ( 'NONE',  ( 1.000000000000000000, 0.000000000000000000, 0.000000000000000000 ) ) ;
#9879 = CARTESIAN_POINT ( 'NONE',  ( 1.372173083932000104, -0.1198512323746000058, -0.01291419614375999975 ) ) ;
#9880 = CARTESIAN_POINT ( 'NONE',  ( 0.6104330708661004357, 0.3543307086614000401, 0.3543307086614000401 ) ) ;
#9881 = FACE_OUTER_BOUND ( 'NONE', #9167, .T. ) ;
#9882 = CARTESIAN_POINT ( 'NONE',  ( 1.299240869005999999, 0.08279234551820000010, 0.06352880097637007839 ) ) ;
#9883 = CARTESIAN_POINT ( 'NONE',  ( 1.244257716933329982, 0.03483571787204616660, -0.09837303257802153256 ) ) ;
#9884 = CARTESIAN_POINT ( 'NONE',  ( 1.011811089899000038, 0.09046570295565001252, 0.1614173806495000085 ) ) ;
#9885 = ORIENTED_EDGE ( 'NONE', *, *, #1807, .F. ) ;
#9886 = CARTESIAN_POINT ( 'NONE',  ( 1.176537456931999959, 0.1040357447341000025, -0.008187775355042007513 ) ) ;
#9887 = FACE_OUTER_BOUND ( 'NONE', #7276, .T. ) ;
#9888 = DIRECTION ( 'NONE',  ( 0.000000000000000000, -0.01363511712384990471, 0.9999070374694933871 ) ) ;
#9889 = CARTESIAN_POINT ( 'NONE',  ( 0.5511811023621999706, 0.000000000000000000, 0.000000000000000000 ) ) ;
#9890 = CARTESIAN_POINT ( 'NONE',  ( 0.7277938262377007250, 0.1414999207457000030, -0.06403230728437991903 ) ) ;
#9891 = CARTESIAN_POINT ( 'NONE',  ( 1.219547941027000038, -0.02099001011798000069, -0.1132519600808000043 ) ) ;
#9892 = ORIENTED_EDGE ( 'NONE', *, *, #707, .F. ) ;
#9893 = VERTEX_POINT ( 'NONE', #4870 ) ;
#9894 = EDGE_CURVE ( 'NONE', #717, #468, #5907, .T. ) ;
#9895 = EDGE_CURVE ( 'NONE', #4012, #2116, #5296, .T. ) ;
#9896 = CARTESIAN_POINT ( 'NONE',  ( 0.7276665990876004519, 0.1667377332940000179, 0.1139301902076999967 ) ) ;
#9897 = CARTESIAN_POINT ( 'NONE',  ( 1.334624117890000017, 0.05019894296284000551, 0.09807622996730000486 ) ) ;
#9898 = CARTESIAN_POINT ( 'NONE',  ( 1.082998814280425881, -0.02708025354540335994, -0.1006991498172765259 ) ) ;
#9899 = CARTESIAN_POINT ( 'NONE',  ( 1.211504737590000103, 0.03125811517097000503, 0.1166568739668999988 ) ) ;
#9900 = CARTESIAN_POINT ( 'NONE',  ( 1.342941990511499872, -0.1150361429136074476, -0.03091510445189083259 ) ) ;
#9901 = CARTESIAN_POINT ( 'NONE',  ( 1.128867187361750180, 0.09444883965335013065, 0.07258425826477109266 ) ) ;
#9902 = CARTESIAN_POINT ( 'NONE',  ( 1.182007383921000132, 0.01090832490354999920, 0.1037857943025000118 ) ) ;
#9903 = CARTESIAN_POINT ( 'NONE',  ( -0.07874015748031004680, 0.000000000000000000, -0.09055118110236003159 ) ) ;
#9904 = CONICAL_SURFACE ( 'NONE', #8129, 0.1786918365619999949, 0.3142318990842197790 ) ;
#9905 = CARTESIAN_POINT ( 'NONE',  ( 0.7334686179297008612, -0.01157818479516000039, -0.1563464199078999917 ) ) ;
#9906 = FACE_OUTER_BOUND ( 'NONE', #912, .T. ) ;
#9907 = ORIENTED_EDGE ( 'NONE', *, *, #8435, .T. ) ;
#9908 = ORIENTED_EDGE ( 'NONE', *, *, #1382, .T. ) ;
#9909 = ORIENTED_EDGE ( 'NONE', *, *, #9751, .F. ) ;
#9910 = EDGE_CURVE ( 'NONE', #7534, #7820, #7459, .T. ) ;
#9911 = CARTESIAN_POINT ( 'NONE',  ( 1.157654425417000033, 0.01430426871551000040, 0.1086517079254000068 ) ) ;
#9912 = EDGE_CURVE ( 'NONE', #462, #3503, #9728, .T. ) ;
#9913 = DIRECTION ( 'NONE',  ( 0.000000000000000000, 0.000000000000000000, -1.000000000000000000 ) ) ;
#9914 = CARTESIAN_POINT ( 'NONE',  ( 1.054972301430999959, 0.09862204277947006492, 0.04758827830943000714 ) ) ;
#9915 = CARTESIAN_POINT ( 'NONE',  ( 1.242329641373000060, 0.000000000000000000, -0.1039978473954999982 ) ) ;
#9916 = CARTESIAN_POINT ( 'NONE',  ( 1.321264046234249534, 0.01546059376766944181, 0.1181102362205000561 ) ) ;
#9917 = CARTESIAN_POINT ( 'NONE',  ( 0.7261126622680000864, 0.1412764412683999993, 0.06347572505605000859 ) ) ;
#9918 = CARTESIAN_POINT ( 'NONE',  ( 0.5787401574803000548, 0.1351639017700000112, -0.05985265462468995767 ) ) ;
#9919 = ORIENTED_EDGE ( 'NONE', *, *, #1567, .T. ) ;
#9920 = ORIENTED_EDGE ( 'NONE', *, *, #2750, .T. ) ;
#9921 = VERTEX_POINT ( 'NONE', #2682 ) ;
#9922 = ADVANCED_FACE ( 'NONE', ( #2633 ), #9631, .T. ) ;
#9923 = DIRECTION ( 'NONE',  ( -1.000000000000000000, 0.000000000000000000, 0.000000000000000000 ) ) ;
#9924 = COLOUR_RGB ( '',0.7921568627450980005, 0.8196078431372548767, 0.9333333333333333481 ) ;
#9925 = CARTESIAN_POINT ( 'NONE',  ( 1.373058439714000212, -0.08380521557252007536, -0.07869833577626003662 ) ) ;
#9926 = CARTESIAN_POINT ( 'NONE',  ( 1.189757047108666477, 0.09197940250215647096, -0.07690747405743854348 ) ) ;
#9927 = CARTESIAN_POINT ( 'NONE',  ( 0.5787401574803000548, 0.000000000000000000, 0.000000000000000000 ) ) ;
#9928 = CARTESIAN_POINT ( 'NONE',  ( 1.241605587687000023, -0.1020770065874999910, -0.02169713754582000206 ) ) ;
#9929 = CARTESIAN_POINT ( 'NONE',  ( 1.229329895410391948, -0.09298446404015088540, 0.04737795083605902957 ) ) ;
#9930 = CARTESIAN_POINT ( 'NONE',  ( 0.7249748790432009038, -0.01574803149606000124, 0.1537843690892000126 ) ) ;
#9931 = ORIENTED_EDGE ( 'NONE', *, *, #8189, .F. ) ;
#9932 = ORIENTED_EDGE ( 'NONE', *, *, #8422, .F. ) ;
#9933 = AXIS2_PLACEMENT_3D ( 'NONE', #590, #8418, #2962 ) ;
#9934 = AXIS2_PLACEMENT_3D ( 'NONE', #9696, #3579, #1144 ) ;
#9935 = CARTESIAN_POINT ( 'NONE',  ( 1.082705435935000127, -0.08279234553396004614, -0.06352880112627991294 ) ) ;
#9936 = DIRECTION ( 'NONE',  ( -1.000000000000000000, 0.000000000000000000, 0.000000000000000000 ) ) ;
#9937 = FACE_OUTER_BOUND ( 'NONE', #739, .T. ) ;
#9938 = DIRECTION ( 'NONE',  ( 0.000000000000000000, -1.000000000000000000, 0.000000000000000000 ) ) ;
#9939 = DIRECTION ( 'NONE',  ( 0.000000000000000000, -1.000000000000000000, -3.282220016608999290E-10 ) ) ;
#9940 = CARTESIAN_POINT ( 'NONE',  ( 1.286755475286000205, -0.1094390709590000038, -0.005735458675759000542 ) ) ;
#9941 = ORIENTED_EDGE ( 'NONE', *, *, #9372, .F. ) ;
#9942 = EDGE_CURVE ( 'NONE', #6193, #8981, #4389, .T. ) ;
#9943 = AXIS2_PLACEMENT_3D ( 'NONE', #9822, #4369, #1370 ) ;
#9944 = VECTOR ( 'NONE', #1343, 39.37007874015748143 ) ;
#9945 = ORIENTED_EDGE ( 'NONE', *, *, #4893, .T. ) ;
#9946 = FACE_BOUND ( 'NONE', #6880, .T. ) ;
#9947 = CARTESIAN_POINT ( 'NONE',  ( 0.8188976377952992269, 0.000000000000000000, 0.000000000000000000 ) ) ;
#9948 = AXIS2_PLACEMENT_3D ( 'NONE', #9212, #2434, #5521 ) ;
#9949 = CARTESIAN_POINT ( 'NONE',  ( 1.356312110016000050, -0.01683645426182999935, -0.1088825723715999977 ) ) ;
#9950 = CARTESIAN_POINT ( 'NONE',  ( 1.118506764662488884, -0.08030875089192995864, -0.06651438518231933550 ) ) ;
#9951 = CARTESIAN_POINT ( 'NONE',  ( 1.260553294019999937, -0.1157986565047000038, 0.03430112475518000414 ) ) ;
#9952 = CIRCLE ( 'NONE', #6721, 0.08267716535433068670 ) ;
#9953 = CARTESIAN_POINT ( 'NONE',  ( 1.048542482280000243, -0.04308208645362000128, -0.1103107477802999919 ) ) ;
#9954 = CARTESIAN_POINT ( 'NONE',  ( 0.7256451611656005163, 0.1816410972355000097, 0.08673609574192008009 ) ) ;
#9955 = CARTESIAN_POINT ( 'NONE',  ( 1.363856622928238504, -0.1012918731321000021, -0.02734012804704000210 ) ) ;
#9956 = CARTESIAN_POINT ( 'NONE',  ( 1.276504982637750363, 0.07258425826477091225, -0.09444883965335025555 ) ) ;
#9957 = DIRECTION ( 'NONE',  ( 1.000000000000000000, 0.000000000000000000, 0.000000000000000000 ) ) ;
#9958 = CARTESIAN_POINT ( 'NONE',  ( 1.315616797900116319, -0.08864370576691975312, 0.05117846576024083494 ) ) ;
#9959 = VERTEX_POINT ( 'NONE', #5670 ) ;
#9960 = EDGE_LOOP ( 'NONE', ( #8606, #1653, #1152, #4803 ) ) ;
#9961 = EDGE_LOOP ( 'NONE', ( #3147, #4498, #7051, #7352, #2802, #2939 ) ) ;
#9962 = AXIS2_PLACEMENT_3D ( 'NONE', #1916, #1149, #8075 ) ;
#9963 = CARTESIAN_POINT ( 'NONE',  ( 1.129931328304000004, -0.1082400335959999987, -0.01714353714179999918 ) ) ;
#9964 = B_SPLINE_CURVE_WITH_KNOTS ( 'NONE', 3,
 ( #1676, #9462, #7272, #8756, #5621, #5672 ),
 .UNSPECIFIED., .F., .F.,
 ( 4, 1, 1, 4 ),
 ( 0.000000000000000000, 0.3333333333333000081, 0.6666666666667000474, 1.000000000000000000 ),
 .UNSPECIFIED. ) ;
#9965 = CARTESIAN_POINT ( 'NONE',  ( 0.5837863042420000648, -0.1258248747434000114, 0.09082928575073996591 ) ) ;
#9966 = CARTESIAN_POINT ( 'NONE',  ( 1.052883598466999970, 0.1087643265027000011, 0.01269930296989000076 ) ) ;
#9967 = CARTESIAN_POINT ( 'NONE',  ( 1.212473998327999958, 0.1038553219600999999, -0.005442826790652000035 ) ) ;
#9968 = CARTESIAN_POINT ( 'NONE',  ( 0.7244094488188976833, 0.000000000000000000, 0.000000000000000000 ) ) ;
#9969 = FACE_OUTER_BOUND ( 'NONE', #7177, .T. ) ;
#9970 = DIRECTION ( 'NONE',  ( 0.000000000000000000, 0.000000000000000000, -1.000000000000000000 ) ) ;
#9971 = EDGE_CURVE ( 'NONE', #1833, #6622, #9515, .T. ) ;
#9972 = EDGE_CURVE ( 'NONE', #2187, #1529, #2109, .T. ) ;
#9973 = VERTEX_POINT ( 'NONE', #4199 ) ;
#9974 = VERTEX_POINT ( 'NONE', #5720 ) ;
#9975 = ORIENTED_EDGE ( 'NONE', *, *, #6951, .F. ) ;
#9976 = CARTESIAN_POINT ( 'NONE',  ( 0.7362204724408996093, -0.1340878390540999887, 0.08258810736048996515 ) ) ;
#9977 = CARTESIAN_POINT ( 'NONE',  ( 1.230275345504000084, 0.05890502939158000217, 0.08570734959896003646 ) ) ;
#9978 = CARTESIAN_POINT ( 'NONE',  ( 1.326462311104999792, -0.1059225223877000160, 0.04468932849795000106 ) ) ;
#9979 = CARTESIAN_POINT ( 'NONE',  ( 0.6498031496062991463, 0.5314960629921000601, -0.3740157480314960647 ) ) ;
#9980 = DIRECTION ( 'NONE',  ( -1.000000000000000000, 0.000000000000000000, 0.000000000000000000 ) ) ;
#9981 = CARTESIAN_POINT ( 'NONE',  ( 1.198954669052000099, -0.09924984962422009338, 0.03224823102986000556 ) ) ;
#9982 = EDGE_CURVE ( 'NONE', #357, #4359, #2540, .T. ) ;
#9983 = CARTESIAN_POINT ( 'NONE',  ( 1.203739344229391994, 0.01632532927008709112, -0.1030740724065570268 ) ) ;
#9984 = CARTESIAN_POINT ( 'NONE',  ( 1.345632759853827798, 0.06949349547627806101, -0.09805843214458771773 ) ) ;
#9985 = ORIENTED_EDGE ( 'NONE', *, *, #524, .F. ) ;
#9986 = ORIENTED_EDGE ( 'NONE', *, *, #6012, .F. ) ;
#9987 = AXIS2_PLACEMENT_3D ( 'NONE', #5200, #2163, #8274 ) ;
#9988 = CARTESIAN_POINT ( 'NONE',  ( 1.140340717254000102, 0.04737729888396000760, 0.09298318451212993219 ) ) ;
#9989 = CARTESIAN_POINT ( 'NONE',  ( 0.5830288604789000129, 0.01574803149606000124, 0.1540665344259000147 ) ) ;
#9990 = CARTESIAN_POINT ( 'NONE',  ( 0.5984251968503937480, -0.09693842135412991667, -0.07415168411053996156 ) ) ;
#9991 = DIRECTION ( 'NONE',  ( -1.000000000000000000, 0.000000000000000000, 0.000000000000000000 ) ) ;
#9992 = CARTESIAN_POINT ( 'NONE',  ( 1.303815842740000175, 0.1023103873717999962, -0.03927327811942000341 ) ) ;
#9993 = ORIENTED_EDGE ( 'NONE', *, *, #5153, .T. ) ;
#9994 = VECTOR ( 'NONE', #9472, 39.37007874015748143 ) ;
#9995 = VERTEX_POINT ( 'NONE', #1342 ) ;
#9996 = CARTESIAN_POINT ( 'NONE',  ( 0.4921259842520000483, 0.000000000000000000, 0.000000000000000000 ) ) ;
#9997 = CARTESIAN_POINT ( 'NONE',  ( 1.120978180383999989, -0.06777475368537008715, 0.07935404094590001178 ) ) ;
#9998 = CARTESIAN_POINT ( 'NONE',  ( 1.368360994530000152, 0.1080086283796000135, 0.02174893356747000309 ) ) ;
#9999 = CARTESIAN_POINT ( 'NONE',  ( 1.133127685408427121, 0.1035702866587886323, -0.01211835910597655781 ) ) ;
#10000 = CARTESIAN_POINT ( 'NONE',  ( 1.256288202156999878, -0.06840606100042008475, 0.09953143637152993273 ) ) ;
#10001 = AXIS2_PLACEMENT_3D ( 'NONE', #3587, #1199, #8996 ) ;
#10002 = FACE_OUTER_BOUND ( 'NONE', #8656, .T. ) ;
#10003 = CARTESIAN_POINT ( 'NONE',  ( 1.123125717545500057, 0.1150361429136075309, -0.03091510445189034686 ) ) ;
#10004 = CARTESIAN_POINT ( 'NONE',  ( 1.319862703677316507, -0.09116855387865675786, 0.04680799749174416324 ) ) ;
#10005 = CARTESIAN_POINT ( 'NONE',  ( 1.280606032506500069, 0.1150361429136075309, -0.03091510445189034686 ) ) ;
#10006 = DIRECTION ( 'NONE',  ( 1.000000000000000000, 0.000000000000000000, 0.000000000000000000 ) ) ;
#10007 = CARTESIAN_POINT ( 'NONE',  ( 0.6384300491361004637, -0.01574803149606000124, 0.1313958731520000200 ) ) ;
#10008 = ORIENTED_EDGE ( 'NONE', *, *, #7104, .T. ) ;
ENDSEC;
END-ISO-10303-21;
