ISO-10303-21;
HEADER;
/* Generated by software containing ST-Developer
 * from STEP Tools, Inc. (www.steptools.com) 
 */

FILE_DESCRIPTION(
/* description */ (''),
/* implementation_level */ '2;1');

FILE_NAME(
/* name */ 'D:\\UA Website Model\\UA 9049.stp',
/* time_stamp */ '2017-07-05T10:00:03-04:00',
/* author */ ('alawinger'),
/* organization */ ('unknown'),
/* preprocessor_version */ 'ST-DEVELOPER v16.5',
/* originating_system */ 'Autodesk Inventor 2017',
/* authorisation */ '');

FILE_SCHEMA (('AUTOMOTIVE_DESIGN { 1 0 10303 214 3 1 1 }'));
ENDSEC;

DATA;
#10=MECHANICAL_DESIGN_GEOMETRIC_PRESENTATION_REPRESENTATION('',(#24,#25),
#2847);
#11=SHAPE_REPRESENTATION_RELATIONSHIP('SRR','None',#2859,#12);
#12=ADVANCED_BREP_SHAPE_REPRESENTATION('',(#26,#27),#2846);
#13=FACE_BOUND('',#163,.T.);
#14=FACE_BOUND('',#206,.T.);
#15=CIRCLE('',#1852,0.024);
#16=CIRCLE('',#1896,0.024);
#17=ELLIPSE('',#1846,0.0141421356237313,0.0100000000000001);
#18=ELLIPSE('',#1847,0.0100060954429883,0.0100000000000001);
#19=ELLIPSE('',#1849,0.0100060954429884,0.0100000000000002);
#20=ELLIPSE('',#1854,0.0141421356237314,0.0100000000000002);
#21=CYLINDRICAL_SURFACE('',#1845,0.0100000000000001);
#22=CYLINDRICAL_SURFACE('',#1853,0.0100000000000002);
#23=CYLINDRICAL_SURFACE('',#1895,0.024);
#24=STYLED_ITEM('',(#2869),#26);
#25=STYLED_ITEM('',(#2869),#27);
#26=MANIFOLD_SOLID_BREP('Solid2',#1794);
#27=MANIFOLD_SOLID_BREP('Solid3',#1795);
#28=FACE_OUTER_BOUND('',#117,.T.);
#29=FACE_OUTER_BOUND('',#118,.T.);
#30=FACE_OUTER_BOUND('',#119,.T.);
#31=FACE_OUTER_BOUND('',#120,.T.);
#32=FACE_OUTER_BOUND('',#121,.T.);
#33=FACE_OUTER_BOUND('',#122,.T.);
#34=FACE_OUTER_BOUND('',#123,.T.);
#35=FACE_OUTER_BOUND('',#124,.T.);
#36=FACE_OUTER_BOUND('',#125,.T.);
#37=FACE_OUTER_BOUND('',#126,.T.);
#38=FACE_OUTER_BOUND('',#127,.T.);
#39=FACE_OUTER_BOUND('',#128,.T.);
#40=FACE_OUTER_BOUND('',#129,.T.);
#41=FACE_OUTER_BOUND('',#130,.T.);
#42=FACE_OUTER_BOUND('',#131,.T.);
#43=FACE_OUTER_BOUND('',#132,.T.);
#44=FACE_OUTER_BOUND('',#133,.T.);
#45=FACE_OUTER_BOUND('',#134,.T.);
#46=FACE_OUTER_BOUND('',#135,.T.);
#47=FACE_OUTER_BOUND('',#136,.T.);
#48=FACE_OUTER_BOUND('',#137,.T.);
#49=FACE_OUTER_BOUND('',#138,.T.);
#50=FACE_OUTER_BOUND('',#139,.T.);
#51=FACE_OUTER_BOUND('',#140,.T.);
#52=FACE_OUTER_BOUND('',#141,.T.);
#53=FACE_OUTER_BOUND('',#142,.T.);
#54=FACE_OUTER_BOUND('',#143,.T.);
#55=FACE_OUTER_BOUND('',#144,.T.);
#56=FACE_OUTER_BOUND('',#145,.T.);
#57=FACE_OUTER_BOUND('',#146,.T.);
#58=FACE_OUTER_BOUND('',#147,.T.);
#59=FACE_OUTER_BOUND('',#148,.T.);
#60=FACE_OUTER_BOUND('',#149,.T.);
#61=FACE_OUTER_BOUND('',#150,.T.);
#62=FACE_OUTER_BOUND('',#151,.T.);
#63=FACE_OUTER_BOUND('',#152,.T.);
#64=FACE_OUTER_BOUND('',#153,.T.);
#65=FACE_OUTER_BOUND('',#154,.T.);
#66=FACE_OUTER_BOUND('',#155,.T.);
#67=FACE_OUTER_BOUND('',#156,.T.);
#68=FACE_OUTER_BOUND('',#157,.T.);
#69=FACE_OUTER_BOUND('',#158,.T.);
#70=FACE_OUTER_BOUND('',#159,.T.);
#71=FACE_OUTER_BOUND('',#160,.T.);
#72=FACE_OUTER_BOUND('',#161,.T.);
#73=FACE_OUTER_BOUND('',#162,.T.);
#74=FACE_OUTER_BOUND('',#164,.T.);
#75=FACE_OUTER_BOUND('',#165,.T.);
#76=FACE_OUTER_BOUND('',#166,.T.);
#77=FACE_OUTER_BOUND('',#167,.T.);
#78=FACE_OUTER_BOUND('',#168,.T.);
#79=FACE_OUTER_BOUND('',#169,.T.);
#80=FACE_OUTER_BOUND('',#170,.T.);
#81=FACE_OUTER_BOUND('',#171,.T.);
#82=FACE_OUTER_BOUND('',#172,.T.);
#83=FACE_OUTER_BOUND('',#173,.T.);
#84=FACE_OUTER_BOUND('',#174,.T.);
#85=FACE_OUTER_BOUND('',#175,.T.);
#86=FACE_OUTER_BOUND('',#176,.T.);
#87=FACE_OUTER_BOUND('',#177,.T.);
#88=FACE_OUTER_BOUND('',#178,.T.);
#89=FACE_OUTER_BOUND('',#179,.T.);
#90=FACE_OUTER_BOUND('',#180,.T.);
#91=FACE_OUTER_BOUND('',#181,.T.);
#92=FACE_OUTER_BOUND('',#182,.T.);
#93=FACE_OUTER_BOUND('',#183,.T.);
#94=FACE_OUTER_BOUND('',#184,.T.);
#95=FACE_OUTER_BOUND('',#185,.T.);
#96=FACE_OUTER_BOUND('',#186,.T.);
#97=FACE_OUTER_BOUND('',#187,.T.);
#98=FACE_OUTER_BOUND('',#188,.T.);
#99=FACE_OUTER_BOUND('',#189,.T.);
#100=FACE_OUTER_BOUND('',#190,.T.);
#101=FACE_OUTER_BOUND('',#191,.T.);
#102=FACE_OUTER_BOUND('',#192,.T.);
#103=FACE_OUTER_BOUND('',#193,.T.);
#104=FACE_OUTER_BOUND('',#194,.T.);
#105=FACE_OUTER_BOUND('',#195,.T.);
#106=FACE_OUTER_BOUND('',#196,.T.);
#107=FACE_OUTER_BOUND('',#197,.T.);
#108=FACE_OUTER_BOUND('',#198,.T.);
#109=FACE_OUTER_BOUND('',#199,.T.);
#110=FACE_OUTER_BOUND('',#200,.T.);
#111=FACE_OUTER_BOUND('',#201,.T.);
#112=FACE_OUTER_BOUND('',#202,.T.);
#113=FACE_OUTER_BOUND('',#203,.T.);
#114=FACE_OUTER_BOUND('',#204,.T.);
#115=FACE_OUTER_BOUND('',#205,.T.);
#116=FACE_OUTER_BOUND('',#207,.T.);
#117=EDGE_LOOP('',(#1117,#1118,#1119,#1120));
#118=EDGE_LOOP('',(#1121,#1122,#1123,#1124));
#119=EDGE_LOOP('',(#1125,#1126,#1127,#1128));
#120=EDGE_LOOP('',(#1129,#1130,#1131,#1132));
#121=EDGE_LOOP('',(#1133,#1134,#1135,#1136,#1137,#1138,#1139,#1140,#1141,
#1142,#1143,#1144,#1145,#1146,#1147,#1148));
#122=EDGE_LOOP('',(#1149,#1150,#1151,#1152,#1153,#1154,#1155,#1156,#1157,
#1158,#1159,#1160,#1161,#1162,#1163,#1164,#1165,#1166,#1167,#1168,#1169,
#1170,#1171,#1172,#1173,#1174,#1175,#1176,#1177,#1178,#1179,#1180,#1181,
#1182,#1183,#1184,#1185,#1186,#1187,#1188));
#123=EDGE_LOOP('',(#1189,#1190,#1191,#1192));
#124=EDGE_LOOP('',(#1193,#1194,#1195,#1196));
#125=EDGE_LOOP('',(#1197,#1198,#1199,#1200));
#126=EDGE_LOOP('',(#1201,#1202,#1203,#1204));
#127=EDGE_LOOP('',(#1205,#1206,#1207,#1208));
#128=EDGE_LOOP('',(#1209,#1210,#1211,#1212));
#129=EDGE_LOOP('',(#1213,#1214,#1215,#1216));
#130=EDGE_LOOP('',(#1217,#1218,#1219,#1220));
#131=EDGE_LOOP('',(#1221,#1222,#1223,#1224));
#132=EDGE_LOOP('',(#1225,#1226,#1227,#1228));
#133=EDGE_LOOP('',(#1229,#1230,#1231,#1232));
#134=EDGE_LOOP('',(#1233,#1234,#1235,#1236));
#135=EDGE_LOOP('',(#1237,#1238,#1239,#1240));
#136=EDGE_LOOP('',(#1241,#1242,#1243,#1244));
#137=EDGE_LOOP('',(#1245,#1246,#1247,#1248));
#138=EDGE_LOOP('',(#1249,#1250,#1251,#1252));
#139=EDGE_LOOP('',(#1253,#1254,#1255,#1256));
#140=EDGE_LOOP('',(#1257,#1258,#1259,#1260));
#141=EDGE_LOOP('',(#1261,#1262,#1263,#1264));
#142=EDGE_LOOP('',(#1265,#1266,#1267,#1268));
#143=EDGE_LOOP('',(#1269,#1270,#1271,#1272));
#144=EDGE_LOOP('',(#1273,#1274,#1275,#1276));
#145=EDGE_LOOP('',(#1277,#1278,#1279,#1280));
#146=EDGE_LOOP('',(#1281,#1282,#1283,#1284));
#147=EDGE_LOOP('',(#1285,#1286,#1287,#1288));
#148=EDGE_LOOP('',(#1289,#1290,#1291,#1292));
#149=EDGE_LOOP('',(#1293,#1294,#1295,#1296));
#150=EDGE_LOOP('',(#1297,#1298,#1299,#1300));
#151=EDGE_LOOP('',(#1301,#1302,#1303,#1304));
#152=EDGE_LOOP('',(#1305,#1306,#1307,#1308));
#153=EDGE_LOOP('',(#1309,#1310,#1311,#1312));
#154=EDGE_LOOP('',(#1313,#1314,#1315,#1316));
#155=EDGE_LOOP('',(#1317,#1318,#1319,#1320));
#156=EDGE_LOOP('',(#1321,#1322,#1323,#1324,#1325,#1326,#1327,#1328,#1329,
#1330,#1331,#1332));
#157=EDGE_LOOP('',(#1333,#1334,#1335,#1336,#1337,#1338,#1339,#1340,#1341,
#1342,#1343,#1344));
#158=EDGE_LOOP('',(#1345,#1346,#1347,#1348,#1349,#1350,#1351,#1352,#1353,
#1354,#1355,#1356));
#159=EDGE_LOOP('',(#1357,#1358,#1359,#1360));
#160=EDGE_LOOP('',(#1361,#1362,#1363,#1364,#1365,#1366));
#161=EDGE_LOOP('',(#1367,#1368,#1369,#1370,#1371));
#162=EDGE_LOOP('',(#1372,#1373,#1374,#1375));
#163=EDGE_LOOP('',(#1376));
#164=EDGE_LOOP('',(#1377,#1378,#1379,#1380));
#165=EDGE_LOOP('',(#1381,#1382,#1383,#1384,#1385,#1386));
#166=EDGE_LOOP('',(#1387,#1388,#1389,#1390,#1391));
#167=EDGE_LOOP('',(#1392,#1393,#1394,#1395,#1396,#1397,#1398,#1399,#1400,
#1401,#1402,#1403,#1404,#1405,#1406,#1407,#1408,#1409,#1410,#1411,#1412,
#1413,#1414,#1415,#1416,#1417,#1418,#1419,#1420,#1421,#1422,#1423,#1424,
#1425,#1426,#1427,#1428,#1429,#1430,#1431));
#168=EDGE_LOOP('',(#1432,#1433,#1434,#1435,#1436,#1437,#1438,#1439,#1440,
#1441,#1442,#1443,#1444,#1445,#1446,#1447));
#169=EDGE_LOOP('',(#1448,#1449,#1450,#1451));
#170=EDGE_LOOP('',(#1452,#1453,#1454,#1455));
#171=EDGE_LOOP('',(#1456,#1457,#1458,#1459));
#172=EDGE_LOOP('',(#1460,#1461,#1462,#1463));
#173=EDGE_LOOP('',(#1464,#1465,#1466,#1467));
#174=EDGE_LOOP('',(#1468,#1469,#1470,#1471));
#175=EDGE_LOOP('',(#1472,#1473,#1474,#1475));
#176=EDGE_LOOP('',(#1476,#1477,#1478,#1479));
#177=EDGE_LOOP('',(#1480,#1481,#1482,#1483));
#178=EDGE_LOOP('',(#1484,#1485,#1486,#1487));
#179=EDGE_LOOP('',(#1488,#1489,#1490,#1491));
#180=EDGE_LOOP('',(#1492,#1493,#1494,#1495));
#181=EDGE_LOOP('',(#1496,#1497,#1498,#1499));
#182=EDGE_LOOP('',(#1500,#1501,#1502,#1503));
#183=EDGE_LOOP('',(#1504,#1505,#1506,#1507));
#184=EDGE_LOOP('',(#1508,#1509,#1510,#1511));
#185=EDGE_LOOP('',(#1512,#1513,#1514,#1515));
#186=EDGE_LOOP('',(#1516,#1517,#1518,#1519));
#187=EDGE_LOOP('',(#1520,#1521,#1522,#1523));
#188=EDGE_LOOP('',(#1524,#1525,#1526,#1527));
#189=EDGE_LOOP('',(#1528,#1529,#1530,#1531));
#190=EDGE_LOOP('',(#1532,#1533,#1534,#1535));
#191=EDGE_LOOP('',(#1536,#1537,#1538,#1539));
#192=EDGE_LOOP('',(#1540,#1541,#1542,#1543));
#193=EDGE_LOOP('',(#1544,#1545,#1546,#1547));
#194=EDGE_LOOP('',(#1548,#1549,#1550,#1551));
#195=EDGE_LOOP('',(#1552,#1553,#1554,#1555));
#196=EDGE_LOOP('',(#1556,#1557,#1558,#1559));
#197=EDGE_LOOP('',(#1560,#1561,#1562,#1563));
#198=EDGE_LOOP('',(#1564,#1565,#1566,#1567));
#199=EDGE_LOOP('',(#1568,#1569,#1570,#1571));
#200=EDGE_LOOP('',(#1572,#1573,#1574,#1575));
#201=EDGE_LOOP('',(#1576,#1577,#1578,#1579));
#202=EDGE_LOOP('',(#1580,#1581,#1582,#1583,#1584,#1585,#1586,#1587,#1588,
#1589,#1590,#1591));
#203=EDGE_LOOP('',(#1592,#1593,#1594,#1595,#1596,#1597,#1598,#1599,#1600,
#1601,#1602,#1603));
#204=EDGE_LOOP('',(#1604,#1605,#1606,#1607,#1608,#1609,#1610,#1611,#1612,
#1613,#1614,#1615));
#205=EDGE_LOOP('',(#1616));
#206=EDGE_LOOP('',(#1617));
#207=EDGE_LOOP('',(#1618));
#208=LINE('',#2339,#453);
#209=LINE('',#2341,#454);
#210=LINE('',#2343,#455);
#211=LINE('',#2344,#456);
#212=LINE('',#2347,#457);
#213=LINE('',#2349,#458);
#214=LINE('',#2350,#459);
#215=LINE('',#2353,#460);
#216=LINE('',#2354,#461);
#217=LINE('',#2357,#462);
#218=LINE('',#2358,#463);
#219=LINE('',#2361,#464);
#220=LINE('',#2363,#465);
#221=LINE('',#2365,#466);
#222=LINE('',#2367,#467);
#223=LINE('',#2369,#468);
#224=LINE('',#2371,#469);
#225=LINE('',#2373,#470);
#226=LINE('',#2375,#471);
#227=LINE('',#2377,#472);
#228=LINE('',#2379,#473);
#229=LINE('',#2381,#474);
#230=LINE('',#2383,#475);
#231=LINE('',#2384,#476);
#232=LINE('',#2387,#477);
#233=LINE('',#2389,#478);
#234=LINE('',#2391,#479);
#235=LINE('',#2393,#480);
#236=LINE('',#2395,#481);
#237=LINE('',#2397,#482);
#238=LINE('',#2399,#483);
#239=LINE('',#2401,#484);
#240=LINE('',#2403,#485);
#241=LINE('',#2405,#486);
#242=LINE('',#2406,#487);
#243=LINE('',#2408,#488);
#244=LINE('',#2410,#489);
#245=LINE('',#2412,#490);
#246=LINE('',#2414,#491);
#247=LINE('',#2416,#492);
#248=LINE('',#2418,#493);
#249=LINE('',#2420,#494);
#250=LINE('',#2422,#495);
#251=LINE('',#2424,#496);
#252=LINE('',#2426,#497);
#253=LINE('',#2427,#498);
#254=LINE('',#2429,#499);
#255=LINE('',#2431,#500);
#256=LINE('',#2433,#501);
#257=LINE('',#2435,#502);
#258=LINE('',#2437,#503);
#259=LINE('',#2439,#504);
#260=LINE('',#2441,#505);
#261=LINE('',#2443,#506);
#262=LINE('',#2445,#507);
#263=LINE('',#2447,#508);
#264=LINE('',#2448,#509);
#265=LINE('',#2451,#510);
#266=LINE('',#2452,#511);
#267=LINE('',#2455,#512);
#268=LINE('',#2456,#513);
#269=LINE('',#2459,#514);
#270=LINE('',#2460,#515);
#271=LINE('',#2463,#516);
#272=LINE('',#2464,#517);
#273=LINE('',#2467,#518);
#274=LINE('',#2468,#519);
#275=LINE('',#2471,#520);
#276=LINE('',#2472,#521);
#277=LINE('',#2475,#522);
#278=LINE('',#2476,#523);
#279=LINE('',#2479,#524);
#280=LINE('',#2480,#525);
#281=LINE('',#2483,#526);
#282=LINE('',#2484,#527);
#283=LINE('',#2487,#528);
#284=LINE('',#2488,#529);
#285=LINE('',#2490,#530);
#286=LINE('',#2493,#531);
#287=LINE('',#2494,#532);
#288=LINE('',#2497,#533);
#289=LINE('',#2498,#534);
#290=LINE('',#2501,#535);
#291=LINE('',#2502,#536);
#292=LINE('',#2505,#537);
#293=LINE('',#2506,#538);
#294=LINE('',#2509,#539);
#295=LINE('',#2510,#540);
#296=LINE('',#2513,#541);
#297=LINE('',#2514,#542);
#298=LINE('',#2517,#543);
#299=LINE('',#2518,#544);
#300=LINE('',#2521,#545);
#301=LINE('',#2522,#546);
#302=LINE('',#2525,#547);
#303=LINE('',#2526,#548);
#304=LINE('',#2529,#549);
#305=LINE('',#2530,#550);
#306=LINE('',#2532,#551);
#307=LINE('',#2535,#552);
#308=LINE('',#2536,#553);
#309=LINE('',#2539,#554);
#310=LINE('',#2540,#555);
#311=LINE('',#2543,#556);
#312=LINE('',#2544,#557);
#313=LINE('',#2547,#558);
#314=LINE('',#2548,#559);
#315=LINE('',#2551,#560);
#316=LINE('',#2552,#561);
#317=LINE('',#2555,#562);
#318=LINE('',#2556,#563);
#319=LINE('',#2559,#564);
#320=LINE('',#2560,#565);
#321=LINE('',#2563,#566);
#322=LINE('',#2564,#567);
#323=LINE('',#2567,#568);
#324=LINE('',#2568,#569);
#325=LINE('',#2571,#570);
#326=LINE('',#2572,#571);
#327=LINE('',#2574,#572);
#328=LINE('',#2583,#573);
#329=LINE('',#2586,#574);
#330=LINE('',#2589,#575);
#331=LINE('',#2591,#576);
#332=LINE('',#2593,#577);
#333=LINE('',#2596,#578);
#334=LINE('',#2599,#579);
#335=LINE('',#2601,#580);
#336=LINE('',#2602,#581);
#337=LINE('',#2605,#582);
#338=LINE('',#2606,#583);
#339=LINE('',#2611,#584);
#340=LINE('',#2615,#585);
#341=LINE('',#2616,#586);
#342=LINE('',#2619,#587);
#343=LINE('',#2620,#588);
#344=LINE('',#2623,#589);
#345=LINE('',#2625,#590);
#346=LINE('',#2627,#591);
#347=LINE('',#2629,#592);
#348=LINE('',#2631,#593);
#349=LINE('',#2633,#594);
#350=LINE('',#2635,#595);
#351=LINE('',#2637,#596);
#352=LINE('',#2639,#597);
#353=LINE('',#2641,#598);
#354=LINE('',#2643,#599);
#355=LINE('',#2645,#600);
#356=LINE('',#2647,#601);
#357=LINE('',#2649,#602);
#358=LINE('',#2651,#603);
#359=LINE('',#2653,#604);
#360=LINE('',#2655,#605);
#361=LINE('',#2657,#606);
#362=LINE('',#2659,#607);
#363=LINE('',#2661,#608);
#364=LINE('',#2663,#609);
#365=LINE('',#2665,#610);
#366=LINE('',#2667,#611);
#367=LINE('',#2669,#612);
#368=LINE('',#2671,#613);
#369=LINE('',#2673,#614);
#370=LINE('',#2675,#615);
#371=LINE('',#2677,#616);
#372=LINE('',#2679,#617);
#373=LINE('',#2681,#618);
#374=LINE('',#2683,#619);
#375=LINE('',#2685,#620);
#376=LINE('',#2687,#621);
#377=LINE('',#2689,#622);
#378=LINE('',#2691,#623);
#379=LINE('',#2693,#624);
#380=LINE('',#2694,#625);
#381=LINE('',#2697,#626);
#382=LINE('',#2699,#627);
#383=LINE('',#2700,#628);
#384=LINE('',#2702,#629);
#385=LINE('',#2704,#630);
#386=LINE('',#2705,#631);
#387=LINE('',#2707,#632);
#388=LINE('',#2709,#633);
#389=LINE('',#2710,#634);
#390=LINE('',#2713,#635);
#391=LINE('',#2714,#636);
#392=LINE('',#2717,#637);
#393=LINE('',#2718,#638);
#394=LINE('',#2721,#639);
#395=LINE('',#2722,#640);
#396=LINE('',#2725,#641);
#397=LINE('',#2726,#642);
#398=LINE('',#2729,#643);
#399=LINE('',#2730,#644);
#400=LINE('',#2733,#645);
#401=LINE('',#2734,#646);
#402=LINE('',#2737,#647);
#403=LINE('',#2738,#648);
#404=LINE('',#2741,#649);
#405=LINE('',#2742,#650);
#406=LINE('',#2745,#651);
#407=LINE('',#2746,#652);
#408=LINE('',#2749,#653);
#409=LINE('',#2750,#654);
#410=LINE('',#2752,#655);
#411=LINE('',#2755,#656);
#412=LINE('',#2756,#657);
#413=LINE('',#2759,#658);
#414=LINE('',#2760,#659);
#415=LINE('',#2763,#660);
#416=LINE('',#2764,#661);
#417=LINE('',#2767,#662);
#418=LINE('',#2768,#663);
#419=LINE('',#2771,#664);
#420=LINE('',#2772,#665);
#421=LINE('',#2775,#666);
#422=LINE('',#2776,#667);
#423=LINE('',#2779,#668);
#424=LINE('',#2780,#669);
#425=LINE('',#2783,#670);
#426=LINE('',#2784,#671);
#427=LINE('',#2787,#672);
#428=LINE('',#2788,#673);
#429=LINE('',#2791,#674);
#430=LINE('',#2792,#675);
#431=LINE('',#2794,#676);
#432=LINE('',#2797,#677);
#433=LINE('',#2798,#678);
#434=LINE('',#2801,#679);
#435=LINE('',#2802,#680);
#436=LINE('',#2805,#681);
#437=LINE('',#2806,#682);
#438=LINE('',#2809,#683);
#439=LINE('',#2810,#684);
#440=LINE('',#2813,#685);
#441=LINE('',#2814,#686);
#442=LINE('',#2817,#687);
#443=LINE('',#2818,#688);
#444=LINE('',#2821,#689);
#445=LINE('',#2822,#690);
#446=LINE('',#2825,#691);
#447=LINE('',#2826,#692);
#448=LINE('',#2829,#693);
#449=LINE('',#2830,#694);
#450=LINE('',#2833,#695);
#451=LINE('',#2834,#696);
#452=LINE('',#2836,#697);
#453=VECTOR('',#1902,0.393700787401575);
#454=VECTOR('',#1903,0.393700787401575);
#455=VECTOR('',#1904,0.393700787401575);
#456=VECTOR('',#1905,0.393700787401575);
#457=VECTOR('',#1908,0.393700787401575);
#458=VECTOR('',#1909,0.393700787401575);
#459=VECTOR('',#1910,0.393700787401575);
#460=VECTOR('',#1913,0.393700787401575);
#461=VECTOR('',#1914,0.393700787401575);
#462=VECTOR('',#1917,0.393700787401575);
#463=VECTOR('',#1918,0.393700787401575);
#464=VECTOR('',#1921,0.393700787401575);
#465=VECTOR('',#1922,0.393700787401575);
#466=VECTOR('',#1923,0.393700787401575);
#467=VECTOR('',#1924,0.393700787401575);
#468=VECTOR('',#1925,0.393700787401575);
#469=VECTOR('',#1926,0.393700787401575);
#470=VECTOR('',#1927,0.393700787401575);
#471=VECTOR('',#1928,0.393700787401575);
#472=VECTOR('',#1929,0.393700787401575);
#473=VECTOR('',#1930,0.393700787401575);
#474=VECTOR('',#1931,0.393700787401575);
#475=VECTOR('',#1932,0.393700787401575);
#476=VECTOR('',#1933,0.393700787401575);
#477=VECTOR('',#1936,0.393700787401575);
#478=VECTOR('',#1937,0.393700787401575);
#479=VECTOR('',#1938,0.393700787401575);
#480=VECTOR('',#1939,0.393700787401575);
#481=VECTOR('',#1940,0.393700787401575);
#482=VECTOR('',#1941,0.393700787401575);
#483=VECTOR('',#1942,0.393700787401575);
#484=VECTOR('',#1943,0.393700787401575);
#485=VECTOR('',#1944,0.393700787401575);
#486=VECTOR('',#1945,0.393700787401575);
#487=VECTOR('',#1946,0.393700787401575);
#488=VECTOR('',#1947,0.393700787401575);
#489=VECTOR('',#1948,0.393700787401575);
#490=VECTOR('',#1949,0.393700787401575);
#491=VECTOR('',#1950,0.393700787401575);
#492=VECTOR('',#1951,0.393700787401575);
#493=VECTOR('',#1952,0.393700787401575);
#494=VECTOR('',#1953,0.393700787401575);
#495=VECTOR('',#1954,0.393700787401575);
#496=VECTOR('',#1955,0.393700787401575);
#497=VECTOR('',#1956,0.393700787401575);
#498=VECTOR('',#1957,0.393700787401575);
#499=VECTOR('',#1958,0.393700787401575);
#500=VECTOR('',#1959,0.393700787401575);
#501=VECTOR('',#1960,0.393700787401575);
#502=VECTOR('',#1961,0.393700787401575);
#503=VECTOR('',#1962,0.393700787401575);
#504=VECTOR('',#1963,0.393700787401575);
#505=VECTOR('',#1964,0.393700787401575);
#506=VECTOR('',#1965,0.393700787401575);
#507=VECTOR('',#1966,0.393700787401575);
#508=VECTOR('',#1967,0.393700787401575);
#509=VECTOR('',#1968,0.393700787401575);
#510=VECTOR('',#1971,0.393700787401575);
#511=VECTOR('',#1972,0.393700787401575);
#512=VECTOR('',#1975,0.393700787401575);
#513=VECTOR('',#1976,0.393700787401575);
#514=VECTOR('',#1979,0.393700787401575);
#515=VECTOR('',#1980,0.393700787401575);
#516=VECTOR('',#1983,0.393700787401575);
#517=VECTOR('',#1984,0.393700787401575);
#518=VECTOR('',#1987,0.393700787401575);
#519=VECTOR('',#1988,0.393700787401575);
#520=VECTOR('',#1991,0.393700787401575);
#521=VECTOR('',#1992,0.393700787401575);
#522=VECTOR('',#1995,0.393700787401575);
#523=VECTOR('',#1996,0.393700787401575);
#524=VECTOR('',#1999,0.393700787401575);
#525=VECTOR('',#2000,0.393700787401575);
#526=VECTOR('',#2003,0.393700787401575);
#527=VECTOR('',#2004,0.393700787401575);
#528=VECTOR('',#2007,0.393700787401575);
#529=VECTOR('',#2008,0.393700787401575);
#530=VECTOR('',#2011,0.393700787401575);
#531=VECTOR('',#2014,0.393700787401575);
#532=VECTOR('',#2015,0.393700787401575);
#533=VECTOR('',#2018,0.393700787401575);
#534=VECTOR('',#2019,0.393700787401575);
#535=VECTOR('',#2022,0.393700787401575);
#536=VECTOR('',#2023,0.393700787401575);
#537=VECTOR('',#2026,0.393700787401575);
#538=VECTOR('',#2027,0.393700787401575);
#539=VECTOR('',#2030,0.393700787401575);
#540=VECTOR('',#2031,0.393700787401575);
#541=VECTOR('',#2034,0.393700787401575);
#542=VECTOR('',#2035,0.393700787401575);
#543=VECTOR('',#2038,0.393700787401575);
#544=VECTOR('',#2039,0.393700787401575);
#545=VECTOR('',#2042,0.393700787401575);
#546=VECTOR('',#2043,0.393700787401575);
#547=VECTOR('',#2046,0.393700787401575);
#548=VECTOR('',#2047,0.393700787401575);
#549=VECTOR('',#2050,0.393700787401575);
#550=VECTOR('',#2051,0.393700787401575);
#551=VECTOR('',#2054,0.393700787401575);
#552=VECTOR('',#2057,0.393700787401575);
#553=VECTOR('',#2058,0.393700787401575);
#554=VECTOR('',#2061,0.393700787401575);
#555=VECTOR('',#2062,0.393700787401575);
#556=VECTOR('',#2065,0.393700787401575);
#557=VECTOR('',#2066,0.393700787401575);
#558=VECTOR('',#2069,0.393700787401575);
#559=VECTOR('',#2070,0.393700787401575);
#560=VECTOR('',#2073,0.393700787401575);
#561=VECTOR('',#2074,0.393700787401575);
#562=VECTOR('',#2077,0.393700787401575);
#563=VECTOR('',#2078,0.393700787401575);
#564=VECTOR('',#2081,0.393700787401575);
#565=VECTOR('',#2082,0.393700787401575);
#566=VECTOR('',#2085,0.393700787401575);
#567=VECTOR('',#2086,0.393700787401575);
#568=VECTOR('',#2089,0.393700787401575);
#569=VECTOR('',#2090,0.393700787401575);
#570=VECTOR('',#2093,0.393700787401575);
#571=VECTOR('',#2094,0.393700787401575);
#572=VECTOR('',#2097,0.393700787401575);
#573=VECTOR('',#2108,0.393700787401575);
#574=VECTOR('',#2111,0.393700787401575);
#575=VECTOR('',#2114,0.393700787401575);
#576=VECTOR('',#2115,0.393700787401575);
#577=VECTOR('',#2116,0.393700787401575);
#578=VECTOR('',#2119,0.393700787401575);
#579=VECTOR('',#2122,0.393700787401575);
#580=VECTOR('',#2123,0.393700787401575);
#581=VECTOR('',#2124,0.393700787401575);
#582=VECTOR('',#2127,0.393700787401575);
#583=VECTOR('',#2128,0.393700787401575);
#584=VECTOR('',#2133,0.393700787401575);
#585=VECTOR('',#2138,0.393700787401575);
#586=VECTOR('',#2139,0.393700787401575);
#587=VECTOR('',#2142,0.393700787401575);
#588=VECTOR('',#2143,0.393700787401575);
#589=VECTOR('',#2146,0.393700787401575);
#590=VECTOR('',#2147,0.393700787401575);
#591=VECTOR('',#2148,0.393700787401575);
#592=VECTOR('',#2149,0.393700787401575);
#593=VECTOR('',#2150,0.393700787401575);
#594=VECTOR('',#2151,0.393700787401575);
#595=VECTOR('',#2152,0.393700787401575);
#596=VECTOR('',#2153,0.393700787401575);
#597=VECTOR('',#2154,0.393700787401575);
#598=VECTOR('',#2155,0.393700787401575);
#599=VECTOR('',#2156,0.393700787401575);
#600=VECTOR('',#2157,0.393700787401575);
#601=VECTOR('',#2158,0.393700787401575);
#602=VECTOR('',#2159,0.393700787401575);
#603=VECTOR('',#2160,0.393700787401575);
#604=VECTOR('',#2161,0.393700787401575);
#605=VECTOR('',#2162,0.393700787401575);
#606=VECTOR('',#2163,0.393700787401575);
#607=VECTOR('',#2164,0.393700787401575);
#608=VECTOR('',#2165,0.393700787401575);
#609=VECTOR('',#2166,0.393700787401575);
#610=VECTOR('',#2167,0.393700787401575);
#611=VECTOR('',#2168,0.393700787401575);
#612=VECTOR('',#2169,0.393700787401575);
#613=VECTOR('',#2170,0.393700787401575);
#614=VECTOR('',#2171,0.393700787401575);
#615=VECTOR('',#2172,0.393700787401575);
#616=VECTOR('',#2173,0.393700787401575);
#617=VECTOR('',#2174,0.393700787401575);
#618=VECTOR('',#2175,0.393700787401575);
#619=VECTOR('',#2176,0.393700787401575);
#620=VECTOR('',#2177,0.393700787401575);
#621=VECTOR('',#2178,0.393700787401575);
#622=VECTOR('',#2179,0.393700787401575);
#623=VECTOR('',#2180,0.393700787401575);
#624=VECTOR('',#2181,0.393700787401575);
#625=VECTOR('',#2182,0.393700787401575);
#626=VECTOR('',#2185,0.393700787401575);
#627=VECTOR('',#2186,0.393700787401575);
#628=VECTOR('',#2187,0.393700787401575);
#629=VECTOR('',#2188,0.393700787401575);
#630=VECTOR('',#2189,0.393700787401575);
#631=VECTOR('',#2190,0.393700787401575);
#632=VECTOR('',#2191,0.393700787401575);
#633=VECTOR('',#2192,0.393700787401575);
#634=VECTOR('',#2193,0.393700787401575);
#635=VECTOR('',#2196,0.393700787401575);
#636=VECTOR('',#2197,0.393700787401575);
#637=VECTOR('',#2200,0.393700787401575);
#638=VECTOR('',#2201,0.393700787401575);
#639=VECTOR('',#2204,0.393700787401575);
#640=VECTOR('',#2205,0.393700787401575);
#641=VECTOR('',#2208,0.393700787401575);
#642=VECTOR('',#2209,0.393700787401575);
#643=VECTOR('',#2212,0.393700787401575);
#644=VECTOR('',#2213,0.393700787401575);
#645=VECTOR('',#2216,0.393700787401575);
#646=VECTOR('',#2217,0.393700787401575);
#647=VECTOR('',#2220,0.393700787401575);
#648=VECTOR('',#2221,0.393700787401575);
#649=VECTOR('',#2224,0.393700787401575);
#650=VECTOR('',#2225,0.393700787401575);
#651=VECTOR('',#2228,0.393700787401575);
#652=VECTOR('',#2229,0.393700787401575);
#653=VECTOR('',#2232,0.393700787401575);
#654=VECTOR('',#2233,0.393700787401575);
#655=VECTOR('',#2236,0.393700787401575);
#656=VECTOR('',#2239,0.393700787401575);
#657=VECTOR('',#2240,0.393700787401575);
#658=VECTOR('',#2243,0.393700787401575);
#659=VECTOR('',#2244,0.393700787401575);
#660=VECTOR('',#2247,0.393700787401575);
#661=VECTOR('',#2248,0.393700787401575);
#662=VECTOR('',#2251,0.393700787401575);
#663=VECTOR('',#2252,0.393700787401575);
#664=VECTOR('',#2255,0.393700787401575);
#665=VECTOR('',#2256,0.393700787401575);
#666=VECTOR('',#2259,0.393700787401575);
#667=VECTOR('',#2260,0.393700787401575);
#668=VECTOR('',#2263,0.393700787401575);
#669=VECTOR('',#2264,0.393700787401575);
#670=VECTOR('',#2267,0.393700787401575);
#671=VECTOR('',#2268,0.393700787401575);
#672=VECTOR('',#2271,0.393700787401575);
#673=VECTOR('',#2272,0.393700787401575);
#674=VECTOR('',#2275,0.393700787401575);
#675=VECTOR('',#2276,0.393700787401575);
#676=VECTOR('',#2279,0.393700787401575);
#677=VECTOR('',#2282,0.393700787401575);
#678=VECTOR('',#2283,0.393700787401575);
#679=VECTOR('',#2286,0.393700787401575);
#680=VECTOR('',#2287,0.393700787401575);
#681=VECTOR('',#2290,0.393700787401575);
#682=VECTOR('',#2291,0.393700787401575);
#683=VECTOR('',#2294,0.393700787401575);
#684=VECTOR('',#2295,0.393700787401575);
#685=VECTOR('',#2298,0.393700787401575);
#686=VECTOR('',#2299,0.393700787401575);
#687=VECTOR('',#2302,0.393700787401575);
#688=VECTOR('',#2303,0.393700787401575);
#689=VECTOR('',#2306,0.393700787401575);
#690=VECTOR('',#2307,0.393700787401575);
#691=VECTOR('',#2310,0.393700787401575);
#692=VECTOR('',#2311,0.393700787401575);
#693=VECTOR('',#2314,0.393700787401575);
#694=VECTOR('',#2315,0.393700787401575);
#695=VECTOR('',#2318,0.393700787401575);
#696=VECTOR('',#2319,0.393700787401575);
#697=VECTOR('',#2322,0.393700787401575);
#698=VERTEX_POINT('',#2337);
#699=VERTEX_POINT('',#2338);
#700=VERTEX_POINT('',#2340);
#701=VERTEX_POINT('',#2342);
#702=VERTEX_POINT('',#2346);
#703=VERTEX_POINT('',#2348);
#704=VERTEX_POINT('',#2352);
#705=VERTEX_POINT('',#2356);
#706=VERTEX_POINT('',#2360);
#707=VERTEX_POINT('',#2362);
#708=VERTEX_POINT('',#2364);
#709=VERTEX_POINT('',#2366);
#710=VERTEX_POINT('',#2368);
#711=VERTEX_POINT('',#2370);
#712=VERTEX_POINT('',#2372);
#713=VERTEX_POINT('',#2374);
#714=VERTEX_POINT('',#2376);
#715=VERTEX_POINT('',#2378);
#716=VERTEX_POINT('',#2380);
#717=VERTEX_POINT('',#2382);
#718=VERTEX_POINT('',#2386);
#719=VERTEX_POINT('',#2388);
#720=VERTEX_POINT('',#2390);
#721=VERTEX_POINT('',#2392);
#722=VERTEX_POINT('',#2394);
#723=VERTEX_POINT('',#2396);
#724=VERTEX_POINT('',#2398);
#725=VERTEX_POINT('',#2400);
#726=VERTEX_POINT('',#2402);
#727=VERTEX_POINT('',#2404);
#728=VERTEX_POINT('',#2407);
#729=VERTEX_POINT('',#2409);
#730=VERTEX_POINT('',#2411);
#731=VERTEX_POINT('',#2413);
#732=VERTEX_POINT('',#2415);
#733=VERTEX_POINT('',#2417);
#734=VERTEX_POINT('',#2419);
#735=VERTEX_POINT('',#2421);
#736=VERTEX_POINT('',#2423);
#737=VERTEX_POINT('',#2425);
#738=VERTEX_POINT('',#2428);
#739=VERTEX_POINT('',#2430);
#740=VERTEX_POINT('',#2432);
#741=VERTEX_POINT('',#2434);
#742=VERTEX_POINT('',#2436);
#743=VERTEX_POINT('',#2438);
#744=VERTEX_POINT('',#2440);
#745=VERTEX_POINT('',#2442);
#746=VERTEX_POINT('',#2444);
#747=VERTEX_POINT('',#2446);
#748=VERTEX_POINT('',#2450);
#749=VERTEX_POINT('',#2454);
#750=VERTEX_POINT('',#2458);
#751=VERTEX_POINT('',#2462);
#752=VERTEX_POINT('',#2466);
#753=VERTEX_POINT('',#2470);
#754=VERTEX_POINT('',#2474);
#755=VERTEX_POINT('',#2478);
#756=VERTEX_POINT('',#2482);
#757=VERTEX_POINT('',#2486);
#758=VERTEX_POINT('',#2492);
#759=VERTEX_POINT('',#2496);
#760=VERTEX_POINT('',#2500);
#761=VERTEX_POINT('',#2504);
#762=VERTEX_POINT('',#2508);
#763=VERTEX_POINT('',#2512);
#764=VERTEX_POINT('',#2516);
#765=VERTEX_POINT('',#2520);
#766=VERTEX_POINT('',#2524);
#767=VERTEX_POINT('',#2528);
#768=VERTEX_POINT('',#2534);
#769=VERTEX_POINT('',#2538);
#770=VERTEX_POINT('',#2542);
#771=VERTEX_POINT('',#2546);
#772=VERTEX_POINT('',#2550);
#773=VERTEX_POINT('',#2554);
#774=VERTEX_POINT('',#2558);
#775=VERTEX_POINT('',#2562);
#776=VERTEX_POINT('',#2566);
#777=VERTEX_POINT('',#2570);
#778=VERTEX_POINT('',#2579);
#779=VERTEX_POINT('',#2580);
#780=VERTEX_POINT('',#2582);
#781=VERTEX_POINT('',#2584);
#782=VERTEX_POINT('',#2588);
#783=VERTEX_POINT('',#2590);
#784=VERTEX_POINT('',#2592);
#785=VERTEX_POINT('',#2594);
#786=VERTEX_POINT('',#2598);
#787=VERTEX_POINT('',#2600);
#788=VERTEX_POINT('',#2604);
#789=VERTEX_POINT('',#2607);
#790=VERTEX_POINT('',#2610);
#791=VERTEX_POINT('',#2614);
#792=VERTEX_POINT('',#2618);
#793=VERTEX_POINT('',#2622);
#794=VERTEX_POINT('',#2624);
#795=VERTEX_POINT('',#2626);
#796=VERTEX_POINT('',#2628);
#797=VERTEX_POINT('',#2630);
#798=VERTEX_POINT('',#2632);
#799=VERTEX_POINT('',#2634);
#800=VERTEX_POINT('',#2636);
#801=VERTEX_POINT('',#2638);
#802=VERTEX_POINT('',#2640);
#803=VERTEX_POINT('',#2642);
#804=VERTEX_POINT('',#2644);
#805=VERTEX_POINT('',#2646);
#806=VERTEX_POINT('',#2648);
#807=VERTEX_POINT('',#2650);
#808=VERTEX_POINT('',#2652);
#809=VERTEX_POINT('',#2654);
#810=VERTEX_POINT('',#2656);
#811=VERTEX_POINT('',#2658);
#812=VERTEX_POINT('',#2660);
#813=VERTEX_POINT('',#2662);
#814=VERTEX_POINT('',#2664);
#815=VERTEX_POINT('',#2666);
#816=VERTEX_POINT('',#2668);
#817=VERTEX_POINT('',#2670);
#818=VERTEX_POINT('',#2672);
#819=VERTEX_POINT('',#2674);
#820=VERTEX_POINT('',#2676);
#821=VERTEX_POINT('',#2678);
#822=VERTEX_POINT('',#2680);
#823=VERTEX_POINT('',#2682);
#824=VERTEX_POINT('',#2684);
#825=VERTEX_POINT('',#2686);
#826=VERTEX_POINT('',#2688);
#827=VERTEX_POINT('',#2690);
#828=VERTEX_POINT('',#2692);
#829=VERTEX_POINT('',#2696);
#830=VERTEX_POINT('',#2698);
#831=VERTEX_POINT('',#2701);
#832=VERTEX_POINT('',#2703);
#833=VERTEX_POINT('',#2706);
#834=VERTEX_POINT('',#2708);
#835=VERTEX_POINT('',#2712);
#836=VERTEX_POINT('',#2716);
#837=VERTEX_POINT('',#2720);
#838=VERTEX_POINT('',#2724);
#839=VERTEX_POINT('',#2728);
#840=VERTEX_POINT('',#2732);
#841=VERTEX_POINT('',#2736);
#842=VERTEX_POINT('',#2740);
#843=VERTEX_POINT('',#2744);
#844=VERTEX_POINT('',#2748);
#845=VERTEX_POINT('',#2754);
#846=VERTEX_POINT('',#2758);
#847=VERTEX_POINT('',#2762);
#848=VERTEX_POINT('',#2766);
#849=VERTEX_POINT('',#2770);
#850=VERTEX_POINT('',#2774);
#851=VERTEX_POINT('',#2778);
#852=VERTEX_POINT('',#2782);
#853=VERTEX_POINT('',#2786);
#854=VERTEX_POINT('',#2790);
#855=VERTEX_POINT('',#2796);
#856=VERTEX_POINT('',#2800);
#857=VERTEX_POINT('',#2804);
#858=VERTEX_POINT('',#2808);
#859=VERTEX_POINT('',#2812);
#860=VERTEX_POINT('',#2816);
#861=VERTEX_POINT('',#2820);
#862=VERTEX_POINT('',#2824);
#863=VERTEX_POINT('',#2828);
#864=VERTEX_POINT('',#2832);
#865=VERTEX_POINT('',#2841);
#866=EDGE_CURVE('',#698,#699,#208,.F.);
#867=EDGE_CURVE('',#700,#698,#209,.T.);
#868=EDGE_CURVE('',#701,#700,#210,.F.);
#869=EDGE_CURVE('',#699,#701,#211,.T.);
#870=EDGE_CURVE('',#702,#700,#212,.F.);
#871=EDGE_CURVE('',#702,#703,#213,.F.);
#872=EDGE_CURVE('',#703,#701,#214,.T.);
#873=EDGE_CURVE('',#698,#704,#215,.F.);
#874=EDGE_CURVE('',#704,#702,#216,.T.);
#875=EDGE_CURVE('',#705,#704,#217,.F.);
#876=EDGE_CURVE('',#703,#705,#218,.T.);
#877=EDGE_CURVE('',#706,#699,#219,.F.);
#878=EDGE_CURVE('',#707,#706,#220,.T.);
#879=EDGE_CURVE('',#708,#707,#221,.T.);
#880=EDGE_CURVE('',#709,#708,#222,.T.);
#881=EDGE_CURVE('',#710,#709,#223,.F.);
#882=EDGE_CURVE('',#711,#710,#224,.T.);
#883=EDGE_CURVE('',#712,#711,#225,.T.);
#884=EDGE_CURVE('',#713,#712,#226,.T.);
#885=EDGE_CURVE('',#714,#713,#227,.F.);
#886=EDGE_CURVE('',#715,#714,#228,.T.);
#887=EDGE_CURVE('',#716,#715,#229,.T.);
#888=EDGE_CURVE('',#717,#716,#230,.T.);
#889=EDGE_CURVE('',#705,#717,#231,.F.);
#890=EDGE_CURVE('',#709,#718,#232,.T.);
#891=EDGE_CURVE('',#718,#719,#233,.T.);
#892=EDGE_CURVE('',#719,#720,#234,.T.);
#893=EDGE_CURVE('',#720,#721,#235,.T.);
#894=EDGE_CURVE('',#721,#722,#236,.T.);
#895=EDGE_CURVE('',#722,#723,#237,.T.);
#896=EDGE_CURVE('',#723,#724,#238,.T.);
#897=EDGE_CURVE('',#724,#725,#239,.T.);
#898=EDGE_CURVE('',#725,#726,#240,.T.);
#899=EDGE_CURVE('',#726,#727,#241,.T.);
#900=EDGE_CURVE('',#727,#706,#242,.T.);
#901=EDGE_CURVE('',#717,#728,#243,.T.);
#902=EDGE_CURVE('',#728,#729,#244,.T.);
#903=EDGE_CURVE('',#729,#730,#245,.T.);
#904=EDGE_CURVE('',#730,#731,#246,.T.);
#905=EDGE_CURVE('',#731,#732,#247,.T.);
#906=EDGE_CURVE('',#732,#733,#248,.T.);
#907=EDGE_CURVE('',#733,#734,#249,.T.);
#908=EDGE_CURVE('',#734,#735,#250,.T.);
#909=EDGE_CURVE('',#735,#736,#251,.T.);
#910=EDGE_CURVE('',#736,#737,#252,.T.);
#911=EDGE_CURVE('',#737,#714,#253,.T.);
#912=EDGE_CURVE('',#713,#738,#254,.T.);
#913=EDGE_CURVE('',#738,#739,#255,.T.);
#914=EDGE_CURVE('',#739,#740,#256,.T.);
#915=EDGE_CURVE('',#740,#741,#257,.T.);
#916=EDGE_CURVE('',#741,#742,#258,.T.);
#917=EDGE_CURVE('',#742,#743,#259,.T.);
#918=EDGE_CURVE('',#743,#744,#260,.T.);
#919=EDGE_CURVE('',#744,#745,#261,.T.);
#920=EDGE_CURVE('',#745,#746,#262,.T.);
#921=EDGE_CURVE('',#746,#747,#263,.T.);
#922=EDGE_CURVE('',#747,#710,#264,.T.);
#923=EDGE_CURVE('',#748,#716,#265,.T.);
#924=EDGE_CURVE('',#748,#728,#266,.T.);
#925=EDGE_CURVE('',#748,#749,#267,.T.);
#926=EDGE_CURVE('',#729,#749,#268,.T.);
#927=EDGE_CURVE('',#749,#750,#269,.T.);
#928=EDGE_CURVE('',#750,#730,#270,.T.);
#929=EDGE_CURVE('',#751,#750,#271,.T.);
#930=EDGE_CURVE('',#731,#751,#272,.T.);
#931=EDGE_CURVE('',#752,#751,#273,.T.);
#932=EDGE_CURVE('',#732,#752,#274,.T.);
#933=EDGE_CURVE('',#752,#753,#275,.T.);
#934=EDGE_CURVE('',#753,#733,#276,.T.);
#935=EDGE_CURVE('',#754,#753,#277,.T.);
#936=EDGE_CURVE('',#754,#734,#278,.T.);
#937=EDGE_CURVE('',#754,#755,#279,.T.);
#938=EDGE_CURVE('',#735,#755,#280,.T.);
#939=EDGE_CURVE('',#755,#756,#281,.T.);
#940=EDGE_CURVE('',#756,#736,#282,.T.);
#941=EDGE_CURVE('',#757,#756,#283,.T.);
#942=EDGE_CURVE('',#737,#757,#284,.T.);
#943=EDGE_CURVE('',#715,#757,#285,.T.);
#944=EDGE_CURVE('',#758,#712,#286,.T.);
#945=EDGE_CURVE('',#758,#738,#287,.T.);
#946=EDGE_CURVE('',#758,#759,#288,.T.);
#947=EDGE_CURVE('',#739,#759,#289,.T.);
#948=EDGE_CURVE('',#759,#760,#290,.T.);
#949=EDGE_CURVE('',#760,#740,#291,.T.);
#950=EDGE_CURVE('',#761,#760,#292,.T.);
#951=EDGE_CURVE('',#741,#761,#293,.T.);
#952=EDGE_CURVE('',#762,#761,#294,.T.);
#953=EDGE_CURVE('',#742,#762,#295,.T.);
#954=EDGE_CURVE('',#762,#763,#296,.T.);
#955=EDGE_CURVE('',#763,#743,#297,.T.);
#956=EDGE_CURVE('',#764,#763,#298,.T.);
#957=EDGE_CURVE('',#764,#744,#299,.T.);
#958=EDGE_CURVE('',#764,#765,#300,.T.);
#959=EDGE_CURVE('',#745,#765,#301,.T.);
#960=EDGE_CURVE('',#765,#766,#302,.T.);
#961=EDGE_CURVE('',#766,#746,#303,.T.);
#962=EDGE_CURVE('',#767,#766,#304,.T.);
#963=EDGE_CURVE('',#747,#767,#305,.T.);
#964=EDGE_CURVE('',#711,#767,#306,.T.);
#965=EDGE_CURVE('',#768,#708,#307,.T.);
#966=EDGE_CURVE('',#768,#718,#308,.T.);
#967=EDGE_CURVE('',#768,#769,#309,.T.);
#968=EDGE_CURVE('',#719,#769,#310,.T.);
#969=EDGE_CURVE('',#769,#770,#311,.T.);
#970=EDGE_CURVE('',#770,#720,#312,.T.);
#971=EDGE_CURVE('',#771,#770,#313,.T.);
#972=EDGE_CURVE('',#721,#771,#314,.T.);
#973=EDGE_CURVE('',#772,#771,#315,.T.);
#974=EDGE_CURVE('',#722,#772,#316,.T.);
#975=EDGE_CURVE('',#772,#773,#317,.T.);
#976=EDGE_CURVE('',#773,#723,#318,.T.);
#977=EDGE_CURVE('',#774,#773,#319,.T.);
#978=EDGE_CURVE('',#774,#724,#320,.T.);
#979=EDGE_CURVE('',#774,#775,#321,.T.);
#980=EDGE_CURVE('',#725,#775,#322,.T.);
#981=EDGE_CURVE('',#775,#776,#323,.T.);
#982=EDGE_CURVE('',#776,#726,#324,.T.);
#983=EDGE_CURVE('',#777,#776,#325,.T.);
#984=EDGE_CURVE('',#727,#777,#326,.T.);
#985=EDGE_CURVE('',#707,#777,#327,.T.);
#986=EDGE_CURVE('',#778,#779,#17,.T.);
#987=EDGE_CURVE('',#779,#780,#328,.T.);
#988=EDGE_CURVE('',#780,#781,#18,.F.);
#989=EDGE_CURVE('',#781,#778,#329,.T.);
#990=EDGE_CURVE('',#780,#782,#330,.T.);
#991=EDGE_CURVE('',#783,#782,#331,.T.);
#992=EDGE_CURVE('',#784,#783,#332,.F.);
#993=EDGE_CURVE('',#785,#784,#19,.F.);
#994=EDGE_CURVE('',#785,#781,#333,.T.);
#995=EDGE_CURVE('',#779,#786,#334,.T.);
#996=EDGE_CURVE('',#786,#787,#335,.T.);
#997=EDGE_CURVE('',#782,#787,#336,.T.);
#998=EDGE_CURVE('',#788,#785,#337,.T.);
#999=EDGE_CURVE('',#778,#788,#338,.T.);
#1000=EDGE_CURVE('',#789,#789,#15,.T.);
#1001=EDGE_CURVE('',#784,#790,#339,.T.);
#1002=EDGE_CURVE('',#790,#788,#20,.T.);
#1003=EDGE_CURVE('',#791,#790,#340,.T.);
#1004=EDGE_CURVE('',#786,#791,#341,.T.);
#1005=EDGE_CURVE('',#792,#783,#342,.T.);
#1006=EDGE_CURVE('',#791,#792,#343,.F.);
#1007=EDGE_CURVE('',#793,#787,#344,.T.);
#1008=EDGE_CURVE('',#794,#793,#345,.T.);
#1009=EDGE_CURVE('',#795,#794,#346,.T.);
#1010=EDGE_CURVE('',#796,#795,#347,.T.);
#1011=EDGE_CURVE('',#797,#796,#348,.T.);
#1012=EDGE_CURVE('',#798,#797,#349,.T.);
#1013=EDGE_CURVE('',#799,#798,#350,.T.);
#1014=EDGE_CURVE('',#800,#799,#351,.T.);
#1015=EDGE_CURVE('',#801,#800,#352,.T.);
#1016=EDGE_CURVE('',#802,#801,#353,.T.);
#1017=EDGE_CURVE('',#803,#802,#354,.T.);
#1018=EDGE_CURVE('',#804,#803,#355,.T.);
#1019=EDGE_CURVE('',#805,#804,#356,.T.);
#1020=EDGE_CURVE('',#806,#805,#357,.T.);
#1021=EDGE_CURVE('',#807,#806,#358,.T.);
#1022=EDGE_CURVE('',#808,#807,#359,.T.);
#1023=EDGE_CURVE('',#809,#808,#360,.T.);
#1024=EDGE_CURVE('',#810,#809,#361,.T.);
#1025=EDGE_CURVE('',#811,#810,#362,.T.);
#1026=EDGE_CURVE('',#812,#811,#363,.T.);
#1027=EDGE_CURVE('',#813,#812,#364,.T.);
#1028=EDGE_CURVE('',#814,#813,#365,.T.);
#1029=EDGE_CURVE('',#815,#814,#366,.T.);
#1030=EDGE_CURVE('',#816,#815,#367,.T.);
#1031=EDGE_CURVE('',#817,#816,#368,.T.);
#1032=EDGE_CURVE('',#818,#817,#369,.T.);
#1033=EDGE_CURVE('',#819,#818,#370,.T.);
#1034=EDGE_CURVE('',#820,#819,#371,.T.);
#1035=EDGE_CURVE('',#821,#820,#372,.T.);
#1036=EDGE_CURVE('',#822,#821,#373,.T.);
#1037=EDGE_CURVE('',#823,#822,#374,.T.);
#1038=EDGE_CURVE('',#824,#823,#375,.T.);
#1039=EDGE_CURVE('',#825,#824,#376,.T.);
#1040=EDGE_CURVE('',#826,#825,#377,.T.);
#1041=EDGE_CURVE('',#827,#826,#378,.T.);
#1042=EDGE_CURVE('',#828,#827,#379,.T.);
#1043=EDGE_CURVE('',#792,#828,#380,.T.);
#1044=EDGE_CURVE('',#829,#816,#381,.T.);
#1045=EDGE_CURVE('',#830,#829,#382,.T.);
#1046=EDGE_CURVE('',#805,#830,#383,.T.);
#1047=EDGE_CURVE('',#831,#804,#384,.T.);
#1048=EDGE_CURVE('',#832,#831,#385,.T.);
#1049=EDGE_CURVE('',#793,#832,#386,.T.);
#1050=EDGE_CURVE('',#833,#828,#387,.T.);
#1051=EDGE_CURVE('',#834,#833,#388,.T.);
#1052=EDGE_CURVE('',#817,#834,#389,.T.);
#1053=EDGE_CURVE('',#827,#835,#390,.T.);
#1054=EDGE_CURVE('',#835,#833,#391,.T.);
#1055=EDGE_CURVE('',#836,#826,#392,.T.);
#1056=EDGE_CURVE('',#835,#836,#393,.T.);
#1057=EDGE_CURVE('',#825,#837,#394,.T.);
#1058=EDGE_CURVE('',#837,#836,#395,.T.);
#1059=EDGE_CURVE('',#838,#824,#396,.T.);
#1060=EDGE_CURVE('',#838,#837,#397,.T.);
#1061=EDGE_CURVE('',#839,#823,#398,.T.);
#1062=EDGE_CURVE('',#839,#838,#399,.T.);
#1063=EDGE_CURVE('',#822,#840,#400,.T.);
#1064=EDGE_CURVE('',#840,#839,#401,.T.);
#1065=EDGE_CURVE('',#821,#841,#402,.T.);
#1066=EDGE_CURVE('',#841,#840,#403,.T.);
#1067=EDGE_CURVE('',#842,#820,#404,.T.);
#1068=EDGE_CURVE('',#841,#842,#405,.T.);
#1069=EDGE_CURVE('',#819,#843,#406,.T.);
#1070=EDGE_CURVE('',#843,#842,#407,.T.);
#1071=EDGE_CURVE('',#844,#818,#408,.T.);
#1072=EDGE_CURVE('',#844,#843,#409,.T.);
#1073=EDGE_CURVE('',#834,#844,#410,.T.);
#1074=EDGE_CURVE('',#815,#845,#411,.T.);
#1075=EDGE_CURVE('',#845,#829,#412,.T.);
#1076=EDGE_CURVE('',#846,#814,#413,.T.);
#1077=EDGE_CURVE('',#845,#846,#414,.T.);
#1078=EDGE_CURVE('',#813,#847,#415,.T.);
#1079=EDGE_CURVE('',#847,#846,#416,.T.);
#1080=EDGE_CURVE('',#848,#812,#417,.T.);
#1081=EDGE_CURVE('',#848,#847,#418,.T.);
#1082=EDGE_CURVE('',#849,#811,#419,.T.);
#1083=EDGE_CURVE('',#849,#848,#420,.T.);
#1084=EDGE_CURVE('',#810,#850,#421,.T.);
#1085=EDGE_CURVE('',#850,#849,#422,.T.);
#1086=EDGE_CURVE('',#809,#851,#423,.T.);
#1087=EDGE_CURVE('',#851,#850,#424,.T.);
#1088=EDGE_CURVE('',#852,#808,#425,.T.);
#1089=EDGE_CURVE('',#851,#852,#426,.T.);
#1090=EDGE_CURVE('',#807,#853,#427,.T.);
#1091=EDGE_CURVE('',#853,#852,#428,.T.);
#1092=EDGE_CURVE('',#854,#806,#429,.T.);
#1093=EDGE_CURVE('',#854,#853,#430,.T.);
#1094=EDGE_CURVE('',#830,#854,#431,.T.);
#1095=EDGE_CURVE('',#803,#855,#432,.T.);
#1096=EDGE_CURVE('',#855,#831,#433,.T.);
#1097=EDGE_CURVE('',#856,#802,#434,.T.);
#1098=EDGE_CURVE('',#855,#856,#435,.T.);
#1099=EDGE_CURVE('',#801,#857,#436,.T.);
#1100=EDGE_CURVE('',#857,#856,#437,.T.);
#1101=EDGE_CURVE('',#858,#800,#438,.T.);
#1102=EDGE_CURVE('',#858,#857,#439,.T.);
#1103=EDGE_CURVE('',#859,#799,#440,.T.);
#1104=EDGE_CURVE('',#859,#858,#441,.T.);
#1105=EDGE_CURVE('',#798,#860,#442,.T.);
#1106=EDGE_CURVE('',#860,#859,#443,.T.);
#1107=EDGE_CURVE('',#797,#861,#444,.T.);
#1108=EDGE_CURVE('',#861,#860,#445,.T.);
#1109=EDGE_CURVE('',#862,#796,#446,.T.);
#1110=EDGE_CURVE('',#861,#862,#447,.T.);
#1111=EDGE_CURVE('',#795,#863,#448,.T.);
#1112=EDGE_CURVE('',#863,#862,#449,.T.);
#1113=EDGE_CURVE('',#864,#794,#450,.T.);
#1114=EDGE_CURVE('',#864,#863,#451,.T.);
#1115=EDGE_CURVE('',#832,#864,#452,.T.);
#1116=EDGE_CURVE('',#865,#865,#16,.T.);
#1117=ORIENTED_EDGE('',*,*,#866,.F.);
#1118=ORIENTED_EDGE('',*,*,#867,.F.);
#1119=ORIENTED_EDGE('',*,*,#868,.F.);
#1120=ORIENTED_EDGE('',*,*,#869,.F.);
#1121=ORIENTED_EDGE('',*,*,#868,.T.);
#1122=ORIENTED_EDGE('',*,*,#870,.F.);
#1123=ORIENTED_EDGE('',*,*,#871,.T.);
#1124=ORIENTED_EDGE('',*,*,#872,.T.);
#1125=ORIENTED_EDGE('',*,*,#867,.T.);
#1126=ORIENTED_EDGE('',*,*,#873,.T.);
#1127=ORIENTED_EDGE('',*,*,#874,.T.);
#1128=ORIENTED_EDGE('',*,*,#870,.T.);
#1129=ORIENTED_EDGE('',*,*,#871,.F.);
#1130=ORIENTED_EDGE('',*,*,#874,.F.);
#1131=ORIENTED_EDGE('',*,*,#875,.F.);
#1132=ORIENTED_EDGE('',*,*,#876,.F.);
#1133=ORIENTED_EDGE('',*,*,#866,.T.);
#1134=ORIENTED_EDGE('',*,*,#877,.F.);
#1135=ORIENTED_EDGE('',*,*,#878,.F.);
#1136=ORIENTED_EDGE('',*,*,#879,.F.);
#1137=ORIENTED_EDGE('',*,*,#880,.F.);
#1138=ORIENTED_EDGE('',*,*,#881,.F.);
#1139=ORIENTED_EDGE('',*,*,#882,.F.);
#1140=ORIENTED_EDGE('',*,*,#883,.F.);
#1141=ORIENTED_EDGE('',*,*,#884,.F.);
#1142=ORIENTED_EDGE('',*,*,#885,.F.);
#1143=ORIENTED_EDGE('',*,*,#886,.F.);
#1144=ORIENTED_EDGE('',*,*,#887,.F.);
#1145=ORIENTED_EDGE('',*,*,#888,.F.);
#1146=ORIENTED_EDGE('',*,*,#889,.F.);
#1147=ORIENTED_EDGE('',*,*,#875,.T.);
#1148=ORIENTED_EDGE('',*,*,#873,.F.);
#1149=ORIENTED_EDGE('',*,*,#890,.T.);
#1150=ORIENTED_EDGE('',*,*,#891,.T.);
#1151=ORIENTED_EDGE('',*,*,#892,.T.);
#1152=ORIENTED_EDGE('',*,*,#893,.T.);
#1153=ORIENTED_EDGE('',*,*,#894,.T.);
#1154=ORIENTED_EDGE('',*,*,#895,.T.);
#1155=ORIENTED_EDGE('',*,*,#896,.T.);
#1156=ORIENTED_EDGE('',*,*,#897,.T.);
#1157=ORIENTED_EDGE('',*,*,#898,.T.);
#1158=ORIENTED_EDGE('',*,*,#899,.T.);
#1159=ORIENTED_EDGE('',*,*,#900,.T.);
#1160=ORIENTED_EDGE('',*,*,#877,.T.);
#1161=ORIENTED_EDGE('',*,*,#869,.T.);
#1162=ORIENTED_EDGE('',*,*,#872,.F.);
#1163=ORIENTED_EDGE('',*,*,#876,.T.);
#1164=ORIENTED_EDGE('',*,*,#889,.T.);
#1165=ORIENTED_EDGE('',*,*,#901,.T.);
#1166=ORIENTED_EDGE('',*,*,#902,.T.);
#1167=ORIENTED_EDGE('',*,*,#903,.T.);
#1168=ORIENTED_EDGE('',*,*,#904,.T.);
#1169=ORIENTED_EDGE('',*,*,#905,.T.);
#1170=ORIENTED_EDGE('',*,*,#906,.T.);
#1171=ORIENTED_EDGE('',*,*,#907,.T.);
#1172=ORIENTED_EDGE('',*,*,#908,.T.);
#1173=ORIENTED_EDGE('',*,*,#909,.T.);
#1174=ORIENTED_EDGE('',*,*,#910,.T.);
#1175=ORIENTED_EDGE('',*,*,#911,.T.);
#1176=ORIENTED_EDGE('',*,*,#885,.T.);
#1177=ORIENTED_EDGE('',*,*,#912,.T.);
#1178=ORIENTED_EDGE('',*,*,#913,.T.);
#1179=ORIENTED_EDGE('',*,*,#914,.T.);
#1180=ORIENTED_EDGE('',*,*,#915,.T.);
#1181=ORIENTED_EDGE('',*,*,#916,.T.);
#1182=ORIENTED_EDGE('',*,*,#917,.T.);
#1183=ORIENTED_EDGE('',*,*,#918,.T.);
#1184=ORIENTED_EDGE('',*,*,#919,.T.);
#1185=ORIENTED_EDGE('',*,*,#920,.T.);
#1186=ORIENTED_EDGE('',*,*,#921,.T.);
#1187=ORIENTED_EDGE('',*,*,#922,.T.);
#1188=ORIENTED_EDGE('',*,*,#881,.T.);
#1189=ORIENTED_EDGE('',*,*,#901,.F.);
#1190=ORIENTED_EDGE('',*,*,#888,.T.);
#1191=ORIENTED_EDGE('',*,*,#923,.F.);
#1192=ORIENTED_EDGE('',*,*,#924,.T.);
#1193=ORIENTED_EDGE('',*,*,#902,.F.);
#1194=ORIENTED_EDGE('',*,*,#924,.F.);
#1195=ORIENTED_EDGE('',*,*,#925,.T.);
#1196=ORIENTED_EDGE('',*,*,#926,.F.);
#1197=ORIENTED_EDGE('',*,*,#903,.F.);
#1198=ORIENTED_EDGE('',*,*,#926,.T.);
#1199=ORIENTED_EDGE('',*,*,#927,.T.);
#1200=ORIENTED_EDGE('',*,*,#928,.T.);
#1201=ORIENTED_EDGE('',*,*,#904,.F.);
#1202=ORIENTED_EDGE('',*,*,#928,.F.);
#1203=ORIENTED_EDGE('',*,*,#929,.F.);
#1204=ORIENTED_EDGE('',*,*,#930,.F.);
#1205=ORIENTED_EDGE('',*,*,#905,.F.);
#1206=ORIENTED_EDGE('',*,*,#930,.T.);
#1207=ORIENTED_EDGE('',*,*,#931,.F.);
#1208=ORIENTED_EDGE('',*,*,#932,.F.);
#1209=ORIENTED_EDGE('',*,*,#906,.F.);
#1210=ORIENTED_EDGE('',*,*,#932,.T.);
#1211=ORIENTED_EDGE('',*,*,#933,.T.);
#1212=ORIENTED_EDGE('',*,*,#934,.T.);
#1213=ORIENTED_EDGE('',*,*,#907,.F.);
#1214=ORIENTED_EDGE('',*,*,#934,.F.);
#1215=ORIENTED_EDGE('',*,*,#935,.F.);
#1216=ORIENTED_EDGE('',*,*,#936,.T.);
#1217=ORIENTED_EDGE('',*,*,#908,.F.);
#1218=ORIENTED_EDGE('',*,*,#936,.F.);
#1219=ORIENTED_EDGE('',*,*,#937,.T.);
#1220=ORIENTED_EDGE('',*,*,#938,.F.);
#1221=ORIENTED_EDGE('',*,*,#909,.F.);
#1222=ORIENTED_EDGE('',*,*,#938,.T.);
#1223=ORIENTED_EDGE('',*,*,#939,.T.);
#1224=ORIENTED_EDGE('',*,*,#940,.T.);
#1225=ORIENTED_EDGE('',*,*,#910,.F.);
#1226=ORIENTED_EDGE('',*,*,#940,.F.);
#1227=ORIENTED_EDGE('',*,*,#941,.F.);
#1228=ORIENTED_EDGE('',*,*,#942,.F.);
#1229=ORIENTED_EDGE('',*,*,#911,.F.);
#1230=ORIENTED_EDGE('',*,*,#942,.T.);
#1231=ORIENTED_EDGE('',*,*,#943,.F.);
#1232=ORIENTED_EDGE('',*,*,#886,.T.);
#1233=ORIENTED_EDGE('',*,*,#912,.F.);
#1234=ORIENTED_EDGE('',*,*,#884,.T.);
#1235=ORIENTED_EDGE('',*,*,#944,.F.);
#1236=ORIENTED_EDGE('',*,*,#945,.T.);
#1237=ORIENTED_EDGE('',*,*,#913,.F.);
#1238=ORIENTED_EDGE('',*,*,#945,.F.);
#1239=ORIENTED_EDGE('',*,*,#946,.T.);
#1240=ORIENTED_EDGE('',*,*,#947,.F.);
#1241=ORIENTED_EDGE('',*,*,#914,.F.);
#1242=ORIENTED_EDGE('',*,*,#947,.T.);
#1243=ORIENTED_EDGE('',*,*,#948,.T.);
#1244=ORIENTED_EDGE('',*,*,#949,.T.);
#1245=ORIENTED_EDGE('',*,*,#915,.F.);
#1246=ORIENTED_EDGE('',*,*,#949,.F.);
#1247=ORIENTED_EDGE('',*,*,#950,.F.);
#1248=ORIENTED_EDGE('',*,*,#951,.F.);
#1249=ORIENTED_EDGE('',*,*,#916,.F.);
#1250=ORIENTED_EDGE('',*,*,#951,.T.);
#1251=ORIENTED_EDGE('',*,*,#952,.F.);
#1252=ORIENTED_EDGE('',*,*,#953,.F.);
#1253=ORIENTED_EDGE('',*,*,#917,.F.);
#1254=ORIENTED_EDGE('',*,*,#953,.T.);
#1255=ORIENTED_EDGE('',*,*,#954,.T.);
#1256=ORIENTED_EDGE('',*,*,#955,.T.);
#1257=ORIENTED_EDGE('',*,*,#918,.F.);
#1258=ORIENTED_EDGE('',*,*,#955,.F.);
#1259=ORIENTED_EDGE('',*,*,#956,.F.);
#1260=ORIENTED_EDGE('',*,*,#957,.T.);
#1261=ORIENTED_EDGE('',*,*,#919,.F.);
#1262=ORIENTED_EDGE('',*,*,#957,.F.);
#1263=ORIENTED_EDGE('',*,*,#958,.T.);
#1264=ORIENTED_EDGE('',*,*,#959,.F.);
#1265=ORIENTED_EDGE('',*,*,#920,.F.);
#1266=ORIENTED_EDGE('',*,*,#959,.T.);
#1267=ORIENTED_EDGE('',*,*,#960,.T.);
#1268=ORIENTED_EDGE('',*,*,#961,.T.);
#1269=ORIENTED_EDGE('',*,*,#921,.F.);
#1270=ORIENTED_EDGE('',*,*,#961,.F.);
#1271=ORIENTED_EDGE('',*,*,#962,.F.);
#1272=ORIENTED_EDGE('',*,*,#963,.F.);
#1273=ORIENTED_EDGE('',*,*,#922,.F.);
#1274=ORIENTED_EDGE('',*,*,#963,.T.);
#1275=ORIENTED_EDGE('',*,*,#964,.F.);
#1276=ORIENTED_EDGE('',*,*,#882,.T.);
#1277=ORIENTED_EDGE('',*,*,#890,.F.);
#1278=ORIENTED_EDGE('',*,*,#880,.T.);
#1279=ORIENTED_EDGE('',*,*,#965,.F.);
#1280=ORIENTED_EDGE('',*,*,#966,.T.);
#1281=ORIENTED_EDGE('',*,*,#891,.F.);
#1282=ORIENTED_EDGE('',*,*,#966,.F.);
#1283=ORIENTED_EDGE('',*,*,#967,.T.);
#1284=ORIENTED_EDGE('',*,*,#968,.F.);
#1285=ORIENTED_EDGE('',*,*,#892,.F.);
#1286=ORIENTED_EDGE('',*,*,#968,.T.);
#1287=ORIENTED_EDGE('',*,*,#969,.T.);
#1288=ORIENTED_EDGE('',*,*,#970,.T.);
#1289=ORIENTED_EDGE('',*,*,#893,.F.);
#1290=ORIENTED_EDGE('',*,*,#970,.F.);
#1291=ORIENTED_EDGE('',*,*,#971,.F.);
#1292=ORIENTED_EDGE('',*,*,#972,.F.);
#1293=ORIENTED_EDGE('',*,*,#894,.F.);
#1294=ORIENTED_EDGE('',*,*,#972,.T.);
#1295=ORIENTED_EDGE('',*,*,#973,.F.);
#1296=ORIENTED_EDGE('',*,*,#974,.F.);
#1297=ORIENTED_EDGE('',*,*,#895,.F.);
#1298=ORIENTED_EDGE('',*,*,#974,.T.);
#1299=ORIENTED_EDGE('',*,*,#975,.T.);
#1300=ORIENTED_EDGE('',*,*,#976,.T.);
#1301=ORIENTED_EDGE('',*,*,#896,.F.);
#1302=ORIENTED_EDGE('',*,*,#976,.F.);
#1303=ORIENTED_EDGE('',*,*,#977,.F.);
#1304=ORIENTED_EDGE('',*,*,#978,.T.);
#1305=ORIENTED_EDGE('',*,*,#897,.F.);
#1306=ORIENTED_EDGE('',*,*,#978,.F.);
#1307=ORIENTED_EDGE('',*,*,#979,.T.);
#1308=ORIENTED_EDGE('',*,*,#980,.F.);
#1309=ORIENTED_EDGE('',*,*,#898,.F.);
#1310=ORIENTED_EDGE('',*,*,#980,.T.);
#1311=ORIENTED_EDGE('',*,*,#981,.T.);
#1312=ORIENTED_EDGE('',*,*,#982,.T.);
#1313=ORIENTED_EDGE('',*,*,#899,.F.);
#1314=ORIENTED_EDGE('',*,*,#982,.F.);
#1315=ORIENTED_EDGE('',*,*,#983,.F.);
#1316=ORIENTED_EDGE('',*,*,#984,.F.);
#1317=ORIENTED_EDGE('',*,*,#900,.F.);
#1318=ORIENTED_EDGE('',*,*,#984,.T.);
#1319=ORIENTED_EDGE('',*,*,#985,.F.);
#1320=ORIENTED_EDGE('',*,*,#878,.T.);
#1321=ORIENTED_EDGE('',*,*,#931,.T.);
#1322=ORIENTED_EDGE('',*,*,#929,.T.);
#1323=ORIENTED_EDGE('',*,*,#927,.F.);
#1324=ORIENTED_EDGE('',*,*,#925,.F.);
#1325=ORIENTED_EDGE('',*,*,#923,.T.);
#1326=ORIENTED_EDGE('',*,*,#887,.T.);
#1327=ORIENTED_EDGE('',*,*,#943,.T.);
#1328=ORIENTED_EDGE('',*,*,#941,.T.);
#1329=ORIENTED_EDGE('',*,*,#939,.F.);
#1330=ORIENTED_EDGE('',*,*,#937,.F.);
#1331=ORIENTED_EDGE('',*,*,#935,.T.);
#1332=ORIENTED_EDGE('',*,*,#933,.F.);
#1333=ORIENTED_EDGE('',*,*,#973,.T.);
#1334=ORIENTED_EDGE('',*,*,#971,.T.);
#1335=ORIENTED_EDGE('',*,*,#969,.F.);
#1336=ORIENTED_EDGE('',*,*,#967,.F.);
#1337=ORIENTED_EDGE('',*,*,#965,.T.);
#1338=ORIENTED_EDGE('',*,*,#879,.T.);
#1339=ORIENTED_EDGE('',*,*,#985,.T.);
#1340=ORIENTED_EDGE('',*,*,#983,.T.);
#1341=ORIENTED_EDGE('',*,*,#981,.F.);
#1342=ORIENTED_EDGE('',*,*,#979,.F.);
#1343=ORIENTED_EDGE('',*,*,#977,.T.);
#1344=ORIENTED_EDGE('',*,*,#975,.F.);
#1345=ORIENTED_EDGE('',*,*,#952,.T.);
#1346=ORIENTED_EDGE('',*,*,#950,.T.);
#1347=ORIENTED_EDGE('',*,*,#948,.F.);
#1348=ORIENTED_EDGE('',*,*,#946,.F.);
#1349=ORIENTED_EDGE('',*,*,#944,.T.);
#1350=ORIENTED_EDGE('',*,*,#883,.T.);
#1351=ORIENTED_EDGE('',*,*,#964,.T.);
#1352=ORIENTED_EDGE('',*,*,#962,.T.);
#1353=ORIENTED_EDGE('',*,*,#960,.F.);
#1354=ORIENTED_EDGE('',*,*,#958,.F.);
#1355=ORIENTED_EDGE('',*,*,#956,.T.);
#1356=ORIENTED_EDGE('',*,*,#954,.F.);
#1357=ORIENTED_EDGE('',*,*,#986,.T.);
#1358=ORIENTED_EDGE('',*,*,#987,.T.);
#1359=ORIENTED_EDGE('',*,*,#988,.T.);
#1360=ORIENTED_EDGE('',*,*,#989,.T.);
#1361=ORIENTED_EDGE('',*,*,#988,.F.);
#1362=ORIENTED_EDGE('',*,*,#990,.T.);
#1363=ORIENTED_EDGE('',*,*,#991,.F.);
#1364=ORIENTED_EDGE('',*,*,#992,.F.);
#1365=ORIENTED_EDGE('',*,*,#993,.F.);
#1366=ORIENTED_EDGE('',*,*,#994,.T.);
#1367=ORIENTED_EDGE('',*,*,#987,.F.);
#1368=ORIENTED_EDGE('',*,*,#995,.T.);
#1369=ORIENTED_EDGE('',*,*,#996,.T.);
#1370=ORIENTED_EDGE('',*,*,#997,.F.);
#1371=ORIENTED_EDGE('',*,*,#990,.F.);
#1372=ORIENTED_EDGE('',*,*,#989,.F.);
#1373=ORIENTED_EDGE('',*,*,#994,.F.);
#1374=ORIENTED_EDGE('',*,*,#998,.F.);
#1375=ORIENTED_EDGE('',*,*,#999,.F.);
#1376=ORIENTED_EDGE('',*,*,#1000,.T.);
#1377=ORIENTED_EDGE('',*,*,#993,.T.);
#1378=ORIENTED_EDGE('',*,*,#1001,.T.);
#1379=ORIENTED_EDGE('',*,*,#1002,.T.);
#1380=ORIENTED_EDGE('',*,*,#998,.T.);
#1381=ORIENTED_EDGE('',*,*,#986,.F.);
#1382=ORIENTED_EDGE('',*,*,#999,.T.);
#1383=ORIENTED_EDGE('',*,*,#1002,.F.);
#1384=ORIENTED_EDGE('',*,*,#1003,.F.);
#1385=ORIENTED_EDGE('',*,*,#1004,.F.);
#1386=ORIENTED_EDGE('',*,*,#995,.F.);
#1387=ORIENTED_EDGE('',*,*,#1001,.F.);
#1388=ORIENTED_EDGE('',*,*,#992,.T.);
#1389=ORIENTED_EDGE('',*,*,#1005,.F.);
#1390=ORIENTED_EDGE('',*,*,#1006,.F.);
#1391=ORIENTED_EDGE('',*,*,#1003,.T.);
#1392=ORIENTED_EDGE('',*,*,#1007,.F.);
#1393=ORIENTED_EDGE('',*,*,#1008,.F.);
#1394=ORIENTED_EDGE('',*,*,#1009,.F.);
#1395=ORIENTED_EDGE('',*,*,#1010,.F.);
#1396=ORIENTED_EDGE('',*,*,#1011,.F.);
#1397=ORIENTED_EDGE('',*,*,#1012,.F.);
#1398=ORIENTED_EDGE('',*,*,#1013,.F.);
#1399=ORIENTED_EDGE('',*,*,#1014,.F.);
#1400=ORIENTED_EDGE('',*,*,#1015,.F.);
#1401=ORIENTED_EDGE('',*,*,#1016,.F.);
#1402=ORIENTED_EDGE('',*,*,#1017,.F.);
#1403=ORIENTED_EDGE('',*,*,#1018,.F.);
#1404=ORIENTED_EDGE('',*,*,#1019,.F.);
#1405=ORIENTED_EDGE('',*,*,#1020,.F.);
#1406=ORIENTED_EDGE('',*,*,#1021,.F.);
#1407=ORIENTED_EDGE('',*,*,#1022,.F.);
#1408=ORIENTED_EDGE('',*,*,#1023,.F.);
#1409=ORIENTED_EDGE('',*,*,#1024,.F.);
#1410=ORIENTED_EDGE('',*,*,#1025,.F.);
#1411=ORIENTED_EDGE('',*,*,#1026,.F.);
#1412=ORIENTED_EDGE('',*,*,#1027,.F.);
#1413=ORIENTED_EDGE('',*,*,#1028,.F.);
#1414=ORIENTED_EDGE('',*,*,#1029,.F.);
#1415=ORIENTED_EDGE('',*,*,#1030,.F.);
#1416=ORIENTED_EDGE('',*,*,#1031,.F.);
#1417=ORIENTED_EDGE('',*,*,#1032,.F.);
#1418=ORIENTED_EDGE('',*,*,#1033,.F.);
#1419=ORIENTED_EDGE('',*,*,#1034,.F.);
#1420=ORIENTED_EDGE('',*,*,#1035,.F.);
#1421=ORIENTED_EDGE('',*,*,#1036,.F.);
#1422=ORIENTED_EDGE('',*,*,#1037,.F.);
#1423=ORIENTED_EDGE('',*,*,#1038,.F.);
#1424=ORIENTED_EDGE('',*,*,#1039,.F.);
#1425=ORIENTED_EDGE('',*,*,#1040,.F.);
#1426=ORIENTED_EDGE('',*,*,#1041,.F.);
#1427=ORIENTED_EDGE('',*,*,#1042,.F.);
#1428=ORIENTED_EDGE('',*,*,#1043,.F.);
#1429=ORIENTED_EDGE('',*,*,#1005,.T.);
#1430=ORIENTED_EDGE('',*,*,#991,.T.);
#1431=ORIENTED_EDGE('',*,*,#997,.T.);
#1432=ORIENTED_EDGE('',*,*,#1031,.T.);
#1433=ORIENTED_EDGE('',*,*,#1044,.F.);
#1434=ORIENTED_EDGE('',*,*,#1045,.F.);
#1435=ORIENTED_EDGE('',*,*,#1046,.F.);
#1436=ORIENTED_EDGE('',*,*,#1019,.T.);
#1437=ORIENTED_EDGE('',*,*,#1047,.F.);
#1438=ORIENTED_EDGE('',*,*,#1048,.F.);
#1439=ORIENTED_EDGE('',*,*,#1049,.F.);
#1440=ORIENTED_EDGE('',*,*,#1007,.T.);
#1441=ORIENTED_EDGE('',*,*,#996,.F.);
#1442=ORIENTED_EDGE('',*,*,#1004,.T.);
#1443=ORIENTED_EDGE('',*,*,#1006,.T.);
#1444=ORIENTED_EDGE('',*,*,#1043,.T.);
#1445=ORIENTED_EDGE('',*,*,#1050,.F.);
#1446=ORIENTED_EDGE('',*,*,#1051,.F.);
#1447=ORIENTED_EDGE('',*,*,#1052,.F.);
#1448=ORIENTED_EDGE('',*,*,#1042,.T.);
#1449=ORIENTED_EDGE('',*,*,#1053,.T.);
#1450=ORIENTED_EDGE('',*,*,#1054,.T.);
#1451=ORIENTED_EDGE('',*,*,#1050,.T.);
#1452=ORIENTED_EDGE('',*,*,#1041,.T.);
#1453=ORIENTED_EDGE('',*,*,#1055,.F.);
#1454=ORIENTED_EDGE('',*,*,#1056,.F.);
#1455=ORIENTED_EDGE('',*,*,#1053,.F.);
#1456=ORIENTED_EDGE('',*,*,#1040,.T.);
#1457=ORIENTED_EDGE('',*,*,#1057,.T.);
#1458=ORIENTED_EDGE('',*,*,#1058,.T.);
#1459=ORIENTED_EDGE('',*,*,#1055,.T.);
#1460=ORIENTED_EDGE('',*,*,#1039,.T.);
#1461=ORIENTED_EDGE('',*,*,#1059,.F.);
#1462=ORIENTED_EDGE('',*,*,#1060,.T.);
#1463=ORIENTED_EDGE('',*,*,#1057,.F.);
#1464=ORIENTED_EDGE('',*,*,#1038,.T.);
#1465=ORIENTED_EDGE('',*,*,#1061,.F.);
#1466=ORIENTED_EDGE('',*,*,#1062,.T.);
#1467=ORIENTED_EDGE('',*,*,#1059,.T.);
#1468=ORIENTED_EDGE('',*,*,#1037,.T.);
#1469=ORIENTED_EDGE('',*,*,#1063,.T.);
#1470=ORIENTED_EDGE('',*,*,#1064,.T.);
#1471=ORIENTED_EDGE('',*,*,#1061,.T.);
#1472=ORIENTED_EDGE('',*,*,#1036,.T.);
#1473=ORIENTED_EDGE('',*,*,#1065,.T.);
#1474=ORIENTED_EDGE('',*,*,#1066,.T.);
#1475=ORIENTED_EDGE('',*,*,#1063,.F.);
#1476=ORIENTED_EDGE('',*,*,#1035,.T.);
#1477=ORIENTED_EDGE('',*,*,#1067,.F.);
#1478=ORIENTED_EDGE('',*,*,#1068,.F.);
#1479=ORIENTED_EDGE('',*,*,#1065,.F.);
#1480=ORIENTED_EDGE('',*,*,#1034,.T.);
#1481=ORIENTED_EDGE('',*,*,#1069,.T.);
#1482=ORIENTED_EDGE('',*,*,#1070,.T.);
#1483=ORIENTED_EDGE('',*,*,#1067,.T.);
#1484=ORIENTED_EDGE('',*,*,#1033,.T.);
#1485=ORIENTED_EDGE('',*,*,#1071,.F.);
#1486=ORIENTED_EDGE('',*,*,#1072,.T.);
#1487=ORIENTED_EDGE('',*,*,#1069,.F.);
#1488=ORIENTED_EDGE('',*,*,#1032,.T.);
#1489=ORIENTED_EDGE('',*,*,#1052,.T.);
#1490=ORIENTED_EDGE('',*,*,#1073,.T.);
#1491=ORIENTED_EDGE('',*,*,#1071,.T.);
#1492=ORIENTED_EDGE('',*,*,#1030,.T.);
#1493=ORIENTED_EDGE('',*,*,#1074,.T.);
#1494=ORIENTED_EDGE('',*,*,#1075,.T.);
#1495=ORIENTED_EDGE('',*,*,#1044,.T.);
#1496=ORIENTED_EDGE('',*,*,#1029,.T.);
#1497=ORIENTED_EDGE('',*,*,#1076,.F.);
#1498=ORIENTED_EDGE('',*,*,#1077,.F.);
#1499=ORIENTED_EDGE('',*,*,#1074,.F.);
#1500=ORIENTED_EDGE('',*,*,#1028,.T.);
#1501=ORIENTED_EDGE('',*,*,#1078,.T.);
#1502=ORIENTED_EDGE('',*,*,#1079,.T.);
#1503=ORIENTED_EDGE('',*,*,#1076,.T.);
#1504=ORIENTED_EDGE('',*,*,#1027,.T.);
#1505=ORIENTED_EDGE('',*,*,#1080,.F.);
#1506=ORIENTED_EDGE('',*,*,#1081,.T.);
#1507=ORIENTED_EDGE('',*,*,#1078,.F.);
#1508=ORIENTED_EDGE('',*,*,#1026,.T.);
#1509=ORIENTED_EDGE('',*,*,#1082,.F.);
#1510=ORIENTED_EDGE('',*,*,#1083,.T.);
#1511=ORIENTED_EDGE('',*,*,#1080,.T.);
#1512=ORIENTED_EDGE('',*,*,#1025,.T.);
#1513=ORIENTED_EDGE('',*,*,#1084,.T.);
#1514=ORIENTED_EDGE('',*,*,#1085,.T.);
#1515=ORIENTED_EDGE('',*,*,#1082,.T.);
#1516=ORIENTED_EDGE('',*,*,#1024,.T.);
#1517=ORIENTED_EDGE('',*,*,#1086,.T.);
#1518=ORIENTED_EDGE('',*,*,#1087,.T.);
#1519=ORIENTED_EDGE('',*,*,#1084,.F.);
#1520=ORIENTED_EDGE('',*,*,#1023,.T.);
#1521=ORIENTED_EDGE('',*,*,#1088,.F.);
#1522=ORIENTED_EDGE('',*,*,#1089,.F.);
#1523=ORIENTED_EDGE('',*,*,#1086,.F.);
#1524=ORIENTED_EDGE('',*,*,#1022,.T.);
#1525=ORIENTED_EDGE('',*,*,#1090,.T.);
#1526=ORIENTED_EDGE('',*,*,#1091,.T.);
#1527=ORIENTED_EDGE('',*,*,#1088,.T.);
#1528=ORIENTED_EDGE('',*,*,#1021,.T.);
#1529=ORIENTED_EDGE('',*,*,#1092,.F.);
#1530=ORIENTED_EDGE('',*,*,#1093,.T.);
#1531=ORIENTED_EDGE('',*,*,#1090,.F.);
#1532=ORIENTED_EDGE('',*,*,#1020,.T.);
#1533=ORIENTED_EDGE('',*,*,#1046,.T.);
#1534=ORIENTED_EDGE('',*,*,#1094,.T.);
#1535=ORIENTED_EDGE('',*,*,#1092,.T.);
#1536=ORIENTED_EDGE('',*,*,#1018,.T.);
#1537=ORIENTED_EDGE('',*,*,#1095,.T.);
#1538=ORIENTED_EDGE('',*,*,#1096,.T.);
#1539=ORIENTED_EDGE('',*,*,#1047,.T.);
#1540=ORIENTED_EDGE('',*,*,#1017,.T.);
#1541=ORIENTED_EDGE('',*,*,#1097,.F.);
#1542=ORIENTED_EDGE('',*,*,#1098,.F.);
#1543=ORIENTED_EDGE('',*,*,#1095,.F.);
#1544=ORIENTED_EDGE('',*,*,#1016,.T.);
#1545=ORIENTED_EDGE('',*,*,#1099,.T.);
#1546=ORIENTED_EDGE('',*,*,#1100,.T.);
#1547=ORIENTED_EDGE('',*,*,#1097,.T.);
#1548=ORIENTED_EDGE('',*,*,#1015,.T.);
#1549=ORIENTED_EDGE('',*,*,#1101,.F.);
#1550=ORIENTED_EDGE('',*,*,#1102,.T.);
#1551=ORIENTED_EDGE('',*,*,#1099,.F.);
#1552=ORIENTED_EDGE('',*,*,#1014,.T.);
#1553=ORIENTED_EDGE('',*,*,#1103,.F.);
#1554=ORIENTED_EDGE('',*,*,#1104,.T.);
#1555=ORIENTED_EDGE('',*,*,#1101,.T.);
#1556=ORIENTED_EDGE('',*,*,#1013,.T.);
#1557=ORIENTED_EDGE('',*,*,#1105,.T.);
#1558=ORIENTED_EDGE('',*,*,#1106,.T.);
#1559=ORIENTED_EDGE('',*,*,#1103,.T.);
#1560=ORIENTED_EDGE('',*,*,#1012,.T.);
#1561=ORIENTED_EDGE('',*,*,#1107,.T.);
#1562=ORIENTED_EDGE('',*,*,#1108,.T.);
#1563=ORIENTED_EDGE('',*,*,#1105,.F.);
#1564=ORIENTED_EDGE('',*,*,#1011,.T.);
#1565=ORIENTED_EDGE('',*,*,#1109,.F.);
#1566=ORIENTED_EDGE('',*,*,#1110,.F.);
#1567=ORIENTED_EDGE('',*,*,#1107,.F.);
#1568=ORIENTED_EDGE('',*,*,#1010,.T.);
#1569=ORIENTED_EDGE('',*,*,#1111,.T.);
#1570=ORIENTED_EDGE('',*,*,#1112,.T.);
#1571=ORIENTED_EDGE('',*,*,#1109,.T.);
#1572=ORIENTED_EDGE('',*,*,#1009,.T.);
#1573=ORIENTED_EDGE('',*,*,#1113,.F.);
#1574=ORIENTED_EDGE('',*,*,#1114,.T.);
#1575=ORIENTED_EDGE('',*,*,#1111,.F.);
#1576=ORIENTED_EDGE('',*,*,#1008,.T.);
#1577=ORIENTED_EDGE('',*,*,#1049,.T.);
#1578=ORIENTED_EDGE('',*,*,#1115,.T.);
#1579=ORIENTED_EDGE('',*,*,#1113,.T.);
#1580=ORIENTED_EDGE('',*,*,#1083,.F.);
#1581=ORIENTED_EDGE('',*,*,#1085,.F.);
#1582=ORIENTED_EDGE('',*,*,#1087,.F.);
#1583=ORIENTED_EDGE('',*,*,#1089,.T.);
#1584=ORIENTED_EDGE('',*,*,#1091,.F.);
#1585=ORIENTED_EDGE('',*,*,#1093,.F.);
#1586=ORIENTED_EDGE('',*,*,#1094,.F.);
#1587=ORIENTED_EDGE('',*,*,#1045,.T.);
#1588=ORIENTED_EDGE('',*,*,#1075,.F.);
#1589=ORIENTED_EDGE('',*,*,#1077,.T.);
#1590=ORIENTED_EDGE('',*,*,#1079,.F.);
#1591=ORIENTED_EDGE('',*,*,#1081,.F.);
#1592=ORIENTED_EDGE('',*,*,#1104,.F.);
#1593=ORIENTED_EDGE('',*,*,#1106,.F.);
#1594=ORIENTED_EDGE('',*,*,#1108,.F.);
#1595=ORIENTED_EDGE('',*,*,#1110,.T.);
#1596=ORIENTED_EDGE('',*,*,#1112,.F.);
#1597=ORIENTED_EDGE('',*,*,#1114,.F.);
#1598=ORIENTED_EDGE('',*,*,#1115,.F.);
#1599=ORIENTED_EDGE('',*,*,#1048,.T.);
#1600=ORIENTED_EDGE('',*,*,#1096,.F.);
#1601=ORIENTED_EDGE('',*,*,#1098,.T.);
#1602=ORIENTED_EDGE('',*,*,#1100,.F.);
#1603=ORIENTED_EDGE('',*,*,#1102,.F.);
#1604=ORIENTED_EDGE('',*,*,#1062,.F.);
#1605=ORIENTED_EDGE('',*,*,#1064,.F.);
#1606=ORIENTED_EDGE('',*,*,#1066,.F.);
#1607=ORIENTED_EDGE('',*,*,#1068,.T.);
#1608=ORIENTED_EDGE('',*,*,#1070,.F.);
#1609=ORIENTED_EDGE('',*,*,#1072,.F.);
#1610=ORIENTED_EDGE('',*,*,#1073,.F.);
#1611=ORIENTED_EDGE('',*,*,#1051,.T.);
#1612=ORIENTED_EDGE('',*,*,#1054,.F.);
#1613=ORIENTED_EDGE('',*,*,#1056,.T.);
#1614=ORIENTED_EDGE('',*,*,#1058,.F.);
#1615=ORIENTED_EDGE('',*,*,#1060,.F.);
#1616=ORIENTED_EDGE('',*,*,#1116,.T.);
#1617=ORIENTED_EDGE('',*,*,#1000,.F.);
#1618=ORIENTED_EDGE('',*,*,#1116,.F.);
#1619=PLANE('',#1803);
#1620=PLANE('',#1804);
#1621=PLANE('',#1805);
#1622=PLANE('',#1806);
#1623=PLANE('',#1807);
#1624=PLANE('',#1808);
#1625=PLANE('',#1809);
#1626=PLANE('',#1810);
#1627=PLANE('',#1811);
#1628=PLANE('',#1812);
#1629=PLANE('',#1813);
#1630=PLANE('',#1814);
#1631=PLANE('',#1815);
#1632=PLANE('',#1816);
#1633=PLANE('',#1817);
#1634=PLANE('',#1818);
#1635=PLANE('',#1819);
#1636=PLANE('',#1820);
#1637=PLANE('',#1821);
#1638=PLANE('',#1822);
#1639=PLANE('',#1823);
#1640=PLANE('',#1824);
#1641=PLANE('',#1825);
#1642=PLANE('',#1826);
#1643=PLANE('',#1827);
#1644=PLANE('',#1828);
#1645=PLANE('',#1829);
#1646=PLANE('',#1830);
#1647=PLANE('',#1831);
#1648=PLANE('',#1832);
#1649=PLANE('',#1833);
#1650=PLANE('',#1834);
#1651=PLANE('',#1835);
#1652=PLANE('',#1836);
#1653=PLANE('',#1837);
#1654=PLANE('',#1838);
#1655=PLANE('',#1839);
#1656=PLANE('',#1840);
#1657=PLANE('',#1841);
#1658=PLANE('',#1842);
#1659=PLANE('',#1843);
#1660=PLANE('',#1844);
#1661=PLANE('',#1848);
#1662=PLANE('',#1850);
#1663=PLANE('',#1851);
#1664=PLANE('',#1855);
#1665=PLANE('',#1856);
#1666=PLANE('',#1857);
#1667=PLANE('',#1858);
#1668=PLANE('',#1859);
#1669=PLANE('',#1860);
#1670=PLANE('',#1861);
#1671=PLANE('',#1862);
#1672=PLANE('',#1863);
#1673=PLANE('',#1864);
#1674=PLANE('',#1865);
#1675=PLANE('',#1866);
#1676=PLANE('',#1867);
#1677=PLANE('',#1868);
#1678=PLANE('',#1869);
#1679=PLANE('',#1870);
#1680=PLANE('',#1871);
#1681=PLANE('',#1872);
#1682=PLANE('',#1873);
#1683=PLANE('',#1874);
#1684=PLANE('',#1875);
#1685=PLANE('',#1876);
#1686=PLANE('',#1877);
#1687=PLANE('',#1878);
#1688=PLANE('',#1879);
#1689=PLANE('',#1880);
#1690=PLANE('',#1881);
#1691=PLANE('',#1882);
#1692=PLANE('',#1883);
#1693=PLANE('',#1884);
#1694=PLANE('',#1885);
#1695=PLANE('',#1886);
#1696=PLANE('',#1887);
#1697=PLANE('',#1888);
#1698=PLANE('',#1889);
#1699=PLANE('',#1890);
#1700=PLANE('',#1891);
#1701=PLANE('',#1892);
#1702=PLANE('',#1893);
#1703=PLANE('',#1894);
#1704=PLANE('',#1897);
#1705=ADVANCED_FACE('',(#28),#1619,.F.);
#1706=ADVANCED_FACE('',(#29),#1620,.T.);
#1707=ADVANCED_FACE('',(#30),#1621,.T.);
#1708=ADVANCED_FACE('',(#31),#1622,.F.);
#1709=ADVANCED_FACE('',(#32),#1623,.T.);
#1710=ADVANCED_FACE('',(#33),#1624,.T.);
#1711=ADVANCED_FACE('',(#34),#1625,.T.);
#1712=ADVANCED_FACE('',(#35),#1626,.T.);
#1713=ADVANCED_FACE('',(#36),#1627,.T.);
#1714=ADVANCED_FACE('',(#37),#1628,.T.);
#1715=ADVANCED_FACE('',(#38),#1629,.T.);
#1716=ADVANCED_FACE('',(#39),#1630,.T.);
#1717=ADVANCED_FACE('',(#40),#1631,.T.);
#1718=ADVANCED_FACE('',(#41),#1632,.T.);
#1719=ADVANCED_FACE('',(#42),#1633,.T.);
#1720=ADVANCED_FACE('',(#43),#1634,.T.);
#1721=ADVANCED_FACE('',(#44),#1635,.T.);
#1722=ADVANCED_FACE('',(#45),#1636,.T.);
#1723=ADVANCED_FACE('',(#46),#1637,.T.);
#1724=ADVANCED_FACE('',(#47),#1638,.T.);
#1725=ADVANCED_FACE('',(#48),#1639,.T.);
#1726=ADVANCED_FACE('',(#49),#1640,.T.);
#1727=ADVANCED_FACE('',(#50),#1641,.T.);
#1728=ADVANCED_FACE('',(#51),#1642,.T.);
#1729=ADVANCED_FACE('',(#52),#1643,.T.);
#1730=ADVANCED_FACE('',(#53),#1644,.T.);
#1731=ADVANCED_FACE('',(#54),#1645,.T.);
#1732=ADVANCED_FACE('',(#55),#1646,.T.);
#1733=ADVANCED_FACE('',(#56),#1647,.T.);
#1734=ADVANCED_FACE('',(#57),#1648,.T.);
#1735=ADVANCED_FACE('',(#58),#1649,.T.);
#1736=ADVANCED_FACE('',(#59),#1650,.T.);
#1737=ADVANCED_FACE('',(#60),#1651,.T.);
#1738=ADVANCED_FACE('',(#61),#1652,.T.);
#1739=ADVANCED_FACE('',(#62),#1653,.T.);
#1740=ADVANCED_FACE('',(#63),#1654,.T.);
#1741=ADVANCED_FACE('',(#64),#1655,.T.);
#1742=ADVANCED_FACE('',(#65),#1656,.T.);
#1743=ADVANCED_FACE('',(#66),#1657,.T.);
#1744=ADVANCED_FACE('',(#67),#1658,.T.);
#1745=ADVANCED_FACE('',(#68),#1659,.T.);
#1746=ADVANCED_FACE('',(#69),#1660,.T.);
#1747=ADVANCED_FACE('',(#70),#21,.T.);
#1748=ADVANCED_FACE('',(#71),#1661,.T.);
#1749=ADVANCED_FACE('',(#72),#1662,.T.);
#1750=ADVANCED_FACE('',(#73,#13),#1663,.T.);
#1751=ADVANCED_FACE('',(#74),#22,.T.);
#1752=ADVANCED_FACE('',(#75),#1664,.T.);
#1753=ADVANCED_FACE('',(#76),#1665,.T.);
#1754=ADVANCED_FACE('',(#77),#1666,.F.);
#1755=ADVANCED_FACE('',(#78),#1667,.T.);
#1756=ADVANCED_FACE('',(#79),#1668,.T.);
#1757=ADVANCED_FACE('',(#80),#1669,.T.);
#1758=ADVANCED_FACE('',(#81),#1670,.T.);
#1759=ADVANCED_FACE('',(#82),#1671,.T.);
#1760=ADVANCED_FACE('',(#83),#1672,.T.);
#1761=ADVANCED_FACE('',(#84),#1673,.T.);
#1762=ADVANCED_FACE('',(#85),#1674,.T.);
#1763=ADVANCED_FACE('',(#86),#1675,.T.);
#1764=ADVANCED_FACE('',(#87),#1676,.T.);
#1765=ADVANCED_FACE('',(#88),#1677,.T.);
#1766=ADVANCED_FACE('',(#89),#1678,.T.);
#1767=ADVANCED_FACE('',(#90),#1679,.T.);
#1768=ADVANCED_FACE('',(#91),#1680,.T.);
#1769=ADVANCED_FACE('',(#92),#1681,.T.);
#1770=ADVANCED_FACE('',(#93),#1682,.T.);
#1771=ADVANCED_FACE('',(#94),#1683,.T.);
#1772=ADVANCED_FACE('',(#95),#1684,.T.);
#1773=ADVANCED_FACE('',(#96),#1685,.T.);
#1774=ADVANCED_FACE('',(#97),#1686,.T.);
#1775=ADVANCED_FACE('',(#98),#1687,.T.);
#1776=ADVANCED_FACE('',(#99),#1688,.T.);
#1777=ADVANCED_FACE('',(#100),#1689,.T.);
#1778=ADVANCED_FACE('',(#101),#1690,.T.);
#1779=ADVANCED_FACE('',(#102),#1691,.T.);
#1780=ADVANCED_FACE('',(#103),#1692,.T.);
#1781=ADVANCED_FACE('',(#104),#1693,.T.);
#1782=ADVANCED_FACE('',(#105),#1694,.T.);
#1783=ADVANCED_FACE('',(#106),#1695,.T.);
#1784=ADVANCED_FACE('',(#107),#1696,.T.);
#1785=ADVANCED_FACE('',(#108),#1697,.T.);
#1786=ADVANCED_FACE('',(#109),#1698,.T.);
#1787=ADVANCED_FACE('',(#110),#1699,.T.);
#1788=ADVANCED_FACE('',(#111),#1700,.T.);
#1789=ADVANCED_FACE('',(#112),#1701,.T.);
#1790=ADVANCED_FACE('',(#113),#1702,.T.);
#1791=ADVANCED_FACE('',(#114),#1703,.T.);
#1792=ADVANCED_FACE('',(#115,#14),#23,.F.);
#1793=ADVANCED_FACE('',(#116),#1704,.F.);
#1794=CLOSED_SHELL('',(#1705,#1706,#1707,#1708,#1709,#1710,#1711,#1712,
#1713,#1714,#1715,#1716,#1717,#1718,#1719,#1720,#1721,#1722,#1723,#1724,
#1725,#1726,#1727,#1728,#1729,#1730,#1731,#1732,#1733,#1734,#1735,#1736,
#1737,#1738,#1739,#1740,#1741,#1742,#1743,#1744,#1745,#1746));
#1795=CLOSED_SHELL('',(#1747,#1748,#1749,#1750,#1751,#1752,#1753,#1754,
#1755,#1756,#1757,#1758,#1759,#1760,#1761,#1762,#1763,#1764,#1765,#1766,
#1767,#1768,#1769,#1770,#1771,#1772,#1773,#1774,#1775,#1776,#1777,#1778,
#1779,#1780,#1781,#1782,#1783,#1784,#1785,#1786,#1787,#1788,#1789,#1790,
#1791,#1792,#1793));
#1796=DATE_TIME_ROLE('creation_date');
#1797=APPLIED_DATE_AND_TIME_ASSIGNMENT(#1798,#1796,(#2861));
#1798=DATE_AND_TIME(#1799,#1800);
#1799=CALENDAR_DATE(2017,27,6);
#1800=LOCAL_TIME(13,48,47.,#1801);
#1801=COORDINATED_UNIVERSAL_TIME_OFFSET(0,0,.BEHIND.);
#1802=AXIS2_PLACEMENT_3D('placement',#2335,#1898,#1899);
#1803=AXIS2_PLACEMENT_3D('',#2336,#1900,#1901);
#1804=AXIS2_PLACEMENT_3D('',#2345,#1906,#1907);
#1805=AXIS2_PLACEMENT_3D('',#2351,#1911,#1912);
#1806=AXIS2_PLACEMENT_3D('',#2355,#1915,#1916);
#1807=AXIS2_PLACEMENT_3D('',#2359,#1919,#1920);
#1808=AXIS2_PLACEMENT_3D('',#2385,#1934,#1935);
#1809=AXIS2_PLACEMENT_3D('',#2449,#1969,#1970);
#1810=AXIS2_PLACEMENT_3D('',#2453,#1973,#1974);
#1811=AXIS2_PLACEMENT_3D('',#2457,#1977,#1978);
#1812=AXIS2_PLACEMENT_3D('',#2461,#1981,#1982);
#1813=AXIS2_PLACEMENT_3D('',#2465,#1985,#1986);
#1814=AXIS2_PLACEMENT_3D('',#2469,#1989,#1990);
#1815=AXIS2_PLACEMENT_3D('',#2473,#1993,#1994);
#1816=AXIS2_PLACEMENT_3D('',#2477,#1997,#1998);
#1817=AXIS2_PLACEMENT_3D('',#2481,#2001,#2002);
#1818=AXIS2_PLACEMENT_3D('',#2485,#2005,#2006);
#1819=AXIS2_PLACEMENT_3D('',#2489,#2009,#2010);
#1820=AXIS2_PLACEMENT_3D('',#2491,#2012,#2013);
#1821=AXIS2_PLACEMENT_3D('',#2495,#2016,#2017);
#1822=AXIS2_PLACEMENT_3D('',#2499,#2020,#2021);
#1823=AXIS2_PLACEMENT_3D('',#2503,#2024,#2025);
#1824=AXIS2_PLACEMENT_3D('',#2507,#2028,#2029);
#1825=AXIS2_PLACEMENT_3D('',#2511,#2032,#2033);
#1826=AXIS2_PLACEMENT_3D('',#2515,#2036,#2037);
#1827=AXIS2_PLACEMENT_3D('',#2519,#2040,#2041);
#1828=AXIS2_PLACEMENT_3D('',#2523,#2044,#2045);
#1829=AXIS2_PLACEMENT_3D('',#2527,#2048,#2049);
#1830=AXIS2_PLACEMENT_3D('',#2531,#2052,#2053);
#1831=AXIS2_PLACEMENT_3D('',#2533,#2055,#2056);
#1832=AXIS2_PLACEMENT_3D('',#2537,#2059,#2060);
#1833=AXIS2_PLACEMENT_3D('',#2541,#2063,#2064);
#1834=AXIS2_PLACEMENT_3D('',#2545,#2067,#2068);
#1835=AXIS2_PLACEMENT_3D('',#2549,#2071,#2072);
#1836=AXIS2_PLACEMENT_3D('',#2553,#2075,#2076);
#1837=AXIS2_PLACEMENT_3D('',#2557,#2079,#2080);
#1838=AXIS2_PLACEMENT_3D('',#2561,#2083,#2084);
#1839=AXIS2_PLACEMENT_3D('',#2565,#2087,#2088);
#1840=AXIS2_PLACEMENT_3D('',#2569,#2091,#2092);
#1841=AXIS2_PLACEMENT_3D('',#2573,#2095,#2096);
#1842=AXIS2_PLACEMENT_3D('',#2575,#2098,#2099);
#1843=AXIS2_PLACEMENT_3D('',#2576,#2100,#2101);
#1844=AXIS2_PLACEMENT_3D('',#2577,#2102,#2103);
#1845=AXIS2_PLACEMENT_3D('',#2578,#2104,#2105);
#1846=AXIS2_PLACEMENT_3D('',#2581,#2106,#2107);
#1847=AXIS2_PLACEMENT_3D('',#2585,#2109,#2110);
#1848=AXIS2_PLACEMENT_3D('',#2587,#2112,#2113);
#1849=AXIS2_PLACEMENT_3D('',#2595,#2117,#2118);
#1850=AXIS2_PLACEMENT_3D('',#2597,#2120,#2121);
#1851=AXIS2_PLACEMENT_3D('',#2603,#2125,#2126);
#1852=AXIS2_PLACEMENT_3D('',#2608,#2129,#2130);
#1853=AXIS2_PLACEMENT_3D('',#2609,#2131,#2132);
#1854=AXIS2_PLACEMENT_3D('',#2612,#2134,#2135);
#1855=AXIS2_PLACEMENT_3D('',#2613,#2136,#2137);
#1856=AXIS2_PLACEMENT_3D('',#2617,#2140,#2141);
#1857=AXIS2_PLACEMENT_3D('',#2621,#2144,#2145);
#1858=AXIS2_PLACEMENT_3D('',#2695,#2183,#2184);
#1859=AXIS2_PLACEMENT_3D('',#2711,#2194,#2195);
#1860=AXIS2_PLACEMENT_3D('',#2715,#2198,#2199);
#1861=AXIS2_PLACEMENT_3D('',#2719,#2202,#2203);
#1862=AXIS2_PLACEMENT_3D('',#2723,#2206,#2207);
#1863=AXIS2_PLACEMENT_3D('',#2727,#2210,#2211);
#1864=AXIS2_PLACEMENT_3D('',#2731,#2214,#2215);
#1865=AXIS2_PLACEMENT_3D('',#2735,#2218,#2219);
#1866=AXIS2_PLACEMENT_3D('',#2739,#2222,#2223);
#1867=AXIS2_PLACEMENT_3D('',#2743,#2226,#2227);
#1868=AXIS2_PLACEMENT_3D('',#2747,#2230,#2231);
#1869=AXIS2_PLACEMENT_3D('',#2751,#2234,#2235);
#1870=AXIS2_PLACEMENT_3D('',#2753,#2237,#2238);
#1871=AXIS2_PLACEMENT_3D('',#2757,#2241,#2242);
#1872=AXIS2_PLACEMENT_3D('',#2761,#2245,#2246);
#1873=AXIS2_PLACEMENT_3D('',#2765,#2249,#2250);
#1874=AXIS2_PLACEMENT_3D('',#2769,#2253,#2254);
#1875=AXIS2_PLACEMENT_3D('',#2773,#2257,#2258);
#1876=AXIS2_PLACEMENT_3D('',#2777,#2261,#2262);
#1877=AXIS2_PLACEMENT_3D('',#2781,#2265,#2266);
#1878=AXIS2_PLACEMENT_3D('',#2785,#2269,#2270);
#1879=AXIS2_PLACEMENT_3D('',#2789,#2273,#2274);
#1880=AXIS2_PLACEMENT_3D('',#2793,#2277,#2278);
#1881=AXIS2_PLACEMENT_3D('',#2795,#2280,#2281);
#1882=AXIS2_PLACEMENT_3D('',#2799,#2284,#2285);
#1883=AXIS2_PLACEMENT_3D('',#2803,#2288,#2289);
#1884=AXIS2_PLACEMENT_3D('',#2807,#2292,#2293);
#1885=AXIS2_PLACEMENT_3D('',#2811,#2296,#2297);
#1886=AXIS2_PLACEMENT_3D('',#2815,#2300,#2301);
#1887=AXIS2_PLACEMENT_3D('',#2819,#2304,#2305);
#1888=AXIS2_PLACEMENT_3D('',#2823,#2308,#2309);
#1889=AXIS2_PLACEMENT_3D('',#2827,#2312,#2313);
#1890=AXIS2_PLACEMENT_3D('',#2831,#2316,#2317);
#1891=AXIS2_PLACEMENT_3D('',#2835,#2320,#2321);
#1892=AXIS2_PLACEMENT_3D('',#2837,#2323,#2324);
#1893=AXIS2_PLACEMENT_3D('',#2838,#2325,#2326);
#1894=AXIS2_PLACEMENT_3D('',#2839,#2327,#2328);
#1895=AXIS2_PLACEMENT_3D('',#2840,#2329,#2330);
#1896=AXIS2_PLACEMENT_3D('',#2842,#2331,#2332);
#1897=AXIS2_PLACEMENT_3D('',#2843,#2333,#2334);
#1898=DIRECTION('axis',(0.,0.,1.));
#1899=DIRECTION('refdir',(1.,0.,0.));
#1900=DIRECTION('center_axis',(0.707106781186557,0.,-0.707106781186538));
#1901=DIRECTION('ref_axis',(-0.707106781186538,0.,-0.707106781186557));
#1902=DIRECTION('',(0.706891307583154,0.0246851884078321,0.706891307583173));
#1903=DIRECTION('',(0.,-1.,0.));
#1904=DIRECTION('',(-0.706891307583154,0.0246851884078321,-0.706891307583173));
#1905=DIRECTION('',(-6.28296965862255E-17,1.,-6.28296965862272E-17));
#1906=DIRECTION('center_axis',(0.,0.999390827019096,0.034899496702501));
#1907=DIRECTION('ref_axis',(0.,-0.0348994967025009,0.999390827019096));
#1908=DIRECTION('',(1.,0.,0.));
#1909=DIRECTION('',(-0.706891307583168,-0.0246851884078317,0.70689130758316));
#1910=DIRECTION('',(-1.,0.,0.));
#1911=DIRECTION('center_axis',(0.,0.,1.));
#1912=DIRECTION('ref_axis',(1.,0.,0.));
#1913=DIRECTION('',(-1.,0.,0.));
#1914=DIRECTION('',(0.,1.,0.));
#1915=DIRECTION('center_axis',(-0.707106781186544,0.,-0.707106781186551));
#1916=DIRECTION('ref_axis',(-0.707106781186551,0.,0.707106781186544));
#1917=DIRECTION('',(0.706891307583168,-0.0246851884078317,-0.70689130758316));
#1918=DIRECTION('',(-6.28296965862279E-17,-1.,6.28296965862272E-17));
#1919=DIRECTION('center_axis',(0.,-0.999390827019096,0.034899496702501));
#1920=DIRECTION('ref_axis',(0.,-0.0348994967025009,-0.999390827019096));
#1921=DIRECTION('',(1.,0.,0.));
#1922=DIRECTION('',(0.,-0.034899496702501,-0.999390827019096));
#1923=DIRECTION('',(-1.,0.,0.));
#1924=DIRECTION('',(0.,0.034899496702501,0.999390827019096));
#1925=DIRECTION('',(1.,0.,0.));
#1926=DIRECTION('',(0.,-0.034899496702501,-0.999390827019096));
#1927=DIRECTION('',(-1.,0.,0.));
#1928=DIRECTION('',(0.,0.034899496702501,0.999390827019096));
#1929=DIRECTION('',(1.,0.,0.));
#1930=DIRECTION('',(0.,-0.034899496702501,-0.999390827019096));
#1931=DIRECTION('',(-1.,0.,0.));
#1932=DIRECTION('',(0.,0.034899496702501,0.999390827019096));
#1933=DIRECTION('',(1.,0.,0.));
#1934=DIRECTION('center_axis',(0.,-6.28296965862272E-17,-1.));
#1935=DIRECTION('ref_axis',(-1.,0.,0.));
#1936=DIRECTION('',(0.,-1.,6.28296965862272E-17));
#1937=DIRECTION('',(1.,0.,0.));
#1938=DIRECTION('',(0.,-1.,6.28296965862272E-17));
#1939=DIRECTION('',(-1.,0.,0.));
#1940=DIRECTION('',(0.,-1.,6.28296965862272E-17));
#1941=DIRECTION('',(-1.,0.,0.));
#1942=DIRECTION('',(0.,1.,-6.28296965862272E-17));
#1943=DIRECTION('',(-1.,0.,0.));
#1944=DIRECTION('',(0.,1.,-6.28296965862272E-17));
#1945=DIRECTION('',(1.,0.,0.));
#1946=DIRECTION('',(0.,1.,-6.28296965862272E-17));
#1947=DIRECTION('',(0.,-1.,6.28296965862272E-17));
#1948=DIRECTION('',(1.,0.,0.));
#1949=DIRECTION('',(0.,-1.,6.28296965862272E-17));
#1950=DIRECTION('',(-1.,0.,0.));
#1951=DIRECTION('',(0.,-1.,6.28296965862272E-17));
#1952=DIRECTION('',(-1.,0.,0.));
#1953=DIRECTION('',(0.,1.,-6.28296965862272E-17));
#1954=DIRECTION('',(-1.,0.,0.));
#1955=DIRECTION('',(0.,1.,-6.28296965862272E-17));
#1956=DIRECTION('',(1.,0.,0.));
#1957=DIRECTION('',(0.,1.,-6.28296965862272E-17));
#1958=DIRECTION('',(0.,-1.,6.28296965862272E-17));
#1959=DIRECTION('',(1.,0.,0.));
#1960=DIRECTION('',(0.,-1.,6.28296965862272E-17));
#1961=DIRECTION('',(-1.,0.,0.));
#1962=DIRECTION('',(0.,-1.,6.28296965862272E-17));
#1963=DIRECTION('',(-1.,0.,0.));
#1964=DIRECTION('',(0.,1.,-6.28296965862272E-17));
#1965=DIRECTION('',(-1.,0.,0.));
#1966=DIRECTION('',(0.,1.,-6.28296965862272E-17));
#1967=DIRECTION('',(1.,0.,0.));
#1968=DIRECTION('',(0.,1.,-6.28296965862272E-17));
#1969=DIRECTION('center_axis',(1.,0.,0.));
#1970=DIRECTION('ref_axis',(0.,0.,-1.));
#1971=DIRECTION('',(0.,1.,0.));
#1972=DIRECTION('',(0.,0.,-1.));
#1973=DIRECTION('center_axis',(0.,1.,0.));
#1974=DIRECTION('ref_axis',(0.,0.,1.));
#1975=DIRECTION('',(1.,0.,0.));
#1976=DIRECTION('',(0.,0.,1.));
#1977=DIRECTION('center_axis',(1.,0.,0.));
#1978=DIRECTION('ref_axis',(0.,0.,-1.));
#1979=DIRECTION('',(0.,-1.,-3.06161699786837E-16));
#1980=DIRECTION('',(0.,0.,-1.));
#1981=DIRECTION('center_axis',(0.,-1.,0.));
#1982=DIRECTION('ref_axis',(0.,0.,-1.));
#1983=DIRECTION('',(1.,0.,0.));
#1984=DIRECTION('',(0.,0.,1.));
#1985=DIRECTION('center_axis',(1.,0.,0.));
#1986=DIRECTION('ref_axis',(0.,0.,-1.));
#1987=DIRECTION('',(0.,1.,0.));
#1988=DIRECTION('',(0.,0.,1.));
#1989=DIRECTION('center_axis',(0.,-1.,0.));
#1990=DIRECTION('ref_axis',(0.,0.,-1.));
#1991=DIRECTION('',(-1.,0.,0.));
#1992=DIRECTION('',(0.,0.,-1.));
#1993=DIRECTION('center_axis',(-1.,0.,0.));
#1994=DIRECTION('ref_axis',(0.,0.,1.));
#1995=DIRECTION('',(0.,-1.,0.));
#1996=DIRECTION('',(0.,-1.03256354087162E-19,-1.));
#1997=DIRECTION('center_axis',(0.,-1.,1.03256354087162E-19));
#1998=DIRECTION('ref_axis',(0.,0.,1.));
#1999=DIRECTION('',(-1.,0.,0.));
#2000=DIRECTION('',(0.,1.03256354087162E-19,1.));
#2001=DIRECTION('center_axis',(-1.,0.,0.));
#2002=DIRECTION('ref_axis',(0.,0.,1.));
#2003=DIRECTION('',(0.,1.,-5.4647285508694E-16));
#2004=DIRECTION('',(0.,-1.03256354087162E-19,-1.));
#2005=DIRECTION('center_axis',(0.,1.,-1.03256354087162E-19));
#2006=DIRECTION('ref_axis',(0.,0.,-1.));
#2007=DIRECTION('',(-1.,0.,0.));
#2008=DIRECTION('',(0.,1.03256354087162E-19,1.));
#2009=DIRECTION('center_axis',(-1.,0.,0.));
#2010=DIRECTION('ref_axis',(0.,0.,1.));
#2011=DIRECTION('',(0.,-1.,0.));
#2012=DIRECTION('center_axis',(1.,0.,0.));
#2013=DIRECTION('ref_axis',(0.,0.,-1.));
#2014=DIRECTION('',(0.,1.,0.));
#2015=DIRECTION('',(0.,0.,-1.));
#2016=DIRECTION('center_axis',(0.,1.,0.));
#2017=DIRECTION('ref_axis',(0.,0.,1.));
#2018=DIRECTION('',(1.,0.,0.));
#2019=DIRECTION('',(0.,0.,1.));
#2020=DIRECTION('center_axis',(1.,0.,0.));
#2021=DIRECTION('ref_axis',(0.,0.,-1.));
#2022=DIRECTION('',(0.,-1.,0.));
#2023=DIRECTION('',(0.,0.,-1.));
#2024=DIRECTION('center_axis',(0.,-1.,0.));
#2025=DIRECTION('ref_axis',(0.,0.,-1.));
#2026=DIRECTION('',(1.,0.,0.));
#2027=DIRECTION('',(0.,0.,1.));
#2028=DIRECTION('center_axis',(1.,0.,0.));
#2029=DIRECTION('ref_axis',(0.,0.,-1.));
#2030=DIRECTION('',(0.,1.,0.));
#2031=DIRECTION('',(0.,0.,1.));
#2032=DIRECTION('center_axis',(0.,-1.,0.));
#2033=DIRECTION('ref_axis',(0.,0.,-1.));
#2034=DIRECTION('',(-1.,0.,0.));
#2035=DIRECTION('',(0.,0.,-1.));
#2036=DIRECTION('center_axis',(-1.,0.,0.));
#2037=DIRECTION('ref_axis',(0.,0.,1.));
#2038=DIRECTION('',(0.,-1.,0.));
#2039=DIRECTION('',(0.,-1.03256354087162E-19,-1.));
#2040=DIRECTION('center_axis',(0.,-1.,1.03256354087162E-19));
#2041=DIRECTION('ref_axis',(0.,0.,1.));
#2042=DIRECTION('',(-1.,0.,0.));
#2043=DIRECTION('',(0.,1.03256354087162E-19,1.));
#2044=DIRECTION('center_axis',(-1.,0.,0.));
#2045=DIRECTION('ref_axis',(0.,0.,1.));
#2046=DIRECTION('',(0.,1.,-5.4647285508694E-16));
#2047=DIRECTION('',(0.,-1.03256354087162E-19,-1.));
#2048=DIRECTION('center_axis',(0.,1.,-1.03256354087162E-19));
#2049=DIRECTION('ref_axis',(0.,0.,-1.));
#2050=DIRECTION('',(-1.,0.,0.));
#2051=DIRECTION('',(0.,1.03256354087162E-19,1.));
#2052=DIRECTION('center_axis',(-1.,0.,0.));
#2053=DIRECTION('ref_axis',(0.,0.,1.));
#2054=DIRECTION('',(0.,-1.,0.));
#2055=DIRECTION('center_axis',(1.,0.,0.));
#2056=DIRECTION('ref_axis',(0.,0.,-1.));
#2057=DIRECTION('',(0.,1.,0.));
#2058=DIRECTION('',(0.,0.,-1.));
#2059=DIRECTION('center_axis',(0.,1.,0.));
#2060=DIRECTION('ref_axis',(0.,0.,1.));
#2061=DIRECTION('',(1.,0.,0.));
#2062=DIRECTION('',(0.,0.,1.));
#2063=DIRECTION('center_axis',(1.,0.,0.));
#2064=DIRECTION('ref_axis',(0.,0.,-1.));
#2065=DIRECTION('',(0.,-1.,-3.0616169978684E-16));
#2066=DIRECTION('',(0.,0.,-1.));
#2067=DIRECTION('center_axis',(0.,-1.,0.));
#2068=DIRECTION('ref_axis',(0.,0.,-1.));
#2069=DIRECTION('',(1.,0.,0.));
#2070=DIRECTION('',(0.,0.,1.));
#2071=DIRECTION('center_axis',(1.,0.,0.));
#2072=DIRECTION('ref_axis',(0.,0.,-1.));
#2073=DIRECTION('',(0.,1.,0.));
#2074=DIRECTION('',(0.,0.,1.));
#2075=DIRECTION('center_axis',(0.,-1.,0.));
#2076=DIRECTION('ref_axis',(0.,0.,-1.));
#2077=DIRECTION('',(-1.,0.,0.));
#2078=DIRECTION('',(0.,0.,-1.));
#2079=DIRECTION('center_axis',(-1.,0.,0.));
#2080=DIRECTION('ref_axis',(0.,0.,1.));
#2081=DIRECTION('',(0.,-1.,0.));
#2082=DIRECTION('',(0.,-1.03256354087162E-19,-1.));
#2083=DIRECTION('center_axis',(0.,-1.,1.03256354087162E-19));
#2084=DIRECTION('ref_axis',(0.,0.,1.));
#2085=DIRECTION('',(-1.,0.,0.));
#2086=DIRECTION('',(0.,1.03256354087162E-19,1.));
#2087=DIRECTION('center_axis',(-1.,0.,0.));
#2088=DIRECTION('ref_axis',(0.,0.,1.));
#2089=DIRECTION('',(0.,1.,-1.366956560373E-16));
#2090=DIRECTION('',(0.,-1.03256354087162E-19,-1.));
#2091=DIRECTION('center_axis',(0.,1.,-1.03256354087162E-19));
#2092=DIRECTION('ref_axis',(0.,0.,-1.));
#2093=DIRECTION('',(-1.,0.,0.));
#2094=DIRECTION('',(0.,1.03256354087162E-19,1.));
#2095=DIRECTION('center_axis',(-1.,0.,0.));
#2096=DIRECTION('ref_axis',(0.,0.,1.));
#2097=DIRECTION('',(0.,-1.,0.));
#2098=DIRECTION('center_axis',(0.,0.,1.));
#2099=DIRECTION('ref_axis',(1.,0.,0.));
#2100=DIRECTION('center_axis',(0.,0.,1.));
#2101=DIRECTION('ref_axis',(1.,0.,0.));
#2102=DIRECTION('center_axis',(0.,0.,1.));
#2103=DIRECTION('ref_axis',(1.,0.,0.));
#2104=DIRECTION('center_axis',(0.,-1.,0.));
#2105=DIRECTION('ref_axis',(-0.707106781186548,0.,-0.707106781186547));
#2106=DIRECTION('center_axis',(0.,0.707106781186536,0.707106781186559));
#2107=DIRECTION('ref_axis',(4.82927060372705E-17,0.707106781186559,-0.707106781186536));
#2108=DIRECTION('',(0.,1.,0.));
#2109=DIRECTION('center_axis',(0.,0.999390827019096,-0.034899496702501));
#2110=DIRECTION('ref_axis',(-2.04763786925892E-16,-0.034899496702501,-0.999390827019096));
#2111=DIRECTION('',(0.,-1.,0.));
#2112=DIRECTION('center_axis',(0.,0.999390827019096,-0.034899496702501));
#2113=DIRECTION('ref_axis',(0.,0.0348994967025009,0.999390827019096));
#2114=DIRECTION('',(0.,0.034899496702501,0.999390827019096));
#2115=DIRECTION('',(-1.,0.,0.));
#2116=DIRECTION('',(0.,-0.034899496702501,-0.999390827019096));
#2117=DIRECTION('center_axis',(0.,0.999390827019096,-0.034899496702501));
#2118=DIRECTION('ref_axis',(1.09207353027141E-15,-0.034899496702501,-0.999390827019096));
#2119=DIRECTION('',(-1.,0.,0.));
#2120=DIRECTION('center_axis',(-1.,0.,0.));
#2121=DIRECTION('ref_axis',(0.,0.,1.));
#2122=DIRECTION('',(0.,-0.707106781186559,0.707106781186536));
#2123=DIRECTION('',(0.,0.,1.));
#2124=DIRECTION('',(0.,-1.,6.28296965862272E-17));
#2125=DIRECTION('center_axis',(0.,0.,-1.));
#2126=DIRECTION('ref_axis',(-1.,0.,0.));
#2127=DIRECTION('',(0.,1.,0.));
#2128=DIRECTION('',(1.,0.,0.));
#2129=DIRECTION('center_axis',(0.,0.,1.));
#2130=DIRECTION('ref_axis',(1.,0.,0.));
#2131=DIRECTION('center_axis',(0.,1.,0.));
#2132=DIRECTION('ref_axis',(0.707106781186548,0.,-0.707106781186547));
#2133=DIRECTION('',(0.,-1.,0.));
#2134=DIRECTION('center_axis',(0.,0.707106781186536,0.707106781186559));
#2135=DIRECTION('ref_axis',(0.,0.707106781186559,-0.707106781186536));
#2136=DIRECTION('center_axis',(0.,-0.707106781186536,-0.707106781186559));
#2137=DIRECTION('ref_axis',(-1.,0.,0.));
#2138=DIRECTION('',(0.,0.707106781186559,-0.707106781186536));
#2139=DIRECTION('',(1.,0.,0.));
#2140=DIRECTION('center_axis',(1.,0.,0.));
#2141=DIRECTION('ref_axis',(0.,0.,-1.));
#2142=DIRECTION('',(0.,1.,-6.28296965862272E-17));
#2143=DIRECTION('',(0.,0.,-1.));
#2144=DIRECTION('center_axis',(0.,-6.28296965862272E-17,-1.));
#2145=DIRECTION('ref_axis',(-1.,0.,0.));
#2146=DIRECTION('',(-1.,0.,0.));
#2147=DIRECTION('',(0.,1.,-6.28296965862272E-17));
#2148=DIRECTION('',(1.,0.,0.));
#2149=DIRECTION('',(0.,1.,-6.28296965862272E-17));
#2150=DIRECTION('',(-1.,0.,0.));
#2151=DIRECTION('',(0.,1.,-6.28296965862272E-17));
#2152=DIRECTION('',(-1.,0.,0.));
#2153=DIRECTION('',(0.,-1.,6.28296965862272E-17));
#2154=DIRECTION('',(-1.,0.,0.));
#2155=DIRECTION('',(0.,-1.,6.28296965862272E-17));
#2156=DIRECTION('',(1.,0.,0.));
#2157=DIRECTION('',(0.,-1.,6.28296965862272E-17));
#2158=DIRECTION('',(-1.,0.,0.));
#2159=DIRECTION('',(0.,1.,-6.28296965862272E-17));
#2160=DIRECTION('',(1.,0.,0.));
#2161=DIRECTION('',(0.,1.,-6.28296965862272E-17));
#2162=DIRECTION('',(-1.,0.,0.));
#2163=DIRECTION('',(0.,1.,-6.28296965862272E-17));
#2164=DIRECTION('',(-1.,0.,0.));
#2165=DIRECTION('',(0.,-1.,6.28296965862272E-17));
#2166=DIRECTION('',(-1.,0.,0.));
#2167=DIRECTION('',(0.,-1.,6.28296965862272E-17));
#2168=DIRECTION('',(1.,0.,0.));
#2169=DIRECTION('',(0.,-1.,6.28296965862272E-17));
#2170=DIRECTION('',(-1.,0.,0.));
#2171=DIRECTION('',(0.,1.,-6.28296965862272E-17));
#2172=DIRECTION('',(1.,0.,0.));
#2173=DIRECTION('',(0.,1.,-6.28296965862272E-17));
#2174=DIRECTION('',(-1.,0.,0.));
#2175=DIRECTION('',(0.,1.,-6.28296965862272E-17));
#2176=DIRECTION('',(-1.,0.,0.));
#2177=DIRECTION('',(0.,-1.,6.28296965862272E-17));
#2178=DIRECTION('',(-1.,0.,0.));
#2179=DIRECTION('',(0.,-1.,6.28296965862272E-17));
#2180=DIRECTION('',(1.,0.,0.));
#2181=DIRECTION('',(0.,-1.,6.28296965862272E-17));
#2182=DIRECTION('',(-1.,0.,0.));
#2183=DIRECTION('center_axis',(0.,-1.,0.));
#2184=DIRECTION('ref_axis',(0.,0.,-1.));
#2185=DIRECTION('',(0.,0.,1.));
#2186=DIRECTION('',(1.,0.,0.));
#2187=DIRECTION('',(0.,0.,-1.));
#2188=DIRECTION('',(0.,0.,1.));
#2189=DIRECTION('',(1.,0.,0.));
#2190=DIRECTION('',(0.,0.,-1.));
#2191=DIRECTION('',(0.,0.,1.));
#2192=DIRECTION('',(1.,0.,0.));
#2193=DIRECTION('',(0.,0.,-1.));
#2194=DIRECTION('center_axis',(1.,0.,0.));
#2195=DIRECTION('ref_axis',(0.,0.,-1.));
#2196=DIRECTION('',(0.,0.,-1.));
#2197=DIRECTION('',(0.,1.,0.));
#2198=DIRECTION('center_axis',(0.,1.,0.));
#2199=DIRECTION('ref_axis',(0.,0.,1.));
#2200=DIRECTION('',(0.,0.,1.));
#2201=DIRECTION('',(1.,0.,0.));
#2202=DIRECTION('center_axis',(1.,0.,0.));
#2203=DIRECTION('ref_axis',(0.,0.,-1.));
#2204=DIRECTION('',(0.,0.,-1.));
#2205=DIRECTION('',(0.,1.,0.));
#2206=DIRECTION('center_axis',(0.,-1.,0.));
#2207=DIRECTION('ref_axis',(0.,0.,-1.));
#2208=DIRECTION('',(0.,0.,1.));
#2209=DIRECTION('',(1.,0.,0.));
#2210=DIRECTION('center_axis',(1.,0.,0.));
#2211=DIRECTION('ref_axis',(0.,0.,-1.));
#2212=DIRECTION('',(0.,0.,1.));
#2213=DIRECTION('',(0.,1.,0.));
#2214=DIRECTION('center_axis',(0.,-1.,0.));
#2215=DIRECTION('ref_axis',(0.,0.,-1.));
#2216=DIRECTION('',(0.,0.,-1.));
#2217=DIRECTION('',(1.,0.,0.));
#2218=DIRECTION('center_axis',(-1.,0.,0.));
#2219=DIRECTION('ref_axis',(0.,0.,1.));
#2220=DIRECTION('',(0.,-1.03256354087162E-19,-1.));
#2221=DIRECTION('',(0.,-1.,0.));
#2222=DIRECTION('center_axis',(0.,-1.,1.03256354087162E-19));
#2223=DIRECTION('ref_axis',(0.,0.,1.));
#2224=DIRECTION('',(0.,1.03256354087162E-19,1.));
#2225=DIRECTION('',(-1.,0.,0.));
#2226=DIRECTION('center_axis',(-1.,0.,0.));
#2227=DIRECTION('ref_axis',(0.,0.,1.));
#2228=DIRECTION('',(0.,-1.03256354087162E-19,-1.));
#2229=DIRECTION('',(0.,-1.,1.03256354087162E-19));
#2230=DIRECTION('center_axis',(0.,1.,-1.03256354087162E-19));
#2231=DIRECTION('ref_axis',(0.,0.,-1.));
#2232=DIRECTION('',(0.,1.03256354087162E-19,1.));
#2233=DIRECTION('',(-1.,0.,0.));
#2234=DIRECTION('center_axis',(-1.,0.,0.));
#2235=DIRECTION('ref_axis',(0.,0.,1.));
#2236=DIRECTION('',(0.,-1.,0.));
#2237=DIRECTION('center_axis',(1.,0.,0.));
#2238=DIRECTION('ref_axis',(0.,0.,-1.));
#2239=DIRECTION('',(0.,0.,-1.));
#2240=DIRECTION('',(0.,1.,0.));
#2241=DIRECTION('center_axis',(0.,1.,0.));
#2242=DIRECTION('ref_axis',(0.,0.,1.));
#2243=DIRECTION('',(0.,0.,1.));
#2244=DIRECTION('',(1.,0.,0.));
#2245=DIRECTION('center_axis',(1.,0.,0.));
#2246=DIRECTION('ref_axis',(0.,0.,-1.));
#2247=DIRECTION('',(0.,0.,-1.));
#2248=DIRECTION('',(0.,1.,0.));
#2249=DIRECTION('center_axis',(0.,-1.,0.));
#2250=DIRECTION('ref_axis',(0.,0.,-1.));
#2251=DIRECTION('',(0.,0.,1.));
#2252=DIRECTION('',(1.,0.,0.));
#2253=DIRECTION('center_axis',(1.,0.,0.));
#2254=DIRECTION('ref_axis',(0.,0.,-1.));
#2255=DIRECTION('',(0.,0.,1.));
#2256=DIRECTION('',(0.,1.,0.));
#2257=DIRECTION('center_axis',(0.,-1.,0.));
#2258=DIRECTION('ref_axis',(0.,0.,-1.));
#2259=DIRECTION('',(0.,0.,-1.));
#2260=DIRECTION('',(1.,0.,0.));
#2261=DIRECTION('center_axis',(-1.,0.,0.));
#2262=DIRECTION('ref_axis',(0.,0.,1.));
#2263=DIRECTION('',(0.,-1.03256354087162E-19,-1.));
#2264=DIRECTION('',(0.,-1.,0.));
#2265=DIRECTION('center_axis',(0.,-1.,1.03256354087162E-19));
#2266=DIRECTION('ref_axis',(0.,0.,1.));
#2267=DIRECTION('',(0.,1.03256354087162E-19,1.));
#2268=DIRECTION('',(-1.,0.,0.));
#2269=DIRECTION('center_axis',(-1.,0.,0.));
#2270=DIRECTION('ref_axis',(0.,0.,1.));
#2271=DIRECTION('',(0.,-1.03256354087162E-19,-1.));
#2272=DIRECTION('',(0.,-1.,1.03256354087162E-19));
#2273=DIRECTION('center_axis',(0.,1.,-1.03256354087162E-19));
#2274=DIRECTION('ref_axis',(0.,0.,-1.));
#2275=DIRECTION('',(0.,1.03256354087162E-19,1.));
#2276=DIRECTION('',(-1.,0.,0.));
#2277=DIRECTION('center_axis',(-1.,0.,0.));
#2278=DIRECTION('ref_axis',(0.,0.,1.));
#2279=DIRECTION('',(0.,-1.,0.));
#2280=DIRECTION('center_axis',(1.,0.,0.));
#2281=DIRECTION('ref_axis',(0.,0.,-1.));
#2282=DIRECTION('',(0.,0.,-1.));
#2283=DIRECTION('',(0.,1.,0.));
#2284=DIRECTION('center_axis',(0.,1.,0.));
#2285=DIRECTION('ref_axis',(0.,0.,1.));
#2286=DIRECTION('',(0.,0.,1.));
#2287=DIRECTION('',(1.,0.,0.));
#2288=DIRECTION('center_axis',(1.,0.,0.));
#2289=DIRECTION('ref_axis',(0.,0.,-1.));
#2290=DIRECTION('',(0.,0.,-1.));
#2291=DIRECTION('',(0.,1.,0.));
#2292=DIRECTION('center_axis',(0.,-1.,0.));
#2293=DIRECTION('ref_axis',(0.,0.,-1.));
#2294=DIRECTION('',(0.,0.,1.));
#2295=DIRECTION('',(1.,0.,0.));
#2296=DIRECTION('center_axis',(1.,0.,0.));
#2297=DIRECTION('ref_axis',(0.,0.,-1.));
#2298=DIRECTION('',(0.,0.,1.));
#2299=DIRECTION('',(0.,1.,0.));
#2300=DIRECTION('center_axis',(0.,-1.,0.));
#2301=DIRECTION('ref_axis',(0.,0.,-1.));
#2302=DIRECTION('',(0.,0.,-1.));
#2303=DIRECTION('',(1.,0.,0.));
#2304=DIRECTION('center_axis',(-1.,0.,0.));
#2305=DIRECTION('ref_axis',(0.,0.,1.));
#2306=DIRECTION('',(0.,-1.03256354087162E-19,-1.));
#2307=DIRECTION('',(0.,-1.,0.));
#2308=DIRECTION('center_axis',(0.,-1.,1.03256354087162E-19));
#2309=DIRECTION('ref_axis',(0.,0.,1.));
#2310=DIRECTION('',(0.,1.03256354087162E-19,1.));
#2311=DIRECTION('',(-1.,0.,0.));
#2312=DIRECTION('center_axis',(-1.,0.,0.));
#2313=DIRECTION('ref_axis',(0.,0.,1.));
#2314=DIRECTION('',(0.,-1.03256354087162E-19,-1.));
#2315=DIRECTION('',(0.,-1.,-4.0064838932125E-17));
#2316=DIRECTION('center_axis',(0.,1.,-1.03256354087162E-19));
#2317=DIRECTION('ref_axis',(0.,0.,-1.));
#2318=DIRECTION('',(0.,1.03256354087162E-19,1.));
#2319=DIRECTION('',(-1.,0.,0.));
#2320=DIRECTION('center_axis',(-1.,0.,0.));
#2321=DIRECTION('ref_axis',(0.,0.,1.));
#2322=DIRECTION('',(0.,-1.,0.));
#2323=DIRECTION('center_axis',(0.,0.,-1.));
#2324=DIRECTION('ref_axis',(-1.,0.,0.));
#2325=DIRECTION('center_axis',(0.,0.,-1.));
#2326=DIRECTION('ref_axis',(-1.,0.,0.));
#2327=DIRECTION('center_axis',(0.,0.,-1.));
#2328=DIRECTION('ref_axis',(-1.,0.,0.));
#2329=DIRECTION('center_axis',(0.,0.,1.));
#2330=DIRECTION('ref_axis',(1.,0.,0.));
#2331=DIRECTION('center_axis',(0.,0.,1.));
#2332=DIRECTION('ref_axis',(1.,0.,0.));
#2333=DIRECTION('center_axis',(0.,0.,1.));
#2334=DIRECTION('ref_axis',(1.,0.,0.));
#2335=CARTESIAN_POINT('',(0.,0.,0.));
#2336=CARTESIAN_POINT('Origin',(0.00913020730952685,0.6795,0.0309993683989198));
#2337=CARTESIAN_POINT('',(0.0251308389106066,0.621080763362961,0.047));
#2338=CARTESIAN_POINT('',(-0.00586916108939256,0.619998219508717,0.016));
#2339=CARTESIAN_POINT('',(0.0177669414119834,0.620823610395851,0.0396361025013766));
#2340=CARTESIAN_POINT('',(0.0251308389106066,0.737917456145756,0.047));
#2341=CARTESIAN_POINT('',(0.0251308389106066,0.64925,0.047));
#2342=CARTESIAN_POINT('',(-0.00586916108939279,0.739,0.016));
#2343=CARTESIAN_POINT('',(0.0217576564682121,0.73803525027228,0.0436268175576054));
#2344=CARTESIAN_POINT('',(-0.00586916108939254,0.33975,0.016));
#2345=CARTESIAN_POINT('Origin',(0.0736295757084469,0.739034899496702,0.0150006091729809));
#2346=CARTESIAN_POINT('',(0.122128312506287,0.737917456145756,0.047));
#2347=CARTESIAN_POINT('',(0.0746651096143797,0.737917456145756,0.047));
#2348=CARTESIAN_POINT('',(0.153128312506287,0.739,0.016));
#2349=CARTESIAN_POINT('',(0.125501494948681,0.73803525027228,0.0436268175576056));
#2350=CARTESIAN_POINT('',(0.154129575708447,0.739,0.016));
#2351=CARTESIAN_POINT('Origin',(0.0757006435203124,0.619,0.047));
#2352=CARTESIAN_POINT('',(0.122128312506287,0.621080763362961,0.047));
#2353=CARTESIAN_POINT('',(0.0746651096143797,0.621080763362961,0.047));
#2354=CARTESIAN_POINT('',(0.122128312506287,0.64925,0.047));
#2355=CARTESIAN_POINT('Origin',(0.138128944107367,0.6795,0.03099936839892));
#2356=CARTESIAN_POINT('',(0.153128312506287,0.619998219508717,0.016));
#2357=CARTESIAN_POINT('',(0.12949221000491,0.620823610395851,0.039636102501377));
#2358=CARTESIAN_POINT('',(0.153128312506287,0.33975,0.016));
#2359=CARTESIAN_POINT('Origin',(0.073629575708447,0.619406221952209,-0.00095259197102612));
#2360=CARTESIAN_POINT('',(0.0107325023493559,0.619998219508717,0.016));
#2361=CARTESIAN_POINT('',(0.0368147878542235,0.619998219508717,0.016));
#2362=CARTESIAN_POINT('',(0.0107325023493559,0.62,0.0160509865993493));
#2363=CARTESIAN_POINT('',(0.0107325023493559,0.619194971235958,-0.00700202098779992));
#2364=CARTESIAN_POINT('',(0.0277325023493558,0.62,0.0160509865993493));
#2365=CARTESIAN_POINT('',(0.0277325023493558,0.62,0.0160509865993493));
#2366=CARTESIAN_POINT('',(0.0277325023493558,0.619998219508717,0.016));
#2367=CARTESIAN_POINT('',(0.0277325023493558,0.619194971235958,-0.00700202098779992));
#2368=CARTESIAN_POINT('',(0.0607325023493557,0.619998219508717,0.016));
#2369=CARTESIAN_POINT('',(0.0368147878542235,0.619998219508717,0.016));
#2370=CARTESIAN_POINT('',(0.0607325023493557,0.62,0.0160509865993493));
#2371=CARTESIAN_POINT('',(0.0607325023493557,0.619194971235958,-0.00700202098779992));
#2372=CARTESIAN_POINT('',(0.0777325023493556,0.62,0.0160509865993493));
#2373=CARTESIAN_POINT('',(0.0777325023493556,0.62,0.0160509865993493));
#2374=CARTESIAN_POINT('',(0.0777325023493556,0.619998219508717,0.016));
#2375=CARTESIAN_POINT('',(0.0777325023493556,0.619194971235958,-0.00700202098779992));
#2376=CARTESIAN_POINT('',(0.110732502349356,0.619998219508717,0.016));
#2377=CARTESIAN_POINT('',(0.0368147878542235,0.619998219508717,0.016));
#2378=CARTESIAN_POINT('',(0.110732502349356,0.62,0.0160509865993493));
#2379=CARTESIAN_POINT('',(0.110732502349356,0.619194971235958,-0.00700202098779992));
#2380=CARTESIAN_POINT('',(0.127732502349356,0.62,0.0160509865993493));
#2381=CARTESIAN_POINT('',(0.127732502349356,0.62,0.0160509865993493));
#2382=CARTESIAN_POINT('',(0.127732502349356,0.619998219508717,0.016));
#2383=CARTESIAN_POINT('',(0.127732502349356,0.619194971235958,-0.00700202098779992));
#2384=CARTESIAN_POINT('',(0.0368147878542235,0.619998219508717,0.016));
#2385=CARTESIAN_POINT('Origin',(0.,1.00527514537964E-18,0.016));
#2386=CARTESIAN_POINT('',(0.0277325023493558,0.565,0.016));
#2387=CARTESIAN_POINT('',(0.0277325023493558,0.136207640294669,0.016));
#2388=CARTESIAN_POINT('',(0.0297325023493558,0.565,0.016));
#2389=CARTESIAN_POINT('',(0.0138662511746779,0.565,0.016));
#2390=CARTESIAN_POINT('',(0.0297325023493558,0.545,0.016));
#2391=CARTESIAN_POINT('',(0.0297325023493558,0.2775,0.016));
#2392=CARTESIAN_POINT('',(0.0277325023493558,0.545,0.016));
#2393=CARTESIAN_POINT('',(0.0138662511746779,0.545,0.016));
#2394=CARTESIAN_POINT('',(0.0277325023493558,-8.47194106629003E-5,0.016));
#2395=CARTESIAN_POINT('',(0.0277325023493558,0.136207640294669,0.016));
#2396=CARTESIAN_POINT('',(0.0107325023493559,-8.47194106629003E-5,0.016));
#2397=CARTESIAN_POINT('',(0.00961625117467792,-8.47194106629003E-5,0.016));
#2398=CARTESIAN_POINT('',(0.0107325023493559,0.545,0.016));
#2399=CARTESIAN_POINT('',(0.0107325023493559,0.136207640294669,0.016));
#2400=CARTESIAN_POINT('',(0.0087325023493559,0.545,0.016));
#2401=CARTESIAN_POINT('',(0.00536625117467795,0.545,0.016));
#2402=CARTESIAN_POINT('',(0.0087325023493559,0.565,0.016));
#2403=CARTESIAN_POINT('',(0.0087325023493559,0.2775,0.016));
#2404=CARTESIAN_POINT('',(0.0107325023493559,0.565,0.016));
#2405=CARTESIAN_POINT('',(0.00536625117467795,0.565,0.016));
#2406=CARTESIAN_POINT('',(0.0107325023493559,0.136207640294669,0.016));
#2407=CARTESIAN_POINT('',(0.127732502349356,0.565,0.016));
#2408=CARTESIAN_POINT('',(0.127732502349356,0.136207640294669,0.016));
#2409=CARTESIAN_POINT('',(0.129732502349356,0.565,0.016));
#2410=CARTESIAN_POINT('',(0.063866251174678,0.565,0.016));
#2411=CARTESIAN_POINT('',(0.129732502349356,0.545,0.016));
#2412=CARTESIAN_POINT('',(0.129732502349356,0.2775,0.016));
#2413=CARTESIAN_POINT('',(0.127732502349356,0.545,0.016));
#2414=CARTESIAN_POINT('',(0.063866251174678,0.545,0.016));
#2415=CARTESIAN_POINT('',(0.127732502349356,-8.47194106629003E-5,0.016));
#2416=CARTESIAN_POINT('',(0.127732502349356,0.136207640294669,0.016));
#2417=CARTESIAN_POINT('',(0.110732502349356,-8.47194106629003E-5,0.016));
#2418=CARTESIAN_POINT('',(0.059616251174678,-8.47194106629003E-5,0.016));
#2419=CARTESIAN_POINT('',(0.110732502349356,0.545,0.016));
#2420=CARTESIAN_POINT('',(0.110732502349356,0.136207640294669,0.016));
#2421=CARTESIAN_POINT('',(0.108732502349356,0.545,0.016));
#2422=CARTESIAN_POINT('',(0.055366251174678,0.545,0.016));
#2423=CARTESIAN_POINT('',(0.108732502349356,0.565,0.016));
#2424=CARTESIAN_POINT('',(0.108732502349356,0.2775,0.016));
#2425=CARTESIAN_POINT('',(0.110732502349356,0.565,0.016));
#2426=CARTESIAN_POINT('',(0.055366251174678,0.565,0.016));
#2427=CARTESIAN_POINT('',(0.110732502349356,0.136207640294669,0.016));
#2428=CARTESIAN_POINT('',(0.0777325023493556,0.565,0.016));
#2429=CARTESIAN_POINT('',(0.0777325023493556,0.136207640294669,0.016));
#2430=CARTESIAN_POINT('',(0.0797325023493556,0.565,0.016));
#2431=CARTESIAN_POINT('',(0.0388662511746778,0.565,0.016));
#2432=CARTESIAN_POINT('',(0.0797325023493556,0.545,0.016));
#2433=CARTESIAN_POINT('',(0.0797325023493556,0.2775,0.016));
#2434=CARTESIAN_POINT('',(0.0777325023493556,0.545,0.016));
#2435=CARTESIAN_POINT('',(0.0388662511746778,0.545,0.016));
#2436=CARTESIAN_POINT('',(0.0777325023493556,-8.47194106629003E-5,0.016));
#2437=CARTESIAN_POINT('',(0.0777325023493556,0.136207640294669,0.016));
#2438=CARTESIAN_POINT('',(0.0607325023493557,-8.47194106629003E-5,0.016));
#2439=CARTESIAN_POINT('',(0.0346162511746778,-8.47194106629003E-5,0.016));
#2440=CARTESIAN_POINT('',(0.0607325023493557,0.545,0.016));
#2441=CARTESIAN_POINT('',(0.0607325023493557,0.136207640294669,0.016));
#2442=CARTESIAN_POINT('',(0.0587325023493557,0.545,0.016));
#2443=CARTESIAN_POINT('',(0.0303662511746778,0.545,0.016));
#2444=CARTESIAN_POINT('',(0.0587325023493557,0.565,0.016));
#2445=CARTESIAN_POINT('',(0.0587325023493557,0.2775,0.016));
#2446=CARTESIAN_POINT('',(0.0607325023493557,0.565,0.016));
#2447=CARTESIAN_POINT('',(0.0303662511746778,0.565,0.016));
#2448=CARTESIAN_POINT('',(0.0607325023493557,0.136207640294669,0.016));
#2449=CARTESIAN_POINT('Origin',(0.127732502349356,0.272415280589337,-0.000949013400650691));
#2450=CARTESIAN_POINT('',(0.127732502349356,0.565,0.0160509865993493));
#2451=CARTESIAN_POINT('',(0.127732502349356,0.559915280589337,0.0160509865993493));
#2452=CARTESIAN_POINT('',(0.127732502349356,0.565,-0.000449013400650691));
#2453=CARTESIAN_POINT('Origin',(0.127732502349356,0.565,5.09865993493093E-5));
#2454=CARTESIAN_POINT('',(0.129732502349356,0.565,0.0160509865993493));
#2455=CARTESIAN_POINT('',(0.127732502349356,0.565,0.0160509865993493));
#2456=CARTESIAN_POINT('',(0.129732502349356,0.565,5.09865993493093E-5));
#2457=CARTESIAN_POINT('Origin',(0.129732502349356,0.555,0.00805098659934931));
#2458=CARTESIAN_POINT('',(0.129732502349356,0.545,0.0160509865993493));
#2459=CARTESIAN_POINT('',(0.129732502349356,0.565,0.0160509865993493));
#2460=CARTESIAN_POINT('',(0.129732502349356,0.545,0.0160509865993493));
#2461=CARTESIAN_POINT('Origin',(0.127732502349356,0.545,0.0160509865993493));
#2462=CARTESIAN_POINT('',(0.127732502349356,0.545,0.0160509865993493));
#2463=CARTESIAN_POINT('',(0.127732502349356,0.545,0.0160509865993493));
#2464=CARTESIAN_POINT('',(0.127732502349356,0.545,0.00755098659934931));
#2465=CARTESIAN_POINT('Origin',(0.127732502349356,0.272415280589337,-0.000949013400650691));
#2466=CARTESIAN_POINT('',(0.127732502349356,-8.47194106629003E-5,0.0160509865993493));
#2467=CARTESIAN_POINT('',(0.127732502349356,0.559915280589337,0.0160509865993493));
#2468=CARTESIAN_POINT('',(0.127732502349356,-8.47194106629003E-5,0.0160509865993493));
#2469=CARTESIAN_POINT('Origin',(0.119232502349356,-8.47194106629003E-5,
0.0080509865993493));
#2470=CARTESIAN_POINT('',(0.110732502349356,-8.47194106629003E-5,0.0160509865993493));
#2471=CARTESIAN_POINT('',(0.110732502349356,-8.47194106629003E-5,0.0160509865993493));
#2472=CARTESIAN_POINT('',(0.110732502349356,-8.47194106629003E-5,5.09865993493092E-5));
#2473=CARTESIAN_POINT('Origin',(0.110732502349356,0.272415280589337,-0.000949013400650691));
#2474=CARTESIAN_POINT('',(0.110732502349356,0.545,0.0160509865993493));
#2475=CARTESIAN_POINT('',(0.110732502349356,0.62,0.0160509865993493));
#2476=CARTESIAN_POINT('',(0.110732502349356,0.545,-0.000449013400650691));
#2477=CARTESIAN_POINT('Origin',(0.110732502349356,0.545,5.09865993493092E-5));
#2478=CARTESIAN_POINT('',(0.108732502349356,0.545,0.0160509865993493));
#2479=CARTESIAN_POINT('',(0.110732502349356,0.545,0.0160509865993493));
#2480=CARTESIAN_POINT('',(0.108732502349356,0.545,5.09865993493092E-5));
#2481=CARTESIAN_POINT('Origin',(0.108732502349356,0.555,0.00805098659934931));
#2482=CARTESIAN_POINT('',(0.108732502349356,0.565,0.0160509865993493));
#2483=CARTESIAN_POINT('',(0.108732502349356,0.545,0.0160509865993493));
#2484=CARTESIAN_POINT('',(0.108732502349356,0.565,0.0160509865993493));
#2485=CARTESIAN_POINT('Origin',(0.110732502349356,0.565,0.0160509865993493));
#2486=CARTESIAN_POINT('',(0.110732502349356,0.565,0.0160509865993493));
#2487=CARTESIAN_POINT('',(0.110732502349356,0.565,0.0160509865993493));
#2488=CARTESIAN_POINT('',(0.110732502349356,0.565,0.0075509865993493));
#2489=CARTESIAN_POINT('Origin',(0.110732502349356,0.272415280589337,-0.000949013400650691));
#2490=CARTESIAN_POINT('',(0.110732502349356,0.62,0.0160509865993493));
#2491=CARTESIAN_POINT('Origin',(0.0777325023493556,0.272415280589337,-0.000949013400650691));
#2492=CARTESIAN_POINT('',(0.0777325023493556,0.565,0.0160509865993493));
#2493=CARTESIAN_POINT('',(0.0777325023493556,0.559915280589337,0.0160509865993493));
#2494=CARTESIAN_POINT('',(0.0777325023493556,0.565,-0.000449013400650691));
#2495=CARTESIAN_POINT('Origin',(0.0777325023493556,0.565,5.09865993493093E-5));
#2496=CARTESIAN_POINT('',(0.0797325023493556,0.565,0.0160509865993493));
#2497=CARTESIAN_POINT('',(0.0777325023493556,0.565,0.0160509865993493));
#2498=CARTESIAN_POINT('',(0.0797325023493556,0.565,5.09865993493093E-5));
#2499=CARTESIAN_POINT('Origin',(0.0797325023493556,0.555,0.00805098659934931));
#2500=CARTESIAN_POINT('',(0.0797325023493556,0.545,0.0160509865993493));
#2501=CARTESIAN_POINT('',(0.0797325023493556,0.565,0.0160509865993493));
#2502=CARTESIAN_POINT('',(0.0797325023493556,0.545,0.0160509865993493));
#2503=CARTESIAN_POINT('Origin',(0.0777325023493556,0.545,0.0160509865993493));
#2504=CARTESIAN_POINT('',(0.0777325023493556,0.545,0.0160509865993493));
#2505=CARTESIAN_POINT('',(0.0777325023493556,0.545,0.0160509865993493));
#2506=CARTESIAN_POINT('',(0.0777325023493556,0.545,0.00755098659934931));
#2507=CARTESIAN_POINT('Origin',(0.0777325023493556,0.272415280589337,-0.000949013400650691));
#2508=CARTESIAN_POINT('',(0.0777325023493556,-8.47194106629003E-5,0.0160509865993493));
#2509=CARTESIAN_POINT('',(0.0777325023493556,0.559915280589337,0.0160509865993493));
#2510=CARTESIAN_POINT('',(0.0777325023493556,-8.47194106629003E-5,0.0160509865993493));
#2511=CARTESIAN_POINT('Origin',(0.0692325023493557,-8.47194106629003E-5,
0.0080509865993493));
#2512=CARTESIAN_POINT('',(0.0607325023493557,-8.47194106629003E-5,0.0160509865993493));
#2513=CARTESIAN_POINT('',(0.0607325023493557,-8.47194106629003E-5,0.0160509865993493));
#2514=CARTESIAN_POINT('',(0.0607325023493557,-8.47194106629003E-5,5.09865993493092E-5));
#2515=CARTESIAN_POINT('Origin',(0.0607325023493557,0.272415280589337,-0.000949013400650691));
#2516=CARTESIAN_POINT('',(0.0607325023493557,0.545,0.0160509865993493));
#2517=CARTESIAN_POINT('',(0.0607325023493557,0.62,0.0160509865993493));
#2518=CARTESIAN_POINT('',(0.0607325023493557,0.545,-0.000449013400650691));
#2519=CARTESIAN_POINT('Origin',(0.0607325023493557,0.545,5.09865993493092E-5));
#2520=CARTESIAN_POINT('',(0.0587325023493557,0.545,0.0160509865993493));
#2521=CARTESIAN_POINT('',(0.0607325023493557,0.545,0.0160509865993493));
#2522=CARTESIAN_POINT('',(0.0587325023493557,0.545,5.09865993493092E-5));
#2523=CARTESIAN_POINT('Origin',(0.0587325023493557,0.555,0.00805098659934931));
#2524=CARTESIAN_POINT('',(0.0587325023493557,0.565,0.0160509865993493));
#2525=CARTESIAN_POINT('',(0.0587325023493557,0.545,0.0160509865993493));
#2526=CARTESIAN_POINT('',(0.0587325023493557,0.565,0.0160509865993493));
#2527=CARTESIAN_POINT('Origin',(0.0607325023493557,0.565,0.0160509865993493));
#2528=CARTESIAN_POINT('',(0.0607325023493557,0.565,0.0160509865993493));
#2529=CARTESIAN_POINT('',(0.0607325023493557,0.565,0.0160509865993493));
#2530=CARTESIAN_POINT('',(0.0607325023493557,0.565,0.0075509865993493));
#2531=CARTESIAN_POINT('Origin',(0.0607325023493557,0.272415280589337,-0.000949013400650691));
#2532=CARTESIAN_POINT('',(0.0607325023493557,0.62,0.0160509865993493));
#2533=CARTESIAN_POINT('Origin',(0.0277325023493558,0.272415280589337,-0.000949013400650691));
#2534=CARTESIAN_POINT('',(0.0277325023493558,0.565,0.0160509865993493));
#2535=CARTESIAN_POINT('',(0.0277325023493558,0.634915280589337,0.0160509865993493));
#2536=CARTESIAN_POINT('',(0.0277325023493558,0.565,-0.000449013400650691));
#2537=CARTESIAN_POINT('Origin',(0.0277325023493558,0.565,5.09865993493093E-5));
#2538=CARTESIAN_POINT('',(0.0297325023493558,0.565,0.0160509865993493));
#2539=CARTESIAN_POINT('',(0.0277325023493558,0.565,0.0160509865993493));
#2540=CARTESIAN_POINT('',(0.0297325023493558,0.565,5.09865993493093E-5));
#2541=CARTESIAN_POINT('Origin',(0.0297325023493558,0.555,0.00805098659934931));
#2542=CARTESIAN_POINT('',(0.0297325023493558,0.545,0.0160509865993493));
#2543=CARTESIAN_POINT('',(0.0297325023493558,0.565,0.0160509865993493));
#2544=CARTESIAN_POINT('',(0.0297325023493558,0.545,0.0160509865993493));
#2545=CARTESIAN_POINT('Origin',(0.0277325023493558,0.545,0.0160509865993493));
#2546=CARTESIAN_POINT('',(0.0277325023493558,0.545,0.0160509865993493));
#2547=CARTESIAN_POINT('',(0.0277325023493558,0.545,0.0160509865993493));
#2548=CARTESIAN_POINT('',(0.0277325023493558,0.545,0.0075509865993493));
#2549=CARTESIAN_POINT('Origin',(0.0277325023493558,0.272415280589337,-0.000949013400650691));
#2550=CARTESIAN_POINT('',(0.0277325023493558,-8.47194106629003E-5,0.0160509865993493));
#2551=CARTESIAN_POINT('',(0.0277325023493558,0.634915280589337,0.0160509865993493));
#2552=CARTESIAN_POINT('',(0.0277325023493558,-8.47194106629003E-5,0.0160509865993493));
#2553=CARTESIAN_POINT('Origin',(0.0192325023493558,-8.47194106629003E-5,
0.0080509865993493));
#2554=CARTESIAN_POINT('',(0.0107325023493559,-8.47194106629003E-5,0.0160509865993493));
#2555=CARTESIAN_POINT('',(0.0107325023493559,-8.47194106629003E-5,0.0160509865993493));
#2556=CARTESIAN_POINT('',(0.0107325023493559,-8.47194106629003E-5,5.09865993493092E-5));
#2557=CARTESIAN_POINT('Origin',(0.0107325023493559,0.272415280589337,-0.000949013400650691));
#2558=CARTESIAN_POINT('',(0.0107325023493559,0.545,0.0160509865993493));
#2559=CARTESIAN_POINT('',(0.0107325023493559,0.62,0.0160509865993493));
#2560=CARTESIAN_POINT('',(0.0107325023493559,0.545,-0.000449013400650691));
#2561=CARTESIAN_POINT('Origin',(0.0107325023493559,0.545,5.09865993493092E-5));
#2562=CARTESIAN_POINT('',(0.0087325023493559,0.545,0.0160509865993493));
#2563=CARTESIAN_POINT('',(0.0107325023493559,0.545,0.0160509865993493));
#2564=CARTESIAN_POINT('',(0.0087325023493559,0.545,5.09865993493092E-5));
#2565=CARTESIAN_POINT('Origin',(0.0087325023493559,0.555,0.0080509865993493));
#2566=CARTESIAN_POINT('',(0.0087325023493559,0.565,0.0160509865993493));
#2567=CARTESIAN_POINT('',(0.0087325023493559,0.545,0.0160509865993493));
#2568=CARTESIAN_POINT('',(0.0087325023493559,0.565,0.0160509865993493));
#2569=CARTESIAN_POINT('Origin',(0.0107325023493559,0.565,0.0160509865993493));
#2570=CARTESIAN_POINT('',(0.0107325023493559,0.565,0.0160509865993493));
#2571=CARTESIAN_POINT('',(0.0107325023493559,0.565,0.0160509865993493));
#2572=CARTESIAN_POINT('',(0.0107325023493559,0.565,0.0075509865993493));
#2573=CARTESIAN_POINT('Origin',(0.0107325023493559,0.272415280589337,-0.000949013400650691));
#2574=CARTESIAN_POINT('',(0.0107325023493559,0.62,0.0160509865993493));
#2575=CARTESIAN_POINT('Origin',(0.0192325023493558,0.00391528058933721,
0.0160509865993493));
#2576=CARTESIAN_POINT('Origin',(0.0192325023493558,0.00391528058933721,
0.0160509865993493));
#2577=CARTESIAN_POINT('Origin',(0.0192325023493558,0.00391528058933721,
0.0160509865993493));
#2578=CARTESIAN_POINT('Origin',(0.00312957570844691,0.67045,-0.00299999999999993));
#2579=CARTESIAN_POINT('',(0.00312957570844691,0.633,-0.013));
#2580=CARTESIAN_POINT('',(-0.00687042429155315,0.623,-0.00299999999999993));
#2581=CARTESIAN_POINT('Origin',(0.00312957570844691,0.623,-0.00299999999999993));
#2582=CARTESIAN_POINT('',(-0.00687042429155316,0.738336505379657,-0.00299999999999993));
#2583=CARTESIAN_POINT('',(-0.00687042429155316,0.67045,-0.00299999999999993));
#2584=CARTESIAN_POINT('',(0.00312957570844691,0.737987297684739,-0.013));
#2585=CARTESIAN_POINT('Origin',(0.00312957570844691,0.738336505379657,-0.00299999999999993));
#2586=CARTESIAN_POINT('',(0.00312957570844691,0.67045,-0.013));
#2587=CARTESIAN_POINT('Origin',(0.0736295757084469,0.738965100503297,0.0150006091729809));
#2588=CARTESIAN_POINT('',(-0.00687042429155316,0.739,0.016));
#2589=CARTESIAN_POINT('',(-0.00687042429155317,0.738597533130543,0.00447485678824745));
#2590=CARTESIAN_POINT('',(0.155129575708447,0.739,0.016));
#2591=CARTESIAN_POINT('',(0.154129575708447,0.739,0.016));
#2592=CARTESIAN_POINT('',(0.155129575708447,0.738336505379657,-0.00299999999999981));
#2593=CARTESIAN_POINT('',(0.155129575708447,0.738597533130543,0.00447485678824747));
#2594=CARTESIAN_POINT('',(0.145129575708447,0.737987297684739,-0.013));
#2595=CARTESIAN_POINT('Origin',(0.145129575708447,0.738336505379657,-0.00299999999999981));
#2596=CARTESIAN_POINT('',(0.073629575708447,0.737987297684739,-0.013));
#2597=CARTESIAN_POINT('Origin',(-0.00687042429155316,0.6795,-0.00400000000000003));
#2598=CARTESIAN_POINT('',(-0.00687042429155316,0.62,6.16053065133742E-17));
#2599=CARTESIAN_POINT('',(-0.00687042429155315,0.635512185710758,-0.0155121857107575));
#2600=CARTESIAN_POINT('',(-0.00687042429155316,0.62,0.016));
#2601=CARTESIAN_POINT('',(-0.00687042429155315,0.62,-0.00248147820270164));
#2602=CARTESIAN_POINT('',(-0.00687042429155316,0.33975,0.016));
#2603=CARTESIAN_POINT('Origin',(0.073629575708447,0.6614,-0.013));
#2604=CARTESIAN_POINT('',(0.145129575708447,0.633,-0.013));
#2605=CARTESIAN_POINT('',(0.145129575708447,0.67045,-0.013));
#2606=CARTESIAN_POINT('',(0.00312957570844663,0.633,-0.013));
#2607=CARTESIAN_POINT('',(0.0496295757084467,0.686,-0.013));
#2608=CARTESIAN_POINT('Origin',(0.0736295757084467,0.686,-0.013));
#2609=CARTESIAN_POINT('Origin',(0.145129575708447,0.67045,-0.00299999999999981));
#2610=CARTESIAN_POINT('',(0.155129575708447,0.623,-0.00299999999999981));
#2611=CARTESIAN_POINT('',(0.155129575708447,0.67045,-0.00299999999999981));
#2612=CARTESIAN_POINT('Origin',(0.145129575708447,0.623,-0.00299999999999981));
#2613=CARTESIAN_POINT('Origin',(0.073629575708447,0.619274371421515,0.000725628578484946));
#2614=CARTESIAN_POINT('',(0.155129575708447,0.62,6.16053065133742E-17));
#2615=CARTESIAN_POINT('',(0.155129575708447,0.635512185710758,-0.0155121857107575));
#2616=CARTESIAN_POINT('',(0.073629575708447,0.62,6.17440331693024E-17));
#2617=CARTESIAN_POINT('Origin',(0.155129575708447,0.6795,-0.00399999999999999));
#2618=CARTESIAN_POINT('',(0.155129575708447,0.62,0.016));
#2619=CARTESIAN_POINT('',(0.155129575708447,0.33975,0.016));
#2620=CARTESIAN_POINT('',(0.155129575708447,0.62,-0.00248147820270162));
#2621=CARTESIAN_POINT('Origin',(0.,1.00527514537964E-18,0.016));
#2622=CARTESIAN_POINT('',(0.0107325023493559,0.62,0.016));
#2623=CARTESIAN_POINT('',(0.0368147878542235,0.62,0.016));
#2624=CARTESIAN_POINT('',(0.0107325023493559,0.565,0.016));
#2625=CARTESIAN_POINT('',(0.0107325023493559,0.136207640294669,0.016));
#2626=CARTESIAN_POINT('',(0.0087325023493559,0.565,0.016));
#2627=CARTESIAN_POINT('',(0.00536625117467795,0.565,0.016));
#2628=CARTESIAN_POINT('',(0.0087325023493559,0.545,0.016));
#2629=CARTESIAN_POINT('',(0.0087325023493559,0.2775,0.016));
#2630=CARTESIAN_POINT('',(0.0107325023493559,0.545,0.016));
#2631=CARTESIAN_POINT('',(0.00536625117467795,0.545,0.016));
#2632=CARTESIAN_POINT('',(0.0107325023493559,-8.47194106629003E-5,0.016));
#2633=CARTESIAN_POINT('',(0.0107325023493559,0.136207640294669,0.016));
#2634=CARTESIAN_POINT('',(0.0277325023493558,-8.47194106629003E-5,0.016));
#2635=CARTESIAN_POINT('',(0.00961625117467792,-8.47194106629003E-5,0.016));
#2636=CARTESIAN_POINT('',(0.0277325023493558,0.545,0.016));
#2637=CARTESIAN_POINT('',(0.0277325023493558,0.136207640294669,0.016));
#2638=CARTESIAN_POINT('',(0.0297325023493558,0.545,0.016));
#2639=CARTESIAN_POINT('',(0.0138662511746779,0.545,0.016));
#2640=CARTESIAN_POINT('',(0.0297325023493558,0.565,0.016));
#2641=CARTESIAN_POINT('',(0.0297325023493558,0.2775,0.016));
#2642=CARTESIAN_POINT('',(0.0277325023493558,0.565,0.016));
#2643=CARTESIAN_POINT('',(0.0138662511746779,0.565,0.016));
#2644=CARTESIAN_POINT('',(0.0277325023493558,0.62,0.016));
#2645=CARTESIAN_POINT('',(0.0277325023493558,0.136207640294669,0.016));
#2646=CARTESIAN_POINT('',(0.0607325023493557,0.62,0.016));
#2647=CARTESIAN_POINT('',(0.0368147878542235,0.62,0.016));
#2648=CARTESIAN_POINT('',(0.0607325023493557,0.565,0.016));
#2649=CARTESIAN_POINT('',(0.0607325023493557,0.136207640294669,0.016));
#2650=CARTESIAN_POINT('',(0.0587325023493557,0.565,0.016));
#2651=CARTESIAN_POINT('',(0.0303662511746778,0.565,0.016));
#2652=CARTESIAN_POINT('',(0.0587325023493557,0.545,0.016));
#2653=CARTESIAN_POINT('',(0.0587325023493557,0.2775,0.016));
#2654=CARTESIAN_POINT('',(0.0607325023493557,0.545,0.016));
#2655=CARTESIAN_POINT('',(0.0303662511746778,0.545,0.016));
#2656=CARTESIAN_POINT('',(0.0607325023493557,-8.47194106629003E-5,0.016));
#2657=CARTESIAN_POINT('',(0.0607325023493557,0.136207640294669,0.016));
#2658=CARTESIAN_POINT('',(0.0777325023493556,-8.47194106629003E-5,0.016));
#2659=CARTESIAN_POINT('',(0.0346162511746778,-8.47194106629003E-5,0.016));
#2660=CARTESIAN_POINT('',(0.0777325023493556,0.545,0.016));
#2661=CARTESIAN_POINT('',(0.0777325023493556,0.136207640294669,0.016));
#2662=CARTESIAN_POINT('',(0.0797325023493556,0.545,0.016));
#2663=CARTESIAN_POINT('',(0.0388662511746778,0.545,0.016));
#2664=CARTESIAN_POINT('',(0.0797325023493556,0.565,0.016));
#2665=CARTESIAN_POINT('',(0.0797325023493556,0.2775,0.016));
#2666=CARTESIAN_POINT('',(0.0777325023493556,0.565,0.016));
#2667=CARTESIAN_POINT('',(0.0388662511746778,0.565,0.016));
#2668=CARTESIAN_POINT('',(0.0777325023493556,0.62,0.016));
#2669=CARTESIAN_POINT('',(0.0777325023493556,0.136207640294669,0.016));
#2670=CARTESIAN_POINT('',(0.110732502349356,0.62,0.016));
#2671=CARTESIAN_POINT('',(0.0368147878542235,0.62,0.016));
#2672=CARTESIAN_POINT('',(0.110732502349356,0.565,0.016));
#2673=CARTESIAN_POINT('',(0.110732502349356,0.136207640294669,0.016));
#2674=CARTESIAN_POINT('',(0.108732502349356,0.565,0.016));
#2675=CARTESIAN_POINT('',(0.055366251174678,0.565,0.016));
#2676=CARTESIAN_POINT('',(0.108732502349356,0.545,0.016));
#2677=CARTESIAN_POINT('',(0.108732502349356,0.2775,0.016));
#2678=CARTESIAN_POINT('',(0.110732502349356,0.545,0.016));
#2679=CARTESIAN_POINT('',(0.055366251174678,0.545,0.016));
#2680=CARTESIAN_POINT('',(0.110732502349356,-8.47194106629003E-5,0.016));
#2681=CARTESIAN_POINT('',(0.110732502349356,0.136207640294669,0.016));
#2682=CARTESIAN_POINT('',(0.127732502349356,-8.47194106629003E-5,0.016));
#2683=CARTESIAN_POINT('',(0.059616251174678,-8.47194106629003E-5,0.016));
#2684=CARTESIAN_POINT('',(0.127732502349356,0.545,0.016));
#2685=CARTESIAN_POINT('',(0.127732502349356,0.136207640294669,0.016));
#2686=CARTESIAN_POINT('',(0.129732502349356,0.545,0.016));
#2687=CARTESIAN_POINT('',(0.063866251174678,0.545,0.016));
#2688=CARTESIAN_POINT('',(0.129732502349356,0.565,0.016));
#2689=CARTESIAN_POINT('',(0.129732502349356,0.2775,0.016));
#2690=CARTESIAN_POINT('',(0.127732502349356,0.565,0.016));
#2691=CARTESIAN_POINT('',(0.063866251174678,0.565,0.016));
#2692=CARTESIAN_POINT('',(0.127732502349356,0.62,0.016));
#2693=CARTESIAN_POINT('',(0.127732502349356,0.136207640294669,0.016));
#2694=CARTESIAN_POINT('',(0.0368147878542235,0.62,0.016));
#2695=CARTESIAN_POINT('Origin',(0.073629575708447,0.62,-0.00096295640540326));
#2696=CARTESIAN_POINT('',(0.0777325023493556,0.62,5.09865993493092E-5));
#2697=CARTESIAN_POINT('',(0.0777325023493556,0.62,5.09865993493092E-5));
#2698=CARTESIAN_POINT('',(0.0607325023493557,0.62,5.09865993493092E-5));
#2699=CARTESIAN_POINT('',(0.0607325023493557,0.62,5.09865993493092E-5));
#2700=CARTESIAN_POINT('',(0.0607325023493557,0.62,0.0160509865993493));
#2701=CARTESIAN_POINT('',(0.0277325023493558,0.62,5.09865993493092E-5));
#2702=CARTESIAN_POINT('',(0.0277325023493558,0.62,5.09865993493092E-5));
#2703=CARTESIAN_POINT('',(0.0107325023493559,0.62,5.09865993493092E-5));
#2704=CARTESIAN_POINT('',(0.0107325023493559,0.62,5.09865993493092E-5));
#2705=CARTESIAN_POINT('',(0.0107325023493559,0.62,0.0160509865993493));
#2706=CARTESIAN_POINT('',(0.127732502349356,0.62,5.09865993493092E-5));
#2707=CARTESIAN_POINT('',(0.127732502349356,0.62,5.09865993493092E-5));
#2708=CARTESIAN_POINT('',(0.110732502349356,0.62,5.09865993493092E-5));
#2709=CARTESIAN_POINT('',(0.110732502349356,0.62,5.09865993493092E-5));
#2710=CARTESIAN_POINT('',(0.110732502349356,0.62,0.0160509865993493));
#2711=CARTESIAN_POINT('Origin',(0.127732502349356,0.272415280589337,-0.000949013400650691));
#2712=CARTESIAN_POINT('',(0.127732502349356,0.565,5.09865993493093E-5));
#2713=CARTESIAN_POINT('',(0.127732502349356,0.565,-0.000449013400650691));
#2714=CARTESIAN_POINT('',(0.127732502349356,0.559915280589337,5.09865993493092E-5));
#2715=CARTESIAN_POINT('Origin',(0.127732502349356,0.565,5.09865993493093E-5));
#2716=CARTESIAN_POINT('',(0.129732502349356,0.565,5.09865993493093E-5));
#2717=CARTESIAN_POINT('',(0.129732502349356,0.565,5.09865993493093E-5));
#2718=CARTESIAN_POINT('',(0.127732502349356,0.565,5.09865993493093E-5));
#2719=CARTESIAN_POINT('Origin',(0.129732502349356,0.555,0.00805098659934931));
#2720=CARTESIAN_POINT('',(0.129732502349356,0.545,5.09865993493093E-5));
#2721=CARTESIAN_POINT('',(0.129732502349356,0.545,0.0160509865993493));
#2722=CARTESIAN_POINT('',(0.129732502349356,0.545,5.09865993493093E-5));
#2723=CARTESIAN_POINT('Origin',(0.127732502349356,0.545,0.0160509865993493));
#2724=CARTESIAN_POINT('',(0.127732502349356,0.545,5.09865993493093E-5));
#2725=CARTESIAN_POINT('',(0.127732502349356,0.545,0.00755098659934931));
#2726=CARTESIAN_POINT('',(0.127732502349356,0.545,5.09865993493093E-5));
#2727=CARTESIAN_POINT('Origin',(0.127732502349356,0.272415280589337,-0.000949013400650691));
#2728=CARTESIAN_POINT('',(0.127732502349356,-8.47194106629003E-5,5.09865993493093E-5));
#2729=CARTESIAN_POINT('',(0.127732502349356,-8.47194106629003E-5,0.0160509865993493));
#2730=CARTESIAN_POINT('',(0.127732502349356,0.559915280589337,5.09865993493092E-5));
#2731=CARTESIAN_POINT('Origin',(0.119232502349356,-8.47194106629003E-5,
0.0080509865993493));
#2732=CARTESIAN_POINT('',(0.110732502349356,-8.47194106629003E-5,5.09865993493093E-5));
#2733=CARTESIAN_POINT('',(0.110732502349356,-8.47194106629003E-5,5.09865993493092E-5));
#2734=CARTESIAN_POINT('',(0.127732502349356,-8.47194106629003E-5,5.09865993493092E-5));
#2735=CARTESIAN_POINT('Origin',(0.110732502349356,0.272415280589337,-0.000949013400650691));
#2736=CARTESIAN_POINT('',(0.110732502349356,0.545,5.09865993493092E-5));
#2737=CARTESIAN_POINT('',(0.110732502349356,0.545,-0.000449013400650691));
#2738=CARTESIAN_POINT('',(0.110732502349356,0.539915280589337,5.09865993493092E-5));
#2739=CARTESIAN_POINT('Origin',(0.110732502349356,0.545,5.09865993493092E-5));
#2740=CARTESIAN_POINT('',(0.108732502349356,0.545,5.09865993493093E-5));
#2741=CARTESIAN_POINT('',(0.108732502349356,0.545,5.09865993493092E-5));
#2742=CARTESIAN_POINT('',(0.110732502349356,0.545,5.09865993493092E-5));
#2743=CARTESIAN_POINT('Origin',(0.108732502349356,0.555,0.00805098659934931));
#2744=CARTESIAN_POINT('',(0.108732502349356,0.565,5.09865993493093E-5));
#2745=CARTESIAN_POINT('',(0.108732502349356,0.565,0.0160509865993493));
#2746=CARTESIAN_POINT('',(0.108732502349356,0.62,5.09865993493092E-5));
#2747=CARTESIAN_POINT('Origin',(0.110732502349356,0.565,0.0160509865993493));
#2748=CARTESIAN_POINT('',(0.110732502349356,0.565,5.09865993493092E-5));
#2749=CARTESIAN_POINT('',(0.110732502349356,0.565,0.0075509865993493));
#2750=CARTESIAN_POINT('',(0.110732502349356,0.565,5.09865993493092E-5));
#2751=CARTESIAN_POINT('Origin',(0.110732502349356,0.272415280589337,-0.000949013400650691));
#2752=CARTESIAN_POINT('',(0.110732502349356,0.539915280589337,5.09865993493092E-5));
#2753=CARTESIAN_POINT('Origin',(0.0777325023493556,0.272415280589337,-0.000949013400650691));
#2754=CARTESIAN_POINT('',(0.0777325023493556,0.565,5.09865993493093E-5));
#2755=CARTESIAN_POINT('',(0.0777325023493556,0.565,-0.000449013400650691));
#2756=CARTESIAN_POINT('',(0.0777325023493556,0.559915280589337,5.09865993493092E-5));
#2757=CARTESIAN_POINT('Origin',(0.0777325023493556,0.565,5.09865993493093E-5));
#2758=CARTESIAN_POINT('',(0.0797325023493556,0.565,5.09865993493093E-5));
#2759=CARTESIAN_POINT('',(0.0797325023493556,0.565,5.09865993493093E-5));
#2760=CARTESIAN_POINT('',(0.0777325023493556,0.565,5.09865993493093E-5));
#2761=CARTESIAN_POINT('Origin',(0.0797325023493556,0.555,0.00805098659934931));
#2762=CARTESIAN_POINT('',(0.0797325023493556,0.545,5.09865993493093E-5));
#2763=CARTESIAN_POINT('',(0.0797325023493556,0.545,0.0160509865993493));
#2764=CARTESIAN_POINT('',(0.0797325023493556,0.545,5.09865993493093E-5));
#2765=CARTESIAN_POINT('Origin',(0.0777325023493556,0.545,0.0160509865993493));
#2766=CARTESIAN_POINT('',(0.0777325023493556,0.545,5.09865993493093E-5));
#2767=CARTESIAN_POINT('',(0.0777325023493556,0.545,0.00755098659934931));
#2768=CARTESIAN_POINT('',(0.0777325023493556,0.545,5.09865993493093E-5));
#2769=CARTESIAN_POINT('Origin',(0.0777325023493556,0.272415280589337,-0.000949013400650691));
#2770=CARTESIAN_POINT('',(0.0777325023493556,-8.47194106629003E-5,5.09865993493093E-5));
#2771=CARTESIAN_POINT('',(0.0777325023493556,-8.47194106629003E-5,0.0160509865993493));
#2772=CARTESIAN_POINT('',(0.0777325023493556,0.559915280589337,5.09865993493092E-5));
#2773=CARTESIAN_POINT('Origin',(0.0692325023493557,-8.47194106629003E-5,
0.0080509865993493));
#2774=CARTESIAN_POINT('',(0.0607325023493557,-8.47194106629003E-5,5.09865993493093E-5));
#2775=CARTESIAN_POINT('',(0.0607325023493557,-8.47194106629003E-5,5.09865993493092E-5));
#2776=CARTESIAN_POINT('',(0.0777325023493556,-8.47194106629003E-5,5.09865993493092E-5));
#2777=CARTESIAN_POINT('Origin',(0.0607325023493557,0.272415280589337,-0.000949013400650691));
#2778=CARTESIAN_POINT('',(0.0607325023493557,0.545,5.09865993493092E-5));
#2779=CARTESIAN_POINT('',(0.0607325023493557,0.545,-0.000449013400650691));
#2780=CARTESIAN_POINT('',(0.0607325023493557,0.539915280589337,5.09865993493092E-5));
#2781=CARTESIAN_POINT('Origin',(0.0607325023493557,0.545,5.09865993493092E-5));
#2782=CARTESIAN_POINT('',(0.0587325023493557,0.545,5.09865993493092E-5));
#2783=CARTESIAN_POINT('',(0.0587325023493557,0.545,5.09865993493092E-5));
#2784=CARTESIAN_POINT('',(0.0607325023493557,0.545,5.09865993493092E-5));
#2785=CARTESIAN_POINT('Origin',(0.0587325023493557,0.555,0.00805098659934931));
#2786=CARTESIAN_POINT('',(0.0587325023493557,0.565,5.09865993493092E-5));
#2787=CARTESIAN_POINT('',(0.0587325023493557,0.565,0.0160509865993493));
#2788=CARTESIAN_POINT('',(0.0587325023493557,0.565,5.09865993493092E-5));
#2789=CARTESIAN_POINT('Origin',(0.0607325023493557,0.565,0.0160509865993493));
#2790=CARTESIAN_POINT('',(0.0607325023493557,0.565,5.09865993493092E-5));
#2791=CARTESIAN_POINT('',(0.0607325023493557,0.565,0.0075509865993493));
#2792=CARTESIAN_POINT('',(0.0607325023493557,0.565,5.09865993493092E-5));
#2793=CARTESIAN_POINT('Origin',(0.0607325023493557,0.272415280589337,-0.000949013400650691));
#2794=CARTESIAN_POINT('',(0.0607325023493557,0.539915280589337,5.09865993493092E-5));
#2795=CARTESIAN_POINT('Origin',(0.0277325023493558,0.272415280589337,-0.000949013400650691));
#2796=CARTESIAN_POINT('',(0.0277325023493558,0.565,5.09865993493093E-5));
#2797=CARTESIAN_POINT('',(0.0277325023493558,0.565,-0.000449013400650691));
#2798=CARTESIAN_POINT('',(0.0277325023493558,0.634915280589337,5.09865993493092E-5));
#2799=CARTESIAN_POINT('Origin',(0.0277325023493558,0.565,5.09865993493093E-5));
#2800=CARTESIAN_POINT('',(0.0297325023493558,0.565,5.09865993493093E-5));
#2801=CARTESIAN_POINT('',(0.0297325023493558,0.565,5.09865993493093E-5));
#2802=CARTESIAN_POINT('',(0.0277325023493558,0.565,5.09865993493093E-5));
#2803=CARTESIAN_POINT('Origin',(0.0297325023493558,0.555,0.00805098659934931));
#2804=CARTESIAN_POINT('',(0.0297325023493558,0.545,5.09865993493093E-5));
#2805=CARTESIAN_POINT('',(0.0297325023493558,0.545,0.0160509865993493));
#2806=CARTESIAN_POINT('',(0.0297325023493558,0.545,5.09865993493093E-5));
#2807=CARTESIAN_POINT('Origin',(0.0277325023493558,0.545,0.0160509865993493));
#2808=CARTESIAN_POINT('',(0.0277325023493558,0.545,5.09865993493093E-5));
#2809=CARTESIAN_POINT('',(0.0277325023493558,0.545,0.0075509865993493));
#2810=CARTESIAN_POINT('',(0.0277325023493558,0.545,5.09865993493093E-5));
#2811=CARTESIAN_POINT('Origin',(0.0277325023493558,0.272415280589337,-0.000949013400650691));
#2812=CARTESIAN_POINT('',(0.0277325023493558,-8.47194106629003E-5,5.09865993493093E-5));
#2813=CARTESIAN_POINT('',(0.0277325023493558,-8.47194106629003E-5,0.0160509865993493));
#2814=CARTESIAN_POINT('',(0.0277325023493558,0.634915280589337,5.09865993493092E-5));
#2815=CARTESIAN_POINT('Origin',(0.0192325023493558,-8.47194106629003E-5,
0.0080509865993493));
#2816=CARTESIAN_POINT('',(0.0107325023493559,-8.47194106629003E-5,5.09865993493093E-5));
#2817=CARTESIAN_POINT('',(0.0107325023493559,-8.47194106629003E-5,5.09865993493092E-5));
#2818=CARTESIAN_POINT('',(0.0277325023493558,-8.47194106629003E-5,5.09865993493092E-5));
#2819=CARTESIAN_POINT('Origin',(0.0107325023493559,0.272415280589337,-0.000949013400650691));
#2820=CARTESIAN_POINT('',(0.0107325023493559,0.545,5.09865993493092E-5));
#2821=CARTESIAN_POINT('',(0.0107325023493559,0.545,-0.000449013400650691));
#2822=CARTESIAN_POINT('',(0.0107325023493559,0.539915280589337,5.09865993493092E-5));
#2823=CARTESIAN_POINT('Origin',(0.0107325023493559,0.545,5.09865993493092E-5));
#2824=CARTESIAN_POINT('',(0.0087325023493559,0.545,5.09865993493092E-5));
#2825=CARTESIAN_POINT('',(0.0087325023493559,0.545,5.09865993493092E-5));
#2826=CARTESIAN_POINT('',(0.0107325023493559,0.545,5.09865993493092E-5));
#2827=CARTESIAN_POINT('Origin',(0.0087325023493559,0.555,0.0080509865993493));
#2828=CARTESIAN_POINT('',(0.0087325023493559,0.565,5.098659934931E-5));
#2829=CARTESIAN_POINT('',(0.0087325023493559,0.565,0.0160509865993493));
#2830=CARTESIAN_POINT('',(0.0087325023493559,0.565,5.098659934931E-5));
#2831=CARTESIAN_POINT('Origin',(0.0107325023493559,0.565,0.0160509865993493));
#2832=CARTESIAN_POINT('',(0.0107325023493559,0.565,5.098659934931E-5));
#2833=CARTESIAN_POINT('',(0.0107325023493559,0.565,0.0075509865993493));
#2834=CARTESIAN_POINT('',(0.0107325023493559,0.565,5.098659934931E-5));
#2835=CARTESIAN_POINT('Origin',(0.0107325023493559,0.272415280589337,-0.000949013400650691));
#2836=CARTESIAN_POINT('',(0.0107325023493559,0.539915280589337,5.09865993493092E-5));
#2837=CARTESIAN_POINT('Origin',(0.0192325023493558,0.00391528058933721,
5.09865993493092E-5));
#2838=CARTESIAN_POINT('Origin',(0.0192325023493558,0.00391528058933721,
5.09865993493092E-5));
#2839=CARTESIAN_POINT('Origin',(0.0192325023493558,0.00391528058933721,
5.09865993493092E-5));
#2840=CARTESIAN_POINT('Origin',(0.0736295757084467,0.686,-0.013));
#2841=CARTESIAN_POINT('',(0.0496295757084467,0.686,-0.009));
#2842=CARTESIAN_POINT('Origin',(0.0736295757084467,0.686,-0.009));
#2843=CARTESIAN_POINT('Origin',(0.0736295757084467,0.686,-0.009));
#2844=UNCERTAINTY_MEASURE_WITH_UNIT(LENGTH_MEASURE(0.000393700787401575),
#2848,'DISTANCE_ACCURACY_VALUE',
'Maximum model space distance between geometric entities at asserted c
onnectivities');
#2845=UNCERTAINTY_MEASURE_WITH_UNIT(LENGTH_MEASURE(1.E-6),#2849,
'DISTANCE_ACCURACY_VALUE',
'Maximum model space distance between geometric entities at asserted c
onnectivities');
#2846=(
GEOMETRIC_REPRESENTATION_CONTEXT(3)
GLOBAL_UNCERTAINTY_ASSIGNED_CONTEXT((#2844))
GLOBAL_UNIT_ASSIGNED_CONTEXT((#2848,#2854,#2851))
REPRESENTATION_CONTEXT('','3D')
);
#2847=(
GEOMETRIC_REPRESENTATION_CONTEXT(3)
GLOBAL_UNCERTAINTY_ASSIGNED_CONTEXT((#2845))
GLOBAL_UNIT_ASSIGNED_CONTEXT((#2849,#2854,#2851))
REPRESENTATION_CONTEXT('','3D')
);
#2848=(
CONVERSION_BASED_UNIT('__CONSTANT UNIT inch',#2850)
LENGTH_UNIT()
NAMED_UNIT(#2853)
);
#2849=(
LENGTH_UNIT()
NAMED_UNIT(*)
SI_UNIT(.MILLI.,.METRE.)
);
#2850=LENGTH_MEASURE_WITH_UNIT(LENGTH_MEASURE(25.4),#2849);
#2851=(
NAMED_UNIT(*)
SI_UNIT($,.STERADIAN.)
SOLID_ANGLE_UNIT()
);
#2852=DIMENSIONAL_EXPONENTS(0.,0.,0.,0.,0.,0.,0.);
#2853=DIMENSIONAL_EXPONENTS(1.,0.,0.,0.,0.,0.,0.);
#2854=(
CONVERSION_BASED_UNIT('degree',#2856)
NAMED_UNIT(#2852)
PLANE_ANGLE_UNIT()
);
#2855=(
NAMED_UNIT(*)
PLANE_ANGLE_UNIT()
SI_UNIT($,.RADIAN.)
);
#2856=PLANE_ANGLE_MEASURE_WITH_UNIT(PLANE_ANGLE_MEASURE(0.01745329252),
#2855);
#2857=SHAPE_DEFINITION_REPRESENTATION(#2858,#2859);
#2858=PRODUCT_DEFINITION_SHAPE('',$,#2861);
#2859=SHAPE_REPRESENTATION('',(#1802),#2846);
#2860=PRODUCT_DEFINITION_CONTEXT('part definition',#2865,'design');
#2861=PRODUCT_DEFINITION('UA 9049','UA 9049',#2862,#2860);
#2862=PRODUCT_DEFINITION_FORMATION('',$,#2867);
#2863=PRODUCT_RELATED_PRODUCT_CATEGORY('UA 9049','UA 9049',(#2867));
#2864=APPLICATION_PROTOCOL_DEFINITION('international standard',
'automotive_design',2009,#2865);
#2865=APPLICATION_CONTEXT(
'Core Data for Automotive Mechanical Design Process');
#2866=PRODUCT_CONTEXT('part definition',#2865,'mechanical');
#2867=PRODUCT('UA 9049','UA 9049',$,(#2866));
#2868=PRESENTATION_STYLE_ASSIGNMENT((#2870));
#2869=PRESENTATION_STYLE_ASSIGNMENT((#2871));
#2870=SURFACE_STYLE_USAGE(.BOTH.,#2872);
#2871=SURFACE_STYLE_USAGE(.BOTH.,#2873);
#2872=SURFACE_SIDE_STYLE('',(#2874));
#2873=SURFACE_SIDE_STYLE('',(#2875));
#2874=SURFACE_STYLE_FILL_AREA(#2876);
#2875=SURFACE_STYLE_FILL_AREA(#2877);
#2876=FILL_AREA_STYLE('',(#2878));
#2877=FILL_AREA_STYLE('',(#2879));
#2878=FILL_AREA_STYLE_COLOUR('',#2880);
#2879=FILL_AREA_STYLE_COLOUR('',#2881);
#2880=COLOUR_RGB('',0.749019607843137,0.749019607843137,0.749019607843137);
#2881=COLOUR_RGB('',0.698039215686274,0.698039215686274,0.698039215686274);
ENDSEC;
END-ISO-10303-21;
