ISO-10303-21;
HEADER;
FILE_DESCRIPTION (( 'STEP AP214' ),
    '1' );
FILE_NAME ('Surlok_Plus_5_7.STEP',
    '2022-12-26T10:06:53',
    ( '' ),
    ( '' ),
    'SwSTEP 2.0',
    'SolidWorks 2021',
    '' );
FILE_SCHEMA (( 'AUTOMOTIVE_DESIGN' ));
ENDSEC;

DATA;
#1 = EDGE_LOOP ( 'NONE', ( #848, #1224, #210, #1233, #607, #1450, #305, #1289 ) ) ;
#2 = CARTESIAN_POINT ( 'NONE',  ( 13.50000000000000355, -8.500000000000000000, 10.49999999999999822 ) ) ;
#3 = VERTEX_POINT ( 'NONE', #1292 ) ;
#4 = DIRECTION ( 'NONE',  ( 0.000000000000000000, 0.000000000000000000, -1.000000000000000000 ) ) ;
#5 = SURFACE_STYLE_FILL_AREA ( #634 ) ;
#6 = FACE_OUTER_BOUND ( 'NONE', #1206, .T. ) ;
#7 = SURFACE_STYLE_FILL_AREA ( #14 ) ;
#8 = DIRECTION ( 'NONE',  ( 1.000000000000000000, 0.000000000000000000, 0.000000000000000000 ) ) ;
#9 = PRESENTATION_STYLE_ASSIGNMENT (( #1066 ) ) ;
#10 =( NAMED_UNIT ( * ) SI_UNIT ( $, .STERADIAN. ) SOLID_ANGLE_UNIT ( ) );
#11 =( LENGTH_UNIT ( ) NAMED_UNIT ( * ) SI_UNIT ( .MILLI., .METRE. ) );
#12 = PRESENTATION_LAYER_ASSIGNMENT (  '', '', ( #1301 ) ) ;
#13 = ADVANCED_FACE ( 'NONE', ( #154 ), #671, .T. ) ;
#14 = FILL_AREA_STYLE ('',( #544 ) ) ;
#15 = VECTOR ( 'NONE', #930, 1000.000000000000000 ) ;
#16 = FILL_AREA_STYLE ('',( #545 ) ) ;
#17 = DIRECTION ( 'NONE',  ( 0.000000000000000000, 0.000000000000000000, 1.000000000000000000 ) ) ;
#18 = CIRCLE ( 'NONE', #426, 4.000000000000000000 ) ;
#19 = MECHANICAL_DESIGN_GEOMETRIC_PRESENTATION_REPRESENTATION (  '', ( #611 ), #829 ) ;
#20 = CARTESIAN_POINT ( 'NONE',  ( 22.50000000000000000, 0.000000000000000000, 24.60000000000000142 ) ) ;
#21 = PRESENTATION_STYLE_ASSIGNMENT (( #415 ) ) ;
#22 = COLOUR_RGB ( '',0.6941176470588235059, 0.09803921568627450844, 0.09803921568627450844 ) ;
#23 = DIRECTION ( 'NONE',  ( 0.000000000000000000, 0.000000000000000000, -1.000000000000000000 ) ) ;
#24 = LINE ( 'NONE', #1400, #833 ) ;
#25 = MECHANICAL_DESIGN_GEOMETRIC_PRESENTATION_REPRESENTATION (  '', ( #1128 ), #1046 ) ;
#26 = ORIENTED_EDGE ( 'NONE', *, *, #874, .F. ) ;
#27 = CARTESIAN_POINT ( 'NONE',  ( 1.027984282060330554E-15, 4.000000000000000000, 4.000000000000000888 ) ) ;
#28 = FILL_AREA_STYLE ('',( #181 ) ) ;
#29 = ORIENTED_EDGE ( 'NONE', *, *, #1371, .T. ) ;
#30 = CARTESIAN_POINT ( 'NONE',  ( 13.50000000000000533, -0.5000000000000004441, 6.000000000000000000 ) ) ;
#31 = FACE_OUTER_BOUND ( 'NONE', #357, .T. ) ;
#32 =( NAMED_UNIT ( * ) PLANE_ANGLE_UNIT ( ) SI_UNIT ( $, .RADIAN. ) );
#33 = DIRECTION ( 'NONE',  ( -0.000000000000000000, -1.000000000000000000, -0.000000000000000000 ) ) ;
#34 = SURFACE_STYLE_USAGE ( .BOTH. , #1189 ) ;
#35 = ORIENTED_EDGE ( 'NONE', *, *, #750, .F. ) ;
#36 = DIRECTION ( 'NONE',  ( 0.000000000000000000, 0.000000000000000000, 1.000000000000000000 ) ) ;
#37 = EDGE_CURVE ( 'NONE', #1185, #1482, #67, .T. ) ;
#38 = VERTEX_POINT ( 'NONE', #1454 ) ;
#39 = CARTESIAN_POINT ( 'NONE',  ( 4.499999999999999112, 4.000000000000000000, 22.50000000000000000 ) ) ;
#40 = SURFACE_STYLE_FILL_AREA ( #1553 ) ;
#41 = CARTESIAN_POINT ( 'NONE',  ( 22.50000000000000000, 0.000000000000000000, 4.500000000000000000 ) ) ;
#42 = FACE_OUTER_BOUND ( 'NONE', #1639, .T. ) ;
#43 = EDGE_LOOP ( 'NONE', ( #751, #1338, #1621, #763 ) ) ;
#44 = DIRECTION ( 'NONE',  ( 0.000000000000000000, -1.000000000000000000, 0.000000000000000000 ) ) ;
#45 = AXIS2_PLACEMENT_3D ( 'NONE', #336, #1350, #94 ) ;
#46 = SURFACE_STYLE_FILL_AREA ( #28 ) ;
#47 = PRESENTATION_LAYER_ASSIGNMENT (  '', '', ( #761 ) ) ;
#48 = VECTOR ( 'NONE', #1430, 1000.000000000000000 ) ;
#49 = ORIENTED_EDGE ( 'NONE', *, *, #1298, .T. ) ;
#50 = FILL_AREA_STYLE_COLOUR ( '', #512 ) ;
#51 = DIRECTION ( 'NONE',  ( -0.000000000000000000, -1.000000000000000000, -0.000000000000000000 ) ) ;
#52 = PRESENTATION_LAYER_ASSIGNMENT (  '', '', ( #770 ) ) ;
#53 = FACE_BOUND ( 'NONE', #242, .T. ) ;
#54 = CARTESIAN_POINT ( 'NONE',  ( 27.00000000000000000, 4.000000000000000000, 3.999999999999999112 ) ) ;
#55 = FILL_AREA_STYLE ('',( #1088 ) ) ;
#56 = TOROIDAL_SURFACE ( 'NONE', #743, 9.000000000000001776, 2.000000000000000000 ) ;
#57 = COLOUR_RGB ( '',0.6941176470588235059, 0.09803921568627450844, 0.09803921568627450844 ) ;
#58 = VERTEX_POINT ( 'NONE', #310 ) ;
#59 = ORIENTED_EDGE ( 'NONE', *, *, #1549, .F. ) ;
#60 = PRESENTATION_STYLE_ASSIGNMENT (( #931 ) ) ;
#61 = SURFACE_SIDE_STYLE ('',( #1209 ) ) ;
#62 = FILL_AREA_STYLE_COLOUR ( '', #1545 ) ;
#63 =( LENGTH_UNIT ( ) NAMED_UNIT ( * ) SI_UNIT ( .MILLI., .METRE. ) );
#64 =( NAMED_UNIT ( * ) PLANE_ANGLE_UNIT ( ) SI_UNIT ( $, .RADIAN. ) );
#65 = VERTEX_POINT ( 'NONE', #812 ) ;
#66 = CYLINDRICAL_SURFACE ( 'NONE', #682, 2.100000000000000977 ) ;
#67 = CIRCLE ( 'NONE', #891, 6.000000000000000000 ) ;
#68 = DIRECTION ( 'NONE',  ( -0.000000000000000000, 1.000000000000000000, 0.000000000000000000 ) ) ;
#69 = SURFACE_STYLE_USAGE ( .BOTH. , #977 ) ;
#70 = DIRECTION ( 'NONE',  ( 0.000000000000000000, -1.000000000000000000, 0.000000000000000000 ) ) ;
#71 = SURFACE_STYLE_USAGE ( .BOTH. , #214 ) ;
#72 =( NAMED_UNIT ( * ) SI_UNIT ( $, .STERADIAN. ) SOLID_ANGLE_UNIT ( ) );
#73 = EDGE_CURVE ( 'NONE', #176, #1259, #1220, .T. ) ;
#74 = ORIENTED_EDGE ( 'NONE', *, *, #1257, .T. ) ;
#75 = VECTOR ( 'NONE', #474, 1000.000000000000114 ) ;
#76 = EDGE_LOOP ( 'NONE', ( #981, #1631, #1589, #1644 ) ) ;
#77 = COLOUR_RGB ( '',0.7921568627450980005, 0.8196078431372548767, 0.9333333333333333481 ) ;
#78 = ORIENTED_EDGE ( 'NONE', *, *, #1355, .F. ) ;
#79 = PLANE ( 'NONE',  #625 ) ;
#80 = CARTESIAN_POINT ( 'NONE',  ( 13.50000000000000355, 6.000000000000000000, 13.50000000000000000 ) ) ;
#81 = AXIS2_PLACEMENT_3D ( 'NONE', #1392, #256, #757 ) ;
#82 =( NAMED_UNIT ( * ) SI_UNIT ( $, .STERADIAN. ) SOLID_ANGLE_UNIT ( ) );
#83 = SURFACE_SIDE_STYLE ('',( #1104 ) ) ;
#84 = CIRCLE ( 'NONE', #323, 3.000000000000000888 ) ;
#85 = COLOUR_RGB ( '',0.8980392156862745390, 0.8980392156862745390, 0.8980392156862745390 ) ;
#86 = AXIS2_PLACEMENT_3D ( 'NONE', #542, #386, #1059 ) ;
#87 = STYLED_ITEM ( 'NONE', ( #123 ), #1230 ) ;
#88 = ORIENTED_EDGE ( 'NONE', *, *, #1004, .F. ) ;
#89 = DIRECTION ( 'NONE',  ( 0.000000000000000000, 0.000000000000000000, 1.000000000000000000 ) ) ;
#90 = CARTESIAN_POINT ( 'NONE',  ( 13.50000000000000355, -18.69999999999999929, 16.50000000000000000 ) ) ;
#91 =( NAMED_UNIT ( * ) PLANE_ANGLE_UNIT ( ) SI_UNIT ( $, .RADIAN. ) );
#92 = ORIENTED_EDGE ( 'NONE', *, *, #391, .T. ) ;
#93 = UNCERTAINTY_MEASURE_WITH_UNIT (LENGTH_MEASURE( 1.000000000000000082E-05 ), #280, 'distance_accuracy_value', 'NONE');
#94 = DIRECTION ( 'NONE',  ( 0.000000000000000000, 0.000000000000000000, -1.000000000000000000 ) ) ;
#95 = EDGE_CURVE ( 'NONE', #735, #243, #206, .T. ) ;
#96 = UNCERTAINTY_MEASURE_WITH_UNIT (LENGTH_MEASURE( 1.000000000000000082E-05 ), #360, 'distance_accuracy_value', 'NONE');
#97 = SURFACE_STYLE_FILL_AREA ( #105 ) ;
#98 =( NAMED_UNIT ( * ) PLANE_ANGLE_UNIT ( ) SI_UNIT ( $, .RADIAN. ) );
#99 = SURFACE_SIDE_STYLE ('',( #614 ) ) ;
#100 = CARTESIAN_POINT ( 'NONE',  ( 5.910909621846899007E-15, 4.000000000000000000, 23.00000000000000000 ) ) ;
#101 = ORIENTED_EDGE ( 'NONE', *, *, #1089, .T. ) ;
#102 = CARTESIAN_POINT ( 'NONE',  ( 13.50000000000000355, -0.5000000000000004441, 13.50000000000000000 ) ) ;
#103 = MECHANICAL_DESIGN_GEOMETRIC_PRESENTATION_REPRESENTATION (  '', ( #1590 ), #1011 ) ;
#104 = CIRCLE ( 'NONE', #552, 7.000000000000000888 ) ;
#105 = FILL_AREA_STYLE ('',( #872 ) ) ;
#106 = PRESENTATION_LAYER_ASSIGNMENT (  '', '', ( #263 ) ) ;
#107 =( LENGTH_UNIT ( ) NAMED_UNIT ( * ) SI_UNIT ( .MILLI., .METRE. ) );
#108 = FILL_AREA_STYLE ('',( #240 ) ) ;
#109 = SURFACE_STYLE_USAGE ( .BOTH. , #721 ) ;
#110 = COLOUR_RGB ( '',0.6941176470588235059, 0.09803921568627450844, 0.09803921568627450844 ) ;
#111 = ORIENTED_EDGE ( 'NONE', *, *, #467, .T. ) ;
#112 = VECTOR ( 'NONE', #593, 1000.000000000000000 ) ;
#113 = CONICAL_SURFACE ( 'NONE', #482, 2.500000000000000444, 0.7853981633974452814 ) ;
#114 = AXIS2_PLACEMENT_3D ( 'NONE', #917, #887, #1021 ) ;
#115 = UNCERTAINTY_MEASURE_WITH_UNIT (LENGTH_MEASURE( 1.000000000000000082E-05 ), #1035, 'distance_accuracy_value', 'NONE');
#116 =( LENGTH_UNIT ( ) NAMED_UNIT ( * ) SI_UNIT ( .MILLI., .METRE. ) );
#117 = FACE_OUTER_BOUND ( 'NONE', #1365, .T. ) ;
#118 =( LENGTH_UNIT ( ) NAMED_UNIT ( * ) SI_UNIT ( .MILLI., .METRE. ) );
#119 = EDGE_CURVE ( 'NONE', #1528, #1141, #1199, .T. ) ;
#120 = ORIENTED_EDGE ( 'NONE', *, *, #507, .F. ) ;
#121 = VERTEX_POINT ( 'NONE', #54 ) ;
#122 = ORIENTED_EDGE ( 'NONE', *, *, #1549, .T. ) ;
#123 = PRESENTATION_STYLE_ASSIGNMENT (( #1109 ) ) ;
#124 = CYLINDRICAL_SURFACE ( 'NONE', #1202, 4.000000000000000000 ) ;
#125 = FILL_AREA_STYLE_COLOUR ( '', #1124 ) ;
#126 = PRESENTATION_LAYER_ASSIGNMENT (  '', '', ( #841 ) ) ;
#127 = EDGE_LOOP ( 'NONE', ( #184, #382 ) ) ;
#128 = ORIENTED_EDGE ( 'NONE', *, *, #856, .F. ) ;
#129 = ADVANCED_FACE ( 'NONE', ( #824 ), #322, .T. ) ;
#130 = UNCERTAINTY_MEASURE_WITH_UNIT (LENGTH_MEASURE( 1.000000000000000082E-05 ), #1130, 'distance_accuracy_value', 'NONE');
#131 = AXIS2_PLACEMENT_3D ( 'NONE', #1083, #692, #329 ) ;
#132 = DIRECTION ( 'NONE',  ( 0.000000000000000000, 1.000000000000000000, 0.000000000000000000 ) ) ;
#133 = COLOUR_RGB ( '',0.8980392156862745390, 0.8980392156862745390, 0.8980392156862745390 ) ;
#134 = DIRECTION ( 'NONE',  ( -0.000000000000000000, 1.000000000000000000, 0.000000000000000000 ) ) ;
#135 = DIRECTION ( 'NONE',  ( 0.000000000000000000, 0.000000000000000000, 1.000000000000000000 ) ) ;
#136 = FACE_OUTER_BOUND ( 'NONE', #1357, .T. ) ;
#137 = CIRCLE ( 'NONE', #762, 6.000000000000000000 ) ;
#138 = EDGE_LOOP ( 'NONE', ( #364, #258, #1055, #1519 ) ) ;
#139 =( NAMED_UNIT ( * ) SI_UNIT ( $, .STERADIAN. ) SOLID_ANGLE_UNIT ( ) );
#140 = AXIS2_PLACEMENT_3D ( 'NONE', #379, #1019, #492 ) ;
#141 = VECTOR ( 'NONE', #1579, 1000.000000000000000 ) ;
#142 = ORIENTED_EDGE ( 'NONE', *, *, #1424, .F. ) ;
#143 = AXIS2_PLACEMENT_3D ( 'NONE', #255, #1291, #135 ) ;
#144 = CYLINDRICAL_SURFACE ( 'NONE', #1597, 7.000000000000000888 ) ;
#145 = FILL_AREA_STYLE_COLOUR ( '', #57 ) ;
#146 = LINE ( 'NONE', #644, #798 ) ;
#147 =( NAMED_UNIT ( * ) SI_UNIT ( $, .STERADIAN. ) SOLID_ANGLE_UNIT ( ) );
#148 = DIRECTION ( 'NONE',  ( -0.000000000000000000, -1.000000000000000000, -0.000000000000000000 ) ) ;
#149 = DIRECTION ( 'NONE',  ( 0.000000000000000000, 0.000000000000000000, 1.000000000000000000 ) ) ;
#150 = EDGE_CURVE ( 'NONE', #363, #121, #570, .T. ) ;
#151 = PRESENTATION_STYLE_ASSIGNMENT (( #1317 ) ) ;
#152 = SURFACE_STYLE_USAGE ( .BOTH. , #924 ) ;
#153 = CARTESIAN_POINT ( 'NONE',  ( 22.50000000000000000, 0.000000000000000000, 4.500000000000000000 ) ) ;
#154 = FACE_OUTER_BOUND ( 'NONE', #375, .T. ) ;
#155 =( NAMED_UNIT ( * ) PLANE_ANGLE_UNIT ( ) SI_UNIT ( $, .RADIAN. ) );
#156 = CARTESIAN_POINT ( 'NONE',  ( 0.000000000000000000, 4.000000000000000000, 0.000000000000000000 ) ) ;
#157 = FILL_AREA_STYLE_COLOUR ( '', #133 ) ;
#158 = DIRECTION ( 'NONE',  ( 0.000000000000000000, 0.000000000000000000, -1.000000000000000000 ) ) ;
#159 = DIRECTION ( 'NONE',  ( 0.000000000000000000, 0.000000000000000000, 1.000000000000000000 ) ) ;
#160 = MECHANICAL_DESIGN_GEOMETRIC_PRESENTATION_REPRESENTATION (  '', ( #471 ), #710 ) ;
#161 = ORIENTED_EDGE ( 'NONE', *, *, #1587, .T. ) ;
#162 = CARTESIAN_POINT ( 'NONE',  ( 4.500000000000001776, 4.000000000000000000, 4.500000000000000000 ) ) ;
#163 = AXIS2_PLACEMENT_3D ( 'NONE', #1098, #484, #773 ) ;
#164 = DIRECTION ( 'NONE',  ( 0.000000000000000000, 1.000000000000000000, 0.000000000000000000 ) ) ;
#165 = PRESENTATION_LAYER_ASSIGNMENT (  '', '', ( #1113 ) ) ;
#166 = STYLED_ITEM ( 'NONE', ( #1129 ), #582 ) ;
#167 = CARTESIAN_POINT ( 'NONE',  ( 13.50000000000000533, -2.168404344971008868E-16, 6.000000000000000000 ) ) ;
#168 = PRESENTATION_LAYER_ASSIGNMENT (  '', '', ( #1381 ) ) ;
#169 = FILL_AREA_STYLE_COLOUR ( '', #970 ) ;
#170 = EDGE_CURVE ( 'NONE', #1419, #537, #1558, .T. ) ;
#171 = CIRCLE ( 'NONE', #163, 2.100000000000000977 ) ;
#172 =( GEOMETRIC_REPRESENTATION_CONTEXT ( 3 ) GLOBAL_UNCERTAINTY_ASSIGNED_CONTEXT ( ( #1506 ) ) GLOBAL_UNIT_ASSIGNED_CONTEXT ( ( #1030, #749, #769 ) ) REPRESENTATION_CONTEXT ( 'NONE', 'WORKASPACE' ) );
#173 = CARTESIAN_POINT ( 'NONE',  ( 13.50000000000000355, 6.000000000000000000, 20.50000000000000355 ) ) ;
#174 = LINE ( 'NONE', #403, #48 ) ;
#175 = ADVANCED_FACE ( 'NONE', ( #203, #1330 ), #79, .T. ) ;
#176 = VERTEX_POINT ( 'NONE', #90 ) ;
#177 = DIRECTION ( 'NONE',  ( -0.000000000000000000, -1.000000000000000000, -0.000000000000000000 ) ) ;
#178 = SURFACE_STYLE_FILL_AREA ( #301 ) ;
#179 = ORIENTED_EDGE ( 'NONE', *, *, #759, .F. ) ;
#180 = PRESENTATION_STYLE_ASSIGNMENT (( #1293 ) ) ;
#181 = FILL_AREA_STYLE_COLOUR ( '', #77 ) ;
#182 = EDGE_CURVE ( 'NONE', #1428, #630, #1351, .T. ) ;
#183 = COLOUR_RGB ( '',0.6941176470588235059, 0.09803921568627450844, 0.09803921568627450844 ) ;
#184 = ORIENTED_EDGE ( 'NONE', *, *, #1208, .F. ) ;
#185 = CARTESIAN_POINT ( 'NONE',  ( 22.50000000000000000, 0.000000000000000000, 6.599999999999999645 ) ) ;
#186 = CARTESIAN_POINT ( 'NONE',  ( 13.50000000000000355, 17.50000000000000000, 19.50000000000000000 ) ) ;
#187 = CARTESIAN_POINT ( 'NONE',  ( 13.50000000000000355, -19.20000000000000284, 13.50000000000000000 ) ) ;
#188 = CARTESIAN_POINT ( 'NONE',  ( 22.50000000000000000, 4.000000000000000000, 6.599999999999999645 ) ) ;
#189 = AXIS2_PLACEMENT_3D ( 'NONE', #890, #132, #649 ) ;
#190 = CIRCLE ( 'NONE', #659, 4.000000000000000000 ) ;
#191 = ORIENTED_EDGE ( 'NONE', *, *, #594, .F. ) ;
#192 =( NAMED_UNIT ( * ) SI_UNIT ( $, .STERADIAN. ) SOLID_ANGLE_UNIT ( ) );
#193 =( GEOMETRIC_REPRESENTATION_CONTEXT ( 3 ) GLOBAL_UNCERTAINTY_ASSIGNED_CONTEXT ( ( #475 ) ) GLOBAL_UNIT_ASSIGNED_CONTEXT ( ( #698, #709, #591 ) ) REPRESENTATION_CONTEXT ( 'NONE', 'WORKASPACE' ) );
#194 = CARTESIAN_POINT ( 'NONE',  ( 13.50000000000000355, -19.20000000000000284, 11.00000000000000000 ) ) ;
#195 =( GEOMETRIC_REPRESENTATION_CONTEXT ( 3 ) GLOBAL_UNCERTAINTY_ASSIGNED_CONTEXT ( ( #752 ) ) GLOBAL_UNIT_ASSIGNED_CONTEXT ( ( #766, #1373, #885 ) ) REPRESENTATION_CONTEXT ( 'NONE', 'WORKASPACE' ) );
#196 = PRESENTATION_STYLE_ASSIGNMENT (( #34 ) ) ;
#197 = AXIS2_PLACEMENT_3D ( 'NONE', #1029, #400, #791 ) ;
#198 =( LENGTH_UNIT ( ) NAMED_UNIT ( * ) SI_UNIT ( .MILLI., .METRE. ) );
#199 = LINE ( 'NONE', #1324, #141 ) ;
#200 = CIRCLE ( 'NONE', #1546, 9.000000000000000000 ) ;
#201 = ORIENTED_EDGE ( 'NONE', *, *, #1640, .F. ) ;
#202 = ADVANCED_FACE ( 'NONE', ( #694 ), #969, .F. ) ;
#203 = FACE_BOUND ( 'NONE', #862, .T. ) ;
#204 = LINE ( 'NONE', #331, #693 ) ;
#205 = EDGE_CURVE ( 'NONE', #699, #457, #1278, .T. ) ;
#206 = LINE ( 'NONE', #188, #863 ) ;
#207 = DIRECTION ( 'NONE',  ( 0.000000000000000000, -1.000000000000000000, 0.000000000000000000 ) ) ;
#208 = SURFACE_STYLE_USAGE ( .BOTH. , #1455 ) ;
#209 = ORIENTED_EDGE ( 'NONE', *, *, #830, .F. ) ;
#210 = ORIENTED_EDGE ( 'NONE', *, *, #1137, .T. ) ;
#211 = CARTESIAN_POINT ( 'NONE',  ( 13.50000000000000355, 17.50000000000000000, 6.499999999999998224 ) ) ;
#212 = PRESENTATION_LAYER_ASSIGNMENT (  '', '', ( #466 ) ) ;
#213 = CARTESIAN_POINT ( 'NONE',  ( 4.000000000000006217, 0.000000000000000000, 27.00000000000000000 ) ) ;
#214 = SURFACE_SIDE_STYLE ('',( #447 ) ) ;
#215 = LINE ( 'NONE', #1497, #222 ) ;
#216 = VERTEX_POINT ( 'NONE', #1305 ) ;
#217 = CARTESIAN_POINT ( 'NONE',  ( 4.499999999999999112, 0.000000000000000000, 20.39999999999999858 ) ) ;
#218 =( GEOMETRIC_REPRESENTATION_CONTEXT ( 3 ) GLOBAL_UNCERTAINTY_ASSIGNED_CONTEXT ( ( #1014 ) ) GLOBAL_UNIT_ASSIGNED_CONTEXT ( ( #421, #32, #944 ) ) REPRESENTATION_CONTEXT ( 'NONE', 'WORKASPACE' ) );
#219 = UNCERTAINTY_MEASURE_WITH_UNIT (LENGTH_MEASURE( 1.000000000000000082E-05 ), #436, 'distance_accuracy_value', 'NONE');
#220 = CARTESIAN_POINT ( 'NONE',  ( 6.938893903907228378E-15, 4.000000000000000000, 27.00000000000000000 ) ) ;
#221 =( NAMED_UNIT ( * ) SI_UNIT ( $, .STERADIAN. ) SOLID_ANGLE_UNIT ( ) );
#222 = VECTOR ( 'NONE', #1002, 1000.000000000000000 ) ;
#223 = CARTESIAN_POINT ( 'NONE',  ( 23.00000000000000000, 4.000000000000000000, 4.000000000000000000 ) ) ;
#224 = CIRCLE ( 'NONE', #1146, 4.000000000000000000 ) ;
#225 = VECTOR ( 'NONE', #604, 1000.000000000000000 ) ;
#226 = CIRCLE ( 'NONE', #86, 6.000000000000000000 ) ;
#227 = EDGE_CURVE ( 'NONE', #645, #647, #18, .T. ) ;
#228 = PRESENTATION_STYLE_ASSIGNMENT (( #1364 ) ) ;
#229 = ORIENTED_EDGE ( 'NONE', *, *, #1211, .F. ) ;
#230 = UNCERTAINTY_MEASURE_WITH_UNIT (LENGTH_MEASURE( 1.000000000000000082E-05 ), #1241, 'distance_accuracy_value', 'NONE');
#231 = DIRECTION ( 'NONE',  ( 0.000000000000000000, 0.000000000000000000, 1.000000000000000000 ) ) ;
#232 = FILL_AREA_STYLE_COLOUR ( '', #590 ) ;
#233 = SURFACE_STYLE_FILL_AREA ( #1020 ) ;
#234 = COLOUR_RGB ( '',0.6941176470588235059, 0.09803921568627450844, 0.09803921568627450844 ) ;
#235 = ADVANCED_FACE ( 'NONE', ( #932 ), #535, .T. ) ;
#236 = MECHANICAL_DESIGN_GEOMETRIC_PRESENTATION_REPRESENTATION (  '', ( #761 ), #608 ) ;
#237 = EDGE_CURVE ( 'NONE', #585, #679, #1108, .T. ) ;
#238 = COLOUR_RGB ( '',0.6941176470588235059, 0.09803921568627450844, 0.09803921568627450844 ) ;
#239 = LINE ( 'NONE', #1390, #324 ) ;
#240 = FILL_AREA_STYLE_COLOUR ( '', #1512 ) ;
#241 = FILL_AREA_STYLE_COLOUR ( '', #1070 ) ;
#242 = EDGE_LOOP ( 'NONE', ( #1444, #101 ) ) ;
#243 = VERTEX_POINT ( 'NONE', #185 ) ;
#244 = CIRCLE ( 'NONE', #1170, 4.000000000000000000 ) ;
#245 = AXIS2_PLACEMENT_3D ( 'NONE', #41, #708, #971 ) ;
#246 = STYLED_ITEM ( 'NONE', ( #266 ), #420 ) ;
#247 = VERTEX_POINT ( 'NONE', #650 ) ;
#248 = UNCERTAINTY_MEASURE_WITH_UNIT (LENGTH_MEASURE( 1.000000000000000082E-05 ), #370, 'distance_accuracy_value', 'NONE');
#249 = EDGE_CURVE ( 'NONE', #747, #1319, #599, .T. ) ;
#250 = FACE_OUTER_BOUND ( 'NONE', #1, .T. ) ;
#251 =( NAMED_UNIT ( * ) PLANE_ANGLE_UNIT ( ) SI_UNIT ( $, .RADIAN. ) );
#252 = ORIENTED_EDGE ( 'NONE', *, *, #1132, .F. ) ;
#253 = DIRECTION ( 'NONE',  ( 0.000000000000000000, 0.000000000000000000, 1.000000000000000000 ) ) ;
#254 = SURFACE_STYLE_FILL_AREA ( #486 ) ;
#255 = CARTESIAN_POINT ( 'NONE',  ( 13.50000000000000355, 4.000000000000000000, 13.50000000000000000 ) ) ;
#256 = DIRECTION ( 'NONE',  ( -0.000000000000000000, -1.000000000000000000, -0.000000000000000000 ) ) ;
#257 = VECTOR ( 'NONE', #715, 1000.000000000000000 ) ;
#258 = ORIENTED_EDGE ( 'NONE', *, *, #1370, .F. ) ;
#259 = CARTESIAN_POINT ( 'NONE',  ( 22.50000000000000000, 4.000000000000000000, 2.399999999999999023 ) ) ;
#260 = SURFACE_STYLE_FILL_AREA ( #1522 ) ;
#261 = FILL_AREA_STYLE ('',( #157 ) ) ;
#262 = CIRCLE ( 'NONE', #1402, 7.000000000000000888 ) ;
#263 = STYLED_ITEM ( 'NONE', ( #1358 ), #1598 ) ;
#264 = SURFACE_STYLE_FILL_AREA ( #289 ) ;
#265 = SURFACE_STYLE_FILL_AREA ( #509 ) ;
#266 = PRESENTATION_STYLE_ASSIGNMENT (( #1527 ) ) ;
#267 = EDGE_LOOP ( 'NONE', ( #1606, #485, #567, #1599 ) ) ;
#268 = SURFACE_STYLE_USAGE ( .BOTH. , #1414 ) ;
#269 = CARTESIAN_POINT ( 'NONE',  ( 13.50000000000000355, 17.50000000000000000, 13.50000000000000000 ) ) ;
#270 = AXIS2_PLACEMENT_3D ( 'NONE', #855, #1630, #1238 ) ;
#271 = ADVANCED_FACE ( 'NONE', ( #1321 ), #1341, .F. ) ;
#272 = ORIENTED_EDGE ( 'NONE', *, *, #782, .T. ) ;
#273 = DIRECTION ( 'NONE',  ( 0.000000000000000000, 1.000000000000000000, 0.000000000000000000 ) ) ;
#274 = SURFACE_SIDE_STYLE ('',( #1423 ) ) ;
#275 =( GEOMETRIC_REPRESENTATION_CONTEXT ( 3 ) GLOBAL_UNCERTAINTY_ASSIGNED_CONTEXT ( ( #1235 ) ) GLOBAL_UNIT_ASSIGNED_CONTEXT ( ( #63, #820, #1438 ) ) REPRESENTATION_CONTEXT ( 'NONE', 'WORKASPACE' ) );
#276 = PRESENTATION_STYLE_ASSIGNMENT (( #1577 ) ) ;
#277 = PRESENTATION_STYLE_ASSIGNMENT (( #381 ) ) ;
#278 = ORIENTED_EDGE ( 'NONE', *, *, #1618, .F. ) ;
#279 = DIRECTION ( 'NONE',  ( 0.000000000000000000, 0.000000000000000000, 1.000000000000000000 ) ) ;
#280 =( LENGTH_UNIT ( ) NAMED_UNIT ( * ) SI_UNIT ( .MILLI., .METRE. ) );
#281 = CARTESIAN_POINT ( 'NONE',  ( 13.50000000000000355, 6.000000000000000000, 22.50000000000000000 ) ) ;
#282 = CARTESIAN_POINT ( 'NONE',  ( 4.499999999999999112, 4.000000000000000000, 22.50000000000000000 ) ) ;
#283 = PRESENTATION_STYLE_ASSIGNMENT (( #1038 ) ) ;
#284 = ORIENTED_EDGE ( 'NONE', *, *, #840, .F. ) ;
#285 = FACE_OUTER_BOUND ( 'NONE', #401, .T. ) ;
#286 = APPLICATION_PROTOCOL_DEFINITION ( 'draft international standard', 'automotive_design', 1998, #431 ) ;
#287 = DIRECTION ( 'NONE',  ( -0.000000000000000000, -1.000000000000000000, -0.000000000000000000 ) ) ;
#288 =( NAMED_UNIT ( * ) SI_UNIT ( $, .STERADIAN. ) SOLID_ANGLE_UNIT ( ) );
#289 = FILL_AREA_STYLE ('',( #669 ) ) ;
#290 = EDGE_CURVE ( 'NONE', #641, #457, #200, .T. ) ;
#291 = DIRECTION ( 'NONE',  ( 1.284980352575412946E-16, 0.000000000000000000, 1.000000000000000000 ) ) ;
#292 = COLOUR_RGB ( '',0.6941176470588235059, 0.09803921568627450844, 0.09803921568627450844 ) ;
#293 =( NAMED_UNIT ( * ) SI_UNIT ( $, .STERADIAN. ) SOLID_ANGLE_UNIT ( ) );
#294 = ORIENTED_EDGE ( 'NONE', *, *, #1370, .T. ) ;
#295 = MECHANICAL_DESIGN_GEOMETRIC_PRESENTATION_REPRESENTATION (  '', ( #964 ), #851 ) ;
#296 = DIRECTION ( 'NONE',  ( 1.000000000000000000, -0.000000000000000000, 1.224646799147353207E-16 ) ) ;
#297 = DIRECTION ( 'NONE',  ( -0.000000000000000000, -1.000000000000000000, -0.000000000000000000 ) ) ;
#298 = CIRCLE ( 'NONE', #1232, 2.100000000000000977 ) ;
#299 = FILL_AREA_STYLE_COLOUR ( '', #238 ) ;
#300 = CIRCLE ( 'NONE', #481, 4.000000000000000000 ) ;
#301 = FILL_AREA_STYLE ('',( #316 ) ) ;
#302 = EDGE_CURVE ( 'NONE', #1068, #1505, #534, .T. ) ;
#303 = ORIENTED_EDGE ( 'NONE', *, *, #782, .F. ) ;
#304 = DIRECTION ( 'NONE',  ( -0.000000000000000000, -1.000000000000000000, -0.000000000000000000 ) ) ;
#305 = ORIENTED_EDGE ( 'NONE', *, *, #759, .T. ) ;
#306 = FILL_AREA_STYLE_COLOUR ( '', #234 ) ;
#307 = CARTESIAN_POINT ( 'NONE',  ( 13.50000000000000355, -0.5000000000000004441, 20.99999999999999645 ) ) ;
#308 =( NAMED_UNIT ( * ) PLANE_ANGLE_UNIT ( ) SI_UNIT ( $, .RADIAN. ) );
#309 = DIRECTION ( 'NONE',  ( 0.000000000000000000, -1.000000000000000000, 0.000000000000000000 ) ) ;
#310 = CARTESIAN_POINT ( 'NONE',  ( 22.50000000000000000, 4.000000000000000000, 2.399999999999999023 ) ) ;
#311 = DIRECTION ( 'NONE',  ( 0.000000000000000000, -1.000000000000000000, 0.000000000000000000 ) ) ;
#312 = EDGE_LOOP ( 'NONE', ( #780, #583 ) ) ;
#313 = SURFACE_STYLE_FILL_AREA ( #706 ) ;
#314 = CARTESIAN_POINT ( 'NONE',  ( 13.50000000000000355, -19.20000000000000284, 13.50000000000000000 ) ) ;
#315 = DIRECTION ( 'NONE',  ( 0.000000000000000000, -1.000000000000000000, 0.000000000000000000 ) ) ;
#316 = FILL_AREA_STYLE_COLOUR ( '', #1626 ) ;
#317 = DIRECTION ( 'NONE',  ( -0.000000000000000000, -1.000000000000000000, -0.000000000000000000 ) ) ;
#318 = CIRCLE ( 'NONE', #1034, 2.100000000000000977 ) ;
#319 = VERTEX_POINT ( 'NONE', #1332 ) ;
#320 = ADVANCED_FACE ( 'NONE', ( #435 ), #1584, .T. ) ;
#321 = ORIENTED_EDGE ( 'NONE', *, *, #1648, .T. ) ;
#322 = CYLINDRICAL_SURFACE ( 'NONE', #652, 3.000000000000000888 ) ;
#323 = AXIS2_PLACEMENT_3D ( 'NONE', #1603, #311, #573 ) ;
#324 = VECTOR ( 'NONE', #1282, 1000.000000000000000 ) ;
#325 = CARTESIAN_POINT ( 'NONE',  ( 13.50000000000000355, 17.50000000000000000, 13.50000000000000000 ) ) ;
#326 = CYLINDRICAL_SURFACE ( 'NONE', #1231, 6.000000000000000000 ) ;
#327 = AXIS2_PLACEMENT_3D ( 'NONE', #1427, #904, #291 ) ;
#328 = ORIENTED_EDGE ( 'NONE', *, *, #205, .T. ) ;
#329 = DIRECTION ( 'NONE',  ( 1.000000000000000000, 0.000000000000000000, -0.000000000000000000 ) ) ;
#330 = DIRECTION ( 'NONE',  ( -0.000000000000000000, 1.000000000000000000, -0.000000000000000000 ) ) ;
#331 = CARTESIAN_POINT ( 'NONE',  ( 22.50000000000000000, 4.000000000000000000, 24.60000000000000142 ) ) ;
#332 =( NAMED_UNIT ( * ) PLANE_ANGLE_UNIT ( ) SI_UNIT ( $, .RADIAN. ) );
#333 = CARTESIAN_POINT ( 'NONE',  ( 1.027984282060330554E-15, 4.000000000000000000, 4.000000000000000888 ) ) ;
#334 = DIRECTION ( 'NONE',  ( 0.000000000000000000, 0.000000000000000000, 1.000000000000000000 ) ) ;
#335 = ORIENTED_EDGE ( 'NONE', *, *, #1448, .T. ) ;
#336 = CARTESIAN_POINT ( 'NONE',  ( 13.50000000000000355, -19.20000000000000284, 13.50000000000000000 ) ) ;
#337 = COLOUR_RGB ( '',0.8980392156862745390, 0.8980392156862745390, 0.8980392156862745390 ) ;
#338 = CARTESIAN_POINT ( 'NONE',  ( 4.500000000000001776, 4.000000000000000000, 4.500000000000000000 ) ) ;
#339 = ADVANCED_FACE ( 'NONE', ( #423, #42, #1571, #811, #53, #1284 ), #1391, .F. ) ;
#340 = SURFACE_STYLE_FILL_AREA ( #730 ) ;
#341 = CIRCLE ( 'NONE', #189, 2.100000000000000977 ) ;
#342 = EDGE_LOOP ( 'NONE', ( #689, #1458, #744, #353 ) ) ;
#343 = AXIS2_PLACEMENT_3D ( 'NONE', #519, #397, #914 ) ;
#344 = EDGE_LOOP ( 'NONE', ( #1500, #627 ) ) ;
#345 = AXIS2_PLACEMENT_3D ( 'NONE', #281, #1179, #1408 ) ;
#346 = UNCERTAINTY_MEASURE_WITH_UNIT (LENGTH_MEASURE( 1.000000000000000082E-05 ), #675, 'distance_accuracy_value', 'NONE');
#347 =( LENGTH_UNIT ( ) NAMED_UNIT ( * ) SI_UNIT ( .MILLI., .METRE. ) );
#348 = MECHANICAL_DESIGN_GEOMETRIC_PRESENTATION_REPRESENTATION (  '', ( #1016 ), #427 ) ;
#349 = CARTESIAN_POINT ( 'NONE',  ( 13.50000000000000355, 17.50000000000000000, 13.50000000000000000 ) ) ;
#350 = SURFACE_SIDE_STYLE ('',( #233 ) ) ;
#351 = SURFACE_STYLE_FILL_AREA ( #1487 ) ;
#352 = CIRCLE ( 'NONE', #1493, 2.100000000000000089 ) ;
#353 = ORIENTED_EDGE ( 'NONE', *, *, #391, .F. ) ;
#354 = SURFACE_SIDE_STYLE ('',( #864 ) ) ;
#355 = FACE_OUTER_BOUND ( 'NONE', #267, .T. ) ;
#356 = DIRECTION ( 'NONE',  ( 0.000000000000000000, 0.000000000000000000, 1.000000000000000000 ) ) ;
#357 = EDGE_LOOP ( 'NONE', ( #1051, #1511, #1328, #1165 ) ) ;
#358 = EDGE_CURVE ( 'NONE', #457, #641, #746, .T. ) ;
#359 = UNCERTAINTY_MEASURE_WITH_UNIT (LENGTH_MEASURE( 1.000000000000000082E-05 ), #118, 'distance_accuracy_value', 'NONE');
#360 =( LENGTH_UNIT ( ) NAMED_UNIT ( * ) SI_UNIT ( .MILLI., .METRE. ) );
#361 = CARTESIAN_POINT ( 'NONE',  ( 4.000000000000006217, 0.000000000000000000, 23.00000000000000000 ) ) ;
#362 = CARTESIAN_POINT ( 'NONE',  ( 23.00000000000000000, 4.000000000000000000, 0.000000000000000000 ) ) ;
#363 = VERTEX_POINT ( 'NONE', #1411 ) ;
#364 = ORIENTED_EDGE ( 'NONE', *, *, #488, .F. ) ;
#365 = TOROIDAL_SURFACE ( 'NONE', #550, 7.500000000000000000, 0.5000000000000000000 ) ;
#366 = EDGE_CURVE ( 'NONE', #950, #243, #352, .T. ) ;
#367 = DIRECTION ( 'NONE',  ( 0.000000000000000000, 1.000000000000000000, 0.000000000000000000 ) ) ;
#368 = DIRECTION ( 'NONE',  ( 0.000000000000000000, 1.000000000000000000, 0.000000000000000000 ) ) ;
#369 = CARTESIAN_POINT ( 'NONE',  ( 4.499999999999999112, 4.000000000000000000, 24.60000000000000142 ) ) ;
#370 =( LENGTH_UNIT ( ) NAMED_UNIT ( * ) SI_UNIT ( .MILLI., .METRE. ) );
#371 = MECHANICAL_DESIGN_GEOMETRIC_PRESENTATION_REPRESENTATION (  '', ( #166 ), #1018 ) ;
#372 = ORIENTED_EDGE ( 'NONE', *, *, #871, .F. ) ;
#373 = AXIS2_PLACEMENT_3D ( 'NONE', #223, #598, #720 ) ;
#374 =( GEOMETRIC_REPRESENTATION_CONTEXT ( 3 ) GLOBAL_UNCERTAINTY_ASSIGNED_CONTEXT ( ( #96 ) ) GLOBAL_UNIT_ASSIGNED_CONTEXT ( ( #360, #1352, #1134 ) ) REPRESENTATION_CONTEXT ( 'NONE', 'WORKASPACE' ) );
#375 = EDGE_LOOP ( 'NONE', ( #26, #78, #490, #732 ) ) ;
#376 = UNCERTAINTY_MEASURE_WITH_UNIT (LENGTH_MEASURE( 1.000000000000000082E-05 ), #11, 'distance_accuracy_value', 'NONE');
#377 = FACE_OUTER_BOUND ( 'NONE', #1252, .T. ) ;
#378 = CARTESIAN_POINT ( 'NONE',  ( 22.50000000000000000, 4.000000000000000000, 4.500000000000000000 ) ) ;
#379 = CARTESIAN_POINT ( 'NONE',  ( 13.50000000000000355, 17.50000000000000000, 13.50000000000000000 ) ) ;
#380 =( LENGTH_UNIT ( ) NAMED_UNIT ( * ) SI_UNIT ( .MILLI., .METRE. ) );
#381 = SURFACE_STYLE_USAGE ( .BOTH. , #1412 ) ;
#382 = ORIENTED_EDGE ( 'NONE', *, *, #170, .F. ) ;
#383 =( NAMED_UNIT ( * ) PLANE_ANGLE_UNIT ( ) SI_UNIT ( $, .RADIAN. ) );
#384 = CARTESIAN_POINT ( 'NONE',  ( 23.00000000000000355, 0.000000000000000000, 23.00000000000000000 ) ) ;
#385 = CARTESIAN_POINT ( 'NONE',  ( 4.000000000000006217, 4.000000000000000000, 27.00000000000000000 ) ) ;
#386 = DIRECTION ( 'NONE',  ( -0.000000000000000000, -1.000000000000000000, -0.000000000000000000 ) ) ;
#387 = PRESENTATION_STYLE_ASSIGNMENT (( #653 ) ) ;
#388 = EDGE_CURVE ( 'NONE', #216, #319, #1205, .T. ) ;
#389 = CYLINDRICAL_SURFACE ( 'NONE', #455, 7.000000000000001776 ) ;
#390 = AXIS2_PLACEMENT_3D ( 'NONE', #1087, #835, #1342 ) ;
#391 = EDGE_CURVE ( 'NONE', #1482, #247, #24, .T. ) ;
#392 = EDGE_LOOP ( 'NONE', ( #619, #637, #1314, #120 ) ) ;
#393 =( LENGTH_UNIT ( ) NAMED_UNIT ( * ) SI_UNIT ( .MILLI., .METRE. ) );
#394 = CARTESIAN_POINT ( 'NONE',  ( 13.50000000000000355, 17.50000000000000000, 13.50000000000000000 ) ) ;
#395 = ORIENTED_EDGE ( 'NONE', *, *, #1640, .T. ) ;
#396 = COLOUR_RGB ( '',0.6941176470588235059, 0.09803921568627450844, 0.09803921568627450844 ) ;
#397 = DIRECTION ( 'NONE',  ( 0.000000000000000000, 1.000000000000000000, 0.000000000000000000 ) ) ;
#398 = SURFACE_STYLE_FILL_AREA ( #261 ) ;
#399 = AXIS2_PLACEMENT_3D ( 'NONE', #30, #296, #796 ) ;
#400 = DIRECTION ( 'NONE',  ( -0.000000000000000000, -1.000000000000000000, -0.000000000000000000 ) ) ;
#401 = EDGE_LOOP ( 'NONE', ( #842, #623, #926, #1576 ) ) ;
#402 = CARTESIAN_POINT ( 'NONE',  ( 22.50000000000000000, 4.000000000000000000, 24.60000000000000142 ) ) ;
#403 = CARTESIAN_POINT ( 'NONE',  ( 4.000000000000000888, 4.000000000000000000, 0.000000000000000000 ) ) ;
#404 = TOROIDAL_SURFACE ( 'NONE', #875, 9.000000000000001776, 2.000000000000000000 ) ;
#405 = VECTOR ( 'NONE', #177, 1000.000000000000000 ) ;
#406 = CARTESIAN_POINT ( 'NONE',  ( 13.50000000000000355, -8.500000000000000000, 13.50000000000000000 ) ) ;
#407 = PRESENTATION_LAYER_ASSIGNMENT (  '', '', ( #616 ) ) ;
#408 =( NAMED_UNIT ( * ) PLANE_ANGLE_UNIT ( ) SI_UNIT ( $, .RADIAN. ) );
#409 = DIRECTION ( 'NONE',  ( 0.000000000000000000, 0.000000000000000000, 1.000000000000000000 ) ) ;
#410 = EDGE_LOOP ( 'NONE', ( #59, #1405, #1614, #252 ) ) ;
#411 = CARTESIAN_POINT ( 'NONE',  ( 22.50000000000000000, 4.000000000000000000, 4.500000000000000000 ) ) ;
#412 = PRODUCT_RELATED_PRODUCT_CATEGORY ( 'part', '', ( #817 ) ) ;
#413 = ADVANCED_FACE ( 'NONE', ( #635 ), #1180, .F. ) ;
#414 = CARTESIAN_POINT ( 'NONE',  ( 23.00000000000000355, 4.000000000000000000, 27.00000000000000000 ) ) ;
#415 = SURFACE_STYLE_USAGE ( .BOTH. , #1650 ) ;
#416 = DIRECTION ( 'NONE',  ( 0.000000000000000000, 0.000000000000000000, 1.000000000000000000 ) ) ;
#417 = SURFACE_SIDE_STYLE ('',( #46 ) ) ;
#418 = ORIENTED_EDGE ( 'NONE', *, *, #711, .F. ) ;
#419 = LINE ( 'NONE', #1432, #15 ) ;
#420 = ADVANCED_FACE ( 'NONE', ( #793 ), #389, .T. ) ;
#421 =( LENGTH_UNIT ( ) NAMED_UNIT ( * ) SI_UNIT ( .MILLI., .METRE. ) );
#422 = CARTESIAN_POINT ( 'NONE',  ( 4.000000000000000888, 4.000000000000000000, 0.000000000000000000 ) ) ;
#423 = FACE_BOUND ( 'NONE', #344, .T. ) ;
#424 = STYLED_ITEM ( 'NONE', ( #60 ), #1516 ) ;
#425 = EDGE_LOOP ( 'NONE', ( #1006, #1344, #959, #229 ) ) ;
#426 = AXIS2_PLACEMENT_3D ( 'NONE', #1435, #1541, #409 ) ;
#427 =( GEOMETRIC_REPRESENTATION_CONTEXT ( 3 ) GLOBAL_UNCERTAINTY_ASSIGNED_CONTEXT ( ( #1261 ) ) GLOBAL_UNIT_ASSIGNED_CONTEXT ( ( #1131, #1613, #1473 ) ) REPRESENTATION_CONTEXT ( 'NONE', 'WORKASPACE' ) );
#428 = ORIENTED_EDGE ( 'NONE', *, *, #358, .T. ) ;
#429 =( NAMED_UNIT ( * ) PLANE_ANGLE_UNIT ( ) SI_UNIT ( $, .RADIAN. ) );
#430 = AXIS2_PLACEMENT_3D ( 'NONE', #580, #207, #1093 ) ;
#431 = APPLICATION_CONTEXT ( 'automotive_design' ) ;
#432 = DIRECTION ( 'NONE',  ( -2.569960705150825891E-16, 0.000000000000000000, -1.000000000000000000 ) ) ;
#433 = VECTOR ( 'NONE', #315, 1000.000000000000000 ) ;
#434 = CARTESIAN_POINT ( 'NONE',  ( 27.00000000000000000, 4.000000000000000000, 0.000000000000000000 ) ) ;
#435 = FACE_OUTER_BOUND ( 'NONE', #392, .T. ) ;
#436 =( LENGTH_UNIT ( ) NAMED_UNIT ( * ) SI_UNIT ( .MILLI., .METRE. ) );
#437 = EDGE_LOOP ( 'NONE', ( #1150, #161 ) ) ;
#438 = VERTEX_POINT ( 'NONE', #1532 ) ;
#439 = FILL_AREA_STYLE ('',( #1469 ) ) ;
#440 = DIRECTION ( 'NONE',  ( 0.000000000000000000, 1.000000000000000000, 0.000000000000000000 ) ) ;
#441 = SURFACE_STYLE_FILL_AREA ( #572 ) ;
#442 = SURFACE_STYLE_USAGE ( .BOTH. , #83 ) ;
#443 = EDGE_CURVE ( 'NONE', #1443, #1010, #146, .T. ) ;
#444 = VERTEX_POINT ( 'NONE', #1158 ) ;
#445 = DIRECTION ( 'NONE',  ( 0.000000000000000000, 0.000000000000000000, -1.000000000000000000 ) ) ;
#446 = CARTESIAN_POINT ( 'NONE',  ( 13.50000000000000355, -19.20000000000000284, 16.00000000000000000 ) ) ;
#447 = SURFACE_STYLE_FILL_AREA ( #989 ) ;
#448 = CARTESIAN_POINT ( 'NONE',  ( 4.499999999999999112, 0.000000000000000000, 24.60000000000000142 ) ) ;
#449 = AXIS2_PLACEMENT_3D ( 'NONE', #569, #828, #1433 ) ;
#450 = ORIENTED_EDGE ( 'NONE', *, *, #1003, .F. ) ;
#451 = DIRECTION ( 'NONE',  ( 0.000000000000000000, 1.000000000000000000, 0.000000000000000000 ) ) ;
#452 = COLOUR_RGB ( '',0.6941176470588235059, 0.09803921568627450844, 0.09803921568627450844 ) ;
#453 = PRESENTATION_LAYER_ASSIGNMENT (  '', '', ( #1625 ) ) ;
#454 = PRESENTATION_LAYER_ASSIGNMENT (  '', '', ( #882 ) ) ;
#455 = AXIS2_PLACEMENT_3D ( 'NONE', #878, #1285, #1264 ) ;
#456 = ADVANCED_FACE ( 'NONE', ( #6 ), #905, .F. ) ;
#457 = VERTEX_POINT ( 'NONE', #1271 ) ;
#458 = FILL_AREA_STYLE ('',( #1106 ) ) ;
#459 = ADVANCED_FACE ( 'NONE', ( #136 ), #636, .F. ) ;
#460 = FILL_AREA_STYLE_COLOUR ( '', #1286 ) ;
#461 = FACE_BOUND ( 'NONE', #1248, .T. ) ;
#462 = CYLINDRICAL_SURFACE ( 'NONE', #1407, 3.000000000000000888 ) ;
#463 = EDGE_LOOP ( 'NONE', ( #428, #1310 ) ) ;
#464 = ORIENTED_EDGE ( 'NONE', *, *, #884, .F. ) ;
#465 = PRESENTATION_STYLE_ASSIGNMENT (( #984 ) ) ;
#466 = STYLED_ITEM ( 'NONE', ( #587 ), #175 ) ;
#467 = EDGE_CURVE ( 'NONE', #247, #1566, #1461, .T. ) ;
#468 = DIRECTION ( 'NONE',  ( 0.000000000000000000, -0.000000000000000000, 1.000000000000000000 ) ) ;
#469 = CYLINDRICAL_SURFACE ( 'NONE', #197, 7.000000000000001776 ) ;
#470 = CARTESIAN_POINT ( 'NONE',  ( 13.50000000000000355, 4.000000000000000000, 13.50000000000000000 ) ) ;
#471 = STYLED_ITEM ( 'NONE', ( #21 ), #1468 ) ;
#472 = AXIS2_PLACEMENT_3D ( 'NONE', #1406, #273, #279 ) ;
#473 = UNCERTAINTY_MEASURE_WITH_UNIT (LENGTH_MEASURE( 1.000000000000000082E-05 ), #951, 'distance_accuracy_value', 'NONE');
#474 = DIRECTION ( 'NONE',  ( 8.659560562354906974E-17, 0.7071067811865496822, -0.7071067811865454633 ) ) ;
#475 = UNCERTAINTY_MEASURE_WITH_UNIT (LENGTH_MEASURE( 1.000000000000000082E-05 ), #698, 'distance_accuracy_value', 'NONE');
#476 = CYLINDRICAL_SURFACE ( 'NONE', #1033, 4.000000000000000000 ) ;
#477 = EDGE_CURVE ( 'NONE', #681, #1105, #1376, .T. ) ;
#478 = CARTESIAN_POINT ( 'NONE',  ( 13.50000000000000533, 4.000000000000000000, 4.499999999999999112 ) ) ;
#479 = SURFACE_STYLE_USAGE ( .BOTH. , #99 ) ;
#480 = FACE_OUTER_BOUND ( 'NONE', #888, .T. ) ;
#481 = AXIS2_PLACEMENT_3D ( 'NONE', #893, #1560, #767 ) ;
#482 = AXIS2_PLACEMENT_3D ( 'NONE', #1361, #367, #231 ) ;
#483 = ORIENTED_EDGE ( 'NONE', *, *, #290, .F. ) ;
#484 = DIRECTION ( 'NONE',  ( 0.000000000000000000, 1.000000000000000000, 0.000000000000000000 ) ) ;
#485 = ORIENTED_EDGE ( 'NONE', *, *, #1003, .T. ) ;
#486 = FILL_AREA_STYLE ('',( #1628 ) ) ;
#487 = FILL_AREA_STYLE ('',( #494 ) ) ;
#488 = EDGE_CURVE ( 'NONE', #705, #918, #215, .T. ) ;
#489 = UNCERTAINTY_MEASURE_WITH_UNIT (LENGTH_MEASURE( 1.000000000000000082E-05 ), #1539, 'distance_accuracy_value', 'NONE');
#490 = ORIENTED_EDGE ( 'NONE', *, *, #1371, .F. ) ;
#491 = STYLED_ITEM ( 'NONE', ( #526 ), #13 ) ;
#492 = DIRECTION ( 'NONE',  ( 0.000000000000000000, 0.000000000000000000, -1.000000000000000000 ) ) ;
#493 = CARTESIAN_POINT ( 'NONE',  ( 23.00000000000000355, 4.000000000000000000, 23.00000000000000000 ) ) ;
#494 = FILL_AREA_STYLE_COLOUR ( '', #850 ) ;
#495 = EDGE_LOOP ( 'NONE', ( #795, #88 ) ) ;
#496 =( GEOMETRIC_REPRESENTATION_CONTEXT ( 3 ) GLOBAL_UNCERTAINTY_ASSIGNED_CONTEXT ( ( #473 ) ) GLOBAL_UNIT_ASSIGNED_CONTEXT ( ( #951, #1225, #1207 ) ) REPRESENTATION_CONTEXT ( 'NONE', 'WORKASPACE' ) );
#497 = ORIENTED_EDGE ( 'NONE', *, *, #711, .T. ) ;
#498 = CYLINDRICAL_SURFACE ( 'NONE', #140, 6.000000000000000000 ) ;
#499 = FILL_AREA_STYLE_COLOUR ( '', #1359 ) ;
#500 = FILL_AREA_STYLE ('',( #169 ) ) ;
#501 = DIRECTION ( 'NONE',  ( -1.000000000000000000, -0.000000000000000000, -0.000000000000000000 ) ) ;
#502 = TOROIDAL_SURFACE ( 'NONE', #664, 7.500000000000000000, 0.5000000000000000000 ) ;
#503 = ORIENTED_EDGE ( 'NONE', *, *, #1524, .F. ) ;
#504 = CIRCLE ( 'NONE', #1307, 7.000000000000000888 ) ;
#505 = MECHANICAL_DESIGN_GEOMETRIC_PRESENTATION_REPRESENTATION (  '', ( #1515 ), #941 ) ;
#506 = DIRECTION ( 'NONE',  ( 0.000000000000000000, 1.000000000000000000, 0.000000000000000000 ) ) ;
#507 = EDGE_CURVE ( 'NONE', #1443, #815, #1503, .T. ) ;
#508 = DIRECTION ( 'NONE',  ( 0.000000000000000000, 0.000000000000000000, 1.000000000000000000 ) ) ;
#509 = FILL_AREA_STYLE ('',( #145 ) ) ;
#510 = EDGE_LOOP ( 'NONE', ( #894, #622, #74, #321 ) ) ;
#511 = FACE_BOUND ( 'NONE', #1023, .T. ) ;
#512 = COLOUR_RGB ( '',0.6941176470588235059, 0.09803921568627450844, 0.09803921568627450844 ) ;
#513 =( NAMED_UNIT ( * ) PLANE_ANGLE_UNIT ( ) SI_UNIT ( $, .RADIAN. ) );
#514 = SURFACE_STYLE_USAGE ( .BOTH. , #274 ) ;
#515 = CARTESIAN_POINT ( 'NONE',  ( 13.50000000000000355, -8.500000000000000000, 13.50000000000000000 ) ) ;
#516 =( LENGTH_UNIT ( ) NAMED_UNIT ( * ) SI_UNIT ( .MILLI., .METRE. ) );
#517 =( LENGTH_UNIT ( ) NAMED_UNIT ( * ) SI_UNIT ( .MILLI., .METRE. ) );
#518 =( NAMED_UNIT ( * ) PLANE_ANGLE_UNIT ( ) SI_UNIT ( $, .RADIAN. ) );
#519 = CARTESIAN_POINT ( 'NONE',  ( 22.50000000000000000, 4.000000000000000000, 4.500000000000000000 ) ) ;
#520 = CARTESIAN_POINT ( 'NONE',  ( 22.50000000000000000, 4.000000000000000000, 22.50000000000000000 ) ) ;
#521 = AXIS2_PLACEMENT_3D ( 'NONE', #156, #1267, #1279 ) ;
#522 =( GEOMETRIC_REPRESENTATION_CONTEXT ( 3 ) GLOBAL_UNCERTAINTY_ASSIGNED_CONTEXT ( ( #1490 ) ) GLOBAL_UNIT_ASSIGNED_CONTEXT ( ( #1294, #155, #546 ) ) REPRESENTATION_CONTEXT ( 'NONE', 'WORKASPACE' ) );
#523 =( LENGTH_UNIT ( ) NAMED_UNIT ( * ) SI_UNIT ( .MILLI., .METRE. ) );
#524 =( NAMED_UNIT ( * ) SI_UNIT ( $, .STERADIAN. ) SOLID_ANGLE_UNIT ( ) );
#525 = ADVANCED_FACE ( 'NONE', ( #480 ), #462, .T. ) ;
#526 = PRESENTATION_STYLE_ASSIGNMENT (( #1556 ) ) ;
#527 = CYLINDRICAL_SURFACE ( 'NONE', #1380, 2.100000000000000533 ) ;
#528 = MECHANICAL_DESIGN_GEOMETRIC_PRESENTATION_REPRESENTATION (  '', ( #994 ), #1594 ) ;
#529 = ADVANCED_FACE ( 'NONE', ( #1480 ), #498, .F. ) ;
#530 = VECTOR ( 'NONE', #1343, 1000.000000000000000 ) ;
#531 = DIRECTION ( 'NONE',  ( -0.000000000000000000, 1.000000000000000000, -0.000000000000000000 ) ) ;
#532 = VECTOR ( 'NONE', #1578, 1000.000000000000114 ) ;
#533 = DIRECTION ( 'NONE',  ( 0.000000000000000000, 1.000000000000000000, 0.000000000000000000 ) ) ;
#534 = CIRCLE ( 'NONE', #776, 2.500000000000000444 ) ;
#535 = CYLINDRICAL_SURFACE ( 'NONE', #1605, 7.000000000000000888 ) ;
#536 = CARTESIAN_POINT ( 'NONE',  ( 13.50000000000000533, 6.000000000000000000, 4.499999999999999112 ) ) ;
#537 = VERTEX_POINT ( 'NONE', #1386 ) ;
#538 = EDGE_CURVE ( 'NONE', #691, #1349, #612, .T. ) ;
#539 = EDGE_LOOP ( 'NONE', ( #335, #548 ) ) ;
#540 = CARTESIAN_POINT ( 'NONE',  ( 13.50000000000000355, -18.69999999999999929, 10.49999999999999822 ) ) ;
#541 = SURFACE_STYLE_USAGE ( .BOTH. , #1552 ) ;
#542 = CARTESIAN_POINT ( 'NONE',  ( 13.50000000000000355, 4.000000000000000000, 13.50000000000000000 ) ) ;
#543 =( NAMED_UNIT ( * ) SI_UNIT ( $, .STERADIAN. ) SOLID_ANGLE_UNIT ( ) );
#544 = FILL_AREA_STYLE_COLOUR ( '', #1086 ) ;
#545 = FILL_AREA_STYLE_COLOUR ( '', #452 ) ;
#546 =( NAMED_UNIT ( * ) SI_UNIT ( $, .STERADIAN. ) SOLID_ANGLE_UNIT ( ) );
#547 =( GEOMETRIC_REPRESENTATION_CONTEXT ( 3 ) GLOBAL_UNCERTAINTY_ASSIGNED_CONTEXT ( ( #1000 ) ) GLOBAL_UNIT_ASSIGNED_CONTEXT ( ( #1190, #1171, #147 ) ) REPRESENTATION_CONTEXT ( 'NONE', 'WORKASPACE' ) );
#548 = ORIENTED_EDGE ( 'NONE', *, *, #1347, .T. ) ;
#549 = DIRECTION ( 'NONE',  ( -0.000000000000000000, -1.000000000000000000, -0.000000000000000000 ) ) ;
#550 = AXIS2_PLACEMENT_3D ( 'NONE', #102, #586, #89 ) ;
#551 = DIRECTION ( 'NONE',  ( 0.000000000000000000, -1.000000000000000000, 0.000000000000000000 ) ) ;
#552 = AXIS2_PLACEMENT_3D ( 'NONE', #667, #1396, #1056 ) ;
#553 = EDGE_LOOP ( 'NONE', ( #294, #1394 ) ) ;
#554 = CARTESIAN_POINT ( 'NONE',  ( 22.50000000000000000, 4.000000000000000000, 6.599999999999999645 ) ) ;
#555 = STYLED_ITEM ( 'NONE', ( #228 ), #529 ) ;
#556 = ORIENTED_EDGE ( 'NONE', *, *, #1424, .T. ) ;
#557 = CYLINDRICAL_SURFACE ( 'NONE', #449, 2.100000000000000977 ) ;
#558 = EDGE_CURVE ( 'NONE', #645, #681, #239, .T. ) ;
#559 = FILL_AREA_STYLE ('',( #50 ) ) ;
#560 = AXIS2_PLACEMENT_3D ( 'NONE', #696, #1092, #1593 ) ;
#561 = PRESENTATION_LAYER_ASSIGNMENT (  '', '', ( #912 ) ) ;
#562 = CARTESIAN_POINT ( 'NONE',  ( 5.910909621846898218E-15, 4.000000000000000000, 23.00000000000000000 ) ) ;
#563 = ADVANCED_FACE ( 'NONE', ( #117 ), #502, .F. ) ;
#564 = CARTESIAN_POINT ( 'NONE',  ( 23.00000000000000000, 4.000000000000000000, 4.000000000000000000 ) ) ;
#565 = SURFACE_STYLE_USAGE ( .BOTH. , #1585 ) ;
#566 = PRESENTATION_STYLE_ASSIGNMENT (( #442 ) ) ;
#567 = ORIENTED_EDGE ( 'NONE', *, *, #1065, .F. ) ;
#568 = ORIENTED_EDGE ( 'NONE', *, *, #73, .T. ) ;
#569 = CARTESIAN_POINT ( 'NONE',  ( 22.50000000000000000, 4.000000000000000000, 22.50000000000000000 ) ) ;
#570 = LINE ( 'NONE', #1601, #925 ) ;
#571 = CARTESIAN_POINT ( 'NONE',  ( 4.500000000000001776, 0.000000000000000000, 4.500000000000000000 ) ) ;
#572 = FILL_AREA_STYLE ('',( #1323 ) ) ;
#573 = DIRECTION ( 'NONE',  ( 0.000000000000000000, 0.000000000000000000, -1.000000000000000000 ) ) ;
#574 = CLOSED_SHELL ( 'NONE', ( #1531, #1230, #525, #235, #1107, #804, #947, #1516, #702, #1499, #661, #582, #339, #202, #459, #413, #1478, #456, #966, #1434, #271, #13, #320, #1239, #929, #1598, #420, #529, #1309, #774, #957, #175, #129, #584, #1468, #563 ) ) ;
#575 = EDGE_LOOP ( 'NONE', ( #1136, #284, #328, #483 ) ) ;
#576 = FACE_OUTER_BOUND ( 'NONE', #425, .T. ) ;
#577 =( LENGTH_UNIT ( ) NAMED_UNIT ( * ) SI_UNIT ( .MILLI., .METRE. ) );
#578 = DIRECTION ( 'NONE',  ( 0.000000000000000000, 1.000000000000000000, 0.000000000000000000 ) ) ;
#579 = PRESENTATION_STYLE_ASSIGNMENT (( #565 ) ) ;
#580 = CARTESIAN_POINT ( 'NONE',  ( 13.50000000000000355, -19.20000000000000284, 13.50000000000000000 ) ) ;
#581 =( NAMED_UNIT ( * ) PLANE_ANGLE_UNIT ( ) SI_UNIT ( $, .RADIAN. ) );
#582 = ADVANCED_FACE ( 'NONE', ( #1525, #892, #1398, #250, #1634, #461 ), #1485, .T. ) ;
#583 = ORIENTED_EDGE ( 'NONE', *, *, #388, .T. ) ;
#584 = ADVANCED_FACE ( 'NONE', ( #1222 ), #597, .T. ) ;
#585 = VERTEX_POINT ( 'NONE', #972 ) ;
#586 = DIRECTION ( 'NONE',  ( 0.000000000000000000, 1.000000000000000000, 0.000000000000000000 ) ) ;
#587 = PRESENTATION_STYLE_ASSIGNMENT (( #831 ) ) ;
#588 = VECTOR ( 'NONE', #1509, 1000.000000000000000 ) ;
#589 = CARTESIAN_POINT ( 'NONE',  ( 23.00000000000000355, 0.000000000000000000, 27.00000000000000000 ) ) ;
#590 = COLOUR_RGB ( '',0.6941176470588235059, 0.09803921568627450844, 0.09803921568627450844 ) ;
#591 =( NAMED_UNIT ( * ) SI_UNIT ( $, .STERADIAN. ) SOLID_ANGLE_UNIT ( ) );
#592 = CIRCLE ( 'NONE', #911, 7.499999999999998224 ) ;
#593 = DIRECTION ( 'NONE',  ( -0.000000000000000000, 1.000000000000000000, -0.000000000000000000 ) ) ;
#594 = EDGE_CURVE ( 'NONE', #176, #1604, #1110, .T. ) ;
#595 = EDGE_LOOP ( 'NONE', ( #727, #1441, #1082, #618 ) ) ;
#596 =( NAMED_UNIT ( * ) PLANE_ANGLE_UNIT ( ) SI_UNIT ( $, .RADIAN. ) );
#597 = PLANE ( 'NONE',  #430 ) ;
#598 = DIRECTION ( 'NONE',  ( 0.000000000000000000, 1.000000000000000000, 0.000000000000000000 ) ) ;
#599 = CIRCLE ( 'NONE', #808, 0.5000000000000004441 ) ;
#600 = DIRECTION ( 'NONE',  ( 0.000000000000000000, 0.000000000000000000, 1.000000000000000000 ) ) ;
#601 = ORIENTED_EDGE ( 'NONE', *, *, #672, .F. ) ;
#602 = CARTESIAN_POINT ( 'NONE',  ( 13.50000000000000355, 4.000000000000000000, 19.50000000000000000 ) ) ;
#603 = FILL_AREA_STYLE_COLOUR ( '', #1045 ) ;
#604 = DIRECTION ( 'NONE',  ( -0.000000000000000000, 1.000000000000000000, 0.000000000000000000 ) ) ;
#605 = CARTESIAN_POINT ( 'NONE',  ( 13.50000000000000355, -0.5000000000000004441, 6.500000000000000000 ) ) ;
#606 = SURFACE_STYLE_FILL_AREA ( #487 ) ;
#607 = ORIENTED_EDGE ( 'NONE', *, *, #443, .T. ) ;
#608 =( GEOMETRIC_REPRESENTATION_CONTEXT ( 3 ) GLOBAL_UNCERTAINTY_ASSIGNED_CONTEXT ( ( #115 ) ) GLOBAL_UNIT_ASSIGNED_CONTEXT ( ( #1035, #513, #1538 ) ) REPRESENTATION_CONTEXT ( 'NONE', 'WORKASPACE' ) );
#609 = UNCERTAINTY_MEASURE_WITH_UNIT (LENGTH_MEASURE( 1.000000000000000082E-05 ), #1502, 'distance_accuracy_value', 'NONE');
#610 = SURFACE_STYLE_USAGE ( .BOTH. , #354 ) ;
#611 = STYLED_ITEM ( 'NONE', ( #1486 ), #929 ) ;
#612 = CIRCLE ( 'NONE', #1569, 2.100000000000000977 ) ;
#613 = EDGE_CURVE ( 'NONE', #319, #216, #1572, .T. ) ;
#614 = SURFACE_STYLE_FILL_AREA ( #108 ) ;
#615 = MECHANICAL_DESIGN_GEOMETRIC_PRESENTATION_REPRESENTATION (  '', ( #879 ), #1099 ) ;
#616 = STYLED_ITEM ( 'NONE', ( #1007 ), #1184 ) ;
#617 = AXIS2_PLACEMENT_3D ( 'NONE', #1078, #954, #936 ) ;
#618 = ORIENTED_EDGE ( 'NONE', *, *, #249, .F. ) ;
#619 = ORIENTED_EDGE ( 'NONE', *, *, #826, .F. ) ;
#620 =( NAMED_UNIT ( * ) SI_UNIT ( $, .STERADIAN. ) SOLID_ANGLE_UNIT ( ) );
#621 = DIRECTION ( 'NONE',  ( 0.000000000000000000, 0.000000000000000000, 1.000000000000000000 ) ) ;
#622 = ORIENTED_EDGE ( 'NONE', *, *, #507, .T. ) ;
#623 = ORIENTED_EDGE ( 'NONE', *, *, #95, .T. ) ;
#624 = UNCERTAINTY_MEASURE_WITH_UNIT (LENGTH_MEASURE( 1.000000000000000082E-05 ), #577, 'distance_accuracy_value', 'NONE');
#625 = AXIS2_PLACEMENT_3D ( 'NONE', #1583, #1476, #1084 ) ;
#626 = DIRECTION ( 'NONE',  ( 0.000000000000000000, 0.000000000000000000, -1.000000000000000000 ) ) ;
#627 = ORIENTED_EDGE ( 'NONE', *, *, #1277, .T. ) ;
#628 = EDGE_CURVE ( 'NONE', #38, #1401, #298, .T. ) ;
#629 = PRESENTATION_LAYER_ASSIGNMENT (  '', '', ( #1588 ) ) ;
#630 = VERTEX_POINT ( 'NONE', #1619 ) ;
#631 = DIRECTION ( 'NONE',  ( 0.000000000000000000, 0.000000000000000000, 1.000000000000000000 ) ) ;
#632 = PRESENTATION_LAYER_ASSIGNMENT (  '', '', ( #1012 ) ) ;
#633 = MECHANICAL_DESIGN_GEOMETRIC_PRESENTATION_REPRESENTATION (  '', ( #1378 ), #1197 ) ;
#634 = FILL_AREA_STYLE ('',( #1156 ) ) ;
#635 = FACE_OUTER_BOUND ( 'NONE', #1074, .T. ) ;
#636 = PLANE ( 'NONE',  #270 ) ;
#637 = ORIENTED_EDGE ( 'NONE', *, *, #150, .F. ) ;
#638 =( GEOMETRIC_REPRESENTATION_CONTEXT ( 3 ) GLOBAL_UNCERTAINTY_ASSIGNED_CONTEXT ( ( #1627 ) ) GLOBAL_UNIT_ASSIGNED_CONTEXT ( ( #517, #1191, #1160 ) ) REPRESENTATION_CONTEXT ( 'NONE', 'WORKASPACE' ) );
#639 = LINE ( 'NONE', #259, #987 ) ;
#640 = MECHANICAL_DESIGN_GEOMETRIC_PRESENTATION_REPRESENTATION (  '', ( #882 ), #695 ) ;
#641 = VERTEX_POINT ( 'NONE', #478 ) ;
#642 = CARTESIAN_POINT ( 'NONE',  ( 6.938893903907228378E-15, 0.000000000000000000, 27.00000000000000000 ) ) ;
#643 = PLANE ( 'NONE',  #131 ) ;
#644 = CARTESIAN_POINT ( 'NONE',  ( 0.000000000000000000, 4.000000000000000000, 0.000000000000000000 ) ) ;
#645 = VERTEX_POINT ( 'NONE', #997 ) ;
#646 = CARTESIAN_POINT ( 'NONE',  ( 13.50000000000000355, 17.50000000000000000, 20.50000000000000000 ) ) ;
#647 = VERTEX_POINT ( 'NONE', #1495 ) ;
#648 = CARTESIAN_POINT ( 'NONE',  ( 0.000000000000000000, 0.000000000000000000, 0.000000000000000000 ) ) ;
#649 = DIRECTION ( 'NONE',  ( 0.000000000000000000, 0.000000000000000000, 1.000000000000000000 ) ) ;
#650 = CARTESIAN_POINT ( 'NONE',  ( 13.50000000000000355, 4.000000000000000000, 7.500000000000000000 ) ) ;
#651 =( LENGTH_UNIT ( ) NAMED_UNIT ( * ) SI_UNIT ( .MILLI., .METRE. ) );
#652 = AXIS2_PLACEMENT_3D ( 'NONE', #314, #68, #976 ) ;
#653 = SURFACE_STYLE_USAGE ( .BOTH. , #1526 ) ;
#654 =( NAMED_UNIT ( * ) PLANE_ANGLE_UNIT ( ) SI_UNIT ( $, .RADIAN. ) );
#655 = EDGE_LOOP ( 'NONE', ( #1636, #758, #92, #111 ) ) ;
#656 = LINE ( 'NONE', #646, #740 ) ;
#657 = CARTESIAN_POINT ( 'NONE',  ( 13.50000000000000355, -0.5000000000000004441, 20.50000000000000000 ) ) ;
#658 = FILL_AREA_STYLE ('',( #1154 ) ) ;
#659 = AXIS2_PLACEMENT_3D ( 'NONE', #384, #287, #1178 ) ;
#660 = DIRECTION ( 'NONE',  ( 0.000000000000000000, 0.000000000000000000, 1.000000000000000000 ) ) ;
#661 = ADVANCED_FACE ( 'NONE', ( #355 ), #896, .F. ) ;
#662 = CARTESIAN_POINT ( 'NONE',  ( 4.499999999999999112, 4.000000000000000000, 20.39999999999999858 ) ) ;
#663 = CARTESIAN_POINT ( 'NONE',  ( 4.499999999999999112, 4.000000000000000000, 22.50000000000000000 ) ) ;
#664 = AXIS2_PLACEMENT_3D ( 'NONE', #1008, #1508, #508 ) ;
#665 = MECHANICAL_DESIGN_GEOMETRIC_PRESENTATION_REPRESENTATION (  '', ( #1017 ), #193 ) ;
#666 = PRESENTATION_LAYER_ASSIGNMENT (  '', '', ( #1308 ) ) ;
#667 = CARTESIAN_POINT ( 'NONE',  ( 13.50000000000000355, -0.5000000000000004441, 13.50000000000000000 ) ) ;
#668 = DIRECTION ( 'NONE',  ( 0.000000000000000000, 1.000000000000000000, 0.000000000000000000 ) ) ;
#669 = FILL_AREA_STYLE_COLOUR ( '', #1125 ) ;
#670 =( NAMED_UNIT ( * ) PLANE_ANGLE_UNIT ( ) SI_UNIT ( $, .RADIAN. ) );
#671 = CYLINDRICAL_SURFACE ( 'NONE', #1610, 4.000000000000000000 ) ;
#672 = EDGE_CURVE ( 'NONE', #38, #1559, #1311, .T. ) ;
#673 = PRESENTATION_STYLE_ASSIGNMENT (( #1043 ) ) ;
#674 = ORIENTED_EDGE ( 'NONE', *, *, #935, .T. ) ;
#675 =( LENGTH_UNIT ( ) NAMED_UNIT ( * ) SI_UNIT ( .MILLI., .METRE. ) );
#676 = FACE_OUTER_BOUND ( 'NONE', #43, .T. ) ;
#677 = EDGE_LOOP ( 'NONE', ( #1138, #948, #1489, #899 ) ) ;
#678 = CARTESIAN_POINT ( 'NONE',  ( 13.50000000000000355, -8.500000000000000000, 6.500000000000000000 ) ) ;
#679 = VERTEX_POINT ( 'NONE', #402 ) ;
#680 = EDGE_CURVE ( 'NONE', #216, #699, #656, .T. ) ;
#681 = VERTEX_POINT ( 'NONE', #772 ) ;
#682 = AXIS2_PLACEMENT_3D ( 'NONE', #39, #549, #445 ) ;
#683 = CARTESIAN_POINT ( 'NONE',  ( 0.000000000000000000, 4.000000000000000000, 0.000000000000000000 ) ) ;
#684 = CARTESIAN_POINT ( 'NONE',  ( 27.00000000000000355, 0.000000000000000000, 23.00000000000000000 ) ) ;
#685 = DIRECTION ( 'NONE',  ( 0.000000000000000000, 0.000000000000000000, 1.000000000000000000 ) ) ;
#686 = VECTOR ( 'NONE', #531, 1000.000000000000000 ) ;
#687 = DIRECTION ( 'NONE',  ( 0.000000000000000000, 1.000000000000000000, 0.000000000000000000 ) ) ;
#688 = FACE_OUTER_BOUND ( 'NONE', #342, .T. ) ;
#689 = ORIENTED_EDGE ( 'NONE', *, *, #1618, .T. ) ;
#690 = COLOUR_RGB ( '',0.6941176470588235059, 0.09803921568627450844, 0.09803921568627450844 ) ;
#691 = VERTEX_POINT ( 'NONE', #907 ) ;
#692 = DIRECTION ( 'NONE',  ( 0.000000000000000000, 0.000000000000000000, 1.000000000000000000 ) ) ;
#693 = VECTOR ( 'NONE', #1340, 1000.000000000000000 ) ;
#694 = FACE_OUTER_BOUND ( 'NONE', #1481, .T. ) ;
#695 =( GEOMETRIC_REPRESENTATION_CONTEXT ( 3 ) GLOBAL_UNCERTAINTY_ASSIGNED_CONTEXT ( ( #1642 ) ) GLOBAL_UNIT_ASSIGNED_CONTEXT ( ( #1212, #1198, #543 ) ) REPRESENTATION_CONTEXT ( 'NONE', 'WORKASPACE' ) );
#696 = CARTESIAN_POINT ( 'NONE',  ( 13.50000000000000355, -18.69999999999999929, 13.50000000000000000 ) ) ;
#697 = CARTESIAN_POINT ( 'NONE',  ( 13.50000000000000355, 4.000000000000000000, 13.50000000000000000 ) ) ;
#698 =( LENGTH_UNIT ( ) NAMED_UNIT ( * ) SI_UNIT ( .MILLI., .METRE. ) );
#699 = VERTEX_POINT ( 'NONE', #173 ) ;
#700 = EDGE_CURVE ( 'NONE', #815, #363, #244, .T. ) ;
#701 = DIRECTION ( 'NONE',  ( 0.000000000000000000, 0.000000000000000000, -1.000000000000000000 ) ) ;
#702 = ADVANCED_FACE ( 'NONE', ( #285 ), #527, .F. ) ;
#703 = SURFACE_STYLE_FILL_AREA ( #1227 ) ;
#704 = MECHANICAL_DESIGN_GEOMETRIC_PRESENTATION_REPRESENTATION (  '', ( #841 ), #1638 ) ;
#705 = VERTEX_POINT ( 'NONE', #678 ) ;
#706 = FILL_AREA_STYLE ('',( #306 ) ) ;
#707 = SURFACE_SIDE_STYLE ('',( #1592 ) ) ;
#708 = DIRECTION ( 'NONE',  ( 0.000000000000000000, 1.000000000000000000, 0.000000000000000000 ) ) ;
#709 =( NAMED_UNIT ( * ) PLANE_ANGLE_UNIT ( ) SI_UNIT ( $, .RADIAN. ) );
#710 =( GEOMETRIC_REPRESENTATION_CONTEXT ( 3 ) GLOBAL_UNCERTAINTY_ASSIGNED_CONTEXT ( ( #93 ) ) GLOBAL_UNIT_ASSIGNED_CONTEXT ( ( #280, #922, #1145 ) ) REPRESENTATION_CONTEXT ( 'NONE', 'WORKASPACE' ) );
#711 = EDGE_CURVE ( 'NONE', #802, #645, #1547, .T. ) ;
#712 = ORIENTED_EDGE ( 'NONE', *, *, #1347, .F. ) ;
#713 =( LENGTH_UNIT ( ) NAMED_UNIT ( * ) SI_UNIT ( .MILLI., .METRE. ) );
#714 = PRESENTATION_LAYER_ASSIGNMENT (  '', '', ( #555 ) ) ;
#715 = DIRECTION ( 'NONE',  ( 1.000000000000000000, 0.000000000000000000, 0.000000000000000000 ) ) ;
#716 = PRESENTATION_LAYER_ASSIGNMENT (  '', '', ( #964 ) ) ;
#717 =( NAMED_UNIT ( * ) PLANE_ANGLE_UNIT ( ) SI_UNIT ( $, .RADIAN. ) );
#718 = AXIS2_PLACEMENT_3D ( 'NONE', #978, #962, #468 ) ;
#719 = PRESENTATION_STYLE_ASSIGNMENT (( #1362 ) ) ;
#720 = DIRECTION ( 'NONE',  ( 0.000000000000000000, 0.000000000000000000, 1.000000000000000000 ) ) ;
#721 = SURFACE_SIDE_STYLE ('',( #1620 ) ) ;
#722 =( NAMED_UNIT ( * ) SI_UNIT ( $, .STERADIAN. ) SOLID_ANGLE_UNIT ( ) );
#723 = UNCERTAINTY_MEASURE_WITH_UNIT (LENGTH_MEASURE( 1.000000000000000082E-05 ), #1219, 'distance_accuracy_value', 'NONE');
#724 = LINE ( 'NONE', #1237, #1384 ) ;
#725 = FILL_AREA_STYLE_COLOUR ( '', #873 ) ;
#726 = LINE ( 'NONE', #1643, #1204 ) ;
#727 = ORIENTED_EDGE ( 'NONE', *, *, #1277, .F. ) ;
#728 = PRODUCT_DEFINITION ( 'UNKNOWN', '', #933, #1536 ) ;
#729 = EDGE_CURVE ( 'NONE', #58, #735, #1537, .T. ) ;
#730 = FILL_AREA_STYLE ('',( #232 ) ) ;
#731 = MECHANICAL_DESIGN_GEOMETRIC_PRESENTATION_REPRESENTATION (  '', ( #424 ), #496 ) ;
#732 = ORIENTED_EDGE ( 'NONE', *, *, #119, .F. ) ;
#733 = AXIS2_PLACEMENT_3D ( 'NONE', #1167, #506, #631 ) ;
#734 = AXIS2_PLACEMENT_3D ( 'NONE', #683, #789, #432 ) ;
#735 = VERTEX_POINT ( 'NONE', #554 ) ;
#736 = UNCERTAINTY_MEASURE_WITH_UNIT (LENGTH_MEASURE( 1.000000000000000082E-05 ), #393, 'distance_accuracy_value', 'NONE');
#737 = FILL_AREA_STYLE ('',( #603 ) ) ;
#738 = AXIS2_PLACEMENT_3D ( 'NONE', #470, #999, #334 ) ;
#739 = PRESENTATION_LAYER_ASSIGNMENT (  '', '', ( #611 ) ) ;
#740 = VECTOR ( 'NONE', #148, 1000.000000000000000 ) ;
#741 =( NAMED_UNIT ( * ) PLANE_ANGLE_UNIT ( ) SI_UNIT ( $, .RADIAN. ) );
#742 = LINE ( 'NONE', #369, #588 ) ;
#743 = AXIS2_PLACEMENT_3D ( 'NONE', #80, #578, #819 ) ;
#744 = ORIENTED_EDGE ( 'NONE', *, *, #1004, .T. ) ;
#745 = MECHANICAL_DESIGN_GEOMETRIC_PRESENTATION_REPRESENTATION (  '', ( #1625 ), #881 ) ;
#746 = CIRCLE ( 'NONE', #143, 9.000000000000000000 ) ;
#747 = VERTEX_POINT ( 'NONE', #1069 ) ;
#748 = CARTESIAN_POINT ( 'NONE',  ( 13.50000000000000355, 17.50000000000000000, 19.50000000000000000 ) ) ;
#749 =( NAMED_UNIT ( * ) PLANE_ANGLE_UNIT ( ) SI_UNIT ( $, .RADIAN. ) );
#750 = EDGE_CURVE ( 'NONE', #1141, #363, #199, .T. ) ;
#751 = ORIENTED_EDGE ( 'NONE', *, *, #1245, .F. ) ;
#752 = UNCERTAINTY_MEASURE_WITH_UNIT (LENGTH_MEASURE( 1.000000000000000082E-05 ), #766, 'distance_accuracy_value', 'NONE');
#753 = SURFACE_SIDE_STYLE ('',( #260 ) ) ;
#754 = CARTESIAN_POINT ( 'NONE',  ( 22.50000000000000000, 0.000000000000000000, 22.50000000000000000 ) ) ;
#755 =( NAMED_UNIT ( * ) SI_UNIT ( $, .STERADIAN. ) SOLID_ANGLE_UNIT ( ) );
#756 = CARTESIAN_POINT ( 'NONE',  ( 13.50000000000000355, 17.50000000000000000, 13.50000000000000000 ) ) ;
#757 = DIRECTION ( 'NONE',  ( 0.000000000000000000, 0.000000000000000000, -1.000000000000000000 ) ) ;
#758 = ORIENTED_EDGE ( 'NONE', *, *, #37, .T. ) ;
#759 = EDGE_CURVE ( 'NONE', #802, #1105, #1228, .T. ) ;
#760 = PRESENTATION_LAYER_ASSIGNMENT (  '', '', ( #1091 ) ) ;
#761 = STYLED_ITEM ( 'NONE', ( #1295 ), #1309 ) ;
#762 = AXIS2_PLACEMENT_3D ( 'NONE', #269, #1053, #17 ) ;
#763 = ORIENTED_EDGE ( 'NONE', *, *, #205, .F. ) ;
#764 = FACE_OUTER_BOUND ( 'NONE', #495, .T. ) ;
#765 = FACE_OUTER_BOUND ( 'NONE', #510, .T. ) ;
#766 =( LENGTH_UNIT ( ) NAMED_UNIT ( * ) SI_UNIT ( .MILLI., .METRE. ) );
#767 = DIRECTION ( 'NONE',  ( 0.000000000000000000, 0.000000000000000000, 1.000000000000000000 ) ) ;
#768 = SURFACE_SIDE_STYLE ('',( #1652 ) ) ;
#769 =( NAMED_UNIT ( * ) SI_UNIT ( $, .STERADIAN. ) SOLID_ANGLE_UNIT ( ) );
#770 = STYLED_ITEM ( 'NONE', ( #1120 ), #525 ) ;
#771 = ORIENTED_EDGE ( 'NONE', *, *, #1031, .F. ) ;
#772 = CARTESIAN_POINT ( 'NONE',  ( 5.910909621846898218E-15, 0.000000000000000000, 23.00000000000000000 ) ) ;
#773 = DIRECTION ( 'NONE',  ( 0.000000000000000000, 0.000000000000000000, 1.000000000000000000 ) ) ;
#774 = ADVANCED_FACE ( 'NONE', ( #1333 ), #404, .F. ) ;
#775 =( GEOMETRIC_REPRESENTATION_CONTEXT ( 3 ) GLOBAL_UNCERTAINTY_ASSIGNED_CONTEXT ( ( #985 ) ) GLOBAL_UNIT_ASSIGNED_CONTEXT ( ( #380, #886, #755 ) ) REPRESENTATION_CONTEXT ( 'NONE', 'WORKASPACE' ) );
#776 = AXIS2_PLACEMENT_3D ( 'NONE', #187, #551, #1453 ) ;
#777 = ORIENTED_EDGE ( 'NONE', *, *, #237, .F. ) ;
#778 = FILL_AREA_STYLE_COLOUR ( '', #1484 ) ;
#779 =( LENGTH_UNIT ( ) NAMED_UNIT ( * ) SI_UNIT ( .MILLI., .METRE. ) );
#780 = ORIENTED_EDGE ( 'NONE', *, *, #613, .T. ) ;
#781 = CARTESIAN_POINT ( 'NONE',  ( 23.00000000000000000, 0.000000000000000000, 4.000000000000000000 ) ) ;
#782 = EDGE_CURVE ( 'NONE', #1580, #1604, #84, .T. ) ;
#783 = DIRECTION ( 'NONE',  ( 0.000000000000000000, 1.000000000000000000, 0.000000000000000000 ) ) ;
#784 = ORIENTED_EDGE ( 'NONE', *, *, #840, .T. ) ;
#785 = SHAPE_DEFINITION_REPRESENTATION ( #1213, #792 ) ;
#786 =( GEOMETRIC_REPRESENTATION_CONTEXT ( 3 ) GLOBAL_UNCERTAINTY_ASSIGNED_CONTEXT ( ( #1162 ) ) GLOBAL_UNIT_ASSIGNED_CONTEXT ( ( #857, #1151, #722 ) ) REPRESENTATION_CONTEXT ( 'NONE', 'WORKASPACE' ) );
#787 = PLANE ( 'NONE',  #521 ) ;
#788 = FILL_AREA_STYLE_COLOUR ( '', #1166 ) ;
#789 = DIRECTION ( 'NONE',  ( 1.000000000000000000, 0.000000000000000000, -2.569960705150825891E-16 ) ) ;
#790 = AXIS2_PLACEMENT_3D ( 'NONE', #394, #897, #1600 ) ;
#791 = DIRECTION ( 'NONE',  ( 0.000000000000000000, 0.000000000000000000, -1.000000000000000000 ) ) ;
#792 = ADVANCED_BREP_SHAPE_REPRESENTATION ( 'Surlok_Plus_5_7', ( #1184, #822 ), #1565 ) ;
#793 = FACE_OUTER_BOUND ( 'NONE', #76, .T. ) ;
#794 = VECTOR ( 'NONE', #33, 1000.000000000000000 ) ;
#795 = ORIENTED_EDGE ( 'NONE', *, *, #467, .F. ) ;
#796 = DIRECTION ( 'NONE',  ( 0.000000000000000000, 0.000000000000000000, -1.000000000000000000 ) ) ;
#797 = CARTESIAN_POINT ( 'NONE',  ( 27.00000000000000355, 4.000000000000000000, 23.00000000000000000 ) ) ;
#798 = VECTOR ( 'NONE', #501, 1000.000000000000000 ) ;
#799 = SURFACE_SIDE_STYLE ('',( #40 ) ) ;
#800 = PRESENTATION_STYLE_ASSIGNMENT (( #152 ) ) ;
#801 = DIRECTION ( 'NONE',  ( -0.000000000000000000, -1.000000000000000000, -0.000000000000000000 ) ) ;
#802 = VERTEX_POINT ( 'NONE', #333 ) ;
#803 = PRESENTATION_STYLE_ASSIGNMENT (( #268 ) ) ;
#804 = ADVANCED_FACE ( 'NONE', ( #688 ), #326, .F. ) ;
#805 = EDGE_LOOP ( 'NONE', ( #1573, #1633, #784, #503 ) ) ;
#806 = ORIENTED_EDGE ( 'NONE', *, *, #302, .F. ) ;
#807 =( LENGTH_UNIT ( ) NAMED_UNIT ( * ) SI_UNIT ( .MILLI., .METRE. ) );
#808 = AXIS2_PLACEMENT_3D ( 'NONE', #307, #809, #416 ) ;
#809 = DIRECTION ( 'NONE',  ( -1.000000000000000000, 0.000000000000000000, 0.000000000000000000 ) ) ;
#810 = DIRECTION ( 'NONE',  ( -1.284980352575412699E-16, -0.000000000000000000, -1.000000000000000000 ) ) ;
#811 = FACE_BOUND ( 'NONE', #539, .T. ) ;
#812 = CARTESIAN_POINT ( 'NONE',  ( 13.50000000000000355, -8.500000000000000000, 20.50000000000000000 ) ) ;
#813 = DIRECTION ( 'NONE',  ( 0.000000000000000000, 1.000000000000000000, 0.000000000000000000 ) ) ;
#814 = ORIENTED_EDGE ( 'NONE', *, *, #302, .T. ) ;
#815 = VERTEX_POINT ( 'NONE', #956 ) ;
#816 = SURFACE_SIDE_STYLE ('',( #313 ) ) ;
#817 = PRODUCT ( 'Surlok_Plus_5_7', 'Surlok_Plus_5_7', '', ( #1548 ) ) ;
#818 =( NAMED_UNIT ( * ) PLANE_ANGLE_UNIT ( ) SI_UNIT ( $, .RADIAN. ) );
#819 = DIRECTION ( 'NONE',  ( 0.000000000000000000, 0.000000000000000000, 1.000000000000000000 ) ) ;
#820 =( NAMED_UNIT ( * ) PLANE_ANGLE_UNIT ( ) SI_UNIT ( $, .RADIAN. ) );
#821 = VECTOR ( 'NONE', #1422, 1000.000000000000000 ) ;
#822 = AXIS2_PLACEMENT_3D ( 'NONE', #1563, #1173, #8 ) ;
#823 = APPLICATION_CONTEXT ( 'automotive_design' ) ;
#824 = FACE_OUTER_BOUND ( 'NONE', #677, .T. ) ;
#825 = ORIENTED_EDGE ( 'NONE', *, *, #1031, .T. ) ;
#826 = EDGE_CURVE ( 'NONE', #121, #1443, #1646, .T. ) ;
#827 = ORIENTED_EDGE ( 'NONE', *, *, #913, .F. ) ;
#828 = DIRECTION ( 'NONE',  ( -0.000000000000000000, -1.000000000000000000, -0.000000000000000000 ) ) ;
#829 =( GEOMETRIC_REPRESENTATION_CONTEXT ( 3 ) GLOBAL_UNCERTAINTY_ASSIGNED_CONTEXT ( ( #130 ) ) GLOBAL_UNIT_ASSIGNED_CONTEXT ( ( #1130, #251, #1263 ) ) REPRESENTATION_CONTEXT ( 'NONE', 'WORKASPACE' ) );
#830 = EDGE_CURVE ( 'NONE', #705, #65, #939, .T. ) ;
#831 = SURFACE_STYLE_USAGE ( .BOTH. , #707 ) ;
#832 = PRESENTATION_LAYER_ASSIGNMENT (  '', '', ( #87 ) ) ;
#833 = VECTOR ( 'NONE', #1299, 1000.000000000000000 ) ;
#834 = FILL_AREA_STYLE ('',( #62 ) ) ;
#835 = DIRECTION ( 'NONE',  ( 0.000000000000000000, 1.000000000000000000, 0.000000000000000000 ) ) ;
#836 = EDGE_LOOP ( 'NONE', ( #1456, #1465 ) ) ;
#837 = VERTEX_POINT ( 'NONE', #448 ) ;
#838 = LINE ( 'NONE', #211, #1061 ) ;
#839 = DIRECTION ( 'NONE',  ( 0.000000000000000000, 1.000000000000000000, 0.000000000000000000 ) ) ;
#840 = EDGE_CURVE ( 'NONE', #699, #3, #504, .T. ) ;
#841 = STYLED_ITEM ( 'NONE', ( #579 ), #129 ) ;
#842 = ORIENTED_EDGE ( 'NONE', *, *, #729, .T. ) ;
#843 = LINE ( 'NONE', #186, #405 ) ;
#844 = SURFACE_SIDE_STYLE ('',( #703 ) ) ;
#845 = CARTESIAN_POINT ( 'NONE',  ( 13.50000000000000355, 17.50000000000000000, 13.50000000000000000 ) ) ;
#846 = AXIS2_PLACEMENT_3D ( 'NONE', #1296, #533, #1397 ) ;
#847 = FILL_AREA_STYLE_COLOUR ( '', #690 ) ;
#848 = ORIENTED_EDGE ( 'NONE', *, *, #182, .T. ) ;
#849 = SURFACE_STYLE_FILL_AREA ( #1491 ) ;
#850 = COLOUR_RGB ( '',0.6941176470588235059, 0.09803921568627450844, 0.09803921568627450844 ) ;
#851 =( GEOMETRIC_REPRESENTATION_CONTEXT ( 3 ) GLOBAL_UNCERTAINTY_ASSIGNED_CONTEXT ( ( #219 ) ) GLOBAL_UNIT_ASSIGNED_CONTEXT ( ( #436, #581, #72 ) ) REPRESENTATION_CONTEXT ( 'NONE', 'WORKASPACE' ) );
#852 =( GEOMETRIC_REPRESENTATION_CONTEXT ( 3 ) GLOBAL_UNCERTAINTY_ASSIGNED_CONTEXT ( ( #736 ) ) GLOBAL_UNIT_ASSIGNED_CONTEXT ( ( #393, #1535, #293 ) ) REPRESENTATION_CONTEXT ( 'NONE', 'WORKASPACE' ) );
#853 = AXIS2_PLACEMENT_3D ( 'NONE', #1470, #451, #1477 ) ;
#854 = FILL_AREA_STYLE_COLOUR ( '', #85 ) ;
#855 = CARTESIAN_POINT ( 'NONE',  ( 6.938893903907228378E-15, 4.000000000000000000, 27.00000000000000000 ) ) ;
#856 = EDGE_CURVE ( 'NONE', #1032, #681, #1334, .T. ) ;
#857 =( LENGTH_UNIT ( ) NAMED_UNIT ( * ) SI_UNIT ( .MILLI., .METRE. ) );
#858 = CARTESIAN_POINT ( 'NONE',  ( 4.500000000000001776, 4.000000000000000000, 6.599999999999996092 ) ) ;
#859 = DIRECTION ( 'NONE',  ( 0.000000000000000000, 0.000000000000000000, 1.000000000000000000 ) ) ;
#860 = STYLED_ITEM ( 'NONE', ( #276 ), #271 ) ;
#861 = SURFACE_STYLE_USAGE ( .BOTH. , #867 ) ;
#862 = EDGE_LOOP ( 'NONE', ( #1377, #303 ) ) ;
#863 = VECTOR ( 'NONE', #317, 1000.000000000000000 ) ;
#864 = SURFACE_STYLE_FILL_AREA ( #834 ) ;
#865 = DIRECTION ( 'NONE',  ( 0.000000000000000000, 0.000000000000000000, 1.000000000000000000 ) ) ;
#866 = DIRECTION ( 'NONE',  ( 0.000000000000000000, 1.000000000000000000, 0.000000000000000000 ) ) ;
#867 = SURFACE_SIDE_STYLE ('',( #606 ) ) ;
#868 =( GEOMETRIC_REPRESENTATION_CONTEXT ( 3 ) GLOBAL_UNCERTAINTY_ASSIGNED_CONTEXT ( ( #910 ) ) GLOBAL_UNIT_ASSIGNED_CONTEXT ( ( #779, #1316, #1339 ) ) REPRESENTATION_CONTEXT ( 'NONE', 'WORKASPACE' ) );
#869 = UNCERTAINTY_MEASURE_WITH_UNIT (LENGTH_MEASURE( 1.000000000000000082E-05 ), #807, 'distance_accuracy_value', 'NONE');
#870 = MECHANICAL_DESIGN_GEOMETRIC_PRESENTATION_REPRESENTATION (  '', ( #1012 ), #522 ) ;
#871 = EDGE_CURVE ( 'NONE', #65, #1319, #998, .T. ) ;
#872 = FILL_AREA_STYLE_COLOUR ( '', #1255 ) ;
#873 = COLOUR_RGB ( '',0.6941176470588235059, 0.09803921568627450844, 0.09803921568627450844 ) ;
#874 = EDGE_CURVE ( 'NONE', #630, #1528, #224, .T. ) ;
#875 = AXIS2_PLACEMENT_3D ( 'NONE', #979, #813, #973 ) ;
#876 = SURFACE_STYLE_USAGE ( .BOTH. , #1268 ) ;
#877 = FACE_OUTER_BOUND ( 'NONE', #1504, .T. ) ;
#878 = CARTESIAN_POINT ( 'NONE',  ( 13.50000000000000355, 17.50000000000000000, 13.50000000000000000 ) ) ;
#879 = STYLED_ITEM ( 'NONE', ( #1530 ), #966 ) ;
#880 = ORIENTED_EDGE ( 'NONE', *, *, #700, .T. ) ;
#881 =( GEOMETRIC_REPRESENTATION_CONTEXT ( 3 ) GLOBAL_UNCERTAINTY_ASSIGNED_CONTEXT ( ( #1494 ) ) GLOBAL_UNIT_ASSIGNED_CONTEXT ( ( #347, #717, #1115 ) ) REPRESENTATION_CONTEXT ( 'NONE', 'WORKASPACE' ) );
#882 = STYLED_ITEM ( 'NONE', ( #196 ), #320 ) ;
#883 = CARTESIAN_POINT ( 'NONE',  ( 4.000000000000000888, 4.000000000000000000, 4.000000000000000000 ) ) ;
#884 = EDGE_CURVE ( 'NONE', #1401, #837, #742, .T. ) ;
#885 =( NAMED_UNIT ( * ) SI_UNIT ( $, .STERADIAN. ) SOLID_ANGLE_UNIT ( ) );
#886 =( NAMED_UNIT ( * ) PLANE_ANGLE_UNIT ( ) SI_UNIT ( $, .RADIAN. ) );
#887 = DIRECTION ( 'NONE',  ( 0.000000000000000000, 1.000000000000000000, 0.000000000000000000 ) ) ;
#888 = EDGE_LOOP ( 'NONE', ( #568, #674, #272, #191 ) ) ;
#889 = DIRECTION ( 'NONE',  ( 0.000000000000000000, -1.000000000000000000, 0.000000000000000000 ) ) ;
#890 = CARTESIAN_POINT ( 'NONE',  ( 4.499999999999999112, 0.000000000000000000, 22.50000000000000000 ) ) ;
#891 = AXIS2_PLACEMENT_3D ( 'NONE', #325, #687, #1221 ) ;
#892 = FACE_BOUND ( 'NONE', #836, .T. ) ;
#893 = CARTESIAN_POINT ( 'NONE',  ( 4.000000000000006217, 4.000000000000000000, 23.00000000000000000 ) ) ;
#894 = ORIENTED_EDGE ( 'NONE', *, *, #443, .F. ) ;
#895 = ORIENTED_EDGE ( 'NONE', *, *, #249, .T. ) ;
#896 = CYLINDRICAL_SURFACE ( 'NONE', #1251, 2.099999999999996536 ) ;
#897 = DIRECTION ( 'NONE',  ( 0.000000000000000000, 1.000000000000000000, 0.000000000000000000 ) ) ;
#898 = AXIS2_PLACEMENT_3D ( 'NONE', #1047, #1551, #1649 ) ;
#899 = ORIENTED_EDGE ( 'NONE', *, *, #1275, .T. ) ;
#900 = DIRECTION ( 'NONE',  ( 0.000000000000000000, 1.000000000000000000, 0.000000000000000000 ) ) ;
#901 = FACE_OUTER_BOUND ( 'NONE', #410, .T. ) ;
#902 = MECHANICAL_DESIGN_GEOMETRIC_PRESENTATION_REPRESENTATION (  '', ( #1113 ), #218 ) ;
#903 = FACE_OUTER_BOUND ( 'NONE', #1215, .T. ) ;
#904 = DIRECTION ( 'NONE',  ( -1.000000000000000000, 0.000000000000000000, 1.284980352575412946E-16 ) ) ;
#905 = CYLINDRICAL_SURFACE ( 'NONE', #81, 2.099999999999996536 ) ;
#906 = ORIENTED_EDGE ( 'NONE', *, *, #1448, .F. ) ;
#907 = CARTESIAN_POINT ( 'NONE',  ( 22.50000000000000000, 0.000000000000000000, 20.39999999999999858 ) ) ;
#908 =( NAMED_UNIT ( * ) SI_UNIT ( $, .STERADIAN. ) SOLID_ANGLE_UNIT ( ) );
#909 =( GEOMETRIC_REPRESENTATION_CONTEXT ( 3 ) GLOBAL_UNCERTAINTY_ASSIGNED_CONTEXT ( ( #723 ) ) GLOBAL_UNIT_ASSIGNED_CONTEXT ( ( #1219, #308, #1067 ) ) REPRESENTATION_CONTEXT ( 'NONE', 'WORKASPACE' ) );
#910 = UNCERTAINTY_MEASURE_WITH_UNIT (LENGTH_MEASURE( 1.000000000000000082E-05 ), #779, 'distance_accuracy_value', 'NONE');
#911 = AXIS2_PLACEMENT_3D ( 'NONE', #1210, #440, #953 ) ;
#912 = STYLED_ITEM ( 'NONE', ( #283 ), #339 ) ;
#913 = EDGE_CURVE ( 'NONE', #1010, #802, #1463, .T. ) ;
#914 = DIRECTION ( 'NONE',  ( 0.000000000000000000, 0.000000000000000000, 1.000000000000000000 ) ) ;
#915 = FILL_AREA_STYLE ('',( #788 ) ) ;
#916 = DIRECTION ( 'NONE',  ( -0.000000000000000000, 1.000000000000000000, -0.000000000000000000 ) ) ;
#917 = CARTESIAN_POINT ( 'NONE',  ( 0.000000000000000000, 0.000000000000000000, 0.000000000000000000 ) ) ;
#918 = VERTEX_POINT ( 'NONE', #605 ) ;
#919 = DIRECTION ( 'NONE',  ( 0.000000000000000000, 1.000000000000000000, 0.000000000000000000 ) ) ;
#920 =( LENGTH_UNIT ( ) NAMED_UNIT ( * ) SI_UNIT ( .MILLI., .METRE. ) );
#921 = DIRECTION ( 'NONE',  ( 0.000000000000000000, 0.000000000000000000, -1.000000000000000000 ) ) ;
#922 =( NAMED_UNIT ( * ) PLANE_ANGLE_UNIT ( ) SI_UNIT ( $, .RADIAN. ) );
#923 = DIRECTION ( 'NONE',  ( 0.000000000000000000, 0.000000000000000000, 1.000000000000000000 ) ) ;
#924 = SURFACE_SIDE_STYLE ('',( #264 ) ) ;
#925 = VECTOR ( 'NONE', #330, 1000.000000000000000 ) ;
#926 = ORIENTED_EDGE ( 'NONE', *, *, #366, .F. ) ;
#927 = ORIENTED_EDGE ( 'NONE', *, *, #182, .F. ) ;
#928 = MECHANICAL_DESIGN_GEOMETRIC_PRESENTATION_REPRESENTATION (  '', ( #1588 ), #868 ) ;
#929 = ADVANCED_FACE ( 'NONE', ( #877 ), #124, .T. ) ;
#930 = DIRECTION ( 'NONE',  ( -0.000000000000000000, -1.000000000000000000, -0.000000000000000000 ) ) ;
#931 = SURFACE_STYLE_USAGE ( .BOTH. , #816 ) ;
#932 = FACE_OUTER_BOUND ( 'NONE', #1028, .T. ) ;
#933 = PRODUCT_DEFINITION_FORMATION_WITH_SPECIFIED_SOURCE ( 'ANY', '', #817, .NOT_KNOWN. ) ;
#934 = CYLINDRICAL_SURFACE ( 'NONE', #1442, 2.100000000000000977 ) ;
#935 = EDGE_CURVE ( 'NONE', #1259, #1580, #726, .T. ) ;
#936 = DIRECTION ( 'NONE',  ( 0.000000000000000000, 0.000000000000000000, -1.000000000000000000 ) ) ;
#937 = ORIENTED_EDGE ( 'NONE', *, *, #1550, .T. ) ;
#938 = APPLICATION_PROTOCOL_DEFINITION ( 'draft international standard', 'automotive_design', 1998, #823 ) ;
#939 = CIRCLE ( 'NONE', #1123, 7.000000000000000000 ) ;
#940 =( GEOMETRIC_REPRESENTATION_CONTEXT ( 3 ) GLOBAL_UNCERTAINTY_ASSIGNED_CONTEXT ( ( #1608 ) ) GLOBAL_UNIT_ASSIGNED_CONTEXT ( ( #107, #98, #1462 ) ) REPRESENTATION_CONTEXT ( 'NONE', 'WORKASPACE' ) );
#941 =( GEOMETRIC_REPRESENTATION_CONTEXT ( 3 ) GLOBAL_UNCERTAINTY_ASSIGNED_CONTEXT ( ( #1372 ) ) GLOBAL_UNIT_ASSIGNED_CONTEXT ( ( #651, #1306, #10 ) ) REPRESENTATION_CONTEXT ( 'NONE', 'WORKASPACE' ) );
#942 = ORIENTED_EDGE ( 'NONE', *, *, #73, .F. ) ;
#943 = SURFACE_STYLE_USAGE ( .BOTH. , #1451 ) ;
#944 =( NAMED_UNIT ( * ) SI_UNIT ( $, .STERADIAN. ) SOLID_ANGLE_UNIT ( ) );
#945 = DIRECTION ( 'NONE',  ( 0.000000000000000000, 1.000000000000000000, 0.000000000000000000 ) ) ;
#946 = DIRECTION ( 'NONE',  ( 0.000000000000000000, 0.000000000000000000, -1.000000000000000000 ) ) ;
#947 = ADVANCED_FACE ( 'NONE', ( #1118 ), #469, .T. ) ;
#948 = ORIENTED_EDGE ( 'NONE', *, *, #1132, .T. ) ;
#949 = CARTESIAN_POINT ( 'NONE',  ( 13.50000000000000355, -8.500000000000000000, 13.50000000000000000 ) ) ;
#950 = VERTEX_POINT ( 'NONE', #1036 ) ;
#951 =( LENGTH_UNIT ( ) NAMED_UNIT ( * ) SI_UNIT ( .MILLI., .METRE. ) );
#952 = FILL_AREA_STYLE ('',( #1236 ) ) ;
#953 = DIRECTION ( 'NONE',  ( 0.000000000000000000, 0.000000000000000000, 1.000000000000000000 ) ) ;
#954 = DIRECTION ( 'NONE',  ( -0.000000000000000000, -1.000000000000000000, -0.000000000000000000 ) ) ;
#955 = DIRECTION ( 'NONE',  ( 0.000000000000000000, -1.000000000000000000, 0.000000000000000000 ) ) ;
#956 = CARTESIAN_POINT ( 'NONE',  ( 23.00000000000000000, 0.000000000000000000, 0.000000000000000000 ) ) ;
#957 = ADVANCED_FACE ( 'NONE', ( #1399 ), #144, .T. ) ;
#958 = ORIENTED_EDGE ( 'NONE', *, *, #750, .T. ) ;
#959 = ORIENTED_EDGE ( 'NONE', *, *, #538, .F. ) ;
#960 = CARTESIAN_POINT ( 'NONE',  ( 13.50000000000000355, -0.5000000000000004441, 13.50000000000000000 ) ) ;
#961 = CIRCLE ( 'NONE', #472, 7.499999999999998224 ) ;
#962 = DIRECTION ( 'NONE',  ( 0.000000000000000000, 1.000000000000000000, 0.000000000000000000 ) ) ;
#963 = STYLED_ITEM ( 'NONE', ( #1001 ), #563 ) ;
#964 = STYLED_ITEM ( 'NONE', ( #1586 ), #804 ) ;
#965 = PRESENTATION_LAYER_ASSIGNMENT (  '', '', ( #1440 ) ) ;
#966 = ADVANCED_FACE ( 'NONE', ( #903 ), #934, .F. ) ;
#967 = ORIENTED_EDGE ( 'NONE', *, *, #1393, .F. ) ;
#968 = CIRCLE ( 'NONE', #560, 3.000000000000000888 ) ;
#969 = PLANE ( 'NONE',  #734 ) ;
#970 = COLOUR_RGB ( '',0.6941176470588235059, 0.09803921568627450844, 0.09803921568627450844 ) ;
#971 = DIRECTION ( 'NONE',  ( 0.000000000000000000, 0.000000000000000000, 1.000000000000000000 ) ) ;
#972 = CARTESIAN_POINT ( 'NONE',  ( 22.50000000000000000, 4.000000000000000000, 20.39999999999999858 ) ) ;
#973 = DIRECTION ( 'NONE',  ( 0.000000000000000000, 0.000000000000000000, 1.000000000000000000 ) ) ;
#974 = ORIENTED_EDGE ( 'NONE', *, *, #1257, .F. ) ;
#975 = SURFACE_SIDE_STYLE ('',( #1607 ) ) ;
#976 = DIRECTION ( 'NONE',  ( 0.000000000000000000, 0.000000000000000000, 1.000000000000000000 ) ) ;
#977 = SURFACE_SIDE_STYLE ('',( #1226 ) ) ;
#978 = CARTESIAN_POINT ( 'NONE',  ( 0.000000000000000000, 4.000000000000000000, 0.000000000000000000 ) ) ;
#979 = CARTESIAN_POINT ( 'NONE',  ( 13.50000000000000355, 6.000000000000000000, 13.50000000000000000 ) ) ;
#980 = CARTESIAN_POINT ( 'NONE',  ( 13.50000000000000355, -19.20000000000000284, 13.50000000000000000 ) ) ;
#981 = ORIENTED_EDGE ( 'NONE', *, *, #680, .F. ) ;
#982 = UNCERTAINTY_MEASURE_WITH_UNIT (LENGTH_MEASURE( 1.000000000000000082E-05 ), #920, 'distance_accuracy_value', 'NONE');
#983 = ORIENTED_EDGE ( 'NONE', *, *, #1211, .T. ) ;
#984 = SURFACE_STYLE_USAGE ( .BOTH. , #975 ) ;
#985 = UNCERTAINTY_MEASURE_WITH_UNIT (LENGTH_MEASURE( 1.000000000000000082E-05 ), #380, 'distance_accuracy_value', 'NONE');
#986 = DIRECTION ( 'NONE',  ( -0.000000000000000000, -1.000000000000000000, -0.000000000000000000 ) ) ;
#987 = VECTOR ( 'NONE', #1615, 1000.000000000000000 ) ;
#988 = EDGE_CURVE ( 'NONE', #3, #641, #1312, .T. ) ;
#989 = FILL_AREA_STYLE ('',( #725 ) ) ;
#990 = DIRECTION ( 'NONE',  ( -0.000000000000000000, -1.000000000000000000, -0.000000000000000000 ) ) ;
#991 = CIRCLE ( 'NONE', #343, 2.100000000000000089 ) ;
#992 = FILL_AREA_STYLE ('',( #241 ) ) ;
#993 = FACE_OUTER_BOUND ( 'NONE', #312, .T. ) ;
#994 = STYLED_ITEM ( 'NONE', ( #277 ), #456 ) ;
#995 = PRESENTATION_LAYER_ASSIGNMENT (  '', '', ( #1044 ) ) ;
#996 = AXIS2_PLACEMENT_3D ( 'NONE', #756, #783, #660 ) ;
#997 = CARTESIAN_POINT ( 'NONE',  ( 1.027984282060330554E-15, 0.000000000000000000, 4.000000000000000888 ) ) ;
#998 = LINE ( 'NONE', #1242, #1439 ) ;
#999 = DIRECTION ( 'NONE',  ( -0.000000000000000000, -1.000000000000000000, -0.000000000000000000 ) ) ;
#1000 = UNCERTAINTY_MEASURE_WITH_UNIT (LENGTH_MEASURE( 1.000000000000000082E-05 ), #1190, 'distance_accuracy_value', 'NONE');
#1001 = PRESENTATION_STYLE_ASSIGNMENT (( #876 ) ) ;
#1002 = DIRECTION ( 'NONE',  ( -0.000000000000000000, 1.000000000000000000, -0.000000000000000000 ) ) ;
#1003 = EDGE_CURVE ( 'NONE', #1419, #438, #1050, .T. ) ;
#1004 = EDGE_CURVE ( 'NONE', #1566, #247, #226, .T. ) ;
#1005 = EDGE_CURVE ( 'NONE', #1105, #1428, #300, .T. ) ;
#1006 = ORIENTED_EDGE ( 'NONE', *, *, #237, .T. ) ;
#1007 = PRESENTATION_STYLE_ASSIGNMENT (( #610 ) ) ;
#1008 = CARTESIAN_POINT ( 'NONE',  ( 13.50000000000000355, -0.5000000000000004441, 13.50000000000000000 ) ) ;
#1009 = FILL_AREA_STYLE ('',( #125 ) ) ;
#1010 = VERTEX_POINT ( 'NONE', #422 ) ;
#1011 =( GEOMETRIC_REPRESENTATION_CONTEXT ( 3 ) GLOBAL_UNCERTAINTY_ASSIGNED_CONTEXT ( ( #489 ) ) GLOBAL_UNIT_ASSIGNED_CONTEXT ( ( #1539, #408, #1417 ) ) REPRESENTATION_CONTEXT ( 'NONE', 'WORKASPACE' ) );
#1012 = STYLED_ITEM ( 'NONE', ( #673 ), #792 ) ;
#1013 = EDGE_CURVE ( 'NONE', #679, #1349, #204, .T. ) ;
#1014 = UNCERTAINTY_MEASURE_WITH_UNIT (LENGTH_MEASURE( 1.000000000000000082E-05 ), #421, 'distance_accuracy_value', 'NONE');
#1015 = PRESENTATION_STYLE_ASSIGNMENT (( #1262 ) ) ;
#1016 = STYLED_ITEM ( 'NONE', ( #1258 ), #459 ) ;
#1017 = STYLED_ITEM ( 'NONE', ( #566 ), #774 ) ;
#1018 =( GEOMETRIC_REPRESENTATION_CONTEXT ( 3 ) GLOBAL_UNCERTAINTY_ASSIGNED_CONTEXT ( ( #230 ) ) GLOBAL_UNIT_ASSIGNED_CONTEXT ( ( #1241, #332, #82 ) ) REPRESENTATION_CONTEXT ( 'NONE', 'WORKASPACE' ) );
#1019 = DIRECTION ( 'NONE',  ( -0.000000000000000000, -1.000000000000000000, -0.000000000000000000 ) ) ;
#1020 = FILL_AREA_STYLE ('',( #499 ) ) ;
#1021 = DIRECTION ( 'NONE',  ( 0.000000000000000000, -0.000000000000000000, 1.000000000000000000 ) ) ;
#1022 = PRESENTATION_LAYER_ASSIGNMENT (  '', '', ( #1409 ) ) ;
#1023 = EDGE_LOOP ( 'NONE', ( #278, #1325 ) ) ;
#1024 =( GEOMETRIC_REPRESENTATION_CONTEXT ( 3 ) GLOBAL_UNCERTAINTY_ASSIGNED_CONTEXT ( ( #1114 ) ) GLOBAL_UNIT_ASSIGNED_CONTEXT ( ( #116, #596, #221 ) ) REPRESENTATION_CONTEXT ( 'NONE', 'WORKASPACE' ) );
#1025 = ORIENTED_EDGE ( 'NONE', *, *, #1065, .T. ) ;
#1026 = DIRECTION ( 'NONE',  ( 0.000000000000000000, 0.000000000000000000, -1.000000000000000000 ) ) ;
#1027 = DIRECTION ( 'NONE',  ( -0.000000000000000000, -1.000000000000000000, -0.000000000000000000 ) ) ;
#1028 = EDGE_LOOP ( 'NONE', ( #209, #1152, #49, #372 ) ) ;
#1029 = CARTESIAN_POINT ( 'NONE',  ( 13.50000000000000355, 17.50000000000000000, 13.50000000000000000 ) ) ;
#1030 =( LENGTH_UNIT ( ) NAMED_UNIT ( * ) SI_UNIT ( .MILLI., .METRE. ) );
#1031 = EDGE_CURVE ( 'NONE', #438, #444, #1149, .T. ) ;
#1032 = VERTEX_POINT ( 'NONE', #213 ) ;
#1033 = AXIS2_PLACEMENT_3D ( 'NONE', #883, #1389, #921 ) ;
#1034 = AXIS2_PLACEMENT_3D ( 'NONE', #663, #164, #1557 ) ;
#1035 =( LENGTH_UNIT ( ) NAMED_UNIT ( * ) SI_UNIT ( .MILLI., .METRE. ) );
#1036 = CARTESIAN_POINT ( 'NONE',  ( 22.50000000000000000, 0.000000000000000000, 2.399999999999999023 ) ) ;
#1037 = MECHANICAL_DESIGN_GEOMETRIC_PRESENTATION_REPRESENTATION (  '', ( #963 ), #1379 ) ;
#1038 = SURFACE_STYLE_USAGE ( .BOTH. , #768 ) ;
#1039 = PRESENTATION_LAYER_ASSIGNMENT (  '', '', ( #1017 ) ) ;
#1040 =( GEOMETRIC_REPRESENTATION_CONTEXT ( 3 ) GLOBAL_UNCERTAINTY_ASSIGNED_CONTEXT ( ( #359 ) ) GLOBAL_UNIT_ASSIGNED_CONTEXT ( ( #118, #91, #1637 ) ) REPRESENTATION_CONTEXT ( 'NONE', 'WORKASPACE' ) );
#1041 = CARTESIAN_POINT ( 'NONE',  ( 23.00000000000000355, 4.000000000000000000, 23.00000000000000000 ) ) ;
#1042 = DIRECTION ( 'NONE',  ( 0.000000000000000000, 0.000000000000000000, -1.000000000000000000 ) ) ;
#1043 = SURFACE_STYLE_USAGE ( .BOTH. , #417 ) ;
#1044 = STYLED_ITEM ( 'NONE', ( #1322 ), #1107 ) ;
#1045 = COLOUR_RGB ( '',0.8980392156862745390, 0.8980392156862745390, 0.8980392156862745390 ) ;
#1046 =( GEOMETRIC_REPRESENTATION_CONTEXT ( 3 ) GLOBAL_UNCERTAINTY_ASSIGNED_CONTEXT ( ( #1388 ) ) GLOBAL_UNIT_ASSIGNED_CONTEXT ( ( #516, #1555, #1418 ) ) REPRESENTATION_CONTEXT ( 'NONE', 'WORKASPACE' ) );
#1047 = CARTESIAN_POINT ( 'NONE',  ( 13.50000000000000355, -8.500000000000000000, 13.50000000000000000 ) ) ;
#1048 = PRESENTATION_STYLE_ASSIGNMENT (( #541 ) ) ;
#1049 = CARTESIAN_POINT ( 'NONE',  ( 22.50000000000000000, 4.000000000000000000, 22.50000000000000000 ) ) ;
#1050 = LINE ( 'NONE', #1554, #794 ) ;
#1051 = ORIENTED_EDGE ( 'NONE', *, *, #95, .F. ) ;
#1052 = DIRECTION ( 'NONE',  ( -0.000000000000000000, -1.000000000000000000, -0.000000000000000000 ) ) ;
#1053 = DIRECTION ( 'NONE',  ( 0.000000000000000000, 1.000000000000000000, 0.000000000000000000 ) ) ;
#1054 = EDGE_CURVE ( 'NONE', #1428, #1032, #1331, .T. ) ;
#1055 = ORIENTED_EDGE ( 'NONE', *, *, #871, .T. ) ;
#1056 = DIRECTION ( 'NONE',  ( 0.000000000000000000, 0.000000000000000000, 1.000000000000000000 ) ) ;
#1057 = FACE_OUTER_BOUND ( 'NONE', #1181, .T. ) ;
#1058 = CARTESIAN_POINT ( 'NONE',  ( 13.50000000000000355, -8.500000000000000000, 13.50000000000000000 ) ) ;
#1059 = DIRECTION ( 'NONE',  ( 0.000000000000000000, 0.000000000000000000, 1.000000000000000000 ) ) ;
#1060 = ORIENTED_EDGE ( 'NONE', *, *, #170, .T. ) ;
#1061 = VECTOR ( 'NONE', #297, 1000.000000000000000 ) ;
#1062 = EDGE_LOOP ( 'NONE', ( #1632, #556, #983, #1449 ) ) ;
#1063 = PRESENTATION_LAYER_ASSIGNMENT (  '', '', ( #1590 ) ) ;
#1064 = CARTESIAN_POINT ( 'NONE',  ( 13.50000000000000355, -19.20000000000000284, 16.00000000000000000 ) ) ;
#1065 = EDGE_CURVE ( 'NONE', #444, #438, #1072, .T. ) ;
#1066 = SURFACE_STYLE_USAGE ( .BOTH. , #61 ) ;
#1067 =( NAMED_UNIT ( * ) SI_UNIT ( $, .STERADIAN. ) SOLID_ANGLE_UNIT ( ) );
#1068 = VERTEX_POINT ( 'NONE', #194 ) ;
#1069 = CARTESIAN_POINT ( 'NONE',  ( 13.50000000000000355, -2.168404344971008868E-16, 20.99999999999999645 ) ) ;
#1070 = COLOUR_RGB ( '',0.8980392156862745390, 0.8980392156862745390, 0.8980392156862745390 ) ;
#1071 = COLOUR_RGB ( '',0.6941176470588235059, 0.09803921568627450844, 0.09803921568627450844 ) ;
#1072 = CIRCLE ( 'NONE', #1234, 2.099999999999996980 ) ;
#1073 = AXIS2_PLACEMENT_3D ( 'NONE', #564, #309, #946 ) ;
#1074 = EDGE_LOOP ( 'NONE', ( #1193, #1090, #958, #1288 ) ) ;
#1075 = SURFACE_STYLE_FILL_AREA ( #1591 ) ;
#1076 = SURFACE_SIDE_STYLE ('',( #1425 ) ) ;
#1077 = DIRECTION ( 'NONE',  ( 0.000000000000000000, 0.000000000000000000, 1.000000000000000000 ) ) ;
#1078 = CARTESIAN_POINT ( 'NONE',  ( 22.50000000000000000, 4.000000000000000000, 22.50000000000000000 ) ) ;
#1079 = CARTESIAN_POINT ( 'NONE',  ( 27.00000000000000355, 4.000000000000000000, 23.00000000000000000 ) ) ;
#1080 = CARTESIAN_POINT ( 'NONE',  ( 0.000000000000000000, 4.000000000000000000, 0.000000000000000000 ) ) ;
#1081 = ORIENTED_EDGE ( 'NONE', *, *, #558, .F. ) ;
#1082 = ORIENTED_EDGE ( 'NONE', *, *, #1175, .F. ) ;
#1083 = CARTESIAN_POINT ( 'NONE',  ( 0.000000000000000000, 4.000000000000000000, 0.000000000000000000 ) ) ;
#1084 = DIRECTION ( 'NONE',  ( 0.000000000000000000, -0.000000000000000000, -1.000000000000000000 ) ) ;
#1085 = DIRECTION ( 'NONE',  ( 0.000000000000000000, 0.000000000000000000, 1.000000000000000000 ) ) ;
#1086 = COLOUR_RGB ( '',0.6941176470588235059, 0.09803921568627450844, 0.09803921568627450844 ) ;
#1087 = CARTESIAN_POINT ( 'NONE',  ( 13.50000000000000355, -18.69999999999999929, 13.50000000000000000 ) ) ;
#1088 = FILL_AREA_STYLE_COLOUR ( '', #110 ) ;
#1089 = EDGE_CURVE ( 'NONE', #243, #950, #1623, .T. ) ;
#1090 = ORIENTED_EDGE ( 'NONE', *, *, #119, .T. ) ;
#1091 = STYLED_ITEM ( 'NONE', ( #465 ), #1531 ) ;
#1092 = DIRECTION ( 'NONE',  ( 0.000000000000000000, 1.000000000000000000, 0.000000000000000000 ) ) ;
#1093 = DIRECTION ( 'NONE',  ( 0.000000000000000000, -0.000000000000000000, -1.000000000000000000 ) ) ;
#1094 = FILL_AREA_STYLE ('',( #1223 ) ) ;
#1095 = PRESENTATION_LAYER_ASSIGNMENT (  '', '', ( #166 ) ) ;
#1096 = AXIS2_PLACEMENT_3D ( 'NONE', #411, #919, #1429 ) ;
#1097 = ORIENTED_EDGE ( 'NONE', *, *, #1155, .F. ) ;
#1098 = CARTESIAN_POINT ( 'NONE',  ( 22.50000000000000000, 0.000000000000000000, 22.50000000000000000 ) ) ;
#1099 =( GEOMETRIC_REPRESENTATION_CONTEXT ( 3 ) GLOBAL_UNCERTAINTY_ASSIGNED_CONTEXT ( ( #1360 ) ) GLOBAL_UNIT_ASSIGNED_CONTEXT ( ( #523, #1651, #1543 ) ) REPRESENTATION_CONTEXT ( 'NONE', 'WORKASPACE' ) );
#1100 = CIRCLE ( 'NONE', #1336, 2.099999999999996980 ) ;
#1101 = COLOUR_RGB ( '',0.6941176470588235059, 0.09803921568627450844, 0.09803921568627450844 ) ;
#1102 = FILL_AREA_STYLE ('',( #460 ) ) ;
#1103 = CARTESIAN_POINT ( 'NONE',  ( 13.50000000000000355, -19.20000000000000284, 16.50000000000000000 ) ) ;
#1104 = SURFACE_STYLE_FILL_AREA ( #55 ) ;
#1105 = VERTEX_POINT ( 'NONE', #562 ) ;
#1106 = FILL_AREA_STYLE_COLOUR ( '', #1270 ) ;
#1107 = ADVANCED_FACE ( 'NONE', ( #676 ), #56, .F. ) ;
#1108 = CIRCLE ( 'NONE', #1217, 2.100000000000000977 ) ;
#1109 = SURFACE_STYLE_USAGE ( .BOTH. , #1617 ) ;
#1110 = LINE ( 'NONE', #1103, #225 ) ;
#1111 = CARTESIAN_POINT ( 'NONE',  ( 13.50000000000000355, 6.000000000000000000, 13.50000000000000000 ) ) ;
#1112 = VERTEX_POINT ( 'NONE', #589 ) ;
#1113 = STYLED_ITEM ( 'NONE', ( #9 ), #202 ) ;
#1114 = UNCERTAINTY_MEASURE_WITH_UNIT (LENGTH_MEASURE( 1.000000000000000082E-05 ), #116, 'distance_accuracy_value', 'NONE');
#1115 =( NAMED_UNIT ( * ) SI_UNIT ( $, .STERADIAN. ) SOLID_ANGLE_UNIT ( ) );
#1116 = PRESENTATION_LAYER_ASSIGNMENT (  '', '', ( #424 ) ) ;
#1117 = CARTESIAN_POINT ( 'NONE',  ( 4.499999999999999112, 4.000000000000000000, 22.50000000000000000 ) ) ;
#1118 = FACE_OUTER_BOUND ( 'NONE', #805, .T. ) ;
#1119 = CIRCLE ( 'NONE', #399, 0.5000000000000004441 ) ;
#1120 = PRESENTATION_STYLE_ASSIGNMENT (( #109 ) ) ;
#1121 = EDGE_LOOP ( 'NONE', ( #806, #122, #942, #1097 ) ) ;
#1122 = SURFACE_STYLE_USAGE ( .BOTH. , #1274 ) ;
#1123 = AXIS2_PLACEMENT_3D ( 'NONE', #949, #1447, #1214 ) ;
#1124 = COLOUR_RGB ( '',0.6941176470588235059, 0.09803921568627450844, 0.09803921568627450844 ) ;
#1125 = COLOUR_RGB ( '',0.6941176470588235059, 0.09803921568627450844, 0.09803921568627450844 ) ;
#1126 = EDGE_CURVE ( 'NONE', #1185, #1566, #843, .T. ) ;
#1127 = CIRCLE ( 'NONE', #1313, 7.000000000000000888 ) ;
#1128 = STYLED_ITEM ( 'NONE', ( #387 ), #413 ) ;
#1129 = PRESENTATION_STYLE_ASSIGNMENT (( #71 ) ) ;
#1130 =( LENGTH_UNIT ( ) NAMED_UNIT ( * ) SI_UNIT ( .MILLI., .METRE. ) );
#1131 =( LENGTH_UNIT ( ) NAMED_UNIT ( * ) SI_UNIT ( .MILLI., .METRE. ) );
#1132 = EDGE_CURVE ( 'NONE', #1259, #176, #968, .T. ) ;
#1133 = UNCERTAINTY_MEASURE_WITH_UNIT (LENGTH_MEASURE( 1.000000000000000082E-05 ), #198, 'distance_accuracy_value', 'NONE');
#1134 =( NAMED_UNIT ( * ) SI_UNIT ( $, .STERADIAN. ) SOLID_ANGLE_UNIT ( ) );
#1135 = DIRECTION ( 'NONE',  ( 0.000000000000000000, 0.000000000000000000, 1.000000000000000000 ) ) ;
#1136 = ORIENTED_EDGE ( 'NONE', *, *, #988, .F. ) ;
#1137 = EDGE_CURVE ( 'NONE', #1528, #121, #1188, .T. ) ;
#1138 = ORIENTED_EDGE ( 'NONE', *, *, #935, .F. ) ;
#1139 =( NAMED_UNIT ( * ) SI_UNIT ( $, .STERADIAN. ) SOLID_ANGLE_UNIT ( ) );
#1140 = ORIENTED_EDGE ( 'NONE', *, *, #672, .T. ) ;
#1141 = VERTEX_POINT ( 'NONE', #684 ) ;
#1142 =( GEOMETRIC_REPRESENTATION_CONTEXT ( 3 ) GLOBAL_UNCERTAINTY_ASSIGNED_CONTEXT ( ( #869 ) ) GLOBAL_UNIT_ASSIGNED_CONTEXT ( ( #807, #429, #1216 ) ) REPRESENTATION_CONTEXT ( 'NONE', 'WORKASPACE' ) );
#1143 = COLOUR_RGB ( '',0.6941176470588235059, 0.09803921568627450844, 0.09803921568627450844 ) ;
#1144 = LINE ( 'NONE', #414, #686 ) ;
#1145 =( NAMED_UNIT ( * ) SI_UNIT ( $, .STERADIAN. ) SOLID_ANGLE_UNIT ( ) );
#1146 = AXIS2_PLACEMENT_3D ( 'NONE', #493, #866, #356 ) ;
#1147 = MECHANICAL_DESIGN_GEOMETRIC_PRESENTATION_REPRESENTATION (  '', ( #1440 ), #852 ) ;
#1148 = FILL_AREA_STYLE_COLOUR ( '', #1101 ) ;
#1149 = CIRCLE ( 'NONE', #853, 2.099999999999996980 ) ;
#1150 = ORIENTED_EDGE ( 'NONE', *, *, #538, .T. ) ;
#1151 =( NAMED_UNIT ( * ) PLANE_ANGLE_UNIT ( ) SI_UNIT ( $, .RADIAN. ) );
#1152 = ORIENTED_EDGE ( 'NONE', *, *, #488, .T. ) ;
#1153 = DIRECTION ( 'NONE',  ( 1.000000000000000000, 0.000000000000000000, 0.000000000000000000 ) ) ;
#1154 = FILL_AREA_STYLE_COLOUR ( '', #292 ) ;
#1155 = EDGE_CURVE ( 'NONE', #1505, #176, #1196, .T. ) ;
#1156 = FILL_AREA_STYLE_COLOUR ( '', #22 ) ;
#1157 = DIRECTION ( 'NONE',  ( 0.000000000000000000, 1.000000000000000000, 0.000000000000000000 ) ) ;
#1158 = CARTESIAN_POINT ( 'NONE',  ( 4.500000000000001776, 0.000000000000000000, 2.400000000000003464 ) ) ;
#1159 = EDGE_LOOP ( 'NONE', ( #1025, #825 ) ) ;
#1160 =( NAMED_UNIT ( * ) SI_UNIT ( $, .STERADIAN. ) SOLID_ANGLE_UNIT ( ) );
#1161 = PRESENTATION_LAYER_ASSIGNMENT (  '', '', ( #860 ) ) ;
#1162 = UNCERTAINTY_MEASURE_WITH_UNIT (LENGTH_MEASURE( 1.000000000000000082E-05 ), #857, 'distance_accuracy_value', 'NONE');
#1163 = MECHANICAL_DESIGN_GEOMETRIC_PRESENTATION_REPRESENTATION (  '', ( #491 ), #547 ) ;
#1164 = LINE ( 'NONE', #642, #1459 ) ;
#1165 = ORIENTED_EDGE ( 'NONE', *, *, #1089, .F. ) ;
#1166 = COLOUR_RGB ( '',0.6941176470588235059, 0.09803921568627450844, 0.09803921568627450844 ) ;
#1167 = CARTESIAN_POINT ( 'NONE',  ( 4.499999999999999112, 0.000000000000000000, 22.50000000000000000 ) ) ;
#1168 = CYLINDRICAL_SURFACE ( 'NONE', #1457, 2.100000000000000533 ) ;
#1169 = PRESENTATION_LAYER_ASSIGNMENT (  '', '', ( #1378 ) ) ;
#1170 = AXIS2_PLACEMENT_3D ( 'NONE', #781, #1182, #36 ) ;
#1171 =( NAMED_UNIT ( * ) PLANE_ANGLE_UNIT ( ) SI_UNIT ( $, .RADIAN. ) );
#1172 = SURFACE_SIDE_STYLE ('',( #1562 ) ) ;
#1173 = DIRECTION ( 'NONE',  ( 0.000000000000000000, 0.000000000000000000, 1.000000000000000000 ) ) ;
#1174 = VECTOR ( 'NONE', #810, 1000.000000000000000 ) ;
#1175 = EDGE_CURVE ( 'NONE', #1319, #918, #1127, .T. ) ;
#1176 = MECHANICAL_DESIGN_GEOMETRIC_PRESENTATION_REPRESENTATION (  '', ( #87 ), #1024 ) ;
#1177 = PRESENTATION_LAYER_ASSIGNMENT (  '', '', ( #246 ) ) ;
#1178 = DIRECTION ( 'NONE',  ( 0.000000000000000000, 0.000000000000000000, 1.000000000000000000 ) ) ;
#1179 = DIRECTION ( 'NONE',  ( -1.000000000000000000, 0.000000000000000000, 0.000000000000000000 ) ) ;
#1180 = PLANE ( 'NONE',  #327 ) ;
#1181 = EDGE_LOOP ( 'NONE', ( #1260, #1431, #906, #601 ) ) ;
#1182 = DIRECTION ( 'NONE',  ( -0.000000000000000000, -1.000000000000000000, -0.000000000000000000 ) ) ;
#1183 = EDGE_CURVE ( 'NONE', #747, #1272, #592, .T. ) ;
#1184 = MANIFOLD_SOLID_BREP ( 'Fillet3', #574 ) ;
#1185 = VERTEX_POINT ( 'NONE', #748 ) ;
#1186 = PRESENTATION_STYLE_ASSIGNMENT (( #943 ) ) ;
#1187 = DIRECTION ( 'NONE',  ( -0.000000000000000000, 1.000000000000000000, -0.000000000000000000 ) ) ;
#1188 = LINE ( 'NONE', #434, #1174 ) ;
#1189 = SURFACE_SIDE_STYLE ('',( #178 ) ) ;
#1190 =( LENGTH_UNIT ( ) NAMED_UNIT ( * ) SI_UNIT ( .MILLI., .METRE. ) );
#1191 =( NAMED_UNIT ( * ) PLANE_ANGLE_UNIT ( ) SI_UNIT ( $, .RADIAN. ) );
#1192 = PRESENTATION_LAYER_ASSIGNMENT (  '', '', ( #471 ) ) ;
#1193 = ORIENTED_EDGE ( 'NONE', *, *, #1137, .F. ) ;
#1194 = CIRCLE ( 'NONE', #733, 2.100000000000000977 ) ;
#1195 = SURFACE_SIDE_STYLE ('',( #1517 ) ) ;
#1196 = LINE ( 'NONE', #446, #532 ) ;
#1197 =( GEOMETRIC_REPRESENTATION_CONTEXT ( 3 ) GLOBAL_UNCERTAINTY_ASSIGNED_CONTEXT ( ( #346 ) ) GLOBAL_UNIT_ASSIGNED_CONTEXT ( ( #675, #1297, #288 ) ) REPRESENTATION_CONTEXT ( 'NONE', 'WORKASPACE' ) );
#1198 =( NAMED_UNIT ( * ) PLANE_ANGLE_UNIT ( ) SI_UNIT ( $, .RADIAN. ) );
#1199 = LINE ( 'NONE', #1079, #1421 ) ;
#1200 = DIRECTION ( 'NONE',  ( 0.000000000000000000, 0.000000000000000000, -1.000000000000000000 ) ) ;
#1201 = VECTOR ( 'NONE', #1367, 1000.000000000000000 ) ;
#1202 = AXIS2_PLACEMENT_3D ( 'NONE', #1612, #1496, #626 ) ;
#1203 = ORIENTED_EDGE ( 'NONE', *, *, #1183, .F. ) ;
#1204 = VECTOR ( 'NONE', #134, 1000.000000000000000 ) ;
#1205 = CIRCLE ( 'NONE', #996, 7.000000000000000888 ) ;
#1206 = EDGE_LOOP ( 'NONE', ( #450, #1060, #1533, #771 ) ) ;
#1207 =( NAMED_UNIT ( * ) SI_UNIT ( $, .STERADIAN. ) SOLID_ANGLE_UNIT ( ) );
#1208 = EDGE_CURVE ( 'NONE', #537, #1419, #1100, .T. ) ;
#1209 = SURFACE_STYLE_FILL_AREA ( #439 ) ;
#1210 = CARTESIAN_POINT ( 'NONE',  ( 13.50000000000000355, 0.000000000000000000, 13.50000000000000000 ) ) ;
#1211 = EDGE_CURVE ( 'NONE', #585, #691, #724, .T. ) ;
#1212 =( LENGTH_UNIT ( ) NAMED_UNIT ( * ) SI_UNIT ( .MILLI., .METRE. ) );
#1213 = PRODUCT_DEFINITION_SHAPE ( 'NONE', 'NONE',  #728 ) ;
#1214 = DIRECTION ( 'NONE',  ( 0.000000000000000000, 0.000000000000000000, -1.000000000000000000 ) ) ;
#1215 = EDGE_LOOP ( 'NONE', ( #464, #395, #1140, #712 ) ) ;
#1216 =( NAMED_UNIT ( * ) SI_UNIT ( $, .STERADIAN. ) SOLID_ANGLE_UNIT ( ) );
#1217 = AXIS2_PLACEMENT_3D ( 'NONE', #1049, #1568, #1445 ) ;
#1218 = DIRECTION ( 'NONE',  ( 0.000000000000000000, 0.000000000000000000, 1.000000000000000000 ) ) ;
#1219 =( LENGTH_UNIT ( ) NAMED_UNIT ( * ) SI_UNIT ( .MILLI., .METRE. ) );
#1220 = CIRCLE ( 'NONE', #390, 3.000000000000000888 ) ;
#1221 = DIRECTION ( 'NONE',  ( 0.000000000000000000, 0.000000000000000000, 1.000000000000000000 ) ) ;
#1222 = FACE_OUTER_BOUND ( 'NONE', #1474, .T. ) ;
#1223 = FILL_AREA_STYLE_COLOUR ( '', #1071 ) ;
#1224 = ORIENTED_EDGE ( 'NONE', *, *, #874, .T. ) ;
#1225 =( NAMED_UNIT ( * ) PLANE_ANGLE_UNIT ( ) SI_UNIT ( $, .RADIAN. ) );
#1226 = SURFACE_STYLE_FILL_AREA ( #1102 ) ;
#1227 = FILL_AREA_STYLE ('',( #854 ) ) ;
#1228 = LINE ( 'NONE', #1080, #530 ) ;
#1229 = PRESENTATION_LAYER_ASSIGNMENT (  '', '', ( #963 ) ) ;
#1230 = ADVANCED_FACE ( 'NONE', ( #1253 ), #113, .T. ) ;
#1231 = AXIS2_PLACEMENT_3D ( 'NONE', #845, #1353, #1200 ) ;
#1232 = AXIS2_PLACEMENT_3D ( 'NONE', #1117, #1348, #1602 ) ;
#1233 = ORIENTED_EDGE ( 'NONE', *, *, #826, .T. ) ;
#1234 = AXIS2_PLACEMENT_3D ( 'NONE', #571, #945, #1085 ) ;
#1235 = UNCERTAINTY_MEASURE_WITH_UNIT (LENGTH_MEASURE( 1.000000000000000082E-05 ), #63, 'distance_accuracy_value', 'NONE');
#1236 = FILL_AREA_STYLE_COLOUR ( '', #1479 ) ;
#1237 = CARTESIAN_POINT ( 'NONE',  ( 22.50000000000000000, 4.000000000000000000, 20.39999999999999858 ) ) ;
#1238 = DIRECTION ( 'NONE',  ( -1.000000000000000000, 0.000000000000000000, -0.000000000000000000 ) ) ;
#1239 = ADVANCED_FACE ( 'NONE', ( #377 ), #476, .T. ) ;
#1240 = SURFACE_STYLE_FILL_AREA ( #737 ) ;
#1241 =( LENGTH_UNIT ( ) NAMED_UNIT ( * ) SI_UNIT ( .MILLI., .METRE. ) );
#1242 = CARTESIAN_POINT ( 'NONE',  ( 13.50000000000000355, -8.500000000000000000, 20.50000000000000000 ) ) ;
#1243 = CARTESIAN_POINT ( 'NONE',  ( 13.50000000000000355, -19.20000000000000284, 11.00000000000000000 ) ) ;
#1244 = EDGE_CURVE ( 'NONE', #735, #58, #991, .T. ) ;
#1245 = EDGE_CURVE ( 'NONE', #3, #699, #262, .T. ) ;
#1246 = DIRECTION ( 'NONE',  ( 0.000000000000000000, 1.000000000000000000, 0.000000000000000000 ) ) ;
#1247 = DIRECTION ( 'NONE',  ( -0.000000000000000000, 1.000000000000000000, 0.000000000000000000 ) ) ;
#1248 = EDGE_LOOP ( 'NONE', ( #777, #142 ) ) ;
#1249 = PRESENTATION_LAYER_ASSIGNMENT (  '', '', ( #994 ) ) ;
#1250 = AXIS2_PLACEMENT_3D ( 'NONE', #361, #990, #1135 ) ;
#1251 = AXIS2_PLACEMENT_3D ( 'NONE', #162, #1420, #1403 ) ;
#1252 = EDGE_LOOP ( 'NONE', ( #827, #1446, #1521, #418 ) ) ;
#1253 = FACE_OUTER_BOUND ( 'NONE', #1121, .T. ) ;
#1254 = AXIS2_PLACEMENT_3D ( 'NONE', #536, #1436, #23 ) ;
#1255 = COLOUR_RGB ( '',0.6941176470588235059, 0.09803921568627450844, 0.09803921568627450844 ) ;
#1256 =( GEOMETRIC_REPRESENTATION_CONTEXT ( 3 ) GLOBAL_UNCERTAINTY_ASSIGNED_CONTEXT ( ( #376 ) ) GLOBAL_UNIT_ASSIGNED_CONTEXT ( ( #11, #670, #524 ) ) REPRESENTATION_CONTEXT ( 'NONE', 'WORKASPACE' ) );
#1257 = EDGE_CURVE ( 'NONE', #815, #647, #1290, .T. ) ;
#1258 = PRESENTATION_STYLE_ASSIGNMENT (( #861 ) ) ;
#1259 = VERTEX_POINT ( 'NONE', #540 ) ;
#1260 = ORIENTED_EDGE ( 'NONE', *, *, #628, .T. ) ;
#1261 = UNCERTAINTY_MEASURE_WITH_UNIT (LENGTH_MEASURE( 1.000000000000000082E-05 ), #1131, 'distance_accuracy_value', 'NONE');
#1262 = SURFACE_STYLE_USAGE ( .BOTH. , #1383 ) ;
#1263 =( NAMED_UNIT ( * ) SI_UNIT ( $, .STERADIAN. ) SOLID_ANGLE_UNIT ( ) );
#1264 = DIRECTION ( 'NONE',  ( 0.000000000000000000, 0.000000000000000000, -1.000000000000000000 ) ) ;
#1265 = ORIENTED_EDGE ( 'NONE', *, *, #1327, .T. ) ;
#1266 = AXIS2_PLACEMENT_3D ( 'NONE', #338, #839, #1218 ) ;
#1267 = DIRECTION ( 'NONE',  ( 0.000000000000000000, 1.000000000000000000, 0.000000000000000000 ) ) ;
#1268 = SURFACE_SIDE_STYLE ('',( #254 ) ) ;
#1269 = DIRECTION ( 'NONE',  ( 0.000000000000000000, 1.000000000000000000, 0.000000000000000000 ) ) ;
#1270 = COLOUR_RGB ( '',0.6941176470588235059, 0.09803921568627450844, 0.09803921568627450844 ) ;
#1271 = CARTESIAN_POINT ( 'NONE',  ( 13.50000000000000355, 4.000000000000000000, 22.50000000000000000 ) ) ;
#1272 = VERTEX_POINT ( 'NONE', #167 ) ;
#1273 = AXIS2_PLACEMENT_3D ( 'NONE', #406, #889, #1026 ) ;
#1274 = SURFACE_SIDE_STYLE ('',( #849 ) ) ;
#1275 = EDGE_CURVE ( 'NONE', #1604, #1580, #1375, .T. ) ;
#1276 = MECHANICAL_DESIGN_GEOMETRIC_PRESENTATION_REPRESENTATION (  '', ( #263 ), #1302 ) ;
#1277 = EDGE_CURVE ( 'NONE', #1272, #747, #961, .T. ) ;
#1278 = CIRCLE ( 'NONE', #345, 2.000000000000001776 ) ;
#1279 = DIRECTION ( 'NONE',  ( 0.000000000000000000, -0.000000000000000000, 1.000000000000000000 ) ) ;
#1280 = DIRECTION ( 'NONE',  ( -0.000000000000000000, -1.000000000000000000, -0.000000000000000000 ) ) ;
#1281 = MECHANICAL_DESIGN_GEOMETRIC_PRESENTATION_REPRESENTATION (  '', ( #770 ), #1040 ) ;
#1282 = DIRECTION ( 'NONE',  ( 2.569960705150825398E-16, 0.000000000000000000, 1.000000000000000000 ) ) ;
#1283 = SURFACE_SIDE_STYLE ('',( #5 ) ) ;
#1284 = FACE_BOUND ( 'NONE', #437, .T. ) ;
#1285 = DIRECTION ( 'NONE',  ( -0.000000000000000000, -1.000000000000000000, -0.000000000000000000 ) ) ;
#1286 = COLOUR_RGB ( '',0.6941176470588235059, 0.09803921568627450844, 0.09803921568627450844 ) ;
#1287 = PRESENTATION_LAYER_ASSIGNMENT (  '', '', ( #1128 ) ) ;
#1288 = ORIENTED_EDGE ( 'NONE', *, *, #150, .T. ) ;
#1289 = ORIENTED_EDGE ( 'NONE', *, *, #1005, .T. ) ;
#1290 = LINE ( 'NONE', #648, #821 ) ;
#1291 = DIRECTION ( 'NONE',  ( -0.000000000000000000, -1.000000000000000000, -0.000000000000000000 ) ) ;
#1292 = CARTESIAN_POINT ( 'NONE',  ( 13.50000000000000355, 6.000000000000000000, 6.499999999999998224 ) ) ;
#1293 = SURFACE_STYLE_USAGE ( .BOTH. , #1172 ) ;
#1294 =( LENGTH_UNIT ( ) NAMED_UNIT ( * ) SI_UNIT ( .MILLI., .METRE. ) );
#1295 = PRESENTATION_STYLE_ASSIGNMENT (( #1303 ) ) ;
#1296 = CARTESIAN_POINT ( 'NONE',  ( 13.50000000000000355, -19.20000000000000284, 13.50000000000000000 ) ) ;
#1297 =( NAMED_UNIT ( * ) PLANE_ANGLE_UNIT ( ) SI_UNIT ( $, .RADIAN. ) );
#1298 = EDGE_CURVE ( 'NONE', #918, #1319, #104, .T. ) ;
#1299 = DIRECTION ( 'NONE',  ( -0.000000000000000000, -1.000000000000000000, -0.000000000000000000 ) ) ;
#1300 = ORIENTED_EDGE ( 'NONE', *, *, #1298, .F. ) ;
#1301 = STYLED_ITEM ( 'NONE', ( #1186 ), #1499 ) ;
#1302 =( GEOMETRIC_REPRESENTATION_CONTEXT ( 3 ) GLOBAL_UNCERTAINTY_ASSIGNED_CONTEXT ( ( #1622 ) ) GLOBAL_UNIT_ASSIGNED_CONTEXT ( ( #713, #383, #139 ) ) REPRESENTATION_CONTEXT ( 'NONE', 'WORKASPACE' ) );
#1303 = SURFACE_STYLE_USAGE ( .BOTH. , #753 ) ;
#1304 = PRESENTATION_STYLE_ASSIGNMENT (( #514 ) ) ;
#1305 = CARTESIAN_POINT ( 'NONE',  ( 13.50000000000000355, 17.50000000000000000, 20.50000000000000355 ) ) ;
#1306 =( NAMED_UNIT ( * ) PLANE_ANGLE_UNIT ( ) SI_UNIT ( $, .RADIAN. ) );
#1307 = AXIS2_PLACEMENT_3D ( 'NONE', #1111, #1246, #621 ) ;
#1308 = STYLED_ITEM ( 'NONE', ( #719 ), #584 ) ;
#1309 = ADVANCED_FACE ( 'NONE', ( #764 ), #787, .T. ) ;
#1310 = ORIENTED_EDGE ( 'NONE', *, *, #290, .T. ) ;
#1311 = LINE ( 'NONE', #662, #1464 ) ;
#1312 = CIRCLE ( 'NONE', #1254, 2.000000000000000000 ) ;
#1313 = AXIS2_PLACEMENT_3D ( 'NONE', #960, #51, #1077 ) ;
#1314 = ORIENTED_EDGE ( 'NONE', *, *, #700, .F. ) ;
#1315 = CARTESIAN_POINT ( 'NONE',  ( 4.499999999999999112, 4.000000000000000000, 24.60000000000000142 ) ) ;
#1316 =( NAMED_UNIT ( * ) PLANE_ANGLE_UNIT ( ) SI_UNIT ( $, .RADIAN. ) );
#1317 = SURFACE_STYLE_USAGE ( .BOTH. , #799 ) ;
#1318 = CARTESIAN_POINT ( 'NONE',  ( 22.50000000000000000, 4.000000000000000000, 4.500000000000000000 ) ) ;
#1319 = VERTEX_POINT ( 'NONE', #657 ) ;
#1320 = ORIENTED_EDGE ( 'NONE', *, *, #1005, .F. ) ;
#1321 = FACE_OUTER_BOUND ( 'NONE', #1062, .T. ) ;
#1322 = PRESENTATION_STYLE_ASSIGNMENT (( #69 ) ) ;
#1323 = FILL_AREA_STYLE_COLOUR ( '', #337 ) ;
#1324 = CARTESIAN_POINT ( 'NONE',  ( 27.00000000000000000, 0.000000000000000000, 0.000000000000000000 ) ) ;
#1325 = ORIENTED_EDGE ( 'NONE', *, *, #37, .F. ) ;
#1326 = MECHANICAL_DESIGN_GEOMETRIC_PRESENTATION_REPRESENTATION (  '', ( #1301 ), #1142 ) ;
#1327 = EDGE_CURVE ( 'NONE', #1032, #1112, #1164, .T. ) ;
#1328 = ORIENTED_EDGE ( 'NONE', *, *, #1570, .T. ) ;
#1329 = CIRCLE ( 'NONE', #1534, 2.100000000000000977 ) ;
#1330 = FACE_OUTER_BOUND ( 'NONE', #553, .T. ) ;
#1331 = LINE ( 'NONE', #1460, #433 ) ;
#1332 = CARTESIAN_POINT ( 'NONE',  ( 13.50000000000000355, 17.50000000000000000, 6.499999999999998224 ) ) ;
#1333 = FACE_OUTER_BOUND ( 'NONE', #575, .T. ) ;
#1334 = CIRCLE ( 'NONE', #1250, 4.000000000000000000 ) ;
#1335 = PRESENTATION_LAYER_ASSIGNMENT (  '', '', ( #879 ) ) ;
#1336 = AXIS2_PLACEMENT_3D ( 'NONE', #1452, #1609, #1366 ) ;
#1337 = MECHANICAL_DESIGN_GEOMETRIC_PRESENTATION_REPRESENTATION (  '', ( #912 ), #1256 ) ;
#1338 = ORIENTED_EDGE ( 'NONE', *, *, #988, .T. ) ;
#1339 =( NAMED_UNIT ( * ) SI_UNIT ( $, .STERADIAN. ) SOLID_ANGLE_UNIT ( ) );
#1340 = DIRECTION ( 'NONE',  ( -0.000000000000000000, -1.000000000000000000, -0.000000000000000000 ) ) ;
#1341 = CYLINDRICAL_SURFACE ( 'NONE', #617, 2.100000000000000977 ) ;
#1342 = DIRECTION ( 'NONE',  ( 0.000000000000000000, 0.000000000000000000, -1.000000000000000000 ) ) ;
#1343 = DIRECTION ( 'NONE',  ( 2.569960705150825398E-16, 0.000000000000000000, 1.000000000000000000 ) ) ;
#1344 = ORIENTED_EDGE ( 'NONE', *, *, #1013, .T. ) ;
#1345 =( NAMED_UNIT ( * ) SI_UNIT ( $, .STERADIAN. ) SOLID_ANGLE_UNIT ( ) );
#1346 =( GEOMETRIC_REPRESENTATION_CONTEXT ( 3 ) GLOBAL_UNCERTAINTY_ASSIGNED_CONTEXT ( ( #624 ) ) GLOBAL_UNIT_ASSIGNED_CONTEXT ( ( #577, #818, #192 ) ) REPRESENTATION_CONTEXT ( 'NONE', 'WORKASPACE' ) );
#1347 = EDGE_CURVE ( 'NONE', #837, #1559, #1194, .T. ) ;
#1348 = DIRECTION ( 'NONE',  ( 0.000000000000000000, 1.000000000000000000, 0.000000000000000000 ) ) ;
#1349 = VERTEX_POINT ( 'NONE', #20 ) ;
#1350 = DIRECTION ( 'NONE',  ( 0.000000000000000000, -1.000000000000000000, 0.000000000000000000 ) ) ;
#1351 = LINE ( 'NONE', #220, #257 ) ;
#1352 =( NAMED_UNIT ( * ) PLANE_ANGLE_UNIT ( ) SI_UNIT ( $, .RADIAN. ) );
#1353 = DIRECTION ( 'NONE',  ( -0.000000000000000000, -1.000000000000000000, -0.000000000000000000 ) ) ;
#1354 = SURFACE_SIDE_STYLE ('',( #351 ) ) ;
#1355 = EDGE_CURVE ( 'NONE', #1112, #630, #1144, .T. ) ;
#1356 = AXIS2_PLACEMENT_3D ( 'NONE', #1374, #1269, #859 ) ;
#1357 = EDGE_LOOP ( 'NONE', ( #1265, #1488, #927, #1641 ) ) ;
#1358 = PRESENTATION_STYLE_ASSIGNMENT (( #1122 ) ) ;
#1359 = COLOUR_RGB ( '',0.6941176470588235059, 0.09803921568627450844, 0.09803921568627450844 ) ;
#1360 = UNCERTAINTY_MEASURE_WITH_UNIT (LENGTH_MEASURE( 1.000000000000000082E-05 ), #523, 'distance_accuracy_value', 'NONE');
#1361 = CARTESIAN_POINT ( 'NONE',  ( 13.50000000000000355, -19.20000000000000284, 13.50000000000000000 ) ) ;
#1362 = SURFACE_STYLE_USAGE ( .BOTH. , #844 ) ;
#1363 = SURFACE_STYLE_USAGE ( .BOTH. , #350 ) ;
#1364 = SURFACE_STYLE_USAGE ( .BOTH. , #1354 ) ;
#1365 = EDGE_LOOP ( 'NONE', ( #967, #1203, #895, #1300 ) ) ;
#1366 = DIRECTION ( 'NONE',  ( 0.000000000000000000, 0.000000000000000000, 1.000000000000000000 ) ) ;
#1367 = DIRECTION ( 'NONE',  ( 0.000000000000000000, -1.000000000000000000, 0.000000000000000000 ) ) ;
#1368 = MECHANICAL_DESIGN_GEOMETRIC_PRESENTATION_REPRESENTATION (  '', ( #466 ), #1346 ) ;
#1369 = ORIENTED_EDGE ( 'NONE', *, *, #477, .T. ) ;
#1370 = EDGE_CURVE ( 'NONE', #65, #705, #1616, .T. ) ;
#1371 = EDGE_CURVE ( 'NONE', #1141, #1112, #190, .T. ) ;
#1372 = UNCERTAINTY_MEASURE_WITH_UNIT (LENGTH_MEASURE( 1.000000000000000082E-05 ), #651, 'distance_accuracy_value', 'NONE');
#1373 =( NAMED_UNIT ( * ) PLANE_ANGLE_UNIT ( ) SI_UNIT ( $, .RADIAN. ) );
#1374 = CARTESIAN_POINT ( 'NONE',  ( 4.000000000000000888, 4.000000000000000000, 4.000000000000000000 ) ) ;
#1375 = CIRCLE ( 'NONE', #1273, 3.000000000000000888 ) ;
#1376 = LINE ( 'NONE', #100, #112 ) ;
#1377 = ORIENTED_EDGE ( 'NONE', *, *, #1275, .F. ) ;
#1378 = STYLED_ITEM ( 'NONE', ( #151 ), #235 ) ;
#1379 =( GEOMETRIC_REPRESENTATION_CONTEXT ( 3 ) GLOBAL_UNCERTAINTY_ASSIGNED_CONTEXT ( ( #609 ) ) GLOBAL_UNIT_ASSIGNED_CONTEXT ( ( #1502, #741, #620 ) ) REPRESENTATION_CONTEXT ( 'NONE', 'WORKASPACE' ) );
#1380 = AXIS2_PLACEMENT_3D ( 'NONE', #1318, #1052, #1042 ) ;
#1381 = STYLED_ITEM ( 'NONE', ( #180 ), #702 ) ;
#1382 = ORIENTED_EDGE ( 'NONE', *, *, #856, .T. ) ;
#1383 = SURFACE_SIDE_STYLE ('',( #97 ) ) ;
#1384 = VECTOR ( 'NONE', #986, 1000.000000000000000 ) ;
#1385 = MECHANICAL_DESIGN_GEOMETRIC_PRESENTATION_REPRESENTATION (  '', ( #246 ), #172 ) ;
#1386 = CARTESIAN_POINT ( 'NONE',  ( 4.500000000000001776, 4.000000000000000000, 2.400000000000003464 ) ) ;
#1387 = ORIENTED_EDGE ( 'NONE', *, *, #477, .F. ) ;
#1388 = UNCERTAINTY_MEASURE_WITH_UNIT (LENGTH_MEASURE( 1.000000000000000082E-05 ), #516, 'distance_accuracy_value', 'NONE');
#1389 = DIRECTION ( 'NONE',  ( 0.000000000000000000, -1.000000000000000000, 0.000000000000000000 ) ) ;
#1390 = CARTESIAN_POINT ( 'NONE',  ( 0.000000000000000000, 0.000000000000000000, 0.000000000000000000 ) ) ;
#1391 = PLANE ( 'NONE',  #114 ) ;
#1392 = CARTESIAN_POINT ( 'NONE',  ( 4.500000000000001776, 4.000000000000000000, 4.500000000000000000 ) ) ;
#1393 = EDGE_CURVE ( 'NONE', #1272, #918, #1119, .T. ) ;
#1394 = ORIENTED_EDGE ( 'NONE', *, *, #830, .T. ) ;
#1395 = FILL_AREA_STYLE_COLOUR ( '', #1143 ) ;
#1396 = DIRECTION ( 'NONE',  ( -0.000000000000000000, -1.000000000000000000, -0.000000000000000000 ) ) ;
#1397 = DIRECTION ( 'NONE',  ( 0.000000000000000000, 0.000000000000000000, 1.000000000000000000 ) ) ;
#1398 = FACE_BOUND ( 'NONE', #127, .T. ) ;
#1399 = FACE_OUTER_BOUND ( 'NONE', #138, .T. ) ;
#1400 = CARTESIAN_POINT ( 'NONE',  ( 13.50000000000000355, 17.50000000000000000, 7.500000000000000000 ) ) ;
#1401 = VERTEX_POINT ( 'NONE', #1315 ) ;
#1402 = AXIS2_PLACEMENT_3D ( 'NONE', #1416, #900, #253 ) ;
#1403 = DIRECTION ( 'NONE',  ( 0.000000000000000000, 0.000000000000000000, -1.000000000000000000 ) ) ;
#1404 = CARTESIAN_POINT ( 'NONE',  ( 13.50000000000000355, -8.500000000000000000, 16.50000000000000000 ) ) ;
#1405 = ORIENTED_EDGE ( 'NONE', *, *, #1550, .F. ) ;
#1406 = CARTESIAN_POINT ( 'NONE',  ( 13.50000000000000355, 0.000000000000000000, 13.50000000000000000 ) ) ;
#1407 = AXIS2_PLACEMENT_3D ( 'NONE', #980, #1247, #600 ) ;
#1408 = DIRECTION ( 'NONE',  ( 0.000000000000000000, 0.000000000000000000, 1.000000000000000000 ) ) ;
#1409 = STYLED_ITEM ( 'NONE', ( #1629 ), #947 ) ;
#1410 = DIRECTION ( 'NONE',  ( 0.000000000000000000, 0.000000000000000000, 1.000000000000000000 ) ) ;
#1411 = CARTESIAN_POINT ( 'NONE',  ( 27.00000000000000000, 0.000000000000000000, 3.999999999999999112 ) ) ;
#1412 = SURFACE_SIDE_STYLE ('',( #1510 ) ) ;
#1413 = ORIENTED_EDGE ( 'NONE', *, *, #628, .F. ) ;
#1414 = SURFACE_SIDE_STYLE ('',( #340 ) ) ;
#1415 = EDGE_CURVE ( 'NONE', #537, #444, #419, .T. ) ;
#1416 = CARTESIAN_POINT ( 'NONE',  ( 13.50000000000000355, 6.000000000000000000, 13.50000000000000000 ) ) ;
#1417 =( NAMED_UNIT ( * ) SI_UNIT ( $, .STERADIAN. ) SOLID_ANGLE_UNIT ( ) );
#1418 =( NAMED_UNIT ( * ) SI_UNIT ( $, .STERADIAN. ) SOLID_ANGLE_UNIT ( ) );
#1419 = VERTEX_POINT ( 'NONE', #858 ) ;
#1420 = DIRECTION ( 'NONE',  ( -0.000000000000000000, -1.000000000000000000, -0.000000000000000000 ) ) ;
#1421 = VECTOR ( 'NONE', #70, 1000.000000000000000 ) ;
#1422 = DIRECTION ( 'NONE',  ( -1.000000000000000000, -0.000000000000000000, -0.000000000000000000 ) ) ;
#1423 = SURFACE_STYLE_FILL_AREA ( #658 ) ;
#1424 = EDGE_CURVE ( 'NONE', #679, #585, #1329, .T. ) ;
#1425 = SURFACE_STYLE_FILL_AREA ( #559 ) ;
#1426 = SURFACE_STYLE_USAGE ( .BOTH. , #1283 ) ;
#1427 = CARTESIAN_POINT ( 'NONE',  ( 27.00000000000000000, 4.000000000000000000, 0.000000000000000000 ) ) ;
#1428 = VERTEX_POINT ( 'NONE', #385 ) ;
#1429 = DIRECTION ( 'NONE',  ( 0.000000000000000000, 0.000000000000000000, 1.000000000000000000 ) ) ;
#1430 = DIRECTION ( 'NONE',  ( -0.000000000000000000, 1.000000000000000000, -0.000000000000000000 ) ) ;
#1431 = ORIENTED_EDGE ( 'NONE', *, *, #884, .T. ) ;
#1432 = CARTESIAN_POINT ( 'NONE',  ( 4.500000000000001776, 4.000000000000000000, 2.400000000000003464 ) ) ;
#1433 = DIRECTION ( 'NONE',  ( 0.000000000000000000, 0.000000000000000000, -1.000000000000000000 ) ) ;
#1434 = ADVANCED_FACE ( 'NONE', ( #31 ), #1168, .F. ) ;
#1435 = CARTESIAN_POINT ( 'NONE',  ( 4.000000000000000888, 0.000000000000000000, 4.000000000000000000 ) ) ;
#1436 = DIRECTION ( 'NONE',  ( 1.000000000000000000, -0.000000000000000000, 1.224646799147353207E-16 ) ) ;
#1437 = MECHANICAL_DESIGN_GEOMETRIC_PRESENTATION_REPRESENTATION (  '', ( #555 ), #195 ) ;
#1438 =( NAMED_UNIT ( * ) SI_UNIT ( $, .STERADIAN. ) SOLID_ANGLE_UNIT ( ) );
#1439 = VECTOR ( 'NONE', #1635, 1000.000000000000000 ) ;
#1440 = STYLED_ITEM ( 'NONE', ( #803 ), #661 ) ;
#1441 = ORIENTED_EDGE ( 'NONE', *, *, #1393, .T. ) ;
#1442 = AXIS2_PLACEMENT_3D ( 'NONE', #282, #1027, #158 ) ;
#1443 = VERTEX_POINT ( 'NONE', #1529 ) ;
#1444 = ORIENTED_EDGE ( 'NONE', *, *, #366, .T. ) ;
#1445 = DIRECTION ( 'NONE',  ( 0.000000000000000000, 0.000000000000000000, 1.000000000000000000 ) ) ;
#1446 = ORIENTED_EDGE ( 'NONE', *, *, #1648, .F. ) ;
#1447 = DIRECTION ( 'NONE',  ( 0.000000000000000000, -1.000000000000000000, 0.000000000000000000 ) ) ;
#1448 = EDGE_CURVE ( 'NONE', #1559, #837, #341, .T. ) ;
#1449 = ORIENTED_EDGE ( 'NONE', *, *, #1587, .F. ) ;
#1450 = ORIENTED_EDGE ( 'NONE', *, *, #913, .T. ) ;
#1451 = SURFACE_SIDE_STYLE ('',( #1075 ) ) ;
#1452 = CARTESIAN_POINT ( 'NONE',  ( 4.500000000000001776, 4.000000000000000000, 4.500000000000000000 ) ) ;
#1453 = DIRECTION ( 'NONE',  ( 0.000000000000000000, 0.000000000000000000, -1.000000000000000000 ) ) ;
#1454 = CARTESIAN_POINT ( 'NONE',  ( 4.499999999999999112, 4.000000000000000000, 20.39999999999999858 ) ) ;
#1455 = SURFACE_SIDE_STYLE ('',( #1472 ) ) ;
#1456 = ORIENTED_EDGE ( 'NONE', *, *, #729, .F. ) ;
#1457 = AXIS2_PLACEMENT_3D ( 'NONE', #378, #1280, #4 ) ;
#1458 = ORIENTED_EDGE ( 'NONE', *, *, #1126, .T. ) ;
#1459 = VECTOR ( 'NONE', #1153, 1000.000000000000000 ) ;
#1460 = CARTESIAN_POINT ( 'NONE',  ( 4.000000000000006217, 4.000000000000000000, 27.00000000000000000 ) ) ;
#1461 = CIRCLE ( 'NONE', #738, 6.000000000000000000 ) ;
#1462 =( NAMED_UNIT ( * ) SI_UNIT ( $, .STERADIAN. ) SOLID_ANGLE_UNIT ( ) );
#1463 = CIRCLE ( 'NONE', #1356, 4.000000000000000000 ) ;
#1464 = VECTOR ( 'NONE', #304, 1000.000000000000000 ) ;
#1465 = ORIENTED_EDGE ( 'NONE', *, *, #1244, .F. ) ;
#1466 = MECHANICAL_DESIGN_GEOMETRIC_PRESENTATION_REPRESENTATION (  '', ( #616 ), #374 ) ;
#1467 = EDGE_LOOP ( 'NONE', ( #1413, #201 ) ) ;
#1468 = ADVANCED_FACE ( 'NONE', ( #901 ), #1564, .T. ) ;
#1469 = FILL_AREA_STYLE_COLOUR ( '', #183 ) ;
#1470 = CARTESIAN_POINT ( 'NONE',  ( 4.500000000000001776, 0.000000000000000000, 4.500000000000000000 ) ) ;
#1471 = DIRECTION ( 'NONE',  ( 0.000000000000000000, 0.000000000000000000, 1.000000000000000000 ) ) ;
#1472 = SURFACE_STYLE_FILL_AREA ( #1094 ) ;
#1473 =( NAMED_UNIT ( * ) SI_UNIT ( $, .STERADIAN. ) SOLID_ANGLE_UNIT ( ) );
#1474 = EDGE_LOOP ( 'NONE', ( #937, #814 ) ) ;
#1475 = LINE ( 'NONE', #1243, #75 ) ;
#1476 = DIRECTION ( 'NONE',  ( 0.000000000000000000, -1.000000000000000000, 0.000000000000000000 ) ) ;
#1477 = DIRECTION ( 'NONE',  ( 0.000000000000000000, 0.000000000000000000, 1.000000000000000000 ) ) ;
#1478 = ADVANCED_FACE ( 'NONE', ( #765 ), #643, .F. ) ;
#1479 = COLOUR_RGB ( '',0.6941176470588235059, 0.09803921568627450844, 0.09803921568627450844 ) ;
#1480 = FACE_OUTER_BOUND ( 'NONE', #655, .T. ) ;
#1481 = EDGE_LOOP ( 'NONE', ( #179, #497, #1498, #1369 ) ) ;
#1482 = VERTEX_POINT ( 'NONE', #1567 ) ;
#1483 = CIRCLE ( 'NONE', #45, 2.500000000000000444 ) ;
#1484 = COLOUR_RGB ( '',0.6941176470588235059, 0.09803921568627450844, 0.09803921568627450844 ) ;
#1485 = PLANE ( 'NONE',  #718 ) ;
#1486 = PRESENTATION_STYLE_ASSIGNMENT (( #479 ) ) ;
#1487 = FILL_AREA_STYLE ('',( #847 ) ) ;
#1488 = ORIENTED_EDGE ( 'NONE', *, *, #1355, .T. ) ;
#1489 = ORIENTED_EDGE ( 'NONE', *, *, #594, .T. ) ;
#1490 = UNCERTAINTY_MEASURE_WITH_UNIT (LENGTH_MEASURE( 1.000000000000000082E-05 ), #1294, 'distance_accuracy_value', 'NONE');
#1491 = FILL_AREA_STYLE ('',( #1395 ) ) ;
#1492 = PRESENTATION_LAYER_ASSIGNMENT (  '', '', ( #1515 ) ) ;
#1493 = AXIS2_PLACEMENT_3D ( 'NONE', #153, #1157, #159 ) ;
#1494 = UNCERTAINTY_MEASURE_WITH_UNIT (LENGTH_MEASURE( 1.000000000000000082E-05 ), #347, 'distance_accuracy_value', 'NONE');
#1495 = CARTESIAN_POINT ( 'NONE',  ( 4.000000000000000888, 0.000000000000000000, 0.000000000000000000 ) ) ;
#1496 = DIRECTION ( 'NONE',  ( 0.000000000000000000, -1.000000000000000000, 0.000000000000000000 ) ) ;
#1497 = CARTESIAN_POINT ( 'NONE',  ( 13.50000000000000355, -8.500000000000000000, 6.500000000000000000 ) ) ;
#1498 = ORIENTED_EDGE ( 'NONE', *, *, #558, .T. ) ;
#1499 = ADVANCED_FACE ( 'NONE', ( #1057 ), #66, .F. ) ;
#1500 = ORIENTED_EDGE ( 'NONE', *, *, #1183, .T. ) ;
#1501 = MECHANICAL_DESIGN_GEOMETRIC_PRESENTATION_REPRESENTATION (  '', ( #860 ), #275 ) ;
#1502 =( LENGTH_UNIT ( ) NAMED_UNIT ( * ) SI_UNIT ( .MILLI., .METRE. ) );
#1503 = LINE ( 'NONE', #362, #1201 ) ;
#1504 = EDGE_LOOP ( 'NONE', ( #1320, #1387, #128, #1514 ) ) ;
#1505 = VERTEX_POINT ( 'NONE', #1064 ) ;
#1506 = UNCERTAINTY_MEASURE_WITH_UNIT (LENGTH_MEASURE( 1.000000000000000082E-05 ), #1030, 'distance_accuracy_value', 'NONE');
#1507 = MECHANICAL_DESIGN_GEOMETRIC_PRESENTATION_REPRESENTATION (  '', ( #1091 ), #786 ) ;
#1508 = DIRECTION ( 'NONE',  ( 0.000000000000000000, 1.000000000000000000, 0.000000000000000000 ) ) ;
#1509 = DIRECTION ( 'NONE',  ( -0.000000000000000000, -1.000000000000000000, -0.000000000000000000 ) ) ;
#1510 = SURFACE_STYLE_FILL_AREA ( #1009 ) ;
#1511 = ORIENTED_EDGE ( 'NONE', *, *, #1244, .T. ) ;
#1512 = COLOUR_RGB ( '',0.6941176470588235059, 0.09803921568627450844, 0.09803921568627450844 ) ;
#1513 = MECHANICAL_DESIGN_GEOMETRIC_PRESENTATION_REPRESENTATION (  '', ( #1381 ), #638 ) ;
#1514 = ORIENTED_EDGE ( 'NONE', *, *, #1054, .F. ) ;
#1515 = STYLED_ITEM ( 'NONE', ( #800 ), #957 ) ;
#1516 = ADVANCED_FACE ( 'NONE', ( #576 ), #557, .F. ) ;
#1517 = SURFACE_STYLE_FILL_AREA ( #500 ) ;
#1518 = ORIENTED_EDGE ( 'NONE', *, *, #1327, .F. ) ;
#1519 = ORIENTED_EDGE ( 'NONE', *, *, #1175, .T. ) ;
#1520 = PLANE ( 'NONE',  #790 ) ;
#1521 = ORIENTED_EDGE ( 'NONE', *, *, #227, .F. ) ;
#1522 = FILL_AREA_STYLE ('',( #778 ) ) ;
#1523 = SURFACE_STYLE_FILL_AREA ( #915 ) ;
#1524 = EDGE_CURVE ( 'NONE', #319, #3, #838, .T. ) ;
#1525 = FACE_BOUND ( 'NONE', #463, .T. ) ;
#1526 = SURFACE_SIDE_STYLE ('',( #265 ) ) ;
#1527 = SURFACE_STYLE_USAGE ( .BOTH. , #1195 ) ;
#1528 = VERTEX_POINT ( 'NONE', #797 ) ;
#1529 = CARTESIAN_POINT ( 'NONE',  ( 23.00000000000000000, 4.000000000000000000, 0.000000000000000000 ) ) ;
#1530 = PRESENTATION_STYLE_ASSIGNMENT (( #1426 ) ) ;
#1531 = ADVANCED_FACE ( 'NONE', ( #1624 ), #365, .F. ) ;
#1532 = CARTESIAN_POINT ( 'NONE',  ( 4.500000000000001776, 0.000000000000000000, 6.599999999999996092 ) ) ;
#1533 = ORIENTED_EDGE ( 'NONE', *, *, #1415, .T. ) ;
#1534 = AXIS2_PLACEMENT_3D ( 'NONE', #520, #668, #149 ) ;
#1535 =( NAMED_UNIT ( * ) PLANE_ANGLE_UNIT ( ) SI_UNIT ( $, .RADIAN. ) );
#1536 = PRODUCT_DEFINITION_CONTEXT ( 'detailed design', #431, 'design' ) ;
#1537 = CIRCLE ( 'NONE', #1096, 2.100000000000000089 ) ;
#1538 =( NAMED_UNIT ( * ) SI_UNIT ( $, .STERADIAN. ) SOLID_ANGLE_UNIT ( ) );
#1539 =( LENGTH_UNIT ( ) NAMED_UNIT ( * ) SI_UNIT ( .MILLI., .METRE. ) );
#1540 = COLOUR_RGB ( '',0.6941176470588235059, 0.09803921568627450844, 0.09803921568627450844 ) ;
#1541 = DIRECTION ( 'NONE',  ( -0.000000000000000000, -1.000000000000000000, -0.000000000000000000 ) ) ;
#1542 = MECHANICAL_DESIGN_GEOMETRIC_PRESENTATION_REPRESENTATION (  '', ( #1409 ), #775 ) ;
#1543 =( NAMED_UNIT ( * ) SI_UNIT ( $, .STERADIAN. ) SOLID_ANGLE_UNIT ( ) );
#1544 = FILL_AREA_STYLE ('',( #1148 ) ) ;
#1545 = COLOUR_RGB ( '',0.7921568627450980005, 0.8196078431372548767, 0.9333333333333333481 ) ;
#1546 = AXIS2_PLACEMENT_3D ( 'NONE', #697, #801, #685 ) ;
#1547 = LINE ( 'NONE', #27, #1595 ) ;
#1548 = PRODUCT_CONTEXT ( 'NONE', #823, 'mechanical' ) ;
#1549 = EDGE_CURVE ( 'NONE', #1068, #1259, #1475, .T. ) ;
#1550 = EDGE_CURVE ( 'NONE', #1505, #1068, #1483, .T. ) ;
#1551 = DIRECTION ( 'NONE',  ( 0.000000000000000000, -1.000000000000000000, 0.000000000000000000 ) ) ;
#1552 = SURFACE_SIDE_STYLE ('',( #1523 ) ) ;
#1553 = FILL_AREA_STYLE ('',( #299 ) ) ;
#1554 = CARTESIAN_POINT ( 'NONE',  ( 4.500000000000001776, 4.000000000000000000, 6.599999999999996092 ) ) ;
#1555 =( NAMED_UNIT ( * ) PLANE_ANGLE_UNIT ( ) SI_UNIT ( $, .RADIAN. ) );
#1556 = SURFACE_STYLE_USAGE ( .BOTH. , #1561 ) ;
#1557 = DIRECTION ( 'NONE',  ( 0.000000000000000000, 0.000000000000000000, 1.000000000000000000 ) ) ;
#1558 = CIRCLE ( 'NONE', #1266, 2.099999999999996980 ) ;
#1559 = VERTEX_POINT ( 'NONE', #217 ) ;
#1560 = DIRECTION ( 'NONE',  ( 0.000000000000000000, 1.000000000000000000, 0.000000000000000000 ) ) ;
#1561 = SURFACE_SIDE_STYLE ('',( #7 ) ) ;
#1562 = SURFACE_STYLE_FILL_AREA ( #16 ) ;
#1563 = CARTESIAN_POINT ( 'NONE',  ( 0.000000000000000000, 0.000000000000000000, 0.000000000000000000 ) ) ;
#1564 = CONICAL_SURFACE ( 'NONE', #846, 2.500000000000000444, 0.7853981633974452814 ) ;
#1565 =( GEOMETRIC_REPRESENTATION_CONTEXT ( 3 ) GLOBAL_UNCERTAINTY_ASSIGNED_CONTEXT ( ( #982 ) ) GLOBAL_UNIT_ASSIGNED_CONTEXT ( ( #920, #518, #908 ) ) REPRESENTATION_CONTEXT ( 'NONE', 'WORKASPACE' ) );
#1566 = VERTEX_POINT ( 'NONE', #602 ) ;
#1567 = CARTESIAN_POINT ( 'NONE',  ( 13.50000000000000355, 17.50000000000000000, 7.500000000000000000 ) ) ;
#1568 = DIRECTION ( 'NONE',  ( 0.000000000000000000, 1.000000000000000000, 0.000000000000000000 ) ) ;
#1569 = AXIS2_PLACEMENT_3D ( 'NONE', #754, #368, #865 ) ;
#1570 = EDGE_CURVE ( 'NONE', #58, #950, #639, .T. ) ;
#1571 = FACE_BOUND ( 'NONE', #1159, .T. ) ;
#1572 = CIRCLE ( 'NONE', #1596, 7.000000000000000888 ) ;
#1573 = ORIENTED_EDGE ( 'NONE', *, *, #388, .F. ) ;
#1574 = MECHANICAL_DESIGN_GEOMETRIC_PRESENTATION_REPRESENTATION (  '', ( #1044 ), #909 ) ;
#1575 = ORIENTED_EDGE ( 'NONE', *, *, #227, .T. ) ;
#1576 = ORIENTED_EDGE ( 'NONE', *, *, #1570, .F. ) ;
#1577 = SURFACE_STYLE_USAGE ( .BOTH. , #1076 ) ;
#1578 = DIRECTION ( 'NONE',  ( 0.000000000000000000, 0.7071067811865496822, 0.7071067811865454633 ) ) ;
#1579 = DIRECTION ( 'NONE',  ( -1.284980352575412699E-16, -0.000000000000000000, -1.000000000000000000 ) ) ;
#1580 = VERTEX_POINT ( 'NONE', #2 ) ;
#1581 = FILL_AREA_STYLE_COLOUR ( '', #396 ) ;
#1582 = PRESENTATION_LAYER_ASSIGNMENT (  '', '', ( #491 ) ) ;
#1583 = CARTESIAN_POINT ( 'NONE',  ( 13.50000000000000355, -8.500000000000000000, 13.50000000000000000 ) ) ;
#1584 = CYLINDRICAL_SURFACE ( 'NONE', #1073, 4.000000000000000000 ) ;
#1585 = SURFACE_SIDE_STYLE ('',( #441 ) ) ;
#1586 = PRESENTATION_STYLE_ASSIGNMENT (( #208 ) ) ;
#1587 = EDGE_CURVE ( 'NONE', #1349, #691, #171, .T. ) ;
#1588 = STYLED_ITEM ( 'NONE', ( #1304 ), #1478 ) ;
#1589 = ORIENTED_EDGE ( 'NONE', *, *, #1524, .T. ) ;
#1590 = STYLED_ITEM ( 'NONE', ( #1048 ), #1434 ) ;
#1591 = FILL_AREA_STYLE ('',( #1581 ) ) ;
#1592 = SURFACE_STYLE_FILL_AREA ( #952 ) ;
#1593 = DIRECTION ( 'NONE',  ( 0.000000000000000000, 0.000000000000000000, -1.000000000000000000 ) ) ;
#1594 =( GEOMETRIC_REPRESENTATION_CONTEXT ( 3 ) GLOBAL_UNCERTAINTY_ASSIGNED_CONTEXT ( ( #248 ) ) GLOBAL_UNIT_ASSIGNED_CONTEXT ( ( #370, #654, #1139 ) ) REPRESENTATION_CONTEXT ( 'NONE', 'WORKASPACE' ) );
#1595 = VECTOR ( 'NONE', #44, 1000.000000000000000 ) ;
#1596 = AXIS2_PLACEMENT_3D ( 'NONE', #349, #1611, #1471 ) ;
#1597 = AXIS2_PLACEMENT_3D ( 'NONE', #515, #916, #1410 ) ;
#1598 = ADVANCED_FACE ( 'NONE', ( #993, #511 ), #1520, .T. ) ;
#1599 = ORIENTED_EDGE ( 'NONE', *, *, #1415, .F. ) ;
#1600 = DIRECTION ( 'NONE',  ( 0.000000000000000000, -0.000000000000000000, 1.000000000000000000 ) ) ;
#1601 = CARTESIAN_POINT ( 'NONE',  ( 27.00000000000000000, 4.000000000000000000, 3.999999999999999112 ) ) ;
#1602 = DIRECTION ( 'NONE',  ( 0.000000000000000000, 0.000000000000000000, 1.000000000000000000 ) ) ;
#1603 = CARTESIAN_POINT ( 'NONE',  ( 13.50000000000000355, -8.500000000000000000, 13.50000000000000000 ) ) ;
#1604 = VERTEX_POINT ( 'NONE', #1404 ) ;
#1605 = AXIS2_PLACEMENT_3D ( 'NONE', #1058, #1187, #923 ) ;
#1606 = ORIENTED_EDGE ( 'NONE', *, *, #1208, .T. ) ;
#1607 = SURFACE_STYLE_FILL_AREA ( #458 ) ;
#1608 = UNCERTAINTY_MEASURE_WITH_UNIT (LENGTH_MEASURE( 1.000000000000000082E-05 ), #107, 'distance_accuracy_value', 'NONE');
#1609 = DIRECTION ( 'NONE',  ( 0.000000000000000000, 1.000000000000000000, 0.000000000000000000 ) ) ;
#1610 = AXIS2_PLACEMENT_3D ( 'NONE', #1041, #955, #701 ) ;
#1611 = DIRECTION ( 'NONE',  ( 0.000000000000000000, 1.000000000000000000, 0.000000000000000000 ) ) ;
#1612 = CARTESIAN_POINT ( 'NONE',  ( 4.000000000000006217, 4.000000000000000000, 23.00000000000000000 ) ) ;
#1613 =( NAMED_UNIT ( * ) PLANE_ANGLE_UNIT ( ) SI_UNIT ( $, .RADIAN. ) );
#1614 = ORIENTED_EDGE ( 'NONE', *, *, #1155, .T. ) ;
#1615 = DIRECTION ( 'NONE',  ( -0.000000000000000000, -1.000000000000000000, -0.000000000000000000 ) ) ;
#1616 = CIRCLE ( 'NONE', #898, 7.000000000000000000 ) ;
#1617 = SURFACE_SIDE_STYLE ('',( #1240 ) ) ;
#1618 = EDGE_CURVE ( 'NONE', #1482, #1185, #137, .T. ) ;
#1619 = CARTESIAN_POINT ( 'NONE',  ( 23.00000000000000355, 4.000000000000000000, 27.00000000000000000 ) ) ;
#1620 = SURFACE_STYLE_FILL_AREA ( #992 ) ;
#1621 = ORIENTED_EDGE ( 'NONE', *, *, #358, .F. ) ;
#1622 = UNCERTAINTY_MEASURE_WITH_UNIT (LENGTH_MEASURE( 1.000000000000000082E-05 ), #713, 'distance_accuracy_value', 'NONE');
#1623 = CIRCLE ( 'NONE', #245, 2.100000000000000089 ) ;
#1624 = FACE_OUTER_BOUND ( 'NONE', #595, .T. ) ;
#1625 = STYLED_ITEM ( 'NONE', ( #1015 ), #1239 ) ;
#1626 = COLOUR_RGB ( '',0.6941176470588235059, 0.09803921568627450844, 0.09803921568627450844 ) ;
#1627 = UNCERTAINTY_MEASURE_WITH_UNIT (LENGTH_MEASURE( 1.000000000000000082E-05 ), #517, 'distance_accuracy_value', 'NONE');
#1628 = FILL_AREA_STYLE_COLOUR ( '', #1540 ) ;
#1629 = PRESENTATION_STYLE_ASSIGNMENT (( #1363 ) ) ;
#1630 = DIRECTION ( 'NONE',  ( 0.000000000000000000, 0.000000000000000000, -1.000000000000000000 ) ) ;
#1631 = ORIENTED_EDGE ( 'NONE', *, *, #613, .F. ) ;
#1632 = ORIENTED_EDGE ( 'NONE', *, *, #1013, .F. ) ;
#1633 = ORIENTED_EDGE ( 'NONE', *, *, #680, .T. ) ;
#1634 = FACE_BOUND ( 'NONE', #1467, .T. ) ;
#1635 = DIRECTION ( 'NONE',  ( -0.000000000000000000, 1.000000000000000000, -0.000000000000000000 ) ) ;
#1636 = ORIENTED_EDGE ( 'NONE', *, *, #1126, .F. ) ;
#1637 =( NAMED_UNIT ( * ) SI_UNIT ( $, .STERADIAN. ) SOLID_ANGLE_UNIT ( ) );
#1638 =( GEOMETRIC_REPRESENTATION_CONTEXT ( 3 ) GLOBAL_UNCERTAINTY_ASSIGNED_CONTEXT ( ( #1133 ) ) GLOBAL_UNIT_ASSIGNED_CONTEXT ( ( #198, #64, #1345 ) ) REPRESENTATION_CONTEXT ( 'NONE', 'WORKASPACE' ) );
#1639 = EDGE_LOOP ( 'NONE', ( #35, #29, #1518, #1382, #1081, #1575, #974, #880 ) ) ;
#1640 = EDGE_CURVE ( 'NONE', #1401, #38, #318, .T. ) ;
#1641 = ORIENTED_EDGE ( 'NONE', *, *, #1054, .T. ) ;
#1642 = UNCERTAINTY_MEASURE_WITH_UNIT (LENGTH_MEASURE( 1.000000000000000082E-05 ), #1212, 'distance_accuracy_value', 'NONE');
#1643 = CARTESIAN_POINT ( 'NONE',  ( 13.50000000000000355, -19.20000000000000284, 10.49999999999999822 ) ) ;
#1644 = ORIENTED_EDGE ( 'NONE', *, *, #1245, .T. ) ;
#1645 = PRESENTATION_LAYER_ASSIGNMENT (  '', '', ( #1016 ) ) ;
#1646 = CIRCLE ( 'NONE', #373, 4.000000000000000000 ) ;
#1647 = MECHANICAL_DESIGN_GEOMETRIC_PRESENTATION_REPRESENTATION (  '', ( #1308 ), #940 ) ;
#1648 = EDGE_CURVE ( 'NONE', #647, #1010, #174, .T. ) ;
#1649 = DIRECTION ( 'NONE',  ( 0.000000000000000000, 0.000000000000000000, -1.000000000000000000 ) ) ;
#1650 = SURFACE_SIDE_STYLE ('',( #398 ) ) ;
#1651 =( NAMED_UNIT ( * ) PLANE_ANGLE_UNIT ( ) SI_UNIT ( $, .RADIAN. ) );
#1652 = SURFACE_STYLE_FILL_AREA ( #1544 ) ;
ENDSEC;
END-ISO-10303-21;
