ISO-10303-21;
HEADER;
/* Generated by software containing ST-Developer
 * from STEP Tools, Inc. (www.steptools.com) 
 */
/* OPTION: using custom renumber hook */

FILE_DESCRIPTION(
/* description */ ('STEP AP214'),
/* implementation_level */ '2;1');

FILE_NAME(
/* name */ 'TFM-110-02-S-D-A',
/* time_stamp */ '2024-08-24T22:46:16+02:00',
/* author */ ('License CC BY-ND 4.0'),
/* organization */ ('CADENAS'),
/* preprocessor_version */ 'ST-DEVELOPER v19.3',
/* originating_system */ 'PARTsolutions',
/* authorisation */ '  ');

FILE_SCHEMA (('AUTOMOTIVE_DESIGN {1 0 10303 214 3 1 1}'));
ENDSEC;

DATA;
#10=PROPERTY_DEFINITION_REPRESENTATION(#14,#12);
#11=PROPERTY_DEFINITION_REPRESENTATION(#15,#13);
#12=REPRESENTATION('',(#16),#8092);
#13=REPRESENTATION('',(#17),#8092);
#14=PROPERTY_DEFINITION('pmi validation property','',#8106);
#15=PROPERTY_DEFINITION('pmi validation property','',#8106);
#16=VALUE_REPRESENTATION_ITEM('number of annotations',COUNT_MEASURE(0.));
#17=VALUE_REPRESENTATION_ITEM('number of views',COUNT_MEASURE(0.));
#18=CONTEXT_DEPENDENT_SHAPE_REPRESENTATION(#24,#8108);
#19=CONTEXT_DEPENDENT_SHAPE_REPRESENTATION(#25,#8110);
#20=CONTEXT_DEPENDENT_SHAPE_REPRESENTATION(#26,#8112);
#21=NEXT_ASSEMBLY_USAGE_OCCURRENCE('NAUO1','TFM-110-02-L-D-A_terminal',
'TFM-110-02-L-D-A_terminal',#8113,#8114,'');
#22=NEXT_ASSEMBLY_USAGE_OCCURRENCE('NAUO2','TFM-110-02-L-D-L_pins',
'TFM-110-02-L-D-L_pins',#8113,#8115,'');
#23=NEXT_ASSEMBLY_USAGE_OCCURRENCE('NAUO3','TFM-110-02-L-D-S-2_pins',
'TFM-110-02-L-D-S-2_pins',#8113,#8116,'');
#24=(
REPRESENTATION_RELATIONSHIP(' ',' ',#4943,#4942)
REPRESENTATION_RELATIONSHIP_WITH_TRANSFORMATION(#27)
SHAPE_REPRESENTATION_RELATIONSHIP()
);
#25=(
REPRESENTATION_RELATIONSHIP(' ',' ',#4944,#4942)
REPRESENTATION_RELATIONSHIP_WITH_TRANSFORMATION(#28)
SHAPE_REPRESENTATION_RELATIONSHIP()
);
#26=(
REPRESENTATION_RELATIONSHIP(' ',' ',#4945,#4942)
REPRESENTATION_RELATIONSHIP_WITH_TRANSFORMATION(#29)
SHAPE_REPRESENTATION_RELATIONSHIP()
);
#27=ITEM_DEFINED_TRANSFORMATION(' ',' ',#4946,#4997);
#28=ITEM_DEFINED_TRANSFORMATION(' ',' ',#4946,#5084);
#29=ITEM_DEFINED_TRANSFORMATION(' ',' ',#4946,#5339);
#30=SHAPE_REPRESENTATION_RELATIONSHIP('','',#4943,#33);
#31=SHAPE_REPRESENTATION_RELATIONSHIP('','',#4944,#34);
#32=SHAPE_REPRESENTATION_RELATIONSHIP('','',#4945,#35);
#33=ADVANCED_BREP_SHAPE_REPRESENTATION('',(#4935),#8093);
#34=ADVANCED_BREP_SHAPE_REPRESENTATION('',(#4936),#8094);
#35=ADVANCED_BREP_SHAPE_REPRESENTATION('',(#4937),#8095);
#36=SPHERICAL_SURFACE('',#4993,0.025);
#37=SPHERICAL_SURFACE('',#4994,0.0250000000000001);
#38=CYLINDRICAL_SURFACE('',#4991,0.025);
#39=CYLINDRICAL_SURFACE('',#4996,0.025);
#40=CYLINDRICAL_SURFACE('',#5023,0.009);
#41=CYLINDRICAL_SURFACE('',#5025,0.009);
#42=CYLINDRICAL_SURFACE('',#5027,0.009);
#43=CYLINDRICAL_SURFACE('',#5029,0.009);
#44=CYLINDRICAL_SURFACE('',#5031,0.009);
#45=CYLINDRICAL_SURFACE('',#5033,0.009);
#46=CYLINDRICAL_SURFACE('',#5035,0.009);
#47=CYLINDRICAL_SURFACE('',#5037,0.009);
#48=CYLINDRICAL_SURFACE('',#5039,0.009);
#49=CYLINDRICAL_SURFACE('',#5041,0.009);
#50=CYLINDRICAL_SURFACE('',#5043,0.009);
#51=CYLINDRICAL_SURFACE('',#5045,0.009);
#52=CYLINDRICAL_SURFACE('',#5047,0.009);
#53=CYLINDRICAL_SURFACE('',#5049,0.009);
#54=CYLINDRICAL_SURFACE('',#5051,0.009);
#55=CYLINDRICAL_SURFACE('',#5053,0.009);
#56=CYLINDRICAL_SURFACE('',#5055,0.009);
#57=CYLINDRICAL_SURFACE('',#5057,0.009);
#58=CYLINDRICAL_SURFACE('',#5059,0.009);
#59=CYLINDRICAL_SURFACE('',#5061,0.009);
#60=CYLINDRICAL_SURFACE('',#5272,0.005);
#61=CYLINDRICAL_SURFACE('',#5274,0.005);
#62=CYLINDRICAL_SURFACE('',#5276,0.005);
#63=CYLINDRICAL_SURFACE('',#5278,0.005);
#64=CYLINDRICAL_SURFACE('',#5280,0.005);
#65=CYLINDRICAL_SURFACE('',#5282,0.005);
#66=CYLINDRICAL_SURFACE('',#5284,0.005);
#67=CYLINDRICAL_SURFACE('',#5286,0.005);
#68=CYLINDRICAL_SURFACE('',#5288,0.005);
#69=CYLINDRICAL_SURFACE('',#5290,0.005);
#70=CYLINDRICAL_SURFACE('',#5294,0.01);
#71=CYLINDRICAL_SURFACE('',#5295,0.01);
#72=CYLINDRICAL_SURFACE('',#5296,0.01);
#73=CYLINDRICAL_SURFACE('',#5297,0.01);
#74=CYLINDRICAL_SURFACE('',#5298,0.01);
#75=CYLINDRICAL_SURFACE('',#5299,0.01);
#76=CYLINDRICAL_SURFACE('',#5300,0.01);
#77=CYLINDRICAL_SURFACE('',#5301,0.01);
#78=CYLINDRICAL_SURFACE('',#5302,0.01);
#79=CYLINDRICAL_SURFACE('',#5303,0.01);
#80=CYLINDRICAL_SURFACE('',#5304,0.01);
#81=CYLINDRICAL_SURFACE('',#5306,0.01);
#82=CYLINDRICAL_SURFACE('',#5307,0.01);
#83=CYLINDRICAL_SURFACE('',#5308,0.01);
#84=CYLINDRICAL_SURFACE('',#5309,0.01);
#85=CYLINDRICAL_SURFACE('',#5310,0.01);
#86=CYLINDRICAL_SURFACE('',#5311,0.01);
#87=CYLINDRICAL_SURFACE('',#5312,0.01);
#88=CYLINDRICAL_SURFACE('',#5313,0.01);
#89=CYLINDRICAL_SURFACE('',#5314,0.01);
#90=CYLINDRICAL_SURFACE('',#5316,0.00500000000000001);
#91=CYLINDRICAL_SURFACE('',#5317,0.00500000000000001);
#92=CYLINDRICAL_SURFACE('',#5318,0.00500000000000001);
#93=CYLINDRICAL_SURFACE('',#5319,0.00500000000000001);
#94=CYLINDRICAL_SURFACE('',#5320,0.00500000000000001);
#95=CYLINDRICAL_SURFACE('',#5321,0.00500000000000001);
#96=CYLINDRICAL_SURFACE('',#5322,0.00500000000000001);
#97=CYLINDRICAL_SURFACE('',#5323,0.00500000000000001);
#98=CYLINDRICAL_SURFACE('',#5324,0.00500000000000001);
#99=CYLINDRICAL_SURFACE('',#5336,0.00500000000000001);
#100=LINE('',#6686,#653);
#101=LINE('',#6688,#654);
#102=LINE('',#6690,#655);
#103=LINE('',#6692,#656);
#104=LINE('',#6697,#657);
#105=LINE('',#6699,#658);
#106=LINE('',#6701,#659);
#107=LINE('',#6703,#660);
#108=LINE('',#6706,#661);
#109=LINE('',#6708,#662);
#110=LINE('',#6710,#663);
#111=LINE('',#6712,#664);
#112=LINE('',#6715,#665);
#113=LINE('',#6717,#666);
#114=LINE('',#6719,#667);
#115=LINE('',#6721,#668);
#116=LINE('',#6724,#669);
#117=LINE('',#6726,#670);
#118=LINE('',#6728,#671);
#119=LINE('',#6730,#672);
#120=LINE('',#6732,#673);
#121=LINE('',#6734,#674);
#122=LINE('',#6736,#675);
#123=LINE('',#6738,#676);
#124=LINE('',#6740,#677);
#125=LINE('',#6742,#678);
#126=LINE('',#6744,#679);
#127=LINE('',#6747,#680);
#128=LINE('',#6749,#681);
#129=LINE('',#6751,#682);
#130=LINE('',#6753,#683);
#131=LINE('',#6755,#684);
#132=LINE('',#6757,#685);
#133=LINE('',#6759,#686);
#134=LINE('',#6761,#687);
#135=LINE('',#6763,#688);
#136=LINE('',#6764,#689);
#137=LINE('',#6765,#690);
#138=LINE('',#6766,#691);
#139=LINE('',#6767,#692);
#140=LINE('',#6769,#693);
#141=LINE('',#6771,#694);
#142=LINE('',#6773,#695);
#143=LINE('',#6775,#696);
#144=LINE('',#6776,#697);
#145=LINE('',#6777,#698);
#146=LINE('',#6779,#699);
#147=LINE('',#6781,#700);
#148=LINE('',#6783,#701);
#149=LINE('',#6785,#702);
#150=LINE('',#6786,#703);
#151=LINE('',#6788,#704);
#152=LINE('',#6790,#705);
#153=LINE('',#6792,#706);
#154=LINE('',#6793,#707);
#155=LINE('',#6795,#708);
#156=LINE('',#6798,#709);
#157=LINE('',#6799,#710);
#158=LINE('',#6801,#711);
#159=LINE('',#6803,#712);
#160=LINE('',#6805,#713);
#161=LINE('',#6807,#714);
#162=LINE('',#6808,#715);
#163=LINE('',#6810,#716);
#164=LINE('',#6812,#717);
#165=LINE('',#6814,#718);
#166=LINE('',#6815,#719);
#167=LINE('',#6817,#720);
#168=LINE('',#6820,#721);
#169=LINE('',#6822,#722);
#170=LINE('',#6824,#723);
#171=LINE('',#6826,#724);
#172=LINE('',#6828,#725);
#173=LINE('',#6829,#726);
#174=LINE('',#6831,#727);
#175=LINE('',#6834,#728);
#176=LINE('',#6836,#729);
#177=LINE('',#6838,#730);
#178=LINE('',#6839,#731);
#179=LINE('',#6841,#732);
#180=LINE('',#6845,#733);
#181=LINE('',#6847,#734);
#182=LINE('',#6849,#735);
#183=LINE('',#6851,#736);
#184=LINE('',#6853,#737);
#185=LINE('',#6855,#738);
#186=LINE('',#6857,#739);
#187=LINE('',#6859,#740);
#188=LINE('',#6861,#741);
#189=LINE('',#6863,#742);
#190=LINE('',#6865,#743);
#191=LINE('',#6866,#744);
#192=LINE('',#6870,#745);
#193=LINE('',#6872,#746);
#194=LINE('',#6875,#747);
#195=LINE('',#6876,#748);
#196=LINE('',#6878,#749);
#197=LINE('',#6880,#750);
#198=LINE('',#6882,#751);
#199=LINE('',#6884,#752);
#200=LINE('',#6886,#753);
#201=LINE('',#6888,#754);
#202=LINE('',#6890,#755);
#203=LINE('',#6892,#756);
#204=LINE('',#6898,#757);
#205=LINE('',#6910,#758);
#206=LINE('',#6913,#759);
#207=LINE('',#6915,#760);
#208=LINE('',#6917,#761);
#209=LINE('',#6919,#762);
#210=LINE('',#6922,#763);
#211=LINE('',#6924,#764);
#212=LINE('',#6926,#765);
#213=LINE('',#6928,#766);
#214=LINE('',#6929,#767);
#215=LINE('',#6931,#768);
#216=LINE('',#6932,#769);
#217=LINE('',#7057,#770);
#218=LINE('',#7060,#771);
#219=LINE('',#7062,#772);
#220=LINE('',#7064,#773);
#221=LINE('',#7066,#774);
#222=LINE('',#7068,#775);
#223=LINE('',#7070,#776);
#224=LINE('',#7072,#777);
#225=LINE('',#7074,#778);
#226=LINE('',#7076,#779);
#227=LINE('',#7078,#780);
#228=LINE('',#7080,#781);
#229=LINE('',#7082,#782);
#230=LINE('',#7085,#783);
#231=LINE('',#7087,#784);
#232=LINE('',#7089,#785);
#233=LINE('',#7091,#786);
#234=LINE('',#7093,#787);
#235=LINE('',#7095,#788);
#236=LINE('',#7097,#789);
#237=LINE('',#7099,#790);
#238=LINE('',#7101,#791);
#239=LINE('',#7103,#792);
#240=LINE('',#7105,#793);
#241=LINE('',#7107,#794);
#242=LINE('',#7108,#795);
#243=LINE('',#7110,#796);
#244=LINE('',#7111,#797);
#245=LINE('',#7113,#798);
#246=LINE('',#7116,#799);
#247=LINE('',#7118,#800);
#248=LINE('',#7120,#801);
#249=LINE('',#7122,#802);
#250=LINE('',#7125,#803);
#251=LINE('',#7127,#804);
#252=LINE('',#7129,#805);
#253=LINE('',#7131,#806);
#254=LINE('',#7134,#807);
#255=LINE('',#7136,#808);
#256=LINE('',#7138,#809);
#257=LINE('',#7140,#810);
#258=LINE('',#7143,#811);
#259=LINE('',#7145,#812);
#260=LINE('',#7147,#813);
#261=LINE('',#7149,#814);
#262=LINE('',#7152,#815);
#263=LINE('',#7154,#816);
#264=LINE('',#7156,#817);
#265=LINE('',#7158,#818);
#266=LINE('',#7161,#819);
#267=LINE('',#7163,#820);
#268=LINE('',#7165,#821);
#269=LINE('',#7167,#822);
#270=LINE('',#7170,#823);
#271=LINE('',#7172,#824);
#272=LINE('',#7174,#825);
#273=LINE('',#7176,#826);
#274=LINE('',#7179,#827);
#275=LINE('',#7181,#828);
#276=LINE('',#7183,#829);
#277=LINE('',#7185,#830);
#278=LINE('',#7188,#831);
#279=LINE('',#7190,#832);
#280=LINE('',#7192,#833);
#281=LINE('',#7194,#834);
#282=LINE('',#7197,#835);
#283=LINE('',#7199,#836);
#284=LINE('',#7201,#837);
#285=LINE('',#7203,#838);
#286=LINE('',#7206,#839);
#287=LINE('',#7208,#840);
#288=LINE('',#7210,#841);
#289=LINE('',#7212,#842);
#290=LINE('',#7215,#843);
#291=LINE('',#7217,#844);
#292=LINE('',#7219,#845);
#293=LINE('',#7221,#846);
#294=LINE('',#7224,#847);
#295=LINE('',#7226,#848);
#296=LINE('',#7228,#849);
#297=LINE('',#7230,#850);
#298=LINE('',#7233,#851);
#299=LINE('',#7235,#852);
#300=LINE('',#7237,#853);
#301=LINE('',#7239,#854);
#302=LINE('',#7242,#855);
#303=LINE('',#7244,#856);
#304=LINE('',#7246,#857);
#305=LINE('',#7248,#858);
#306=LINE('',#7251,#859);
#307=LINE('',#7253,#860);
#308=LINE('',#7255,#861);
#309=LINE('',#7257,#862);
#310=LINE('',#7260,#863);
#311=LINE('',#7262,#864);
#312=LINE('',#7264,#865);
#313=LINE('',#7266,#866);
#314=LINE('',#7269,#867);
#315=LINE('',#7271,#868);
#316=LINE('',#7273,#869);
#317=LINE('',#7275,#870);
#318=LINE('',#7278,#871);
#319=LINE('',#7280,#872);
#320=LINE('',#7282,#873);
#321=LINE('',#7284,#874);
#322=LINE('',#7287,#875);
#323=LINE('',#7289,#876);
#324=LINE('',#7291,#877);
#325=LINE('',#7293,#878);
#326=LINE('',#7296,#879);
#327=LINE('',#7297,#880);
#328=LINE('',#7299,#881);
#329=LINE('',#7302,#882);
#330=LINE('',#7303,#883);
#331=LINE('',#7305,#884);
#332=LINE('',#7308,#885);
#333=LINE('',#7309,#886);
#334=LINE('',#7311,#887);
#335=LINE('',#7314,#888);
#336=LINE('',#7315,#889);
#337=LINE('',#7317,#890);
#338=LINE('',#7320,#891);
#339=LINE('',#7321,#892);
#340=LINE('',#7323,#893);
#341=LINE('',#7326,#894);
#342=LINE('',#7327,#895);
#343=LINE('',#7329,#896);
#344=LINE('',#7332,#897);
#345=LINE('',#7333,#898);
#346=LINE('',#7335,#899);
#347=LINE('',#7338,#900);
#348=LINE('',#7339,#901);
#349=LINE('',#7341,#902);
#350=LINE('',#7344,#903);
#351=LINE('',#7345,#904);
#352=LINE('',#7347,#905);
#353=LINE('',#7350,#906);
#354=LINE('',#7351,#907);
#355=LINE('',#7353,#908);
#356=LINE('',#7356,#909);
#357=LINE('',#7360,#910);
#358=LINE('',#7363,#911);
#359=LINE('',#7365,#912);
#360=LINE('',#7368,#913);
#361=LINE('',#7372,#914);
#362=LINE('',#7373,#915);
#363=LINE('',#7377,#916);
#364=LINE('',#7379,#917);
#365=LINE('',#7380,#918);
#366=LINE('',#7382,#919);
#367=LINE('',#7383,#920);
#368=LINE('',#7385,#921);
#369=LINE('',#7388,#922);
#370=LINE('',#7392,#923);
#371=LINE('',#7395,#924);
#372=LINE('',#7397,#925);
#373=LINE('',#7400,#926);
#374=LINE('',#7404,#927);
#375=LINE('',#7405,#928);
#376=LINE('',#7409,#929);
#377=LINE('',#7414,#930);
#378=LINE('',#7416,#931);
#379=LINE('',#7418,#932);
#380=LINE('',#7421,#933);
#381=LINE('',#7426,#934);
#382=LINE('',#7428,#935);
#383=LINE('',#7430,#936);
#384=LINE('',#7434,#937);
#385=LINE('',#7435,#938);
#386=LINE('',#7437,#939);
#387=LINE('',#7438,#940);
#388=LINE('',#7440,#941);
#389=LINE('',#7441,#942);
#390=LINE('',#7443,#943);
#391=LINE('',#7446,#944);
#392=LINE('',#7450,#945);
#393=LINE('',#7453,#946);
#394=LINE('',#7455,#947);
#395=LINE('',#7458,#948);
#396=LINE('',#7462,#949);
#397=LINE('',#7463,#950);
#398=LINE('',#7467,#951);
#399=LINE('',#7472,#952);
#400=LINE('',#7474,#953);
#401=LINE('',#7476,#954);
#402=LINE('',#7479,#955);
#403=LINE('',#7484,#956);
#404=LINE('',#7486,#957);
#405=LINE('',#7488,#958);
#406=LINE('',#7492,#959);
#407=LINE('',#7493,#960);
#408=LINE('',#7495,#961);
#409=LINE('',#7496,#962);
#410=LINE('',#7498,#963);
#411=LINE('',#7499,#964);
#412=LINE('',#7501,#965);
#413=LINE('',#7504,#966);
#414=LINE('',#7508,#967);
#415=LINE('',#7511,#968);
#416=LINE('',#7513,#969);
#417=LINE('',#7516,#970);
#418=LINE('',#7520,#971);
#419=LINE('',#7521,#972);
#420=LINE('',#7525,#973);
#421=LINE('',#7530,#974);
#422=LINE('',#7532,#975);
#423=LINE('',#7534,#976);
#424=LINE('',#7537,#977);
#425=LINE('',#7542,#978);
#426=LINE('',#7544,#979);
#427=LINE('',#7546,#980);
#428=LINE('',#7550,#981);
#429=LINE('',#7551,#982);
#430=LINE('',#7553,#983);
#431=LINE('',#7554,#984);
#432=LINE('',#7556,#985);
#433=LINE('',#7557,#986);
#434=LINE('',#7559,#987);
#435=LINE('',#7562,#988);
#436=LINE('',#7566,#989);
#437=LINE('',#7569,#990);
#438=LINE('',#7571,#991);
#439=LINE('',#7574,#992);
#440=LINE('',#7578,#993);
#441=LINE('',#7579,#994);
#442=LINE('',#7583,#995);
#443=LINE('',#7588,#996);
#444=LINE('',#7590,#997);
#445=LINE('',#7592,#998);
#446=LINE('',#7595,#999);
#447=LINE('',#7600,#1000);
#448=LINE('',#7602,#1001);
#449=LINE('',#7604,#1002);
#450=LINE('',#7608,#1003);
#451=LINE('',#7609,#1004);
#452=LINE('',#7611,#1005);
#453=LINE('',#7612,#1006);
#454=LINE('',#7614,#1007);
#455=LINE('',#7615,#1008);
#456=LINE('',#7617,#1009);
#457=LINE('',#7620,#1010);
#458=LINE('',#7624,#1011);
#459=LINE('',#7627,#1012);
#460=LINE('',#7629,#1013);
#461=LINE('',#7632,#1014);
#462=LINE('',#7636,#1015);
#463=LINE('',#7637,#1016);
#464=LINE('',#7641,#1017);
#465=LINE('',#7646,#1018);
#466=LINE('',#7648,#1019);
#467=LINE('',#7650,#1020);
#468=LINE('',#7653,#1021);
#469=LINE('',#7658,#1022);
#470=LINE('',#7660,#1023);
#471=LINE('',#7662,#1024);
#472=LINE('',#7666,#1025);
#473=LINE('',#7667,#1026);
#474=LINE('',#7669,#1027);
#475=LINE('',#7670,#1028);
#476=LINE('',#7672,#1029);
#477=LINE('',#7673,#1030);
#478=LINE('',#7675,#1031);
#479=LINE('',#7678,#1032);
#480=LINE('',#7682,#1033);
#481=LINE('',#7685,#1034);
#482=LINE('',#7687,#1035);
#483=LINE('',#7690,#1036);
#484=LINE('',#7694,#1037);
#485=LINE('',#7695,#1038);
#486=LINE('',#7699,#1039);
#487=LINE('',#7704,#1040);
#488=LINE('',#7706,#1041);
#489=LINE('',#7708,#1042);
#490=LINE('',#7711,#1043);
#491=LINE('',#7716,#1044);
#492=LINE('',#7718,#1045);
#493=LINE('',#7720,#1046);
#494=LINE('',#7724,#1047);
#495=LINE('',#7725,#1048);
#496=LINE('',#7727,#1049);
#497=LINE('',#7728,#1050);
#498=LINE('',#7730,#1051);
#499=LINE('',#7731,#1052);
#500=LINE('',#7733,#1053);
#501=LINE('',#7736,#1054);
#502=LINE('',#7740,#1055);
#503=LINE('',#7743,#1056);
#504=LINE('',#7745,#1057);
#505=LINE('',#7748,#1058);
#506=LINE('',#7752,#1059);
#507=LINE('',#7753,#1060);
#508=LINE('',#7757,#1061);
#509=LINE('',#7762,#1062);
#510=LINE('',#7764,#1063);
#511=LINE('',#7766,#1064);
#512=LINE('',#7769,#1065);
#513=LINE('',#7774,#1066);
#514=LINE('',#7776,#1067);
#515=LINE('',#7778,#1068);
#516=LINE('',#7782,#1069);
#517=LINE('',#7783,#1070);
#518=LINE('',#7785,#1071);
#519=LINE('',#7786,#1072);
#520=LINE('',#7788,#1073);
#521=LINE('',#7789,#1074);
#522=LINE('',#7791,#1075);
#523=LINE('',#7794,#1076);
#524=LINE('',#7798,#1077);
#525=LINE('',#7801,#1078);
#526=LINE('',#7803,#1079);
#527=LINE('',#7806,#1080);
#528=LINE('',#7810,#1081);
#529=LINE('',#7811,#1082);
#530=LINE('',#7815,#1083);
#531=LINE('',#7820,#1084);
#532=LINE('',#7822,#1085);
#533=LINE('',#7824,#1086);
#534=LINE('',#7827,#1087);
#535=LINE('',#7832,#1088);
#536=LINE('',#7834,#1089);
#537=LINE('',#7836,#1090);
#538=LINE('',#7840,#1091);
#539=LINE('',#7841,#1092);
#540=LINE('',#7843,#1093);
#541=LINE('',#7844,#1094);
#542=LINE('',#7846,#1095);
#543=LINE('',#7847,#1096);
#544=LINE('',#7849,#1097);
#545=LINE('',#7852,#1098);
#546=LINE('',#7856,#1099);
#547=LINE('',#7859,#1100);
#548=LINE('',#7861,#1101);
#549=LINE('',#7864,#1102);
#550=LINE('',#7868,#1103);
#551=LINE('',#7869,#1104);
#552=LINE('',#7873,#1105);
#553=LINE('',#7878,#1106);
#554=LINE('',#7880,#1107);
#555=LINE('',#7882,#1108);
#556=LINE('',#7885,#1109);
#557=LINE('',#7890,#1110);
#558=LINE('',#7892,#1111);
#559=LINE('',#7894,#1112);
#560=LINE('',#7898,#1113);
#561=LINE('',#7899,#1114);
#562=LINE('',#7901,#1115);
#563=LINE('',#7902,#1116);
#564=LINE('',#7904,#1117);
#565=LINE('',#7905,#1118);
#566=LINE('',#7907,#1119);
#567=LINE('',#7910,#1120);
#568=LINE('',#7911,#1121);
#569=LINE('',#7913,#1122);
#570=LINE('',#7916,#1123);
#571=LINE('',#7917,#1124);
#572=LINE('',#7922,#1125);
#573=LINE('',#7923,#1126);
#574=LINE('',#7926,#1127);
#575=LINE('',#7931,#1128);
#576=LINE('',#7932,#1129);
#577=LINE('',#7936,#1130);
#578=LINE('',#7937,#1131);
#579=LINE('',#7939,#1132);
#580=LINE('',#7941,#1133);
#581=LINE('',#7943,#1134);
#582=LINE('',#7945,#1135);
#583=LINE('',#7947,#1136);
#584=LINE('',#7949,#1137);
#585=LINE('',#7951,#1138);
#586=LINE('',#7953,#1139);
#587=LINE('',#7955,#1140);
#588=LINE('',#7957,#1141);
#589=LINE('',#7959,#1142);
#590=LINE('',#7960,#1143);
#591=LINE('',#7961,#1144);
#592=LINE('',#7962,#1145);
#593=LINE('',#7963,#1146);
#594=LINE('',#7964,#1147);
#595=LINE('',#7965,#1148);
#596=LINE('',#7966,#1149);
#597=LINE('',#7967,#1150);
#598=LINE('',#7968,#1151);
#599=LINE('',#7969,#1152);
#600=LINE('',#7971,#1153);
#601=LINE('',#7974,#1154);
#602=LINE('',#7977,#1155);
#603=LINE('',#7980,#1156);
#604=LINE('',#7983,#1157);
#605=LINE('',#7986,#1158);
#606=LINE('',#7989,#1159);
#607=LINE('',#7992,#1160);
#608=LINE('',#7995,#1161);
#609=LINE('',#7998,#1162);
#610=LINE('',#8002,#1163);
#611=LINE('',#8003,#1164);
#612=LINE('',#8004,#1165);
#613=LINE('',#8005,#1166);
#614=LINE('',#8006,#1167);
#615=LINE('',#8007,#1168);
#616=LINE('',#8008,#1169);
#617=LINE('',#8009,#1170);
#618=LINE('',#8010,#1171);
#619=LINE('',#8011,#1172);
#620=LINE('',#8012,#1173);
#621=LINE('',#8024,#1174);
#622=LINE('',#8026,#1175);
#623=LINE('',#8027,#1176);
#624=LINE('',#8028,#1177);
#625=LINE('',#8029,#1178);
#626=LINE('',#8030,#1179);
#627=LINE('',#8031,#1180);
#628=LINE('',#8032,#1181);
#629=LINE('',#8033,#1182);
#630=LINE('',#8034,#1183);
#631=LINE('',#8035,#1184);
#632=LINE('',#8047,#1185);
#633=LINE('',#8048,#1186);
#634=LINE('',#8050,#1187);
#635=LINE('',#8051,#1188);
#636=LINE('',#8053,#1189);
#637=LINE('',#8054,#1190);
#638=LINE('',#8056,#1191);
#639=LINE('',#8057,#1192);
#640=LINE('',#8059,#1193);
#641=LINE('',#8060,#1194);
#642=LINE('',#8062,#1195);
#643=LINE('',#8063,#1196);
#644=LINE('',#8065,#1197);
#645=LINE('',#8066,#1198);
#646=LINE('',#8068,#1199);
#647=LINE('',#8069,#1200);
#648=LINE('',#8071,#1201);
#649=LINE('',#8072,#1202);
#650=LINE('',#8074,#1203);
#651=LINE('',#8084,#1204);
#652=LINE('',#8086,#1205);
#653=VECTOR('',#5346,39.3700787401575);
#654=VECTOR('',#5347,39.3700787401575);
#655=VECTOR('',#5348,39.3700787401575);
#656=VECTOR('',#5349,39.3700787401575);
#657=VECTOR('',#5354,39.3700787401575);
#658=VECTOR('',#5355,39.3700787401575);
#659=VECTOR('',#5356,39.3700787401575);
#660=VECTOR('',#5359,39.3700787401575);
#661=VECTOR('',#5360,39.3700787401575);
#662=VECTOR('',#5361,39.3700787401575);
#663=VECTOR('',#5362,39.3700787401575);
#664=VECTOR('',#5365,39.3700787401575);
#665=VECTOR('',#5366,39.3700787401575);
#666=VECTOR('',#5367,39.3700787401575);
#667=VECTOR('',#5368,39.3700787401575);
#668=VECTOR('',#5371,39.3700787401575);
#669=VECTOR('',#5372,39.3700787401575);
#670=VECTOR('',#5373,39.3700787401575);
#671=VECTOR('',#5374,39.3700787401575);
#672=VECTOR('',#5375,39.3700787401575);
#673=VECTOR('',#5376,39.3700787401575);
#674=VECTOR('',#5377,39.3700787401575);
#675=VECTOR('',#5378,39.3700787401575);
#676=VECTOR('',#5379,39.3700787401575);
#677=VECTOR('',#5380,39.3700787401575);
#678=VECTOR('',#5381,39.3700787401575);
#679=VECTOR('',#5384,39.3700787401575);
#680=VECTOR('',#5385,39.3700787401575);
#681=VECTOR('',#5386,39.3700787401575);
#682=VECTOR('',#5387,39.3700787401575);
#683=VECTOR('',#5388,39.3700787401575);
#684=VECTOR('',#5389,39.3700787401575);
#685=VECTOR('',#5390,39.3700787401575);
#686=VECTOR('',#5391,39.3700787401575);
#687=VECTOR('',#5392,39.3700787401575);
#688=VECTOR('',#5395,39.3700787401575);
#689=VECTOR('',#5396,39.3700787401575);
#690=VECTOR('',#5397,39.3700787401575);
#691=VECTOR('',#5398,39.3700787401575);
#692=VECTOR('',#5399,39.3700787401575);
#693=VECTOR('',#5400,39.3700787401575);
#694=VECTOR('',#5403,39.3700787401575);
#695=VECTOR('',#5404,39.3700787401575);
#696=VECTOR('',#5405,39.3700787401575);
#697=VECTOR('',#5406,39.3700787401575);
#698=VECTOR('',#5407,39.3700787401575);
#699=VECTOR('',#5408,39.3700787401575);
#700=VECTOR('',#5409,39.3700787401575);
#701=VECTOR('',#5410,39.3700787401575);
#702=VECTOR('',#5413,39.3700787401575);
#703=VECTOR('',#5414,39.3700787401575);
#704=VECTOR('',#5415,39.3700787401575);
#705=VECTOR('',#5418,39.3700787401575);
#706=VECTOR('',#5419,39.3700787401575);
#707=VECTOR('',#5420,39.3700787401575);
#708=VECTOR('',#5423,39.3700787401575);
#709=VECTOR('',#5424,39.3700787401575);
#710=VECTOR('',#5425,39.3700787401575);
#711=VECTOR('',#5428,39.3700787401575);
#712=VECTOR('',#5429,39.3700787401575);
#713=VECTOR('',#5430,39.3700787401575);
#714=VECTOR('',#5433,39.3700787401575);
#715=VECTOR('',#5434,39.3700787401575);
#716=VECTOR('',#5435,39.3700787401575);
#717=VECTOR('',#5438,39.3700787401575);
#718=VECTOR('',#5439,39.3700787401575);
#719=VECTOR('',#5440,39.3700787401575);
#720=VECTOR('',#5443,39.3700787401575);
#721=VECTOR('',#5448,39.3700787401575);
#722=VECTOR('',#5449,39.3700787401575);
#723=VECTOR('',#5452,39.3700787401575);
#724=VECTOR('',#5453,39.3700787401575);
#725=VECTOR('',#5454,39.3700787401575);
#726=VECTOR('',#5455,39.3700787401575);
#727=VECTOR('',#5458,39.3700787401575);
#728=VECTOR('',#5459,39.3700787401575);
#729=VECTOR('',#5460,39.3700787401575);
#730=VECTOR('',#5461,39.3700787401575);
#731=VECTOR('',#5462,39.3700787401575);
#732=VECTOR('',#5465,39.3700787401575);
#733=VECTOR('',#5472,39.3700787401575);
#734=VECTOR('',#5475,39.3700787401575);
#735=VECTOR('',#5476,39.3700787401575);
#736=VECTOR('',#5479,39.3700787401575);
#737=VECTOR('',#5482,39.3700787401575);
#738=VECTOR('',#5483,39.3700787401575);
#739=VECTOR('',#5484,39.3700787401575);
#740=VECTOR('',#5487,39.3700787401575);
#741=VECTOR('',#5488,39.3700787401575);
#742=VECTOR('',#5489,39.3700787401575);
#743=VECTOR('',#5492,39.3700787401575);
#744=VECTOR('',#5493,39.3700787401575);
#745=VECTOR('',#5500,39.3700787401575);
#746=VECTOR('',#5503,39.3700787401575);
#747=VECTOR('',#5504,39.3700787401575);
#748=VECTOR('',#5505,39.3700787401575);
#749=VECTOR('',#5508,39.3700787401575);
#750=VECTOR('',#5509,39.3700787401575);
#751=VECTOR('',#5512,39.3700787401575);
#752=VECTOR('',#5513,39.3700787401575);
#753=VECTOR('',#5516,39.3700787401575);
#754=VECTOR('',#5517,39.3700787401575);
#755=VECTOR('',#5520,39.3700787401575);
#756=VECTOR('',#5521,39.3700787401575);
#757=VECTOR('',#5532,39.3700787401575);
#758=VECTOR('',#5551,39.3700787401575);
#759=VECTOR('',#5552,39.3700787401575);
#760=VECTOR('',#5553,39.3700787401575);
#761=VECTOR('',#5554,39.3700787401575);
#762=VECTOR('',#5557,39.3700787401575);
#763=VECTOR('',#5558,39.3700787401575);
#764=VECTOR('',#5559,39.3700787401575);
#765=VECTOR('',#5560,39.3700787401575);
#766=VECTOR('',#5563,39.3700787401575);
#767=VECTOR('',#5564,39.3700787401575);
#768=VECTOR('',#5567,39.3700787401575);
#769=VECTOR('',#5568,39.3700787401575);
#770=VECTOR('',#5737,39.3700787401575);
#771=VECTOR('',#5738,39.3700787401575);
#772=VECTOR('',#5739,39.3700787401575);
#773=VECTOR('',#5740,39.3700787401575);
#774=VECTOR('',#5741,39.3700787401575);
#775=VECTOR('',#5742,39.3700787401575);
#776=VECTOR('',#5743,39.3700787401575);
#777=VECTOR('',#5744,39.3700787401575);
#778=VECTOR('',#5745,39.3700787401575);
#779=VECTOR('',#5746,39.3700787401575);
#780=VECTOR('',#5747,39.3700787401575);
#781=VECTOR('',#5748,39.3700787401575);
#782=VECTOR('',#5751,39.3700787401575);
#783=VECTOR('',#5752,39.3700787401575);
#784=VECTOR('',#5753,39.3700787401575);
#785=VECTOR('',#5754,39.3700787401575);
#786=VECTOR('',#5755,39.3700787401575);
#787=VECTOR('',#5756,39.3700787401575);
#788=VECTOR('',#5757,39.3700787401575);
#789=VECTOR('',#5758,39.3700787401575);
#790=VECTOR('',#5759,39.3700787401575);
#791=VECTOR('',#5760,39.3700787401575);
#792=VECTOR('',#5761,39.3700787401575);
#793=VECTOR('',#5762,39.3700787401575);
#794=VECTOR('',#5765,39.3700787401575);
#795=VECTOR('',#5766,39.3700787401575);
#796=VECTOR('',#5769,39.3700787401575);
#797=VECTOR('',#5770,39.3700787401575);
#798=VECTOR('',#5773,39.3700787401575);
#799=VECTOR('',#5774,39.3700787401575);
#800=VECTOR('',#5775,39.3700787401575);
#801=VECTOR('',#5776,39.3700787401575);
#802=VECTOR('',#5779,39.3700787401575);
#803=VECTOR('',#5780,39.3700787401575);
#804=VECTOR('',#5781,39.3700787401575);
#805=VECTOR('',#5782,39.3700787401575);
#806=VECTOR('',#5785,39.3700787401575);
#807=VECTOR('',#5786,39.3700787401575);
#808=VECTOR('',#5787,39.3700787401575);
#809=VECTOR('',#5788,39.3700787401575);
#810=VECTOR('',#5791,39.3700787401575);
#811=VECTOR('',#5792,39.3700787401575);
#812=VECTOR('',#5793,39.3700787401575);
#813=VECTOR('',#5794,39.3700787401575);
#814=VECTOR('',#5797,39.3700787401575);
#815=VECTOR('',#5798,39.3700787401575);
#816=VECTOR('',#5799,39.3700787401575);
#817=VECTOR('',#5800,39.3700787401575);
#818=VECTOR('',#5803,39.3700787401575);
#819=VECTOR('',#5804,39.3700787401575);
#820=VECTOR('',#5805,39.3700787401575);
#821=VECTOR('',#5806,39.3700787401575);
#822=VECTOR('',#5809,39.3700787401575);
#823=VECTOR('',#5810,39.3700787401575);
#824=VECTOR('',#5811,39.3700787401575);
#825=VECTOR('',#5812,39.3700787401575);
#826=VECTOR('',#5815,39.3700787401575);
#827=VECTOR('',#5816,39.3700787401575);
#828=VECTOR('',#5817,39.3700787401575);
#829=VECTOR('',#5818,39.3700787401575);
#830=VECTOR('',#5821,39.3700787401575);
#831=VECTOR('',#5822,39.3700787401575);
#832=VECTOR('',#5823,39.3700787401575);
#833=VECTOR('',#5824,39.3700787401575);
#834=VECTOR('',#5827,39.3700787401575);
#835=VECTOR('',#5828,39.3700787401575);
#836=VECTOR('',#5829,39.3700787401575);
#837=VECTOR('',#5830,39.3700787401575);
#838=VECTOR('',#5833,39.3700787401575);
#839=VECTOR('',#5834,39.3700787401575);
#840=VECTOR('',#5835,39.3700787401575);
#841=VECTOR('',#5836,39.3700787401575);
#842=VECTOR('',#5839,39.3700787401575);
#843=VECTOR('',#5840,39.3700787401575);
#844=VECTOR('',#5841,39.3700787401575);
#845=VECTOR('',#5842,39.3700787401575);
#846=VECTOR('',#5845,39.3700787401575);
#847=VECTOR('',#5846,39.3700787401575);
#848=VECTOR('',#5847,39.3700787401575);
#849=VECTOR('',#5848,39.3700787401575);
#850=VECTOR('',#5851,39.3700787401575);
#851=VECTOR('',#5852,39.3700787401575);
#852=VECTOR('',#5853,39.3700787401575);
#853=VECTOR('',#5854,39.3700787401575);
#854=VECTOR('',#5857,39.3700787401575);
#855=VECTOR('',#5858,39.3700787401575);
#856=VECTOR('',#5859,39.3700787401575);
#857=VECTOR('',#5860,39.3700787401575);
#858=VECTOR('',#5863,39.3700787401575);
#859=VECTOR('',#5864,39.3700787401575);
#860=VECTOR('',#5865,39.3700787401575);
#861=VECTOR('',#5866,39.3700787401575);
#862=VECTOR('',#5869,39.3700787401575);
#863=VECTOR('',#5870,39.3700787401575);
#864=VECTOR('',#5871,39.3700787401575);
#865=VECTOR('',#5872,39.3700787401575);
#866=VECTOR('',#5875,39.3700787401575);
#867=VECTOR('',#5876,39.3700787401575);
#868=VECTOR('',#5877,39.3700787401575);
#869=VECTOR('',#5878,39.3700787401575);
#870=VECTOR('',#5881,39.3700787401575);
#871=VECTOR('',#5882,39.3700787401575);
#872=VECTOR('',#5883,39.3700787401575);
#873=VECTOR('',#5884,39.3700787401575);
#874=VECTOR('',#5887,39.3700787401575);
#875=VECTOR('',#5888,39.3700787401575);
#876=VECTOR('',#5889,39.3700787401575);
#877=VECTOR('',#5890,39.3700787401575);
#878=VECTOR('',#5893,39.3700787401575);
#879=VECTOR('',#5894,39.3700787401575);
#880=VECTOR('',#5895,39.3700787401575);
#881=VECTOR('',#5898,39.3700787401575);
#882=VECTOR('',#5899,39.3700787401575);
#883=VECTOR('',#5900,39.3700787401575);
#884=VECTOR('',#5903,39.3700787401575);
#885=VECTOR('',#5904,39.3700787401575);
#886=VECTOR('',#5905,39.3700787401575);
#887=VECTOR('',#5908,39.3700787401575);
#888=VECTOR('',#5909,39.3700787401575);
#889=VECTOR('',#5910,39.3700787401575);
#890=VECTOR('',#5913,39.3700787401575);
#891=VECTOR('',#5914,39.3700787401575);
#892=VECTOR('',#5915,39.3700787401575);
#893=VECTOR('',#5918,39.3700787401575);
#894=VECTOR('',#5919,39.3700787401575);
#895=VECTOR('',#5920,39.3700787401575);
#896=VECTOR('',#5923,39.3700787401575);
#897=VECTOR('',#5924,39.3700787401575);
#898=VECTOR('',#5925,39.3700787401575);
#899=VECTOR('',#5928,39.3700787401575);
#900=VECTOR('',#5929,39.3700787401575);
#901=VECTOR('',#5930,39.3700787401575);
#902=VECTOR('',#5933,39.3700787401575);
#903=VECTOR('',#5934,39.3700787401575);
#904=VECTOR('',#5935,39.3700787401575);
#905=VECTOR('',#5938,39.3700787401575);
#906=VECTOR('',#5939,39.3700787401575);
#907=VECTOR('',#5940,39.3700787401575);
#908=VECTOR('',#5943,39.3700787401575);
#909=VECTOR('',#5944,39.3700787401575);
#910=VECTOR('',#5947,39.3700787401575);
#911=VECTOR('',#5950,39.3700787401575);
#912=VECTOR('',#5953,39.3700787401575);
#913=VECTOR('',#5954,39.3700787401575);
#914=VECTOR('',#5957,39.3700787401575);
#915=VECTOR('',#5958,39.3700787401575);
#916=VECTOR('',#5961,39.3700787401575);
#917=VECTOR('',#5964,39.3700787401575);
#918=VECTOR('',#5965,39.3700787401575);
#919=VECTOR('',#5968,39.3700787401575);
#920=VECTOR('',#5969,39.3700787401575);
#921=VECTOR('',#5972,39.3700787401575);
#922=VECTOR('',#5973,39.3700787401575);
#923=VECTOR('',#5976,39.3700787401575);
#924=VECTOR('',#5979,39.3700787401575);
#925=VECTOR('',#5982,39.3700787401575);
#926=VECTOR('',#5983,39.3700787401575);
#927=VECTOR('',#5986,39.3700787401575);
#928=VECTOR('',#5987,39.3700787401575);
#929=VECTOR('',#5990,39.3700787401575);
#930=VECTOR('',#5995,39.3700787401575);
#931=VECTOR('',#5996,39.3700787401575);
#932=VECTOR('',#5997,39.3700787401575);
#933=VECTOR('',#6000,39.3700787401575);
#934=VECTOR('',#6005,39.3700787401575);
#935=VECTOR('',#6006,39.3700787401575);
#936=VECTOR('',#6007,39.3700787401575);
#937=VECTOR('',#6010,39.3700787401575);
#938=VECTOR('',#6011,39.3700787401575);
#939=VECTOR('',#6014,39.3700787401575);
#940=VECTOR('',#6015,39.3700787401575);
#941=VECTOR('',#6018,39.3700787401575);
#942=VECTOR('',#6019,39.3700787401575);
#943=VECTOR('',#6022,39.3700787401575);
#944=VECTOR('',#6023,39.3700787401575);
#945=VECTOR('',#6026,39.3700787401575);
#946=VECTOR('',#6029,39.3700787401575);
#947=VECTOR('',#6032,39.3700787401575);
#948=VECTOR('',#6033,39.3700787401575);
#949=VECTOR('',#6036,39.3700787401575);
#950=VECTOR('',#6037,39.3700787401575);
#951=VECTOR('',#6040,39.3700787401575);
#952=VECTOR('',#6045,39.3700787401575);
#953=VECTOR('',#6046,39.3700787401575);
#954=VECTOR('',#6047,39.3700787401575);
#955=VECTOR('',#6050,39.3700787401575);
#956=VECTOR('',#6055,39.3700787401575);
#957=VECTOR('',#6056,39.3700787401575);
#958=VECTOR('',#6057,39.3700787401575);
#959=VECTOR('',#6060,39.3700787401575);
#960=VECTOR('',#6061,39.3700787401575);
#961=VECTOR('',#6064,39.3700787401575);
#962=VECTOR('',#6065,39.3700787401575);
#963=VECTOR('',#6068,39.3700787401575);
#964=VECTOR('',#6069,39.3700787401575);
#965=VECTOR('',#6072,39.3700787401575);
#966=VECTOR('',#6073,39.3700787401575);
#967=VECTOR('',#6076,39.3700787401575);
#968=VECTOR('',#6079,39.3700787401575);
#969=VECTOR('',#6082,39.3700787401575);
#970=VECTOR('',#6083,39.3700787401575);
#971=VECTOR('',#6086,39.3700787401575);
#972=VECTOR('',#6087,39.3700787401575);
#973=VECTOR('',#6090,39.3700787401575);
#974=VECTOR('',#6095,39.3700787401575);
#975=VECTOR('',#6096,39.3700787401575);
#976=VECTOR('',#6097,39.3700787401575);
#977=VECTOR('',#6100,39.3700787401575);
#978=VECTOR('',#6105,39.3700787401575);
#979=VECTOR('',#6106,39.3700787401575);
#980=VECTOR('',#6107,39.3700787401575);
#981=VECTOR('',#6110,39.3700787401575);
#982=VECTOR('',#6111,39.3700787401575);
#983=VECTOR('',#6114,39.3700787401575);
#984=VECTOR('',#6115,39.3700787401575);
#985=VECTOR('',#6118,39.3700787401575);
#986=VECTOR('',#6119,39.3700787401575);
#987=VECTOR('',#6122,39.3700787401575);
#988=VECTOR('',#6123,39.3700787401575);
#989=VECTOR('',#6126,39.3700787401575);
#990=VECTOR('',#6129,39.3700787401575);
#991=VECTOR('',#6132,39.3700787401575);
#992=VECTOR('',#6133,39.3700787401575);
#993=VECTOR('',#6136,39.3700787401575);
#994=VECTOR('',#6137,39.3700787401575);
#995=VECTOR('',#6140,39.3700787401575);
#996=VECTOR('',#6145,39.3700787401575);
#997=VECTOR('',#6146,39.3700787401575);
#998=VECTOR('',#6147,39.3700787401575);
#999=VECTOR('',#6150,39.3700787401575);
#1000=VECTOR('',#6155,39.3700787401575);
#1001=VECTOR('',#6156,39.3700787401575);
#1002=VECTOR('',#6157,39.3700787401575);
#1003=VECTOR('',#6160,39.3700787401575);
#1004=VECTOR('',#6161,39.3700787401575);
#1005=VECTOR('',#6164,39.3700787401575);
#1006=VECTOR('',#6165,39.3700787401575);
#1007=VECTOR('',#6168,39.3700787401575);
#1008=VECTOR('',#6169,39.3700787401575);
#1009=VECTOR('',#6172,39.3700787401575);
#1010=VECTOR('',#6173,39.3700787401575);
#1011=VECTOR('',#6176,39.3700787401575);
#1012=VECTOR('',#6179,39.3700787401575);
#1013=VECTOR('',#6182,39.3700787401575);
#1014=VECTOR('',#6183,39.3700787401575);
#1015=VECTOR('',#6186,39.3700787401575);
#1016=VECTOR('',#6187,39.3700787401575);
#1017=VECTOR('',#6190,39.3700787401575);
#1018=VECTOR('',#6195,39.3700787401575);
#1019=VECTOR('',#6196,39.3700787401575);
#1020=VECTOR('',#6197,39.3700787401575);
#1021=VECTOR('',#6200,39.3700787401575);
#1022=VECTOR('',#6205,39.3700787401575);
#1023=VECTOR('',#6206,39.3700787401575);
#1024=VECTOR('',#6207,39.3700787401575);
#1025=VECTOR('',#6210,39.3700787401575);
#1026=VECTOR('',#6211,39.3700787401575);
#1027=VECTOR('',#6214,39.3700787401575);
#1028=VECTOR('',#6215,39.3700787401575);
#1029=VECTOR('',#6218,39.3700787401575);
#1030=VECTOR('',#6219,39.3700787401575);
#1031=VECTOR('',#6222,39.3700787401575);
#1032=VECTOR('',#6223,39.3700787401575);
#1033=VECTOR('',#6226,39.3700787401575);
#1034=VECTOR('',#6229,39.3700787401575);
#1035=VECTOR('',#6232,39.3700787401575);
#1036=VECTOR('',#6233,39.3700787401575);
#1037=VECTOR('',#6236,39.3700787401575);
#1038=VECTOR('',#6237,39.3700787401575);
#1039=VECTOR('',#6240,39.3700787401575);
#1040=VECTOR('',#6245,39.3700787401575);
#1041=VECTOR('',#6246,39.3700787401575);
#1042=VECTOR('',#6247,39.3700787401575);
#1043=VECTOR('',#6250,39.3700787401575);
#1044=VECTOR('',#6255,39.3700787401575);
#1045=VECTOR('',#6256,39.3700787401575);
#1046=VECTOR('',#6257,39.3700787401575);
#1047=VECTOR('',#6260,39.3700787401575);
#1048=VECTOR('',#6261,39.3700787401575);
#1049=VECTOR('',#6264,39.3700787401575);
#1050=VECTOR('',#6265,39.3700787401575);
#1051=VECTOR('',#6268,39.3700787401575);
#1052=VECTOR('',#6269,39.3700787401575);
#1053=VECTOR('',#6272,39.3700787401575);
#1054=VECTOR('',#6273,39.3700787401575);
#1055=VECTOR('',#6276,39.3700787401575);
#1056=VECTOR('',#6279,39.3700787401575);
#1057=VECTOR('',#6282,39.3700787401575);
#1058=VECTOR('',#6283,39.3700787401575);
#1059=VECTOR('',#6286,39.3700787401575);
#1060=VECTOR('',#6287,39.3700787401575);
#1061=VECTOR('',#6290,39.3700787401575);
#1062=VECTOR('',#6295,39.3700787401575);
#1063=VECTOR('',#6296,39.3700787401575);
#1064=VECTOR('',#6297,39.3700787401575);
#1065=VECTOR('',#6300,39.3700787401575);
#1066=VECTOR('',#6305,39.3700787401575);
#1067=VECTOR('',#6306,39.3700787401575);
#1068=VECTOR('',#6307,39.3700787401575);
#1069=VECTOR('',#6310,39.3700787401575);
#1070=VECTOR('',#6311,39.3700787401575);
#1071=VECTOR('',#6314,39.3700787401575);
#1072=VECTOR('',#6315,39.3700787401575);
#1073=VECTOR('',#6318,39.3700787401575);
#1074=VECTOR('',#6319,39.3700787401575);
#1075=VECTOR('',#6322,39.3700787401575);
#1076=VECTOR('',#6323,39.3700787401575);
#1077=VECTOR('',#6326,39.3700787401575);
#1078=VECTOR('',#6329,39.3700787401575);
#1079=VECTOR('',#6332,39.3700787401575);
#1080=VECTOR('',#6333,39.3700787401575);
#1081=VECTOR('',#6336,39.3700787401575);
#1082=VECTOR('',#6337,39.3700787401575);
#1083=VECTOR('',#6340,39.3700787401575);
#1084=VECTOR('',#6345,39.3700787401575);
#1085=VECTOR('',#6346,39.3700787401575);
#1086=VECTOR('',#6347,39.3700787401575);
#1087=VECTOR('',#6350,39.3700787401575);
#1088=VECTOR('',#6355,39.3700787401575);
#1089=VECTOR('',#6356,39.3700787401575);
#1090=VECTOR('',#6357,39.3700787401575);
#1091=VECTOR('',#6360,39.3700787401575);
#1092=VECTOR('',#6361,39.3700787401575);
#1093=VECTOR('',#6364,39.3700787401575);
#1094=VECTOR('',#6365,39.3700787401575);
#1095=VECTOR('',#6368,39.3700787401575);
#1096=VECTOR('',#6369,39.3700787401575);
#1097=VECTOR('',#6372,39.3700787401575);
#1098=VECTOR('',#6373,39.3700787401575);
#1099=VECTOR('',#6376,39.3700787401575);
#1100=VECTOR('',#6379,39.3700787401575);
#1101=VECTOR('',#6382,39.3700787401575);
#1102=VECTOR('',#6383,39.3700787401575);
#1103=VECTOR('',#6386,39.3700787401575);
#1104=VECTOR('',#6387,39.3700787401575);
#1105=VECTOR('',#6390,39.3700787401575);
#1106=VECTOR('',#6395,39.3700787401575);
#1107=VECTOR('',#6396,39.3700787401575);
#1108=VECTOR('',#6397,39.3700787401575);
#1109=VECTOR('',#6400,39.3700787401575);
#1110=VECTOR('',#6405,39.3700787401575);
#1111=VECTOR('',#6406,39.3700787401575);
#1112=VECTOR('',#6407,39.3700787401575);
#1113=VECTOR('',#6410,39.3700787401575);
#1114=VECTOR('',#6411,39.3700787401575);
#1115=VECTOR('',#6414,39.3700787401575);
#1116=VECTOR('',#6415,39.3700787401575);
#1117=VECTOR('',#6418,39.3700787401575);
#1118=VECTOR('',#6419,39.3700787401575);
#1119=VECTOR('',#6422,39.3700787401575);
#1120=VECTOR('',#6423,39.3700787401575);
#1121=VECTOR('',#6424,39.3700787401575);
#1122=VECTOR('',#6427,39.3700787401575);
#1123=VECTOR('',#6428,39.3700787401575);
#1124=VECTOR('',#6429,39.3700787401575);
#1125=VECTOR('',#6434,39.3700787401575);
#1126=VECTOR('',#6435,39.3700787401575);
#1127=VECTOR('',#6438,39.3700787401575);
#1128=VECTOR('',#6443,39.3700787401575);
#1129=VECTOR('',#6444,39.3700787401575);
#1130=VECTOR('',#6447,39.3700787401575);
#1131=VECTOR('',#6448,39.3700787401575);
#1132=VECTOR('',#6451,39.3700787401575);
#1133=VECTOR('',#6454,39.3700787401575);
#1134=VECTOR('',#6457,39.3700787401575);
#1135=VECTOR('',#6460,39.3700787401575);
#1136=VECTOR('',#6463,39.3700787401575);
#1137=VECTOR('',#6466,39.3700787401575);
#1138=VECTOR('',#6469,39.3700787401575);
#1139=VECTOR('',#6472,39.3700787401575);
#1140=VECTOR('',#6475,39.3700787401575);
#1141=VECTOR('',#6478,39.3700787401575);
#1142=VECTOR('',#6481,39.3700787401575);
#1143=VECTOR('',#6482,39.3700787401575);
#1144=VECTOR('',#6483,39.3700787401575);
#1145=VECTOR('',#6484,39.3700787401575);
#1146=VECTOR('',#6485,39.3700787401575);
#1147=VECTOR('',#6486,39.3700787401575);
#1148=VECTOR('',#6487,39.3700787401575);
#1149=VECTOR('',#6488,39.3700787401575);
#1150=VECTOR('',#6489,39.3700787401575);
#1151=VECTOR('',#6490,39.3700787401575);
#1152=VECTOR('',#6491,39.3700787401575);
#1153=VECTOR('',#6494,39.3700787401575);
#1154=VECTOR('',#6499,39.3700787401575);
#1155=VECTOR('',#6504,39.3700787401575);
#1156=VECTOR('',#6509,39.3700787401575);
#1157=VECTOR('',#6514,39.3700787401575);
#1158=VECTOR('',#6519,39.3700787401575);
#1159=VECTOR('',#6524,39.3700787401575);
#1160=VECTOR('',#6529,39.3700787401575);
#1161=VECTOR('',#6534,39.3700787401575);
#1162=VECTOR('',#6539,39.3700787401575);
#1163=VECTOR('',#6546,39.3700787401575);
#1164=VECTOR('',#6547,39.3700787401575);
#1165=VECTOR('',#6548,39.3700787401575);
#1166=VECTOR('',#6549,39.3700787401575);
#1167=VECTOR('',#6550,39.3700787401575);
#1168=VECTOR('',#6551,39.3700787401575);
#1169=VECTOR('',#6552,39.3700787401575);
#1170=VECTOR('',#6553,39.3700787401575);
#1171=VECTOR('',#6554,39.3700787401575);
#1172=VECTOR('',#6555,39.3700787401575);
#1173=VECTOR('',#6556,39.3700787401575);
#1174=VECTOR('',#6579,39.3700787401575);
#1175=VECTOR('',#6582,39.3700787401575);
#1176=VECTOR('',#6583,39.3700787401575);
#1177=VECTOR('',#6584,39.3700787401575);
#1178=VECTOR('',#6585,39.3700787401575);
#1179=VECTOR('',#6586,39.3700787401575);
#1180=VECTOR('',#6587,39.3700787401575);
#1181=VECTOR('',#6588,39.3700787401575);
#1182=VECTOR('',#6589,39.3700787401575);
#1183=VECTOR('',#6590,39.3700787401575);
#1184=VECTOR('',#6591,39.3700787401575);
#1185=VECTOR('',#6614,39.3700787401575);
#1186=VECTOR('',#6615,39.3700787401575);
#1187=VECTOR('',#6618,39.3700787401575);
#1188=VECTOR('',#6619,39.3700787401575);
#1189=VECTOR('',#6622,39.3700787401575);
#1190=VECTOR('',#6623,39.3700787401575);
#1191=VECTOR('',#6626,39.3700787401575);
#1192=VECTOR('',#6627,39.3700787401575);
#1193=VECTOR('',#6630,39.3700787401575);
#1194=VECTOR('',#6631,39.3700787401575);
#1195=VECTOR('',#6634,39.3700787401575);
#1196=VECTOR('',#6635,39.3700787401575);
#1197=VECTOR('',#6638,39.3700787401575);
#1198=VECTOR('',#6639,39.3700787401575);
#1199=VECTOR('',#6642,39.3700787401575);
#1200=VECTOR('',#6643,39.3700787401575);
#1201=VECTOR('',#6646,39.3700787401575);
#1202=VECTOR('',#6647,39.3700787401575);
#1203=VECTOR('',#6650,39.3700787401575);
#1204=VECTOR('',#6669,39.3700787401575);
#1205=VECTOR('',#6672,39.3700787401575);
#1206=ORIENTED_EDGE('',*,*,#2564,.F.);
#1207=ORIENTED_EDGE('',*,*,#2565,.T.);
#1208=ORIENTED_EDGE('',*,*,#2566,.F.);
#1209=ORIENTED_EDGE('',*,*,#2567,.F.);
#1210=ORIENTED_EDGE('',*,*,#2568,.F.);
#1211=ORIENTED_EDGE('',*,*,#2569,.F.);
#1212=ORIENTED_EDGE('',*,*,#2570,.F.);
#1213=ORIENTED_EDGE('',*,*,#2571,.F.);
#1214=ORIENTED_EDGE('',*,*,#2572,.F.);
#1215=ORIENTED_EDGE('',*,*,#2573,.F.);
#1216=ORIENTED_EDGE('',*,*,#2574,.T.);
#1217=ORIENTED_EDGE('',*,*,#2575,.T.);
#1218=ORIENTED_EDGE('',*,*,#2576,.F.);
#1219=ORIENTED_EDGE('',*,*,#2577,.F.);
#1220=ORIENTED_EDGE('',*,*,#2578,.F.);
#1221=ORIENTED_EDGE('',*,*,#2579,.F.);
#1222=ORIENTED_EDGE('',*,*,#2580,.F.);
#1223=ORIENTED_EDGE('',*,*,#2581,.F.);
#1224=ORIENTED_EDGE('',*,*,#2582,.F.);
#1225=ORIENTED_EDGE('',*,*,#2583,.F.);
#1226=ORIENTED_EDGE('',*,*,#2584,.F.);
#1227=ORIENTED_EDGE('',*,*,#2585,.T.);
#1228=ORIENTED_EDGE('',*,*,#2586,.T.);
#1229=ORIENTED_EDGE('',*,*,#2587,.T.);
#1230=ORIENTED_EDGE('',*,*,#2588,.T.);
#1231=ORIENTED_EDGE('',*,*,#2589,.F.);
#1232=ORIENTED_EDGE('',*,*,#2590,.F.);
#1233=ORIENTED_EDGE('',*,*,#2591,.F.);
#1234=ORIENTED_EDGE('',*,*,#2592,.T.);
#1235=ORIENTED_EDGE('',*,*,#2593,.T.);
#1236=ORIENTED_EDGE('',*,*,#2594,.F.);
#1237=ORIENTED_EDGE('',*,*,#2595,.F.);
#1238=ORIENTED_EDGE('',*,*,#2596,.F.);
#1239=ORIENTED_EDGE('',*,*,#2597,.T.);
#1240=ORIENTED_EDGE('',*,*,#2598,.T.);
#1241=ORIENTED_EDGE('',*,*,#2599,.T.);
#1242=ORIENTED_EDGE('',*,*,#2600,.T.);
#1243=ORIENTED_EDGE('',*,*,#2601,.T.);
#1244=ORIENTED_EDGE('',*,*,#2577,.T.);
#1245=ORIENTED_EDGE('',*,*,#2602,.F.);
#1246=ORIENTED_EDGE('',*,*,#2575,.F.);
#1247=ORIENTED_EDGE('',*,*,#2603,.T.);
#1248=ORIENTED_EDGE('',*,*,#2588,.F.);
#1249=ORIENTED_EDGE('',*,*,#2604,.T.);
#1250=ORIENTED_EDGE('',*,*,#2570,.T.);
#1251=ORIENTED_EDGE('',*,*,#2605,.T.);
#1252=ORIENTED_EDGE('',*,*,#2606,.F.);
#1253=ORIENTED_EDGE('',*,*,#2598,.F.);
#1254=ORIENTED_EDGE('',*,*,#2607,.F.);
#1255=ORIENTED_EDGE('',*,*,#2592,.F.);
#1256=ORIENTED_EDGE('',*,*,#2608,.T.);
#1257=ORIENTED_EDGE('',*,*,#2609,.T.);
#1258=ORIENTED_EDGE('',*,*,#2568,.T.);
#1259=ORIENTED_EDGE('',*,*,#2610,.F.);
#1260=ORIENTED_EDGE('',*,*,#2585,.F.);
#1261=ORIENTED_EDGE('',*,*,#2611,.F.);
#1262=ORIENTED_EDGE('',*,*,#2612,.T.);
#1263=ORIENTED_EDGE('',*,*,#2613,.F.);
#1264=ORIENTED_EDGE('',*,*,#2614,.F.);
#1265=ORIENTED_EDGE('',*,*,#2590,.T.);
#1266=ORIENTED_EDGE('',*,*,#2615,.T.);
#1267=ORIENTED_EDGE('',*,*,#2616,.F.);
#1268=ORIENTED_EDGE('',*,*,#2617,.F.);
#1269=ORIENTED_EDGE('',*,*,#2618,.F.);
#1270=ORIENTED_EDGE('',*,*,#2619,.T.);
#1271=ORIENTED_EDGE('',*,*,#2596,.T.);
#1272=ORIENTED_EDGE('',*,*,#2620,.T.);
#1273=ORIENTED_EDGE('',*,*,#2621,.F.);
#1274=ORIENTED_EDGE('',*,*,#2622,.T.);
#1275=ORIENTED_EDGE('',*,*,#2583,.T.);
#1276=ORIENTED_EDGE('',*,*,#2623,.F.);
#1277=ORIENTED_EDGE('',*,*,#2594,.T.);
#1278=ORIENTED_EDGE('',*,*,#2624,.T.);
#1279=ORIENTED_EDGE('',*,*,#2625,.F.);
#1280=ORIENTED_EDGE('',*,*,#2626,.F.);
#1281=ORIENTED_EDGE('',*,*,#2612,.F.);
#1282=ORIENTED_EDGE('',*,*,#2627,.T.);
#1283=ORIENTED_EDGE('',*,*,#2628,.F.);
#1284=ORIENTED_EDGE('',*,*,#2629,.F.);
#1285=ORIENTED_EDGE('',*,*,#2630,.F.);
#1286=ORIENTED_EDGE('',*,*,#2631,.F.);
#1287=ORIENTED_EDGE('',*,*,#2614,.T.);
#1288=ORIENTED_EDGE('',*,*,#2632,.F.);
#1289=ORIENTED_EDGE('',*,*,#2633,.F.);
#1290=ORIENTED_EDGE('',*,*,#2576,.T.);
#1291=ORIENTED_EDGE('',*,*,#2602,.T.);
#1292=ORIENTED_EDGE('',*,*,#2580,.T.);
#1293=ORIENTED_EDGE('',*,*,#2634,.F.);
#1294=ORIENTED_EDGE('',*,*,#2635,.F.);
#1295=ORIENTED_EDGE('',*,*,#2636,.F.);
#1296=ORIENTED_EDGE('',*,*,#2605,.F.);
#1297=ORIENTED_EDGE('',*,*,#2566,.T.);
#1298=ORIENTED_EDGE('',*,*,#2637,.T.);
#1299=ORIENTED_EDGE('',*,*,#2638,.T.);
#1300=ORIENTED_EDGE('',*,*,#2639,.F.);
#1301=ORIENTED_EDGE('',*,*,#2571,.T.);
#1302=ORIENTED_EDGE('',*,*,#2604,.F.);
#1303=ORIENTED_EDGE('',*,*,#2587,.F.);
#1304=ORIENTED_EDGE('',*,*,#2640,.T.);
#1305=ORIENTED_EDGE('',*,*,#2641,.F.);
#1306=ORIENTED_EDGE('',*,*,#2642,.T.);
#1307=ORIENTED_EDGE('',*,*,#2643,.T.);
#1308=ORIENTED_EDGE('',*,*,#2644,.F.);
#1309=ORIENTED_EDGE('',*,*,#2599,.F.);
#1310=ORIENTED_EDGE('',*,*,#2606,.T.);
#1311=ORIENTED_EDGE('',*,*,#2636,.T.);
#1312=ORIENTED_EDGE('',*,*,#2645,.F.);
#1313=ORIENTED_EDGE('',*,*,#2646,.T.);
#1314=ORIENTED_EDGE('',*,*,#2608,.F.);
#1315=ORIENTED_EDGE('',*,*,#2600,.F.);
#1316=ORIENTED_EDGE('',*,*,#2644,.T.);
#1317=ORIENTED_EDGE('',*,*,#2567,.T.);
#1318=ORIENTED_EDGE('',*,*,#2640,.F.);
#1319=ORIENTED_EDGE('',*,*,#2586,.F.);
#1320=ORIENTED_EDGE('',*,*,#2610,.T.);
#1321=ORIENTED_EDGE('',*,*,#2647,.F.);
#1322=ORIENTED_EDGE('',*,*,#2609,.F.);
#1323=ORIENTED_EDGE('',*,*,#2646,.F.);
#1324=ORIENTED_EDGE('',*,*,#2643,.F.);
#1325=ORIENTED_EDGE('',*,*,#2648,.T.);
#1326=ORIENTED_EDGE('',*,*,#2649,.F.);
#1327=ORIENTED_EDGE('',*,*,#2591,.T.);
#1328=ORIENTED_EDGE('',*,*,#2617,.T.);
#1329=ORIENTED_EDGE('',*,*,#2650,.F.);
#1330=ORIENTED_EDGE('',*,*,#2651,.F.);
#1331=ORIENTED_EDGE('',*,*,#2620,.F.);
#1332=ORIENTED_EDGE('',*,*,#2595,.T.);
#1333=ORIENTED_EDGE('',*,*,#2626,.T.);
#1334=ORIENTED_EDGE('',*,*,#2652,.F.);
#1335=ORIENTED_EDGE('',*,*,#2653,.F.);
#1336=ORIENTED_EDGE('',*,*,#2654,.T.);
#1337=ORIENTED_EDGE('',*,*,#2641,.T.);
#1338=ORIENTED_EDGE('',*,*,#2655,.F.);
#1339=ORIENTED_EDGE('',*,*,#2638,.F.);
#1340=ORIENTED_EDGE('',*,*,#2656,.T.);
#1341=ORIENTED_EDGE('',*,*,#2657,.T.);
#1342=ORIENTED_EDGE('',*,*,#2658,.F.);
#1343=ORIENTED_EDGE('',*,*,#2657,.F.);
#1344=ORIENTED_EDGE('',*,*,#2659,.T.);
#1345=ORIENTED_EDGE('',*,*,#2653,.T.);
#1346=ORIENTED_EDGE('',*,*,#2654,.F.);
#1347=ORIENTED_EDGE('',*,*,#2659,.F.);
#1348=ORIENTED_EDGE('',*,*,#2656,.F.);
#1349=ORIENTED_EDGE('',*,*,#2637,.F.);
#1350=ORIENTED_EDGE('',*,*,#2565,.F.);
#1351=ORIENTED_EDGE('',*,*,#2648,.F.);
#1352=ORIENTED_EDGE('',*,*,#2642,.F.);
#1353=ORIENTED_EDGE('',*,*,#2652,.T.);
#1354=ORIENTED_EDGE('',*,*,#2645,.T.);
#1355=ORIENTED_EDGE('',*,*,#2635,.T.);
#1356=ORIENTED_EDGE('',*,*,#2572,.T.);
#1357=ORIENTED_EDGE('',*,*,#2639,.T.);
#1358=ORIENTED_EDGE('',*,*,#2655,.T.);
#1359=ORIENTED_EDGE('',*,*,#2658,.T.);
#1360=ORIENTED_EDGE('',*,*,#2660,.F.);
#1361=ORIENTED_EDGE('',*,*,#2632,.T.);
#1362=ORIENTED_EDGE('',*,*,#2613,.T.);
#1363=ORIENTED_EDGE('',*,*,#2629,.T.);
#1364=ORIENTED_EDGE('',*,*,#2661,.F.);
#1365=ORIENTED_EDGE('',*,*,#2662,.T.);
#1366=ORIENTED_EDGE('',*,*,#2650,.T.);
#1367=ORIENTED_EDGE('',*,*,#2663,.F.);
#1368=ORIENTED_EDGE('',*,*,#2616,.T.);
#1369=ORIENTED_EDGE('',*,*,#2573,.T.);
#1370=ORIENTED_EDGE('',*,*,#2633,.T.);
#1371=ORIENTED_EDGE('',*,*,#2579,.T.);
#1372=ORIENTED_EDGE('',*,*,#2618,.T.);
#1373=ORIENTED_EDGE('',*,*,#2664,.F.);
#1374=ORIENTED_EDGE('',*,*,#2665,.F.);
#1375=ORIENTED_EDGE('',*,*,#2663,.T.);
#1376=ORIENTED_EDGE('',*,*,#2651,.T.);
#1377=ORIENTED_EDGE('',*,*,#2666,.F.);
#1378=ORIENTED_EDGE('',*,*,#2667,.F.);
#1379=ORIENTED_EDGE('',*,*,#2664,.T.);
#1380=ORIENTED_EDGE('',*,*,#2660,.T.);
#1381=ORIENTED_EDGE('',*,*,#2628,.T.);
#1382=ORIENTED_EDGE('',*,*,#2621,.T.);
#1383=ORIENTED_EDGE('',*,*,#2668,.F.);
#1384=ORIENTED_EDGE('',*,*,#2669,.F.);
#1385=ORIENTED_EDGE('',*,*,#2666,.T.);
#1386=ORIENTED_EDGE('',*,*,#2625,.T.);
#1387=ORIENTED_EDGE('',*,*,#2630,.T.);
#1388=ORIENTED_EDGE('',*,*,#2669,.T.);
#1389=ORIENTED_EDGE('',*,*,#2670,.F.);
#1390=ORIENTED_EDGE('',*,*,#2671,.T.);
#1391=ORIENTED_EDGE('',*,*,#2661,.T.);
#1392=ORIENTED_EDGE('',*,*,#2665,.T.);
#1393=ORIENTED_EDGE('',*,*,#2667,.T.);
#1394=ORIENTED_EDGE('',*,*,#2593,.F.);
#1395=ORIENTED_EDGE('',*,*,#2607,.T.);
#1396=ORIENTED_EDGE('',*,*,#2631,.T.);
#1397=ORIENTED_EDGE('',*,*,#2624,.F.);
#1398=ORIENTED_EDGE('',*,*,#2627,.F.);
#1399=ORIENTED_EDGE('',*,*,#2611,.T.);
#1400=ORIENTED_EDGE('',*,*,#2584,.T.);
#1401=ORIENTED_EDGE('',*,*,#2622,.F.);
#1402=ORIENTED_EDGE('',*,*,#2578,.T.);
#1403=ORIENTED_EDGE('',*,*,#2601,.F.);
#1404=ORIENTED_EDGE('',*,*,#2597,.F.);
#1405=ORIENTED_EDGE('',*,*,#2619,.F.);
#1406=ORIENTED_EDGE('',*,*,#2589,.T.);
#1407=ORIENTED_EDGE('',*,*,#2603,.F.);
#1408=ORIENTED_EDGE('',*,*,#2574,.F.);
#1409=ORIENTED_EDGE('',*,*,#2615,.F.);
#1410=ORIENTED_EDGE('',*,*,#2649,.T.);
#1411=ORIENTED_EDGE('',*,*,#2662,.F.);
#1412=ORIENTED_EDGE('',*,*,#2671,.F.);
#1413=ORIENTED_EDGE('',*,*,#2672,.F.);
#1414=ORIENTED_EDGE('',*,*,#2581,.T.);
#1415=ORIENTED_EDGE('',*,*,#2582,.T.);
#1416=ORIENTED_EDGE('',*,*,#2672,.T.);
#1417=ORIENTED_EDGE('',*,*,#2670,.T.);
#1418=ORIENTED_EDGE('',*,*,#2668,.T.);
#1419=ORIENTED_EDGE('',*,*,#2623,.T.);
#1420=ORIENTED_EDGE('',*,*,#2673,.F.);
#1421=ORIENTED_EDGE('',*,*,#2569,.T.);
#1422=ORIENTED_EDGE('',*,*,#2634,.T.);
#1423=ORIENTED_EDGE('',*,*,#2673,.T.);
#1424=ORIENTED_EDGE('',*,*,#2674,.T.);
#1425=ORIENTED_EDGE('',*,*,#2674,.F.);
#1426=ORIENTED_EDGE('',*,*,#2564,.T.);
#1427=ORIENTED_EDGE('',*,*,#2647,.T.);
#1428=ORIENTED_EDGE('',*,*,#2675,.F.);
#1429=ORIENTED_EDGE('',*,*,#2676,.T.);
#1430=ORIENTED_EDGE('',*,*,#2677,.F.);
#1431=ORIENTED_EDGE('',*,*,#2678,.T.);
#1432=ORIENTED_EDGE('',*,*,#2679,.F.);
#1433=ORIENTED_EDGE('',*,*,#2680,.F.);
#1434=ORIENTED_EDGE('',*,*,#2681,.F.);
#1435=ORIENTED_EDGE('',*,*,#2682,.F.);
#1436=ORIENTED_EDGE('',*,*,#2676,.F.);
#1437=ORIENTED_EDGE('',*,*,#2683,.T.);
#1438=ORIENTED_EDGE('',*,*,#2682,.T.);
#1439=ORIENTED_EDGE('',*,*,#2684,.F.);
#1440=ORIENTED_EDGE('',*,*,#2680,.T.);
#1441=ORIENTED_EDGE('',*,*,#2685,.T.);
#1442=ORIENTED_EDGE('',*,*,#2678,.F.);
#1443=ORIENTED_EDGE('',*,*,#2686,.F.);
#1444=ORIENTED_EDGE('',*,*,#2687,.F.);
#1445=ORIENTED_EDGE('',*,*,#2688,.F.);
#1446=ORIENTED_EDGE('',*,*,#2689,.F.);
#1447=ORIENTED_EDGE('',*,*,#2690,.F.);
#1448=ORIENTED_EDGE('',*,*,#2691,.F.);
#1449=ORIENTED_EDGE('',*,*,#2692,.F.);
#1450=ORIENTED_EDGE('',*,*,#2693,.F.);
#1451=ORIENTED_EDGE('',*,*,#2694,.F.);
#1452=ORIENTED_EDGE('',*,*,#2695,.F.);
#1453=ORIENTED_EDGE('',*,*,#2696,.F.);
#1454=ORIENTED_EDGE('',*,*,#2697,.F.);
#1455=ORIENTED_EDGE('',*,*,#2698,.F.);
#1456=ORIENTED_EDGE('',*,*,#2699,.F.);
#1457=ORIENTED_EDGE('',*,*,#2700,.F.);
#1458=ORIENTED_EDGE('',*,*,#2701,.F.);
#1459=ORIENTED_EDGE('',*,*,#2702,.F.);
#1460=ORIENTED_EDGE('',*,*,#2703,.F.);
#1461=ORIENTED_EDGE('',*,*,#2704,.F.);
#1462=ORIENTED_EDGE('',*,*,#2705,.F.);
#1463=ORIENTED_EDGE('',*,*,#2706,.F.);
#1464=ORIENTED_EDGE('',*,*,#2681,.T.);
#1465=ORIENTED_EDGE('',*,*,#2686,.T.);
#1466=ORIENTED_EDGE('',*,*,#2677,.T.);
#1467=ORIENTED_EDGE('',*,*,#2684,.T.);
#1468=ORIENTED_EDGE('',*,*,#2707,.T.);
#1469=ORIENTED_EDGE('',*,*,#2706,.T.);
#1470=ORIENTED_EDGE('',*,*,#2708,.T.);
#1471=ORIENTED_EDGE('',*,*,#2705,.T.);
#1472=ORIENTED_EDGE('',*,*,#2709,.T.);
#1473=ORIENTED_EDGE('',*,*,#2704,.T.);
#1474=ORIENTED_EDGE('',*,*,#2710,.T.);
#1475=ORIENTED_EDGE('',*,*,#2703,.T.);
#1476=ORIENTED_EDGE('',*,*,#2711,.T.);
#1477=ORIENTED_EDGE('',*,*,#2702,.T.);
#1478=ORIENTED_EDGE('',*,*,#2712,.T.);
#1479=ORIENTED_EDGE('',*,*,#2701,.T.);
#1480=ORIENTED_EDGE('',*,*,#2713,.T.);
#1481=ORIENTED_EDGE('',*,*,#2700,.T.);
#1482=ORIENTED_EDGE('',*,*,#2714,.T.);
#1483=ORIENTED_EDGE('',*,*,#2699,.T.);
#1484=ORIENTED_EDGE('',*,*,#2715,.T.);
#1485=ORIENTED_EDGE('',*,*,#2698,.T.);
#1486=ORIENTED_EDGE('',*,*,#2716,.T.);
#1487=ORIENTED_EDGE('',*,*,#2697,.T.);
#1488=ORIENTED_EDGE('',*,*,#2717,.T.);
#1489=ORIENTED_EDGE('',*,*,#2696,.T.);
#1490=ORIENTED_EDGE('',*,*,#2718,.T.);
#1491=ORIENTED_EDGE('',*,*,#2695,.T.);
#1492=ORIENTED_EDGE('',*,*,#2719,.T.);
#1493=ORIENTED_EDGE('',*,*,#2694,.T.);
#1494=ORIENTED_EDGE('',*,*,#2720,.T.);
#1495=ORIENTED_EDGE('',*,*,#2693,.T.);
#1496=ORIENTED_EDGE('',*,*,#2721,.T.);
#1497=ORIENTED_EDGE('',*,*,#2692,.T.);
#1498=ORIENTED_EDGE('',*,*,#2722,.T.);
#1499=ORIENTED_EDGE('',*,*,#2691,.T.);
#1500=ORIENTED_EDGE('',*,*,#2723,.T.);
#1501=ORIENTED_EDGE('',*,*,#2690,.T.);
#1502=ORIENTED_EDGE('',*,*,#2724,.T.);
#1503=ORIENTED_EDGE('',*,*,#2689,.T.);
#1504=ORIENTED_EDGE('',*,*,#2725,.T.);
#1505=ORIENTED_EDGE('',*,*,#2688,.T.);
#1506=ORIENTED_EDGE('',*,*,#2726,.T.);
#1507=ORIENTED_EDGE('',*,*,#2687,.T.);
#1508=ORIENTED_EDGE('',*,*,#2725,.F.);
#1509=ORIENTED_EDGE('',*,*,#2724,.F.);
#1510=ORIENTED_EDGE('',*,*,#2723,.F.);
#1511=ORIENTED_EDGE('',*,*,#2722,.F.);
#1512=ORIENTED_EDGE('',*,*,#2721,.F.);
#1513=ORIENTED_EDGE('',*,*,#2720,.F.);
#1514=ORIENTED_EDGE('',*,*,#2719,.F.);
#1515=ORIENTED_EDGE('',*,*,#2718,.F.);
#1516=ORIENTED_EDGE('',*,*,#2717,.F.);
#1517=ORIENTED_EDGE('',*,*,#2716,.F.);
#1518=ORIENTED_EDGE('',*,*,#2715,.F.);
#1519=ORIENTED_EDGE('',*,*,#2714,.F.);
#1520=ORIENTED_EDGE('',*,*,#2713,.F.);
#1521=ORIENTED_EDGE('',*,*,#2712,.F.);
#1522=ORIENTED_EDGE('',*,*,#2711,.F.);
#1523=ORIENTED_EDGE('',*,*,#2710,.F.);
#1524=ORIENTED_EDGE('',*,*,#2709,.F.);
#1525=ORIENTED_EDGE('',*,*,#2708,.F.);
#1526=ORIENTED_EDGE('',*,*,#2707,.F.);
#1527=ORIENTED_EDGE('',*,*,#2726,.F.);
#1528=ORIENTED_EDGE('',*,*,#2675,.T.);
#1529=ORIENTED_EDGE('',*,*,#2685,.F.);
#1530=ORIENTED_EDGE('',*,*,#2679,.T.);
#1531=ORIENTED_EDGE('',*,*,#2683,.F.);
#1532=ORIENTED_EDGE('',*,*,#2727,.F.);
#1533=ORIENTED_EDGE('',*,*,#2728,.T.);
#1534=ORIENTED_EDGE('',*,*,#2729,.T.);
#1535=ORIENTED_EDGE('',*,*,#2730,.T.);
#1536=ORIENTED_EDGE('',*,*,#2731,.F.);
#1537=ORIENTED_EDGE('',*,*,#2732,.T.);
#1538=ORIENTED_EDGE('',*,*,#2733,.T.);
#1539=ORIENTED_EDGE('',*,*,#2734,.T.);
#1540=ORIENTED_EDGE('',*,*,#2735,.F.);
#1541=ORIENTED_EDGE('',*,*,#2736,.T.);
#1542=ORIENTED_EDGE('',*,*,#2737,.T.);
#1543=ORIENTED_EDGE('',*,*,#2738,.T.);
#1544=ORIENTED_EDGE('',*,*,#2739,.F.);
#1545=ORIENTED_EDGE('',*,*,#2740,.F.);
#1546=ORIENTED_EDGE('',*,*,#2741,.F.);
#1547=ORIENTED_EDGE('',*,*,#2742,.F.);
#1548=ORIENTED_EDGE('',*,*,#2743,.F.);
#1549=ORIENTED_EDGE('',*,*,#2744,.F.);
#1550=ORIENTED_EDGE('',*,*,#2745,.F.);
#1551=ORIENTED_EDGE('',*,*,#2746,.F.);
#1552=ORIENTED_EDGE('',*,*,#2747,.F.);
#1553=ORIENTED_EDGE('',*,*,#2748,.F.);
#1554=ORIENTED_EDGE('',*,*,#2749,.F.);
#1555=ORIENTED_EDGE('',*,*,#2750,.F.);
#1556=ORIENTED_EDGE('',*,*,#2740,.T.);
#1557=ORIENTED_EDGE('',*,*,#2751,.T.);
#1558=ORIENTED_EDGE('',*,*,#2738,.F.);
#1559=ORIENTED_EDGE('',*,*,#2752,.F.);
#1560=ORIENTED_EDGE('',*,*,#2728,.F.);
#1561=ORIENTED_EDGE('',*,*,#2753,.T.);
#1562=ORIENTED_EDGE('',*,*,#2750,.T.);
#1563=ORIENTED_EDGE('',*,*,#2754,.T.);
#1564=ORIENTED_EDGE('',*,*,#2755,.F.);
#1565=ORIENTED_EDGE('',*,*,#2756,.F.);
#1566=ORIENTED_EDGE('',*,*,#2757,.T.);
#1567=ORIENTED_EDGE('',*,*,#2758,.F.);
#1568=ORIENTED_EDGE('',*,*,#2759,.F.);
#1569=ORIENTED_EDGE('',*,*,#2760,.F.);
#1570=ORIENTED_EDGE('',*,*,#2761,.T.);
#1571=ORIENTED_EDGE('',*,*,#2762,.F.);
#1572=ORIENTED_EDGE('',*,*,#2763,.F.);
#1573=ORIENTED_EDGE('',*,*,#2764,.F.);
#1574=ORIENTED_EDGE('',*,*,#2765,.T.);
#1575=ORIENTED_EDGE('',*,*,#2766,.F.);
#1576=ORIENTED_EDGE('',*,*,#2767,.F.);
#1577=ORIENTED_EDGE('',*,*,#2768,.F.);
#1578=ORIENTED_EDGE('',*,*,#2769,.T.);
#1579=ORIENTED_EDGE('',*,*,#2770,.F.);
#1580=ORIENTED_EDGE('',*,*,#2771,.F.);
#1581=ORIENTED_EDGE('',*,*,#2772,.F.);
#1582=ORIENTED_EDGE('',*,*,#2773,.T.);
#1583=ORIENTED_EDGE('',*,*,#2774,.F.);
#1584=ORIENTED_EDGE('',*,*,#2775,.F.);
#1585=ORIENTED_EDGE('',*,*,#2776,.F.);
#1586=ORIENTED_EDGE('',*,*,#2777,.T.);
#1587=ORIENTED_EDGE('',*,*,#2778,.F.);
#1588=ORIENTED_EDGE('',*,*,#2779,.F.);
#1589=ORIENTED_EDGE('',*,*,#2780,.F.);
#1590=ORIENTED_EDGE('',*,*,#2781,.T.);
#1591=ORIENTED_EDGE('',*,*,#2782,.F.);
#1592=ORIENTED_EDGE('',*,*,#2783,.F.);
#1593=ORIENTED_EDGE('',*,*,#2784,.F.);
#1594=ORIENTED_EDGE('',*,*,#2785,.T.);
#1595=ORIENTED_EDGE('',*,*,#2786,.F.);
#1596=ORIENTED_EDGE('',*,*,#2787,.F.);
#1597=ORIENTED_EDGE('',*,*,#2788,.F.);
#1598=ORIENTED_EDGE('',*,*,#2789,.T.);
#1599=ORIENTED_EDGE('',*,*,#2790,.F.);
#1600=ORIENTED_EDGE('',*,*,#2791,.F.);
#1601=ORIENTED_EDGE('',*,*,#2792,.F.);
#1602=ORIENTED_EDGE('',*,*,#2793,.T.);
#1603=ORIENTED_EDGE('',*,*,#2794,.F.);
#1604=ORIENTED_EDGE('',*,*,#2795,.F.);
#1605=ORIENTED_EDGE('',*,*,#2796,.F.);
#1606=ORIENTED_EDGE('',*,*,#2797,.T.);
#1607=ORIENTED_EDGE('',*,*,#2798,.F.);
#1608=ORIENTED_EDGE('',*,*,#2799,.F.);
#1609=ORIENTED_EDGE('',*,*,#2800,.F.);
#1610=ORIENTED_EDGE('',*,*,#2801,.T.);
#1611=ORIENTED_EDGE('',*,*,#2802,.F.);
#1612=ORIENTED_EDGE('',*,*,#2803,.F.);
#1613=ORIENTED_EDGE('',*,*,#2804,.F.);
#1614=ORIENTED_EDGE('',*,*,#2805,.T.);
#1615=ORIENTED_EDGE('',*,*,#2806,.F.);
#1616=ORIENTED_EDGE('',*,*,#2807,.F.);
#1617=ORIENTED_EDGE('',*,*,#2808,.F.);
#1618=ORIENTED_EDGE('',*,*,#2809,.T.);
#1619=ORIENTED_EDGE('',*,*,#2810,.F.);
#1620=ORIENTED_EDGE('',*,*,#2811,.F.);
#1621=ORIENTED_EDGE('',*,*,#2812,.F.);
#1622=ORIENTED_EDGE('',*,*,#2813,.T.);
#1623=ORIENTED_EDGE('',*,*,#2814,.F.);
#1624=ORIENTED_EDGE('',*,*,#2815,.F.);
#1625=ORIENTED_EDGE('',*,*,#2816,.F.);
#1626=ORIENTED_EDGE('',*,*,#2817,.T.);
#1627=ORIENTED_EDGE('',*,*,#2818,.F.);
#1628=ORIENTED_EDGE('',*,*,#2819,.F.);
#1629=ORIENTED_EDGE('',*,*,#2820,.F.);
#1630=ORIENTED_EDGE('',*,*,#2821,.T.);
#1631=ORIENTED_EDGE('',*,*,#2822,.F.);
#1632=ORIENTED_EDGE('',*,*,#2823,.F.);
#1633=ORIENTED_EDGE('',*,*,#2824,.F.);
#1634=ORIENTED_EDGE('',*,*,#2825,.T.);
#1635=ORIENTED_EDGE('',*,*,#2826,.F.);
#1636=ORIENTED_EDGE('',*,*,#2827,.F.);
#1637=ORIENTED_EDGE('',*,*,#2828,.F.);
#1638=ORIENTED_EDGE('',*,*,#2829,.T.);
#1639=ORIENTED_EDGE('',*,*,#2830,.F.);
#1640=ORIENTED_EDGE('',*,*,#2831,.F.);
#1641=ORIENTED_EDGE('',*,*,#2832,.F.);
#1642=ORIENTED_EDGE('',*,*,#2833,.T.);
#1643=ORIENTED_EDGE('',*,*,#2834,.F.);
#1644=ORIENTED_EDGE('',*,*,#2835,.T.);
#1645=ORIENTED_EDGE('',*,*,#2836,.F.);
#1646=ORIENTED_EDGE('',*,*,#2757,.F.);
#1647=ORIENTED_EDGE('',*,*,#2837,.F.);
#1648=ORIENTED_EDGE('',*,*,#2838,.T.);
#1649=ORIENTED_EDGE('',*,*,#2839,.F.);
#1650=ORIENTED_EDGE('',*,*,#2761,.F.);
#1651=ORIENTED_EDGE('',*,*,#2840,.F.);
#1652=ORIENTED_EDGE('',*,*,#2841,.T.);
#1653=ORIENTED_EDGE('',*,*,#2842,.F.);
#1654=ORIENTED_EDGE('',*,*,#2765,.F.);
#1655=ORIENTED_EDGE('',*,*,#2843,.F.);
#1656=ORIENTED_EDGE('',*,*,#2844,.T.);
#1657=ORIENTED_EDGE('',*,*,#2845,.F.);
#1658=ORIENTED_EDGE('',*,*,#2769,.F.);
#1659=ORIENTED_EDGE('',*,*,#2846,.F.);
#1660=ORIENTED_EDGE('',*,*,#2847,.T.);
#1661=ORIENTED_EDGE('',*,*,#2848,.F.);
#1662=ORIENTED_EDGE('',*,*,#2773,.F.);
#1663=ORIENTED_EDGE('',*,*,#2849,.F.);
#1664=ORIENTED_EDGE('',*,*,#2850,.T.);
#1665=ORIENTED_EDGE('',*,*,#2851,.F.);
#1666=ORIENTED_EDGE('',*,*,#2777,.F.);
#1667=ORIENTED_EDGE('',*,*,#2852,.F.);
#1668=ORIENTED_EDGE('',*,*,#2853,.T.);
#1669=ORIENTED_EDGE('',*,*,#2854,.F.);
#1670=ORIENTED_EDGE('',*,*,#2781,.F.);
#1671=ORIENTED_EDGE('',*,*,#2855,.F.);
#1672=ORIENTED_EDGE('',*,*,#2856,.T.);
#1673=ORIENTED_EDGE('',*,*,#2857,.F.);
#1674=ORIENTED_EDGE('',*,*,#2785,.F.);
#1675=ORIENTED_EDGE('',*,*,#2858,.F.);
#1676=ORIENTED_EDGE('',*,*,#2859,.T.);
#1677=ORIENTED_EDGE('',*,*,#2860,.F.);
#1678=ORIENTED_EDGE('',*,*,#2789,.F.);
#1679=ORIENTED_EDGE('',*,*,#2861,.F.);
#1680=ORIENTED_EDGE('',*,*,#2862,.T.);
#1681=ORIENTED_EDGE('',*,*,#2863,.F.);
#1682=ORIENTED_EDGE('',*,*,#2793,.F.);
#1683=ORIENTED_EDGE('',*,*,#2864,.F.);
#1684=ORIENTED_EDGE('',*,*,#2865,.T.);
#1685=ORIENTED_EDGE('',*,*,#2866,.T.);
#1686=ORIENTED_EDGE('',*,*,#2867,.T.);
#1687=ORIENTED_EDGE('',*,*,#2868,.T.);
#1688=ORIENTED_EDGE('',*,*,#2794,.T.);
#1689=ORIENTED_EDGE('',*,*,#2863,.T.);
#1690=ORIENTED_EDGE('',*,*,#2869,.F.);
#1691=ORIENTED_EDGE('',*,*,#2870,.T.);
#1692=ORIENTED_EDGE('',*,*,#2871,.T.);
#1693=ORIENTED_EDGE('',*,*,#2872,.T.);
#1694=ORIENTED_EDGE('',*,*,#2873,.F.);
#1695=ORIENTED_EDGE('',*,*,#2874,.T.);
#1696=ORIENTED_EDGE('',*,*,#2796,.T.);
#1697=ORIENTED_EDGE('',*,*,#2875,.T.);
#1698=ORIENTED_EDGE('',*,*,#2876,.T.);
#1699=ORIENTED_EDGE('',*,*,#2877,.T.);
#1700=ORIENTED_EDGE('',*,*,#2731,.T.);
#1701=ORIENTED_EDGE('',*,*,#2878,.T.);
#1702=ORIENTED_EDGE('',*,*,#2865,.F.);
#1703=ORIENTED_EDGE('',*,*,#2879,.T.);
#1704=ORIENTED_EDGE('',*,*,#2735,.T.);
#1705=ORIENTED_EDGE('',*,*,#2880,.T.);
#1706=ORIENTED_EDGE('',*,*,#2871,.F.);
#1707=ORIENTED_EDGE('',*,*,#2881,.T.);
#1708=ORIENTED_EDGE('',*,*,#2882,.T.);
#1709=ORIENTED_EDGE('',*,*,#2883,.T.);
#1710=ORIENTED_EDGE('',*,*,#2884,.T.);
#1711=ORIENTED_EDGE('',*,*,#2885,.T.);
#1712=ORIENTED_EDGE('',*,*,#2790,.T.);
#1713=ORIENTED_EDGE('',*,*,#2860,.T.);
#1714=ORIENTED_EDGE('',*,*,#2886,.F.);
#1715=ORIENTED_EDGE('',*,*,#2887,.T.);
#1716=ORIENTED_EDGE('',*,*,#2888,.T.);
#1717=ORIENTED_EDGE('',*,*,#2889,.T.);
#1718=ORIENTED_EDGE('',*,*,#2890,.F.);
#1719=ORIENTED_EDGE('',*,*,#2891,.T.);
#1720=ORIENTED_EDGE('',*,*,#2800,.T.);
#1721=ORIENTED_EDGE('',*,*,#2892,.T.);
#1722=ORIENTED_EDGE('',*,*,#2893,.T.);
#1723=ORIENTED_EDGE('',*,*,#2894,.T.);
#1724=ORIENTED_EDGE('',*,*,#2895,.T.);
#1725=ORIENTED_EDGE('',*,*,#2896,.T.);
#1726=ORIENTED_EDGE('',*,*,#2897,.F.);
#1727=ORIENTED_EDGE('',*,*,#2898,.T.);
#1728=ORIENTED_EDGE('',*,*,#2899,.F.);
#1729=ORIENTED_EDGE('',*,*,#2864,.T.);
#1730=ORIENTED_EDGE('',*,*,#2792,.T.);
#1731=ORIENTED_EDGE('',*,*,#2900,.T.);
#1732=ORIENTED_EDGE('',*,*,#2901,.F.);
#1733=ORIENTED_EDGE('',*,*,#2902,.T.);
#1734=ORIENTED_EDGE('',*,*,#2903,.F.);
#1735=ORIENTED_EDGE('',*,*,#2904,.T.);
#1736=ORIENTED_EDGE('',*,*,#2905,.T.);
#1737=ORIENTED_EDGE('',*,*,#2906,.T.);
#1738=ORIENTED_EDGE('',*,*,#2798,.T.);
#1739=ORIENTED_EDGE('',*,*,#2907,.T.);
#1740=ORIENTED_EDGE('',*,*,#2897,.T.);
#1741=ORIENTED_EDGE('',*,*,#2908,.T.);
#1742=ORIENTED_EDGE('',*,*,#2882,.F.);
#1743=ORIENTED_EDGE('',*,*,#2909,.T.);
#1744=ORIENTED_EDGE('',*,*,#2903,.T.);
#1745=ORIENTED_EDGE('',*,*,#2910,.T.);
#1746=ORIENTED_EDGE('',*,*,#2888,.F.);
#1747=ORIENTED_EDGE('',*,*,#2911,.T.);
#1748=ORIENTED_EDGE('',*,*,#2912,.T.);
#1749=ORIENTED_EDGE('',*,*,#2913,.T.);
#1750=ORIENTED_EDGE('',*,*,#2914,.T.);
#1751=ORIENTED_EDGE('',*,*,#2915,.T.);
#1752=ORIENTED_EDGE('',*,*,#2786,.T.);
#1753=ORIENTED_EDGE('',*,*,#2857,.T.);
#1754=ORIENTED_EDGE('',*,*,#2916,.F.);
#1755=ORIENTED_EDGE('',*,*,#2917,.T.);
#1756=ORIENTED_EDGE('',*,*,#2918,.T.);
#1757=ORIENTED_EDGE('',*,*,#2919,.T.);
#1758=ORIENTED_EDGE('',*,*,#2920,.F.);
#1759=ORIENTED_EDGE('',*,*,#2921,.T.);
#1760=ORIENTED_EDGE('',*,*,#2804,.T.);
#1761=ORIENTED_EDGE('',*,*,#2922,.T.);
#1762=ORIENTED_EDGE('',*,*,#2923,.T.);
#1763=ORIENTED_EDGE('',*,*,#2924,.T.);
#1764=ORIENTED_EDGE('',*,*,#2925,.T.);
#1765=ORIENTED_EDGE('',*,*,#2926,.T.);
#1766=ORIENTED_EDGE('',*,*,#2927,.F.);
#1767=ORIENTED_EDGE('',*,*,#2928,.T.);
#1768=ORIENTED_EDGE('',*,*,#2929,.F.);
#1769=ORIENTED_EDGE('',*,*,#2861,.T.);
#1770=ORIENTED_EDGE('',*,*,#2788,.T.);
#1771=ORIENTED_EDGE('',*,*,#2930,.T.);
#1772=ORIENTED_EDGE('',*,*,#2931,.F.);
#1773=ORIENTED_EDGE('',*,*,#2932,.T.);
#1774=ORIENTED_EDGE('',*,*,#2933,.F.);
#1775=ORIENTED_EDGE('',*,*,#2934,.T.);
#1776=ORIENTED_EDGE('',*,*,#2935,.T.);
#1777=ORIENTED_EDGE('',*,*,#2936,.T.);
#1778=ORIENTED_EDGE('',*,*,#2802,.T.);
#1779=ORIENTED_EDGE('',*,*,#2937,.T.);
#1780=ORIENTED_EDGE('',*,*,#2927,.T.);
#1781=ORIENTED_EDGE('',*,*,#2938,.T.);
#1782=ORIENTED_EDGE('',*,*,#2912,.F.);
#1783=ORIENTED_EDGE('',*,*,#2939,.T.);
#1784=ORIENTED_EDGE('',*,*,#2933,.T.);
#1785=ORIENTED_EDGE('',*,*,#2940,.T.);
#1786=ORIENTED_EDGE('',*,*,#2918,.F.);
#1787=ORIENTED_EDGE('',*,*,#2941,.T.);
#1788=ORIENTED_EDGE('',*,*,#2942,.T.);
#1789=ORIENTED_EDGE('',*,*,#2943,.T.);
#1790=ORIENTED_EDGE('',*,*,#2944,.T.);
#1791=ORIENTED_EDGE('',*,*,#2945,.T.);
#1792=ORIENTED_EDGE('',*,*,#2782,.T.);
#1793=ORIENTED_EDGE('',*,*,#2854,.T.);
#1794=ORIENTED_EDGE('',*,*,#2946,.F.);
#1795=ORIENTED_EDGE('',*,*,#2947,.T.);
#1796=ORIENTED_EDGE('',*,*,#2948,.T.);
#1797=ORIENTED_EDGE('',*,*,#2949,.T.);
#1798=ORIENTED_EDGE('',*,*,#2950,.F.);
#1799=ORIENTED_EDGE('',*,*,#2951,.T.);
#1800=ORIENTED_EDGE('',*,*,#2808,.T.);
#1801=ORIENTED_EDGE('',*,*,#2952,.T.);
#1802=ORIENTED_EDGE('',*,*,#2953,.T.);
#1803=ORIENTED_EDGE('',*,*,#2954,.T.);
#1804=ORIENTED_EDGE('',*,*,#2955,.T.);
#1805=ORIENTED_EDGE('',*,*,#2956,.T.);
#1806=ORIENTED_EDGE('',*,*,#2957,.F.);
#1807=ORIENTED_EDGE('',*,*,#2958,.T.);
#1808=ORIENTED_EDGE('',*,*,#2959,.F.);
#1809=ORIENTED_EDGE('',*,*,#2858,.T.);
#1810=ORIENTED_EDGE('',*,*,#2784,.T.);
#1811=ORIENTED_EDGE('',*,*,#2960,.T.);
#1812=ORIENTED_EDGE('',*,*,#2961,.F.);
#1813=ORIENTED_EDGE('',*,*,#2962,.T.);
#1814=ORIENTED_EDGE('',*,*,#2963,.F.);
#1815=ORIENTED_EDGE('',*,*,#2964,.T.);
#1816=ORIENTED_EDGE('',*,*,#2965,.T.);
#1817=ORIENTED_EDGE('',*,*,#2966,.T.);
#1818=ORIENTED_EDGE('',*,*,#2806,.T.);
#1819=ORIENTED_EDGE('',*,*,#2967,.T.);
#1820=ORIENTED_EDGE('',*,*,#2957,.T.);
#1821=ORIENTED_EDGE('',*,*,#2968,.T.);
#1822=ORIENTED_EDGE('',*,*,#2942,.F.);
#1823=ORIENTED_EDGE('',*,*,#2969,.T.);
#1824=ORIENTED_EDGE('',*,*,#2963,.T.);
#1825=ORIENTED_EDGE('',*,*,#2970,.T.);
#1826=ORIENTED_EDGE('',*,*,#2948,.F.);
#1827=ORIENTED_EDGE('',*,*,#2971,.T.);
#1828=ORIENTED_EDGE('',*,*,#2972,.T.);
#1829=ORIENTED_EDGE('',*,*,#2973,.T.);
#1830=ORIENTED_EDGE('',*,*,#2974,.T.);
#1831=ORIENTED_EDGE('',*,*,#2975,.T.);
#1832=ORIENTED_EDGE('',*,*,#2778,.T.);
#1833=ORIENTED_EDGE('',*,*,#2851,.T.);
#1834=ORIENTED_EDGE('',*,*,#2976,.F.);
#1835=ORIENTED_EDGE('',*,*,#2977,.T.);
#1836=ORIENTED_EDGE('',*,*,#2978,.T.);
#1837=ORIENTED_EDGE('',*,*,#2979,.T.);
#1838=ORIENTED_EDGE('',*,*,#2980,.F.);
#1839=ORIENTED_EDGE('',*,*,#2981,.T.);
#1840=ORIENTED_EDGE('',*,*,#2812,.T.);
#1841=ORIENTED_EDGE('',*,*,#2982,.T.);
#1842=ORIENTED_EDGE('',*,*,#2983,.T.);
#1843=ORIENTED_EDGE('',*,*,#2984,.T.);
#1844=ORIENTED_EDGE('',*,*,#2985,.T.);
#1845=ORIENTED_EDGE('',*,*,#2986,.T.);
#1846=ORIENTED_EDGE('',*,*,#2987,.F.);
#1847=ORIENTED_EDGE('',*,*,#2988,.T.);
#1848=ORIENTED_EDGE('',*,*,#2989,.F.);
#1849=ORIENTED_EDGE('',*,*,#2855,.T.);
#1850=ORIENTED_EDGE('',*,*,#2780,.T.);
#1851=ORIENTED_EDGE('',*,*,#2990,.T.);
#1852=ORIENTED_EDGE('',*,*,#2991,.F.);
#1853=ORIENTED_EDGE('',*,*,#2992,.T.);
#1854=ORIENTED_EDGE('',*,*,#2993,.F.);
#1855=ORIENTED_EDGE('',*,*,#2994,.T.);
#1856=ORIENTED_EDGE('',*,*,#2995,.T.);
#1857=ORIENTED_EDGE('',*,*,#2996,.T.);
#1858=ORIENTED_EDGE('',*,*,#2810,.T.);
#1859=ORIENTED_EDGE('',*,*,#2997,.T.);
#1860=ORIENTED_EDGE('',*,*,#2987,.T.);
#1861=ORIENTED_EDGE('',*,*,#2998,.T.);
#1862=ORIENTED_EDGE('',*,*,#2972,.F.);
#1863=ORIENTED_EDGE('',*,*,#2999,.T.);
#1864=ORIENTED_EDGE('',*,*,#2993,.T.);
#1865=ORIENTED_EDGE('',*,*,#3000,.T.);
#1866=ORIENTED_EDGE('',*,*,#2978,.F.);
#1867=ORIENTED_EDGE('',*,*,#3001,.T.);
#1868=ORIENTED_EDGE('',*,*,#3002,.T.);
#1869=ORIENTED_EDGE('',*,*,#3003,.T.);
#1870=ORIENTED_EDGE('',*,*,#3004,.T.);
#1871=ORIENTED_EDGE('',*,*,#3005,.T.);
#1872=ORIENTED_EDGE('',*,*,#2774,.T.);
#1873=ORIENTED_EDGE('',*,*,#2848,.T.);
#1874=ORIENTED_EDGE('',*,*,#3006,.F.);
#1875=ORIENTED_EDGE('',*,*,#3007,.T.);
#1876=ORIENTED_EDGE('',*,*,#3008,.T.);
#1877=ORIENTED_EDGE('',*,*,#3009,.T.);
#1878=ORIENTED_EDGE('',*,*,#3010,.F.);
#1879=ORIENTED_EDGE('',*,*,#3011,.T.);
#1880=ORIENTED_EDGE('',*,*,#2816,.T.);
#1881=ORIENTED_EDGE('',*,*,#3012,.T.);
#1882=ORIENTED_EDGE('',*,*,#3013,.T.);
#1883=ORIENTED_EDGE('',*,*,#3014,.T.);
#1884=ORIENTED_EDGE('',*,*,#3015,.T.);
#1885=ORIENTED_EDGE('',*,*,#3016,.T.);
#1886=ORIENTED_EDGE('',*,*,#3017,.F.);
#1887=ORIENTED_EDGE('',*,*,#3018,.T.);
#1888=ORIENTED_EDGE('',*,*,#3019,.F.);
#1889=ORIENTED_EDGE('',*,*,#2852,.T.);
#1890=ORIENTED_EDGE('',*,*,#2776,.T.);
#1891=ORIENTED_EDGE('',*,*,#3020,.T.);
#1892=ORIENTED_EDGE('',*,*,#3021,.F.);
#1893=ORIENTED_EDGE('',*,*,#3022,.T.);
#1894=ORIENTED_EDGE('',*,*,#3023,.F.);
#1895=ORIENTED_EDGE('',*,*,#3024,.T.);
#1896=ORIENTED_EDGE('',*,*,#3025,.T.);
#1897=ORIENTED_EDGE('',*,*,#3026,.T.);
#1898=ORIENTED_EDGE('',*,*,#2814,.T.);
#1899=ORIENTED_EDGE('',*,*,#3027,.T.);
#1900=ORIENTED_EDGE('',*,*,#3017,.T.);
#1901=ORIENTED_EDGE('',*,*,#3028,.T.);
#1902=ORIENTED_EDGE('',*,*,#3002,.F.);
#1903=ORIENTED_EDGE('',*,*,#3029,.T.);
#1904=ORIENTED_EDGE('',*,*,#3023,.T.);
#1905=ORIENTED_EDGE('',*,*,#3030,.T.);
#1906=ORIENTED_EDGE('',*,*,#3008,.F.);
#1907=ORIENTED_EDGE('',*,*,#3031,.T.);
#1908=ORIENTED_EDGE('',*,*,#3032,.T.);
#1909=ORIENTED_EDGE('',*,*,#3033,.T.);
#1910=ORIENTED_EDGE('',*,*,#3034,.T.);
#1911=ORIENTED_EDGE('',*,*,#3035,.T.);
#1912=ORIENTED_EDGE('',*,*,#2770,.T.);
#1913=ORIENTED_EDGE('',*,*,#2845,.T.);
#1914=ORIENTED_EDGE('',*,*,#3036,.F.);
#1915=ORIENTED_EDGE('',*,*,#3037,.T.);
#1916=ORIENTED_EDGE('',*,*,#3038,.T.);
#1917=ORIENTED_EDGE('',*,*,#3039,.T.);
#1918=ORIENTED_EDGE('',*,*,#3040,.F.);
#1919=ORIENTED_EDGE('',*,*,#3041,.T.);
#1920=ORIENTED_EDGE('',*,*,#2820,.T.);
#1921=ORIENTED_EDGE('',*,*,#3042,.T.);
#1922=ORIENTED_EDGE('',*,*,#3043,.T.);
#1923=ORIENTED_EDGE('',*,*,#3044,.T.);
#1924=ORIENTED_EDGE('',*,*,#3045,.T.);
#1925=ORIENTED_EDGE('',*,*,#3046,.T.);
#1926=ORIENTED_EDGE('',*,*,#3047,.F.);
#1927=ORIENTED_EDGE('',*,*,#3048,.T.);
#1928=ORIENTED_EDGE('',*,*,#3049,.F.);
#1929=ORIENTED_EDGE('',*,*,#2849,.T.);
#1930=ORIENTED_EDGE('',*,*,#2772,.T.);
#1931=ORIENTED_EDGE('',*,*,#3050,.T.);
#1932=ORIENTED_EDGE('',*,*,#3051,.F.);
#1933=ORIENTED_EDGE('',*,*,#3052,.T.);
#1934=ORIENTED_EDGE('',*,*,#3053,.F.);
#1935=ORIENTED_EDGE('',*,*,#3054,.T.);
#1936=ORIENTED_EDGE('',*,*,#3055,.T.);
#1937=ORIENTED_EDGE('',*,*,#3056,.T.);
#1938=ORIENTED_EDGE('',*,*,#2818,.T.);
#1939=ORIENTED_EDGE('',*,*,#3057,.T.);
#1940=ORIENTED_EDGE('',*,*,#3047,.T.);
#1941=ORIENTED_EDGE('',*,*,#3058,.T.);
#1942=ORIENTED_EDGE('',*,*,#3032,.F.);
#1943=ORIENTED_EDGE('',*,*,#3059,.T.);
#1944=ORIENTED_EDGE('',*,*,#3053,.T.);
#1945=ORIENTED_EDGE('',*,*,#3060,.T.);
#1946=ORIENTED_EDGE('',*,*,#3038,.F.);
#1947=ORIENTED_EDGE('',*,*,#3061,.T.);
#1948=ORIENTED_EDGE('',*,*,#3062,.T.);
#1949=ORIENTED_EDGE('',*,*,#3063,.T.);
#1950=ORIENTED_EDGE('',*,*,#3064,.T.);
#1951=ORIENTED_EDGE('',*,*,#3065,.T.);
#1952=ORIENTED_EDGE('',*,*,#2766,.T.);
#1953=ORIENTED_EDGE('',*,*,#2842,.T.);
#1954=ORIENTED_EDGE('',*,*,#3066,.F.);
#1955=ORIENTED_EDGE('',*,*,#3067,.T.);
#1956=ORIENTED_EDGE('',*,*,#3068,.T.);
#1957=ORIENTED_EDGE('',*,*,#3069,.T.);
#1958=ORIENTED_EDGE('',*,*,#3070,.F.);
#1959=ORIENTED_EDGE('',*,*,#3071,.T.);
#1960=ORIENTED_EDGE('',*,*,#2824,.T.);
#1961=ORIENTED_EDGE('',*,*,#3072,.T.);
#1962=ORIENTED_EDGE('',*,*,#3073,.T.);
#1963=ORIENTED_EDGE('',*,*,#3074,.T.);
#1964=ORIENTED_EDGE('',*,*,#3075,.T.);
#1965=ORIENTED_EDGE('',*,*,#3076,.T.);
#1966=ORIENTED_EDGE('',*,*,#3077,.F.);
#1967=ORIENTED_EDGE('',*,*,#3078,.T.);
#1968=ORIENTED_EDGE('',*,*,#3079,.F.);
#1969=ORIENTED_EDGE('',*,*,#2846,.T.);
#1970=ORIENTED_EDGE('',*,*,#2768,.T.);
#1971=ORIENTED_EDGE('',*,*,#3080,.T.);
#1972=ORIENTED_EDGE('',*,*,#3081,.F.);
#1973=ORIENTED_EDGE('',*,*,#3082,.T.);
#1974=ORIENTED_EDGE('',*,*,#3083,.F.);
#1975=ORIENTED_EDGE('',*,*,#3084,.T.);
#1976=ORIENTED_EDGE('',*,*,#3085,.T.);
#1977=ORIENTED_EDGE('',*,*,#3086,.T.);
#1978=ORIENTED_EDGE('',*,*,#2822,.T.);
#1979=ORIENTED_EDGE('',*,*,#3087,.T.);
#1980=ORIENTED_EDGE('',*,*,#3077,.T.);
#1981=ORIENTED_EDGE('',*,*,#3088,.T.);
#1982=ORIENTED_EDGE('',*,*,#3062,.F.);
#1983=ORIENTED_EDGE('',*,*,#3089,.T.);
#1984=ORIENTED_EDGE('',*,*,#3083,.T.);
#1985=ORIENTED_EDGE('',*,*,#3090,.T.);
#1986=ORIENTED_EDGE('',*,*,#3068,.F.);
#1987=ORIENTED_EDGE('',*,*,#3091,.T.);
#1988=ORIENTED_EDGE('',*,*,#3092,.T.);
#1989=ORIENTED_EDGE('',*,*,#3093,.T.);
#1990=ORIENTED_EDGE('',*,*,#3094,.T.);
#1991=ORIENTED_EDGE('',*,*,#3095,.T.);
#1992=ORIENTED_EDGE('',*,*,#2762,.T.);
#1993=ORIENTED_EDGE('',*,*,#2839,.T.);
#1994=ORIENTED_EDGE('',*,*,#3096,.F.);
#1995=ORIENTED_EDGE('',*,*,#3097,.T.);
#1996=ORIENTED_EDGE('',*,*,#3098,.T.);
#1997=ORIENTED_EDGE('',*,*,#3099,.T.);
#1998=ORIENTED_EDGE('',*,*,#3100,.F.);
#1999=ORIENTED_EDGE('',*,*,#3101,.T.);
#2000=ORIENTED_EDGE('',*,*,#2828,.T.);
#2001=ORIENTED_EDGE('',*,*,#3102,.T.);
#2002=ORIENTED_EDGE('',*,*,#3103,.T.);
#2003=ORIENTED_EDGE('',*,*,#3104,.T.);
#2004=ORIENTED_EDGE('',*,*,#3105,.T.);
#2005=ORIENTED_EDGE('',*,*,#3106,.T.);
#2006=ORIENTED_EDGE('',*,*,#3107,.F.);
#2007=ORIENTED_EDGE('',*,*,#3108,.T.);
#2008=ORIENTED_EDGE('',*,*,#3109,.F.);
#2009=ORIENTED_EDGE('',*,*,#2843,.T.);
#2010=ORIENTED_EDGE('',*,*,#2764,.T.);
#2011=ORIENTED_EDGE('',*,*,#3110,.T.);
#2012=ORIENTED_EDGE('',*,*,#3111,.F.);
#2013=ORIENTED_EDGE('',*,*,#3112,.T.);
#2014=ORIENTED_EDGE('',*,*,#3113,.F.);
#2015=ORIENTED_EDGE('',*,*,#3114,.T.);
#2016=ORIENTED_EDGE('',*,*,#3115,.T.);
#2017=ORIENTED_EDGE('',*,*,#3116,.T.);
#2018=ORIENTED_EDGE('',*,*,#2826,.T.);
#2019=ORIENTED_EDGE('',*,*,#3117,.T.);
#2020=ORIENTED_EDGE('',*,*,#3107,.T.);
#2021=ORIENTED_EDGE('',*,*,#3118,.T.);
#2022=ORIENTED_EDGE('',*,*,#3092,.F.);
#2023=ORIENTED_EDGE('',*,*,#3119,.T.);
#2024=ORIENTED_EDGE('',*,*,#3113,.T.);
#2025=ORIENTED_EDGE('',*,*,#3120,.T.);
#2026=ORIENTED_EDGE('',*,*,#3098,.F.);
#2027=ORIENTED_EDGE('',*,*,#3121,.T.);
#2028=ORIENTED_EDGE('',*,*,#3122,.T.);
#2029=ORIENTED_EDGE('',*,*,#3123,.T.);
#2030=ORIENTED_EDGE('',*,*,#3124,.T.);
#2031=ORIENTED_EDGE('',*,*,#3125,.T.);
#2032=ORIENTED_EDGE('',*,*,#2758,.T.);
#2033=ORIENTED_EDGE('',*,*,#2836,.T.);
#2034=ORIENTED_EDGE('',*,*,#3126,.F.);
#2035=ORIENTED_EDGE('',*,*,#3127,.T.);
#2036=ORIENTED_EDGE('',*,*,#3128,.T.);
#2037=ORIENTED_EDGE('',*,*,#3129,.T.);
#2038=ORIENTED_EDGE('',*,*,#3130,.F.);
#2039=ORIENTED_EDGE('',*,*,#3131,.T.);
#2040=ORIENTED_EDGE('',*,*,#2832,.T.);
#2041=ORIENTED_EDGE('',*,*,#3132,.T.);
#2042=ORIENTED_EDGE('',*,*,#3133,.T.);
#2043=ORIENTED_EDGE('',*,*,#3134,.T.);
#2044=ORIENTED_EDGE('',*,*,#3135,.T.);
#2045=ORIENTED_EDGE('',*,*,#3136,.T.);
#2046=ORIENTED_EDGE('',*,*,#3137,.F.);
#2047=ORIENTED_EDGE('',*,*,#3138,.T.);
#2048=ORIENTED_EDGE('',*,*,#3139,.F.);
#2049=ORIENTED_EDGE('',*,*,#2840,.T.);
#2050=ORIENTED_EDGE('',*,*,#2760,.T.);
#2051=ORIENTED_EDGE('',*,*,#3140,.T.);
#2052=ORIENTED_EDGE('',*,*,#3141,.F.);
#2053=ORIENTED_EDGE('',*,*,#3142,.T.);
#2054=ORIENTED_EDGE('',*,*,#3143,.F.);
#2055=ORIENTED_EDGE('',*,*,#3144,.T.);
#2056=ORIENTED_EDGE('',*,*,#3145,.T.);
#2057=ORIENTED_EDGE('',*,*,#3146,.T.);
#2058=ORIENTED_EDGE('',*,*,#2830,.T.);
#2059=ORIENTED_EDGE('',*,*,#3147,.T.);
#2060=ORIENTED_EDGE('',*,*,#3137,.T.);
#2061=ORIENTED_EDGE('',*,*,#3148,.T.);
#2062=ORIENTED_EDGE('',*,*,#3122,.F.);
#2063=ORIENTED_EDGE('',*,*,#3149,.T.);
#2064=ORIENTED_EDGE('',*,*,#3143,.T.);
#2065=ORIENTED_EDGE('',*,*,#3150,.T.);
#2066=ORIENTED_EDGE('',*,*,#3128,.F.);
#2067=ORIENTED_EDGE('',*,*,#3151,.T.);
#2068=ORIENTED_EDGE('',*,*,#3152,.T.);
#2069=ORIENTED_EDGE('',*,*,#3153,.T.);
#2070=ORIENTED_EDGE('',*,*,#2747,.T.);
#2071=ORIENTED_EDGE('',*,*,#3154,.T.);
#2072=ORIENTED_EDGE('',*,*,#3155,.T.);
#2073=ORIENTED_EDGE('',*,*,#3156,.T.);
#2074=ORIENTED_EDGE('',*,*,#2743,.T.);
#2075=ORIENTED_EDGE('',*,*,#3157,.T.);
#2076=ORIENTED_EDGE('',*,*,#3158,.T.);
#2077=ORIENTED_EDGE('',*,*,#3159,.T.);
#2078=ORIENTED_EDGE('',*,*,#3152,.F.);
#2079=ORIENTED_EDGE('',*,*,#3160,.T.);
#2080=ORIENTED_EDGE('',*,*,#3161,.F.);
#2081=ORIENTED_EDGE('',*,*,#2837,.T.);
#2082=ORIENTED_EDGE('',*,*,#2756,.T.);
#2083=ORIENTED_EDGE('',*,*,#3162,.T.);
#2084=ORIENTED_EDGE('',*,*,#3163,.F.);
#2085=ORIENTED_EDGE('',*,*,#3164,.T.);
#2086=ORIENTED_EDGE('',*,*,#3155,.F.);
#2087=ORIENTED_EDGE('',*,*,#3165,.T.);
#2088=ORIENTED_EDGE('',*,*,#3166,.T.);
#2089=ORIENTED_EDGE('',*,*,#3167,.T.);
#2090=ORIENTED_EDGE('',*,*,#2834,.T.);
#2091=ORIENTED_EDGE('',*,*,#3168,.T.);
#2092=ORIENTED_EDGE('',*,*,#3131,.F.);
#2093=ORIENTED_EDGE('',*,*,#3169,.F.);
#2094=ORIENTED_EDGE('',*,*,#3168,.F.);
#2095=ORIENTED_EDGE('',*,*,#2833,.F.);
#2096=ORIENTED_EDGE('',*,*,#3101,.F.);
#2097=ORIENTED_EDGE('',*,*,#3170,.F.);
#2098=ORIENTED_EDGE('',*,*,#3147,.F.);
#2099=ORIENTED_EDGE('',*,*,#2829,.F.);
#2100=ORIENTED_EDGE('',*,*,#3071,.F.);
#2101=ORIENTED_EDGE('',*,*,#3171,.F.);
#2102=ORIENTED_EDGE('',*,*,#3117,.F.);
#2103=ORIENTED_EDGE('',*,*,#2825,.F.);
#2104=ORIENTED_EDGE('',*,*,#3041,.F.);
#2105=ORIENTED_EDGE('',*,*,#3172,.F.);
#2106=ORIENTED_EDGE('',*,*,#3087,.F.);
#2107=ORIENTED_EDGE('',*,*,#2821,.F.);
#2108=ORIENTED_EDGE('',*,*,#3011,.F.);
#2109=ORIENTED_EDGE('',*,*,#3173,.F.);
#2110=ORIENTED_EDGE('',*,*,#3057,.F.);
#2111=ORIENTED_EDGE('',*,*,#2817,.F.);
#2112=ORIENTED_EDGE('',*,*,#2981,.F.);
#2113=ORIENTED_EDGE('',*,*,#3174,.F.);
#2114=ORIENTED_EDGE('',*,*,#3027,.F.);
#2115=ORIENTED_EDGE('',*,*,#2813,.F.);
#2116=ORIENTED_EDGE('',*,*,#2951,.F.);
#2117=ORIENTED_EDGE('',*,*,#3175,.F.);
#2118=ORIENTED_EDGE('',*,*,#2997,.F.);
#2119=ORIENTED_EDGE('',*,*,#2809,.F.);
#2120=ORIENTED_EDGE('',*,*,#2921,.F.);
#2121=ORIENTED_EDGE('',*,*,#3176,.F.);
#2122=ORIENTED_EDGE('',*,*,#2967,.F.);
#2123=ORIENTED_EDGE('',*,*,#2805,.F.);
#2124=ORIENTED_EDGE('',*,*,#2891,.F.);
#2125=ORIENTED_EDGE('',*,*,#3177,.F.);
#2126=ORIENTED_EDGE('',*,*,#2937,.F.);
#2127=ORIENTED_EDGE('',*,*,#2801,.F.);
#2128=ORIENTED_EDGE('',*,*,#2874,.F.);
#2129=ORIENTED_EDGE('',*,*,#3178,.F.);
#2130=ORIENTED_EDGE('',*,*,#2907,.F.);
#2131=ORIENTED_EDGE('',*,*,#2797,.F.);
#2132=ORIENTED_EDGE('',*,*,#3179,.F.);
#2133=ORIENTED_EDGE('',*,*,#2904,.F.);
#2134=ORIENTED_EDGE('',*,*,#2911,.F.);
#2135=ORIENTED_EDGE('',*,*,#2894,.F.);
#2136=ORIENTED_EDGE('',*,*,#3180,.F.);
#2137=ORIENTED_EDGE('',*,*,#2934,.F.);
#2138=ORIENTED_EDGE('',*,*,#2941,.F.);
#2139=ORIENTED_EDGE('',*,*,#2924,.F.);
#2140=ORIENTED_EDGE('',*,*,#3181,.F.);
#2141=ORIENTED_EDGE('',*,*,#2964,.F.);
#2142=ORIENTED_EDGE('',*,*,#2971,.F.);
#2143=ORIENTED_EDGE('',*,*,#2954,.F.);
#2144=ORIENTED_EDGE('',*,*,#3182,.F.);
#2145=ORIENTED_EDGE('',*,*,#2994,.F.);
#2146=ORIENTED_EDGE('',*,*,#3001,.F.);
#2147=ORIENTED_EDGE('',*,*,#2984,.F.);
#2148=ORIENTED_EDGE('',*,*,#3183,.F.);
#2149=ORIENTED_EDGE('',*,*,#3024,.F.);
#2150=ORIENTED_EDGE('',*,*,#3031,.F.);
#2151=ORIENTED_EDGE('',*,*,#3014,.F.);
#2152=ORIENTED_EDGE('',*,*,#3184,.F.);
#2153=ORIENTED_EDGE('',*,*,#3054,.F.);
#2154=ORIENTED_EDGE('',*,*,#3061,.F.);
#2155=ORIENTED_EDGE('',*,*,#3044,.F.);
#2156=ORIENTED_EDGE('',*,*,#3185,.F.);
#2157=ORIENTED_EDGE('',*,*,#3084,.F.);
#2158=ORIENTED_EDGE('',*,*,#3091,.F.);
#2159=ORIENTED_EDGE('',*,*,#3074,.F.);
#2160=ORIENTED_EDGE('',*,*,#3186,.F.);
#2161=ORIENTED_EDGE('',*,*,#3114,.F.);
#2162=ORIENTED_EDGE('',*,*,#3121,.F.);
#2163=ORIENTED_EDGE('',*,*,#3104,.F.);
#2164=ORIENTED_EDGE('',*,*,#3187,.F.);
#2165=ORIENTED_EDGE('',*,*,#3144,.F.);
#2166=ORIENTED_EDGE('',*,*,#3151,.F.);
#2167=ORIENTED_EDGE('',*,*,#3134,.F.);
#2168=ORIENTED_EDGE('',*,*,#3188,.F.);
#2169=ORIENTED_EDGE('',*,*,#3165,.F.);
#2170=ORIENTED_EDGE('',*,*,#3157,.F.);
#2171=ORIENTED_EDGE('',*,*,#2742,.T.);
#2172=ORIENTED_EDGE('',*,*,#3189,.T.);
#2173=ORIENTED_EDGE('',*,*,#2736,.F.);
#2174=ORIENTED_EDGE('',*,*,#2881,.F.);
#2175=ORIENTED_EDGE('',*,*,#2877,.F.);
#2176=ORIENTED_EDGE('',*,*,#3190,.F.);
#2177=ORIENTED_EDGE('',*,*,#3166,.F.);
#2178=ORIENTED_EDGE('',*,*,#3188,.T.);
#2179=ORIENTED_EDGE('',*,*,#3133,.F.);
#2180=ORIENTED_EDGE('',*,*,#2831,.T.);
#2181=ORIENTED_EDGE('',*,*,#3167,.F.);
#2182=ORIENTED_EDGE('',*,*,#3190,.T.);
#2183=ORIENTED_EDGE('',*,*,#3132,.F.);
#2184=ORIENTED_EDGE('',*,*,#3191,.F.);
#2185=ORIENTED_EDGE('',*,*,#3145,.F.);
#2186=ORIENTED_EDGE('',*,*,#3187,.T.);
#2187=ORIENTED_EDGE('',*,*,#3103,.F.);
#2188=ORIENTED_EDGE('',*,*,#2827,.T.);
#2189=ORIENTED_EDGE('',*,*,#3146,.F.);
#2190=ORIENTED_EDGE('',*,*,#3191,.T.);
#2191=ORIENTED_EDGE('',*,*,#3102,.F.);
#2192=ORIENTED_EDGE('',*,*,#3192,.F.);
#2193=ORIENTED_EDGE('',*,*,#3115,.F.);
#2194=ORIENTED_EDGE('',*,*,#3186,.T.);
#2195=ORIENTED_EDGE('',*,*,#3073,.F.);
#2196=ORIENTED_EDGE('',*,*,#2823,.T.);
#2197=ORIENTED_EDGE('',*,*,#3116,.F.);
#2198=ORIENTED_EDGE('',*,*,#3192,.T.);
#2199=ORIENTED_EDGE('',*,*,#3072,.F.);
#2200=ORIENTED_EDGE('',*,*,#3193,.F.);
#2201=ORIENTED_EDGE('',*,*,#3085,.F.);
#2202=ORIENTED_EDGE('',*,*,#3185,.T.);
#2203=ORIENTED_EDGE('',*,*,#3043,.F.);
#2204=ORIENTED_EDGE('',*,*,#2819,.T.);
#2205=ORIENTED_EDGE('',*,*,#3086,.F.);
#2206=ORIENTED_EDGE('',*,*,#3193,.T.);
#2207=ORIENTED_EDGE('',*,*,#3042,.F.);
#2208=ORIENTED_EDGE('',*,*,#3194,.F.);
#2209=ORIENTED_EDGE('',*,*,#3055,.F.);
#2210=ORIENTED_EDGE('',*,*,#3184,.T.);
#2211=ORIENTED_EDGE('',*,*,#3013,.F.);
#2212=ORIENTED_EDGE('',*,*,#2815,.T.);
#2213=ORIENTED_EDGE('',*,*,#3056,.F.);
#2214=ORIENTED_EDGE('',*,*,#3194,.T.);
#2215=ORIENTED_EDGE('',*,*,#3012,.F.);
#2216=ORIENTED_EDGE('',*,*,#3195,.F.);
#2217=ORIENTED_EDGE('',*,*,#3025,.F.);
#2218=ORIENTED_EDGE('',*,*,#3183,.T.);
#2219=ORIENTED_EDGE('',*,*,#2983,.F.);
#2220=ORIENTED_EDGE('',*,*,#2811,.T.);
#2221=ORIENTED_EDGE('',*,*,#3026,.F.);
#2222=ORIENTED_EDGE('',*,*,#3195,.T.);
#2223=ORIENTED_EDGE('',*,*,#2982,.F.);
#2224=ORIENTED_EDGE('',*,*,#3196,.F.);
#2225=ORIENTED_EDGE('',*,*,#2995,.F.);
#2226=ORIENTED_EDGE('',*,*,#3182,.T.);
#2227=ORIENTED_EDGE('',*,*,#2953,.F.);
#2228=ORIENTED_EDGE('',*,*,#2807,.T.);
#2229=ORIENTED_EDGE('',*,*,#2996,.F.);
#2230=ORIENTED_EDGE('',*,*,#3196,.T.);
#2231=ORIENTED_EDGE('',*,*,#2952,.F.);
#2232=ORIENTED_EDGE('',*,*,#3197,.F.);
#2233=ORIENTED_EDGE('',*,*,#2965,.F.);
#2234=ORIENTED_EDGE('',*,*,#3181,.T.);
#2235=ORIENTED_EDGE('',*,*,#2923,.F.);
#2236=ORIENTED_EDGE('',*,*,#2803,.T.);
#2237=ORIENTED_EDGE('',*,*,#2966,.F.);
#2238=ORIENTED_EDGE('',*,*,#3197,.T.);
#2239=ORIENTED_EDGE('',*,*,#2922,.F.);
#2240=ORIENTED_EDGE('',*,*,#3198,.F.);
#2241=ORIENTED_EDGE('',*,*,#2935,.F.);
#2242=ORIENTED_EDGE('',*,*,#3180,.T.);
#2243=ORIENTED_EDGE('',*,*,#2893,.F.);
#2244=ORIENTED_EDGE('',*,*,#2799,.T.);
#2245=ORIENTED_EDGE('',*,*,#2936,.F.);
#2246=ORIENTED_EDGE('',*,*,#3198,.T.);
#2247=ORIENTED_EDGE('',*,*,#2892,.F.);
#2248=ORIENTED_EDGE('',*,*,#3199,.F.);
#2249=ORIENTED_EDGE('',*,*,#2905,.F.);
#2250=ORIENTED_EDGE('',*,*,#3179,.T.);
#2251=ORIENTED_EDGE('',*,*,#2876,.F.);
#2252=ORIENTED_EDGE('',*,*,#2795,.T.);
#2253=ORIENTED_EDGE('',*,*,#2906,.F.);
#2254=ORIENTED_EDGE('',*,*,#3199,.T.);
#2255=ORIENTED_EDGE('',*,*,#2875,.F.);
#2256=ORIENTED_EDGE('',*,*,#2737,.F.);
#2257=ORIENTED_EDGE('',*,*,#3189,.F.);
#2258=ORIENTED_EDGE('',*,*,#2741,.T.);
#2259=ORIENTED_EDGE('',*,*,#2752,.T.);
#2260=ORIENTED_EDGE('',*,*,#3200,.F.);
#2261=ORIENTED_EDGE('',*,*,#2898,.F.);
#2262=ORIENTED_EDGE('',*,*,#2909,.F.);
#2263=ORIENTED_EDGE('',*,*,#2887,.F.);
#2264=ORIENTED_EDGE('',*,*,#3201,.F.);
#2265=ORIENTED_EDGE('',*,*,#2928,.F.);
#2266=ORIENTED_EDGE('',*,*,#2939,.F.);
#2267=ORIENTED_EDGE('',*,*,#2917,.F.);
#2268=ORIENTED_EDGE('',*,*,#3202,.F.);
#2269=ORIENTED_EDGE('',*,*,#2958,.F.);
#2270=ORIENTED_EDGE('',*,*,#2969,.F.);
#2271=ORIENTED_EDGE('',*,*,#2947,.F.);
#2272=ORIENTED_EDGE('',*,*,#3203,.F.);
#2273=ORIENTED_EDGE('',*,*,#2988,.F.);
#2274=ORIENTED_EDGE('',*,*,#2999,.F.);
#2275=ORIENTED_EDGE('',*,*,#2977,.F.);
#2276=ORIENTED_EDGE('',*,*,#3204,.F.);
#2277=ORIENTED_EDGE('',*,*,#3018,.F.);
#2278=ORIENTED_EDGE('',*,*,#3029,.F.);
#2279=ORIENTED_EDGE('',*,*,#3007,.F.);
#2280=ORIENTED_EDGE('',*,*,#3205,.F.);
#2281=ORIENTED_EDGE('',*,*,#3048,.F.);
#2282=ORIENTED_EDGE('',*,*,#3059,.F.);
#2283=ORIENTED_EDGE('',*,*,#3037,.F.);
#2284=ORIENTED_EDGE('',*,*,#3206,.F.);
#2285=ORIENTED_EDGE('',*,*,#3078,.F.);
#2286=ORIENTED_EDGE('',*,*,#3089,.F.);
#2287=ORIENTED_EDGE('',*,*,#3067,.F.);
#2288=ORIENTED_EDGE('',*,*,#3207,.F.);
#2289=ORIENTED_EDGE('',*,*,#3108,.F.);
#2290=ORIENTED_EDGE('',*,*,#3119,.F.);
#2291=ORIENTED_EDGE('',*,*,#3097,.F.);
#2292=ORIENTED_EDGE('',*,*,#3208,.F.);
#2293=ORIENTED_EDGE('',*,*,#3138,.F.);
#2294=ORIENTED_EDGE('',*,*,#3149,.F.);
#2295=ORIENTED_EDGE('',*,*,#3127,.F.);
#2296=ORIENTED_EDGE('',*,*,#3209,.F.);
#2297=ORIENTED_EDGE('',*,*,#3160,.F.);
#2298=ORIENTED_EDGE('',*,*,#3154,.F.);
#2299=ORIENTED_EDGE('',*,*,#2746,.T.);
#2300=ORIENTED_EDGE('',*,*,#3210,.T.);
#2301=ORIENTED_EDGE('',*,*,#2732,.F.);
#2302=ORIENTED_EDGE('',*,*,#2879,.F.);
#2303=ORIENTED_EDGE('',*,*,#2870,.F.);
#2304=ORIENTED_EDGE('',*,*,#3126,.T.);
#2305=ORIENTED_EDGE('',*,*,#2835,.F.);
#2306=ORIENTED_EDGE('',*,*,#3161,.T.);
#2307=ORIENTED_EDGE('',*,*,#3209,.T.);
#2308=ORIENTED_EDGE('',*,*,#3096,.T.);
#2309=ORIENTED_EDGE('',*,*,#2838,.F.);
#2310=ORIENTED_EDGE('',*,*,#3139,.T.);
#2311=ORIENTED_EDGE('',*,*,#3208,.T.);
#2312=ORIENTED_EDGE('',*,*,#3066,.T.);
#2313=ORIENTED_EDGE('',*,*,#2841,.F.);
#2314=ORIENTED_EDGE('',*,*,#3109,.T.);
#2315=ORIENTED_EDGE('',*,*,#3207,.T.);
#2316=ORIENTED_EDGE('',*,*,#3036,.T.);
#2317=ORIENTED_EDGE('',*,*,#2844,.F.);
#2318=ORIENTED_EDGE('',*,*,#3079,.T.);
#2319=ORIENTED_EDGE('',*,*,#3206,.T.);
#2320=ORIENTED_EDGE('',*,*,#3006,.T.);
#2321=ORIENTED_EDGE('',*,*,#2847,.F.);
#2322=ORIENTED_EDGE('',*,*,#3049,.T.);
#2323=ORIENTED_EDGE('',*,*,#3205,.T.);
#2324=ORIENTED_EDGE('',*,*,#2976,.T.);
#2325=ORIENTED_EDGE('',*,*,#2850,.F.);
#2326=ORIENTED_EDGE('',*,*,#3019,.T.);
#2327=ORIENTED_EDGE('',*,*,#3204,.T.);
#2328=ORIENTED_EDGE('',*,*,#2946,.T.);
#2329=ORIENTED_EDGE('',*,*,#2853,.F.);
#2330=ORIENTED_EDGE('',*,*,#2989,.T.);
#2331=ORIENTED_EDGE('',*,*,#3203,.T.);
#2332=ORIENTED_EDGE('',*,*,#2916,.T.);
#2333=ORIENTED_EDGE('',*,*,#2856,.F.);
#2334=ORIENTED_EDGE('',*,*,#2959,.T.);
#2335=ORIENTED_EDGE('',*,*,#3202,.T.);
#2336=ORIENTED_EDGE('',*,*,#2886,.T.);
#2337=ORIENTED_EDGE('',*,*,#2859,.F.);
#2338=ORIENTED_EDGE('',*,*,#2929,.T.);
#2339=ORIENTED_EDGE('',*,*,#3201,.T.);
#2340=ORIENTED_EDGE('',*,*,#2869,.T.);
#2341=ORIENTED_EDGE('',*,*,#2862,.F.);
#2342=ORIENTED_EDGE('',*,*,#2899,.T.);
#2343=ORIENTED_EDGE('',*,*,#3200,.T.);
#2344=ORIENTED_EDGE('',*,*,#3130,.T.);
#2345=ORIENTED_EDGE('',*,*,#3211,.F.);
#2346=ORIENTED_EDGE('',*,*,#3163,.T.);
#2347=ORIENTED_EDGE('',*,*,#3169,.T.);
#2348=ORIENTED_EDGE('',*,*,#2880,.F.);
#2349=ORIENTED_EDGE('',*,*,#2734,.F.);
#2350=ORIENTED_EDGE('',*,*,#3212,.F.);
#2351=ORIENTED_EDGE('',*,*,#2744,.T.);
#2352=ORIENTED_EDGE('',*,*,#3156,.F.);
#2353=ORIENTED_EDGE('',*,*,#3164,.F.);
#2354=ORIENTED_EDGE('',*,*,#3211,.T.);
#2355=ORIENTED_EDGE('',*,*,#3129,.F.);
#2356=ORIENTED_EDGE('',*,*,#3150,.F.);
#2357=ORIENTED_EDGE('',*,*,#3142,.F.);
#2358=ORIENTED_EDGE('',*,*,#3213,.T.);
#2359=ORIENTED_EDGE('',*,*,#3099,.F.);
#2360=ORIENTED_EDGE('',*,*,#3120,.F.);
#2361=ORIENTED_EDGE('',*,*,#3112,.F.);
#2362=ORIENTED_EDGE('',*,*,#3214,.T.);
#2363=ORIENTED_EDGE('',*,*,#3069,.F.);
#2364=ORIENTED_EDGE('',*,*,#3090,.F.);
#2365=ORIENTED_EDGE('',*,*,#3082,.F.);
#2366=ORIENTED_EDGE('',*,*,#3215,.T.);
#2367=ORIENTED_EDGE('',*,*,#3039,.F.);
#2368=ORIENTED_EDGE('',*,*,#3060,.F.);
#2369=ORIENTED_EDGE('',*,*,#3052,.F.);
#2370=ORIENTED_EDGE('',*,*,#3216,.T.);
#2371=ORIENTED_EDGE('',*,*,#3009,.F.);
#2372=ORIENTED_EDGE('',*,*,#3030,.F.);
#2373=ORIENTED_EDGE('',*,*,#3022,.F.);
#2374=ORIENTED_EDGE('',*,*,#3217,.T.);
#2375=ORIENTED_EDGE('',*,*,#2979,.F.);
#2376=ORIENTED_EDGE('',*,*,#3000,.F.);
#2377=ORIENTED_EDGE('',*,*,#2992,.F.);
#2378=ORIENTED_EDGE('',*,*,#3218,.T.);
#2379=ORIENTED_EDGE('',*,*,#2949,.F.);
#2380=ORIENTED_EDGE('',*,*,#2970,.F.);
#2381=ORIENTED_EDGE('',*,*,#2962,.F.);
#2382=ORIENTED_EDGE('',*,*,#3219,.T.);
#2383=ORIENTED_EDGE('',*,*,#2919,.F.);
#2384=ORIENTED_EDGE('',*,*,#2940,.F.);
#2385=ORIENTED_EDGE('',*,*,#2932,.F.);
#2386=ORIENTED_EDGE('',*,*,#3220,.T.);
#2387=ORIENTED_EDGE('',*,*,#2889,.F.);
#2388=ORIENTED_EDGE('',*,*,#2910,.F.);
#2389=ORIENTED_EDGE('',*,*,#2902,.F.);
#2390=ORIENTED_EDGE('',*,*,#3221,.T.);
#2391=ORIENTED_EDGE('',*,*,#2872,.F.);
#2392=ORIENTED_EDGE('',*,*,#3100,.T.);
#2393=ORIENTED_EDGE('',*,*,#3213,.F.);
#2394=ORIENTED_EDGE('',*,*,#3141,.T.);
#2395=ORIENTED_EDGE('',*,*,#3170,.T.);
#2396=ORIENTED_EDGE('',*,*,#3070,.T.);
#2397=ORIENTED_EDGE('',*,*,#3214,.F.);
#2398=ORIENTED_EDGE('',*,*,#3111,.T.);
#2399=ORIENTED_EDGE('',*,*,#3171,.T.);
#2400=ORIENTED_EDGE('',*,*,#3040,.T.);
#2401=ORIENTED_EDGE('',*,*,#3215,.F.);
#2402=ORIENTED_EDGE('',*,*,#3081,.T.);
#2403=ORIENTED_EDGE('',*,*,#3172,.T.);
#2404=ORIENTED_EDGE('',*,*,#3010,.T.);
#2405=ORIENTED_EDGE('',*,*,#3216,.F.);
#2406=ORIENTED_EDGE('',*,*,#3051,.T.);
#2407=ORIENTED_EDGE('',*,*,#3173,.T.);
#2408=ORIENTED_EDGE('',*,*,#2980,.T.);
#2409=ORIENTED_EDGE('',*,*,#3217,.F.);
#2410=ORIENTED_EDGE('',*,*,#3021,.T.);
#2411=ORIENTED_EDGE('',*,*,#3174,.T.);
#2412=ORIENTED_EDGE('',*,*,#2950,.T.);
#2413=ORIENTED_EDGE('',*,*,#3218,.F.);
#2414=ORIENTED_EDGE('',*,*,#2991,.T.);
#2415=ORIENTED_EDGE('',*,*,#3175,.T.);
#2416=ORIENTED_EDGE('',*,*,#2920,.T.);
#2417=ORIENTED_EDGE('',*,*,#3219,.F.);
#2418=ORIENTED_EDGE('',*,*,#2961,.T.);
#2419=ORIENTED_EDGE('',*,*,#3176,.T.);
#2420=ORIENTED_EDGE('',*,*,#2890,.T.);
#2421=ORIENTED_EDGE('',*,*,#3220,.F.);
#2422=ORIENTED_EDGE('',*,*,#2931,.T.);
#2423=ORIENTED_EDGE('',*,*,#3177,.T.);
#2424=ORIENTED_EDGE('',*,*,#2873,.T.);
#2425=ORIENTED_EDGE('',*,*,#3221,.F.);
#2426=ORIENTED_EDGE('',*,*,#2901,.T.);
#2427=ORIENTED_EDGE('',*,*,#3178,.T.);
#2428=ORIENTED_EDGE('',*,*,#2733,.F.);
#2429=ORIENTED_EDGE('',*,*,#3210,.F.);
#2430=ORIENTED_EDGE('',*,*,#2745,.T.);
#2431=ORIENTED_EDGE('',*,*,#3212,.T.);
#2432=ORIENTED_EDGE('',*,*,#3222,.F.);
#2433=ORIENTED_EDGE('',*,*,#2925,.F.);
#2434=ORIENTED_EDGE('',*,*,#3223,.T.);
#2435=ORIENTED_EDGE('',*,*,#2884,.F.);
#2436=ORIENTED_EDGE('',*,*,#3224,.F.);
#2437=ORIENTED_EDGE('',*,*,#2955,.F.);
#2438=ORIENTED_EDGE('',*,*,#3225,.T.);
#2439=ORIENTED_EDGE('',*,*,#2914,.F.);
#2440=ORIENTED_EDGE('',*,*,#3226,.F.);
#2441=ORIENTED_EDGE('',*,*,#2985,.F.);
#2442=ORIENTED_EDGE('',*,*,#3227,.T.);
#2443=ORIENTED_EDGE('',*,*,#2944,.F.);
#2444=ORIENTED_EDGE('',*,*,#3228,.F.);
#2445=ORIENTED_EDGE('',*,*,#3015,.F.);
#2446=ORIENTED_EDGE('',*,*,#3229,.T.);
#2447=ORIENTED_EDGE('',*,*,#2974,.F.);
#2448=ORIENTED_EDGE('',*,*,#3230,.F.);
#2449=ORIENTED_EDGE('',*,*,#3045,.F.);
#2450=ORIENTED_EDGE('',*,*,#3231,.T.);
#2451=ORIENTED_EDGE('',*,*,#3004,.F.);
#2452=ORIENTED_EDGE('',*,*,#3232,.F.);
#2453=ORIENTED_EDGE('',*,*,#3075,.F.);
#2454=ORIENTED_EDGE('',*,*,#3233,.T.);
#2455=ORIENTED_EDGE('',*,*,#3034,.F.);
#2456=ORIENTED_EDGE('',*,*,#3234,.F.);
#2457=ORIENTED_EDGE('',*,*,#3105,.F.);
#2458=ORIENTED_EDGE('',*,*,#3235,.T.);
#2459=ORIENTED_EDGE('',*,*,#3064,.F.);
#2460=ORIENTED_EDGE('',*,*,#3236,.F.);
#2461=ORIENTED_EDGE('',*,*,#3135,.F.);
#2462=ORIENTED_EDGE('',*,*,#3237,.T.);
#2463=ORIENTED_EDGE('',*,*,#3094,.F.);
#2464=ORIENTED_EDGE('',*,*,#3238,.F.);
#2465=ORIENTED_EDGE('',*,*,#3158,.F.);
#2466=ORIENTED_EDGE('',*,*,#3239,.T.);
#2467=ORIENTED_EDGE('',*,*,#3124,.F.);
#2468=ORIENTED_EDGE('',*,*,#3240,.F.);
#2469=ORIENTED_EDGE('',*,*,#2900,.F.);
#2470=ORIENTED_EDGE('',*,*,#2791,.T.);
#2471=ORIENTED_EDGE('',*,*,#2868,.F.);
#2472=ORIENTED_EDGE('',*,*,#3223,.F.);
#2473=ORIENTED_EDGE('',*,*,#2930,.F.);
#2474=ORIENTED_EDGE('',*,*,#2787,.T.);
#2475=ORIENTED_EDGE('',*,*,#2885,.F.);
#2476=ORIENTED_EDGE('',*,*,#3225,.F.);
#2477=ORIENTED_EDGE('',*,*,#2960,.F.);
#2478=ORIENTED_EDGE('',*,*,#2783,.T.);
#2479=ORIENTED_EDGE('',*,*,#2915,.F.);
#2480=ORIENTED_EDGE('',*,*,#3227,.F.);
#2481=ORIENTED_EDGE('',*,*,#2990,.F.);
#2482=ORIENTED_EDGE('',*,*,#2779,.T.);
#2483=ORIENTED_EDGE('',*,*,#2945,.F.);
#2484=ORIENTED_EDGE('',*,*,#3229,.F.);
#2485=ORIENTED_EDGE('',*,*,#3020,.F.);
#2486=ORIENTED_EDGE('',*,*,#2775,.T.);
#2487=ORIENTED_EDGE('',*,*,#2975,.F.);
#2488=ORIENTED_EDGE('',*,*,#3231,.F.);
#2489=ORIENTED_EDGE('',*,*,#3050,.F.);
#2490=ORIENTED_EDGE('',*,*,#2771,.T.);
#2491=ORIENTED_EDGE('',*,*,#3005,.F.);
#2492=ORIENTED_EDGE('',*,*,#3233,.F.);
#2493=ORIENTED_EDGE('',*,*,#3080,.F.);
#2494=ORIENTED_EDGE('',*,*,#2767,.T.);
#2495=ORIENTED_EDGE('',*,*,#3035,.F.);
#2496=ORIENTED_EDGE('',*,*,#3235,.F.);
#2497=ORIENTED_EDGE('',*,*,#3110,.F.);
#2498=ORIENTED_EDGE('',*,*,#2763,.T.);
#2499=ORIENTED_EDGE('',*,*,#3065,.F.);
#2500=ORIENTED_EDGE('',*,*,#3237,.F.);
#2501=ORIENTED_EDGE('',*,*,#3140,.F.);
#2502=ORIENTED_EDGE('',*,*,#2759,.T.);
#2503=ORIENTED_EDGE('',*,*,#3095,.F.);
#2504=ORIENTED_EDGE('',*,*,#2729,.F.);
#2505=ORIENTED_EDGE('',*,*,#2754,.F.);
#2506=ORIENTED_EDGE('',*,*,#2749,.T.);
#2507=ORIENTED_EDGE('',*,*,#3241,.T.);
#2508=ORIENTED_EDGE('',*,*,#2878,.F.);
#2509=ORIENTED_EDGE('',*,*,#2730,.F.);
#2510=ORIENTED_EDGE('',*,*,#3241,.F.);
#2511=ORIENTED_EDGE('',*,*,#2748,.T.);
#2512=ORIENTED_EDGE('',*,*,#3153,.F.);
#2513=ORIENTED_EDGE('',*,*,#3159,.F.);
#2514=ORIENTED_EDGE('',*,*,#3238,.T.);
#2515=ORIENTED_EDGE('',*,*,#3123,.F.);
#2516=ORIENTED_EDGE('',*,*,#3148,.F.);
#2517=ORIENTED_EDGE('',*,*,#3136,.F.);
#2518=ORIENTED_EDGE('',*,*,#3236,.T.);
#2519=ORIENTED_EDGE('',*,*,#3093,.F.);
#2520=ORIENTED_EDGE('',*,*,#3118,.F.);
#2521=ORIENTED_EDGE('',*,*,#3106,.F.);
#2522=ORIENTED_EDGE('',*,*,#3234,.T.);
#2523=ORIENTED_EDGE('',*,*,#3063,.F.);
#2524=ORIENTED_EDGE('',*,*,#3088,.F.);
#2525=ORIENTED_EDGE('',*,*,#3076,.F.);
#2526=ORIENTED_EDGE('',*,*,#3232,.T.);
#2527=ORIENTED_EDGE('',*,*,#3033,.F.);
#2528=ORIENTED_EDGE('',*,*,#3058,.F.);
#2529=ORIENTED_EDGE('',*,*,#3046,.F.);
#2530=ORIENTED_EDGE('',*,*,#3230,.T.);
#2531=ORIENTED_EDGE('',*,*,#3003,.F.);
#2532=ORIENTED_EDGE('',*,*,#3028,.F.);
#2533=ORIENTED_EDGE('',*,*,#3016,.F.);
#2534=ORIENTED_EDGE('',*,*,#3228,.T.);
#2535=ORIENTED_EDGE('',*,*,#2973,.F.);
#2536=ORIENTED_EDGE('',*,*,#2998,.F.);
#2537=ORIENTED_EDGE('',*,*,#2986,.F.);
#2538=ORIENTED_EDGE('',*,*,#3226,.T.);
#2539=ORIENTED_EDGE('',*,*,#2943,.F.);
#2540=ORIENTED_EDGE('',*,*,#2968,.F.);
#2541=ORIENTED_EDGE('',*,*,#2956,.F.);
#2542=ORIENTED_EDGE('',*,*,#3224,.T.);
#2543=ORIENTED_EDGE('',*,*,#2913,.F.);
#2544=ORIENTED_EDGE('',*,*,#2938,.F.);
#2545=ORIENTED_EDGE('',*,*,#2926,.F.);
#2546=ORIENTED_EDGE('',*,*,#3222,.T.);
#2547=ORIENTED_EDGE('',*,*,#2883,.F.);
#2548=ORIENTED_EDGE('',*,*,#2908,.F.);
#2549=ORIENTED_EDGE('',*,*,#2896,.F.);
#2550=ORIENTED_EDGE('',*,*,#3242,.T.);
#2551=ORIENTED_EDGE('',*,*,#2866,.F.);
#2552=ORIENTED_EDGE('',*,*,#3242,.F.);
#2553=ORIENTED_EDGE('',*,*,#2895,.F.);
#2554=ORIENTED_EDGE('',*,*,#3240,.T.);
#2555=ORIENTED_EDGE('',*,*,#2867,.F.);
#2556=ORIENTED_EDGE('',*,*,#3239,.F.);
#2557=ORIENTED_EDGE('',*,*,#3162,.F.);
#2558=ORIENTED_EDGE('',*,*,#2755,.T.);
#2559=ORIENTED_EDGE('',*,*,#3125,.F.);
#2560=ORIENTED_EDGE('',*,*,#2739,.T.);
#2561=ORIENTED_EDGE('',*,*,#2753,.F.);
#2562=ORIENTED_EDGE('',*,*,#2727,.T.);
#2563=ORIENTED_EDGE('',*,*,#2751,.F.);
#2564=EDGE_CURVE('',#3243,#3244,#3706,.T.);
#2565=EDGE_CURVE('',#3243,#3245,#100,.T.);
#2566=EDGE_CURVE('',#3246,#3245,#101,.T.);
#2567=EDGE_CURVE('',#3247,#3246,#102,.T.);
#2568=EDGE_CURVE('',#3244,#3247,#103,.T.);
#2569=EDGE_CURVE('',#3248,#3249,#3707,.T.);
#2570=EDGE_CURVE('',#3250,#3248,#104,.T.);
#2571=EDGE_CURVE('',#3251,#3250,#105,.T.);
#2572=EDGE_CURVE('',#3249,#3251,#106,.T.);
#2573=EDGE_CURVE('',#3252,#3253,#107,.T.);
#2574=EDGE_CURVE('',#3252,#3254,#108,.T.);
#2575=EDGE_CURVE('',#3254,#3255,#109,.T.);
#2576=EDGE_CURVE('',#3253,#3255,#110,.T.);
#2577=EDGE_CURVE('',#3256,#3257,#111,.T.);
#2578=EDGE_CURVE('',#3258,#3256,#112,.T.);
#2579=EDGE_CURVE('',#3259,#3258,#113,.T.);
#2580=EDGE_CURVE('',#3257,#3259,#114,.T.);
#2581=EDGE_CURVE('',#3260,#3261,#115,.T.);
#2582=EDGE_CURVE('',#3262,#3260,#116,.T.);
#2583=EDGE_CURVE('',#3263,#3262,#117,.T.);
#2584=EDGE_CURVE('',#3264,#3263,#118,.T.);
#2585=EDGE_CURVE('',#3264,#3265,#119,.T.);
#2586=EDGE_CURVE('',#3265,#3266,#120,.T.);
#2587=EDGE_CURVE('',#3266,#3267,#121,.T.);
#2588=EDGE_CURVE('',#3267,#3268,#122,.T.);
#2589=EDGE_CURVE('',#3269,#3268,#123,.T.);
#2590=EDGE_CURVE('',#3270,#3269,#124,.T.);
#2591=EDGE_CURVE('',#3261,#3270,#125,.T.);
#2592=EDGE_CURVE('',#3271,#3272,#126,.T.);
#2593=EDGE_CURVE('',#3272,#3273,#127,.T.);
#2594=EDGE_CURVE('',#3274,#3273,#128,.T.);
#2595=EDGE_CURVE('',#3275,#3274,#129,.T.);
#2596=EDGE_CURVE('',#3276,#3275,#130,.T.);
#2597=EDGE_CURVE('',#3276,#3277,#131,.T.);
#2598=EDGE_CURVE('',#3277,#3278,#132,.T.);
#2599=EDGE_CURVE('',#3278,#3279,#133,.T.);
#2600=EDGE_CURVE('',#3279,#3271,#134,.T.);
#2601=EDGE_CURVE('',#3277,#3256,#135,.T.);
#2602=EDGE_CURVE('',#3255,#3257,#136,.T.);
#2603=EDGE_CURVE('',#3254,#3268,#137,.T.);
#2604=EDGE_CURVE('',#3267,#3250,#138,.T.);
#2605=EDGE_CURVE('',#3248,#3280,#139,.T.);
#2606=EDGE_CURVE('',#3278,#3280,#140,.T.);
#2607=EDGE_CURVE('',#3272,#3281,#141,.T.);
#2608=EDGE_CURVE('',#3271,#3282,#142,.T.);
#2609=EDGE_CURVE('',#3282,#3244,#143,.T.);
#2610=EDGE_CURVE('',#3265,#3247,#144,.T.);
#2611=EDGE_CURVE('',#3283,#3264,#145,.T.);
#2612=EDGE_CURVE('',#3283,#3284,#146,.T.);
#2613=EDGE_CURVE('',#3285,#3284,#147,.T.);
#2614=EDGE_CURVE('',#3281,#3285,#148,.T.);
#2615=EDGE_CURVE('',#3269,#3252,#149,.T.);
#2616=EDGE_CURVE('',#3286,#3252,#150,.T.);
#2617=EDGE_CURVE('',#3270,#3286,#151,.T.);
#2618=EDGE_CURVE('',#3258,#3287,#152,.T.);
#2619=EDGE_CURVE('',#3258,#3276,#153,.T.);
#2620=EDGE_CURVE('',#3275,#3287,#154,.T.);
#2621=EDGE_CURVE('',#3288,#3289,#155,.T.);
#2622=EDGE_CURVE('',#3288,#3263,#156,.T.);
#2623=EDGE_CURVE('',#3289,#3262,#157,.T.);
#2624=EDGE_CURVE('',#3273,#3290,#158,.T.);
#2625=EDGE_CURVE('',#3291,#3290,#159,.T.);
#2626=EDGE_CURVE('',#3274,#3291,#160,.T.);
#2627=EDGE_CURVE('',#3283,#3288,#161,.T.);
#2628=EDGE_CURVE('',#3292,#3288,#162,.T.);
#2629=EDGE_CURVE('',#3284,#3292,#163,.T.);
#2630=EDGE_CURVE('',#3290,#3293,#164,.T.);
#2631=EDGE_CURVE('',#3281,#3290,#165,.T.);
#2632=EDGE_CURVE('',#3293,#3285,#166,.T.);
#2633=EDGE_CURVE('',#3253,#3259,#167,.T.);
#2634=EDGE_CURVE('',#3249,#3248,#3708,.T.);
#2635=EDGE_CURVE('',#3294,#3249,#168,.T.);
#2636=EDGE_CURVE('',#3280,#3294,#169,.T.);
#2637=EDGE_CURVE('',#3245,#3295,#170,.T.);
#2638=EDGE_CURVE('',#3295,#3296,#171,.T.);
#2639=EDGE_CURVE('',#3251,#3296,#172,.T.);
#2640=EDGE_CURVE('',#3266,#3246,#173,.T.);
#2641=EDGE_CURVE('',#3297,#3298,#174,.T.);
#2642=EDGE_CURVE('',#3297,#3299,#175,.T.);
#2643=EDGE_CURVE('',#3299,#3300,#176,.T.);
#2644=EDGE_CURVE('',#3279,#3300,#177,.T.);
#2645=EDGE_CURVE('',#3298,#3294,#178,.T.);
#2646=EDGE_CURVE('',#3300,#3282,#179,.T.);
#2647=EDGE_CURVE('',#3244,#3243,#3709,.T.);
#2648=EDGE_CURVE('',#3299,#3243,#180,.T.);
#2649=EDGE_CURVE('',#3261,#3301,#181,.T.);
#2650=EDGE_CURVE('',#3301,#3286,#182,.T.);
#2651=EDGE_CURVE('',#3287,#3291,#183,.T.);
#2652=EDGE_CURVE('',#3302,#3298,#184,.T.);
#2653=EDGE_CURVE('',#3303,#3302,#185,.T.);
#2654=EDGE_CURVE('',#3303,#3297,#186,.T.);
#2655=EDGE_CURVE('',#3296,#3304,#187,.T.);
#2656=EDGE_CURVE('',#3295,#3305,#188,.T.);
#2657=EDGE_CURVE('',#3305,#3304,#189,.T.);
#2658=EDGE_CURVE('',#3304,#3302,#190,.T.);
#2659=EDGE_CURVE('',#3305,#3303,#191,.T.);
#2660=EDGE_CURVE('',#3293,#3292,#192,.T.);
#2661=EDGE_CURVE('',#3306,#3307,#193,.T.);
#2662=EDGE_CURVE('',#3306,#3301,#194,.T.);
#2663=EDGE_CURVE('',#3307,#3286,#195,.T.);
#2664=EDGE_CURVE('',#3308,#3287,#196,.T.);
#2665=EDGE_CURVE('',#3307,#3308,#197,.T.);
#2666=EDGE_CURVE('',#3309,#3291,#198,.T.);
#2667=EDGE_CURVE('',#3308,#3309,#199,.T.);
#2668=EDGE_CURVE('',#3310,#3289,#200,.T.);
#2669=EDGE_CURVE('',#3309,#3310,#201,.T.);
#2670=EDGE_CURVE('',#3311,#3310,#202,.T.);
#2671=EDGE_CURVE('',#3311,#3306,#203,.T.);
#2672=EDGE_CURVE('',#3260,#3311,#204,.T.);
#2673=EDGE_CURVE('',#3312,#3312,#3710,.T.);
#2674=EDGE_CURVE('',#3313,#3313,#3711,.T.);
#2675=EDGE_CURVE('',#3314,#3315,#205,.T.);
#2676=EDGE_CURVE('',#3314,#3316,#206,.T.);
#2677=EDGE_CURVE('',#3317,#3316,#207,.T.);
#2678=EDGE_CURVE('',#3317,#3315,#208,.T.);
#2679=EDGE_CURVE('',#3318,#3319,#209,.T.);
#2680=EDGE_CURVE('',#3320,#3318,#210,.T.);
#2681=EDGE_CURVE('',#3321,#3320,#211,.T.);
#2682=EDGE_CURVE('',#3319,#3321,#212,.T.);
#2683=EDGE_CURVE('',#3314,#3319,#213,.T.);
#2684=EDGE_CURVE('',#3316,#3321,#214,.T.);
#2685=EDGE_CURVE('',#3318,#3315,#215,.T.);
#2686=EDGE_CURVE('',#3320,#3317,#216,.T.);
#2687=EDGE_CURVE('',#3322,#3322,#3712,.T.);
#2688=EDGE_CURVE('',#3323,#3323,#3713,.T.);
#2689=EDGE_CURVE('',#3324,#3324,#3714,.T.);
#2690=EDGE_CURVE('',#3325,#3325,#3715,.T.);
#2691=EDGE_CURVE('',#3326,#3326,#3716,.T.);
#2692=EDGE_CURVE('',#3327,#3327,#3717,.T.);
#2693=EDGE_CURVE('',#3328,#3328,#3718,.T.);
#2694=EDGE_CURVE('',#3329,#3329,#3719,.T.);
#2695=EDGE_CURVE('',#3330,#3330,#3720,.T.);
#2696=EDGE_CURVE('',#3331,#3331,#3721,.T.);
#2697=EDGE_CURVE('',#3332,#3332,#3722,.T.);
#2698=EDGE_CURVE('',#3333,#3333,#3723,.T.);
#2699=EDGE_CURVE('',#3334,#3334,#3724,.T.);
#2700=EDGE_CURVE('',#3335,#3335,#3725,.T.);
#2701=EDGE_CURVE('',#3336,#3336,#3726,.T.);
#2702=EDGE_CURVE('',#3337,#3337,#3727,.T.);
#2703=EDGE_CURVE('',#3338,#3338,#3728,.T.);
#2704=EDGE_CURVE('',#3339,#3339,#3729,.T.);
#2705=EDGE_CURVE('',#3340,#3340,#3730,.T.);
#2706=EDGE_CURVE('',#3341,#3341,#3731,.T.);
#2707=EDGE_CURVE('',#3342,#3342,#3732,.F.);
#2708=EDGE_CURVE('',#3343,#3343,#3733,.F.);
#2709=EDGE_CURVE('',#3344,#3344,#3734,.F.);
#2710=EDGE_CURVE('',#3345,#3345,#3735,.F.);
#2711=EDGE_CURVE('',#3346,#3346,#3736,.F.);
#2712=EDGE_CURVE('',#3347,#3347,#3737,.F.);
#2713=EDGE_CURVE('',#3348,#3348,#3738,.F.);
#2714=EDGE_CURVE('',#3349,#3349,#3739,.F.);
#2715=EDGE_CURVE('',#3350,#3350,#3740,.F.);
#2716=EDGE_CURVE('',#3351,#3351,#3741,.F.);
#2717=EDGE_CURVE('',#3352,#3352,#3742,.F.);
#2718=EDGE_CURVE('',#3353,#3353,#3743,.F.);
#2719=EDGE_CURVE('',#3354,#3354,#3744,.F.);
#2720=EDGE_CURVE('',#3355,#3355,#3745,.F.);
#2721=EDGE_CURVE('',#3356,#3356,#3746,.F.);
#2722=EDGE_CURVE('',#3357,#3357,#3747,.F.);
#2723=EDGE_CURVE('',#3358,#3358,#3748,.F.);
#2724=EDGE_CURVE('',#3359,#3359,#3749,.F.);
#2725=EDGE_CURVE('',#3360,#3360,#3750,.F.);
#2726=EDGE_CURVE('',#3361,#3361,#3751,.F.);
#2727=EDGE_CURVE('',#3362,#3363,#217,.T.);
#2728=EDGE_CURVE('',#3362,#3364,#218,.T.);
#2729=EDGE_CURVE('',#3364,#3365,#219,.T.);
#2730=EDGE_CURVE('',#3365,#3366,#220,.T.);
#2731=EDGE_CURVE('',#3367,#3366,#221,.T.);
#2732=EDGE_CURVE('',#3367,#3368,#222,.T.);
#2733=EDGE_CURVE('',#3368,#3369,#223,.T.);
#2734=EDGE_CURVE('',#3369,#3370,#224,.T.);
#2735=EDGE_CURVE('',#3371,#3370,#225,.T.);
#2736=EDGE_CURVE('',#3371,#3372,#226,.T.);
#2737=EDGE_CURVE('',#3372,#3373,#227,.T.);
#2738=EDGE_CURVE('',#3373,#3363,#228,.T.);
#2739=EDGE_CURVE('',#3374,#3375,#229,.T.);
#2740=EDGE_CURVE('',#3376,#3374,#230,.T.);
#2741=EDGE_CURVE('',#3377,#3376,#231,.T.);
#2742=EDGE_CURVE('',#3378,#3377,#232,.T.);
#2743=EDGE_CURVE('',#3379,#3378,#233,.T.);
#2744=EDGE_CURVE('',#3380,#3379,#234,.T.);
#2745=EDGE_CURVE('',#3381,#3380,#235,.T.);
#2746=EDGE_CURVE('',#3382,#3381,#236,.T.);
#2747=EDGE_CURVE('',#3383,#3382,#237,.T.);
#2748=EDGE_CURVE('',#3384,#3383,#238,.T.);
#2749=EDGE_CURVE('',#3385,#3384,#239,.T.);
#2750=EDGE_CURVE('',#3375,#3385,#240,.T.);
#2751=EDGE_CURVE('',#3374,#3363,#241,.T.);
#2752=EDGE_CURVE('',#3376,#3373,#242,.T.);
#2753=EDGE_CURVE('',#3362,#3375,#243,.T.);
#2754=EDGE_CURVE('',#3385,#3364,#244,.T.);
#2755=EDGE_CURVE('',#3386,#3387,#245,.T.);
#2756=EDGE_CURVE('',#3388,#3386,#246,.T.);
#2757=EDGE_CURVE('',#3388,#3389,#247,.T.);
#2758=EDGE_CURVE('',#3387,#3389,#248,.T.);
#2759=EDGE_CURVE('',#3390,#3391,#249,.T.);
#2760=EDGE_CURVE('',#3392,#3390,#250,.T.);
#2761=EDGE_CURVE('',#3392,#3393,#251,.T.);
#2762=EDGE_CURVE('',#3391,#3393,#252,.T.);
#2763=EDGE_CURVE('',#3394,#3395,#253,.T.);
#2764=EDGE_CURVE('',#3396,#3394,#254,.T.);
#2765=EDGE_CURVE('',#3396,#3397,#255,.T.);
#2766=EDGE_CURVE('',#3395,#3397,#256,.T.);
#2767=EDGE_CURVE('',#3398,#3399,#257,.T.);
#2768=EDGE_CURVE('',#3400,#3398,#258,.T.);
#2769=EDGE_CURVE('',#3400,#3401,#259,.T.);
#2770=EDGE_CURVE('',#3399,#3401,#260,.T.);
#2771=EDGE_CURVE('',#3402,#3403,#261,.T.);
#2772=EDGE_CURVE('',#3404,#3402,#262,.T.);
#2773=EDGE_CURVE('',#3404,#3405,#263,.T.);
#2774=EDGE_CURVE('',#3403,#3405,#264,.T.);
#2775=EDGE_CURVE('',#3406,#3407,#265,.T.);
#2776=EDGE_CURVE('',#3408,#3406,#266,.T.);
#2777=EDGE_CURVE('',#3408,#3409,#267,.T.);
#2778=EDGE_CURVE('',#3407,#3409,#268,.T.);
#2779=EDGE_CURVE('',#3410,#3411,#269,.T.);
#2780=EDGE_CURVE('',#3412,#3410,#270,.T.);
#2781=EDGE_CURVE('',#3412,#3413,#271,.T.);
#2782=EDGE_CURVE('',#3411,#3413,#272,.T.);
#2783=EDGE_CURVE('',#3414,#3415,#273,.T.);
#2784=EDGE_CURVE('',#3416,#3414,#274,.T.);
#2785=EDGE_CURVE('',#3416,#3417,#275,.T.);
#2786=EDGE_CURVE('',#3415,#3417,#276,.T.);
#2787=EDGE_CURVE('',#3418,#3419,#277,.T.);
#2788=EDGE_CURVE('',#3420,#3418,#278,.T.);
#2789=EDGE_CURVE('',#3420,#3421,#279,.T.);
#2790=EDGE_CURVE('',#3419,#3421,#280,.T.);
#2791=EDGE_CURVE('',#3422,#3423,#281,.T.);
#2792=EDGE_CURVE('',#3424,#3422,#282,.T.);
#2793=EDGE_CURVE('',#3424,#3425,#283,.T.);
#2794=EDGE_CURVE('',#3423,#3425,#284,.T.);
#2795=EDGE_CURVE('',#3426,#3427,#285,.T.);
#2796=EDGE_CURVE('',#3428,#3426,#286,.T.);
#2797=EDGE_CURVE('',#3428,#3429,#287,.T.);
#2798=EDGE_CURVE('',#3427,#3429,#288,.T.);
#2799=EDGE_CURVE('',#3430,#3431,#289,.T.);
#2800=EDGE_CURVE('',#3432,#3430,#290,.T.);
#2801=EDGE_CURVE('',#3432,#3433,#291,.T.);
#2802=EDGE_CURVE('',#3431,#3433,#292,.T.);
#2803=EDGE_CURVE('',#3434,#3435,#293,.T.);
#2804=EDGE_CURVE('',#3436,#3434,#294,.T.);
#2805=EDGE_CURVE('',#3436,#3437,#295,.T.);
#2806=EDGE_CURVE('',#3435,#3437,#296,.T.);
#2807=EDGE_CURVE('',#3438,#3439,#297,.T.);
#2808=EDGE_CURVE('',#3440,#3438,#298,.T.);
#2809=EDGE_CURVE('',#3440,#3441,#299,.T.);
#2810=EDGE_CURVE('',#3439,#3441,#300,.T.);
#2811=EDGE_CURVE('',#3442,#3443,#301,.T.);
#2812=EDGE_CURVE('',#3444,#3442,#302,.T.);
#2813=EDGE_CURVE('',#3444,#3445,#303,.T.);
#2814=EDGE_CURVE('',#3443,#3445,#304,.T.);
#2815=EDGE_CURVE('',#3446,#3447,#305,.T.);
#2816=EDGE_CURVE('',#3448,#3446,#306,.T.);
#2817=EDGE_CURVE('',#3448,#3449,#307,.T.);
#2818=EDGE_CURVE('',#3447,#3449,#308,.T.);
#2819=EDGE_CURVE('',#3450,#3451,#309,.T.);
#2820=EDGE_CURVE('',#3452,#3450,#310,.T.);
#2821=EDGE_CURVE('',#3452,#3453,#311,.T.);
#2822=EDGE_CURVE('',#3451,#3453,#312,.T.);
#2823=EDGE_CURVE('',#3454,#3455,#313,.T.);
#2824=EDGE_CURVE('',#3456,#3454,#314,.T.);
#2825=EDGE_CURVE('',#3456,#3457,#315,.T.);
#2826=EDGE_CURVE('',#3455,#3457,#316,.T.);
#2827=EDGE_CURVE('',#3458,#3459,#317,.T.);
#2828=EDGE_CURVE('',#3460,#3458,#318,.T.);
#2829=EDGE_CURVE('',#3460,#3461,#319,.T.);
#2830=EDGE_CURVE('',#3459,#3461,#320,.T.);
#2831=EDGE_CURVE('',#3462,#3463,#321,.T.);
#2832=EDGE_CURVE('',#3464,#3462,#322,.T.);
#2833=EDGE_CURVE('',#3464,#3465,#323,.T.);
#2834=EDGE_CURVE('',#3463,#3465,#324,.T.);
#2835=EDGE_CURVE('',#3466,#3467,#325,.T.);
#2836=EDGE_CURVE('',#3389,#3467,#326,.T.);
#2837=EDGE_CURVE('',#3466,#3388,#327,.T.);
#2838=EDGE_CURVE('',#3468,#3469,#328,.T.);
#2839=EDGE_CURVE('',#3393,#3469,#329,.T.);
#2840=EDGE_CURVE('',#3468,#3392,#330,.T.);
#2841=EDGE_CURVE('',#3470,#3471,#331,.T.);
#2842=EDGE_CURVE('',#3397,#3471,#332,.T.);
#2843=EDGE_CURVE('',#3470,#3396,#333,.T.);
#2844=EDGE_CURVE('',#3472,#3473,#334,.T.);
#2845=EDGE_CURVE('',#3401,#3473,#335,.T.);
#2846=EDGE_CURVE('',#3472,#3400,#336,.T.);
#2847=EDGE_CURVE('',#3474,#3475,#337,.T.);
#2848=EDGE_CURVE('',#3405,#3475,#338,.T.);
#2849=EDGE_CURVE('',#3474,#3404,#339,.T.);
#2850=EDGE_CURVE('',#3476,#3477,#340,.T.);
#2851=EDGE_CURVE('',#3409,#3477,#341,.T.);
#2852=EDGE_CURVE('',#3476,#3408,#342,.T.);
#2853=EDGE_CURVE('',#3478,#3479,#343,.T.);
#2854=EDGE_CURVE('',#3413,#3479,#344,.T.);
#2855=EDGE_CURVE('',#3478,#3412,#345,.T.);
#2856=EDGE_CURVE('',#3480,#3481,#346,.T.);
#2857=EDGE_CURVE('',#3417,#3481,#347,.T.);
#2858=EDGE_CURVE('',#3480,#3416,#348,.T.);
#2859=EDGE_CURVE('',#3482,#3483,#349,.T.);
#2860=EDGE_CURVE('',#3421,#3483,#350,.T.);
#2861=EDGE_CURVE('',#3482,#3420,#351,.T.);
#2862=EDGE_CURVE('',#3484,#3485,#352,.T.);
#2863=EDGE_CURVE('',#3425,#3485,#353,.T.);
#2864=EDGE_CURVE('',#3484,#3424,#354,.T.);
#2865=EDGE_CURVE('',#3486,#3487,#355,.T.);
#2866=EDGE_CURVE('',#3487,#3488,#356,.T.);
#2867=EDGE_CURVE('',#3488,#3489,#3752,.F.);
#2868=EDGE_CURVE('',#3489,#3423,#357,.T.);
#2869=EDGE_CURVE('',#3490,#3485,#3753,.F.);
#2870=EDGE_CURVE('',#3490,#3486,#358,.T.);
#2871=EDGE_CURVE('',#3491,#3492,#359,.T.);
#2872=EDGE_CURVE('',#3492,#3493,#360,.T.);
#2873=EDGE_CURVE('',#3494,#3493,#3754,.F.);
#2874=EDGE_CURVE('',#3494,#3428,#361,.T.);
#2875=EDGE_CURVE('',#3426,#3495,#362,.T.);
#2876=EDGE_CURVE('',#3495,#3496,#3755,.F.);
#2877=EDGE_CURVE('',#3496,#3491,#363,.T.);
#2878=EDGE_CURVE('',#3366,#3487,#364,.T.);
#2879=EDGE_CURVE('',#3486,#3367,#365,.T.);
#2880=EDGE_CURVE('',#3370,#3492,#366,.T.);
#2881=EDGE_CURVE('',#3491,#3371,#367,.T.);
#2882=EDGE_CURVE('',#3497,#3498,#368,.T.);
#2883=EDGE_CURVE('',#3498,#3499,#369,.T.);
#2884=EDGE_CURVE('',#3499,#3500,#3756,.F.);
#2885=EDGE_CURVE('',#3500,#3419,#370,.T.);
#2886=EDGE_CURVE('',#3501,#3483,#3757,.F.);
#2887=EDGE_CURVE('',#3501,#3497,#371,.T.);
#2888=EDGE_CURVE('',#3502,#3503,#372,.T.);
#2889=EDGE_CURVE('',#3503,#3504,#373,.T.);
#2890=EDGE_CURVE('',#3505,#3504,#3758,.F.);
#2891=EDGE_CURVE('',#3505,#3432,#374,.T.);
#2892=EDGE_CURVE('',#3430,#3506,#375,.T.);
#2893=EDGE_CURVE('',#3506,#3507,#3759,.F.);
#2894=EDGE_CURVE('',#3507,#3502,#376,.T.);
#2895=EDGE_CURVE('',#3508,#3509,#3760,.F.);
#2896=EDGE_CURVE('',#3509,#3510,#377,.T.);
#2897=EDGE_CURVE('',#3511,#3510,#378,.T.);
#2898=EDGE_CURVE('',#3511,#3512,#379,.T.);
#2899=EDGE_CURVE('',#3484,#3512,#3761,.F.);
#2900=EDGE_CURVE('',#3422,#3508,#380,.T.);
#2901=EDGE_CURVE('',#3513,#3514,#3762,.F.);
#2902=EDGE_CURVE('',#3513,#3515,#381,.T.);
#2903=EDGE_CURVE('',#3516,#3515,#382,.T.);
#2904=EDGE_CURVE('',#3516,#3517,#383,.T.);
#2905=EDGE_CURVE('',#3517,#3518,#3763,.F.);
#2906=EDGE_CURVE('',#3518,#3427,#384,.T.);
#2907=EDGE_CURVE('',#3429,#3514,#385,.T.);
#2908=EDGE_CURVE('',#3510,#3498,#386,.T.);
#2909=EDGE_CURVE('',#3497,#3511,#387,.T.);
#2910=EDGE_CURVE('',#3515,#3503,#388,.T.);
#2911=EDGE_CURVE('',#3502,#3516,#389,.T.);
#2912=EDGE_CURVE('',#3519,#3520,#390,.T.);
#2913=EDGE_CURVE('',#3520,#3521,#391,.T.);
#2914=EDGE_CURVE('',#3521,#3522,#3764,.F.);
#2915=EDGE_CURVE('',#3522,#3415,#392,.T.);
#2916=EDGE_CURVE('',#3523,#3481,#3765,.F.);
#2917=EDGE_CURVE('',#3523,#3519,#393,.T.);
#2918=EDGE_CURVE('',#3524,#3525,#394,.T.);
#2919=EDGE_CURVE('',#3525,#3526,#395,.T.);
#2920=EDGE_CURVE('',#3527,#3526,#3766,.F.);
#2921=EDGE_CURVE('',#3527,#3436,#396,.T.);
#2922=EDGE_CURVE('',#3434,#3528,#397,.T.);
#2923=EDGE_CURVE('',#3528,#3529,#3767,.F.);
#2924=EDGE_CURVE('',#3529,#3524,#398,.T.);
#2925=EDGE_CURVE('',#3530,#3531,#3768,.F.);
#2926=EDGE_CURVE('',#3531,#3532,#399,.T.);
#2927=EDGE_CURVE('',#3533,#3532,#400,.T.);
#2928=EDGE_CURVE('',#3533,#3534,#401,.T.);
#2929=EDGE_CURVE('',#3482,#3534,#3769,.F.);
#2930=EDGE_CURVE('',#3418,#3530,#402,.T.);
#2931=EDGE_CURVE('',#3535,#3536,#3770,.F.);
#2932=EDGE_CURVE('',#3535,#3537,#403,.T.);
#2933=EDGE_CURVE('',#3538,#3537,#404,.T.);
#2934=EDGE_CURVE('',#3538,#3539,#405,.T.);
#2935=EDGE_CURVE('',#3539,#3540,#3771,.F.);
#2936=EDGE_CURVE('',#3540,#3431,#406,.T.);
#2937=EDGE_CURVE('',#3433,#3536,#407,.T.);
#2938=EDGE_CURVE('',#3532,#3520,#408,.T.);
#2939=EDGE_CURVE('',#3519,#3533,#409,.T.);
#2940=EDGE_CURVE('',#3537,#3525,#410,.T.);
#2941=EDGE_CURVE('',#3524,#3538,#411,.T.);
#2942=EDGE_CURVE('',#3541,#3542,#412,.T.);
#2943=EDGE_CURVE('',#3542,#3543,#413,.T.);
#2944=EDGE_CURVE('',#3543,#3544,#3772,.F.);
#2945=EDGE_CURVE('',#3544,#3411,#414,.T.);
#2946=EDGE_CURVE('',#3545,#3479,#3773,.F.);
#2947=EDGE_CURVE('',#3545,#3541,#415,.T.);
#2948=EDGE_CURVE('',#3546,#3547,#416,.T.);
#2949=EDGE_CURVE('',#3547,#3548,#417,.T.);
#2950=EDGE_CURVE('',#3549,#3548,#3774,.F.);
#2951=EDGE_CURVE('',#3549,#3440,#418,.T.);
#2952=EDGE_CURVE('',#3438,#3550,#419,.T.);
#2953=EDGE_CURVE('',#3550,#3551,#3775,.F.);
#2954=EDGE_CURVE('',#3551,#3546,#420,.T.);
#2955=EDGE_CURVE('',#3552,#3553,#3776,.F.);
#2956=EDGE_CURVE('',#3553,#3554,#421,.T.);
#2957=EDGE_CURVE('',#3555,#3554,#422,.T.);
#2958=EDGE_CURVE('',#3555,#3556,#423,.T.);
#2959=EDGE_CURVE('',#3480,#3556,#3777,.F.);
#2960=EDGE_CURVE('',#3414,#3552,#424,.T.);
#2961=EDGE_CURVE('',#3557,#3558,#3778,.F.);
#2962=EDGE_CURVE('',#3557,#3559,#425,.T.);
#2963=EDGE_CURVE('',#3560,#3559,#426,.T.);
#2964=EDGE_CURVE('',#3560,#3561,#427,.T.);
#2965=EDGE_CURVE('',#3561,#3562,#3779,.F.);
#2966=EDGE_CURVE('',#3562,#3435,#428,.T.);
#2967=EDGE_CURVE('',#3437,#3558,#429,.T.);
#2968=EDGE_CURVE('',#3554,#3542,#430,.T.);
#2969=EDGE_CURVE('',#3541,#3555,#431,.T.);
#2970=EDGE_CURVE('',#3559,#3547,#432,.T.);
#2971=EDGE_CURVE('',#3546,#3560,#433,.T.);
#2972=EDGE_CURVE('',#3563,#3564,#434,.T.);
#2973=EDGE_CURVE('',#3564,#3565,#435,.T.);
#2974=EDGE_CURVE('',#3565,#3566,#3780,.F.);
#2975=EDGE_CURVE('',#3566,#3407,#436,.T.);
#2976=EDGE_CURVE('',#3567,#3477,#3781,.F.);
#2977=EDGE_CURVE('',#3567,#3563,#437,.T.);
#2978=EDGE_CURVE('',#3568,#3569,#438,.T.);
#2979=EDGE_CURVE('',#3569,#3570,#439,.T.);
#2980=EDGE_CURVE('',#3571,#3570,#3782,.F.);
#2981=EDGE_CURVE('',#3571,#3444,#440,.T.);
#2982=EDGE_CURVE('',#3442,#3572,#441,.T.);
#2983=EDGE_CURVE('',#3572,#3573,#3783,.F.);
#2984=EDGE_CURVE('',#3573,#3568,#442,.T.);
#2985=EDGE_CURVE('',#3574,#3575,#3784,.F.);
#2986=EDGE_CURVE('',#3575,#3576,#443,.T.);
#2987=EDGE_CURVE('',#3577,#3576,#444,.T.);
#2988=EDGE_CURVE('',#3577,#3578,#445,.T.);
#2989=EDGE_CURVE('',#3478,#3578,#3785,.F.);
#2990=EDGE_CURVE('',#3410,#3574,#446,.T.);
#2991=EDGE_CURVE('',#3579,#3580,#3786,.F.);
#2992=EDGE_CURVE('',#3579,#3581,#447,.T.);
#2993=EDGE_CURVE('',#3582,#3581,#448,.T.);
#2994=EDGE_CURVE('',#3582,#3583,#449,.T.);
#2995=EDGE_CURVE('',#3583,#3584,#3787,.F.);
#2996=EDGE_CURVE('',#3584,#3439,#450,.T.);
#2997=EDGE_CURVE('',#3441,#3580,#451,.T.);
#2998=EDGE_CURVE('',#3576,#3564,#452,.T.);
#2999=EDGE_CURVE('',#3563,#3577,#453,.T.);
#3000=EDGE_CURVE('',#3581,#3569,#454,.T.);
#3001=EDGE_CURVE('',#3568,#3582,#455,.T.);
#3002=EDGE_CURVE('',#3585,#3586,#456,.T.);
#3003=EDGE_CURVE('',#3586,#3587,#457,.T.);
#3004=EDGE_CURVE('',#3587,#3588,#3788,.F.);
#3005=EDGE_CURVE('',#3588,#3403,#458,.T.);
#3006=EDGE_CURVE('',#3589,#3475,#3789,.F.);
#3007=EDGE_CURVE('',#3589,#3585,#459,.T.);
#3008=EDGE_CURVE('',#3590,#3591,#460,.T.);
#3009=EDGE_CURVE('',#3591,#3592,#461,.T.);
#3010=EDGE_CURVE('',#3593,#3592,#3790,.F.);
#3011=EDGE_CURVE('',#3593,#3448,#462,.T.);
#3012=EDGE_CURVE('',#3446,#3594,#463,.T.);
#3013=EDGE_CURVE('',#3594,#3595,#3791,.F.);
#3014=EDGE_CURVE('',#3595,#3590,#464,.T.);
#3015=EDGE_CURVE('',#3596,#3597,#3792,.F.);
#3016=EDGE_CURVE('',#3597,#3598,#465,.T.);
#3017=EDGE_CURVE('',#3599,#3598,#466,.T.);
#3018=EDGE_CURVE('',#3599,#3600,#467,.T.);
#3019=EDGE_CURVE('',#3476,#3600,#3793,.F.);
#3020=EDGE_CURVE('',#3406,#3596,#468,.T.);
#3021=EDGE_CURVE('',#3601,#3602,#3794,.F.);
#3022=EDGE_CURVE('',#3601,#3603,#469,.T.);
#3023=EDGE_CURVE('',#3604,#3603,#470,.T.);
#3024=EDGE_CURVE('',#3604,#3605,#471,.T.);
#3025=EDGE_CURVE('',#3605,#3606,#3795,.F.);
#3026=EDGE_CURVE('',#3606,#3443,#472,.T.);
#3027=EDGE_CURVE('',#3445,#3602,#473,.T.);
#3028=EDGE_CURVE('',#3598,#3586,#474,.T.);
#3029=EDGE_CURVE('',#3585,#3599,#475,.T.);
#3030=EDGE_CURVE('',#3603,#3591,#476,.T.);
#3031=EDGE_CURVE('',#3590,#3604,#477,.T.);
#3032=EDGE_CURVE('',#3607,#3608,#478,.T.);
#3033=EDGE_CURVE('',#3608,#3609,#479,.T.);
#3034=EDGE_CURVE('',#3609,#3610,#3796,.F.);
#3035=EDGE_CURVE('',#3610,#3399,#480,.T.);
#3036=EDGE_CURVE('',#3611,#3473,#3797,.F.);
#3037=EDGE_CURVE('',#3611,#3607,#481,.T.);
#3038=EDGE_CURVE('',#3612,#3613,#482,.T.);
#3039=EDGE_CURVE('',#3613,#3614,#483,.T.);
#3040=EDGE_CURVE('',#3615,#3614,#3798,.F.);
#3041=EDGE_CURVE('',#3615,#3452,#484,.T.);
#3042=EDGE_CURVE('',#3450,#3616,#485,.T.);
#3043=EDGE_CURVE('',#3616,#3617,#3799,.F.);
#3044=EDGE_CURVE('',#3617,#3612,#486,.T.);
#3045=EDGE_CURVE('',#3618,#3619,#3800,.F.);
#3046=EDGE_CURVE('',#3619,#3620,#487,.T.);
#3047=EDGE_CURVE('',#3621,#3620,#488,.T.);
#3048=EDGE_CURVE('',#3621,#3622,#489,.T.);
#3049=EDGE_CURVE('',#3474,#3622,#3801,.F.);
#3050=EDGE_CURVE('',#3402,#3618,#490,.T.);
#3051=EDGE_CURVE('',#3623,#3624,#3802,.F.);
#3052=EDGE_CURVE('',#3623,#3625,#491,.T.);
#3053=EDGE_CURVE('',#3626,#3625,#492,.T.);
#3054=EDGE_CURVE('',#3626,#3627,#493,.T.);
#3055=EDGE_CURVE('',#3627,#3628,#3803,.F.);
#3056=EDGE_CURVE('',#3628,#3447,#494,.T.);
#3057=EDGE_CURVE('',#3449,#3624,#495,.T.);
#3058=EDGE_CURVE('',#3620,#3608,#496,.T.);
#3059=EDGE_CURVE('',#3607,#3621,#497,.T.);
#3060=EDGE_CURVE('',#3625,#3613,#498,.T.);
#3061=EDGE_CURVE('',#3612,#3626,#499,.T.);
#3062=EDGE_CURVE('',#3629,#3630,#500,.T.);
#3063=EDGE_CURVE('',#3630,#3631,#501,.T.);
#3064=EDGE_CURVE('',#3631,#3632,#3804,.F.);
#3065=EDGE_CURVE('',#3632,#3395,#502,.T.);
#3066=EDGE_CURVE('',#3633,#3471,#3805,.F.);
#3067=EDGE_CURVE('',#3633,#3629,#503,.T.);
#3068=EDGE_CURVE('',#3634,#3635,#504,.T.);
#3069=EDGE_CURVE('',#3635,#3636,#505,.T.);
#3070=EDGE_CURVE('',#3637,#3636,#3806,.F.);
#3071=EDGE_CURVE('',#3637,#3456,#506,.T.);
#3072=EDGE_CURVE('',#3454,#3638,#507,.T.);
#3073=EDGE_CURVE('',#3638,#3639,#3807,.F.);
#3074=EDGE_CURVE('',#3639,#3634,#508,.T.);
#3075=EDGE_CURVE('',#3640,#3641,#3808,.F.);
#3076=EDGE_CURVE('',#3641,#3642,#509,.T.);
#3077=EDGE_CURVE('',#3643,#3642,#510,.T.);
#3078=EDGE_CURVE('',#3643,#3644,#511,.T.);
#3079=EDGE_CURVE('',#3472,#3644,#3809,.F.);
#3080=EDGE_CURVE('',#3398,#3640,#512,.T.);
#3081=EDGE_CURVE('',#3645,#3646,#3810,.F.);
#3082=EDGE_CURVE('',#3645,#3647,#513,.T.);
#3083=EDGE_CURVE('',#3648,#3647,#514,.T.);
#3084=EDGE_CURVE('',#3648,#3649,#515,.T.);
#3085=EDGE_CURVE('',#3649,#3650,#3811,.F.);
#3086=EDGE_CURVE('',#3650,#3451,#516,.T.);
#3087=EDGE_CURVE('',#3453,#3646,#517,.T.);
#3088=EDGE_CURVE('',#3642,#3630,#518,.T.);
#3089=EDGE_CURVE('',#3629,#3643,#519,.T.);
#3090=EDGE_CURVE('',#3647,#3635,#520,.T.);
#3091=EDGE_CURVE('',#3634,#3648,#521,.T.);
#3092=EDGE_CURVE('',#3651,#3652,#522,.T.);
#3093=EDGE_CURVE('',#3652,#3653,#523,.T.);
#3094=EDGE_CURVE('',#3653,#3654,#3812,.F.);
#3095=EDGE_CURVE('',#3654,#3391,#524,.T.);
#3096=EDGE_CURVE('',#3655,#3469,#3813,.F.);
#3097=EDGE_CURVE('',#3655,#3651,#525,.T.);
#3098=EDGE_CURVE('',#3656,#3657,#526,.T.);
#3099=EDGE_CURVE('',#3657,#3658,#527,.T.);
#3100=EDGE_CURVE('',#3659,#3658,#3814,.F.);
#3101=EDGE_CURVE('',#3659,#3460,#528,.T.);
#3102=EDGE_CURVE('',#3458,#3660,#529,.T.);
#3103=EDGE_CURVE('',#3660,#3661,#3815,.F.);
#3104=EDGE_CURVE('',#3661,#3656,#530,.T.);
#3105=EDGE_CURVE('',#3662,#3663,#3816,.F.);
#3106=EDGE_CURVE('',#3663,#3664,#531,.T.);
#3107=EDGE_CURVE('',#3665,#3664,#532,.T.);
#3108=EDGE_CURVE('',#3665,#3666,#533,.T.);
#3109=EDGE_CURVE('',#3470,#3666,#3817,.F.);
#3110=EDGE_CURVE('',#3394,#3662,#534,.T.);
#3111=EDGE_CURVE('',#3667,#3668,#3818,.F.);
#3112=EDGE_CURVE('',#3667,#3669,#535,.T.);
#3113=EDGE_CURVE('',#3670,#3669,#536,.T.);
#3114=EDGE_CURVE('',#3670,#3671,#537,.T.);
#3115=EDGE_CURVE('',#3671,#3672,#3819,.F.);
#3116=EDGE_CURVE('',#3672,#3455,#538,.T.);
#3117=EDGE_CURVE('',#3457,#3668,#539,.T.);
#3118=EDGE_CURVE('',#3664,#3652,#540,.T.);
#3119=EDGE_CURVE('',#3651,#3665,#541,.T.);
#3120=EDGE_CURVE('',#3669,#3657,#542,.T.);
#3121=EDGE_CURVE('',#3656,#3670,#543,.T.);
#3122=EDGE_CURVE('',#3673,#3674,#544,.T.);
#3123=EDGE_CURVE('',#3674,#3675,#545,.T.);
#3124=EDGE_CURVE('',#3675,#3676,#3820,.F.);
#3125=EDGE_CURVE('',#3676,#3387,#546,.T.);
#3126=EDGE_CURVE('',#3677,#3467,#3821,.F.);
#3127=EDGE_CURVE('',#3677,#3673,#547,.T.);
#3128=EDGE_CURVE('',#3678,#3679,#548,.T.);
#3129=EDGE_CURVE('',#3679,#3680,#549,.T.);
#3130=EDGE_CURVE('',#3681,#3680,#3822,.F.);
#3131=EDGE_CURVE('',#3681,#3464,#550,.T.);
#3132=EDGE_CURVE('',#3462,#3682,#551,.T.);
#3133=EDGE_CURVE('',#3682,#3683,#3823,.F.);
#3134=EDGE_CURVE('',#3683,#3678,#552,.T.);
#3135=EDGE_CURVE('',#3684,#3685,#3824,.F.);
#3136=EDGE_CURVE('',#3685,#3686,#553,.T.);
#3137=EDGE_CURVE('',#3687,#3686,#554,.T.);
#3138=EDGE_CURVE('',#3687,#3688,#555,.T.);
#3139=EDGE_CURVE('',#3468,#3688,#3825,.F.);
#3140=EDGE_CURVE('',#3390,#3684,#556,.T.);
#3141=EDGE_CURVE('',#3689,#3690,#3826,.F.);
#3142=EDGE_CURVE('',#3689,#3691,#557,.T.);
#3143=EDGE_CURVE('',#3692,#3691,#558,.T.);
#3144=EDGE_CURVE('',#3692,#3693,#559,.T.);
#3145=EDGE_CURVE('',#3693,#3694,#3827,.F.);
#3146=EDGE_CURVE('',#3694,#3459,#560,.T.);
#3147=EDGE_CURVE('',#3461,#3690,#561,.T.);
#3148=EDGE_CURVE('',#3686,#3674,#562,.T.);
#3149=EDGE_CURVE('',#3673,#3687,#563,.T.);
#3150=EDGE_CURVE('',#3691,#3679,#564,.T.);
#3151=EDGE_CURVE('',#3678,#3692,#565,.T.);
#3152=EDGE_CURVE('',#3695,#3696,#566,.T.);
#3153=EDGE_CURVE('',#3696,#3383,#567,.T.);
#3154=EDGE_CURVE('',#3382,#3695,#568,.T.);
#3155=EDGE_CURVE('',#3697,#3698,#569,.T.);
#3156=EDGE_CURVE('',#3698,#3379,#570,.T.);
#3157=EDGE_CURVE('',#3378,#3697,#571,.T.);
#3158=EDGE_CURVE('',#3699,#3700,#3828,.F.);
#3159=EDGE_CURVE('',#3700,#3696,#572,.T.);
#3160=EDGE_CURVE('',#3695,#3701,#573,.T.);
#3161=EDGE_CURVE('',#3466,#3701,#3829,.F.);
#3162=EDGE_CURVE('',#3386,#3699,#574,.T.);
#3163=EDGE_CURVE('',#3702,#3703,#3830,.F.);
#3164=EDGE_CURVE('',#3702,#3698,#575,.T.);
#3165=EDGE_CURVE('',#3697,#3704,#576,.T.);
#3166=EDGE_CURVE('',#3704,#3705,#3831,.F.);
#3167=EDGE_CURVE('',#3705,#3463,#577,.T.);
#3168=EDGE_CURVE('',#3465,#3703,#578,.T.);
#3169=EDGE_CURVE('',#3703,#3681,#579,.T.);
#3170=EDGE_CURVE('',#3690,#3659,#580,.T.);
#3171=EDGE_CURVE('',#3668,#3637,#581,.T.);
#3172=EDGE_CURVE('',#3646,#3615,#582,.T.);
#3173=EDGE_CURVE('',#3624,#3593,#583,.T.);
#3174=EDGE_CURVE('',#3602,#3571,#584,.T.);
#3175=EDGE_CURVE('',#3580,#3549,#585,.T.);
#3176=EDGE_CURVE('',#3558,#3527,#586,.T.);
#3177=EDGE_CURVE('',#3536,#3505,#587,.T.);
#3178=EDGE_CURVE('',#3514,#3494,#588,.T.);
#3179=EDGE_CURVE('',#3517,#3496,#589,.T.);
#3180=EDGE_CURVE('',#3539,#3507,#590,.T.);
#3181=EDGE_CURVE('',#3561,#3529,#591,.T.);
#3182=EDGE_CURVE('',#3583,#3551,#592,.T.);
#3183=EDGE_CURVE('',#3605,#3573,#593,.T.);
#3184=EDGE_CURVE('',#3627,#3595,#594,.T.);
#3185=EDGE_CURVE('',#3649,#3617,#595,.T.);
#3186=EDGE_CURVE('',#3671,#3639,#596,.T.);
#3187=EDGE_CURVE('',#3693,#3661,#597,.T.);
#3188=EDGE_CURVE('',#3704,#3683,#598,.T.);
#3189=EDGE_CURVE('',#3377,#3372,#599,.T.);
#3190=EDGE_CURVE('',#3705,#3682,#600,.T.);
#3191=EDGE_CURVE('',#3694,#3660,#601,.T.);
#3192=EDGE_CURVE('',#3672,#3638,#602,.T.);
#3193=EDGE_CURVE('',#3650,#3616,#603,.T.);
#3194=EDGE_CURVE('',#3628,#3594,#604,.T.);
#3195=EDGE_CURVE('',#3606,#3572,#605,.T.);
#3196=EDGE_CURVE('',#3584,#3550,#606,.T.);
#3197=EDGE_CURVE('',#3562,#3528,#607,.T.);
#3198=EDGE_CURVE('',#3540,#3506,#608,.T.);
#3199=EDGE_CURVE('',#3518,#3495,#609,.T.);
#3200=EDGE_CURVE('',#3512,#3490,#610,.T.);
#3201=EDGE_CURVE('',#3534,#3501,#611,.T.);
#3202=EDGE_CURVE('',#3556,#3523,#612,.T.);
#3203=EDGE_CURVE('',#3578,#3545,#613,.T.);
#3204=EDGE_CURVE('',#3600,#3567,#614,.T.);
#3205=EDGE_CURVE('',#3622,#3589,#615,.T.);
#3206=EDGE_CURVE('',#3644,#3611,#616,.T.);
#3207=EDGE_CURVE('',#3666,#3633,#617,.T.);
#3208=EDGE_CURVE('',#3688,#3655,#618,.T.);
#3209=EDGE_CURVE('',#3701,#3677,#619,.T.);
#3210=EDGE_CURVE('',#3381,#3368,#620,.T.);
#3211=EDGE_CURVE('',#3702,#3680,#621,.T.);
#3212=EDGE_CURVE('',#3380,#3369,#622,.T.);
#3213=EDGE_CURVE('',#3689,#3658,#623,.T.);
#3214=EDGE_CURVE('',#3667,#3636,#624,.T.);
#3215=EDGE_CURVE('',#3645,#3614,#625,.T.);
#3216=EDGE_CURVE('',#3623,#3592,#626,.T.);
#3217=EDGE_CURVE('',#3601,#3570,#627,.T.);
#3218=EDGE_CURVE('',#3579,#3548,#628,.T.);
#3219=EDGE_CURVE('',#3557,#3526,#629,.T.);
#3220=EDGE_CURVE('',#3535,#3504,#630,.T.);
#3221=EDGE_CURVE('',#3513,#3493,#631,.T.);
#3222=EDGE_CURVE('',#3531,#3499,#632,.T.);
#3223=EDGE_CURVE('',#3530,#3500,#633,.T.);
#3224=EDGE_CURVE('',#3553,#3521,#634,.T.);
#3225=EDGE_CURVE('',#3552,#3522,#635,.T.);
#3226=EDGE_CURVE('',#3575,#3543,#636,.T.);
#3227=EDGE_CURVE('',#3574,#3544,#637,.T.);
#3228=EDGE_CURVE('',#3597,#3565,#638,.T.);
#3229=EDGE_CURVE('',#3596,#3566,#639,.T.);
#3230=EDGE_CURVE('',#3619,#3587,#640,.T.);
#3231=EDGE_CURVE('',#3618,#3588,#641,.T.);
#3232=EDGE_CURVE('',#3641,#3609,#642,.T.);
#3233=EDGE_CURVE('',#3640,#3610,#643,.T.);
#3234=EDGE_CURVE('',#3663,#3631,#644,.T.);
#3235=EDGE_CURVE('',#3662,#3632,#645,.T.);
#3236=EDGE_CURVE('',#3685,#3653,#646,.T.);
#3237=EDGE_CURVE('',#3684,#3654,#647,.T.);
#3238=EDGE_CURVE('',#3700,#3675,#648,.T.);
#3239=EDGE_CURVE('',#3699,#3676,#649,.T.);
#3240=EDGE_CURVE('',#3508,#3489,#650,.T.);
#3241=EDGE_CURVE('',#3384,#3365,#651,.T.);
#3242=EDGE_CURVE('',#3509,#3488,#652,.T.);
#3243=VERTEX_POINT('',#6684);
#3244=VERTEX_POINT('',#6685);
#3245=VERTEX_POINT('',#6687);
#3246=VERTEX_POINT('',#6689);
#3247=VERTEX_POINT('',#6691);
#3248=VERTEX_POINT('',#6695);
#3249=VERTEX_POINT('',#6696);
#3250=VERTEX_POINT('',#6698);
#3251=VERTEX_POINT('',#6700);
#3252=VERTEX_POINT('',#6704);
#3253=VERTEX_POINT('',#6705);
#3254=VERTEX_POINT('',#6707);
#3255=VERTEX_POINT('',#6709);
#3256=VERTEX_POINT('',#6713);
#3257=VERTEX_POINT('',#6714);
#3258=VERTEX_POINT('',#6716);
#3259=VERTEX_POINT('',#6718);
#3260=VERTEX_POINT('',#6722);
#3261=VERTEX_POINT('',#6723);
#3262=VERTEX_POINT('',#6725);
#3263=VERTEX_POINT('',#6727);
#3264=VERTEX_POINT('',#6729);
#3265=VERTEX_POINT('',#6731);
#3266=VERTEX_POINT('',#6733);
#3267=VERTEX_POINT('',#6735);
#3268=VERTEX_POINT('',#6737);
#3269=VERTEX_POINT('',#6739);
#3270=VERTEX_POINT('',#6741);
#3271=VERTEX_POINT('',#6745);
#3272=VERTEX_POINT('',#6746);
#3273=VERTEX_POINT('',#6748);
#3274=VERTEX_POINT('',#6750);
#3275=VERTEX_POINT('',#6752);
#3276=VERTEX_POINT('',#6754);
#3277=VERTEX_POINT('',#6756);
#3278=VERTEX_POINT('',#6758);
#3279=VERTEX_POINT('',#6760);
#3280=VERTEX_POINT('',#6768);
#3281=VERTEX_POINT('',#6772);
#3282=VERTEX_POINT('',#6774);
#3283=VERTEX_POINT('',#6778);
#3284=VERTEX_POINT('',#6780);
#3285=VERTEX_POINT('',#6782);
#3286=VERTEX_POINT('',#6787);
#3287=VERTEX_POINT('',#6791);
#3288=VERTEX_POINT('',#6796);
#3289=VERTEX_POINT('',#6797);
#3290=VERTEX_POINT('',#6802);
#3291=VERTEX_POINT('',#6804);
#3292=VERTEX_POINT('',#6809);
#3293=VERTEX_POINT('',#6813);
#3294=VERTEX_POINT('',#6821);
#3295=VERTEX_POINT('',#6825);
#3296=VERTEX_POINT('',#6827);
#3297=VERTEX_POINT('',#6832);
#3298=VERTEX_POINT('',#6833);
#3299=VERTEX_POINT('',#6835);
#3300=VERTEX_POINT('',#6837);
#3301=VERTEX_POINT('',#6848);
#3302=VERTEX_POINT('',#6854);
#3303=VERTEX_POINT('',#6856);
#3304=VERTEX_POINT('',#6860);
#3305=VERTEX_POINT('',#6862);
#3306=VERTEX_POINT('',#6873);
#3307=VERTEX_POINT('',#6874);
#3308=VERTEX_POINT('',#6879);
#3309=VERTEX_POINT('',#6883);
#3310=VERTEX_POINT('',#6887);
#3311=VERTEX_POINT('',#6891);
#3312=VERTEX_POINT('',#6902);
#3313=VERTEX_POINT('',#6906);
#3314=VERTEX_POINT('',#6911);
#3315=VERTEX_POINT('',#6912);
#3316=VERTEX_POINT('',#6914);
#3317=VERTEX_POINT('',#6916);
#3318=VERTEX_POINT('',#6920);
#3319=VERTEX_POINT('',#6921);
#3320=VERTEX_POINT('',#6923);
#3321=VERTEX_POINT('',#6925);
#3322=VERTEX_POINT('',#6935);
#3323=VERTEX_POINT('',#6937);
#3324=VERTEX_POINT('',#6939);
#3325=VERTEX_POINT('',#6941);
#3326=VERTEX_POINT('',#6943);
#3327=VERTEX_POINT('',#6945);
#3328=VERTEX_POINT('',#6947);
#3329=VERTEX_POINT('',#6949);
#3330=VERTEX_POINT('',#6951);
#3331=VERTEX_POINT('',#6953);
#3332=VERTEX_POINT('',#6955);
#3333=VERTEX_POINT('',#6957);
#3334=VERTEX_POINT('',#6959);
#3335=VERTEX_POINT('',#6961);
#3336=VERTEX_POINT('',#6963);
#3337=VERTEX_POINT('',#6965);
#3338=VERTEX_POINT('',#6967);
#3339=VERTEX_POINT('',#6969);
#3340=VERTEX_POINT('',#6971);
#3341=VERTEX_POINT('',#6973);
#3342=VERTEX_POINT('',#6976);
#3343=VERTEX_POINT('',#6979);
#3344=VERTEX_POINT('',#6982);
#3345=VERTEX_POINT('',#6985);
#3346=VERTEX_POINT('',#6988);
#3347=VERTEX_POINT('',#6991);
#3348=VERTEX_POINT('',#6994);
#3349=VERTEX_POINT('',#6997);
#3350=VERTEX_POINT('',#7000);
#3351=VERTEX_POINT('',#7003);
#3352=VERTEX_POINT('',#7006);
#3353=VERTEX_POINT('',#7009);
#3354=VERTEX_POINT('',#7012);
#3355=VERTEX_POINT('',#7015);
#3356=VERTEX_POINT('',#7018);
#3357=VERTEX_POINT('',#7021);
#3358=VERTEX_POINT('',#7024);
#3359=VERTEX_POINT('',#7027);
#3360=VERTEX_POINT('',#7030);
#3361=VERTEX_POINT('',#7033);
#3362=VERTEX_POINT('',#7058);
#3363=VERTEX_POINT('',#7059);
#3364=VERTEX_POINT('',#7061);
#3365=VERTEX_POINT('',#7063);
#3366=VERTEX_POINT('',#7065);
#3367=VERTEX_POINT('',#7067);
#3368=VERTEX_POINT('',#7069);
#3369=VERTEX_POINT('',#7071);
#3370=VERTEX_POINT('',#7073);
#3371=VERTEX_POINT('',#7075);
#3372=VERTEX_POINT('',#7077);
#3373=VERTEX_POINT('',#7079);
#3374=VERTEX_POINT('',#7083);
#3375=VERTEX_POINT('',#7084);
#3376=VERTEX_POINT('',#7086);
#3377=VERTEX_POINT('',#7088);
#3378=VERTEX_POINT('',#7090);
#3379=VERTEX_POINT('',#7092);
#3380=VERTEX_POINT('',#7094);
#3381=VERTEX_POINT('',#7096);
#3382=VERTEX_POINT('',#7098);
#3383=VERTEX_POINT('',#7100);
#3384=VERTEX_POINT('',#7102);
#3385=VERTEX_POINT('',#7104);
#3386=VERTEX_POINT('',#7114);
#3387=VERTEX_POINT('',#7115);
#3388=VERTEX_POINT('',#7117);
#3389=VERTEX_POINT('',#7119);
#3390=VERTEX_POINT('',#7123);
#3391=VERTEX_POINT('',#7124);
#3392=VERTEX_POINT('',#7126);
#3393=VERTEX_POINT('',#7128);
#3394=VERTEX_POINT('',#7132);
#3395=VERTEX_POINT('',#7133);
#3396=VERTEX_POINT('',#7135);
#3397=VERTEX_POINT('',#7137);
#3398=VERTEX_POINT('',#7141);
#3399=VERTEX_POINT('',#7142);
#3400=VERTEX_POINT('',#7144);
#3401=VERTEX_POINT('',#7146);
#3402=VERTEX_POINT('',#7150);
#3403=VERTEX_POINT('',#7151);
#3404=VERTEX_POINT('',#7153);
#3405=VERTEX_POINT('',#7155);
#3406=VERTEX_POINT('',#7159);
#3407=VERTEX_POINT('',#7160);
#3408=VERTEX_POINT('',#7162);
#3409=VERTEX_POINT('',#7164);
#3410=VERTEX_POINT('',#7168);
#3411=VERTEX_POINT('',#7169);
#3412=VERTEX_POINT('',#7171);
#3413=VERTEX_POINT('',#7173);
#3414=VERTEX_POINT('',#7177);
#3415=VERTEX_POINT('',#7178);
#3416=VERTEX_POINT('',#7180);
#3417=VERTEX_POINT('',#7182);
#3418=VERTEX_POINT('',#7186);
#3419=VERTEX_POINT('',#7187);
#3420=VERTEX_POINT('',#7189);
#3421=VERTEX_POINT('',#7191);
#3422=VERTEX_POINT('',#7195);
#3423=VERTEX_POINT('',#7196);
#3424=VERTEX_POINT('',#7198);
#3425=VERTEX_POINT('',#7200);
#3426=VERTEX_POINT('',#7204);
#3427=VERTEX_POINT('',#7205);
#3428=VERTEX_POINT('',#7207);
#3429=VERTEX_POINT('',#7209);
#3430=VERTEX_POINT('',#7213);
#3431=VERTEX_POINT('',#7214);
#3432=VERTEX_POINT('',#7216);
#3433=VERTEX_POINT('',#7218);
#3434=VERTEX_POINT('',#7222);
#3435=VERTEX_POINT('',#7223);
#3436=VERTEX_POINT('',#7225);
#3437=VERTEX_POINT('',#7227);
#3438=VERTEX_POINT('',#7231);
#3439=VERTEX_POINT('',#7232);
#3440=VERTEX_POINT('',#7234);
#3441=VERTEX_POINT('',#7236);
#3442=VERTEX_POINT('',#7240);
#3443=VERTEX_POINT('',#7241);
#3444=VERTEX_POINT('',#7243);
#3445=VERTEX_POINT('',#7245);
#3446=VERTEX_POINT('',#7249);
#3447=VERTEX_POINT('',#7250);
#3448=VERTEX_POINT('',#7252);
#3449=VERTEX_POINT('',#7254);
#3450=VERTEX_POINT('',#7258);
#3451=VERTEX_POINT('',#7259);
#3452=VERTEX_POINT('',#7261);
#3453=VERTEX_POINT('',#7263);
#3454=VERTEX_POINT('',#7267);
#3455=VERTEX_POINT('',#7268);
#3456=VERTEX_POINT('',#7270);
#3457=VERTEX_POINT('',#7272);
#3458=VERTEX_POINT('',#7276);
#3459=VERTEX_POINT('',#7277);
#3460=VERTEX_POINT('',#7279);
#3461=VERTEX_POINT('',#7281);
#3462=VERTEX_POINT('',#7285);
#3463=VERTEX_POINT('',#7286);
#3464=VERTEX_POINT('',#7288);
#3465=VERTEX_POINT('',#7290);
#3466=VERTEX_POINT('',#7294);
#3467=VERTEX_POINT('',#7295);
#3468=VERTEX_POINT('',#7300);
#3469=VERTEX_POINT('',#7301);
#3470=VERTEX_POINT('',#7306);
#3471=VERTEX_POINT('',#7307);
#3472=VERTEX_POINT('',#7312);
#3473=VERTEX_POINT('',#7313);
#3474=VERTEX_POINT('',#7318);
#3475=VERTEX_POINT('',#7319);
#3476=VERTEX_POINT('',#7324);
#3477=VERTEX_POINT('',#7325);
#3478=VERTEX_POINT('',#7330);
#3479=VERTEX_POINT('',#7331);
#3480=VERTEX_POINT('',#7336);
#3481=VERTEX_POINT('',#7337);
#3482=VERTEX_POINT('',#7342);
#3483=VERTEX_POINT('',#7343);
#3484=VERTEX_POINT('',#7348);
#3485=VERTEX_POINT('',#7349);
#3486=VERTEX_POINT('',#7354);
#3487=VERTEX_POINT('',#7355);
#3488=VERTEX_POINT('',#7357);
#3489=VERTEX_POINT('',#7359);
#3490=VERTEX_POINT('',#7362);
#3491=VERTEX_POINT('',#7366);
#3492=VERTEX_POINT('',#7367);
#3493=VERTEX_POINT('',#7369);
#3494=VERTEX_POINT('',#7371);
#3495=VERTEX_POINT('',#7374);
#3496=VERTEX_POINT('',#7376);
#3497=VERTEX_POINT('',#7386);
#3498=VERTEX_POINT('',#7387);
#3499=VERTEX_POINT('',#7389);
#3500=VERTEX_POINT('',#7391);
#3501=VERTEX_POINT('',#7394);
#3502=VERTEX_POINT('',#7398);
#3503=VERTEX_POINT('',#7399);
#3504=VERTEX_POINT('',#7401);
#3505=VERTEX_POINT('',#7403);
#3506=VERTEX_POINT('',#7406);
#3507=VERTEX_POINT('',#7408);
#3508=VERTEX_POINT('',#7412);
#3509=VERTEX_POINT('',#7413);
#3510=VERTEX_POINT('',#7415);
#3511=VERTEX_POINT('',#7417);
#3512=VERTEX_POINT('',#7419);
#3513=VERTEX_POINT('',#7424);
#3514=VERTEX_POINT('',#7425);
#3515=VERTEX_POINT('',#7427);
#3516=VERTEX_POINT('',#7429);
#3517=VERTEX_POINT('',#7431);
#3518=VERTEX_POINT('',#7433);
#3519=VERTEX_POINT('',#7444);
#3520=VERTEX_POINT('',#7445);
#3521=VERTEX_POINT('',#7447);
#3522=VERTEX_POINT('',#7449);
#3523=VERTEX_POINT('',#7452);
#3524=VERTEX_POINT('',#7456);
#3525=VERTEX_POINT('',#7457);
#3526=VERTEX_POINT('',#7459);
#3527=VERTEX_POINT('',#7461);
#3528=VERTEX_POINT('',#7464);
#3529=VERTEX_POINT('',#7466);
#3530=VERTEX_POINT('',#7470);
#3531=VERTEX_POINT('',#7471);
#3532=VERTEX_POINT('',#7473);
#3533=VERTEX_POINT('',#7475);
#3534=VERTEX_POINT('',#7477);
#3535=VERTEX_POINT('',#7482);
#3536=VERTEX_POINT('',#7483);
#3537=VERTEX_POINT('',#7485);
#3538=VERTEX_POINT('',#7487);
#3539=VERTEX_POINT('',#7489);
#3540=VERTEX_POINT('',#7491);
#3541=VERTEX_POINT('',#7502);
#3542=VERTEX_POINT('',#7503);
#3543=VERTEX_POINT('',#7505);
#3544=VERTEX_POINT('',#7507);
#3545=VERTEX_POINT('',#7510);
#3546=VERTEX_POINT('',#7514);
#3547=VERTEX_POINT('',#7515);
#3548=VERTEX_POINT('',#7517);
#3549=VERTEX_POINT('',#7519);
#3550=VERTEX_POINT('',#7522);
#3551=VERTEX_POINT('',#7524);
#3552=VERTEX_POINT('',#7528);
#3553=VERTEX_POINT('',#7529);
#3554=VERTEX_POINT('',#7531);
#3555=VERTEX_POINT('',#7533);
#3556=VERTEX_POINT('',#7535);
#3557=VERTEX_POINT('',#7540);
#3558=VERTEX_POINT('',#7541);
#3559=VERTEX_POINT('',#7543);
#3560=VERTEX_POINT('',#7545);
#3561=VERTEX_POINT('',#7547);
#3562=VERTEX_POINT('',#7549);
#3563=VERTEX_POINT('',#7560);
#3564=VERTEX_POINT('',#7561);
#3565=VERTEX_POINT('',#7563);
#3566=VERTEX_POINT('',#7565);
#3567=VERTEX_POINT('',#7568);
#3568=VERTEX_POINT('',#7572);
#3569=VERTEX_POINT('',#7573);
#3570=VERTEX_POINT('',#7575);
#3571=VERTEX_POINT('',#7577);
#3572=VERTEX_POINT('',#7580);
#3573=VERTEX_POINT('',#7582);
#3574=VERTEX_POINT('',#7586);
#3575=VERTEX_POINT('',#7587);
#3576=VERTEX_POINT('',#7589);
#3577=VERTEX_POINT('',#7591);
#3578=VERTEX_POINT('',#7593);
#3579=VERTEX_POINT('',#7598);
#3580=VERTEX_POINT('',#7599);
#3581=VERTEX_POINT('',#7601);
#3582=VERTEX_POINT('',#7603);
#3583=VERTEX_POINT('',#7605);
#3584=VERTEX_POINT('',#7607);
#3585=VERTEX_POINT('',#7618);
#3586=VERTEX_POINT('',#7619);
#3587=VERTEX_POINT('',#7621);
#3588=VERTEX_POINT('',#7623);
#3589=VERTEX_POINT('',#7626);
#3590=VERTEX_POINT('',#7630);
#3591=VERTEX_POINT('',#7631);
#3592=VERTEX_POINT('',#7633);
#3593=VERTEX_POINT('',#7635);
#3594=VERTEX_POINT('',#7638);
#3595=VERTEX_POINT('',#7640);
#3596=VERTEX_POINT('',#7644);
#3597=VERTEX_POINT('',#7645);
#3598=VERTEX_POINT('',#7647);
#3599=VERTEX_POINT('',#7649);
#3600=VERTEX_POINT('',#7651);
#3601=VERTEX_POINT('',#7656);
#3602=VERTEX_POINT('',#7657);
#3603=VERTEX_POINT('',#7659);
#3604=VERTEX_POINT('',#7661);
#3605=VERTEX_POINT('',#7663);
#3606=VERTEX_POINT('',#7665);
#3607=VERTEX_POINT('',#7676);
#3608=VERTEX_POINT('',#7677);
#3609=VERTEX_POINT('',#7679);
#3610=VERTEX_POINT('',#7681);
#3611=VERTEX_POINT('',#7684);
#3612=VERTEX_POINT('',#7688);
#3613=VERTEX_POINT('',#7689);
#3614=VERTEX_POINT('',#7691);
#3615=VERTEX_POINT('',#7693);
#3616=VERTEX_POINT('',#7696);
#3617=VERTEX_POINT('',#7698);
#3618=VERTEX_POINT('',#7702);
#3619=VERTEX_POINT('',#7703);
#3620=VERTEX_POINT('',#7705);
#3621=VERTEX_POINT('',#7707);
#3622=VERTEX_POINT('',#7709);
#3623=VERTEX_POINT('',#7714);
#3624=VERTEX_POINT('',#7715);
#3625=VERTEX_POINT('',#7717);
#3626=VERTEX_POINT('',#7719);
#3627=VERTEX_POINT('',#7721);
#3628=VERTEX_POINT('',#7723);
#3629=VERTEX_POINT('',#7734);
#3630=VERTEX_POINT('',#7735);
#3631=VERTEX_POINT('',#7737);
#3632=VERTEX_POINT('',#7739);
#3633=VERTEX_POINT('',#7742);
#3634=VERTEX_POINT('',#7746);
#3635=VERTEX_POINT('',#7747);
#3636=VERTEX_POINT('',#7749);
#3637=VERTEX_POINT('',#7751);
#3638=VERTEX_POINT('',#7754);
#3639=VERTEX_POINT('',#7756);
#3640=VERTEX_POINT('',#7760);
#3641=VERTEX_POINT('',#7761);
#3642=VERTEX_POINT('',#7763);
#3643=VERTEX_POINT('',#7765);
#3644=VERTEX_POINT('',#7767);
#3645=VERTEX_POINT('',#7772);
#3646=VERTEX_POINT('',#7773);
#3647=VERTEX_POINT('',#7775);
#3648=VERTEX_POINT('',#7777);
#3649=VERTEX_POINT('',#7779);
#3650=VERTEX_POINT('',#7781);
#3651=VERTEX_POINT('',#7792);
#3652=VERTEX_POINT('',#7793);
#3653=VERTEX_POINT('',#7795);
#3654=VERTEX_POINT('',#7797);
#3655=VERTEX_POINT('',#7800);
#3656=VERTEX_POINT('',#7804);
#3657=VERTEX_POINT('',#7805);
#3658=VERTEX_POINT('',#7807);
#3659=VERTEX_POINT('',#7809);
#3660=VERTEX_POINT('',#7812);
#3661=VERTEX_POINT('',#7814);
#3662=VERTEX_POINT('',#7818);
#3663=VERTEX_POINT('',#7819);
#3664=VERTEX_POINT('',#7821);
#3665=VERTEX_POINT('',#7823);
#3666=VERTEX_POINT('',#7825);
#3667=VERTEX_POINT('',#7830);
#3668=VERTEX_POINT('',#7831);
#3669=VERTEX_POINT('',#7833);
#3670=VERTEX_POINT('',#7835);
#3671=VERTEX_POINT('',#7837);
#3672=VERTEX_POINT('',#7839);
#3673=VERTEX_POINT('',#7850);
#3674=VERTEX_POINT('',#7851);
#3675=VERTEX_POINT('',#7853);
#3676=VERTEX_POINT('',#7855);
#3677=VERTEX_POINT('',#7858);
#3678=VERTEX_POINT('',#7862);
#3679=VERTEX_POINT('',#7863);
#3680=VERTEX_POINT('',#7865);
#3681=VERTEX_POINT('',#7867);
#3682=VERTEX_POINT('',#7870);
#3683=VERTEX_POINT('',#7872);
#3684=VERTEX_POINT('',#7876);
#3685=VERTEX_POINT('',#7877);
#3686=VERTEX_POINT('',#7879);
#3687=VERTEX_POINT('',#7881);
#3688=VERTEX_POINT('',#7883);
#3689=VERTEX_POINT('',#7888);
#3690=VERTEX_POINT('',#7889);
#3691=VERTEX_POINT('',#7891);
#3692=VERTEX_POINT('',#7893);
#3693=VERTEX_POINT('',#7895);
#3694=VERTEX_POINT('',#7897);
#3695=VERTEX_POINT('',#7908);
#3696=VERTEX_POINT('',#7909);
#3697=VERTEX_POINT('',#7914);
#3698=VERTEX_POINT('',#7915);
#3699=VERTEX_POINT('',#7920);
#3700=VERTEX_POINT('',#7921);
#3701=VERTEX_POINT('',#7924);
#3702=VERTEX_POINT('',#7929);
#3703=VERTEX_POINT('',#7930);
#3704=VERTEX_POINT('',#7933);
#3705=VERTEX_POINT('',#7935);
#3706=CIRCLE('',#4948,0.025);
#3707=CIRCLE('',#4950,0.025);
#3708=CIRCLE('',#4965,0.025);
#3709=CIRCLE('',#4971,0.025);
#3710=CIRCLE('',#4992,0.025);
#3711=CIRCLE('',#4995,0.025);
#3712=CIRCLE('',#5003,0.009);
#3713=CIRCLE('',#5004,0.009);
#3714=CIRCLE('',#5005,0.009);
#3715=CIRCLE('',#5006,0.009);
#3716=CIRCLE('',#5007,0.009);
#3717=CIRCLE('',#5008,0.009);
#3718=CIRCLE('',#5009,0.009);
#3719=CIRCLE('',#5010,0.009);
#3720=CIRCLE('',#5011,0.009);
#3721=CIRCLE('',#5012,0.009);
#3722=CIRCLE('',#5013,0.009);
#3723=CIRCLE('',#5014,0.009);
#3724=CIRCLE('',#5015,0.009);
#3725=CIRCLE('',#5016,0.009);
#3726=CIRCLE('',#5017,0.009);
#3727=CIRCLE('',#5018,0.009);
#3728=CIRCLE('',#5019,0.009);
#3729=CIRCLE('',#5020,0.009);
#3730=CIRCLE('',#5021,0.009);
#3731=CIRCLE('',#5022,0.009);
#3732=CIRCLE('',#5024,0.009);
#3733=CIRCLE('',#5026,0.009);
#3734=CIRCLE('',#5028,0.009);
#3735=CIRCLE('',#5030,0.009);
#3736=CIRCLE('',#5032,0.009);
#3737=CIRCLE('',#5034,0.009);
#3738=CIRCLE('',#5036,0.009);
#3739=CIRCLE('',#5038,0.009);
#3740=CIRCLE('',#5040,0.009);
#3741=CIRCLE('',#5042,0.009);
#3742=CIRCLE('',#5044,0.009);
#3743=CIRCLE('',#5046,0.009);
#3744=CIRCLE('',#5048,0.009);
#3745=CIRCLE('',#5050,0.009);
#3746=CIRCLE('',#5052,0.009);
#3747=CIRCLE('',#5054,0.009);
#3748=CIRCLE('',#5056,0.009);
#3749=CIRCLE('',#5058,0.009);
#3750=CIRCLE('',#5060,0.009);
#3751=CIRCLE('',#5062,0.009);
#3752=CIRCLE('',#5120,0.00500000000000001);
#3753=CIRCLE('',#5121,0.01);
#3754=CIRCLE('',#5123,0.01);
#3755=CIRCLE('',#5124,0.005);
#3756=CIRCLE('',#5128,0.00500000000000001);
#3757=CIRCLE('',#5129,0.01);
#3758=CIRCLE('',#5131,0.01);
#3759=CIRCLE('',#5132,0.005);
#3760=CIRCLE('',#5134,0.00500000000000001);
#3761=CIRCLE('',#5135,0.01);
#3762=CIRCLE('',#5137,0.01);
#3763=CIRCLE('',#5138,0.005);
#3764=CIRCLE('',#5142,0.00500000000000001);
#3765=CIRCLE('',#5143,0.01);
#3766=CIRCLE('',#5145,0.01);
#3767=CIRCLE('',#5146,0.005);
#3768=CIRCLE('',#5148,0.00500000000000001);
#3769=CIRCLE('',#5149,0.01);
#3770=CIRCLE('',#5151,0.01);
#3771=CIRCLE('',#5152,0.005);
#3772=CIRCLE('',#5156,0.00500000000000001);
#3773=CIRCLE('',#5157,0.01);
#3774=CIRCLE('',#5159,0.01);
#3775=CIRCLE('',#5160,0.005);
#3776=CIRCLE('',#5162,0.00500000000000001);
#3777=CIRCLE('',#5163,0.01);
#3778=CIRCLE('',#5165,0.01);
#3779=CIRCLE('',#5166,0.005);
#3780=CIRCLE('',#5170,0.00500000000000001);
#3781=CIRCLE('',#5171,0.01);
#3782=CIRCLE('',#5173,0.01);
#3783=CIRCLE('',#5174,0.005);
#3784=CIRCLE('',#5176,0.00500000000000001);
#3785=CIRCLE('',#5177,0.01);
#3786=CIRCLE('',#5179,0.01);
#3787=CIRCLE('',#5180,0.005);
#3788=CIRCLE('',#5184,0.00500000000000001);
#3789=CIRCLE('',#5185,0.01);
#3790=CIRCLE('',#5187,0.01);
#3791=CIRCLE('',#5188,0.005);
#3792=CIRCLE('',#5190,0.00500000000000001);
#3793=CIRCLE('',#5191,0.01);
#3794=CIRCLE('',#5193,0.01);
#3795=CIRCLE('',#5194,0.005);
#3796=CIRCLE('',#5198,0.00500000000000001);
#3797=CIRCLE('',#5199,0.01);
#3798=CIRCLE('',#5201,0.01);
#3799=CIRCLE('',#5202,0.005);
#3800=CIRCLE('',#5204,0.00500000000000001);
#3801=CIRCLE('',#5205,0.01);
#3802=CIRCLE('',#5207,0.01);
#3803=CIRCLE('',#5208,0.005);
#3804=CIRCLE('',#5212,0.00500000000000001);
#3805=CIRCLE('',#5213,0.01);
#3806=CIRCLE('',#5215,0.01);
#3807=CIRCLE('',#5216,0.005);
#3808=CIRCLE('',#5218,0.00500000000000001);
#3809=CIRCLE('',#5219,0.01);
#3810=CIRCLE('',#5221,0.01);
#3811=CIRCLE('',#5222,0.005);
#3812=CIRCLE('',#5226,0.00500000000000001);
#3813=CIRCLE('',#5227,0.01);
#3814=CIRCLE('',#5229,0.01);
#3815=CIRCLE('',#5230,0.005);
#3816=CIRCLE('',#5232,0.00500000000000001);
#3817=CIRCLE('',#5233,0.01);
#3818=CIRCLE('',#5235,0.01);
#3819=CIRCLE('',#5236,0.005);
#3820=CIRCLE('',#5240,0.00500000000000001);
#3821=CIRCLE('',#5241,0.01);
#3822=CIRCLE('',#5243,0.01);
#3823=CIRCLE('',#5244,0.005);
#3824=CIRCLE('',#5246,0.00500000000000001);
#3825=CIRCLE('',#5247,0.01);
#3826=CIRCLE('',#5249,0.01);
#3827=CIRCLE('',#5250,0.005);
#3828=CIRCLE('',#5256,0.00500000000000001);
#3829=CIRCLE('',#5257,0.01);
#3830=CIRCLE('',#5259,0.01);
#3831=CIRCLE('',#5260,0.005);
#3832=EDGE_LOOP('',(#1206,#1207,#1208,#1209,#1210));
#3833=EDGE_LOOP('',(#1211,#1212,#1213,#1214));
#3834=EDGE_LOOP('',(#1215,#1216,#1217,#1218));
#3835=EDGE_LOOP('',(#1219,#1220,#1221,#1222));
#3836=EDGE_LOOP('',(#1223,#1224,#1225,#1226,#1227,#1228,#1229,#1230,#1231,
#1232,#1233));
#3837=EDGE_LOOP('',(#1234,#1235,#1236,#1237,#1238,#1239,#1240,#1241,#1242));
#3838=EDGE_LOOP('',(#1243,#1244,#1245,#1246,#1247,#1248,#1249,#1250,#1251,
#1252,#1253));
#3839=EDGE_LOOP('',(#1254,#1255,#1256,#1257,#1258,#1259,#1260,#1261,#1262,
#1263,#1264));
#3840=EDGE_LOOP('',(#1265,#1266,#1267,#1268));
#3841=EDGE_LOOP('',(#1269,#1270,#1271,#1272));
#3842=EDGE_LOOP('',(#1273,#1274,#1275,#1276));
#3843=EDGE_LOOP('',(#1277,#1278,#1279,#1280));
#3844=EDGE_LOOP('',(#1281,#1282,#1283,#1284));
#3845=EDGE_LOOP('',(#1285,#1286,#1287,#1288));
#3846=EDGE_LOOP('',(#1289,#1290,#1291,#1292));
#3847=EDGE_LOOP('',(#1293,#1294,#1295,#1296));
#3848=EDGE_LOOP('',(#1297,#1298,#1299,#1300,#1301,#1302,#1303,#1304));
#3849=EDGE_LOOP('',(#1305,#1306,#1307,#1308,#1309,#1310,#1311,#1312));
#3850=EDGE_LOOP('',(#1313,#1314,#1315,#1316));
#3851=EDGE_LOOP('',(#1317,#1318,#1319,#1320));
#3852=EDGE_LOOP('',(#1321,#1322,#1323,#1324,#1325));
#3853=EDGE_LOOP('',(#1326,#1327,#1328,#1329));
#3854=EDGE_LOOP('',(#1330,#1331,#1332,#1333));
#3855=EDGE_LOOP('',(#1334,#1335,#1336,#1337));
#3856=EDGE_LOOP('',(#1338,#1339,#1340,#1341));
#3857=EDGE_LOOP('',(#1342,#1343,#1344,#1345));
#3858=EDGE_LOOP('',(#1346,#1347,#1348,#1349,#1350,#1351,#1352));
#3859=EDGE_LOOP('',(#1353,#1354,#1355,#1356,#1357,#1358,#1359));
#3860=EDGE_LOOP('',(#1360,#1361,#1362,#1363));
#3861=EDGE_LOOP('',(#1364,#1365,#1366,#1367));
#3862=EDGE_LOOP('',(#1368,#1369,#1370,#1371,#1372,#1373,#1374,#1375));
#3863=EDGE_LOOP('',(#1376,#1377,#1378,#1379));
#3864=EDGE_LOOP('',(#1380,#1381,#1382,#1383,#1384,#1385,#1386,#1387));
#3865=EDGE_LOOP('',(#1388,#1389,#1390,#1391,#1392,#1393));
#3866=EDGE_LOOP('',(#1394,#1395,#1396,#1397));
#3867=EDGE_LOOP('',(#1398,#1399,#1400,#1401));
#3868=EDGE_LOOP('',(#1402,#1403,#1404,#1405));
#3869=EDGE_LOOP('',(#1406,#1407,#1408,#1409));
#3870=EDGE_LOOP('',(#1410,#1411,#1412,#1413,#1414));
#3871=EDGE_LOOP('',(#1415,#1416,#1417,#1418,#1419));
#3872=EDGE_LOOP('',(#1420));
#3873=EDGE_LOOP('',(#1421,#1422));
#3874=EDGE_LOOP('',(#1423));
#3875=EDGE_LOOP('',(#1424));
#3876=EDGE_LOOP('',(#1425));
#3877=EDGE_LOOP('',(#1426,#1427));
#3878=EDGE_LOOP('',(#1428,#1429,#1430,#1431));
#3879=EDGE_LOOP('',(#1432,#1433,#1434,#1435));
#3880=EDGE_LOOP('',(#1436,#1437,#1438,#1439));
#3881=EDGE_LOOP('',(#1440,#1441,#1442,#1443));
#3882=EDGE_LOOP('',(#1444));
#3883=EDGE_LOOP('',(#1445));
#3884=EDGE_LOOP('',(#1446));
#3885=EDGE_LOOP('',(#1447));
#3886=EDGE_LOOP('',(#1448));
#3887=EDGE_LOOP('',(#1449));
#3888=EDGE_LOOP('',(#1450));
#3889=EDGE_LOOP('',(#1451));
#3890=EDGE_LOOP('',(#1452));
#3891=EDGE_LOOP('',(#1453));
#3892=EDGE_LOOP('',(#1454));
#3893=EDGE_LOOP('',(#1455));
#3894=EDGE_LOOP('',(#1456));
#3895=EDGE_LOOP('',(#1457));
#3896=EDGE_LOOP('',(#1458));
#3897=EDGE_LOOP('',(#1459));
#3898=EDGE_LOOP('',(#1460));
#3899=EDGE_LOOP('',(#1461));
#3900=EDGE_LOOP('',(#1462));
#3901=EDGE_LOOP('',(#1463));
#3902=EDGE_LOOP('',(#1464,#1465,#1466,#1467));
#3903=EDGE_LOOP('',(#1468));
#3904=EDGE_LOOP('',(#1469));
#3905=EDGE_LOOP('',(#1470));
#3906=EDGE_LOOP('',(#1471));
#3907=EDGE_LOOP('',(#1472));
#3908=EDGE_LOOP('',(#1473));
#3909=EDGE_LOOP('',(#1474));
#3910=EDGE_LOOP('',(#1475));
#3911=EDGE_LOOP('',(#1476));
#3912=EDGE_LOOP('',(#1477));
#3913=EDGE_LOOP('',(#1478));
#3914=EDGE_LOOP('',(#1479));
#3915=EDGE_LOOP('',(#1480));
#3916=EDGE_LOOP('',(#1481));
#3917=EDGE_LOOP('',(#1482));
#3918=EDGE_LOOP('',(#1483));
#3919=EDGE_LOOP('',(#1484));
#3920=EDGE_LOOP('',(#1485));
#3921=EDGE_LOOP('',(#1486));
#3922=EDGE_LOOP('',(#1487));
#3923=EDGE_LOOP('',(#1488));
#3924=EDGE_LOOP('',(#1489));
#3925=EDGE_LOOP('',(#1490));
#3926=EDGE_LOOP('',(#1491));
#3927=EDGE_LOOP('',(#1492));
#3928=EDGE_LOOP('',(#1493));
#3929=EDGE_LOOP('',(#1494));
#3930=EDGE_LOOP('',(#1495));
#3931=EDGE_LOOP('',(#1496));
#3932=EDGE_LOOP('',(#1497));
#3933=EDGE_LOOP('',(#1498));
#3934=EDGE_LOOP('',(#1499));
#3935=EDGE_LOOP('',(#1500));
#3936=EDGE_LOOP('',(#1501));
#3937=EDGE_LOOP('',(#1502));
#3938=EDGE_LOOP('',(#1503));
#3939=EDGE_LOOP('',(#1504));
#3940=EDGE_LOOP('',(#1505));
#3941=EDGE_LOOP('',(#1506));
#3942=EDGE_LOOP('',(#1507));
#3943=EDGE_LOOP('',(#1508));
#3944=EDGE_LOOP('',(#1509));
#3945=EDGE_LOOP('',(#1510));
#3946=EDGE_LOOP('',(#1511));
#3947=EDGE_LOOP('',(#1512));
#3948=EDGE_LOOP('',(#1513));
#3949=EDGE_LOOP('',(#1514));
#3950=EDGE_LOOP('',(#1515));
#3951=EDGE_LOOP('',(#1516));
#3952=EDGE_LOOP('',(#1517));
#3953=EDGE_LOOP('',(#1518));
#3954=EDGE_LOOP('',(#1519));
#3955=EDGE_LOOP('',(#1520));
#3956=EDGE_LOOP('',(#1521));
#3957=EDGE_LOOP('',(#1522));
#3958=EDGE_LOOP('',(#1523));
#3959=EDGE_LOOP('',(#1524));
#3960=EDGE_LOOP('',(#1525));
#3961=EDGE_LOOP('',(#1526));
#3962=EDGE_LOOP('',(#1527));
#3963=EDGE_LOOP('',(#1528,#1529,#1530,#1531));
#3964=EDGE_LOOP('',(#1532,#1533,#1534,#1535,#1536,#1537,#1538,#1539,#1540,
#1541,#1542,#1543));
#3965=EDGE_LOOP('',(#1544,#1545,#1546,#1547,#1548,#1549,#1550,#1551,#1552,
#1553,#1554,#1555));
#3966=EDGE_LOOP('',(#1556,#1557,#1558,#1559));
#3967=EDGE_LOOP('',(#1560,#1561,#1562,#1563));
#3968=EDGE_LOOP('',(#1564,#1565,#1566,#1567));
#3969=EDGE_LOOP('',(#1568,#1569,#1570,#1571));
#3970=EDGE_LOOP('',(#1572,#1573,#1574,#1575));
#3971=EDGE_LOOP('',(#1576,#1577,#1578,#1579));
#3972=EDGE_LOOP('',(#1580,#1581,#1582,#1583));
#3973=EDGE_LOOP('',(#1584,#1585,#1586,#1587));
#3974=EDGE_LOOP('',(#1588,#1589,#1590,#1591));
#3975=EDGE_LOOP('',(#1592,#1593,#1594,#1595));
#3976=EDGE_LOOP('',(#1596,#1597,#1598,#1599));
#3977=EDGE_LOOP('',(#1600,#1601,#1602,#1603));
#3978=EDGE_LOOP('',(#1604,#1605,#1606,#1607));
#3979=EDGE_LOOP('',(#1608,#1609,#1610,#1611));
#3980=EDGE_LOOP('',(#1612,#1613,#1614,#1615));
#3981=EDGE_LOOP('',(#1616,#1617,#1618,#1619));
#3982=EDGE_LOOP('',(#1620,#1621,#1622,#1623));
#3983=EDGE_LOOP('',(#1624,#1625,#1626,#1627));
#3984=EDGE_LOOP('',(#1628,#1629,#1630,#1631));
#3985=EDGE_LOOP('',(#1632,#1633,#1634,#1635));
#3986=EDGE_LOOP('',(#1636,#1637,#1638,#1639));
#3987=EDGE_LOOP('',(#1640,#1641,#1642,#1643));
#3988=EDGE_LOOP('',(#1644,#1645,#1646,#1647));
#3989=EDGE_LOOP('',(#1648,#1649,#1650,#1651));
#3990=EDGE_LOOP('',(#1652,#1653,#1654,#1655));
#3991=EDGE_LOOP('',(#1656,#1657,#1658,#1659));
#3992=EDGE_LOOP('',(#1660,#1661,#1662,#1663));
#3993=EDGE_LOOP('',(#1664,#1665,#1666,#1667));
#3994=EDGE_LOOP('',(#1668,#1669,#1670,#1671));
#3995=EDGE_LOOP('',(#1672,#1673,#1674,#1675));
#3996=EDGE_LOOP('',(#1676,#1677,#1678,#1679));
#3997=EDGE_LOOP('',(#1680,#1681,#1682,#1683));
#3998=EDGE_LOOP('',(#1684,#1685,#1686,#1687,#1688,#1689,#1690,#1691));
#3999=EDGE_LOOP('',(#1692,#1693,#1694,#1695,#1696,#1697,#1698,#1699));
#4000=EDGE_LOOP('',(#1700,#1701,#1702,#1703));
#4001=EDGE_LOOP('',(#1704,#1705,#1706,#1707));
#4002=EDGE_LOOP('',(#1708,#1709,#1710,#1711,#1712,#1713,#1714,#1715));
#4003=EDGE_LOOP('',(#1716,#1717,#1718,#1719,#1720,#1721,#1722,#1723));
#4004=EDGE_LOOP('',(#1724,#1725,#1726,#1727,#1728,#1729,#1730,#1731));
#4005=EDGE_LOOP('',(#1732,#1733,#1734,#1735,#1736,#1737,#1738,#1739));
#4006=EDGE_LOOP('',(#1740,#1741,#1742,#1743));
#4007=EDGE_LOOP('',(#1744,#1745,#1746,#1747));
#4008=EDGE_LOOP('',(#1748,#1749,#1750,#1751,#1752,#1753,#1754,#1755));
#4009=EDGE_LOOP('',(#1756,#1757,#1758,#1759,#1760,#1761,#1762,#1763));
#4010=EDGE_LOOP('',(#1764,#1765,#1766,#1767,#1768,#1769,#1770,#1771));
#4011=EDGE_LOOP('',(#1772,#1773,#1774,#1775,#1776,#1777,#1778,#1779));
#4012=EDGE_LOOP('',(#1780,#1781,#1782,#1783));
#4013=EDGE_LOOP('',(#1784,#1785,#1786,#1787));
#4014=EDGE_LOOP('',(#1788,#1789,#1790,#1791,#1792,#1793,#1794,#1795));
#4015=EDGE_LOOP('',(#1796,#1797,#1798,#1799,#1800,#1801,#1802,#1803));
#4016=EDGE_LOOP('',(#1804,#1805,#1806,#1807,#1808,#1809,#1810,#1811));
#4017=EDGE_LOOP('',(#1812,#1813,#1814,#1815,#1816,#1817,#1818,#1819));
#4018=EDGE_LOOP('',(#1820,#1821,#1822,#1823));
#4019=EDGE_LOOP('',(#1824,#1825,#1826,#1827));
#4020=EDGE_LOOP('',(#1828,#1829,#1830,#1831,#1832,#1833,#1834,#1835));
#4021=EDGE_LOOP('',(#1836,#1837,#1838,#1839,#1840,#1841,#1842,#1843));
#4022=EDGE_LOOP('',(#1844,#1845,#1846,#1847,#1848,#1849,#1850,#1851));
#4023=EDGE_LOOP('',(#1852,#1853,#1854,#1855,#1856,#1857,#1858,#1859));
#4024=EDGE_LOOP('',(#1860,#1861,#1862,#1863));
#4025=EDGE_LOOP('',(#1864,#1865,#1866,#1867));
#4026=EDGE_LOOP('',(#1868,#1869,#1870,#1871,#1872,#1873,#1874,#1875));
#4027=EDGE_LOOP('',(#1876,#1877,#1878,#1879,#1880,#1881,#1882,#1883));
#4028=EDGE_LOOP('',(#1884,#1885,#1886,#1887,#1888,#1889,#1890,#1891));
#4029=EDGE_LOOP('',(#1892,#1893,#1894,#1895,#1896,#1897,#1898,#1899));
#4030=EDGE_LOOP('',(#1900,#1901,#1902,#1903));
#4031=EDGE_LOOP('',(#1904,#1905,#1906,#1907));
#4032=EDGE_LOOP('',(#1908,#1909,#1910,#1911,#1912,#1913,#1914,#1915));
#4033=EDGE_LOOP('',(#1916,#1917,#1918,#1919,#1920,#1921,#1922,#1923));
#4034=EDGE_LOOP('',(#1924,#1925,#1926,#1927,#1928,#1929,#1930,#1931));
#4035=EDGE_LOOP('',(#1932,#1933,#1934,#1935,#1936,#1937,#1938,#1939));
#4036=EDGE_LOOP('',(#1940,#1941,#1942,#1943));
#4037=EDGE_LOOP('',(#1944,#1945,#1946,#1947));
#4038=EDGE_LOOP('',(#1948,#1949,#1950,#1951,#1952,#1953,#1954,#1955));
#4039=EDGE_LOOP('',(#1956,#1957,#1958,#1959,#1960,#1961,#1962,#1963));
#4040=EDGE_LOOP('',(#1964,#1965,#1966,#1967,#1968,#1969,#1970,#1971));
#4041=EDGE_LOOP('',(#1972,#1973,#1974,#1975,#1976,#1977,#1978,#1979));
#4042=EDGE_LOOP('',(#1980,#1981,#1982,#1983));
#4043=EDGE_LOOP('',(#1984,#1985,#1986,#1987));
#4044=EDGE_LOOP('',(#1988,#1989,#1990,#1991,#1992,#1993,#1994,#1995));
#4045=EDGE_LOOP('',(#1996,#1997,#1998,#1999,#2000,#2001,#2002,#2003));
#4046=EDGE_LOOP('',(#2004,#2005,#2006,#2007,#2008,#2009,#2010,#2011));
#4047=EDGE_LOOP('',(#2012,#2013,#2014,#2015,#2016,#2017,#2018,#2019));
#4048=EDGE_LOOP('',(#2020,#2021,#2022,#2023));
#4049=EDGE_LOOP('',(#2024,#2025,#2026,#2027));
#4050=EDGE_LOOP('',(#2028,#2029,#2030,#2031,#2032,#2033,#2034,#2035));
#4051=EDGE_LOOP('',(#2036,#2037,#2038,#2039,#2040,#2041,#2042,#2043));
#4052=EDGE_LOOP('',(#2044,#2045,#2046,#2047,#2048,#2049,#2050,#2051));
#4053=EDGE_LOOP('',(#2052,#2053,#2054,#2055,#2056,#2057,#2058,#2059));
#4054=EDGE_LOOP('',(#2060,#2061,#2062,#2063));
#4055=EDGE_LOOP('',(#2064,#2065,#2066,#2067));
#4056=EDGE_LOOP('',(#2068,#2069,#2070,#2071));
#4057=EDGE_LOOP('',(#2072,#2073,#2074,#2075));
#4058=EDGE_LOOP('',(#2076,#2077,#2078,#2079,#2080,#2081,#2082,#2083));
#4059=EDGE_LOOP('',(#2084,#2085,#2086,#2087,#2088,#2089,#2090,#2091));
#4060=EDGE_LOOP('',(#2092,#2093,#2094,#2095));
#4061=EDGE_LOOP('',(#2096,#2097,#2098,#2099));
#4062=EDGE_LOOP('',(#2100,#2101,#2102,#2103));
#4063=EDGE_LOOP('',(#2104,#2105,#2106,#2107));
#4064=EDGE_LOOP('',(#2108,#2109,#2110,#2111));
#4065=EDGE_LOOP('',(#2112,#2113,#2114,#2115));
#4066=EDGE_LOOP('',(#2116,#2117,#2118,#2119));
#4067=EDGE_LOOP('',(#2120,#2121,#2122,#2123));
#4068=EDGE_LOOP('',(#2124,#2125,#2126,#2127));
#4069=EDGE_LOOP('',(#2128,#2129,#2130,#2131));
#4070=EDGE_LOOP('',(#2132,#2133,#2134,#2135,#2136,#2137,#2138,#2139,#2140,
#2141,#2142,#2143,#2144,#2145,#2146,#2147,#2148,#2149,#2150,#2151,#2152,
#2153,#2154,#2155,#2156,#2157,#2158,#2159,#2160,#2161,#2162,#2163,#2164,
#2165,#2166,#2167,#2168,#2169,#2170,#2171,#2172,#2173,#2174,#2175));
#4071=EDGE_LOOP('',(#2176,#2177,#2178,#2179));
#4072=EDGE_LOOP('',(#2180,#2181,#2182,#2183));
#4073=EDGE_LOOP('',(#2184,#2185,#2186,#2187));
#4074=EDGE_LOOP('',(#2188,#2189,#2190,#2191));
#4075=EDGE_LOOP('',(#2192,#2193,#2194,#2195));
#4076=EDGE_LOOP('',(#2196,#2197,#2198,#2199));
#4077=EDGE_LOOP('',(#2200,#2201,#2202,#2203));
#4078=EDGE_LOOP('',(#2204,#2205,#2206,#2207));
#4079=EDGE_LOOP('',(#2208,#2209,#2210,#2211));
#4080=EDGE_LOOP('',(#2212,#2213,#2214,#2215));
#4081=EDGE_LOOP('',(#2216,#2217,#2218,#2219));
#4082=EDGE_LOOP('',(#2220,#2221,#2222,#2223));
#4083=EDGE_LOOP('',(#2224,#2225,#2226,#2227));
#4084=EDGE_LOOP('',(#2228,#2229,#2230,#2231));
#4085=EDGE_LOOP('',(#2232,#2233,#2234,#2235));
#4086=EDGE_LOOP('',(#2236,#2237,#2238,#2239));
#4087=EDGE_LOOP('',(#2240,#2241,#2242,#2243));
#4088=EDGE_LOOP('',(#2244,#2245,#2246,#2247));
#4089=EDGE_LOOP('',(#2248,#2249,#2250,#2251));
#4090=EDGE_LOOP('',(#2252,#2253,#2254,#2255));
#4091=EDGE_LOOP('',(#2256,#2257,#2258,#2259));
#4092=EDGE_LOOP('',(#2260,#2261,#2262,#2263,#2264,#2265,#2266,#2267,#2268,
#2269,#2270,#2271,#2272,#2273,#2274,#2275,#2276,#2277,#2278,#2279,#2280,
#2281,#2282,#2283,#2284,#2285,#2286,#2287,#2288,#2289,#2290,#2291,#2292,
#2293,#2294,#2295,#2296,#2297,#2298,#2299,#2300,#2301,#2302,#2303));
#4093=EDGE_LOOP('',(#2304,#2305,#2306,#2307));
#4094=EDGE_LOOP('',(#2308,#2309,#2310,#2311));
#4095=EDGE_LOOP('',(#2312,#2313,#2314,#2315));
#4096=EDGE_LOOP('',(#2316,#2317,#2318,#2319));
#4097=EDGE_LOOP('',(#2320,#2321,#2322,#2323));
#4098=EDGE_LOOP('',(#2324,#2325,#2326,#2327));
#4099=EDGE_LOOP('',(#2328,#2329,#2330,#2331));
#4100=EDGE_LOOP('',(#2332,#2333,#2334,#2335));
#4101=EDGE_LOOP('',(#2336,#2337,#2338,#2339));
#4102=EDGE_LOOP('',(#2340,#2341,#2342,#2343));
#4103=EDGE_LOOP('',(#2344,#2345,#2346,#2347));
#4104=EDGE_LOOP('',(#2348,#2349,#2350,#2351,#2352,#2353,#2354,#2355,#2356,
#2357,#2358,#2359,#2360,#2361,#2362,#2363,#2364,#2365,#2366,#2367,#2368,
#2369,#2370,#2371,#2372,#2373,#2374,#2375,#2376,#2377,#2378,#2379,#2380,
#2381,#2382,#2383,#2384,#2385,#2386,#2387,#2388,#2389,#2390,#2391));
#4105=EDGE_LOOP('',(#2392,#2393,#2394,#2395));
#4106=EDGE_LOOP('',(#2396,#2397,#2398,#2399));
#4107=EDGE_LOOP('',(#2400,#2401,#2402,#2403));
#4108=EDGE_LOOP('',(#2404,#2405,#2406,#2407));
#4109=EDGE_LOOP('',(#2408,#2409,#2410,#2411));
#4110=EDGE_LOOP('',(#2412,#2413,#2414,#2415));
#4111=EDGE_LOOP('',(#2416,#2417,#2418,#2419));
#4112=EDGE_LOOP('',(#2420,#2421,#2422,#2423));
#4113=EDGE_LOOP('',(#2424,#2425,#2426,#2427));
#4114=EDGE_LOOP('',(#2428,#2429,#2430,#2431));
#4115=EDGE_LOOP('',(#2432,#2433,#2434,#2435));
#4116=EDGE_LOOP('',(#2436,#2437,#2438,#2439));
#4117=EDGE_LOOP('',(#2440,#2441,#2442,#2443));
#4118=EDGE_LOOP('',(#2444,#2445,#2446,#2447));
#4119=EDGE_LOOP('',(#2448,#2449,#2450,#2451));
#4120=EDGE_LOOP('',(#2452,#2453,#2454,#2455));
#4121=EDGE_LOOP('',(#2456,#2457,#2458,#2459));
#4122=EDGE_LOOP('',(#2460,#2461,#2462,#2463));
#4123=EDGE_LOOP('',(#2464,#2465,#2466,#2467));
#4124=EDGE_LOOP('',(#2468,#2469,#2470,#2471));
#4125=EDGE_LOOP('',(#2472,#2473,#2474,#2475));
#4126=EDGE_LOOP('',(#2476,#2477,#2478,#2479));
#4127=EDGE_LOOP('',(#2480,#2481,#2482,#2483));
#4128=EDGE_LOOP('',(#2484,#2485,#2486,#2487));
#4129=EDGE_LOOP('',(#2488,#2489,#2490,#2491));
#4130=EDGE_LOOP('',(#2492,#2493,#2494,#2495));
#4131=EDGE_LOOP('',(#2496,#2497,#2498,#2499));
#4132=EDGE_LOOP('',(#2500,#2501,#2502,#2503));
#4133=EDGE_LOOP('',(#2504,#2505,#2506,#2507));
#4134=EDGE_LOOP('',(#2508,#2509,#2510,#2511,#2512,#2513,#2514,#2515,#2516,
#2517,#2518,#2519,#2520,#2521,#2522,#2523,#2524,#2525,#2526,#2527,#2528,
#2529,#2530,#2531,#2532,#2533,#2534,#2535,#2536,#2537,#2538,#2539,#2540,
#2541,#2542,#2543,#2544,#2545,#2546,#2547,#2548,#2549,#2550,#2551));
#4135=EDGE_LOOP('',(#2552,#2553,#2554,#2555));
#4136=EDGE_LOOP('',(#2556,#2557,#2558,#2559));
#4137=EDGE_LOOP('',(#2560,#2561,#2562,#2563));
#4138=FACE_BOUND('',#3832,.T.);
#4139=FACE_BOUND('',#3833,.T.);
#4140=FACE_BOUND('',#3834,.T.);
#4141=FACE_BOUND('',#3835,.T.);
#4142=FACE_BOUND('',#3836,.T.);
#4143=FACE_BOUND('',#3837,.T.);
#4144=FACE_BOUND('',#3838,.T.);
#4145=FACE_BOUND('',#3839,.T.);
#4146=FACE_BOUND('',#3840,.T.);
#4147=FACE_BOUND('',#3841,.T.);
#4148=FACE_BOUND('',#3842,.T.);
#4149=FACE_BOUND('',#3843,.T.);
#4150=FACE_BOUND('',#3844,.T.);
#4151=FACE_BOUND('',#3845,.T.);
#4152=FACE_BOUND('',#3846,.T.);
#4153=FACE_BOUND('',#3847,.T.);
#4154=FACE_BOUND('',#3848,.T.);
#4155=FACE_BOUND('',#3849,.T.);
#4156=FACE_BOUND('',#3850,.T.);
#4157=FACE_BOUND('',#3851,.T.);
#4158=FACE_BOUND('',#3852,.T.);
#4159=FACE_BOUND('',#3853,.T.);
#4160=FACE_BOUND('',#3854,.T.);
#4161=FACE_BOUND('',#3855,.T.);
#4162=FACE_BOUND('',#3856,.T.);
#4163=FACE_BOUND('',#3857,.T.);
#4164=FACE_BOUND('',#3858,.T.);
#4165=FACE_BOUND('',#3859,.T.);
#4166=FACE_BOUND('',#3860,.T.);
#4167=FACE_BOUND('',#3861,.T.);
#4168=FACE_BOUND('',#3862,.T.);
#4169=FACE_BOUND('',#3863,.T.);
#4170=FACE_BOUND('',#3864,.T.);
#4171=FACE_BOUND('',#3865,.T.);
#4172=FACE_BOUND('',#3866,.T.);
#4173=FACE_BOUND('',#3867,.T.);
#4174=FACE_BOUND('',#3868,.T.);
#4175=FACE_BOUND('',#3869,.T.);
#4176=FACE_BOUND('',#3870,.T.);
#4177=FACE_BOUND('',#3871,.T.);
#4178=FACE_BOUND('',#3872,.T.);
#4179=FACE_BOUND('',#3873,.T.);
#4180=FACE_BOUND('',#3874,.T.);
#4181=FACE_BOUND('',#3875,.T.);
#4182=FACE_BOUND('',#3876,.T.);
#4183=FACE_BOUND('',#3877,.T.);
#4184=FACE_BOUND('',#3878,.T.);
#4185=FACE_BOUND('',#3879,.T.);
#4186=FACE_BOUND('',#3880,.T.);
#4187=FACE_BOUND('',#3881,.T.);
#4188=FACE_BOUND('',#3882,.T.);
#4189=FACE_BOUND('',#3883,.T.);
#4190=FACE_BOUND('',#3884,.T.);
#4191=FACE_BOUND('',#3885,.T.);
#4192=FACE_BOUND('',#3886,.T.);
#4193=FACE_BOUND('',#3887,.T.);
#4194=FACE_BOUND('',#3888,.T.);
#4195=FACE_BOUND('',#3889,.T.);
#4196=FACE_BOUND('',#3890,.T.);
#4197=FACE_BOUND('',#3891,.T.);
#4198=FACE_BOUND('',#3892,.T.);
#4199=FACE_BOUND('',#3893,.T.);
#4200=FACE_BOUND('',#3894,.T.);
#4201=FACE_BOUND('',#3895,.T.);
#4202=FACE_BOUND('',#3896,.T.);
#4203=FACE_BOUND('',#3897,.T.);
#4204=FACE_BOUND('',#3898,.T.);
#4205=FACE_BOUND('',#3899,.T.);
#4206=FACE_BOUND('',#3900,.T.);
#4207=FACE_BOUND('',#3901,.T.);
#4208=FACE_BOUND('',#3902,.T.);
#4209=FACE_BOUND('',#3903,.T.);
#4210=FACE_BOUND('',#3904,.T.);
#4211=FACE_BOUND('',#3905,.T.);
#4212=FACE_BOUND('',#3906,.T.);
#4213=FACE_BOUND('',#3907,.T.);
#4214=FACE_BOUND('',#3908,.T.);
#4215=FACE_BOUND('',#3909,.T.);
#4216=FACE_BOUND('',#3910,.T.);
#4217=FACE_BOUND('',#3911,.T.);
#4218=FACE_BOUND('',#3912,.T.);
#4219=FACE_BOUND('',#3913,.T.);
#4220=FACE_BOUND('',#3914,.T.);
#4221=FACE_BOUND('',#3915,.T.);
#4222=FACE_BOUND('',#3916,.T.);
#4223=FACE_BOUND('',#3917,.T.);
#4224=FACE_BOUND('',#3918,.T.);
#4225=FACE_BOUND('',#3919,.T.);
#4226=FACE_BOUND('',#3920,.T.);
#4227=FACE_BOUND('',#3921,.T.);
#4228=FACE_BOUND('',#3922,.T.);
#4229=FACE_BOUND('',#3923,.T.);
#4230=FACE_BOUND('',#3924,.T.);
#4231=FACE_BOUND('',#3925,.T.);
#4232=FACE_BOUND('',#3926,.T.);
#4233=FACE_BOUND('',#3927,.T.);
#4234=FACE_BOUND('',#3928,.T.);
#4235=FACE_BOUND('',#3929,.T.);
#4236=FACE_BOUND('',#3930,.T.);
#4237=FACE_BOUND('',#3931,.T.);
#4238=FACE_BOUND('',#3932,.T.);
#4239=FACE_BOUND('',#3933,.T.);
#4240=FACE_BOUND('',#3934,.T.);
#4241=FACE_BOUND('',#3935,.T.);
#4242=FACE_BOUND('',#3936,.T.);
#4243=FACE_BOUND('',#3937,.T.);
#4244=FACE_BOUND('',#3938,.T.);
#4245=FACE_BOUND('',#3939,.T.);
#4246=FACE_BOUND('',#3940,.T.);
#4247=FACE_BOUND('',#3941,.T.);
#4248=FACE_BOUND('',#3942,.T.);
#4249=FACE_BOUND('',#3943,.T.);
#4250=FACE_BOUND('',#3944,.T.);
#4251=FACE_BOUND('',#3945,.T.);
#4252=FACE_BOUND('',#3946,.T.);
#4253=FACE_BOUND('',#3947,.T.);
#4254=FACE_BOUND('',#3948,.T.);
#4255=FACE_BOUND('',#3949,.T.);
#4256=FACE_BOUND('',#3950,.T.);
#4257=FACE_BOUND('',#3951,.T.);
#4258=FACE_BOUND('',#3952,.T.);
#4259=FACE_BOUND('',#3953,.T.);
#4260=FACE_BOUND('',#3954,.T.);
#4261=FACE_BOUND('',#3955,.T.);
#4262=FACE_BOUND('',#3956,.T.);
#4263=FACE_BOUND('',#3957,.T.);
#4264=FACE_BOUND('',#3958,.T.);
#4265=FACE_BOUND('',#3959,.T.);
#4266=FACE_BOUND('',#3960,.T.);
#4267=FACE_BOUND('',#3961,.T.);
#4268=FACE_BOUND('',#3962,.T.);
#4269=FACE_BOUND('',#3963,.T.);
#4270=FACE_BOUND('',#3964,.T.);
#4271=FACE_BOUND('',#3965,.T.);
#4272=FACE_BOUND('',#3966,.T.);
#4273=FACE_BOUND('',#3967,.T.);
#4274=FACE_BOUND('',#3968,.T.);
#4275=FACE_BOUND('',#3969,.T.);
#4276=FACE_BOUND('',#3970,.T.);
#4277=FACE_BOUND('',#3971,.T.);
#4278=FACE_BOUND('',#3972,.T.);
#4279=FACE_BOUND('',#3973,.T.);
#4280=FACE_BOUND('',#3974,.T.);
#4281=FACE_BOUND('',#3975,.T.);
#4282=FACE_BOUND('',#3976,.T.);
#4283=FACE_BOUND('',#3977,.T.);
#4284=FACE_BOUND('',#3978,.T.);
#4285=FACE_BOUND('',#3979,.T.);
#4286=FACE_BOUND('',#3980,.T.);
#4287=FACE_BOUND('',#3981,.T.);
#4288=FACE_BOUND('',#3982,.T.);
#4289=FACE_BOUND('',#3983,.T.);
#4290=FACE_BOUND('',#3984,.T.);
#4291=FACE_BOUND('',#3985,.T.);
#4292=FACE_BOUND('',#3986,.T.);
#4293=FACE_BOUND('',#3987,.T.);
#4294=FACE_BOUND('',#3988,.T.);
#4295=FACE_BOUND('',#3989,.T.);
#4296=FACE_BOUND('',#3990,.T.);
#4297=FACE_BOUND('',#3991,.T.);
#4298=FACE_BOUND('',#3992,.T.);
#4299=FACE_BOUND('',#3993,.T.);
#4300=FACE_BOUND('',#3994,.T.);
#4301=FACE_BOUND('',#3995,.T.);
#4302=FACE_BOUND('',#3996,.T.);
#4303=FACE_BOUND('',#3997,.T.);
#4304=FACE_BOUND('',#3998,.T.);
#4305=FACE_BOUND('',#3999,.T.);
#4306=FACE_BOUND('',#4000,.T.);
#4307=FACE_BOUND('',#4001,.T.);
#4308=FACE_BOUND('',#4002,.T.);
#4309=FACE_BOUND('',#4003,.T.);
#4310=FACE_BOUND('',#4004,.T.);
#4311=FACE_BOUND('',#4005,.T.);
#4312=FACE_BOUND('',#4006,.T.);
#4313=FACE_BOUND('',#4007,.T.);
#4314=FACE_BOUND('',#4008,.T.);
#4315=FACE_BOUND('',#4009,.T.);
#4316=FACE_BOUND('',#4010,.T.);
#4317=FACE_BOUND('',#4011,.T.);
#4318=FACE_BOUND('',#4012,.T.);
#4319=FACE_BOUND('',#4013,.T.);
#4320=FACE_BOUND('',#4014,.T.);
#4321=FACE_BOUND('',#4015,.T.);
#4322=FACE_BOUND('',#4016,.T.);
#4323=FACE_BOUND('',#4017,.T.);
#4324=FACE_BOUND('',#4018,.T.);
#4325=FACE_BOUND('',#4019,.T.);
#4326=FACE_BOUND('',#4020,.T.);
#4327=FACE_BOUND('',#4021,.T.);
#4328=FACE_BOUND('',#4022,.T.);
#4329=FACE_BOUND('',#4023,.T.);
#4330=FACE_BOUND('',#4024,.T.);
#4331=FACE_BOUND('',#4025,.T.);
#4332=FACE_BOUND('',#4026,.T.);
#4333=FACE_BOUND('',#4027,.T.);
#4334=FACE_BOUND('',#4028,.T.);
#4335=FACE_BOUND('',#4029,.T.);
#4336=FACE_BOUND('',#4030,.T.);
#4337=FACE_BOUND('',#4031,.T.);
#4338=FACE_BOUND('',#4032,.T.);
#4339=FACE_BOUND('',#4033,.T.);
#4340=FACE_BOUND('',#4034,.T.);
#4341=FACE_BOUND('',#4035,.T.);
#4342=FACE_BOUND('',#4036,.T.);
#4343=FACE_BOUND('',#4037,.T.);
#4344=FACE_BOUND('',#4038,.T.);
#4345=FACE_BOUND('',#4039,.T.);
#4346=FACE_BOUND('',#4040,.T.);
#4347=FACE_BOUND('',#4041,.T.);
#4348=FACE_BOUND('',#4042,.T.);
#4349=FACE_BOUND('',#4043,.T.);
#4350=FACE_BOUND('',#4044,.T.);
#4351=FACE_BOUND('',#4045,.T.);
#4352=FACE_BOUND('',#4046,.T.);
#4353=FACE_BOUND('',#4047,.T.);
#4354=FACE_BOUND('',#4048,.T.);
#4355=FACE_BOUND('',#4049,.T.);
#4356=FACE_BOUND('',#4050,.T.);
#4357=FACE_BOUND('',#4051,.T.);
#4358=FACE_BOUND('',#4052,.T.);
#4359=FACE_BOUND('',#4053,.T.);
#4360=FACE_BOUND('',#4054,.T.);
#4361=FACE_BOUND('',#4055,.T.);
#4362=FACE_BOUND('',#4056,.T.);
#4363=FACE_BOUND('',#4057,.T.);
#4364=FACE_BOUND('',#4058,.T.);
#4365=FACE_BOUND('',#4059,.T.);
#4366=FACE_BOUND('',#4060,.T.);
#4367=FACE_BOUND('',#4061,.T.);
#4368=FACE_BOUND('',#4062,.T.);
#4369=FACE_BOUND('',#4063,.T.);
#4370=FACE_BOUND('',#4064,.T.);
#4371=FACE_BOUND('',#4065,.T.);
#4372=FACE_BOUND('',#4066,.T.);
#4373=FACE_BOUND('',#4067,.T.);
#4374=FACE_BOUND('',#4068,.T.);
#4375=FACE_BOUND('',#4069,.T.);
#4376=FACE_BOUND('',#4070,.T.);
#4377=FACE_BOUND('',#4071,.T.);
#4378=FACE_BOUND('',#4072,.T.);
#4379=FACE_BOUND('',#4073,.T.);
#4380=FACE_BOUND('',#4074,.T.);
#4381=FACE_BOUND('',#4075,.T.);
#4382=FACE_BOUND('',#4076,.T.);
#4383=FACE_BOUND('',#4077,.T.);
#4384=FACE_BOUND('',#4078,.T.);
#4385=FACE_BOUND('',#4079,.T.);
#4386=FACE_BOUND('',#4080,.T.);
#4387=FACE_BOUND('',#4081,.T.);
#4388=FACE_BOUND('',#4082,.T.);
#4389=FACE_BOUND('',#4083,.T.);
#4390=FACE_BOUND('',#4084,.T.);
#4391=FACE_BOUND('',#4085,.T.);
#4392=FACE_BOUND('',#4086,.T.);
#4393=FACE_BOUND('',#4087,.T.);
#4394=FACE_BOUND('',#4088,.T.);
#4395=FACE_BOUND('',#4089,.T.);
#4396=FACE_BOUND('',#4090,.T.);
#4397=FACE_BOUND('',#4091,.T.);
#4398=FACE_BOUND('',#4092,.T.);
#4399=FACE_BOUND('',#4093,.T.);
#4400=FACE_BOUND('',#4094,.T.);
#4401=FACE_BOUND('',#4095,.T.);
#4402=FACE_BOUND('',#4096,.T.);
#4403=FACE_BOUND('',#4097,.T.);
#4404=FACE_BOUND('',#4098,.T.);
#4405=FACE_BOUND('',#4099,.T.);
#4406=FACE_BOUND('',#4100,.T.);
#4407=FACE_BOUND('',#4101,.T.);
#4408=FACE_BOUND('',#4102,.T.);
#4409=FACE_BOUND('',#4103,.T.);
#4410=FACE_BOUND('',#4104,.T.);
#4411=FACE_BOUND('',#4105,.T.);
#4412=FACE_BOUND('',#4106,.T.);
#4413=FACE_BOUND('',#4107,.T.);
#4414=FACE_BOUND('',#4108,.T.);
#4415=FACE_BOUND('',#4109,.T.);
#4416=FACE_BOUND('',#4110,.T.);
#4417=FACE_BOUND('',#4111,.T.);
#4418=FACE_BOUND('',#4112,.T.);
#4419=FACE_BOUND('',#4113,.T.);
#4420=FACE_BOUND('',#4114,.T.);
#4421=FACE_BOUND('',#4115,.T.);
#4422=FACE_BOUND('',#4116,.T.);
#4423=FACE_BOUND('',#4117,.T.);
#4424=FACE_BOUND('',#4118,.T.);
#4425=FACE_BOUND('',#4119,.T.);
#4426=FACE_BOUND('',#4120,.T.);
#4427=FACE_BOUND('',#4121,.T.);
#4428=FACE_BOUND('',#4122,.T.);
#4429=FACE_BOUND('',#4123,.T.);
#4430=FACE_BOUND('',#4124,.T.);
#4431=FACE_BOUND('',#4125,.T.);
#4432=FACE_BOUND('',#4126,.T.);
#4433=FACE_BOUND('',#4127,.T.);
#4434=FACE_BOUND('',#4128,.T.);
#4435=FACE_BOUND('',#4129,.T.);
#4436=FACE_BOUND('',#4130,.T.);
#4437=FACE_BOUND('',#4131,.T.);
#4438=FACE_BOUND('',#4132,.T.);
#4439=FACE_BOUND('',#4133,.T.);
#4440=FACE_BOUND('',#4134,.T.);
#4441=FACE_BOUND('',#4135,.T.);
#4442=FACE_BOUND('',#4136,.T.);
#4443=FACE_BOUND('',#4137,.T.);
#4444=PLANE('',#4947);
#4445=PLANE('',#4949);
#4446=PLANE('',#4951);
#4447=PLANE('',#4952);
#4448=PLANE('',#4953);
#4449=PLANE('',#4954);
#4450=PLANE('',#4955);
#4451=PLANE('',#4956);
#4452=PLANE('',#4957);
#4453=PLANE('',#4958);
#4454=PLANE('',#4959);
#4455=PLANE('',#4960);
#4456=PLANE('',#4961);
#4457=PLANE('',#4962);
#4458=PLANE('',#4963);
#4459=PLANE('',#4964);
#4460=PLANE('',#4966);
#4461=PLANE('',#4967);
#4462=PLANE('',#4968);
#4463=PLANE('',#4969);
#4464=PLANE('',#4970);
#4465=PLANE('',#4972);
#4466=PLANE('',#4973);
#4467=PLANE('',#4974);
#4468=PLANE('',#4975);
#4469=PLANE('',#4976);
#4470=PLANE('',#4977);
#4471=PLANE('',#4978);
#4472=PLANE('',#4979);
#4473=PLANE('',#4980);
#4474=PLANE('',#4981);
#4475=PLANE('',#4982);
#4476=PLANE('',#4983);
#4477=PLANE('',#4984);
#4478=PLANE('',#4985);
#4479=PLANE('',#4986);
#4480=PLANE('',#4987);
#4481=PLANE('',#4988);
#4482=PLANE('',#4989);
#4483=PLANE('',#4990);
#4484=PLANE('',#4998);
#4485=PLANE('',#4999);
#4486=PLANE('',#5000);
#4487=PLANE('',#5001);
#4488=PLANE('',#5002);
#4489=PLANE('',#5063);
#4490=PLANE('',#5064);
#4491=PLANE('',#5065);
#4492=PLANE('',#5066);
#4493=PLANE('',#5067);
#4494=PLANE('',#5068);
#4495=PLANE('',#5069);
#4496=PLANE('',#5070);
#4497=PLANE('',#5071);
#4498=PLANE('',#5072);
#4499=PLANE('',#5073);
#4500=PLANE('',#5074);
#4501=PLANE('',#5075);
#4502=PLANE('',#5076);
#4503=PLANE('',#5077);
#4504=PLANE('',#5078);
#4505=PLANE('',#5079);
#4506=PLANE('',#5080);
#4507=PLANE('',#5081);
#4508=PLANE('',#5082);
#4509=PLANE('',#5083);
#4510=PLANE('',#5085);
#4511=PLANE('',#5086);
#4512=PLANE('',#5087);
#4513=PLANE('',#5088);
#4514=PLANE('',#5089);
#4515=PLANE('',#5090);
#4516=PLANE('',#5091);
#4517=PLANE('',#5092);
#4518=PLANE('',#5093);
#4519=PLANE('',#5094);
#4520=PLANE('',#5095);
#4521=PLANE('',#5096);
#4522=PLANE('',#5097);
#4523=PLANE('',#5098);
#4524=PLANE('',#5099);
#4525=PLANE('',#5100);
#4526=PLANE('',#5101);
#4527=PLANE('',#5102);
#4528=PLANE('',#5103);
#4529=PLANE('',#5104);
#4530=PLANE('',#5105);
#4531=PLANE('',#5106);
#4532=PLANE('',#5107);
#4533=PLANE('',#5108);
#4534=PLANE('',#5109);
#4535=PLANE('',#5110);
#4536=PLANE('',#5111);
#4537=PLANE('',#5112);
#4538=PLANE('',#5113);
#4539=PLANE('',#5114);
#4540=PLANE('',#5115);
#4541=PLANE('',#5116);
#4542=PLANE('',#5117);
#4543=PLANE('',#5118);
#4544=PLANE('',#5119);
#4545=PLANE('',#5122);
#4546=PLANE('',#5125);
#4547=PLANE('',#5126);
#4548=PLANE('',#5127);
#4549=PLANE('',#5130);
#4550=PLANE('',#5133);
#4551=PLANE('',#5136);
#4552=PLANE('',#5139);
#4553=PLANE('',#5140);
#4554=PLANE('',#5141);
#4555=PLANE('',#5144);
#4556=PLANE('',#5147);
#4557=PLANE('',#5150);
#4558=PLANE('',#5153);
#4559=PLANE('',#5154);
#4560=PLANE('',#5155);
#4561=PLANE('',#5158);
#4562=PLANE('',#5161);
#4563=PLANE('',#5164);
#4564=PLANE('',#5167);
#4565=PLANE('',#5168);
#4566=PLANE('',#5169);
#4567=PLANE('',#5172);
#4568=PLANE('',#5175);
#4569=PLANE('',#5178);
#4570=PLANE('',#5181);
#4571=PLANE('',#5182);
#4572=PLANE('',#5183);
#4573=PLANE('',#5186);
#4574=PLANE('',#5189);
#4575=PLANE('',#5192);
#4576=PLANE('',#5195);
#4577=PLANE('',#5196);
#4578=PLANE('',#5197);
#4579=PLANE('',#5200);
#4580=PLANE('',#5203);
#4581=PLANE('',#5206);
#4582=PLANE('',#5209);
#4583=PLANE('',#5210);
#4584=PLANE('',#5211);
#4585=PLANE('',#5214);
#4586=PLANE('',#5217);
#4587=PLANE('',#5220);
#4588=PLANE('',#5223);
#4589=PLANE('',#5224);
#4590=PLANE('',#5225);
#4591=PLANE('',#5228);
#4592=PLANE('',#5231);
#4593=PLANE('',#5234);
#4594=PLANE('',#5237);
#4595=PLANE('',#5238);
#4596=PLANE('',#5239);
#4597=PLANE('',#5242);
#4598=PLANE('',#5245);
#4599=PLANE('',#5248);
#4600=PLANE('',#5251);
#4601=PLANE('',#5252);
#4602=PLANE('',#5253);
#4603=PLANE('',#5254);
#4604=PLANE('',#5255);
#4605=PLANE('',#5258);
#4606=PLANE('',#5261);
#4607=PLANE('',#5262);
#4608=PLANE('',#5263);
#4609=PLANE('',#5264);
#4610=PLANE('',#5265);
#4611=PLANE('',#5266);
#4612=PLANE('',#5267);
#4613=PLANE('',#5268);
#4614=PLANE('',#5269);
#4615=PLANE('',#5270);
#4616=PLANE('',#5271);
#4617=PLANE('',#5273);
#4618=PLANE('',#5275);
#4619=PLANE('',#5277);
#4620=PLANE('',#5279);
#4621=PLANE('',#5281);
#4622=PLANE('',#5283);
#4623=PLANE('',#5285);
#4624=PLANE('',#5287);
#4625=PLANE('',#5289);
#4626=PLANE('',#5291);
#4627=PLANE('',#5292);
#4628=PLANE('',#5293);
#4629=PLANE('',#5305);
#4630=PLANE('',#5315);
#4631=PLANE('',#5325);
#4632=PLANE('',#5326);
#4633=PLANE('',#5327);
#4634=PLANE('',#5328);
#4635=PLANE('',#5329);
#4636=PLANE('',#5330);
#4637=PLANE('',#5331);
#4638=PLANE('',#5332);
#4639=PLANE('',#5333);
#4640=PLANE('',#5334);
#4641=PLANE('',#5335);
#4642=PLANE('',#5337);
#4643=PLANE('',#5338);
#4644=ADVANCED_FACE('',(#4138),#4444,.F.);
#4645=ADVANCED_FACE('',(#4139),#4445,.F.);
#4646=ADVANCED_FACE('',(#4140),#4446,.T.);
#4647=ADVANCED_FACE('',(#4141),#4447,.T.);
#4648=ADVANCED_FACE('',(#4142),#4448,.T.);
#4649=ADVANCED_FACE('',(#4143),#4449,.T.);
#4650=ADVANCED_FACE('',(#4144),#4450,.F.);
#4651=ADVANCED_FACE('',(#4145),#4451,.F.);
#4652=ADVANCED_FACE('',(#4146),#4452,.T.);
#4653=ADVANCED_FACE('',(#4147),#4453,.T.);
#4654=ADVANCED_FACE('',(#4148),#4454,.T.);
#4655=ADVANCED_FACE('',(#4149),#4455,.T.);
#4656=ADVANCED_FACE('',(#4150),#4456,.T.);
#4657=ADVANCED_FACE('',(#4151),#4457,.T.);
#4658=ADVANCED_FACE('',(#4152),#4458,.T.);
#4659=ADVANCED_FACE('',(#4153),#4459,.F.);
#4660=ADVANCED_FACE('',(#4154),#4460,.F.);
#4661=ADVANCED_FACE('',(#4155),#4461,.F.);
#4662=ADVANCED_FACE('',(#4156),#4462,.F.);
#4663=ADVANCED_FACE('',(#4157),#4463,.F.);
#4664=ADVANCED_FACE('',(#4158),#4464,.F.);
#4665=ADVANCED_FACE('',(#4159),#4465,.T.);
#4666=ADVANCED_FACE('',(#4160),#4466,.T.);
#4667=ADVANCED_FACE('',(#4161),#4467,.T.);
#4668=ADVANCED_FACE('',(#4162),#4468,.T.);
#4669=ADVANCED_FACE('',(#4163),#4469,.T.);
#4670=ADVANCED_FACE('',(#4164),#4470,.F.);
#4671=ADVANCED_FACE('',(#4165),#4471,.T.);
#4672=ADVANCED_FACE('',(#4166),#4472,.T.);
#4673=ADVANCED_FACE('',(#4167),#4473,.F.);
#4674=ADVANCED_FACE('',(#4168),#4474,.F.);
#4675=ADVANCED_FACE('',(#4169),#4475,.F.);
#4676=ADVANCED_FACE('',(#4170),#4476,.F.);
#4677=ADVANCED_FACE('',(#4171),#4477,.T.);
#4678=ADVANCED_FACE('',(#4172),#4478,.T.);
#4679=ADVANCED_FACE('',(#4173),#4479,.T.);
#4680=ADVANCED_FACE('',(#4174),#4480,.T.);
#4681=ADVANCED_FACE('',(#4175),#4481,.T.);
#4682=ADVANCED_FACE('',(#4176),#4482,.F.);
#4683=ADVANCED_FACE('',(#4177),#4483,.T.);
#4684=ADVANCED_FACE('',(#4178,#4179),#38,.T.);
#4685=ADVANCED_FACE('',(#4180),#36,.T.);
#4686=ADVANCED_FACE('',(#4181),#37,.T.);
#4687=ADVANCED_FACE('',(#4182,#4183),#39,.T.);
#4688=ADVANCED_FACE('',(#4184),#4484,.F.);
#4689=ADVANCED_FACE('',(#4185),#4485,.F.);
#4690=ADVANCED_FACE('',(#4186),#4486,.T.);
#4691=ADVANCED_FACE('',(#4187),#4487,.T.);
#4692=ADVANCED_FACE('',(#4188,#4189,#4190,#4191,#4192,#4193,#4194,#4195,
#4196,#4197,#4198,#4199,#4200,#4201,#4202,#4203,#4204,#4205,#4206,#4207,
#4208),#4488,.T.);
#4693=ADVANCED_FACE('',(#4209,#4210),#40,.T.);
#4694=ADVANCED_FACE('',(#4211,#4212),#41,.T.);
#4695=ADVANCED_FACE('',(#4213,#4214),#42,.T.);
#4696=ADVANCED_FACE('',(#4215,#4216),#43,.T.);
#4697=ADVANCED_FACE('',(#4217,#4218),#44,.T.);
#4698=ADVANCED_FACE('',(#4219,#4220),#45,.T.);
#4699=ADVANCED_FACE('',(#4221,#4222),#46,.T.);
#4700=ADVANCED_FACE('',(#4223,#4224),#47,.T.);
#4701=ADVANCED_FACE('',(#4225,#4226),#48,.T.);
#4702=ADVANCED_FACE('',(#4227,#4228),#49,.T.);
#4703=ADVANCED_FACE('',(#4229,#4230),#50,.T.);
#4704=ADVANCED_FACE('',(#4231,#4232),#51,.T.);
#4705=ADVANCED_FACE('',(#4233,#4234),#52,.T.);
#4706=ADVANCED_FACE('',(#4235,#4236),#53,.T.);
#4707=ADVANCED_FACE('',(#4237,#4238),#54,.T.);
#4708=ADVANCED_FACE('',(#4239,#4240),#55,.T.);
#4709=ADVANCED_FACE('',(#4241,#4242),#56,.T.);
#4710=ADVANCED_FACE('',(#4243,#4244),#57,.T.);
#4711=ADVANCED_FACE('',(#4245,#4246),#58,.T.);
#4712=ADVANCED_FACE('',(#4247,#4248),#59,.T.);
#4713=ADVANCED_FACE('',(#4249),#4489,.T.);
#4714=ADVANCED_FACE('',(#4250),#4490,.T.);
#4715=ADVANCED_FACE('',(#4251),#4491,.T.);
#4716=ADVANCED_FACE('',(#4252),#4492,.T.);
#4717=ADVANCED_FACE('',(#4253),#4493,.T.);
#4718=ADVANCED_FACE('',(#4254),#4494,.T.);
#4719=ADVANCED_FACE('',(#4255),#4495,.T.);
#4720=ADVANCED_FACE('',(#4256),#4496,.T.);
#4721=ADVANCED_FACE('',(#4257),#4497,.T.);
#4722=ADVANCED_FACE('',(#4258),#4498,.T.);
#4723=ADVANCED_FACE('',(#4259),#4499,.T.);
#4724=ADVANCED_FACE('',(#4260),#4500,.T.);
#4725=ADVANCED_FACE('',(#4261),#4501,.T.);
#4726=ADVANCED_FACE('',(#4262),#4502,.T.);
#4727=ADVANCED_FACE('',(#4263),#4503,.T.);
#4728=ADVANCED_FACE('',(#4264),#4504,.T.);
#4729=ADVANCED_FACE('',(#4265),#4505,.T.);
#4730=ADVANCED_FACE('',(#4266),#4506,.T.);
#4731=ADVANCED_FACE('',(#4267),#4507,.T.);
#4732=ADVANCED_FACE('',(#4268),#4508,.T.);
#4733=ADVANCED_FACE('',(#4269),#4509,.T.);
#4734=ADVANCED_FACE('',(#4270),#4510,.F.);
#4735=ADVANCED_FACE('',(#4271),#4511,.F.);
#4736=ADVANCED_FACE('',(#4272),#4512,.T.);
#4737=ADVANCED_FACE('',(#4273),#4513,.T.);
#4738=ADVANCED_FACE('',(#4274),#4514,.F.);
#4739=ADVANCED_FACE('',(#4275),#4515,.F.);
#4740=ADVANCED_FACE('',(#4276),#4516,.F.);
#4741=ADVANCED_FACE('',(#4277),#4517,.F.);
#4742=ADVANCED_FACE('',(#4278),#4518,.F.);
#4743=ADVANCED_FACE('',(#4279),#4519,.F.);
#4744=ADVANCED_FACE('',(#4280),#4520,.F.);
#4745=ADVANCED_FACE('',(#4281),#4521,.F.);
#4746=ADVANCED_FACE('',(#4282),#4522,.F.);
#4747=ADVANCED_FACE('',(#4283),#4523,.F.);
#4748=ADVANCED_FACE('',(#4284),#4524,.F.);
#4749=ADVANCED_FACE('',(#4285),#4525,.F.);
#4750=ADVANCED_FACE('',(#4286),#4526,.F.);
#4751=ADVANCED_FACE('',(#4287),#4527,.F.);
#4752=ADVANCED_FACE('',(#4288),#4528,.F.);
#4753=ADVANCED_FACE('',(#4289),#4529,.F.);
#4754=ADVANCED_FACE('',(#4290),#4530,.F.);
#4755=ADVANCED_FACE('',(#4291),#4531,.F.);
#4756=ADVANCED_FACE('',(#4292),#4532,.F.);
#4757=ADVANCED_FACE('',(#4293),#4533,.F.);
#4758=ADVANCED_FACE('',(#4294),#4534,.F.);
#4759=ADVANCED_FACE('',(#4295),#4535,.F.);
#4760=ADVANCED_FACE('',(#4296),#4536,.F.);
#4761=ADVANCED_FACE('',(#4297),#4537,.F.);
#4762=ADVANCED_FACE('',(#4298),#4538,.F.);
#4763=ADVANCED_FACE('',(#4299),#4539,.F.);
#4764=ADVANCED_FACE('',(#4300),#4540,.F.);
#4765=ADVANCED_FACE('',(#4301),#4541,.F.);
#4766=ADVANCED_FACE('',(#4302),#4542,.F.);
#4767=ADVANCED_FACE('',(#4303),#4543,.F.);
#4768=ADVANCED_FACE('',(#4304),#4544,.T.);
#4769=ADVANCED_FACE('',(#4305),#4545,.T.);
#4770=ADVANCED_FACE('',(#4306),#4546,.T.);
#4771=ADVANCED_FACE('',(#4307),#4547,.T.);
#4772=ADVANCED_FACE('',(#4308),#4548,.T.);
#4773=ADVANCED_FACE('',(#4309),#4549,.T.);
#4774=ADVANCED_FACE('',(#4310),#4550,.T.);
#4775=ADVANCED_FACE('',(#4311),#4551,.T.);
#4776=ADVANCED_FACE('',(#4312),#4552,.T.);
#4777=ADVANCED_FACE('',(#4313),#4553,.T.);
#4778=ADVANCED_FACE('',(#4314),#4554,.T.);
#4779=ADVANCED_FACE('',(#4315),#4555,.T.);
#4780=ADVANCED_FACE('',(#4316),#4556,.T.);
#4781=ADVANCED_FACE('',(#4317),#4557,.T.);
#4782=ADVANCED_FACE('',(#4318),#4558,.T.);
#4783=ADVANCED_FACE('',(#4319),#4559,.T.);
#4784=ADVANCED_FACE('',(#4320),#4560,.T.);
#4785=ADVANCED_FACE('',(#4321),#4561,.T.);
#4786=ADVANCED_FACE('',(#4322),#4562,.T.);
#4787=ADVANCED_FACE('',(#4323),#4563,.T.);
#4788=ADVANCED_FACE('',(#4324),#4564,.T.);
#4789=ADVANCED_FACE('',(#4325),#4565,.T.);
#4790=ADVANCED_FACE('',(#4326),#4566,.T.);
#4791=ADVANCED_FACE('',(#4327),#4567,.T.);
#4792=ADVANCED_FACE('',(#4328),#4568,.T.);
#4793=ADVANCED_FACE('',(#4329),#4569,.T.);
#4794=ADVANCED_FACE('',(#4330),#4570,.T.);
#4795=ADVANCED_FACE('',(#4331),#4571,.T.);
#4796=ADVANCED_FACE('',(#4332),#4572,.T.);
#4797=ADVANCED_FACE('',(#4333),#4573,.T.);
#4798=ADVANCED_FACE('',(#4334),#4574,.T.);
#4799=ADVANCED_FACE('',(#4335),#4575,.T.);
#4800=ADVANCED_FACE('',(#4336),#4576,.T.);
#4801=ADVANCED_FACE('',(#4337),#4577,.T.);
#4802=ADVANCED_FACE('',(#4338),#4578,.T.);
#4803=ADVANCED_FACE('',(#4339),#4579,.T.);
#4804=ADVANCED_FACE('',(#4340),#4580,.T.);
#4805=ADVANCED_FACE('',(#4341),#4581,.T.);
#4806=ADVANCED_FACE('',(#4342),#4582,.T.);
#4807=ADVANCED_FACE('',(#4343),#4583,.T.);
#4808=ADVANCED_FACE('',(#4344),#4584,.T.);
#4809=ADVANCED_FACE('',(#4345),#4585,.T.);
#4810=ADVANCED_FACE('',(#4346),#4586,.T.);
#4811=ADVANCED_FACE('',(#4347),#4587,.T.);
#4812=ADVANCED_FACE('',(#4348),#4588,.T.);
#4813=ADVANCED_FACE('',(#4349),#4589,.T.);
#4814=ADVANCED_FACE('',(#4350),#4590,.T.);
#4815=ADVANCED_FACE('',(#4351),#4591,.T.);
#4816=ADVANCED_FACE('',(#4352),#4592,.T.);
#4817=ADVANCED_FACE('',(#4353),#4593,.T.);
#4818=ADVANCED_FACE('',(#4354),#4594,.T.);
#4819=ADVANCED_FACE('',(#4355),#4595,.T.);
#4820=ADVANCED_FACE('',(#4356),#4596,.T.);
#4821=ADVANCED_FACE('',(#4357),#4597,.T.);
#4822=ADVANCED_FACE('',(#4358),#4598,.T.);
#4823=ADVANCED_FACE('',(#4359),#4599,.T.);
#4824=ADVANCED_FACE('',(#4360),#4600,.T.);
#4825=ADVANCED_FACE('',(#4361),#4601,.T.);
#4826=ADVANCED_FACE('',(#4362),#4602,.T.);
#4827=ADVANCED_FACE('',(#4363),#4603,.T.);
#4828=ADVANCED_FACE('',(#4364),#4604,.T.);
#4829=ADVANCED_FACE('',(#4365),#4605,.T.);
#4830=ADVANCED_FACE('',(#4366),#4606,.F.);
#4831=ADVANCED_FACE('',(#4367),#4607,.F.);
#4832=ADVANCED_FACE('',(#4368),#4608,.F.);
#4833=ADVANCED_FACE('',(#4369),#4609,.F.);
#4834=ADVANCED_FACE('',(#4370),#4610,.F.);
#4835=ADVANCED_FACE('',(#4371),#4611,.F.);
#4836=ADVANCED_FACE('',(#4372),#4612,.F.);
#4837=ADVANCED_FACE('',(#4373),#4613,.F.);
#4838=ADVANCED_FACE('',(#4374),#4614,.F.);
#4839=ADVANCED_FACE('',(#4375),#4615,.F.);
#4840=ADVANCED_FACE('',(#4376),#4616,.T.);
#4841=ADVANCED_FACE('',(#4377),#60,.F.);
#4842=ADVANCED_FACE('',(#4378),#4617,.T.);
#4843=ADVANCED_FACE('',(#4379),#61,.F.);
#4844=ADVANCED_FACE('',(#4380),#4618,.T.);
#4845=ADVANCED_FACE('',(#4381),#62,.F.);
#4846=ADVANCED_FACE('',(#4382),#4619,.T.);
#4847=ADVANCED_FACE('',(#4383),#63,.F.);
#4848=ADVANCED_FACE('',(#4384),#4620,.T.);
#4849=ADVANCED_FACE('',(#4385),#64,.F.);
#4850=ADVANCED_FACE('',(#4386),#4621,.T.);
#4851=ADVANCED_FACE('',(#4387),#65,.F.);
#4852=ADVANCED_FACE('',(#4388),#4622,.T.);
#4853=ADVANCED_FACE('',(#4389),#66,.F.);
#4854=ADVANCED_FACE('',(#4390),#4623,.T.);
#4855=ADVANCED_FACE('',(#4391),#67,.F.);
#4856=ADVANCED_FACE('',(#4392),#4624,.T.);
#4857=ADVANCED_FACE('',(#4393),#68,.F.);
#4858=ADVANCED_FACE('',(#4394),#4625,.T.);
#4859=ADVANCED_FACE('',(#4395),#69,.F.);
#4860=ADVANCED_FACE('',(#4396),#4626,.T.);
#4861=ADVANCED_FACE('',(#4397),#4627,.T.);
#4862=ADVANCED_FACE('',(#4398),#4628,.T.);
#4863=ADVANCED_FACE('',(#4399),#70,.T.);
#4864=ADVANCED_FACE('',(#4400),#71,.T.);
#4865=ADVANCED_FACE('',(#4401),#72,.T.);
#4866=ADVANCED_FACE('',(#4402),#73,.T.);
#4867=ADVANCED_FACE('',(#4403),#74,.T.);
#4868=ADVANCED_FACE('',(#4404),#75,.T.);
#4869=ADVANCED_FACE('',(#4405),#76,.T.);
#4870=ADVANCED_FACE('',(#4406),#77,.T.);
#4871=ADVANCED_FACE('',(#4407),#78,.T.);
#4872=ADVANCED_FACE('',(#4408),#79,.T.);
#4873=ADVANCED_FACE('',(#4409),#80,.T.);
#4874=ADVANCED_FACE('',(#4410),#4629,.T.);
#4875=ADVANCED_FACE('',(#4411),#81,.T.);
#4876=ADVANCED_FACE('',(#4412),#82,.T.);
#4877=ADVANCED_FACE('',(#4413),#83,.T.);
#4878=ADVANCED_FACE('',(#4414),#84,.T.);
#4879=ADVANCED_FACE('',(#4415),#85,.T.);
#4880=ADVANCED_FACE('',(#4416),#86,.T.);
#4881=ADVANCED_FACE('',(#4417),#87,.T.);
#4882=ADVANCED_FACE('',(#4418),#88,.T.);
#4883=ADVANCED_FACE('',(#4419),#89,.T.);
#4884=ADVANCED_FACE('',(#4420),#4630,.T.);
#4885=ADVANCED_FACE('',(#4421),#90,.F.);
#4886=ADVANCED_FACE('',(#4422),#91,.F.);
#4887=ADVANCED_FACE('',(#4423),#92,.F.);
#4888=ADVANCED_FACE('',(#4424),#93,.F.);
#4889=ADVANCED_FACE('',(#4425),#94,.F.);
#4890=ADVANCED_FACE('',(#4426),#95,.F.);
#4891=ADVANCED_FACE('',(#4427),#96,.F.);
#4892=ADVANCED_FACE('',(#4428),#97,.F.);
#4893=ADVANCED_FACE('',(#4429),#98,.F.);
#4894=ADVANCED_FACE('',(#4430),#4631,.T.);
#4895=ADVANCED_FACE('',(#4431),#4632,.T.);
#4896=ADVANCED_FACE('',(#4432),#4633,.T.);
#4897=ADVANCED_FACE('',(#4433),#4634,.T.);
#4898=ADVANCED_FACE('',(#4434),#4635,.T.);
#4899=ADVANCED_FACE('',(#4435),#4636,.T.);
#4900=ADVANCED_FACE('',(#4436),#4637,.T.);
#4901=ADVANCED_FACE('',(#4437),#4638,.T.);
#4902=ADVANCED_FACE('',(#4438),#4639,.T.);
#4903=ADVANCED_FACE('',(#4439),#4640,.T.);
#4904=ADVANCED_FACE('',(#4440),#4641,.T.);
#4905=ADVANCED_FACE('',(#4441),#99,.F.);
#4906=ADVANCED_FACE('',(#4442),#4642,.T.);
#4907=ADVANCED_FACE('',(#4443),#4643,.T.);
#4908=CLOSED_SHELL('',(#4644,#4645,#4646,#4647,#4648,#4649,#4650,#4651,
#4652,#4653,#4654,#4655,#4656,#4657,#4658,#4659,#4660,#4661,#4662,#4663,
#4664,#4665,#4666,#4667,#4668,#4669,#4670,#4671,#4672,#4673,#4674,#4675,
#4676,#4677,#4678,#4679,#4680,#4681,#4682,#4683,#4684,#4685,#4686,#4687));
#4909=CLOSED_SHELL('',(#4688,#4689,#4690,#4691,#4692,#4693,#4694,#4695,
#4696,#4697,#4698,#4699,#4700,#4701,#4702,#4703,#4704,#4705,#4706,#4707,
#4708,#4709,#4710,#4711,#4712,#4713,#4714,#4715,#4716,#4717,#4718,#4719,
#4720,#4721,#4722,#4723,#4724,#4725,#4726,#4727,#4728,#4729,#4730,#4731,
#4732,#4733));
#4910=CLOSED_SHELL('',(#4734,#4735,#4736,#4737,#4738,#4739,#4740,#4741,
#4742,#4743,#4744,#4745,#4746,#4747,#4748,#4749,#4750,#4751,#4752,#4753,
#4754,#4755,#4756,#4757,#4758,#4759,#4760,#4761,#4762,#4763,#4764,#4765,
#4766,#4767,#4768,#4769,#4770,#4771,#4772,#4773,#4774,#4775,#4776,#4777,
#4778,#4779,#4780,#4781,#4782,#4783,#4784,#4785,#4786,#4787,#4788,#4789,
#4790,#4791,#4792,#4793,#4794,#4795,#4796,#4797,#4798,#4799,#4800,#4801,
#4802,#4803,#4804,#4805,#4806,#4807,#4808,#4809,#4810,#4811,#4812,#4813,
#4814,#4815,#4816,#4817,#4818,#4819,#4820,#4821,#4822,#4823,#4824,#4825,
#4826,#4827,#4828,#4829,#4830,#4831,#4832,#4833,#4834,#4835,#4836,#4837,
#4838,#4839,#4840,#4841,#4842,#4843,#4844,#4845,#4846,#4847,#4848,#4849,
#4850,#4851,#4852,#4853,#4854,#4855,#4856,#4857,#4858,#4859,#4860,#4861,
#4862,#4863,#4864,#4865,#4866,#4867,#4868,#4869,#4870,#4871,#4872,#4873,
#4874,#4875,#4876,#4877,#4878,#4879,#4880,#4881,#4882,#4883,#4884,#4885,
#4886,#4887,#4888,#4889,#4890,#4891,#4892,#4893,#4894,#4895,#4896,#4897,
#4898,#4899,#4900,#4901,#4902,#4903,#4904,#4905,#4906,#4907));
#4911=STYLED_ITEM('',(#4914),#4935);
#4912=STYLED_ITEM('',(#4915),#4936);
#4913=STYLED_ITEM('',(#4916),#4937);
#4914=PRESENTATION_STYLE_ASSIGNMENT((#4917));
#4915=PRESENTATION_STYLE_ASSIGNMENT((#4918));
#4916=PRESENTATION_STYLE_ASSIGNMENT((#4919));
#4917=SURFACE_STYLE_USAGE(.BOTH.,#4920);
#4918=SURFACE_STYLE_USAGE(.BOTH.,#4921);
#4919=SURFACE_STYLE_USAGE(.BOTH.,#4922);
#4920=SURFACE_SIDE_STYLE('',(#4923));
#4921=SURFACE_SIDE_STYLE('',(#4924));
#4922=SURFACE_SIDE_STYLE('',(#4925));
#4923=SURFACE_STYLE_FILL_AREA(#4926);
#4924=SURFACE_STYLE_FILL_AREA(#4927);
#4925=SURFACE_STYLE_FILL_AREA(#4928);
#4926=FILL_AREA_STYLE('',(#4929));
#4927=FILL_AREA_STYLE('',(#4930));
#4928=FILL_AREA_STYLE('',(#4931));
#4929=FILL_AREA_STYLE_COLOUR('',#4932);
#4930=FILL_AREA_STYLE_COLOUR('',#4933);
#4931=FILL_AREA_STYLE_COLOUR('',#4934);
#4932=COLOUR_RGB('',0.470588237047195,0.470588237047195,0.470588237047195);
#4933=COLOUR_RGB('',1.,0.874509811401367,0.149019613862038);
#4934=COLOUR_RGB('',0.95686274766922,0.95686274766922,0.95686274766922);
#4935=MANIFOLD_SOLID_BREP('TFM-110-02-L-D-A_terminal',#4908);
#4936=MANIFOLD_SOLID_BREP('TFM-110-02-L-D-L_pins',#4909);
#4937=MANIFOLD_SOLID_BREP('TFM-110-02-L-D-S-2_pins',#4910);
#4938=SHAPE_DEFINITION_REPRESENTATION(#8106,#4942);
#4939=SHAPE_DEFINITION_REPRESENTATION(#8107,#4943);
#4940=SHAPE_DEFINITION_REPRESENTATION(#8109,#4944);
#4941=SHAPE_DEFINITION_REPRESENTATION(#8111,#4945);
#4942=SHAPE_REPRESENTATION('TFM-110-02-S-D-A',(#4946,#4997,#5084,#5339),
#8092);
#4943=SHAPE_REPRESENTATION('TFM-110-02-L-D-A_terminal',(#4946),#8093);
#4944=SHAPE_REPRESENTATION('TFM-110-02-L-D-L_pins',(#4946),#8094);
#4945=SHAPE_REPRESENTATION('TFM-110-02-L-D-S-2_pins',(#4946),#8095);
#4946=AXIS2_PLACEMENT_3D('',#6681,#5340,#5341);
#4947=AXIS2_PLACEMENT_3D('',#6682,#5342,#5343);
#4948=AXIS2_PLACEMENT_3D('',#6683,#5344,#5345);
#4949=AXIS2_PLACEMENT_3D('',#6693,#5350,#5351);
#4950=AXIS2_PLACEMENT_3D('',#6694,#5352,#5353);
#4951=AXIS2_PLACEMENT_3D('',#6702,#5357,#5358);
#4952=AXIS2_PLACEMENT_3D('',#6711,#5363,#5364);
#4953=AXIS2_PLACEMENT_3D('',#6720,#5369,#5370);
#4954=AXIS2_PLACEMENT_3D('',#6743,#5382,#5383);
#4955=AXIS2_PLACEMENT_3D('',#6762,#5393,#5394);
#4956=AXIS2_PLACEMENT_3D('',#6770,#5401,#5402);
#4957=AXIS2_PLACEMENT_3D('',#6784,#5411,#5412);
#4958=AXIS2_PLACEMENT_3D('',#6789,#5416,#5417);
#4959=AXIS2_PLACEMENT_3D('',#6794,#5421,#5422);
#4960=AXIS2_PLACEMENT_3D('',#6800,#5426,#5427);
#4961=AXIS2_PLACEMENT_3D('',#6806,#5431,#5432);
#4962=AXIS2_PLACEMENT_3D('',#6811,#5436,#5437);
#4963=AXIS2_PLACEMENT_3D('',#6816,#5441,#5442);
#4964=AXIS2_PLACEMENT_3D('',#6818,#5444,#5445);
#4965=AXIS2_PLACEMENT_3D('',#6819,#5446,#5447);
#4966=AXIS2_PLACEMENT_3D('',#6823,#5450,#5451);
#4967=AXIS2_PLACEMENT_3D('',#6830,#5456,#5457);
#4968=AXIS2_PLACEMENT_3D('',#6840,#5463,#5464);
#4969=AXIS2_PLACEMENT_3D('',#6842,#5466,#5467);
#4970=AXIS2_PLACEMENT_3D('',#6843,#5468,#5469);
#4971=AXIS2_PLACEMENT_3D('',#6844,#5470,#5471);
#4972=AXIS2_PLACEMENT_3D('',#6846,#5473,#5474);
#4973=AXIS2_PLACEMENT_3D('',#6850,#5477,#5478);
#4974=AXIS2_PLACEMENT_3D('',#6852,#5480,#5481);
#4975=AXIS2_PLACEMENT_3D('',#6858,#5485,#5486);
#4976=AXIS2_PLACEMENT_3D('',#6864,#5490,#5491);
#4977=AXIS2_PLACEMENT_3D('',#6867,#5494,#5495);
#4978=AXIS2_PLACEMENT_3D('',#6868,#5496,#5497);
#4979=AXIS2_PLACEMENT_3D('',#6869,#5498,#5499);
#4980=AXIS2_PLACEMENT_3D('',#6871,#5501,#5502);
#4981=AXIS2_PLACEMENT_3D('',#6877,#5506,#5507);
#4982=AXIS2_PLACEMENT_3D('',#6881,#5510,#5511);
#4983=AXIS2_PLACEMENT_3D('',#6885,#5514,#5515);
#4984=AXIS2_PLACEMENT_3D('',#6889,#5518,#5519);
#4985=AXIS2_PLACEMENT_3D('',#6893,#5522,#5523);
#4986=AXIS2_PLACEMENT_3D('',#6894,#5524,#5525);
#4987=AXIS2_PLACEMENT_3D('',#6895,#5526,#5527);
#4988=AXIS2_PLACEMENT_3D('',#6896,#5528,#5529);
#4989=AXIS2_PLACEMENT_3D('',#6897,#5530,#5531);
#4990=AXIS2_PLACEMENT_3D('',#6899,#5533,#5534);
#4991=AXIS2_PLACEMENT_3D('',#6900,#5535,#5536);
#4992=AXIS2_PLACEMENT_3D('',#6901,#5537,#5538);
#4993=AXIS2_PLACEMENT_3D('',#6903,#5539,#5540);
#4994=AXIS2_PLACEMENT_3D('',#6904,#5541,#5542);
#4995=AXIS2_PLACEMENT_3D('',#6905,#5543,#5544);
#4996=AXIS2_PLACEMENT_3D('',#6907,#5545,#5546);
#4997=AXIS2_PLACEMENT_3D('',#6908,#5547,#5548);
#4998=AXIS2_PLACEMENT_3D('',#6909,#5549,#5550);
#4999=AXIS2_PLACEMENT_3D('',#6918,#5555,#5556);
#5000=AXIS2_PLACEMENT_3D('',#6927,#5561,#5562);
#5001=AXIS2_PLACEMENT_3D('',#6930,#5565,#5566);
#5002=AXIS2_PLACEMENT_3D('',#6933,#5569,#5570);
#5003=AXIS2_PLACEMENT_3D('',#6934,#5571,#5572);
#5004=AXIS2_PLACEMENT_3D('',#6936,#5573,#5574);
#5005=AXIS2_PLACEMENT_3D('',#6938,#5575,#5576);
#5006=AXIS2_PLACEMENT_3D('',#6940,#5577,#5578);
#5007=AXIS2_PLACEMENT_3D('',#6942,#5579,#5580);
#5008=AXIS2_PLACEMENT_3D('',#6944,#5581,#5582);
#5009=AXIS2_PLACEMENT_3D('',#6946,#5583,#5584);
#5010=AXIS2_PLACEMENT_3D('',#6948,#5585,#5586);
#5011=AXIS2_PLACEMENT_3D('',#6950,#5587,#5588);
#5012=AXIS2_PLACEMENT_3D('',#6952,#5589,#5590);
#5013=AXIS2_PLACEMENT_3D('',#6954,#5591,#5592);
#5014=AXIS2_PLACEMENT_3D('',#6956,#5593,#5594);
#5015=AXIS2_PLACEMENT_3D('',#6958,#5595,#5596);
#5016=AXIS2_PLACEMENT_3D('',#6960,#5597,#5598);
#5017=AXIS2_PLACEMENT_3D('',#6962,#5599,#5600);
#5018=AXIS2_PLACEMENT_3D('',#6964,#5601,#5602);
#5019=AXIS2_PLACEMENT_3D('',#6966,#5603,#5604);
#5020=AXIS2_PLACEMENT_3D('',#6968,#5605,#5606);
#5021=AXIS2_PLACEMENT_3D('',#6970,#5607,#5608);
#5022=AXIS2_PLACEMENT_3D('',#6972,#5609,#5610);
#5023=AXIS2_PLACEMENT_3D('',#6974,#5611,#5612);
#5024=AXIS2_PLACEMENT_3D('',#6975,#5613,#5614);
#5025=AXIS2_PLACEMENT_3D('',#6977,#5615,#5616);
#5026=AXIS2_PLACEMENT_3D('',#6978,#5617,#5618);
#5027=AXIS2_PLACEMENT_3D('',#6980,#5619,#5620);
#5028=AXIS2_PLACEMENT_3D('',#6981,#5621,#5622);
#5029=AXIS2_PLACEMENT_3D('',#6983,#5623,#5624);
#5030=AXIS2_PLACEMENT_3D('',#6984,#5625,#5626);
#5031=AXIS2_PLACEMENT_3D('',#6986,#5627,#5628);
#5032=AXIS2_PLACEMENT_3D('',#6987,#5629,#5630);
#5033=AXIS2_PLACEMENT_3D('',#6989,#5631,#5632);
#5034=AXIS2_PLACEMENT_3D('',#6990,#5633,#5634);
#5035=AXIS2_PLACEMENT_3D('',#6992,#5635,#5636);
#5036=AXIS2_PLACEMENT_3D('',#6993,#5637,#5638);
#5037=AXIS2_PLACEMENT_3D('',#6995,#5639,#5640);
#5038=AXIS2_PLACEMENT_3D('',#6996,#5641,#5642);
#5039=AXIS2_PLACEMENT_3D('',#6998,#5643,#5644);
#5040=AXIS2_PLACEMENT_3D('',#6999,#5645,#5646);
#5041=AXIS2_PLACEMENT_3D('',#7001,#5647,#5648);
#5042=AXIS2_PLACEMENT_3D('',#7002,#5649,#5650);
#5043=AXIS2_PLACEMENT_3D('',#7004,#5651,#5652);
#5044=AXIS2_PLACEMENT_3D('',#7005,#5653,#5654);
#5045=AXIS2_PLACEMENT_3D('',#7007,#5655,#5656);
#5046=AXIS2_PLACEMENT_3D('',#7008,#5657,#5658);
#5047=AXIS2_PLACEMENT_3D('',#7010,#5659,#5660);
#5048=AXIS2_PLACEMENT_3D('',#7011,#5661,#5662);
#5049=AXIS2_PLACEMENT_3D('',#7013,#5663,#5664);
#5050=AXIS2_PLACEMENT_3D('',#7014,#5665,#5666);
#5051=AXIS2_PLACEMENT_3D('',#7016,#5667,#5668);
#5052=AXIS2_PLACEMENT_3D('',#7017,#5669,#5670);
#5053=AXIS2_PLACEMENT_3D('',#7019,#5671,#5672);
#5054=AXIS2_PLACEMENT_3D('',#7020,#5673,#5674);
#5055=AXIS2_PLACEMENT_3D('',#7022,#5675,#5676);
#5056=AXIS2_PLACEMENT_3D('',#7023,#5677,#5678);
#5057=AXIS2_PLACEMENT_3D('',#7025,#5679,#5680);
#5058=AXIS2_PLACEMENT_3D('',#7026,#5681,#5682);
#5059=AXIS2_PLACEMENT_3D('',#7028,#5683,#5684);
#5060=AXIS2_PLACEMENT_3D('',#7029,#5685,#5686);
#5061=AXIS2_PLACEMENT_3D('',#7031,#5687,#5688);
#5062=AXIS2_PLACEMENT_3D('',#7032,#5689,#5690);
#5063=AXIS2_PLACEMENT_3D('',#7034,#5691,#5692);
#5064=AXIS2_PLACEMENT_3D('',#7035,#5693,#5694);
#5065=AXIS2_PLACEMENT_3D('',#7036,#5695,#5696);
#5066=AXIS2_PLACEMENT_3D('',#7037,#5697,#5698);
#5067=AXIS2_PLACEMENT_3D('',#7038,#5699,#5700);
#5068=AXIS2_PLACEMENT_3D('',#7039,#5701,#5702);
#5069=AXIS2_PLACEMENT_3D('',#7040,#5703,#5704);
#5070=AXIS2_PLACEMENT_3D('',#7041,#5705,#5706);
#5071=AXIS2_PLACEMENT_3D('',#7042,#5707,#5708);
#5072=AXIS2_PLACEMENT_3D('',#7043,#5709,#5710);
#5073=AXIS2_PLACEMENT_3D('',#7044,#5711,#5712);
#5074=AXIS2_PLACEMENT_3D('',#7045,#5713,#5714);
#5075=AXIS2_PLACEMENT_3D('',#7046,#5715,#5716);
#5076=AXIS2_PLACEMENT_3D('',#7047,#5717,#5718);
#5077=AXIS2_PLACEMENT_3D('',#7048,#5719,#5720);
#5078=AXIS2_PLACEMENT_3D('',#7049,#5721,#5722);
#5079=AXIS2_PLACEMENT_3D('',#7050,#5723,#5724);
#5080=AXIS2_PLACEMENT_3D('',#7051,#5725,#5726);
#5081=AXIS2_PLACEMENT_3D('',#7052,#5727,#5728);
#5082=AXIS2_PLACEMENT_3D('',#7053,#5729,#5730);
#5083=AXIS2_PLACEMENT_3D('',#7054,#5731,#5732);
#5084=AXIS2_PLACEMENT_3D('',#7055,#5733,#5734);
#5085=AXIS2_PLACEMENT_3D('',#7056,#5735,#5736);
#5086=AXIS2_PLACEMENT_3D('',#7081,#5749,#5750);
#5087=AXIS2_PLACEMENT_3D('',#7106,#5763,#5764);
#5088=AXIS2_PLACEMENT_3D('',#7109,#5767,#5768);
#5089=AXIS2_PLACEMENT_3D('',#7112,#5771,#5772);
#5090=AXIS2_PLACEMENT_3D('',#7121,#5777,#5778);
#5091=AXIS2_PLACEMENT_3D('',#7130,#5783,#5784);
#5092=AXIS2_PLACEMENT_3D('',#7139,#5789,#5790);
#5093=AXIS2_PLACEMENT_3D('',#7148,#5795,#5796);
#5094=AXIS2_PLACEMENT_3D('',#7157,#5801,#5802);
#5095=AXIS2_PLACEMENT_3D('',#7166,#5807,#5808);
#5096=AXIS2_PLACEMENT_3D('',#7175,#5813,#5814);
#5097=AXIS2_PLACEMENT_3D('',#7184,#5819,#5820);
#5098=AXIS2_PLACEMENT_3D('',#7193,#5825,#5826);
#5099=AXIS2_PLACEMENT_3D('',#7202,#5831,#5832);
#5100=AXIS2_PLACEMENT_3D('',#7211,#5837,#5838);
#5101=AXIS2_PLACEMENT_3D('',#7220,#5843,#5844);
#5102=AXIS2_PLACEMENT_3D('',#7229,#5849,#5850);
#5103=AXIS2_PLACEMENT_3D('',#7238,#5855,#5856);
#5104=AXIS2_PLACEMENT_3D('',#7247,#5861,#5862);
#5105=AXIS2_PLACEMENT_3D('',#7256,#5867,#5868);
#5106=AXIS2_PLACEMENT_3D('',#7265,#5873,#5874);
#5107=AXIS2_PLACEMENT_3D('',#7274,#5879,#5880);
#5108=AXIS2_PLACEMENT_3D('',#7283,#5885,#5886);
#5109=AXIS2_PLACEMENT_3D('',#7292,#5891,#5892);
#5110=AXIS2_PLACEMENT_3D('',#7298,#5896,#5897);
#5111=AXIS2_PLACEMENT_3D('',#7304,#5901,#5902);
#5112=AXIS2_PLACEMENT_3D('',#7310,#5906,#5907);
#5113=AXIS2_PLACEMENT_3D('',#7316,#5911,#5912);
#5114=AXIS2_PLACEMENT_3D('',#7322,#5916,#5917);
#5115=AXIS2_PLACEMENT_3D('',#7328,#5921,#5922);
#5116=AXIS2_PLACEMENT_3D('',#7334,#5926,#5927);
#5117=AXIS2_PLACEMENT_3D('',#7340,#5931,#5932);
#5118=AXIS2_PLACEMENT_3D('',#7346,#5936,#5937);
#5119=AXIS2_PLACEMENT_3D('',#7352,#5941,#5942);
#5120=AXIS2_PLACEMENT_3D('',#7358,#5945,#5946);
#5121=AXIS2_PLACEMENT_3D('',#7361,#5948,#5949);
#5122=AXIS2_PLACEMENT_3D('',#7364,#5951,#5952);
#5123=AXIS2_PLACEMENT_3D('',#7370,#5955,#5956);
#5124=AXIS2_PLACEMENT_3D('',#7375,#5959,#5960);
#5125=AXIS2_PLACEMENT_3D('',#7378,#5962,#5963);
#5126=AXIS2_PLACEMENT_3D('',#7381,#5966,#5967);
#5127=AXIS2_PLACEMENT_3D('',#7384,#5970,#5971);
#5128=AXIS2_PLACEMENT_3D('',#7390,#5974,#5975);
#5129=AXIS2_PLACEMENT_3D('',#7393,#5977,#5978);
#5130=AXIS2_PLACEMENT_3D('',#7396,#5980,#5981);
#5131=AXIS2_PLACEMENT_3D('',#7402,#5984,#5985);
#5132=AXIS2_PLACEMENT_3D('',#7407,#5988,#5989);
#5133=AXIS2_PLACEMENT_3D('',#7410,#5991,#5992);
#5134=AXIS2_PLACEMENT_3D('',#7411,#5993,#5994);
#5135=AXIS2_PLACEMENT_3D('',#7420,#5998,#5999);
#5136=AXIS2_PLACEMENT_3D('',#7422,#6001,#6002);
#5137=AXIS2_PLACEMENT_3D('',#7423,#6003,#6004);
#5138=AXIS2_PLACEMENT_3D('',#7432,#6008,#6009);
#5139=AXIS2_PLACEMENT_3D('',#7436,#6012,#6013);
#5140=AXIS2_PLACEMENT_3D('',#7439,#6016,#6017);
#5141=AXIS2_PLACEMENT_3D('',#7442,#6020,#6021);
#5142=AXIS2_PLACEMENT_3D('',#7448,#6024,#6025);
#5143=AXIS2_PLACEMENT_3D('',#7451,#6027,#6028);
#5144=AXIS2_PLACEMENT_3D('',#7454,#6030,#6031);
#5145=AXIS2_PLACEMENT_3D('',#7460,#6034,#6035);
#5146=AXIS2_PLACEMENT_3D('',#7465,#6038,#6039);
#5147=AXIS2_PLACEMENT_3D('',#7468,#6041,#6042);
#5148=AXIS2_PLACEMENT_3D('',#7469,#6043,#6044);
#5149=AXIS2_PLACEMENT_3D('',#7478,#6048,#6049);
#5150=AXIS2_PLACEMENT_3D('',#7480,#6051,#6052);
#5151=AXIS2_PLACEMENT_3D('',#7481,#6053,#6054);
#5152=AXIS2_PLACEMENT_3D('',#7490,#6058,#6059);
#5153=AXIS2_PLACEMENT_3D('',#7494,#6062,#6063);
#5154=AXIS2_PLACEMENT_3D('',#7497,#6066,#6067);
#5155=AXIS2_PLACEMENT_3D('',#7500,#6070,#6071);
#5156=AXIS2_PLACEMENT_3D('',#7506,#6074,#6075);
#5157=AXIS2_PLACEMENT_3D('',#7509,#6077,#6078);
#5158=AXIS2_PLACEMENT_3D('',#7512,#6080,#6081);
#5159=AXIS2_PLACEMENT_3D('',#7518,#6084,#6085);
#5160=AXIS2_PLACEMENT_3D('',#7523,#6088,#6089);
#5161=AXIS2_PLACEMENT_3D('',#7526,#6091,#6092);
#5162=AXIS2_PLACEMENT_3D('',#7527,#6093,#6094);
#5163=AXIS2_PLACEMENT_3D('',#7536,#6098,#6099);
#5164=AXIS2_PLACEMENT_3D('',#7538,#6101,#6102);
#5165=AXIS2_PLACEMENT_3D('',#7539,#6103,#6104);
#5166=AXIS2_PLACEMENT_3D('',#7548,#6108,#6109);
#5167=AXIS2_PLACEMENT_3D('',#7552,#6112,#6113);
#5168=AXIS2_PLACEMENT_3D('',#7555,#6116,#6117);
#5169=AXIS2_PLACEMENT_3D('',#7558,#6120,#6121);
#5170=AXIS2_PLACEMENT_3D('',#7564,#6124,#6125);
#5171=AXIS2_PLACEMENT_3D('',#7567,#6127,#6128);
#5172=AXIS2_PLACEMENT_3D('',#7570,#6130,#6131);
#5173=AXIS2_PLACEMENT_3D('',#7576,#6134,#6135);
#5174=AXIS2_PLACEMENT_3D('',#7581,#6138,#6139);
#5175=AXIS2_PLACEMENT_3D('',#7584,#6141,#6142);
#5176=AXIS2_PLACEMENT_3D('',#7585,#6143,#6144);
#5177=AXIS2_PLACEMENT_3D('',#7594,#6148,#6149);
#5178=AXIS2_PLACEMENT_3D('',#7596,#6151,#6152);
#5179=AXIS2_PLACEMENT_3D('',#7597,#6153,#6154);
#5180=AXIS2_PLACEMENT_3D('',#7606,#6158,#6159);
#5181=AXIS2_PLACEMENT_3D('',#7610,#6162,#6163);
#5182=AXIS2_PLACEMENT_3D('',#7613,#6166,#6167);
#5183=AXIS2_PLACEMENT_3D('',#7616,#6170,#6171);
#5184=AXIS2_PLACEMENT_3D('',#7622,#6174,#6175);
#5185=AXIS2_PLACEMENT_3D('',#7625,#6177,#6178);
#5186=AXIS2_PLACEMENT_3D('',#7628,#6180,#6181);
#5187=AXIS2_PLACEMENT_3D('',#7634,#6184,#6185);
#5188=AXIS2_PLACEMENT_3D('',#7639,#6188,#6189);
#5189=AXIS2_PLACEMENT_3D('',#7642,#6191,#6192);
#5190=AXIS2_PLACEMENT_3D('',#7643,#6193,#6194);
#5191=AXIS2_PLACEMENT_3D('',#7652,#6198,#6199);
#5192=AXIS2_PLACEMENT_3D('',#7654,#6201,#6202);
#5193=AXIS2_PLACEMENT_3D('',#7655,#6203,#6204);
#5194=AXIS2_PLACEMENT_3D('',#7664,#6208,#6209);
#5195=AXIS2_PLACEMENT_3D('',#7668,#6212,#6213);
#5196=AXIS2_PLACEMENT_3D('',#7671,#6216,#6217);
#5197=AXIS2_PLACEMENT_3D('',#7674,#6220,#6221);
#5198=AXIS2_PLACEMENT_3D('',#7680,#6224,#6225);
#5199=AXIS2_PLACEMENT_3D('',#7683,#6227,#6228);
#5200=AXIS2_PLACEMENT_3D('',#7686,#6230,#6231);
#5201=AXIS2_PLACEMENT_3D('',#7692,#6234,#6235);
#5202=AXIS2_PLACEMENT_3D('',#7697,#6238,#6239);
#5203=AXIS2_PLACEMENT_3D('',#7700,#6241,#6242);
#5204=AXIS2_PLACEMENT_3D('',#7701,#6243,#6244);
#5205=AXIS2_PLACEMENT_3D('',#7710,#6248,#6249);
#5206=AXIS2_PLACEMENT_3D('',#7712,#6251,#6252);
#5207=AXIS2_PLACEMENT_3D('',#7713,#6253,#6254);
#5208=AXIS2_PLACEMENT_3D('',#7722,#6258,#6259);
#5209=AXIS2_PLACEMENT_3D('',#7726,#6262,#6263);
#5210=AXIS2_PLACEMENT_3D('',#7729,#6266,#6267);
#5211=AXIS2_PLACEMENT_3D('',#7732,#6270,#6271);
#5212=AXIS2_PLACEMENT_3D('',#7738,#6274,#6275);
#5213=AXIS2_PLACEMENT_3D('',#7741,#6277,#6278);
#5214=AXIS2_PLACEMENT_3D('',#7744,#6280,#6281);
#5215=AXIS2_PLACEMENT_3D('',#7750,#6284,#6285);
#5216=AXIS2_PLACEMENT_3D('',#7755,#6288,#6289);
#5217=AXIS2_PLACEMENT_3D('',#7758,#6291,#6292);
#5218=AXIS2_PLACEMENT_3D('',#7759,#6293,#6294);
#5219=AXIS2_PLACEMENT_3D('',#7768,#6298,#6299);
#5220=AXIS2_PLACEMENT_3D('',#7770,#6301,#6302);
#5221=AXIS2_PLACEMENT_3D('',#7771,#6303,#6304);
#5222=AXIS2_PLACEMENT_3D('',#7780,#6308,#6309);
#5223=AXIS2_PLACEMENT_3D('',#7784,#6312,#6313);
#5224=AXIS2_PLACEMENT_3D('',#7787,#6316,#6317);
#5225=AXIS2_PLACEMENT_3D('',#7790,#6320,#6321);
#5226=AXIS2_PLACEMENT_3D('',#7796,#6324,#6325);
#5227=AXIS2_PLACEMENT_3D('',#7799,#6327,#6328);
#5228=AXIS2_PLACEMENT_3D('',#7802,#6330,#6331);
#5229=AXIS2_PLACEMENT_3D('',#7808,#6334,#6335);
#5230=AXIS2_PLACEMENT_3D('',#7813,#6338,#6339);
#5231=AXIS2_PLACEMENT_3D('',#7816,#6341,#6342);
#5232=AXIS2_PLACEMENT_3D('',#7817,#6343,#6344);
#5233=AXIS2_PLACEMENT_3D('',#7826,#6348,#6349);
#5234=AXIS2_PLACEMENT_3D('',#7828,#6351,#6352);
#5235=AXIS2_PLACEMENT_3D('',#7829,#6353,#6354);
#5236=AXIS2_PLACEMENT_3D('',#7838,#6358,#6359);
#5237=AXIS2_PLACEMENT_3D('',#7842,#6362,#6363);
#5238=AXIS2_PLACEMENT_3D('',#7845,#6366,#6367);
#5239=AXIS2_PLACEMENT_3D('',#7848,#6370,#6371);
#5240=AXIS2_PLACEMENT_3D('',#7854,#6374,#6375);
#5241=AXIS2_PLACEMENT_3D('',#7857,#6377,#6378);
#5242=AXIS2_PLACEMENT_3D('',#7860,#6380,#6381);
#5243=AXIS2_PLACEMENT_3D('',#7866,#6384,#6385);
#5244=AXIS2_PLACEMENT_3D('',#7871,#6388,#6389);
#5245=AXIS2_PLACEMENT_3D('',#7874,#6391,#6392);
#5246=AXIS2_PLACEMENT_3D('',#7875,#6393,#6394);
#5247=AXIS2_PLACEMENT_3D('',#7884,#6398,#6399);
#5248=AXIS2_PLACEMENT_3D('',#7886,#6401,#6402);
#5249=AXIS2_PLACEMENT_3D('',#7887,#6403,#6404);
#5250=AXIS2_PLACEMENT_3D('',#7896,#6408,#6409);
#5251=AXIS2_PLACEMENT_3D('',#7900,#6412,#6413);
#5252=AXIS2_PLACEMENT_3D('',#7903,#6416,#6417);
#5253=AXIS2_PLACEMENT_3D('',#7906,#6420,#6421);
#5254=AXIS2_PLACEMENT_3D('',#7912,#6425,#6426);
#5255=AXIS2_PLACEMENT_3D('',#7918,#6430,#6431);
#5256=AXIS2_PLACEMENT_3D('',#7919,#6432,#6433);
#5257=AXIS2_PLACEMENT_3D('',#7925,#6436,#6437);
#5258=AXIS2_PLACEMENT_3D('',#7927,#6439,#6440);
#5259=AXIS2_PLACEMENT_3D('',#7928,#6441,#6442);
#5260=AXIS2_PLACEMENT_3D('',#7934,#6445,#6446);
#5261=AXIS2_PLACEMENT_3D('',#7938,#6449,#6450);
#5262=AXIS2_PLACEMENT_3D('',#7940,#6452,#6453);
#5263=AXIS2_PLACEMENT_3D('',#7942,#6455,#6456);
#5264=AXIS2_PLACEMENT_3D('',#7944,#6458,#6459);
#5265=AXIS2_PLACEMENT_3D('',#7946,#6461,#6462);
#5266=AXIS2_PLACEMENT_3D('',#7948,#6464,#6465);
#5267=AXIS2_PLACEMENT_3D('',#7950,#6467,#6468);
#5268=AXIS2_PLACEMENT_3D('',#7952,#6470,#6471);
#5269=AXIS2_PLACEMENT_3D('',#7954,#6473,#6474);
#5270=AXIS2_PLACEMENT_3D('',#7956,#6476,#6477);
#5271=AXIS2_PLACEMENT_3D('',#7958,#6479,#6480);
#5272=AXIS2_PLACEMENT_3D('',#7970,#6492,#6493);
#5273=AXIS2_PLACEMENT_3D('',#7972,#6495,#6496);
#5274=AXIS2_PLACEMENT_3D('',#7973,#6497,#6498);
#5275=AXIS2_PLACEMENT_3D('',#7975,#6500,#6501);
#5276=AXIS2_PLACEMENT_3D('',#7976,#6502,#6503);
#5277=AXIS2_PLACEMENT_3D('',#7978,#6505,#6506);
#5278=AXIS2_PLACEMENT_3D('',#7979,#6507,#6508);
#5279=AXIS2_PLACEMENT_3D('',#7981,#6510,#6511);
#5280=AXIS2_PLACEMENT_3D('',#7982,#6512,#6513);
#5281=AXIS2_PLACEMENT_3D('',#7984,#6515,#6516);
#5282=AXIS2_PLACEMENT_3D('',#7985,#6517,#6518);
#5283=AXIS2_PLACEMENT_3D('',#7987,#6520,#6521);
#5284=AXIS2_PLACEMENT_3D('',#7988,#6522,#6523);
#5285=AXIS2_PLACEMENT_3D('',#7990,#6525,#6526);
#5286=AXIS2_PLACEMENT_3D('',#7991,#6527,#6528);
#5287=AXIS2_PLACEMENT_3D('',#7993,#6530,#6531);
#5288=AXIS2_PLACEMENT_3D('',#7994,#6532,#6533);
#5289=AXIS2_PLACEMENT_3D('',#7996,#6535,#6536);
#5290=AXIS2_PLACEMENT_3D('',#7997,#6537,#6538);
#5291=AXIS2_PLACEMENT_3D('',#7999,#6540,#6541);
#5292=AXIS2_PLACEMENT_3D('',#8000,#6542,#6543);
#5293=AXIS2_PLACEMENT_3D('',#8001,#6544,#6545);
#5294=AXIS2_PLACEMENT_3D('',#8013,#6557,#6558);
#5295=AXIS2_PLACEMENT_3D('',#8014,#6559,#6560);
#5296=AXIS2_PLACEMENT_3D('',#8015,#6561,#6562);
#5297=AXIS2_PLACEMENT_3D('',#8016,#6563,#6564);
#5298=AXIS2_PLACEMENT_3D('',#8017,#6565,#6566);
#5299=AXIS2_PLACEMENT_3D('',#8018,#6567,#6568);
#5300=AXIS2_PLACEMENT_3D('',#8019,#6569,#6570);
#5301=AXIS2_PLACEMENT_3D('',#8020,#6571,#6572);
#5302=AXIS2_PLACEMENT_3D('',#8021,#6573,#6574);
#5303=AXIS2_PLACEMENT_3D('',#8022,#6575,#6576);
#5304=AXIS2_PLACEMENT_3D('',#8023,#6577,#6578);
#5305=AXIS2_PLACEMENT_3D('',#8025,#6580,#6581);
#5306=AXIS2_PLACEMENT_3D('',#8036,#6592,#6593);
#5307=AXIS2_PLACEMENT_3D('',#8037,#6594,#6595);
#5308=AXIS2_PLACEMENT_3D('',#8038,#6596,#6597);
#5309=AXIS2_PLACEMENT_3D('',#8039,#6598,#6599);
#5310=AXIS2_PLACEMENT_3D('',#8040,#6600,#6601);
#5311=AXIS2_PLACEMENT_3D('',#8041,#6602,#6603);
#5312=AXIS2_PLACEMENT_3D('',#8042,#6604,#6605);
#5313=AXIS2_PLACEMENT_3D('',#8043,#6606,#6607);
#5314=AXIS2_PLACEMENT_3D('',#8044,#6608,#6609);
#5315=AXIS2_PLACEMENT_3D('',#8045,#6610,#6611);
#5316=AXIS2_PLACEMENT_3D('',#8046,#6612,#6613);
#5317=AXIS2_PLACEMENT_3D('',#8049,#6616,#6617);
#5318=AXIS2_PLACEMENT_3D('',#8052,#6620,#6621);
#5319=AXIS2_PLACEMENT_3D('',#8055,#6624,#6625);
#5320=AXIS2_PLACEMENT_3D('',#8058,#6628,#6629);
#5321=AXIS2_PLACEMENT_3D('',#8061,#6632,#6633);
#5322=AXIS2_PLACEMENT_3D('',#8064,#6636,#6637);
#5323=AXIS2_PLACEMENT_3D('',#8067,#6640,#6641);
#5324=AXIS2_PLACEMENT_3D('',#8070,#6644,#6645);
#5325=AXIS2_PLACEMENT_3D('',#8073,#6648,#6649);
#5326=AXIS2_PLACEMENT_3D('',#8075,#6651,#6652);
#5327=AXIS2_PLACEMENT_3D('',#8076,#6653,#6654);
#5328=AXIS2_PLACEMENT_3D('',#8077,#6655,#6656);
#5329=AXIS2_PLACEMENT_3D('',#8078,#6657,#6658);
#5330=AXIS2_PLACEMENT_3D('',#8079,#6659,#6660);
#5331=AXIS2_PLACEMENT_3D('',#8080,#6661,#6662);
#5332=AXIS2_PLACEMENT_3D('',#8081,#6663,#6664);
#5333=AXIS2_PLACEMENT_3D('',#8082,#6665,#6666);
#5334=AXIS2_PLACEMENT_3D('',#8083,#6667,#6668);
#5335=AXIS2_PLACEMENT_3D('',#8085,#6670,#6671);
#5336=AXIS2_PLACEMENT_3D('',#8087,#6673,#6674);
#5337=AXIS2_PLACEMENT_3D('',#8088,#6675,#6676);
#5338=AXIS2_PLACEMENT_3D('',#8089,#6677,#6678);
#5339=AXIS2_PLACEMENT_3D('',#8090,#6679,#6680);
#5340=DIRECTION('',(0.,0.,1.));
#5341=DIRECTION('',(1.,0.,0.));
#5342=DIRECTION('',(0.,1.,0.));
#5343=DIRECTION('',(0.,0.,1.));
#5344=DIRECTION('',(0.,-1.,0.));
#5345=DIRECTION('',(0.,0.,-1.));
#5346=DIRECTION('',(0.,0.,-1.));
#5347=DIRECTION('',(-1.,0.,0.));
#5348=DIRECTION('',(-0.707106781186548,0.,-0.707106781186547));
#5349=DIRECTION('',(0.,0.,-1.));
#5350=DIRECTION('',(0.,1.,0.));
#5351=DIRECTION('',(0.,0.,1.));
#5352=DIRECTION('',(0.,-1.,0.));
#5353=DIRECTION('',(0.,0.,-1.));
#5354=DIRECTION('',(0.,0.,1.));
#5355=DIRECTION('',(-1.,0.,0.));
#5356=DIRECTION('',(0.,0.,-1.));
#5357=DIRECTION('',(0.,0.,1.));
#5358=DIRECTION('',(1.,0.,0.));
#5359=DIRECTION('',(0.,-1.,0.));
#5360=DIRECTION('',(-1.,0.,0.));
#5361=DIRECTION('',(0.,-1.,0.));
#5362=DIRECTION('',(-1.,0.,0.));
#5363=DIRECTION('',(0.,0.,-1.));
#5364=DIRECTION('',(-1.,0.,0.));
#5365=DIRECTION('',(0.,-1.,0.));
#5366=DIRECTION('',(-1.,0.,0.));
#5367=DIRECTION('',(0.,1.,0.));
#5368=DIRECTION('',(1.,0.,0.));
#5369=DIRECTION('',(0.,1.,0.));
#5370=DIRECTION('',(0.,0.,1.));
#5371=DIRECTION('',(0.,0.,1.));
#5372=DIRECTION('',(-1.,0.,0.));
#5373=DIRECTION('',(0.,0.,-1.));
#5374=DIRECTION('',(-1.,0.,0.));
#5375=DIRECTION('',(0.,0.,-1.));
#5376=DIRECTION('',(-0.707106781186548,0.,-0.707106781186547));
#5377=DIRECTION('',(-1.,0.,0.));
#5378=DIRECTION('',(0.,0.,1.));
#5379=DIRECTION('',(-1.,0.,0.));
#5380=DIRECTION('',(0.,0.,1.));
#5381=DIRECTION('',(-1.,0.,0.));
#5382=DIRECTION('',(0.,1.,0.));
#5383=DIRECTION('',(0.,0.,1.));
#5384=DIRECTION('',(0.,0.,-1.));
#5385=DIRECTION('',(-1.,0.,0.));
#5386=DIRECTION('',(0.,0.,-1.));
#5387=DIRECTION('',(1.,0.,0.));
#5388=DIRECTION('',(0.,0.,1.));
#5389=DIRECTION('',(-1.,0.,0.));
#5390=DIRECTION('',(0.,0.,1.));
#5391=DIRECTION('',(1.,0.,0.));
#5392=DIRECTION('',(0.707106781186548,0.,-0.707106781186547));
#5393=DIRECTION('',(1.,0.,0.));
#5394=DIRECTION('',(0.,0.,-1.));
#5395=DIRECTION('',(0.,-0.707106781186548,-0.707106781186547));
#5396=DIRECTION('',(0.,0.,1.));
#5397=DIRECTION('',(0.,0.707106781186548,-0.707106781186547));
#5398=DIRECTION('',(0.,-1.,0.));
#5399=DIRECTION('',(0.,0.,1.));
#5400=DIRECTION('',(0.,-1.,0.));
#5401=DIRECTION('',(-1.,0.,0.));
#5402=DIRECTION('',(0.,0.,1.));
#5403=DIRECTION('',(0.,-0.707106781186548,-0.707106781186547));
#5404=DIRECTION('',(0.,-1.,0.));
#5405=DIRECTION('',(0.,0.,-1.));
#5406=DIRECTION('',(0.,-1.,0.));
#5407=DIRECTION('',(0.,0.707106781186548,-0.707106781186547));
#5408=DIRECTION('',(0.,-1.,0.));
#5409=DIRECTION('',(0.,0.,-1.));
#5410=DIRECTION('',(0.,-1.,0.));
#5411=DIRECTION('',(0.707106781186547,0.707106781186548,0.));
#5412=DIRECTION('',(-0.707106781186548,0.707106781186547,0.));
#5413=DIRECTION('',(0.577350269189626,-0.577350269189626,0.577350269189626));
#5414=DIRECTION('',(0.,0.,1.));
#5415=DIRECTION('',(0.577350269189626,-0.577350269189626,0.577350269189626));
#5416=DIRECTION('',(0.707106781186547,0.707106781186548,0.));
#5417=DIRECTION('',(-0.707106781186548,0.707106781186547,0.));
#5418=DIRECTION('',(0.,0.,1.));
#5419=DIRECTION('',(-0.577350269189626,0.577350269189626,0.577350269189626));
#5420=DIRECTION('',(0.577350269189626,-0.577350269189626,-0.577350269189626));
#5421=DIRECTION('',(-0.707106781186547,0.707106781186548,0.));
#5422=DIRECTION('',(-0.707106781186548,-0.707106781186547,0.));
#5423=DIRECTION('',(0.,0.,-1.));
#5424=DIRECTION('',(0.577350269189626,0.577350269189626,-0.577350269189626));
#5425=DIRECTION('',(0.707106781186548,0.707106781186548,0.));
#5426=DIRECTION('',(-0.707106781186547,0.707106781186548,0.));
#5427=DIRECTION('',(-0.707106781186548,-0.707106781186547,0.));
#5428=DIRECTION('',(-0.577350269189626,-0.577350269189626,-0.577350269189626));
#5429=DIRECTION('',(0.,0.,-1.));
#5430=DIRECTION('',(-0.577350269189626,-0.577350269189626,-0.577350269189626));
#5431=DIRECTION('',(0.,0.,1.));
#5432=DIRECTION('',(1.,0.,0.));
#5433=DIRECTION('',(-1.,0.,0.));
#5434=DIRECTION('',(0.,1.,0.));
#5435=DIRECTION('',(-1.,0.,0.));
#5436=DIRECTION('',(0.,0.,-1.));
#5437=DIRECTION('',(-1.,0.,0.));
#5438=DIRECTION('',(0.,-1.,0.));
#5439=DIRECTION('',(-1.,0.,0.));
#5440=DIRECTION('',(1.,0.,0.));
#5441=DIRECTION('',(0.,1.,0.));
#5442=DIRECTION('',(0.,0.,1.));
#5443=DIRECTION('',(0.,0.,1.));
#5444=DIRECTION('',(0.,1.,0.));
#5445=DIRECTION('',(0.,0.,1.));
#5446=DIRECTION('',(0.,-1.,0.));
#5447=DIRECTION('',(0.,0.,-1.));
#5448=DIRECTION('',(0.,0.,-1.));
#5449=DIRECTION('',(1.,0.,0.));
#5450=DIRECTION('',(0.,0.,1.));
#5451=DIRECTION('',(1.,0.,0.));
#5452=DIRECTION('',(0.,1.,0.));
#5453=DIRECTION('',(-1.,0.,0.));
#5454=DIRECTION('',(0.,1.,0.));
#5455=DIRECTION('',(0.,-1.,0.));
#5456=DIRECTION('',(0.,0.,-1.));
#5457=DIRECTION('',(-1.,0.,0.));
#5458=DIRECTION('',(-1.,0.,0.));
#5459=DIRECTION('',(0.,-1.,0.));
#5460=DIRECTION('',(1.,0.,0.));
#5461=DIRECTION('',(0.,-1.,0.));
#5462=DIRECTION('',(0.,-1.,0.));
#5463=DIRECTION('',(-0.707106781186547,0.,-0.707106781186548));
#5464=DIRECTION('',(-0.707106781186548,0.,0.707106781186547));
#5465=DIRECTION('',(0.707106781186548,0.,-0.707106781186547));
#5466=DIRECTION('',(-0.707106781186547,0.,0.707106781186548));
#5467=DIRECTION('',(0.707106781186548,0.,0.707106781186547));
#5468=DIRECTION('',(0.,1.,0.));
#5469=DIRECTION('',(0.,0.,1.));
#5470=DIRECTION('',(0.,-1.,0.));
#5471=DIRECTION('',(0.,0.,-1.));
#5472=DIRECTION('',(0.,0.,-1.));
#5473=DIRECTION('',(0.,0.707106781186548,0.707106781186547));
#5474=DIRECTION('',(0.,-0.707106781186547,0.707106781186548));
#5475=DIRECTION('',(0.,-0.707106781186547,0.707106781186548));
#5476=DIRECTION('',(-1.,0.,0.));
#5477=DIRECTION('',(0.,0.707106781186548,-0.707106781186547));
#5478=DIRECTION('',(0.,0.707106781186547,0.707106781186548));
#5479=DIRECTION('',(1.,0.,0.));
#5480=DIRECTION('',(0.,-0.868243142124459,0.496138938356834));
#5481=DIRECTION('',(0.,-0.496138938356834,-0.868243142124459));
#5482=DIRECTION('',(0.,0.496138938356834,0.868243142124459));
#5483=DIRECTION('',(-1.,0.,0.));
#5484=DIRECTION('',(0.,0.496138938356834,0.868243142124459));
#5485=DIRECTION('',(0.,-0.868243142124459,-0.496138938356834));
#5486=DIRECTION('',(0.,0.496138938356834,-0.868243142124459));
#5487=DIRECTION('',(0.,-0.496138938356834,0.868243142124459));
#5488=DIRECTION('',(0.,-0.496138938356834,0.868243142124459));
#5489=DIRECTION('',(-1.,0.,0.));
#5490=DIRECTION('',(0.,-1.,-5.02177940011813E-17));
#5491=DIRECTION('',(0.,5.02177940011813E-17,-1.));
#5492=DIRECTION('',(0.,-5.02177940011813E-17,1.));
#5493=DIRECTION('',(0.,-5.02177940011813E-17,1.));
#5494=DIRECTION('',(1.,0.,0.));
#5495=DIRECTION('',(0.,0.,-1.));
#5496=DIRECTION('',(1.,0.,0.));
#5497=DIRECTION('',(0.,0.,-1.));
#5498=DIRECTION('',(0.,1.,0.));
#5499=DIRECTION('',(0.,0.,1.));
#5500=DIRECTION('',(0.,0.,-1.));
#5501=DIRECTION('',(0.,0.,-1.));
#5502=DIRECTION('',(-1.,0.,0.));
#5503=DIRECTION('',(-1.,0.,0.));
#5504=DIRECTION('',(0.,1.,0.));
#5505=DIRECTION('',(0.,1.,0.));
#5506=DIRECTION('',(-1.,0.,0.));
#5507=DIRECTION('',(0.,0.,1.));
#5508=DIRECTION('',(0.,1.,0.));
#5509=DIRECTION('',(0.,0.,1.));
#5510=DIRECTION('',(0.,0.,1.));
#5511=DIRECTION('',(1.,0.,0.));
#5512=DIRECTION('',(0.,1.,0.));
#5513=DIRECTION('',(1.,0.,0.));
#5514=DIRECTION('',(1.,0.,0.));
#5515=DIRECTION('',(0.,0.,-1.));
#5516=DIRECTION('',(0.,1.,0.));
#5517=DIRECTION('',(0.,0.,-1.));
#5518=DIRECTION('',(0.,1.,0.));
#5519=DIRECTION('',(0.,0.,1.));
#5520=DIRECTION('',(1.,0.,0.));
#5521=DIRECTION('',(0.,0.,1.));
#5522=DIRECTION('',(0.,0.707106781186547,-0.707106781186548));
#5523=DIRECTION('',(0.,0.707106781186548,0.707106781186547));
#5524=DIRECTION('',(0.,0.707106781186547,0.707106781186548));
#5525=DIRECTION('',(0.,-0.707106781186548,0.707106781186547));
#5526=DIRECTION('',(0.,0.707106781186547,-0.707106781186548));
#5527=DIRECTION('',(0.,0.707106781186548,0.707106781186547));
#5528=DIRECTION('',(0.,0.707106781186547,0.707106781186548));
#5529=DIRECTION('',(0.,-0.707106781186548,0.707106781186547));
#5530=DIRECTION('',(-1.,0.,0.));
#5531=DIRECTION('',(0.,0.,1.));
#5532=DIRECTION('',(0.,-1.,0.));
#5533=DIRECTION('',(0.,0.,1.));
#5534=DIRECTION('',(1.,0.,0.));
#5535=DIRECTION('',(0.,-1.,0.));
#5536=DIRECTION('',(0.,0.,-1.));
#5537=DIRECTION('',(0.,-1.,0.));
#5538=DIRECTION('',(0.,0.,-1.));
#5539=DIRECTION('',(0.,-1.,0.));
#5540=DIRECTION('',(1.,0.,0.));
#5541=DIRECTION('',(0.,-1.,0.));
#5542=DIRECTION('',(1.,0.,0.));
#5543=DIRECTION('',(0.,-1.,0.));
#5544=DIRECTION('',(0.,0.,-1.));
#5545=DIRECTION('',(0.,-1.,0.));
#5546=DIRECTION('',(0.,0.,-1.));
#5547=DIRECTION('',(0.,0.,1.));
#5548=DIRECTION('',(1.,0.,0.));
#5549=DIRECTION('',(1.,0.,0.));
#5550=DIRECTION('',(0.,0.,-1.));
#5551=DIRECTION('',(0.,-2.83856080591677E-17,-1.));
#5552=DIRECTION('',(0.,1.,-4.74279165566713E-16));
#5553=DIRECTION('',(0.,0.,1.));
#5554=DIRECTION('',(0.,-1.,0.));
#5555=DIRECTION('',(-1.,0.,0.));
#5556=DIRECTION('',(0.,0.,1.));
#5557=DIRECTION('',(0.,2.83856080591677E-17,1.));
#5558=DIRECTION('',(0.,-1.,0.));
#5559=DIRECTION('',(0.,0.,-1.));
#5560=DIRECTION('',(0.,1.,-4.74279165566713E-16));
#5561=DIRECTION('',(0.,4.74279165566713E-16,1.));
#5562=DIRECTION('',(0.,-1.,4.74279165566713E-16));
#5563=DIRECTION('',(1.,0.,0.));
#5564=DIRECTION('',(1.,0.,0.));
#5565=DIRECTION('',(0.,0.,-1.));
#5566=DIRECTION('',(-1.,0.,0.));
#5567=DIRECTION('',(-1.,0.,0.));
#5568=DIRECTION('',(-1.,0.,0.));
#5569=DIRECTION('',(0.,1.,0.));
#5570=DIRECTION('',(0.,0.,1.));
#5571=DIRECTION('',(0.,1.,0.));
#5572=DIRECTION('',(1.,0.,0.));
#5573=DIRECTION('',(0.,1.,0.));
#5574=DIRECTION('',(1.,0.,0.));
#5575=DIRECTION('',(0.,1.,0.));
#5576=DIRECTION('',(1.,0.,0.));
#5577=DIRECTION('',(0.,1.,0.));
#5578=DIRECTION('',(1.,0.,0.));
#5579=DIRECTION('',(0.,1.,0.));
#5580=DIRECTION('',(1.,0.,0.));
#5581=DIRECTION('',(0.,1.,0.));
#5582=DIRECTION('',(1.,0.,0.));
#5583=DIRECTION('',(0.,1.,0.));
#5584=DIRECTION('',(1.,0.,0.));
#5585=DIRECTION('',(0.,1.,0.));
#5586=DIRECTION('',(1.,0.,0.));
#5587=DIRECTION('',(0.,1.,0.));
#5588=DIRECTION('',(1.,0.,0.));
#5589=DIRECTION('',(0.,1.,0.));
#5590=DIRECTION('',(1.,0.,0.));
#5591=DIRECTION('',(0.,1.,0.));
#5592=DIRECTION('',(1.,0.,0.));
#5593=DIRECTION('',(0.,1.,0.));
#5594=DIRECTION('',(1.,0.,0.));
#5595=DIRECTION('',(0.,1.,0.));
#5596=DIRECTION('',(1.,0.,0.));
#5597=DIRECTION('',(0.,1.,0.));
#5598=DIRECTION('',(1.,0.,0.));
#5599=DIRECTION('',(0.,1.,0.));
#5600=DIRECTION('',(1.,0.,0.));
#5601=DIRECTION('',(0.,1.,0.));
#5602=DIRECTION('',(1.,0.,0.));
#5603=DIRECTION('',(0.,1.,0.));
#5604=DIRECTION('',(1.,0.,0.));
#5605=DIRECTION('',(0.,1.,0.));
#5606=DIRECTION('',(1.,0.,0.));
#5607=DIRECTION('',(0.,1.,0.));
#5608=DIRECTION('',(1.,0.,0.));
#5609=DIRECTION('',(0.,1.,0.));
#5610=DIRECTION('',(1.,0.,0.));
#5611=DIRECTION('',(0.,-1.,0.));
#5612=DIRECTION('',(0.,0.,-1.));
#5613=DIRECTION('',(0.,1.,0.));
#5614=DIRECTION('',(0.,0.,1.));
#5615=DIRECTION('',(0.,-1.,0.));
#5616=DIRECTION('',(0.,0.,-1.));
#5617=DIRECTION('',(0.,1.,0.));
#5618=DIRECTION('',(0.,0.,1.));
#5619=DIRECTION('',(0.,-1.,0.));
#5620=DIRECTION('',(0.,0.,-1.));
#5621=DIRECTION('',(0.,1.,0.));
#5622=DIRECTION('',(0.,0.,1.));
#5623=DIRECTION('',(0.,-1.,0.));
#5624=DIRECTION('',(0.,0.,-1.));
#5625=DIRECTION('',(0.,1.,0.));
#5626=DIRECTION('',(0.,0.,1.));
#5627=DIRECTION('',(0.,-1.,0.));
#5628=DIRECTION('',(0.,0.,-1.));
#5629=DIRECTION('',(0.,1.,0.));
#5630=DIRECTION('',(0.,0.,1.));
#5631=DIRECTION('',(0.,-1.,0.));
#5632=DIRECTION('',(0.,0.,-1.));
#5633=DIRECTION('',(0.,1.,0.));
#5634=DIRECTION('',(0.,0.,1.));
#5635=DIRECTION('',(0.,-1.,0.));
#5636=DIRECTION('',(0.,0.,-1.));
#5637=DIRECTION('',(0.,1.,0.));
#5638=DIRECTION('',(0.,0.,1.));
#5639=DIRECTION('',(0.,-1.,0.));
#5640=DIRECTION('',(0.,0.,-1.));
#5641=DIRECTION('',(0.,1.,0.));
#5642=DIRECTION('',(0.,0.,1.));
#5643=DIRECTION('',(0.,-1.,0.));
#5644=DIRECTION('',(0.,0.,-1.));
#5645=DIRECTION('',(0.,1.,0.));
#5646=DIRECTION('',(0.,0.,1.));
#5647=DIRECTION('',(0.,-1.,0.));
#5648=DIRECTION('',(0.,0.,-1.));
#5649=DIRECTION('',(0.,1.,0.));
#5650=DIRECTION('',(0.,0.,1.));
#5651=DIRECTION('',(0.,-1.,0.));
#5652=DIRECTION('',(0.,0.,-1.));
#5653=DIRECTION('',(0.,1.,0.));
#5654=DIRECTION('',(0.,0.,1.));
#5655=DIRECTION('',(0.,-1.,0.));
#5656=DIRECTION('',(0.,0.,-1.));
#5657=DIRECTION('',(0.,1.,0.));
#5658=DIRECTION('',(0.,0.,1.));
#5659=DIRECTION('',(0.,-1.,0.));
#5660=DIRECTION('',(0.,0.,-1.));
#5661=DIRECTION('',(0.,1.,0.));
#5662=DIRECTION('',(0.,0.,1.));
#5663=DIRECTION('',(0.,-1.,0.));
#5664=DIRECTION('',(0.,0.,-1.));
#5665=DIRECTION('',(0.,1.,0.));
#5666=DIRECTION('',(0.,0.,1.));
#5667=DIRECTION('',(0.,-1.,0.));
#5668=DIRECTION('',(0.,0.,-1.));
#5669=DIRECTION('',(0.,1.,0.));
#5670=DIRECTION('',(0.,0.,1.));
#5671=DIRECTION('',(0.,-1.,0.));
#5672=DIRECTION('',(0.,0.,-1.));
#5673=DIRECTION('',(0.,1.,0.));
#5674=DIRECTION('',(0.,0.,1.));
#5675=DIRECTION('',(0.,-1.,0.));
#5676=DIRECTION('',(0.,0.,-1.));
#5677=DIRECTION('',(0.,1.,0.));
#5678=DIRECTION('',(0.,0.,1.));
#5679=DIRECTION('',(0.,-1.,0.));
#5680=DIRECTION('',(0.,0.,-1.));
#5681=DIRECTION('',(0.,1.,0.));
#5682=DIRECTION('',(0.,0.,1.));
#5683=DIRECTION('',(0.,-1.,0.));
#5684=DIRECTION('',(0.,0.,-1.));
#5685=DIRECTION('',(0.,1.,0.));
#5686=DIRECTION('',(0.,0.,1.));
#5687=DIRECTION('',(0.,-1.,0.));
#5688=DIRECTION('',(0.,0.,-1.));
#5689=DIRECTION('',(0.,1.,0.));
#5690=DIRECTION('',(0.,0.,1.));
#5691=DIRECTION('',(0.,1.,0.));
#5692=DIRECTION('',(0.,0.,1.));
#5693=DIRECTION('',(0.,1.,0.));
#5694=DIRECTION('',(0.,0.,1.));
#5695=DIRECTION('',(0.,1.,0.));
#5696=DIRECTION('',(0.,0.,1.));
#5697=DIRECTION('',(0.,1.,0.));
#5698=DIRECTION('',(0.,0.,1.));
#5699=DIRECTION('',(0.,1.,0.));
#5700=DIRECTION('',(0.,0.,1.));
#5701=DIRECTION('',(0.,1.,0.));
#5702=DIRECTION('',(0.,0.,1.));
#5703=DIRECTION('',(0.,1.,0.));
#5704=DIRECTION('',(0.,0.,1.));
#5705=DIRECTION('',(0.,1.,0.));
#5706=DIRECTION('',(0.,0.,1.));
#5707=DIRECTION('',(0.,1.,0.));
#5708=DIRECTION('',(0.,0.,1.));
#5709=DIRECTION('',(0.,1.,0.));
#5710=DIRECTION('',(0.,0.,1.));
#5711=DIRECTION('',(0.,1.,0.));
#5712=DIRECTION('',(0.,0.,1.));
#5713=DIRECTION('',(0.,1.,0.));
#5714=DIRECTION('',(0.,0.,1.));
#5715=DIRECTION('',(0.,1.,0.));
#5716=DIRECTION('',(0.,0.,1.));
#5717=DIRECTION('',(0.,1.,0.));
#5718=DIRECTION('',(0.,0.,1.));
#5719=DIRECTION('',(0.,1.,0.));
#5720=DIRECTION('',(0.,0.,1.));
#5721=DIRECTION('',(0.,1.,0.));
#5722=DIRECTION('',(0.,0.,1.));
#5723=DIRECTION('',(0.,1.,0.));
#5724=DIRECTION('',(0.,0.,1.));
#5725=DIRECTION('',(0.,1.,0.));
#5726=DIRECTION('',(0.,0.,1.));
#5727=DIRECTION('',(0.,1.,0.));
#5728=DIRECTION('',(0.,0.,1.));
#5729=DIRECTION('',(0.,1.,0.));
#5730=DIRECTION('',(0.,0.,1.));
#5731=DIRECTION('',(0.,-1.,2.83856080591677E-17));
#5732=DIRECTION('',(0.,-2.83856080591677E-17,-1.));
#5733=DIRECTION('',(0.,0.,1.));
#5734=DIRECTION('',(1.,0.,0.));
#5735=DIRECTION('',(1.,0.,0.));
#5736=DIRECTION('',(0.,0.,-1.));
#5737=DIRECTION('',(0.,-2.83856080591677E-17,1.));
#5738=DIRECTION('',(0.,-1.,0.));
#5739=DIRECTION('',(0.,0.,1.));
#5740=DIRECTION('',(0.,-1.,0.));
#5741=DIRECTION('',(0.,0.,-1.));
#5742=DIRECTION('',(0.,1.,1.58093055188904E-16));
#5743=DIRECTION('',(0.,1.0671281225251E-16,1.));
#5744=DIRECTION('',(0.,-1.,-3.16186110377808E-16));
#5745=DIRECTION('',(0.,0.,-1.));
#5746=DIRECTION('',(0.,1.,0.));
#5747=DIRECTION('',(0.,0.,1.));
#5748=DIRECTION('',(0.,1.,-4.74279165566713E-16));
#5749=DIRECTION('',(-1.,0.,0.));
#5750=DIRECTION('',(0.,0.,1.));
#5751=DIRECTION('',(0.,2.83856080591677E-17,-1.));
#5752=DIRECTION('',(0.,1.,-4.74279165566713E-16));
#5753=DIRECTION('',(0.,0.,1.));
#5754=DIRECTION('',(0.,1.,0.));
#5755=DIRECTION('',(0.,0.,1.));
#5756=DIRECTION('',(0.,-1.,-3.16186110377808E-16));
#5757=DIRECTION('',(0.,1.0671281225251E-16,1.));
#5758=DIRECTION('',(0.,1.,1.58093055188904E-16));
#5759=DIRECTION('',(0.,0.,1.));
#5760=DIRECTION('',(0.,-1.,0.));
#5761=DIRECTION('',(0.,0.,1.));
#5762=DIRECTION('',(0.,-1.,0.));
#5763=DIRECTION('',(0.,4.74279165566713E-16,1.));
#5764=DIRECTION('',(0.,-1.,4.74279165566713E-16));
#5765=DIRECTION('',(-1.,0.,0.));
#5766=DIRECTION('',(-1.,0.,0.));
#5767=DIRECTION('',(0.,0.,-1.));
#5768=DIRECTION('',(-1.,0.,0.));
#5769=DIRECTION('',(1.,0.,0.));
#5770=DIRECTION('',(-1.,0.,0.));
#5771=DIRECTION('',(0.,0.,1.));
#5772=DIRECTION('',(1.,0.,0.));
#5773=DIRECTION('',(-1.,0.,0.));
#5774=DIRECTION('',(0.,1.,0.));
#5775=DIRECTION('',(-1.,0.,0.));
#5776=DIRECTION('',(0.,-1.,0.));
#5777=DIRECTION('',(0.,0.,1.));
#5778=DIRECTION('',(1.,0.,0.));
#5779=DIRECTION('',(-1.,0.,0.));
#5780=DIRECTION('',(0.,1.,0.));
#5781=DIRECTION('',(-1.,0.,0.));
#5782=DIRECTION('',(0.,-1.,0.));
#5783=DIRECTION('',(0.,0.,1.));
#5784=DIRECTION('',(1.,0.,0.));
#5785=DIRECTION('',(-1.,0.,0.));
#5786=DIRECTION('',(0.,1.,0.));
#5787=DIRECTION('',(-1.,0.,0.));
#5788=DIRECTION('',(0.,-1.,0.));
#5789=DIRECTION('',(0.,0.,1.));
#5790=DIRECTION('',(1.,0.,0.));
#5791=DIRECTION('',(-1.,0.,0.));
#5792=DIRECTION('',(0.,1.,0.));
#5793=DIRECTION('',(-1.,0.,0.));
#5794=DIRECTION('',(0.,-1.,0.));
#5795=DIRECTION('',(0.,0.,1.));
#5796=DIRECTION('',(1.,0.,0.));
#5797=DIRECTION('',(-1.,0.,0.));
#5798=DIRECTION('',(0.,1.,0.));
#5799=DIRECTION('',(-1.,0.,0.));
#5800=DIRECTION('',(0.,-1.,0.));
#5801=DIRECTION('',(0.,0.,1.));
#5802=DIRECTION('',(1.,0.,0.));
#5803=DIRECTION('',(-1.,0.,0.));
#5804=DIRECTION('',(0.,1.,0.));
#5805=DIRECTION('',(-1.,0.,0.));
#5806=DIRECTION('',(0.,-1.,0.));
#5807=DIRECTION('',(0.,0.,1.));
#5808=DIRECTION('',(1.,0.,0.));
#5809=DIRECTION('',(-1.,0.,0.));
#5810=DIRECTION('',(0.,1.,0.));
#5811=DIRECTION('',(-1.,0.,0.));
#5812=DIRECTION('',(0.,-1.,0.));
#5813=DIRECTION('',(0.,0.,1.));
#5814=DIRECTION('',(1.,0.,0.));
#5815=DIRECTION('',(-1.,0.,0.));
#5816=DIRECTION('',(0.,1.,0.));
#5817=DIRECTION('',(-1.,0.,0.));
#5818=DIRECTION('',(0.,-1.,0.));
#5819=DIRECTION('',(0.,0.,1.));
#5820=DIRECTION('',(1.,0.,0.));
#5821=DIRECTION('',(-1.,0.,0.));
#5822=DIRECTION('',(0.,1.,0.));
#5823=DIRECTION('',(-1.,0.,0.));
#5824=DIRECTION('',(0.,-1.,0.));
#5825=DIRECTION('',(0.,0.,1.));
#5826=DIRECTION('',(1.,0.,0.));
#5827=DIRECTION('',(-1.,0.,0.));
#5828=DIRECTION('',(0.,1.,0.));
#5829=DIRECTION('',(-1.,0.,0.));
#5830=DIRECTION('',(0.,-1.,0.));
#5831=DIRECTION('',(0.,0.,-1.));
#5832=DIRECTION('',(-1.,0.,0.));
#5833=DIRECTION('',(1.,0.,0.));
#5834=DIRECTION('',(0.,1.,0.));
#5835=DIRECTION('',(1.,0.,0.));
#5836=DIRECTION('',(0.,-1.,0.));
#5837=DIRECTION('',(0.,0.,-1.));
#5838=DIRECTION('',(-1.,0.,0.));
#5839=DIRECTION('',(1.,0.,0.));
#5840=DIRECTION('',(0.,1.,0.));
#5841=DIRECTION('',(1.,0.,0.));
#5842=DIRECTION('',(0.,-1.,0.));
#5843=DIRECTION('',(0.,0.,-1.));
#5844=DIRECTION('',(-1.,0.,0.));
#5845=DIRECTION('',(1.,0.,0.));
#5846=DIRECTION('',(0.,1.,0.));
#5847=DIRECTION('',(1.,0.,0.));
#5848=DIRECTION('',(0.,-1.,0.));
#5849=DIRECTION('',(0.,0.,-1.));
#5850=DIRECTION('',(-1.,0.,0.));
#5851=DIRECTION('',(1.,0.,0.));
#5852=DIRECTION('',(0.,1.,0.));
#5853=DIRECTION('',(1.,0.,0.));
#5854=DIRECTION('',(0.,-1.,0.));
#5855=DIRECTION('',(0.,0.,-1.));
#5856=DIRECTION('',(-1.,0.,0.));
#5857=DIRECTION('',(1.,0.,0.));
#5858=DIRECTION('',(0.,1.,0.));
#5859=DIRECTION('',(1.,0.,0.));
#5860=DIRECTION('',(0.,-1.,0.));
#5861=DIRECTION('',(0.,0.,-1.));
#5862=DIRECTION('',(-1.,0.,0.));
#5863=DIRECTION('',(1.,0.,0.));
#5864=DIRECTION('',(0.,1.,0.));
#5865=DIRECTION('',(1.,0.,0.));
#5866=DIRECTION('',(0.,-1.,0.));
#5867=DIRECTION('',(0.,0.,-1.));
#5868=DIRECTION('',(-1.,0.,0.));
#5869=DIRECTION('',(1.,0.,0.));
#5870=DIRECTION('',(0.,1.,0.));
#5871=DIRECTION('',(1.,0.,0.));
#5872=DIRECTION('',(0.,-1.,0.));
#5873=DIRECTION('',(0.,0.,-1.));
#5874=DIRECTION('',(-1.,0.,0.));
#5875=DIRECTION('',(1.,0.,0.));
#5876=DIRECTION('',(0.,1.,0.));
#5877=DIRECTION('',(1.,0.,0.));
#5878=DIRECTION('',(0.,-1.,0.));
#5879=DIRECTION('',(0.,0.,-1.));
#5880=DIRECTION('',(-1.,0.,0.));
#5881=DIRECTION('',(1.,0.,0.));
#5882=DIRECTION('',(0.,1.,0.));
#5883=DIRECTION('',(1.,0.,0.));
#5884=DIRECTION('',(0.,-1.,0.));
#5885=DIRECTION('',(0.,0.,-1.));
#5886=DIRECTION('',(-1.,0.,0.));
#5887=DIRECTION('',(1.,0.,0.));
#5888=DIRECTION('',(0.,1.,0.));
#5889=DIRECTION('',(1.,0.,0.));
#5890=DIRECTION('',(0.,-1.,0.));
#5891=DIRECTION('',(0.,1.,0.));
#5892=DIRECTION('',(0.,0.,1.));
#5893=DIRECTION('',(-1.,0.,0.));
#5894=DIRECTION('',(0.,0.,1.));
#5895=DIRECTION('',(0.,0.,-1.));
#5896=DIRECTION('',(0.,1.,0.));
#5897=DIRECTION('',(0.,0.,1.));
#5898=DIRECTION('',(-1.,0.,0.));
#5899=DIRECTION('',(0.,0.,1.));
#5900=DIRECTION('',(0.,0.,-1.));
#5901=DIRECTION('',(0.,1.,0.));
#5902=DIRECTION('',(0.,0.,1.));
#5903=DIRECTION('',(-1.,0.,0.));
#5904=DIRECTION('',(0.,0.,1.));
#5905=DIRECTION('',(0.,0.,-1.));
#5906=DIRECTION('',(0.,1.,0.));
#5907=DIRECTION('',(0.,0.,1.));
#5908=DIRECTION('',(-1.,0.,0.));
#5909=DIRECTION('',(0.,0.,1.));
#5910=DIRECTION('',(0.,0.,-1.));
#5911=DIRECTION('',(0.,1.,0.));
#5912=DIRECTION('',(0.,0.,1.));
#5913=DIRECTION('',(-1.,0.,0.));
#5914=DIRECTION('',(0.,0.,1.));
#5915=DIRECTION('',(0.,0.,-1.));
#5916=DIRECTION('',(0.,1.,0.));
#5917=DIRECTION('',(0.,0.,1.));
#5918=DIRECTION('',(-1.,0.,0.));
#5919=DIRECTION('',(0.,0.,1.));
#5920=DIRECTION('',(0.,0.,-1.));
#5921=DIRECTION('',(0.,1.,0.));
#5922=DIRECTION('',(0.,0.,1.));
#5923=DIRECTION('',(-1.,0.,0.));
#5924=DIRECTION('',(0.,0.,1.));
#5925=DIRECTION('',(0.,0.,-1.));
#5926=DIRECTION('',(0.,1.,0.));
#5927=DIRECTION('',(0.,0.,1.));
#5928=DIRECTION('',(-1.,0.,0.));
#5929=DIRECTION('',(0.,0.,1.));
#5930=DIRECTION('',(0.,0.,-1.));
#5931=DIRECTION('',(0.,1.,0.));
#5932=DIRECTION('',(0.,0.,1.));
#5933=DIRECTION('',(-1.,0.,0.));
#5934=DIRECTION('',(0.,0.,1.));
#5935=DIRECTION('',(0.,0.,-1.));
#5936=DIRECTION('',(0.,1.,0.));
#5937=DIRECTION('',(0.,0.,1.));
#5938=DIRECTION('',(-1.,0.,0.));
#5939=DIRECTION('',(0.,0.,1.));
#5940=DIRECTION('',(0.,0.,-1.));
#5941=DIRECTION('',(-1.,0.,0.));
#5942=DIRECTION('',(0.,0.,1.));
#5943=DIRECTION('',(0.,0.,-1.));
#5944=DIRECTION('',(0.,-1.,0.));
#5945=DIRECTION('',(-1.,0.,0.));
#5946=DIRECTION('',(0.,0.,1.));
#5947=DIRECTION('',(0.,5.9284895695839E-17,-1.));
#5948=DIRECTION('',(-1.,0.,0.));
#5949=DIRECTION('',(0.,0.,1.));
#5950=DIRECTION('',(0.,1.,1.58093055188904E-16));
#5951=DIRECTION('',(-1.,0.,0.));
#5952=DIRECTION('',(0.,0.,1.));
#5953=DIRECTION('',(0.,0.,-1.));
#5954=DIRECTION('',(0.,-1.,-3.16186110377808E-16));
#5955=DIRECTION('',(-1.,0.,0.));
#5956=DIRECTION('',(0.,0.,1.));
#5957=DIRECTION('',(0.,0.,1.));
#5958=DIRECTION('',(0.,-5.9284895695839E-17,-1.));
#5959=DIRECTION('',(-1.,0.,0.));
#5960=DIRECTION('',(0.,0.,1.));
#5961=DIRECTION('',(0.,1.,0.));
#5962=DIRECTION('',(0.,-1.,0.));
#5963=DIRECTION('',(0.,0.,-1.));
#5964=DIRECTION('',(1.,0.,0.));
#5965=DIRECTION('',(-1.,0.,0.));
#5966=DIRECTION('',(0.,-1.,0.));
#5967=DIRECTION('',(0.,0.,-1.));
#5968=DIRECTION('',(1.,0.,0.));
#5969=DIRECTION('',(-1.,0.,0.));
#5970=DIRECTION('',(-1.,0.,0.));
#5971=DIRECTION('',(0.,0.,1.));
#5972=DIRECTION('',(0.,0.,-1.));
#5973=DIRECTION('',(0.,-1.,0.));
#5974=DIRECTION('',(-1.,0.,0.));
#5975=DIRECTION('',(0.,0.,1.));
#5976=DIRECTION('',(0.,5.9284895695839E-17,-1.));
#5977=DIRECTION('',(-1.,0.,0.));
#5978=DIRECTION('',(0.,0.,1.));
#5979=DIRECTION('',(0.,1.,1.58093055188904E-16));
#5980=DIRECTION('',(-1.,0.,0.));
#5981=DIRECTION('',(0.,0.,1.));
#5982=DIRECTION('',(0.,0.,-1.));
#5983=DIRECTION('',(0.,-1.,-3.16186110377808E-16));
#5984=DIRECTION('',(-1.,0.,0.));
#5985=DIRECTION('',(0.,0.,1.));
#5986=DIRECTION('',(0.,0.,1.));
#5987=DIRECTION('',(0.,-5.9284895695839E-17,-1.));
#5988=DIRECTION('',(-1.,0.,0.));
#5989=DIRECTION('',(0.,0.,1.));
#5990=DIRECTION('',(0.,1.,0.));
#5991=DIRECTION('',(1.,0.,0.));
#5992=DIRECTION('',(0.,0.,-1.));
#5993=DIRECTION('',(1.,0.,0.));
#5994=DIRECTION('',(0.,0.,-1.));
#5995=DIRECTION('',(0.,1.,0.));
#5996=DIRECTION('',(0.,0.,-1.));
#5997=DIRECTION('',(0.,-1.,-1.58093055188904E-16));
#5998=DIRECTION('',(1.,0.,0.));
#5999=DIRECTION('',(0.,0.,-1.));
#6000=DIRECTION('',(0.,-5.9284895695839E-17,1.));
#6001=DIRECTION('',(1.,0.,0.));
#6002=DIRECTION('',(0.,0.,-1.));
#6003=DIRECTION('',(1.,0.,0.));
#6004=DIRECTION('',(0.,0.,-1.));
#6005=DIRECTION('',(0.,1.,3.16186110377808E-16));
#6006=DIRECTION('',(0.,0.,-1.));
#6007=DIRECTION('',(0.,-1.,0.));
#6008=DIRECTION('',(1.,0.,0.));
#6009=DIRECTION('',(0.,0.,-1.));
#6010=DIRECTION('',(0.,5.9284895695839E-17,1.));
#6011=DIRECTION('',(0.,0.,-1.));
#6012=DIRECTION('',(0.,-1.,0.));
#6013=DIRECTION('',(0.,0.,-1.));
#6014=DIRECTION('',(1.,0.,0.));
#6015=DIRECTION('',(-1.,0.,0.));
#6016=DIRECTION('',(0.,-1.,0.));
#6017=DIRECTION('',(0.,0.,-1.));
#6018=DIRECTION('',(1.,0.,0.));
#6019=DIRECTION('',(-1.,0.,0.));
#6020=DIRECTION('',(-1.,0.,0.));
#6021=DIRECTION('',(0.,0.,1.));
#6022=DIRECTION('',(0.,0.,-1.));
#6023=DIRECTION('',(0.,-1.,0.));
#6024=DIRECTION('',(-1.,0.,0.));
#6025=DIRECTION('',(0.,0.,1.));
#6026=DIRECTION('',(0.,5.9284895695839E-17,-1.));
#6027=DIRECTION('',(-1.,0.,0.));
#6028=DIRECTION('',(0.,0.,1.));
#6029=DIRECTION('',(0.,1.,1.58093055188904E-16));
#6030=DIRECTION('',(-1.,0.,0.));
#6031=DIRECTION('',(0.,0.,1.));
#6032=DIRECTION('',(0.,0.,-1.));
#6033=DIRECTION('',(0.,-1.,-3.16186110377808E-16));
#6034=DIRECTION('',(-1.,0.,0.));
#6035=DIRECTION('',(0.,0.,1.));
#6036=DIRECTION('',(0.,0.,1.));
#6037=DIRECTION('',(0.,-5.9284895695839E-17,-1.));
#6038=DIRECTION('',(-1.,0.,0.));
#6039=DIRECTION('',(0.,0.,1.));
#6040=DIRECTION('',(0.,1.,0.));
#6041=DIRECTION('',(1.,0.,0.));
#6042=DIRECTION('',(0.,0.,-1.));
#6043=DIRECTION('',(1.,0.,0.));
#6044=DIRECTION('',(0.,0.,-1.));
#6045=DIRECTION('',(0.,1.,0.));
#6046=DIRECTION('',(0.,0.,-1.));
#6047=DIRECTION('',(0.,-1.,-1.58093055188904E-16));
#6048=DIRECTION('',(1.,0.,0.));
#6049=DIRECTION('',(0.,0.,-1.));
#6050=DIRECTION('',(0.,-5.9284895695839E-17,1.));
#6051=DIRECTION('',(1.,0.,0.));
#6052=DIRECTION('',(0.,0.,-1.));
#6053=DIRECTION('',(1.,0.,0.));
#6054=DIRECTION('',(0.,0.,-1.));
#6055=DIRECTION('',(0.,1.,3.16186110377808E-16));
#6056=DIRECTION('',(0.,0.,-1.));
#6057=DIRECTION('',(0.,-1.,0.));
#6058=DIRECTION('',(1.,0.,0.));
#6059=DIRECTION('',(0.,0.,-1.));
#6060=DIRECTION('',(0.,5.9284895695839E-17,1.));
#6061=DIRECTION('',(0.,0.,-1.));
#6062=DIRECTION('',(0.,-1.,0.));
#6063=DIRECTION('',(0.,0.,-1.));
#6064=DIRECTION('',(1.,0.,0.));
#6065=DIRECTION('',(-1.,0.,0.));
#6066=DIRECTION('',(0.,-1.,0.));
#6067=DIRECTION('',(0.,0.,-1.));
#6068=DIRECTION('',(1.,0.,0.));
#6069=DIRECTION('',(-1.,0.,0.));
#6070=DIRECTION('',(-1.,0.,0.));
#6071=DIRECTION('',(0.,0.,1.));
#6072=DIRECTION('',(0.,0.,-1.));
#6073=DIRECTION('',(0.,-1.,0.));
#6074=DIRECTION('',(-1.,0.,0.));
#6075=DIRECTION('',(0.,0.,1.));
#6076=DIRECTION('',(0.,5.9284895695839E-17,-1.));
#6077=DIRECTION('',(-1.,0.,0.));
#6078=DIRECTION('',(0.,0.,1.));
#6079=DIRECTION('',(0.,1.,1.58093055188904E-16));
#6080=DIRECTION('',(-1.,0.,0.));
#6081=DIRECTION('',(0.,0.,1.));
#6082=DIRECTION('',(0.,0.,-1.));
#6083=DIRECTION('',(0.,-1.,-3.16186110377808E-16));
#6084=DIRECTION('',(-1.,0.,0.));
#6085=DIRECTION('',(0.,0.,1.));
#6086=DIRECTION('',(0.,0.,1.));
#6087=DIRECTION('',(0.,-5.9284895695839E-17,-1.));
#6088=DIRECTION('',(-1.,0.,0.));
#6089=DIRECTION('',(0.,0.,1.));
#6090=DIRECTION('',(0.,1.,0.));
#6091=DIRECTION('',(1.,0.,0.));
#6092=DIRECTION('',(0.,0.,-1.));
#6093=DIRECTION('',(1.,0.,0.));
#6094=DIRECTION('',(0.,0.,-1.));
#6095=DIRECTION('',(0.,1.,0.));
#6096=DIRECTION('',(0.,0.,-1.));
#6097=DIRECTION('',(0.,-1.,-1.58093055188904E-16));
#6098=DIRECTION('',(1.,0.,0.));
#6099=DIRECTION('',(0.,0.,-1.));
#6100=DIRECTION('',(0.,-5.9284895695839E-17,1.));
#6101=DIRECTION('',(1.,0.,0.));
#6102=DIRECTION('',(0.,0.,-1.));
#6103=DIRECTION('',(1.,0.,0.));
#6104=DIRECTION('',(0.,0.,-1.));
#6105=DIRECTION('',(0.,1.,3.16186110377808E-16));
#6106=DIRECTION('',(0.,0.,-1.));
#6107=DIRECTION('',(0.,-1.,0.));
#6108=DIRECTION('',(1.,0.,0.));
#6109=DIRECTION('',(0.,0.,-1.));
#6110=DIRECTION('',(0.,5.9284895695839E-17,1.));
#6111=DIRECTION('',(0.,0.,-1.));
#6112=DIRECTION('',(0.,-1.,0.));
#6113=DIRECTION('',(0.,0.,-1.));
#6114=DIRECTION('',(1.,0.,0.));
#6115=DIRECTION('',(-1.,0.,0.));
#6116=DIRECTION('',(0.,-1.,0.));
#6117=DIRECTION('',(0.,0.,-1.));
#6118=DIRECTION('',(1.,0.,0.));
#6119=DIRECTION('',(-1.,0.,0.));
#6120=DIRECTION('',(-1.,0.,0.));
#6121=DIRECTION('',(0.,0.,1.));
#6122=DIRECTION('',(0.,0.,-1.));
#6123=DIRECTION('',(0.,-1.,0.));
#6124=DIRECTION('',(-1.,0.,0.));
#6125=DIRECTION('',(0.,0.,1.));
#6126=DIRECTION('',(0.,5.9284895695839E-17,-1.));
#6127=DIRECTION('',(-1.,0.,0.));
#6128=DIRECTION('',(0.,0.,1.));
#6129=DIRECTION('',(0.,1.,1.58093055188904E-16));
#6130=DIRECTION('',(-1.,0.,0.));
#6131=DIRECTION('',(0.,0.,1.));
#6132=DIRECTION('',(0.,0.,-1.));
#6133=DIRECTION('',(0.,-1.,-3.16186110377808E-16));
#6134=DIRECTION('',(-1.,0.,0.));
#6135=DIRECTION('',(0.,0.,1.));
#6136=DIRECTION('',(0.,0.,1.));
#6137=DIRECTION('',(0.,-5.9284895695839E-17,-1.));
#6138=DIRECTION('',(-1.,0.,0.));
#6139=DIRECTION('',(0.,0.,1.));
#6140=DIRECTION('',(0.,1.,0.));
#6141=DIRECTION('',(1.,0.,0.));
#6142=DIRECTION('',(0.,0.,-1.));
#6143=DIRECTION('',(1.,0.,0.));
#6144=DIRECTION('',(0.,0.,-1.));
#6145=DIRECTION('',(0.,1.,0.));
#6146=DIRECTION('',(0.,0.,-1.));
#6147=DIRECTION('',(0.,-1.,-1.58093055188904E-16));
#6148=DIRECTION('',(1.,0.,0.));
#6149=DIRECTION('',(0.,0.,-1.));
#6150=DIRECTION('',(0.,-5.9284895695839E-17,1.));
#6151=DIRECTION('',(1.,0.,0.));
#6152=DIRECTION('',(0.,0.,-1.));
#6153=DIRECTION('',(1.,0.,0.));
#6154=DIRECTION('',(0.,0.,-1.));
#6155=DIRECTION('',(0.,1.,3.16186110377808E-16));
#6156=DIRECTION('',(0.,0.,-1.));
#6157=DIRECTION('',(0.,-1.,0.));
#6158=DIRECTION('',(1.,0.,0.));
#6159=DIRECTION('',(0.,0.,-1.));
#6160=DIRECTION('',(0.,5.9284895695839E-17,1.));
#6161=DIRECTION('',(0.,0.,-1.));
#6162=DIRECTION('',(0.,-1.,0.));
#6163=DIRECTION('',(0.,0.,-1.));
#6164=DIRECTION('',(1.,0.,0.));
#6165=DIRECTION('',(-1.,0.,0.));
#6166=DIRECTION('',(0.,-1.,0.));
#6167=DIRECTION('',(0.,0.,-1.));
#6168=DIRECTION('',(1.,0.,0.));
#6169=DIRECTION('',(-1.,0.,0.));
#6170=DIRECTION('',(-1.,0.,0.));
#6171=DIRECTION('',(0.,0.,1.));
#6172=DIRECTION('',(0.,0.,-1.));
#6173=DIRECTION('',(0.,-1.,0.));
#6174=DIRECTION('',(-1.,0.,0.));
#6175=DIRECTION('',(0.,0.,1.));
#6176=DIRECTION('',(0.,5.9284895695839E-17,-1.));
#6177=DIRECTION('',(-1.,0.,0.));
#6178=DIRECTION('',(0.,0.,1.));
#6179=DIRECTION('',(0.,1.,1.58093055188904E-16));
#6180=DIRECTION('',(-1.,0.,0.));
#6181=DIRECTION('',(0.,0.,1.));
#6182=DIRECTION('',(0.,0.,-1.));
#6183=DIRECTION('',(0.,-1.,-3.16186110377808E-16));
#6184=DIRECTION('',(-1.,0.,0.));
#6185=DIRECTION('',(0.,0.,1.));
#6186=DIRECTION('',(0.,0.,1.));
#6187=DIRECTION('',(0.,-5.9284895695839E-17,-1.));
#6188=DIRECTION('',(-1.,0.,0.));
#6189=DIRECTION('',(0.,0.,1.));
#6190=DIRECTION('',(0.,1.,0.));
#6191=DIRECTION('',(1.,0.,0.));
#6192=DIRECTION('',(0.,0.,-1.));
#6193=DIRECTION('',(1.,0.,0.));
#6194=DIRECTION('',(0.,0.,-1.));
#6195=DIRECTION('',(0.,1.,0.));
#6196=DIRECTION('',(0.,0.,-1.));
#6197=DIRECTION('',(0.,-1.,-1.58093055188904E-16));
#6198=DIRECTION('',(1.,0.,0.));
#6199=DIRECTION('',(0.,0.,-1.));
#6200=DIRECTION('',(0.,-5.9284895695839E-17,1.));
#6201=DIRECTION('',(1.,0.,0.));
#6202=DIRECTION('',(0.,0.,-1.));
#6203=DIRECTION('',(1.,0.,0.));
#6204=DIRECTION('',(0.,0.,-1.));
#6205=DIRECTION('',(0.,1.,3.16186110377808E-16));
#6206=DIRECTION('',(0.,0.,-1.));
#6207=DIRECTION('',(0.,-1.,0.));
#6208=DIRECTION('',(1.,0.,0.));
#6209=DIRECTION('',(0.,0.,-1.));
#6210=DIRECTION('',(0.,5.9284895695839E-17,1.));
#6211=DIRECTION('',(0.,0.,-1.));
#6212=DIRECTION('',(0.,-1.,0.));
#6213=DIRECTION('',(0.,0.,-1.));
#6214=DIRECTION('',(1.,0.,0.));
#6215=DIRECTION('',(-1.,0.,0.));
#6216=DIRECTION('',(0.,-1.,0.));
#6217=DIRECTION('',(0.,0.,-1.));
#6218=DIRECTION('',(1.,0.,0.));
#6219=DIRECTION('',(-1.,0.,0.));
#6220=DIRECTION('',(-1.,0.,0.));
#6221=DIRECTION('',(0.,0.,1.));
#6222=DIRECTION('',(0.,0.,-1.));
#6223=DIRECTION('',(0.,-1.,0.));
#6224=DIRECTION('',(-1.,0.,0.));
#6225=DIRECTION('',(0.,0.,1.));
#6226=DIRECTION('',(0.,5.9284895695839E-17,-1.));
#6227=DIRECTION('',(-1.,0.,0.));
#6228=DIRECTION('',(0.,0.,1.));
#6229=DIRECTION('',(0.,1.,1.58093055188904E-16));
#6230=DIRECTION('',(-1.,0.,0.));
#6231=DIRECTION('',(0.,0.,1.));
#6232=DIRECTION('',(0.,0.,-1.));
#6233=DIRECTION('',(0.,-1.,-3.16186110377808E-16));
#6234=DIRECTION('',(-1.,0.,0.));
#6235=DIRECTION('',(0.,0.,1.));
#6236=DIRECTION('',(0.,0.,1.));
#6237=DIRECTION('',(0.,-5.9284895695839E-17,-1.));
#6238=DIRECTION('',(-1.,0.,0.));
#6239=DIRECTION('',(0.,0.,1.));
#6240=DIRECTION('',(0.,1.,0.));
#6241=DIRECTION('',(1.,0.,0.));
#6242=DIRECTION('',(0.,0.,-1.));
#6243=DIRECTION('',(1.,0.,0.));
#6244=DIRECTION('',(0.,0.,-1.));
#6245=DIRECTION('',(0.,1.,0.));
#6246=DIRECTION('',(0.,0.,-1.));
#6247=DIRECTION('',(0.,-1.,-1.58093055188904E-16));
#6248=DIRECTION('',(1.,0.,0.));
#6249=DIRECTION('',(0.,0.,-1.));
#6250=DIRECTION('',(0.,-5.9284895695839E-17,1.));
#6251=DIRECTION('',(1.,0.,0.));
#6252=DIRECTION('',(0.,0.,-1.));
#6253=DIRECTION('',(1.,0.,0.));
#6254=DIRECTION('',(0.,0.,-1.));
#6255=DIRECTION('',(0.,1.,3.16186110377808E-16));
#6256=DIRECTION('',(0.,0.,-1.));
#6257=DIRECTION('',(0.,-1.,0.));
#6258=DIRECTION('',(1.,0.,0.));
#6259=DIRECTION('',(0.,0.,-1.));
#6260=DIRECTION('',(0.,5.9284895695839E-17,1.));
#6261=DIRECTION('',(0.,0.,-1.));
#6262=DIRECTION('',(0.,-1.,0.));
#6263=DIRECTION('',(0.,0.,-1.));
#6264=DIRECTION('',(1.,0.,0.));
#6265=DIRECTION('',(-1.,0.,0.));
#6266=DIRECTION('',(0.,-1.,0.));
#6267=DIRECTION('',(0.,0.,-1.));
#6268=DIRECTION('',(1.,0.,0.));
#6269=DIRECTION('',(-1.,0.,0.));
#6270=DIRECTION('',(-1.,0.,0.));
#6271=DIRECTION('',(0.,0.,1.));
#6272=DIRECTION('',(0.,0.,-1.));
#6273=DIRECTION('',(0.,-1.,0.));
#6274=DIRECTION('',(-1.,0.,0.));
#6275=DIRECTION('',(0.,0.,1.));
#6276=DIRECTION('',(0.,5.9284895695839E-17,-1.));
#6277=DIRECTION('',(-1.,0.,0.));
#6278=DIRECTION('',(0.,0.,1.));
#6279=DIRECTION('',(0.,1.,1.58093055188904E-16));
#6280=DIRECTION('',(-1.,0.,0.));
#6281=DIRECTION('',(0.,0.,1.));
#6282=DIRECTION('',(0.,0.,-1.));
#6283=DIRECTION('',(0.,-1.,-3.16186110377808E-16));
#6284=DIRECTION('',(-1.,0.,0.));
#6285=DIRECTION('',(0.,0.,1.));
#6286=DIRECTION('',(0.,0.,1.));
#6287=DIRECTION('',(0.,-5.9284895695839E-17,-1.));
#6288=DIRECTION('',(-1.,0.,0.));
#6289=DIRECTION('',(0.,0.,1.));
#6290=DIRECTION('',(0.,1.,0.));
#6291=DIRECTION('',(1.,0.,0.));
#6292=DIRECTION('',(0.,0.,-1.));
#6293=DIRECTION('',(1.,0.,0.));
#6294=DIRECTION('',(0.,0.,-1.));
#6295=DIRECTION('',(0.,1.,0.));
#6296=DIRECTION('',(0.,0.,-1.));
#6297=DIRECTION('',(0.,-1.,-1.58093055188904E-16));
#6298=DIRECTION('',(1.,0.,0.));
#6299=DIRECTION('',(0.,0.,-1.));
#6300=DIRECTION('',(0.,-5.9284895695839E-17,1.));
#6301=DIRECTION('',(1.,0.,0.));
#6302=DIRECTION('',(0.,0.,-1.));
#6303=DIRECTION('',(1.,0.,0.));
#6304=DIRECTION('',(0.,0.,-1.));
#6305=DIRECTION('',(0.,1.,3.16186110377808E-16));
#6306=DIRECTION('',(0.,0.,-1.));
#6307=DIRECTION('',(0.,-1.,0.));
#6308=DIRECTION('',(1.,0.,0.));
#6309=DIRECTION('',(0.,0.,-1.));
#6310=DIRECTION('',(0.,5.9284895695839E-17,1.));
#6311=DIRECTION('',(0.,0.,-1.));
#6312=DIRECTION('',(0.,-1.,0.));
#6313=DIRECTION('',(0.,0.,-1.));
#6314=DIRECTION('',(1.,0.,0.));
#6315=DIRECTION('',(-1.,0.,0.));
#6316=DIRECTION('',(0.,-1.,0.));
#6317=DIRECTION('',(0.,0.,-1.));
#6318=DIRECTION('',(1.,0.,0.));
#6319=DIRECTION('',(-1.,0.,0.));
#6320=DIRECTION('',(-1.,0.,0.));
#6321=DIRECTION('',(0.,0.,1.));
#6322=DIRECTION('',(0.,0.,-1.));
#6323=DIRECTION('',(0.,-1.,0.));
#6324=DIRECTION('',(-1.,0.,0.));
#6325=DIRECTION('',(0.,0.,1.));
#6326=DIRECTION('',(0.,5.9284895695839E-17,-1.));
#6327=DIRECTION('',(-1.,0.,0.));
#6328=DIRECTION('',(0.,0.,1.));
#6329=DIRECTION('',(0.,1.,1.58093055188904E-16));
#6330=DIRECTION('',(-1.,0.,0.));
#6331=DIRECTION('',(0.,0.,1.));
#6332=DIRECTION('',(0.,0.,-1.));
#6333=DIRECTION('',(0.,-1.,-3.16186110377808E-16));
#6334=DIRECTION('',(-1.,0.,0.));
#6335=DIRECTION('',(0.,0.,1.));
#6336=DIRECTION('',(0.,0.,1.));
#6337=DIRECTION('',(0.,-5.9284895695839E-17,-1.));
#6338=DIRECTION('',(-1.,0.,0.));
#6339=DIRECTION('',(0.,0.,1.));
#6340=DIRECTION('',(0.,1.,0.));
#6341=DIRECTION('',(1.,0.,0.));
#6342=DIRECTION('',(0.,0.,-1.));
#6343=DIRECTION('',(1.,0.,0.));
#6344=DIRECTION('',(0.,0.,-1.));
#6345=DIRECTION('',(0.,1.,0.));
#6346=DIRECTION('',(0.,0.,-1.));
#6347=DIRECTION('',(0.,-1.,-1.58093055188904E-16));
#6348=DIRECTION('',(1.,0.,0.));
#6349=DIRECTION('',(0.,0.,-1.));
#6350=DIRECTION('',(0.,-5.9284895695839E-17,1.));
#6351=DIRECTION('',(1.,0.,0.));
#6352=DIRECTION('',(0.,0.,-1.));
#6353=DIRECTION('',(1.,0.,0.));
#6354=DIRECTION('',(0.,0.,-1.));
#6355=DIRECTION('',(0.,1.,3.16186110377808E-16));
#6356=DIRECTION('',(0.,0.,-1.));
#6357=DIRECTION('',(0.,-1.,0.));
#6358=DIRECTION('',(1.,0.,0.));
#6359=DIRECTION('',(0.,0.,-1.));
#6360=DIRECTION('',(0.,5.9284895695839E-17,1.));
#6361=DIRECTION('',(0.,0.,-1.));
#6362=DIRECTION('',(0.,-1.,0.));
#6363=DIRECTION('',(0.,0.,-1.));
#6364=DIRECTION('',(1.,0.,0.));
#6365=DIRECTION('',(-1.,0.,0.));
#6366=DIRECTION('',(0.,-1.,0.));
#6367=DIRECTION('',(0.,0.,-1.));
#6368=DIRECTION('',(1.,0.,0.));
#6369=DIRECTION('',(-1.,0.,0.));
#6370=DIRECTION('',(-1.,0.,0.));
#6371=DIRECTION('',(0.,0.,1.));
#6372=DIRECTION('',(0.,0.,-1.));
#6373=DIRECTION('',(0.,-1.,0.));
#6374=DIRECTION('',(-1.,0.,0.));
#6375=DIRECTION('',(0.,0.,1.));
#6376=DIRECTION('',(0.,5.9284895695839E-17,-1.));
#6377=DIRECTION('',(-1.,0.,0.));
#6378=DIRECTION('',(0.,0.,1.));
#6379=DIRECTION('',(0.,1.,1.58093055188904E-16));
#6380=DIRECTION('',(-1.,0.,0.));
#6381=DIRECTION('',(0.,0.,1.));
#6382=DIRECTION('',(0.,0.,-1.));
#6383=DIRECTION('',(0.,-1.,-3.16186110377808E-16));
#6384=DIRECTION('',(-1.,0.,0.));
#6385=DIRECTION('',(0.,0.,1.));
#6386=DIRECTION('',(0.,0.,1.));
#6387=DIRECTION('',(0.,-5.9284895695839E-17,-1.));
#6388=DIRECTION('',(-1.,0.,0.));
#6389=DIRECTION('',(0.,0.,1.));
#6390=DIRECTION('',(0.,1.,0.));
#6391=DIRECTION('',(1.,0.,0.));
#6392=DIRECTION('',(0.,0.,-1.));
#6393=DIRECTION('',(1.,0.,0.));
#6394=DIRECTION('',(0.,0.,-1.));
#6395=DIRECTION('',(0.,1.,0.));
#6396=DIRECTION('',(0.,0.,-1.));
#6397=DIRECTION('',(0.,-1.,-1.58093055188904E-16));
#6398=DIRECTION('',(1.,0.,0.));
#6399=DIRECTION('',(0.,0.,-1.));
#6400=DIRECTION('',(0.,-5.9284895695839E-17,1.));
#6401=DIRECTION('',(1.,0.,0.));
#6402=DIRECTION('',(0.,0.,-1.));
#6403=DIRECTION('',(1.,0.,0.));
#6404=DIRECTION('',(0.,0.,-1.));
#6405=DIRECTION('',(0.,1.,3.16186110377808E-16));
#6406=DIRECTION('',(0.,0.,-1.));
#6407=DIRECTION('',(0.,-1.,0.));
#6408=DIRECTION('',(1.,0.,0.));
#6409=DIRECTION('',(0.,0.,-1.));
#6410=DIRECTION('',(0.,5.9284895695839E-17,1.));
#6411=DIRECTION('',(0.,0.,-1.));
#6412=DIRECTION('',(0.,-1.,0.));
#6413=DIRECTION('',(0.,0.,-1.));
#6414=DIRECTION('',(1.,0.,0.));
#6415=DIRECTION('',(-1.,0.,0.));
#6416=DIRECTION('',(0.,-1.,0.));
#6417=DIRECTION('',(0.,0.,-1.));
#6418=DIRECTION('',(1.,0.,0.));
#6419=DIRECTION('',(-1.,0.,0.));
#6420=DIRECTION('',(0.,-1.,0.));
#6421=DIRECTION('',(0.,0.,-1.));
#6422=DIRECTION('',(0.,0.,-1.));
#6423=DIRECTION('',(1.,0.,0.));
#6424=DIRECTION('',(-1.,0.,0.));
#6425=DIRECTION('',(0.,-1.,0.));
#6426=DIRECTION('',(0.,0.,-1.));
#6427=DIRECTION('',(0.,0.,-1.));
#6428=DIRECTION('',(1.,0.,0.));
#6429=DIRECTION('',(-1.,0.,0.));
#6430=DIRECTION('',(1.,0.,0.));
#6431=DIRECTION('',(0.,0.,-1.));
#6432=DIRECTION('',(1.,0.,0.));
#6433=DIRECTION('',(0.,0.,-1.));
#6434=DIRECTION('',(0.,1.,0.));
#6435=DIRECTION('',(0.,-1.,-1.58093055188904E-16));
#6436=DIRECTION('',(1.,0.,0.));
#6437=DIRECTION('',(0.,0.,-1.));
#6438=DIRECTION('',(0.,-5.9284895695839E-17,1.));
#6439=DIRECTION('',(1.,0.,0.));
#6440=DIRECTION('',(0.,0.,-1.));
#6441=DIRECTION('',(1.,0.,0.));
#6442=DIRECTION('',(0.,0.,-1.));
#6443=DIRECTION('',(0.,1.,3.16186110377808E-16));
#6444=DIRECTION('',(0.,-1.,0.));
#6445=DIRECTION('',(1.,0.,0.));
#6446=DIRECTION('',(0.,0.,-1.));
#6447=DIRECTION('',(0.,5.9284895695839E-17,1.));
#6448=DIRECTION('',(0.,0.,-1.));
#6449=DIRECTION('',(0.,1.,0.));
#6450=DIRECTION('',(0.,0.,1.));
#6451=DIRECTION('',(-1.,0.,0.));
#6452=DIRECTION('',(0.,1.,0.));
#6453=DIRECTION('',(0.,0.,1.));
#6454=DIRECTION('',(-1.,0.,0.));
#6455=DIRECTION('',(0.,1.,0.));
#6456=DIRECTION('',(0.,0.,1.));
#6457=DIRECTION('',(-1.,0.,0.));
#6458=DIRECTION('',(0.,1.,0.));
#6459=DIRECTION('',(0.,0.,1.));
#6460=DIRECTION('',(-1.,0.,0.));
#6461=DIRECTION('',(0.,1.,0.));
#6462=DIRECTION('',(0.,0.,1.));
#6463=DIRECTION('',(-1.,0.,0.));
#6464=DIRECTION('',(0.,1.,0.));
#6465=DIRECTION('',(0.,0.,1.));
#6466=DIRECTION('',(-1.,0.,0.));
#6467=DIRECTION('',(0.,1.,0.));
#6468=DIRECTION('',(0.,0.,1.));
#6469=DIRECTION('',(-1.,0.,0.));
#6470=DIRECTION('',(0.,1.,0.));
#6471=DIRECTION('',(0.,0.,1.));
#6472=DIRECTION('',(-1.,0.,0.));
#6473=DIRECTION('',(0.,1.,0.));
#6474=DIRECTION('',(0.,0.,1.));
#6475=DIRECTION('',(-1.,0.,0.));
#6476=DIRECTION('',(0.,1.,0.));
#6477=DIRECTION('',(0.,0.,1.));
#6478=DIRECTION('',(-1.,0.,0.));
#6479=DIRECTION('',(0.,0.,1.));
#6480=DIRECTION('',(1.,0.,0.));
#6481=DIRECTION('',(-1.,0.,0.));
#6482=DIRECTION('',(-1.,0.,0.));
#6483=DIRECTION('',(-1.,0.,0.));
#6484=DIRECTION('',(-1.,0.,0.));
#6485=DIRECTION('',(-1.,0.,0.));
#6486=DIRECTION('',(-1.,0.,0.));
#6487=DIRECTION('',(-1.,0.,0.));
#6488=DIRECTION('',(-1.,0.,0.));
#6489=DIRECTION('',(-1.,0.,0.));
#6490=DIRECTION('',(-1.,0.,0.));
#6491=DIRECTION('',(-1.,0.,0.));
#6492=DIRECTION('',(-1.,0.,0.));
#6493=DIRECTION('',(0.,0.,1.));
#6494=DIRECTION('',(-1.,0.,0.));
#6495=DIRECTION('',(0.,1.,-5.9284895695839E-17));
#6496=DIRECTION('',(0.,5.9284895695839E-17,1.));
#6497=DIRECTION('',(-1.,0.,0.));
#6498=DIRECTION('',(0.,0.,1.));
#6499=DIRECTION('',(-1.,0.,0.));
#6500=DIRECTION('',(0.,1.,-5.9284895695839E-17));
#6501=DIRECTION('',(0.,5.9284895695839E-17,1.));
#6502=DIRECTION('',(-1.,0.,0.));
#6503=DIRECTION('',(0.,0.,1.));
#6504=DIRECTION('',(-1.,0.,0.));
#6505=DIRECTION('',(0.,1.,-5.9284895695839E-17));
#6506=DIRECTION('',(0.,5.9284895695839E-17,1.));
#6507=DIRECTION('',(-1.,0.,0.));
#6508=DIRECTION('',(0.,0.,1.));
#6509=DIRECTION('',(-1.,0.,0.));
#6510=DIRECTION('',(0.,1.,-5.9284895695839E-17));
#6511=DIRECTION('',(0.,5.9284895695839E-17,1.));
#6512=DIRECTION('',(-1.,0.,0.));
#6513=DIRECTION('',(0.,0.,1.));
#6514=DIRECTION('',(-1.,0.,0.));
#6515=DIRECTION('',(0.,1.,-5.9284895695839E-17));
#6516=DIRECTION('',(0.,5.9284895695839E-17,1.));
#6517=DIRECTION('',(-1.,0.,0.));
#6518=DIRECTION('',(0.,0.,1.));
#6519=DIRECTION('',(-1.,0.,0.));
#6520=DIRECTION('',(0.,1.,-5.9284895695839E-17));
#6521=DIRECTION('',(0.,5.9284895695839E-17,1.));
#6522=DIRECTION('',(-1.,0.,0.));
#6523=DIRECTION('',(0.,0.,1.));
#6524=DIRECTION('',(-1.,0.,0.));
#6525=DIRECTION('',(0.,1.,-5.9284895695839E-17));
#6526=DIRECTION('',(0.,5.9284895695839E-17,1.));
#6527=DIRECTION('',(-1.,0.,0.));
#6528=DIRECTION('',(0.,0.,1.));
#6529=DIRECTION('',(-1.,0.,0.));
#6530=DIRECTION('',(0.,1.,-5.9284895695839E-17));
#6531=DIRECTION('',(0.,5.9284895695839E-17,1.));
#6532=DIRECTION('',(-1.,0.,0.));
#6533=DIRECTION('',(0.,0.,1.));
#6534=DIRECTION('',(-1.,0.,0.));
#6535=DIRECTION('',(0.,1.,-5.9284895695839E-17));
#6536=DIRECTION('',(0.,5.9284895695839E-17,1.));
#6537=DIRECTION('',(-1.,0.,0.));
#6538=DIRECTION('',(0.,0.,1.));
#6539=DIRECTION('',(-1.,0.,0.));
#6540=DIRECTION('',(0.,1.,-5.9284895695839E-17));
#6541=DIRECTION('',(0.,5.9284895695839E-17,1.));
#6542=DIRECTION('',(0.,-1.,0.));
#6543=DIRECTION('',(0.,0.,-1.));
#6544=DIRECTION('',(0.,-1.58093055188904E-16,1.));
#6545=DIRECTION('',(0.,-1.,-1.58093055188904E-16));
#6546=DIRECTION('',(-1.,0.,0.));
#6547=DIRECTION('',(-1.,0.,0.));
#6548=DIRECTION('',(-1.,0.,0.));
#6549=DIRECTION('',(-1.,0.,0.));
#6550=DIRECTION('',(-1.,0.,0.));
#6551=DIRECTION('',(-1.,0.,0.));
#6552=DIRECTION('',(-1.,0.,0.));
#6553=DIRECTION('',(-1.,0.,0.));
#6554=DIRECTION('',(-1.,0.,0.));
#6555=DIRECTION('',(-1.,0.,0.));
#6556=DIRECTION('',(-1.,0.,0.));
#6557=DIRECTION('',(-1.,0.,0.));
#6558=DIRECTION('',(0.,0.,1.));
#6559=DIRECTION('',(-1.,0.,0.));
#6560=DIRECTION('',(0.,0.,1.));
#6561=DIRECTION('',(-1.,0.,0.));
#6562=DIRECTION('',(0.,0.,1.));
#6563=DIRECTION('',(-1.,0.,0.));
#6564=DIRECTION('',(0.,0.,1.));
#6565=DIRECTION('',(-1.,0.,0.));
#6566=DIRECTION('',(0.,0.,1.));
#6567=DIRECTION('',(-1.,0.,0.));
#6568=DIRECTION('',(0.,0.,1.));
#6569=DIRECTION('',(-1.,0.,0.));
#6570=DIRECTION('',(0.,0.,1.));
#6571=DIRECTION('',(-1.,0.,0.));
#6572=DIRECTION('',(0.,0.,1.));
#6573=DIRECTION('',(-1.,0.,0.));
#6574=DIRECTION('',(0.,0.,1.));
#6575=DIRECTION('',(-1.,0.,0.));
#6576=DIRECTION('',(0.,0.,1.));
#6577=DIRECTION('',(-1.,0.,0.));
#6578=DIRECTION('',(0.,0.,1.));
#6579=DIRECTION('',(-1.,0.,0.));
#6580=DIRECTION('',(0.,3.16186110377808E-16,-1.));
#6581=DIRECTION('',(0.,1.,3.16186110377808E-16));
#6582=DIRECTION('',(-1.,0.,0.));
#6583=DIRECTION('',(-1.,0.,0.));
#6584=DIRECTION('',(-1.,0.,0.));
#6585=DIRECTION('',(-1.,0.,0.));
#6586=DIRECTION('',(-1.,0.,0.));
#6587=DIRECTION('',(-1.,0.,0.));
#6588=DIRECTION('',(-1.,0.,0.));
#6589=DIRECTION('',(-1.,0.,0.));
#6590=DIRECTION('',(-1.,0.,0.));
#6591=DIRECTION('',(-1.,0.,0.));
#6592=DIRECTION('',(-1.,0.,0.));
#6593=DIRECTION('',(0.,0.,1.));
#6594=DIRECTION('',(-1.,0.,0.));
#6595=DIRECTION('',(0.,0.,1.));
#6596=DIRECTION('',(-1.,0.,0.));
#6597=DIRECTION('',(0.,0.,1.));
#6598=DIRECTION('',(-1.,0.,0.));
#6599=DIRECTION('',(0.,0.,1.));
#6600=DIRECTION('',(-1.,0.,0.));
#6601=DIRECTION('',(0.,0.,1.));
#6602=DIRECTION('',(-1.,0.,0.));
#6603=DIRECTION('',(0.,0.,1.));
#6604=DIRECTION('',(-1.,0.,0.));
#6605=DIRECTION('',(0.,0.,1.));
#6606=DIRECTION('',(-1.,0.,0.));
#6607=DIRECTION('',(0.,0.,1.));
#6608=DIRECTION('',(-1.,0.,0.));
#6609=DIRECTION('',(0.,0.,1.));
#6610=DIRECTION('',(0.,-1.,1.0671281225251E-16));
#6611=DIRECTION('',(0.,-1.0671281225251E-16,-1.));
#6612=DIRECTION('',(-1.,0.,0.));
#6613=DIRECTION('',(0.,0.,1.));
#6614=DIRECTION('',(-1.,0.,0.));
#6615=DIRECTION('',(-1.,0.,0.));
#6616=DIRECTION('',(-1.,0.,0.));
#6617=DIRECTION('',(0.,0.,1.));
#6618=DIRECTION('',(-1.,0.,0.));
#6619=DIRECTION('',(-1.,0.,0.));
#6620=DIRECTION('',(-1.,0.,0.));
#6621=DIRECTION('',(0.,0.,1.));
#6622=DIRECTION('',(-1.,0.,0.));
#6623=DIRECTION('',(-1.,0.,0.));
#6624=DIRECTION('',(-1.,0.,0.));
#6625=DIRECTION('',(0.,0.,1.));
#6626=DIRECTION('',(-1.,0.,0.));
#6627=DIRECTION('',(-1.,0.,0.));
#6628=DIRECTION('',(-1.,0.,0.));
#6629=DIRECTION('',(0.,0.,1.));
#6630=DIRECTION('',(-1.,0.,0.));
#6631=DIRECTION('',(-1.,0.,0.));
#6632=DIRECTION('',(-1.,0.,0.));
#6633=DIRECTION('',(0.,0.,1.));
#6634=DIRECTION('',(-1.,0.,0.));
#6635=DIRECTION('',(-1.,0.,0.));
#6636=DIRECTION('',(-1.,0.,0.));
#6637=DIRECTION('',(0.,0.,1.));
#6638=DIRECTION('',(-1.,0.,0.));
#6639=DIRECTION('',(-1.,0.,0.));
#6640=DIRECTION('',(-1.,0.,0.));
#6641=DIRECTION('',(0.,0.,1.));
#6642=DIRECTION('',(-1.,0.,0.));
#6643=DIRECTION('',(-1.,0.,0.));
#6644=DIRECTION('',(-1.,0.,0.));
#6645=DIRECTION('',(0.,0.,1.));
#6646=DIRECTION('',(-1.,0.,0.));
#6647=DIRECTION('',(-1.,0.,0.));
#6648=DIRECTION('',(0.,1.,5.9284895695839E-17));
#6649=DIRECTION('',(0.,-5.9284895695839E-17,1.));
#6650=DIRECTION('',(-1.,0.,0.));
#6651=DIRECTION('',(0.,1.,5.9284895695839E-17));
#6652=DIRECTION('',(0.,-5.9284895695839E-17,1.));
#6653=DIRECTION('',(0.,1.,5.9284895695839E-17));
#6654=DIRECTION('',(0.,-5.9284895695839E-17,1.));
#6655=DIRECTION('',(0.,1.,5.9284895695839E-17));
#6656=DIRECTION('',(0.,-5.9284895695839E-17,1.));
#6657=DIRECTION('',(0.,1.,5.9284895695839E-17));
#6658=DIRECTION('',(0.,-5.9284895695839E-17,1.));
#6659=DIRECTION('',(0.,1.,5.9284895695839E-17));
#6660=DIRECTION('',(0.,-5.9284895695839E-17,1.));
#6661=DIRECTION('',(0.,1.,5.9284895695839E-17));
#6662=DIRECTION('',(0.,-5.9284895695839E-17,1.));
#6663=DIRECTION('',(0.,1.,5.9284895695839E-17));
#6664=DIRECTION('',(0.,-5.9284895695839E-17,1.));
#6665=DIRECTION('',(0.,1.,5.9284895695839E-17));
#6666=DIRECTION('',(0.,-5.9284895695839E-17,1.));
#6667=DIRECTION('',(0.,-1.,0.));
#6668=DIRECTION('',(0.,0.,-1.));
#6669=DIRECTION('',(-1.,0.,0.));
#6670=DIRECTION('',(0.,0.,-1.));
#6671=DIRECTION('',(-1.,0.,0.));
#6672=DIRECTION('',(-1.,0.,0.));
#6673=DIRECTION('',(-1.,0.,0.));
#6674=DIRECTION('',(0.,0.,1.));
#6675=DIRECTION('',(0.,1.,5.9284895695839E-17));
#6676=DIRECTION('',(0.,-5.9284895695839E-17,1.));
#6677=DIRECTION('',(0.,1.,2.83856080591677E-17));
#6678=DIRECTION('',(0.,-2.83856080591677E-17,1.));
#6679=DIRECTION('',(0.,0.,1.));
#6680=DIRECTION('',(1.,0.,0.));
#6681=CARTESIAN_POINT('',(0.,0.,0.));
#6682=CARTESIAN_POINT('',(0.,0.,0.));
#6683=CARTESIAN_POINT('',(0.2875,0.,0.));
#6684=CARTESIAN_POINT('',(0.2625,0.,0.));
#6685=CARTESIAN_POINT('',(0.3125,0.,0.));
#6686=CARTESIAN_POINT('',(0.2625,0.,0.1125));
#6687=CARTESIAN_POINT('',(0.2625,0.,-0.1125));
#6688=CARTESIAN_POINT('',(0.2875,0.,-0.1125));
#6689=CARTESIAN_POINT('',(0.2875,0.,-0.1125));
#6690=CARTESIAN_POINT('',(0.3125,0.,-0.0875));
#6691=CARTESIAN_POINT('',(0.3125,0.,-0.0875));
#6692=CARTESIAN_POINT('',(0.3125,0.,0.0875));
#6693=CARTESIAN_POINT('',(0.,0.,0.));
#6694=CARTESIAN_POINT('',(-0.2875,0.,0.));
#6695=CARTESIAN_POINT('',(-0.3125,0.,0.));
#6696=CARTESIAN_POINT('',(-0.2625,0.,0.));
#6697=CARTESIAN_POINT('',(-0.3125,0.,-0.1125));
#6698=CARTESIAN_POINT('',(-0.3125,0.,-0.1125));
#6699=CARTESIAN_POINT('',(0.2875,0.,-0.1125));
#6700=CARTESIAN_POINT('',(-0.2625,0.,-0.1125));
#6701=CARTESIAN_POINT('',(-0.2625,0.,0.1125));
#6702=CARTESIAN_POINT('',(0.3125,0.316,-0.0375));
#6703=CARTESIAN_POINT('',(-0.2625,0.316,-0.0375));
#6704=CARTESIAN_POINT('',(-0.2625,0.205,-0.0375));
#6705=CARTESIAN_POINT('',(-0.2625,0.124,-0.0375));
#6706=CARTESIAN_POINT('',(0.3125,0.205,-0.0375));
#6707=CARTESIAN_POINT('',(-0.3125,0.205,-0.0375));
#6708=CARTESIAN_POINT('',(-0.3125,0.316,-0.0375));
#6709=CARTESIAN_POINT('',(-0.3125,0.124,-0.0375));
#6710=CARTESIAN_POINT('',(0.3125,0.124,-0.0375));
#6711=CARTESIAN_POINT('',(-0.3125,0.316,0.0375));
#6712=CARTESIAN_POINT('',(-0.3125,0.316,0.0375));
#6713=CARTESIAN_POINT('',(-0.3125,0.205,0.0375));
#6714=CARTESIAN_POINT('',(-0.3125,0.124,0.0375));
#6715=CARTESIAN_POINT('',(0.3125,0.205,0.0375));
#6716=CARTESIAN_POINT('',(-0.2625,0.205,0.0375));
#6717=CARTESIAN_POINT('',(-0.2625,0.316,0.0375));
#6718=CARTESIAN_POINT('',(-0.2625,0.124,0.0375));
#6719=CARTESIAN_POINT('',(-0.3125,0.124,0.0375));
#6720=CARTESIAN_POINT('',(0.,0.22,0.));
#6721=CARTESIAN_POINT('',(0.1525,0.22,-0.0875));
#6722=CARTESIAN_POINT('',(0.1525,0.22,-0.0875));
#6723=CARTESIAN_POINT('',(0.1525,0.22,-0.0825));
#6724=CARTESIAN_POINT('',(0.2775,0.22,-0.0875));
#6725=CARTESIAN_POINT('',(0.2775,0.22,-0.0875));
#6726=CARTESIAN_POINT('',(0.2775,0.22,0.0675));
#6727=CARTESIAN_POINT('',(0.2775,0.22,-0.0525));
#6728=CARTESIAN_POINT('',(0.3125,0.22,-0.0525));
#6729=CARTESIAN_POINT('',(0.3125,0.22,-0.0525));
#6730=CARTESIAN_POINT('',(0.3125,0.22,0.0875));
#6731=CARTESIAN_POINT('',(0.3125,0.22,-0.0875));
#6732=CARTESIAN_POINT('',(0.3125,0.22,-0.0875));
#6733=CARTESIAN_POINT('',(0.2875,0.22,-0.1125));
#6734=CARTESIAN_POINT('',(0.2875,0.22,-0.1125));
#6735=CARTESIAN_POINT('',(-0.3125,0.22,-0.1125));
#6736=CARTESIAN_POINT('',(-0.3125,0.22,-0.1125));
#6737=CARTESIAN_POINT('',(-0.3125,0.22,-0.0525));
#6738=CARTESIAN_POINT('',(0.3125,0.22,-0.0525));
#6739=CARTESIAN_POINT('',(-0.2775,0.22,-0.0525));
#6740=CARTESIAN_POINT('',(-0.2775,0.22,-0.0675));
#6741=CARTESIAN_POINT('',(-0.2775,0.22,-0.0825));
#6742=CARTESIAN_POINT('',(0.2625,0.22,-0.0825));
#6743=CARTESIAN_POINT('',(0.,0.22,0.));
#6744=CARTESIAN_POINT('',(0.3125,0.22,0.0875));
#6745=CARTESIAN_POINT('',(0.3125,0.22,0.0875));
#6746=CARTESIAN_POINT('',(0.3125,0.22,0.0525));
#6747=CARTESIAN_POINT('',(0.3125,0.22,0.0525));
#6748=CARTESIAN_POINT('',(0.2775,0.22,0.0525));
#6749=CARTESIAN_POINT('',(0.2775,0.22,0.0675));
#6750=CARTESIAN_POINT('',(0.2775,0.22,0.0825));
#6751=CARTESIAN_POINT('',(-0.2625,0.22,0.0825));
#6752=CARTESIAN_POINT('',(-0.2775,0.22,0.0825));
#6753=CARTESIAN_POINT('',(-0.2775,0.22,-0.0675));
#6754=CARTESIAN_POINT('',(-0.2775,0.22,0.0525));
#6755=CARTESIAN_POINT('',(0.3125,0.22,0.0525));
#6756=CARTESIAN_POINT('',(-0.3125,0.22,0.0525));
#6757=CARTESIAN_POINT('',(-0.3125,0.22,-0.1125));
#6758=CARTESIAN_POINT('',(-0.3125,0.22,0.1125));
#6759=CARTESIAN_POINT('',(-0.3125,0.22,0.1125));
#6760=CARTESIAN_POINT('',(0.2875,0.22,0.1125));
#6761=CARTESIAN_POINT('',(0.2875,0.22,0.1125));
#6762=CARTESIAN_POINT('',(-0.3125,0.22,-0.1125));
#6763=CARTESIAN_POINT('',(-0.3125,0.22,0.0525));
#6764=CARTESIAN_POINT('',(-0.3125,0.124,-0.0375));
#6765=CARTESIAN_POINT('',(-0.3125,0.205,-0.0375));
#6766=CARTESIAN_POINT('',(-0.3125,0.22,-0.1125));
#6767=CARTESIAN_POINT('',(-0.3125,0.,-0.1125));
#6768=CARTESIAN_POINT('',(-0.3125,0.,0.1125));
#6769=CARTESIAN_POINT('',(-0.3125,0.22,0.1125));
#6770=CARTESIAN_POINT('',(0.3125,0.22,0.0875));
#6771=CARTESIAN_POINT('',(0.3125,0.22,0.0525));
#6772=CARTESIAN_POINT('',(0.3125,0.205,0.0375));
#6773=CARTESIAN_POINT('',(0.3125,0.22,0.0875));
#6774=CARTESIAN_POINT('',(0.3125,0.,0.0875));
#6775=CARTESIAN_POINT('',(0.3125,0.,0.0875));
#6776=CARTESIAN_POINT('',(0.3125,0.22,-0.0875));
#6777=CARTESIAN_POINT('',(0.3125,0.205,-0.0375));
#6778=CARTESIAN_POINT('',(0.3125,0.205,-0.0375));
#6779=CARTESIAN_POINT('',(0.3125,0.316,-0.0375));
#6780=CARTESIAN_POINT('',(0.3125,0.124,-0.0375));
#6781=CARTESIAN_POINT('',(0.3125,0.124,0.0375));
#6782=CARTESIAN_POINT('',(0.3125,0.124,0.0375));
#6783=CARTESIAN_POINT('',(0.3125,0.316,0.0375));
#6784=CARTESIAN_POINT('',(-0.2625,0.205,-0.0675));
#6785=CARTESIAN_POINT('',(-0.2725,0.215,-0.0475));
#6786=CARTESIAN_POINT('',(-0.2625,0.205,-0.0675));
#6787=CARTESIAN_POINT('',(-0.2625,0.205,-0.0675));
#6788=CARTESIAN_POINT('',(-0.2625,0.205,-0.0675));
#6789=CARTESIAN_POINT('',(-0.2625,0.205,-0.0675));
#6790=CARTESIAN_POINT('',(-0.2625,0.205,-0.0675));
#6791=CARTESIAN_POINT('',(-0.2625,0.205,0.0675));
#6792=CARTESIAN_POINT('',(-0.2275,0.17,0.00250000000000004));
#6793=CARTESIAN_POINT('',(-0.2625,0.205,0.0675));
#6794=CARTESIAN_POINT('',(0.2625,0.205,0.0675));
#6795=CARTESIAN_POINT('',(0.2625,0.205,0.0675));
#6796=CARTESIAN_POINT('',(0.2625,0.205,-0.0375));
#6797=CARTESIAN_POINT('',(0.2625,0.205,-0.0875));
#6798=CARTESIAN_POINT('',(0.2275,0.17,-0.00250000000000004));
#6799=CARTESIAN_POINT('',(0.2625,0.205,-0.0875));
#6800=CARTESIAN_POINT('',(0.2625,0.205,0.0675));
#6801=CARTESIAN_POINT('',(0.2725,0.215,0.0475));
#6802=CARTESIAN_POINT('',(0.2625,0.205,0.0375));
#6803=CARTESIAN_POINT('',(0.2625,0.205,0.0675));
#6804=CARTESIAN_POINT('',(0.2625,0.205,0.0675));
#6805=CARTESIAN_POINT('',(0.2625,0.205,0.0675));
#6806=CARTESIAN_POINT('',(0.3125,0.316,-0.0375));
#6807=CARTESIAN_POINT('',(0.3125,0.205,-0.0375));
#6808=CARTESIAN_POINT('',(0.2625,0.316,-0.0375));
#6809=CARTESIAN_POINT('',(0.2625,0.124,-0.0375));
#6810=CARTESIAN_POINT('',(0.3125,0.124,-0.0375));
#6811=CARTESIAN_POINT('',(-0.3125,0.316,0.0375));
#6812=CARTESIAN_POINT('',(0.2625,0.316,0.0375));
#6813=CARTESIAN_POINT('',(0.2625,0.124,0.0375));
#6814=CARTESIAN_POINT('',(0.3125,0.205,0.0375));
#6815=CARTESIAN_POINT('',(-0.3125,0.124,0.0375));
#6816=CARTESIAN_POINT('',(0.,0.124,0.));
#6817=CARTESIAN_POINT('',(-0.2625,0.124,0.));
#6818=CARTESIAN_POINT('',(0.,0.,0.));
#6819=CARTESIAN_POINT('',(-0.2875,0.,0.));
#6820=CARTESIAN_POINT('',(-0.2625,0.,0.1125));
#6821=CARTESIAN_POINT('',(-0.2625,0.,0.1125));
#6822=CARTESIAN_POINT('',(-0.3125,0.,0.1125));
#6823=CARTESIAN_POINT('',(0.2875,0.22,-0.1125));
#6824=CARTESIAN_POINT('',(0.2625,0.,-0.1125));
#6825=CARTESIAN_POINT('',(0.2625,0.06,-0.1125));
#6826=CARTESIAN_POINT('',(0.2625,0.06,-0.1125));
#6827=CARTESIAN_POINT('',(-0.2625,0.06,-0.1125));
#6828=CARTESIAN_POINT('',(-0.2625,0.,-0.1125));
#6829=CARTESIAN_POINT('',(0.2875,0.22,-0.1125));
#6830=CARTESIAN_POINT('',(-0.3125,0.22,0.1125));
#6831=CARTESIAN_POINT('',(0.2625,0.06,0.1125));
#6832=CARTESIAN_POINT('',(0.2625,0.06,0.1125));
#6833=CARTESIAN_POINT('',(-0.2625,0.06,0.1125));
#6834=CARTESIAN_POINT('',(0.2625,0.06,0.1125));
#6835=CARTESIAN_POINT('',(0.2625,8.53702498020082E-18,0.1125));
#6836=CARTESIAN_POINT('',(-0.3125,0.,0.1125));
#6837=CARTESIAN_POINT('',(0.2875,0.,0.1125));
#6838=CARTESIAN_POINT('',(0.2875,0.22,0.1125));
#6839=CARTESIAN_POINT('',(-0.2625,0.06,0.1125));
#6840=CARTESIAN_POINT('',(0.2875,0.22,0.1125));
#6841=CARTESIAN_POINT('',(0.2875,0.,0.1125));
#6842=CARTESIAN_POINT('',(0.3125,0.22,-0.0875));
#6843=CARTESIAN_POINT('',(0.,0.,0.));
#6844=CARTESIAN_POINT('',(0.2875,0.,0.));
#6845=CARTESIAN_POINT('',(0.2625,0.,0.1125));
#6846=CARTESIAN_POINT('',(0.2625,0.205,-0.0675));
#6847=CARTESIAN_POINT('',(0.1525,0.205,-0.0675));
#6848=CARTESIAN_POINT('',(0.1525,0.205,-0.0675));
#6849=CARTESIAN_POINT('',(0.2625,0.205,-0.0675));
#6850=CARTESIAN_POINT('',(-0.2625,0.205,0.0675));
#6851=CARTESIAN_POINT('',(-0.2625,0.205,0.0675));
#6852=CARTESIAN_POINT('',(0.2625,0.02,0.0425));
#6853=CARTESIAN_POINT('',(-0.2625,0.02,0.0425));
#6854=CARTESIAN_POINT('',(-0.2625,0.02,0.0425));
#6855=CARTESIAN_POINT('',(0.2625,0.02,0.0425));
#6856=CARTESIAN_POINT('',(0.2625,0.02,0.0425));
#6857=CARTESIAN_POINT('',(0.2625,0.02,0.0425));
#6858=CARTESIAN_POINT('',(0.2625,0.06,-0.1125));
#6859=CARTESIAN_POINT('',(-0.2625,0.06,-0.1125));
#6860=CARTESIAN_POINT('',(-0.2625,0.02,-0.0425));
#6861=CARTESIAN_POINT('',(0.2625,0.06,-0.1125));
#6862=CARTESIAN_POINT('',(0.2625,0.02,-0.0425));
#6863=CARTESIAN_POINT('',(0.2625,0.02,-0.0425));
#6864=CARTESIAN_POINT('',(0.2625,0.02,-0.0425));
#6865=CARTESIAN_POINT('',(-0.2625,0.02,-0.0425));
#6866=CARTESIAN_POINT('',(0.2625,0.02,-0.0425));
#6867=CARTESIAN_POINT('',(0.2625,0.,0.));
#6868=CARTESIAN_POINT('',(-0.2625,0.,0.));
#6869=CARTESIAN_POINT('',(0.,0.124,0.));
#6870=CARTESIAN_POINT('',(0.2625,0.124,0.));
#6871=CARTESIAN_POINT('',(0.2625,0.0565,-0.0675));
#6872=CARTESIAN_POINT('',(0.2625,0.0565,-0.0675));
#6873=CARTESIAN_POINT('',(0.1525,0.0565,-0.0675));
#6874=CARTESIAN_POINT('',(-0.2625,0.0565,-0.0675));
#6875=CARTESIAN_POINT('',(0.1525,0.0565,-0.0675));
#6876=CARTESIAN_POINT('',(-0.2625,0.0565,-0.0675));
#6877=CARTESIAN_POINT('',(-0.2625,0.0565,-0.0675));
#6878=CARTESIAN_POINT('',(-0.2625,0.0565,0.0675));
#6879=CARTESIAN_POINT('',(-0.2625,0.0565,0.0675));
#6880=CARTESIAN_POINT('',(-0.2625,0.0565,-0.0675));
#6881=CARTESIAN_POINT('',(-0.2625,0.0565,0.0675));
#6882=CARTESIAN_POINT('',(0.2625,0.0565,0.0675));
#6883=CARTESIAN_POINT('',(0.2625,0.0565,0.0675));
#6884=CARTESIAN_POINT('',(-0.2625,0.0565,0.0675));
#6885=CARTESIAN_POINT('',(0.2625,0.0565,0.0675));
#6886=CARTESIAN_POINT('',(0.2625,0.0565,-0.0875));
#6887=CARTESIAN_POINT('',(0.2625,0.0565,-0.0875));
#6888=CARTESIAN_POINT('',(0.2625,0.0565,0.0675));
#6889=CARTESIAN_POINT('',(0.,0.0565,0.));
#6890=CARTESIAN_POINT('',(0.1525,0.0565,-0.0875));
#6891=CARTESIAN_POINT('',(0.1525,0.0565,-0.0875));
#6892=CARTESIAN_POINT('',(0.1525,0.0565,-0.0875));
#6893=CARTESIAN_POINT('',(0.3125,0.22,0.0525));
#6894=CARTESIAN_POINT('',(0.3125,0.205,-0.0375));
#6895=CARTESIAN_POINT('',(0.3125,0.22,0.0525));
#6896=CARTESIAN_POINT('',(0.3125,0.205,-0.0375));
#6897=CARTESIAN_POINT('',(0.1525,0.22,-0.0875));
#6898=CARTESIAN_POINT('',(0.1525,0.22,-0.0875));
#6899=CARTESIAN_POINT('',(0.,0.,-0.0875));
#6900=CARTESIAN_POINT('',(-0.2875,-0.045,0.));
#6901=CARTESIAN_POINT('',(-0.2875,-0.02,0.));
#6902=CARTESIAN_POINT('',(-0.2875,-0.02,-0.025));
#6903=CARTESIAN_POINT('',(-0.2875,-0.02,0.));
#6904=CARTESIAN_POINT('',(0.2875,-0.0199999999999999,0.));
#6905=CARTESIAN_POINT('',(0.2875,-0.02,0.));
#6906=CARTESIAN_POINT('',(0.2875,-0.02,-0.025));
#6907=CARTESIAN_POINT('',(0.2875,-0.045,0.));
#6908=CARTESIAN_POINT('',(0.,0.,0.));
#6909=CARTESIAN_POINT('',(-0.25,0.1875,-0.0425));
#6910=CARTESIAN_POINT('',(-0.25,0.0324999999999994,-0.0425));
#6911=CARTESIAN_POINT('',(-0.25,0.0324999999999995,0.035));
#6912=CARTESIAN_POINT('',(-0.25,0.0324999999999994,-0.035));
#6913=CARTESIAN_POINT('',(-0.25,0.031,0.035));
#6914=CARTESIAN_POINT('',(-0.25,0.035,0.035));
#6915=CARTESIAN_POINT('',(-0.25,0.035,-0.2));
#6916=CARTESIAN_POINT('',(-0.25,0.035,-0.035));
#6917=CARTESIAN_POINT('',(-0.25,0.04,-0.035));
#6918=CARTESIAN_POINT('',(0.25,0.1875,0.0425));
#6919=CARTESIAN_POINT('',(0.25,0.0324999999999994,0.0425));
#6920=CARTESIAN_POINT('',(0.25,0.0324999999999994,-0.035));
#6921=CARTESIAN_POINT('',(0.25,0.0324999999999994,0.035));
#6922=CARTESIAN_POINT('',(0.25,0.04,-0.035));
#6923=CARTESIAN_POINT('',(0.25,0.035,-0.035));
#6924=CARTESIAN_POINT('',(0.25,0.035,0.2));
#6925=CARTESIAN_POINT('',(0.25,0.035,0.035));
#6926=CARTESIAN_POINT('',(0.25,0.031,0.035));
#6927=CARTESIAN_POINT('',(0.25,0.031,0.035));
#6928=CARTESIAN_POINT('',(0.25,0.0324999999999994,0.035));
#6929=CARTESIAN_POINT('',(0.,0.035,0.035));
#6930=CARTESIAN_POINT('',(0.25,0.04,-0.035));
#6931=CARTESIAN_POINT('',(0.25,0.0324999999999994,-0.035));
#6932=CARTESIAN_POINT('',(0.,0.035,-0.035));
#6933=CARTESIAN_POINT('',(0.,0.035,0.));
#6934=CARTESIAN_POINT('',(-0.225,0.035,0.025));
#6935=CARTESIAN_POINT('',(-0.216,0.035,0.025));
#6936=CARTESIAN_POINT('',(-0.225,0.035,-0.025));
#6937=CARTESIAN_POINT('',(-0.216,0.035,-0.025));
#6938=CARTESIAN_POINT('',(-0.175,0.035,0.025));
#6939=CARTESIAN_POINT('',(-0.166,0.035,0.025));
#6940=CARTESIAN_POINT('',(-0.175,0.035,-0.025));
#6941=CARTESIAN_POINT('',(-0.166,0.035,-0.025));
#6942=CARTESIAN_POINT('',(-0.125,0.035,0.025));
#6943=CARTESIAN_POINT('',(-0.116,0.035,0.025));
#6944=CARTESIAN_POINT('',(-0.125,0.035,-0.025));
#6945=CARTESIAN_POINT('',(-0.116,0.035,-0.025));
#6946=CARTESIAN_POINT('',(-0.075,0.035,0.025));
#6947=CARTESIAN_POINT('',(-0.066,0.035,0.025));
#6948=CARTESIAN_POINT('',(-0.075,0.035,-0.025));
#6949=CARTESIAN_POINT('',(-0.066,0.035,-0.025));
#6950=CARTESIAN_POINT('',(-0.025,0.035,0.025));
#6951=CARTESIAN_POINT('',(-0.016,0.035,0.025));
#6952=CARTESIAN_POINT('',(-0.025,0.035,-0.025));
#6953=CARTESIAN_POINT('',(-0.016,0.035,-0.025));
#6954=CARTESIAN_POINT('',(0.025,0.035,0.025));
#6955=CARTESIAN_POINT('',(0.034,0.035,0.025));
#6956=CARTESIAN_POINT('',(0.025,0.035,-0.025));
#6957=CARTESIAN_POINT('',(0.034,0.035,-0.025));
#6958=CARTESIAN_POINT('',(0.075,0.035,0.025));
#6959=CARTESIAN_POINT('',(0.084,0.035,0.025));
#6960=CARTESIAN_POINT('',(0.075,0.035,-0.025));
#6961=CARTESIAN_POINT('',(0.084,0.035,-0.025));
#6962=CARTESIAN_POINT('',(0.125,0.035,0.025));
#6963=CARTESIAN_POINT('',(0.134,0.035,0.025));
#6964=CARTESIAN_POINT('',(0.125,0.035,-0.025));
#6965=CARTESIAN_POINT('',(0.134,0.035,-0.025));
#6966=CARTESIAN_POINT('',(0.175,0.035,0.025));
#6967=CARTESIAN_POINT('',(0.184,0.035,0.025));
#6968=CARTESIAN_POINT('',(0.175,0.035,-0.025));
#6969=CARTESIAN_POINT('',(0.184,0.035,-0.025));
#6970=CARTESIAN_POINT('',(0.225,0.035,0.025));
#6971=CARTESIAN_POINT('',(0.234,0.035,0.025));
#6972=CARTESIAN_POINT('',(0.225,0.035,-0.025));
#6973=CARTESIAN_POINT('',(0.234,0.035,-0.025));
#6974=CARTESIAN_POINT('',(0.225,0.255,-0.025));
#6975=CARTESIAN_POINT('',(0.225,0.1875,-0.025));
#6976=CARTESIAN_POINT('',(0.225,0.1875,-0.016));
#6977=CARTESIAN_POINT('',(0.225,0.255,0.025));
#6978=CARTESIAN_POINT('',(0.225,0.1875,0.025));
#6979=CARTESIAN_POINT('',(0.225,0.1875,0.034));
#6980=CARTESIAN_POINT('',(0.175,0.255,-0.025));
#6981=CARTESIAN_POINT('',(0.175,0.1875,-0.025));
#6982=CARTESIAN_POINT('',(0.175,0.1875,-0.016));
#6983=CARTESIAN_POINT('',(0.175,0.255,0.025));
#6984=CARTESIAN_POINT('',(0.175,0.1875,0.025));
#6985=CARTESIAN_POINT('',(0.175,0.1875,0.034));
#6986=CARTESIAN_POINT('',(0.125,0.255,-0.025));
#6987=CARTESIAN_POINT('',(0.125,0.1875,-0.025));
#6988=CARTESIAN_POINT('',(0.125,0.1875,-0.016));
#6989=CARTESIAN_POINT('',(0.125,0.255,0.025));
#6990=CARTESIAN_POINT('',(0.125,0.1875,0.025));
#6991=CARTESIAN_POINT('',(0.125,0.1875,0.034));
#6992=CARTESIAN_POINT('',(0.075,0.255,-0.025));
#6993=CARTESIAN_POINT('',(0.075,0.1875,-0.025));
#6994=CARTESIAN_POINT('',(0.075,0.1875,-0.016));
#6995=CARTESIAN_POINT('',(0.075,0.255,0.025));
#6996=CARTESIAN_POINT('',(0.075,0.1875,0.025));
#6997=CARTESIAN_POINT('',(0.075,0.1875,0.034));
#6998=CARTESIAN_POINT('',(0.025,0.255,-0.025));
#6999=CARTESIAN_POINT('',(0.025,0.1875,-0.025));
#7000=CARTESIAN_POINT('',(0.025,0.1875,-0.016));
#7001=CARTESIAN_POINT('',(0.025,0.255,0.025));
#7002=CARTESIAN_POINT('',(0.025,0.1875,0.025));
#7003=CARTESIAN_POINT('',(0.025,0.1875,0.034));
#7004=CARTESIAN_POINT('',(-0.025,0.255,-0.025));
#7005=CARTESIAN_POINT('',(-0.025,0.1875,-0.025));
#7006=CARTESIAN_POINT('',(-0.025,0.1875,-0.016));
#7007=CARTESIAN_POINT('',(-0.025,0.255,0.025));
#7008=CARTESIAN_POINT('',(-0.025,0.1875,0.025));
#7009=CARTESIAN_POINT('',(-0.025,0.1875,0.034));
#7010=CARTESIAN_POINT('',(-0.075,0.255,-0.025));
#7011=CARTESIAN_POINT('',(-0.075,0.1875,-0.025));
#7012=CARTESIAN_POINT('',(-0.075,0.1875,-0.016));
#7013=CARTESIAN_POINT('',(-0.075,0.255,0.025));
#7014=CARTESIAN_POINT('',(-0.075,0.1875,0.025));
#7015=CARTESIAN_POINT('',(-0.075,0.1875,0.034));
#7016=CARTESIAN_POINT('',(-0.125,0.255,-0.025));
#7017=CARTESIAN_POINT('',(-0.125,0.1875,-0.025));
#7018=CARTESIAN_POINT('',(-0.125,0.1875,-0.016));
#7019=CARTESIAN_POINT('',(-0.125,0.255,0.025));
#7020=CARTESIAN_POINT('',(-0.125,0.1875,0.025));
#7021=CARTESIAN_POINT('',(-0.125,0.1875,0.034));
#7022=CARTESIAN_POINT('',(-0.175,0.255,-0.025));
#7023=CARTESIAN_POINT('',(-0.175,0.1875,-0.025));
#7024=CARTESIAN_POINT('',(-0.175,0.1875,-0.016));
#7025=CARTESIAN_POINT('',(-0.175,0.255,0.025));
#7026=CARTESIAN_POINT('',(-0.175,0.1875,0.025));
#7027=CARTESIAN_POINT('',(-0.175,0.1875,0.034));
#7028=CARTESIAN_POINT('',(-0.225,0.255,-0.025));
#7029=CARTESIAN_POINT('',(-0.225,0.1875,-0.025));
#7030=CARTESIAN_POINT('',(-0.225,0.1875,-0.016));
#7031=CARTESIAN_POINT('',(-0.225,0.255,0.025));
#7032=CARTESIAN_POINT('',(-0.225,0.1875,0.025));
#7033=CARTESIAN_POINT('',(-0.225,0.1875,0.034));
#7034=CARTESIAN_POINT('',(0.,0.1875,0.));
#7035=CARTESIAN_POINT('',(0.,0.1875,0.));
#7036=CARTESIAN_POINT('',(0.,0.1875,0.));
#7037=CARTESIAN_POINT('',(0.,0.1875,0.));
#7038=CARTESIAN_POINT('',(0.,0.1875,0.));
#7039=CARTESIAN_POINT('',(0.,0.1875,0.));
#7040=CARTESIAN_POINT('',(0.,0.1875,0.));
#7041=CARTESIAN_POINT('',(0.,0.1875,0.));
#7042=CARTESIAN_POINT('',(0.,0.1875,0.));
#7043=CARTESIAN_POINT('',(0.,0.1875,0.));
#7044=CARTESIAN_POINT('',(0.,0.1875,0.));
#7045=CARTESIAN_POINT('',(0.,0.1875,0.));
#7046=CARTESIAN_POINT('',(0.,0.1875,0.));
#7047=CARTESIAN_POINT('',(0.,0.1875,0.));
#7048=CARTESIAN_POINT('',(0.,0.1875,0.));
#7049=CARTESIAN_POINT('',(0.,0.1875,0.));
#7050=CARTESIAN_POINT('',(0.,0.1875,0.));
#7051=CARTESIAN_POINT('',(0.,0.1875,0.));
#7052=CARTESIAN_POINT('',(0.,0.1875,0.));
#7053=CARTESIAN_POINT('',(0.,0.1875,0.));
#7054=CARTESIAN_POINT('',(50.,0.0324999999999989,-20.));
#7055=CARTESIAN_POINT('',(0.,0.,0.));
#7056=CARTESIAN_POINT('',(-0.25,0.1875,-0.0425));
#7057=CARTESIAN_POINT('',(-0.25,0.0324999999999994,-0.0425));
#7058=CARTESIAN_POINT('',(-0.25,0.0324999999999994,-0.035));
#7059=CARTESIAN_POINT('',(-0.25,0.0324999999999994,0.035));
#7060=CARTESIAN_POINT('',(-0.25,0.04,-0.035));
#7061=CARTESIAN_POINT('',(-0.25,0.031,-0.035));
#7062=CARTESIAN_POINT('',(-0.25,0.031,-0.035));
#7063=CARTESIAN_POINT('',(-0.25,0.031,-0.03));
#7064=CARTESIAN_POINT('',(-0.25,0.031,-0.03));
#7065=CARTESIAN_POINT('',(-0.25,0.03,-0.03));
#7066=CARTESIAN_POINT('',(-0.25,0.03,-0.0425));
#7067=CARTESIAN_POINT('',(-0.25,0.03,-0.02));
#7068=CARTESIAN_POINT('',(-0.25,0.00399999999999999,-0.02));
#7069=CARTESIAN_POINT('',(-0.25,0.031,-0.02));
#7070=CARTESIAN_POINT('',(-0.25,0.031,-0.02));
#7071=CARTESIAN_POINT('',(-0.25,0.031,0.02));
#7072=CARTESIAN_POINT('',(-0.25,0.031,0.02));
#7073=CARTESIAN_POINT('',(-0.25,0.03,0.02));
#7074=CARTESIAN_POINT('',(-0.25,0.03,-0.0425));
#7075=CARTESIAN_POINT('',(-0.25,0.03,0.03));
#7076=CARTESIAN_POINT('',(-0.25,0.00899999999999999,0.03));
#7077=CARTESIAN_POINT('',(-0.25,0.031,0.03));
#7078=CARTESIAN_POINT('',(-0.25,0.031,0.03));
#7079=CARTESIAN_POINT('',(-0.25,0.031,0.035));
#7080=CARTESIAN_POINT('',(-0.25,0.031,0.035));
#7081=CARTESIAN_POINT('',(0.25,0.1875,0.0425));
#7082=CARTESIAN_POINT('',(0.25,0.0324999999999994,0.0425));
#7083=CARTESIAN_POINT('',(0.25,0.0324999999999994,0.035));
#7084=CARTESIAN_POINT('',(0.25,0.0324999999999994,-0.035));
#7085=CARTESIAN_POINT('',(0.25,0.031,0.035));
#7086=CARTESIAN_POINT('',(0.25,0.031,0.035));
#7087=CARTESIAN_POINT('',(0.25,0.031,0.03));
#7088=CARTESIAN_POINT('',(0.25,0.031,0.03));
#7089=CARTESIAN_POINT('',(0.25,0.00899999999999999,0.03));
#7090=CARTESIAN_POINT('',(0.25,0.03,0.03));
#7091=CARTESIAN_POINT('',(0.25,0.03,0.0425));
#7092=CARTESIAN_POINT('',(0.25,0.03,0.02));
#7093=CARTESIAN_POINT('',(0.25,0.031,0.02));
#7094=CARTESIAN_POINT('',(0.25,0.031,0.02));
#7095=CARTESIAN_POINT('',(0.25,0.031,-0.02));
#7096=CARTESIAN_POINT('',(0.25,0.031,-0.02));
#7097=CARTESIAN_POINT('',(0.25,0.00399999999999999,-0.02));
#7098=CARTESIAN_POINT('',(0.25,0.03,-0.02));
#7099=CARTESIAN_POINT('',(0.25,0.03,0.0425));
#7100=CARTESIAN_POINT('',(0.25,0.03,-0.03));
#7101=CARTESIAN_POINT('',(0.25,0.031,-0.03));
#7102=CARTESIAN_POINT('',(0.25,0.031,-0.03));
#7103=CARTESIAN_POINT('',(0.25,0.031,-0.035));
#7104=CARTESIAN_POINT('',(0.25,0.031,-0.035));
#7105=CARTESIAN_POINT('',(0.25,0.04,-0.035));
#7106=CARTESIAN_POINT('',(0.25,0.031,0.035));
#7107=CARTESIAN_POINT('',(0.25,0.0324999999999994,0.035));
#7108=CARTESIAN_POINT('',(0.25,0.031,0.035));
#7109=CARTESIAN_POINT('',(0.25,0.04,-0.035));
#7110=CARTESIAN_POINT('',(0.25,0.0324999999999994,-0.035));
#7111=CARTESIAN_POINT('',(0.25,0.031,-0.035));
#7112=CARTESIAN_POINT('',(0.25,0.1875,-0.1175));
#7113=CARTESIAN_POINT('',(0.25,0.00399999999999998,-0.1175));
#7114=CARTESIAN_POINT('',(0.232,0.00399999999999999,-0.1175));
#7115=CARTESIAN_POINT('',(0.218,0.00399999999999998,-0.1175));
#7116=CARTESIAN_POINT('',(0.232,0.1875,-0.1175));
#7117=CARTESIAN_POINT('',(0.232,-0.00600000000000001,-0.1175));
#7118=CARTESIAN_POINT('',(0.25,-0.00600000000000001,-0.1175));
#7119=CARTESIAN_POINT('',(0.218,-0.00600000000000001,-0.1175));
#7120=CARTESIAN_POINT('',(0.218,0.1875,-0.1175));
#7121=CARTESIAN_POINT('',(0.25,0.1875,-0.1175));
#7122=CARTESIAN_POINT('',(0.25,0.00399999999999998,-0.1175));
#7123=CARTESIAN_POINT('',(0.182,0.00399999999999999,-0.1175));
#7124=CARTESIAN_POINT('',(0.168,0.00399999999999998,-0.1175));
#7125=CARTESIAN_POINT('',(0.182,0.1875,-0.1175));
#7126=CARTESIAN_POINT('',(0.182,-0.00600000000000001,-0.1175));
#7127=CARTESIAN_POINT('',(0.25,-0.00600000000000001,-0.1175));
#7128=CARTESIAN_POINT('',(0.168,-0.00600000000000001,-0.1175));
#7129=CARTESIAN_POINT('',(0.168,0.1875,-0.1175));
#7130=CARTESIAN_POINT('',(0.25,0.1875,-0.1175));
#7131=CARTESIAN_POINT('',(0.25,0.00399999999999998,-0.1175));
#7132=CARTESIAN_POINT('',(0.132,0.00399999999999999,-0.1175));
#7133=CARTESIAN_POINT('',(0.118,0.00399999999999998,-0.1175));
#7134=CARTESIAN_POINT('',(0.132,0.1875,-0.1175));
#7135=CARTESIAN_POINT('',(0.132,-0.00600000000000001,-0.1175));
#7136=CARTESIAN_POINT('',(0.25,-0.00600000000000001,-0.1175));
#7137=CARTESIAN_POINT('',(0.118,-0.00600000000000001,-0.1175));
#7138=CARTESIAN_POINT('',(0.118,0.1875,-0.1175));
#7139=CARTESIAN_POINT('',(0.25,0.1875,-0.1175));
#7140=CARTESIAN_POINT('',(0.25,0.00399999999999998,-0.1175));
#7141=CARTESIAN_POINT('',(0.082,0.00399999999999999,-0.1175));
#7142=CARTESIAN_POINT('',(0.068,0.00399999999999998,-0.1175));
#7143=CARTESIAN_POINT('',(0.082,0.1875,-0.1175));
#7144=CARTESIAN_POINT('',(0.082,-0.00600000000000001,-0.1175));
#7145=CARTESIAN_POINT('',(0.25,-0.00600000000000001,-0.1175));
#7146=CARTESIAN_POINT('',(0.068,-0.00600000000000001,-0.1175));
#7147=CARTESIAN_POINT('',(0.068,0.1875,-0.1175));
#7148=CARTESIAN_POINT('',(0.25,0.1875,-0.1175));
#7149=CARTESIAN_POINT('',(0.25,0.00399999999999998,-0.1175));
#7150=CARTESIAN_POINT('',(0.032,0.00399999999999999,-0.1175));
#7151=CARTESIAN_POINT('',(0.018,0.00399999999999998,-0.1175));
#7152=CARTESIAN_POINT('',(0.032,0.1875,-0.1175));
#7153=CARTESIAN_POINT('',(0.032,-0.00600000000000001,-0.1175));
#7154=CARTESIAN_POINT('',(0.25,-0.00600000000000001,-0.1175));
#7155=CARTESIAN_POINT('',(0.018,-0.00600000000000001,-0.1175));
#7156=CARTESIAN_POINT('',(0.018,0.1875,-0.1175));
#7157=CARTESIAN_POINT('',(0.25,0.1875,-0.1175));
#7158=CARTESIAN_POINT('',(0.25,0.00399999999999998,-0.1175));
#7159=CARTESIAN_POINT('',(-0.018,0.00399999999999999,-0.1175));
#7160=CARTESIAN_POINT('',(-0.032,0.00399999999999998,-0.1175));
#7161=CARTESIAN_POINT('',(-0.018,0.1875,-0.1175));
#7162=CARTESIAN_POINT('',(-0.018,-0.00600000000000001,-0.1175));
#7163=CARTESIAN_POINT('',(0.25,-0.00600000000000001,-0.1175));
#7164=CARTESIAN_POINT('',(-0.032,-0.00600000000000001,-0.1175));
#7165=CARTESIAN_POINT('',(-0.032,0.1875,-0.1175));
#7166=CARTESIAN_POINT('',(0.25,0.1875,-0.1175));
#7167=CARTESIAN_POINT('',(0.25,0.00399999999999998,-0.1175));
#7168=CARTESIAN_POINT('',(-0.068,0.00399999999999999,-0.1175));
#7169=CARTESIAN_POINT('',(-0.082,0.00399999999999998,-0.1175));
#7170=CARTESIAN_POINT('',(-0.068,0.1875,-0.1175));
#7171=CARTESIAN_POINT('',(-0.068,-0.00600000000000001,-0.1175));
#7172=CARTESIAN_POINT('',(0.25,-0.00600000000000001,-0.1175));
#7173=CARTESIAN_POINT('',(-0.082,-0.00600000000000001,-0.1175));
#7174=CARTESIAN_POINT('',(-0.082,0.1875,-0.1175));
#7175=CARTESIAN_POINT('',(0.25,0.1875,-0.1175));
#7176=CARTESIAN_POINT('',(0.25,0.00399999999999998,-0.1175));
#7177=CARTESIAN_POINT('',(-0.118,0.00399999999999999,-0.1175));
#7178=CARTESIAN_POINT('',(-0.132,0.00399999999999998,-0.1175));
#7179=CARTESIAN_POINT('',(-0.118,0.1875,-0.1175));
#7180=CARTESIAN_POINT('',(-0.118,-0.00600000000000001,-0.1175));
#7181=CARTESIAN_POINT('',(0.25,-0.00600000000000001,-0.1175));
#7182=CARTESIAN_POINT('',(-0.132,-0.00600000000000001,-0.1175));
#7183=CARTESIAN_POINT('',(-0.132,0.1875,-0.1175));
#7184=CARTESIAN_POINT('',(0.25,0.1875,-0.1175));
#7185=CARTESIAN_POINT('',(0.25,0.00399999999999998,-0.1175));
#7186=CARTESIAN_POINT('',(-0.168,0.00399999999999999,-0.1175));
#7187=CARTESIAN_POINT('',(-0.182,0.00399999999999998,-0.1175));
#7188=CARTESIAN_POINT('',(-0.168,0.1875,-0.1175));
#7189=CARTESIAN_POINT('',(-0.168,-0.00600000000000001,-0.1175));
#7190=CARTESIAN_POINT('',(0.25,-0.00600000000000001,-0.1175));
#7191=CARTESIAN_POINT('',(-0.182,-0.00600000000000001,-0.1175));
#7192=CARTESIAN_POINT('',(-0.182,0.1875,-0.1175));
#7193=CARTESIAN_POINT('',(0.25,0.1875,-0.1175));
#7194=CARTESIAN_POINT('',(0.25,0.00399999999999998,-0.1175));
#7195=CARTESIAN_POINT('',(-0.218,0.00399999999999999,-0.1175));
#7196=CARTESIAN_POINT('',(-0.232,0.00399999999999998,-0.1175));
#7197=CARTESIAN_POINT('',(-0.218,0.1875,-0.1175));
#7198=CARTESIAN_POINT('',(-0.218,-0.00600000000000001,-0.1175));
#7199=CARTESIAN_POINT('',(0.25,-0.00600000000000001,-0.1175));
#7200=CARTESIAN_POINT('',(-0.232,-0.00600000000000001,-0.1175));
#7201=CARTESIAN_POINT('',(-0.232,0.1875,-0.1175));
#7202=CARTESIAN_POINT('',(-0.25,0.1875,0.1175));
#7203=CARTESIAN_POINT('',(-0.25,0.00400000000000001,0.1175));
#7204=CARTESIAN_POINT('',(-0.232,0.00400000000000001,0.1175));
#7205=CARTESIAN_POINT('',(-0.218,0.00399999999999999,0.1175));
#7206=CARTESIAN_POINT('',(-0.232,0.1875,0.1175));
#7207=CARTESIAN_POINT('',(-0.232,-0.00600000000000001,0.1175));
#7208=CARTESIAN_POINT('',(-0.25,-0.00600000000000001,0.1175));
#7209=CARTESIAN_POINT('',(-0.218,-0.00600000000000001,0.1175));
#7210=CARTESIAN_POINT('',(-0.218,0.1875,0.1175));
#7211=CARTESIAN_POINT('',(-0.25,0.1875,0.1175));
#7212=CARTESIAN_POINT('',(-0.25,0.00400000000000001,0.1175));
#7213=CARTESIAN_POINT('',(-0.182,0.00400000000000001,0.1175));
#7214=CARTESIAN_POINT('',(-0.168,0.00399999999999999,0.1175));
#7215=CARTESIAN_POINT('',(-0.182,0.1875,0.1175));
#7216=CARTESIAN_POINT('',(-0.182,-0.00600000000000001,0.1175));
#7217=CARTESIAN_POINT('',(-0.25,-0.00600000000000001,0.1175));
#7218=CARTESIAN_POINT('',(-0.168,-0.00600000000000001,0.1175));
#7219=CARTESIAN_POINT('',(-0.168,0.1875,0.1175));
#7220=CARTESIAN_POINT('',(-0.25,0.1875,0.1175));
#7221=CARTESIAN_POINT('',(-0.25,0.00400000000000001,0.1175));
#7222=CARTESIAN_POINT('',(-0.132,0.00400000000000001,0.1175));
#7223=CARTESIAN_POINT('',(-0.118,0.00399999999999999,0.1175));
#7224=CARTESIAN_POINT('',(-0.132,0.1875,0.1175));
#7225=CARTESIAN_POINT('',(-0.132,-0.00600000000000001,0.1175));
#7226=CARTESIAN_POINT('',(-0.25,-0.00600000000000001,0.1175));
#7227=CARTESIAN_POINT('',(-0.118,-0.00600000000000001,0.1175));
#7228=CARTESIAN_POINT('',(-0.118,0.1875,0.1175));
#7229=CARTESIAN_POINT('',(-0.25,0.1875,0.1175));
#7230=CARTESIAN_POINT('',(-0.25,0.00400000000000001,0.1175));
#7231=CARTESIAN_POINT('',(-0.082,0.00400000000000001,0.1175));
#7232=CARTESIAN_POINT('',(-0.068,0.00399999999999999,0.1175));
#7233=CARTESIAN_POINT('',(-0.082,0.1875,0.1175));
#7234=CARTESIAN_POINT('',(-0.082,-0.00600000000000001,0.1175));
#7235=CARTESIAN_POINT('',(-0.25,-0.00600000000000001,0.1175));
#7236=CARTESIAN_POINT('',(-0.068,-0.00600000000000001,0.1175));
#7237=CARTESIAN_POINT('',(-0.068,0.1875,0.1175));
#7238=CARTESIAN_POINT('',(-0.25,0.1875,0.1175));
#7239=CARTESIAN_POINT('',(-0.25,0.00400000000000001,0.1175));
#7240=CARTESIAN_POINT('',(-0.032,0.00400000000000001,0.1175));
#7241=CARTESIAN_POINT('',(-0.018,0.00399999999999999,0.1175));
#7242=CARTESIAN_POINT('',(-0.032,0.1875,0.1175));
#7243=CARTESIAN_POINT('',(-0.032,-0.00600000000000001,0.1175));
#7244=CARTESIAN_POINT('',(-0.25,-0.00600000000000001,0.1175));
#7245=CARTESIAN_POINT('',(-0.018,-0.00600000000000001,0.1175));
#7246=CARTESIAN_POINT('',(-0.018,0.1875,0.1175));
#7247=CARTESIAN_POINT('',(-0.25,0.1875,0.1175));
#7248=CARTESIAN_POINT('',(-0.25,0.00400000000000001,0.1175));
#7249=CARTESIAN_POINT('',(0.018,0.00400000000000001,0.1175));
#7250=CARTESIAN_POINT('',(0.032,0.00399999999999999,0.1175));
#7251=CARTESIAN_POINT('',(0.018,0.1875,0.1175));
#7252=CARTESIAN_POINT('',(0.018,-0.00600000000000001,0.1175));
#7253=CARTESIAN_POINT('',(-0.25,-0.00600000000000001,0.1175));
#7254=CARTESIAN_POINT('',(0.032,-0.00600000000000001,0.1175));
#7255=CARTESIAN_POINT('',(0.032,0.1875,0.1175));
#7256=CARTESIAN_POINT('',(-0.25,0.1875,0.1175));
#7257=CARTESIAN_POINT('',(-0.25,0.00400000000000001,0.1175));
#7258=CARTESIAN_POINT('',(0.068,0.00400000000000001,0.1175));
#7259=CARTESIAN_POINT('',(0.082,0.00399999999999999,0.1175));
#7260=CARTESIAN_POINT('',(0.068,0.1875,0.1175));
#7261=CARTESIAN_POINT('',(0.068,-0.00600000000000001,0.1175));
#7262=CARTESIAN_POINT('',(-0.25,-0.00600000000000001,0.1175));
#7263=CARTESIAN_POINT('',(0.082,-0.00600000000000001,0.1175));
#7264=CARTESIAN_POINT('',(0.082,0.1875,0.1175));
#7265=CARTESIAN_POINT('',(-0.25,0.1875,0.1175));
#7266=CARTESIAN_POINT('',(-0.25,0.00400000000000001,0.1175));
#7267=CARTESIAN_POINT('',(0.118,0.00400000000000001,0.1175));
#7268=CARTESIAN_POINT('',(0.132,0.00399999999999999,0.1175));
#7269=CARTESIAN_POINT('',(0.118,0.1875,0.1175));
#7270=CARTESIAN_POINT('',(0.118,-0.00600000000000001,0.1175));
#7271=CARTESIAN_POINT('',(-0.25,-0.00600000000000001,0.1175));
#7272=CARTESIAN_POINT('',(0.132,-0.00600000000000001,0.1175));
#7273=CARTESIAN_POINT('',(0.132,0.1875,0.1175));
#7274=CARTESIAN_POINT('',(-0.25,0.1875,0.1175));
#7275=CARTESIAN_POINT('',(-0.25,0.00400000000000001,0.1175));
#7276=CARTESIAN_POINT('',(0.168,0.00400000000000001,0.1175));
#7277=CARTESIAN_POINT('',(0.182,0.00399999999999999,0.1175));
#7278=CARTESIAN_POINT('',(0.168,0.1875,0.1175));
#7279=CARTESIAN_POINT('',(0.168,-0.00600000000000001,0.1175));
#7280=CARTESIAN_POINT('',(-0.25,-0.00600000000000001,0.1175));
#7281=CARTESIAN_POINT('',(0.182,-0.00600000000000001,0.1175));
#7282=CARTESIAN_POINT('',(0.182,0.1875,0.1175));
#7283=CARTESIAN_POINT('',(-0.25,0.1875,0.1175));
#7284=CARTESIAN_POINT('',(-0.25,0.00400000000000001,0.1175));
#7285=CARTESIAN_POINT('',(0.218,0.00400000000000001,0.1175));
#7286=CARTESIAN_POINT('',(0.232,0.00399999999999999,0.1175));
#7287=CARTESIAN_POINT('',(0.218,0.1875,0.1175));
#7288=CARTESIAN_POINT('',(0.218,-0.00600000000000001,0.1175));
#7289=CARTESIAN_POINT('',(-0.25,-0.00600000000000001,0.1175));
#7290=CARTESIAN_POINT('',(0.232,-0.00600000000000001,0.1175));
#7291=CARTESIAN_POINT('',(0.232,0.1875,0.1175));
#7292=CARTESIAN_POINT('',(0.,-0.00600000000000001,0.));
#7293=CARTESIAN_POINT('',(0.25,-0.00600000000000001,-0.03));
#7294=CARTESIAN_POINT('',(0.232,-0.00600000000000001,-0.03));
#7295=CARTESIAN_POINT('',(0.218,-0.00600000000000001,-0.03));
#7296=CARTESIAN_POINT('',(0.218,-0.00600000000000001,0.));
#7297=CARTESIAN_POINT('',(0.232,-0.00600000000000001,0.));
#7298=CARTESIAN_POINT('',(0.,-0.00600000000000001,0.));
#7299=CARTESIAN_POINT('',(0.25,-0.00600000000000001,-0.03));
#7300=CARTESIAN_POINT('',(0.182,-0.00600000000000001,-0.03));
#7301=CARTESIAN_POINT('',(0.168,-0.00600000000000001,-0.03));
#7302=CARTESIAN_POINT('',(0.168,-0.00600000000000001,0.));
#7303=CARTESIAN_POINT('',(0.182,-0.00600000000000001,0.));
#7304=CARTESIAN_POINT('',(0.,-0.00600000000000001,0.));
#7305=CARTESIAN_POINT('',(0.25,-0.00600000000000001,-0.03));
#7306=CARTESIAN_POINT('',(0.132,-0.00600000000000001,-0.03));
#7307=CARTESIAN_POINT('',(0.118,-0.00600000000000001,-0.03));
#7308=CARTESIAN_POINT('',(0.118,-0.00600000000000001,0.));
#7309=CARTESIAN_POINT('',(0.132,-0.00600000000000001,0.));
#7310=CARTESIAN_POINT('',(0.,-0.00600000000000001,0.));
#7311=CARTESIAN_POINT('',(0.25,-0.00600000000000001,-0.03));
#7312=CARTESIAN_POINT('',(0.082,-0.00600000000000001,-0.03));
#7313=CARTESIAN_POINT('',(0.068,-0.00600000000000001,-0.03));
#7314=CARTESIAN_POINT('',(0.068,-0.00600000000000001,0.));
#7315=CARTESIAN_POINT('',(0.082,-0.00600000000000001,0.));
#7316=CARTESIAN_POINT('',(0.,-0.00600000000000001,0.));
#7317=CARTESIAN_POINT('',(0.25,-0.00600000000000001,-0.03));
#7318=CARTESIAN_POINT('',(0.032,-0.00600000000000001,-0.03));
#7319=CARTESIAN_POINT('',(0.018,-0.00600000000000001,-0.03));
#7320=CARTESIAN_POINT('',(0.018,-0.00600000000000001,0.));
#7321=CARTESIAN_POINT('',(0.032,-0.00600000000000001,0.));
#7322=CARTESIAN_POINT('',(0.,-0.00600000000000001,0.));
#7323=CARTESIAN_POINT('',(0.25,-0.00600000000000001,-0.03));
#7324=CARTESIAN_POINT('',(-0.018,-0.00600000000000001,-0.03));
#7325=CARTESIAN_POINT('',(-0.032,-0.00600000000000001,-0.03));
#7326=CARTESIAN_POINT('',(-0.032,-0.00600000000000001,0.));
#7327=CARTESIAN_POINT('',(-0.018,-0.00600000000000001,0.));
#7328=CARTESIAN_POINT('',(0.,-0.00600000000000001,0.));
#7329=CARTESIAN_POINT('',(0.25,-0.00600000000000001,-0.03));
#7330=CARTESIAN_POINT('',(-0.068,-0.00600000000000001,-0.03));
#7331=CARTESIAN_POINT('',(-0.082,-0.00600000000000001,-0.03));
#7332=CARTESIAN_POINT('',(-0.082,-0.00600000000000001,0.));
#7333=CARTESIAN_POINT('',(-0.068,-0.00600000000000001,0.));
#7334=CARTESIAN_POINT('',(0.,-0.00600000000000001,0.));
#7335=CARTESIAN_POINT('',(0.25,-0.00600000000000001,-0.03));
#7336=CARTESIAN_POINT('',(-0.118,-0.00600000000000001,-0.03));
#7337=CARTESIAN_POINT('',(-0.132,-0.00600000000000001,-0.03));
#7338=CARTESIAN_POINT('',(-0.132,-0.00600000000000001,0.));
#7339=CARTESIAN_POINT('',(-0.118,-0.00600000000000001,0.));
#7340=CARTESIAN_POINT('',(0.,-0.00600000000000001,0.));
#7341=CARTESIAN_POINT('',(0.25,-0.00600000000000001,-0.03));
#7342=CARTESIAN_POINT('',(-0.168,-0.00600000000000001,-0.03));
#7343=CARTESIAN_POINT('',(-0.182,-0.00600000000000001,-0.03));
#7344=CARTESIAN_POINT('',(-0.182,-0.00600000000000001,0.));
#7345=CARTESIAN_POINT('',(-0.168,-0.00600000000000001,0.));
#7346=CARTESIAN_POINT('',(0.,-0.00600000000000001,0.));
#7347=CARTESIAN_POINT('',(0.25,-0.00600000000000001,-0.03));
#7348=CARTESIAN_POINT('',(-0.218,-0.00600000000000001,-0.03));
#7349=CARTESIAN_POINT('',(-0.232,-0.00600000000000001,-0.03));
#7350=CARTESIAN_POINT('',(-0.232,-0.00600000000000001,0.));
#7351=CARTESIAN_POINT('',(-0.218,-0.00600000000000001,0.));
#7352=CARTESIAN_POINT('',(-0.232,-0.00600000000000001,0.15));
#7353=CARTESIAN_POINT('',(-0.232,0.03,0.15));
#7354=CARTESIAN_POINT('',(-0.232,0.03,-0.02));
#7355=CARTESIAN_POINT('',(-0.232,0.03,-0.03));
#7356=CARTESIAN_POINT('',(-0.232,-0.00600000000000001,-0.03));
#7357=CARTESIAN_POINT('',(-0.232,0.00899999999999999,-0.03));
#7358=CARTESIAN_POINT('',(-0.232,0.009,-0.035));
#7359=CARTESIAN_POINT('',(-0.232,0.00399999999999999,-0.035));
#7360=CARTESIAN_POINT('',(-0.232,0.00399999999999998,0.15));
#7361=CARTESIAN_POINT('',(-0.232,0.00399999999999999,-0.03));
#7362=CARTESIAN_POINT('',(-0.232,0.00399999999999999,-0.02));
#7363=CARTESIAN_POINT('',(-0.232,-0.00599999999999998,-0.02));
#7364=CARTESIAN_POINT('',(-0.232,-0.00600000000000001,0.15));
#7365=CARTESIAN_POINT('',(-0.232,0.03,0.15));
#7366=CARTESIAN_POINT('',(-0.232,0.03,0.03));
#7367=CARTESIAN_POINT('',(-0.232,0.03,0.02));
#7368=CARTESIAN_POINT('',(-0.232,-0.00599999999999996,0.02));
#7369=CARTESIAN_POINT('',(-0.232,0.004,0.02));
#7370=CARTESIAN_POINT('',(-0.232,0.00399999999999999,0.03));
#7371=CARTESIAN_POINT('',(-0.232,-0.00600000000000001,0.03));
#7372=CARTESIAN_POINT('',(-0.232,-0.00600000000000001,0.));
#7373=CARTESIAN_POINT('',(-0.232,0.004,0.15));
#7374=CARTESIAN_POINT('',(-0.232,0.00399999999999999,0.035));
#7375=CARTESIAN_POINT('',(-0.232,0.00899999999999999,0.035));
#7376=CARTESIAN_POINT('',(-0.232,0.00899999999999999,0.03));
#7377=CARTESIAN_POINT('',(-0.232,-0.00600000000000001,0.03));
#7378=CARTESIAN_POINT('',(-0.232,0.03,0.15));
#7379=CARTESIAN_POINT('',(-0.232,0.03,-0.03));
#7380=CARTESIAN_POINT('',(-0.232,0.03,-0.02));
#7381=CARTESIAN_POINT('',(-0.232,0.03,0.15));
#7382=CARTESIAN_POINT('',(-0.232,0.03,0.02));
#7383=CARTESIAN_POINT('',(-0.232,0.03,0.03));
#7384=CARTESIAN_POINT('',(-0.182,-0.00600000000000001,0.15));
#7385=CARTESIAN_POINT('',(-0.182,0.03,0.15));
#7386=CARTESIAN_POINT('',(-0.182,0.03,-0.02));
#7387=CARTESIAN_POINT('',(-0.182,0.03,-0.03));
#7388=CARTESIAN_POINT('',(-0.182,-0.00600000000000001,-0.03));
#7389=CARTESIAN_POINT('',(-0.182,0.00899999999999999,-0.03));
#7390=CARTESIAN_POINT('',(-0.182,0.009,-0.035));
#7391=CARTESIAN_POINT('',(-0.182,0.00399999999999999,-0.035));
#7392=CARTESIAN_POINT('',(-0.182,0.00399999999999998,0.15));
#7393=CARTESIAN_POINT('',(-0.182,0.00399999999999999,-0.03));
#7394=CARTESIAN_POINT('',(-0.182,0.00399999999999999,-0.02));
#7395=CARTESIAN_POINT('',(-0.182,-0.00599999999999998,-0.02));
#7396=CARTESIAN_POINT('',(-0.182,-0.00600000000000001,0.15));
#7397=CARTESIAN_POINT('',(-0.182,0.03,0.15));
#7398=CARTESIAN_POINT('',(-0.182,0.03,0.03));
#7399=CARTESIAN_POINT('',(-0.182,0.03,0.02));
#7400=CARTESIAN_POINT('',(-0.182,-0.00599999999999996,0.02));
#7401=CARTESIAN_POINT('',(-0.182,0.004,0.02));
#7402=CARTESIAN_POINT('',(-0.182,0.00399999999999999,0.03));
#7403=CARTESIAN_POINT('',(-0.182,-0.00600000000000001,0.03));
#7404=CARTESIAN_POINT('',(-0.182,-0.00600000000000001,0.));
#7405=CARTESIAN_POINT('',(-0.182,0.004,0.15));
#7406=CARTESIAN_POINT('',(-0.182,0.00399999999999999,0.035));
#7407=CARTESIAN_POINT('',(-0.182,0.00899999999999999,0.035));
#7408=CARTESIAN_POINT('',(-0.182,0.00899999999999999,0.03));
#7409=CARTESIAN_POINT('',(-0.182,-0.00600000000000001,0.03));
#7410=CARTESIAN_POINT('',(-0.218,0.03,0.15));
#7411=CARTESIAN_POINT('',(-0.218,0.009,-0.035));
#7412=CARTESIAN_POINT('',(-0.218,0.00399999999999999,-0.035));
#7413=CARTESIAN_POINT('',(-0.218,0.00899999999999999,-0.03));
#7414=CARTESIAN_POINT('',(-0.218,0.03,-0.03));
#7415=CARTESIAN_POINT('',(-0.218,0.03,-0.03));
#7416=CARTESIAN_POINT('',(-0.218,0.03,0.15));
#7417=CARTESIAN_POINT('',(-0.218,0.03,-0.02));
#7418=CARTESIAN_POINT('',(-0.218,0.03,-0.02));
#7419=CARTESIAN_POINT('',(-0.218,0.00399999999999999,-0.02));
#7420=CARTESIAN_POINT('',(-0.218,0.00399999999999999,-0.03));
#7421=CARTESIAN_POINT('',(-0.218,0.00399999999999998,0.15));
#7422=CARTESIAN_POINT('',(-0.218,0.03,0.15));
#7423=CARTESIAN_POINT('',(-0.218,0.00399999999999999,0.03));
#7424=CARTESIAN_POINT('',(-0.218,0.004,0.02));
#7425=CARTESIAN_POINT('',(-0.218,-0.00600000000000001,0.03));
#7426=CARTESIAN_POINT('',(-0.218,0.03,0.02));
#7427=CARTESIAN_POINT('',(-0.218,0.03,0.02));
#7428=CARTESIAN_POINT('',(-0.218,0.03,0.15));
#7429=CARTESIAN_POINT('',(-0.218,0.03,0.03));
#7430=CARTESIAN_POINT('',(-0.218,0.03,0.03));
#7431=CARTESIAN_POINT('',(-0.218,0.00899999999999999,0.03));
#7432=CARTESIAN_POINT('',(-0.218,0.00899999999999999,0.035));
#7433=CARTESIAN_POINT('',(-0.218,0.00399999999999999,0.035));
#7434=CARTESIAN_POINT('',(-0.218,0.00399999999999999,0.15));
#7435=CARTESIAN_POINT('',(-0.218,-0.00600000000000001,0.));
#7436=CARTESIAN_POINT('',(-0.182,0.03,0.15));
#7437=CARTESIAN_POINT('',(-0.182,0.03,-0.03));
#7438=CARTESIAN_POINT('',(-0.182,0.03,-0.02));
#7439=CARTESIAN_POINT('',(-0.182,0.03,0.15));
#7440=CARTESIAN_POINT('',(-0.182,0.03,0.02));
#7441=CARTESIAN_POINT('',(-0.182,0.03,0.03));
#7442=CARTESIAN_POINT('',(-0.132,-0.00600000000000001,0.15));
#7443=CARTESIAN_POINT('',(-0.132,0.03,0.15));
#7444=CARTESIAN_POINT('',(-0.132,0.03,-0.02));
#7445=CARTESIAN_POINT('',(-0.132,0.03,-0.03));
#7446=CARTESIAN_POINT('',(-0.132,-0.00600000000000001,-0.03));
#7447=CARTESIAN_POINT('',(-0.132,0.00899999999999999,-0.03));
#7448=CARTESIAN_POINT('',(-0.132,0.009,-0.035));
#7449=CARTESIAN_POINT('',(-0.132,0.00399999999999999,-0.035));
#7450=CARTESIAN_POINT('',(-0.132,0.00399999999999998,0.15));
#7451=CARTESIAN_POINT('',(-0.132,0.00399999999999999,-0.03));
#7452=CARTESIAN_POINT('',(-0.132,0.00399999999999999,-0.02));
#7453=CARTESIAN_POINT('',(-0.132,-0.00599999999999998,-0.02));
#7454=CARTESIAN_POINT('',(-0.132,-0.00600000000000001,0.15));
#7455=CARTESIAN_POINT('',(-0.132,0.03,0.15));
#7456=CARTESIAN_POINT('',(-0.132,0.03,0.03));
#7457=CARTESIAN_POINT('',(-0.132,0.03,0.02));
#7458=CARTESIAN_POINT('',(-0.132,-0.00599999999999996,0.02));
#7459=CARTESIAN_POINT('',(-0.132,0.004,0.02));
#7460=CARTESIAN_POINT('',(-0.132,0.00399999999999999,0.03));
#7461=CARTESIAN_POINT('',(-0.132,-0.00600000000000001,0.03));
#7462=CARTESIAN_POINT('',(-0.132,-0.00600000000000001,0.));
#7463=CARTESIAN_POINT('',(-0.132,0.004,0.15));
#7464=CARTESIAN_POINT('',(-0.132,0.00399999999999999,0.035));
#7465=CARTESIAN_POINT('',(-0.132,0.00899999999999999,0.035));
#7466=CARTESIAN_POINT('',(-0.132,0.00899999999999999,0.03));
#7467=CARTESIAN_POINT('',(-0.132,-0.00600000000000001,0.03));
#7468=CARTESIAN_POINT('',(-0.168,0.03,0.15));
#7469=CARTESIAN_POINT('',(-0.168,0.009,-0.035));
#7470=CARTESIAN_POINT('',(-0.168,0.00399999999999999,-0.035));
#7471=CARTESIAN_POINT('',(-0.168,0.00899999999999999,-0.03));
#7472=CARTESIAN_POINT('',(-0.168,0.03,-0.03));
#7473=CARTESIAN_POINT('',(-0.168,0.03,-0.03));
#7474=CARTESIAN_POINT('',(-0.168,0.03,0.15));
#7475=CARTESIAN_POINT('',(-0.168,0.03,-0.02));
#7476=CARTESIAN_POINT('',(-0.168,0.03,-0.02));
#7477=CARTESIAN_POINT('',(-0.168,0.00399999999999999,-0.02));
#7478=CARTESIAN_POINT('',(-0.168,0.00399999999999999,-0.03));
#7479=CARTESIAN_POINT('',(-0.168,0.00399999999999998,0.15));
#7480=CARTESIAN_POINT('',(-0.168,0.03,0.15));
#7481=CARTESIAN_POINT('',(-0.168,0.00399999999999999,0.03));
#7482=CARTESIAN_POINT('',(-0.168,0.004,0.02));
#7483=CARTESIAN_POINT('',(-0.168,-0.00600000000000001,0.03));
#7484=CARTESIAN_POINT('',(-0.168,0.03,0.02));
#7485=CARTESIAN_POINT('',(-0.168,0.03,0.02));
#7486=CARTESIAN_POINT('',(-0.168,0.03,0.15));
#7487=CARTESIAN_POINT('',(-0.168,0.03,0.03));
#7488=CARTESIAN_POINT('',(-0.168,0.03,0.03));
#7489=CARTESIAN_POINT('',(-0.168,0.00899999999999999,0.03));
#7490=CARTESIAN_POINT('',(-0.168,0.00899999999999999,0.035));
#7491=CARTESIAN_POINT('',(-0.168,0.00399999999999999,0.035));
#7492=CARTESIAN_POINT('',(-0.168,0.00399999999999999,0.15));
#7493=CARTESIAN_POINT('',(-0.168,-0.00600000000000001,0.));
#7494=CARTESIAN_POINT('',(-0.132,0.03,0.15));
#7495=CARTESIAN_POINT('',(-0.132,0.03,-0.03));
#7496=CARTESIAN_POINT('',(-0.132,0.03,-0.02));
#7497=CARTESIAN_POINT('',(-0.132,0.03,0.15));
#7498=CARTESIAN_POINT('',(-0.132,0.03,0.02));
#7499=CARTESIAN_POINT('',(-0.132,0.03,0.03));
#7500=CARTESIAN_POINT('',(-0.082,-0.00600000000000001,0.15));
#7501=CARTESIAN_POINT('',(-0.082,0.03,0.15));
#7502=CARTESIAN_POINT('',(-0.082,0.03,-0.02));
#7503=CARTESIAN_POINT('',(-0.082,0.03,-0.03));
#7504=CARTESIAN_POINT('',(-0.082,-0.00600000000000001,-0.03));
#7505=CARTESIAN_POINT('',(-0.082,0.00899999999999999,-0.03));
#7506=CARTESIAN_POINT('',(-0.082,0.009,-0.035));
#7507=CARTESIAN_POINT('',(-0.082,0.00399999999999999,-0.035));
#7508=CARTESIAN_POINT('',(-0.082,0.00399999999999998,0.15));
#7509=CARTESIAN_POINT('',(-0.082,0.00399999999999999,-0.03));
#7510=CARTESIAN_POINT('',(-0.082,0.00399999999999999,-0.02));
#7511=CARTESIAN_POINT('',(-0.082,-0.00599999999999998,-0.02));
#7512=CARTESIAN_POINT('',(-0.082,-0.00600000000000001,0.15));
#7513=CARTESIAN_POINT('',(-0.082,0.03,0.15));
#7514=CARTESIAN_POINT('',(-0.082,0.03,0.03));
#7515=CARTESIAN_POINT('',(-0.082,0.03,0.02));
#7516=CARTESIAN_POINT('',(-0.082,-0.00599999999999996,0.02));
#7517=CARTESIAN_POINT('',(-0.082,0.004,0.02));
#7518=CARTESIAN_POINT('',(-0.082,0.00399999999999999,0.03));
#7519=CARTESIAN_POINT('',(-0.082,-0.00600000000000001,0.03));
#7520=CARTESIAN_POINT('',(-0.082,-0.00600000000000001,0.));
#7521=CARTESIAN_POINT('',(-0.082,0.004,0.15));
#7522=CARTESIAN_POINT('',(-0.082,0.00399999999999999,0.035));
#7523=CARTESIAN_POINT('',(-0.082,0.00899999999999999,0.035));
#7524=CARTESIAN_POINT('',(-0.082,0.00899999999999999,0.03));
#7525=CARTESIAN_POINT('',(-0.082,-0.00600000000000001,0.03));
#7526=CARTESIAN_POINT('',(-0.118,0.03,0.15));
#7527=CARTESIAN_POINT('',(-0.118,0.009,-0.035));
#7528=CARTESIAN_POINT('',(-0.118,0.00399999999999999,-0.035));
#7529=CARTESIAN_POINT('',(-0.118,0.00899999999999999,-0.03));
#7530=CARTESIAN_POINT('',(-0.118,0.03,-0.03));
#7531=CARTESIAN_POINT('',(-0.118,0.03,-0.03));
#7532=CARTESIAN_POINT('',(-0.118,0.03,0.15));
#7533=CARTESIAN_POINT('',(-0.118,0.03,-0.02));
#7534=CARTESIAN_POINT('',(-0.118,0.03,-0.02));
#7535=CARTESIAN_POINT('',(-0.118,0.00399999999999999,-0.02));
#7536=CARTESIAN_POINT('',(-0.118,0.00399999999999999,-0.03));
#7537=CARTESIAN_POINT('',(-0.118,0.00399999999999998,0.15));
#7538=CARTESIAN_POINT('',(-0.118,0.03,0.15));
#7539=CARTESIAN_POINT('',(-0.118,0.00399999999999999,0.03));
#7540=CARTESIAN_POINT('',(-0.118,0.004,0.02));
#7541=CARTESIAN_POINT('',(-0.118,-0.00600000000000001,0.03));
#7542=CARTESIAN_POINT('',(-0.118,0.03,0.02));
#7543=CARTESIAN_POINT('',(-0.118,0.03,0.02));
#7544=CARTESIAN_POINT('',(-0.118,0.03,0.15));
#7545=CARTESIAN_POINT('',(-0.118,0.03,0.03));
#7546=CARTESIAN_POINT('',(-0.118,0.03,0.03));
#7547=CARTESIAN_POINT('',(-0.118,0.00899999999999999,0.03));
#7548=CARTESIAN_POINT('',(-0.118,0.00899999999999999,0.035));
#7549=CARTESIAN_POINT('',(-0.118,0.00399999999999999,0.035));
#7550=CARTESIAN_POINT('',(-0.118,0.00399999999999999,0.15));
#7551=CARTESIAN_POINT('',(-0.118,-0.00600000000000001,0.));
#7552=CARTESIAN_POINT('',(-0.082,0.03,0.15));
#7553=CARTESIAN_POINT('',(-0.082,0.03,-0.03));
#7554=CARTESIAN_POINT('',(-0.082,0.03,-0.02));
#7555=CARTESIAN_POINT('',(-0.082,0.03,0.15));
#7556=CARTESIAN_POINT('',(-0.082,0.03,0.02));
#7557=CARTESIAN_POINT('',(-0.082,0.03,0.03));
#7558=CARTESIAN_POINT('',(-0.032,-0.00600000000000001,0.15));
#7559=CARTESIAN_POINT('',(-0.032,0.03,0.15));
#7560=CARTESIAN_POINT('',(-0.032,0.03,-0.02));
#7561=CARTESIAN_POINT('',(-0.032,0.03,-0.03));
#7562=CARTESIAN_POINT('',(-0.032,-0.00600000000000001,-0.03));
#7563=CARTESIAN_POINT('',(-0.032,0.00899999999999999,-0.03));
#7564=CARTESIAN_POINT('',(-0.032,0.009,-0.035));
#7565=CARTESIAN_POINT('',(-0.032,0.00399999999999999,-0.035));
#7566=CARTESIAN_POINT('',(-0.032,0.00399999999999998,0.15));
#7567=CARTESIAN_POINT('',(-0.032,0.00399999999999999,-0.03));
#7568=CARTESIAN_POINT('',(-0.032,0.00399999999999999,-0.02));
#7569=CARTESIAN_POINT('',(-0.032,-0.00599999999999998,-0.02));
#7570=CARTESIAN_POINT('',(-0.032,-0.00600000000000001,0.15));
#7571=CARTESIAN_POINT('',(-0.032,0.03,0.15));
#7572=CARTESIAN_POINT('',(-0.032,0.03,0.03));
#7573=CARTESIAN_POINT('',(-0.032,0.03,0.02));
#7574=CARTESIAN_POINT('',(-0.032,-0.00599999999999996,0.02));
#7575=CARTESIAN_POINT('',(-0.032,0.004,0.02));
#7576=CARTESIAN_POINT('',(-0.032,0.00399999999999999,0.03));
#7577=CARTESIAN_POINT('',(-0.032,-0.00600000000000001,0.03));
#7578=CARTESIAN_POINT('',(-0.032,-0.00600000000000001,0.));
#7579=CARTESIAN_POINT('',(-0.032,0.004,0.15));
#7580=CARTESIAN_POINT('',(-0.032,0.00399999999999999,0.035));
#7581=CARTESIAN_POINT('',(-0.032,0.00899999999999999,0.035));
#7582=CARTESIAN_POINT('',(-0.032,0.00899999999999999,0.03));
#7583=CARTESIAN_POINT('',(-0.032,-0.00600000000000001,0.03));
#7584=CARTESIAN_POINT('',(-0.068,0.03,0.15));
#7585=CARTESIAN_POINT('',(-0.068,0.009,-0.035));
#7586=CARTESIAN_POINT('',(-0.068,0.00399999999999999,-0.035));
#7587=CARTESIAN_POINT('',(-0.068,0.00899999999999999,-0.03));
#7588=CARTESIAN_POINT('',(-0.068,0.03,-0.03));
#7589=CARTESIAN_POINT('',(-0.068,0.03,-0.03));
#7590=CARTESIAN_POINT('',(-0.068,0.03,0.15));
#7591=CARTESIAN_POINT('',(-0.068,0.03,-0.02));
#7592=CARTESIAN_POINT('',(-0.068,0.03,-0.02));
#7593=CARTESIAN_POINT('',(-0.068,0.00399999999999999,-0.02));
#7594=CARTESIAN_POINT('',(-0.068,0.00399999999999999,-0.03));
#7595=CARTESIAN_POINT('',(-0.068,0.00399999999999998,0.15));
#7596=CARTESIAN_POINT('',(-0.068,0.03,0.15));
#7597=CARTESIAN_POINT('',(-0.068,0.00399999999999999,0.03));
#7598=CARTESIAN_POINT('',(-0.068,0.004,0.02));
#7599=CARTESIAN_POINT('',(-0.068,-0.00600000000000001,0.03));
#7600=CARTESIAN_POINT('',(-0.068,0.03,0.02));
#7601=CARTESIAN_POINT('',(-0.068,0.03,0.02));
#7602=CARTESIAN_POINT('',(-0.068,0.03,0.15));
#7603=CARTESIAN_POINT('',(-0.068,0.03,0.03));
#7604=CARTESIAN_POINT('',(-0.068,0.03,0.03));
#7605=CARTESIAN_POINT('',(-0.068,0.00899999999999999,0.03));
#7606=CARTESIAN_POINT('',(-0.068,0.00899999999999999,0.035));
#7607=CARTESIAN_POINT('',(-0.068,0.00399999999999999,0.035));
#7608=CARTESIAN_POINT('',(-0.068,0.00399999999999999,0.15));
#7609=CARTESIAN_POINT('',(-0.068,-0.00600000000000001,0.));
#7610=CARTESIAN_POINT('',(-0.032,0.03,0.15));
#7611=CARTESIAN_POINT('',(-0.032,0.03,-0.03));
#7612=CARTESIAN_POINT('',(-0.032,0.03,-0.02));
#7613=CARTESIAN_POINT('',(-0.032,0.03,0.15));
#7614=CARTESIAN_POINT('',(-0.032,0.03,0.02));
#7615=CARTESIAN_POINT('',(-0.032,0.03,0.03));
#7616=CARTESIAN_POINT('',(0.018,-0.00600000000000001,0.15));
#7617=CARTESIAN_POINT('',(0.018,0.03,0.15));
#7618=CARTESIAN_POINT('',(0.018,0.03,-0.02));
#7619=CARTESIAN_POINT('',(0.018,0.03,-0.03));
#7620=CARTESIAN_POINT('',(0.018,-0.00600000000000001,-0.03));
#7621=CARTESIAN_POINT('',(0.018,0.00899999999999999,-0.03));
#7622=CARTESIAN_POINT('',(0.018,0.009,-0.035));
#7623=CARTESIAN_POINT('',(0.018,0.00399999999999999,-0.035));
#7624=CARTESIAN_POINT('',(0.018,0.00399999999999998,0.15));
#7625=CARTESIAN_POINT('',(0.018,0.00399999999999999,-0.03));
#7626=CARTESIAN_POINT('',(0.018,0.00399999999999999,-0.02));
#7627=CARTESIAN_POINT('',(0.018,-0.00599999999999998,-0.02));
#7628=CARTESIAN_POINT('',(0.018,-0.00600000000000001,0.15));
#7629=CARTESIAN_POINT('',(0.018,0.03,0.15));
#7630=CARTESIAN_POINT('',(0.018,0.03,0.03));
#7631=CARTESIAN_POINT('',(0.018,0.03,0.02));
#7632=CARTESIAN_POINT('',(0.018,-0.00599999999999996,0.02));
#7633=CARTESIAN_POINT('',(0.018,0.004,0.02));
#7634=CARTESIAN_POINT('',(0.018,0.00399999999999999,0.03));
#7635=CARTESIAN_POINT('',(0.018,-0.00600000000000001,0.03));
#7636=CARTESIAN_POINT('',(0.018,-0.00600000000000001,0.));
#7637=CARTESIAN_POINT('',(0.018,0.004,0.15));
#7638=CARTESIAN_POINT('',(0.018,0.00399999999999999,0.035));
#7639=CARTESIAN_POINT('',(0.018,0.00899999999999999,0.035));
#7640=CARTESIAN_POINT('',(0.018,0.00899999999999999,0.03));
#7641=CARTESIAN_POINT('',(0.018,-0.00600000000000001,0.03));
#7642=CARTESIAN_POINT('',(-0.018,0.03,0.15));
#7643=CARTESIAN_POINT('',(-0.018,0.009,-0.035));
#7644=CARTESIAN_POINT('',(-0.018,0.00399999999999999,-0.035));
#7645=CARTESIAN_POINT('',(-0.018,0.00899999999999999,-0.03));
#7646=CARTESIAN_POINT('',(-0.018,0.03,-0.03));
#7647=CARTESIAN_POINT('',(-0.018,0.03,-0.03));
#7648=CARTESIAN_POINT('',(-0.018,0.03,0.15));
#7649=CARTESIAN_POINT('',(-0.018,0.03,-0.02));
#7650=CARTESIAN_POINT('',(-0.018,0.03,-0.02));
#7651=CARTESIAN_POINT('',(-0.018,0.00399999999999999,-0.02));
#7652=CARTESIAN_POINT('',(-0.018,0.00399999999999999,-0.03));
#7653=CARTESIAN_POINT('',(-0.018,0.00399999999999998,0.15));
#7654=CARTESIAN_POINT('',(-0.018,0.03,0.15));
#7655=CARTESIAN_POINT('',(-0.018,0.00399999999999999,0.03));
#7656=CARTESIAN_POINT('',(-0.018,0.004,0.02));
#7657=CARTESIAN_POINT('',(-0.018,-0.00600000000000001,0.03));
#7658=CARTESIAN_POINT('',(-0.018,0.03,0.02));
#7659=CARTESIAN_POINT('',(-0.018,0.03,0.02));
#7660=CARTESIAN_POINT('',(-0.018,0.03,0.15));
#7661=CARTESIAN_POINT('',(-0.018,0.03,0.03));
#7662=CARTESIAN_POINT('',(-0.018,0.03,0.03));
#7663=CARTESIAN_POINT('',(-0.018,0.00899999999999999,0.03));
#7664=CARTESIAN_POINT('',(-0.018,0.00899999999999999,0.035));
#7665=CARTESIAN_POINT('',(-0.018,0.00399999999999999,0.035));
#7666=CARTESIAN_POINT('',(-0.018,0.00399999999999999,0.15));
#7667=CARTESIAN_POINT('',(-0.018,-0.00600000000000001,0.));
#7668=CARTESIAN_POINT('',(0.018,0.03,0.15));
#7669=CARTESIAN_POINT('',(0.018,0.03,-0.03));
#7670=CARTESIAN_POINT('',(0.018,0.03,-0.02));
#7671=CARTESIAN_POINT('',(0.018,0.03,0.15));
#7672=CARTESIAN_POINT('',(0.018,0.03,0.02));
#7673=CARTESIAN_POINT('',(0.018,0.03,0.03));
#7674=CARTESIAN_POINT('',(0.068,-0.00600000000000001,0.15));
#7675=CARTESIAN_POINT('',(0.068,0.03,0.15));
#7676=CARTESIAN_POINT('',(0.068,0.03,-0.02));
#7677=CARTESIAN_POINT('',(0.068,0.03,-0.03));
#7678=CARTESIAN_POINT('',(0.068,-0.00600000000000001,-0.03));
#7679=CARTESIAN_POINT('',(0.068,0.00899999999999999,-0.03));
#7680=CARTESIAN_POINT('',(0.068,0.009,-0.035));
#7681=CARTESIAN_POINT('',(0.068,0.00399999999999999,-0.035));
#7682=CARTESIAN_POINT('',(0.068,0.00399999999999998,0.15));
#7683=CARTESIAN_POINT('',(0.068,0.00399999999999999,-0.03));
#7684=CARTESIAN_POINT('',(0.068,0.00399999999999999,-0.02));
#7685=CARTESIAN_POINT('',(0.068,-0.00599999999999998,-0.02));
#7686=CARTESIAN_POINT('',(0.068,-0.00600000000000001,0.15));
#7687=CARTESIAN_POINT('',(0.068,0.03,0.15));
#7688=CARTESIAN_POINT('',(0.068,0.03,0.03));
#7689=CARTESIAN_POINT('',(0.068,0.03,0.02));
#7690=CARTESIAN_POINT('',(0.068,-0.00599999999999996,0.02));
#7691=CARTESIAN_POINT('',(0.068,0.004,0.02));
#7692=CARTESIAN_POINT('',(0.068,0.00399999999999999,0.03));
#7693=CARTESIAN_POINT('',(0.068,-0.00600000000000001,0.03));
#7694=CARTESIAN_POINT('',(0.068,-0.00600000000000001,0.));
#7695=CARTESIAN_POINT('',(0.068,0.004,0.15));
#7696=CARTESIAN_POINT('',(0.068,0.00399999999999999,0.035));
#7697=CARTESIAN_POINT('',(0.068,0.00899999999999999,0.035));
#7698=CARTESIAN_POINT('',(0.068,0.00899999999999999,0.03));
#7699=CARTESIAN_POINT('',(0.068,-0.00600000000000001,0.03));
#7700=CARTESIAN_POINT('',(0.032,0.03,0.15));
#7701=CARTESIAN_POINT('',(0.032,0.009,-0.035));
#7702=CARTESIAN_POINT('',(0.032,0.00399999999999999,-0.035));
#7703=CARTESIAN_POINT('',(0.032,0.00899999999999999,-0.03));
#7704=CARTESIAN_POINT('',(0.032,0.03,-0.03));
#7705=CARTESIAN_POINT('',(0.032,0.03,-0.03));
#7706=CARTESIAN_POINT('',(0.032,0.03,0.15));
#7707=CARTESIAN_POINT('',(0.032,0.03,-0.02));
#7708=CARTESIAN_POINT('',(0.032,0.03,-0.02));
#7709=CARTESIAN_POINT('',(0.032,0.00399999999999999,-0.02));
#7710=CARTESIAN_POINT('',(0.032,0.00399999999999999,-0.03));
#7711=CARTESIAN_POINT('',(0.032,0.00399999999999998,0.15));
#7712=CARTESIAN_POINT('',(0.032,0.03,0.15));
#7713=CARTESIAN_POINT('',(0.032,0.00399999999999999,0.03));
#7714=CARTESIAN_POINT('',(0.032,0.004,0.02));
#7715=CARTESIAN_POINT('',(0.032,-0.00600000000000001,0.03));
#7716=CARTESIAN_POINT('',(0.032,0.03,0.02));
#7717=CARTESIAN_POINT('',(0.032,0.03,0.02));
#7718=CARTESIAN_POINT('',(0.032,0.03,0.15));
#7719=CARTESIAN_POINT('',(0.032,0.03,0.03));
#7720=CARTESIAN_POINT('',(0.032,0.03,0.03));
#7721=CARTESIAN_POINT('',(0.032,0.00899999999999999,0.03));
#7722=CARTESIAN_POINT('',(0.032,0.00899999999999999,0.035));
#7723=CARTESIAN_POINT('',(0.032,0.00399999999999999,0.035));
#7724=CARTESIAN_POINT('',(0.032,0.00399999999999999,0.15));
#7725=CARTESIAN_POINT('',(0.032,-0.00600000000000001,0.));
#7726=CARTESIAN_POINT('',(0.068,0.03,0.15));
#7727=CARTESIAN_POINT('',(0.068,0.03,-0.03));
#7728=CARTESIAN_POINT('',(0.068,0.03,-0.02));
#7729=CARTESIAN_POINT('',(0.068,0.03,0.15));
#7730=CARTESIAN_POINT('',(0.068,0.03,0.02));
#7731=CARTESIAN_POINT('',(0.068,0.03,0.03));
#7732=CARTESIAN_POINT('',(0.118,-0.00600000000000001,0.15));
#7733=CARTESIAN_POINT('',(0.118,0.03,0.15));
#7734=CARTESIAN_POINT('',(0.118,0.03,-0.02));
#7735=CARTESIAN_POINT('',(0.118,0.03,-0.03));
#7736=CARTESIAN_POINT('',(0.118,-0.00600000000000001,-0.03));
#7737=CARTESIAN_POINT('',(0.118,0.00899999999999999,-0.03));
#7738=CARTESIAN_POINT('',(0.118,0.009,-0.035));
#7739=CARTESIAN_POINT('',(0.118,0.00399999999999999,-0.035));
#7740=CARTESIAN_POINT('',(0.118,0.00399999999999998,0.15));
#7741=CARTESIAN_POINT('',(0.118,0.00399999999999999,-0.03));
#7742=CARTESIAN_POINT('',(0.118,0.00399999999999999,-0.02));
#7743=CARTESIAN_POINT('',(0.118,-0.00599999999999998,-0.02));
#7744=CARTESIAN_POINT('',(0.118,-0.00600000000000001,0.15));
#7745=CARTESIAN_POINT('',(0.118,0.03,0.15));
#7746=CARTESIAN_POINT('',(0.118,0.03,0.03));
#7747=CARTESIAN_POINT('',(0.118,0.03,0.02));
#7748=CARTESIAN_POINT('',(0.118,-0.00599999999999996,0.02));
#7749=CARTESIAN_POINT('',(0.118,0.004,0.02));
#7750=CARTESIAN_POINT('',(0.118,0.00399999999999999,0.03));
#7751=CARTESIAN_POINT('',(0.118,-0.00600000000000001,0.03));
#7752=CARTESIAN_POINT('',(0.118,-0.00600000000000001,0.));
#7753=CARTESIAN_POINT('',(0.118,0.004,0.15));
#7754=CARTESIAN_POINT('',(0.118,0.00399999999999999,0.035));
#7755=CARTESIAN_POINT('',(0.118,0.00899999999999999,0.035));
#7756=CARTESIAN_POINT('',(0.118,0.00899999999999999,0.03));
#7757=CARTESIAN_POINT('',(0.118,-0.00600000000000001,0.03));
#7758=CARTESIAN_POINT('',(0.082,0.03,0.15));
#7759=CARTESIAN_POINT('',(0.082,0.009,-0.035));
#7760=CARTESIAN_POINT('',(0.082,0.00399999999999999,-0.035));
#7761=CARTESIAN_POINT('',(0.082,0.00899999999999999,-0.03));
#7762=CARTESIAN_POINT('',(0.082,0.03,-0.03));
#7763=CARTESIAN_POINT('',(0.082,0.03,-0.03));
#7764=CARTESIAN_POINT('',(0.082,0.03,0.15));
#7765=CARTESIAN_POINT('',(0.082,0.03,-0.02));
#7766=CARTESIAN_POINT('',(0.082,0.03,-0.02));
#7767=CARTESIAN_POINT('',(0.082,0.00399999999999999,-0.02));
#7768=CARTESIAN_POINT('',(0.082,0.00399999999999999,-0.03));
#7769=CARTESIAN_POINT('',(0.082,0.00399999999999998,0.15));
#7770=CARTESIAN_POINT('',(0.082,0.03,0.15));
#7771=CARTESIAN_POINT('',(0.082,0.00399999999999999,0.03));
#7772=CARTESIAN_POINT('',(0.082,0.004,0.02));
#7773=CARTESIAN_POINT('',(0.082,-0.00600000000000001,0.03));
#7774=CARTESIAN_POINT('',(0.082,0.03,0.02));
#7775=CARTESIAN_POINT('',(0.082,0.03,0.02));
#7776=CARTESIAN_POINT('',(0.082,0.03,0.15));
#7777=CARTESIAN_POINT('',(0.082,0.03,0.03));
#7778=CARTESIAN_POINT('',(0.082,0.03,0.03));
#7779=CARTESIAN_POINT('',(0.082,0.00899999999999999,0.03));
#7780=CARTESIAN_POINT('',(0.082,0.00899999999999999,0.035));
#7781=CARTESIAN_POINT('',(0.082,0.00399999999999999,0.035));
#7782=CARTESIAN_POINT('',(0.082,0.00399999999999999,0.15));
#7783=CARTESIAN_POINT('',(0.082,-0.00600000000000001,0.));
#7784=CARTESIAN_POINT('',(0.118,0.03,0.15));
#7785=CARTESIAN_POINT('',(0.118,0.03,-0.03));
#7786=CARTESIAN_POINT('',(0.118,0.03,-0.02));
#7787=CARTESIAN_POINT('',(0.118,0.03,0.15));
#7788=CARTESIAN_POINT('',(0.118,0.03,0.02));
#7789=CARTESIAN_POINT('',(0.118,0.03,0.03));
#7790=CARTESIAN_POINT('',(0.168,-0.00600000000000001,0.15));
#7791=CARTESIAN_POINT('',(0.168,0.03,0.15));
#7792=CARTESIAN_POINT('',(0.168,0.03,-0.02));
#7793=CARTESIAN_POINT('',(0.168,0.03,-0.03));
#7794=CARTESIAN_POINT('',(0.168,-0.00600000000000001,-0.03));
#7795=CARTESIAN_POINT('',(0.168,0.00899999999999999,-0.03));
#7796=CARTESIAN_POINT('',(0.168,0.009,-0.035));
#7797=CARTESIAN_POINT('',(0.168,0.00399999999999999,-0.035));
#7798=CARTESIAN_POINT('',(0.168,0.00399999999999998,0.15));
#7799=CARTESIAN_POINT('',(0.168,0.00399999999999999,-0.03));
#7800=CARTESIAN_POINT('',(0.168,0.00399999999999999,-0.02));
#7801=CARTESIAN_POINT('',(0.168,-0.00599999999999998,-0.02));
#7802=CARTESIAN_POINT('',(0.168,-0.00600000000000001,0.15));
#7803=CARTESIAN_POINT('',(0.168,0.03,0.15));
#7804=CARTESIAN_POINT('',(0.168,0.03,0.03));
#7805=CARTESIAN_POINT('',(0.168,0.03,0.02));
#7806=CARTESIAN_POINT('',(0.168,-0.00599999999999996,0.02));
#7807=CARTESIAN_POINT('',(0.168,0.004,0.02));
#7808=CARTESIAN_POINT('',(0.168,0.00399999999999999,0.03));
#7809=CARTESIAN_POINT('',(0.168,-0.00600000000000001,0.03));
#7810=CARTESIAN_POINT('',(0.168,-0.00600000000000001,0.));
#7811=CARTESIAN_POINT('',(0.168,0.004,0.15));
#7812=CARTESIAN_POINT('',(0.168,0.00399999999999999,0.035));
#7813=CARTESIAN_POINT('',(0.168,0.00899999999999999,0.035));
#7814=CARTESIAN_POINT('',(0.168,0.00899999999999999,0.03));
#7815=CARTESIAN_POINT('',(0.168,-0.00600000000000001,0.03));
#7816=CARTESIAN_POINT('',(0.132,0.03,0.15));
#7817=CARTESIAN_POINT('',(0.132,0.009,-0.035));
#7818=CARTESIAN_POINT('',(0.132,0.00399999999999999,-0.035));
#7819=CARTESIAN_POINT('',(0.132,0.00899999999999999,-0.03));
#7820=CARTESIAN_POINT('',(0.132,0.03,-0.03));
#7821=CARTESIAN_POINT('',(0.132,0.03,-0.03));
#7822=CARTESIAN_POINT('',(0.132,0.03,0.15));
#7823=CARTESIAN_POINT('',(0.132,0.03,-0.02));
#7824=CARTESIAN_POINT('',(0.132,0.03,-0.02));
#7825=CARTESIAN_POINT('',(0.132,0.00399999999999999,-0.02));
#7826=CARTESIAN_POINT('',(0.132,0.00399999999999999,-0.03));
#7827=CARTESIAN_POINT('',(0.132,0.00399999999999998,0.15));
#7828=CARTESIAN_POINT('',(0.132,0.03,0.15));
#7829=CARTESIAN_POINT('',(0.132,0.00399999999999999,0.03));
#7830=CARTESIAN_POINT('',(0.132,0.004,0.02));
#7831=CARTESIAN_POINT('',(0.132,-0.00600000000000001,0.03));
#7832=CARTESIAN_POINT('',(0.132,0.03,0.02));
#7833=CARTESIAN_POINT('',(0.132,0.03,0.02));
#7834=CARTESIAN_POINT('',(0.132,0.03,0.15));
#7835=CARTESIAN_POINT('',(0.132,0.03,0.03));
#7836=CARTESIAN_POINT('',(0.132,0.03,0.03));
#7837=CARTESIAN_POINT('',(0.132,0.00899999999999999,0.03));
#7838=CARTESIAN_POINT('',(0.132,0.00899999999999999,0.035));
#7839=CARTESIAN_POINT('',(0.132,0.00399999999999999,0.035));
#7840=CARTESIAN_POINT('',(0.132,0.00399999999999999,0.15));
#7841=CARTESIAN_POINT('',(0.132,-0.00600000000000001,0.));
#7842=CARTESIAN_POINT('',(0.168,0.03,0.15));
#7843=CARTESIAN_POINT('',(0.168,0.03,-0.03));
#7844=CARTESIAN_POINT('',(0.168,0.03,-0.02));
#7845=CARTESIAN_POINT('',(0.168,0.03,0.15));
#7846=CARTESIAN_POINT('',(0.168,0.03,0.02));
#7847=CARTESIAN_POINT('',(0.168,0.03,0.03));
#7848=CARTESIAN_POINT('',(0.218,-0.00600000000000001,0.15));
#7849=CARTESIAN_POINT('',(0.218,0.03,0.15));
#7850=CARTESIAN_POINT('',(0.218,0.03,-0.02));
#7851=CARTESIAN_POINT('',(0.218,0.03,-0.03));
#7852=CARTESIAN_POINT('',(0.218,-0.00600000000000001,-0.03));
#7853=CARTESIAN_POINT('',(0.218,0.00899999999999999,-0.03));
#7854=CARTESIAN_POINT('',(0.218,0.009,-0.035));
#7855=CARTESIAN_POINT('',(0.218,0.00399999999999999,-0.035));
#7856=CARTESIAN_POINT('',(0.218,0.00399999999999998,0.15));
#7857=CARTESIAN_POINT('',(0.218,0.00399999999999999,-0.03));
#7858=CARTESIAN_POINT('',(0.218,0.00399999999999999,-0.02));
#7859=CARTESIAN_POINT('',(0.218,-0.00599999999999998,-0.02));
#7860=CARTESIAN_POINT('',(0.218,-0.00600000000000001,0.15));
#7861=CARTESIAN_POINT('',(0.218,0.03,0.15));
#7862=CARTESIAN_POINT('',(0.218,0.03,0.03));
#7863=CARTESIAN_POINT('',(0.218,0.03,0.02));
#7864=CARTESIAN_POINT('',(0.218,-0.00599999999999996,0.02));
#7865=CARTESIAN_POINT('',(0.218,0.004,0.02));
#7866=CARTESIAN_POINT('',(0.218,0.00399999999999999,0.03));
#7867=CARTESIAN_POINT('',(0.218,-0.00600000000000001,0.03));
#7868=CARTESIAN_POINT('',(0.218,-0.00600000000000001,0.));
#7869=CARTESIAN_POINT('',(0.218,0.004,0.15));
#7870=CARTESIAN_POINT('',(0.218,0.00399999999999999,0.035));
#7871=CARTESIAN_POINT('',(0.218,0.00899999999999999,0.035));
#7872=CARTESIAN_POINT('',(0.218,0.00899999999999999,0.03));
#7873=CARTESIAN_POINT('',(0.218,-0.00600000000000001,0.03));
#7874=CARTESIAN_POINT('',(0.182,0.03,0.15));
#7875=CARTESIAN_POINT('',(0.182,0.009,-0.035));
#7876=CARTESIAN_POINT('',(0.182,0.00399999999999999,-0.035));
#7877=CARTESIAN_POINT('',(0.182,0.00899999999999999,-0.03));
#7878=CARTESIAN_POINT('',(0.182,0.03,-0.03));
#7879=CARTESIAN_POINT('',(0.182,0.03,-0.03));
#7880=CARTESIAN_POINT('',(0.182,0.03,0.15));
#7881=CARTESIAN_POINT('',(0.182,0.03,-0.02));
#7882=CARTESIAN_POINT('',(0.182,0.03,-0.02));
#7883=CARTESIAN_POINT('',(0.182,0.00399999999999999,-0.02));
#7884=CARTESIAN_POINT('',(0.182,0.00399999999999999,-0.03));
#7885=CARTESIAN_POINT('',(0.182,0.00399999999999998,0.15));
#7886=CARTESIAN_POINT('',(0.182,0.03,0.15));
#7887=CARTESIAN_POINT('',(0.182,0.00399999999999999,0.03));
#7888=CARTESIAN_POINT('',(0.182,0.004,0.02));
#7889=CARTESIAN_POINT('',(0.182,-0.00600000000000001,0.03));
#7890=CARTESIAN_POINT('',(0.182,0.03,0.02));
#7891=CARTESIAN_POINT('',(0.182,0.03,0.02));
#7892=CARTESIAN_POINT('',(0.182,0.03,0.15));
#7893=CARTESIAN_POINT('',(0.182,0.03,0.03));
#7894=CARTESIAN_POINT('',(0.182,0.03,0.03));
#7895=CARTESIAN_POINT('',(0.182,0.00899999999999999,0.03));
#7896=CARTESIAN_POINT('',(0.182,0.00899999999999999,0.035));
#7897=CARTESIAN_POINT('',(0.182,0.00399999999999999,0.035));
#7898=CARTESIAN_POINT('',(0.182,0.00399999999999999,0.15));
#7899=CARTESIAN_POINT('',(0.182,-0.00600000000000001,0.));
#7900=CARTESIAN_POINT('',(0.218,0.03,0.15));
#7901=CARTESIAN_POINT('',(0.218,0.03,-0.03));
#7902=CARTESIAN_POINT('',(0.218,0.03,-0.02));
#7903=CARTESIAN_POINT('',(0.218,0.03,0.15));
#7904=CARTESIAN_POINT('',(0.218,0.03,0.02));
#7905=CARTESIAN_POINT('',(0.218,0.03,0.03));
#7906=CARTESIAN_POINT('',(0.268,0.03,0.15));
#7907=CARTESIAN_POINT('',(0.232,0.03,0.15));
#7908=CARTESIAN_POINT('',(0.232,0.03,-0.02));
#7909=CARTESIAN_POINT('',(0.232,0.03,-0.03));
#7910=CARTESIAN_POINT('',(0.268,0.03,-0.03));
#7911=CARTESIAN_POINT('',(0.268,0.03,-0.02));
#7912=CARTESIAN_POINT('',(0.268,0.03,0.15));
#7913=CARTESIAN_POINT('',(0.232,0.03,0.15));
#7914=CARTESIAN_POINT('',(0.232,0.03,0.03));
#7915=CARTESIAN_POINT('',(0.232,0.03,0.02));
#7916=CARTESIAN_POINT('',(0.268,0.03,0.02));
#7917=CARTESIAN_POINT('',(0.268,0.03,0.03));
#7918=CARTESIAN_POINT('',(0.232,0.03,0.15));
#7919=CARTESIAN_POINT('',(0.232,0.009,-0.035));
#7920=CARTESIAN_POINT('',(0.232,0.00399999999999999,-0.035));
#7921=CARTESIAN_POINT('',(0.232,0.00899999999999999,-0.03));
#7922=CARTESIAN_POINT('',(0.232,0.03,-0.03));
#7923=CARTESIAN_POINT('',(0.232,0.03,-0.02));
#7924=CARTESIAN_POINT('',(0.232,0.00399999999999999,-0.02));
#7925=CARTESIAN_POINT('',(0.232,0.00399999999999999,-0.03));
#7926=CARTESIAN_POINT('',(0.232,0.00399999999999998,0.15));
#7927=CARTESIAN_POINT('',(0.232,0.03,0.15));
#7928=CARTESIAN_POINT('',(0.232,0.00399999999999999,0.03));
#7929=CARTESIAN_POINT('',(0.232,0.00399999999999999,0.02));
#7930=CARTESIAN_POINT('',(0.232,-0.00600000000000001,0.03));
#7931=CARTESIAN_POINT('',(0.232,0.03,0.02));
#7932=CARTESIAN_POINT('',(0.232,0.03,0.03));
#7933=CARTESIAN_POINT('',(0.232,0.00899999999999999,0.03));
#7934=CARTESIAN_POINT('',(0.232,0.00899999999999999,0.035));
#7935=CARTESIAN_POINT('',(0.232,0.00399999999999999,0.035));
#7936=CARTESIAN_POINT('',(0.232,0.00399999999999999,0.15));
#7937=CARTESIAN_POINT('',(0.232,-0.00600000000000001,0.));
#7938=CARTESIAN_POINT('',(0.,-0.00600000000000001,0.));
#7939=CARTESIAN_POINT('',(0.25,-0.00600000000000001,0.03));
#7940=CARTESIAN_POINT('',(0.,-0.00600000000000001,0.));
#7941=CARTESIAN_POINT('',(0.25,-0.00600000000000001,0.03));
#7942=CARTESIAN_POINT('',(0.,-0.00600000000000001,0.));
#7943=CARTESIAN_POINT('',(0.25,-0.00600000000000001,0.03));
#7944=CARTESIAN_POINT('',(0.,-0.00600000000000001,0.));
#7945=CARTESIAN_POINT('',(0.25,-0.00600000000000001,0.03));
#7946=CARTESIAN_POINT('',(0.,-0.00600000000000001,0.));
#7947=CARTESIAN_POINT('',(0.25,-0.00600000000000001,0.03));
#7948=CARTESIAN_POINT('',(0.,-0.00600000000000001,0.));
#7949=CARTESIAN_POINT('',(0.25,-0.00600000000000001,0.03));
#7950=CARTESIAN_POINT('',(0.,-0.00600000000000001,0.));
#7951=CARTESIAN_POINT('',(0.25,-0.00600000000000001,0.03));
#7952=CARTESIAN_POINT('',(0.,-0.00600000000000001,0.));
#7953=CARTESIAN_POINT('',(0.25,-0.00600000000000001,0.03));
#7954=CARTESIAN_POINT('',(0.,-0.00600000000000001,0.));
#7955=CARTESIAN_POINT('',(0.25,-0.00600000000000001,0.03));
#7956=CARTESIAN_POINT('',(0.,-0.00600000000000001,0.));
#7957=CARTESIAN_POINT('',(0.25,-0.00600000000000001,0.03));
#7958=CARTESIAN_POINT('',(0.25,0.00899999999999999,0.03));
#7959=CARTESIAN_POINT('',(0.25,0.00899999999999999,0.03));
#7960=CARTESIAN_POINT('',(0.25,0.00899999999999999,0.03));
#7961=CARTESIAN_POINT('',(0.25,0.00899999999999999,0.03));
#7962=CARTESIAN_POINT('',(0.25,0.00899999999999999,0.03));
#7963=CARTESIAN_POINT('',(0.25,0.00899999999999999,0.03));
#7964=CARTESIAN_POINT('',(0.25,0.00899999999999999,0.03));
#7965=CARTESIAN_POINT('',(0.25,0.00899999999999999,0.03));
#7966=CARTESIAN_POINT('',(0.25,0.00899999999999999,0.03));
#7967=CARTESIAN_POINT('',(0.25,0.00899999999999999,0.03));
#7968=CARTESIAN_POINT('',(0.25,0.00899999999999999,0.03));
#7969=CARTESIAN_POINT('',(0.25,0.031,0.03));
#7970=CARTESIAN_POINT('',(0.25,0.00899999999999999,0.035));
#7971=CARTESIAN_POINT('',(0.25,0.00399999999999999,0.035));
#7972=CARTESIAN_POINT('',(0.25,0.00399999999999999,0.125));
#7973=CARTESIAN_POINT('',(0.25,0.00899999999999999,0.035));
#7974=CARTESIAN_POINT('',(0.25,0.00399999999999999,0.035));
#7975=CARTESIAN_POINT('',(0.25,0.00399999999999999,0.125));
#7976=CARTESIAN_POINT('',(0.25,0.00899999999999999,0.035));
#7977=CARTESIAN_POINT('',(0.25,0.00399999999999999,0.035));
#7978=CARTESIAN_POINT('',(0.25,0.00399999999999999,0.125));
#7979=CARTESIAN_POINT('',(0.25,0.00899999999999999,0.035));
#7980=CARTESIAN_POINT('',(0.25,0.00399999999999999,0.035));
#7981=CARTESIAN_POINT('',(0.25,0.00399999999999999,0.125));
#7982=CARTESIAN_POINT('',(0.25,0.00899999999999999,0.035));
#7983=CARTESIAN_POINT('',(0.25,0.00399999999999999,0.035));
#7984=CARTESIAN_POINT('',(0.25,0.00399999999999999,0.125));
#7985=CARTESIAN_POINT('',(0.25,0.00899999999999999,0.035));
#7986=CARTESIAN_POINT('',(0.25,0.00399999999999999,0.035));
#7987=CARTESIAN_POINT('',(0.25,0.00399999999999999,0.125));
#7988=CARTESIAN_POINT('',(0.25,0.00899999999999999,0.035));
#7989=CARTESIAN_POINT('',(0.25,0.00399999999999999,0.035));
#7990=CARTESIAN_POINT('',(0.25,0.00399999999999999,0.125));
#7991=CARTESIAN_POINT('',(0.25,0.00899999999999999,0.035));
#7992=CARTESIAN_POINT('',(0.25,0.00399999999999999,0.035));
#7993=CARTESIAN_POINT('',(0.25,0.00399999999999999,0.125));
#7994=CARTESIAN_POINT('',(0.25,0.00899999999999999,0.035));
#7995=CARTESIAN_POINT('',(0.25,0.00399999999999999,0.035));
#7996=CARTESIAN_POINT('',(0.25,0.00399999999999999,0.125));
#7997=CARTESIAN_POINT('',(0.25,0.00899999999999999,0.035));
#7998=CARTESIAN_POINT('',(0.25,0.00399999999999999,0.035));
#7999=CARTESIAN_POINT('',(0.25,0.00399999999999999,0.125));
#8000=CARTESIAN_POINT('',(0.25,0.031,0.03));
#8001=CARTESIAN_POINT('',(0.25,0.00399999999999999,-0.02));
#8002=CARTESIAN_POINT('',(0.25,0.00399999999999999,-0.02));
#8003=CARTESIAN_POINT('',(0.25,0.00399999999999999,-0.02));
#8004=CARTESIAN_POINT('',(0.25,0.00399999999999999,-0.02));
#8005=CARTESIAN_POINT('',(0.25,0.00399999999999999,-0.02));
#8006=CARTESIAN_POINT('',(0.25,0.00399999999999999,-0.02));
#8007=CARTESIAN_POINT('',(0.25,0.00399999999999999,-0.02));
#8008=CARTESIAN_POINT('',(0.25,0.00399999999999999,-0.02));
#8009=CARTESIAN_POINT('',(0.25,0.00399999999999999,-0.02));
#8010=CARTESIAN_POINT('',(0.25,0.00399999999999999,-0.02));
#8011=CARTESIAN_POINT('',(0.25,0.00399999999999999,-0.02));
#8012=CARTESIAN_POINT('',(0.25,0.031,-0.02));
#8013=CARTESIAN_POINT('',(0.25,0.00399999999999999,-0.03));
#8014=CARTESIAN_POINT('',(0.25,0.00399999999999999,-0.03));
#8015=CARTESIAN_POINT('',(0.25,0.00399999999999999,-0.03));
#8016=CARTESIAN_POINT('',(0.25,0.00399999999999999,-0.03));
#8017=CARTESIAN_POINT('',(0.25,0.00399999999999999,-0.03));
#8018=CARTESIAN_POINT('',(0.25,0.00399999999999999,-0.03));
#8019=CARTESIAN_POINT('',(0.25,0.00399999999999999,-0.03));
#8020=CARTESIAN_POINT('',(0.25,0.00399999999999999,-0.03));
#8021=CARTESIAN_POINT('',(0.25,0.00399999999999999,-0.03));
#8022=CARTESIAN_POINT('',(0.25,0.00399999999999999,-0.03));
#8023=CARTESIAN_POINT('',(0.25,0.00399999999999999,0.03));
#8024=CARTESIAN_POINT('',(0.25,0.004,0.02));
#8025=CARTESIAN_POINT('',(0.25,0.031,0.02));
#8026=CARTESIAN_POINT('',(0.25,0.031,0.02));
#8027=CARTESIAN_POINT('',(0.25,0.004,0.02));
#8028=CARTESIAN_POINT('',(0.25,0.004,0.02));
#8029=CARTESIAN_POINT('',(0.25,0.004,0.02));
#8030=CARTESIAN_POINT('',(0.25,0.004,0.02));
#8031=CARTESIAN_POINT('',(0.25,0.004,0.02));
#8032=CARTESIAN_POINT('',(0.25,0.004,0.02));
#8033=CARTESIAN_POINT('',(0.25,0.004,0.02));
#8034=CARTESIAN_POINT('',(0.25,0.004,0.02));
#8035=CARTESIAN_POINT('',(0.25,0.004,0.02));
#8036=CARTESIAN_POINT('',(0.25,0.00399999999999999,0.03));
#8037=CARTESIAN_POINT('',(0.25,0.00399999999999999,0.03));
#8038=CARTESIAN_POINT('',(0.25,0.00399999999999999,0.03));
#8039=CARTESIAN_POINT('',(0.25,0.00399999999999999,0.03));
#8040=CARTESIAN_POINT('',(0.25,0.00399999999999999,0.03));
#8041=CARTESIAN_POINT('',(0.25,0.00399999999999999,0.03));
#8042=CARTESIAN_POINT('',(0.25,0.00399999999999999,0.03));
#8043=CARTESIAN_POINT('',(0.25,0.00399999999999999,0.03));
#8044=CARTESIAN_POINT('',(0.25,0.00399999999999999,0.03));
#8045=CARTESIAN_POINT('',(0.25,0.031,-0.02));
#8046=CARTESIAN_POINT('',(0.25,0.009,-0.035));
#8047=CARTESIAN_POINT('',(0.25,0.00899999999999999,-0.03));
#8048=CARTESIAN_POINT('',(0.25,0.00399999999999999,-0.035));
#8049=CARTESIAN_POINT('',(0.25,0.009,-0.035));
#8050=CARTESIAN_POINT('',(0.25,0.00899999999999999,-0.03));
#8051=CARTESIAN_POINT('',(0.25,0.00399999999999999,-0.035));
#8052=CARTESIAN_POINT('',(0.25,0.009,-0.035));
#8053=CARTESIAN_POINT('',(0.25,0.00899999999999999,-0.03));
#8054=CARTESIAN_POINT('',(0.25,0.00399999999999999,-0.035));
#8055=CARTESIAN_POINT('',(0.25,0.009,-0.035));
#8056=CARTESIAN_POINT('',(0.25,0.00899999999999999,-0.03));
#8057=CARTESIAN_POINT('',(0.25,0.00399999999999999,-0.035));
#8058=CARTESIAN_POINT('',(0.25,0.009,-0.035));
#8059=CARTESIAN_POINT('',(0.25,0.00899999999999999,-0.03));
#8060=CARTESIAN_POINT('',(0.25,0.00399999999999999,-0.035));
#8061=CARTESIAN_POINT('',(0.25,0.009,-0.035));
#8062=CARTESIAN_POINT('',(0.25,0.00899999999999999,-0.03));
#8063=CARTESIAN_POINT('',(0.25,0.00399999999999999,-0.035));
#8064=CARTESIAN_POINT('',(0.25,0.009,-0.035));
#8065=CARTESIAN_POINT('',(0.25,0.00899999999999999,-0.03));
#8066=CARTESIAN_POINT('',(0.25,0.00399999999999999,-0.035));
#8067=CARTESIAN_POINT('',(0.25,0.009,-0.035));
#8068=CARTESIAN_POINT('',(0.25,0.00899999999999999,-0.03));
#8069=CARTESIAN_POINT('',(0.25,0.00399999999999999,-0.035));
#8070=CARTESIAN_POINT('',(0.25,0.009,-0.035));
#8071=CARTESIAN_POINT('',(0.25,0.00899999999999999,-0.03));
#8072=CARTESIAN_POINT('',(0.25,0.00399999999999999,-0.035));
#8073=CARTESIAN_POINT('',(0.25,0.00399999999999999,-0.035));
#8074=CARTESIAN_POINT('',(0.25,0.00399999999999999,-0.035));
#8075=CARTESIAN_POINT('',(0.25,0.00399999999999999,-0.035));
#8076=CARTESIAN_POINT('',(0.25,0.00399999999999999,-0.035));
#8077=CARTESIAN_POINT('',(0.25,0.00399999999999999,-0.035));
#8078=CARTESIAN_POINT('',(0.25,0.00399999999999999,-0.035));
#8079=CARTESIAN_POINT('',(0.25,0.00399999999999999,-0.035));
#8080=CARTESIAN_POINT('',(0.25,0.00399999999999999,-0.035));
#8081=CARTESIAN_POINT('',(0.25,0.00399999999999999,-0.035));
#8082=CARTESIAN_POINT('',(0.25,0.00399999999999999,-0.035));
#8083=CARTESIAN_POINT('',(0.25,0.031,-0.035));
#8084=CARTESIAN_POINT('',(0.25,0.031,-0.03));
#8085=CARTESIAN_POINT('',(0.25,0.031,-0.03));
#8086=CARTESIAN_POINT('',(0.25,0.00899999999999999,-0.03));
#8087=CARTESIAN_POINT('',(0.25,0.009,-0.035));
#8088=CARTESIAN_POINT('',(0.25,0.00399999999999999,-0.035));
#8089=CARTESIAN_POINT('',(50.,0.0324999999999989,20.));
#8090=CARTESIAN_POINT('',(0.,0.,0.));
#8091=MECHANICAL_DESIGN_GEOMETRIC_PRESENTATION_REPRESENTATION('',(#4911,
#4912,#4913),#8092);
#8092=(
GEOMETRIC_REPRESENTATION_CONTEXT(3)
GLOBAL_UNCERTAINTY_ASSIGNED_CONTEXT((#8096))
GLOBAL_UNIT_ASSIGNED_CONTEXT((#8102,#8101,#8100))
REPRESENTATION_CONTEXT('TFM-110-02-S-D-A','TOP_LEVEL_ASSEMBLY_PART')
);
#8093=(
GEOMETRIC_REPRESENTATION_CONTEXT(3)
GLOBAL_UNCERTAINTY_ASSIGNED_CONTEXT((#8097))
GLOBAL_UNIT_ASSIGNED_CONTEXT((#8102,#8101,#8100))
REPRESENTATION_CONTEXT('TFM-110-02-L-D-A_terminal','COMPONENT_PART')
);
#8094=(
GEOMETRIC_REPRESENTATION_CONTEXT(3)
GLOBAL_UNCERTAINTY_ASSIGNED_CONTEXT((#8098))
GLOBAL_UNIT_ASSIGNED_CONTEXT((#8102,#8101,#8100))
REPRESENTATION_CONTEXT('TFM-110-02-L-D-L_pins','COMPONENT_PART')
);
#8095=(
GEOMETRIC_REPRESENTATION_CONTEXT(3)
GLOBAL_UNCERTAINTY_ASSIGNED_CONTEXT((#8099))
GLOBAL_UNIT_ASSIGNED_CONTEXT((#8102,#8101,#8100))
REPRESENTATION_CONTEXT('TFM-110-02-L-D-S-2_pins','COMPONENT_PART')
);
#8096=UNCERTAINTY_MEASURE_WITH_UNIT(LENGTH_MEASURE(0.000196850393700787),
#8102,'DISTANCE_ACCURACY_VALUE','Maximum Tolerance applied to model');
#8097=UNCERTAINTY_MEASURE_WITH_UNIT(LENGTH_MEASURE(0.000196850393700787),
#8102,'DISTANCE_ACCURACY_VALUE','Maximum Tolerance applied to model');
#8098=UNCERTAINTY_MEASURE_WITH_UNIT(LENGTH_MEASURE(0.000196850393700787),
#8102,'DISTANCE_ACCURACY_VALUE','Maximum Tolerance applied to model');
#8099=UNCERTAINTY_MEASURE_WITH_UNIT(LENGTH_MEASURE(0.000196850393700787),
#8102,'DISTANCE_ACCURACY_VALUE','Maximum Tolerance applied to model');
#8100=(
NAMED_UNIT(*)
SI_UNIT($,.STERADIAN.)
SOLID_ANGLE_UNIT()
);
#8101=(
NAMED_UNIT(*)
PLANE_ANGLE_UNIT()
SI_UNIT($,.RADIAN.)
);
#8102=(
CONVERSION_BASED_UNIT('INCH',#8104)
LENGTH_UNIT()
NAMED_UNIT(#8103)
);
#8103=DIMENSIONAL_EXPONENTS(1.,0.,0.,0.,0.,0.,0.);
#8104=LENGTH_MEASURE_WITH_UNIT(LENGTH_MEASURE(25.4),#8105);
#8105=(
LENGTH_UNIT()
NAMED_UNIT(*)
SI_UNIT(.MILLI.,.METRE.)
);
#8106=PRODUCT_DEFINITION_SHAPE('','',#8113);
#8107=PRODUCT_DEFINITION_SHAPE('','',#8114);
#8108=PRODUCT_DEFINITION_SHAPE(' ','NAUO PRDDFN',#21);
#8109=PRODUCT_DEFINITION_SHAPE('','',#8115);
#8110=PRODUCT_DEFINITION_SHAPE(' ','NAUO PRDDFN',#22);
#8111=PRODUCT_DEFINITION_SHAPE('','',#8116);
#8112=PRODUCT_DEFINITION_SHAPE(' ','NAUO PRDDFN',#23);
#8113=PRODUCT_DEFINITION('','',#8121,#8117);
#8114=PRODUCT_DEFINITION('','',#8122,#8118);
#8115=PRODUCT_DEFINITION('','',#8123,#8119);
#8116=PRODUCT_DEFINITION('','',#8124,#8120);
#8117=PRODUCT_DEFINITION_CONTEXT('',#8142,'design');
#8118=PRODUCT_DEFINITION_CONTEXT('',#8142,'design');
#8119=PRODUCT_DEFINITION_CONTEXT('',#8142,'design');
#8120=PRODUCT_DEFINITION_CONTEXT('',#8142,'design');
#8121=PRODUCT_DEFINITION_FORMATION_WITH_SPECIFIED_SOURCE('','',#8129,
 .NOT_KNOWN.);
#8122=PRODUCT_DEFINITION_FORMATION_WITH_SPECIFIED_SOURCE('','',#8130,
 .NOT_KNOWN.);
#8123=PRODUCT_DEFINITION_FORMATION_WITH_SPECIFIED_SOURCE('','',#8131,
 .NOT_KNOWN.);
#8124=PRODUCT_DEFINITION_FORMATION_WITH_SPECIFIED_SOURCE('','',#8132,
 .NOT_KNOWN.);
#8125=PRODUCT_RELATED_PRODUCT_CATEGORY('','',(#8129));
#8126=PRODUCT_RELATED_PRODUCT_CATEGORY('','',(#8130));
#8127=PRODUCT_RELATED_PRODUCT_CATEGORY('','',(#8131));
#8128=PRODUCT_RELATED_PRODUCT_CATEGORY('','',(#8132));
#8129=PRODUCT('TFM-110-02-S-D-A','TFM-110-02-S-D-A','TFM-110-02-S-D-A',
(#8137));
#8130=PRODUCT('TFM-110-02-L-D-A_terminal','TFM-110-02-L-D-A_terminal',
'TFM-110-02-L-D-A_terminal',(#8138));
#8131=PRODUCT('TFM-110-02-L-D-L_pins','TFM-110-02-L-D-L_pins',
'TFM-110-02-L-D-L_pins',(#8139));
#8132=PRODUCT('TFM-110-02-L-D-S-2_pins','TFM-110-02-L-D-S-2_pins',
'TFM-110-02-L-D-S-2_pins',(#8140));
#8133=PRODUCT_CATEGORY('','');
#8134=PRODUCT_CATEGORY('','');
#8135=PRODUCT_CATEGORY('','');
#8136=PRODUCT_CATEGORY('','');
#8137=PRODUCT_CONTEXT('',#8142,'mechanical');
#8138=PRODUCT_CONTEXT('',#8142,'mechanical');
#8139=PRODUCT_CONTEXT('',#8142,'mechanical');
#8140=PRODUCT_CONTEXT('',#8142,'mechanical');
#8141=APPLICATION_PROTOCOL_DEFINITION('international standard',
'automotive_design',2010,#8142);
#8142=APPLICATION_CONTEXT(
'core data for automotive mechanical design processes');
ENDSEC;
END-ISO-10303-21;
