ISO-10303-21;
HEADER;
/* Generated by software containing ST-Developer
 * from STEP Tools, Inc. (www.steptools.com) 
 */
/* OPTION: using custom renumber hook */

FILE_DESCRIPTION(
/* description */ ('STEP AP214'),
/* implementation_level */ '2;1');

FILE_NAME(
/* name */ 'SFM-104-02-S-D-A',
/* time_stamp */ '2025-03-30T18:09:32+02:00',
/* author */ ('License CC BY-ND 4.0'),
/* organization */ ('CADENAS'),
/* preprocessor_version */ 'ST-DEVELOPER v19.3',
/* originating_system */ 'PARTsolutions',
/* authorisation */ '  ');

FILE_SCHEMA (('AUTOMOTIVE_DESIGN {1 0 10303 214 3 1 1}'));
ENDSEC;

DATA;
#10=PROPERTY_DEFINITION_REPRESENTATION(#14,#12);
#11=PROPERTY_DEFINITION_REPRESENTATION(#15,#13);
#12=REPRESENTATION('',(#16),#4583);
#13=REPRESENTATION('',(#17),#4583);
#14=PROPERTY_DEFINITION('pmi validation property','',#4595);
#15=PROPERTY_DEFINITION('pmi validation property','',#4595);
#16=VALUE_REPRESENTATION_ITEM('number of annotations',COUNT_MEASURE(0.));
#17=VALUE_REPRESENTATION_ITEM('number of views',COUNT_MEASURE(0.));
#18=CONTEXT_DEPENDENT_SHAPE_REPRESENTATION(#22,#4597);
#19=CONTEXT_DEPENDENT_SHAPE_REPRESENTATION(#23,#4599);
#20=NEXT_ASSEMBLY_USAGE_OCCURRENCE('NAUO1','SFM-104-02-L-D-A_terminal',
'SFM-104-02-L-D-A_terminal',#4600,#4601,'');
#21=NEXT_ASSEMBLY_USAGE_OCCURRENCE('NAUO2','C-04-02-D-S_pins',
'C-04-02-D-S_pins',#4600,#4602,'');
#22=(
REPRESENTATION_RELATIONSHIP(' ',' ',#2836,#2835)
REPRESENTATION_RELATIONSHIP_WITH_TRANSFORMATION(#24)
SHAPE_REPRESENTATION_RELATIONSHIP()
);
#23=(
REPRESENTATION_RELATIONSHIP(' ',' ',#2837,#2835)
REPRESENTATION_RELATIONSHIP_WITH_TRANSFORMATION(#25)
SHAPE_REPRESENTATION_RELATIONSHIP()
);
#24=ITEM_DEFINED_TRANSFORMATION(' ',' ',#2838,#2929);
#25=ITEM_DEFINED_TRANSFORMATION(' ',' ',#2838,#3040);
#26=SHAPE_REPRESENTATION_RELATIONSHIP('','',#2836,#28);
#27=SHAPE_REPRESENTATION_RELATIONSHIP('','',#2837,#29);
#28=ADVANCED_BREP_SHAPE_REPRESENTATION('',(#2830),#4584);
#29=ADVANCED_BREP_SHAPE_REPRESENTATION('',(#2831),#4585);
#30=SPHERICAL_SURFACE('',#2885,0.025);
#31=SPHERICAL_SURFACE('',#2888,0.025);
#32=CYLINDRICAL_SURFACE('',#2860,0.02);
#33=CYLINDRICAL_SURFACE('',#2864,0.0199999999999999);
#34=CYLINDRICAL_SURFACE('',#2866,0.02);
#35=CYLINDRICAL_SURFACE('',#2869,0.02);
#36=CYLINDRICAL_SURFACE('',#2883,0.025);
#37=CYLINDRICAL_SURFACE('',#2886,0.025);
#38=CYLINDRICAL_SURFACE('',#2942,0.01);
#39=CYLINDRICAL_SURFACE('',#2945,0.01);
#40=CYLINDRICAL_SURFACE('',#2948,0.01);
#41=CYLINDRICAL_SURFACE('',#2951,0.01);
#42=CYLINDRICAL_SURFACE('',#2962,0.00999999999999999);
#43=CYLINDRICAL_SURFACE('',#2965,0.00999999999999999);
#44=CYLINDRICAL_SURFACE('',#2968,0.00999999999999999);
#45=CYLINDRICAL_SURFACE('',#2971,0.00999999999999999);
#46=CYLINDRICAL_SURFACE('',#2986,0.005);
#47=CYLINDRICAL_SURFACE('',#2989,0.005);
#48=CYLINDRICAL_SURFACE('',#2992,0.005);
#49=CYLINDRICAL_SURFACE('',#2995,0.005);
#50=CYLINDRICAL_SURFACE('',#3006,0.005);
#51=CYLINDRICAL_SURFACE('',#3009,0.005);
#52=CYLINDRICAL_SURFACE('',#3012,0.005);
#53=CYLINDRICAL_SURFACE('',#3015,0.005);
#54=LINE('',#3790,#392);
#55=LINE('',#3792,#393);
#56=LINE('',#3794,#394);
#57=LINE('',#3796,#395);
#58=LINE('',#3798,#396);
#59=LINE('',#3800,#397);
#60=LINE('',#3802,#398);
#61=LINE('',#3806,#399);
#62=LINE('',#3810,#400);
#63=LINE('',#3815,#401);
#64=LINE('',#3819,#402);
#65=LINE('',#3823,#403);
#66=LINE('',#3827,#404);
#67=LINE('',#3829,#405);
#68=LINE('',#3832,#406);
#69=LINE('',#3834,#407);
#70=LINE('',#3836,#408);
#71=LINE('',#3838,#409);
#72=LINE('',#3840,#410);
#73=LINE('',#3842,#411);
#74=LINE('',#3844,#412);
#75=LINE('',#3846,#413);
#76=LINE('',#3847,#414);
#77=LINE('',#3849,#415);
#78=LINE('',#3851,#416);
#79=LINE('',#3854,#417);
#80=LINE('',#3856,#418);
#81=LINE('',#3857,#419);
#82=LINE('',#3859,#420);
#83=LINE('',#3861,#421);
#84=LINE('',#3863,#422);
#85=LINE('',#3866,#423);
#86=LINE('',#3868,#424);
#87=LINE('',#3869,#425);
#88=LINE('',#3870,#426);
#89=LINE('',#3872,#427);
#90=LINE('',#3875,#428);
#91=LINE('',#3879,#429);
#92=LINE('',#3881,#430);
#93=LINE('',#3884,#431);
#94=LINE('',#3885,#432);
#95=LINE('',#3887,#433);
#96=LINE('',#3890,#434);
#97=LINE('',#3891,#435);
#98=LINE('',#3893,#436);
#99=LINE('',#3896,#437);
#100=LINE('',#3898,#438);
#101=LINE('',#3900,#439);
#102=LINE('',#3901,#440);
#103=LINE('',#3904,#441);
#104=LINE('',#3906,#442);
#105=LINE('',#3908,#443);
#106=LINE('',#3909,#444);
#107=LINE('',#3912,#445);
#108=LINE('',#3914,#446);
#109=LINE('',#3916,#447);
#110=LINE('',#3917,#448);
#111=LINE('',#3920,#449);
#112=LINE('',#3922,#450);
#113=LINE('',#3924,#451);
#114=LINE('',#3925,#452);
#115=LINE('',#3928,#453);
#116=LINE('',#3930,#454);
#117=LINE('',#3932,#455);
#118=LINE('',#3933,#456);
#119=LINE('',#3936,#457);
#120=LINE('',#3938,#458);
#121=LINE('',#3940,#459);
#122=LINE('',#3941,#460);
#123=LINE('',#3944,#461);
#124=LINE('',#3946,#462);
#125=LINE('',#3948,#463);
#126=LINE('',#3949,#464);
#127=LINE('',#3952,#465);
#128=LINE('',#3954,#466);
#129=LINE('',#3956,#467);
#130=LINE('',#3957,#468);
#131=LINE('',#3958,#469);
#132=LINE('',#3959,#470);
#133=LINE('',#3961,#471);
#134=LINE('',#3963,#472);
#135=LINE('',#3965,#473);
#136=LINE('',#3969,#474);
#137=LINE('',#3971,#475);
#138=LINE('',#3973,#476);
#139=LINE('',#3975,#477);
#140=LINE('',#3977,#478);
#141=LINE('',#3981,#479);
#142=LINE('',#3985,#480);
#143=LINE('',#3987,#481);
#144=LINE('',#3991,#482);
#145=LINE('',#3993,#483);
#146=LINE('',#3995,#484);
#147=LINE('',#3997,#485);
#148=LINE('',#3999,#486);
#149=LINE('',#4001,#487);
#150=LINE('',#4003,#488);
#151=LINE('',#4005,#489);
#152=LINE('',#4007,#490);
#153=LINE('',#4008,#491);
#154=LINE('',#4014,#492);
#155=LINE('',#4015,#493);
#156=LINE('',#4027,#494);
#157=LINE('',#4029,#495);
#158=LINE('',#4031,#496);
#159=LINE('',#4033,#497);
#160=LINE('',#4035,#498);
#161=LINE('',#4037,#499);
#162=LINE('',#4039,#500);
#163=LINE('',#4041,#501);
#164=LINE('',#4044,#502);
#165=LINE('',#4046,#503);
#166=LINE('',#4048,#504);
#167=LINE('',#4050,#505);
#168=LINE('',#4052,#506);
#169=LINE('',#4054,#507);
#170=LINE('',#4056,#508);
#171=LINE('',#4058,#509);
#172=LINE('',#4061,#510);
#173=LINE('',#4063,#511);
#174=LINE('',#4065,#512);
#175=LINE('',#4067,#513);
#176=LINE('',#4069,#514);
#177=LINE('',#4071,#515);
#178=LINE('',#4073,#516);
#179=LINE('',#4075,#517);
#180=LINE('',#4078,#518);
#181=LINE('',#4080,#519);
#182=LINE('',#4082,#520);
#183=LINE('',#4084,#521);
#184=LINE('',#4086,#522);
#185=LINE('',#4088,#523);
#186=LINE('',#4090,#524);
#187=LINE('',#4092,#525);
#188=LINE('',#4095,#526);
#189=LINE('',#4097,#527);
#190=LINE('',#4099,#528);
#191=LINE('',#4101,#529);
#192=LINE('',#4103,#530);
#193=LINE('',#4105,#531);
#194=LINE('',#4107,#532);
#195=LINE('',#4109,#533);
#196=LINE('',#4112,#534);
#197=LINE('',#4114,#535);
#198=LINE('',#4116,#536);
#199=LINE('',#4118,#537);
#200=LINE('',#4120,#538);
#201=LINE('',#4122,#539);
#202=LINE('',#4124,#540);
#203=LINE('',#4126,#541);
#204=LINE('',#4129,#542);
#205=LINE('',#4131,#543);
#206=LINE('',#4133,#544);
#207=LINE('',#4135,#545);
#208=LINE('',#4137,#546);
#209=LINE('',#4139,#547);
#210=LINE('',#4141,#548);
#211=LINE('',#4143,#549);
#212=LINE('',#4146,#550);
#213=LINE('',#4148,#551);
#214=LINE('',#4150,#552);
#215=LINE('',#4152,#553);
#216=LINE('',#4154,#554);
#217=LINE('',#4156,#555);
#218=LINE('',#4158,#556);
#219=LINE('',#4160,#557);
#220=LINE('',#4164,#558);
#221=LINE('',#4167,#559);
#222=LINE('',#4169,#560);
#223=LINE('',#4171,#561);
#224=LINE('',#4173,#562);
#225=LINE('',#4176,#563);
#226=LINE('',#4178,#564);
#227=LINE('',#4180,#565);
#228=LINE('',#4182,#566);
#229=LINE('',#4185,#567);
#230=LINE('',#4187,#568);
#231=LINE('',#4189,#569);
#232=LINE('',#4191,#570);
#233=LINE('',#4194,#571);
#234=LINE('',#4196,#572);
#235=LINE('',#4198,#573);
#236=LINE('',#4200,#574);
#237=LINE('',#4202,#575);
#238=LINE('',#4204,#576);
#239=LINE('',#4206,#577);
#240=LINE('',#4208,#578);
#241=LINE('',#4210,#579);
#242=LINE('',#4212,#580);
#243=LINE('',#4214,#581);
#244=LINE('',#4216,#582);
#245=LINE('',#4218,#583);
#246=LINE('',#4220,#584);
#247=LINE('',#4222,#585);
#248=LINE('',#4224,#586);
#249=LINE('',#4226,#587);
#250=LINE('',#4228,#588);
#251=LINE('',#4230,#589);
#252=LINE('',#4232,#590);
#253=LINE('',#4234,#591);
#254=LINE('',#4236,#592);
#255=LINE('',#4238,#593);
#256=LINE('',#4240,#594);
#257=LINE('',#4242,#595);
#258=LINE('',#4244,#596);
#259=LINE('',#4246,#597);
#260=LINE('',#4252,#598);
#261=LINE('',#4258,#599);
#262=LINE('',#4264,#600);
#263=LINE('',#4270,#601);
#264=LINE('',#4272,#602);
#265=LINE('',#4274,#603);
#266=LINE('',#4276,#604);
#267=LINE('',#4278,#605);
#268=LINE('',#4280,#606);
#269=LINE('',#4282,#607);
#270=LINE('',#4284,#608);
#271=LINE('',#4286,#609);
#272=LINE('',#4288,#610);
#273=LINE('',#4290,#611);
#274=LINE('',#4292,#612);
#275=LINE('',#4294,#613);
#276=LINE('',#4296,#614);
#277=LINE('',#4299,#615);
#278=LINE('',#4301,#616);
#279=LINE('',#4303,#617);
#280=LINE('',#4305,#618);
#281=LINE('',#4308,#619);
#282=LINE('',#4310,#620);
#283=LINE('',#4312,#621);
#284=LINE('',#4314,#622);
#285=LINE('',#4317,#623);
#286=LINE('',#4319,#624);
#287=LINE('',#4321,#625);
#288=LINE('',#4323,#626);
#289=LINE('',#4326,#627);
#290=LINE('',#4328,#628);
#291=LINE('',#4330,#629);
#292=LINE('',#4336,#630);
#293=LINE('',#4342,#631);
#294=LINE('',#4348,#632);
#295=LINE('',#4354,#633);
#296=LINE('',#4356,#634);
#297=LINE('',#4358,#635);
#298=LINE('',#4360,#636);
#299=LINE('',#4362,#637);
#300=LINE('',#4364,#638);
#301=LINE('',#4366,#639);
#302=LINE('',#4368,#640);
#303=LINE('',#4370,#641);
#304=LINE('',#4372,#642);
#305=LINE('',#4374,#643);
#306=LINE('',#4376,#644);
#307=LINE('',#4378,#645);
#308=LINE('',#4380,#646);
#309=LINE('',#4382,#647);
#310=LINE('',#4384,#648);
#311=LINE('',#4386,#649);
#312=LINE('',#4388,#650);
#313=LINE('',#4390,#651);
#314=LINE('',#4392,#652);
#315=LINE('',#4394,#653);
#316=LINE('',#4396,#654);
#317=LINE('',#4398,#655);
#318=LINE('',#4400,#656);
#319=LINE('',#4402,#657);
#320=LINE('',#4404,#658);
#321=LINE('',#4406,#659);
#322=LINE('',#4408,#660);
#323=LINE('',#4410,#661);
#324=LINE('',#4412,#662);
#325=LINE('',#4414,#663);
#326=LINE('',#4416,#664);
#327=LINE('',#4418,#665);
#328=LINE('',#4420,#666);
#329=LINE('',#4422,#667);
#330=LINE('',#4424,#668);
#331=LINE('',#4426,#669);
#332=LINE('',#4428,#670);
#333=LINE('',#4434,#671);
#334=LINE('',#4440,#672);
#335=LINE('',#4446,#673);
#336=LINE('',#4452,#674);
#337=LINE('',#4454,#675);
#338=LINE('',#4456,#676);
#339=LINE('',#4458,#677);
#340=LINE('',#4460,#678);
#341=LINE('',#4462,#679);
#342=LINE('',#4464,#680);
#343=LINE('',#4466,#681);
#344=LINE('',#4468,#682);
#345=LINE('',#4470,#683);
#346=LINE('',#4472,#684);
#347=LINE('',#4474,#685);
#348=LINE('',#4476,#686);
#349=LINE('',#4479,#687);
#350=LINE('',#4481,#688);
#351=LINE('',#4483,#689);
#352=LINE('',#4485,#690);
#353=LINE('',#4488,#691);
#354=LINE('',#4490,#692);
#355=LINE('',#4492,#693);
#356=LINE('',#4494,#694);
#357=LINE('',#4497,#695);
#358=LINE('',#4499,#696);
#359=LINE('',#4501,#697);
#360=LINE('',#4503,#698);
#361=LINE('',#4506,#699);
#362=LINE('',#4508,#700);
#363=LINE('',#4510,#701);
#364=LINE('',#4524,#702);
#365=LINE('',#4527,#703);
#366=LINE('',#4529,#704);
#367=LINE('',#4531,#705);
#368=LINE('',#4533,#706);
#369=LINE('',#4536,#707);
#370=LINE('',#4538,#708);
#371=LINE('',#4540,#709);
#372=LINE('',#4542,#710);
#373=LINE('',#4543,#711);
#374=LINE('',#4545,#712);
#375=LINE('',#4547,#713);
#376=LINE('',#4549,#714);
#377=LINE('',#4550,#715);
#378=LINE('',#4551,#716);
#379=LINE('',#4552,#717);
#380=LINE('',#4553,#718);
#381=LINE('',#4554,#719);
#382=LINE('',#4555,#720);
#383=LINE('',#4556,#721);
#384=LINE('',#4557,#722);
#385=LINE('',#4558,#723);
#386=LINE('',#4559,#724);
#387=LINE('',#4560,#725);
#388=LINE('',#4561,#726);
#389=LINE('',#4562,#727);
#390=LINE('',#4563,#728);
#391=LINE('',#4564,#729);
#392=VECTOR('',#3047,39.3700787401575);
#393=VECTOR('',#3048,39.3700787401575);
#394=VECTOR('',#3049,39.3700787401575);
#395=VECTOR('',#3050,39.3700787401575);
#396=VECTOR('',#3051,39.3700787401575);
#397=VECTOR('',#3052,39.3700787401575);
#398=VECTOR('',#3053,39.3700787401575);
#399=VECTOR('',#3058,39.3700787401575);
#400=VECTOR('',#3061,39.3700787401575);
#401=VECTOR('',#3066,39.3700787401575);
#402=VECTOR('',#3069,39.3700787401575);
#403=VECTOR('',#3074,39.3700787401575);
#404=VECTOR('',#3077,39.3700787401575);
#405=VECTOR('',#3080,39.3700787401575);
#406=VECTOR('',#3081,39.3700787401575);
#407=VECTOR('',#3082,39.3700787401575);
#408=VECTOR('',#3083,39.3700787401575);
#409=VECTOR('',#3084,39.3700787401575);
#410=VECTOR('',#3085,39.3700787401575);
#411=VECTOR('',#3086,39.3700787401575);
#412=VECTOR('',#3087,39.3700787401575);
#413=VECTOR('',#3088,39.3700787401575);
#414=VECTOR('',#3089,39.3700787401575);
#415=VECTOR('',#3090,39.3700787401575);
#416=VECTOR('',#3093,39.3700787401575);
#417=VECTOR('',#3094,39.3700787401575);
#418=VECTOR('',#3095,39.3700787401575);
#419=VECTOR('',#3096,39.3700787401575);
#420=VECTOR('',#3097,39.3700787401575);
#421=VECTOR('',#3098,39.3700787401575);
#422=VECTOR('',#3099,39.3700787401575);
#423=VECTOR('',#3104,39.3700787401575);
#424=VECTOR('',#3105,39.3700787401575);
#425=VECTOR('',#3106,39.3700787401575);
#426=VECTOR('',#3107,39.3700787401575);
#427=VECTOR('',#3108,39.3700787401575);
#428=VECTOR('',#3113,39.3700787401575);
#429=VECTOR('',#3116,39.3700787401575);
#430=VECTOR('',#3119,39.3700787401575);
#431=VECTOR('',#3120,39.3700787401575);
#432=VECTOR('',#3121,39.3700787401575);
#433=VECTOR('',#3124,39.3700787401575);
#434=VECTOR('',#3125,39.3700787401575);
#435=VECTOR('',#3126,39.3700787401575);
#436=VECTOR('',#3129,39.3700787401575);
#437=VECTOR('',#3130,39.3700787401575);
#438=VECTOR('',#3131,39.3700787401575);
#439=VECTOR('',#3132,39.3700787401575);
#440=VECTOR('',#3133,39.3700787401575);
#441=VECTOR('',#3134,39.3700787401575);
#442=VECTOR('',#3135,39.3700787401575);
#443=VECTOR('',#3136,39.3700787401575);
#444=VECTOR('',#3137,39.3700787401575);
#445=VECTOR('',#3138,39.3700787401575);
#446=VECTOR('',#3139,39.3700787401575);
#447=VECTOR('',#3140,39.3700787401575);
#448=VECTOR('',#3141,39.3700787401575);
#449=VECTOR('',#3142,39.3700787401575);
#450=VECTOR('',#3143,39.3700787401575);
#451=VECTOR('',#3144,39.3700787401575);
#452=VECTOR('',#3145,39.3700787401575);
#453=VECTOR('',#3146,39.3700787401575);
#454=VECTOR('',#3147,39.3700787401575);
#455=VECTOR('',#3148,39.3700787401575);
#456=VECTOR('',#3149,39.3700787401575);
#457=VECTOR('',#3150,39.3700787401575);
#458=VECTOR('',#3151,39.3700787401575);
#459=VECTOR('',#3152,39.3700787401575);
#460=VECTOR('',#3153,39.3700787401575);
#461=VECTOR('',#3154,39.3700787401575);
#462=VECTOR('',#3155,39.3700787401575);
#463=VECTOR('',#3156,39.3700787401575);
#464=VECTOR('',#3157,39.3700787401575);
#465=VECTOR('',#3158,39.3700787401575);
#466=VECTOR('',#3159,39.3700787401575);
#467=VECTOR('',#3160,39.3700787401575);
#468=VECTOR('',#3161,39.3700787401575);
#469=VECTOR('',#3162,39.3700787401575);
#470=VECTOR('',#3163,39.3700787401575);
#471=VECTOR('',#3164,39.3700787401575);
#472=VECTOR('',#3165,39.3700787401575);
#473=VECTOR('',#3168,39.3700787401575);
#474=VECTOR('',#3173,39.3700787401575);
#475=VECTOR('',#3174,39.3700787401575);
#476=VECTOR('',#3177,39.3700787401575);
#477=VECTOR('',#3178,39.3700787401575);
#478=VECTOR('',#3179,39.3700787401575);
#479=VECTOR('',#3186,39.3700787401575);
#480=VECTOR('',#3191,39.3700787401575);
#481=VECTOR('',#3192,39.3700787401575);
#482=VECTOR('',#3197,39.3700787401575);
#483=VECTOR('',#3200,39.3700787401575);
#484=VECTOR('',#3201,39.3700787401575);
#485=VECTOR('',#3204,39.3700787401575);
#486=VECTOR('',#3207,39.3700787401575);
#487=VECTOR('',#3210,39.3700787401575);
#488=VECTOR('',#3211,39.3700787401575);
#489=VECTOR('',#3212,39.3700787401575);
#490=VECTOR('',#3215,39.3700787401575);
#491=VECTOR('',#3216,39.3700787401575);
#492=VECTOR('',#3227,39.3700787401575);
#493=VECTOR('',#3228,39.3700787401575);
#494=VECTOR('',#3247,39.3700787401575);
#495=VECTOR('',#3248,39.3700787401575);
#496=VECTOR('',#3249,39.3700787401575);
#497=VECTOR('',#3252,39.3700787401575);
#498=VECTOR('',#3253,39.3700787401575);
#499=VECTOR('',#3256,39.3700787401575);
#500=VECTOR('',#3257,39.3700787401575);
#501=VECTOR('',#3260,39.3700787401575);
#502=VECTOR('',#3265,39.3700787401575);
#503=VECTOR('',#3266,39.3700787401575);
#504=VECTOR('',#3267,39.3700787401575);
#505=VECTOR('',#3270,39.3700787401575);
#506=VECTOR('',#3271,39.3700787401575);
#507=VECTOR('',#3274,39.3700787401575);
#508=VECTOR('',#3275,39.3700787401575);
#509=VECTOR('',#3278,39.3700787401575);
#510=VECTOR('',#3283,39.3700787401575);
#511=VECTOR('',#3284,39.3700787401575);
#512=VECTOR('',#3285,39.3700787401575);
#513=VECTOR('',#3288,39.3700787401575);
#514=VECTOR('',#3289,39.3700787401575);
#515=VECTOR('',#3292,39.3700787401575);
#516=VECTOR('',#3293,39.3700787401575);
#517=VECTOR('',#3296,39.3700787401575);
#518=VECTOR('',#3301,39.3700787401575);
#519=VECTOR('',#3302,39.3700787401575);
#520=VECTOR('',#3303,39.3700787401575);
#521=VECTOR('',#3306,39.3700787401575);
#522=VECTOR('',#3307,39.3700787401575);
#523=VECTOR('',#3310,39.3700787401575);
#524=VECTOR('',#3311,39.3700787401575);
#525=VECTOR('',#3314,39.3700787401575);
#526=VECTOR('',#3319,39.3700787401575);
#527=VECTOR('',#3320,39.3700787401575);
#528=VECTOR('',#3321,39.3700787401575);
#529=VECTOR('',#3324,39.3700787401575);
#530=VECTOR('',#3325,39.3700787401575);
#531=VECTOR('',#3328,39.3700787401575);
#532=VECTOR('',#3329,39.3700787401575);
#533=VECTOR('',#3332,39.3700787401575);
#534=VECTOR('',#3337,39.3700787401575);
#535=VECTOR('',#3338,39.3700787401575);
#536=VECTOR('',#3339,39.3700787401575);
#537=VECTOR('',#3342,39.3700787401575);
#538=VECTOR('',#3343,39.3700787401575);
#539=VECTOR('',#3346,39.3700787401575);
#540=VECTOR('',#3347,39.3700787401575);
#541=VECTOR('',#3350,39.3700787401575);
#542=VECTOR('',#3355,39.3700787401575);
#543=VECTOR('',#3356,39.3700787401575);
#544=VECTOR('',#3357,39.3700787401575);
#545=VECTOR('',#3360,39.3700787401575);
#546=VECTOR('',#3361,39.3700787401575);
#547=VECTOR('',#3364,39.3700787401575);
#548=VECTOR('',#3365,39.3700787401575);
#549=VECTOR('',#3368,39.3700787401575);
#550=VECTOR('',#3373,39.3700787401575);
#551=VECTOR('',#3374,39.3700787401575);
#552=VECTOR('',#3375,39.3700787401575);
#553=VECTOR('',#3378,39.3700787401575);
#554=VECTOR('',#3379,39.3700787401575);
#555=VECTOR('',#3382,39.3700787401575);
#556=VECTOR('',#3383,39.3700787401575);
#557=VECTOR('',#3386,39.3700787401575);
#558=VECTOR('',#3393,39.3700787401575);
#559=VECTOR('',#3394,39.3700787401575);
#560=VECTOR('',#3395,39.3700787401575);
#561=VECTOR('',#3396,39.3700787401575);
#562=VECTOR('',#3399,39.3700787401575);
#563=VECTOR('',#3400,39.3700787401575);
#564=VECTOR('',#3401,39.3700787401575);
#565=VECTOR('',#3402,39.3700787401575);
#566=VECTOR('',#3405,39.3700787401575);
#567=VECTOR('',#3406,39.3700787401575);
#568=VECTOR('',#3407,39.3700787401575);
#569=VECTOR('',#3408,39.3700787401575);
#570=VECTOR('',#3411,39.3700787401575);
#571=VECTOR('',#3412,39.3700787401575);
#572=VECTOR('',#3413,39.3700787401575);
#573=VECTOR('',#3414,39.3700787401575);
#574=VECTOR('',#3417,39.3700787401575);
#575=VECTOR('',#3418,39.3700787401575);
#576=VECTOR('',#3419,39.3700787401575);
#577=VECTOR('',#3422,39.3700787401575);
#578=VECTOR('',#3423,39.3700787401575);
#579=VECTOR('',#3424,39.3700787401575);
#580=VECTOR('',#3427,39.3700787401575);
#581=VECTOR('',#3428,39.3700787401575);
#582=VECTOR('',#3429,39.3700787401575);
#583=VECTOR('',#3432,39.3700787401575);
#584=VECTOR('',#3433,39.3700787401575);
#585=VECTOR('',#3434,39.3700787401575);
#586=VECTOR('',#3437,39.3700787401575);
#587=VECTOR('',#3438,39.3700787401575);
#588=VECTOR('',#3439,39.3700787401575);
#589=VECTOR('',#3442,39.3700787401575);
#590=VECTOR('',#3443,39.3700787401575);
#591=VECTOR('',#3444,39.3700787401575);
#592=VECTOR('',#3447,39.3700787401575);
#593=VECTOR('',#3448,39.3700787401575);
#594=VECTOR('',#3449,39.3700787401575);
#595=VECTOR('',#3452,39.3700787401575);
#596=VECTOR('',#3453,39.3700787401575);
#597=VECTOR('',#3454,39.3700787401575);
#598=VECTOR('',#3461,39.3700787401575);
#599=VECTOR('',#3468,39.3700787401575);
#600=VECTOR('',#3475,39.3700787401575);
#601=VECTOR('',#3482,39.3700787401575);
#602=VECTOR('',#3485,39.3700787401575);
#603=VECTOR('',#3486,39.3700787401575);
#604=VECTOR('',#3487,39.3700787401575);
#605=VECTOR('',#3490,39.3700787401575);
#606=VECTOR('',#3491,39.3700787401575);
#607=VECTOR('',#3492,39.3700787401575);
#608=VECTOR('',#3495,39.3700787401575);
#609=VECTOR('',#3496,39.3700787401575);
#610=VECTOR('',#3497,39.3700787401575);
#611=VECTOR('',#3500,39.3700787401575);
#612=VECTOR('',#3501,39.3700787401575);
#613=VECTOR('',#3502,39.3700787401575);
#614=VECTOR('',#3505,39.3700787401575);
#615=VECTOR('',#3506,39.3700787401575);
#616=VECTOR('',#3507,39.3700787401575);
#617=VECTOR('',#3508,39.3700787401575);
#618=VECTOR('',#3511,39.3700787401575);
#619=VECTOR('',#3512,39.3700787401575);
#620=VECTOR('',#3513,39.3700787401575);
#621=VECTOR('',#3514,39.3700787401575);
#622=VECTOR('',#3517,39.3700787401575);
#623=VECTOR('',#3518,39.3700787401575);
#624=VECTOR('',#3519,39.3700787401575);
#625=VECTOR('',#3520,39.3700787401575);
#626=VECTOR('',#3523,39.3700787401575);
#627=VECTOR('',#3524,39.3700787401575);
#628=VECTOR('',#3525,39.3700787401575);
#629=VECTOR('',#3526,39.3700787401575);
#630=VECTOR('',#3533,39.3700787401575);
#631=VECTOR('',#3540,39.3700787401575);
#632=VECTOR('',#3547,39.3700787401575);
#633=VECTOR('',#3554,39.3700787401575);
#634=VECTOR('',#3557,39.3700787401575);
#635=VECTOR('',#3558,39.3700787401575);
#636=VECTOR('',#3559,39.3700787401575);
#637=VECTOR('',#3562,39.3700787401575);
#638=VECTOR('',#3563,39.3700787401575);
#639=VECTOR('',#3564,39.3700787401575);
#640=VECTOR('',#3567,39.3700787401575);
#641=VECTOR('',#3568,39.3700787401575);
#642=VECTOR('',#3569,39.3700787401575);
#643=VECTOR('',#3572,39.3700787401575);
#644=VECTOR('',#3573,39.3700787401575);
#645=VECTOR('',#3574,39.3700787401575);
#646=VECTOR('',#3577,39.3700787401575);
#647=VECTOR('',#3578,39.3700787401575);
#648=VECTOR('',#3579,39.3700787401575);
#649=VECTOR('',#3582,39.3700787401575);
#650=VECTOR('',#3583,39.3700787401575);
#651=VECTOR('',#3584,39.3700787401575);
#652=VECTOR('',#3587,39.3700787401575);
#653=VECTOR('',#3588,39.3700787401575);
#654=VECTOR('',#3589,39.3700787401575);
#655=VECTOR('',#3592,39.3700787401575);
#656=VECTOR('',#3593,39.3700787401575);
#657=VECTOR('',#3594,39.3700787401575);
#658=VECTOR('',#3597,39.3700787401575);
#659=VECTOR('',#3598,39.3700787401575);
#660=VECTOR('',#3599,39.3700787401575);
#661=VECTOR('',#3602,39.3700787401575);
#662=VECTOR('',#3603,39.3700787401575);
#663=VECTOR('',#3604,39.3700787401575);
#664=VECTOR('',#3607,39.3700787401575);
#665=VECTOR('',#3608,39.3700787401575);
#666=VECTOR('',#3609,39.3700787401575);
#667=VECTOR('',#3612,39.3700787401575);
#668=VECTOR('',#3613,39.3700787401575);
#669=VECTOR('',#3614,39.3700787401575);
#670=VECTOR('',#3617,39.3700787401575);
#671=VECTOR('',#3624,39.3700787401575);
#672=VECTOR('',#3631,39.3700787401575);
#673=VECTOR('',#3638,39.3700787401575);
#674=VECTOR('',#3645,39.3700787401575);
#675=VECTOR('',#3646,39.3700787401575);
#676=VECTOR('',#3647,39.3700787401575);
#677=VECTOR('',#3650,39.3700787401575);
#678=VECTOR('',#3651,39.3700787401575);
#679=VECTOR('',#3652,39.3700787401575);
#680=VECTOR('',#3655,39.3700787401575);
#681=VECTOR('',#3656,39.3700787401575);
#682=VECTOR('',#3657,39.3700787401575);
#683=VECTOR('',#3660,39.3700787401575);
#684=VECTOR('',#3661,39.3700787401575);
#685=VECTOR('',#3662,39.3700787401575);
#686=VECTOR('',#3665,39.3700787401575);
#687=VECTOR('',#3666,39.3700787401575);
#688=VECTOR('',#3667,39.3700787401575);
#689=VECTOR('',#3668,39.3700787401575);
#690=VECTOR('',#3671,39.3700787401575);
#691=VECTOR('',#3672,39.3700787401575);
#692=VECTOR('',#3673,39.3700787401575);
#693=VECTOR('',#3674,39.3700787401575);
#694=VECTOR('',#3677,39.3700787401575);
#695=VECTOR('',#3678,39.3700787401575);
#696=VECTOR('',#3679,39.3700787401575);
#697=VECTOR('',#3680,39.3700787401575);
#698=VECTOR('',#3683,39.3700787401575);
#699=VECTOR('',#3684,39.3700787401575);
#700=VECTOR('',#3685,39.3700787401575);
#701=VECTOR('',#3686,39.3700787401575);
#702=VECTOR('',#3713,39.3700787401575);
#703=VECTOR('',#3714,39.3700787401575);
#704=VECTOR('',#3715,39.3700787401575);
#705=VECTOR('',#3716,39.3700787401575);
#706=VECTOR('',#3719,39.3700787401575);
#707=VECTOR('',#3720,39.3700787401575);
#708=VECTOR('',#3721,39.3700787401575);
#709=VECTOR('',#3722,39.3700787401575);
#710=VECTOR('',#3725,39.3700787401575);
#711=VECTOR('',#3726,39.3700787401575);
#712=VECTOR('',#3729,39.3700787401575);
#713=VECTOR('',#3732,39.3700787401575);
#714=VECTOR('',#3735,39.3700787401575);
#715=VECTOR('',#3736,39.3700787401575);
#716=VECTOR('',#3737,39.3700787401575);
#717=VECTOR('',#3738,39.3700787401575);
#718=VECTOR('',#3739,39.3700787401575);
#719=VECTOR('',#3740,39.3700787401575);
#720=VECTOR('',#3741,39.3700787401575);
#721=VECTOR('',#3742,39.3700787401575);
#722=VECTOR('',#3743,39.3700787401575);
#723=VECTOR('',#3744,39.3700787401575);
#724=VECTOR('',#3745,39.3700787401575);
#725=VECTOR('',#3746,39.3700787401575);
#726=VECTOR('',#3747,39.3700787401575);
#727=VECTOR('',#3748,39.3700787401575);
#728=VECTOR('',#3749,39.3700787401575);
#729=VECTOR('',#3750,39.3700787401575);
#730=ORIENTED_EDGE('',*,*,#1502,.F.);
#731=ORIENTED_EDGE('',*,*,#1503,.F.);
#732=ORIENTED_EDGE('',*,*,#1504,.F.);
#733=ORIENTED_EDGE('',*,*,#1505,.F.);
#734=ORIENTED_EDGE('',*,*,#1506,.F.);
#735=ORIENTED_EDGE('',*,*,#1507,.F.);
#736=ORIENTED_EDGE('',*,*,#1508,.F.);
#737=ORIENTED_EDGE('',*,*,#1509,.F.);
#738=ORIENTED_EDGE('',*,*,#1510,.F.);
#739=ORIENTED_EDGE('',*,*,#1511,.F.);
#740=ORIENTED_EDGE('',*,*,#1512,.F.);
#741=ORIENTED_EDGE('',*,*,#1513,.F.);
#742=ORIENTED_EDGE('',*,*,#1514,.F.);
#743=ORIENTED_EDGE('',*,*,#1515,.F.);
#744=ORIENTED_EDGE('',*,*,#1516,.F.);
#745=ORIENTED_EDGE('',*,*,#1517,.F.);
#746=ORIENTED_EDGE('',*,*,#1518,.F.);
#747=ORIENTED_EDGE('',*,*,#1519,.F.);
#748=ORIENTED_EDGE('',*,*,#1520,.F.);
#749=ORIENTED_EDGE('',*,*,#1521,.F.);
#750=ORIENTED_EDGE('',*,*,#1522,.F.);
#751=ORIENTED_EDGE('',*,*,#1523,.T.);
#752=ORIENTED_EDGE('',*,*,#1524,.T.);
#753=ORIENTED_EDGE('',*,*,#1525,.F.);
#754=ORIENTED_EDGE('',*,*,#1526,.T.);
#755=ORIENTED_EDGE('',*,*,#1527,.F.);
#756=ORIENTED_EDGE('',*,*,#1528,.F.);
#757=ORIENTED_EDGE('',*,*,#1529,.F.);
#758=ORIENTED_EDGE('',*,*,#1530,.F.);
#759=ORIENTED_EDGE('',*,*,#1507,.T.);
#760=ORIENTED_EDGE('',*,*,#1531,.F.);
#761=ORIENTED_EDGE('',*,*,#1532,.F.);
#762=ORIENTED_EDGE('',*,*,#1533,.F.);
#763=ORIENTED_EDGE('',*,*,#1534,.F.);
#764=ORIENTED_EDGE('',*,*,#1535,.F.);
#765=ORIENTED_EDGE('',*,*,#1505,.T.);
#766=ORIENTED_EDGE('',*,*,#1536,.T.);
#767=ORIENTED_EDGE('',*,*,#1537,.F.);
#768=ORIENTED_EDGE('',*,*,#1538,.F.);
#769=ORIENTED_EDGE('',*,*,#1539,.T.);
#770=ORIENTED_EDGE('',*,*,#1540,.F.);
#771=ORIENTED_EDGE('',*,*,#1541,.F.);
#772=ORIENTED_EDGE('',*,*,#1542,.F.);
#773=ORIENTED_EDGE('',*,*,#1523,.F.);
#774=ORIENTED_EDGE('',*,*,#1543,.F.);
#775=ORIENTED_EDGE('',*,*,#1539,.F.);
#776=ORIENTED_EDGE('',*,*,#1544,.F.);
#777=ORIENTED_EDGE('',*,*,#1545,.F.);
#778=ORIENTED_EDGE('',*,*,#1546,.F.);
#779=ORIENTED_EDGE('',*,*,#1547,.F.);
#780=ORIENTED_EDGE('',*,*,#1548,.F.);
#781=ORIENTED_EDGE('',*,*,#1549,.F.);
#782=ORIENTED_EDGE('',*,*,#1550,.T.);
#783=ORIENTED_EDGE('',*,*,#1551,.F.);
#784=ORIENTED_EDGE('',*,*,#1519,.T.);
#785=ORIENTED_EDGE('',*,*,#1517,.T.);
#786=ORIENTED_EDGE('',*,*,#1552,.T.);
#787=ORIENTED_EDGE('',*,*,#1553,.F.);
#788=ORIENTED_EDGE('',*,*,#1554,.F.);
#789=ORIENTED_EDGE('',*,*,#1547,.T.);
#790=ORIENTED_EDGE('',*,*,#1513,.T.);
#791=ORIENTED_EDGE('',*,*,#1555,.T.);
#792=ORIENTED_EDGE('',*,*,#1556,.F.);
#793=ORIENTED_EDGE('',*,*,#1557,.F.);
#794=ORIENTED_EDGE('',*,*,#1558,.F.);
#795=ORIENTED_EDGE('',*,*,#1559,.F.);
#796=ORIENTED_EDGE('',*,*,#1560,.F.);
#797=ORIENTED_EDGE('',*,*,#1561,.F.);
#798=ORIENTED_EDGE('',*,*,#1562,.F.);
#799=ORIENTED_EDGE('',*,*,#1563,.F.);
#800=ORIENTED_EDGE('',*,*,#1564,.F.);
#801=ORIENTED_EDGE('',*,*,#1565,.F.);
#802=ORIENTED_EDGE('',*,*,#1566,.F.);
#803=ORIENTED_EDGE('',*,*,#1567,.F.);
#804=ORIENTED_EDGE('',*,*,#1568,.F.);
#805=ORIENTED_EDGE('',*,*,#1569,.F.);
#806=ORIENTED_EDGE('',*,*,#1570,.F.);
#807=ORIENTED_EDGE('',*,*,#1571,.F.);
#808=ORIENTED_EDGE('',*,*,#1572,.F.);
#809=ORIENTED_EDGE('',*,*,#1573,.F.);
#810=ORIENTED_EDGE('',*,*,#1574,.F.);
#811=ORIENTED_EDGE('',*,*,#1575,.F.);
#812=ORIENTED_EDGE('',*,*,#1576,.F.);
#813=ORIENTED_EDGE('',*,*,#1577,.F.);
#814=ORIENTED_EDGE('',*,*,#1578,.F.);
#815=ORIENTED_EDGE('',*,*,#1579,.F.);
#816=ORIENTED_EDGE('',*,*,#1580,.F.);
#817=ORIENTED_EDGE('',*,*,#1581,.F.);
#818=ORIENTED_EDGE('',*,*,#1582,.F.);
#819=ORIENTED_EDGE('',*,*,#1583,.F.);
#820=ORIENTED_EDGE('',*,*,#1584,.F.);
#821=ORIENTED_EDGE('',*,*,#1585,.F.);
#822=ORIENTED_EDGE('',*,*,#1586,.F.);
#823=ORIENTED_EDGE('',*,*,#1587,.F.);
#824=ORIENTED_EDGE('',*,*,#1588,.T.);
#825=ORIENTED_EDGE('',*,*,#1537,.T.);
#826=ORIENTED_EDGE('',*,*,#1589,.T.);
#827=ORIENTED_EDGE('',*,*,#1529,.T.);
#828=ORIENTED_EDGE('',*,*,#1590,.F.);
#829=ORIENTED_EDGE('',*,*,#1591,.T.);
#830=ORIENTED_EDGE('',*,*,#1592,.T.);
#831=ORIENTED_EDGE('',*,*,#1525,.T.);
#832=ORIENTED_EDGE('',*,*,#1593,.T.);
#833=ORIENTED_EDGE('',*,*,#1594,.T.);
#834=ORIENTED_EDGE('',*,*,#1552,.F.);
#835=ORIENTED_EDGE('',*,*,#1516,.T.);
#836=ORIENTED_EDGE('',*,*,#1595,.T.);
#837=ORIENTED_EDGE('',*,*,#1596,.T.);
#838=ORIENTED_EDGE('',*,*,#1593,.F.);
#839=ORIENTED_EDGE('',*,*,#1515,.T.);
#840=ORIENTED_EDGE('',*,*,#1545,.T.);
#841=ORIENTED_EDGE('',*,*,#1597,.T.);
#842=ORIENTED_EDGE('',*,*,#1598,.T.);
#843=ORIENTED_EDGE('',*,*,#1599,.F.);
#844=ORIENTED_EDGE('',*,*,#1503,.T.);
#845=ORIENTED_EDGE('',*,*,#1549,.T.);
#846=ORIENTED_EDGE('',*,*,#1554,.T.);
#847=ORIENTED_EDGE('',*,*,#1600,.T.);
#848=ORIENTED_EDGE('',*,*,#1597,.F.);
#849=ORIENTED_EDGE('',*,*,#1548,.T.);
#850=ORIENTED_EDGE('',*,*,#1601,.T.);
#851=ORIENTED_EDGE('',*,*,#1602,.T.);
#852=ORIENTED_EDGE('',*,*,#1555,.F.);
#853=ORIENTED_EDGE('',*,*,#1512,.T.);
#854=ORIENTED_EDGE('',*,*,#1603,.T.);
#855=ORIENTED_EDGE('',*,*,#1604,.T.);
#856=ORIENTED_EDGE('',*,*,#1601,.F.);
#857=ORIENTED_EDGE('',*,*,#1511,.T.);
#858=ORIENTED_EDGE('',*,*,#1509,.T.);
#859=ORIENTED_EDGE('',*,*,#1551,.T.);
#860=ORIENTED_EDGE('',*,*,#1605,.T.);
#861=ORIENTED_EDGE('',*,*,#1606,.F.);
#862=ORIENTED_EDGE('',*,*,#1520,.T.);
#863=ORIENTED_EDGE('',*,*,#1606,.T.);
#864=ORIENTED_EDGE('',*,*,#1607,.T.);
#865=ORIENTED_EDGE('',*,*,#1608,.F.);
#866=ORIENTED_EDGE('',*,*,#1541,.T.);
#867=ORIENTED_EDGE('',*,*,#1521,.T.);
#868=ORIENTED_EDGE('',*,*,#1589,.F.);
#869=ORIENTED_EDGE('',*,*,#1536,.F.);
#870=ORIENTED_EDGE('',*,*,#1504,.T.);
#871=ORIENTED_EDGE('',*,*,#1599,.T.);
#872=ORIENTED_EDGE('',*,*,#1609,.T.);
#873=ORIENTED_EDGE('',*,*,#1603,.F.);
#874=ORIENTED_EDGE('',*,*,#1508,.T.);
#875=ORIENTED_EDGE('',*,*,#1530,.T.);
#876=ORIENTED_EDGE('',*,*,#1588,.F.);
#877=ORIENTED_EDGE('',*,*,#1524,.F.);
#878=ORIENTED_EDGE('',*,*,#1542,.T.);
#879=ORIENTED_EDGE('',*,*,#1608,.T.);
#880=ORIENTED_EDGE('',*,*,#1610,.F.);
#881=ORIENTED_EDGE('',*,*,#1595,.F.);
#882=ORIENTED_EDGE('',*,*,#1544,.T.);
#883=ORIENTED_EDGE('',*,*,#1538,.T.);
#884=ORIENTED_EDGE('',*,*,#1611,.T.);
#885=ORIENTED_EDGE('',*,*,#1612,.F.);
#886=ORIENTED_EDGE('',*,*,#1613,.F.);
#887=ORIENTED_EDGE('',*,*,#1527,.T.);
#888=ORIENTED_EDGE('',*,*,#1614,.T.);
#889=ORIENTED_EDGE('',*,*,#1591,.F.);
#890=ORIENTED_EDGE('',*,*,#1615,.F.);
#891=ORIENTED_EDGE('',*,*,#1612,.T.);
#892=ORIENTED_EDGE('',*,*,#1528,.T.);
#893=ORIENTED_EDGE('',*,*,#1613,.T.);
#894=ORIENTED_EDGE('',*,*,#1615,.T.);
#895=ORIENTED_EDGE('',*,*,#1590,.T.);
#896=ORIENTED_EDGE('',*,*,#1526,.F.);
#897=ORIENTED_EDGE('',*,*,#1592,.F.);
#898=ORIENTED_EDGE('',*,*,#1614,.F.);
#899=ORIENTED_EDGE('',*,*,#1611,.F.);
#900=ORIENTED_EDGE('',*,*,#1596,.F.);
#901=ORIENTED_EDGE('',*,*,#1610,.T.);
#902=ORIENTED_EDGE('',*,*,#1607,.F.);
#903=ORIENTED_EDGE('',*,*,#1605,.F.);
#904=ORIENTED_EDGE('',*,*,#1550,.F.);
#905=ORIENTED_EDGE('',*,*,#1594,.F.);
#906=ORIENTED_EDGE('',*,*,#1600,.F.);
#907=ORIENTED_EDGE('',*,*,#1553,.T.);
#908=ORIENTED_EDGE('',*,*,#1602,.F.);
#909=ORIENTED_EDGE('',*,*,#1604,.F.);
#910=ORIENTED_EDGE('',*,*,#1609,.F.);
#911=ORIENTED_EDGE('',*,*,#1598,.F.);
#912=ORIENTED_EDGE('',*,*,#1532,.T.);
#913=ORIENTED_EDGE('',*,*,#1616,.F.);
#914=ORIENTED_EDGE('',*,*,#1534,.T.);
#915=ORIENTED_EDGE('',*,*,#1617,.T.);
#916=ORIENTED_EDGE('',*,*,#1522,.T.);
#917=ORIENTED_EDGE('',*,*,#1617,.F.);
#918=ORIENTED_EDGE('',*,*,#1533,.T.);
#919=ORIENTED_EDGE('',*,*,#1543,.T.);
#920=ORIENTED_EDGE('',*,*,#1531,.T.);
#921=ORIENTED_EDGE('',*,*,#1506,.T.);
#922=ORIENTED_EDGE('',*,*,#1535,.T.);
#923=ORIENTED_EDGE('',*,*,#1616,.T.);
#924=ORIENTED_EDGE('',*,*,#1618,.F.);
#925=ORIENTED_EDGE('',*,*,#1518,.T.);
#926=ORIENTED_EDGE('',*,*,#1540,.T.);
#927=ORIENTED_EDGE('',*,*,#1514,.T.);
#928=ORIENTED_EDGE('',*,*,#1618,.T.);
#929=ORIENTED_EDGE('',*,*,#1619,.F.);
#930=ORIENTED_EDGE('',*,*,#1510,.T.);
#931=ORIENTED_EDGE('',*,*,#1546,.T.);
#932=ORIENTED_EDGE('',*,*,#1502,.T.);
#933=ORIENTED_EDGE('',*,*,#1619,.T.);
#934=ORIENTED_EDGE('',*,*,#1584,.T.);
#935=ORIENTED_EDGE('',*,*,#1620,.F.);
#936=ORIENTED_EDGE('',*,*,#1621,.F.);
#937=ORIENTED_EDGE('',*,*,#1622,.T.);
#938=ORIENTED_EDGE('',*,*,#1587,.T.);
#939=ORIENTED_EDGE('',*,*,#1623,.F.);
#940=ORIENTED_EDGE('',*,*,#1624,.F.);
#941=ORIENTED_EDGE('',*,*,#1620,.T.);
#942=ORIENTED_EDGE('',*,*,#1586,.T.);
#943=ORIENTED_EDGE('',*,*,#1625,.F.);
#944=ORIENTED_EDGE('',*,*,#1626,.F.);
#945=ORIENTED_EDGE('',*,*,#1623,.T.);
#946=ORIENTED_EDGE('',*,*,#1585,.T.);
#947=ORIENTED_EDGE('',*,*,#1622,.F.);
#948=ORIENTED_EDGE('',*,*,#1627,.F.);
#949=ORIENTED_EDGE('',*,*,#1625,.T.);
#950=ORIENTED_EDGE('',*,*,#1621,.T.);
#951=ORIENTED_EDGE('',*,*,#1624,.T.);
#952=ORIENTED_EDGE('',*,*,#1626,.T.);
#953=ORIENTED_EDGE('',*,*,#1627,.T.);
#954=ORIENTED_EDGE('',*,*,#1580,.T.);
#955=ORIENTED_EDGE('',*,*,#1628,.F.);
#956=ORIENTED_EDGE('',*,*,#1629,.F.);
#957=ORIENTED_EDGE('',*,*,#1630,.T.);
#958=ORIENTED_EDGE('',*,*,#1583,.T.);
#959=ORIENTED_EDGE('',*,*,#1631,.F.);
#960=ORIENTED_EDGE('',*,*,#1632,.F.);
#961=ORIENTED_EDGE('',*,*,#1628,.T.);
#962=ORIENTED_EDGE('',*,*,#1582,.T.);
#963=ORIENTED_EDGE('',*,*,#1633,.F.);
#964=ORIENTED_EDGE('',*,*,#1634,.F.);
#965=ORIENTED_EDGE('',*,*,#1631,.T.);
#966=ORIENTED_EDGE('',*,*,#1581,.T.);
#967=ORIENTED_EDGE('',*,*,#1630,.F.);
#968=ORIENTED_EDGE('',*,*,#1635,.F.);
#969=ORIENTED_EDGE('',*,*,#1633,.T.);
#970=ORIENTED_EDGE('',*,*,#1629,.T.);
#971=ORIENTED_EDGE('',*,*,#1632,.T.);
#972=ORIENTED_EDGE('',*,*,#1634,.T.);
#973=ORIENTED_EDGE('',*,*,#1635,.T.);
#974=ORIENTED_EDGE('',*,*,#1576,.T.);
#975=ORIENTED_EDGE('',*,*,#1636,.F.);
#976=ORIENTED_EDGE('',*,*,#1637,.F.);
#977=ORIENTED_EDGE('',*,*,#1638,.T.);
#978=ORIENTED_EDGE('',*,*,#1579,.T.);
#979=ORIENTED_EDGE('',*,*,#1639,.F.);
#980=ORIENTED_EDGE('',*,*,#1640,.F.);
#981=ORIENTED_EDGE('',*,*,#1636,.T.);
#982=ORIENTED_EDGE('',*,*,#1578,.T.);
#983=ORIENTED_EDGE('',*,*,#1641,.F.);
#984=ORIENTED_EDGE('',*,*,#1642,.F.);
#985=ORIENTED_EDGE('',*,*,#1639,.T.);
#986=ORIENTED_EDGE('',*,*,#1577,.T.);
#987=ORIENTED_EDGE('',*,*,#1638,.F.);
#988=ORIENTED_EDGE('',*,*,#1643,.F.);
#989=ORIENTED_EDGE('',*,*,#1641,.T.);
#990=ORIENTED_EDGE('',*,*,#1637,.T.);
#991=ORIENTED_EDGE('',*,*,#1640,.T.);
#992=ORIENTED_EDGE('',*,*,#1642,.T.);
#993=ORIENTED_EDGE('',*,*,#1643,.T.);
#994=ORIENTED_EDGE('',*,*,#1572,.T.);
#995=ORIENTED_EDGE('',*,*,#1644,.F.);
#996=ORIENTED_EDGE('',*,*,#1645,.F.);
#997=ORIENTED_EDGE('',*,*,#1646,.T.);
#998=ORIENTED_EDGE('',*,*,#1575,.T.);
#999=ORIENTED_EDGE('',*,*,#1647,.F.);
#1000=ORIENTED_EDGE('',*,*,#1648,.F.);
#1001=ORIENTED_EDGE('',*,*,#1644,.T.);
#1002=ORIENTED_EDGE('',*,*,#1574,.T.);
#1003=ORIENTED_EDGE('',*,*,#1649,.F.);
#1004=ORIENTED_EDGE('',*,*,#1650,.F.);
#1005=ORIENTED_EDGE('',*,*,#1647,.T.);
#1006=ORIENTED_EDGE('',*,*,#1573,.T.);
#1007=ORIENTED_EDGE('',*,*,#1646,.F.);
#1008=ORIENTED_EDGE('',*,*,#1651,.F.);
#1009=ORIENTED_EDGE('',*,*,#1649,.T.);
#1010=ORIENTED_EDGE('',*,*,#1645,.T.);
#1011=ORIENTED_EDGE('',*,*,#1648,.T.);
#1012=ORIENTED_EDGE('',*,*,#1650,.T.);
#1013=ORIENTED_EDGE('',*,*,#1651,.T.);
#1014=ORIENTED_EDGE('',*,*,#1568,.T.);
#1015=ORIENTED_EDGE('',*,*,#1652,.F.);
#1016=ORIENTED_EDGE('',*,*,#1653,.F.);
#1017=ORIENTED_EDGE('',*,*,#1654,.T.);
#1018=ORIENTED_EDGE('',*,*,#1571,.T.);
#1019=ORIENTED_EDGE('',*,*,#1655,.F.);
#1020=ORIENTED_EDGE('',*,*,#1656,.F.);
#1021=ORIENTED_EDGE('',*,*,#1652,.T.);
#1022=ORIENTED_EDGE('',*,*,#1570,.T.);
#1023=ORIENTED_EDGE('',*,*,#1657,.F.);
#1024=ORIENTED_EDGE('',*,*,#1658,.F.);
#1025=ORIENTED_EDGE('',*,*,#1655,.T.);
#1026=ORIENTED_EDGE('',*,*,#1569,.T.);
#1027=ORIENTED_EDGE('',*,*,#1654,.F.);
#1028=ORIENTED_EDGE('',*,*,#1659,.F.);
#1029=ORIENTED_EDGE('',*,*,#1657,.T.);
#1030=ORIENTED_EDGE('',*,*,#1653,.T.);
#1031=ORIENTED_EDGE('',*,*,#1656,.T.);
#1032=ORIENTED_EDGE('',*,*,#1658,.T.);
#1033=ORIENTED_EDGE('',*,*,#1659,.T.);
#1034=ORIENTED_EDGE('',*,*,#1564,.T.);
#1035=ORIENTED_EDGE('',*,*,#1660,.F.);
#1036=ORIENTED_EDGE('',*,*,#1661,.F.);
#1037=ORIENTED_EDGE('',*,*,#1662,.T.);
#1038=ORIENTED_EDGE('',*,*,#1567,.T.);
#1039=ORIENTED_EDGE('',*,*,#1663,.F.);
#1040=ORIENTED_EDGE('',*,*,#1664,.F.);
#1041=ORIENTED_EDGE('',*,*,#1660,.T.);
#1042=ORIENTED_EDGE('',*,*,#1566,.T.);
#1043=ORIENTED_EDGE('',*,*,#1665,.F.);
#1044=ORIENTED_EDGE('',*,*,#1666,.F.);
#1045=ORIENTED_EDGE('',*,*,#1663,.T.);
#1046=ORIENTED_EDGE('',*,*,#1565,.T.);
#1047=ORIENTED_EDGE('',*,*,#1662,.F.);
#1048=ORIENTED_EDGE('',*,*,#1667,.F.);
#1049=ORIENTED_EDGE('',*,*,#1665,.T.);
#1050=ORIENTED_EDGE('',*,*,#1661,.T.);
#1051=ORIENTED_EDGE('',*,*,#1664,.T.);
#1052=ORIENTED_EDGE('',*,*,#1666,.T.);
#1053=ORIENTED_EDGE('',*,*,#1667,.T.);
#1054=ORIENTED_EDGE('',*,*,#1560,.T.);
#1055=ORIENTED_EDGE('',*,*,#1668,.F.);
#1056=ORIENTED_EDGE('',*,*,#1669,.F.);
#1057=ORIENTED_EDGE('',*,*,#1670,.T.);
#1058=ORIENTED_EDGE('',*,*,#1563,.T.);
#1059=ORIENTED_EDGE('',*,*,#1671,.F.);
#1060=ORIENTED_EDGE('',*,*,#1672,.F.);
#1061=ORIENTED_EDGE('',*,*,#1668,.T.);
#1062=ORIENTED_EDGE('',*,*,#1562,.T.);
#1063=ORIENTED_EDGE('',*,*,#1673,.F.);
#1064=ORIENTED_EDGE('',*,*,#1674,.F.);
#1065=ORIENTED_EDGE('',*,*,#1671,.T.);
#1066=ORIENTED_EDGE('',*,*,#1561,.T.);
#1067=ORIENTED_EDGE('',*,*,#1670,.F.);
#1068=ORIENTED_EDGE('',*,*,#1675,.F.);
#1069=ORIENTED_EDGE('',*,*,#1673,.T.);
#1070=ORIENTED_EDGE('',*,*,#1669,.T.);
#1071=ORIENTED_EDGE('',*,*,#1672,.T.);
#1072=ORIENTED_EDGE('',*,*,#1674,.T.);
#1073=ORIENTED_EDGE('',*,*,#1675,.T.);
#1074=ORIENTED_EDGE('',*,*,#1556,.T.);
#1075=ORIENTED_EDGE('',*,*,#1676,.F.);
#1076=ORIENTED_EDGE('',*,*,#1677,.F.);
#1077=ORIENTED_EDGE('',*,*,#1678,.T.);
#1078=ORIENTED_EDGE('',*,*,#1559,.T.);
#1079=ORIENTED_EDGE('',*,*,#1679,.F.);
#1080=ORIENTED_EDGE('',*,*,#1680,.F.);
#1081=ORIENTED_EDGE('',*,*,#1676,.T.);
#1082=ORIENTED_EDGE('',*,*,#1558,.T.);
#1083=ORIENTED_EDGE('',*,*,#1681,.F.);
#1084=ORIENTED_EDGE('',*,*,#1682,.F.);
#1085=ORIENTED_EDGE('',*,*,#1679,.T.);
#1086=ORIENTED_EDGE('',*,*,#1557,.T.);
#1087=ORIENTED_EDGE('',*,*,#1678,.F.);
#1088=ORIENTED_EDGE('',*,*,#1683,.F.);
#1089=ORIENTED_EDGE('',*,*,#1681,.T.);
#1090=ORIENTED_EDGE('',*,*,#1677,.T.);
#1091=ORIENTED_EDGE('',*,*,#1680,.T.);
#1092=ORIENTED_EDGE('',*,*,#1682,.T.);
#1093=ORIENTED_EDGE('',*,*,#1683,.T.);
#1094=ORIENTED_EDGE('',*,*,#1684,.F.);
#1095=ORIENTED_EDGE('',*,*,#1685,.T.);
#1096=ORIENTED_EDGE('',*,*,#1686,.F.);
#1097=ORIENTED_EDGE('',*,*,#1687,.F.);
#1098=ORIENTED_EDGE('',*,*,#1688,.F.);
#1099=ORIENTED_EDGE('',*,*,#1689,.T.);
#1100=ORIENTED_EDGE('',*,*,#1690,.F.);
#1101=ORIENTED_EDGE('',*,*,#1691,.F.);
#1102=ORIENTED_EDGE('',*,*,#1692,.F.);
#1103=ORIENTED_EDGE('',*,*,#1693,.T.);
#1104=ORIENTED_EDGE('',*,*,#1694,.F.);
#1105=ORIENTED_EDGE('',*,*,#1695,.F.);
#1106=ORIENTED_EDGE('',*,*,#1696,.F.);
#1107=ORIENTED_EDGE('',*,*,#1697,.T.);
#1108=ORIENTED_EDGE('',*,*,#1698,.F.);
#1109=ORIENTED_EDGE('',*,*,#1699,.F.);
#1110=ORIENTED_EDGE('',*,*,#1700,.F.);
#1111=ORIENTED_EDGE('',*,*,#1687,.T.);
#1112=ORIENTED_EDGE('',*,*,#1701,.F.);
#1113=ORIENTED_EDGE('',*,*,#1702,.F.);
#1114=ORIENTED_EDGE('',*,*,#1703,.F.);
#1115=ORIENTED_EDGE('',*,*,#1691,.T.);
#1116=ORIENTED_EDGE('',*,*,#1704,.F.);
#1117=ORIENTED_EDGE('',*,*,#1705,.F.);
#1118=ORIENTED_EDGE('',*,*,#1706,.F.);
#1119=ORIENTED_EDGE('',*,*,#1695,.T.);
#1120=ORIENTED_EDGE('',*,*,#1707,.F.);
#1121=ORIENTED_EDGE('',*,*,#1708,.F.);
#1122=ORIENTED_EDGE('',*,*,#1709,.F.);
#1123=ORIENTED_EDGE('',*,*,#1699,.T.);
#1124=ORIENTED_EDGE('',*,*,#1710,.F.);
#1125=ORIENTED_EDGE('',*,*,#1711,.F.);
#1126=ORIENTED_EDGE('',*,*,#1712,.F.);
#1127=ORIENTED_EDGE('',*,*,#1702,.T.);
#1128=ORIENTED_EDGE('',*,*,#1713,.F.);
#1129=ORIENTED_EDGE('',*,*,#1714,.F.);
#1130=ORIENTED_EDGE('',*,*,#1715,.F.);
#1131=ORIENTED_EDGE('',*,*,#1705,.T.);
#1132=ORIENTED_EDGE('',*,*,#1716,.F.);
#1133=ORIENTED_EDGE('',*,*,#1717,.F.);
#1134=ORIENTED_EDGE('',*,*,#1718,.F.);
#1135=ORIENTED_EDGE('',*,*,#1708,.T.);
#1136=ORIENTED_EDGE('',*,*,#1719,.F.);
#1137=ORIENTED_EDGE('',*,*,#1720,.F.);
#1138=ORIENTED_EDGE('',*,*,#1721,.F.);
#1139=ORIENTED_EDGE('',*,*,#1711,.T.);
#1140=ORIENTED_EDGE('',*,*,#1722,.F.);
#1141=ORIENTED_EDGE('',*,*,#1723,.F.);
#1142=ORIENTED_EDGE('',*,*,#1724,.F.);
#1143=ORIENTED_EDGE('',*,*,#1714,.T.);
#1144=ORIENTED_EDGE('',*,*,#1725,.F.);
#1145=ORIENTED_EDGE('',*,*,#1726,.F.);
#1146=ORIENTED_EDGE('',*,*,#1727,.F.);
#1147=ORIENTED_EDGE('',*,*,#1717,.T.);
#1148=ORIENTED_EDGE('',*,*,#1728,.F.);
#1149=ORIENTED_EDGE('',*,*,#1729,.F.);
#1150=ORIENTED_EDGE('',*,*,#1730,.F.);
#1151=ORIENTED_EDGE('',*,*,#1720,.T.);
#1152=ORIENTED_EDGE('',*,*,#1731,.F.);
#1153=ORIENTED_EDGE('',*,*,#1732,.F.);
#1154=ORIENTED_EDGE('',*,*,#1733,.F.);
#1155=ORIENTED_EDGE('',*,*,#1723,.T.);
#1156=ORIENTED_EDGE('',*,*,#1734,.F.);
#1157=ORIENTED_EDGE('',*,*,#1735,.F.);
#1158=ORIENTED_EDGE('',*,*,#1736,.F.);
#1159=ORIENTED_EDGE('',*,*,#1726,.T.);
#1160=ORIENTED_EDGE('',*,*,#1737,.F.);
#1161=ORIENTED_EDGE('',*,*,#1738,.F.);
#1162=ORIENTED_EDGE('',*,*,#1739,.F.);
#1163=ORIENTED_EDGE('',*,*,#1729,.T.);
#1164=ORIENTED_EDGE('',*,*,#1740,.F.);
#1165=ORIENTED_EDGE('',*,*,#1741,.F.);
#1166=ORIENTED_EDGE('',*,*,#1742,.F.);
#1167=ORIENTED_EDGE('',*,*,#1732,.T.);
#1168=ORIENTED_EDGE('',*,*,#1743,.F.);
#1169=ORIENTED_EDGE('',*,*,#1744,.F.);
#1170=ORIENTED_EDGE('',*,*,#1745,.F.);
#1171=ORIENTED_EDGE('',*,*,#1735,.T.);
#1172=ORIENTED_EDGE('',*,*,#1746,.F.);
#1173=ORIENTED_EDGE('',*,*,#1747,.F.);
#1174=ORIENTED_EDGE('',*,*,#1748,.F.);
#1175=ORIENTED_EDGE('',*,*,#1749,.T.);
#1176=ORIENTED_EDGE('',*,*,#1750,.F.);
#1177=ORIENTED_EDGE('',*,*,#1751,.F.);
#1178=ORIENTED_EDGE('',*,*,#1752,.F.);
#1179=ORIENTED_EDGE('',*,*,#1753,.T.);
#1180=ORIENTED_EDGE('',*,*,#1754,.F.);
#1181=ORIENTED_EDGE('',*,*,#1755,.F.);
#1182=ORIENTED_EDGE('',*,*,#1756,.F.);
#1183=ORIENTED_EDGE('',*,*,#1757,.T.);
#1184=ORIENTED_EDGE('',*,*,#1758,.F.);
#1185=ORIENTED_EDGE('',*,*,#1759,.F.);
#1186=ORIENTED_EDGE('',*,*,#1760,.F.);
#1187=ORIENTED_EDGE('',*,*,#1761,.T.);
#1188=ORIENTED_EDGE('',*,*,#1762,.F.);
#1189=ORIENTED_EDGE('',*,*,#1763,.F.);
#1190=ORIENTED_EDGE('',*,*,#1764,.F.);
#1191=ORIENTED_EDGE('',*,*,#1751,.T.);
#1192=ORIENTED_EDGE('',*,*,#1765,.F.);
#1193=ORIENTED_EDGE('',*,*,#1766,.F.);
#1194=ORIENTED_EDGE('',*,*,#1767,.F.);
#1195=ORIENTED_EDGE('',*,*,#1755,.T.);
#1196=ORIENTED_EDGE('',*,*,#1768,.F.);
#1197=ORIENTED_EDGE('',*,*,#1769,.F.);
#1198=ORIENTED_EDGE('',*,*,#1770,.F.);
#1199=ORIENTED_EDGE('',*,*,#1759,.T.);
#1200=ORIENTED_EDGE('',*,*,#1771,.F.);
#1201=ORIENTED_EDGE('',*,*,#1772,.F.);
#1202=ORIENTED_EDGE('',*,*,#1773,.F.);
#1203=ORIENTED_EDGE('',*,*,#1763,.T.);
#1204=ORIENTED_EDGE('',*,*,#1774,.F.);
#1205=ORIENTED_EDGE('',*,*,#1775,.F.);
#1206=ORIENTED_EDGE('',*,*,#1776,.F.);
#1207=ORIENTED_EDGE('',*,*,#1766,.T.);
#1208=ORIENTED_EDGE('',*,*,#1777,.F.);
#1209=ORIENTED_EDGE('',*,*,#1778,.F.);
#1210=ORIENTED_EDGE('',*,*,#1779,.F.);
#1211=ORIENTED_EDGE('',*,*,#1769,.T.);
#1212=ORIENTED_EDGE('',*,*,#1780,.F.);
#1213=ORIENTED_EDGE('',*,*,#1781,.F.);
#1214=ORIENTED_EDGE('',*,*,#1782,.F.);
#1215=ORIENTED_EDGE('',*,*,#1772,.T.);
#1216=ORIENTED_EDGE('',*,*,#1783,.F.);
#1217=ORIENTED_EDGE('',*,*,#1784,.F.);
#1218=ORIENTED_EDGE('',*,*,#1785,.F.);
#1219=ORIENTED_EDGE('',*,*,#1775,.T.);
#1220=ORIENTED_EDGE('',*,*,#1786,.F.);
#1221=ORIENTED_EDGE('',*,*,#1787,.F.);
#1222=ORIENTED_EDGE('',*,*,#1788,.F.);
#1223=ORIENTED_EDGE('',*,*,#1778,.T.);
#1224=ORIENTED_EDGE('',*,*,#1789,.F.);
#1225=ORIENTED_EDGE('',*,*,#1790,.F.);
#1226=ORIENTED_EDGE('',*,*,#1791,.F.);
#1227=ORIENTED_EDGE('',*,*,#1781,.T.);
#1228=ORIENTED_EDGE('',*,*,#1792,.F.);
#1229=ORIENTED_EDGE('',*,*,#1793,.F.);
#1230=ORIENTED_EDGE('',*,*,#1794,.F.);
#1231=ORIENTED_EDGE('',*,*,#1784,.T.);
#1232=ORIENTED_EDGE('',*,*,#1795,.F.);
#1233=ORIENTED_EDGE('',*,*,#1796,.F.);
#1234=ORIENTED_EDGE('',*,*,#1797,.F.);
#1235=ORIENTED_EDGE('',*,*,#1787,.T.);
#1236=ORIENTED_EDGE('',*,*,#1798,.F.);
#1237=ORIENTED_EDGE('',*,*,#1799,.F.);
#1238=ORIENTED_EDGE('',*,*,#1800,.F.);
#1239=ORIENTED_EDGE('',*,*,#1790,.T.);
#1240=ORIENTED_EDGE('',*,*,#1801,.F.);
#1241=ORIENTED_EDGE('',*,*,#1802,.F.);
#1242=ORIENTED_EDGE('',*,*,#1803,.F.);
#1243=ORIENTED_EDGE('',*,*,#1793,.T.);
#1244=ORIENTED_EDGE('',*,*,#1804,.F.);
#1245=ORIENTED_EDGE('',*,*,#1805,.F.);
#1246=ORIENTED_EDGE('',*,*,#1806,.F.);
#1247=ORIENTED_EDGE('',*,*,#1796,.T.);
#1248=ORIENTED_EDGE('',*,*,#1807,.F.);
#1249=ORIENTED_EDGE('',*,*,#1808,.F.);
#1250=ORIENTED_EDGE('',*,*,#1809,.F.);
#1251=ORIENTED_EDGE('',*,*,#1799,.T.);
#1252=ORIENTED_EDGE('',*,*,#1810,.F.);
#1253=ORIENTED_EDGE('',*,*,#1811,.F.);
#1254=ORIENTED_EDGE('',*,*,#1812,.F.);
#1255=ORIENTED_EDGE('',*,*,#1813,.T.);
#1256=ORIENTED_EDGE('',*,*,#1802,.T.);
#1257=ORIENTED_EDGE('',*,*,#1814,.T.);
#1258=ORIENTED_EDGE('',*,*,#1815,.F.);
#1259=ORIENTED_EDGE('',*,*,#1816,.T.);
#1260=ORIENTED_EDGE('',*,*,#1805,.T.);
#1261=ORIENTED_EDGE('',*,*,#1817,.T.);
#1262=ORIENTED_EDGE('',*,*,#1818,.F.);
#1263=ORIENTED_EDGE('',*,*,#1819,.T.);
#1264=ORIENTED_EDGE('',*,*,#1808,.T.);
#1265=ORIENTED_EDGE('',*,*,#1820,.T.);
#1266=ORIENTED_EDGE('',*,*,#1821,.F.);
#1267=ORIENTED_EDGE('',*,*,#1822,.T.);
#1268=ORIENTED_EDGE('',*,*,#1811,.T.);
#1269=ORIENTED_EDGE('',*,*,#1823,.T.);
#1270=ORIENTED_EDGE('',*,*,#1824,.F.);
#1271=ORIENTED_EDGE('',*,*,#1812,.T.);
#1272=ORIENTED_EDGE('',*,*,#1825,.F.);
#1273=ORIENTED_EDGE('',*,*,#1826,.F.);
#1274=ORIENTED_EDGE('',*,*,#1827,.F.);
#1275=ORIENTED_EDGE('',*,*,#1815,.T.);
#1276=ORIENTED_EDGE('',*,*,#1828,.F.);
#1277=ORIENTED_EDGE('',*,*,#1829,.F.);
#1278=ORIENTED_EDGE('',*,*,#1830,.F.);
#1279=ORIENTED_EDGE('',*,*,#1818,.T.);
#1280=ORIENTED_EDGE('',*,*,#1831,.F.);
#1281=ORIENTED_EDGE('',*,*,#1832,.F.);
#1282=ORIENTED_EDGE('',*,*,#1833,.F.);
#1283=ORIENTED_EDGE('',*,*,#1821,.T.);
#1284=ORIENTED_EDGE('',*,*,#1834,.F.);
#1285=ORIENTED_EDGE('',*,*,#1835,.F.);
#1286=ORIENTED_EDGE('',*,*,#1836,.F.);
#1287=ORIENTED_EDGE('',*,*,#1837,.T.);
#1288=ORIENTED_EDGE('',*,*,#1838,.F.);
#1289=ORIENTED_EDGE('',*,*,#1839,.F.);
#1290=ORIENTED_EDGE('',*,*,#1840,.F.);
#1291=ORIENTED_EDGE('',*,*,#1841,.T.);
#1292=ORIENTED_EDGE('',*,*,#1842,.F.);
#1293=ORIENTED_EDGE('',*,*,#1843,.F.);
#1294=ORIENTED_EDGE('',*,*,#1844,.F.);
#1295=ORIENTED_EDGE('',*,*,#1845,.T.);
#1296=ORIENTED_EDGE('',*,*,#1846,.F.);
#1297=ORIENTED_EDGE('',*,*,#1847,.F.);
#1298=ORIENTED_EDGE('',*,*,#1848,.F.);
#1299=ORIENTED_EDGE('',*,*,#1849,.T.);
#1300=ORIENTED_EDGE('',*,*,#1850,.F.);
#1301=ORIENTED_EDGE('',*,*,#1851,.F.);
#1302=ORIENTED_EDGE('',*,*,#1685,.F.);
#1303=ORIENTED_EDGE('',*,*,#1852,.T.);
#1304=ORIENTED_EDGE('',*,*,#1839,.T.);
#1305=ORIENTED_EDGE('',*,*,#1853,.T.);
#1306=ORIENTED_EDGE('',*,*,#1689,.F.);
#1307=ORIENTED_EDGE('',*,*,#1854,.T.);
#1308=ORIENTED_EDGE('',*,*,#1843,.T.);
#1309=ORIENTED_EDGE('',*,*,#1855,.T.);
#1310=ORIENTED_EDGE('',*,*,#1693,.F.);
#1311=ORIENTED_EDGE('',*,*,#1856,.T.);
#1312=ORIENTED_EDGE('',*,*,#1847,.T.);
#1313=ORIENTED_EDGE('',*,*,#1857,.T.);
#1314=ORIENTED_EDGE('',*,*,#1697,.F.);
#1315=ORIENTED_EDGE('',*,*,#1858,.T.);
#1316=ORIENTED_EDGE('',*,*,#1851,.T.);
#1317=ORIENTED_EDGE('',*,*,#1859,.T.);
#1318=ORIENTED_EDGE('',*,*,#1860,.T.);
#1319=ORIENTED_EDGE('',*,*,#1861,.T.);
#1320=ORIENTED_EDGE('',*,*,#1862,.T.);
#1321=ORIENTED_EDGE('',*,*,#1863,.T.);
#1322=ORIENTED_EDGE('',*,*,#1864,.F.);
#1323=ORIENTED_EDGE('',*,*,#1865,.F.);
#1324=ORIENTED_EDGE('',*,*,#1866,.F.);
#1325=ORIENTED_EDGE('',*,*,#1867,.F.);
#1326=ORIENTED_EDGE('',*,*,#1864,.T.);
#1327=ORIENTED_EDGE('',*,*,#1868,.F.);
#1328=ORIENTED_EDGE('',*,*,#1862,.F.);
#1329=ORIENTED_EDGE('',*,*,#1869,.T.);
#1330=ORIENTED_EDGE('',*,*,#1867,.T.);
#1331=ORIENTED_EDGE('',*,*,#1870,.F.);
#1332=ORIENTED_EDGE('',*,*,#1863,.F.);
#1333=ORIENTED_EDGE('',*,*,#1868,.T.);
#1334=ORIENTED_EDGE('',*,*,#1866,.T.);
#1335=ORIENTED_EDGE('',*,*,#1871,.F.);
#1336=ORIENTED_EDGE('',*,*,#1860,.F.);
#1337=ORIENTED_EDGE('',*,*,#1870,.T.);
#1338=ORIENTED_EDGE('',*,*,#1872,.T.);
#1339=ORIENTED_EDGE('',*,*,#1738,.T.);
#1340=ORIENTED_EDGE('',*,*,#1873,.F.);
#1341=ORIENTED_EDGE('',*,*,#1837,.F.);
#1342=ORIENTED_EDGE('',*,*,#1861,.F.);
#1343=ORIENTED_EDGE('',*,*,#1871,.T.);
#1344=ORIENTED_EDGE('',*,*,#1865,.T.);
#1345=ORIENTED_EDGE('',*,*,#1869,.F.);
#1346=ORIENTED_EDGE('',*,*,#1741,.T.);
#1347=ORIENTED_EDGE('',*,*,#1874,.F.);
#1348=ORIENTED_EDGE('',*,*,#1841,.F.);
#1349=ORIENTED_EDGE('',*,*,#1875,.T.);
#1350=ORIENTED_EDGE('',*,*,#1744,.T.);
#1351=ORIENTED_EDGE('',*,*,#1876,.F.);
#1352=ORIENTED_EDGE('',*,*,#1845,.F.);
#1353=ORIENTED_EDGE('',*,*,#1877,.T.);
#1354=ORIENTED_EDGE('',*,*,#1878,.T.);
#1355=ORIENTED_EDGE('',*,*,#1747,.T.);
#1356=ORIENTED_EDGE('',*,*,#1879,.F.);
#1357=ORIENTED_EDGE('',*,*,#1849,.F.);
#1358=ORIENTED_EDGE('',*,*,#1749,.F.);
#1359=ORIENTED_EDGE('',*,*,#1880,.T.);
#1360=ORIENTED_EDGE('',*,*,#1826,.T.);
#1361=ORIENTED_EDGE('',*,*,#1881,.F.);
#1362=ORIENTED_EDGE('',*,*,#1753,.F.);
#1363=ORIENTED_EDGE('',*,*,#1882,.T.);
#1364=ORIENTED_EDGE('',*,*,#1829,.T.);
#1365=ORIENTED_EDGE('',*,*,#1883,.F.);
#1366=ORIENTED_EDGE('',*,*,#1757,.F.);
#1367=ORIENTED_EDGE('',*,*,#1884,.T.);
#1368=ORIENTED_EDGE('',*,*,#1832,.T.);
#1369=ORIENTED_EDGE('',*,*,#1885,.F.);
#1370=ORIENTED_EDGE('',*,*,#1761,.F.);
#1371=ORIENTED_EDGE('',*,*,#1886,.T.);
#1372=ORIENTED_EDGE('',*,*,#1835,.T.);
#1373=ORIENTED_EDGE('',*,*,#1887,.F.);
#1374=ORIENTED_EDGE('',*,*,#1762,.T.);
#1375=ORIENTED_EDGE('',*,*,#1887,.T.);
#1376=ORIENTED_EDGE('',*,*,#1834,.T.);
#1377=ORIENTED_EDGE('',*,*,#1823,.F.);
#1378=ORIENTED_EDGE('',*,*,#1810,.T.);
#1379=ORIENTED_EDGE('',*,*,#1798,.T.);
#1380=ORIENTED_EDGE('',*,*,#1786,.T.);
#1381=ORIENTED_EDGE('',*,*,#1774,.T.);
#1382=ORIENTED_EDGE('',*,*,#1746,.T.);
#1383=ORIENTED_EDGE('',*,*,#1734,.T.);
#1384=ORIENTED_EDGE('',*,*,#1722,.T.);
#1385=ORIENTED_EDGE('',*,*,#1710,.T.);
#1386=ORIENTED_EDGE('',*,*,#1698,.T.);
#1387=ORIENTED_EDGE('',*,*,#1859,.F.);
#1388=ORIENTED_EDGE('',*,*,#1850,.T.);
#1389=ORIENTED_EDGE('',*,*,#1879,.T.);
#1390=ORIENTED_EDGE('',*,*,#1748,.T.);
#1391=ORIENTED_EDGE('',*,*,#1764,.T.);
#1392=ORIENTED_EDGE('',*,*,#1776,.T.);
#1393=ORIENTED_EDGE('',*,*,#1788,.T.);
#1394=ORIENTED_EDGE('',*,*,#1800,.T.);
#1395=ORIENTED_EDGE('',*,*,#1813,.F.);
#1396=ORIENTED_EDGE('',*,*,#1824,.T.);
#1397=ORIENTED_EDGE('',*,*,#1880,.F.);
#1398=ORIENTED_EDGE('',*,*,#1736,.T.);
#1399=ORIENTED_EDGE('',*,*,#1872,.F.);
#1400=ORIENTED_EDGE('',*,*,#1836,.T.);
#1401=ORIENTED_EDGE('',*,*,#1852,.F.);
#1402=ORIENTED_EDGE('',*,*,#1684,.T.);
#1403=ORIENTED_EDGE('',*,*,#1700,.T.);
#1404=ORIENTED_EDGE('',*,*,#1712,.T.);
#1405=ORIENTED_EDGE('',*,*,#1724,.T.);
#1406=ORIENTED_EDGE('',*,*,#1743,.T.);
#1407=ORIENTED_EDGE('',*,*,#1731,.T.);
#1408=ORIENTED_EDGE('',*,*,#1719,.T.);
#1409=ORIENTED_EDGE('',*,*,#1707,.T.);
#1410=ORIENTED_EDGE('',*,*,#1694,.T.);
#1411=ORIENTED_EDGE('',*,*,#1857,.F.);
#1412=ORIENTED_EDGE('',*,*,#1846,.T.);
#1413=ORIENTED_EDGE('',*,*,#1876,.T.);
#1414=ORIENTED_EDGE('',*,*,#1745,.T.);
#1415=ORIENTED_EDGE('',*,*,#1878,.F.);
#1416=ORIENTED_EDGE('',*,*,#1848,.T.);
#1417=ORIENTED_EDGE('',*,*,#1858,.F.);
#1418=ORIENTED_EDGE('',*,*,#1696,.T.);
#1419=ORIENTED_EDGE('',*,*,#1709,.T.);
#1420=ORIENTED_EDGE('',*,*,#1721,.T.);
#1421=ORIENTED_EDGE('',*,*,#1733,.T.);
#1422=ORIENTED_EDGE('',*,*,#1740,.T.);
#1423=ORIENTED_EDGE('',*,*,#1728,.T.);
#1424=ORIENTED_EDGE('',*,*,#1716,.T.);
#1425=ORIENTED_EDGE('',*,*,#1704,.T.);
#1426=ORIENTED_EDGE('',*,*,#1690,.T.);
#1427=ORIENTED_EDGE('',*,*,#1855,.F.);
#1428=ORIENTED_EDGE('',*,*,#1842,.T.);
#1429=ORIENTED_EDGE('',*,*,#1874,.T.);
#1430=ORIENTED_EDGE('',*,*,#1742,.T.);
#1431=ORIENTED_EDGE('',*,*,#1877,.F.);
#1432=ORIENTED_EDGE('',*,*,#1844,.T.);
#1433=ORIENTED_EDGE('',*,*,#1856,.F.);
#1434=ORIENTED_EDGE('',*,*,#1692,.T.);
#1435=ORIENTED_EDGE('',*,*,#1706,.T.);
#1436=ORIENTED_EDGE('',*,*,#1718,.T.);
#1437=ORIENTED_EDGE('',*,*,#1730,.T.);
#1438=ORIENTED_EDGE('',*,*,#1737,.T.);
#1439=ORIENTED_EDGE('',*,*,#1725,.T.);
#1440=ORIENTED_EDGE('',*,*,#1713,.T.);
#1441=ORIENTED_EDGE('',*,*,#1701,.T.);
#1442=ORIENTED_EDGE('',*,*,#1686,.T.);
#1443=ORIENTED_EDGE('',*,*,#1853,.F.);
#1444=ORIENTED_EDGE('',*,*,#1838,.T.);
#1445=ORIENTED_EDGE('',*,*,#1873,.T.);
#1446=ORIENTED_EDGE('',*,*,#1739,.T.);
#1447=ORIENTED_EDGE('',*,*,#1875,.F.);
#1448=ORIENTED_EDGE('',*,*,#1840,.T.);
#1449=ORIENTED_EDGE('',*,*,#1854,.F.);
#1450=ORIENTED_EDGE('',*,*,#1688,.T.);
#1451=ORIENTED_EDGE('',*,*,#1703,.T.);
#1452=ORIENTED_EDGE('',*,*,#1715,.T.);
#1453=ORIENTED_EDGE('',*,*,#1727,.T.);
#1454=ORIENTED_EDGE('',*,*,#1760,.T.);
#1455=ORIENTED_EDGE('',*,*,#1773,.T.);
#1456=ORIENTED_EDGE('',*,*,#1785,.T.);
#1457=ORIENTED_EDGE('',*,*,#1797,.T.);
#1458=ORIENTED_EDGE('',*,*,#1809,.T.);
#1459=ORIENTED_EDGE('',*,*,#1822,.F.);
#1460=ORIENTED_EDGE('',*,*,#1833,.T.);
#1461=ORIENTED_EDGE('',*,*,#1886,.F.);
#1462=ORIENTED_EDGE('',*,*,#1758,.T.);
#1463=ORIENTED_EDGE('',*,*,#1885,.T.);
#1464=ORIENTED_EDGE('',*,*,#1831,.T.);
#1465=ORIENTED_EDGE('',*,*,#1820,.F.);
#1466=ORIENTED_EDGE('',*,*,#1807,.T.);
#1467=ORIENTED_EDGE('',*,*,#1795,.T.);
#1468=ORIENTED_EDGE('',*,*,#1783,.T.);
#1469=ORIENTED_EDGE('',*,*,#1771,.T.);
#1470=ORIENTED_EDGE('',*,*,#1756,.T.);
#1471=ORIENTED_EDGE('',*,*,#1770,.T.);
#1472=ORIENTED_EDGE('',*,*,#1782,.T.);
#1473=ORIENTED_EDGE('',*,*,#1794,.T.);
#1474=ORIENTED_EDGE('',*,*,#1806,.T.);
#1475=ORIENTED_EDGE('',*,*,#1819,.F.);
#1476=ORIENTED_EDGE('',*,*,#1830,.T.);
#1477=ORIENTED_EDGE('',*,*,#1884,.F.);
#1478=ORIENTED_EDGE('',*,*,#1754,.T.);
#1479=ORIENTED_EDGE('',*,*,#1883,.T.);
#1480=ORIENTED_EDGE('',*,*,#1828,.T.);
#1481=ORIENTED_EDGE('',*,*,#1817,.F.);
#1482=ORIENTED_EDGE('',*,*,#1804,.T.);
#1483=ORIENTED_EDGE('',*,*,#1792,.T.);
#1484=ORIENTED_EDGE('',*,*,#1780,.T.);
#1485=ORIENTED_EDGE('',*,*,#1768,.T.);
#1486=ORIENTED_EDGE('',*,*,#1750,.T.);
#1487=ORIENTED_EDGE('',*,*,#1881,.T.);
#1488=ORIENTED_EDGE('',*,*,#1825,.T.);
#1489=ORIENTED_EDGE('',*,*,#1814,.F.);
#1490=ORIENTED_EDGE('',*,*,#1801,.T.);
#1491=ORIENTED_EDGE('',*,*,#1789,.T.);
#1492=ORIENTED_EDGE('',*,*,#1777,.T.);
#1493=ORIENTED_EDGE('',*,*,#1765,.T.);
#1494=ORIENTED_EDGE('',*,*,#1752,.T.);
#1495=ORIENTED_EDGE('',*,*,#1767,.T.);
#1496=ORIENTED_EDGE('',*,*,#1779,.T.);
#1497=ORIENTED_EDGE('',*,*,#1791,.T.);
#1498=ORIENTED_EDGE('',*,*,#1803,.T.);
#1499=ORIENTED_EDGE('',*,*,#1816,.F.);
#1500=ORIENTED_EDGE('',*,*,#1827,.T.);
#1501=ORIENTED_EDGE('',*,*,#1882,.F.);
#1502=EDGE_CURVE('',#1888,#1889,#2144,.T.);
#1503=EDGE_CURVE('',#1890,#1888,#54,.T.);
#1504=EDGE_CURVE('',#1891,#1890,#55,.T.);
#1505=EDGE_CURVE('',#1892,#1891,#56,.T.);
#1506=EDGE_CURVE('',#1893,#1892,#57,.T.);
#1507=EDGE_CURVE('',#1894,#1893,#58,.T.);
#1508=EDGE_CURVE('',#1895,#1894,#59,.T.);
#1509=EDGE_CURVE('',#1889,#1895,#60,.T.);
#1510=EDGE_CURVE('',#1889,#1896,#2145,.T.);
#1511=EDGE_CURVE('',#1897,#1889,#61,.T.);
#1512=EDGE_CURVE('',#1898,#1897,#2146,.T.);
#1513=EDGE_CURVE('',#1896,#1898,#62,.T.);
#1514=EDGE_CURVE('',#1899,#1900,#2147,.T.);
#1515=EDGE_CURVE('',#1901,#1899,#63,.T.);
#1516=EDGE_CURVE('',#1902,#1901,#2148,.T.);
#1517=EDGE_CURVE('',#1900,#1902,#64,.T.);
#1518=EDGE_CURVE('',#1900,#1903,#2149,.T.);
#1519=EDGE_CURVE('',#1904,#1900,#65,.T.);
#1520=EDGE_CURVE('',#1905,#1904,#2150,.T.);
#1521=EDGE_CURVE('',#1903,#1905,#66,.T.);
#1522=EDGE_CURVE('',#1906,#1907,#67,.T.);
#1523=EDGE_CURVE('',#1906,#1908,#68,.T.);
#1524=EDGE_CURVE('',#1908,#1909,#69,.T.);
#1525=EDGE_CURVE('',#1910,#1909,#70,.T.);
#1526=EDGE_CURVE('',#1910,#1911,#71,.T.);
#1527=EDGE_CURVE('',#1912,#1911,#72,.T.);
#1528=EDGE_CURVE('',#1913,#1912,#73,.T.);
#1529=EDGE_CURVE('',#1914,#1913,#74,.T.);
#1530=EDGE_CURVE('',#1894,#1914,#75,.T.);
#1531=EDGE_CURVE('',#1915,#1893,#76,.T.);
#1532=EDGE_CURVE('',#1907,#1915,#77,.T.);
#1533=EDGE_CURVE('',#1916,#1917,#78,.T.);
#1534=EDGE_CURVE('',#1918,#1916,#79,.T.);
#1535=EDGE_CURVE('',#1892,#1918,#80,.T.);
#1536=EDGE_CURVE('',#1891,#1919,#81,.T.);
#1537=EDGE_CURVE('',#1920,#1919,#82,.T.);
#1538=EDGE_CURVE('',#1921,#1920,#83,.T.);
#1539=EDGE_CURVE('',#1921,#1917,#84,.T.);
#1540=EDGE_CURVE('',#1903,#1899,#2151,.T.);
#1541=EDGE_CURVE('',#1922,#1903,#85,.T.);
#1542=EDGE_CURVE('',#1908,#1922,#86,.T.);
#1543=EDGE_CURVE('',#1917,#1906,#87,.T.);
#1544=EDGE_CURVE('',#1923,#1921,#88,.T.);
#1545=EDGE_CURVE('',#1899,#1923,#89,.T.);
#1546=EDGE_CURVE('',#1896,#1888,#2152,.T.);
#1547=EDGE_CURVE('',#1924,#1896,#90,.T.);
#1548=EDGE_CURVE('',#1925,#1924,#2153,.T.);
#1549=EDGE_CURVE('',#1888,#1925,#91,.T.);
#1550=EDGE_CURVE('',#1926,#1927,#92,.T.);
#1551=EDGE_CURVE('',#1904,#1927,#93,.T.);
#1552=EDGE_CURVE('',#1902,#1926,#94,.T.);
#1553=EDGE_CURVE('',#1928,#1929,#95,.T.);
#1554=EDGE_CURVE('',#1924,#1928,#96,.T.);
#1555=EDGE_CURVE('',#1898,#1929,#97,.T.);
#1556=EDGE_CURVE('',#1930,#1931,#98,.T.);
#1557=EDGE_CURVE('',#1932,#1930,#99,.T.);
#1558=EDGE_CURVE('',#1933,#1932,#100,.T.);
#1559=EDGE_CURVE('',#1931,#1933,#101,.T.);
#1560=EDGE_CURVE('',#1934,#1935,#102,.T.);
#1561=EDGE_CURVE('',#1936,#1934,#103,.T.);
#1562=EDGE_CURVE('',#1937,#1936,#104,.T.);
#1563=EDGE_CURVE('',#1935,#1937,#105,.T.);
#1564=EDGE_CURVE('',#1938,#1939,#106,.T.);
#1565=EDGE_CURVE('',#1940,#1938,#107,.T.);
#1566=EDGE_CURVE('',#1941,#1940,#108,.T.);
#1567=EDGE_CURVE('',#1939,#1941,#109,.T.);
#1568=EDGE_CURVE('',#1942,#1943,#110,.T.);
#1569=EDGE_CURVE('',#1944,#1942,#111,.T.);
#1570=EDGE_CURVE('',#1945,#1944,#112,.T.);
#1571=EDGE_CURVE('',#1943,#1945,#113,.T.);
#1572=EDGE_CURVE('',#1946,#1947,#114,.T.);
#1573=EDGE_CURVE('',#1948,#1946,#115,.T.);
#1574=EDGE_CURVE('',#1949,#1948,#116,.T.);
#1575=EDGE_CURVE('',#1947,#1949,#117,.T.);
#1576=EDGE_CURVE('',#1950,#1951,#118,.T.);
#1577=EDGE_CURVE('',#1952,#1950,#119,.T.);
#1578=EDGE_CURVE('',#1953,#1952,#120,.T.);
#1579=EDGE_CURVE('',#1951,#1953,#121,.T.);
#1580=EDGE_CURVE('',#1954,#1955,#122,.T.);
#1581=EDGE_CURVE('',#1956,#1954,#123,.T.);
#1582=EDGE_CURVE('',#1957,#1956,#124,.T.);
#1583=EDGE_CURVE('',#1955,#1957,#125,.T.);
#1584=EDGE_CURVE('',#1958,#1959,#126,.T.);
#1585=EDGE_CURVE('',#1960,#1958,#127,.T.);
#1586=EDGE_CURVE('',#1961,#1960,#128,.T.);
#1587=EDGE_CURVE('',#1959,#1961,#129,.T.);
#1588=EDGE_CURVE('',#1909,#1920,#130,.T.);
#1589=EDGE_CURVE('',#1919,#1914,#131,.T.);
#1590=EDGE_CURVE('',#1962,#1913,#132,.T.);
#1591=EDGE_CURVE('',#1962,#1963,#133,.T.);
#1592=EDGE_CURVE('',#1963,#1910,#134,.T.);
#1593=EDGE_CURVE('',#1901,#1964,#135,.T.);
#1594=EDGE_CURVE('',#1964,#1926,#2154,.F.);
#1595=EDGE_CURVE('',#1923,#1965,#136,.T.);
#1596=EDGE_CURVE('',#1965,#1964,#137,.T.);
#1597=EDGE_CURVE('',#1925,#1966,#138,.T.);
#1598=EDGE_CURVE('',#1966,#1967,#139,.T.);
#1599=EDGE_CURVE('',#1890,#1967,#140,.T.);
#1600=EDGE_CURVE('',#1928,#1966,#2155,.F.);
#1601=EDGE_CURVE('',#1897,#1968,#141,.T.);
#1602=EDGE_CURVE('',#1968,#1929,#2156,.F.);
#1603=EDGE_CURVE('',#1895,#1969,#142,.T.);
#1604=EDGE_CURVE('',#1969,#1968,#143,.T.);
#1605=EDGE_CURVE('',#1927,#1970,#2157,.F.);
#1606=EDGE_CURVE('',#1905,#1970,#144,.T.);
#1607=EDGE_CURVE('',#1970,#1971,#145,.T.);
#1608=EDGE_CURVE('',#1922,#1971,#146,.T.);
#1609=EDGE_CURVE('',#1967,#1969,#147,.T.);
#1610=EDGE_CURVE('',#1965,#1971,#148,.T.);
#1611=EDGE_CURVE('',#1911,#1972,#149,.T.);
#1612=EDGE_CURVE('',#1973,#1972,#150,.T.);
#1613=EDGE_CURVE('',#1912,#1973,#151,.T.);
#1614=EDGE_CURVE('',#1972,#1963,#152,.T.);
#1615=EDGE_CURVE('',#1973,#1962,#153,.T.);
#1616=EDGE_CURVE('',#1918,#1915,#154,.T.);
#1617=EDGE_CURVE('',#1916,#1907,#155,.T.);
#1618=EDGE_CURVE('',#1974,#1974,#2158,.T.);
#1619=EDGE_CURVE('',#1975,#1975,#2159,.T.);
#1620=EDGE_CURVE('',#1976,#1959,#156,.T.);
#1621=EDGE_CURVE('',#1977,#1976,#157,.T.);
#1622=EDGE_CURVE('',#1977,#1958,#158,.T.);
#1623=EDGE_CURVE('',#1978,#1961,#159,.T.);
#1624=EDGE_CURVE('',#1976,#1978,#160,.T.);
#1625=EDGE_CURVE('',#1979,#1960,#161,.T.);
#1626=EDGE_CURVE('',#1978,#1979,#162,.T.);
#1627=EDGE_CURVE('',#1979,#1977,#163,.T.);
#1628=EDGE_CURVE('',#1980,#1955,#164,.T.);
#1629=EDGE_CURVE('',#1981,#1980,#165,.T.);
#1630=EDGE_CURVE('',#1981,#1954,#166,.T.);
#1631=EDGE_CURVE('',#1982,#1957,#167,.T.);
#1632=EDGE_CURVE('',#1980,#1982,#168,.T.);
#1633=EDGE_CURVE('',#1983,#1956,#169,.T.);
#1634=EDGE_CURVE('',#1982,#1983,#170,.T.);
#1635=EDGE_CURVE('',#1983,#1981,#171,.T.);
#1636=EDGE_CURVE('',#1984,#1951,#172,.T.);
#1637=EDGE_CURVE('',#1985,#1984,#173,.T.);
#1638=EDGE_CURVE('',#1985,#1950,#174,.T.);
#1639=EDGE_CURVE('',#1986,#1953,#175,.T.);
#1640=EDGE_CURVE('',#1984,#1986,#176,.T.);
#1641=EDGE_CURVE('',#1987,#1952,#177,.T.);
#1642=EDGE_CURVE('',#1986,#1987,#178,.T.);
#1643=EDGE_CURVE('',#1987,#1985,#179,.T.);
#1644=EDGE_CURVE('',#1988,#1947,#180,.T.);
#1645=EDGE_CURVE('',#1989,#1988,#181,.T.);
#1646=EDGE_CURVE('',#1989,#1946,#182,.T.);
#1647=EDGE_CURVE('',#1990,#1949,#183,.T.);
#1648=EDGE_CURVE('',#1988,#1990,#184,.T.);
#1649=EDGE_CURVE('',#1991,#1948,#185,.T.);
#1650=EDGE_CURVE('',#1990,#1991,#186,.T.);
#1651=EDGE_CURVE('',#1991,#1989,#187,.T.);
#1652=EDGE_CURVE('',#1992,#1943,#188,.T.);
#1653=EDGE_CURVE('',#1993,#1992,#189,.T.);
#1654=EDGE_CURVE('',#1993,#1942,#190,.T.);
#1655=EDGE_CURVE('',#1994,#1945,#191,.T.);
#1656=EDGE_CURVE('',#1992,#1994,#192,.T.);
#1657=EDGE_CURVE('',#1995,#1944,#193,.T.);
#1658=EDGE_CURVE('',#1994,#1995,#194,.T.);
#1659=EDGE_CURVE('',#1995,#1993,#195,.T.);
#1660=EDGE_CURVE('',#1996,#1939,#196,.T.);
#1661=EDGE_CURVE('',#1997,#1996,#197,.T.);
#1662=EDGE_CURVE('',#1997,#1938,#198,.T.);
#1663=EDGE_CURVE('',#1998,#1941,#199,.T.);
#1664=EDGE_CURVE('',#1996,#1998,#200,.T.);
#1665=EDGE_CURVE('',#1999,#1940,#201,.T.);
#1666=EDGE_CURVE('',#1998,#1999,#202,.T.);
#1667=EDGE_CURVE('',#1999,#1997,#203,.T.);
#1668=EDGE_CURVE('',#2000,#1935,#204,.T.);
#1669=EDGE_CURVE('',#2001,#2000,#205,.T.);
#1670=EDGE_CURVE('',#2001,#1934,#206,.T.);
#1671=EDGE_CURVE('',#2002,#1937,#207,.T.);
#1672=EDGE_CURVE('',#2000,#2002,#208,.T.);
#1673=EDGE_CURVE('',#2003,#1936,#209,.T.);
#1674=EDGE_CURVE('',#2002,#2003,#210,.T.);
#1675=EDGE_CURVE('',#2003,#2001,#211,.T.);
#1676=EDGE_CURVE('',#2004,#1931,#212,.T.);
#1677=EDGE_CURVE('',#2005,#2004,#213,.T.);
#1678=EDGE_CURVE('',#2005,#1930,#214,.T.);
#1679=EDGE_CURVE('',#2006,#1933,#215,.T.);
#1680=EDGE_CURVE('',#2004,#2006,#216,.T.);
#1681=EDGE_CURVE('',#2007,#1932,#217,.T.);
#1682=EDGE_CURVE('',#2006,#2007,#218,.T.);
#1683=EDGE_CURVE('',#2007,#2005,#219,.T.);
#1684=EDGE_CURVE('',#2008,#2009,#220,.T.);
#1685=EDGE_CURVE('',#2008,#2010,#221,.T.);
#1686=EDGE_CURVE('',#2011,#2010,#222,.T.);
#1687=EDGE_CURVE('',#2009,#2011,#223,.T.);
#1688=EDGE_CURVE('',#2012,#2013,#224,.T.);
#1689=EDGE_CURVE('',#2012,#2014,#225,.T.);
#1690=EDGE_CURVE('',#2015,#2014,#226,.T.);
#1691=EDGE_CURVE('',#2013,#2015,#227,.T.);
#1692=EDGE_CURVE('',#2016,#2017,#228,.T.);
#1693=EDGE_CURVE('',#2016,#2018,#229,.T.);
#1694=EDGE_CURVE('',#2019,#2018,#230,.T.);
#1695=EDGE_CURVE('',#2017,#2019,#231,.T.);
#1696=EDGE_CURVE('',#2020,#2021,#232,.T.);
#1697=EDGE_CURVE('',#2020,#2022,#233,.T.);
#1698=EDGE_CURVE('',#2023,#2022,#234,.T.);
#1699=EDGE_CURVE('',#2021,#2023,#235,.T.);
#1700=EDGE_CURVE('',#2009,#2024,#236,.T.);
#1701=EDGE_CURVE('',#2025,#2011,#237,.T.);
#1702=EDGE_CURVE('',#2024,#2025,#238,.T.);
#1703=EDGE_CURVE('',#2013,#2026,#239,.T.);
#1704=EDGE_CURVE('',#2027,#2015,#240,.T.);
#1705=EDGE_CURVE('',#2026,#2027,#241,.T.);
#1706=EDGE_CURVE('',#2017,#2028,#242,.T.);
#1707=EDGE_CURVE('',#2029,#2019,#243,.T.);
#1708=EDGE_CURVE('',#2028,#2029,#244,.T.);
#1709=EDGE_CURVE('',#2021,#2030,#245,.T.);
#1710=EDGE_CURVE('',#2031,#2023,#246,.T.);
#1711=EDGE_CURVE('',#2030,#2031,#247,.T.);
#1712=EDGE_CURVE('',#2024,#2032,#248,.T.);
#1713=EDGE_CURVE('',#2033,#2025,#249,.T.);
#1714=EDGE_CURVE('',#2032,#2033,#250,.T.);
#1715=EDGE_CURVE('',#2026,#2034,#251,.T.);
#1716=EDGE_CURVE('',#2035,#2027,#252,.T.);
#1717=EDGE_CURVE('',#2034,#2035,#253,.T.);
#1718=EDGE_CURVE('',#2028,#2036,#254,.T.);
#1719=EDGE_CURVE('',#2037,#2029,#255,.T.);
#1720=EDGE_CURVE('',#2036,#2037,#256,.T.);
#1721=EDGE_CURVE('',#2030,#2038,#257,.T.);
#1722=EDGE_CURVE('',#2039,#2031,#258,.T.);
#1723=EDGE_CURVE('',#2038,#2039,#259,.T.);
#1724=EDGE_CURVE('',#2032,#2040,#2160,.T.);
#1725=EDGE_CURVE('',#2041,#2033,#2161,.T.);
#1726=EDGE_CURVE('',#2040,#2041,#260,.T.);
#1727=EDGE_CURVE('',#2034,#2042,#2162,.T.);
#1728=EDGE_CURVE('',#2043,#2035,#2163,.T.);
#1729=EDGE_CURVE('',#2042,#2043,#261,.T.);
#1730=EDGE_CURVE('',#2036,#2044,#2164,.T.);
#1731=EDGE_CURVE('',#2045,#2037,#2165,.T.);
#1732=EDGE_CURVE('',#2044,#2045,#262,.T.);
#1733=EDGE_CURVE('',#2038,#2046,#2166,.T.);
#1734=EDGE_CURVE('',#2047,#2039,#2167,.T.);
#1735=EDGE_CURVE('',#2046,#2047,#263,.T.);
#1736=EDGE_CURVE('',#2040,#2048,#264,.T.);
#1737=EDGE_CURVE('',#2049,#2041,#265,.T.);
#1738=EDGE_CURVE('',#2048,#2049,#266,.T.);
#1739=EDGE_CURVE('',#2042,#2050,#267,.T.);
#1740=EDGE_CURVE('',#2051,#2043,#268,.T.);
#1741=EDGE_CURVE('',#2050,#2051,#269,.T.);
#1742=EDGE_CURVE('',#2044,#2052,#270,.T.);
#1743=EDGE_CURVE('',#2053,#2045,#271,.T.);
#1744=EDGE_CURVE('',#2052,#2053,#272,.T.);
#1745=EDGE_CURVE('',#2046,#2054,#273,.T.);
#1746=EDGE_CURVE('',#2055,#2047,#274,.T.);
#1747=EDGE_CURVE('',#2054,#2055,#275,.T.);
#1748=EDGE_CURVE('',#2056,#2057,#276,.T.);
#1749=EDGE_CURVE('',#2056,#2058,#277,.T.);
#1750=EDGE_CURVE('',#2059,#2058,#278,.T.);
#1751=EDGE_CURVE('',#2057,#2059,#279,.T.);
#1752=EDGE_CURVE('',#2060,#2061,#280,.T.);
#1753=EDGE_CURVE('',#2060,#2062,#281,.T.);
#1754=EDGE_CURVE('',#2063,#2062,#282,.T.);
#1755=EDGE_CURVE('',#2061,#2063,#283,.T.);
#1756=EDGE_CURVE('',#2064,#2065,#284,.T.);
#1757=EDGE_CURVE('',#2064,#2066,#285,.T.);
#1758=EDGE_CURVE('',#2067,#2066,#286,.T.);
#1759=EDGE_CURVE('',#2065,#2067,#287,.T.);
#1760=EDGE_CURVE('',#2068,#2069,#288,.T.);
#1761=EDGE_CURVE('',#2068,#2070,#289,.T.);
#1762=EDGE_CURVE('',#2071,#2070,#290,.T.);
#1763=EDGE_CURVE('',#2069,#2071,#291,.T.);
#1764=EDGE_CURVE('',#2057,#2072,#2168,.T.);
#1765=EDGE_CURVE('',#2073,#2059,#2169,.T.);
#1766=EDGE_CURVE('',#2072,#2073,#292,.T.);
#1767=EDGE_CURVE('',#2061,#2074,#2170,.T.);
#1768=EDGE_CURVE('',#2075,#2063,#2171,.T.);
#1769=EDGE_CURVE('',#2074,#2075,#293,.T.);
#1770=EDGE_CURVE('',#2065,#2076,#2172,.T.);
#1771=EDGE_CURVE('',#2077,#2067,#2173,.T.);
#1772=EDGE_CURVE('',#2076,#2077,#294,.T.);
#1773=EDGE_CURVE('',#2069,#2078,#2174,.T.);
#1774=EDGE_CURVE('',#2079,#2071,#2175,.T.);
#1775=EDGE_CURVE('',#2078,#2079,#295,.T.);
#1776=EDGE_CURVE('',#2072,#2080,#296,.T.);
#1777=EDGE_CURVE('',#2081,#2073,#297,.T.);
#1778=EDGE_CURVE('',#2080,#2081,#298,.T.);
#1779=EDGE_CURVE('',#2074,#2082,#299,.T.);
#1780=EDGE_CURVE('',#2083,#2075,#300,.T.);
#1781=EDGE_CURVE('',#2082,#2083,#301,.T.);
#1782=EDGE_CURVE('',#2076,#2084,#302,.T.);
#1783=EDGE_CURVE('',#2085,#2077,#303,.T.);
#1784=EDGE_CURVE('',#2084,#2085,#304,.T.);
#1785=EDGE_CURVE('',#2078,#2086,#305,.T.);
#1786=EDGE_CURVE('',#2087,#2079,#306,.T.);
#1787=EDGE_CURVE('',#2086,#2087,#307,.T.);
#1788=EDGE_CURVE('',#2080,#2088,#308,.T.);
#1789=EDGE_CURVE('',#2089,#2081,#309,.T.);
#1790=EDGE_CURVE('',#2088,#2089,#310,.T.);
#1791=EDGE_CURVE('',#2082,#2090,#311,.T.);
#1792=EDGE_CURVE('',#2091,#2083,#312,.T.);
#1793=EDGE_CURVE('',#2090,#2091,#313,.T.);
#1794=EDGE_CURVE('',#2084,#2092,#314,.T.);
#1795=EDGE_CURVE('',#2093,#2085,#315,.T.);
#1796=EDGE_CURVE('',#2092,#2093,#316,.T.);
#1797=EDGE_CURVE('',#2086,#2094,#317,.T.);
#1798=EDGE_CURVE('',#2095,#2087,#318,.T.);
#1799=EDGE_CURVE('',#2094,#2095,#319,.T.);
#1800=EDGE_CURVE('',#2088,#2096,#320,.T.);
#1801=EDGE_CURVE('',#2097,#2089,#321,.T.);
#1802=EDGE_CURVE('',#2096,#2097,#322,.T.);
#1803=EDGE_CURVE('',#2090,#2098,#323,.T.);
#1804=EDGE_CURVE('',#2099,#2091,#324,.T.);
#1805=EDGE_CURVE('',#2098,#2099,#325,.T.);
#1806=EDGE_CURVE('',#2092,#2100,#326,.T.);
#1807=EDGE_CURVE('',#2101,#2093,#327,.T.);
#1808=EDGE_CURVE('',#2100,#2101,#328,.T.);
#1809=EDGE_CURVE('',#2094,#2102,#329,.T.);
#1810=EDGE_CURVE('',#2103,#2095,#330,.T.);
#1811=EDGE_CURVE('',#2102,#2103,#331,.T.);
#1812=EDGE_CURVE('',#2104,#2105,#332,.T.);
#1813=EDGE_CURVE('',#2104,#2096,#2176,.T.);
#1814=EDGE_CURVE('',#2097,#2105,#2177,.T.);
#1815=EDGE_CURVE('',#2106,#2107,#333,.T.);
#1816=EDGE_CURVE('',#2106,#2098,#2178,.T.);
#1817=EDGE_CURVE('',#2099,#2107,#2179,.T.);
#1818=EDGE_CURVE('',#2108,#2109,#334,.T.);
#1819=EDGE_CURVE('',#2108,#2100,#2180,.T.);
#1820=EDGE_CURVE('',#2101,#2109,#2181,.T.);
#1821=EDGE_CURVE('',#2110,#2111,#335,.T.);
#1822=EDGE_CURVE('',#2110,#2102,#2182,.T.);
#1823=EDGE_CURVE('',#2103,#2111,#2183,.T.);
#1824=EDGE_CURVE('',#2104,#2112,#336,.T.);
#1825=EDGE_CURVE('',#2113,#2105,#337,.T.);
#1826=EDGE_CURVE('',#2112,#2113,#338,.T.);
#1827=EDGE_CURVE('',#2106,#2114,#339,.T.);
#1828=EDGE_CURVE('',#2115,#2107,#340,.T.);
#1829=EDGE_CURVE('',#2114,#2115,#341,.T.);
#1830=EDGE_CURVE('',#2108,#2116,#342,.T.);
#1831=EDGE_CURVE('',#2117,#2109,#343,.T.);
#1832=EDGE_CURVE('',#2116,#2117,#344,.T.);
#1833=EDGE_CURVE('',#2110,#2118,#345,.T.);
#1834=EDGE_CURVE('',#2119,#2111,#346,.T.);
#1835=EDGE_CURVE('',#2118,#2119,#347,.T.);
#1836=EDGE_CURVE('',#2120,#2121,#348,.T.);
#1837=EDGE_CURVE('',#2120,#2122,#349,.T.);
#1838=EDGE_CURVE('',#2123,#2122,#350,.T.);
#1839=EDGE_CURVE('',#2121,#2123,#351,.T.);
#1840=EDGE_CURVE('',#2124,#2125,#352,.T.);
#1841=EDGE_CURVE('',#2124,#2126,#353,.T.);
#1842=EDGE_CURVE('',#2127,#2126,#354,.T.);
#1843=EDGE_CURVE('',#2125,#2127,#355,.T.);
#1844=EDGE_CURVE('',#2128,#2129,#356,.T.);
#1845=EDGE_CURVE('',#2128,#2130,#357,.T.);
#1846=EDGE_CURVE('',#2131,#2130,#358,.T.);
#1847=EDGE_CURVE('',#2129,#2131,#359,.T.);
#1848=EDGE_CURVE('',#2132,#2133,#360,.T.);
#1849=EDGE_CURVE('',#2132,#2134,#361,.T.);
#1850=EDGE_CURVE('',#2135,#2134,#362,.T.);
#1851=EDGE_CURVE('',#2133,#2135,#363,.T.);
#1852=EDGE_CURVE('',#2008,#2121,#2184,.T.);
#1853=EDGE_CURVE('',#2123,#2010,#2185,.T.);
#1854=EDGE_CURVE('',#2012,#2125,#2186,.T.);
#1855=EDGE_CURVE('',#2127,#2014,#2187,.T.);
#1856=EDGE_CURVE('',#2016,#2129,#2188,.T.);
#1857=EDGE_CURVE('',#2131,#2018,#2189,.T.);
#1858=EDGE_CURVE('',#2020,#2133,#2190,.T.);
#1859=EDGE_CURVE('',#2135,#2022,#2191,.T.);
#1860=EDGE_CURVE('',#2136,#2137,#364,.T.);
#1861=EDGE_CURVE('',#2137,#2138,#365,.T.);
#1862=EDGE_CURVE('',#2138,#2139,#366,.T.);
#1863=EDGE_CURVE('',#2139,#2136,#367,.T.);
#1864=EDGE_CURVE('',#2140,#2141,#368,.T.);
#1865=EDGE_CURVE('',#2142,#2140,#369,.T.);
#1866=EDGE_CURVE('',#2143,#2142,#370,.T.);
#1867=EDGE_CURVE('',#2141,#2143,#371,.T.);
#1868=EDGE_CURVE('',#2139,#2141,#372,.T.);
#1869=EDGE_CURVE('',#2138,#2140,#373,.T.);
#1870=EDGE_CURVE('',#2136,#2143,#374,.T.);
#1871=EDGE_CURVE('',#2137,#2142,#375,.T.);
#1872=EDGE_CURVE('',#2120,#2048,#376,.T.);
#1873=EDGE_CURVE('',#2122,#2049,#377,.T.);
#1874=EDGE_CURVE('',#2126,#2051,#378,.T.);
#1875=EDGE_CURVE('',#2124,#2050,#379,.T.);
#1876=EDGE_CURVE('',#2130,#2053,#380,.T.);
#1877=EDGE_CURVE('',#2128,#2052,#381,.T.);
#1878=EDGE_CURVE('',#2132,#2054,#382,.T.);
#1879=EDGE_CURVE('',#2134,#2055,#383,.T.);
#1880=EDGE_CURVE('',#2056,#2112,#384,.T.);
#1881=EDGE_CURVE('',#2058,#2113,#385,.T.);
#1882=EDGE_CURVE('',#2060,#2114,#386,.T.);
#1883=EDGE_CURVE('',#2062,#2115,#387,.T.);
#1884=EDGE_CURVE('',#2064,#2116,#388,.T.);
#1885=EDGE_CURVE('',#2066,#2117,#389,.T.);
#1886=EDGE_CURVE('',#2068,#2118,#390,.T.);
#1887=EDGE_CURVE('',#2070,#2119,#391,.T.);
#1888=VERTEX_POINT('',#3788);
#1889=VERTEX_POINT('',#3789);
#1890=VERTEX_POINT('',#3791);
#1891=VERTEX_POINT('',#3793);
#1892=VERTEX_POINT('',#3795);
#1893=VERTEX_POINT('',#3797);
#1894=VERTEX_POINT('',#3799);
#1895=VERTEX_POINT('',#3801);
#1896=VERTEX_POINT('',#3805);
#1897=VERTEX_POINT('',#3807);
#1898=VERTEX_POINT('',#3809);
#1899=VERTEX_POINT('',#3813);
#1900=VERTEX_POINT('',#3814);
#1901=VERTEX_POINT('',#3816);
#1902=VERTEX_POINT('',#3818);
#1903=VERTEX_POINT('',#3822);
#1904=VERTEX_POINT('',#3824);
#1905=VERTEX_POINT('',#3826);
#1906=VERTEX_POINT('',#3830);
#1907=VERTEX_POINT('',#3831);
#1908=VERTEX_POINT('',#3833);
#1909=VERTEX_POINT('',#3835);
#1910=VERTEX_POINT('',#3837);
#1911=VERTEX_POINT('',#3839);
#1912=VERTEX_POINT('',#3841);
#1913=VERTEX_POINT('',#3843);
#1914=VERTEX_POINT('',#3845);
#1915=VERTEX_POINT('',#3848);
#1916=VERTEX_POINT('',#3852);
#1917=VERTEX_POINT('',#3853);
#1918=VERTEX_POINT('',#3855);
#1919=VERTEX_POINT('',#3858);
#1920=VERTEX_POINT('',#3860);
#1921=VERTEX_POINT('',#3862);
#1922=VERTEX_POINT('',#3867);
#1923=VERTEX_POINT('',#3871);
#1924=VERTEX_POINT('',#3876);
#1925=VERTEX_POINT('',#3878);
#1926=VERTEX_POINT('',#3882);
#1927=VERTEX_POINT('',#3883);
#1928=VERTEX_POINT('',#3888);
#1929=VERTEX_POINT('',#3889);
#1930=VERTEX_POINT('',#3894);
#1931=VERTEX_POINT('',#3895);
#1932=VERTEX_POINT('',#3897);
#1933=VERTEX_POINT('',#3899);
#1934=VERTEX_POINT('',#3902);
#1935=VERTEX_POINT('',#3903);
#1936=VERTEX_POINT('',#3905);
#1937=VERTEX_POINT('',#3907);
#1938=VERTEX_POINT('',#3910);
#1939=VERTEX_POINT('',#3911);
#1940=VERTEX_POINT('',#3913);
#1941=VERTEX_POINT('',#3915);
#1942=VERTEX_POINT('',#3918);
#1943=VERTEX_POINT('',#3919);
#1944=VERTEX_POINT('',#3921);
#1945=VERTEX_POINT('',#3923);
#1946=VERTEX_POINT('',#3926);
#1947=VERTEX_POINT('',#3927);
#1948=VERTEX_POINT('',#3929);
#1949=VERTEX_POINT('',#3931);
#1950=VERTEX_POINT('',#3934);
#1951=VERTEX_POINT('',#3935);
#1952=VERTEX_POINT('',#3937);
#1953=VERTEX_POINT('',#3939);
#1954=VERTEX_POINT('',#3942);
#1955=VERTEX_POINT('',#3943);
#1956=VERTEX_POINT('',#3945);
#1957=VERTEX_POINT('',#3947);
#1958=VERTEX_POINT('',#3950);
#1959=VERTEX_POINT('',#3951);
#1960=VERTEX_POINT('',#3953);
#1961=VERTEX_POINT('',#3955);
#1962=VERTEX_POINT('',#3960);
#1963=VERTEX_POINT('',#3962);
#1964=VERTEX_POINT('',#3966);
#1965=VERTEX_POINT('',#3970);
#1966=VERTEX_POINT('',#3974);
#1967=VERTEX_POINT('',#3976);
#1968=VERTEX_POINT('',#3982);
#1969=VERTEX_POINT('',#3986);
#1970=VERTEX_POINT('',#3990);
#1971=VERTEX_POINT('',#3994);
#1972=VERTEX_POINT('',#4002);
#1973=VERTEX_POINT('',#4004);
#1974=VERTEX_POINT('',#4020);
#1975=VERTEX_POINT('',#4024);
#1976=VERTEX_POINT('',#4028);
#1977=VERTEX_POINT('',#4030);
#1978=VERTEX_POINT('',#4034);
#1979=VERTEX_POINT('',#4038);
#1980=VERTEX_POINT('',#4045);
#1981=VERTEX_POINT('',#4047);
#1982=VERTEX_POINT('',#4051);
#1983=VERTEX_POINT('',#4055);
#1984=VERTEX_POINT('',#4062);
#1985=VERTEX_POINT('',#4064);
#1986=VERTEX_POINT('',#4068);
#1987=VERTEX_POINT('',#4072);
#1988=VERTEX_POINT('',#4079);
#1989=VERTEX_POINT('',#4081);
#1990=VERTEX_POINT('',#4085);
#1991=VERTEX_POINT('',#4089);
#1992=VERTEX_POINT('',#4096);
#1993=VERTEX_POINT('',#4098);
#1994=VERTEX_POINT('',#4102);
#1995=VERTEX_POINT('',#4106);
#1996=VERTEX_POINT('',#4113);
#1997=VERTEX_POINT('',#4115);
#1998=VERTEX_POINT('',#4119);
#1999=VERTEX_POINT('',#4123);
#2000=VERTEX_POINT('',#4130);
#2001=VERTEX_POINT('',#4132);
#2002=VERTEX_POINT('',#4136);
#2003=VERTEX_POINT('',#4140);
#2004=VERTEX_POINT('',#4147);
#2005=VERTEX_POINT('',#4149);
#2006=VERTEX_POINT('',#4153);
#2007=VERTEX_POINT('',#4157);
#2008=VERTEX_POINT('',#4165);
#2009=VERTEX_POINT('',#4166);
#2010=VERTEX_POINT('',#4168);
#2011=VERTEX_POINT('',#4170);
#2012=VERTEX_POINT('',#4174);
#2013=VERTEX_POINT('',#4175);
#2014=VERTEX_POINT('',#4177);
#2015=VERTEX_POINT('',#4179);
#2016=VERTEX_POINT('',#4183);
#2017=VERTEX_POINT('',#4184);
#2018=VERTEX_POINT('',#4186);
#2019=VERTEX_POINT('',#4188);
#2020=VERTEX_POINT('',#4192);
#2021=VERTEX_POINT('',#4193);
#2022=VERTEX_POINT('',#4195);
#2023=VERTEX_POINT('',#4197);
#2024=VERTEX_POINT('',#4201);
#2025=VERTEX_POINT('',#4203);
#2026=VERTEX_POINT('',#4207);
#2027=VERTEX_POINT('',#4209);
#2028=VERTEX_POINT('',#4213);
#2029=VERTEX_POINT('',#4215);
#2030=VERTEX_POINT('',#4219);
#2031=VERTEX_POINT('',#4221);
#2032=VERTEX_POINT('',#4225);
#2033=VERTEX_POINT('',#4227);
#2034=VERTEX_POINT('',#4231);
#2035=VERTEX_POINT('',#4233);
#2036=VERTEX_POINT('',#4237);
#2037=VERTEX_POINT('',#4239);
#2038=VERTEX_POINT('',#4243);
#2039=VERTEX_POINT('',#4245);
#2040=VERTEX_POINT('',#4249);
#2041=VERTEX_POINT('',#4251);
#2042=VERTEX_POINT('',#4255);
#2043=VERTEX_POINT('',#4257);
#2044=VERTEX_POINT('',#4261);
#2045=VERTEX_POINT('',#4263);
#2046=VERTEX_POINT('',#4267);
#2047=VERTEX_POINT('',#4269);
#2048=VERTEX_POINT('',#4273);
#2049=VERTEX_POINT('',#4275);
#2050=VERTEX_POINT('',#4279);
#2051=VERTEX_POINT('',#4281);
#2052=VERTEX_POINT('',#4285);
#2053=VERTEX_POINT('',#4287);
#2054=VERTEX_POINT('',#4291);
#2055=VERTEX_POINT('',#4293);
#2056=VERTEX_POINT('',#4297);
#2057=VERTEX_POINT('',#4298);
#2058=VERTEX_POINT('',#4300);
#2059=VERTEX_POINT('',#4302);
#2060=VERTEX_POINT('',#4306);
#2061=VERTEX_POINT('',#4307);
#2062=VERTEX_POINT('',#4309);
#2063=VERTEX_POINT('',#4311);
#2064=VERTEX_POINT('',#4315);
#2065=VERTEX_POINT('',#4316);
#2066=VERTEX_POINT('',#4318);
#2067=VERTEX_POINT('',#4320);
#2068=VERTEX_POINT('',#4324);
#2069=VERTEX_POINT('',#4325);
#2070=VERTEX_POINT('',#4327);
#2071=VERTEX_POINT('',#4329);
#2072=VERTEX_POINT('',#4333);
#2073=VERTEX_POINT('',#4335);
#2074=VERTEX_POINT('',#4339);
#2075=VERTEX_POINT('',#4341);
#2076=VERTEX_POINT('',#4345);
#2077=VERTEX_POINT('',#4347);
#2078=VERTEX_POINT('',#4351);
#2079=VERTEX_POINT('',#4353);
#2080=VERTEX_POINT('',#4357);
#2081=VERTEX_POINT('',#4359);
#2082=VERTEX_POINT('',#4363);
#2083=VERTEX_POINT('',#4365);
#2084=VERTEX_POINT('',#4369);
#2085=VERTEX_POINT('',#4371);
#2086=VERTEX_POINT('',#4375);
#2087=VERTEX_POINT('',#4377);
#2088=VERTEX_POINT('',#4381);
#2089=VERTEX_POINT('',#4383);
#2090=VERTEX_POINT('',#4387);
#2091=VERTEX_POINT('',#4389);
#2092=VERTEX_POINT('',#4393);
#2093=VERTEX_POINT('',#4395);
#2094=VERTEX_POINT('',#4399);
#2095=VERTEX_POINT('',#4401);
#2096=VERTEX_POINT('',#4405);
#2097=VERTEX_POINT('',#4407);
#2098=VERTEX_POINT('',#4411);
#2099=VERTEX_POINT('',#4413);
#2100=VERTEX_POINT('',#4417);
#2101=VERTEX_POINT('',#4419);
#2102=VERTEX_POINT('',#4423);
#2103=VERTEX_POINT('',#4425);
#2104=VERTEX_POINT('',#4429);
#2105=VERTEX_POINT('',#4430);
#2106=VERTEX_POINT('',#4435);
#2107=VERTEX_POINT('',#4436);
#2108=VERTEX_POINT('',#4441);
#2109=VERTEX_POINT('',#4442);
#2110=VERTEX_POINT('',#4447);
#2111=VERTEX_POINT('',#4448);
#2112=VERTEX_POINT('',#4453);
#2113=VERTEX_POINT('',#4455);
#2114=VERTEX_POINT('',#4459);
#2115=VERTEX_POINT('',#4461);
#2116=VERTEX_POINT('',#4465);
#2117=VERTEX_POINT('',#4467);
#2118=VERTEX_POINT('',#4471);
#2119=VERTEX_POINT('',#4473);
#2120=VERTEX_POINT('',#4477);
#2121=VERTEX_POINT('',#4478);
#2122=VERTEX_POINT('',#4480);
#2123=VERTEX_POINT('',#4482);
#2124=VERTEX_POINT('',#4486);
#2125=VERTEX_POINT('',#4487);
#2126=VERTEX_POINT('',#4489);
#2127=VERTEX_POINT('',#4491);
#2128=VERTEX_POINT('',#4495);
#2129=VERTEX_POINT('',#4496);
#2130=VERTEX_POINT('',#4498);
#2131=VERTEX_POINT('',#4500);
#2132=VERTEX_POINT('',#4504);
#2133=VERTEX_POINT('',#4505);
#2134=VERTEX_POINT('',#4507);
#2135=VERTEX_POINT('',#4509);
#2136=VERTEX_POINT('',#4525);
#2137=VERTEX_POINT('',#4526);
#2138=VERTEX_POINT('',#4528);
#2139=VERTEX_POINT('',#4530);
#2140=VERTEX_POINT('',#4534);
#2141=VERTEX_POINT('',#4535);
#2142=VERTEX_POINT('',#4537);
#2143=VERTEX_POINT('',#4539);
#2144=CIRCLE('',#2840,0.025);
#2145=CIRCLE('',#2842,0.025);
#2146=CIRCLE('',#2843,0.02);
#2147=CIRCLE('',#2845,0.025);
#2148=CIRCLE('',#2846,0.02);
#2149=CIRCLE('',#2848,0.025);
#2150=CIRCLE('',#2849,0.02);
#2151=CIRCLE('',#2853,0.025);
#2152=CIRCLE('',#2855,0.025);
#2153=CIRCLE('',#2856,0.0199999999999999);
#2154=CIRCLE('',#2861,0.02);
#2155=CIRCLE('',#2865,0.0199999999999999);
#2156=CIRCLE('',#2867,0.02);
#2157=CIRCLE('',#2870,0.02);
#2158=CIRCLE('',#2884,0.025);
#2159=CIRCLE('',#2887,0.025);
#2160=CIRCLE('',#2943,0.01);
#2161=CIRCLE('',#2944,0.01);
#2162=CIRCLE('',#2946,0.01);
#2163=CIRCLE('',#2947,0.01);
#2164=CIRCLE('',#2949,0.01);
#2165=CIRCLE('',#2950,0.01);
#2166=CIRCLE('',#2952,0.01);
#2167=CIRCLE('',#2953,0.01);
#2168=CIRCLE('',#2963,0.00999999999999999);
#2169=CIRCLE('',#2964,0.00999999999999999);
#2170=CIRCLE('',#2966,0.00999999999999999);
#2171=CIRCLE('',#2967,0.00999999999999999);
#2172=CIRCLE('',#2969,0.00999999999999999);
#2173=CIRCLE('',#2970,0.00999999999999999);
#2174=CIRCLE('',#2972,0.00999999999999999);
#2175=CIRCLE('',#2973,0.00999999999999999);
#2176=CIRCLE('',#2987,0.005);
#2177=CIRCLE('',#2988,0.005);
#2178=CIRCLE('',#2990,0.005);
#2179=CIRCLE('',#2991,0.005);
#2180=CIRCLE('',#2993,0.005);
#2181=CIRCLE('',#2994,0.005);
#2182=CIRCLE('',#2996,0.005);
#2183=CIRCLE('',#2997,0.005);
#2184=CIRCLE('',#3007,0.005);
#2185=CIRCLE('',#3008,0.005);
#2186=CIRCLE('',#3010,0.005);
#2187=CIRCLE('',#3011,0.005);
#2188=CIRCLE('',#3013,0.005);
#2189=CIRCLE('',#3014,0.005);
#2190=CIRCLE('',#3016,0.005);
#2191=CIRCLE('',#3017,0.005);
#2192=EDGE_LOOP('',(#730,#731,#732,#733,#734,#735,#736,#737));
#2193=EDGE_LOOP('',(#738,#739,#740,#741));
#2194=EDGE_LOOP('',(#742,#743,#744,#745));
#2195=EDGE_LOOP('',(#746,#747,#748,#749));
#2196=EDGE_LOOP('',(#750,#751,#752,#753,#754,#755,#756,#757,#758,#759,#760,
#761));
#2197=EDGE_LOOP('',(#762,#763,#764,#765,#766,#767,#768,#769));
#2198=EDGE_LOOP('',(#770,#771,#772,#773,#774,#775,#776,#777));
#2199=EDGE_LOOP('',(#778,#779,#780,#781));
#2200=EDGE_LOOP('',(#782,#783,#784,#785,#786));
#2201=EDGE_LOOP('',(#787,#788,#789,#790,#791));
#2202=EDGE_LOOP('',(#792,#793,#794,#795));
#2203=EDGE_LOOP('',(#796,#797,#798,#799));
#2204=EDGE_LOOP('',(#800,#801,#802,#803));
#2205=EDGE_LOOP('',(#804,#805,#806,#807));
#2206=EDGE_LOOP('',(#808,#809,#810,#811));
#2207=EDGE_LOOP('',(#812,#813,#814,#815));
#2208=EDGE_LOOP('',(#816,#817,#818,#819));
#2209=EDGE_LOOP('',(#820,#821,#822,#823));
#2210=EDGE_LOOP('',(#824,#825,#826,#827,#828,#829,#830,#831));
#2211=EDGE_LOOP('',(#832,#833,#834,#835));
#2212=EDGE_LOOP('',(#836,#837,#838,#839,#840));
#2213=EDGE_LOOP('',(#841,#842,#843,#844,#845));
#2214=EDGE_LOOP('',(#846,#847,#848,#849));
#2215=EDGE_LOOP('',(#850,#851,#852,#853));
#2216=EDGE_LOOP('',(#854,#855,#856,#857,#858));
#2217=EDGE_LOOP('',(#859,#860,#861,#862));
#2218=EDGE_LOOP('',(#863,#864,#865,#866,#867));
#2219=EDGE_LOOP('',(#868,#869,#870,#871,#872,#873,#874,#875));
#2220=EDGE_LOOP('',(#876,#877,#878,#879,#880,#881,#882,#883));
#2221=EDGE_LOOP('',(#884,#885,#886,#887));
#2222=EDGE_LOOP('',(#888,#889,#890,#891));
#2223=EDGE_LOOP('',(#892,#893,#894,#895));
#2224=EDGE_LOOP('',(#896,#897,#898,#899));
#2225=EDGE_LOOP('',(#900,#901,#902,#903,#904,#905));
#2226=EDGE_LOOP('',(#906,#907,#908,#909,#910,#911));
#2227=EDGE_LOOP('',(#912,#913,#914,#915));
#2228=EDGE_LOOP('',(#916,#917,#918,#919));
#2229=EDGE_LOOP('',(#920,#921,#922,#923));
#2230=EDGE_LOOP('',(#924));
#2231=EDGE_LOOP('',(#925,#926,#927));
#2232=EDGE_LOOP('',(#928));
#2233=EDGE_LOOP('',(#929));
#2234=EDGE_LOOP('',(#930,#931,#932));
#2235=EDGE_LOOP('',(#933));
#2236=EDGE_LOOP('',(#934,#935,#936,#937));
#2237=EDGE_LOOP('',(#938,#939,#940,#941));
#2238=EDGE_LOOP('',(#942,#943,#944,#945));
#2239=EDGE_LOOP('',(#946,#947,#948,#949));
#2240=EDGE_LOOP('',(#950,#951,#952,#953));
#2241=EDGE_LOOP('',(#954,#955,#956,#957));
#2242=EDGE_LOOP('',(#958,#959,#960,#961));
#2243=EDGE_LOOP('',(#962,#963,#964,#965));
#2244=EDGE_LOOP('',(#966,#967,#968,#969));
#2245=EDGE_LOOP('',(#970,#971,#972,#973));
#2246=EDGE_LOOP('',(#974,#975,#976,#977));
#2247=EDGE_LOOP('',(#978,#979,#980,#981));
#2248=EDGE_LOOP('',(#982,#983,#984,#985));
#2249=EDGE_LOOP('',(#986,#987,#988,#989));
#2250=EDGE_LOOP('',(#990,#991,#992,#993));
#2251=EDGE_LOOP('',(#994,#995,#996,#997));
#2252=EDGE_LOOP('',(#998,#999,#1000,#1001));
#2253=EDGE_LOOP('',(#1002,#1003,#1004,#1005));
#2254=EDGE_LOOP('',(#1006,#1007,#1008,#1009));
#2255=EDGE_LOOP('',(#1010,#1011,#1012,#1013));
#2256=EDGE_LOOP('',(#1014,#1015,#1016,#1017));
#2257=EDGE_LOOP('',(#1018,#1019,#1020,#1021));
#2258=EDGE_LOOP('',(#1022,#1023,#1024,#1025));
#2259=EDGE_LOOP('',(#1026,#1027,#1028,#1029));
#2260=EDGE_LOOP('',(#1030,#1031,#1032,#1033));
#2261=EDGE_LOOP('',(#1034,#1035,#1036,#1037));
#2262=EDGE_LOOP('',(#1038,#1039,#1040,#1041));
#2263=EDGE_LOOP('',(#1042,#1043,#1044,#1045));
#2264=EDGE_LOOP('',(#1046,#1047,#1048,#1049));
#2265=EDGE_LOOP('',(#1050,#1051,#1052,#1053));
#2266=EDGE_LOOP('',(#1054,#1055,#1056,#1057));
#2267=EDGE_LOOP('',(#1058,#1059,#1060,#1061));
#2268=EDGE_LOOP('',(#1062,#1063,#1064,#1065));
#2269=EDGE_LOOP('',(#1066,#1067,#1068,#1069));
#2270=EDGE_LOOP('',(#1070,#1071,#1072,#1073));
#2271=EDGE_LOOP('',(#1074,#1075,#1076,#1077));
#2272=EDGE_LOOP('',(#1078,#1079,#1080,#1081));
#2273=EDGE_LOOP('',(#1082,#1083,#1084,#1085));
#2274=EDGE_LOOP('',(#1086,#1087,#1088,#1089));
#2275=EDGE_LOOP('',(#1090,#1091,#1092,#1093));
#2276=EDGE_LOOP('',(#1094,#1095,#1096,#1097));
#2277=EDGE_LOOP('',(#1098,#1099,#1100,#1101));
#2278=EDGE_LOOP('',(#1102,#1103,#1104,#1105));
#2279=EDGE_LOOP('',(#1106,#1107,#1108,#1109));
#2280=EDGE_LOOP('',(#1110,#1111,#1112,#1113));
#2281=EDGE_LOOP('',(#1114,#1115,#1116,#1117));
#2282=EDGE_LOOP('',(#1118,#1119,#1120,#1121));
#2283=EDGE_LOOP('',(#1122,#1123,#1124,#1125));
#2284=EDGE_LOOP('',(#1126,#1127,#1128,#1129));
#2285=EDGE_LOOP('',(#1130,#1131,#1132,#1133));
#2286=EDGE_LOOP('',(#1134,#1135,#1136,#1137));
#2287=EDGE_LOOP('',(#1138,#1139,#1140,#1141));
#2288=EDGE_LOOP('',(#1142,#1143,#1144,#1145));
#2289=EDGE_LOOP('',(#1146,#1147,#1148,#1149));
#2290=EDGE_LOOP('',(#1150,#1151,#1152,#1153));
#2291=EDGE_LOOP('',(#1154,#1155,#1156,#1157));
#2292=EDGE_LOOP('',(#1158,#1159,#1160,#1161));
#2293=EDGE_LOOP('',(#1162,#1163,#1164,#1165));
#2294=EDGE_LOOP('',(#1166,#1167,#1168,#1169));
#2295=EDGE_LOOP('',(#1170,#1171,#1172,#1173));
#2296=EDGE_LOOP('',(#1174,#1175,#1176,#1177));
#2297=EDGE_LOOP('',(#1178,#1179,#1180,#1181));
#2298=EDGE_LOOP('',(#1182,#1183,#1184,#1185));
#2299=EDGE_LOOP('',(#1186,#1187,#1188,#1189));
#2300=EDGE_LOOP('',(#1190,#1191,#1192,#1193));
#2301=EDGE_LOOP('',(#1194,#1195,#1196,#1197));
#2302=EDGE_LOOP('',(#1198,#1199,#1200,#1201));
#2303=EDGE_LOOP('',(#1202,#1203,#1204,#1205));
#2304=EDGE_LOOP('',(#1206,#1207,#1208,#1209));
#2305=EDGE_LOOP('',(#1210,#1211,#1212,#1213));
#2306=EDGE_LOOP('',(#1214,#1215,#1216,#1217));
#2307=EDGE_LOOP('',(#1218,#1219,#1220,#1221));
#2308=EDGE_LOOP('',(#1222,#1223,#1224,#1225));
#2309=EDGE_LOOP('',(#1226,#1227,#1228,#1229));
#2310=EDGE_LOOP('',(#1230,#1231,#1232,#1233));
#2311=EDGE_LOOP('',(#1234,#1235,#1236,#1237));
#2312=EDGE_LOOP('',(#1238,#1239,#1240,#1241));
#2313=EDGE_LOOP('',(#1242,#1243,#1244,#1245));
#2314=EDGE_LOOP('',(#1246,#1247,#1248,#1249));
#2315=EDGE_LOOP('',(#1250,#1251,#1252,#1253));
#2316=EDGE_LOOP('',(#1254,#1255,#1256,#1257));
#2317=EDGE_LOOP('',(#1258,#1259,#1260,#1261));
#2318=EDGE_LOOP('',(#1262,#1263,#1264,#1265));
#2319=EDGE_LOOP('',(#1266,#1267,#1268,#1269));
#2320=EDGE_LOOP('',(#1270,#1271,#1272,#1273));
#2321=EDGE_LOOP('',(#1274,#1275,#1276,#1277));
#2322=EDGE_LOOP('',(#1278,#1279,#1280,#1281));
#2323=EDGE_LOOP('',(#1282,#1283,#1284,#1285));
#2324=EDGE_LOOP('',(#1286,#1287,#1288,#1289));
#2325=EDGE_LOOP('',(#1290,#1291,#1292,#1293));
#2326=EDGE_LOOP('',(#1294,#1295,#1296,#1297));
#2327=EDGE_LOOP('',(#1298,#1299,#1300,#1301));
#2328=EDGE_LOOP('',(#1302,#1303,#1304,#1305));
#2329=EDGE_LOOP('',(#1306,#1307,#1308,#1309));
#2330=EDGE_LOOP('',(#1310,#1311,#1312,#1313));
#2331=EDGE_LOOP('',(#1314,#1315,#1316,#1317));
#2332=EDGE_LOOP('',(#1318,#1319,#1320,#1321));
#2333=EDGE_LOOP('',(#1322,#1323,#1324,#1325));
#2334=EDGE_LOOP('',(#1326,#1327,#1328,#1329));
#2335=EDGE_LOOP('',(#1330,#1331,#1332,#1333));
#2336=EDGE_LOOP('',(#1334,#1335,#1336,#1337));
#2337=EDGE_LOOP('',(#1338,#1339,#1340,#1341));
#2338=EDGE_LOOP('',(#1342,#1343,#1344,#1345));
#2339=EDGE_LOOP('',(#1346,#1347,#1348,#1349));
#2340=EDGE_LOOP('',(#1350,#1351,#1352,#1353));
#2341=EDGE_LOOP('',(#1354,#1355,#1356,#1357));
#2342=EDGE_LOOP('',(#1358,#1359,#1360,#1361));
#2343=EDGE_LOOP('',(#1362,#1363,#1364,#1365));
#2344=EDGE_LOOP('',(#1366,#1367,#1368,#1369));
#2345=EDGE_LOOP('',(#1370,#1371,#1372,#1373));
#2346=EDGE_LOOP('',(#1374,#1375,#1376,#1377,#1378,#1379,#1380,#1381));
#2347=EDGE_LOOP('',(#1382,#1383,#1384,#1385,#1386,#1387,#1388,#1389));
#2348=EDGE_LOOP('',(#1390,#1391,#1392,#1393,#1394,#1395,#1396,#1397));
#2349=EDGE_LOOP('',(#1398,#1399,#1400,#1401,#1402,#1403,#1404,#1405));
#2350=EDGE_LOOP('',(#1406,#1407,#1408,#1409,#1410,#1411,#1412,#1413));
#2351=EDGE_LOOP('',(#1414,#1415,#1416,#1417,#1418,#1419,#1420,#1421));
#2352=EDGE_LOOP('',(#1422,#1423,#1424,#1425,#1426,#1427,#1428,#1429));
#2353=EDGE_LOOP('',(#1430,#1431,#1432,#1433,#1434,#1435,#1436,#1437));
#2354=EDGE_LOOP('',(#1438,#1439,#1440,#1441,#1442,#1443,#1444,#1445));
#2355=EDGE_LOOP('',(#1446,#1447,#1448,#1449,#1450,#1451,#1452,#1453));
#2356=EDGE_LOOP('',(#1454,#1455,#1456,#1457,#1458,#1459,#1460,#1461));
#2357=EDGE_LOOP('',(#1462,#1463,#1464,#1465,#1466,#1467,#1468,#1469));
#2358=EDGE_LOOP('',(#1470,#1471,#1472,#1473,#1474,#1475,#1476,#1477));
#2359=EDGE_LOOP('',(#1478,#1479,#1480,#1481,#1482,#1483,#1484,#1485));
#2360=EDGE_LOOP('',(#1486,#1487,#1488,#1489,#1490,#1491,#1492,#1493));
#2361=EDGE_LOOP('',(#1494,#1495,#1496,#1497,#1498,#1499,#1500,#1501));
#2362=FACE_BOUND('',#2192,.T.);
#2363=FACE_BOUND('',#2193,.T.);
#2364=FACE_BOUND('',#2194,.T.);
#2365=FACE_BOUND('',#2195,.T.);
#2366=FACE_BOUND('',#2196,.T.);
#2367=FACE_BOUND('',#2197,.T.);
#2368=FACE_BOUND('',#2198,.T.);
#2369=FACE_BOUND('',#2199,.T.);
#2370=FACE_BOUND('',#2200,.T.);
#2371=FACE_BOUND('',#2201,.T.);
#2372=FACE_BOUND('',#2202,.T.);
#2373=FACE_BOUND('',#2203,.T.);
#2374=FACE_BOUND('',#2204,.T.);
#2375=FACE_BOUND('',#2205,.T.);
#2376=FACE_BOUND('',#2206,.T.);
#2377=FACE_BOUND('',#2207,.T.);
#2378=FACE_BOUND('',#2208,.T.);
#2379=FACE_BOUND('',#2209,.T.);
#2380=FACE_BOUND('',#2210,.T.);
#2381=FACE_BOUND('',#2211,.T.);
#2382=FACE_BOUND('',#2212,.T.);
#2383=FACE_BOUND('',#2213,.T.);
#2384=FACE_BOUND('',#2214,.T.);
#2385=FACE_BOUND('',#2215,.T.);
#2386=FACE_BOUND('',#2216,.T.);
#2387=FACE_BOUND('',#2217,.T.);
#2388=FACE_BOUND('',#2218,.T.);
#2389=FACE_BOUND('',#2219,.T.);
#2390=FACE_BOUND('',#2220,.T.);
#2391=FACE_BOUND('',#2221,.T.);
#2392=FACE_BOUND('',#2222,.T.);
#2393=FACE_BOUND('',#2223,.T.);
#2394=FACE_BOUND('',#2224,.T.);
#2395=FACE_BOUND('',#2225,.T.);
#2396=FACE_BOUND('',#2226,.T.);
#2397=FACE_BOUND('',#2227,.T.);
#2398=FACE_BOUND('',#2228,.T.);
#2399=FACE_BOUND('',#2229,.T.);
#2400=FACE_BOUND('',#2230,.T.);
#2401=FACE_BOUND('',#2231,.T.);
#2402=FACE_BOUND('',#2232,.T.);
#2403=FACE_BOUND('',#2233,.T.);
#2404=FACE_BOUND('',#2234,.T.);
#2405=FACE_BOUND('',#2235,.T.);
#2406=FACE_BOUND('',#2236,.T.);
#2407=FACE_BOUND('',#2237,.T.);
#2408=FACE_BOUND('',#2238,.T.);
#2409=FACE_BOUND('',#2239,.T.);
#2410=FACE_BOUND('',#2240,.T.);
#2411=FACE_BOUND('',#2241,.T.);
#2412=FACE_BOUND('',#2242,.T.);
#2413=FACE_BOUND('',#2243,.T.);
#2414=FACE_BOUND('',#2244,.T.);
#2415=FACE_BOUND('',#2245,.T.);
#2416=FACE_BOUND('',#2246,.T.);
#2417=FACE_BOUND('',#2247,.T.);
#2418=FACE_BOUND('',#2248,.T.);
#2419=FACE_BOUND('',#2249,.T.);
#2420=FACE_BOUND('',#2250,.T.);
#2421=FACE_BOUND('',#2251,.T.);
#2422=FACE_BOUND('',#2252,.T.);
#2423=FACE_BOUND('',#2253,.T.);
#2424=FACE_BOUND('',#2254,.T.);
#2425=FACE_BOUND('',#2255,.T.);
#2426=FACE_BOUND('',#2256,.T.);
#2427=FACE_BOUND('',#2257,.T.);
#2428=FACE_BOUND('',#2258,.T.);
#2429=FACE_BOUND('',#2259,.T.);
#2430=FACE_BOUND('',#2260,.T.);
#2431=FACE_BOUND('',#2261,.T.);
#2432=FACE_BOUND('',#2262,.T.);
#2433=FACE_BOUND('',#2263,.T.);
#2434=FACE_BOUND('',#2264,.T.);
#2435=FACE_BOUND('',#2265,.T.);
#2436=FACE_BOUND('',#2266,.T.);
#2437=FACE_BOUND('',#2267,.T.);
#2438=FACE_BOUND('',#2268,.T.);
#2439=FACE_BOUND('',#2269,.T.);
#2440=FACE_BOUND('',#2270,.T.);
#2441=FACE_BOUND('',#2271,.T.);
#2442=FACE_BOUND('',#2272,.T.);
#2443=FACE_BOUND('',#2273,.T.);
#2444=FACE_BOUND('',#2274,.T.);
#2445=FACE_BOUND('',#2275,.T.);
#2446=FACE_BOUND('',#2276,.T.);
#2447=FACE_BOUND('',#2277,.T.);
#2448=FACE_BOUND('',#2278,.T.);
#2449=FACE_BOUND('',#2279,.T.);
#2450=FACE_BOUND('',#2280,.T.);
#2451=FACE_BOUND('',#2281,.T.);
#2452=FACE_BOUND('',#2282,.T.);
#2453=FACE_BOUND('',#2283,.T.);
#2454=FACE_BOUND('',#2284,.T.);
#2455=FACE_BOUND('',#2285,.T.);
#2456=FACE_BOUND('',#2286,.T.);
#2457=FACE_BOUND('',#2287,.T.);
#2458=FACE_BOUND('',#2288,.T.);
#2459=FACE_BOUND('',#2289,.T.);
#2460=FACE_BOUND('',#2290,.T.);
#2461=FACE_BOUND('',#2291,.T.);
#2462=FACE_BOUND('',#2292,.T.);
#2463=FACE_BOUND('',#2293,.T.);
#2464=FACE_BOUND('',#2294,.T.);
#2465=FACE_BOUND('',#2295,.T.);
#2466=FACE_BOUND('',#2296,.T.);
#2467=FACE_BOUND('',#2297,.T.);
#2468=FACE_BOUND('',#2298,.T.);
#2469=FACE_BOUND('',#2299,.T.);
#2470=FACE_BOUND('',#2300,.T.);
#2471=FACE_BOUND('',#2301,.T.);
#2472=FACE_BOUND('',#2302,.T.);
#2473=FACE_BOUND('',#2303,.T.);
#2474=FACE_BOUND('',#2304,.T.);
#2475=FACE_BOUND('',#2305,.T.);
#2476=FACE_BOUND('',#2306,.T.);
#2477=FACE_BOUND('',#2307,.T.);
#2478=FACE_BOUND('',#2308,.T.);
#2479=FACE_BOUND('',#2309,.T.);
#2480=FACE_BOUND('',#2310,.T.);
#2481=FACE_BOUND('',#2311,.T.);
#2482=FACE_BOUND('',#2312,.T.);
#2483=FACE_BOUND('',#2313,.T.);
#2484=FACE_BOUND('',#2314,.T.);
#2485=FACE_BOUND('',#2315,.T.);
#2486=FACE_BOUND('',#2316,.T.);
#2487=FACE_BOUND('',#2317,.T.);
#2488=FACE_BOUND('',#2318,.T.);
#2489=FACE_BOUND('',#2319,.T.);
#2490=FACE_BOUND('',#2320,.T.);
#2491=FACE_BOUND('',#2321,.T.);
#2492=FACE_BOUND('',#2322,.T.);
#2493=FACE_BOUND('',#2323,.T.);
#2494=FACE_BOUND('',#2324,.T.);
#2495=FACE_BOUND('',#2325,.T.);
#2496=FACE_BOUND('',#2326,.T.);
#2497=FACE_BOUND('',#2327,.T.);
#2498=FACE_BOUND('',#2328,.T.);
#2499=FACE_BOUND('',#2329,.T.);
#2500=FACE_BOUND('',#2330,.T.);
#2501=FACE_BOUND('',#2331,.T.);
#2502=FACE_BOUND('',#2332,.T.);
#2503=FACE_BOUND('',#2333,.T.);
#2504=FACE_BOUND('',#2334,.T.);
#2505=FACE_BOUND('',#2335,.T.);
#2506=FACE_BOUND('',#2336,.T.);
#2507=FACE_BOUND('',#2337,.T.);
#2508=FACE_BOUND('',#2338,.T.);
#2509=FACE_BOUND('',#2339,.T.);
#2510=FACE_BOUND('',#2340,.T.);
#2511=FACE_BOUND('',#2341,.T.);
#2512=FACE_BOUND('',#2342,.T.);
#2513=FACE_BOUND('',#2343,.T.);
#2514=FACE_BOUND('',#2344,.T.);
#2515=FACE_BOUND('',#2345,.T.);
#2516=FACE_BOUND('',#2346,.T.);
#2517=FACE_BOUND('',#2347,.T.);
#2518=FACE_BOUND('',#2348,.T.);
#2519=FACE_BOUND('',#2349,.T.);
#2520=FACE_BOUND('',#2350,.T.);
#2521=FACE_BOUND('',#2351,.T.);
#2522=FACE_BOUND('',#2352,.T.);
#2523=FACE_BOUND('',#2353,.T.);
#2524=FACE_BOUND('',#2354,.T.);
#2525=FACE_BOUND('',#2355,.T.);
#2526=FACE_BOUND('',#2356,.T.);
#2527=FACE_BOUND('',#2357,.T.);
#2528=FACE_BOUND('',#2358,.T.);
#2529=FACE_BOUND('',#2359,.T.);
#2530=FACE_BOUND('',#2360,.T.);
#2531=FACE_BOUND('',#2361,.T.);
#2532=PLANE('',#2839);
#2533=PLANE('',#2841);
#2534=PLANE('',#2844);
#2535=PLANE('',#2847);
#2536=PLANE('',#2850);
#2537=PLANE('',#2851);
#2538=PLANE('',#2852);
#2539=PLANE('',#2854);
#2540=PLANE('',#2857);
#2541=PLANE('',#2858);
#2542=PLANE('',#2859);
#2543=PLANE('',#2862);
#2544=PLANE('',#2863);
#2545=PLANE('',#2868);
#2546=PLANE('',#2871);
#2547=PLANE('',#2872);
#2548=PLANE('',#2873);
#2549=PLANE('',#2874);
#2550=PLANE('',#2875);
#2551=PLANE('',#2876);
#2552=PLANE('',#2877);
#2553=PLANE('',#2878);
#2554=PLANE('',#2879);
#2555=PLANE('',#2880);
#2556=PLANE('',#2881);
#2557=PLANE('',#2882);
#2558=PLANE('',#2889);
#2559=PLANE('',#2890);
#2560=PLANE('',#2891);
#2561=PLANE('',#2892);
#2562=PLANE('',#2893);
#2563=PLANE('',#2894);
#2564=PLANE('',#2895);
#2565=PLANE('',#2896);
#2566=PLANE('',#2897);
#2567=PLANE('',#2898);
#2568=PLANE('',#2899);
#2569=PLANE('',#2900);
#2570=PLANE('',#2901);
#2571=PLANE('',#2902);
#2572=PLANE('',#2903);
#2573=PLANE('',#2904);
#2574=PLANE('',#2905);
#2575=PLANE('',#2906);
#2576=PLANE('',#2907);
#2577=PLANE('',#2908);
#2578=PLANE('',#2909);
#2579=PLANE('',#2910);
#2580=PLANE('',#2911);
#2581=PLANE('',#2912);
#2582=PLANE('',#2913);
#2583=PLANE('',#2914);
#2584=PLANE('',#2915);
#2585=PLANE('',#2916);
#2586=PLANE('',#2917);
#2587=PLANE('',#2918);
#2588=PLANE('',#2919);
#2589=PLANE('',#2920);
#2590=PLANE('',#2921);
#2591=PLANE('',#2922);
#2592=PLANE('',#2923);
#2593=PLANE('',#2924);
#2594=PLANE('',#2925);
#2595=PLANE('',#2926);
#2596=PLANE('',#2927);
#2597=PLANE('',#2928);
#2598=PLANE('',#2930);
#2599=PLANE('',#2931);
#2600=PLANE('',#2932);
#2601=PLANE('',#2933);
#2602=PLANE('',#2934);
#2603=PLANE('',#2935);
#2604=PLANE('',#2936);
#2605=PLANE('',#2937);
#2606=PLANE('',#2938);
#2607=PLANE('',#2939);
#2608=PLANE('',#2940);
#2609=PLANE('',#2941);
#2610=PLANE('',#2954);
#2611=PLANE('',#2955);
#2612=PLANE('',#2956);
#2613=PLANE('',#2957);
#2614=PLANE('',#2958);
#2615=PLANE('',#2959);
#2616=PLANE('',#2960);
#2617=PLANE('',#2961);
#2618=PLANE('',#2974);
#2619=PLANE('',#2975);
#2620=PLANE('',#2976);
#2621=PLANE('',#2977);
#2622=PLANE('',#2978);
#2623=PLANE('',#2979);
#2624=PLANE('',#2980);
#2625=PLANE('',#2981);
#2626=PLANE('',#2982);
#2627=PLANE('',#2983);
#2628=PLANE('',#2984);
#2629=PLANE('',#2985);
#2630=PLANE('',#2998);
#2631=PLANE('',#2999);
#2632=PLANE('',#3000);
#2633=PLANE('',#3001);
#2634=PLANE('',#3002);
#2635=PLANE('',#3003);
#2636=PLANE('',#3004);
#2637=PLANE('',#3005);
#2638=PLANE('',#3018);
#2639=PLANE('',#3019);
#2640=PLANE('',#3020);
#2641=PLANE('',#3021);
#2642=PLANE('',#3022);
#2643=PLANE('',#3023);
#2644=PLANE('',#3024);
#2645=PLANE('',#3025);
#2646=PLANE('',#3026);
#2647=PLANE('',#3027);
#2648=PLANE('',#3028);
#2649=PLANE('',#3029);
#2650=PLANE('',#3030);
#2651=PLANE('',#3031);
#2652=PLANE('',#3032);
#2653=PLANE('',#3033);
#2654=PLANE('',#3034);
#2655=PLANE('',#3035);
#2656=PLANE('',#3036);
#2657=PLANE('',#3037);
#2658=PLANE('',#3038);
#2659=PLANE('',#3039);
#2660=ADVANCED_FACE('',(#2362),#2532,.F.);
#2661=ADVANCED_FACE('',(#2363),#2533,.F.);
#2662=ADVANCED_FACE('',(#2364),#2534,.F.);
#2663=ADVANCED_FACE('',(#2365),#2535,.F.);
#2664=ADVANCED_FACE('',(#2366),#2536,.F.);
#2665=ADVANCED_FACE('',(#2367),#2537,.F.);
#2666=ADVANCED_FACE('',(#2368),#2538,.F.);
#2667=ADVANCED_FACE('',(#2369),#2539,.F.);
#2668=ADVANCED_FACE('',(#2370),#2540,.F.);
#2669=ADVANCED_FACE('',(#2371),#2541,.F.);
#2670=ADVANCED_FACE('',(#2372,#2373,#2374,#2375,#2376,#2377,#2378,#2379,
#2380),#2542,.T.);
#2671=ADVANCED_FACE('',(#2381),#32,.T.);
#2672=ADVANCED_FACE('',(#2382),#2543,.T.);
#2673=ADVANCED_FACE('',(#2383),#2544,.T.);
#2674=ADVANCED_FACE('',(#2384),#33,.T.);
#2675=ADVANCED_FACE('',(#2385),#34,.T.);
#2676=ADVANCED_FACE('',(#2386),#2545,.T.);
#2677=ADVANCED_FACE('',(#2387),#35,.T.);
#2678=ADVANCED_FACE('',(#2388),#2546,.T.);
#2679=ADVANCED_FACE('',(#2389),#2547,.T.);
#2680=ADVANCED_FACE('',(#2390),#2548,.T.);
#2681=ADVANCED_FACE('',(#2391),#2549,.F.);
#2682=ADVANCED_FACE('',(#2392),#2550,.F.);
#2683=ADVANCED_FACE('',(#2393),#2551,.T.);
#2684=ADVANCED_FACE('',(#2394),#2552,.F.);
#2685=ADVANCED_FACE('',(#2395),#2553,.T.);
#2686=ADVANCED_FACE('',(#2396),#2554,.T.);
#2687=ADVANCED_FACE('',(#2397),#2555,.T.);
#2688=ADVANCED_FACE('',(#2398),#2556,.T.);
#2689=ADVANCED_FACE('',(#2399),#2557,.T.);
#2690=ADVANCED_FACE('',(#2400,#2401),#36,.T.);
#2691=ADVANCED_FACE('',(#2402),#30,.T.);
#2692=ADVANCED_FACE('',(#2403,#2404),#37,.T.);
#2693=ADVANCED_FACE('',(#2405),#31,.T.);
#2694=ADVANCED_FACE('',(#2406),#2558,.F.);
#2695=ADVANCED_FACE('',(#2407),#2559,.F.);
#2696=ADVANCED_FACE('',(#2408),#2560,.F.);
#2697=ADVANCED_FACE('',(#2409),#2561,.F.);
#2698=ADVANCED_FACE('',(#2410),#2562,.T.);
#2699=ADVANCED_FACE('',(#2411),#2563,.F.);
#2700=ADVANCED_FACE('',(#2412),#2564,.F.);
#2701=ADVANCED_FACE('',(#2413),#2565,.F.);
#2702=ADVANCED_FACE('',(#2414),#2566,.F.);
#2703=ADVANCED_FACE('',(#2415),#2567,.T.);
#2704=ADVANCED_FACE('',(#2416),#2568,.F.);
#2705=ADVANCED_FACE('',(#2417),#2569,.F.);
#2706=ADVANCED_FACE('',(#2418),#2570,.F.);
#2707=ADVANCED_FACE('',(#2419),#2571,.F.);
#2708=ADVANCED_FACE('',(#2420),#2572,.T.);
#2709=ADVANCED_FACE('',(#2421),#2573,.F.);
#2710=ADVANCED_FACE('',(#2422),#2574,.F.);
#2711=ADVANCED_FACE('',(#2423),#2575,.F.);
#2712=ADVANCED_FACE('',(#2424),#2576,.F.);
#2713=ADVANCED_FACE('',(#2425),#2577,.T.);
#2714=ADVANCED_FACE('',(#2426),#2578,.F.);
#2715=ADVANCED_FACE('',(#2427),#2579,.F.);
#2716=ADVANCED_FACE('',(#2428),#2580,.F.);
#2717=ADVANCED_FACE('',(#2429),#2581,.F.);
#2718=ADVANCED_FACE('',(#2430),#2582,.T.);
#2719=ADVANCED_FACE('',(#2431),#2583,.F.);
#2720=ADVANCED_FACE('',(#2432),#2584,.F.);
#2721=ADVANCED_FACE('',(#2433),#2585,.F.);
#2722=ADVANCED_FACE('',(#2434),#2586,.F.);
#2723=ADVANCED_FACE('',(#2435),#2587,.T.);
#2724=ADVANCED_FACE('',(#2436),#2588,.F.);
#2725=ADVANCED_FACE('',(#2437),#2589,.F.);
#2726=ADVANCED_FACE('',(#2438),#2590,.F.);
#2727=ADVANCED_FACE('',(#2439),#2591,.F.);
#2728=ADVANCED_FACE('',(#2440),#2592,.T.);
#2729=ADVANCED_FACE('',(#2441),#2593,.F.);
#2730=ADVANCED_FACE('',(#2442),#2594,.F.);
#2731=ADVANCED_FACE('',(#2443),#2595,.F.);
#2732=ADVANCED_FACE('',(#2444),#2596,.F.);
#2733=ADVANCED_FACE('',(#2445),#2597,.T.);
#2734=ADVANCED_FACE('',(#2446),#2598,.F.);
#2735=ADVANCED_FACE('',(#2447),#2599,.F.);
#2736=ADVANCED_FACE('',(#2448),#2600,.F.);
#2737=ADVANCED_FACE('',(#2449),#2601,.F.);
#2738=ADVANCED_FACE('',(#2450),#2602,.F.);
#2739=ADVANCED_FACE('',(#2451),#2603,.F.);
#2740=ADVANCED_FACE('',(#2452),#2604,.F.);
#2741=ADVANCED_FACE('',(#2453),#2605,.F.);
#2742=ADVANCED_FACE('',(#2454),#2606,.F.);
#2743=ADVANCED_FACE('',(#2455),#2607,.F.);
#2744=ADVANCED_FACE('',(#2456),#2608,.F.);
#2745=ADVANCED_FACE('',(#2457),#2609,.F.);
#2746=ADVANCED_FACE('',(#2458),#38,.T.);
#2747=ADVANCED_FACE('',(#2459),#39,.T.);
#2748=ADVANCED_FACE('',(#2460),#40,.T.);
#2749=ADVANCED_FACE('',(#2461),#41,.T.);
#2750=ADVANCED_FACE('',(#2462),#2610,.F.);
#2751=ADVANCED_FACE('',(#2463),#2611,.F.);
#2752=ADVANCED_FACE('',(#2464),#2612,.F.);
#2753=ADVANCED_FACE('',(#2465),#2613,.F.);
#2754=ADVANCED_FACE('',(#2466),#2614,.F.);
#2755=ADVANCED_FACE('',(#2467),#2615,.F.);
#2756=ADVANCED_FACE('',(#2468),#2616,.F.);
#2757=ADVANCED_FACE('',(#2469),#2617,.F.);
#2758=ADVANCED_FACE('',(#2470),#42,.T.);
#2759=ADVANCED_FACE('',(#2471),#43,.T.);
#2760=ADVANCED_FACE('',(#2472),#44,.T.);
#2761=ADVANCED_FACE('',(#2473),#45,.T.);
#2762=ADVANCED_FACE('',(#2474),#2618,.F.);
#2763=ADVANCED_FACE('',(#2475),#2619,.F.);
#2764=ADVANCED_FACE('',(#2476),#2620,.F.);
#2765=ADVANCED_FACE('',(#2477),#2621,.F.);
#2766=ADVANCED_FACE('',(#2478),#2622,.F.);
#2767=ADVANCED_FACE('',(#2479),#2623,.F.);
#2768=ADVANCED_FACE('',(#2480),#2624,.F.);
#2769=ADVANCED_FACE('',(#2481),#2625,.F.);
#2770=ADVANCED_FACE('',(#2482),#2626,.F.);
#2771=ADVANCED_FACE('',(#2483),#2627,.F.);
#2772=ADVANCED_FACE('',(#2484),#2628,.F.);
#2773=ADVANCED_FACE('',(#2485),#2629,.F.);
#2774=ADVANCED_FACE('',(#2486),#46,.F.);
#2775=ADVANCED_FACE('',(#2487),#47,.F.);
#2776=ADVANCED_FACE('',(#2488),#48,.F.);
#2777=ADVANCED_FACE('',(#2489),#49,.F.);
#2778=ADVANCED_FACE('',(#2490),#2630,.F.);
#2779=ADVANCED_FACE('',(#2491),#2631,.F.);
#2780=ADVANCED_FACE('',(#2492),#2632,.F.);
#2781=ADVANCED_FACE('',(#2493),#2633,.F.);
#2782=ADVANCED_FACE('',(#2494),#2634,.F.);
#2783=ADVANCED_FACE('',(#2495),#2635,.F.);
#2784=ADVANCED_FACE('',(#2496),#2636,.F.);
#2785=ADVANCED_FACE('',(#2497),#2637,.F.);
#2786=ADVANCED_FACE('',(#2498),#50,.F.);
#2787=ADVANCED_FACE('',(#2499),#51,.F.);
#2788=ADVANCED_FACE('',(#2500),#52,.F.);
#2789=ADVANCED_FACE('',(#2501),#53,.F.);
#2790=ADVANCED_FACE('',(#2502),#2638,.T.);
#2791=ADVANCED_FACE('',(#2503),#2639,.F.);
#2792=ADVANCED_FACE('',(#2504),#2640,.F.);
#2793=ADVANCED_FACE('',(#2505),#2641,.F.);
#2794=ADVANCED_FACE('',(#2506),#2642,.F.);
#2795=ADVANCED_FACE('',(#2507,#2508,#2509,#2510,#2511,#2512,#2513,#2514,
#2515),#2643,.F.);
#2796=ADVANCED_FACE('',(#2516),#2644,.T.);
#2797=ADVANCED_FACE('',(#2517),#2645,.T.);
#2798=ADVANCED_FACE('',(#2518),#2646,.T.);
#2799=ADVANCED_FACE('',(#2519),#2647,.T.);
#2800=ADVANCED_FACE('',(#2520),#2648,.T.);
#2801=ADVANCED_FACE('',(#2521),#2649,.T.);
#2802=ADVANCED_FACE('',(#2522),#2650,.T.);
#2803=ADVANCED_FACE('',(#2523),#2651,.T.);
#2804=ADVANCED_FACE('',(#2524),#2652,.T.);
#2805=ADVANCED_FACE('',(#2525),#2653,.T.);
#2806=ADVANCED_FACE('',(#2526),#2654,.T.);
#2807=ADVANCED_FACE('',(#2527),#2655,.T.);
#2808=ADVANCED_FACE('',(#2528),#2656,.T.);
#2809=ADVANCED_FACE('',(#2529),#2657,.T.);
#2810=ADVANCED_FACE('',(#2530),#2658,.T.);
#2811=ADVANCED_FACE('',(#2531),#2659,.T.);
#2812=CLOSED_SHELL('',(#2660,#2661,#2662,#2663,#2664,#2665,#2666,#2667,
#2668,#2669,#2670,#2671,#2672,#2673,#2674,#2675,#2676,#2677,#2678,#2679,
#2680,#2681,#2682,#2683,#2684,#2685,#2686,#2687,#2688,#2689,#2690,#2691,
#2692,#2693,#2694,#2695,#2696,#2697,#2698,#2699,#2700,#2701,#2702,#2703,
#2704,#2705,#2706,#2707,#2708,#2709,#2710,#2711,#2712,#2713,#2714,#2715,
#2716,#2717,#2718,#2719,#2720,#2721,#2722,#2723,#2724,#2725,#2726,#2727,
#2728,#2729,#2730,#2731,#2732,#2733));
#2813=CLOSED_SHELL('',(#2734,#2735,#2736,#2737,#2738,#2739,#2740,#2741,
#2742,#2743,#2744,#2745,#2746,#2747,#2748,#2749,#2750,#2751,#2752,#2753,
#2754,#2755,#2756,#2757,#2758,#2759,#2760,#2761,#2762,#2763,#2764,#2765,
#2766,#2767,#2768,#2769,#2770,#2771,#2772,#2773,#2774,#2775,#2776,#2777,
#2778,#2779,#2780,#2781,#2782,#2783,#2784,#2785,#2786,#2787,#2788,#2789,
#2790,#2791,#2792,#2793,#2794,#2795,#2796,#2797,#2798,#2799,#2800,#2801,
#2802,#2803,#2804,#2805,#2806,#2807,#2808,#2809,#2810,#2811));
#2814=STYLED_ITEM('',(#2816),#2830);
#2815=STYLED_ITEM('',(#2817),#2831);
#2816=PRESENTATION_STYLE_ASSIGNMENT((#2818));
#2817=PRESENTATION_STYLE_ASSIGNMENT((#2819));
#2818=SURFACE_STYLE_USAGE(.BOTH.,#2820);
#2819=SURFACE_STYLE_USAGE(.BOTH.,#2821);
#2820=SURFACE_SIDE_STYLE('',(#2822));
#2821=SURFACE_SIDE_STYLE('',(#2823));
#2822=SURFACE_STYLE_FILL_AREA(#2824);
#2823=SURFACE_STYLE_FILL_AREA(#2825);
#2824=FILL_AREA_STYLE('',(#2826));
#2825=FILL_AREA_STYLE('',(#2827));
#2826=FILL_AREA_STYLE_COLOUR('',#2828);
#2827=FILL_AREA_STYLE_COLOUR('',#2829);
#2828=COLOUR_RGB('',0.0549019612371922,0.0549019612371922,0.0549019612371922);
#2829=COLOUR_RGB('',0.670588254928589,0.670588254928589,0.670588254928589);
#2830=MANIFOLD_SOLID_BREP('SFM-104-02-L-D-A_terminal',#2812);
#2831=MANIFOLD_SOLID_BREP('C-04-02-D-S_pins',#2813);
#2832=SHAPE_DEFINITION_REPRESENTATION(#4595,#2835);
#2833=SHAPE_DEFINITION_REPRESENTATION(#4596,#2836);
#2834=SHAPE_DEFINITION_REPRESENTATION(#4598,#2837);
#2835=SHAPE_REPRESENTATION('SFM-104-02-S-D-A',(#2838,#2929,#3040),#4583);
#2836=SHAPE_REPRESENTATION('SFM-104-02-L-D-A_terminal',(#2838),#4584);
#2837=SHAPE_REPRESENTATION('C-04-02-D-S_pins',(#2838),#4585);
#2838=AXIS2_PLACEMENT_3D('',#3785,#3041,#3042);
#2839=AXIS2_PLACEMENT_3D('',#3786,#3043,#3044);
#2840=AXIS2_PLACEMENT_3D('',#3787,#3045,#3046);
#2841=AXIS2_PLACEMENT_3D('',#3803,#3054,#3055);
#2842=AXIS2_PLACEMENT_3D('',#3804,#3056,#3057);
#2843=AXIS2_PLACEMENT_3D('',#3808,#3059,#3060);
#2844=AXIS2_PLACEMENT_3D('',#3811,#3062,#3063);
#2845=AXIS2_PLACEMENT_3D('',#3812,#3064,#3065);
#2846=AXIS2_PLACEMENT_3D('',#3817,#3067,#3068);
#2847=AXIS2_PLACEMENT_3D('',#3820,#3070,#3071);
#2848=AXIS2_PLACEMENT_3D('',#3821,#3072,#3073);
#2849=AXIS2_PLACEMENT_3D('',#3825,#3075,#3076);
#2850=AXIS2_PLACEMENT_3D('',#3828,#3078,#3079);
#2851=AXIS2_PLACEMENT_3D('',#3850,#3091,#3092);
#2852=AXIS2_PLACEMENT_3D('',#3864,#3100,#3101);
#2853=AXIS2_PLACEMENT_3D('',#3865,#3102,#3103);
#2854=AXIS2_PLACEMENT_3D('',#3873,#3109,#3110);
#2855=AXIS2_PLACEMENT_3D('',#3874,#3111,#3112);
#2856=AXIS2_PLACEMENT_3D('',#3877,#3114,#3115);
#2857=AXIS2_PLACEMENT_3D('',#3880,#3117,#3118);
#2858=AXIS2_PLACEMENT_3D('',#3886,#3122,#3123);
#2859=AXIS2_PLACEMENT_3D('',#3892,#3127,#3128);
#2860=AXIS2_PLACEMENT_3D('',#3964,#3166,#3167);
#2861=AXIS2_PLACEMENT_3D('',#3967,#3169,#3170);
#2862=AXIS2_PLACEMENT_3D('',#3968,#3171,#3172);
#2863=AXIS2_PLACEMENT_3D('',#3972,#3175,#3176);
#2864=AXIS2_PLACEMENT_3D('',#3978,#3180,#3181);
#2865=AXIS2_PLACEMENT_3D('',#3979,#3182,#3183);
#2866=AXIS2_PLACEMENT_3D('',#3980,#3184,#3185);
#2867=AXIS2_PLACEMENT_3D('',#3983,#3187,#3188);
#2868=AXIS2_PLACEMENT_3D('',#3984,#3189,#3190);
#2869=AXIS2_PLACEMENT_3D('',#3988,#3193,#3194);
#2870=AXIS2_PLACEMENT_3D('',#3989,#3195,#3196);
#2871=AXIS2_PLACEMENT_3D('',#3992,#3198,#3199);
#2872=AXIS2_PLACEMENT_3D('',#3996,#3202,#3203);
#2873=AXIS2_PLACEMENT_3D('',#3998,#3205,#3206);
#2874=AXIS2_PLACEMENT_3D('',#4000,#3208,#3209);
#2875=AXIS2_PLACEMENT_3D('',#4006,#3213,#3214);
#2876=AXIS2_PLACEMENT_3D('',#4009,#3217,#3218);
#2877=AXIS2_PLACEMENT_3D('',#4010,#3219,#3220);
#2878=AXIS2_PLACEMENT_3D('',#4011,#3221,#3222);
#2879=AXIS2_PLACEMENT_3D('',#4012,#3223,#3224);
#2880=AXIS2_PLACEMENT_3D('',#4013,#3225,#3226);
#2881=AXIS2_PLACEMENT_3D('',#4016,#3229,#3230);
#2882=AXIS2_PLACEMENT_3D('',#4017,#3231,#3232);
#2883=AXIS2_PLACEMENT_3D('',#4018,#3233,#3234);
#2884=AXIS2_PLACEMENT_3D('',#4019,#3235,#3236);
#2885=AXIS2_PLACEMENT_3D('',#4021,#3237,#3238);
#2886=AXIS2_PLACEMENT_3D('',#4022,#3239,#3240);
#2887=AXIS2_PLACEMENT_3D('',#4023,#3241,#3242);
#2888=AXIS2_PLACEMENT_3D('',#4025,#3243,#3244);
#2889=AXIS2_PLACEMENT_3D('',#4026,#3245,#3246);
#2890=AXIS2_PLACEMENT_3D('',#4032,#3250,#3251);
#2891=AXIS2_PLACEMENT_3D('',#4036,#3254,#3255);
#2892=AXIS2_PLACEMENT_3D('',#4040,#3258,#3259);
#2893=AXIS2_PLACEMENT_3D('',#4042,#3261,#3262);
#2894=AXIS2_PLACEMENT_3D('',#4043,#3263,#3264);
#2895=AXIS2_PLACEMENT_3D('',#4049,#3268,#3269);
#2896=AXIS2_PLACEMENT_3D('',#4053,#3272,#3273);
#2897=AXIS2_PLACEMENT_3D('',#4057,#3276,#3277);
#2898=AXIS2_PLACEMENT_3D('',#4059,#3279,#3280);
#2899=AXIS2_PLACEMENT_3D('',#4060,#3281,#3282);
#2900=AXIS2_PLACEMENT_3D('',#4066,#3286,#3287);
#2901=AXIS2_PLACEMENT_3D('',#4070,#3290,#3291);
#2902=AXIS2_PLACEMENT_3D('',#4074,#3294,#3295);
#2903=AXIS2_PLACEMENT_3D('',#4076,#3297,#3298);
#2904=AXIS2_PLACEMENT_3D('',#4077,#3299,#3300);
#2905=AXIS2_PLACEMENT_3D('',#4083,#3304,#3305);
#2906=AXIS2_PLACEMENT_3D('',#4087,#3308,#3309);
#2907=AXIS2_PLACEMENT_3D('',#4091,#3312,#3313);
#2908=AXIS2_PLACEMENT_3D('',#4093,#3315,#3316);
#2909=AXIS2_PLACEMENT_3D('',#4094,#3317,#3318);
#2910=AXIS2_PLACEMENT_3D('',#4100,#3322,#3323);
#2911=AXIS2_PLACEMENT_3D('',#4104,#3326,#3327);
#2912=AXIS2_PLACEMENT_3D('',#4108,#3330,#3331);
#2913=AXIS2_PLACEMENT_3D('',#4110,#3333,#3334);
#2914=AXIS2_PLACEMENT_3D('',#4111,#3335,#3336);
#2915=AXIS2_PLACEMENT_3D('',#4117,#3340,#3341);
#2916=AXIS2_PLACEMENT_3D('',#4121,#3344,#3345);
#2917=AXIS2_PLACEMENT_3D('',#4125,#3348,#3349);
#2918=AXIS2_PLACEMENT_3D('',#4127,#3351,#3352);
#2919=AXIS2_PLACEMENT_3D('',#4128,#3353,#3354);
#2920=AXIS2_PLACEMENT_3D('',#4134,#3358,#3359);
#2921=AXIS2_PLACEMENT_3D('',#4138,#3362,#3363);
#2922=AXIS2_PLACEMENT_3D('',#4142,#3366,#3367);
#2923=AXIS2_PLACEMENT_3D('',#4144,#3369,#3370);
#2924=AXIS2_PLACEMENT_3D('',#4145,#3371,#3372);
#2925=AXIS2_PLACEMENT_3D('',#4151,#3376,#3377);
#2926=AXIS2_PLACEMENT_3D('',#4155,#3380,#3381);
#2927=AXIS2_PLACEMENT_3D('',#4159,#3384,#3385);
#2928=AXIS2_PLACEMENT_3D('',#4161,#3387,#3388);
#2929=AXIS2_PLACEMENT_3D('',#4162,#3389,#3390);
#2930=AXIS2_PLACEMENT_3D('',#4163,#3391,#3392);
#2931=AXIS2_PLACEMENT_3D('',#4172,#3397,#3398);
#2932=AXIS2_PLACEMENT_3D('',#4181,#3403,#3404);
#2933=AXIS2_PLACEMENT_3D('',#4190,#3409,#3410);
#2934=AXIS2_PLACEMENT_3D('',#4199,#3415,#3416);
#2935=AXIS2_PLACEMENT_3D('',#4205,#3420,#3421);
#2936=AXIS2_PLACEMENT_3D('',#4211,#3425,#3426);
#2937=AXIS2_PLACEMENT_3D('',#4217,#3430,#3431);
#2938=AXIS2_PLACEMENT_3D('',#4223,#3435,#3436);
#2939=AXIS2_PLACEMENT_3D('',#4229,#3440,#3441);
#2940=AXIS2_PLACEMENT_3D('',#4235,#3445,#3446);
#2941=AXIS2_PLACEMENT_3D('',#4241,#3450,#3451);
#2942=AXIS2_PLACEMENT_3D('',#4247,#3455,#3456);
#2943=AXIS2_PLACEMENT_3D('',#4248,#3457,#3458);
#2944=AXIS2_PLACEMENT_3D('',#4250,#3459,#3460);
#2945=AXIS2_PLACEMENT_3D('',#4253,#3462,#3463);
#2946=AXIS2_PLACEMENT_3D('',#4254,#3464,#3465);
#2947=AXIS2_PLACEMENT_3D('',#4256,#3466,#3467);
#2948=AXIS2_PLACEMENT_3D('',#4259,#3469,#3470);
#2949=AXIS2_PLACEMENT_3D('',#4260,#3471,#3472);
#2950=AXIS2_PLACEMENT_3D('',#4262,#3473,#3474);
#2951=AXIS2_PLACEMENT_3D('',#4265,#3476,#3477);
#2952=AXIS2_PLACEMENT_3D('',#4266,#3478,#3479);
#2953=AXIS2_PLACEMENT_3D('',#4268,#3480,#3481);
#2954=AXIS2_PLACEMENT_3D('',#4271,#3483,#3484);
#2955=AXIS2_PLACEMENT_3D('',#4277,#3488,#3489);
#2956=AXIS2_PLACEMENT_3D('',#4283,#3493,#3494);
#2957=AXIS2_PLACEMENT_3D('',#4289,#3498,#3499);
#2958=AXIS2_PLACEMENT_3D('',#4295,#3503,#3504);
#2959=AXIS2_PLACEMENT_3D('',#4304,#3509,#3510);
#2960=AXIS2_PLACEMENT_3D('',#4313,#3515,#3516);
#2961=AXIS2_PLACEMENT_3D('',#4322,#3521,#3522);
#2962=AXIS2_PLACEMENT_3D('',#4331,#3527,#3528);
#2963=AXIS2_PLACEMENT_3D('',#4332,#3529,#3530);
#2964=AXIS2_PLACEMENT_3D('',#4334,#3531,#3532);
#2965=AXIS2_PLACEMENT_3D('',#4337,#3534,#3535);
#2966=AXIS2_PLACEMENT_3D('',#4338,#3536,#3537);
#2967=AXIS2_PLACEMENT_3D('',#4340,#3538,#3539);
#2968=AXIS2_PLACEMENT_3D('',#4343,#3541,#3542);
#2969=AXIS2_PLACEMENT_3D('',#4344,#3543,#3544);
#2970=AXIS2_PLACEMENT_3D('',#4346,#3545,#3546);
#2971=AXIS2_PLACEMENT_3D('',#4349,#3548,#3549);
#2972=AXIS2_PLACEMENT_3D('',#4350,#3550,#3551);
#2973=AXIS2_PLACEMENT_3D('',#4352,#3552,#3553);
#2974=AXIS2_PLACEMENT_3D('',#4355,#3555,#3556);
#2975=AXIS2_PLACEMENT_3D('',#4361,#3560,#3561);
#2976=AXIS2_PLACEMENT_3D('',#4367,#3565,#3566);
#2977=AXIS2_PLACEMENT_3D('',#4373,#3570,#3571);
#2978=AXIS2_PLACEMENT_3D('',#4379,#3575,#3576);
#2979=AXIS2_PLACEMENT_3D('',#4385,#3580,#3581);
#2980=AXIS2_PLACEMENT_3D('',#4391,#3585,#3586);
#2981=AXIS2_PLACEMENT_3D('',#4397,#3590,#3591);
#2982=AXIS2_PLACEMENT_3D('',#4403,#3595,#3596);
#2983=AXIS2_PLACEMENT_3D('',#4409,#3600,#3601);
#2984=AXIS2_PLACEMENT_3D('',#4415,#3605,#3606);
#2985=AXIS2_PLACEMENT_3D('',#4421,#3610,#3611);
#2986=AXIS2_PLACEMENT_3D('',#4427,#3615,#3616);
#2987=AXIS2_PLACEMENT_3D('',#4431,#3618,#3619);
#2988=AXIS2_PLACEMENT_3D('',#4432,#3620,#3621);
#2989=AXIS2_PLACEMENT_3D('',#4433,#3622,#3623);
#2990=AXIS2_PLACEMENT_3D('',#4437,#3625,#3626);
#2991=AXIS2_PLACEMENT_3D('',#4438,#3627,#3628);
#2992=AXIS2_PLACEMENT_3D('',#4439,#3629,#3630);
#2993=AXIS2_PLACEMENT_3D('',#4443,#3632,#3633);
#2994=AXIS2_PLACEMENT_3D('',#4444,#3634,#3635);
#2995=AXIS2_PLACEMENT_3D('',#4445,#3636,#3637);
#2996=AXIS2_PLACEMENT_3D('',#4449,#3639,#3640);
#2997=AXIS2_PLACEMENT_3D('',#4450,#3641,#3642);
#2998=AXIS2_PLACEMENT_3D('',#4451,#3643,#3644);
#2999=AXIS2_PLACEMENT_3D('',#4457,#3648,#3649);
#3000=AXIS2_PLACEMENT_3D('',#4463,#3653,#3654);
#3001=AXIS2_PLACEMENT_3D('',#4469,#3658,#3659);
#3002=AXIS2_PLACEMENT_3D('',#4475,#3663,#3664);
#3003=AXIS2_PLACEMENT_3D('',#4484,#3669,#3670);
#3004=AXIS2_PLACEMENT_3D('',#4493,#3675,#3676);
#3005=AXIS2_PLACEMENT_3D('',#4502,#3681,#3682);
#3006=AXIS2_PLACEMENT_3D('',#4511,#3687,#3688);
#3007=AXIS2_PLACEMENT_3D('',#4512,#3689,#3690);
#3008=AXIS2_PLACEMENT_3D('',#4513,#3691,#3692);
#3009=AXIS2_PLACEMENT_3D('',#4514,#3693,#3694);
#3010=AXIS2_PLACEMENT_3D('',#4515,#3695,#3696);
#3011=AXIS2_PLACEMENT_3D('',#4516,#3697,#3698);
#3012=AXIS2_PLACEMENT_3D('',#4517,#3699,#3700);
#3013=AXIS2_PLACEMENT_3D('',#4518,#3701,#3702);
#3014=AXIS2_PLACEMENT_3D('',#4519,#3703,#3704);
#3015=AXIS2_PLACEMENT_3D('',#4520,#3705,#3706);
#3016=AXIS2_PLACEMENT_3D('',#4521,#3707,#3708);
#3017=AXIS2_PLACEMENT_3D('',#4522,#3709,#3710);
#3018=AXIS2_PLACEMENT_3D('',#4523,#3711,#3712);
#3019=AXIS2_PLACEMENT_3D('',#4532,#3717,#3718);
#3020=AXIS2_PLACEMENT_3D('',#4541,#3723,#3724);
#3021=AXIS2_PLACEMENT_3D('',#4544,#3727,#3728);
#3022=AXIS2_PLACEMENT_3D('',#4546,#3730,#3731);
#3023=AXIS2_PLACEMENT_3D('',#4548,#3733,#3734);
#3024=AXIS2_PLACEMENT_3D('',#4565,#3751,#3752);
#3025=AXIS2_PLACEMENT_3D('',#4566,#3753,#3754);
#3026=AXIS2_PLACEMENT_3D('',#4567,#3755,#3756);
#3027=AXIS2_PLACEMENT_3D('',#4568,#3757,#3758);
#3028=AXIS2_PLACEMENT_3D('',#4569,#3759,#3760);
#3029=AXIS2_PLACEMENT_3D('',#4570,#3761,#3762);
#3030=AXIS2_PLACEMENT_3D('',#4571,#3763,#3764);
#3031=AXIS2_PLACEMENT_3D('',#4572,#3765,#3766);
#3032=AXIS2_PLACEMENT_3D('',#4573,#3767,#3768);
#3033=AXIS2_PLACEMENT_3D('',#4574,#3769,#3770);
#3034=AXIS2_PLACEMENT_3D('',#4575,#3771,#3772);
#3035=AXIS2_PLACEMENT_3D('',#4576,#3773,#3774);
#3036=AXIS2_PLACEMENT_3D('',#4577,#3775,#3776);
#3037=AXIS2_PLACEMENT_3D('',#4578,#3777,#3778);
#3038=AXIS2_PLACEMENT_3D('',#4579,#3779,#3780);
#3039=AXIS2_PLACEMENT_3D('',#4580,#3781,#3782);
#3040=AXIS2_PLACEMENT_3D('',#4581,#3783,#3784);
#3041=DIRECTION('',(0.,0.,1.));
#3042=DIRECTION('',(1.,0.,0.));
#3043=DIRECTION('',(0.,1.,0.));
#3044=DIRECTION('',(0.,0.,1.));
#3045=DIRECTION('',(0.,-1.,0.));
#3046=DIRECTION('',(0.,0.,-1.));
#3047=DIRECTION('',(1.,0.,0.));
#3048=DIRECTION('',(0.,0.,-1.));
#3049=DIRECTION('',(1.,0.,0.));
#3050=DIRECTION('',(0.,0.,1.));
#3051=DIRECTION('',(-1.,0.,0.));
#3052=DIRECTION('',(0.,0.,-1.));
#3053=DIRECTION('',(-1.,0.,-1.21957499717155E-16));
#3054=DIRECTION('',(0.,1.,0.));
#3055=DIRECTION('',(0.,0.,1.));
#3056=DIRECTION('',(0.,-1.,0.));
#3057=DIRECTION('',(0.,0.,-1.));
#3058=DIRECTION('',(-1.,0.,-1.21957499717155E-16));
#3059=DIRECTION('',(0.,1.,0.));
#3060=DIRECTION('',(1.,0.,0.));
#3061=DIRECTION('',(0.,0.,-1.));
#3062=DIRECTION('',(0.,1.,0.));
#3063=DIRECTION('',(0.,0.,1.));
#3064=DIRECTION('',(0.,-1.,0.));
#3065=DIRECTION('',(0.,0.,-1.));
#3066=DIRECTION('',(1.,0.,1.21957499717155E-16));
#3067=DIRECTION('',(0.,1.,0.));
#3068=DIRECTION('',(1.,0.,0.));
#3069=DIRECTION('',(0.,0.,1.));
#3070=DIRECTION('',(0.,1.,0.));
#3071=DIRECTION('',(0.,0.,1.));
#3072=DIRECTION('',(0.,-1.,0.));
#3073=DIRECTION('',(0.,0.,-1.));
#3074=DIRECTION('',(0.,0.,1.));
#3075=DIRECTION('',(0.,1.,0.));
#3076=DIRECTION('',(1.,0.,0.));
#3077=DIRECTION('',(-1.,0.,0.));
#3078=DIRECTION('',(0.,0.,1.));
#3079=DIRECTION('',(1.,0.,0.));
#3080=DIRECTION('',(0.,1.,0.));
#3081=DIRECTION('',(-1.,0.,0.));
#3082=DIRECTION('',(0.,1.,0.));
#3083=DIRECTION('',(-1.,0.,0.));
#3084=DIRECTION('',(0.,-1.,0.));
#3085=DIRECTION('',(-1.,0.,0.));
#3086=DIRECTION('',(0.,-1.,0.));
#3087=DIRECTION('',(-1.,0.,0.));
#3088=DIRECTION('',(0.,1.,0.));
#3089=DIRECTION('',(0.,-1.,0.));
#3090=DIRECTION('',(1.,0.,0.));
#3091=DIRECTION('',(0.,0.,-1.));
#3092=DIRECTION('',(-1.,0.,0.));
#3093=DIRECTION('',(0.,-1.,0.));
#3094=DIRECTION('',(-1.,0.,0.));
#3095=DIRECTION('',(0.,1.,0.));
#3096=DIRECTION('',(0.,1.,0.));
#3097=DIRECTION('',(1.,0.,0.));
#3098=DIRECTION('',(0.,1.,0.));
#3099=DIRECTION('',(1.,0.,0.));
#3100=DIRECTION('',(0.,1.,0.));
#3101=DIRECTION('',(0.,0.,1.));
#3102=DIRECTION('',(0.,-1.,0.));
#3103=DIRECTION('',(0.,0.,-1.));
#3104=DIRECTION('',(-1.,0.,0.));
#3105=DIRECTION('',(0.,0.,1.));
#3106=DIRECTION('',(0.,0.,-1.));
#3107=DIRECTION('',(0.,0.,1.));
#3108=DIRECTION('',(1.,0.,1.21957499717155E-16));
#3109=DIRECTION('',(0.,1.,0.));
#3110=DIRECTION('',(0.,0.,1.));
#3111=DIRECTION('',(0.,-1.,0.));
#3112=DIRECTION('',(0.,0.,-1.));
#3113=DIRECTION('',(0.,0.,-1.));
#3114=DIRECTION('',(0.,1.,0.));
#3115=DIRECTION('',(1.,0.,0.));
#3116=DIRECTION('',(1.,0.,0.));
#3117=DIRECTION('',(1.,0.,0.));
#3118=DIRECTION('',(0.,0.,-1.));
#3119=DIRECTION('',(0.,0.,-1.));
#3120=DIRECTION('',(0.,1.,0.));
#3121=DIRECTION('',(0.,1.,0.));
#3122=DIRECTION('',(-1.,0.,0.));
#3123=DIRECTION('',(0.,0.,1.));
#3124=DIRECTION('',(0.,0.,-1.));
#3125=DIRECTION('',(0.,1.,0.));
#3126=DIRECTION('',(0.,1.,0.));
#3127=DIRECTION('',(0.,1.,0.));
#3128=DIRECTION('',(0.,0.,1.));
#3129=DIRECTION('',(-1.,0.,0.));
#3130=DIRECTION('',(0.,0.,-1.));
#3131=DIRECTION('',(1.,0.,0.));
#3132=DIRECTION('',(0.,0.,1.));
#3133=DIRECTION('',(-1.,0.,0.));
#3134=DIRECTION('',(0.,0.,-1.));
#3135=DIRECTION('',(1.,0.,0.));
#3136=DIRECTION('',(0.,0.,1.));
#3137=DIRECTION('',(-1.,0.,0.));
#3138=DIRECTION('',(0.,0.,-1.));
#3139=DIRECTION('',(1.,0.,0.));
#3140=DIRECTION('',(0.,0.,1.));
#3141=DIRECTION('',(-1.,0.,0.));
#3142=DIRECTION('',(0.,0.,-1.));
#3143=DIRECTION('',(1.,0.,0.));
#3144=DIRECTION('',(0.,0.,1.));
#3145=DIRECTION('',(-1.,0.,0.));
#3146=DIRECTION('',(0.,0.,-1.));
#3147=DIRECTION('',(1.,0.,0.));
#3148=DIRECTION('',(0.,0.,1.));
#3149=DIRECTION('',(-1.,0.,0.));
#3150=DIRECTION('',(0.,0.,-1.));
#3151=DIRECTION('',(1.,0.,0.));
#3152=DIRECTION('',(0.,0.,1.));
#3153=DIRECTION('',(-1.,0.,0.));
#3154=DIRECTION('',(0.,0.,-1.));
#3155=DIRECTION('',(1.,0.,0.));
#3156=DIRECTION('',(0.,0.,1.));
#3157=DIRECTION('',(-1.,0.,0.));
#3158=DIRECTION('',(0.,0.,-1.));
#3159=DIRECTION('',(1.,0.,0.));
#3160=DIRECTION('',(0.,0.,1.));
#3161=DIRECTION('',(0.,0.,1.));
#3162=DIRECTION('',(0.,0.,-1.));
#3163=DIRECTION('',(0.,0.,1.));
#3164=DIRECTION('',(-1.,0.,0.));
#3165=DIRECTION('',(0.,0.,1.));
#3166=DIRECTION('',(0.,1.,0.));
#3167=DIRECTION('',(0.,0.,1.));
#3168=DIRECTION('',(0.,1.,0.));
#3169=DIRECTION('',(0.,1.,0.));
#3170=DIRECTION('',(0.,0.,1.));
#3171=DIRECTION('',(-1.21957499717155E-16,0.,1.));
#3172=DIRECTION('',(1.,0.,1.21957499717155E-16));
#3173=DIRECTION('',(0.,1.,0.));
#3174=DIRECTION('',(-1.,0.,-1.21957499717155E-16));
#3175=DIRECTION('',(0.,0.,1.));
#3176=DIRECTION('',(1.,0.,0.));
#3177=DIRECTION('',(0.,1.,0.));
#3178=DIRECTION('',(-1.,-3.10437272007303E-16,0.));
#3179=DIRECTION('',(0.,1.,0.));
#3180=DIRECTION('',(0.,1.,0.));
#3181=DIRECTION('',(0.,0.,1.));
#3182=DIRECTION('',(-3.10437272007303E-16,1.,0.));
#3183=DIRECTION('',(-1.,-3.10437272007303E-16,0.));
#3184=DIRECTION('',(0.,1.,0.));
#3185=DIRECTION('',(0.,0.,1.));
#3186=DIRECTION('',(0.,1.,0.));
#3187=DIRECTION('',(-3.10437272007303E-16,1.,0.));
#3188=DIRECTION('',(-1.,-3.10437272007303E-16,0.));
#3189=DIRECTION('',(1.21957499717155E-16,0.,-1.));
#3190=DIRECTION('',(-1.,0.,-1.21957499717155E-16));
#3191=DIRECTION('',(0.,1.,0.));
#3192=DIRECTION('',(1.,3.10437272007303E-16,1.21957499717155E-16));
#3193=DIRECTION('',(0.,1.,0.));
#3194=DIRECTION('',(0.,0.,1.));
#3195=DIRECTION('',(0.,1.,0.));
#3196=DIRECTION('',(0.,0.,1.));
#3197=DIRECTION('',(0.,1.,0.));
#3198=DIRECTION('',(0.,0.,-1.));
#3199=DIRECTION('',(-1.,0.,0.));
#3200=DIRECTION('',(1.,0.,0.));
#3201=DIRECTION('',(0.,1.,0.));
#3202=DIRECTION('',(1.,0.,0.));
#3203=DIRECTION('',(0.,0.,-1.));
#3204=DIRECTION('',(0.,0.,-1.));
#3205=DIRECTION('',(-1.,0.,0.));
#3206=DIRECTION('',(0.,0.,1.));
#3207=DIRECTION('',(0.,0.,-1.));
#3208=DIRECTION('',(0.,1.,0.));
#3209=DIRECTION('',(0.,0.,1.));
#3210=DIRECTION('',(0.,0.,-1.));
#3211=DIRECTION('',(-1.,0.,0.));
#3212=DIRECTION('',(0.,0.,-1.));
#3213=DIRECTION('',(0.,0.,1.));
#3214=DIRECTION('',(1.,0.,0.));
#3215=DIRECTION('',(0.,1.,0.));
#3216=DIRECTION('',(0.,1.,0.));
#3217=DIRECTION('',(1.,0.,0.));
#3218=DIRECTION('',(0.,0.,-1.));
#3219=DIRECTION('',(1.,0.,0.));
#3220=DIRECTION('',(0.,0.,-1.));
#3221=DIRECTION('',(0.,1.,0.));
#3222=DIRECTION('',(0.,0.,1.));
#3223=DIRECTION('',(-3.10437272007303E-16,1.,0.));
#3224=DIRECTION('',(-1.,-3.10437272007303E-16,0.));
#3225=DIRECTION('',(0.,-1.,0.));
#3226=DIRECTION('',(0.,0.,-1.));
#3227=DIRECTION('',(0.,0.,-1.));
#3228=DIRECTION('',(0.,0.,-1.));
#3229=DIRECTION('',(1.,0.,0.));
#3230=DIRECTION('',(0.,0.,-1.));
#3231=DIRECTION('',(-1.,0.,0.));
#3232=DIRECTION('',(0.,0.,1.));
#3233=DIRECTION('',(0.,-1.,0.));
#3234=DIRECTION('',(0.,0.,-1.));
#3235=DIRECTION('',(0.,-1.,0.));
#3236=DIRECTION('',(0.,0.,-1.));
#3237=DIRECTION('',(0.,-1.,0.));
#3238=DIRECTION('',(-1.,0.,0.));
#3239=DIRECTION('',(0.,-1.,0.));
#3240=DIRECTION('',(0.,0.,-1.));
#3241=DIRECTION('',(0.,-1.,0.));
#3242=DIRECTION('',(0.,0.,-1.));
#3243=DIRECTION('',(0.,-1.,0.));
#3244=DIRECTION('',(-1.,0.,0.));
#3245=DIRECTION('',(0.,0.,-1.));
#3246=DIRECTION('',(-1.,0.,0.));
#3247=DIRECTION('',(0.,1.,0.));
#3248=DIRECTION('',(-1.,0.,0.));
#3249=DIRECTION('',(0.,1.,0.));
#3250=DIRECTION('',(-1.,0.,0.));
#3251=DIRECTION('',(0.,0.,1.));
#3252=DIRECTION('',(0.,1.,0.));
#3253=DIRECTION('',(0.,0.,1.));
#3254=DIRECTION('',(0.,0.,1.));
#3255=DIRECTION('',(1.,0.,0.));
#3256=DIRECTION('',(0.,1.,0.));
#3257=DIRECTION('',(1.,0.,0.));
#3258=DIRECTION('',(1.,0.,0.));
#3259=DIRECTION('',(0.,0.,-1.));
#3260=DIRECTION('',(0.,0.,-1.));
#3261=DIRECTION('',(0.,1.,0.));
#3262=DIRECTION('',(0.,0.,1.));
#3263=DIRECTION('',(0.,0.,-1.));
#3264=DIRECTION('',(-1.,0.,0.));
#3265=DIRECTION('',(0.,1.,0.));
#3266=DIRECTION('',(-1.,0.,0.));
#3267=DIRECTION('',(0.,1.,0.));
#3268=DIRECTION('',(-1.,0.,0.));
#3269=DIRECTION('',(0.,0.,1.));
#3270=DIRECTION('',(0.,1.,0.));
#3271=DIRECTION('',(0.,0.,1.));
#3272=DIRECTION('',(0.,0.,1.));
#3273=DIRECTION('',(1.,0.,0.));
#3274=DIRECTION('',(0.,1.,0.));
#3275=DIRECTION('',(1.,0.,0.));
#3276=DIRECTION('',(1.,0.,0.));
#3277=DIRECTION('',(0.,0.,-1.));
#3278=DIRECTION('',(0.,0.,-1.));
#3279=DIRECTION('',(0.,1.,0.));
#3280=DIRECTION('',(0.,0.,1.));
#3281=DIRECTION('',(0.,0.,-1.));
#3282=DIRECTION('',(-1.,0.,0.));
#3283=DIRECTION('',(0.,1.,0.));
#3284=DIRECTION('',(-1.,0.,0.));
#3285=DIRECTION('',(0.,1.,0.));
#3286=DIRECTION('',(-1.,0.,0.));
#3287=DIRECTION('',(0.,0.,1.));
#3288=DIRECTION('',(0.,1.,0.));
#3289=DIRECTION('',(0.,0.,1.));
#3290=DIRECTION('',(0.,0.,1.));
#3291=DIRECTION('',(1.,0.,0.));
#3292=DIRECTION('',(0.,1.,0.));
#3293=DIRECTION('',(1.,0.,0.));
#3294=DIRECTION('',(1.,0.,0.));
#3295=DIRECTION('',(0.,0.,-1.));
#3296=DIRECTION('',(0.,0.,-1.));
#3297=DIRECTION('',(0.,1.,0.));
#3298=DIRECTION('',(0.,0.,1.));
#3299=DIRECTION('',(0.,0.,-1.));
#3300=DIRECTION('',(-1.,0.,0.));
#3301=DIRECTION('',(0.,1.,0.));
#3302=DIRECTION('',(-1.,0.,0.));
#3303=DIRECTION('',(0.,1.,0.));
#3304=DIRECTION('',(-1.,0.,0.));
#3305=DIRECTION('',(0.,0.,1.));
#3306=DIRECTION('',(0.,1.,0.));
#3307=DIRECTION('',(0.,0.,1.));
#3308=DIRECTION('',(0.,0.,1.));
#3309=DIRECTION('',(1.,0.,0.));
#3310=DIRECTION('',(0.,1.,0.));
#3311=DIRECTION('',(1.,0.,0.));
#3312=DIRECTION('',(1.,0.,0.));
#3313=DIRECTION('',(0.,0.,-1.));
#3314=DIRECTION('',(0.,0.,-1.));
#3315=DIRECTION('',(0.,1.,0.));
#3316=DIRECTION('',(0.,0.,1.));
#3317=DIRECTION('',(0.,0.,-1.));
#3318=DIRECTION('',(-1.,0.,0.));
#3319=DIRECTION('',(0.,1.,0.));
#3320=DIRECTION('',(-1.,0.,0.));
#3321=DIRECTION('',(0.,1.,0.));
#3322=DIRECTION('',(-1.,0.,0.));
#3323=DIRECTION('',(0.,0.,1.));
#3324=DIRECTION('',(0.,1.,0.));
#3325=DIRECTION('',(0.,0.,1.));
#3326=DIRECTION('',(0.,0.,1.));
#3327=DIRECTION('',(1.,0.,0.));
#3328=DIRECTION('',(0.,1.,0.));
#3329=DIRECTION('',(1.,0.,0.));
#3330=DIRECTION('',(1.,0.,0.));
#3331=DIRECTION('',(0.,0.,-1.));
#3332=DIRECTION('',(0.,0.,-1.));
#3333=DIRECTION('',(0.,1.,0.));
#3334=DIRECTION('',(0.,0.,1.));
#3335=DIRECTION('',(0.,0.,-1.));
#3336=DIRECTION('',(-1.,0.,0.));
#3337=DIRECTION('',(0.,1.,0.));
#3338=DIRECTION('',(-1.,0.,0.));
#3339=DIRECTION('',(0.,1.,0.));
#3340=DIRECTION('',(-1.,0.,0.));
#3341=DIRECTION('',(0.,0.,1.));
#3342=DIRECTION('',(0.,1.,0.));
#3343=DIRECTION('',(0.,0.,1.));
#3344=DIRECTION('',(0.,0.,1.));
#3345=DIRECTION('',(1.,0.,0.));
#3346=DIRECTION('',(0.,1.,0.));
#3347=DIRECTION('',(1.,0.,0.));
#3348=DIRECTION('',(1.,0.,0.));
#3349=DIRECTION('',(0.,0.,-1.));
#3350=DIRECTION('',(0.,0.,-1.));
#3351=DIRECTION('',(0.,1.,0.));
#3352=DIRECTION('',(0.,0.,1.));
#3353=DIRECTION('',(0.,0.,-1.));
#3354=DIRECTION('',(-1.,0.,0.));
#3355=DIRECTION('',(0.,1.,0.));
#3356=DIRECTION('',(-1.,0.,0.));
#3357=DIRECTION('',(0.,1.,0.));
#3358=DIRECTION('',(-1.,0.,0.));
#3359=DIRECTION('',(0.,0.,1.));
#3360=DIRECTION('',(0.,1.,0.));
#3361=DIRECTION('',(0.,0.,1.));
#3362=DIRECTION('',(0.,0.,1.));
#3363=DIRECTION('',(1.,0.,0.));
#3364=DIRECTION('',(0.,1.,0.));
#3365=DIRECTION('',(1.,0.,0.));
#3366=DIRECTION('',(1.,0.,0.));
#3367=DIRECTION('',(0.,0.,-1.));
#3368=DIRECTION('',(0.,0.,-1.));
#3369=DIRECTION('',(0.,1.,0.));
#3370=DIRECTION('',(0.,0.,1.));
#3371=DIRECTION('',(0.,0.,-1.));
#3372=DIRECTION('',(-1.,0.,0.));
#3373=DIRECTION('',(0.,1.,0.));
#3374=DIRECTION('',(-1.,0.,0.));
#3375=DIRECTION('',(0.,1.,0.));
#3376=DIRECTION('',(-1.,0.,0.));
#3377=DIRECTION('',(0.,0.,1.));
#3378=DIRECTION('',(0.,1.,0.));
#3379=DIRECTION('',(0.,0.,1.));
#3380=DIRECTION('',(0.,0.,1.));
#3381=DIRECTION('',(1.,0.,0.));
#3382=DIRECTION('',(0.,1.,0.));
#3383=DIRECTION('',(1.,0.,0.));
#3384=DIRECTION('',(1.,0.,0.));
#3385=DIRECTION('',(0.,0.,-1.));
#3386=DIRECTION('',(0.,0.,-1.));
#3387=DIRECTION('',(0.,1.,0.));
#3388=DIRECTION('',(0.,0.,1.));
#3389=DIRECTION('',(0.,0.,1.));
#3390=DIRECTION('',(1.,0.,0.));
#3391=DIRECTION('',(0.,-1.,0.));
#3392=DIRECTION('',(0.,0.,-1.));
#3393=DIRECTION('',(0.,0.,1.));
#3394=DIRECTION('',(-1.,0.,0.));
#3395=DIRECTION('',(0.,0.,-1.));
#3396=DIRECTION('',(-1.,0.,0.));
#3397=DIRECTION('',(0.,-1.,0.));
#3398=DIRECTION('',(0.,0.,-1.));
#3399=DIRECTION('',(0.,0.,1.));
#3400=DIRECTION('',(-1.,0.,0.));
#3401=DIRECTION('',(0.,0.,-1.));
#3402=DIRECTION('',(-1.,0.,0.));
#3403=DIRECTION('',(0.,-1.,0.));
#3404=DIRECTION('',(0.,0.,-1.));
#3405=DIRECTION('',(0.,0.,1.));
#3406=DIRECTION('',(-1.,0.,0.));
#3407=DIRECTION('',(0.,0.,-1.));
#3408=DIRECTION('',(-1.,0.,0.));
#3409=DIRECTION('',(0.,-1.,0.));
#3410=DIRECTION('',(0.,0.,-1.));
#3411=DIRECTION('',(0.,0.,1.));
#3412=DIRECTION('',(-1.,0.,0.));
#3413=DIRECTION('',(0.,0.,-1.));
#3414=DIRECTION('',(-1.,0.,0.));
#3415=DIRECTION('',(0.,0.,-1.));
#3416=DIRECTION('',(-1.,0.,0.));
#3417=DIRECTION('',(0.,-1.,0.));
#3418=DIRECTION('',(0.,1.,0.));
#3419=DIRECTION('',(-1.,0.,0.));
#3420=DIRECTION('',(0.,0.,-1.));
#3421=DIRECTION('',(-1.,0.,0.));
#3422=DIRECTION('',(0.,-1.,0.));
#3423=DIRECTION('',(0.,1.,0.));
#3424=DIRECTION('',(-1.,0.,0.));
#3425=DIRECTION('',(0.,0.,-1.));
#3426=DIRECTION('',(-1.,0.,0.));
#3427=DIRECTION('',(0.,-1.,0.));
#3428=DIRECTION('',(0.,1.,0.));
#3429=DIRECTION('',(-1.,0.,0.));
#3430=DIRECTION('',(0.,0.,-1.));
#3431=DIRECTION('',(-1.,0.,0.));
#3432=DIRECTION('',(0.,-1.,0.));
#3433=DIRECTION('',(0.,1.,0.));
#3434=DIRECTION('',(-1.,0.,0.));
#3435=DIRECTION('',(0.,1.,0.));
#3436=DIRECTION('',(0.,0.,1.));
#3437=DIRECTION('',(0.,0.,-1.));
#3438=DIRECTION('',(0.,0.,1.));
#3439=DIRECTION('',(-1.,0.,0.));
#3440=DIRECTION('',(0.,1.,0.));
#3441=DIRECTION('',(0.,0.,1.));
#3442=DIRECTION('',(0.,0.,-1.));
#3443=DIRECTION('',(0.,0.,1.));
#3444=DIRECTION('',(-1.,0.,0.));
#3445=DIRECTION('',(0.,1.,0.));
#3446=DIRECTION('',(0.,0.,1.));
#3447=DIRECTION('',(0.,0.,-1.));
#3448=DIRECTION('',(0.,0.,1.));
#3449=DIRECTION('',(-1.,0.,0.));
#3450=DIRECTION('',(0.,1.,0.));
#3451=DIRECTION('',(0.,0.,1.));
#3452=DIRECTION('',(0.,0.,-1.));
#3453=DIRECTION('',(0.,0.,1.));
#3454=DIRECTION('',(-1.,0.,0.));
#3455=DIRECTION('',(-1.,0.,0.));
#3456=DIRECTION('',(0.,0.,1.));
#3457=DIRECTION('',(1.,0.,0.));
#3458=DIRECTION('',(0.,0.,-1.));
#3459=DIRECTION('',(-1.,0.,0.));
#3460=DIRECTION('',(0.,0.,1.));
#3461=DIRECTION('',(-1.,0.,0.));
#3462=DIRECTION('',(-1.,0.,0.));
#3463=DIRECTION('',(0.,0.,1.));
#3464=DIRECTION('',(1.,0.,0.));
#3465=DIRECTION('',(0.,0.,-1.));
#3466=DIRECTION('',(-1.,0.,0.));
#3467=DIRECTION('',(0.,0.,1.));
#3468=DIRECTION('',(-1.,0.,0.));
#3469=DIRECTION('',(-1.,0.,0.));
#3470=DIRECTION('',(0.,0.,1.));
#3471=DIRECTION('',(1.,0.,0.));
#3472=DIRECTION('',(0.,0.,-1.));
#3473=DIRECTION('',(-1.,0.,0.));
#3474=DIRECTION('',(0.,0.,1.));
#3475=DIRECTION('',(-1.,0.,0.));
#3476=DIRECTION('',(-1.,0.,0.));
#3477=DIRECTION('',(0.,0.,1.));
#3478=DIRECTION('',(1.,0.,0.));
#3479=DIRECTION('',(0.,0.,-1.));
#3480=DIRECTION('',(-1.,0.,0.));
#3481=DIRECTION('',(0.,0.,1.));
#3482=DIRECTION('',(-1.,0.,0.));
#3483=DIRECTION('',(0.,0.,1.));
#3484=DIRECTION('',(1.,0.,0.));
#3485=DIRECTION('',(0.,1.,0.));
#3486=DIRECTION('',(0.,-1.,0.));
#3487=DIRECTION('',(-1.,0.,0.));
#3488=DIRECTION('',(0.,0.,1.));
#3489=DIRECTION('',(1.,0.,0.));
#3490=DIRECTION('',(0.,1.,0.));
#3491=DIRECTION('',(0.,-1.,0.));
#3492=DIRECTION('',(-1.,0.,0.));
#3493=DIRECTION('',(0.,0.,1.));
#3494=DIRECTION('',(1.,0.,0.));
#3495=DIRECTION('',(0.,1.,0.));
#3496=DIRECTION('',(0.,-1.,0.));
#3497=DIRECTION('',(-1.,0.,0.));
#3498=DIRECTION('',(0.,0.,1.));
#3499=DIRECTION('',(1.,0.,0.));
#3500=DIRECTION('',(0.,1.,0.));
#3501=DIRECTION('',(0.,-1.,0.));
#3502=DIRECTION('',(-1.,0.,0.));
#3503=DIRECTION('',(0.,0.,-1.));
#3504=DIRECTION('',(-1.,0.,0.));
#3505=DIRECTION('',(0.,-1.,0.));
#3506=DIRECTION('',(-1.,0.,0.));
#3507=DIRECTION('',(0.,1.,0.));
#3508=DIRECTION('',(-1.,0.,0.));
#3509=DIRECTION('',(0.,0.,-1.));
#3510=DIRECTION('',(-1.,0.,0.));
#3511=DIRECTION('',(0.,-1.,0.));
#3512=DIRECTION('',(-1.,0.,0.));
#3513=DIRECTION('',(0.,1.,0.));
#3514=DIRECTION('',(-1.,0.,0.));
#3515=DIRECTION('',(0.,0.,-1.));
#3516=DIRECTION('',(-1.,0.,0.));
#3517=DIRECTION('',(0.,-1.,0.));
#3518=DIRECTION('',(-1.,0.,0.));
#3519=DIRECTION('',(0.,1.,0.));
#3520=DIRECTION('',(-1.,0.,0.));
#3521=DIRECTION('',(0.,0.,-1.));
#3522=DIRECTION('',(-1.,0.,0.));
#3523=DIRECTION('',(0.,-1.,0.));
#3524=DIRECTION('',(-1.,0.,0.));
#3525=DIRECTION('',(0.,1.,0.));
#3526=DIRECTION('',(-1.,0.,0.));
#3527=DIRECTION('',(-1.,0.,0.));
#3528=DIRECTION('',(0.,0.,1.));
#3529=DIRECTION('',(1.,0.,0.));
#3530=DIRECTION('',(0.,0.,-1.));
#3531=DIRECTION('',(-1.,0.,0.));
#3532=DIRECTION('',(0.,0.,1.));
#3533=DIRECTION('',(-1.,0.,0.));
#3534=DIRECTION('',(-1.,0.,0.));
#3535=DIRECTION('',(0.,0.,1.));
#3536=DIRECTION('',(1.,0.,0.));
#3537=DIRECTION('',(0.,0.,-1.));
#3538=DIRECTION('',(-1.,0.,0.));
#3539=DIRECTION('',(0.,0.,1.));
#3540=DIRECTION('',(-1.,0.,0.));
#3541=DIRECTION('',(-1.,0.,0.));
#3542=DIRECTION('',(0.,0.,1.));
#3543=DIRECTION('',(1.,0.,0.));
#3544=DIRECTION('',(0.,0.,-1.));
#3545=DIRECTION('',(-1.,0.,0.));
#3546=DIRECTION('',(0.,0.,1.));
#3547=DIRECTION('',(-1.,0.,0.));
#3548=DIRECTION('',(-1.,0.,0.));
#3549=DIRECTION('',(0.,0.,1.));
#3550=DIRECTION('',(1.,0.,0.));
#3551=DIRECTION('',(0.,0.,-1.));
#3552=DIRECTION('',(-1.,0.,0.));
#3553=DIRECTION('',(0.,0.,1.));
#3554=DIRECTION('',(-1.,0.,0.));
#3555=DIRECTION('',(0.,1.,0.));
#3556=DIRECTION('',(0.,0.,1.));
#3557=DIRECTION('',(0.,0.,-1.));
#3558=DIRECTION('',(0.,0.,1.));
#3559=DIRECTION('',(-1.,0.,0.));
#3560=DIRECTION('',(0.,1.,0.));
#3561=DIRECTION('',(0.,0.,1.));
#3562=DIRECTION('',(0.,0.,-1.));
#3563=DIRECTION('',(0.,0.,1.));
#3564=DIRECTION('',(-1.,0.,0.));
#3565=DIRECTION('',(0.,1.,0.));
#3566=DIRECTION('',(0.,0.,1.));
#3567=DIRECTION('',(0.,0.,-1.));
#3568=DIRECTION('',(0.,0.,1.));
#3569=DIRECTION('',(-1.,0.,0.));
#3570=DIRECTION('',(0.,1.,0.));
#3571=DIRECTION('',(0.,0.,1.));
#3572=DIRECTION('',(0.,0.,-1.));
#3573=DIRECTION('',(0.,0.,1.));
#3574=DIRECTION('',(-1.,0.,0.));
#3575=DIRECTION('',(0.,0.,1.));
#3576=DIRECTION('',(1.,0.,0.));
#3577=DIRECTION('',(0.,1.,0.));
#3578=DIRECTION('',(0.,-1.,0.));
#3579=DIRECTION('',(-1.,0.,0.));
#3580=DIRECTION('',(0.,0.,1.));
#3581=DIRECTION('',(1.,0.,0.));
#3582=DIRECTION('',(0.,1.,0.));
#3583=DIRECTION('',(0.,-1.,0.));
#3584=DIRECTION('',(-1.,0.,0.));
#3585=DIRECTION('',(0.,0.,1.));
#3586=DIRECTION('',(1.,0.,0.));
#3587=DIRECTION('',(0.,1.,0.));
#3588=DIRECTION('',(0.,-1.,0.));
#3589=DIRECTION('',(-1.,0.,0.));
#3590=DIRECTION('',(0.,0.,1.));
#3591=DIRECTION('',(1.,0.,0.));
#3592=DIRECTION('',(0.,1.,0.));
#3593=DIRECTION('',(0.,-1.,0.));
#3594=DIRECTION('',(-1.,0.,0.));
#3595=DIRECTION('',(0.,-1.,0.));
#3596=DIRECTION('',(0.,0.,-1.));
#3597=DIRECTION('',(0.,0.,1.));
#3598=DIRECTION('',(0.,0.,-1.));
#3599=DIRECTION('',(-1.,0.,0.));
#3600=DIRECTION('',(0.,-1.,0.));
#3601=DIRECTION('',(0.,0.,-1.));
#3602=DIRECTION('',(0.,0.,1.));
#3603=DIRECTION('',(0.,0.,-1.));
#3604=DIRECTION('',(-1.,0.,0.));
#3605=DIRECTION('',(0.,-1.,0.));
#3606=DIRECTION('',(0.,0.,-1.));
#3607=DIRECTION('',(0.,0.,1.));
#3608=DIRECTION('',(0.,0.,-1.));
#3609=DIRECTION('',(-1.,0.,0.));
#3610=DIRECTION('',(0.,-1.,0.));
#3611=DIRECTION('',(0.,0.,-1.));
#3612=DIRECTION('',(0.,0.,1.));
#3613=DIRECTION('',(0.,0.,-1.));
#3614=DIRECTION('',(-1.,0.,0.));
#3615=DIRECTION('',(-1.,0.,0.));
#3616=DIRECTION('',(0.,0.,1.));
#3617=DIRECTION('',(-1.,0.,0.));
#3618=DIRECTION('',(1.,0.,0.));
#3619=DIRECTION('',(0.,0.,-1.));
#3620=DIRECTION('',(-1.,0.,0.));
#3621=DIRECTION('',(0.,0.,1.));
#3622=DIRECTION('',(-1.,0.,0.));
#3623=DIRECTION('',(0.,0.,1.));
#3624=DIRECTION('',(-1.,0.,0.));
#3625=DIRECTION('',(1.,0.,0.));
#3626=DIRECTION('',(0.,0.,-1.));
#3627=DIRECTION('',(-1.,0.,0.));
#3628=DIRECTION('',(0.,0.,1.));
#3629=DIRECTION('',(-1.,0.,0.));
#3630=DIRECTION('',(0.,0.,1.));
#3631=DIRECTION('',(-1.,0.,0.));
#3632=DIRECTION('',(1.,0.,0.));
#3633=DIRECTION('',(0.,0.,-1.));
#3634=DIRECTION('',(-1.,0.,0.));
#3635=DIRECTION('',(0.,0.,1.));
#3636=DIRECTION('',(-1.,0.,0.));
#3637=DIRECTION('',(0.,0.,1.));
#3638=DIRECTION('',(-1.,0.,0.));
#3639=DIRECTION('',(1.,0.,0.));
#3640=DIRECTION('',(0.,0.,-1.));
#3641=DIRECTION('',(-1.,0.,0.));
#3642=DIRECTION('',(0.,0.,1.));
#3643=DIRECTION('',(0.,0.,1.));
#3644=DIRECTION('',(1.,0.,0.));
#3645=DIRECTION('',(0.,1.,0.));
#3646=DIRECTION('',(0.,-1.,0.));
#3647=DIRECTION('',(-1.,0.,0.));
#3648=DIRECTION('',(0.,0.,1.));
#3649=DIRECTION('',(1.,0.,0.));
#3650=DIRECTION('',(0.,1.,0.));
#3651=DIRECTION('',(0.,-1.,0.));
#3652=DIRECTION('',(-1.,0.,0.));
#3653=DIRECTION('',(0.,0.,1.));
#3654=DIRECTION('',(1.,0.,0.));
#3655=DIRECTION('',(0.,1.,0.));
#3656=DIRECTION('',(0.,-1.,0.));
#3657=DIRECTION('',(-1.,0.,0.));
#3658=DIRECTION('',(0.,0.,1.));
#3659=DIRECTION('',(1.,0.,0.));
#3660=DIRECTION('',(0.,1.,0.));
#3661=DIRECTION('',(0.,-1.,0.));
#3662=DIRECTION('',(-1.,0.,0.));
#3663=DIRECTION('',(0.,0.,-1.));
#3664=DIRECTION('',(-1.,0.,0.));
#3665=DIRECTION('',(0.,-1.,0.));
#3666=DIRECTION('',(-1.,0.,0.));
#3667=DIRECTION('',(0.,1.,0.));
#3668=DIRECTION('',(-1.,0.,0.));
#3669=DIRECTION('',(0.,0.,-1.));
#3670=DIRECTION('',(-1.,0.,0.));
#3671=DIRECTION('',(0.,-1.,0.));
#3672=DIRECTION('',(-1.,0.,0.));
#3673=DIRECTION('',(0.,1.,0.));
#3674=DIRECTION('',(-1.,0.,0.));
#3675=DIRECTION('',(0.,0.,-1.));
#3676=DIRECTION('',(-1.,0.,0.));
#3677=DIRECTION('',(0.,-1.,0.));
#3678=DIRECTION('',(-1.,0.,0.));
#3679=DIRECTION('',(0.,1.,0.));
#3680=DIRECTION('',(-1.,0.,0.));
#3681=DIRECTION('',(0.,0.,-1.));
#3682=DIRECTION('',(-1.,0.,0.));
#3683=DIRECTION('',(0.,-1.,0.));
#3684=DIRECTION('',(-1.,0.,0.));
#3685=DIRECTION('',(0.,1.,0.));
#3686=DIRECTION('',(-1.,0.,0.));
#3687=DIRECTION('',(-1.,0.,0.));
#3688=DIRECTION('',(0.,0.,1.));
#3689=DIRECTION('',(1.,0.,0.));
#3690=DIRECTION('',(0.,0.,-1.));
#3691=DIRECTION('',(-1.,0.,0.));
#3692=DIRECTION('',(0.,0.,1.));
#3693=DIRECTION('',(-1.,0.,0.));
#3694=DIRECTION('',(0.,0.,1.));
#3695=DIRECTION('',(1.,0.,0.));
#3696=DIRECTION('',(0.,0.,-1.));
#3697=DIRECTION('',(-1.,0.,0.));
#3698=DIRECTION('',(0.,0.,1.));
#3699=DIRECTION('',(-1.,0.,0.));
#3700=DIRECTION('',(0.,0.,1.));
#3701=DIRECTION('',(1.,0.,0.));
#3702=DIRECTION('',(0.,0.,-1.));
#3703=DIRECTION('',(-1.,0.,0.));
#3704=DIRECTION('',(0.,0.,1.));
#3705=DIRECTION('',(-1.,0.,0.));
#3706=DIRECTION('',(0.,0.,1.));
#3707=DIRECTION('',(1.,0.,0.));
#3708=DIRECTION('',(0.,0.,-1.));
#3709=DIRECTION('',(-1.,0.,0.));
#3710=DIRECTION('',(0.,0.,1.));
#3711=DIRECTION('',(1.,0.,0.));
#3712=DIRECTION('',(0.,0.,-1.));
#3713=DIRECTION('',(0.,-1.,0.));
#3714=DIRECTION('',(0.,2.13425624505021E-16,-1.));
#3715=DIRECTION('',(0.,1.,0.));
#3716=DIRECTION('',(0.,0.,1.));
#3717=DIRECTION('',(1.,0.,0.));
#3718=DIRECTION('',(0.,0.,-1.));
#3719=DIRECTION('',(0.,1.,0.));
#3720=DIRECTION('',(0.,0.,-1.));
#3721=DIRECTION('',(0.,-1.,0.));
#3722=DIRECTION('',(0.,0.,1.));
#3723=DIRECTION('',(0.,0.,1.));
#3724=DIRECTION('',(1.,0.,0.));
#3725=DIRECTION('',(-1.,0.,0.));
#3726=DIRECTION('',(-1.,0.,0.));
#3727=DIRECTION('',(0.,-1.,0.));
#3728=DIRECTION('',(0.,0.,-1.));
#3729=DIRECTION('',(-1.,0.,0.));
#3730=DIRECTION('',(0.,0.,-1.));
#3731=DIRECTION('',(-1.,0.,0.));
#3732=DIRECTION('',(-1.,0.,0.));
#3733=DIRECTION('',(0.,1.,0.));
#3734=DIRECTION('',(0.,0.,1.));
#3735=DIRECTION('',(0.,0.,-1.));
#3736=DIRECTION('',(0.,0.,-1.));
#3737=DIRECTION('',(0.,0.,-1.));
#3738=DIRECTION('',(0.,0.,-1.));
#3739=DIRECTION('',(0.,0.,-1.));
#3740=DIRECTION('',(0.,0.,-1.));
#3741=DIRECTION('',(0.,0.,-1.));
#3742=DIRECTION('',(0.,0.,-1.));
#3743=DIRECTION('',(0.,0.,-1.));
#3744=DIRECTION('',(0.,0.,-1.));
#3745=DIRECTION('',(0.,0.,-1.));
#3746=DIRECTION('',(0.,0.,-1.));
#3747=DIRECTION('',(0.,0.,-1.));
#3748=DIRECTION('',(0.,0.,-1.));
#3749=DIRECTION('',(0.,0.,-1.));
#3750=DIRECTION('',(0.,0.,-1.));
#3751=DIRECTION('',(-1.,0.,0.));
#3752=DIRECTION('',(0.,0.,1.));
#3753=DIRECTION('',(-1.,0.,0.));
#3754=DIRECTION('',(0.,0.,1.));
#3755=DIRECTION('',(1.,0.,0.));
#3756=DIRECTION('',(0.,0.,-1.));
#3757=DIRECTION('',(1.,0.,0.));
#3758=DIRECTION('',(0.,0.,-1.));
#3759=DIRECTION('',(-1.,0.,0.));
#3760=DIRECTION('',(0.,0.,1.));
#3761=DIRECTION('',(1.,0.,0.));
#3762=DIRECTION('',(0.,0.,-1.));
#3763=DIRECTION('',(-1.,0.,0.));
#3764=DIRECTION('',(0.,0.,1.));
#3765=DIRECTION('',(1.,0.,0.));
#3766=DIRECTION('',(0.,0.,-1.));
#3767=DIRECTION('',(-1.,0.,0.));
#3768=DIRECTION('',(0.,0.,1.));
#3769=DIRECTION('',(1.,0.,0.));
#3770=DIRECTION('',(0.,0.,-1.));
#3771=DIRECTION('',(1.,0.,0.));
#3772=DIRECTION('',(0.,0.,-1.));
#3773=DIRECTION('',(-1.,0.,0.));
#3774=DIRECTION('',(0.,0.,1.));
#3775=DIRECTION('',(1.,0.,0.));
#3776=DIRECTION('',(0.,0.,-1.));
#3777=DIRECTION('',(-1.,0.,0.));
#3778=DIRECTION('',(0.,0.,1.));
#3779=DIRECTION('',(-1.,0.,0.));
#3780=DIRECTION('',(0.,0.,1.));
#3781=DIRECTION('',(1.,0.,0.));
#3782=DIRECTION('',(0.,0.,-1.));
#3783=DIRECTION('',(0.,0.,1.));
#3784=DIRECTION('',(1.,0.,0.));
#3785=CARTESIAN_POINT('',(0.,0.,0.));
#3786=CARTESIAN_POINT('',(0.,0.,0.));
#3787=CARTESIAN_POINT('',(0.1375,0.,0.));
#3788=CARTESIAN_POINT('',(0.1375,0.,0.025));
#3789=CARTESIAN_POINT('',(0.1375,0.,-0.025));
#3790=CARTESIAN_POINT('',(0.1075,0.,0.025));
#3791=CARTESIAN_POINT('',(0.1075,0.,0.025));
#3792=CARTESIAN_POINT('',(0.1075,0.,0.06));
#3793=CARTESIAN_POINT('',(0.1075,0.,0.06));
#3794=CARTESIAN_POINT('',(-0.1625,0.,0.06));
#3795=CARTESIAN_POINT('',(0.1,0.,0.06));
#3796=CARTESIAN_POINT('',(0.1,0.,0.));
#3797=CARTESIAN_POINT('',(0.1,0.,-0.06));
#3798=CARTESIAN_POINT('',(0.1625,0.,-0.06));
#3799=CARTESIAN_POINT('',(0.1075,0.,-0.06));
#3800=CARTESIAN_POINT('',(0.1075,0.,-0.025));
#3801=CARTESIAN_POINT('',(0.1075,0.,-0.025));
#3802=CARTESIAN_POINT('',(0.1425,0.,-0.025));
#3803=CARTESIAN_POINT('',(0.,0.,0.));
#3804=CARTESIAN_POINT('',(0.1375,0.,0.));
#3805=CARTESIAN_POINT('',(0.1625,0.,1.70740499604016E-17));
#3806=CARTESIAN_POINT('',(0.1425,0.,-0.025));
#3807=CARTESIAN_POINT('',(0.1425,0.,-0.025));
#3808=CARTESIAN_POINT('',(0.1425,0.,-0.00499999999999996));
#3809=CARTESIAN_POINT('',(0.1625,0.,-0.00499999999999998));
#3810=CARTESIAN_POINT('',(0.1625,0.,0.06));
#3811=CARTESIAN_POINT('',(0.,0.,0.));
#3812=CARTESIAN_POINT('',(-0.1375,0.,0.));
#3813=CARTESIAN_POINT('',(-0.1375,0.,0.025));
#3814=CARTESIAN_POINT('',(-0.1625,0.,-1.70740499604016E-17));
#3815=CARTESIAN_POINT('',(-0.1425,0.,0.025));
#3816=CARTESIAN_POINT('',(-0.1425,0.,0.025));
#3817=CARTESIAN_POINT('',(-0.1425,0.,0.00499999999999996));
#3818=CARTESIAN_POINT('',(-0.1625,0.,0.00499999999999996));
#3819=CARTESIAN_POINT('',(-0.1625,0.,-0.06));
#3820=CARTESIAN_POINT('',(0.,0.,0.));
#3821=CARTESIAN_POINT('',(-0.1375,0.,0.));
#3822=CARTESIAN_POINT('',(-0.1375,0.,-0.025));
#3823=CARTESIAN_POINT('',(-0.1625,0.,-0.06));
#3824=CARTESIAN_POINT('',(-0.1625,0.,-0.00500000000000001));
#3825=CARTESIAN_POINT('',(-0.1425,0.,-0.00499999999999999));
#3826=CARTESIAN_POINT('',(-0.1425,0.,-0.025));
#3827=CARTESIAN_POINT('',(-0.1075,0.,-0.025));
#3828=CARTESIAN_POINT('',(0.1625,0.18,-0.06));
#3829=CARTESIAN_POINT('',(-0.1,0.18,-0.06));
#3830=CARTESIAN_POINT('',(-0.1,2.13425624505021E-18,-0.0599999999999999));
#3831=CARTESIAN_POINT('',(-0.1,0.015,-0.0599999999999999));
#3832=CARTESIAN_POINT('',(0.1625,0.,-0.06));
#3833=CARTESIAN_POINT('',(-0.1075,0.,-0.06));
#3834=CARTESIAN_POINT('',(-0.1075,0.,-0.06));
#3835=CARTESIAN_POINT('',(-0.1075,0.18,-0.06));
#3836=CARTESIAN_POINT('',(0.1625,0.18,-0.06));
#3837=CARTESIAN_POINT('',(-0.0875,0.18,-0.06));
#3838=CARTESIAN_POINT('',(-0.0875,0.18,-0.06));
#3839=CARTESIAN_POINT('',(-0.0875,0.115,-0.06));
#3840=CARTESIAN_POINT('',(-0.0275,0.115,-0.06));
#3841=CARTESIAN_POINT('',(-0.0275,0.115,-0.06));
#3842=CARTESIAN_POINT('',(-0.0275,0.18,-0.06));
#3843=CARTESIAN_POINT('',(-0.0275,0.18,-0.06));
#3844=CARTESIAN_POINT('',(0.1625,0.18,-0.06));
#3845=CARTESIAN_POINT('',(0.1075,0.18,-0.06));
#3846=CARTESIAN_POINT('',(0.1075,0.,-0.06));
#3847=CARTESIAN_POINT('',(0.1,0.18,-0.06));
#3848=CARTESIAN_POINT('',(0.1,0.015,-0.0599999999999999));
#3849=CARTESIAN_POINT('',(0.1625,0.015,-0.06));
#3850=CARTESIAN_POINT('',(-0.1625,0.18,0.06));
#3851=CARTESIAN_POINT('',(-0.1,0.18,0.06));
#3852=CARTESIAN_POINT('',(-0.1,0.015,0.06));
#3853=CARTESIAN_POINT('',(-0.1,2.13425624505021E-18,0.06));
#3854=CARTESIAN_POINT('',(-0.1625,0.015,0.06));
#3855=CARTESIAN_POINT('',(0.1,0.015,0.06));
#3856=CARTESIAN_POINT('',(0.1,0.18,0.06));
#3857=CARTESIAN_POINT('',(0.1075,0.,0.06));
#3858=CARTESIAN_POINT('',(0.1075,0.18,0.06));
#3859=CARTESIAN_POINT('',(-0.1625,0.18,0.06));
#3860=CARTESIAN_POINT('',(-0.1075,0.18,0.06));
#3861=CARTESIAN_POINT('',(-0.1075,0.,0.06));
#3862=CARTESIAN_POINT('',(-0.1075,0.,0.06));
#3863=CARTESIAN_POINT('',(-0.1625,0.,0.06));
#3864=CARTESIAN_POINT('',(0.,0.,0.));
#3865=CARTESIAN_POINT('',(-0.1375,0.,0.));
#3866=CARTESIAN_POINT('',(-0.1075,0.,-0.025));
#3867=CARTESIAN_POINT('',(-0.1075,0.,-0.025));
#3868=CARTESIAN_POINT('',(-0.1075,0.,-0.06));
#3869=CARTESIAN_POINT('',(-0.1,0.,0.));
#3870=CARTESIAN_POINT('',(-0.1075,0.,0.025));
#3871=CARTESIAN_POINT('',(-0.1075,0.,0.025));
#3872=CARTESIAN_POINT('',(-0.1425,0.,0.025));
#3873=CARTESIAN_POINT('',(0.,0.,0.));
#3874=CARTESIAN_POINT('',(0.1375,0.,0.));
#3875=CARTESIAN_POINT('',(0.1625,0.,0.06));
#3876=CARTESIAN_POINT('',(0.1625,0.,0.005));
#3877=CARTESIAN_POINT('',(0.1425,0.,0.00500000000000006));
#3878=CARTESIAN_POINT('',(0.1425,0.,0.025));
#3879=CARTESIAN_POINT('',(0.1075,0.,0.025));
#3880=CARTESIAN_POINT('',(-0.1625,0.18,-0.06));
#3881=CARTESIAN_POINT('',(-0.1625,0.109,0.12));
#3882=CARTESIAN_POINT('',(-0.1625,0.109,0.00499999999999996));
#3883=CARTESIAN_POINT('',(-0.1625,0.109,-0.00499999999999999));
#3884=CARTESIAN_POINT('',(-0.1625,0.,-0.00500000000000001));
#3885=CARTESIAN_POINT('',(-0.1625,0.,0.005));
#3886=CARTESIAN_POINT('',(0.1625,0.18,0.06));
#3887=CARTESIAN_POINT('',(0.1625,0.109,0.12));
#3888=CARTESIAN_POINT('',(0.1625,0.109,0.00500000000000008));
#3889=CARTESIAN_POINT('',(0.1625,0.109,-0.00499999999999993));
#3890=CARTESIAN_POINT('',(0.1625,0.,0.005));
#3891=CARTESIAN_POINT('',(0.1625,0.,-0.005));
#3892=CARTESIAN_POINT('',(0.,0.18,0.));
#3893=CARTESIAN_POINT('',(0.035,0.18,0.015));
#3894=CARTESIAN_POINT('',(0.035,0.18,0.015));
#3895=CARTESIAN_POINT('',(0.015,0.18,0.015));
#3896=CARTESIAN_POINT('',(0.035,0.18,0.035));
#3897=CARTESIAN_POINT('',(0.035,0.18,0.035));
#3898=CARTESIAN_POINT('',(0.015,0.18,0.035));
#3899=CARTESIAN_POINT('',(0.015,0.18,0.035));
#3900=CARTESIAN_POINT('',(0.015,0.18,0.015));
#3901=CARTESIAN_POINT('',(0.085,0.18,0.015));
#3902=CARTESIAN_POINT('',(0.085,0.18,0.015));
#3903=CARTESIAN_POINT('',(0.065,0.18,0.015));
#3904=CARTESIAN_POINT('',(0.085,0.18,0.035));
#3905=CARTESIAN_POINT('',(0.085,0.18,0.035));
#3906=CARTESIAN_POINT('',(0.065,0.18,0.035));
#3907=CARTESIAN_POINT('',(0.065,0.18,0.035));
#3908=CARTESIAN_POINT('',(0.065,0.18,0.015));
#3909=CARTESIAN_POINT('',(-0.065,0.18,-0.035));
#3910=CARTESIAN_POINT('',(-0.065,0.18,-0.035));
#3911=CARTESIAN_POINT('',(-0.085,0.18,-0.035));
#3912=CARTESIAN_POINT('',(-0.065,0.18,-0.015));
#3913=CARTESIAN_POINT('',(-0.065,0.18,-0.015));
#3914=CARTESIAN_POINT('',(-0.085,0.18,-0.015));
#3915=CARTESIAN_POINT('',(-0.085,0.18,-0.015));
#3916=CARTESIAN_POINT('',(-0.085,0.18,-0.035));
#3917=CARTESIAN_POINT('',(-0.015,0.18,-0.035));
#3918=CARTESIAN_POINT('',(-0.015,0.18,-0.035));
#3919=CARTESIAN_POINT('',(-0.035,0.18,-0.035));
#3920=CARTESIAN_POINT('',(-0.015,0.18,-0.015));
#3921=CARTESIAN_POINT('',(-0.015,0.18,-0.015));
#3922=CARTESIAN_POINT('',(-0.035,0.18,-0.015));
#3923=CARTESIAN_POINT('',(-0.035,0.18,-0.015));
#3924=CARTESIAN_POINT('',(-0.035,0.18,-0.035));
#3925=CARTESIAN_POINT('',(0.035,0.18,-0.035));
#3926=CARTESIAN_POINT('',(0.035,0.18,-0.035));
#3927=CARTESIAN_POINT('',(0.015,0.18,-0.035));
#3928=CARTESIAN_POINT('',(0.035,0.18,-0.015));
#3929=CARTESIAN_POINT('',(0.035,0.18,-0.015));
#3930=CARTESIAN_POINT('',(0.015,0.18,-0.015));
#3931=CARTESIAN_POINT('',(0.015,0.18,-0.015));
#3932=CARTESIAN_POINT('',(0.015,0.18,-0.035));
#3933=CARTESIAN_POINT('',(0.085,0.18,-0.035));
#3934=CARTESIAN_POINT('',(0.085,0.18,-0.035));
#3935=CARTESIAN_POINT('',(0.065,0.18,-0.035));
#3936=CARTESIAN_POINT('',(0.085,0.18,-0.015));
#3937=CARTESIAN_POINT('',(0.085,0.18,-0.015));
#3938=CARTESIAN_POINT('',(0.065,0.18,-0.015));
#3939=CARTESIAN_POINT('',(0.065,0.18,-0.015));
#3940=CARTESIAN_POINT('',(0.065,0.18,-0.035));
#3941=CARTESIAN_POINT('',(-0.015,0.18,0.015));
#3942=CARTESIAN_POINT('',(-0.015,0.18,0.015));
#3943=CARTESIAN_POINT('',(-0.035,0.18,0.015));
#3944=CARTESIAN_POINT('',(-0.015,0.18,0.035));
#3945=CARTESIAN_POINT('',(-0.015,0.18,0.035));
#3946=CARTESIAN_POINT('',(-0.035,0.18,0.035));
#3947=CARTESIAN_POINT('',(-0.035,0.18,0.035));
#3948=CARTESIAN_POINT('',(-0.035,0.18,0.015));
#3949=CARTESIAN_POINT('',(-0.065,0.18,0.015));
#3950=CARTESIAN_POINT('',(-0.065,0.18,0.015));
#3951=CARTESIAN_POINT('',(-0.085,0.18,0.015));
#3952=CARTESIAN_POINT('',(-0.065,0.18,0.035));
#3953=CARTESIAN_POINT('',(-0.065,0.18,0.035));
#3954=CARTESIAN_POINT('',(-0.085,0.18,0.035));
#3955=CARTESIAN_POINT('',(-0.085,0.18,0.035));
#3956=CARTESIAN_POINT('',(-0.085,0.18,0.015));
#3957=CARTESIAN_POINT('',(-0.1075,0.18,-0.06));
#3958=CARTESIAN_POINT('',(0.1075,0.18,-0.025));
#3959=CARTESIAN_POINT('',(-0.0275,0.18,-0.085));
#3960=CARTESIAN_POINT('',(-0.0275,0.18,-0.085));
#3961=CARTESIAN_POINT('',(-0.0275,0.18,-0.085));
#3962=CARTESIAN_POINT('',(-0.0875,0.18,-0.085));
#3963=CARTESIAN_POINT('',(-0.0875,0.18,-0.085));
#3964=CARTESIAN_POINT('',(-0.1425,0.,0.00499999999999996));
#3965=CARTESIAN_POINT('',(-0.1425,0.,0.025));
#3966=CARTESIAN_POINT('',(-0.1425,0.109,0.025));
#3967=CARTESIAN_POINT('',(-0.1425,0.109,0.00499999999999996));
#3968=CARTESIAN_POINT('',(-0.1425,0.,0.025));
#3969=CARTESIAN_POINT('',(-0.1075,0.,0.025));
#3970=CARTESIAN_POINT('',(-0.1075,0.109,0.025));
#3971=CARTESIAN_POINT('',(-0.1425,0.109,0.025));
#3972=CARTESIAN_POINT('',(0.1075,0.,0.025));
#3973=CARTESIAN_POINT('',(0.1425,0.,0.025));
#3974=CARTESIAN_POINT('',(0.1425,0.109,0.025));
#3975=CARTESIAN_POINT('',(0.1075,0.109,0.025));
#3976=CARTESIAN_POINT('',(0.1075,0.109,0.025));
#3977=CARTESIAN_POINT('',(0.1075,0.,0.025));
#3978=CARTESIAN_POINT('',(0.1425,0.,0.00500000000000006));
#3979=CARTESIAN_POINT('',(0.1425,0.109,0.00500000000000006));
#3980=CARTESIAN_POINT('',(0.1425,0.,-0.00499999999999996));
#3981=CARTESIAN_POINT('',(0.1425,0.,-0.025));
#3982=CARTESIAN_POINT('',(0.1425,0.109,-0.025));
#3983=CARTESIAN_POINT('',(0.1425,0.109,-0.00499999999999996));
#3984=CARTESIAN_POINT('',(0.1425,0.,-0.025));
#3985=CARTESIAN_POINT('',(0.1075,0.,-0.025));
#3986=CARTESIAN_POINT('',(0.1075,0.109,-0.025));
#3987=CARTESIAN_POINT('',(0.1425,0.109,-0.025));
#3988=CARTESIAN_POINT('',(-0.1425,0.,-0.00499999999999999));
#3989=CARTESIAN_POINT('',(-0.1425,0.109,-0.00499999999999999));
#3990=CARTESIAN_POINT('',(-0.1425,0.109,-0.025));
#3991=CARTESIAN_POINT('',(-0.1425,0.,-0.025));
#3992=CARTESIAN_POINT('',(-0.1075,0.,-0.025));
#3993=CARTESIAN_POINT('',(-0.1075,0.109,-0.025));
#3994=CARTESIAN_POINT('',(-0.1075,0.109,-0.025));
#3995=CARTESIAN_POINT('',(-0.1075,0.,-0.025));
#3996=CARTESIAN_POINT('',(0.1075,0.,-0.025));
#3997=CARTESIAN_POINT('',(0.1075,0.109,0.12));
#3998=CARTESIAN_POINT('',(-0.1075,0.,-0.06));
#3999=CARTESIAN_POINT('',(-0.1075,0.109,0.12));
#4000=CARTESIAN_POINT('',(-0.0275,0.115,-0.06));
#4001=CARTESIAN_POINT('',(-0.0875,0.115,-0.06));
#4002=CARTESIAN_POINT('',(-0.0875,0.115,-0.085));
#4003=CARTESIAN_POINT('',(-0.0275,0.115,-0.085));
#4004=CARTESIAN_POINT('',(-0.0275,0.115,-0.085));
#4005=CARTESIAN_POINT('',(-0.0275,0.115,-0.06));
#4006=CARTESIAN_POINT('',(-0.0275,0.115,-0.085));
#4007=CARTESIAN_POINT('',(-0.0875,0.115,-0.085));
#4008=CARTESIAN_POINT('',(-0.0275,0.115,-0.085));
#4009=CARTESIAN_POINT('',(-0.0275,0.,0.));
#4010=CARTESIAN_POINT('',(-0.0875,0.,0.));
#4011=CARTESIAN_POINT('',(-0.1625,0.109,0.12));
#4012=CARTESIAN_POINT('',(0.1075,0.109,0.12));
#4013=CARTESIAN_POINT('',(0.1,0.015,0.12));
#4014=CARTESIAN_POINT('',(0.1,0.015,0.12));
#4015=CARTESIAN_POINT('',(-0.1,0.015,0.12));
#4016=CARTESIAN_POINT('',(-0.1,0.015,0.12));
#4017=CARTESIAN_POINT('',(0.1,0.,0.12));
#4018=CARTESIAN_POINT('',(-0.1375,-0.05,0.));
#4019=CARTESIAN_POINT('',(-0.1375,-0.025,0.));
#4020=CARTESIAN_POINT('',(-0.1375,-0.025,-0.025));
#4021=CARTESIAN_POINT('',(-0.1375,-0.025,0.));
#4022=CARTESIAN_POINT('',(0.1375,-0.05,0.));
#4023=CARTESIAN_POINT('',(0.1375,-0.025,0.));
#4024=CARTESIAN_POINT('',(0.1375,-0.025,-0.025));
#4025=CARTESIAN_POINT('',(0.1375,-0.025,0.));
#4026=CARTESIAN_POINT('',(-0.065,0.05,0.015));
#4027=CARTESIAN_POINT('',(-0.085,0.05,0.015));
#4028=CARTESIAN_POINT('',(-0.085,0.05,0.015));
#4029=CARTESIAN_POINT('',(-0.065,0.05,0.015));
#4030=CARTESIAN_POINT('',(-0.065,0.05,0.015));
#4031=CARTESIAN_POINT('',(-0.065,0.05,0.015));
#4032=CARTESIAN_POINT('',(-0.085,0.05,0.015));
#4033=CARTESIAN_POINT('',(-0.085,0.05,0.035));
#4034=CARTESIAN_POINT('',(-0.085,0.05,0.035));
#4035=CARTESIAN_POINT('',(-0.085,0.05,0.015));
#4036=CARTESIAN_POINT('',(-0.085,0.05,0.035));
#4037=CARTESIAN_POINT('',(-0.065,0.05,0.035));
#4038=CARTESIAN_POINT('',(-0.065,0.05,0.035));
#4039=CARTESIAN_POINT('',(-0.085,0.05,0.035));
#4040=CARTESIAN_POINT('',(-0.065,0.05,0.035));
#4041=CARTESIAN_POINT('',(-0.065,0.05,0.035));
#4042=CARTESIAN_POINT('',(0.,0.05,0.));
#4043=CARTESIAN_POINT('',(-0.015,0.05,0.015));
#4044=CARTESIAN_POINT('',(-0.035,0.05,0.015));
#4045=CARTESIAN_POINT('',(-0.035,0.05,0.015));
#4046=CARTESIAN_POINT('',(-0.015,0.05,0.015));
#4047=CARTESIAN_POINT('',(-0.015,0.05,0.015));
#4048=CARTESIAN_POINT('',(-0.015,0.05,0.015));
#4049=CARTESIAN_POINT('',(-0.035,0.05,0.015));
#4050=CARTESIAN_POINT('',(-0.035,0.05,0.035));
#4051=CARTESIAN_POINT('',(-0.035,0.05,0.035));
#4052=CARTESIAN_POINT('',(-0.035,0.05,0.015));
#4053=CARTESIAN_POINT('',(-0.035,0.05,0.035));
#4054=CARTESIAN_POINT('',(-0.015,0.05,0.035));
#4055=CARTESIAN_POINT('',(-0.015,0.05,0.035));
#4056=CARTESIAN_POINT('',(-0.035,0.05,0.035));
#4057=CARTESIAN_POINT('',(-0.015,0.05,0.035));
#4058=CARTESIAN_POINT('',(-0.015,0.05,0.035));
#4059=CARTESIAN_POINT('',(0.05,0.05,0.));
#4060=CARTESIAN_POINT('',(0.085,0.05,-0.035));
#4061=CARTESIAN_POINT('',(0.065,0.05,-0.035));
#4062=CARTESIAN_POINT('',(0.065,0.05,-0.035));
#4063=CARTESIAN_POINT('',(0.085,0.05,-0.035));
#4064=CARTESIAN_POINT('',(0.085,0.05,-0.035));
#4065=CARTESIAN_POINT('',(0.085,0.05,-0.035));
#4066=CARTESIAN_POINT('',(0.065,0.05,-0.035));
#4067=CARTESIAN_POINT('',(0.065,0.05,-0.015));
#4068=CARTESIAN_POINT('',(0.065,0.05,-0.015));
#4069=CARTESIAN_POINT('',(0.065,0.05,-0.035));
#4070=CARTESIAN_POINT('',(0.065,0.05,-0.015));
#4071=CARTESIAN_POINT('',(0.085,0.05,-0.015));
#4072=CARTESIAN_POINT('',(0.085,0.05,-0.015));
#4073=CARTESIAN_POINT('',(0.065,0.05,-0.015));
#4074=CARTESIAN_POINT('',(0.085,0.05,-0.015));
#4075=CARTESIAN_POINT('',(0.085,0.05,-0.015));
#4076=CARTESIAN_POINT('',(0.15,0.05,-0.05));
#4077=CARTESIAN_POINT('',(0.035,0.05,-0.035));
#4078=CARTESIAN_POINT('',(0.015,0.05,-0.035));
#4079=CARTESIAN_POINT('',(0.015,0.05,-0.035));
#4080=CARTESIAN_POINT('',(0.035,0.05,-0.035));
#4081=CARTESIAN_POINT('',(0.035,0.05,-0.035));
#4082=CARTESIAN_POINT('',(0.035,0.05,-0.035));
#4083=CARTESIAN_POINT('',(0.015,0.05,-0.035));
#4084=CARTESIAN_POINT('',(0.015,0.05,-0.015));
#4085=CARTESIAN_POINT('',(0.015,0.05,-0.015));
#4086=CARTESIAN_POINT('',(0.015,0.05,-0.035));
#4087=CARTESIAN_POINT('',(0.015,0.05,-0.015));
#4088=CARTESIAN_POINT('',(0.035,0.05,-0.015));
#4089=CARTESIAN_POINT('',(0.035,0.05,-0.015));
#4090=CARTESIAN_POINT('',(0.015,0.05,-0.015));
#4091=CARTESIAN_POINT('',(0.035,0.05,-0.015));
#4092=CARTESIAN_POINT('',(0.035,0.05,-0.015));
#4093=CARTESIAN_POINT('',(0.1,0.05,-0.05));
#4094=CARTESIAN_POINT('',(-0.015,0.05,-0.035));
#4095=CARTESIAN_POINT('',(-0.035,0.05,-0.035));
#4096=CARTESIAN_POINT('',(-0.035,0.05,-0.035));
#4097=CARTESIAN_POINT('',(-0.015,0.05,-0.035));
#4098=CARTESIAN_POINT('',(-0.015,0.05,-0.035));
#4099=CARTESIAN_POINT('',(-0.015,0.05,-0.035));
#4100=CARTESIAN_POINT('',(-0.035,0.05,-0.035));
#4101=CARTESIAN_POINT('',(-0.035,0.05,-0.015));
#4102=CARTESIAN_POINT('',(-0.035,0.05,-0.015));
#4103=CARTESIAN_POINT('',(-0.035,0.05,-0.035));
#4104=CARTESIAN_POINT('',(-0.035,0.05,-0.015));
#4105=CARTESIAN_POINT('',(-0.015,0.05,-0.015));
#4106=CARTESIAN_POINT('',(-0.015,0.05,-0.015));
#4107=CARTESIAN_POINT('',(-0.035,0.05,-0.015));
#4108=CARTESIAN_POINT('',(-0.015,0.05,-0.015));
#4109=CARTESIAN_POINT('',(-0.015,0.05,-0.015));
#4110=CARTESIAN_POINT('',(0.05,0.05,-0.05));
#4111=CARTESIAN_POINT('',(-0.065,0.05,-0.035));
#4112=CARTESIAN_POINT('',(-0.085,0.05,-0.035));
#4113=CARTESIAN_POINT('',(-0.085,0.05,-0.035));
#4114=CARTESIAN_POINT('',(-0.065,0.05,-0.035));
#4115=CARTESIAN_POINT('',(-0.065,0.05,-0.035));
#4116=CARTESIAN_POINT('',(-0.065,0.05,-0.035));
#4117=CARTESIAN_POINT('',(-0.085,0.05,-0.035));
#4118=CARTESIAN_POINT('',(-0.085,0.05,-0.015));
#4119=CARTESIAN_POINT('',(-0.085,0.05,-0.015));
#4120=CARTESIAN_POINT('',(-0.085,0.05,-0.035));
#4121=CARTESIAN_POINT('',(-0.085,0.05,-0.015));
#4122=CARTESIAN_POINT('',(-0.065,0.05,-0.015));
#4123=CARTESIAN_POINT('',(-0.065,0.05,-0.015));
#4124=CARTESIAN_POINT('',(-0.085,0.05,-0.015));
#4125=CARTESIAN_POINT('',(-0.065,0.05,-0.015));
#4126=CARTESIAN_POINT('',(-0.065,0.05,-0.015));
#4127=CARTESIAN_POINT('',(0.,0.05,-0.05));
#4128=CARTESIAN_POINT('',(0.085,0.05,0.015));
#4129=CARTESIAN_POINT('',(0.065,0.05,0.015));
#4130=CARTESIAN_POINT('',(0.065,0.05,0.015));
#4131=CARTESIAN_POINT('',(0.085,0.05,0.015));
#4132=CARTESIAN_POINT('',(0.085,0.05,0.015));
#4133=CARTESIAN_POINT('',(0.085,0.05,0.015));
#4134=CARTESIAN_POINT('',(0.065,0.05,0.015));
#4135=CARTESIAN_POINT('',(0.065,0.05,0.035));
#4136=CARTESIAN_POINT('',(0.065,0.05,0.035));
#4137=CARTESIAN_POINT('',(0.065,0.05,0.015));
#4138=CARTESIAN_POINT('',(0.065,0.05,0.035));
#4139=CARTESIAN_POINT('',(0.085,0.05,0.035));
#4140=CARTESIAN_POINT('',(0.085,0.05,0.035));
#4141=CARTESIAN_POINT('',(0.065,0.05,0.035));
#4142=CARTESIAN_POINT('',(0.085,0.05,0.035));
#4143=CARTESIAN_POINT('',(0.085,0.05,0.035));
#4144=CARTESIAN_POINT('',(0.15,0.05,0.));
#4145=CARTESIAN_POINT('',(0.035,0.05,0.015));
#4146=CARTESIAN_POINT('',(0.015,0.05,0.015));
#4147=CARTESIAN_POINT('',(0.015,0.05,0.015));
#4148=CARTESIAN_POINT('',(0.035,0.05,0.015));
#4149=CARTESIAN_POINT('',(0.035,0.05,0.015));
#4150=CARTESIAN_POINT('',(0.035,0.05,0.015));
#4151=CARTESIAN_POINT('',(0.015,0.05,0.015));
#4152=CARTESIAN_POINT('',(0.015,0.05,0.035));
#4153=CARTESIAN_POINT('',(0.015,0.05,0.035));
#4154=CARTESIAN_POINT('',(0.015,0.05,0.015));
#4155=CARTESIAN_POINT('',(0.015,0.05,0.035));
#4156=CARTESIAN_POINT('',(0.035,0.05,0.035));
#4157=CARTESIAN_POINT('',(0.035,0.05,0.035));
#4158=CARTESIAN_POINT('',(0.015,0.05,0.035));
#4159=CARTESIAN_POINT('',(0.035,0.05,0.035));
#4160=CARTESIAN_POINT('',(0.035,0.05,0.035));
#4161=CARTESIAN_POINT('',(0.1,0.05,0.));
#4162=CARTESIAN_POINT('',(0.,0.,0.));
#4163=CARTESIAN_POINT('',(0.1,-2.34187669256869E-17,0.02));
#4164=CARTESIAN_POINT('',(0.085,-2.34187669256869E-17,0.02));
#4165=CARTESIAN_POINT('',(0.085,-2.24096905730272E-17,0.02));
#4166=CARTESIAN_POINT('',(0.085,-2.34187669256869E-17,0.0805));
#4167=CARTESIAN_POINT('',(0.1,-2.24096905730272E-17,0.02));
#4168=CARTESIAN_POINT('',(0.065,-2.24096905730272E-17,0.02));
#4169=CARTESIAN_POINT('',(0.065,-2.34187669256869E-17,0.02));
#4170=CARTESIAN_POINT('',(0.065,-2.34187669256869E-17,0.0805));
#4171=CARTESIAN_POINT('',(0.1,-2.34187669256869E-17,0.0805));
#4172=CARTESIAN_POINT('',(0.1,-2.34187669256869E-17,0.02));
#4173=CARTESIAN_POINT('',(0.035,-2.34187669256869E-17,0.02));
#4174=CARTESIAN_POINT('',(0.035,-2.24096905730272E-17,0.02));
#4175=CARTESIAN_POINT('',(0.035,-2.34187669256869E-17,0.0805));
#4176=CARTESIAN_POINT('',(0.1,-2.24096905730272E-17,0.02));
#4177=CARTESIAN_POINT('',(0.015,-2.24096905730272E-17,0.02));
#4178=CARTESIAN_POINT('',(0.015,-2.34187669256869E-17,0.02));
#4179=CARTESIAN_POINT('',(0.015,-2.34187669256869E-17,0.0805));
#4180=CARTESIAN_POINT('',(0.1,-2.34187669256869E-17,0.0805));
#4181=CARTESIAN_POINT('',(0.1,-2.34187669256869E-17,0.02));
#4182=CARTESIAN_POINT('',(-0.015,-2.34187669256869E-17,0.02));
#4183=CARTESIAN_POINT('',(-0.015,-2.24096905730272E-17,0.02));
#4184=CARTESIAN_POINT('',(-0.015,-2.34187669256869E-17,0.0805));
#4185=CARTESIAN_POINT('',(0.1,-2.24096905730272E-17,0.02));
#4186=CARTESIAN_POINT('',(-0.035,-2.24096905730272E-17,0.02));
#4187=CARTESIAN_POINT('',(-0.035,-2.34187669256869E-17,0.02));
#4188=CARTESIAN_POINT('',(-0.035,-2.34187669256869E-17,0.0805));
#4189=CARTESIAN_POINT('',(0.1,-2.34187669256869E-17,0.0805));
#4190=CARTESIAN_POINT('',(0.1,-2.34187669256869E-17,0.02));
#4191=CARTESIAN_POINT('',(-0.065,-2.34187669256869E-17,0.02));
#4192=CARTESIAN_POINT('',(-0.065,-2.24096905730272E-17,0.02));
#4193=CARTESIAN_POINT('',(-0.065,-2.34187669256869E-17,0.0805));
#4194=CARTESIAN_POINT('',(0.1,-2.24096905730272E-17,0.02));
#4195=CARTESIAN_POINT('',(-0.085,-2.24096905730272E-17,0.02));
#4196=CARTESIAN_POINT('',(-0.085,-2.34187669256869E-17,0.02));
#4197=CARTESIAN_POINT('',(-0.085,-2.34187669256869E-17,0.0805));
#4198=CARTESIAN_POINT('',(0.1,-2.34187669256869E-17,0.0805));
#4199=CARTESIAN_POINT('',(0.1,-2.34187669256869E-17,0.0805));
#4200=CARTESIAN_POINT('',(0.085,-2.34187669256869E-17,0.0805));
#4201=CARTESIAN_POINT('',(0.085,-0.00500000000000002,0.0805));
#4202=CARTESIAN_POINT('',(0.065,-2.34187669256869E-17,0.0805));
#4203=CARTESIAN_POINT('',(0.065,-0.00500000000000002,0.0805));
#4204=CARTESIAN_POINT('',(0.1,-0.00500000000000002,0.0805));
#4205=CARTESIAN_POINT('',(0.1,-2.34187669256869E-17,0.0805));
#4206=CARTESIAN_POINT('',(0.035,-2.34187669256869E-17,0.0805));
#4207=CARTESIAN_POINT('',(0.035,-0.00500000000000002,0.0805));
#4208=CARTESIAN_POINT('',(0.015,-2.34187669256869E-17,0.0805));
#4209=CARTESIAN_POINT('',(0.015,-0.00500000000000002,0.0805));
#4210=CARTESIAN_POINT('',(0.1,-0.00500000000000002,0.0805));
#4211=CARTESIAN_POINT('',(0.1,-2.34187669256869E-17,0.0805));
#4212=CARTESIAN_POINT('',(-0.015,-2.34187669256869E-17,0.0805));
#4213=CARTESIAN_POINT('',(-0.015,-0.00500000000000002,0.0805));
#4214=CARTESIAN_POINT('',(-0.035,-2.34187669256869E-17,0.0805));
#4215=CARTESIAN_POINT('',(-0.035,-0.00500000000000002,0.0805));
#4216=CARTESIAN_POINT('',(0.1,-0.00500000000000002,0.0805));
#4217=CARTESIAN_POINT('',(0.1,-2.34187669256869E-17,0.0805));
#4218=CARTESIAN_POINT('',(-0.065,-2.34187669256869E-17,0.0805));
#4219=CARTESIAN_POINT('',(-0.065,-0.00500000000000002,0.0805));
#4220=CARTESIAN_POINT('',(-0.085,-2.34187669256869E-17,0.0805));
#4221=CARTESIAN_POINT('',(-0.085,-0.00500000000000002,0.0805));
#4222=CARTESIAN_POINT('',(0.1,-0.00500000000000002,0.0805));
#4223=CARTESIAN_POINT('',(0.1,-0.00500000000000002,0.0805));
#4224=CARTESIAN_POINT('',(0.085,-0.00500000000000002,0.0805));
#4225=CARTESIAN_POINT('',(0.085,-0.00500000000000002,0.02));
#4226=CARTESIAN_POINT('',(0.065,-0.00500000000000002,0.0805));
#4227=CARTESIAN_POINT('',(0.065,-0.00500000000000002,0.02));
#4228=CARTESIAN_POINT('',(0.1,-0.00500000000000002,0.02));
#4229=CARTESIAN_POINT('',(0.1,-0.00500000000000002,0.0805));
#4230=CARTESIAN_POINT('',(0.035,-0.00500000000000002,0.0805));
#4231=CARTESIAN_POINT('',(0.035,-0.00500000000000002,0.02));
#4232=CARTESIAN_POINT('',(0.015,-0.00500000000000002,0.0805));
#4233=CARTESIAN_POINT('',(0.015,-0.00500000000000002,0.02));
#4234=CARTESIAN_POINT('',(0.1,-0.00500000000000002,0.02));
#4235=CARTESIAN_POINT('',(0.1,-0.00500000000000002,0.0805));
#4236=CARTESIAN_POINT('',(-0.015,-0.00500000000000002,0.0805));
#4237=CARTESIAN_POINT('',(-0.015,-0.00500000000000002,0.02));
#4238=CARTESIAN_POINT('',(-0.035,-0.00500000000000002,0.0805));
#4239=CARTESIAN_POINT('',(-0.035,-0.00500000000000002,0.02));
#4240=CARTESIAN_POINT('',(0.1,-0.00500000000000002,0.02));
#4241=CARTESIAN_POINT('',(0.1,-0.00500000000000002,0.0805));
#4242=CARTESIAN_POINT('',(-0.065,-0.00500000000000002,0.0805));
#4243=CARTESIAN_POINT('',(-0.065,-0.00500000000000002,0.02));
#4244=CARTESIAN_POINT('',(-0.085,-0.00500000000000002,0.0805));
#4245=CARTESIAN_POINT('',(-0.085,-0.00500000000000002,0.02));
#4246=CARTESIAN_POINT('',(0.1,-0.00500000000000002,0.02));
#4247=CARTESIAN_POINT('',(0.1,0.00499999999999998,0.02));
#4248=CARTESIAN_POINT('',(0.085,0.00499999999999998,0.02));
#4249=CARTESIAN_POINT('',(0.085,0.00499999999999998,0.01));
#4250=CARTESIAN_POINT('',(0.065,0.00499999999999998,0.02));
#4251=CARTESIAN_POINT('',(0.065,0.00499999999999998,0.01));
#4252=CARTESIAN_POINT('',(0.1,0.00499999999999998,0.01));
#4253=CARTESIAN_POINT('',(0.1,0.00499999999999998,0.02));
#4254=CARTESIAN_POINT('',(0.035,0.00499999999999998,0.02));
#4255=CARTESIAN_POINT('',(0.035,0.00499999999999998,0.01));
#4256=CARTESIAN_POINT('',(0.015,0.00499999999999998,0.02));
#4257=CARTESIAN_POINT('',(0.015,0.00499999999999998,0.01));
#4258=CARTESIAN_POINT('',(0.1,0.00499999999999998,0.01));
#4259=CARTESIAN_POINT('',(0.1,0.00499999999999998,0.02));
#4260=CARTESIAN_POINT('',(-0.015,0.00499999999999998,0.02));
#4261=CARTESIAN_POINT('',(-0.015,0.00499999999999998,0.01));
#4262=CARTESIAN_POINT('',(-0.035,0.00499999999999998,0.02));
#4263=CARTESIAN_POINT('',(-0.035,0.00499999999999998,0.01));
#4264=CARTESIAN_POINT('',(0.1,0.00499999999999998,0.01));
#4265=CARTESIAN_POINT('',(0.1,0.00499999999999998,0.02));
#4266=CARTESIAN_POINT('',(-0.065,0.00499999999999998,0.02));
#4267=CARTESIAN_POINT('',(-0.065,0.00499999999999998,0.01));
#4268=CARTESIAN_POINT('',(-0.085,0.00499999999999998,0.02));
#4269=CARTESIAN_POINT('',(-0.085,0.00499999999999998,0.01));
#4270=CARTESIAN_POINT('',(0.1,0.00499999999999998,0.01));
#4271=CARTESIAN_POINT('',(0.1,0.00499999999999998,0.01));
#4272=CARTESIAN_POINT('',(0.085,0.00499999999999998,0.01));
#4273=CARTESIAN_POINT('',(0.085,0.03,0.01));
#4274=CARTESIAN_POINT('',(0.065,0.00499999999999998,0.01));
#4275=CARTESIAN_POINT('',(0.065,0.03,0.01));
#4276=CARTESIAN_POINT('',(0.1,0.03,0.01));
#4277=CARTESIAN_POINT('',(0.1,0.00499999999999998,0.01));
#4278=CARTESIAN_POINT('',(0.035,0.00499999999999998,0.01));
#4279=CARTESIAN_POINT('',(0.035,0.03,0.01));
#4280=CARTESIAN_POINT('',(0.015,0.00499999999999998,0.01));
#4281=CARTESIAN_POINT('',(0.015,0.03,0.01));
#4282=CARTESIAN_POINT('',(0.1,0.03,0.01));
#4283=CARTESIAN_POINT('',(0.1,0.00499999999999998,0.01));
#4284=CARTESIAN_POINT('',(-0.015,0.00499999999999998,0.01));
#4285=CARTESIAN_POINT('',(-0.015,0.03,0.01));
#4286=CARTESIAN_POINT('',(-0.035,0.00499999999999998,0.01));
#4287=CARTESIAN_POINT('',(-0.035,0.03,0.01));
#4288=CARTESIAN_POINT('',(0.1,0.03,0.01));
#4289=CARTESIAN_POINT('',(0.1,0.00499999999999998,0.01));
#4290=CARTESIAN_POINT('',(-0.065,0.00499999999999998,0.01));
#4291=CARTESIAN_POINT('',(-0.065,0.03,0.01));
#4292=CARTESIAN_POINT('',(-0.085,0.00499999999999998,0.01));
#4293=CARTESIAN_POINT('',(-0.085,0.03,0.01));
#4294=CARTESIAN_POINT('',(0.1,0.03,0.01));
#4295=CARTESIAN_POINT('',(0.1,0.03,-0.01));
#4296=CARTESIAN_POINT('',(0.085,0.03,-0.01));
#4297=CARTESIAN_POINT('',(0.085,0.03,-0.00999999999999994));
#4298=CARTESIAN_POINT('',(0.085,0.005,-0.01));
#4299=CARTESIAN_POINT('',(0.1,0.03,-0.01));
#4300=CARTESIAN_POINT('',(0.065,0.03,-0.00999999999999994));
#4301=CARTESIAN_POINT('',(0.065,0.03,-0.01));
#4302=CARTESIAN_POINT('',(0.065,0.00499999999999999,-0.01));
#4303=CARTESIAN_POINT('',(0.1,0.005,-0.01));
#4304=CARTESIAN_POINT('',(0.1,0.03,-0.01));
#4305=CARTESIAN_POINT('',(0.035,0.03,-0.01));
#4306=CARTESIAN_POINT('',(0.035,0.03,-0.00999999999999994));
#4307=CARTESIAN_POINT('',(0.035,0.005,-0.01));
#4308=CARTESIAN_POINT('',(0.1,0.03,-0.01));
#4309=CARTESIAN_POINT('',(0.015,0.03,-0.00999999999999994));
#4310=CARTESIAN_POINT('',(0.015,0.03,-0.01));
#4311=CARTESIAN_POINT('',(0.015,0.00499999999999999,-0.01));
#4312=CARTESIAN_POINT('',(0.1,0.005,-0.01));
#4313=CARTESIAN_POINT('',(0.1,0.03,-0.01));
#4314=CARTESIAN_POINT('',(-0.015,0.03,-0.01));
#4315=CARTESIAN_POINT('',(-0.015,0.03,-0.00999999999999994));
#4316=CARTESIAN_POINT('',(-0.015,0.005,-0.01));
#4317=CARTESIAN_POINT('',(0.1,0.03,-0.01));
#4318=CARTESIAN_POINT('',(-0.035,0.03,-0.00999999999999994));
#4319=CARTESIAN_POINT('',(-0.035,0.03,-0.01));
#4320=CARTESIAN_POINT('',(-0.035,0.00499999999999999,-0.01));
#4321=CARTESIAN_POINT('',(0.1,0.005,-0.01));
#4322=CARTESIAN_POINT('',(0.1,0.03,-0.01));
#4323=CARTESIAN_POINT('',(-0.065,0.03,-0.01));
#4324=CARTESIAN_POINT('',(-0.065,0.03,-0.00999999999999994));
#4325=CARTESIAN_POINT('',(-0.065,0.005,-0.01));
#4326=CARTESIAN_POINT('',(0.1,0.03,-0.01));
#4327=CARTESIAN_POINT('',(-0.085,0.03,-0.00999999999999994));
#4328=CARTESIAN_POINT('',(-0.085,0.03,-0.01));
#4329=CARTESIAN_POINT('',(-0.085,0.00499999999999999,-0.01));
#4330=CARTESIAN_POINT('',(0.1,0.005,-0.01));
#4331=CARTESIAN_POINT('',(0.1,0.00499999999999999,-0.02));
#4332=CARTESIAN_POINT('',(0.085,0.00499999999999999,-0.02));
#4333=CARTESIAN_POINT('',(0.085,-0.005,-0.02));
#4334=CARTESIAN_POINT('',(0.065,0.00499999999999999,-0.02));
#4335=CARTESIAN_POINT('',(0.065,-0.005,-0.02));
#4336=CARTESIAN_POINT('',(0.1,-0.005,-0.02));
#4337=CARTESIAN_POINT('',(0.1,0.00499999999999999,-0.02));
#4338=CARTESIAN_POINT('',(0.035,0.00499999999999999,-0.02));
#4339=CARTESIAN_POINT('',(0.035,-0.005,-0.02));
#4340=CARTESIAN_POINT('',(0.015,0.00499999999999999,-0.02));
#4341=CARTESIAN_POINT('',(0.015,-0.005,-0.02));
#4342=CARTESIAN_POINT('',(0.1,-0.005,-0.02));
#4343=CARTESIAN_POINT('',(0.1,0.00499999999999999,-0.02));
#4344=CARTESIAN_POINT('',(-0.015,0.00499999999999999,-0.02));
#4345=CARTESIAN_POINT('',(-0.015,-0.005,-0.02));
#4346=CARTESIAN_POINT('',(-0.035,0.00499999999999999,-0.02));
#4347=CARTESIAN_POINT('',(-0.035,-0.005,-0.02));
#4348=CARTESIAN_POINT('',(0.1,-0.005,-0.02));
#4349=CARTESIAN_POINT('',(0.1,0.00499999999999999,-0.02));
#4350=CARTESIAN_POINT('',(-0.065,0.00499999999999999,-0.02));
#4351=CARTESIAN_POINT('',(-0.065,-0.005,-0.02));
#4352=CARTESIAN_POINT('',(-0.085,0.00499999999999999,-0.02));
#4353=CARTESIAN_POINT('',(-0.085,-0.005,-0.02));
#4354=CARTESIAN_POINT('',(0.1,-0.005,-0.02));
#4355=CARTESIAN_POINT('',(0.1,-0.005,-0.02));
#4356=CARTESIAN_POINT('',(0.085,-0.005,-0.02));
#4357=CARTESIAN_POINT('',(0.085,-0.005,-0.0805));
#4358=CARTESIAN_POINT('',(0.065,-0.005,-0.02));
#4359=CARTESIAN_POINT('',(0.065,-0.005,-0.0805));
#4360=CARTESIAN_POINT('',(0.1,-0.005,-0.0805));
#4361=CARTESIAN_POINT('',(0.1,-0.005,-0.02));
#4362=CARTESIAN_POINT('',(0.035,-0.005,-0.02));
#4363=CARTESIAN_POINT('',(0.035,-0.005,-0.0805));
#4364=CARTESIAN_POINT('',(0.015,-0.005,-0.02));
#4365=CARTESIAN_POINT('',(0.015,-0.005,-0.0805));
#4366=CARTESIAN_POINT('',(0.1,-0.005,-0.0805));
#4367=CARTESIAN_POINT('',(0.1,-0.005,-0.02));
#4368=CARTESIAN_POINT('',(-0.015,-0.005,-0.02));
#4369=CARTESIAN_POINT('',(-0.015,-0.005,-0.0805));
#4370=CARTESIAN_POINT('',(-0.035,-0.005,-0.02));
#4371=CARTESIAN_POINT('',(-0.035,-0.005,-0.0805));
#4372=CARTESIAN_POINT('',(0.1,-0.005,-0.0805));
#4373=CARTESIAN_POINT('',(0.1,-0.005,-0.02));
#4374=CARTESIAN_POINT('',(-0.065,-0.005,-0.02));
#4375=CARTESIAN_POINT('',(-0.065,-0.005,-0.0805));
#4376=CARTESIAN_POINT('',(-0.085,-0.005,-0.02));
#4377=CARTESIAN_POINT('',(-0.085,-0.005,-0.0805));
#4378=CARTESIAN_POINT('',(0.1,-0.005,-0.0805));
#4379=CARTESIAN_POINT('',(0.1,-0.005,-0.0805));
#4380=CARTESIAN_POINT('',(0.085,-0.005,-0.0805));
#4381=CARTESIAN_POINT('',(0.085,-4.33680868994202E-18,-0.0805));
#4382=CARTESIAN_POINT('',(0.065,-0.005,-0.0805));
#4383=CARTESIAN_POINT('',(0.065,-4.33680868994202E-18,-0.0805));
#4384=CARTESIAN_POINT('',(0.1,-4.26851249010041E-18,-0.0805));
#4385=CARTESIAN_POINT('',(0.1,-0.005,-0.0805));
#4386=CARTESIAN_POINT('',(0.035,-0.005,-0.0805));
#4387=CARTESIAN_POINT('',(0.035,-4.33680868994202E-18,-0.0805));
#4388=CARTESIAN_POINT('',(0.015,-0.005,-0.0805));
#4389=CARTESIAN_POINT('',(0.015,-4.33680868994202E-18,-0.0805));
#4390=CARTESIAN_POINT('',(0.1,-4.26851249010041E-18,-0.0805));
#4391=CARTESIAN_POINT('',(0.1,-0.005,-0.0805));
#4392=CARTESIAN_POINT('',(-0.015,-0.005,-0.0805));
#4393=CARTESIAN_POINT('',(-0.015,-4.33680868994202E-18,-0.0805));
#4394=CARTESIAN_POINT('',(-0.035,-0.005,-0.0805));
#4395=CARTESIAN_POINT('',(-0.035,-4.33680868994202E-18,-0.0805));
#4396=CARTESIAN_POINT('',(0.1,-4.26851249010041E-18,-0.0805));
#4397=CARTESIAN_POINT('',(0.1,-0.005,-0.0805));
#4398=CARTESIAN_POINT('',(-0.065,-0.005,-0.0805));
#4399=CARTESIAN_POINT('',(-0.065,-4.33680868994202E-18,-0.0805));
#4400=CARTESIAN_POINT('',(-0.085,-0.005,-0.0805));
#4401=CARTESIAN_POINT('',(-0.085,-4.33680868994202E-18,-0.0805));
#4402=CARTESIAN_POINT('',(0.1,-4.26851249010041E-18,-0.0805));
#4403=CARTESIAN_POINT('',(0.1,-4.33680868994202E-18,-0.0805));
#4404=CARTESIAN_POINT('',(0.085,-4.33680868994202E-18,-0.0805));
#4405=CARTESIAN_POINT('',(0.085,-4.26851249010041E-18,-0.02));
#4406=CARTESIAN_POINT('',(0.065,-4.33680868994202E-18,-0.0805));
#4407=CARTESIAN_POINT('',(0.065,-4.26851249010041E-18,-0.02));
#4408=CARTESIAN_POINT('',(0.1,-4.33680868994202E-18,-0.02));
#4409=CARTESIAN_POINT('',(0.1,-4.33680868994202E-18,-0.0805));
#4410=CARTESIAN_POINT('',(0.035,-4.33680868994202E-18,-0.0805));
#4411=CARTESIAN_POINT('',(0.035,-4.26851249010041E-18,-0.02));
#4412=CARTESIAN_POINT('',(0.015,-4.33680868994202E-18,-0.0805));
#4413=CARTESIAN_POINT('',(0.015,-4.26851249010041E-18,-0.02));
#4414=CARTESIAN_POINT('',(0.1,-4.33680868994202E-18,-0.02));
#4415=CARTESIAN_POINT('',(0.1,-4.33680868994202E-18,-0.0805));
#4416=CARTESIAN_POINT('',(-0.015,-4.33680868994202E-18,-0.0805));
#4417=CARTESIAN_POINT('',(-0.015,-4.26851249010041E-18,-0.02));
#4418=CARTESIAN_POINT('',(-0.035,-4.33680868994202E-18,-0.0805));
#4419=CARTESIAN_POINT('',(-0.035,-4.26851249010041E-18,-0.02));
#4420=CARTESIAN_POINT('',(0.1,-4.33680868994202E-18,-0.02));
#4421=CARTESIAN_POINT('',(0.1,-4.33680868994202E-18,-0.0805));
#4422=CARTESIAN_POINT('',(-0.065,-4.33680868994202E-18,-0.0805));
#4423=CARTESIAN_POINT('',(-0.065,-4.26851249010041E-18,-0.02));
#4424=CARTESIAN_POINT('',(-0.085,-4.33680868994202E-18,-0.0805));
#4425=CARTESIAN_POINT('',(-0.085,-4.26851249010041E-18,-0.02));
#4426=CARTESIAN_POINT('',(0.1,-4.33680868994202E-18,-0.02));
#4427=CARTESIAN_POINT('',(0.1,0.005,-0.02));
#4428=CARTESIAN_POINT('',(0.1,0.00499999999999999,-0.015));
#4429=CARTESIAN_POINT('',(0.085,0.00499999999999999,-0.015));
#4430=CARTESIAN_POINT('',(0.065,0.00499999999999999,-0.015));
#4431=CARTESIAN_POINT('',(0.085,0.005,-0.02));
#4432=CARTESIAN_POINT('',(0.065,0.005,-0.02));
#4433=CARTESIAN_POINT('',(0.1,0.005,-0.02));
#4434=CARTESIAN_POINT('',(0.1,0.00499999999999999,-0.015));
#4435=CARTESIAN_POINT('',(0.035,0.00499999999999999,-0.015));
#4436=CARTESIAN_POINT('',(0.015,0.00499999999999999,-0.015));
#4437=CARTESIAN_POINT('',(0.035,0.005,-0.02));
#4438=CARTESIAN_POINT('',(0.015,0.005,-0.02));
#4439=CARTESIAN_POINT('',(0.1,0.005,-0.02));
#4440=CARTESIAN_POINT('',(0.1,0.00499999999999999,-0.015));
#4441=CARTESIAN_POINT('',(-0.015,0.00499999999999999,-0.015));
#4442=CARTESIAN_POINT('',(-0.035,0.00499999999999999,-0.015));
#4443=CARTESIAN_POINT('',(-0.015,0.005,-0.02));
#4444=CARTESIAN_POINT('',(-0.035,0.005,-0.02));
#4445=CARTESIAN_POINT('',(0.1,0.005,-0.02));
#4446=CARTESIAN_POINT('',(0.1,0.00499999999999999,-0.015));
#4447=CARTESIAN_POINT('',(-0.065,0.00499999999999999,-0.015));
#4448=CARTESIAN_POINT('',(-0.085,0.00499999999999999,-0.015));
#4449=CARTESIAN_POINT('',(-0.065,0.005,-0.02));
#4450=CARTESIAN_POINT('',(-0.085,0.005,-0.02));
#4451=CARTESIAN_POINT('',(0.1,0.00499999999999999,-0.015));
#4452=CARTESIAN_POINT('',(0.085,0.00499999999999999,-0.015));
#4453=CARTESIAN_POINT('',(0.085,0.03,-0.0149999999999999));
#4454=CARTESIAN_POINT('',(0.065,0.00499999999999999,-0.015));
#4455=CARTESIAN_POINT('',(0.065,0.03,-0.0149999999999999));
#4456=CARTESIAN_POINT('',(0.1,0.03,-0.015));
#4457=CARTESIAN_POINT('',(0.1,0.00499999999999999,-0.015));
#4458=CARTESIAN_POINT('',(0.035,0.00499999999999999,-0.015));
#4459=CARTESIAN_POINT('',(0.035,0.03,-0.0149999999999999));
#4460=CARTESIAN_POINT('',(0.015,0.00499999999999999,-0.015));
#4461=CARTESIAN_POINT('',(0.015,0.03,-0.0149999999999999));
#4462=CARTESIAN_POINT('',(0.1,0.03,-0.015));
#4463=CARTESIAN_POINT('',(0.1,0.00499999999999999,-0.015));
#4464=CARTESIAN_POINT('',(-0.015,0.00499999999999999,-0.015));
#4465=CARTESIAN_POINT('',(-0.015,0.03,-0.0149999999999999));
#4466=CARTESIAN_POINT('',(-0.035,0.00499999999999999,-0.015));
#4467=CARTESIAN_POINT('',(-0.035,0.03,-0.0149999999999999));
#4468=CARTESIAN_POINT('',(0.1,0.03,-0.015));
#4469=CARTESIAN_POINT('',(0.1,0.00499999999999999,-0.015));
#4470=CARTESIAN_POINT('',(-0.065,0.00499999999999999,-0.015));
#4471=CARTESIAN_POINT('',(-0.065,0.03,-0.0149999999999999));
#4472=CARTESIAN_POINT('',(-0.085,0.00499999999999999,-0.015));
#4473=CARTESIAN_POINT('',(-0.085,0.03,-0.0149999999999999));
#4474=CARTESIAN_POINT('',(0.1,0.03,-0.015));
#4475=CARTESIAN_POINT('',(0.1,0.03,0.015));
#4476=CARTESIAN_POINT('',(0.085,0.03,0.015));
#4477=CARTESIAN_POINT('',(0.085,0.03,0.015));
#4478=CARTESIAN_POINT('',(0.085,0.00499999999999997,0.015));
#4479=CARTESIAN_POINT('',(0.1,0.03,0.015));
#4480=CARTESIAN_POINT('',(0.065,0.03,0.015));
#4481=CARTESIAN_POINT('',(0.065,0.03,0.015));
#4482=CARTESIAN_POINT('',(0.065,0.00499999999999999,0.015));
#4483=CARTESIAN_POINT('',(0.1,0.00499999999999999,0.015));
#4484=CARTESIAN_POINT('',(0.1,0.03,0.015));
#4485=CARTESIAN_POINT('',(0.035,0.03,0.015));
#4486=CARTESIAN_POINT('',(0.035,0.03,0.015));
#4487=CARTESIAN_POINT('',(0.035,0.00499999999999999,0.015));
#4488=CARTESIAN_POINT('',(0.1,0.03,0.015));
#4489=CARTESIAN_POINT('',(0.015,0.03,0.015));
#4490=CARTESIAN_POINT('',(0.015,0.03,0.015));
#4491=CARTESIAN_POINT('',(0.015,0.00499999999999999,0.015));
#4492=CARTESIAN_POINT('',(0.1,0.00499999999999999,0.015));
#4493=CARTESIAN_POINT('',(0.1,0.03,0.015));
#4494=CARTESIAN_POINT('',(-0.015,0.03,0.015));
#4495=CARTESIAN_POINT('',(-0.015,0.03,0.015));
#4496=CARTESIAN_POINT('',(-0.015,0.00499999999999999,0.015));
#4497=CARTESIAN_POINT('',(0.1,0.03,0.015));
#4498=CARTESIAN_POINT('',(-0.035,0.03,0.015));
#4499=CARTESIAN_POINT('',(-0.035,0.03,0.015));
#4500=CARTESIAN_POINT('',(-0.035,0.00499999999999999,0.015));
#4501=CARTESIAN_POINT('',(0.1,0.00499999999999999,0.015));
#4502=CARTESIAN_POINT('',(0.1,0.03,0.015));
#4503=CARTESIAN_POINT('',(-0.065,0.03,0.015));
#4504=CARTESIAN_POINT('',(-0.065,0.03,0.015));
#4505=CARTESIAN_POINT('',(-0.065,0.00499999999999999,0.015));
#4506=CARTESIAN_POINT('',(0.1,0.03,0.015));
#4507=CARTESIAN_POINT('',(-0.085,0.03,0.015));
#4508=CARTESIAN_POINT('',(-0.085,0.03,0.015));
#4509=CARTESIAN_POINT('',(-0.085,0.00499999999999999,0.015));
#4510=CARTESIAN_POINT('',(0.1,0.00499999999999999,0.015));
#4511=CARTESIAN_POINT('',(0.1,0.00499999999999997,0.02));
#4512=CARTESIAN_POINT('',(0.085,0.00499999999999997,0.02));
#4513=CARTESIAN_POINT('',(0.065,0.00499999999999997,0.02));
#4514=CARTESIAN_POINT('',(0.1,0.00499999999999997,0.02));
#4515=CARTESIAN_POINT('',(0.035,0.00499999999999997,0.02));
#4516=CARTESIAN_POINT('',(0.015,0.00499999999999997,0.02));
#4517=CARTESIAN_POINT('',(0.1,0.00499999999999997,0.02));
#4518=CARTESIAN_POINT('',(-0.015,0.00499999999999997,0.02));
#4519=CARTESIAN_POINT('',(-0.035,0.00499999999999997,0.02));
#4520=CARTESIAN_POINT('',(0.1,0.00499999999999997,0.02));
#4521=CARTESIAN_POINT('',(-0.065,0.00499999999999997,0.02));
#4522=CARTESIAN_POINT('',(-0.085,0.00499999999999997,0.02));
#4523=CARTESIAN_POINT('',(0.1,0.00499999999999998,0.02));
#4524=CARTESIAN_POINT('',(0.1,0.0415,0.0225));
#4525=CARTESIAN_POINT('',(0.1,0.0415,0.0225));
#4526=CARTESIAN_POINT('',(0.1,0.03,0.0225));
#4527=CARTESIAN_POINT('',(0.1,0.03,0.01));
#4528=CARTESIAN_POINT('',(0.1,0.03,-0.0225));
#4529=CARTESIAN_POINT('',(0.1,0.03,-0.0225));
#4530=CARTESIAN_POINT('',(0.1,0.0415,-0.0225));
#4531=CARTESIAN_POINT('',(0.1,0.0415,-0.0225));
#4532=CARTESIAN_POINT('',(-0.1,0.00499999999999998,0.02));
#4533=CARTESIAN_POINT('',(-0.1,0.03,-0.0225));
#4534=CARTESIAN_POINT('',(-0.1,0.03,-0.0225));
#4535=CARTESIAN_POINT('',(-0.1,0.0415,-0.0225));
#4536=CARTESIAN_POINT('',(-0.1,0.03,0.0225));
#4537=CARTESIAN_POINT('',(-0.1,0.03,0.0225));
#4538=CARTESIAN_POINT('',(-0.1,0.0415,0.0225));
#4539=CARTESIAN_POINT('',(-0.1,0.0415,0.0225));
#4540=CARTESIAN_POINT('',(-0.1,0.0415,-0.0225));
#4541=CARTESIAN_POINT('',(0.1,0.03,-0.0225));
#4542=CARTESIAN_POINT('',(0.1,0.0415,-0.0225));
#4543=CARTESIAN_POINT('',(0.1,0.03,-0.0225));
#4544=CARTESIAN_POINT('',(0.1,0.0415,-0.0225));
#4545=CARTESIAN_POINT('',(0.1,0.0415,0.0225));
#4546=CARTESIAN_POINT('',(0.1,0.0415,0.0225));
#4547=CARTESIAN_POINT('',(0.1,0.03,0.0225));
#4548=CARTESIAN_POINT('',(0.1,0.03,0.0225));
#4549=CARTESIAN_POINT('',(0.085,0.03,0.15));
#4550=CARTESIAN_POINT('',(0.065,0.03,0.15));
#4551=CARTESIAN_POINT('',(0.015,0.03,0.15));
#4552=CARTESIAN_POINT('',(0.035,0.03,0.15));
#4553=CARTESIAN_POINT('',(-0.035,0.03,0.15));
#4554=CARTESIAN_POINT('',(-0.015,0.03,0.15));
#4555=CARTESIAN_POINT('',(-0.065,0.03,0.15));
#4556=CARTESIAN_POINT('',(-0.085,0.03,0.15));
#4557=CARTESIAN_POINT('',(0.085,0.03,0.15));
#4558=CARTESIAN_POINT('',(0.065,0.03,0.15));
#4559=CARTESIAN_POINT('',(0.035,0.03,0.15));
#4560=CARTESIAN_POINT('',(0.015,0.03,0.15));
#4561=CARTESIAN_POINT('',(-0.015,0.03,0.15));
#4562=CARTESIAN_POINT('',(-0.035,0.03,0.15));
#4563=CARTESIAN_POINT('',(-0.065,0.03,0.15));
#4564=CARTESIAN_POINT('',(-0.085,0.03,0.15));
#4565=CARTESIAN_POINT('',(-0.085,-0.01,0.15));
#4566=CARTESIAN_POINT('',(-0.085,-0.01,0.15));
#4567=CARTESIAN_POINT('',(0.085,0.03,0.15));
#4568=CARTESIAN_POINT('',(0.085,0.03,0.15));
#4569=CARTESIAN_POINT('',(-0.035,-0.01,0.15));
#4570=CARTESIAN_POINT('',(-0.065,0.03,0.15));
#4571=CARTESIAN_POINT('',(0.015,-0.01,0.15));
#4572=CARTESIAN_POINT('',(-0.015,0.03,0.15));
#4573=CARTESIAN_POINT('',(0.065,-0.01,0.15));
#4574=CARTESIAN_POINT('',(0.035,0.03,0.15));
#4575=CARTESIAN_POINT('',(-0.065,0.03,0.15));
#4576=CARTESIAN_POINT('',(-0.035,-0.01,0.15));
#4577=CARTESIAN_POINT('',(-0.015,0.03,0.15));
#4578=CARTESIAN_POINT('',(0.015,-0.01,0.15));
#4579=CARTESIAN_POINT('',(0.065,-0.01,0.15));
#4580=CARTESIAN_POINT('',(0.035,0.03,0.15));
#4581=CARTESIAN_POINT('',(0.,0.,0.));
#4582=MECHANICAL_DESIGN_GEOMETRIC_PRESENTATION_REPRESENTATION('',(#2814,
#2815),#4583);
#4583=(
GEOMETRIC_REPRESENTATION_CONTEXT(3)
GLOBAL_UNCERTAINTY_ASSIGNED_CONTEXT((#4586))
GLOBAL_UNIT_ASSIGNED_CONTEXT((#4591,#4590,#4589))
REPRESENTATION_CONTEXT('SFM-104-02-S-D-A','TOP_LEVEL_ASSEMBLY_PART')
);
#4584=(
GEOMETRIC_REPRESENTATION_CONTEXT(3)
GLOBAL_UNCERTAINTY_ASSIGNED_CONTEXT((#4587))
GLOBAL_UNIT_ASSIGNED_CONTEXT((#4591,#4590,#4589))
REPRESENTATION_CONTEXT('SFM-104-02-L-D-A_terminal','COMPONENT_PART')
);
#4585=(
GEOMETRIC_REPRESENTATION_CONTEXT(3)
GLOBAL_UNCERTAINTY_ASSIGNED_CONTEXT((#4588))
GLOBAL_UNIT_ASSIGNED_CONTEXT((#4591,#4590,#4589))
REPRESENTATION_CONTEXT('C-04-02-D-S_pins','COMPONENT_PART')
);
#4586=UNCERTAINTY_MEASURE_WITH_UNIT(LENGTH_MEASURE(0.000196850393700787),
#4591,'DISTANCE_ACCURACY_VALUE','Maximum Tolerance applied to model');
#4587=UNCERTAINTY_MEASURE_WITH_UNIT(LENGTH_MEASURE(0.000196850393700787),
#4591,'DISTANCE_ACCURACY_VALUE','Maximum Tolerance applied to model');
#4588=UNCERTAINTY_MEASURE_WITH_UNIT(LENGTH_MEASURE(0.000196850393700787),
#4591,'DISTANCE_ACCURACY_VALUE','Maximum Tolerance applied to model');
#4589=(
NAMED_UNIT(*)
SI_UNIT($,.STERADIAN.)
SOLID_ANGLE_UNIT()
);
#4590=(
NAMED_UNIT(*)
PLANE_ANGLE_UNIT()
SI_UNIT($,.RADIAN.)
);
#4591=(
CONVERSION_BASED_UNIT('INCH',#4593)
LENGTH_UNIT()
NAMED_UNIT(#4592)
);
#4592=DIMENSIONAL_EXPONENTS(1.,0.,0.,0.,0.,0.,0.);
#4593=LENGTH_MEASURE_WITH_UNIT(LENGTH_MEASURE(25.4),#4594);
#4594=(
LENGTH_UNIT()
NAMED_UNIT(*)
SI_UNIT(.MILLI.,.METRE.)
);
#4595=PRODUCT_DEFINITION_SHAPE('','',#4600);
#4596=PRODUCT_DEFINITION_SHAPE('','',#4601);
#4597=PRODUCT_DEFINITION_SHAPE(' ','NAUO PRDDFN',#20);
#4598=PRODUCT_DEFINITION_SHAPE('','',#4602);
#4599=PRODUCT_DEFINITION_SHAPE(' ','NAUO PRDDFN',#21);
#4600=PRODUCT_DEFINITION('','',#4606,#4603);
#4601=PRODUCT_DEFINITION('','',#4607,#4604);
#4602=PRODUCT_DEFINITION('','',#4608,#4605);
#4603=PRODUCT_DEFINITION_CONTEXT('',#4622,'design');
#4604=PRODUCT_DEFINITION_CONTEXT('',#4622,'design');
#4605=PRODUCT_DEFINITION_CONTEXT('',#4622,'design');
#4606=PRODUCT_DEFINITION_FORMATION_WITH_SPECIFIED_SOURCE('','',#4612,
 .NOT_KNOWN.);
#4607=PRODUCT_DEFINITION_FORMATION_WITH_SPECIFIED_SOURCE('','',#4613,
 .NOT_KNOWN.);
#4608=PRODUCT_DEFINITION_FORMATION_WITH_SPECIFIED_SOURCE('','',#4614,
 .NOT_KNOWN.);
#4609=PRODUCT_RELATED_PRODUCT_CATEGORY('','',(#4612));
#4610=PRODUCT_RELATED_PRODUCT_CATEGORY('','',(#4613));
#4611=PRODUCT_RELATED_PRODUCT_CATEGORY('','',(#4614));
#4612=PRODUCT('SFM-104-02-S-D-A','SFM-104-02-S-D-A','SFM-104-02-S-D-A',
(#4618));
#4613=PRODUCT('SFM-104-02-L-D-A_terminal','SFM-104-02-L-D-A_terminal',
'SFM-104-02-L-D-A_terminal',(#4619));
#4614=PRODUCT('C-04-02-D-S_pins','C-04-02-D-S_pins','C-04-02-D-S_pins',
(#4620));
#4615=PRODUCT_CATEGORY('','');
#4616=PRODUCT_CATEGORY('','');
#4617=PRODUCT_CATEGORY('','');
#4618=PRODUCT_CONTEXT('',#4622,'mechanical');
#4619=PRODUCT_CONTEXT('',#4622,'mechanical');
#4620=PRODUCT_CONTEXT('',#4622,'mechanical');
#4621=APPLICATION_PROTOCOL_DEFINITION('international standard',
'automotive_design',2010,#4622);
#4622=APPLICATION_CONTEXT(
'core data for automotive mechanical design processes');
ENDSEC;
END-ISO-10303-21;
