ISO-10303-21;
HEADER;
FILE_DESCRIPTION(('STEP AP214'),'1');
FILE_NAME('tfm-104-02-l-d-a.stp','2024-11-03T14:30:47',('TraceParts'),('TraceParts S.A.'),'Spatial InterOp 3D',' ',' ');
FILE_SCHEMA(('AUTOMOTIVE_DESIGN { 1 0 10303 214 1 1 1 1 }'));
ENDSEC;
DATA;
#1=MECHANICAL_DESIGN_GEOMETRIC_PRESENTATION_REPRESENTATION(' ',(#10,#11,#12,#13,#14,#15,#16,#17,#18,#19,#20,#21,#22,#23,#24,#25,#26,#27,#28,#29,#30,#31,#32,#33,#34,#35,#36,#37,#38,#39,#40,#41,#42,#43,#44,#45,#46,#47,#48,#49,#50,#51,#52,#53,#54,#55,#56,#57,#58,#59,#60,#61,#62,#63,#64,#65,#66,#67,#68,#69,#70,#71,#72,#73,#74,#75,#76,#77,#78,#79,#80,#81,#82,#83,#84,#85,#86,#87,#88,#89,#90,#91,#92,#93,#94,#95,#96,#97,#98,#99,#100,#101,#102,#103,#104,#105,#106,#107,#108,#109,#110,#111,#112,#113,#114,#115,#116,#117,#118,#119,#120,#121,#122,#123,#124,#125,#126,#127,#128,#129,#130,#131,#132,#133,#134,#135,#136,#137,#138,#139,#140,#141,#142,#143,#144,#145,#146,#147,#148,#149,#150,#151,#152),#6);
#2=PRODUCT_DEFINITION_CONTEXT('',#153,'design');
#3=APPLICATION_PROTOCOL_DEFINITION('INTERNATIONAL STANDARD','automotive_design',1994,#153);
#4=PRODUCT_CATEGORY_RELATIONSHIP('NONE','NONE',#154,#155);
#5=SHAPE_DEFINITION_REPRESENTATION(#156,#157);
#6= (GEOMETRIC_REPRESENTATION_CONTEXT(3)GLOBAL_UNCERTAINTY_ASSIGNED_CONTEXT((#160))GLOBAL_UNIT_ASSIGNED_CONTEXT((#162,#163,#164))REPRESENTATION_CONTEXT('NONE','WORKSPACE'));
#10=STYLED_ITEM('',(#166),#167);
#11=STYLED_ITEM('',(#168),#169);
#12=STYLED_ITEM('',(#170),#171);
#13=STYLED_ITEM('',(#172),#173);
#14=STYLED_ITEM('',(#174),#175);
#15=STYLED_ITEM('',(#176),#177);
#16=STYLED_ITEM('',(#178),#179);
#17=STYLED_ITEM('',(#180),#181);
#18=STYLED_ITEM('',(#182),#183);
#19=STYLED_ITEM('',(#184),#185);
#20=STYLED_ITEM('',(#186),#187);
#21=STYLED_ITEM('',(#188),#189);
#22=STYLED_ITEM('',(#190),#191);
#23=STYLED_ITEM('',(#192),#193);
#24=STYLED_ITEM('',(#194),#195);
#25=STYLED_ITEM('',(#196),#197);
#26=STYLED_ITEM('',(#198),#199);
#27=STYLED_ITEM('',(#200),#201);
#28=STYLED_ITEM('',(#202),#203);
#29=STYLED_ITEM('',(#204),#205);
#30=STYLED_ITEM('',(#206),#207);
#31=STYLED_ITEM('',(#208),#209);
#32=STYLED_ITEM('',(#210),#211);
#33=STYLED_ITEM('',(#212),#213);
#34=STYLED_ITEM('',(#214),#215);
#35=STYLED_ITEM('',(#216),#217);
#36=STYLED_ITEM('',(#218),#219);
#37=STYLED_ITEM('',(#220),#221);
#38=STYLED_ITEM('',(#222),#223);
#39=STYLED_ITEM('',(#224),#225);
#40=STYLED_ITEM('',(#226),#227);
#41=STYLED_ITEM('',(#228),#229);
#42=STYLED_ITEM('',(#230),#231);
#43=STYLED_ITEM('',(#232),#233);
#44=STYLED_ITEM('',(#234),#235);
#45=STYLED_ITEM('',(#236),#237);
#46=STYLED_ITEM('',(#238),#239);
#47=STYLED_ITEM('',(#240),#241);
#48=STYLED_ITEM('',(#242),#243);
#49=STYLED_ITEM('',(#244),#245);
#50=STYLED_ITEM('',(#246),#247);
#51=STYLED_ITEM('',(#248),#249);
#52=STYLED_ITEM('',(#250),#251);
#53=STYLED_ITEM('',(#252),#253);
#54=STYLED_ITEM('',(#254),#255);
#55=STYLED_ITEM('',(#256),#257);
#56=STYLED_ITEM('',(#258),#259);
#57=STYLED_ITEM('',(#260),#261);
#58=STYLED_ITEM('',(#262),#263);
#59=STYLED_ITEM('',(#264),#265);
#60=STYLED_ITEM('',(#266),#267);
#61=STYLED_ITEM('',(#268),#269);
#62=STYLED_ITEM('',(#270),#271);
#63=STYLED_ITEM('',(#272),#273);
#64=STYLED_ITEM('',(#274),#275);
#65=STYLED_ITEM('',(#276),#277);
#66=STYLED_ITEM('',(#278),#279);
#67=STYLED_ITEM('',(#280),#281);
#68=STYLED_ITEM('',(#282),#283);
#69=STYLED_ITEM('',(#284),#285);
#70=STYLED_ITEM('',(#286),#287);
#71=STYLED_ITEM('',(#288),#289);
#72=STYLED_ITEM('',(#290),#291);
#73=STYLED_ITEM('',(#292),#293);
#74=STYLED_ITEM('',(#294),#295);
#75=STYLED_ITEM('',(#296),#297);
#76=STYLED_ITEM('',(#298),#299);
#77=STYLED_ITEM('',(#300),#301);
#78=STYLED_ITEM('',(#302),#303);
#79=STYLED_ITEM('',(#304),#305);
#80=STYLED_ITEM('',(#306),#307);
#81=STYLED_ITEM('',(#308),#309);
#82=STYLED_ITEM('',(#310),#311);
#83=STYLED_ITEM('',(#312),#313);
#84=STYLED_ITEM('',(#314),#315);
#85=STYLED_ITEM('',(#316),#317);
#86=STYLED_ITEM('',(#318),#319);
#87=STYLED_ITEM('',(#320),#321);
#88=STYLED_ITEM('',(#322),#323);
#89=STYLED_ITEM('',(#324),#325);
#90=STYLED_ITEM('',(#326),#327);
#91=STYLED_ITEM('',(#328),#329);
#92=STYLED_ITEM('',(#330),#331);
#93=STYLED_ITEM('',(#332),#333);
#94=STYLED_ITEM('',(#334),#335);
#95=STYLED_ITEM('',(#336),#337);
#96=STYLED_ITEM('',(#338),#339);
#97=STYLED_ITEM('',(#340),#341);
#98=STYLED_ITEM('',(#342),#343);
#99=STYLED_ITEM('',(#344),#345);
#100=STYLED_ITEM('',(#346),#347);
#101=STYLED_ITEM('',(#348),#349);
#102=STYLED_ITEM('',(#350),#351);
#103=STYLED_ITEM('',(#352),#353);
#104=STYLED_ITEM('',(#354),#355);
#105=STYLED_ITEM('',(#356),#357);
#106=STYLED_ITEM('',(#358),#359);
#107=STYLED_ITEM('',(#360),#361);
#108=STYLED_ITEM('',(#362),#363);
#109=STYLED_ITEM('',(#364),#365);
#110=STYLED_ITEM('',(#366),#367);
#111=STYLED_ITEM('',(#368),#369);
#112=STYLED_ITEM('',(#370),#371);
#113=STYLED_ITEM('',(#372),#373);
#114=STYLED_ITEM('',(#374),#375);
#115=STYLED_ITEM('',(#376),#377);
#116=STYLED_ITEM('',(#378),#379);
#117=STYLED_ITEM('',(#380),#381);
#118=STYLED_ITEM('',(#382),#383);
#119=STYLED_ITEM('',(#384),#385);
#120=STYLED_ITEM('',(#386),#387);
#121=STYLED_ITEM('',(#388),#389);
#122=STYLED_ITEM('',(#390),#391);
#123=STYLED_ITEM('',(#392),#393);
#124=STYLED_ITEM('',(#394),#395);
#125=STYLED_ITEM('',(#396),#397);
#126=STYLED_ITEM('',(#398),#399);
#127=STYLED_ITEM('',(#400),#401);
#128=STYLED_ITEM('',(#402),#403);
#129=STYLED_ITEM('',(#404),#405);
#130=STYLED_ITEM('',(#406),#407);
#131=STYLED_ITEM('',(#408),#409);
#132=STYLED_ITEM('',(#410),#411);
#133=STYLED_ITEM('',(#412),#413);
#134=STYLED_ITEM('',(#414),#415);
#135=STYLED_ITEM('',(#416),#417);
#136=STYLED_ITEM('',(#418),#419);
#137=STYLED_ITEM('',(#420),#421);
#138=STYLED_ITEM('',(#422),#423);
#139=STYLED_ITEM('',(#424),#425);
#140=STYLED_ITEM('',(#426),#427);
#141=STYLED_ITEM('',(#428),#429);
#142=STYLED_ITEM('',(#430),#431);
#143=STYLED_ITEM('',(#432),#433);
#144=STYLED_ITEM('',(#434),#435);
#145=STYLED_ITEM('',(#436),#437);
#146=STYLED_ITEM('',(#438),#439);
#147=STYLED_ITEM('',(#440),#441);
#148=STYLED_ITEM('',(#442),#443);
#149=STYLED_ITEM('',(#444),#445);
#150=STYLED_ITEM('',(#446),#447);
#151=STYLED_ITEM('',(#448),#449);
#152=STYLED_ITEM('',(#450),#451);
#153=APPLICATION_CONTEXT(' ');
#154=PRODUCT_CATEGORY('part','NONE');
#155=PRODUCT_RELATED_PRODUCT_CATEGORY('detail',' ',(#452));
#156=PRODUCT_DEFINITION_SHAPE('NONE','NONE',#453);
#157=ADVANCED_BREP_SHAPE_REPRESENTATION('tfm-104-02-l-d-a',(#454,#455),#6);
#160=UNCERTAINTY_MEASURE_WITH_UNIT(LENGTH_MEASURE(1.0E-06),#162,'','');
#162= (CONVERSION_BASED_UNIT('MILLIMETRE',#458)LENGTH_UNIT()NAMED_UNIT(#461));
#163= (NAMED_UNIT(#463)PLANE_ANGLE_UNIT()SI_UNIT($,.RADIAN.));
#164= (NAMED_UNIT(#463)SOLID_ANGLE_UNIT()SI_UNIT($,.STERADIAN.));
#166=PRESENTATION_STYLE_ASSIGNMENT((#469));
#167=ADVANCED_FACE('',(#470),#471,.T.);
#168=PRESENTATION_STYLE_ASSIGNMENT((#472));
#169=ADVANCED_FACE('',(#473),#474,.T.);
#170=PRESENTATION_STYLE_ASSIGNMENT((#475));
#171=ADVANCED_FACE('',(#476),#477,.T.);
#172=PRESENTATION_STYLE_ASSIGNMENT((#478));
#173=ADVANCED_FACE('',(#479),#480,.T.);
#174=PRESENTATION_STYLE_ASSIGNMENT((#481));
#175=ADVANCED_FACE('',(#482),#483,.T.);
#176=PRESENTATION_STYLE_ASSIGNMENT((#484));
#177=ADVANCED_FACE('',(#485),#486,.T.);
#178=PRESENTATION_STYLE_ASSIGNMENT((#487));
#179=ADVANCED_FACE('',(#488),#489,.T.);
#180=PRESENTATION_STYLE_ASSIGNMENT((#490));
#181=ADVANCED_FACE('',(#491),#492,.T.);
#182=PRESENTATION_STYLE_ASSIGNMENT((#493));
#183=ADVANCED_FACE('',(#494),#495,.T.);
#184=PRESENTATION_STYLE_ASSIGNMENT((#496));
#185=ADVANCED_FACE('',(#497),#498,.T.);
#186=PRESENTATION_STYLE_ASSIGNMENT((#499));
#187=ADVANCED_FACE('',(#500),#501,.T.);
#188=PRESENTATION_STYLE_ASSIGNMENT((#502));
#189=ADVANCED_FACE('',(#503),#504,.T.);
#190=PRESENTATION_STYLE_ASSIGNMENT((#505));
#191=ADVANCED_FACE('',(#506),#507,.T.);
#192=PRESENTATION_STYLE_ASSIGNMENT((#508));
#193=ADVANCED_FACE('',(#509),#510,.T.);
#194=PRESENTATION_STYLE_ASSIGNMENT((#511));
#195=ADVANCED_FACE('',(#512),#513,.T.);
#196=PRESENTATION_STYLE_ASSIGNMENT((#514));
#197=ADVANCED_FACE('',(#515),#516,.T.);
#198=PRESENTATION_STYLE_ASSIGNMENT((#517));
#199=ADVANCED_FACE('',(#518),#519,.T.);
#200=PRESENTATION_STYLE_ASSIGNMENT((#520));
#201=ADVANCED_FACE('',(#521),#522,.T.);
#202=PRESENTATION_STYLE_ASSIGNMENT((#523));
#203=ADVANCED_FACE('',(#524),#525,.T.);
#204=PRESENTATION_STYLE_ASSIGNMENT((#526));
#205=ADVANCED_FACE('',(#527),#528,.T.);
#206=PRESENTATION_STYLE_ASSIGNMENT((#529));
#207=ADVANCED_FACE('',(#530),#531,.T.);
#208=PRESENTATION_STYLE_ASSIGNMENT((#532));
#209=ADVANCED_FACE('',(#533),#534,.T.);
#210=PRESENTATION_STYLE_ASSIGNMENT((#535));
#211=ADVANCED_FACE('',(#536),#537,.T.);
#212=PRESENTATION_STYLE_ASSIGNMENT((#538));
#213=ADVANCED_FACE('',(#539),#540,.T.);
#214=PRESENTATION_STYLE_ASSIGNMENT((#541));
#215=ADVANCED_FACE('',(#542),#543,.T.);
#216=PRESENTATION_STYLE_ASSIGNMENT((#544));
#217=ADVANCED_FACE('',(#545),#546,.T.);
#218=PRESENTATION_STYLE_ASSIGNMENT((#547));
#219=ADVANCED_FACE('',(#548),#549,.T.);
#220=PRESENTATION_STYLE_ASSIGNMENT((#550));
#221=ADVANCED_FACE('',(#551),#552,.F.);
#222=PRESENTATION_STYLE_ASSIGNMENT((#553));
#223=ADVANCED_FACE('',(#554),#555,.T.);
#224=PRESENTATION_STYLE_ASSIGNMENT((#556));
#225=ADVANCED_FACE('',(#557),#558,.T.);
#226=PRESENTATION_STYLE_ASSIGNMENT((#559));
#227=ADVANCED_FACE('',(#560),#561,.T.);
#228=PRESENTATION_STYLE_ASSIGNMENT((#562));
#229=ADVANCED_FACE('',(#563),#564,.T.);
#230=PRESENTATION_STYLE_ASSIGNMENT((#565));
#231=ADVANCED_FACE('',(#566),#567,.F.);
#232=PRESENTATION_STYLE_ASSIGNMENT((#568));
#233=ADVANCED_FACE('',(#569),#570,.T.);
#234=PRESENTATION_STYLE_ASSIGNMENT((#571));
#235=ADVANCED_FACE('',(#572),#573,.T.);
#236=PRESENTATION_STYLE_ASSIGNMENT((#574));
#237=ADVANCED_FACE('',(#575),#576,.F.);
#238=PRESENTATION_STYLE_ASSIGNMENT((#577));
#239=ADVANCED_FACE('',(#578),#579,.T.);
#240=PRESENTATION_STYLE_ASSIGNMENT((#580));
#241=ADVANCED_FACE('',(#581),#582,.T.);
#242=PRESENTATION_STYLE_ASSIGNMENT((#583));
#243=ADVANCED_FACE('',(#584),#585,.T.);
#244=PRESENTATION_STYLE_ASSIGNMENT((#586));
#245=ADVANCED_FACE('',(#587),#588,.T.);
#246=PRESENTATION_STYLE_ASSIGNMENT((#589));
#247=ADVANCED_FACE('',(#590),#591,.T.);
#248=PRESENTATION_STYLE_ASSIGNMENT((#592));
#249=ADVANCED_FACE('',(#593),#594,.T.);
#250=PRESENTATION_STYLE_ASSIGNMENT((#595));
#251=ADVANCED_FACE('',(#596),#597,.T.);
#252=PRESENTATION_STYLE_ASSIGNMENT((#598));
#253=ADVANCED_FACE('',(#599),#600,.F.);
#254=PRESENTATION_STYLE_ASSIGNMENT((#601));
#255=ADVANCED_FACE('',(#602,#603,#604,#605,#606,#607,#608,#609,#610),#611,.T.);
#256=PRESENTATION_STYLE_ASSIGNMENT((#612));
#257=ADVANCED_FACE('',(#613),#614,.T.);
#258=PRESENTATION_STYLE_ASSIGNMENT((#615));
#259=ADVANCED_FACE('',(#616),#617,.F.);
#260=PRESENTATION_STYLE_ASSIGNMENT((#618));
#261=ADVANCED_FACE('',(#619),#620,.T.);
#262=PRESENTATION_STYLE_ASSIGNMENT((#621));
#263=ADVANCED_FACE('',(#622),#623,.T.);
#264=PRESENTATION_STYLE_ASSIGNMENT((#624));
#265=ADVANCED_FACE('',(#625),#626,.T.);
#266=PRESENTATION_STYLE_ASSIGNMENT((#627));
#267=ADVANCED_FACE('',(#628),#629,.T.);
#268=PRESENTATION_STYLE_ASSIGNMENT((#630));
#269=ADVANCED_FACE('',(#631),#632,.F.);
#270=PRESENTATION_STYLE_ASSIGNMENT((#633));
#271=ADVANCED_FACE('',(#634),#635,.T.);
#272=PRESENTATION_STYLE_ASSIGNMENT((#636));
#273=ADVANCED_FACE('',(#637),#638,.T.);
#274=PRESENTATION_STYLE_ASSIGNMENT((#639));
#275=ADVANCED_FACE('',(#640),#641,.F.);
#276=PRESENTATION_STYLE_ASSIGNMENT((#642));
#277=ADVANCED_FACE('',(#643),#644,.T.);
#278=PRESENTATION_STYLE_ASSIGNMENT((#645));
#279=ADVANCED_FACE('',(#646),#647,.T.);
#280=PRESENTATION_STYLE_ASSIGNMENT((#648));
#281=ADVANCED_FACE('',(#649),#650,.T.);
#282=PRESENTATION_STYLE_ASSIGNMENT((#651));
#283=ADVANCED_FACE('',(#652),#653,.T.);
#284=PRESENTATION_STYLE_ASSIGNMENT((#654));
#285=ADVANCED_FACE('',(#655),#656,.T.);
#286=PRESENTATION_STYLE_ASSIGNMENT((#657));
#287=ADVANCED_FACE('',(#658),#659,.T.);
#288=PRESENTATION_STYLE_ASSIGNMENT((#660));
#289=ADVANCED_FACE('',(#661),#662,.T.);
#290=PRESENTATION_STYLE_ASSIGNMENT((#663));
#291=ADVANCED_FACE('',(#664),#665,.F.);
#292=PRESENTATION_STYLE_ASSIGNMENT((#666));
#293=ADVANCED_FACE('',(#667),#668,.T.);
#294=PRESENTATION_STYLE_ASSIGNMENT((#669));
#295=ADVANCED_FACE('',(#670),#671,.F.);
#296=PRESENTATION_STYLE_ASSIGNMENT((#672));
#297=ADVANCED_FACE('',(#673),#674,.T.);
#298=PRESENTATION_STYLE_ASSIGNMENT((#675));
#299=ADVANCED_FACE('',(#676),#677,.T.);
#300=PRESENTATION_STYLE_ASSIGNMENT((#678));
#301=ADVANCED_FACE('',(#679),#680,.T.);
#302=PRESENTATION_STYLE_ASSIGNMENT((#681));
#303=ADVANCED_FACE('',(#682),#683,.T.);
#304=PRESENTATION_STYLE_ASSIGNMENT((#684));
#305=ADVANCED_FACE('',(#685),#686,.F.);
#306=PRESENTATION_STYLE_ASSIGNMENT((#687));
#307=ADVANCED_FACE('',(#688),#689,.T.);
#308=PRESENTATION_STYLE_ASSIGNMENT((#690));
#309=ADVANCED_FACE('',(#691),#692,.T.);
#310=PRESENTATION_STYLE_ASSIGNMENT((#693));
#311=ADVANCED_FACE('',(#694),#695,.F.);
#312=PRESENTATION_STYLE_ASSIGNMENT((#696));
#313=ADVANCED_FACE('',(#697),#698,.T.);
#314=PRESENTATION_STYLE_ASSIGNMENT((#699));
#315=ADVANCED_FACE('',(#700),#701,.T.);
#316=PRESENTATION_STYLE_ASSIGNMENT((#702));
#317=ADVANCED_FACE('',(#703),#704,.T.);
#318=PRESENTATION_STYLE_ASSIGNMENT((#705));
#319=ADVANCED_FACE('',(#706),#707,.T.);
#320=PRESENTATION_STYLE_ASSIGNMENT((#708));
#321=ADVANCED_FACE('',(#709),#710,.T.);
#322=PRESENTATION_STYLE_ASSIGNMENT((#711));
#323=ADVANCED_FACE('',(#712),#713,.T.);
#324=PRESENTATION_STYLE_ASSIGNMENT((#714));
#325=ADVANCED_FACE('',(#715),#716,.T.);
#326=PRESENTATION_STYLE_ASSIGNMENT((#717));
#327=ADVANCED_FACE('',(#718),#719,.F.);
#328=PRESENTATION_STYLE_ASSIGNMENT((#720));
#329=ADVANCED_FACE('',(#721),#722,.T.);
#330=PRESENTATION_STYLE_ASSIGNMENT((#723));
#331=ADVANCED_FACE('',(#724),#725,.F.);
#332=PRESENTATION_STYLE_ASSIGNMENT((#726));
#333=ADVANCED_FACE('',(#727),#728,.T.);
#334=PRESENTATION_STYLE_ASSIGNMENT((#729));
#335=ADVANCED_FACE('',(#730),#731,.T.);
#336=PRESENTATION_STYLE_ASSIGNMENT((#732));
#337=ADVANCED_FACE('',(#733),#734,.T.);
#338=PRESENTATION_STYLE_ASSIGNMENT((#735));
#339=ADVANCED_FACE('',(#736),#737,.T.);
#340=PRESENTATION_STYLE_ASSIGNMENT((#738));
#341=ADVANCED_FACE('',(#739),#740,.F.);
#342=PRESENTATION_STYLE_ASSIGNMENT((#741));
#343=ADVANCED_FACE('',(#742),#743,.T.);
#344=PRESENTATION_STYLE_ASSIGNMENT((#744));
#345=ADVANCED_FACE('',(#745),#746,.T.);
#346=PRESENTATION_STYLE_ASSIGNMENT((#747));
#347=ADVANCED_FACE('',(#748),#749,.F.);
#348=PRESENTATION_STYLE_ASSIGNMENT((#750));
#349=ADVANCED_FACE('',(#751),#752,.T.);
#350=PRESENTATION_STYLE_ASSIGNMENT((#753));
#351=ADVANCED_FACE('',(#754),#755,.T.);
#352=PRESENTATION_STYLE_ASSIGNMENT((#756));
#353=ADVANCED_FACE('',(#757),#758,.T.);
#354=PRESENTATION_STYLE_ASSIGNMENT((#759));
#355=ADVANCED_FACE('',(#760),#761,.T.);
#356=PRESENTATION_STYLE_ASSIGNMENT((#762));
#357=ADVANCED_FACE('',(#763),#764,.T.);
#358=PRESENTATION_STYLE_ASSIGNMENT((#765));
#359=ADVANCED_FACE('',(#766),#767,.T.);
#360=PRESENTATION_STYLE_ASSIGNMENT((#768));
#361=ADVANCED_FACE('',(#769),#770,.T.);
#362=PRESENTATION_STYLE_ASSIGNMENT((#771));
#363=ADVANCED_FACE('',(#772),#773,.F.);
#364=PRESENTATION_STYLE_ASSIGNMENT((#774));
#365=ADVANCED_FACE('',(#775),#776,.T.);
#366=PRESENTATION_STYLE_ASSIGNMENT((#777));
#367=ADVANCED_FACE('',(#778),#779,.T.);
#368=PRESENTATION_STYLE_ASSIGNMENT((#780));
#369=ADVANCED_FACE('',(#781),#782,.F.);
#370=PRESENTATION_STYLE_ASSIGNMENT((#783));
#371=ADVANCED_FACE('',(#784),#785,.F.);
#372=PRESENTATION_STYLE_ASSIGNMENT((#786));
#373=ADVANCED_FACE('',(#787),#788,.T.);
#374=PRESENTATION_STYLE_ASSIGNMENT((#789));
#375=ADVANCED_FACE('',(#790),#791,.T.);
#376=PRESENTATION_STYLE_ASSIGNMENT((#792));
#377=ADVANCED_FACE('',(#793),#794,.F.);
#378=PRESENTATION_STYLE_ASSIGNMENT((#795));
#379=ADVANCED_FACE('',(#796),#797,.F.);
#380=PRESENTATION_STYLE_ASSIGNMENT((#798));
#381=ADVANCED_FACE('',(#799),#800,.T.);
#382=PRESENTATION_STYLE_ASSIGNMENT((#801));
#383=ADVANCED_FACE('',(#802),#803,.T.);
#384=PRESENTATION_STYLE_ASSIGNMENT((#804));
#385=ADVANCED_FACE('',(#805),#806,.T.);
#386=PRESENTATION_STYLE_ASSIGNMENT((#807));
#387=ADVANCED_FACE('',(#808),#809,.T.);
#388=PRESENTATION_STYLE_ASSIGNMENT((#810));
#389=ADVANCED_FACE('',(#811),#812,.T.);
#390=PRESENTATION_STYLE_ASSIGNMENT((#813));
#391=ADVANCED_FACE('',(#814),#815,.T.);
#392=PRESENTATION_STYLE_ASSIGNMENT((#816));
#393=ADVANCED_FACE('',(#817),#818,.T.);
#394=PRESENTATION_STYLE_ASSIGNMENT((#819));
#395=ADVANCED_FACE('',(#820),#821,.F.);
#396=PRESENTATION_STYLE_ASSIGNMENT((#822));
#397=ADVANCED_FACE('',(#823),#824,.F.);
#398=PRESENTATION_STYLE_ASSIGNMENT((#825));
#399=ADVANCED_FACE('',(#826),#827,.F.);
#400=PRESENTATION_STYLE_ASSIGNMENT((#828));
#401=ADVANCED_FACE('',(#829),#830,.T.);
#402=PRESENTATION_STYLE_ASSIGNMENT((#831));
#403=ADVANCED_FACE('',(#832),#833,.F.);
#404=PRESENTATION_STYLE_ASSIGNMENT((#834));
#405=ADVANCED_FACE('',(#835),#836,.T.);
#406=PRESENTATION_STYLE_ASSIGNMENT((#837));
#407=ADVANCED_FACE('',(#838),#839,.F.);
#408=PRESENTATION_STYLE_ASSIGNMENT((#840));
#409=ADVANCED_FACE('',(#841),#842,.T.);
#410=PRESENTATION_STYLE_ASSIGNMENT((#843));
#411=ADVANCED_FACE('',(#844),#845,.T.);
#412=PRESENTATION_STYLE_ASSIGNMENT((#846));
#413=ADVANCED_FACE('',(#847),#848,.T.);
#414=PRESENTATION_STYLE_ASSIGNMENT((#849));
#415=ADVANCED_FACE('',(#850,#851,#852,#853,#854,#855,#856,#857,#858),#859,.T.);
#416=PRESENTATION_STYLE_ASSIGNMENT((#860));
#417=ADVANCED_FACE('',(#861),#862,.F.);
#418=PRESENTATION_STYLE_ASSIGNMENT((#863));
#419=ADVANCED_FACE('',(#864),#865,.F.);
#420=PRESENTATION_STYLE_ASSIGNMENT((#866));
#421=ADVANCED_FACE('',(#867),#868,.F.);
#422=PRESENTATION_STYLE_ASSIGNMENT((#869));
#423=ADVANCED_FACE('',(#870),#871,.F.);
#424=PRESENTATION_STYLE_ASSIGNMENT((#872));
#425=ADVANCED_FACE('',(#873),#874,.F.);
#426=PRESENTATION_STYLE_ASSIGNMENT((#875));
#427=ADVANCED_FACE('',(#876),#877,.F.);
#428=PRESENTATION_STYLE_ASSIGNMENT((#878));
#429=ADVANCED_FACE('',(#879),#880,.T.);
#430=PRESENTATION_STYLE_ASSIGNMENT((#881));
#431=ADVANCED_FACE('',(#882),#883,.T.);
#432=PRESENTATION_STYLE_ASSIGNMENT((#884));
#433=ADVANCED_FACE('',(#885),#886,.T.);
#434=PRESENTATION_STYLE_ASSIGNMENT((#887));
#435=ADVANCED_FACE('',(#888),#889,.F.);
#436=PRESENTATION_STYLE_ASSIGNMENT((#890));
#437=ADVANCED_FACE('',(#891),#892,.T.);
#438=PRESENTATION_STYLE_ASSIGNMENT((#893));
#439=ADVANCED_FACE('',(#894),#895,.F.);
#440=PRESENTATION_STYLE_ASSIGNMENT((#896));
#441=ADVANCED_FACE('',(#897),#898,.T.);
#442=PRESENTATION_STYLE_ASSIGNMENT((#899));
#443=ADVANCED_FACE('',(#900),#901,.T.);
#444=PRESENTATION_STYLE_ASSIGNMENT((#902));
#445=ADVANCED_FACE('',(#903),#904,.T.);
#446=PRESENTATION_STYLE_ASSIGNMENT((#905));
#447=ADVANCED_FACE('',(#906),#907,.T.);
#448=PRESENTATION_STYLE_ASSIGNMENT((#908));
#449=ADVANCED_FACE('',(#909),#910,.T.);
#450=PRESENTATION_STYLE_ASSIGNMENT((#911));
#451=ADVANCED_FACE('',(#912),#913,.T.);
#452=PRODUCT('tfm-104-02-l-d-a','tfm-104-02-l-d-a','PART-tfm-104-02-l-d-a-DESC',(#914));
#453=PRODUCT_DEFINITION('','NONE',#915,#2);
#454=MANIFOLD_SOLID_BREP('tfm-104-02-l-d-a',#916);
#455=AXIS2_PLACEMENT_3D('',#917,#918,#919);
#458=LENGTH_MEASURE_WITH_UNIT(LENGTH_MEASURE(1.0),#920);
#461=DIMENSIONAL_EXPONENTS(1.0,0.0,0.0,0.0,0.0,0.0,0.0);
#463=DIMENSIONAL_EXPONENTS(0.0,0.0,0.0,0.0,0.0,0.0,0.0);
#469=SURFACE_STYLE_USAGE(.BOTH.,#921);
#470=FACE_OUTER_BOUND('',#922,.T.);
#471=CYLINDRICAL_SURFACE('',#923,0.635);
#472=SURFACE_STYLE_USAGE(.BOTH.,#924);
#473=FACE_OUTER_BOUND('',#925,.T.);
#474=CYLINDRICAL_SURFACE('',#926,0.635);
#475=SURFACE_STYLE_USAGE(.BOTH.,#927);
#476=FACE_OUTER_BOUND('',#928,.T.);
#477=CYLINDRICAL_SURFACE('',#929,0.2286);
#478=SURFACE_STYLE_USAGE(.BOTH.,#930);
#479=FACE_OUTER_BOUND('',#931,.T.);
#480=CYLINDRICAL_SURFACE('',#932,0.2286);
#481=SURFACE_STYLE_USAGE(.BOTH.,#933);
#482=FACE_OUTER_BOUND('',#934,.T.);
#483=CYLINDRICAL_SURFACE('',#935,0.2286);
#484=SURFACE_STYLE_USAGE(.BOTH.,#936);
#485=FACE_OUTER_BOUND('',#937,.T.);
#486=CYLINDRICAL_SURFACE('',#938,0.2286);
#487=SURFACE_STYLE_USAGE(.BOTH.,#939);
#488=FACE_OUTER_BOUND('',#940,.T.);
#489=CYLINDRICAL_SURFACE('',#941,0.2286);
#490=SURFACE_STYLE_USAGE(.BOTH.,#942);
#491=FACE_OUTER_BOUND('',#943,.T.);
#492=CYLINDRICAL_SURFACE('',#944,0.2286);
#493=SURFACE_STYLE_USAGE(.BOTH.,#945);
#494=FACE_OUTER_BOUND('',#946,.T.);
#495=CYLINDRICAL_SURFACE('',#947,0.2286);
#496=SURFACE_STYLE_USAGE(.BOTH.,#948);
#497=FACE_OUTER_BOUND('',#949,.T.);
#498=CYLINDRICAL_SURFACE('',#950,0.2286);
#499=SURFACE_STYLE_USAGE(.BOTH.,#951);
#500=FACE_OUTER_BOUND('',#952,.T.);
#501=CYLINDRICAL_SURFACE('',#953,0.2286);
#502=SURFACE_STYLE_USAGE(.BOTH.,#954);
#503=FACE_OUTER_BOUND('',#955,.T.);
#504=PLANE('',#956);
#505=SURFACE_STYLE_USAGE(.BOTH.,#957);
#506=FACE_OUTER_BOUND('',#958,.T.);
#507=CYLINDRICAL_SURFACE('',#959,0.2286);
#508=SURFACE_STYLE_USAGE(.BOTH.,#960);
#509=FACE_OUTER_BOUND('',#961,.T.);
#510=PLANE('',#962);
#511=SURFACE_STYLE_USAGE(.BOTH.,#963);
#512=FACE_OUTER_BOUND('',#964,.T.);
#513=CYLINDRICAL_SURFACE('',#965,0.2286);
#514=SURFACE_STYLE_USAGE(.BOTH.,#966);
#515=FACE_OUTER_BOUND('',#967,.T.);
#516=PLANE('',#968);
#517=SURFACE_STYLE_USAGE(.BOTH.,#969);
#518=FACE_OUTER_BOUND('',#970,.T.);
#519=CYLINDRICAL_SURFACE('',#971,0.2286);
#520=SURFACE_STYLE_USAGE(.BOTH.,#972);
#521=FACE_OUTER_BOUND('',#973,.T.);
#522=PLANE('',#974);
#523=SURFACE_STYLE_USAGE(.BOTH.,#975);
#524=FACE_OUTER_BOUND('',#976,.T.);
#525=CYLINDRICAL_SURFACE('',#977,0.2286);
#526=SURFACE_STYLE_USAGE(.BOTH.,#978);
#527=FACE_OUTER_BOUND('',#979,.T.);
#528=PLANE('',#980);
#529=SURFACE_STYLE_USAGE(.BOTH.,#981);
#530=FACE_OUTER_BOUND('',#982,.T.);
#531=CYLINDRICAL_SURFACE('',#983,0.2286);
#532=SURFACE_STYLE_USAGE(.BOTH.,#984);
#533=FACE_OUTER_BOUND('',#985,.T.);
#534=PLANE('',#986);
#535=SURFACE_STYLE_USAGE(.BOTH.,#987);
#536=FACE_OUTER_BOUND('',#988,.T.);
#537=CYLINDRICAL_SURFACE('',#989,0.2286);
#538=SURFACE_STYLE_USAGE(.BOTH.,#990);
#539=FACE_OUTER_BOUND('',#991,.T.);
#540=PLANE('',#992);
#541=SURFACE_STYLE_USAGE(.BOTH.,#993);
#542=FACE_OUTER_BOUND('',#994,.T.);
#543=CYLINDRICAL_SURFACE('',#995,0.2286);
#544=SURFACE_STYLE_USAGE(.BOTH.,#996);
#545=FACE_OUTER_BOUND('',#997,.T.);
#546=PLANE('',#998);
#547=SURFACE_STYLE_USAGE(.BOTH.,#999);
#548=FACE_OUTER_BOUND('',#1000,.T.);
#549=PLANE('',#1001);
#550=SURFACE_STYLE_USAGE(.BOTH.,#1002);
#551=FACE_OUTER_BOUND('',#1003,.T.);
#552=PLANE('',#1004);
#553=SURFACE_STYLE_USAGE(.BOTH.,#1005);
#554=FACE_OUTER_BOUND('',#1006,.T.);
#555=PLANE('',#1007);
#556=SURFACE_STYLE_USAGE(.BOTH.,#1008);
#557=FACE_OUTER_BOUND('',#1009,.T.);
#558=PLANE('',#1010);
#559=SURFACE_STYLE_USAGE(.BOTH.,#1011);
#560=FACE_OUTER_BOUND('',#1012,.T.);
#561=PLANE('',#1013);
#562=SURFACE_STYLE_USAGE(.BOTH.,#1014);
#563=FACE_OUTER_BOUND('',#1015,.T.);
#564=PLANE('',#1016);
#565=SURFACE_STYLE_USAGE(.BOTH.,#1017);
#566=FACE_OUTER_BOUND('',#1018,.T.);
#567=CYLINDRICAL_SURFACE('',#1019,0.127);
#568=SURFACE_STYLE_USAGE(.BOTH.,#1020);
#569=FACE_OUTER_BOUND('',#1021,.T.);
#570=PLANE('',#1022);
#571=SURFACE_STYLE_USAGE(.BOTH.,#1023);
#572=FACE_OUTER_BOUND('',#1024,.T.);
#573=PLANE('',#1025);
#574=SURFACE_STYLE_USAGE(.BOTH.,#1026);
#575=FACE_OUTER_BOUND('',#1027,.T.);
#576=CYLINDRICAL_SURFACE('',#1028,0.127);
#577=SURFACE_STYLE_USAGE(.BOTH.,#1029);
#578=FACE_OUTER_BOUND('',#1030,.T.);
#579=PLANE('',#1031);
#580=SURFACE_STYLE_USAGE(.BOTH.,#1032);
#581=FACE_OUTER_BOUND('',#1033,.T.);
#582=PLANE('',#1034);
#583=SURFACE_STYLE_USAGE(.BOTH.,#1035);
#584=FACE_OUTER_BOUND('',#1036,.T.);
#585=PLANE('',#1037);
#586=SURFACE_STYLE_USAGE(.BOTH.,#1038);
#587=FACE_OUTER_BOUND('',#1039,.T.);
#588=CYLINDRICAL_SURFACE('',#1040,0.254);
#589=SURFACE_STYLE_USAGE(.BOTH.,#1041);
#590=FACE_OUTER_BOUND('',#1042,.T.);
#591=CYLINDRICAL_SURFACE('',#1043,0.254);
#592=SURFACE_STYLE_USAGE(.BOTH.,#1044);
#593=FACE_OUTER_BOUND('',#1045,.T.);
#594=PLANE('',#1046);
#595=SURFACE_STYLE_USAGE(.BOTH.,#1047);
#596=FACE_OUTER_BOUND('',#1048,.T.);
#597=PLANE('',#1049);
#598=SURFACE_STYLE_USAGE(.BOTH.,#1050);
#599=FACE_OUTER_BOUND('',#1051,.T.);
#600=PLANE('',#1052);
#601=SURFACE_STYLE_USAGE(.BOTH.,#1053);
#602=FACE_BOUND('',#1054,.T.);
#603=FACE_BOUND('',#1055,.T.);
#604=FACE_BOUND('',#1056,.T.);
#605=FACE_BOUND('',#1057,.T.);
#606=FACE_OUTER_BOUND('',#1058,.T.);
#607=FACE_BOUND('',#1059,.T.);
#608=FACE_BOUND('',#1060,.T.);
#609=FACE_BOUND('',#1061,.T.);
#610=FACE_BOUND('',#1062,.T.);
#611=PLANE('',#1063);
#612=SURFACE_STYLE_USAGE(.BOTH.,#1064);
#613=FACE_OUTER_BOUND('',#1065,.T.);
#614=PLANE('',#1066);
#615=SURFACE_STYLE_USAGE(.BOTH.,#1067);
#616=FACE_OUTER_BOUND('',#1068,.T.);
#617=PLANE('',#1069);
#618=SURFACE_STYLE_USAGE(.BOTH.,#1070);
#619=FACE_OUTER_BOUND('',#1071,.T.);
#620=PLANE('',#1072);
#621=SURFACE_STYLE_USAGE(.BOTH.,#1073);
#622=FACE_OUTER_BOUND('',#1074,.T.);
#623=PLANE('',#1075);
#624=SURFACE_STYLE_USAGE(.BOTH.,#1076);
#625=FACE_OUTER_BOUND('',#1077,.T.);
#626=PLANE('',#1078);
#627=SURFACE_STYLE_USAGE(.BOTH.,#1079);
#628=FACE_OUTER_BOUND('',#1080,.T.);
#629=PLANE('',#1081);
#630=SURFACE_STYLE_USAGE(.BOTH.,#1082);
#631=FACE_OUTER_BOUND('',#1083,.T.);
#632=CYLINDRICAL_SURFACE('',#1084,0.127);
#633=SURFACE_STYLE_USAGE(.BOTH.,#1085);
#634=FACE_OUTER_BOUND('',#1086,.T.);
#635=PLANE('',#1087);
#636=SURFACE_STYLE_USAGE(.BOTH.,#1088);
#637=FACE_OUTER_BOUND('',#1089,.T.);
#638=PLANE('',#1090);
#639=SURFACE_STYLE_USAGE(.BOTH.,#1091);
#640=FACE_OUTER_BOUND('',#1092,.T.);
#641=CYLINDRICAL_SURFACE('',#1093,0.127);
#642=SURFACE_STYLE_USAGE(.BOTH.,#1094);
#643=FACE_OUTER_BOUND('',#1095,.T.);
#644=PLANE('',#1096);
#645=SURFACE_STYLE_USAGE(.BOTH.,#1097);
#646=FACE_OUTER_BOUND('',#1098,.T.);
#647=PLANE('',#1099);
#648=SURFACE_STYLE_USAGE(.BOTH.,#1100);
#649=FACE_OUTER_BOUND('',#1101,.T.);
#650=PLANE('',#1102);
#651=SURFACE_STYLE_USAGE(.BOTH.,#1103);
#652=FACE_OUTER_BOUND('',#1104,.T.);
#653=CYLINDRICAL_SURFACE('',#1105,0.254);
#654=SURFACE_STYLE_USAGE(.BOTH.,#1106);
#655=FACE_OUTER_BOUND('',#1107,.T.);
#656=CYLINDRICAL_SURFACE('',#1108,0.254);
#657=SURFACE_STYLE_USAGE(.BOTH.,#1109);
#658=FACE_OUTER_BOUND('',#1110,.T.);
#659=PLANE('',#1111);
#660=SURFACE_STYLE_USAGE(.BOTH.,#1112);
#661=FACE_OUTER_BOUND('',#1113,.T.);
#662=PLANE('',#1114);
#663=SURFACE_STYLE_USAGE(.BOTH.,#1115);
#664=FACE_OUTER_BOUND('',#1116,.T.);
#665=PLANE('',#1117);
#666=SURFACE_STYLE_USAGE(.BOTH.,#1118);
#667=FACE_OUTER_BOUND('',#1119,.T.);
#668=PLANE('',#1120);
#669=SURFACE_STYLE_USAGE(.BOTH.,#1121);
#670=FACE_OUTER_BOUND('',#1122,.T.);
#671=PLANE('',#1123);
#672=SURFACE_STYLE_USAGE(.BOTH.,#1124);
#673=FACE_OUTER_BOUND('',#1125,.T.);
#674=PLANE('',#1126);
#675=SURFACE_STYLE_USAGE(.BOTH.,#1127);
#676=FACE_OUTER_BOUND('',#1128,.T.);
#677=PLANE('',#1129);
#678=SURFACE_STYLE_USAGE(.BOTH.,#1130);
#679=FACE_OUTER_BOUND('',#1131,.T.);
#680=PLANE('',#1132);
#681=SURFACE_STYLE_USAGE(.BOTH.,#1133);
#682=FACE_OUTER_BOUND('',#1134,.T.);
#683=PLANE('',#1135);
#684=SURFACE_STYLE_USAGE(.BOTH.,#1136);
#685=FACE_OUTER_BOUND('',#1137,.T.);
#686=CYLINDRICAL_SURFACE('',#1138,0.127);
#687=SURFACE_STYLE_USAGE(.BOTH.,#1139);
#688=FACE_OUTER_BOUND('',#1140,.T.);
#689=PLANE('',#1141);
#690=SURFACE_STYLE_USAGE(.BOTH.,#1142);
#691=FACE_OUTER_BOUND('',#1143,.T.);
#692=PLANE('',#1144);
#693=SURFACE_STYLE_USAGE(.BOTH.,#1145);
#694=FACE_OUTER_BOUND('',#1146,.T.);
#695=CYLINDRICAL_SURFACE('',#1147,0.127);
#696=SURFACE_STYLE_USAGE(.BOTH.,#1148);
#697=FACE_OUTER_BOUND('',#1149,.T.);
#698=PLANE('',#1150);
#699=SURFACE_STYLE_USAGE(.BOTH.,#1151);
#700=FACE_OUTER_BOUND('',#1152,.T.);
#701=PLANE('',#1153);
#702=SURFACE_STYLE_USAGE(.BOTH.,#1154);
#703=FACE_OUTER_BOUND('',#1155,.T.);
#704=PLANE('',#1156);
#705=SURFACE_STYLE_USAGE(.BOTH.,#1157);
#706=FACE_OUTER_BOUND('',#1158,.T.);
#707=CYLINDRICAL_SURFACE('',#1159,0.254);
#708=SURFACE_STYLE_USAGE(.BOTH.,#1160);
#709=FACE_OUTER_BOUND('',#1161,.T.);
#710=CYLINDRICAL_SURFACE('',#1162,0.254);
#711=SURFACE_STYLE_USAGE(.BOTH.,#1163);
#712=FACE_OUTER_BOUND('',#1164,.T.);
#713=PLANE('',#1165);
#714=SURFACE_STYLE_USAGE(.BOTH.,#1166);
#715=FACE_OUTER_BOUND('',#1167,.T.);
#716=PLANE('',#1168);
#717=SURFACE_STYLE_USAGE(.BOTH.,#1169);
#718=FACE_OUTER_BOUND('',#1170,.T.);
#719=PLANE('',#1171);
#720=SURFACE_STYLE_USAGE(.BOTH.,#1172);
#721=FACE_OUTER_BOUND('',#1173,.T.);
#722=PLANE('',#1174);
#723=SURFACE_STYLE_USAGE(.BOTH.,#1175);
#724=FACE_OUTER_BOUND('',#1176,.T.);
#725=PLANE('',#1177);
#726=SURFACE_STYLE_USAGE(.BOTH.,#1178);
#727=FACE_OUTER_BOUND('',#1179,.T.);
#728=PLANE('',#1180);
#729=SURFACE_STYLE_USAGE(.BOTH.,#1181);
#730=FACE_OUTER_BOUND('',#1182,.T.);
#731=PLANE('',#1183);
#732=SURFACE_STYLE_USAGE(.BOTH.,#1184);
#733=FACE_OUTER_BOUND('',#1185,.T.);
#734=PLANE('',#1186);
#735=SURFACE_STYLE_USAGE(.BOTH.,#1187);
#736=FACE_OUTER_BOUND('',#1188,.T.);
#737=PLANE('',#1189);
#738=SURFACE_STYLE_USAGE(.BOTH.,#1190);
#739=FACE_OUTER_BOUND('',#1191,.T.);
#740=CYLINDRICAL_SURFACE('',#1192,0.127);
#741=SURFACE_STYLE_USAGE(.BOTH.,#1193);
#742=FACE_OUTER_BOUND('',#1194,.T.);
#743=PLANE('',#1195);
#744=SURFACE_STYLE_USAGE(.BOTH.,#1196);
#745=FACE_OUTER_BOUND('',#1197,.T.);
#746=PLANE('',#1198);
#747=SURFACE_STYLE_USAGE(.BOTH.,#1199);
#748=FACE_OUTER_BOUND('',#1200,.T.);
#749=CYLINDRICAL_SURFACE('',#1201,0.127);
#750=SURFACE_STYLE_USAGE(.BOTH.,#1202);
#751=FACE_OUTER_BOUND('',#1203,.T.);
#752=PLANE('',#1204);
#753=SURFACE_STYLE_USAGE(.BOTH.,#1205);
#754=FACE_OUTER_BOUND('',#1206,.T.);
#755=PLANE('',#1207);
#756=SURFACE_STYLE_USAGE(.BOTH.,#1208);
#757=FACE_OUTER_BOUND('',#1209,.T.);
#758=PLANE('',#1210);
#759=SURFACE_STYLE_USAGE(.BOTH.,#1211);
#760=FACE_OUTER_BOUND('',#1212,.T.);
#761=CYLINDRICAL_SURFACE('',#1213,0.254);
#762=SURFACE_STYLE_USAGE(.BOTH.,#1214);
#763=FACE_OUTER_BOUND('',#1215,.T.);
#764=CYLINDRICAL_SURFACE('',#1216,0.254);
#765=SURFACE_STYLE_USAGE(.BOTH.,#1217);
#766=FACE_OUTER_BOUND('',#1218,.T.);
#767=PLANE('',#1219);
#768=SURFACE_STYLE_USAGE(.BOTH.,#1220);
#769=FACE_OUTER_BOUND('',#1221,.T.);
#770=PLANE('',#1222);
#771=SURFACE_STYLE_USAGE(.BOTH.,#1223);
#772=FACE_OUTER_BOUND('',#1224,.T.);
#773=PLANE('',#1225);
#774=SURFACE_STYLE_USAGE(.BOTH.,#1226);
#775=FACE_OUTER_BOUND('',#1227,.T.);
#776=SPHERICAL_SURFACE('',#1228,0.635);
#777=SURFACE_STYLE_USAGE(.BOTH.,#1229);
#778=FACE_OUTER_BOUND('',#1230,.T.);
#779=CYLINDRICAL_SURFACE('',#1231,0.635);
#780=SURFACE_STYLE_USAGE(.BOTH.,#1232);
#781=FACE_OUTER_BOUND('',#1233,.T.);
#782=PLANE('',#1234);
#783=SURFACE_STYLE_USAGE(.BOTH.,#1235);
#784=FACE_OUTER_BOUND('',#1236,.T.);
#785=PLANE('',#1237);
#786=SURFACE_STYLE_USAGE(.BOTH.,#1238);
#787=FACE_OUTER_BOUND('',#1239,.T.);
#788=SPHERICAL_SURFACE('',#1240,0.635);
#789=SURFACE_STYLE_USAGE(.BOTH.,#1241);
#790=FACE_OUTER_BOUND('',#1242,.T.);
#791=CYLINDRICAL_SURFACE('',#1243,0.635);
#792=SURFACE_STYLE_USAGE(.BOTH.,#1244);
#793=FACE_OUTER_BOUND('',#1245,.T.);
#794=PLANE('',#1246);
#795=SURFACE_STYLE_USAGE(.BOTH.,#1247);
#796=FACE_OUTER_BOUND('',#1248,.T.);
#797=PLANE('',#1249);
#798=SURFACE_STYLE_USAGE(.BOTH.,#1250);
#799=FACE_OUTER_BOUND('',#1251,.T.);
#800=PLANE('',#1252);
#801=SURFACE_STYLE_USAGE(.BOTH.,#1253);
#802=FACE_OUTER_BOUND('',#1254,.T.);
#803=PLANE('',#1255);
#804=SURFACE_STYLE_USAGE(.BOTH.,#1256);
#805=FACE_OUTER_BOUND('',#1257,.T.);
#806=PLANE('',#1258);
#807=SURFACE_STYLE_USAGE(.BOTH.,#1259);
#808=FACE_OUTER_BOUND('',#1260,.T.);
#809=PLANE('',#1261);
#810=SURFACE_STYLE_USAGE(.BOTH.,#1262);
#811=FACE_OUTER_BOUND('',#1263,.T.);
#812=PLANE('',#1264);
#813=SURFACE_STYLE_USAGE(.BOTH.,#1265);
#814=FACE_OUTER_BOUND('',#1266,.T.);
#815=PLANE('',#1267);
#816=SURFACE_STYLE_USAGE(.BOTH.,#1268);
#817=FACE_OUTER_BOUND('',#1269,.T.);
#818=PLANE('',#1270);
#819=SURFACE_STYLE_USAGE(.BOTH.,#1271);
#820=FACE_OUTER_BOUND('',#1272,.T.);
#821=PLANE('',#1273);
#822=SURFACE_STYLE_USAGE(.BOTH.,#1274);
#823=FACE_OUTER_BOUND('',#1275,.T.);
#824=PLANE('',#1276);
#825=SURFACE_STYLE_USAGE(.BOTH.,#1277);
#826=FACE_OUTER_BOUND('',#1278,.T.);
#827=PLANE('',#1279);
#828=SURFACE_STYLE_USAGE(.BOTH.,#1280);
#829=FACE_OUTER_BOUND('',#1281,.T.);
#830=PLANE('',#1282);
#831=SURFACE_STYLE_USAGE(.BOTH.,#1283);
#832=FACE_OUTER_BOUND('',#1284,.T.);
#833=PLANE('',#1285);
#834=SURFACE_STYLE_USAGE(.BOTH.,#1286);
#835=FACE_OUTER_BOUND('',#1287,.T.);
#836=PLANE('',#1288);
#837=SURFACE_STYLE_USAGE(.BOTH.,#1289);
#838=FACE_OUTER_BOUND('',#1290,.T.);
#839=PLANE('',#1291);
#840=SURFACE_STYLE_USAGE(.BOTH.,#1292);
#841=FACE_OUTER_BOUND('',#1293,.T.);
#842=PLANE('',#1294);
#843=SURFACE_STYLE_USAGE(.BOTH.,#1295);
#844=FACE_OUTER_BOUND('',#1296,.T.);
#845=PLANE('',#1297);
#846=SURFACE_STYLE_USAGE(.BOTH.,#1298);
#847=FACE_OUTER_BOUND('',#1299,.T.);
#848=PLANE('',#1300);
#849=SURFACE_STYLE_USAGE(.BOTH.,#1301);
#850=FACE_BOUND('',#1302,.T.);
#851=FACE_BOUND('',#1303,.T.);
#852=FACE_BOUND('',#1304,.T.);
#853=FACE_BOUND('',#1305,.T.);
#854=FACE_BOUND('',#1306,.T.);
#855=FACE_BOUND('',#1307,.T.);
#856=FACE_BOUND('',#1308,.T.);
#857=FACE_BOUND('',#1309,.T.);
#858=FACE_OUTER_BOUND('',#1310,.T.);
#859=PLANE('',#1311);
#860=SURFACE_STYLE_USAGE(.BOTH.,#1312);
#861=FACE_OUTER_BOUND('',#1313,.T.);
#862=PLANE('',#1314);
#863=SURFACE_STYLE_USAGE(.BOTH.,#1315);
#864=FACE_OUTER_BOUND('',#1316,.T.);
#865=PLANE('',#1317);
#866=SURFACE_STYLE_USAGE(.BOTH.,#1318);
#867=FACE_OUTER_BOUND('',#1319,.T.);
#868=PLANE('',#1320);
#869=SURFACE_STYLE_USAGE(.BOTH.,#1321);
#870=FACE_OUTER_BOUND('',#1322,.T.);
#871=PLANE('',#1323);
#872=SURFACE_STYLE_USAGE(.BOTH.,#1324);
#873=FACE_OUTER_BOUND('',#1325,.T.);
#874=PLANE('',#1326);
#875=SURFACE_STYLE_USAGE(.BOTH.,#1327);
#876=FACE_OUTER_BOUND('',#1328,.T.);
#877=PLANE('',#1329);
#878=SURFACE_STYLE_USAGE(.BOTH.,#1330);
#879=FACE_OUTER_BOUND('',#1331,.T.);
#880=PLANE('',#1332);
#881=SURFACE_STYLE_USAGE(.BOTH.,#1333);
#882=FACE_OUTER_BOUND('',#1334,.T.);
#883=PLANE('',#1335);
#884=SURFACE_STYLE_USAGE(.BOTH.,#1336);
#885=FACE_OUTER_BOUND('',#1337,.T.);
#886=PLANE('',#1338);
#887=SURFACE_STYLE_USAGE(.BOTH.,#1339);
#888=FACE_OUTER_BOUND('',#1340,.T.);
#889=PLANE('',#1341);
#890=SURFACE_STYLE_USAGE(.BOTH.,#1342);
#891=FACE_OUTER_BOUND('',#1343,.T.);
#892=PLANE('',#1344);
#893=SURFACE_STYLE_USAGE(.BOTH.,#1345);
#894=FACE_OUTER_BOUND('',#1346,.T.);
#895=PLANE('',#1347);
#896=SURFACE_STYLE_USAGE(.BOTH.,#1348);
#897=FACE_OUTER_BOUND('',#1349,.T.);
#898=PLANE('',#1350);
#899=SURFACE_STYLE_USAGE(.BOTH.,#1351);
#900=FACE_OUTER_BOUND('',#1352,.T.);
#901=PLANE('',#1353);
#902=SURFACE_STYLE_USAGE(.BOTH.,#1354);
#903=FACE_OUTER_BOUND('',#1355,.T.);
#904=PLANE('',#1356);
#905=SURFACE_STYLE_USAGE(.BOTH.,#1357);
#906=FACE_OUTER_BOUND('',#1358,.T.);
#907=PLANE('',#1359);
#908=SURFACE_STYLE_USAGE(.BOTH.,#1360);
#909=FACE_OUTER_BOUND('',#1361,.T.);
#910=PLANE('',#1362);
#911=SURFACE_STYLE_USAGE(.BOTH.,#1363);
#912=FACE_OUTER_BOUND('',#1364,.T.);
#913=PLANE('',#1365);
#914=PRODUCT_CONTEXT('',#153,'mechanical');
#915=PRODUCT_DEFINITION_FORMATION_WITH_SPECIFIED_SOURCE(' ','NONE',#452,.NOT_KNOWN.);
#916=CLOSED_SHELL('',(#167,#169,#171,#173,#175,#177,#179,#181,#183,#185,#187,#189,#191,#193,#195,#197,#199,#201,#203,#205,#207,#209,#211,#213,#215,#217,#219,#221,#223,#225,#227,#229,#231,#233,#235,#237,#239,#241,#243,#245,#247,#249,#251,#253,#255,#257,#259,#261,#263,#265,#267,#269,#271,#273,#275,#277,#279,#281,#283,#285,#287,#289,#291,#293,#295,#297,#299,#301,#303,#305,#307,#309,#311,#313,#315,#317,#319,#321,#323,#325,#327,#329,#331,#333,#335,#337,#339,#341,#343,#345,#347,#349,#351,#353,#355,#357,#359,#361,#363,#365,#367,#369,#371,#373,#375,#377,#379,#381,#383,#385,#387,#389,#391,#393,#395,#397,#399,#401,#403,#405,#407,#409,#411,#413,#415,#417,#419,#421,#423,#425,#427,#429,#431,#433,#435,#437,#439,#441,#443,#445,#447,#449,#451));
#917=CARTESIAN_POINT('',(0.0,0.0,0.0));
#918=DIRECTION('',(0.0,0.0,1.0));
#919=DIRECTION('',(1.0,0.0,0.0));
#920= (NAMED_UNIT(#461)LENGTH_UNIT()SI_UNIT(.MILLI.,.METRE.));
#921=SURFACE_SIDE_STYLE('',(#1367));
#922=EDGE_LOOP('',(#1368,#1369,#1370,#1371,#1372));
#923=AXIS2_PLACEMENT_3D('',#1373,#1374,#1375);
#924=SURFACE_SIDE_STYLE('',(#1376));
#925=EDGE_LOOP('',(#1377,#1378,#1379,#1380,#1381));
#926=AXIS2_PLACEMENT_3D('',#1382,#1383,#1384);
#927=SURFACE_SIDE_STYLE('',(#1385));
#928=EDGE_LOOP('',(#1386,#1387,#1388,#1389));
#929=AXIS2_PLACEMENT_3D('',#1390,#1391,#1392);
#930=SURFACE_SIDE_STYLE('',(#1393));
#931=EDGE_LOOP('',(#1394,#1395,#1396,#1397));
#932=AXIS2_PLACEMENT_3D('',#1398,#1399,#1400);
#933=SURFACE_SIDE_STYLE('',(#1401));
#934=EDGE_LOOP('',(#1402,#1403,#1404,#1405));
#935=AXIS2_PLACEMENT_3D('',#1406,#1407,#1408);
#936=SURFACE_SIDE_STYLE('',(#1409));
#937=EDGE_LOOP('',(#1410,#1411,#1412,#1413));
#938=AXIS2_PLACEMENT_3D('',#1414,#1415,#1416);
#939=SURFACE_SIDE_STYLE('',(#1417));
#940=EDGE_LOOP('',(#1418,#1419,#1420,#1421));
#941=AXIS2_PLACEMENT_3D('',#1422,#1423,#1424);
#942=SURFACE_SIDE_STYLE('',(#1425));
#943=EDGE_LOOP('',(#1426,#1427,#1428,#1429));
#944=AXIS2_PLACEMENT_3D('',#1430,#1431,#1432);
#945=SURFACE_SIDE_STYLE('',(#1433));
#946=EDGE_LOOP('',(#1434,#1435,#1436,#1437));
#947=AXIS2_PLACEMENT_3D('',#1438,#1439,#1440);
#948=SURFACE_SIDE_STYLE('',(#1441));
#949=EDGE_LOOP('',(#1442,#1443,#1444,#1445));
#950=AXIS2_PLACEMENT_3D('',#1446,#1447,#1448);
#951=SURFACE_SIDE_STYLE('',(#1449));
#952=EDGE_LOOP('',(#1450,#1451,#1452,#1453));
#953=AXIS2_PLACEMENT_3D('',#1454,#1455,#1456);
#954=SURFACE_SIDE_STYLE('',(#1457));
#955=EDGE_LOOP('',(#1458,#1459));
#956=AXIS2_PLACEMENT_3D('',#1460,#1461,#1462);
#957=SURFACE_SIDE_STYLE('',(#1463));
#958=EDGE_LOOP('',(#1464,#1465,#1466,#1467));
#959=AXIS2_PLACEMENT_3D('',#1468,#1469,#1470);
#960=SURFACE_SIDE_STYLE('',(#1471));
#961=EDGE_LOOP('',(#1472,#1473));
#962=AXIS2_PLACEMENT_3D('',#1474,#1475,#1476);
#963=SURFACE_SIDE_STYLE('',(#1477));
#964=EDGE_LOOP('',(#1478,#1479,#1480,#1481));
#965=AXIS2_PLACEMENT_3D('',#1482,#1483,#1484);
#966=SURFACE_SIDE_STYLE('',(#1485));
#967=EDGE_LOOP('',(#1486,#1487));
#968=AXIS2_PLACEMENT_3D('',#1488,#1489,#1490);
#969=SURFACE_SIDE_STYLE('',(#1491));
#970=EDGE_LOOP('',(#1492,#1493,#1494,#1495));
#971=AXIS2_PLACEMENT_3D('',#1496,#1497,#1498);
#972=SURFACE_SIDE_STYLE('',(#1499));
#973=EDGE_LOOP('',(#1500,#1501));
#974=AXIS2_PLACEMENT_3D('',#1502,#1503,#1504);
#975=SURFACE_SIDE_STYLE('',(#1505));
#976=EDGE_LOOP('',(#1506,#1507,#1508,#1509));
#977=AXIS2_PLACEMENT_3D('',#1510,#1511,#1512);
#978=SURFACE_SIDE_STYLE('',(#1513));
#979=EDGE_LOOP('',(#1514,#1515));
#980=AXIS2_PLACEMENT_3D('',#1516,#1517,#1518);
#981=SURFACE_SIDE_STYLE('',(#1519));
#982=EDGE_LOOP('',(#1520,#1521,#1522,#1523));
#983=AXIS2_PLACEMENT_3D('',#1524,#1525,#1526);
#984=SURFACE_SIDE_STYLE('',(#1527));
#985=EDGE_LOOP('',(#1528,#1529));
#986=AXIS2_PLACEMENT_3D('',#1530,#1531,#1532);
#987=SURFACE_SIDE_STYLE('',(#1533));
#988=EDGE_LOOP('',(#1534,#1535,#1536,#1537));
#989=AXIS2_PLACEMENT_3D('',#1538,#1539,#1540);
#990=SURFACE_SIDE_STYLE('',(#1541));
#991=EDGE_LOOP('',(#1542,#1543));
#992=AXIS2_PLACEMENT_3D('',#1544,#1545,#1546);
#993=SURFACE_SIDE_STYLE('',(#1547));
#994=EDGE_LOOP('',(#1548,#1549,#1550,#1551));
#995=AXIS2_PLACEMENT_3D('',#1552,#1553,#1554);
#996=SURFACE_SIDE_STYLE('',(#1555));
#997=EDGE_LOOP('',(#1556,#1557));
#998=AXIS2_PLACEMENT_3D('',#1558,#1559,#1560);
#999=SURFACE_SIDE_STYLE('',(#1561));
#1000=EDGE_LOOP('',(#1562,#1563,#1564,#1565));
#1001=AXIS2_PLACEMENT_3D('',#1566,#1567,#1568);
#1002=SURFACE_SIDE_STYLE('',(#1569));
#1003=EDGE_LOOP('',(#1570,#1571,#1572,#1573,#1574,#1575,#1576,#1577));
#1004=AXIS2_PLACEMENT_3D('',#1578,#1579,#1580);
#1005=SURFACE_SIDE_STYLE('',(#1581));
#1006=EDGE_LOOP('',(#1582,#1583,#1584,#1585,#1586,#1587,#1588,#1589));
#1007=AXIS2_PLACEMENT_3D('',#1590,#1591,#1592);
#1008=SURFACE_SIDE_STYLE('',(#1593));
#1009=EDGE_LOOP('',(#1594,#1595,#1596,#1597,#1598,#1599,#1600,#1601));
#1010=AXIS2_PLACEMENT_3D('',#1602,#1603,#1604);
#1011=SURFACE_SIDE_STYLE('',(#1605));
#1012=EDGE_LOOP('',(#1606,#1607,#1608,#1609));
#1013=AXIS2_PLACEMENT_3D('',#1610,#1611,#1612);
#1014=SURFACE_SIDE_STYLE('',(#1613));
#1015=EDGE_LOOP('',(#1614,#1615,#1616,#1617));
#1016=AXIS2_PLACEMENT_3D('',#1618,#1619,#1620);
#1017=SURFACE_SIDE_STYLE('',(#1621));
#1018=EDGE_LOOP('',(#1622,#1623,#1624,#1625));
#1019=AXIS2_PLACEMENT_3D('',#1626,#1627,#1628);
#1020=SURFACE_SIDE_STYLE('',(#1629));
#1021=EDGE_LOOP('',(#1630,#1631,#1632,#1633));
#1022=AXIS2_PLACEMENT_3D('',#1634,#1635,#1636);
#1023=SURFACE_SIDE_STYLE('',(#1637));
#1024=EDGE_LOOP('',(#1638,#1639,#1640,#1641));
#1025=AXIS2_PLACEMENT_3D('',#1642,#1643,#1644);
#1026=SURFACE_SIDE_STYLE('',(#1645));
#1027=EDGE_LOOP('',(#1646,#1647,#1648,#1649));
#1028=AXIS2_PLACEMENT_3D('',#1650,#1651,#1652);
#1029=SURFACE_SIDE_STYLE('',(#1653));
#1030=EDGE_LOOP('',(#1654,#1655,#1656,#1657));
#1031=AXIS2_PLACEMENT_3D('',#1658,#1659,#1660);
#1032=SURFACE_SIDE_STYLE('',(#1661));
#1033=EDGE_LOOP('',(#1662,#1663,#1664,#1665));
#1034=AXIS2_PLACEMENT_3D('',#1666,#1667,#1668);
#1035=SURFACE_SIDE_STYLE('',(#1669));
#1036=EDGE_LOOP('',(#1670,#1671,#1672,#1673));
#1037=AXIS2_PLACEMENT_3D('',#1674,#1675,#1676);
#1038=SURFACE_SIDE_STYLE('',(#1677));
#1039=EDGE_LOOP('',(#1678,#1679,#1680,#1681));
#1040=AXIS2_PLACEMENT_3D('',#1682,#1683,#1684);
#1041=SURFACE_SIDE_STYLE('',(#1685));
#1042=EDGE_LOOP('',(#1686,#1687,#1688,#1689));
#1043=AXIS2_PLACEMENT_3D('',#1690,#1691,#1692);
#1044=SURFACE_SIDE_STYLE('',(#1693));
#1045=EDGE_LOOP('',(#1694,#1695,#1696,#1697));
#1046=AXIS2_PLACEMENT_3D('',#1698,#1699,#1700);
#1047=SURFACE_SIDE_STYLE('',(#1701));
#1048=EDGE_LOOP('',(#1702,#1703,#1704,#1705));
#1049=AXIS2_PLACEMENT_3D('',#1706,#1707,#1708);
#1050=SURFACE_SIDE_STYLE('',(#1709));
#1051=EDGE_LOOP('',(#1710,#1711,#1712,#1713,#1714,#1715,#1716,#1717));
#1052=AXIS2_PLACEMENT_3D('',#1718,#1719,#1720);
#1053=SURFACE_SIDE_STYLE('',(#1721));
#1054=EDGE_LOOP('',(#1722,#1723,#1724,#1725));
#1055=EDGE_LOOP('',(#1726,#1727,#1728,#1729));
#1056=EDGE_LOOP('',(#1730,#1731,#1732,#1733));
#1057=EDGE_LOOP('',(#1734,#1735,#1736,#1737));
#1058=EDGE_LOOP('',(#1738,#1739,#1740,#1741));
#1059=EDGE_LOOP('',(#1742,#1743,#1744,#1745));
#1060=EDGE_LOOP('',(#1746,#1747,#1748,#1749));
#1061=EDGE_LOOP('',(#1750,#1751,#1752,#1753));
#1062=EDGE_LOOP('',(#1754,#1755,#1756,#1757));
#1063=AXIS2_PLACEMENT_3D('',#1758,#1759,#1760);
#1064=SURFACE_SIDE_STYLE('',(#1761));
#1065=EDGE_LOOP('',(#1762,#1763,#1764,#1765));
#1066=AXIS2_PLACEMENT_3D('',#1766,#1767,#1768);
#1067=SURFACE_SIDE_STYLE('',(#1769));
#1068=EDGE_LOOP('',(#1770,#1771,#1772,#1773,#1774,#1775,#1776,#1777));
#1069=AXIS2_PLACEMENT_3D('',#1778,#1779,#1780);
#1070=SURFACE_SIDE_STYLE('',(#1781));
#1071=EDGE_LOOP('',(#1782,#1783,#1784,#1785,#1786,#1787,#1788,#1789));
#1072=AXIS2_PLACEMENT_3D('',#1790,#1791,#1792);
#1073=SURFACE_SIDE_STYLE('',(#1793));
#1074=EDGE_LOOP('',(#1794,#1795,#1796,#1797,#1798,#1799,#1800,#1801));
#1075=AXIS2_PLACEMENT_3D('',#1802,#1803,#1804);
#1076=SURFACE_SIDE_STYLE('',(#1805));
#1077=EDGE_LOOP('',(#1806,#1807,#1808,#1809));
#1078=AXIS2_PLACEMENT_3D('',#1810,#1811,#1812);
#1079=SURFACE_SIDE_STYLE('',(#1813));
#1080=EDGE_LOOP('',(#1814,#1815,#1816,#1817));
#1081=AXIS2_PLACEMENT_3D('',#1818,#1819,#1820);
#1082=SURFACE_SIDE_STYLE('',(#1821));
#1083=EDGE_LOOP('',(#1822,#1823,#1824,#1825));
#1084=AXIS2_PLACEMENT_3D('',#1826,#1827,#1828);
#1085=SURFACE_SIDE_STYLE('',(#1829));
#1086=EDGE_LOOP('',(#1830,#1831,#1832,#1833));
#1087=AXIS2_PLACEMENT_3D('',#1834,#1835,#1836);
#1088=SURFACE_SIDE_STYLE('',(#1837));
#1089=EDGE_LOOP('',(#1838,#1839,#1840,#1841));
#1090=AXIS2_PLACEMENT_3D('',#1842,#1843,#1844);
#1091=SURFACE_SIDE_STYLE('',(#1845));
#1092=EDGE_LOOP('',(#1846,#1847,#1848,#1849));
#1093=AXIS2_PLACEMENT_3D('',#1850,#1851,#1852);
#1094=SURFACE_SIDE_STYLE('',(#1853));
#1095=EDGE_LOOP('',(#1854,#1855,#1856,#1857));
#1096=AXIS2_PLACEMENT_3D('',#1858,#1859,#1860);
#1097=SURFACE_SIDE_STYLE('',(#1861));
#1098=EDGE_LOOP('',(#1862,#1863,#1864,#1865));
#1099=AXIS2_PLACEMENT_3D('',#1866,#1867,#1868);
#1100=SURFACE_SIDE_STYLE('',(#1869));
#1101=EDGE_LOOP('',(#1870,#1871,#1872,#1873));
#1102=AXIS2_PLACEMENT_3D('',#1874,#1875,#1876);
#1103=SURFACE_SIDE_STYLE('',(#1877));
#1104=EDGE_LOOP('',(#1878,#1879,#1880,#1881));
#1105=AXIS2_PLACEMENT_3D('',#1882,#1883,#1884);
#1106=SURFACE_SIDE_STYLE('',(#1885));
#1107=EDGE_LOOP('',(#1886,#1887,#1888,#1889));
#1108=AXIS2_PLACEMENT_3D('',#1890,#1891,#1892);
#1109=SURFACE_SIDE_STYLE('',(#1893));
#1110=EDGE_LOOP('',(#1894,#1895,#1896,#1897));
#1111=AXIS2_PLACEMENT_3D('',#1898,#1899,#1900);
#1112=SURFACE_SIDE_STYLE('',(#1901));
#1113=EDGE_LOOP('',(#1902,#1903,#1904,#1905));
#1114=AXIS2_PLACEMENT_3D('',#1906,#1907,#1908);
#1115=SURFACE_SIDE_STYLE('',(#1909));
#1116=EDGE_LOOP('',(#1910,#1911,#1912,#1913,#1914,#1915,#1916,#1917));
#1117=AXIS2_PLACEMENT_3D('',#1918,#1919,#1920);
#1118=SURFACE_SIDE_STYLE('',(#1921));
#1119=EDGE_LOOP('',(#1922,#1923,#1924,#1925));
#1120=AXIS2_PLACEMENT_3D('',#1926,#1927,#1928);
#1121=SURFACE_SIDE_STYLE('',(#1929));
#1122=EDGE_LOOP('',(#1930,#1931,#1932,#1933,#1934,#1935,#1936,#1937));
#1123=AXIS2_PLACEMENT_3D('',#1938,#1939,#1940);
#1124=SURFACE_SIDE_STYLE('',(#1941));
#1125=EDGE_LOOP('',(#1942,#1943,#1944,#1945,#1946,#1947,#1948,#1949));
#1126=AXIS2_PLACEMENT_3D('',#1950,#1951,#1952);
#1127=SURFACE_SIDE_STYLE('',(#1953));
#1128=EDGE_LOOP('',(#1954,#1955,#1956,#1957,#1958,#1959,#1960,#1961));
#1129=AXIS2_PLACEMENT_3D('',#1962,#1963,#1964);
#1130=SURFACE_SIDE_STYLE('',(#1965));
#1131=EDGE_LOOP('',(#1966,#1967,#1968,#1969));
#1132=AXIS2_PLACEMENT_3D('',#1970,#1971,#1972);
#1133=SURFACE_SIDE_STYLE('',(#1973));
#1134=EDGE_LOOP('',(#1974,#1975,#1976,#1977));
#1135=AXIS2_PLACEMENT_3D('',#1978,#1979,#1980);
#1136=SURFACE_SIDE_STYLE('',(#1981));
#1137=EDGE_LOOP('',(#1982,#1983,#1984,#1985));
#1138=AXIS2_PLACEMENT_3D('',#1986,#1987,#1988);
#1139=SURFACE_SIDE_STYLE('',(#1989));
#1140=EDGE_LOOP('',(#1990,#1991,#1992,#1993));
#1141=AXIS2_PLACEMENT_3D('',#1994,#1995,#1996);
#1142=SURFACE_SIDE_STYLE('',(#1997));
#1143=EDGE_LOOP('',(#1998,#1999,#2000,#2001));
#1144=AXIS2_PLACEMENT_3D('',#2002,#2003,#2004);
#1145=SURFACE_SIDE_STYLE('',(#2005));
#1146=EDGE_LOOP('',(#2006,#2007,#2008,#2009));
#1147=AXIS2_PLACEMENT_3D('',#2010,#2011,#2012);
#1148=SURFACE_SIDE_STYLE('',(#2013));
#1149=EDGE_LOOP('',(#2014,#2015,#2016,#2017));
#1150=AXIS2_PLACEMENT_3D('',#2018,#2019,#2020);
#1151=SURFACE_SIDE_STYLE('',(#2021));
#1152=EDGE_LOOP('',(#2022,#2023,#2024,#2025));
#1153=AXIS2_PLACEMENT_3D('',#2026,#2027,#2028);
#1154=SURFACE_SIDE_STYLE('',(#2029));
#1155=EDGE_LOOP('',(#2030,#2031,#2032,#2033));
#1156=AXIS2_PLACEMENT_3D('',#2034,#2035,#2036);
#1157=SURFACE_SIDE_STYLE('',(#2037));
#1158=EDGE_LOOP('',(#2038,#2039,#2040,#2041));
#1159=AXIS2_PLACEMENT_3D('',#2042,#2043,#2044);
#1160=SURFACE_SIDE_STYLE('',(#2045));
#1161=EDGE_LOOP('',(#2046,#2047,#2048,#2049));
#1162=AXIS2_PLACEMENT_3D('',#2050,#2051,#2052);
#1163=SURFACE_SIDE_STYLE('',(#2053));
#1164=EDGE_LOOP('',(#2054,#2055,#2056,#2057));
#1165=AXIS2_PLACEMENT_3D('',#2058,#2059,#2060);
#1166=SURFACE_SIDE_STYLE('',(#2061));
#1167=EDGE_LOOP('',(#2062,#2063,#2064,#2065));
#1168=AXIS2_PLACEMENT_3D('',#2066,#2067,#2068);
#1169=SURFACE_SIDE_STYLE('',(#2069));
#1170=EDGE_LOOP('',(#2070,#2071,#2072,#2073,#2074,#2075,#2076,#2077));
#1171=AXIS2_PLACEMENT_3D('',#2078,#2079,#2080);
#1172=SURFACE_SIDE_STYLE('',(#2081));
#1173=EDGE_LOOP('',(#2082,#2083,#2084,#2085));
#1174=AXIS2_PLACEMENT_3D('',#2086,#2087,#2088);
#1175=SURFACE_SIDE_STYLE('',(#2089));
#1176=EDGE_LOOP('',(#2090,#2091,#2092,#2093,#2094,#2095,#2096,#2097));
#1177=AXIS2_PLACEMENT_3D('',#2098,#2099,#2100);
#1178=SURFACE_SIDE_STYLE('',(#2101));
#1179=EDGE_LOOP('',(#2102,#2103,#2104,#2105,#2106,#2107,#2108,#2109));
#1180=AXIS2_PLACEMENT_3D('',#2110,#2111,#2112);
#1181=SURFACE_SIDE_STYLE('',(#2113));
#1182=EDGE_LOOP('',(#2114,#2115,#2116,#2117,#2118,#2119,#2120,#2121));
#1183=AXIS2_PLACEMENT_3D('',#2122,#2123,#2124);
#1184=SURFACE_SIDE_STYLE('',(#2125));
#1185=EDGE_LOOP('',(#2126,#2127,#2128,#2129));
#1186=AXIS2_PLACEMENT_3D('',#2130,#2131,#2132);
#1187=SURFACE_SIDE_STYLE('',(#2133));
#1188=EDGE_LOOP('',(#2134,#2135,#2136,#2137));
#1189=AXIS2_PLACEMENT_3D('',#2138,#2139,#2140);
#1190=SURFACE_SIDE_STYLE('',(#2141));
#1191=EDGE_LOOP('',(#2142,#2143,#2144,#2145));
#1192=AXIS2_PLACEMENT_3D('',#2146,#2147,#2148);
#1193=SURFACE_SIDE_STYLE('',(#2149));
#1194=EDGE_LOOP('',(#2150,#2151,#2152,#2153));
#1195=AXIS2_PLACEMENT_3D('',#2154,#2155,#2156);
#1196=SURFACE_SIDE_STYLE('',(#2157));
#1197=EDGE_LOOP('',(#2158,#2159,#2160,#2161));
#1198=AXIS2_PLACEMENT_3D('',#2162,#2163,#2164);
#1199=SURFACE_SIDE_STYLE('',(#2165));
#1200=EDGE_LOOP('',(#2166,#2167,#2168,#2169));
#1201=AXIS2_PLACEMENT_3D('',#2170,#2171,#2172);
#1202=SURFACE_SIDE_STYLE('',(#2173));
#1203=EDGE_LOOP('',(#2174,#2175,#2176,#2177));
#1204=AXIS2_PLACEMENT_3D('',#2178,#2179,#2180);
#1205=SURFACE_SIDE_STYLE('',(#2181));
#1206=EDGE_LOOP('',(#2182,#2183,#2184,#2185));
#1207=AXIS2_PLACEMENT_3D('',#2186,#2187,#2188);
#1208=SURFACE_SIDE_STYLE('',(#2189));
#1209=EDGE_LOOP('',(#2190,#2191,#2192,#2193));
#1210=AXIS2_PLACEMENT_3D('',#2194,#2195,#2196);
#1211=SURFACE_SIDE_STYLE('',(#2197));
#1212=EDGE_LOOP('',(#2198,#2199,#2200,#2201));
#1213=AXIS2_PLACEMENT_3D('',#2202,#2203,#2204);
#1214=SURFACE_SIDE_STYLE('',(#2205));
#1215=EDGE_LOOP('',(#2206,#2207,#2208,#2209));
#1216=AXIS2_PLACEMENT_3D('',#2210,#2211,#2212);
#1217=SURFACE_SIDE_STYLE('',(#2213));
#1218=EDGE_LOOP('',(#2214,#2215,#2216,#2217));
#1219=AXIS2_PLACEMENT_3D('',#2218,#2219,#2220);
#1220=SURFACE_SIDE_STYLE('',(#2221));
#1221=EDGE_LOOP('',(#2222,#2223,#2224,#2225));
#1222=AXIS2_PLACEMENT_3D('',#2226,#2227,#2228);
#1223=SURFACE_SIDE_STYLE('',(#2229));
#1224=EDGE_LOOP('',(#2230,#2231,#2232,#2233,#2234,#2235,#2236,#2237));
#1225=AXIS2_PLACEMENT_3D('',#2238,#2239,#2240);
#1226=SURFACE_SIDE_STYLE('',(#2241));
#1227=EDGE_LOOP('',(#2242,#2243,#2244,#2245));
#1228=AXIS2_PLACEMENT_3D('',#2246,#2247,#2248);
#1229=SURFACE_SIDE_STYLE('',(#2249));
#1230=EDGE_LOOP('',(#2250,#2251,#2252,#2253,#2254));
#1231=AXIS2_PLACEMENT_3D('',#2255,#2256,#2257);
#1232=SURFACE_SIDE_STYLE('',(#2258));
#1233=EDGE_LOOP('',(#2259,#2260,#2261,#2262,#2263));
#1234=AXIS2_PLACEMENT_3D('',#2264,#2265,#2266);
#1235=SURFACE_SIDE_STYLE('',(#2267));
#1236=EDGE_LOOP('',(#2268,#2269,#2270,#2271,#2272));
#1237=AXIS2_PLACEMENT_3D('',#2273,#2274,#2275);
#1238=SURFACE_SIDE_STYLE('',(#2276));
#1239=EDGE_LOOP('',(#2277,#2278,#2279,#2280));
#1240=AXIS2_PLACEMENT_3D('',#2281,#2282,#2283);
#1241=SURFACE_SIDE_STYLE('',(#2284));
#1242=EDGE_LOOP('',(#2285,#2286,#2287,#2288,#2289));
#1243=AXIS2_PLACEMENT_3D('',#2290,#2291,#2292);
#1244=SURFACE_SIDE_STYLE('',(#2293));
#1245=EDGE_LOOP('',(#2294,#2295,#2296,#2297));
#1246=AXIS2_PLACEMENT_3D('',#2298,#2299,#2300);
#1247=SURFACE_SIDE_STYLE('',(#2301));
#1248=EDGE_LOOP('',(#2302,#2303,#2304,#2305));
#1249=AXIS2_PLACEMENT_3D('',#2306,#2307,#2308);
#1250=SURFACE_SIDE_STYLE('',(#2309));
#1251=EDGE_LOOP('',(#2310,#2311,#2312));
#1252=AXIS2_PLACEMENT_3D('',#2313,#2314,#2315);
#1253=SURFACE_SIDE_STYLE('',(#2316));
#1254=EDGE_LOOP('',(#2317,#2318,#2319,#2320));
#1255=AXIS2_PLACEMENT_3D('',#2321,#2322,#2323);
#1256=SURFACE_SIDE_STYLE('',(#2324));
#1257=EDGE_LOOP('',(#2325,#2326,#2327,#2328));
#1258=AXIS2_PLACEMENT_3D('',#2329,#2330,#2331);
#1259=SURFACE_SIDE_STYLE('',(#2332));
#1260=EDGE_LOOP('',(#2333,#2334,#2335,#2336));
#1261=AXIS2_PLACEMENT_3D('',#2337,#2338,#2339);
#1262=SURFACE_SIDE_STYLE('',(#2340));
#1263=EDGE_LOOP('',(#2341,#2342,#2343,#2344));
#1264=AXIS2_PLACEMENT_3D('',#2345,#2346,#2347);
#1265=SURFACE_SIDE_STYLE('',(#2348));
#1266=EDGE_LOOP('',(#2349,#2350,#2351,#2352));
#1267=AXIS2_PLACEMENT_3D('',#2353,#2354,#2355);
#1268=SURFACE_SIDE_STYLE('',(#2356));
#1269=EDGE_LOOP('',(#2357,#2358,#2359,#2360));
#1270=AXIS2_PLACEMENT_3D('',#2361,#2362,#2363);
#1271=SURFACE_SIDE_STYLE('',(#2364));
#1272=EDGE_LOOP('',(#2365,#2366,#2367,#2368));
#1273=AXIS2_PLACEMENT_3D('',#2369,#2370,#2371);
#1274=SURFACE_SIDE_STYLE('',(#2372));
#1275=EDGE_LOOP('',(#2373,#2374,#2375,#2376));
#1276=AXIS2_PLACEMENT_3D('',#2377,#2378,#2379);
#1277=SURFACE_SIDE_STYLE('',(#2380));
#1278=EDGE_LOOP('',(#2381,#2382,#2383,#2384));
#1279=AXIS2_PLACEMENT_3D('',#2385,#2386,#2387);
#1280=SURFACE_SIDE_STYLE('',(#2388));
#1281=EDGE_LOOP('',(#2389,#2390,#2391,#2392,#2393,#2394,#2395,#2396));
#1282=AXIS2_PLACEMENT_3D('',#2397,#2398,#2399);
#1283=SURFACE_SIDE_STYLE('',(#2400));
#1284=EDGE_LOOP('',(#2401,#2402,#2403,#2404));
#1285=AXIS2_PLACEMENT_3D('',#2405,#2406,#2407);
#1286=SURFACE_SIDE_STYLE('',(#2408));
#1287=EDGE_LOOP('',(#2409,#2410,#2411,#2412,#2413,#2414,#2415,#2416,#2417,#2418));
#1288=AXIS2_PLACEMENT_3D('',#2419,#2420,#2421);
#1289=SURFACE_SIDE_STYLE('',(#2422));
#1290=EDGE_LOOP('',(#2423,#2424,#2425,#2426));
#1291=AXIS2_PLACEMENT_3D('',#2427,#2428,#2429);
#1292=SURFACE_SIDE_STYLE('',(#2430));
#1293=EDGE_LOOP('',(#2431,#2432,#2433,#2434));
#1294=AXIS2_PLACEMENT_3D('',#2435,#2436,#2437);
#1295=SURFACE_SIDE_STYLE('',(#2438));
#1296=EDGE_LOOP('',(#2439,#2440,#2441,#2442,#2443));
#1297=AXIS2_PLACEMENT_3D('',#2444,#2445,#2446);
#1298=SURFACE_SIDE_STYLE('',(#2447));
#1299=EDGE_LOOP('',(#2448,#2449,#2450,#2451,#2452,#2453,#2454,#2455,#2456,#2457,#2458,#2459,#2460));
#1300=AXIS2_PLACEMENT_3D('',#2461,#2462,#2463);
#1301=SURFACE_SIDE_STYLE('',(#2464));
#1302=EDGE_LOOP('',(#2465,#2466));
#1303=EDGE_LOOP('',(#2467,#2468));
#1304=EDGE_LOOP('',(#2469,#2470));
#1305=EDGE_LOOP('',(#2471,#2472));
#1306=EDGE_LOOP('',(#2473,#2474));
#1307=EDGE_LOOP('',(#2475,#2476));
#1308=EDGE_LOOP('',(#2477,#2478));
#1309=EDGE_LOOP('',(#2479,#2480));
#1310=EDGE_LOOP('',(#2481,#2482,#2483,#2484,#2485,#2486));
#1311=AXIS2_PLACEMENT_3D('',#2487,#2488,#2489);
#1312=SURFACE_SIDE_STYLE('',(#2490));
#1313=EDGE_LOOP('',(#2491,#2492,#2493,#2494));
#1314=AXIS2_PLACEMENT_3D('',#2495,#2496,#2497);
#1315=SURFACE_SIDE_STYLE('',(#2498));
#1316=EDGE_LOOP('',(#2499,#2500,#2501,#2502));
#1317=AXIS2_PLACEMENT_3D('',#2503,#2504,#2505);
#1318=SURFACE_SIDE_STYLE('',(#2506));
#1319=EDGE_LOOP('',(#2507,#2508,#2509,#2510));
#1320=AXIS2_PLACEMENT_3D('',#2511,#2512,#2513);
#1321=SURFACE_SIDE_STYLE('',(#2514));
#1322=EDGE_LOOP('',(#2515,#2516,#2517,#2518));
#1323=AXIS2_PLACEMENT_3D('',#2519,#2520,#2521);
#1324=SURFACE_SIDE_STYLE('',(#2522));
#1325=EDGE_LOOP('',(#2523,#2524,#2525,#2526));
#1326=AXIS2_PLACEMENT_3D('',#2527,#2528,#2529);
#1327=SURFACE_SIDE_STYLE('',(#2530));
#1328=EDGE_LOOP('',(#2531,#2532,#2533,#2534));
#1329=AXIS2_PLACEMENT_3D('',#2535,#2536,#2537);
#1330=SURFACE_SIDE_STYLE('',(#2538));
#1331=EDGE_LOOP('',(#2539,#2540,#2541,#2542,#2543,#2544,#2545,#2546,#2547,#2548,#2549));
#1332=AXIS2_PLACEMENT_3D('',#2550,#2551,#2552);
#1333=SURFACE_SIDE_STYLE('',(#2553));
#1334=EDGE_LOOP('',(#2554,#2555,#2556,#2557,#2558,#2559,#2560,#2561,#2562));
#1335=AXIS2_PLACEMENT_3D('',#2563,#2564,#2565);
#1336=SURFACE_SIDE_STYLE('',(#2566));
#1337=EDGE_LOOP('',(#2567,#2568,#2569,#2570));
#1338=AXIS2_PLACEMENT_3D('',#2571,#2572,#2573);
#1339=SURFACE_SIDE_STYLE('',(#2574));
#1340=EDGE_LOOP('',(#2575,#2576,#2577,#2578));
#1341=AXIS2_PLACEMENT_3D('',#2579,#2580,#2581);
#1342=SURFACE_SIDE_STYLE('',(#2582));
#1343=EDGE_LOOP('',(#2583,#2584,#2585,#2586,#2587,#2588,#2589));
#1344=AXIS2_PLACEMENT_3D('',#2590,#2591,#2592);
#1345=SURFACE_SIDE_STYLE('',(#2593));
#1346=EDGE_LOOP('',(#2594,#2595,#2596,#2597));
#1347=AXIS2_PLACEMENT_3D('',#2598,#2599,#2600);
#1348=SURFACE_SIDE_STYLE('',(#2601));
#1349=EDGE_LOOP('',(#2602,#2603,#2604,#2605,#2606,#2607,#2608));
#1350=AXIS2_PLACEMENT_3D('',#2609,#2610,#2611);
#1351=SURFACE_SIDE_STYLE('',(#2612));
#1352=EDGE_LOOP('',(#2613,#2614,#2615,#2616,#2617,#2618,#2619,#2620));
#1353=AXIS2_PLACEMENT_3D('',#2621,#2622,#2623);
#1354=SURFACE_SIDE_STYLE('',(#2624));
#1355=EDGE_LOOP('',(#2625,#2626,#2627,#2628));
#1356=AXIS2_PLACEMENT_3D('',#2629,#2630,#2631);
#1357=SURFACE_SIDE_STYLE('',(#2632));
#1358=EDGE_LOOP('',(#2633,#2634,#2635,#2636,#2637,#2638,#2639,#2640,#2641,#2642,#2643));
#1359=AXIS2_PLACEMENT_3D('',#2644,#2645,#2646);
#1360=SURFACE_SIDE_STYLE('',(#2647));
#1361=EDGE_LOOP('',(#2648,#2649,#2650,#2651));
#1362=AXIS2_PLACEMENT_3D('',#2652,#2653,#2654);
#1363=SURFACE_SIDE_STYLE('',(#2655));
#1364=EDGE_LOOP('',(#2656,#2657,#2658,#2659,#2660,#2661,#2662,#2663));
#1365=AXIS2_PLACEMENT_3D('',#2664,#2665,#2666);
#1367=SURFACE_STYLE_FILL_AREA(#2667);
#1368=ORIENTED_EDGE('',*,*,#2668,.F.);
#1369=ORIENTED_EDGE('',*,*,#2669,.T.);
#1370=ORIENTED_EDGE('',*,*,#2670,.T.);
#1371=ORIENTED_EDGE('',*,*,#2671,.F.);
#1372=ORIENTED_EDGE('',*,*,#2672,.F.);
#1373=CARTESIAN_POINT('',(0.635,-0.154,0.0));
#1374=DIRECTION('',(-0.0,1.0,0.0));
#1375=DIRECTION('',(1.0,0.0,0.0));
#1376=SURFACE_STYLE_FILL_AREA(#2673);
#1377=ORIENTED_EDGE('',*,*,#2674,.F.);
#1378=ORIENTED_EDGE('',*,*,#2675,.T.);
#1379=ORIENTED_EDGE('',*,*,#2676,.T.);
#1380=ORIENTED_EDGE('',*,*,#2677,.F.);
#1381=ORIENTED_EDGE('',*,*,#2678,.F.);
#1382=CARTESIAN_POINT('',(7.62,-0.154,0.0));
#1383=DIRECTION('',(-0.0,1.0,0.0));
#1384=DIRECTION('',(1.0,0.0,0.0));
#1385=SURFACE_STYLE_FILL_AREA(#2679);
#1386=ORIENTED_EDGE('',*,*,#2680,.F.);
#1387=ORIENTED_EDGE('',*,*,#2681,.F.);
#1388=ORIENTED_EDGE('',*,*,#2682,.F.);
#1389=ORIENTED_EDGE('',*,*,#2683,.F.);
#1390=CARTESIAN_POINT('',(2.2225,3.0488,-0.635));
#1391=DIRECTION('',(-0.0,1.0,0.0));
#1392=DIRECTION('',(1.0,0.0,0.0));
#1393=SURFACE_STYLE_FILL_AREA(#2684);
#1394=ORIENTED_EDGE('',*,*,#2685,.F.);
#1395=ORIENTED_EDGE('',*,*,#2686,.F.);
#1396=ORIENTED_EDGE('',*,*,#2687,.F.);
#1397=ORIENTED_EDGE('',*,*,#2688,.F.);
#1398=CARTESIAN_POINT('',(2.2225,3.0488,0.635));
#1399=DIRECTION('',(-0.0,1.0,0.0));
#1400=DIRECTION('',(1.0,0.0,0.0));
#1401=SURFACE_STYLE_FILL_AREA(#2689);
#1402=ORIENTED_EDGE('',*,*,#2690,.F.);
#1403=ORIENTED_EDGE('',*,*,#2691,.F.);
#1404=ORIENTED_EDGE('',*,*,#2692,.F.);
#1405=ORIENTED_EDGE('',*,*,#2693,.F.);
#1406=CARTESIAN_POINT('',(3.4925,3.0488,-0.635));
#1407=DIRECTION('',(-0.0,1.0,0.0));
#1408=DIRECTION('',(1.0,0.0,0.0));
#1409=SURFACE_STYLE_FILL_AREA(#2694);
#1410=ORIENTED_EDGE('',*,*,#2695,.F.);
#1411=ORIENTED_EDGE('',*,*,#2696,.F.);
#1412=ORIENTED_EDGE('',*,*,#2697,.F.);
#1413=ORIENTED_EDGE('',*,*,#2698,.F.);
#1414=CARTESIAN_POINT('',(3.4925,3.0488,0.635));
#1415=DIRECTION('',(-0.0,1.0,0.0));
#1416=DIRECTION('',(1.0,0.0,0.0));
#1417=SURFACE_STYLE_FILL_AREA(#2699);
#1418=ORIENTED_EDGE('',*,*,#2700,.F.);
#1419=ORIENTED_EDGE('',*,*,#2701,.F.);
#1420=ORIENTED_EDGE('',*,*,#2702,.F.);
#1421=ORIENTED_EDGE('',*,*,#2703,.F.);
#1422=CARTESIAN_POINT('',(4.7625,3.0488,-0.635));
#1423=DIRECTION('',(-0.0,1.0,0.0));
#1424=DIRECTION('',(1.0,0.0,0.0));
#1425=SURFACE_STYLE_FILL_AREA(#2704);
#1426=ORIENTED_EDGE('',*,*,#2705,.F.);
#1427=ORIENTED_EDGE('',*,*,#2706,.F.);
#1428=ORIENTED_EDGE('',*,*,#2707,.F.);
#1429=ORIENTED_EDGE('',*,*,#2708,.F.);
#1430=CARTESIAN_POINT('',(4.7625,3.0488,0.635));
#1431=DIRECTION('',(-0.0,1.0,0.0));
#1432=DIRECTION('',(1.0,0.0,0.0));
#1433=SURFACE_STYLE_FILL_AREA(#2709);
#1434=ORIENTED_EDGE('',*,*,#2710,.F.);
#1435=ORIENTED_EDGE('',*,*,#2711,.F.);
#1436=ORIENTED_EDGE('',*,*,#2712,.F.);
#1437=ORIENTED_EDGE('',*,*,#2713,.F.);
#1438=CARTESIAN_POINT('',(6.0325,3.0488,-0.635));
#1439=DIRECTION('',(-0.0,1.0,0.0));
#1440=DIRECTION('',(1.0,0.0,0.0));
#1441=SURFACE_STYLE_FILL_AREA(#2714);
#1442=ORIENTED_EDGE('',*,*,#2715,.F.);
#1443=ORIENTED_EDGE('',*,*,#2716,.F.);
#1444=ORIENTED_EDGE('',*,*,#2717,.F.);
#1445=ORIENTED_EDGE('',*,*,#2718,.F.);
#1446=CARTESIAN_POINT('',(6.0325,3.0488,0.635));
#1447=DIRECTION('',(-0.0,1.0,0.0));
#1448=DIRECTION('',(1.0,0.0,0.0));
#1449=SURFACE_STYLE_FILL_AREA(#2719);
#1450=ORIENTED_EDGE('',*,*,#2715,.T.);
#1451=ORIENTED_EDGE('',*,*,#2720,.F.);
#1452=ORIENTED_EDGE('',*,*,#2717,.T.);
#1453=ORIENTED_EDGE('',*,*,#2721,.F.);
#1454=CARTESIAN_POINT('',(6.0325,3.0488,0.635));
#1455=DIRECTION('',(-0.0,1.0,0.0));
#1456=DIRECTION('',(1.0,0.0,0.0));
#1457=SURFACE_STYLE_FILL_AREA(#2722);
#1458=ORIENTED_EDGE('',*,*,#2718,.T.);
#1459=ORIENTED_EDGE('',*,*,#2720,.T.);
#1460=CARTESIAN_POINT('',(6.0325,4.7625,0.635));
#1461=DIRECTION('',(-0.0,1.0,0.0));
#1462=DIRECTION('',(1.0,0.0,0.0));
#1463=SURFACE_STYLE_FILL_AREA(#2723);
#1464=ORIENTED_EDGE('',*,*,#2710,.T.);
#1465=ORIENTED_EDGE('',*,*,#2724,.F.);
#1466=ORIENTED_EDGE('',*,*,#2712,.T.);
#1467=ORIENTED_EDGE('',*,*,#2725,.F.);
#1468=CARTESIAN_POINT('',(6.0325,3.0488,-0.635));
#1469=DIRECTION('',(-0.0,1.0,0.0));
#1470=DIRECTION('',(1.0,0.0,0.0));
#1471=SURFACE_STYLE_FILL_AREA(#2726);
#1472=ORIENTED_EDGE('',*,*,#2713,.T.);
#1473=ORIENTED_EDGE('',*,*,#2724,.T.);
#1474=CARTESIAN_POINT('',(6.0325,4.7625,-0.635));
#1475=DIRECTION('',(-0.0,1.0,0.0));
#1476=DIRECTION('',(1.0,0.0,0.0));
#1477=SURFACE_STYLE_FILL_AREA(#2727);
#1478=ORIENTED_EDGE('',*,*,#2705,.T.);
#1479=ORIENTED_EDGE('',*,*,#2728,.F.);
#1480=ORIENTED_EDGE('',*,*,#2707,.T.);
#1481=ORIENTED_EDGE('',*,*,#2729,.F.);
#1482=CARTESIAN_POINT('',(4.7625,3.0488,0.635));
#1483=DIRECTION('',(-0.0,1.0,0.0));
#1484=DIRECTION('',(1.0,0.0,0.0));
#1485=SURFACE_STYLE_FILL_AREA(#2730);
#1486=ORIENTED_EDGE('',*,*,#2708,.T.);
#1487=ORIENTED_EDGE('',*,*,#2728,.T.);
#1488=CARTESIAN_POINT('',(4.7625,4.7625,0.635));
#1489=DIRECTION('',(-0.0,1.0,0.0));
#1490=DIRECTION('',(1.0,0.0,0.0));
#1491=SURFACE_STYLE_FILL_AREA(#2731);
#1492=ORIENTED_EDGE('',*,*,#2700,.T.);
#1493=ORIENTED_EDGE('',*,*,#2732,.F.);
#1494=ORIENTED_EDGE('',*,*,#2702,.T.);
#1495=ORIENTED_EDGE('',*,*,#2733,.F.);
#1496=CARTESIAN_POINT('',(4.7625,3.0488,-0.635));
#1497=DIRECTION('',(-0.0,1.0,0.0));
#1498=DIRECTION('',(1.0,0.0,0.0));
#1499=SURFACE_STYLE_FILL_AREA(#2734);
#1500=ORIENTED_EDGE('',*,*,#2703,.T.);
#1501=ORIENTED_EDGE('',*,*,#2732,.T.);
#1502=CARTESIAN_POINT('',(4.7625,4.7625,-0.635));
#1503=DIRECTION('',(-0.0,1.0,0.0));
#1504=DIRECTION('',(1.0,0.0,0.0));
#1505=SURFACE_STYLE_FILL_AREA(#2735);
#1506=ORIENTED_EDGE('',*,*,#2695,.T.);
#1507=ORIENTED_EDGE('',*,*,#2736,.F.);
#1508=ORIENTED_EDGE('',*,*,#2697,.T.);
#1509=ORIENTED_EDGE('',*,*,#2737,.F.);
#1510=CARTESIAN_POINT('',(3.4925,3.0488,0.635));
#1511=DIRECTION('',(-0.0,1.0,0.0));
#1512=DIRECTION('',(1.0,0.0,0.0));
#1513=SURFACE_STYLE_FILL_AREA(#2738);
#1514=ORIENTED_EDGE('',*,*,#2698,.T.);
#1515=ORIENTED_EDGE('',*,*,#2736,.T.);
#1516=CARTESIAN_POINT('',(3.4925,4.7625,0.635));
#1517=DIRECTION('',(-0.0,1.0,0.0));
#1518=DIRECTION('',(1.0,0.0,0.0));
#1519=SURFACE_STYLE_FILL_AREA(#2739);
#1520=ORIENTED_EDGE('',*,*,#2690,.T.);
#1521=ORIENTED_EDGE('',*,*,#2740,.F.);
#1522=ORIENTED_EDGE('',*,*,#2692,.T.);
#1523=ORIENTED_EDGE('',*,*,#2741,.F.);
#1524=CARTESIAN_POINT('',(3.4925,3.0488,-0.635));
#1525=DIRECTION('',(-0.0,1.0,0.0));
#1526=DIRECTION('',(1.0,0.0,0.0));
#1527=SURFACE_STYLE_FILL_AREA(#2742);
#1528=ORIENTED_EDGE('',*,*,#2693,.T.);
#1529=ORIENTED_EDGE('',*,*,#2740,.T.);
#1530=CARTESIAN_POINT('',(3.4925,4.7625,-0.635));
#1531=DIRECTION('',(-0.0,1.0,0.0));
#1532=DIRECTION('',(1.0,0.0,0.0));
#1533=SURFACE_STYLE_FILL_AREA(#2743);
#1534=ORIENTED_EDGE('',*,*,#2685,.T.);
#1535=ORIENTED_EDGE('',*,*,#2744,.F.);
#1536=ORIENTED_EDGE('',*,*,#2687,.T.);
#1537=ORIENTED_EDGE('',*,*,#2745,.F.);
#1538=CARTESIAN_POINT('',(2.2225,3.0488,0.635));
#1539=DIRECTION('',(-0.0,1.0,0.0));
#1540=DIRECTION('',(1.0,0.0,0.0));
#1541=SURFACE_STYLE_FILL_AREA(#2746);
#1542=ORIENTED_EDGE('',*,*,#2688,.T.);
#1543=ORIENTED_EDGE('',*,*,#2744,.T.);
#1544=CARTESIAN_POINT('',(2.2225,4.7625,0.635));
#1545=DIRECTION('',(-0.0,1.0,0.0));
#1546=DIRECTION('',(1.0,0.0,0.0));
#1547=SURFACE_STYLE_FILL_AREA(#2747);
#1548=ORIENTED_EDGE('',*,*,#2680,.T.);
#1549=ORIENTED_EDGE('',*,*,#2748,.F.);
#1550=ORIENTED_EDGE('',*,*,#2682,.T.);
#1551=ORIENTED_EDGE('',*,*,#2749,.F.);
#1552=CARTESIAN_POINT('',(2.2225,3.0488,-0.635));
#1553=DIRECTION('',(-0.0,1.0,0.0));
#1554=DIRECTION('',(1.0,0.0,0.0));
#1555=SURFACE_STYLE_FILL_AREA(#2750);
#1556=ORIENTED_EDGE('',*,*,#2683,.T.);
#1557=ORIENTED_EDGE('',*,*,#2748,.T.);
#1558=CARTESIAN_POINT('',(2.2225,4.7625,-0.635));
#1559=DIRECTION('',(-0.0,1.0,0.0));
#1560=DIRECTION('',(1.0,0.0,0.0));
#1561=SURFACE_STYLE_FILL_AREA(#2751);
#1562=ORIENTED_EDGE('',*,*,#2752,.F.);
#1563=ORIENTED_EDGE('',*,*,#2753,.T.);
#1564=ORIENTED_EDGE('',*,*,#2754,.T.);
#1565=ORIENTED_EDGE('',*,*,#2755,.T.);
#1566=CARTESIAN_POINT('',(5.8547,0.3508,-0.508000000000001));
#1567=DIRECTION('',(-6.12303176911189E-17,4.45514857393723E-16,1.0));
#1568=DIRECTION('',(-2.72790162543311E-32,-1.0,4.45514857393723E-16));
#1569=SURFACE_STYLE_FILL_AREA(#2756);
#1570=ORIENTED_EDGE('',*,*,#2757,.F.);
#1571=ORIENTED_EDGE('',*,*,#2758,.F.);
#1572=ORIENTED_EDGE('',*,*,#2759,.F.);
#1573=ORIENTED_EDGE('',*,*,#2760,.F.);
#1574=ORIENTED_EDGE('',*,*,#2761,.F.);
#1575=ORIENTED_EDGE('',*,*,#2762,.T.);
#1576=ORIENTED_EDGE('',*,*,#2763,.T.);
#1577=ORIENTED_EDGE('',*,*,#2764,.F.);
#1578=CARTESIAN_POINT('',(5.8547,0.160518396264311,-1.66533453693773E-16));
#1579=DIRECTION('',(1.0,0.0,6.12303176911189E-17));
#1580=DIRECTION('',(6.12303176911189E-17,0.0,-1.0));
#1581=SURFACE_STYLE_FILL_AREA(#2765);
#1582=ORIENTED_EDGE('',*,*,#2766,.F.);
#1583=ORIENTED_EDGE('',*,*,#2767,.F.);
#1584=ORIENTED_EDGE('',*,*,#2768,.F.);
#1585=ORIENTED_EDGE('',*,*,#2769,.F.);
#1586=ORIENTED_EDGE('',*,*,#2770,.F.);
#1587=ORIENTED_EDGE('',*,*,#2771,.F.);
#1588=ORIENTED_EDGE('',*,*,#2772,.F.);
#1589=ORIENTED_EDGE('',*,*,#2773,.F.);
#1590=CARTESIAN_POINT('',(6.2103,0.160518396264311,-1.44759952722812E-16));
#1591=DIRECTION('',(1.0,0.0,6.12303176911189E-17));
#1592=DIRECTION('',(6.12303176911189E-17,0.0,-1.0));
#1593=SURFACE_STYLE_FILL_AREA(#2774);
#1594=ORIENTED_EDGE('',*,*,#2775,.F.);
#1595=ORIENTED_EDGE('',*,*,#2755,.F.);
#1596=ORIENTED_EDGE('',*,*,#2776,.F.);
#1597=ORIENTED_EDGE('',*,*,#2777,.F.);
#1598=ORIENTED_EDGE('',*,*,#2778,.F.);
#1599=ORIENTED_EDGE('',*,*,#2779,.F.);
#1600=ORIENTED_EDGE('',*,*,#2780,.F.);
#1601=ORIENTED_EDGE('',*,*,#2781,.F.);
#1602=CARTESIAN_POINT('',(6.2103,0.160518396264311,-1.44759952722812E-16));
#1603=DIRECTION('',(1.0,0.0,6.12303176911189E-17));
#1604=DIRECTION('',(6.12303176911189E-17,0.0,-1.0));
#1605=SURFACE_STYLE_FILL_AREA(#2782);
#1606=ORIENTED_EDGE('',*,*,#2783,.F.);
#1607=ORIENTED_EDGE('',*,*,#2773,.T.);
#1608=ORIENTED_EDGE('',*,*,#2784,.F.);
#1609=ORIENTED_EDGE('',*,*,#2758,.T.);
#1610=CARTESIAN_POINT('',(5.8547,0.3508,0.507999999999999));
#1611=DIRECTION('',(6.12303176911189E-17,0.0,-1.0));
#1612=DIRECTION('',(0.0,1.0,0.0));
#1613=SURFACE_STYLE_FILL_AREA(#2785);
#1614=ORIENTED_EDGE('',*,*,#2769,.T.);
#1615=ORIENTED_EDGE('',*,*,#2786,.F.);
#1616=ORIENTED_EDGE('',*,*,#2762,.F.);
#1617=ORIENTED_EDGE('',*,*,#2787,.T.);
#1618=CARTESIAN_POINT('',(5.8547,0.1016,1.93675));
#1619=DIRECTION('',(3.64956917532891E-33,1.0,-5.96039562254021E-17));
#1620=DIRECTION('',(-6.12303176911189E-17,5.96039562254021E-17,1.0));
#1621=SURFACE_STYLE_FILL_AREA(#2788);
#1622=ORIENTED_EDGE('',*,*,#2768,.T.);
#1623=ORIENTED_EDGE('',*,*,#2789,.F.);
#1624=ORIENTED_EDGE('',*,*,#2763,.F.);
#1625=ORIENTED_EDGE('',*,*,#2786,.T.);
#1626=CARTESIAN_POINT('',(5.8547,0.2286,0.888999999999999));
#1627=DIRECTION('',(1.0,0.0,6.12303176911189E-17));
#1628=DIRECTION('',(6.12303176911189E-17,0.0,-1.0));
#1629=SURFACE_STYLE_FILL_AREA(#2790);
#1630=ORIENTED_EDGE('',*,*,#2791,.F.);
#1631=ORIENTED_EDGE('',*,*,#2764,.T.);
#1632=ORIENTED_EDGE('',*,*,#2789,.T.);
#1633=ORIENTED_EDGE('',*,*,#2767,.T.);
#1634=CARTESIAN_POINT('',(5.8547,0.4953,0.762));
#1635=DIRECTION('',(-6.12303176911189E-17,0.0,1.0));
#1636=DIRECTION('',(0.0,-1.0,0.0));
#1637=SURFACE_STYLE_FILL_AREA(#2792);
#1638=ORIENTED_EDGE('',*,*,#2793,.F.);
#1639=ORIENTED_EDGE('',*,*,#2781,.T.);
#1640=ORIENTED_EDGE('',*,*,#2794,.F.);
#1641=ORIENTED_EDGE('',*,*,#2795,.T.);
#1642=CARTESIAN_POINT('',(5.8547,0.4953,-0.762000000000001));
#1643=DIRECTION('',(6.12303176911189E-17,0.0,-1.0));
#1644=DIRECTION('',(0.0,1.0,0.0));
#1645=SURFACE_STYLE_FILL_AREA(#2796);
#1646=ORIENTED_EDGE('',*,*,#2780,.T.);
#1647=ORIENTED_EDGE('',*,*,#2797,.F.);
#1648=ORIENTED_EDGE('',*,*,#2798,.F.);
#1649=ORIENTED_EDGE('',*,*,#2794,.T.);
#1650=CARTESIAN_POINT('',(5.8547,0.2286,-0.889000000000001));
#1651=DIRECTION('',(1.0,0.0,6.12303176911189E-17));
#1652=DIRECTION('',(6.12303176911189E-17,0.0,-1.0));
#1653=SURFACE_STYLE_FILL_AREA(#2799);
#1654=ORIENTED_EDGE('',*,*,#2779,.T.);
#1655=ORIENTED_EDGE('',*,*,#2800,.F.);
#1656=ORIENTED_EDGE('',*,*,#2801,.T.);
#1657=ORIENTED_EDGE('',*,*,#2797,.T.);
#1658=CARTESIAN_POINT('',(5.8547,0.1016,-1.93675));
#1659=DIRECTION('',(-8.11015372295314E-34,1.0,1.32453236056449E-17));
#1660=DIRECTION('',(-6.12303176911189E-17,-1.32453236056449E-17,1.0));
#1661=SURFACE_STYLE_FILL_AREA(#2802);
#1662=ORIENTED_EDGE('',*,*,#2778,.T.);
#1663=ORIENTED_EDGE('',*,*,#2803,.F.);
#1664=ORIENTED_EDGE('',*,*,#2804,.T.);
#1665=ORIENTED_EDGE('',*,*,#2800,.T.);
#1666=CARTESIAN_POINT('',(5.8547,-0.0254000000000002,-2.9845));
#1667=DIRECTION('',(6.12303176911189E-17,0.0,-1.0));
#1668=DIRECTION('',(0.0,1.0,0.0));
#1669=SURFACE_STYLE_FILL_AREA(#2805);
#1670=ORIENTED_EDGE('',*,*,#2777,.T.);
#1671=ORIENTED_EDGE('',*,*,#2806,.F.);
#1672=ORIENTED_EDGE('',*,*,#2807,.T.);
#1673=ORIENTED_EDGE('',*,*,#2803,.T.);
#1674=CARTESIAN_POINT('',(5.8547,-0.1524,-1.87325));
#1675=DIRECTION('',(0.0,-1.0,0.0));
#1676=DIRECTION('',(6.12303176911189E-17,0.0,-1.0));
#1677=SURFACE_STYLE_FILL_AREA(#2808);
#1678=ORIENTED_EDGE('',*,*,#2776,.T.);
#1679=ORIENTED_EDGE('',*,*,#2754,.F.);
#1680=ORIENTED_EDGE('',*,*,#2809,.T.);
#1681=ORIENTED_EDGE('',*,*,#2806,.T.);
#1682=CARTESIAN_POINT('',(5.8547,0.1016,-0.762000000000001));
#1683=DIRECTION('',(1.0,0.0,6.12303176911189E-17));
#1684=DIRECTION('',(6.12303176911189E-17,0.0,-1.0));
#1685=SURFACE_STYLE_FILL_AREA(#2810);
#1686=ORIENTED_EDGE('',*,*,#2772,.T.);
#1687=ORIENTED_EDGE('',*,*,#2811,.F.);
#1688=ORIENTED_EDGE('',*,*,#2759,.T.);
#1689=ORIENTED_EDGE('',*,*,#2784,.T.);
#1690=CARTESIAN_POINT('',(5.8547,0.1016,0.761999999999999));
#1691=DIRECTION('',(1.0,0.0,6.12303176911189E-17));
#1692=DIRECTION('',(6.12303176911189E-17,0.0,-1.0));
#1693=SURFACE_STYLE_FILL_AREA(#2812);
#1694=ORIENTED_EDGE('',*,*,#2771,.T.);
#1695=ORIENTED_EDGE('',*,*,#2813,.F.);
#1696=ORIENTED_EDGE('',*,*,#2760,.T.);
#1697=ORIENTED_EDGE('',*,*,#2811,.T.);
#1698=CARTESIAN_POINT('',(5.8547,-0.1524,1.87325));
#1699=DIRECTION('',(0.0,-1.0,0.0));
#1700=DIRECTION('',(6.12303176911189E-17,0.0,-1.0));
#1701=SURFACE_STYLE_FILL_AREA(#2814);
#1702=ORIENTED_EDGE('',*,*,#2770,.T.);
#1703=ORIENTED_EDGE('',*,*,#2787,.F.);
#1704=ORIENTED_EDGE('',*,*,#2761,.T.);
#1705=ORIENTED_EDGE('',*,*,#2813,.T.);
#1706=CARTESIAN_POINT('',(5.8547,-0.0254000000000001,2.9845));
#1707=DIRECTION('',(-6.12303176911189E-17,0.0,1.0));
#1708=DIRECTION('',(0.0,-1.0,0.0));
#1709=SURFACE_STYLE_FILL_AREA(#2815);
#1710=ORIENTED_EDGE('',*,*,#2816,.F.);
#1711=ORIENTED_EDGE('',*,*,#2795,.F.);
#1712=ORIENTED_EDGE('',*,*,#2798,.T.);
#1713=ORIENTED_EDGE('',*,*,#2801,.F.);
#1714=ORIENTED_EDGE('',*,*,#2804,.F.);
#1715=ORIENTED_EDGE('',*,*,#2807,.F.);
#1716=ORIENTED_EDGE('',*,*,#2809,.F.);
#1717=ORIENTED_EDGE('',*,*,#2753,.F.);
#1718=CARTESIAN_POINT('',(5.8547,0.160518396264311,-1.66533453693773E-16));
#1719=DIRECTION('',(1.0,0.0,6.12303176911189E-17));
#1720=DIRECTION('',(6.12303176911189E-17,0.0,-1.0));
#1721=SURFACE_STYLE_FILL_AREA(#2817);
#1722=ORIENTED_EDGE('',*,*,#2818,.T.);
#1723=ORIENTED_EDGE('',*,*,#2819,.T.);
#1724=ORIENTED_EDGE('',*,*,#2820,.T.);
#1725=ORIENTED_EDGE('',*,*,#2821,.T.);
#1726=ORIENTED_EDGE('',*,*,#2822,.T.);
#1727=ORIENTED_EDGE('',*,*,#2823,.T.);
#1728=ORIENTED_EDGE('',*,*,#2824,.T.);
#1729=ORIENTED_EDGE('',*,*,#2825,.T.);
#1730=ORIENTED_EDGE('',*,*,#2826,.T.);
#1731=ORIENTED_EDGE('',*,*,#2827,.T.);
#1732=ORIENTED_EDGE('',*,*,#2828,.T.);
#1733=ORIENTED_EDGE('',*,*,#2829,.T.);
#1734=ORIENTED_EDGE('',*,*,#2830,.T.);
#1735=ORIENTED_EDGE('',*,*,#2831,.T.);
#1736=ORIENTED_EDGE('',*,*,#2832,.T.);
#1737=ORIENTED_EDGE('',*,*,#2833,.T.);
#1738=ORIENTED_EDGE('',*,*,#2834,.T.);
#1739=ORIENTED_EDGE('',*,*,#2835,.F.);
#1740=ORIENTED_EDGE('',*,*,#2836,.T.);
#1741=ORIENTED_EDGE('',*,*,#2837,.T.);
#1742=ORIENTED_EDGE('',*,*,#2838,.T.);
#1743=ORIENTED_EDGE('',*,*,#2839,.T.);
#1744=ORIENTED_EDGE('',*,*,#2840,.T.);
#1745=ORIENTED_EDGE('',*,*,#2841,.T.);
#1746=ORIENTED_EDGE('',*,*,#2842,.T.);
#1747=ORIENTED_EDGE('',*,*,#2843,.T.);
#1748=ORIENTED_EDGE('',*,*,#2844,.T.);
#1749=ORIENTED_EDGE('',*,*,#2845,.T.);
#1750=ORIENTED_EDGE('',*,*,#2783,.T.);
#1751=ORIENTED_EDGE('',*,*,#2757,.T.);
#1752=ORIENTED_EDGE('',*,*,#2791,.T.);
#1753=ORIENTED_EDGE('',*,*,#2766,.T.);
#1754=ORIENTED_EDGE('',*,*,#2752,.T.);
#1755=ORIENTED_EDGE('',*,*,#2775,.T.);
#1756=ORIENTED_EDGE('',*,*,#2793,.T.);
#1757=ORIENTED_EDGE('',*,*,#2816,.T.);
#1758=CARTESIAN_POINT('',(4.1275,0.508,0.0));
#1759=DIRECTION('',(0.0,-1.0,0.0));
#1760=DIRECTION('',(0.0,0.0,-1.0));
#1761=SURFACE_STYLE_FILL_AREA(#2846);
#1762=ORIENTED_EDGE('',*,*,#2818,.F.);
#1763=ORIENTED_EDGE('',*,*,#2847,.T.);
#1764=ORIENTED_EDGE('',*,*,#2848,.T.);
#1765=ORIENTED_EDGE('',*,*,#2849,.T.);
#1766=CARTESIAN_POINT('',(4.5847,0.3508,-0.508000000000001));
#1767=DIRECTION('',(-6.12303176911189E-17,4.45514857393723E-16,1.0));
#1768=DIRECTION('',(-2.72790162543311E-32,-1.0,4.45514857393723E-16));
#1769=SURFACE_STYLE_FILL_AREA(#2850);
#1770=ORIENTED_EDGE('',*,*,#2823,.F.);
#1771=ORIENTED_EDGE('',*,*,#2851,.F.);
#1772=ORIENTED_EDGE('',*,*,#2852,.F.);
#1773=ORIENTED_EDGE('',*,*,#2853,.F.);
#1774=ORIENTED_EDGE('',*,*,#2854,.F.);
#1775=ORIENTED_EDGE('',*,*,#2855,.T.);
#1776=ORIENTED_EDGE('',*,*,#2856,.T.);
#1777=ORIENTED_EDGE('',*,*,#2857,.F.);
#1778=CARTESIAN_POINT('',(4.5847,0.160518396264311,-1.66533453693773E-16));
#1779=DIRECTION('',(1.0,0.0,6.12303176911189E-17));
#1780=DIRECTION('',(6.12303176911189E-17,0.0,-1.0));
#1781=SURFACE_STYLE_FILL_AREA(#2858);
#1782=ORIENTED_EDGE('',*,*,#2825,.F.);
#1783=ORIENTED_EDGE('',*,*,#2859,.F.);
#1784=ORIENTED_EDGE('',*,*,#2860,.F.);
#1785=ORIENTED_EDGE('',*,*,#2861,.F.);
#1786=ORIENTED_EDGE('',*,*,#2862,.F.);
#1787=ORIENTED_EDGE('',*,*,#2863,.F.);
#1788=ORIENTED_EDGE('',*,*,#2864,.F.);
#1789=ORIENTED_EDGE('',*,*,#2865,.F.);
#1790=CARTESIAN_POINT('',(4.9403,0.160518396264311,-1.44759952722812E-16));
#1791=DIRECTION('',(1.0,0.0,6.12303176911189E-17));
#1792=DIRECTION('',(6.12303176911189E-17,0.0,-1.0));
#1793=SURFACE_STYLE_FILL_AREA(#2866);
#1794=ORIENTED_EDGE('',*,*,#2819,.F.);
#1795=ORIENTED_EDGE('',*,*,#2849,.F.);
#1796=ORIENTED_EDGE('',*,*,#2867,.F.);
#1797=ORIENTED_EDGE('',*,*,#2868,.F.);
#1798=ORIENTED_EDGE('',*,*,#2869,.F.);
#1799=ORIENTED_EDGE('',*,*,#2870,.F.);
#1800=ORIENTED_EDGE('',*,*,#2871,.F.);
#1801=ORIENTED_EDGE('',*,*,#2872,.F.);
#1802=CARTESIAN_POINT('',(4.9403,0.160518396264311,-1.44759952722812E-16));
#1803=DIRECTION('',(1.0,0.0,6.12303176911189E-17));
#1804=DIRECTION('',(6.12303176911189E-17,0.0,-1.0));
#1805=SURFACE_STYLE_FILL_AREA(#2873);
#1806=ORIENTED_EDGE('',*,*,#2822,.F.);
#1807=ORIENTED_EDGE('',*,*,#2865,.T.);
#1808=ORIENTED_EDGE('',*,*,#2874,.F.);
#1809=ORIENTED_EDGE('',*,*,#2851,.T.);
#1810=CARTESIAN_POINT('',(4.5847,0.3508,0.507999999999999));
#1811=DIRECTION('',(6.12303176911189E-17,0.0,-1.0));
#1812=DIRECTION('',(0.0,1.0,0.0));
#1813=SURFACE_STYLE_FILL_AREA(#2875);
#1814=ORIENTED_EDGE('',*,*,#2861,.T.);
#1815=ORIENTED_EDGE('',*,*,#2876,.F.);
#1816=ORIENTED_EDGE('',*,*,#2855,.F.);
#1817=ORIENTED_EDGE('',*,*,#2877,.T.);
#1818=CARTESIAN_POINT('',(4.5847,0.1016,1.93675));
#1819=DIRECTION('',(3.64956917532891E-33,1.0,-5.96039562254021E-17));
#1820=DIRECTION('',(-6.12303176911189E-17,5.96039562254021E-17,1.0));
#1821=SURFACE_STYLE_FILL_AREA(#2878);
#1822=ORIENTED_EDGE('',*,*,#2860,.T.);
#1823=ORIENTED_EDGE('',*,*,#2879,.F.);
#1824=ORIENTED_EDGE('',*,*,#2856,.F.);
#1825=ORIENTED_EDGE('',*,*,#2876,.T.);
#1826=CARTESIAN_POINT('',(4.5847,0.2286,0.888999999999999));
#1827=DIRECTION('',(1.0,0.0,6.12303176911189E-17));
#1828=DIRECTION('',(6.12303176911189E-17,0.0,-1.0));
#1829=SURFACE_STYLE_FILL_AREA(#2880);
#1830=ORIENTED_EDGE('',*,*,#2824,.F.);
#1831=ORIENTED_EDGE('',*,*,#2857,.T.);
#1832=ORIENTED_EDGE('',*,*,#2879,.T.);
#1833=ORIENTED_EDGE('',*,*,#2859,.T.);
#1834=CARTESIAN_POINT('',(4.5847,0.4953,0.762));
#1835=DIRECTION('',(-6.12303176911189E-17,0.0,1.0));
#1836=DIRECTION('',(0.0,-1.0,0.0));
#1837=SURFACE_STYLE_FILL_AREA(#2881);
#1838=ORIENTED_EDGE('',*,*,#2820,.F.);
#1839=ORIENTED_EDGE('',*,*,#2872,.T.);
#1840=ORIENTED_EDGE('',*,*,#2882,.F.);
#1841=ORIENTED_EDGE('',*,*,#2883,.T.);
#1842=CARTESIAN_POINT('',(4.5847,0.4953,-0.762000000000001));
#1843=DIRECTION('',(6.12303176911189E-17,0.0,-1.0));
#1844=DIRECTION('',(0.0,1.0,0.0));
#1845=SURFACE_STYLE_FILL_AREA(#2884);
#1846=ORIENTED_EDGE('',*,*,#2871,.T.);
#1847=ORIENTED_EDGE('',*,*,#2885,.F.);
#1848=ORIENTED_EDGE('',*,*,#2886,.F.);
#1849=ORIENTED_EDGE('',*,*,#2882,.T.);
#1850=CARTESIAN_POINT('',(4.5847,0.2286,-0.889000000000001));
#1851=DIRECTION('',(1.0,0.0,6.12303176911189E-17));
#1852=DIRECTION('',(6.12303176911189E-17,0.0,-1.0));
#1853=SURFACE_STYLE_FILL_AREA(#2887);
#1854=ORIENTED_EDGE('',*,*,#2870,.T.);
#1855=ORIENTED_EDGE('',*,*,#2888,.F.);
#1856=ORIENTED_EDGE('',*,*,#2889,.T.);
#1857=ORIENTED_EDGE('',*,*,#2885,.T.);
#1858=CARTESIAN_POINT('',(4.5847,0.1016,-1.93675));
#1859=DIRECTION('',(-8.11015372295314E-34,1.0,1.32453236056449E-17));
#1860=DIRECTION('',(-6.12303176911189E-17,-1.32453236056449E-17,1.0));
#1861=SURFACE_STYLE_FILL_AREA(#2890);
#1862=ORIENTED_EDGE('',*,*,#2869,.T.);
#1863=ORIENTED_EDGE('',*,*,#2891,.F.);
#1864=ORIENTED_EDGE('',*,*,#2892,.T.);
#1865=ORIENTED_EDGE('',*,*,#2888,.T.);
#1866=CARTESIAN_POINT('',(4.5847,-0.0254000000000002,-2.9845));
#1867=DIRECTION('',(6.12303176911189E-17,0.0,-1.0));
#1868=DIRECTION('',(0.0,1.0,0.0));
#1869=SURFACE_STYLE_FILL_AREA(#2893);
#1870=ORIENTED_EDGE('',*,*,#2868,.T.);
#1871=ORIENTED_EDGE('',*,*,#2894,.F.);
#1872=ORIENTED_EDGE('',*,*,#2895,.T.);
#1873=ORIENTED_EDGE('',*,*,#2891,.T.);
#1874=CARTESIAN_POINT('',(4.5847,-0.1524,-1.87325));
#1875=DIRECTION('',(0.0,-1.0,0.0));
#1876=DIRECTION('',(6.12303176911189E-17,0.0,-1.0));
#1877=SURFACE_STYLE_FILL_AREA(#2896);
#1878=ORIENTED_EDGE('',*,*,#2867,.T.);
#1879=ORIENTED_EDGE('',*,*,#2848,.F.);
#1880=ORIENTED_EDGE('',*,*,#2897,.T.);
#1881=ORIENTED_EDGE('',*,*,#2894,.T.);
#1882=CARTESIAN_POINT('',(4.5847,0.1016,-0.762000000000001));
#1883=DIRECTION('',(1.0,0.0,6.12303176911189E-17));
#1884=DIRECTION('',(6.12303176911189E-17,0.0,-1.0));
#1885=SURFACE_STYLE_FILL_AREA(#2898);
#1886=ORIENTED_EDGE('',*,*,#2864,.T.);
#1887=ORIENTED_EDGE('',*,*,#2899,.F.);
#1888=ORIENTED_EDGE('',*,*,#2852,.T.);
#1889=ORIENTED_EDGE('',*,*,#2874,.T.);
#1890=CARTESIAN_POINT('',(4.5847,0.1016,0.761999999999999));
#1891=DIRECTION('',(1.0,0.0,6.12303176911189E-17));
#1892=DIRECTION('',(6.12303176911189E-17,0.0,-1.0));
#1893=SURFACE_STYLE_FILL_AREA(#2900);
#1894=ORIENTED_EDGE('',*,*,#2863,.T.);
#1895=ORIENTED_EDGE('',*,*,#2901,.F.);
#1896=ORIENTED_EDGE('',*,*,#2853,.T.);
#1897=ORIENTED_EDGE('',*,*,#2899,.T.);
#1898=CARTESIAN_POINT('',(4.5847,-0.1524,1.87325));
#1899=DIRECTION('',(0.0,-1.0,0.0));
#1900=DIRECTION('',(6.12303176911189E-17,0.0,-1.0));
#1901=SURFACE_STYLE_FILL_AREA(#2902);
#1902=ORIENTED_EDGE('',*,*,#2862,.T.);
#1903=ORIENTED_EDGE('',*,*,#2877,.F.);
#1904=ORIENTED_EDGE('',*,*,#2854,.T.);
#1905=ORIENTED_EDGE('',*,*,#2901,.T.);
#1906=CARTESIAN_POINT('',(4.5847,-0.0254000000000001,2.9845));
#1907=DIRECTION('',(-6.12303176911189E-17,0.0,1.0));
#1908=DIRECTION('',(0.0,-1.0,0.0));
#1909=SURFACE_STYLE_FILL_AREA(#2903);
#1910=ORIENTED_EDGE('',*,*,#2821,.F.);
#1911=ORIENTED_EDGE('',*,*,#2883,.F.);
#1912=ORIENTED_EDGE('',*,*,#2886,.T.);
#1913=ORIENTED_EDGE('',*,*,#2889,.F.);
#1914=ORIENTED_EDGE('',*,*,#2892,.F.);
#1915=ORIENTED_EDGE('',*,*,#2895,.F.);
#1916=ORIENTED_EDGE('',*,*,#2897,.F.);
#1917=ORIENTED_EDGE('',*,*,#2847,.F.);
#1918=CARTESIAN_POINT('',(4.5847,0.160518396264311,-1.66533453693773E-16));
#1919=DIRECTION('',(1.0,0.0,6.12303176911189E-17));
#1920=DIRECTION('',(6.12303176911189E-17,0.0,-1.0));
#1921=SURFACE_STYLE_FILL_AREA(#2904);
#1922=ORIENTED_EDGE('',*,*,#2842,.F.);
#1923=ORIENTED_EDGE('',*,*,#2905,.T.);
#1924=ORIENTED_EDGE('',*,*,#2906,.T.);
#1925=ORIENTED_EDGE('',*,*,#2907,.T.);
#1926=CARTESIAN_POINT('',(3.3147,0.3508,-0.508000000000001));
#1927=DIRECTION('',(-6.12303176911189E-17,4.45514857393723E-16,1.0));
#1928=DIRECTION('',(-2.72790162543311E-32,-1.0,4.45514857393723E-16));
#1929=SURFACE_STYLE_FILL_AREA(#2908);
#1930=ORIENTED_EDGE('',*,*,#2839,.F.);
#1931=ORIENTED_EDGE('',*,*,#2909,.F.);
#1932=ORIENTED_EDGE('',*,*,#2910,.F.);
#1933=ORIENTED_EDGE('',*,*,#2911,.F.);
#1934=ORIENTED_EDGE('',*,*,#2912,.F.);
#1935=ORIENTED_EDGE('',*,*,#2913,.T.);
#1936=ORIENTED_EDGE('',*,*,#2914,.T.);
#1937=ORIENTED_EDGE('',*,*,#2915,.F.);
#1938=CARTESIAN_POINT('',(3.3147,0.160518396264311,-1.66533453693773E-16));
#1939=DIRECTION('',(1.0,0.0,6.12303176911189E-17));
#1940=DIRECTION('',(6.12303176911189E-17,0.0,-1.0));
#1941=SURFACE_STYLE_FILL_AREA(#2916);
#1942=ORIENTED_EDGE('',*,*,#2841,.F.);
#1943=ORIENTED_EDGE('',*,*,#2917,.F.);
#1944=ORIENTED_EDGE('',*,*,#2918,.F.);
#1945=ORIENTED_EDGE('',*,*,#2919,.F.);
#1946=ORIENTED_EDGE('',*,*,#2920,.F.);
#1947=ORIENTED_EDGE('',*,*,#2921,.F.);
#1948=ORIENTED_EDGE('',*,*,#2922,.F.);
#1949=ORIENTED_EDGE('',*,*,#2923,.F.);
#1950=CARTESIAN_POINT('',(3.6703,0.160518396264311,-1.44759952722812E-16));
#1951=DIRECTION('',(1.0,0.0,6.12303176911189E-17));
#1952=DIRECTION('',(6.12303176911189E-17,0.0,-1.0));
#1953=SURFACE_STYLE_FILL_AREA(#2924);
#1954=ORIENTED_EDGE('',*,*,#2843,.F.);
#1955=ORIENTED_EDGE('',*,*,#2907,.F.);
#1956=ORIENTED_EDGE('',*,*,#2925,.F.);
#1957=ORIENTED_EDGE('',*,*,#2926,.F.);
#1958=ORIENTED_EDGE('',*,*,#2927,.F.);
#1959=ORIENTED_EDGE('',*,*,#2928,.F.);
#1960=ORIENTED_EDGE('',*,*,#2929,.F.);
#1961=ORIENTED_EDGE('',*,*,#2930,.F.);
#1962=CARTESIAN_POINT('',(3.6703,0.160518396264311,-1.44759952722812E-16));
#1963=DIRECTION('',(1.0,0.0,6.12303176911189E-17));
#1964=DIRECTION('',(6.12303176911189E-17,0.0,-1.0));
#1965=SURFACE_STYLE_FILL_AREA(#2931);
#1966=ORIENTED_EDGE('',*,*,#2838,.F.);
#1967=ORIENTED_EDGE('',*,*,#2923,.T.);
#1968=ORIENTED_EDGE('',*,*,#2932,.F.);
#1969=ORIENTED_EDGE('',*,*,#2909,.T.);
#1970=CARTESIAN_POINT('',(3.3147,0.3508,0.507999999999999));
#1971=DIRECTION('',(6.12303176911189E-17,0.0,-1.0));
#1972=DIRECTION('',(0.0,1.0,0.0));
#1973=SURFACE_STYLE_FILL_AREA(#2933);
#1974=ORIENTED_EDGE('',*,*,#2919,.T.);
#1975=ORIENTED_EDGE('',*,*,#2934,.F.);
#1976=ORIENTED_EDGE('',*,*,#2913,.F.);
#1977=ORIENTED_EDGE('',*,*,#2935,.T.);
#1978=CARTESIAN_POINT('',(3.3147,0.1016,1.93675));
#1979=DIRECTION('',(3.64956917532891E-33,1.0,-5.96039562254021E-17));
#1980=DIRECTION('',(-6.12303176911189E-17,5.96039562254021E-17,1.0));
#1981=SURFACE_STYLE_FILL_AREA(#2936);
#1982=ORIENTED_EDGE('',*,*,#2918,.T.);
#1983=ORIENTED_EDGE('',*,*,#2937,.F.);
#1984=ORIENTED_EDGE('',*,*,#2914,.F.);
#1985=ORIENTED_EDGE('',*,*,#2934,.T.);
#1986=CARTESIAN_POINT('',(3.3147,0.2286,0.888999999999999));
#1987=DIRECTION('',(1.0,0.0,6.12303176911189E-17));
#1988=DIRECTION('',(6.12303176911189E-17,0.0,-1.0));
#1989=SURFACE_STYLE_FILL_AREA(#2938);
#1990=ORIENTED_EDGE('',*,*,#2840,.F.);
#1991=ORIENTED_EDGE('',*,*,#2915,.T.);
#1992=ORIENTED_EDGE('',*,*,#2937,.T.);
#1993=ORIENTED_EDGE('',*,*,#2917,.T.);
#1994=CARTESIAN_POINT('',(3.3147,0.4953,0.762));
#1995=DIRECTION('',(-6.12303176911189E-17,0.0,1.0));
#1996=DIRECTION('',(0.0,-1.0,0.0));
#1997=SURFACE_STYLE_FILL_AREA(#2939);
#1998=ORIENTED_EDGE('',*,*,#2844,.F.);
#1999=ORIENTED_EDGE('',*,*,#2930,.T.);
#2000=ORIENTED_EDGE('',*,*,#2940,.F.);
#2001=ORIENTED_EDGE('',*,*,#2941,.T.);
#2002=CARTESIAN_POINT('',(3.3147,0.4953,-0.762000000000001));
#2003=DIRECTION('',(6.12303176911189E-17,0.0,-1.0));
#2004=DIRECTION('',(0.0,1.0,0.0));
#2005=SURFACE_STYLE_FILL_AREA(#2942);
#2006=ORIENTED_EDGE('',*,*,#2929,.T.);
#2007=ORIENTED_EDGE('',*,*,#2943,.F.);
#2008=ORIENTED_EDGE('',*,*,#2944,.F.);
#2009=ORIENTED_EDGE('',*,*,#2940,.T.);
#2010=CARTESIAN_POINT('',(3.3147,0.2286,-0.889000000000001));
#2011=DIRECTION('',(1.0,0.0,6.12303176911189E-17));
#2012=DIRECTION('',(6.12303176911189E-17,0.0,-1.0));
#2013=SURFACE_STYLE_FILL_AREA(#2945);
#2014=ORIENTED_EDGE('',*,*,#2928,.T.);
#2015=ORIENTED_EDGE('',*,*,#2946,.F.);
#2016=ORIENTED_EDGE('',*,*,#2947,.T.);
#2017=ORIENTED_EDGE('',*,*,#2943,.T.);
#2018=CARTESIAN_POINT('',(3.3147,0.1016,-1.93675));
#2019=DIRECTION('',(-8.11015372295314E-34,1.0,1.32453236056449E-17));
#2020=DIRECTION('',(-6.12303176911189E-17,-1.32453236056449E-17,1.0));
#2021=SURFACE_STYLE_FILL_AREA(#2948);
#2022=ORIENTED_EDGE('',*,*,#2927,.T.);
#2023=ORIENTED_EDGE('',*,*,#2949,.F.);
#2024=ORIENTED_EDGE('',*,*,#2950,.T.);
#2025=ORIENTED_EDGE('',*,*,#2946,.T.);
#2026=CARTESIAN_POINT('',(3.3147,-0.0254000000000002,-2.9845));
#2027=DIRECTION('',(6.12303176911189E-17,0.0,-1.0));
#2028=DIRECTION('',(0.0,1.0,0.0));
#2029=SURFACE_STYLE_FILL_AREA(#2951);
#2030=ORIENTED_EDGE('',*,*,#2926,.T.);
#2031=ORIENTED_EDGE('',*,*,#2952,.F.);
#2032=ORIENTED_EDGE('',*,*,#2953,.T.);
#2033=ORIENTED_EDGE('',*,*,#2949,.T.);
#2034=CARTESIAN_POINT('',(3.3147,-0.1524,-1.87325));
#2035=DIRECTION('',(0.0,-1.0,0.0));
#2036=DIRECTION('',(6.12303176911189E-17,0.0,-1.0));
#2037=SURFACE_STYLE_FILL_AREA(#2954);
#2038=ORIENTED_EDGE('',*,*,#2925,.T.);
#2039=ORIENTED_EDGE('',*,*,#2906,.F.);
#2040=ORIENTED_EDGE('',*,*,#2955,.T.);
#2041=ORIENTED_EDGE('',*,*,#2952,.T.);
#2042=CARTESIAN_POINT('',(3.3147,0.1016,-0.762000000000001));
#2043=DIRECTION('',(1.0,0.0,6.12303176911189E-17));
#2044=DIRECTION('',(6.12303176911189E-17,0.0,-1.0));
#2045=SURFACE_STYLE_FILL_AREA(#2956);
#2046=ORIENTED_EDGE('',*,*,#2922,.T.);
#2047=ORIENTED_EDGE('',*,*,#2957,.F.);
#2048=ORIENTED_EDGE('',*,*,#2910,.T.);
#2049=ORIENTED_EDGE('',*,*,#2932,.T.);
#2050=CARTESIAN_POINT('',(3.3147,0.1016,0.761999999999999));
#2051=DIRECTION('',(1.0,0.0,6.12303176911189E-17));
#2052=DIRECTION('',(6.12303176911189E-17,0.0,-1.0));
#2053=SURFACE_STYLE_FILL_AREA(#2958);
#2054=ORIENTED_EDGE('',*,*,#2921,.T.);
#2055=ORIENTED_EDGE('',*,*,#2959,.F.);
#2056=ORIENTED_EDGE('',*,*,#2911,.T.);
#2057=ORIENTED_EDGE('',*,*,#2957,.T.);
#2058=CARTESIAN_POINT('',(3.3147,-0.1524,1.87325));
#2059=DIRECTION('',(0.0,-1.0,0.0));
#2060=DIRECTION('',(6.12303176911189E-17,0.0,-1.0));
#2061=SURFACE_STYLE_FILL_AREA(#2960);
#2062=ORIENTED_EDGE('',*,*,#2920,.T.);
#2063=ORIENTED_EDGE('',*,*,#2935,.F.);
#2064=ORIENTED_EDGE('',*,*,#2912,.T.);
#2065=ORIENTED_EDGE('',*,*,#2959,.T.);
#2066=CARTESIAN_POINT('',(3.3147,-0.0254000000000001,2.9845));
#2067=DIRECTION('',(-6.12303176911189E-17,0.0,1.0));
#2068=DIRECTION('',(0.0,-1.0,0.0));
#2069=SURFACE_STYLE_FILL_AREA(#2961);
#2070=ORIENTED_EDGE('',*,*,#2845,.F.);
#2071=ORIENTED_EDGE('',*,*,#2941,.F.);
#2072=ORIENTED_EDGE('',*,*,#2944,.T.);
#2073=ORIENTED_EDGE('',*,*,#2947,.F.);
#2074=ORIENTED_EDGE('',*,*,#2950,.F.);
#2075=ORIENTED_EDGE('',*,*,#2953,.F.);
#2076=ORIENTED_EDGE('',*,*,#2955,.F.);
#2077=ORIENTED_EDGE('',*,*,#2905,.F.);
#2078=CARTESIAN_POINT('',(3.3147,0.160518396264311,-1.66533453693773E-16));
#2079=DIRECTION('',(1.0,0.0,6.12303176911189E-17));
#2080=DIRECTION('',(6.12303176911189E-17,0.0,-1.0));
#2081=SURFACE_STYLE_FILL_AREA(#2962);
#2082=ORIENTED_EDGE('',*,*,#2826,.F.);
#2083=ORIENTED_EDGE('',*,*,#2963,.T.);
#2084=ORIENTED_EDGE('',*,*,#2964,.T.);
#2085=ORIENTED_EDGE('',*,*,#2965,.T.);
#2086=CARTESIAN_POINT('',(2.0447,0.3508,-0.508000000000001));
#2087=DIRECTION('',(-6.12303176911189E-17,4.45514857393723E-16,1.0));
#2088=DIRECTION('',(-2.72790162543311E-32,-1.0,4.45514857393723E-16));
#2089=SURFACE_STYLE_FILL_AREA(#2966);
#2090=ORIENTED_EDGE('',*,*,#2831,.F.);
#2091=ORIENTED_EDGE('',*,*,#2967,.F.);
#2092=ORIENTED_EDGE('',*,*,#2968,.F.);
#2093=ORIENTED_EDGE('',*,*,#2969,.F.);
#2094=ORIENTED_EDGE('',*,*,#2970,.F.);
#2095=ORIENTED_EDGE('',*,*,#2971,.T.);
#2096=ORIENTED_EDGE('',*,*,#2972,.T.);
#2097=ORIENTED_EDGE('',*,*,#2973,.F.);
#2098=CARTESIAN_POINT('',(2.0447,0.160518396264311,-1.66533453693773E-16));
#2099=DIRECTION('',(1.0,0.0,6.12303176911189E-17));
#2100=DIRECTION('',(6.12303176911189E-17,0.0,-1.0));
#2101=SURFACE_STYLE_FILL_AREA(#2974);
#2102=ORIENTED_EDGE('',*,*,#2833,.F.);
#2103=ORIENTED_EDGE('',*,*,#2975,.F.);
#2104=ORIENTED_EDGE('',*,*,#2976,.F.);
#2105=ORIENTED_EDGE('',*,*,#2977,.F.);
#2106=ORIENTED_EDGE('',*,*,#2978,.F.);
#2107=ORIENTED_EDGE('',*,*,#2979,.F.);
#2108=ORIENTED_EDGE('',*,*,#2980,.F.);
#2109=ORIENTED_EDGE('',*,*,#2981,.F.);
#2110=CARTESIAN_POINT('',(2.4003,0.160518396264311,-1.44759952722812E-16));
#2111=DIRECTION('',(1.0,0.0,6.12303176911189E-17));
#2112=DIRECTION('',(6.12303176911189E-17,0.0,-1.0));
#2113=SURFACE_STYLE_FILL_AREA(#2982);
#2114=ORIENTED_EDGE('',*,*,#2827,.F.);
#2115=ORIENTED_EDGE('',*,*,#2965,.F.);
#2116=ORIENTED_EDGE('',*,*,#2983,.F.);
#2117=ORIENTED_EDGE('',*,*,#2984,.F.);
#2118=ORIENTED_EDGE('',*,*,#2985,.F.);
#2119=ORIENTED_EDGE('',*,*,#2986,.F.);
#2120=ORIENTED_EDGE('',*,*,#2987,.F.);
#2121=ORIENTED_EDGE('',*,*,#2988,.F.);
#2122=CARTESIAN_POINT('',(2.4003,0.160518396264311,-1.44759952722812E-16));
#2123=DIRECTION('',(1.0,0.0,6.12303176911189E-17));
#2124=DIRECTION('',(6.12303176911189E-17,0.0,-1.0));
#2125=SURFACE_STYLE_FILL_AREA(#2989);
#2126=ORIENTED_EDGE('',*,*,#2830,.F.);
#2127=ORIENTED_EDGE('',*,*,#2981,.T.);
#2128=ORIENTED_EDGE('',*,*,#2990,.F.);
#2129=ORIENTED_EDGE('',*,*,#2967,.T.);
#2130=CARTESIAN_POINT('',(2.0447,0.3508,0.507999999999999));
#2131=DIRECTION('',(6.12303176911189E-17,0.0,-1.0));
#2132=DIRECTION('',(0.0,1.0,0.0));
#2133=SURFACE_STYLE_FILL_AREA(#2991);
#2134=ORIENTED_EDGE('',*,*,#2977,.T.);
#2135=ORIENTED_EDGE('',*,*,#2992,.F.);
#2136=ORIENTED_EDGE('',*,*,#2971,.F.);
#2137=ORIENTED_EDGE('',*,*,#2993,.T.);
#2138=CARTESIAN_POINT('',(2.0447,0.1016,1.93675));
#2139=DIRECTION('',(3.64956917532891E-33,1.0,-5.96039562254021E-17));
#2140=DIRECTION('',(-6.12303176911189E-17,5.96039562254021E-17,1.0));
#2141=SURFACE_STYLE_FILL_AREA(#2994);
#2142=ORIENTED_EDGE('',*,*,#2976,.T.);
#2143=ORIENTED_EDGE('',*,*,#2995,.F.);
#2144=ORIENTED_EDGE('',*,*,#2972,.F.);
#2145=ORIENTED_EDGE('',*,*,#2992,.T.);
#2146=CARTESIAN_POINT('',(2.0447,0.2286,0.888999999999999));
#2147=DIRECTION('',(1.0,0.0,6.12303176911189E-17));
#2148=DIRECTION('',(6.12303176911189E-17,0.0,-1.0));
#2149=SURFACE_STYLE_FILL_AREA(#2996);
#2150=ORIENTED_EDGE('',*,*,#2832,.F.);
#2151=ORIENTED_EDGE('',*,*,#2973,.T.);
#2152=ORIENTED_EDGE('',*,*,#2995,.T.);
#2153=ORIENTED_EDGE('',*,*,#2975,.T.);
#2154=CARTESIAN_POINT('',(2.0447,0.4953,0.762));
#2155=DIRECTION('',(-6.12303176911189E-17,0.0,1.0));
#2156=DIRECTION('',(0.0,-1.0,0.0));
#2157=SURFACE_STYLE_FILL_AREA(#2997);
#2158=ORIENTED_EDGE('',*,*,#2828,.F.);
#2159=ORIENTED_EDGE('',*,*,#2988,.T.);
#2160=ORIENTED_EDGE('',*,*,#2998,.F.);
#2161=ORIENTED_EDGE('',*,*,#2999,.T.);
#2162=CARTESIAN_POINT('',(2.0447,0.4953,-0.762000000000001));
#2163=DIRECTION('',(6.12303176911189E-17,0.0,-1.0));
#2164=DIRECTION('',(0.0,1.0,0.0));
#2165=SURFACE_STYLE_FILL_AREA(#3000);
#2166=ORIENTED_EDGE('',*,*,#2987,.T.);
#2167=ORIENTED_EDGE('',*,*,#3001,.F.);
#2168=ORIENTED_EDGE('',*,*,#3002,.F.);
#2169=ORIENTED_EDGE('',*,*,#2998,.T.);
#2170=CARTESIAN_POINT('',(2.0447,0.2286,-0.889000000000001));
#2171=DIRECTION('',(1.0,0.0,6.12303176911189E-17));
#2172=DIRECTION('',(6.12303176911189E-17,0.0,-1.0));
#2173=SURFACE_STYLE_FILL_AREA(#3003);
#2174=ORIENTED_EDGE('',*,*,#2986,.T.);
#2175=ORIENTED_EDGE('',*,*,#3004,.F.);
#2176=ORIENTED_EDGE('',*,*,#3005,.T.);
#2177=ORIENTED_EDGE('',*,*,#3001,.T.);
#2178=CARTESIAN_POINT('',(2.0447,0.1016,-1.93675));
#2179=DIRECTION('',(-8.11015372295314E-34,1.0,1.32453236056449E-17));
#2180=DIRECTION('',(-6.12303176911189E-17,-1.32453236056449E-17,1.0));
#2181=SURFACE_STYLE_FILL_AREA(#3006);
#2182=ORIENTED_EDGE('',*,*,#2985,.T.);
#2183=ORIENTED_EDGE('',*,*,#3007,.F.);
#2184=ORIENTED_EDGE('',*,*,#3008,.T.);
#2185=ORIENTED_EDGE('',*,*,#3004,.T.);
#2186=CARTESIAN_POINT('',(2.0447,-0.0254000000000002,-2.9845));
#2187=DIRECTION('',(6.12303176911189E-17,0.0,-1.0));
#2188=DIRECTION('',(0.0,1.0,0.0));
#2189=SURFACE_STYLE_FILL_AREA(#3009);
#2190=ORIENTED_EDGE('',*,*,#2984,.T.);
#2191=ORIENTED_EDGE('',*,*,#3010,.F.);
#2192=ORIENTED_EDGE('',*,*,#3011,.T.);
#2193=ORIENTED_EDGE('',*,*,#3007,.T.);
#2194=CARTESIAN_POINT('',(2.0447,-0.1524,-1.87325));
#2195=DIRECTION('',(0.0,-1.0,0.0));
#2196=DIRECTION('',(6.12303176911189E-17,0.0,-1.0));
#2197=SURFACE_STYLE_FILL_AREA(#3012);
#2198=ORIENTED_EDGE('',*,*,#2983,.T.);
#2199=ORIENTED_EDGE('',*,*,#2964,.F.);
#2200=ORIENTED_EDGE('',*,*,#3013,.T.);
#2201=ORIENTED_EDGE('',*,*,#3010,.T.);
#2202=CARTESIAN_POINT('',(2.0447,0.1016,-0.762000000000001));
#2203=DIRECTION('',(1.0,0.0,6.12303176911189E-17));
#2204=DIRECTION('',(6.12303176911189E-17,0.0,-1.0));
#2205=SURFACE_STYLE_FILL_AREA(#3014);
#2206=ORIENTED_EDGE('',*,*,#2980,.T.);
#2207=ORIENTED_EDGE('',*,*,#3015,.F.);
#2208=ORIENTED_EDGE('',*,*,#2968,.T.);
#2209=ORIENTED_EDGE('',*,*,#2990,.T.);
#2210=CARTESIAN_POINT('',(2.0447,0.1016,0.761999999999999));
#2211=DIRECTION('',(1.0,0.0,6.12303176911189E-17));
#2212=DIRECTION('',(6.12303176911189E-17,0.0,-1.0));
#2213=SURFACE_STYLE_FILL_AREA(#3016);
#2214=ORIENTED_EDGE('',*,*,#2979,.T.);
#2215=ORIENTED_EDGE('',*,*,#3017,.F.);
#2216=ORIENTED_EDGE('',*,*,#2969,.T.);
#2217=ORIENTED_EDGE('',*,*,#3015,.T.);
#2218=CARTESIAN_POINT('',(2.0447,-0.1524,1.87325));
#2219=DIRECTION('',(0.0,-1.0,0.0));
#2220=DIRECTION('',(6.12303176911189E-17,0.0,-1.0));
#2221=SURFACE_STYLE_FILL_AREA(#3018);
#2222=ORIENTED_EDGE('',*,*,#2978,.T.);
#2223=ORIENTED_EDGE('',*,*,#2993,.F.);
#2224=ORIENTED_EDGE('',*,*,#2970,.T.);
#2225=ORIENTED_EDGE('',*,*,#3017,.T.);
#2226=CARTESIAN_POINT('',(2.0447,-0.0254000000000001,2.9845));
#2227=DIRECTION('',(-6.12303176911189E-17,0.0,1.0));
#2228=DIRECTION('',(0.0,-1.0,0.0));
#2229=SURFACE_STYLE_FILL_AREA(#3019);
#2230=ORIENTED_EDGE('',*,*,#2829,.F.);
#2231=ORIENTED_EDGE('',*,*,#2999,.F.);
#2232=ORIENTED_EDGE('',*,*,#3002,.T.);
#2233=ORIENTED_EDGE('',*,*,#3005,.F.);
#2234=ORIENTED_EDGE('',*,*,#3008,.F.);
#2235=ORIENTED_EDGE('',*,*,#3011,.F.);
#2236=ORIENTED_EDGE('',*,*,#3013,.F.);
#2237=ORIENTED_EDGE('',*,*,#2963,.F.);
#2238=CARTESIAN_POINT('',(2.0447,0.160518396264311,-1.66533453693773E-16));
#2239=DIRECTION('',(1.0,0.0,6.12303176911189E-17));
#2240=DIRECTION('',(6.12303176911189E-17,0.0,-1.0));
#2241=SURFACE_STYLE_FILL_AREA(#3020);
#2242=ORIENTED_EDGE('',*,*,#2675,.F.);
#2243=ORIENTED_EDGE('',*,*,#3021,.F.);
#2244=ORIENTED_EDGE('',*,*,#3022,.F.);
#2245=ORIENTED_EDGE('',*,*,#2676,.F.);
#2246=CARTESIAN_POINT('',(7.62,-0.508,0.0));
#2247=DIRECTION('',(0.0,0.0,1.0));
#2248=DIRECTION('',(1.0,0.0,0.0));
#2249=SURFACE_STYLE_FILL_AREA(#3023);
#2250=ORIENTED_EDGE('',*,*,#2674,.T.);
#2251=ORIENTED_EDGE('',*,*,#3024,.F.);
#2252=ORIENTED_EDGE('',*,*,#2677,.T.);
#2253=ORIENTED_EDGE('',*,*,#3022,.T.);
#2254=ORIENTED_EDGE('',*,*,#3021,.T.);
#2255=CARTESIAN_POINT('',(7.62,-0.154,0.0));
#2256=DIRECTION('',(-0.0,1.0,0.0));
#2257=DIRECTION('',(1.0,0.0,0.0));
#2258=SURFACE_STYLE_FILL_AREA(#3025);
#2259=ORIENTED_EDGE('',*,*,#2678,.T.);
#2260=ORIENTED_EDGE('',*,*,#3026,.T.);
#2261=ORIENTED_EDGE('',*,*,#3027,.F.);
#2262=ORIENTED_EDGE('',*,*,#3028,.F.);
#2263=ORIENTED_EDGE('',*,*,#3029,.F.);
#2264=CARTESIAN_POINT('',(4.00845073769891,-4.24870678161208E-33,6.93889390390723E-17));
#2265=DIRECTION('',(-0.0,1.0,6.12303176911189E-17));
#2266=DIRECTION('',(1.0,0.0,0.0));
#2267=SURFACE_STYLE_FILL_AREA(#3030);
#2268=ORIENTED_EDGE('',*,*,#3024,.T.);
#2269=ORIENTED_EDGE('',*,*,#3031,.F.);
#2270=ORIENTED_EDGE('',*,*,#3032,.T.);
#2271=ORIENTED_EDGE('',*,*,#3033,.T.);
#2272=ORIENTED_EDGE('',*,*,#3034,.T.);
#2273=CARTESIAN_POINT('',(4.00845073769891,-4.24870678161208E-33,6.93889390390723E-17));
#2274=DIRECTION('',(-0.0,1.0,6.12303176911189E-17));
#2275=DIRECTION('',(1.0,0.0,0.0));
#2276=SURFACE_STYLE_FILL_AREA(#3035);
#2277=ORIENTED_EDGE('',*,*,#2669,.F.);
#2278=ORIENTED_EDGE('',*,*,#3036,.F.);
#2279=ORIENTED_EDGE('',*,*,#3037,.F.);
#2280=ORIENTED_EDGE('',*,*,#2670,.F.);
#2281=CARTESIAN_POINT('',(0.635,-0.508,0.0));
#2282=DIRECTION('',(0.0,0.0,1.0));
#2283=DIRECTION('',(1.0,0.0,0.0));
#2284=SURFACE_STYLE_FILL_AREA(#3038);
#2285=ORIENTED_EDGE('',*,*,#2668,.T.);
#2286=ORIENTED_EDGE('',*,*,#3039,.F.);
#2287=ORIENTED_EDGE('',*,*,#2671,.T.);
#2288=ORIENTED_EDGE('',*,*,#3037,.T.);
#2289=ORIENTED_EDGE('',*,*,#3036,.T.);
#2290=CARTESIAN_POINT('',(0.635,-0.154,0.0));
#2291=DIRECTION('',(-0.0,1.0,0.0));
#2292=DIRECTION('',(1.0,0.0,0.0));
#2293=SURFACE_STYLE_FILL_AREA(#3040);
#2294=ORIENTED_EDGE('',*,*,#2672,.T.);
#2295=ORIENTED_EDGE('',*,*,#3041,.T.);
#2296=ORIENTED_EDGE('',*,*,#3042,.F.);
#2297=ORIENTED_EDGE('',*,*,#3043,.T.);
#2298=CARTESIAN_POINT('',(4.00845073769891,-4.24870678161208E-33,6.93889390390723E-17));
#2299=DIRECTION('',(-0.0,1.0,6.12303176911189E-17));
#2300=DIRECTION('',(1.0,0.0,0.0));
#2301=SURFACE_STYLE_FILL_AREA(#3044);
#2302=ORIENTED_EDGE('',*,*,#3039,.T.);
#2303=ORIENTED_EDGE('',*,*,#3045,.T.);
#2304=ORIENTED_EDGE('',*,*,#3046,.T.);
#2305=ORIENTED_EDGE('',*,*,#3047,.T.);
#2306=CARTESIAN_POINT('',(4.00845073769891,-4.24870678161208E-33,6.93889390390723E-17));
#2307=DIRECTION('',(-0.0,1.0,6.12303176911189E-17));
#2308=DIRECTION('',(1.0,0.0,0.0));
#2309=SURFACE_STYLE_FILL_AREA(#3048);
#2310=ORIENTED_EDGE('',*,*,#3049,.F.);
#2311=ORIENTED_EDGE('',*,*,#3050,.T.);
#2312=ORIENTED_EDGE('',*,*,#3051,.F.);
#2313=CARTESIAN_POINT('',(8.255,5.3975,-1.905));
#2314=DIRECTION('',(-4.32963728535968E-17,0.707106781186547,0.707106781186548));
#2315=DIRECTION('',(4.32963728535968E-17,0.707106781186548,-0.707106781186547));
#2316=SURFACE_STYLE_FILL_AREA(#3052);
#2317=ORIENTED_EDGE('',*,*,#3053,.F.);
#2318=ORIENTED_EDGE('',*,*,#3054,.F.);
#2319=ORIENTED_EDGE('',*,*,#3055,.T.);
#2320=ORIENTED_EDGE('',*,*,#3056,.F.);
#2321=CARTESIAN_POINT('',(1.0795,5.3975,-2.8575));
#2322=DIRECTION('',(0.707106781186548,0.707106781186547,8.65927457071936E-17));
#2323=DIRECTION('',(-0.707106781186547,0.707106781186548,-8.65927457071935E-17));
#2324=SURFACE_STYLE_FILL_AREA(#3057);
#2325=ORIENTED_EDGE('',*,*,#3058,.F.);
#2326=ORIENTED_EDGE('',*,*,#3059,.F.);
#2327=ORIENTED_EDGE('',*,*,#3060,.T.);
#2328=ORIENTED_EDGE('',*,*,#3061,.F.);
#2329=CARTESIAN_POINT('',(1.0795,5.3975,-2.8575));
#2330=DIRECTION('',(0.707106781186548,0.707106781186547,8.65927457071936E-17));
#2331=DIRECTION('',(-0.707106781186547,0.707106781186548,-8.65927457071935E-17));
#2332=SURFACE_STYLE_FILL_AREA(#3062);
#2333=ORIENTED_EDGE('',*,*,#3063,.F.);
#2334=ORIENTED_EDGE('',*,*,#3064,.F.);
#2335=ORIENTED_EDGE('',*,*,#3065,.T.);
#2336=ORIENTED_EDGE('',*,*,#3066,.F.);
#2337=CARTESIAN_POINT('',(7.1755,5.3975,2.8575));
#2338=DIRECTION('',(-0.707106781186548,0.707106781186547,-6.16297582203915E-33));
#2339=DIRECTION('',(0.707106781186547,0.707106781186548,-6.16297582203915E-33));
#2340=SURFACE_STYLE_FILL_AREA(#3067);
#2341=ORIENTED_EDGE('',*,*,#3068,.F.);
#2342=ORIENTED_EDGE('',*,*,#3069,.F.);
#2343=ORIENTED_EDGE('',*,*,#3060,.F.);
#2344=ORIENTED_EDGE('',*,*,#3070,.F.);
#2345=CARTESIAN_POINT('',(8.255,5.3975,-1.905));
#2346=DIRECTION('',(-4.32963728535968E-17,0.707106781186547,0.707106781186548));
#2347=DIRECTION('',(4.32963728535968E-17,0.707106781186548,-0.707106781186547));
#2348=SURFACE_STYLE_FILL_AREA(#3071);
#2349=ORIENTED_EDGE('',*,*,#3072,.F.);
#2350=ORIENTED_EDGE('',*,*,#3073,.F.);
#2351=ORIENTED_EDGE('',*,*,#3050,.F.);
#2352=ORIENTED_EDGE('',*,*,#3074,.F.);
#2353=CARTESIAN_POINT('',(7.1755,5.3975,2.8575));
#2354=DIRECTION('',(-0.707106781186548,0.707106781186547,-6.16297582203915E-33));
#2355=DIRECTION('',(0.707106781186547,0.707106781186548,-6.16297582203915E-33));
#2356=SURFACE_STYLE_FILL_AREA(#3075);
#2357=ORIENTED_EDGE('',*,*,#3055,.F.);
#2358=ORIENTED_EDGE('',*,*,#3076,.F.);
#2359=ORIENTED_EDGE('',*,*,#3065,.F.);
#2360=ORIENTED_EDGE('',*,*,#3077,.F.);
#2361=CARTESIAN_POINT('',(-1.16643755201581E-17,5.3975,1.905));
#2362=DIRECTION('',(-4.32963728535968E-17,0.707106781186547,-0.707106781186548));
#2363=DIRECTION('',(4.32963728535968E-17,0.707106781186548,0.707106781186547));
#2364=SURFACE_STYLE_FILL_AREA(#3078);
#2365=ORIENTED_EDGE('',*,*,#3058,.T.);
#2366=ORIENTED_EDGE('',*,*,#3079,.F.);
#2367=ORIENTED_EDGE('',*,*,#3080,.F.);
#2368=ORIENTED_EDGE('',*,*,#3081,.T.);
#2369=CARTESIAN_POINT('',(-1.0,5.3973,-1.143));
#2370=DIRECTION('',(4.32963728535968E-17,-0.707106781186547,-0.707106781186548));
#2371=DIRECTION('',(4.32963728535968E-17,0.707106781186548,-0.707106781186547));
#2372=SURFACE_STYLE_FILL_AREA(#3082);
#2373=ORIENTED_EDGE('',*,*,#3072,.T.);
#2374=ORIENTED_EDGE('',*,*,#3083,.T.);
#2375=ORIENTED_EDGE('',*,*,#3084,.F.);
#2376=ORIENTED_EDGE('',*,*,#3085,.F.);
#2377=CARTESIAN_POINT('',(-1.0,5.3973,-1.143));
#2378=DIRECTION('',(4.32963728535968E-17,-0.707106781186547,-0.707106781186548));
#2379=DIRECTION('',(4.32963728535968E-17,0.707106781186548,-0.707106781186547));
#2380=SURFACE_STYLE_FILL_AREA(#3086);
#2381=ORIENTED_EDGE('',*,*,#3053,.T.);
#2382=ORIENTED_EDGE('',*,*,#3087,.F.);
#2383=ORIENTED_EDGE('',*,*,#3088,.F.);
#2384=ORIENTED_EDGE('',*,*,#3089,.F.);
#2385=CARTESIAN_POINT('',(-1.0,5.3973,1.143));
#2386=DIRECTION('',(-4.32963728535968E-17,-0.707106781186547,0.707106781186548));
#2387=DIRECTION('',(4.32963728535968E-17,-0.707106781186548,-0.707106781186547));
#2388=SURFACE_STYLE_FILL_AREA(#3090);
#2389=ORIENTED_EDGE('',*,*,#3059,.T.);
#2390=ORIENTED_EDGE('',*,*,#3091,.T.);
#2391=ORIENTED_EDGE('',*,*,#3092,.T.);
#2392=ORIENTED_EDGE('',*,*,#3093,.T.);
#2393=ORIENTED_EDGE('',*,*,#3056,.T.);
#2394=ORIENTED_EDGE('',*,*,#3094,.T.);
#2395=ORIENTED_EDGE('',*,*,#3095,.T.);
#2396=ORIENTED_EDGE('',*,*,#3096,.T.);
#2397=CARTESIAN_POINT('',(1.27,4.2291,0.0));
#2398=DIRECTION('',(1.0,0.0,0.0));
#2399=DIRECTION('',(0.0,0.0,-1.0));
#2400=SURFACE_STYLE_FILL_AREA(#3097);
#2401=ORIENTED_EDGE('',*,*,#3077,.T.);
#2402=ORIENTED_EDGE('',*,*,#3098,.F.);
#2403=ORIENTED_EDGE('',*,*,#3099,.F.);
#2404=ORIENTED_EDGE('',*,*,#3094,.F.);
#2405=CARTESIAN_POINT('',(4.1275,4.2291,1.7145));
#2406=DIRECTION('',(0.0,0.0,1.0));
#2407=DIRECTION('',(1.0,0.0,0.0));
#2408=SURFACE_STYLE_FILL_AREA(#3100);
#2409=ORIENTED_EDGE('',*,*,#3074,.T.);
#2410=ORIENTED_EDGE('',*,*,#3049,.T.);
#2411=ORIENTED_EDGE('',*,*,#3101,.F.);
#2412=ORIENTED_EDGE('',*,*,#3102,.T.);
#2413=ORIENTED_EDGE('',*,*,#3103,.F.);
#2414=ORIENTED_EDGE('',*,*,#3098,.T.);
#2415=ORIENTED_EDGE('',*,*,#3064,.T.);
#2416=ORIENTED_EDGE('',*,*,#3104,.T.);
#2417=ORIENTED_EDGE('',*,*,#3105,.T.);
#2418=ORIENTED_EDGE('',*,*,#3106,.T.);
#2419=CARTESIAN_POINT('',(6.985,4.2291,0.0));
#2420=DIRECTION('',(-1.0,0.0,0.0));
#2421=DIRECTION('',(0.0,0.0,1.0));
#2422=SURFACE_STYLE_FILL_AREA(#3107);
#2423=ORIENTED_EDGE('',*,*,#3063,.T.);
#2424=ORIENTED_EDGE('',*,*,#3108,.T.);
#2425=ORIENTED_EDGE('',*,*,#3109,.F.);
#2426=ORIENTED_EDGE('',*,*,#3110,.F.);
#2427=CARTESIAN_POINT('',(-1.0,5.3973,1.143));
#2428=DIRECTION('',(-4.32963728535968E-17,-0.707106781186547,0.707106781186548));
#2429=DIRECTION('',(4.32963728535968E-17,-0.707106781186548,-0.707106781186547));
#2430=SURFACE_STYLE_FILL_AREA(#3111);
#2431=ORIENTED_EDGE('',*,*,#3112,.F.);
#2432=ORIENTED_EDGE('',*,*,#3113,.F.);
#2433=ORIENTED_EDGE('',*,*,#3114,.F.);
#2434=ORIENTED_EDGE('',*,*,#3102,.F.);
#2435=CARTESIAN_POINT('',(5.588,4.2291,-2.2225));
#2436=DIRECTION('',(0.0,0.0,1.0));
#2437=DIRECTION('',(1.0,0.0,0.0));
#2438=SURFACE_STYLE_FILL_AREA(#3115);
#2439=ORIENTED_EDGE('',*,*,#3068,.T.);
#2440=ORIENTED_EDGE('',*,*,#3116,.F.);
#2441=ORIENTED_EDGE('',*,*,#3117,.T.);
#2442=ORIENTED_EDGE('',*,*,#3113,.T.);
#2443=ORIENTED_EDGE('',*,*,#3118,.F.);
#2444=CARTESIAN_POINT('',(4.191,4.2291,-1.23825));
#2445=DIRECTION('',(1.0,0.0,0.0));
#2446=DIRECTION('',(0.0,0.0,-1.0));
#2447=SURFACE_STYLE_FILL_AREA(#3119);
#2448=ORIENTED_EDGE('',*,*,#3069,.T.);
#2449=ORIENTED_EDGE('',*,*,#3118,.T.);
#2450=ORIENTED_EDGE('',*,*,#3112,.T.);
#2451=ORIENTED_EDGE('',*,*,#3101,.T.);
#2452=ORIENTED_EDGE('',*,*,#3051,.T.);
#2453=ORIENTED_EDGE('',*,*,#3073,.T.);
#2454=ORIENTED_EDGE('',*,*,#3085,.T.);
#2455=ORIENTED_EDGE('',*,*,#3120,.F.);
#2456=ORIENTED_EDGE('',*,*,#3121,.F.);
#2457=ORIENTED_EDGE('',*,*,#3122,.F.);
#2458=ORIENTED_EDGE('',*,*,#3123,.F.);
#2459=ORIENTED_EDGE('',*,*,#3079,.T.);
#2460=ORIENTED_EDGE('',*,*,#3061,.T.);
#2461=CARTESIAN_POINT('',(4.00845073769891,5.588,4.11543954297044E-16));
#2462=DIRECTION('',(-0.0,1.0,6.12303176911189E-17));
#2463=DIRECTION('',(1.0,0.0,0.0));
#2464=SURFACE_STYLE_FILL_AREA(#3124);
#2465=ORIENTED_EDGE('',*,*,#2716,.T.);
#2466=ORIENTED_EDGE('',*,*,#2721,.T.);
#2467=ORIENTED_EDGE('',*,*,#2711,.T.);
#2468=ORIENTED_EDGE('',*,*,#2725,.T.);
#2469=ORIENTED_EDGE('',*,*,#2706,.T.);
#2470=ORIENTED_EDGE('',*,*,#2729,.T.);
#2471=ORIENTED_EDGE('',*,*,#2701,.T.);
#2472=ORIENTED_EDGE('',*,*,#2733,.T.);
#2473=ORIENTED_EDGE('',*,*,#2696,.T.);
#2474=ORIENTED_EDGE('',*,*,#2737,.T.);
#2475=ORIENTED_EDGE('',*,*,#2691,.T.);
#2476=ORIENTED_EDGE('',*,*,#2741,.T.);
#2477=ORIENTED_EDGE('',*,*,#2686,.T.);
#2478=ORIENTED_EDGE('',*,*,#2745,.T.);
#2479=ORIENTED_EDGE('',*,*,#2681,.T.);
#2480=ORIENTED_EDGE('',*,*,#2749,.T.);
#2481=ORIENTED_EDGE('',*,*,#3103,.T.);
#2482=ORIENTED_EDGE('',*,*,#3114,.T.);
#2483=ORIENTED_EDGE('',*,*,#3117,.F.);
#2484=ORIENTED_EDGE('',*,*,#3125,.T.);
#2485=ORIENTED_EDGE('',*,*,#3095,.F.);
#2486=ORIENTED_EDGE('',*,*,#3099,.T.);
#2487=CARTESIAN_POINT('',(4.1275,1.4351,0.0));
#2488=DIRECTION('',(0.0,1.0,0.0));
#2489=DIRECTION('',(0.0,0.0,1.0));
#2490=SURFACE_STYLE_FILL_AREA(#3126);
#2491=ORIENTED_EDGE('',*,*,#3104,.F.);
#2492=ORIENTED_EDGE('',*,*,#3110,.T.);
#2493=ORIENTED_EDGE('',*,*,#3127,.F.);
#2494=ORIENTED_EDGE('',*,*,#3128,.F.);
#2495=CARTESIAN_POINT('',(-1.0,4.1782,0.9525));
#2496=DIRECTION('',(-6.12303176911189E-17,-5.39676757060644E-17,1.0));
#2497=DIRECTION('',(3.3044579285336E-33,-1.0,-5.39676757060644E-17));
#2498=SURFACE_STYLE_FILL_AREA(#3129);
#2499=ORIENTED_EDGE('',*,*,#3105,.F.);
#2500=ORIENTED_EDGE('',*,*,#3128,.T.);
#2501=ORIENTED_EDGE('',*,*,#3130,.F.);
#2502=ORIENTED_EDGE('',*,*,#3131,.F.);
#2503=CARTESIAN_POINT('',(-1.0,3.1496,0.47625));
#2504=DIRECTION('',(-7.49830360911069E-33,-1.0,1.22460635382238E-16));
#2505=DIRECTION('',(6.12303176911189E-17,-1.22460635382238E-16,-1.0));
#2506=SURFACE_STYLE_FILL_AREA(#3132);
#2507=ORIENTED_EDGE('',*,*,#3106,.F.);
#2508=ORIENTED_EDGE('',*,*,#3131,.T.);
#2509=ORIENTED_EDGE('',*,*,#3133,.F.);
#2510=ORIENTED_EDGE('',*,*,#3083,.F.);
#2511=CARTESIAN_POINT('',(-1.0,4.1782,-0.9525));
#2512=DIRECTION('',(6.12303176911189E-17,-5.39676757060644E-17,-1.0));
#2513=DIRECTION('',(3.3044579285336E-33,1.0,-5.39676757060644E-17));
#2514=SURFACE_STYLE_FILL_AREA(#3134);
#2515=ORIENTED_EDGE('',*,*,#3092,.F.);
#2516=ORIENTED_EDGE('',*,*,#3135,.F.);
#2517=ORIENTED_EDGE('',*,*,#3136,.F.);
#2518=ORIENTED_EDGE('',*,*,#3137,.T.);
#2519=CARTESIAN_POINT('',(-1.0,3.1496,0.47625));
#2520=DIRECTION('',(-7.49830360911069E-33,-1.0,1.22460635382238E-16));
#2521=DIRECTION('',(6.12303176911189E-17,-1.22460635382238E-16,-1.0));
#2522=SURFACE_STYLE_FILL_AREA(#3138);
#2523=ORIENTED_EDGE('',*,*,#3093,.F.);
#2524=ORIENTED_EDGE('',*,*,#3137,.F.);
#2525=ORIENTED_EDGE('',*,*,#3139,.F.);
#2526=ORIENTED_EDGE('',*,*,#3087,.T.);
#2527=CARTESIAN_POINT('',(-1.0,4.1782,0.9525));
#2528=DIRECTION('',(-6.12303176911189E-17,-5.39676757060644E-17,1.0));
#2529=DIRECTION('',(3.3044579285336E-33,-1.0,-5.39676757060644E-17));
#2530=SURFACE_STYLE_FILL_AREA(#3140);
#2531=ORIENTED_EDGE('',*,*,#3091,.F.);
#2532=ORIENTED_EDGE('',*,*,#3081,.F.);
#2533=ORIENTED_EDGE('',*,*,#3141,.F.);
#2534=ORIENTED_EDGE('',*,*,#3135,.T.);
#2535=CARTESIAN_POINT('',(-1.0,4.1782,-0.9525));
#2536=DIRECTION('',(6.12303176911189E-17,-5.39676757060644E-17,-1.0));
#2537=DIRECTION('',(3.3044579285336E-33,1.0,-5.39676757060644E-17));
#2538=SURFACE_STYLE_FILL_AREA(#3142);
#2539=ORIENTED_EDGE('',*,*,#3088,.T.);
#2540=ORIENTED_EDGE('',*,*,#3139,.T.);
#2541=ORIENTED_EDGE('',*,*,#3136,.T.);
#2542=ORIENTED_EDGE('',*,*,#3141,.T.);
#2543=ORIENTED_EDGE('',*,*,#3080,.T.);
#2544=ORIENTED_EDGE('',*,*,#3123,.T.);
#2545=ORIENTED_EDGE('',*,*,#3143,.F.);
#2546=ORIENTED_EDGE('',*,*,#3041,.F.);
#2547=ORIENTED_EDGE('',*,*,#3047,.F.);
#2548=ORIENTED_EDGE('',*,*,#3144,.T.);
#2549=ORIENTED_EDGE('',*,*,#3145,.T.);
#2550=CARTESIAN_POINT('',(0.0,8.74828164011861E-17,-1.42875));
#2551=DIRECTION('',(-1.0,0.0,0.0));
#2552=DIRECTION('',(0.0,-6.12303176911189E-17,1.0));
#2553=SURFACE_STYLE_FILL_AREA(#3146);
#2554=ORIENTED_EDGE('',*,*,#3054,.T.);
#2555=ORIENTED_EDGE('',*,*,#3089,.T.);
#2556=ORIENTED_EDGE('',*,*,#3145,.F.);
#2557=ORIENTED_EDGE('',*,*,#3147,.F.);
#2558=ORIENTED_EDGE('',*,*,#3148,.F.);
#2559=ORIENTED_EDGE('',*,*,#3149,.F.);
#2560=ORIENTED_EDGE('',*,*,#3108,.F.);
#2561=ORIENTED_EDGE('',*,*,#3066,.T.);
#2562=ORIENTED_EDGE('',*,*,#3076,.T.);
#2563=CARTESIAN_POINT('',(4.00845073769891,5.588,4.11543954297044E-16));
#2564=DIRECTION('',(-0.0,1.0,6.12303176911189E-17));
#2565=DIRECTION('',(1.0,0.0,0.0));
#2566=SURFACE_STYLE_FILL_AREA(#3150);
#2567=ORIENTED_EDGE('',*,*,#3070,.T.);
#2568=ORIENTED_EDGE('',*,*,#3096,.F.);
#2569=ORIENTED_EDGE('',*,*,#3125,.F.);
#2570=ORIENTED_EDGE('',*,*,#3116,.T.);
#2571=CARTESIAN_POINT('',(4.1275,4.2291,-1.7145));
#2572=DIRECTION('',(0.0,0.0,1.0));
#2573=DIRECTION('',(1.0,0.0,0.0));
#2574=SURFACE_STYLE_FILL_AREA(#3151);
#2575=ORIENTED_EDGE('',*,*,#3152,.F.);
#2576=ORIENTED_EDGE('',*,*,#3153,.F.);
#2577=ORIENTED_EDGE('',*,*,#3154,.F.);
#2578=ORIENTED_EDGE('',*,*,#2834,.F.);
#2579=CARTESIAN_POINT('',(6.985,1.016,-1.9685));
#2580=DIRECTION('',(-9.11362344435701E-17,0.868243142124459,0.496138938356834));
#2581=DIRECTION('',(1.59488410276248E-16,0.496138938356834,-0.868243142124459));
#2582=SURFACE_STYLE_FILL_AREA(#3155);
#2583=ORIENTED_EDGE('',*,*,#3043,.F.);
#2584=ORIENTED_EDGE('',*,*,#3156,.F.);
#2585=ORIENTED_EDGE('',*,*,#3152,.T.);
#2586=ORIENTED_EDGE('',*,*,#2837,.F.);
#2587=ORIENTED_EDGE('',*,*,#3157,.T.);
#2588=ORIENTED_EDGE('',*,*,#3158,.F.);
#2589=ORIENTED_EDGE('',*,*,#3045,.F.);
#2590=CARTESIAN_POINT('',(1.27,0.00800000000000001,0.0));
#2591=DIRECTION('',(1.0,0.0,0.0));
#2592=DIRECTION('',(0.0,0.0,-1.0));
#2593=SURFACE_STYLE_FILL_AREA(#3159);
#2594=ORIENTED_EDGE('',*,*,#3160,.F.);
#2595=ORIENTED_EDGE('',*,*,#3161,.F.);
#2596=ORIENTED_EDGE('',*,*,#3157,.F.);
#2597=ORIENTED_EDGE('',*,*,#2836,.F.);
#2598=CARTESIAN_POINT('',(1.27,1.016,1.9685));
#2599=DIRECTION('',(3.03787448145234E-17,0.868243142124459,-0.496138938356834));
#2600=DIRECTION('',(-5.31628034254159E-17,0.496138938356834,0.868243142124459));
#2601=SURFACE_STYLE_FILL_AREA(#3162);
#2602=ORIENTED_EDGE('',*,*,#2835,.T.);
#2603=ORIENTED_EDGE('',*,*,#3154,.T.);
#2604=ORIENTED_EDGE('',*,*,#3163,.F.);
#2605=ORIENTED_EDGE('',*,*,#3026,.F.);
#2606=ORIENTED_EDGE('',*,*,#3034,.F.);
#2607=ORIENTED_EDGE('',*,*,#3164,.F.);
#2608=ORIENTED_EDGE('',*,*,#3160,.T.);
#2609=CARTESIAN_POINT('',(6.985,0.00800000000000001,0.0));
#2610=DIRECTION('',(-1.0,0.0,0.0));
#2611=DIRECTION('',(0.0,0.0,1.0));
#2612=SURFACE_STYLE_FILL_AREA(#3165);
#2613=ORIENTED_EDGE('',*,*,#3156,.T.);
#2614=ORIENTED_EDGE('',*,*,#3042,.T.);
#2615=ORIENTED_EDGE('',*,*,#3143,.T.);
#2616=ORIENTED_EDGE('',*,*,#3122,.T.);
#2617=ORIENTED_EDGE('',*,*,#3166,.F.);
#2618=ORIENTED_EDGE('',*,*,#3027,.T.);
#2619=ORIENTED_EDGE('',*,*,#3163,.T.);
#2620=ORIENTED_EDGE('',*,*,#3153,.T.);
#2621=CARTESIAN_POINT('',(3.81,1.74965632802372E-16,-2.8575));
#2622=DIRECTION('',(1.16558847729675E-16,6.12303176911189E-17,-1.0));
#2623=DIRECTION('',(-1.0,7.13693527619876E-33,-1.16558847729675E-16));
#2624=SURFACE_STYLE_FILL_AREA(#3167);
#2625=ORIENTED_EDGE('',*,*,#3121,.T.);
#2626=ORIENTED_EDGE('',*,*,#3168,.F.);
#2627=ORIENTED_EDGE('',*,*,#3028,.T.);
#2628=ORIENTED_EDGE('',*,*,#3166,.T.);
#2629=CARTESIAN_POINT('',(7.9375,1.55525006935442E-16,-2.54));
#2630=DIRECTION('',(0.707106781186548,4.32963728535968E-17,-0.707106781186548));
#2631=DIRECTION('',(-0.707106781186548,4.32963728535968E-17,-0.707106781186548));
#2632=SURFACE_STYLE_FILL_AREA(#3169);
#2633=ORIENTED_EDGE('',*,*,#3149,.T.);
#2634=ORIENTED_EDGE('',*,*,#3170,.F.);
#2635=ORIENTED_EDGE('',*,*,#3031,.T.);
#2636=ORIENTED_EDGE('',*,*,#3029,.T.);
#2637=ORIENTED_EDGE('',*,*,#3168,.T.);
#2638=ORIENTED_EDGE('',*,*,#3120,.T.);
#2639=ORIENTED_EDGE('',*,*,#3084,.T.);
#2640=ORIENTED_EDGE('',*,*,#3133,.T.);
#2641=ORIENTED_EDGE('',*,*,#3130,.T.);
#2642=ORIENTED_EDGE('',*,*,#3127,.T.);
#2643=ORIENTED_EDGE('',*,*,#3109,.T.);
#2644=CARTESIAN_POINT('',(8.255,-6.80421905342558E-17,1.11125));
#2645=DIRECTION('',(1.0,0.0,0.0));
#2646=DIRECTION('',(0.0,6.12303176911189E-17,-1.0));
#2647=SURFACE_STYLE_FILL_AREA(#3171);
#2648=ORIENTED_EDGE('',*,*,#3148,.T.);
#2649=ORIENTED_EDGE('',*,*,#3172,.F.);
#2650=ORIENTED_EDGE('',*,*,#3032,.F.);
#2651=ORIENTED_EDGE('',*,*,#3170,.T.);
#2652=CARTESIAN_POINT('',(7.9375,-1.55525006935442E-16,2.54));
#2653=DIRECTION('',(0.707106781186547,-4.32963728535968E-17,0.707106781186548));
#2654=DIRECTION('',(0.707106781186548,4.32963728535967E-17,-0.707106781186547));
#2655=SURFACE_STYLE_FILL_AREA(#3173);
#2656=ORIENTED_EDGE('',*,*,#3164,.T.);
#2657=ORIENTED_EDGE('',*,*,#3033,.F.);
#2658=ORIENTED_EDGE('',*,*,#3172,.T.);
#2659=ORIENTED_EDGE('',*,*,#3147,.T.);
#2660=ORIENTED_EDGE('',*,*,#3144,.F.);
#2661=ORIENTED_EDGE('',*,*,#3046,.F.);
#2662=ORIENTED_EDGE('',*,*,#3158,.T.);
#2663=ORIENTED_EDGE('',*,*,#3161,.T.);
#2664=CARTESIAN_POINT('',(3.81,-1.74965632802372E-16,2.8575));
#2665=DIRECTION('',(1.16558847729675E-16,-6.12303176911189E-17,1.0));
#2666=DIRECTION('',(1.0,7.13693527619876E-33,-1.16558847729675E-16));
#2667=FILL_AREA_STYLE('',(#3174));
#2668=EDGE_CURVE('',#3175,#3176,#3177,.T.);
#2669=EDGE_CURVE('',#3175,#3178,#3179,.T.);
#2670=EDGE_CURVE('',#3178,#3180,#3181,.T.);
#2671=EDGE_CURVE('',#3182,#3180,#3183,.T.);
#2672=EDGE_CURVE('',#3176,#3182,#3184,.T.);
#2673=FILL_AREA_STYLE('',(#3185));
#2674=EDGE_CURVE('',#3186,#3187,#3188,.T.);
#2675=EDGE_CURVE('',#3186,#3189,#3190,.T.);
#2676=EDGE_CURVE('',#3189,#3191,#3192,.T.);
#2677=EDGE_CURVE('',#3193,#3191,#3194,.T.);
#2678=EDGE_CURVE('',#3187,#3193,#3195,.T.);
#2679=FILL_AREA_STYLE('',(#3196));
#2680=EDGE_CURVE('',#3197,#3198,#3199,.T.);
#2681=EDGE_CURVE('',#3200,#3197,#3201,.T.);
#2682=EDGE_CURVE('',#3202,#3200,#3203,.T.);
#2683=EDGE_CURVE('',#3198,#3202,#3204,.T.);
#2684=FILL_AREA_STYLE('',(#3205));
#2685=EDGE_CURVE('',#3206,#3207,#3208,.T.);
#2686=EDGE_CURVE('',#3209,#3206,#3210,.T.);
#2687=EDGE_CURVE('',#3211,#3209,#3212,.T.);
#2688=EDGE_CURVE('',#3207,#3211,#3213,.T.);
#2689=FILL_AREA_STYLE('',(#3214));
#2690=EDGE_CURVE('',#3215,#3216,#3217,.T.);
#2691=EDGE_CURVE('',#3218,#3215,#3219,.T.);
#2692=EDGE_CURVE('',#3220,#3218,#3221,.T.);
#2693=EDGE_CURVE('',#3216,#3220,#3222,.T.);
#2694=FILL_AREA_STYLE('',(#3223));
#2695=EDGE_CURVE('',#3224,#3225,#3226,.T.);
#2696=EDGE_CURVE('',#3227,#3224,#3228,.T.);
#2697=EDGE_CURVE('',#3229,#3227,#3230,.T.);
#2698=EDGE_CURVE('',#3225,#3229,#3231,.T.);
#2699=FILL_AREA_STYLE('',(#3232));
#2700=EDGE_CURVE('',#3233,#3234,#3235,.T.);
#2701=EDGE_CURVE('',#3236,#3233,#3237,.T.);
#2702=EDGE_CURVE('',#3238,#3236,#3239,.T.);
#2703=EDGE_CURVE('',#3234,#3238,#3240,.T.);
#2704=FILL_AREA_STYLE('',(#3241));
#2705=EDGE_CURVE('',#3242,#3243,#3244,.T.);
#2706=EDGE_CURVE('',#3245,#3242,#3246,.T.);
#2707=EDGE_CURVE('',#3247,#3245,#3248,.T.);
#2708=EDGE_CURVE('',#3243,#3247,#3249,.T.);
#2709=FILL_AREA_STYLE('',(#3250));
#2710=EDGE_CURVE('',#3251,#3252,#3253,.T.);
#2711=EDGE_CURVE('',#3254,#3251,#3255,.T.);
#2712=EDGE_CURVE('',#3256,#3254,#3257,.T.);
#2713=EDGE_CURVE('',#3252,#3256,#3258,.T.);
#2714=FILL_AREA_STYLE('',(#3259));
#2715=EDGE_CURVE('',#3260,#3261,#3262,.T.);
#2716=EDGE_CURVE('',#3263,#3260,#3264,.T.);
#2717=EDGE_CURVE('',#3265,#3263,#3266,.T.);
#2718=EDGE_CURVE('',#3261,#3265,#3267,.T.);
#2719=FILL_AREA_STYLE('',(#3268));
#2720=EDGE_CURVE('',#3265,#3261,#3269,.T.);
#2721=EDGE_CURVE('',#3260,#3263,#3270,.T.);
#2722=FILL_AREA_STYLE('',(#3271));
#2723=FILL_AREA_STYLE('',(#3272));
#2724=EDGE_CURVE('',#3256,#3252,#3273,.T.);
#2725=EDGE_CURVE('',#3251,#3254,#3274,.T.);
#2726=FILL_AREA_STYLE('',(#3275));
#2727=FILL_AREA_STYLE('',(#3276));
#2728=EDGE_CURVE('',#3247,#3243,#3277,.T.);
#2729=EDGE_CURVE('',#3242,#3245,#3278,.T.);
#2730=FILL_AREA_STYLE('',(#3279));
#2731=FILL_AREA_STYLE('',(#3280));
#2732=EDGE_CURVE('',#3238,#3234,#3281,.T.);
#2733=EDGE_CURVE('',#3233,#3236,#3282,.T.);
#2734=FILL_AREA_STYLE('',(#3283));
#2735=FILL_AREA_STYLE('',(#3284));
#2736=EDGE_CURVE('',#3229,#3225,#3285,.T.);
#2737=EDGE_CURVE('',#3224,#3227,#3286,.T.);
#2738=FILL_AREA_STYLE('',(#3287));
#2739=FILL_AREA_STYLE('',(#3288));
#2740=EDGE_CURVE('',#3220,#3216,#3289,.T.);
#2741=EDGE_CURVE('',#3215,#3218,#3290,.T.);
#2742=FILL_AREA_STYLE('',(#3291));
#2743=FILL_AREA_STYLE('',(#3292));
#2744=EDGE_CURVE('',#3211,#3207,#3293,.T.);
#2745=EDGE_CURVE('',#3206,#3209,#3294,.T.);
#2746=FILL_AREA_STYLE('',(#3295));
#2747=FILL_AREA_STYLE('',(#3296));
#2748=EDGE_CURVE('',#3202,#3198,#3297,.T.);
#2749=EDGE_CURVE('',#3197,#3200,#3298,.T.);
#2750=FILL_AREA_STYLE('',(#3299));
#2751=FILL_AREA_STYLE('',(#3300));
#2752=EDGE_CURVE('',#3301,#3302,#3303,.T.);
#2753=EDGE_CURVE('',#3301,#3304,#3305,.T.);
#2754=EDGE_CURVE('',#3304,#3306,#3307,.T.);
#2755=EDGE_CURVE('',#3306,#3302,#3308,.T.);
#2756=FILL_AREA_STYLE('',(#3309));
#2757=EDGE_CURVE('',#3310,#3311,#3312,.T.);
#2758=EDGE_CURVE('',#3313,#3310,#3314,.T.);
#2759=EDGE_CURVE('',#3315,#3313,#3316,.T.);
#2760=EDGE_CURVE('',#3317,#3315,#3318,.T.);
#2761=EDGE_CURVE('',#3319,#3317,#3320,.T.);
#2762=EDGE_CURVE('',#3319,#3321,#3322,.T.);
#2763=EDGE_CURVE('',#3321,#3323,#3324,.T.);
#2764=EDGE_CURVE('',#3311,#3323,#3325,.T.);
#2765=FILL_AREA_STYLE('',(#3326));
#2766=EDGE_CURVE('',#3327,#3328,#3329,.T.);
#2767=EDGE_CURVE('',#3330,#3327,#3331,.T.);
#2768=EDGE_CURVE('',#3332,#3330,#3333,.T.);
#2769=EDGE_CURVE('',#3334,#3332,#3335,.T.);
#2770=EDGE_CURVE('',#3336,#3334,#3337,.T.);
#2771=EDGE_CURVE('',#3338,#3336,#3339,.T.);
#2772=EDGE_CURVE('',#3340,#3338,#3341,.T.);
#2773=EDGE_CURVE('',#3328,#3340,#3342,.T.);
#2774=FILL_AREA_STYLE('',(#3343));
#2775=EDGE_CURVE('',#3302,#3344,#3345,.T.);
#2776=EDGE_CURVE('',#3346,#3306,#3347,.T.);
#2777=EDGE_CURVE('',#3348,#3346,#3349,.T.);
#2778=EDGE_CURVE('',#3350,#3348,#3351,.T.);
#2779=EDGE_CURVE('',#3352,#3350,#3353,.T.);
#2780=EDGE_CURVE('',#3354,#3352,#3355,.T.);
#2781=EDGE_CURVE('',#3344,#3354,#3356,.T.);
#2782=FILL_AREA_STYLE('',(#3357));
#2783=EDGE_CURVE('',#3328,#3310,#3358,.T.);
#2784=EDGE_CURVE('',#3313,#3340,#3359,.T.);
#2785=FILL_AREA_STYLE('',(#3360));
#2786=EDGE_CURVE('',#3321,#3332,#3361,.T.);
#2787=EDGE_CURVE('',#3319,#3334,#3362,.T.);
#2788=FILL_AREA_STYLE('',(#3363));
#2789=EDGE_CURVE('',#3323,#3330,#3364,.T.);
#2790=FILL_AREA_STYLE('',(#3365));
#2791=EDGE_CURVE('',#3311,#3327,#3366,.T.);
#2792=FILL_AREA_STYLE('',(#3367));
#2793=EDGE_CURVE('',#3344,#3368,#3369,.T.);
#2794=EDGE_CURVE('',#3370,#3354,#3371,.T.);
#2795=EDGE_CURVE('',#3370,#3368,#3372,.T.);
#2796=FILL_AREA_STYLE('',(#3373));
#2797=EDGE_CURVE('',#3374,#3352,#3375,.T.);
#2798=EDGE_CURVE('',#3370,#3374,#3376,.T.);
#2799=FILL_AREA_STYLE('',(#3377));
#2800=EDGE_CURVE('',#3378,#3350,#3379,.T.);
#2801=EDGE_CURVE('',#3378,#3374,#3380,.T.);
#2802=FILL_AREA_STYLE('',(#3381));
#2803=EDGE_CURVE('',#3382,#3348,#3383,.T.);
#2804=EDGE_CURVE('',#3382,#3378,#3384,.T.);
#2805=FILL_AREA_STYLE('',(#3385));
#2806=EDGE_CURVE('',#3386,#3346,#3387,.T.);
#2807=EDGE_CURVE('',#3386,#3382,#3388,.T.);
#2808=FILL_AREA_STYLE('',(#3389));
#2809=EDGE_CURVE('',#3304,#3386,#3390,.T.);
#2810=FILL_AREA_STYLE('',(#3391));
#2811=EDGE_CURVE('',#3315,#3338,#3392,.T.);
#2812=FILL_AREA_STYLE('',(#3393));
#2813=EDGE_CURVE('',#3317,#3336,#3394,.T.);
#2814=FILL_AREA_STYLE('',(#3395));
#2815=FILL_AREA_STYLE('',(#3396));
#2816=EDGE_CURVE('',#3368,#3301,#3397,.T.);
#2817=FILL_AREA_STYLE('',(#3398));
#2818=EDGE_CURVE('',#3399,#3400,#3401,.T.);
#2819=EDGE_CURVE('',#3400,#3402,#3403,.T.);
#2820=EDGE_CURVE('',#3402,#3404,#3405,.T.);
#2821=EDGE_CURVE('',#3404,#3399,#3406,.T.);
#2822=EDGE_CURVE('',#3407,#3408,#3409,.T.);
#2823=EDGE_CURVE('',#3408,#3410,#3411,.T.);
#2824=EDGE_CURVE('',#3410,#3412,#3413,.T.);
#2825=EDGE_CURVE('',#3412,#3407,#3414,.T.);
#2826=EDGE_CURVE('',#3415,#3416,#3417,.T.);
#2827=EDGE_CURVE('',#3416,#3418,#3419,.T.);
#2828=EDGE_CURVE('',#3418,#3420,#3421,.T.);
#2829=EDGE_CURVE('',#3420,#3415,#3422,.T.);
#2830=EDGE_CURVE('',#3423,#3424,#3425,.T.);
#2831=EDGE_CURVE('',#3424,#3426,#3427,.T.);
#2832=EDGE_CURVE('',#3426,#3428,#3429,.T.);
#2833=EDGE_CURVE('',#3428,#3423,#3430,.T.);
#2834=EDGE_CURVE('',#3431,#3432,#3433,.T.);
#2835=EDGE_CURVE('',#3434,#3432,#3435,.T.);
#2836=EDGE_CURVE('',#3434,#3436,#3437,.T.);
#2837=EDGE_CURVE('',#3436,#3431,#3438,.T.);
#2838=EDGE_CURVE('',#3439,#3440,#3441,.T.);
#2839=EDGE_CURVE('',#3440,#3442,#3443,.T.);
#2840=EDGE_CURVE('',#3442,#3444,#3445,.T.);
#2841=EDGE_CURVE('',#3444,#3439,#3446,.T.);
#2842=EDGE_CURVE('',#3447,#3448,#3449,.T.);
#2843=EDGE_CURVE('',#3448,#3450,#3451,.T.);
#2844=EDGE_CURVE('',#3450,#3452,#3453,.T.);
#2845=EDGE_CURVE('',#3452,#3447,#3454,.T.);
#2846=FILL_AREA_STYLE('',(#3455));
#2847=EDGE_CURVE('',#3399,#3456,#3457,.T.);
#2848=EDGE_CURVE('',#3456,#3458,#3459,.T.);
#2849=EDGE_CURVE('',#3458,#3400,#3460,.T.);
#2850=FILL_AREA_STYLE('',(#3461));
#2851=EDGE_CURVE('',#3462,#3408,#3463,.T.);
#2852=EDGE_CURVE('',#3464,#3462,#3465,.T.);
#2853=EDGE_CURVE('',#3466,#3464,#3467,.T.);
#2854=EDGE_CURVE('',#3468,#3466,#3469,.T.);
#2855=EDGE_CURVE('',#3468,#3470,#3471,.T.);
#2856=EDGE_CURVE('',#3470,#3472,#3473,.T.);
#2857=EDGE_CURVE('',#3410,#3472,#3474,.T.);
#2858=FILL_AREA_STYLE('',(#3475));
#2859=EDGE_CURVE('',#3476,#3412,#3477,.T.);
#2860=EDGE_CURVE('',#3478,#3476,#3479,.T.);
#2861=EDGE_CURVE('',#3480,#3478,#3481,.T.);
#2862=EDGE_CURVE('',#3482,#3480,#3483,.T.);
#2863=EDGE_CURVE('',#3484,#3482,#3485,.T.);
#2864=EDGE_CURVE('',#3486,#3484,#3487,.T.);
#2865=EDGE_CURVE('',#3407,#3486,#3488,.T.);
#2866=FILL_AREA_STYLE('',(#3489));
#2867=EDGE_CURVE('',#3490,#3458,#3491,.T.);
#2868=EDGE_CURVE('',#3492,#3490,#3493,.T.);
#2869=EDGE_CURVE('',#3494,#3492,#3495,.T.);
#2870=EDGE_CURVE('',#3496,#3494,#3497,.T.);
#2871=EDGE_CURVE('',#3498,#3496,#3499,.T.);
#2872=EDGE_CURVE('',#3402,#3498,#3500,.T.);
#2873=FILL_AREA_STYLE('',(#3501));
#2874=EDGE_CURVE('',#3462,#3486,#3502,.T.);
#2875=FILL_AREA_STYLE('',(#3503));
#2876=EDGE_CURVE('',#3470,#3478,#3504,.T.);
#2877=EDGE_CURVE('',#3468,#3480,#3505,.T.);
#2878=FILL_AREA_STYLE('',(#3506));
#2879=EDGE_CURVE('',#3472,#3476,#3507,.T.);
#2880=FILL_AREA_STYLE('',(#3508));
#2881=FILL_AREA_STYLE('',(#3509));
#2882=EDGE_CURVE('',#3510,#3498,#3511,.T.);
#2883=EDGE_CURVE('',#3510,#3404,#3512,.T.);
#2884=FILL_AREA_STYLE('',(#3513));
#2885=EDGE_CURVE('',#3514,#3496,#3515,.T.);
#2886=EDGE_CURVE('',#3510,#3514,#3516,.T.);
#2887=FILL_AREA_STYLE('',(#3517));
#2888=EDGE_CURVE('',#3518,#3494,#3519,.T.);
#2889=EDGE_CURVE('',#3518,#3514,#3520,.T.);
#2890=FILL_AREA_STYLE('',(#3521));
#2891=EDGE_CURVE('',#3522,#3492,#3523,.T.);
#2892=EDGE_CURVE('',#3522,#3518,#3524,.T.);
#2893=FILL_AREA_STYLE('',(#3525));
#2894=EDGE_CURVE('',#3526,#3490,#3527,.T.);
#2895=EDGE_CURVE('',#3526,#3522,#3528,.T.);
#2896=FILL_AREA_STYLE('',(#3529));
#2897=EDGE_CURVE('',#3456,#3526,#3530,.T.);
#2898=FILL_AREA_STYLE('',(#3531));
#2899=EDGE_CURVE('',#3464,#3484,#3532,.T.);
#2900=FILL_AREA_STYLE('',(#3533));
#2901=EDGE_CURVE('',#3466,#3482,#3534,.T.);
#2902=FILL_AREA_STYLE('',(#3535));
#2903=FILL_AREA_STYLE('',(#3536));
#2904=FILL_AREA_STYLE('',(#3537));
#2905=EDGE_CURVE('',#3447,#3538,#3539,.T.);
#2906=EDGE_CURVE('',#3538,#3540,#3541,.T.);
#2907=EDGE_CURVE('',#3540,#3448,#3542,.T.);
#2908=FILL_AREA_STYLE('',(#3543));
#2909=EDGE_CURVE('',#3544,#3440,#3545,.T.);
#2910=EDGE_CURVE('',#3546,#3544,#3547,.T.);
#2911=EDGE_CURVE('',#3548,#3546,#3549,.T.);
#2912=EDGE_CURVE('',#3550,#3548,#3551,.T.);
#2913=EDGE_CURVE('',#3550,#3552,#3553,.T.);
#2914=EDGE_CURVE('',#3552,#3554,#3555,.T.);
#2915=EDGE_CURVE('',#3442,#3554,#3556,.T.);
#2916=FILL_AREA_STYLE('',(#3557));
#2917=EDGE_CURVE('',#3558,#3444,#3559,.T.);
#2918=EDGE_CURVE('',#3560,#3558,#3561,.T.);
#2919=EDGE_CURVE('',#3562,#3560,#3563,.T.);
#2920=EDGE_CURVE('',#3564,#3562,#3565,.T.);
#2921=EDGE_CURVE('',#3566,#3564,#3567,.T.);
#2922=EDGE_CURVE('',#3568,#3566,#3569,.T.);
#2923=EDGE_CURVE('',#3439,#3568,#3570,.T.);
#2924=FILL_AREA_STYLE('',(#3571));
#2925=EDGE_CURVE('',#3572,#3540,#3573,.T.);
#2926=EDGE_CURVE('',#3574,#3572,#3575,.T.);
#2927=EDGE_CURVE('',#3576,#3574,#3577,.T.);
#2928=EDGE_CURVE('',#3578,#3576,#3579,.T.);
#2929=EDGE_CURVE('',#3580,#3578,#3581,.T.);
#2930=EDGE_CURVE('',#3450,#3580,#3582,.T.);
#2931=FILL_AREA_STYLE('',(#3583));
#2932=EDGE_CURVE('',#3544,#3568,#3584,.T.);
#2933=FILL_AREA_STYLE('',(#3585));
#2934=EDGE_CURVE('',#3552,#3560,#3586,.T.);
#2935=EDGE_CURVE('',#3550,#3562,#3587,.T.);
#2936=FILL_AREA_STYLE('',(#3588));
#2937=EDGE_CURVE('',#3554,#3558,#3589,.T.);
#2938=FILL_AREA_STYLE('',(#3590));
#2939=FILL_AREA_STYLE('',(#3591));
#2940=EDGE_CURVE('',#3592,#3580,#3593,.T.);
#2941=EDGE_CURVE('',#3592,#3452,#3594,.T.);
#2942=FILL_AREA_STYLE('',(#3595));
#2943=EDGE_CURVE('',#3596,#3578,#3597,.T.);
#2944=EDGE_CURVE('',#3592,#3596,#3598,.T.);
#2945=FILL_AREA_STYLE('',(#3599));
#2946=EDGE_CURVE('',#3600,#3576,#3601,.T.);
#2947=EDGE_CURVE('',#3600,#3596,#3602,.T.);
#2948=FILL_AREA_STYLE('',(#3603));
#2949=EDGE_CURVE('',#3604,#3574,#3605,.T.);
#2950=EDGE_CURVE('',#3604,#3600,#3606,.T.);
#2951=FILL_AREA_STYLE('',(#3607));
#2952=EDGE_CURVE('',#3608,#3572,#3609,.T.);
#2953=EDGE_CURVE('',#3608,#3604,#3610,.T.);
#2954=FILL_AREA_STYLE('',(#3611));
#2955=EDGE_CURVE('',#3538,#3608,#3612,.T.);
#2956=FILL_AREA_STYLE('',(#3613));
#2957=EDGE_CURVE('',#3546,#3566,#3614,.T.);
#2958=FILL_AREA_STYLE('',(#3615));
#2959=EDGE_CURVE('',#3548,#3564,#3616,.T.);
#2960=FILL_AREA_STYLE('',(#3617));
#2961=FILL_AREA_STYLE('',(#3618));
#2962=FILL_AREA_STYLE('',(#3619));
#2963=EDGE_CURVE('',#3415,#3620,#3621,.T.);
#2964=EDGE_CURVE('',#3620,#3622,#3623,.T.);
#2965=EDGE_CURVE('',#3622,#3416,#3624,.T.);
#2966=FILL_AREA_STYLE('',(#3625));
#2967=EDGE_CURVE('',#3626,#3424,#3627,.T.);
#2968=EDGE_CURVE('',#3628,#3626,#3629,.T.);
#2969=EDGE_CURVE('',#3630,#3628,#3631,.T.);
#2970=EDGE_CURVE('',#3632,#3630,#3633,.T.);
#2971=EDGE_CURVE('',#3632,#3634,#3635,.T.);
#2972=EDGE_CURVE('',#3634,#3636,#3637,.T.);
#2973=EDGE_CURVE('',#3426,#3636,#3638,.T.);
#2974=FILL_AREA_STYLE('',(#3639));
#2975=EDGE_CURVE('',#3640,#3428,#3641,.T.);
#2976=EDGE_CURVE('',#3642,#3640,#3643,.T.);
#2977=EDGE_CURVE('',#3644,#3642,#3645,.T.);
#2978=EDGE_CURVE('',#3646,#3644,#3647,.T.);
#2979=EDGE_CURVE('',#3648,#3646,#3649,.T.);
#2980=EDGE_CURVE('',#3650,#3648,#3651,.T.);
#2981=EDGE_CURVE('',#3423,#3650,#3652,.T.);
#2982=FILL_AREA_STYLE('',(#3653));
#2983=EDGE_CURVE('',#3654,#3622,#3655,.T.);
#2984=EDGE_CURVE('',#3656,#3654,#3657,.T.);
#2985=EDGE_CURVE('',#3658,#3656,#3659,.T.);
#2986=EDGE_CURVE('',#3660,#3658,#3661,.T.);
#2987=EDGE_CURVE('',#3662,#3660,#3663,.T.);
#2988=EDGE_CURVE('',#3418,#3662,#3664,.T.);
#2989=FILL_AREA_STYLE('',(#3665));
#2990=EDGE_CURVE('',#3626,#3650,#3666,.T.);
#2991=FILL_AREA_STYLE('',(#3667));
#2992=EDGE_CURVE('',#3634,#3642,#3668,.T.);
#2993=EDGE_CURVE('',#3632,#3644,#3669,.T.);
#2994=FILL_AREA_STYLE('',(#3670));
#2995=EDGE_CURVE('',#3636,#3640,#3671,.T.);
#2996=FILL_AREA_STYLE('',(#3672));
#2997=FILL_AREA_STYLE('',(#3673));
#2998=EDGE_CURVE('',#3674,#3662,#3675,.T.);
#2999=EDGE_CURVE('',#3674,#3420,#3676,.T.);
#3000=FILL_AREA_STYLE('',(#3677));
#3001=EDGE_CURVE('',#3678,#3660,#3679,.T.);
#3002=EDGE_CURVE('',#3674,#3678,#3680,.T.);
#3003=FILL_AREA_STYLE('',(#3681));
#3004=EDGE_CURVE('',#3682,#3658,#3683,.T.);
#3005=EDGE_CURVE('',#3682,#3678,#3684,.T.);
#3006=FILL_AREA_STYLE('',(#3685));
#3007=EDGE_CURVE('',#3686,#3656,#3687,.T.);
#3008=EDGE_CURVE('',#3686,#3682,#3688,.T.);
#3009=FILL_AREA_STYLE('',(#3689));
#3010=EDGE_CURVE('',#3690,#3654,#3691,.T.);
#3011=EDGE_CURVE('',#3690,#3686,#3692,.T.);
#3012=FILL_AREA_STYLE('',(#3693));
#3013=EDGE_CURVE('',#3620,#3690,#3694,.T.);
#3014=FILL_AREA_STYLE('',(#3695));
#3015=EDGE_CURVE('',#3628,#3648,#3696,.T.);
#3016=FILL_AREA_STYLE('',(#3697));
#3017=EDGE_CURVE('',#3630,#3646,#3698,.T.);
#3018=FILL_AREA_STYLE('',(#3699));
#3019=FILL_AREA_STYLE('',(#3700));
#3020=FILL_AREA_STYLE('',(#3701));
#3021=EDGE_CURVE('',#3702,#3186,#3703,.T.);
#3022=EDGE_CURVE('',#3191,#3702,#3704,.T.);
#3023=FILL_AREA_STYLE('',(#3705));
#3024=EDGE_CURVE('',#3193,#3187,#3706,.T.);
#3025=FILL_AREA_STYLE('',(#3707));
#3026=EDGE_CURVE('',#3193,#3708,#3709,.T.);
#3027=EDGE_CURVE('',#3710,#3708,#3711,.T.);
#3028=EDGE_CURVE('',#3712,#3710,#3713,.T.);
#3029=EDGE_CURVE('',#3187,#3712,#3714,.T.);
#3030=FILL_AREA_STYLE('',(#3715));
#3031=EDGE_CURVE('',#3716,#3187,#3717,.T.);
#3032=EDGE_CURVE('',#3716,#3718,#3719,.T.);
#3033=EDGE_CURVE('',#3718,#3720,#3721,.T.);
#3034=EDGE_CURVE('',#3720,#3193,#3722,.T.);
#3035=FILL_AREA_STYLE('',(#3723));
#3036=EDGE_CURVE('',#3724,#3175,#3725,.T.);
#3037=EDGE_CURVE('',#3180,#3724,#3726,.T.);
#3038=FILL_AREA_STYLE('',(#3727));
#3039=EDGE_CURVE('',#3182,#3176,#3728,.T.);
#3040=FILL_AREA_STYLE('',(#3729));
#3041=EDGE_CURVE('',#3182,#3730,#3731,.T.);
#3042=EDGE_CURVE('',#3732,#3730,#3733,.T.);
#3043=EDGE_CURVE('',#3732,#3176,#3734,.T.);
#3044=FILL_AREA_STYLE('',(#3735));
#3045=EDGE_CURVE('',#3176,#3736,#3737,.T.);
#3046=EDGE_CURVE('',#3736,#3738,#3739,.T.);
#3047=EDGE_CURVE('',#3738,#3182,#3740,.T.);
#3048=FILL_AREA_STYLE('',(#3741));
#3049=EDGE_CURVE('',#3742,#3743,#3744,.T.);
#3050=EDGE_CURVE('',#3742,#3745,#3746,.T.);
#3051=EDGE_CURVE('',#3743,#3745,#3747,.T.);
#3052=FILL_AREA_STYLE('',(#3748));
#3053=EDGE_CURVE('',#3749,#3750,#3751,.T.);
#3054=EDGE_CURVE('',#3752,#3749,#3753,.T.);
#3055=EDGE_CURVE('',#3752,#3754,#3755,.T.);
#3056=EDGE_CURVE('',#3750,#3754,#3756,.T.);
#3057=FILL_AREA_STYLE('',(#3757));
#3058=EDGE_CURVE('',#3758,#3759,#3760,.T.);
#3059=EDGE_CURVE('',#3761,#3758,#3762,.T.);
#3060=EDGE_CURVE('',#3761,#3763,#3764,.T.);
#3061=EDGE_CURVE('',#3759,#3763,#3765,.T.);
#3062=FILL_AREA_STYLE('',(#3766));
#3063=EDGE_CURVE('',#3767,#3768,#3769,.T.);
#3064=EDGE_CURVE('',#3770,#3767,#3771,.T.);
#3065=EDGE_CURVE('',#3770,#3772,#3773,.T.);
#3066=EDGE_CURVE('',#3768,#3772,#3774,.T.);
#3067=FILL_AREA_STYLE('',(#3775));
#3068=EDGE_CURVE('',#3776,#3777,#3778,.T.);
#3069=EDGE_CURVE('',#3763,#3776,#3779,.T.);
#3070=EDGE_CURVE('',#3777,#3761,#3780,.T.);
#3071=FILL_AREA_STYLE('',(#3781));
#3072=EDGE_CURVE('',#3782,#3783,#3784,.T.);
#3073=EDGE_CURVE('',#3745,#3782,#3785,.T.);
#3074=EDGE_CURVE('',#3783,#3742,#3786,.T.);
#3075=FILL_AREA_STYLE('',(#3787));
#3076=EDGE_CURVE('',#3772,#3752,#3788,.T.);
#3077=EDGE_CURVE('',#3754,#3770,#3789,.T.);
#3078=FILL_AREA_STYLE('',(#3790));
#3079=EDGE_CURVE('',#3791,#3759,#3792,.T.);
#3080=EDGE_CURVE('',#3793,#3791,#3794,.T.);
#3081=EDGE_CURVE('',#3793,#3758,#3795,.T.);
#3082=FILL_AREA_STYLE('',(#3796));
#3083=EDGE_CURVE('',#3783,#3797,#3798,.T.);
#3084=EDGE_CURVE('',#3799,#3797,#3800,.T.);
#3085=EDGE_CURVE('',#3782,#3799,#3801,.T.);
#3086=FILL_AREA_STYLE('',(#3802));
#3087=EDGE_CURVE('',#3803,#3750,#3804,.T.);
#3088=EDGE_CURVE('',#3805,#3803,#3806,.T.);
#3089=EDGE_CURVE('',#3749,#3805,#3807,.T.);
#3090=FILL_AREA_STYLE('',(#3808));
#3091=EDGE_CURVE('',#3758,#3809,#3810,.T.);
#3092=EDGE_CURVE('',#3809,#3811,#3812,.T.);
#3093=EDGE_CURVE('',#3811,#3750,#3813,.T.);
#3094=EDGE_CURVE('',#3754,#3814,#3815,.T.);
#3095=EDGE_CURVE('',#3814,#3816,#3817,.T.);
#3096=EDGE_CURVE('',#3816,#3761,#3818,.T.);
#3097=FILL_AREA_STYLE('',(#3819));
#3098=EDGE_CURVE('',#3820,#3770,#3821,.T.);
#3099=EDGE_CURVE('',#3814,#3820,#3822,.T.);
#3100=FILL_AREA_STYLE('',(#3823));
#3101=EDGE_CURVE('',#3824,#3743,#3825,.T.);
#3102=EDGE_CURVE('',#3824,#3826,#3827,.T.);
#3103=EDGE_CURVE('',#3820,#3826,#3828,.T.);
#3104=EDGE_CURVE('',#3767,#3829,#3830,.T.);
#3105=EDGE_CURVE('',#3829,#3831,#3832,.T.);
#3106=EDGE_CURVE('',#3831,#3783,#3833,.T.);
#3107=FILL_AREA_STYLE('',(#3834));
#3108=EDGE_CURVE('',#3768,#3835,#3836,.T.);
#3109=EDGE_CURVE('',#3837,#3835,#3838,.T.);
#3110=EDGE_CURVE('',#3767,#3837,#3839,.T.);
#3111=FILL_AREA_STYLE('',(#3840));
#3112=EDGE_CURVE('',#3841,#3824,#3842,.T.);
#3113=EDGE_CURVE('',#3843,#3841,#3844,.T.);
#3114=EDGE_CURVE('',#3826,#3843,#3845,.T.);
#3115=FILL_AREA_STYLE('',(#3846));
#3116=EDGE_CURVE('',#3847,#3777,#3848,.T.);
#3117=EDGE_CURVE('',#3847,#3843,#3849,.T.);
#3118=EDGE_CURVE('',#3776,#3841,#3850,.T.);
#3119=FILL_AREA_STYLE('',(#3851));
#3120=EDGE_CURVE('',#3852,#3799,#3853,.T.);
#3121=EDGE_CURVE('',#3854,#3852,#3855,.T.);
#3122=EDGE_CURVE('',#3856,#3854,#3857,.T.);
#3123=EDGE_CURVE('',#3791,#3856,#3858,.T.);
#3124=FILL_AREA_STYLE('',(#3859));
#3125=EDGE_CURVE('',#3847,#3816,#3860,.T.);
#3126=FILL_AREA_STYLE('',(#3861));
#3127=EDGE_CURVE('',#3862,#3837,#3863,.T.);
#3128=EDGE_CURVE('',#3829,#3862,#3864,.T.);
#3129=FILL_AREA_STYLE('',(#3865));
#3130=EDGE_CURVE('',#3866,#3862,#3867,.T.);
#3131=EDGE_CURVE('',#3831,#3866,#3868,.T.);
#3132=FILL_AREA_STYLE('',(#3869));
#3133=EDGE_CURVE('',#3797,#3866,#3870,.T.);
#3134=FILL_AREA_STYLE('',(#3871));
#3135=EDGE_CURVE('',#3872,#3809,#3873,.T.);
#3136=EDGE_CURVE('',#3874,#3872,#3875,.T.);
#3137=EDGE_CURVE('',#3874,#3811,#3876,.T.);
#3138=FILL_AREA_STYLE('',(#3877));
#3139=EDGE_CURVE('',#3803,#3874,#3878,.T.);
#3140=FILL_AREA_STYLE('',(#3879));
#3141=EDGE_CURVE('',#3872,#3793,#3880,.T.);
#3142=FILL_AREA_STYLE('',(#3881));
#3143=EDGE_CURVE('',#3730,#3856,#3882,.T.);
#3144=EDGE_CURVE('',#3738,#3883,#3884,.T.);
#3145=EDGE_CURVE('',#3883,#3805,#3885,.T.);
#3146=FILL_AREA_STYLE('',(#3886));
#3147=EDGE_CURVE('',#3887,#3883,#3888,.T.);
#3148=EDGE_CURVE('',#3889,#3887,#3890,.T.);
#3149=EDGE_CURVE('',#3835,#3889,#3891,.T.);
#3150=FILL_AREA_STYLE('',(#3892));
#3151=FILL_AREA_STYLE('',(#3893));
#3152=EDGE_CURVE('',#3894,#3431,#3895,.T.);
#3153=EDGE_CURVE('',#3896,#3894,#3897,.T.);
#3154=EDGE_CURVE('',#3432,#3896,#3898,.T.);
#3155=FILL_AREA_STYLE('',(#3899));
#3156=EDGE_CURVE('',#3894,#3732,#3900,.T.);
#3157=EDGE_CURVE('',#3436,#3901,#3902,.T.);
#3158=EDGE_CURVE('',#3736,#3901,#3903,.T.);
#3159=FILL_AREA_STYLE('',(#3904));
#3160=EDGE_CURVE('',#3905,#3434,#3906,.T.);
#3161=EDGE_CURVE('',#3901,#3905,#3907,.T.);
#3162=FILL_AREA_STYLE('',(#3908));
#3163=EDGE_CURVE('',#3708,#3896,#3909,.T.);
#3164=EDGE_CURVE('',#3905,#3720,#3910,.T.);
#3165=FILL_AREA_STYLE('',(#3911));
#3166=EDGE_CURVE('',#3710,#3854,#3912,.T.);
#3167=FILL_AREA_STYLE('',(#3913));
#3168=EDGE_CURVE('',#3712,#3852,#3914,.T.);
#3169=FILL_AREA_STYLE('',(#3915));
#3170=EDGE_CURVE('',#3716,#3889,#3916,.T.);
#3171=FILL_AREA_STYLE('',(#3917));
#3172=EDGE_CURVE('',#3718,#3887,#3918,.T.);
#3173=FILL_AREA_STYLE('',(#3919));
#3174=FILL_AREA_STYLE_COLOUR('',#3920);
#3175=VERTEX_POINT('',#3921);
#3176=VERTEX_POINT('',#3922);
#3177=LINE('',#3923,#3924);
#3178=VERTEX_POINT('',#3925);
#3179=CIRCLE('',#3926,0.635);
#3180=VERTEX_POINT('',#3927);
#3181=CIRCLE('',#3928,0.635);
#3182=VERTEX_POINT('',#3929);
#3183=LINE('',#3930,#3931);
#3184=CIRCLE('',#3932,0.635);
#3185=FILL_AREA_STYLE_COLOUR('',#3933);
#3186=VERTEX_POINT('',#3934);
#3187=VERTEX_POINT('',#3935);
#3188=LINE('',#3936,#3937);
#3189=VERTEX_POINT('',#3938);
#3190=CIRCLE('',#3939,0.635);
#3191=VERTEX_POINT('',#3940);
#3192=CIRCLE('',#3941,0.635);
#3193=VERTEX_POINT('',#3942);
#3194=LINE('',#3943,#3944);
#3195=CIRCLE('',#3945,0.635);
#3196=FILL_AREA_STYLE_COLOUR('',#3946);
#3197=VERTEX_POINT('',#3947);
#3198=VERTEX_POINT('',#3948);
#3199=LINE('',#3949,#3950);
#3200=VERTEX_POINT('',#3951);
#3201=CIRCLE('',#3952,0.2286);
#3202=VERTEX_POINT('',#3953);
#3203=LINE('',#3954,#3955);
#3204=CIRCLE('',#3956,0.2286);
#3205=FILL_AREA_STYLE_COLOUR('',#3957);
#3206=VERTEX_POINT('',#3958);
#3207=VERTEX_POINT('',#3959);
#3208=LINE('',#3960,#3961);
#3209=VERTEX_POINT('',#3962);
#3210=CIRCLE('',#3963,0.2286);
#3211=VERTEX_POINT('',#3964);
#3212=LINE('',#3965,#3966);
#3213=CIRCLE('',#3967,0.2286);
#3214=FILL_AREA_STYLE_COLOUR('',#3968);
#3215=VERTEX_POINT('',#3969);
#3216=VERTEX_POINT('',#3970);
#3217=LINE('',#3971,#3972);
#3218=VERTEX_POINT('',#3973);
#3219=CIRCLE('',#3974,0.2286);
#3220=VERTEX_POINT('',#3975);
#3221=LINE('',#3976,#3977);
#3222=CIRCLE('',#3978,0.2286);
#3223=FILL_AREA_STYLE_COLOUR('',#3979);
#3224=VERTEX_POINT('',#3980);
#3225=VERTEX_POINT('',#3981);
#3226=LINE('',#3982,#3983);
#3227=VERTEX_POINT('',#3984);
#3228=CIRCLE('',#3985,0.2286);
#3229=VERTEX_POINT('',#3986);
#3230=LINE('',#3987,#3988);
#3231=CIRCLE('',#3989,0.2286);
#3232=FILL_AREA_STYLE_COLOUR('',#3990);
#3233=VERTEX_POINT('',#3991);
#3234=VERTEX_POINT('',#3992);
#3235=LINE('',#3993,#3994);
#3236=VERTEX_POINT('',#3995);
#3237=CIRCLE('',#3996,0.2286);
#3238=VERTEX_POINT('',#3997);
#3239=LINE('',#3998,#3999);
#3240=CIRCLE('',#4000,0.2286);
#3241=FILL_AREA_STYLE_COLOUR('',#4001);
#3242=VERTEX_POINT('',#4002);
#3243=VERTEX_POINT('',#4003);
#3244=LINE('',#4004,#4005);
#3245=VERTEX_POINT('',#4006);
#3246=CIRCLE('',#4007,0.2286);
#3247=VERTEX_POINT('',#4008);
#3248=LINE('',#4009,#4010);
#3249=CIRCLE('',#4011,0.2286);
#3250=FILL_AREA_STYLE_COLOUR('',#4012);
#3251=VERTEX_POINT('',#4013);
#3252=VERTEX_POINT('',#4014);
#3253=LINE('',#4015,#4016);
#3254=VERTEX_POINT('',#4017);
#3255=CIRCLE('',#4018,0.2286);
#3256=VERTEX_POINT('',#4019);
#3257=LINE('',#4020,#4021);
#3258=CIRCLE('',#4022,0.2286);
#3259=FILL_AREA_STYLE_COLOUR('',#4023);
#3260=VERTEX_POINT('',#4024);
#3261=VERTEX_POINT('',#4025);
#3262=LINE('',#4026,#4027);
#3263=VERTEX_POINT('',#4028);
#3264=CIRCLE('',#4029,0.2286);
#3265=VERTEX_POINT('',#4030);
#3266=LINE('',#4031,#4032);
#3267=CIRCLE('',#4033,0.2286);
#3268=FILL_AREA_STYLE_COLOUR('',#4034);
#3269=CIRCLE('',#4035,0.2286);
#3270=CIRCLE('',#4036,0.2286);
#3271=FILL_AREA_STYLE_COLOUR('',#4037);
#3272=FILL_AREA_STYLE_COLOUR('',#4038);
#3273=CIRCLE('',#4039,0.2286);
#3274=CIRCLE('',#4040,0.2286);
#3275=FILL_AREA_STYLE_COLOUR('',#4041);
#3276=FILL_AREA_STYLE_COLOUR('',#4042);
#3277=CIRCLE('',#4043,0.2286);
#3278=CIRCLE('',#4044,0.2286);
#3279=FILL_AREA_STYLE_COLOUR('',#4045);
#3280=FILL_AREA_STYLE_COLOUR('',#4046);
#3281=CIRCLE('',#4047,0.2286);
#3282=CIRCLE('',#4048,0.2286);
#3283=FILL_AREA_STYLE_COLOUR('',#4049);
#3284=FILL_AREA_STYLE_COLOUR('',#4050);
#3285=CIRCLE('',#4051,0.2286);
#3286=CIRCLE('',#4052,0.2286);
#3287=FILL_AREA_STYLE_COLOUR('',#4053);
#3288=FILL_AREA_STYLE_COLOUR('',#4054);
#3289=CIRCLE('',#4055,0.2286);
#3290=CIRCLE('',#4056,0.2286);
#3291=FILL_AREA_STYLE_COLOUR('',#4057);
#3292=FILL_AREA_STYLE_COLOUR('',#4058);
#3293=CIRCLE('',#4059,0.2286);
#3294=CIRCLE('',#4060,0.2286);
#3295=FILL_AREA_STYLE_COLOUR('',#4061);
#3296=FILL_AREA_STYLE_COLOUR('',#4062);
#3297=CIRCLE('',#4063,0.2286);
#3298=CIRCLE('',#4064,0.2286);
#3299=FILL_AREA_STYLE_COLOUR('',#4065);
#3300=FILL_AREA_STYLE_COLOUR('',#4066);
#3301=VERTEX_POINT('',#4067);
#3302=VERTEX_POINT('',#4068);
#3303=LINE('',#4069,#4070);
#3304=VERTEX_POINT('',#4071);
#3305=LINE('',#4072,#4073);
#3306=VERTEX_POINT('',#4074);
#3307=LINE('',#4075,#4076);
#3308=LINE('',#4077,#4078);
#3309=FILL_AREA_STYLE_COLOUR('',#4079);
#3310=VERTEX_POINT('',#4080);
#3311=VERTEX_POINT('',#4081);
#3312=LINE('',#4082,#4083);
#3313=VERTEX_POINT('',#4084);
#3314=LINE('',#4085,#4086);
#3315=VERTEX_POINT('',#4087);
#3316=CIRCLE('',#4088,0.254);
#3317=VERTEX_POINT('',#4089);
#3318=LINE('',#4090,#4091);
#3319=VERTEX_POINT('',#4092);
#3320=LINE('',#4093,#4094);
#3321=VERTEX_POINT('',#4095);
#3322=LINE('',#4096,#4097);
#3323=VERTEX_POINT('',#4098);
#3324=CIRCLE('',#4099,0.127);
#3325=LINE('',#4100,#4101);
#3326=FILL_AREA_STYLE_COLOUR('',#4102);
#3327=VERTEX_POINT('',#4103);
#3328=VERTEX_POINT('',#4104);
#3329=LINE('',#4105,#4106);
#3330=VERTEX_POINT('',#4107);
#3331=LINE('',#4108,#4109);
#3332=VERTEX_POINT('',#4110);
#3333=CIRCLE('',#4111,0.127);
#3334=VERTEX_POINT('',#4112);
#3335=LINE('',#4113,#4114);
#3336=VERTEX_POINT('',#4115);
#3337=LINE('',#4116,#4117);
#3338=VERTEX_POINT('',#4118);
#3339=LINE('',#4119,#4120);
#3340=VERTEX_POINT('',#4121);
#3341=CIRCLE('',#4122,0.254);
#3342=LINE('',#4123,#4124);
#3343=FILL_AREA_STYLE_COLOUR('',#4125);
#3344=VERTEX_POINT('',#4126);
#3345=LINE('',#4127,#4128);
#3346=VERTEX_POINT('',#4129);
#3347=CIRCLE('',#4130,0.254);
#3348=VERTEX_POINT('',#4131);
#3349=LINE('',#4132,#4133);
#3350=VERTEX_POINT('',#4134);
#3351=LINE('',#4135,#4136);
#3352=VERTEX_POINT('',#4137);
#3353=LINE('',#4138,#4139);
#3354=VERTEX_POINT('',#4140);
#3355=CIRCLE('',#4141,0.127);
#3356=LINE('',#4142,#4143);
#3357=FILL_AREA_STYLE_COLOUR('',#4144);
#3358=LINE('',#4145,#4146);
#3359=LINE('',#4147,#4148);
#3360=FILL_AREA_STYLE_COLOUR('',#4149);
#3361=LINE('',#4150,#4151);
#3362=LINE('',#4152,#4153);
#3363=FILL_AREA_STYLE_COLOUR('',#4154);
#3364=LINE('',#4155,#4156);
#3365=FILL_AREA_STYLE_COLOUR('',#4157);
#3366=LINE('',#4158,#4159);
#3367=FILL_AREA_STYLE_COLOUR('',#4160);
#3368=VERTEX_POINT('',#4161);
#3369=LINE('',#4162,#4163);
#3370=VERTEX_POINT('',#4164);
#3371=LINE('',#4165,#4166);
#3372=LINE('',#4167,#4168);
#3373=FILL_AREA_STYLE_COLOUR('',#4169);
#3374=VERTEX_POINT('',#4170);
#3375=LINE('',#4171,#4172);
#3376=CIRCLE('',#4173,0.127);
#3377=FILL_AREA_STYLE_COLOUR('',#4174);
#3378=VERTEX_POINT('',#4175);
#3379=LINE('',#4176,#4177);
#3380=LINE('',#4178,#4179);
#3381=FILL_AREA_STYLE_COLOUR('',#4180);
#3382=VERTEX_POINT('',#4181);
#3383=LINE('',#4182,#4183);
#3384=LINE('',#4184,#4185);
#3385=FILL_AREA_STYLE_COLOUR('',#4186);
#3386=VERTEX_POINT('',#4187);
#3387=LINE('',#4188,#4189);
#3388=LINE('',#4190,#4191);
#3389=FILL_AREA_STYLE_COLOUR('',#4192);
#3390=CIRCLE('',#4193,0.254);
#3391=FILL_AREA_STYLE_COLOUR('',#4194);
#3392=LINE('',#4195,#4196);
#3393=FILL_AREA_STYLE_COLOUR('',#4197);
#3394=LINE('',#4198,#4199);
#3395=FILL_AREA_STYLE_COLOUR('',#4200);
#3396=FILL_AREA_STYLE_COLOUR('',#4201);
#3397=LINE('',#4202,#4203);
#3398=FILL_AREA_STYLE_COLOUR('',#4204);
#3399=VERTEX_POINT('',#4205);
#3400=VERTEX_POINT('',#4206);
#3401=LINE('',#4207,#4208);
#3402=VERTEX_POINT('',#4209);
#3403=LINE('',#4210,#4211);
#3404=VERTEX_POINT('',#4212);
#3405=LINE('',#4213,#4214);
#3406=LINE('',#4215,#4216);
#3407=VERTEX_POINT('',#4217);
#3408=VERTEX_POINT('',#4218);
#3409=LINE('',#4219,#4220);
#3410=VERTEX_POINT('',#4221);
#3411=LINE('',#4222,#4223);
#3412=VERTEX_POINT('',#4224);
#3413=LINE('',#4225,#4226);
#3414=LINE('',#4227,#4228);
#3415=VERTEX_POINT('',#4229);
#3416=VERTEX_POINT('',#4230);
#3417=LINE('',#4231,#4232);
#3418=VERTEX_POINT('',#4233);
#3419=LINE('',#4234,#4235);
#3420=VERTEX_POINT('',#4236);
#3421=LINE('',#4237,#4238);
#3422=LINE('',#4239,#4240);
#3423=VERTEX_POINT('',#4241);
#3424=VERTEX_POINT('',#4242);
#3425=LINE('',#4243,#4244);
#3426=VERTEX_POINT('',#4245);
#3427=LINE('',#4246,#4247);
#3428=VERTEX_POINT('',#4248);
#3429=LINE('',#4249,#4250);
#3430=LINE('',#4251,#4252);
#3431=VERTEX_POINT('',#4253);
#3432=VERTEX_POINT('',#4254);
#3433=LINE('',#4255,#4256);
#3434=VERTEX_POINT('',#4257);
#3435=LINE('',#4258,#4259);
#3436=VERTEX_POINT('',#4260);
#3437=LINE('',#4261,#4262);
#3438=LINE('',#4263,#4264);
#3439=VERTEX_POINT('',#4265);
#3440=VERTEX_POINT('',#4266);
#3441=LINE('',#4267,#4268);
#3442=VERTEX_POINT('',#4269);
#3443=LINE('',#4270,#4271);
#3444=VERTEX_POINT('',#4272);
#3445=LINE('',#4273,#4274);
#3446=LINE('',#4275,#4276);
#3447=VERTEX_POINT('',#4277);
#3448=VERTEX_POINT('',#4278);
#3449=LINE('',#4279,#4280);
#3450=VERTEX_POINT('',#4281);
#3451=LINE('',#4282,#4283);
#3452=VERTEX_POINT('',#4284);
#3453=LINE('',#4285,#4286);
#3454=LINE('',#4287,#4288);
#3455=FILL_AREA_STYLE_COLOUR('',#4289);
#3456=VERTEX_POINT('',#4290);
#3457=LINE('',#4291,#4292);
#3458=VERTEX_POINT('',#4293);
#3459=LINE('',#4294,#4295);
#3460=LINE('',#4296,#4297);
#3461=FILL_AREA_STYLE_COLOUR('',#4298);
#3462=VERTEX_POINT('',#4299);
#3463=LINE('',#4300,#4301);
#3464=VERTEX_POINT('',#4302);
#3465=CIRCLE('',#4303,0.254);
#3466=VERTEX_POINT('',#4304);
#3467=LINE('',#4305,#4306);
#3468=VERTEX_POINT('',#4307);
#3469=LINE('',#4308,#4309);
#3470=VERTEX_POINT('',#4310);
#3471=LINE('',#4311,#4312);
#3472=VERTEX_POINT('',#4313);
#3473=CIRCLE('',#4314,0.127);
#3474=LINE('',#4315,#4316);
#3475=FILL_AREA_STYLE_COLOUR('',#4317);
#3476=VERTEX_POINT('',#4318);
#3477=LINE('',#4319,#4320);
#3478=VERTEX_POINT('',#4321);
#3479=CIRCLE('',#4322,0.127);
#3480=VERTEX_POINT('',#4323);
#3481=LINE('',#4324,#4325);
#3482=VERTEX_POINT('',#4326);
#3483=LINE('',#4327,#4328);
#3484=VERTEX_POINT('',#4329);
#3485=LINE('',#4330,#4331);
#3486=VERTEX_POINT('',#4332);
#3487=CIRCLE('',#4333,0.254);
#3488=LINE('',#4334,#4335);
#3489=FILL_AREA_STYLE_COLOUR('',#4336);
#3490=VERTEX_POINT('',#4337);
#3491=CIRCLE('',#4338,0.254);
#3492=VERTEX_POINT('',#4339);
#3493=LINE('',#4340,#4341);
#3494=VERTEX_POINT('',#4342);
#3495=LINE('',#4343,#4344);
#3496=VERTEX_POINT('',#4345);
#3497=LINE('',#4346,#4347);
#3498=VERTEX_POINT('',#4348);
#3499=CIRCLE('',#4349,0.127);
#3500=LINE('',#4350,#4351);
#3501=FILL_AREA_STYLE_COLOUR('',#4352);
#3502=LINE('',#4353,#4354);
#3503=FILL_AREA_STYLE_COLOUR('',#4355);
#3504=LINE('',#4356,#4357);
#3505=LINE('',#4358,#4359);
#3506=FILL_AREA_STYLE_COLOUR('',#4360);
#3507=LINE('',#4361,#4362);
#3508=FILL_AREA_STYLE_COLOUR('',#4363);
#3509=FILL_AREA_STYLE_COLOUR('',#4364);
#3510=VERTEX_POINT('',#4365);
#3511=LINE('',#4366,#4367);
#3512=LINE('',#4368,#4369);
#3513=FILL_AREA_STYLE_COLOUR('',#4370);
#3514=VERTEX_POINT('',#4371);
#3515=LINE('',#4372,#4373);
#3516=CIRCLE('',#4374,0.127);
#3517=FILL_AREA_STYLE_COLOUR('',#4375);
#3518=VERTEX_POINT('',#4376);
#3519=LINE('',#4377,#4378);
#3520=LINE('',#4379,#4380);
#3521=FILL_AREA_STYLE_COLOUR('',#4381);
#3522=VERTEX_POINT('',#4382);
#3523=LINE('',#4383,#4384);
#3524=LINE('',#4385,#4386);
#3525=FILL_AREA_STYLE_COLOUR('',#4387);
#3526=VERTEX_POINT('',#4388);
#3527=LINE('',#4389,#4390);
#3528=LINE('',#4391,#4392);
#3529=FILL_AREA_STYLE_COLOUR('',#4393);
#3530=CIRCLE('',#4394,0.254);
#3531=FILL_AREA_STYLE_COLOUR('',#4395);
#3532=LINE('',#4396,#4397);
#3533=FILL_AREA_STYLE_COLOUR('',#4398);
#3534=LINE('',#4399,#4400);
#3535=FILL_AREA_STYLE_COLOUR('',#4401);
#3536=FILL_AREA_STYLE_COLOUR('',#4402);
#3537=FILL_AREA_STYLE_COLOUR('',#4403);
#3538=VERTEX_POINT('',#4404);
#3539=LINE('',#4405,#4406);
#3540=VERTEX_POINT('',#4407);
#3541=LINE('',#4408,#4409);
#3542=LINE('',#4410,#4411);
#3543=FILL_AREA_STYLE_COLOUR('',#4412);
#3544=VERTEX_POINT('',#4413);
#3545=LINE('',#4414,#4415);
#3546=VERTEX_POINT('',#4416);
#3547=CIRCLE('',#4417,0.254);
#3548=VERTEX_POINT('',#4418);
#3549=LINE('',#4419,#4420);
#3550=VERTEX_POINT('',#4421);
#3551=LINE('',#4422,#4423);
#3552=VERTEX_POINT('',#4424);
#3553=LINE('',#4425,#4426);
#3554=VERTEX_POINT('',#4427);
#3555=CIRCLE('',#4428,0.127);
#3556=LINE('',#4429,#4430);
#3557=FILL_AREA_STYLE_COLOUR('',#4431);
#3558=VERTEX_POINT('',#4432);
#3559=LINE('',#4433,#4434);
#3560=VERTEX_POINT('',#4435);
#3561=CIRCLE('',#4436,0.127);
#3562=VERTEX_POINT('',#4437);
#3563=LINE('',#4438,#4439);
#3564=VERTEX_POINT('',#4440);
#3565=LINE('',#4441,#4442);
#3566=VERTEX_POINT('',#4443);
#3567=LINE('',#4444,#4445);
#3568=VERTEX_POINT('',#4446);
#3569=CIRCLE('',#4447,0.254);
#3570=LINE('',#4448,#4449);
#3571=FILL_AREA_STYLE_COLOUR('',#4450);
#3572=VERTEX_POINT('',#4451);
#3573=CIRCLE('',#4452,0.254);
#3574=VERTEX_POINT('',#4453);
#3575=LINE('',#4454,#4455);
#3576=VERTEX_POINT('',#4456);
#3577=LINE('',#4457,#4458);
#3578=VERTEX_POINT('',#4459);
#3579=LINE('',#4460,#4461);
#3580=VERTEX_POINT('',#4462);
#3581=CIRCLE('',#4463,0.127);
#3582=LINE('',#4464,#4465);
#3583=FILL_AREA_STYLE_COLOUR('',#4466);
#3584=LINE('',#4467,#4468);
#3585=FILL_AREA_STYLE_COLOUR('',#4469);
#3586=LINE('',#4470,#4471);
#3587=LINE('',#4472,#4473);
#3588=FILL_AREA_STYLE_COLOUR('',#4474);
#3589=LINE('',#4475,#4476);
#3590=FILL_AREA_STYLE_COLOUR('',#4477);
#3591=FILL_AREA_STYLE_COLOUR('',#4478);
#3592=VERTEX_POINT('',#4479);
#3593=LINE('',#4480,#4481);
#3594=LINE('',#4482,#4483);
#3595=FILL_AREA_STYLE_COLOUR('',#4484);
#3596=VERTEX_POINT('',#4485);
#3597=LINE('',#4486,#4487);
#3598=CIRCLE('',#4488,0.127);
#3599=FILL_AREA_STYLE_COLOUR('',#4489);
#3600=VERTEX_POINT('',#4490);
#3601=LINE('',#4491,#4492);
#3602=LINE('',#4493,#4494);
#3603=FILL_AREA_STYLE_COLOUR('',#4495);
#3604=VERTEX_POINT('',#4496);
#3605=LINE('',#4497,#4498);
#3606=LINE('',#4499,#4500);
#3607=FILL_AREA_STYLE_COLOUR('',#4501);
#3608=VERTEX_POINT('',#4502);
#3609=LINE('',#4503,#4504);
#3610=LINE('',#4505,#4506);
#3611=FILL_AREA_STYLE_COLOUR('',#4507);
#3612=CIRCLE('',#4508,0.254);
#3613=FILL_AREA_STYLE_COLOUR('',#4509);
#3614=LINE('',#4510,#4511);
#3615=FILL_AREA_STYLE_COLOUR('',#4512);
#3616=LINE('',#4513,#4514);
#3617=FILL_AREA_STYLE_COLOUR('',#4515);
#3618=FILL_AREA_STYLE_COLOUR('',#4516);
#3619=FILL_AREA_STYLE_COLOUR('',#4517);
#3620=VERTEX_POINT('',#4518);
#3621=LINE('',#4519,#4520);
#3622=VERTEX_POINT('',#4521);
#3623=LINE('',#4522,#4523);
#3624=LINE('',#4524,#4525);
#3625=FILL_AREA_STYLE_COLOUR('',#4526);
#3626=VERTEX_POINT('',#4527);
#3627=LINE('',#4528,#4529);
#3628=VERTEX_POINT('',#4530);
#3629=CIRCLE('',#4531,0.254);
#3630=VERTEX_POINT('',#4532);
#3631=LINE('',#4533,#4534);
#3632=VERTEX_POINT('',#4535);
#3633=LINE('',#4536,#4537);
#3634=VERTEX_POINT('',#4538);
#3635=LINE('',#4539,#4540);
#3636=VERTEX_POINT('',#4541);
#3637=CIRCLE('',#4542,0.127);
#3638=LINE('',#4543,#4544);
#3639=FILL_AREA_STYLE_COLOUR('',#4545);
#3640=VERTEX_POINT('',#4546);
#3641=LINE('',#4547,#4548);
#3642=VERTEX_POINT('',#4549);
#3643=CIRCLE('',#4550,0.127);
#3644=VERTEX_POINT('',#4551);
#3645=LINE('',#4552,#4553);
#3646=VERTEX_POINT('',#4554);
#3647=LINE('',#4555,#4556);
#3648=VERTEX_POINT('',#4557);
#3649=LINE('',#4558,#4559);
#3650=VERTEX_POINT('',#4560);
#3651=CIRCLE('',#4561,0.254);
#3652=LINE('',#4562,#4563);
#3653=FILL_AREA_STYLE_COLOUR('',#4564);
#3654=VERTEX_POINT('',#4565);
#3655=CIRCLE('',#4566,0.254);
#3656=VERTEX_POINT('',#4567);
#3657=LINE('',#4568,#4569);
#3658=VERTEX_POINT('',#4570);
#3659=LINE('',#4571,#4572);
#3660=VERTEX_POINT('',#4573);
#3661=LINE('',#4574,#4575);
#3662=VERTEX_POINT('',#4576);
#3663=CIRCLE('',#4577,0.127);
#3664=LINE('',#4578,#4579);
#3665=FILL_AREA_STYLE_COLOUR('',#4580);
#3666=LINE('',#4581,#4582);
#3667=FILL_AREA_STYLE_COLOUR('',#4583);
#3668=LINE('',#4584,#4585);
#3669=LINE('',#4586,#4587);
#3670=FILL_AREA_STYLE_COLOUR('',#4588);
#3671=LINE('',#4589,#4590);
#3672=FILL_AREA_STYLE_COLOUR('',#4591);
#3673=FILL_AREA_STYLE_COLOUR('',#4592);
#3674=VERTEX_POINT('',#4593);
#3675=LINE('',#4594,#4595);
#3676=LINE('',#4596,#4597);
#3677=FILL_AREA_STYLE_COLOUR('',#4598);
#3678=VERTEX_POINT('',#4599);
#3679=LINE('',#4600,#4601);
#3680=CIRCLE('',#4602,0.127);
#3681=FILL_AREA_STYLE_COLOUR('',#4603);
#3682=VERTEX_POINT('',#4604);
#3683=LINE('',#4605,#4606);
#3684=LINE('',#4607,#4608);
#3685=FILL_AREA_STYLE_COLOUR('',#4609);
#3686=VERTEX_POINT('',#4610);
#3687=LINE('',#4611,#4612);
#3688=LINE('',#4613,#4614);
#3689=FILL_AREA_STYLE_COLOUR('',#4615);
#3690=VERTEX_POINT('',#4616);
#3691=LINE('',#4617,#4618);
#3692=LINE('',#4619,#4620);
#3693=FILL_AREA_STYLE_COLOUR('',#4621);
#3694=CIRCLE('',#4622,0.254);
#3695=FILL_AREA_STYLE_COLOUR('',#4623);
#3696=LINE('',#4624,#4625);
#3697=FILL_AREA_STYLE_COLOUR('',#4626);
#3698=LINE('',#4627,#4628);
#3699=FILL_AREA_STYLE_COLOUR('',#4629);
#3700=FILL_AREA_STYLE_COLOUR('',#4630);
#3701=FILL_AREA_STYLE_COLOUR('',#4631);
#3702=VERTEX_POINT('',#4632);
#3703=CIRCLE('',#4633,0.635);
#3704=CIRCLE('',#4634,0.635);
#3705=FILL_AREA_STYLE_COLOUR('',#4635);
#3706=CIRCLE('',#4636,0.635);
#3707=FILL_AREA_STYLE_COLOUR('',#4637);
#3708=VERTEX_POINT('',#4638);
#3709=LINE('',#4639,#4640);
#3710=VERTEX_POINT('',#4641);
#3711=LINE('',#4642,#4643);
#3712=VERTEX_POINT('',#4644);
#3713=LINE('',#4645,#4646);
#3714=LINE('',#4647,#4648);
#3715=FILL_AREA_STYLE_COLOUR('',#4649);
#3716=VERTEX_POINT('',#4650);
#3717=LINE('',#4651,#4652);
#3718=VERTEX_POINT('',#4653);
#3719=LINE('',#4654,#4655);
#3720=VERTEX_POINT('',#4656);
#3721=LINE('',#4657,#4658);
#3722=LINE('',#4659,#4660);
#3723=FILL_AREA_STYLE_COLOUR('',#4661);
#3724=VERTEX_POINT('',#4662);
#3725=CIRCLE('',#4663,0.635);
#3726=CIRCLE('',#4664,0.635);
#3727=FILL_AREA_STYLE_COLOUR('',#4665);
#3728=CIRCLE('',#4666,0.635);
#3729=FILL_AREA_STYLE_COLOUR('',#4667);
#3730=VERTEX_POINT('',#4668);
#3731=LINE('',#4669,#4670);
#3732=VERTEX_POINT('',#4671);
#3733=LINE('',#4672,#4673);
#3734=LINE('',#4674,#4675);
#3735=FILL_AREA_STYLE_COLOUR('',#4676);
#3736=VERTEX_POINT('',#4677);
#3737=LINE('',#4678,#4679);
#3738=VERTEX_POINT('',#4680);
#3739=LINE('',#4681,#4682);
#3740=LINE('',#4683,#4684);
#3741=FILL_AREA_STYLE_COLOUR('',#4685);
#3742=VERTEX_POINT('',#4686);
#3743=VERTEX_POINT('',#4687);
#3744=LINE('',#4688,#4689);
#3745=VERTEX_POINT('',#4690);
#3746=LINE('',#4691,#4692);
#3747=LINE('',#4693,#4694);
#3748=FILL_AREA_STYLE_COLOUR('',#4695);
#3749=VERTEX_POINT('',#4696);
#3750=VERTEX_POINT('',#4697);
#3751=LINE('',#4698,#4699);
#3752=VERTEX_POINT('',#4700);
#3753=LINE('',#4701,#4702);
#3754=VERTEX_POINT('',#4703);
#3755=LINE('',#4704,#4705);
#3756=LINE('',#4706,#4707);
#3757=FILL_AREA_STYLE_COLOUR('',#4708);
#3758=VERTEX_POINT('',#4709);
#3759=VERTEX_POINT('',#4710);
#3760=LINE('',#4711,#4712);
#3761=VERTEX_POINT('',#4713);
#3762=LINE('',#4714,#4715);
#3763=VERTEX_POINT('',#4716);
#3764=LINE('',#4717,#4718);
#3765=LINE('',#4719,#4720);
#3766=FILL_AREA_STYLE_COLOUR('',#4721);
#3767=VERTEX_POINT('',#4722);
#3768=VERTEX_POINT('',#4723);
#3769=LINE('',#4724,#4725);
#3770=VERTEX_POINT('',#4726);
#3771=LINE('',#4727,#4728);
#3772=VERTEX_POINT('',#4729);
#3773=LINE('',#4730,#4731);
#3774=LINE('',#4732,#4733);
#3775=FILL_AREA_STYLE_COLOUR('',#4734);
#3776=VERTEX_POINT('',#4735);
#3777=VERTEX_POINT('',#4736);
#3778=LINE('',#4737,#4738);
#3779=LINE('',#4739,#4740);
#3780=LINE('',#4741,#4742);
#3781=FILL_AREA_STYLE_COLOUR('',#4743);
#3782=VERTEX_POINT('',#4744);
#3783=VERTEX_POINT('',#4745);
#3784=LINE('',#4746,#4747);
#3785=LINE('',#4748,#4749);
#3786=LINE('',#4750,#4751);
#3787=FILL_AREA_STYLE_COLOUR('',#4752);
#3788=LINE('',#4753,#4754);
#3789=LINE('',#4755,#4756);
#3790=FILL_AREA_STYLE_COLOUR('',#4757);
#3791=VERTEX_POINT('',#4758);
#3792=LINE('',#4759,#4760);
#3793=VERTEX_POINT('',#4761);
#3794=LINE('',#4762,#4763);
#3795=LINE('',#4764,#4765);
#3796=FILL_AREA_STYLE_COLOUR('',#4766);
#3797=VERTEX_POINT('',#4767);
#3798=LINE('',#4768,#4769);
#3799=VERTEX_POINT('',#4770);
#3800=LINE('',#4771,#4772);
#3801=LINE('',#4773,#4774);
#3802=FILL_AREA_STYLE_COLOUR('',#4775);
#3803=VERTEX_POINT('',#4776);
#3804=LINE('',#4777,#4778);
#3805=VERTEX_POINT('',#4779);
#3806=LINE('',#4780,#4781);
#3807=LINE('',#4782,#4783);
#3808=FILL_AREA_STYLE_COLOUR('',#4784);
#3809=VERTEX_POINT('',#4785);
#3810=LINE('',#4786,#4787);
#3811=VERTEX_POINT('',#4788);
#3812=LINE('',#4789,#4790);
#3813=LINE('',#4791,#4792);
#3814=VERTEX_POINT('',#4793);
#3815=LINE('',#4794,#4795);
#3816=VERTEX_POINT('',#4796);
#3817=LINE('',#4797,#4798);
#3818=LINE('',#4799,#4800);
#3819=FILL_AREA_STYLE_COLOUR('',#4801);
#3820=VERTEX_POINT('',#4802);
#3821=LINE('',#4803,#4804);
#3822=LINE('',#4805,#4806);
#3823=FILL_AREA_STYLE_COLOUR('',#4807);
#3824=VERTEX_POINT('',#4808);
#3825=LINE('',#4809,#4810);
#3826=VERTEX_POINT('',#4811);
#3827=LINE('',#4812,#4813);
#3828=LINE('',#4814,#4815);
#3829=VERTEX_POINT('',#4816);
#3830=LINE('',#4817,#4818);
#3831=VERTEX_POINT('',#4819);
#3832=LINE('',#4820,#4821);
#3833=LINE('',#4822,#4823);
#3834=FILL_AREA_STYLE_COLOUR('',#4824);
#3835=VERTEX_POINT('',#4825);
#3836=LINE('',#4826,#4827);
#3837=VERTEX_POINT('',#4828);
#3838=LINE('',#4829,#4830);
#3839=LINE('',#4831,#4832);
#3840=FILL_AREA_STYLE_COLOUR('',#4833);
#3841=VERTEX_POINT('',#4834);
#3842=LINE('',#4835,#4836);
#3843=VERTEX_POINT('',#4837);
#3844=LINE('',#4838,#4839);
#3845=LINE('',#4840,#4841);
#3846=FILL_AREA_STYLE_COLOUR('',#4842);
#3847=VERTEX_POINT('',#4843);
#3848=LINE('',#4844,#4845);
#3849=LINE('',#4846,#4847);
#3850=LINE('',#4848,#4849);
#3851=FILL_AREA_STYLE_COLOUR('',#4850);
#3852=VERTEX_POINT('',#4851);
#3853=LINE('',#4852,#4853);
#3854=VERTEX_POINT('',#4854);
#3855=LINE('',#4855,#4856);
#3856=VERTEX_POINT('',#4857);
#3857=LINE('',#4858,#4859);
#3858=LINE('',#4860,#4861);
#3859=FILL_AREA_STYLE_COLOUR('',#4862);
#3860=LINE('',#4863,#4864);
#3861=FILL_AREA_STYLE_COLOUR('',#4865);
#3862=VERTEX_POINT('',#4866);
#3863=LINE('',#4867,#4868);
#3864=LINE('',#4869,#4870);
#3865=FILL_AREA_STYLE_COLOUR('',#4871);
#3866=VERTEX_POINT('',#4872);
#3867=LINE('',#4873,#4874);
#3868=LINE('',#4875,#4876);
#3869=FILL_AREA_STYLE_COLOUR('',#4877);
#3870=LINE('',#4878,#4879);
#3871=FILL_AREA_STYLE_COLOUR('',#4880);
#3872=VERTEX_POINT('',#4881);
#3873=LINE('',#4882,#4883);
#3874=VERTEX_POINT('',#4884);
#3875=LINE('',#4885,#4886);
#3876=LINE('',#4887,#4888);
#3877=FILL_AREA_STYLE_COLOUR('',#4889);
#3878=LINE('',#4890,#4891);
#3879=FILL_AREA_STYLE_COLOUR('',#4892);
#3880=LINE('',#4893,#4894);
#3881=FILL_AREA_STYLE_COLOUR('',#4895);
#3882=LINE('',#4896,#4897);
#3883=VERTEX_POINT('',#4898);
#3884=LINE('',#4899,#4900);
#3885=LINE('',#4901,#4902);
#3886=FILL_AREA_STYLE_COLOUR('',#4903);
#3887=VERTEX_POINT('',#4904);
#3888=LINE('',#4905,#4906);
#3889=VERTEX_POINT('',#4907);
#3890=LINE('',#4908,#4909);
#3891=LINE('',#4910,#4911);
#3892=FILL_AREA_STYLE_COLOUR('',#4912);
#3893=FILL_AREA_STYLE_COLOUR('',#4913);
#3894=VERTEX_POINT('',#4914);
#3895=LINE('',#4915,#4916);
#3896=VERTEX_POINT('',#4917);
#3897=LINE('',#4918,#4919);
#3898=LINE('',#4920,#4921);
#3899=FILL_AREA_STYLE_COLOUR('',#4922);
#3900=LINE('',#4923,#4924);
#3901=VERTEX_POINT('',#4925);
#3902=LINE('',#4926,#4927);
#3903=LINE('',#4928,#4929);
#3904=FILL_AREA_STYLE_COLOUR('',#4930);
#3905=VERTEX_POINT('',#4931);
#3906=LINE('',#4932,#4933);
#3907=LINE('',#4934,#4935);
#3908=FILL_AREA_STYLE_COLOUR('',#4936);
#3909=LINE('',#4937,#4938);
#3910=LINE('',#4939,#4940);
#3911=FILL_AREA_STYLE_COLOUR('',#4941);
#3912=LINE('',#4942,#4943);
#3913=FILL_AREA_STYLE_COLOUR('',#4944);
#3914=LINE('',#4945,#4946);
#3915=FILL_AREA_STYLE_COLOUR('',#4947);
#3916=LINE('',#4948,#4949);
#3917=FILL_AREA_STYLE_COLOUR('',#4950);
#3918=LINE('',#4951,#4952);
#3919=FILL_AREA_STYLE_COLOUR('',#4953);
#3920=COLOUR_RGB('',0.196078434586525,0.196078434586525,0.196078434586525);
#3921=CARTESIAN_POINT('',(1.27,-0.508,0.0));
#3922=CARTESIAN_POINT('',(1.27,2.11738702041867E-33,-1.31148051058075E-19));
#3923=CARTESIAN_POINT('',(1.27,-0.154,7.7762503467721E-17));
#3924=VECTOR('',#4954,1.0);
#3925=CARTESIAN_POINT('',(0.635,-0.508,-0.635));
#3926=AXIS2_PLACEMENT_3D('',#4955,#4956,#4957);
#3927=CARTESIAN_POINT('',(-2.22044604925031E-16,-0.508,-7.7762503467721E-17));
#3928=AXIS2_PLACEMENT_3D('',#4958,#4959,#4960);
#3929=CARTESIAN_POINT('',(0.0,0.0,0.0));
#3930=CARTESIAN_POINT('',(-2.22044604925031E-16,-0.154,-7.7762503467721E-17));
#3931=VECTOR('',#4961,1.0);
#3932=AXIS2_PLACEMENT_3D('',#4962,#4963,#4964);
#3933=COLOUR_RGB('',0.196078434586525,0.196078434586525,0.196078434586525);
#3934=CARTESIAN_POINT('',(8.255,-0.508,0.0));
#3935=CARTESIAN_POINT('',(8.255,0.0,0.0));
#3936=CARTESIAN_POINT('',(8.255,-0.154,7.7762503467721E-17));
#3937=VECTOR('',#4965,1.0);
#3938=CARTESIAN_POINT('',(7.62,-0.508,-0.635));
#3939=AXIS2_PLACEMENT_3D('',#4966,#4967,#4968);
#3940=CARTESIAN_POINT('',(6.985,-0.508,-7.7762503467721E-17));
#3941=AXIS2_PLACEMENT_3D('',#4969,#4970,#4971);
#3942=CARTESIAN_POINT('',(6.985,2.18495355280842E-32,-3.22392231313861E-16));
#3943=CARTESIAN_POINT('',(6.985,-0.154,-7.7762503467721E-17));
#3944=VECTOR('',#4972,1.0);
#3945=AXIS2_PLACEMENT_3D('',#4973,#4974,#4975);
#3946=COLOUR_RGB('',1.0,1.0,0.0);
#3947=CARTESIAN_POINT('',(2.4511,1.4351,-0.635));
#3948=CARTESIAN_POINT('',(2.4511,4.7625,-0.635));
#3949=CARTESIAN_POINT('',(2.4511,3.0488,-0.635));
#3950=VECTOR('',#4976,1.0);
#3951=CARTESIAN_POINT('',(1.9939,1.4351,-0.635));
#3952=AXIS2_PLACEMENT_3D('',#4977,#4978,#4979);
#3953=CARTESIAN_POINT('',(1.9939,4.7625,-0.635));
#3954=CARTESIAN_POINT('',(1.9939,3.0488,-0.635));
#3955=VECTOR('',#4980,1.0);
#3956=AXIS2_PLACEMENT_3D('',#4981,#4982,#4983);
#3957=COLOUR_RGB('',1.0,1.0,0.0);
#3958=CARTESIAN_POINT('',(2.4511,1.4351,0.635));
#3959=CARTESIAN_POINT('',(2.4511,4.7625,0.635));
#3960=CARTESIAN_POINT('',(2.4511,3.0488,0.635));
#3961=VECTOR('',#4984,1.0);
#3962=CARTESIAN_POINT('',(1.9939,1.4351,0.635));
#3963=AXIS2_PLACEMENT_3D('',#4985,#4986,#4987);
#3964=CARTESIAN_POINT('',(1.9939,4.7625,0.635));
#3965=CARTESIAN_POINT('',(1.9939,3.0488,0.635));
#3966=VECTOR('',#4988,1.0);
#3967=AXIS2_PLACEMENT_3D('',#4989,#4990,#4991);
#3968=COLOUR_RGB('',1.0,1.0,0.0);
#3969=CARTESIAN_POINT('',(3.7211,1.4351,-0.635));
#3970=CARTESIAN_POINT('',(3.7211,4.7625,-0.635));
#3971=CARTESIAN_POINT('',(3.7211,3.0488,-0.635));
#3972=VECTOR('',#4992,1.0);
#3973=CARTESIAN_POINT('',(3.2639,1.4351,-0.635));
#3974=AXIS2_PLACEMENT_3D('',#4993,#4994,#4995);
#3975=CARTESIAN_POINT('',(3.2639,4.7625,-0.635));
#3976=CARTESIAN_POINT('',(3.2639,3.0488,-0.635));
#3977=VECTOR('',#4996,1.0);
#3978=AXIS2_PLACEMENT_3D('',#4997,#4998,#4999);
#3979=COLOUR_RGB('',1.0,1.0,0.0);
#3980=CARTESIAN_POINT('',(3.7211,1.4351,0.635));
#3981=CARTESIAN_POINT('',(3.7211,4.7625,0.635));
#3982=CARTESIAN_POINT('',(3.7211,3.0488,0.635));
#3983=VECTOR('',#5000,1.0);
#3984=CARTESIAN_POINT('',(3.2639,1.4351,0.635));
#3985=AXIS2_PLACEMENT_3D('',#5001,#5002,#5003);
#3986=CARTESIAN_POINT('',(3.2639,4.7625,0.635));
#3987=CARTESIAN_POINT('',(3.2639,3.0488,0.635));
#3988=VECTOR('',#5004,1.0);
#3989=AXIS2_PLACEMENT_3D('',#5005,#5006,#5007);
#3990=COLOUR_RGB('',1.0,1.0,0.0);
#3991=CARTESIAN_POINT('',(4.9911,1.4351,-0.635));
#3992=CARTESIAN_POINT('',(4.9911,4.7625,-0.635));
#3993=CARTESIAN_POINT('',(4.9911,3.0488,-0.635));
#3994=VECTOR('',#5008,1.0);
#3995=CARTESIAN_POINT('',(4.5339,1.4351,-0.635));
#3996=AXIS2_PLACEMENT_3D('',#5009,#5010,#5011);
#3997=CARTESIAN_POINT('',(4.5339,4.7625,-0.635));
#3998=CARTESIAN_POINT('',(4.5339,3.0488,-0.635));
#3999=VECTOR('',#5012,1.0);
#4000=AXIS2_PLACEMENT_3D('',#5013,#5014,#5015);
#4001=COLOUR_RGB('',1.0,1.0,0.0);
#4002=CARTESIAN_POINT('',(4.9911,1.4351,0.635));
#4003=CARTESIAN_POINT('',(4.9911,4.7625,0.635));
#4004=CARTESIAN_POINT('',(4.9911,3.0488,0.635));
#4005=VECTOR('',#5016,1.0);
#4006=CARTESIAN_POINT('',(4.5339,1.4351,0.635));
#4007=AXIS2_PLACEMENT_3D('',#5017,#5018,#5019);
#4008=CARTESIAN_POINT('',(4.5339,4.7625,0.635));
#4009=CARTESIAN_POINT('',(4.5339,3.0488,0.635));
#4010=VECTOR('',#5020,1.0);
#4011=AXIS2_PLACEMENT_3D('',#5021,#5022,#5023);
#4012=COLOUR_RGB('',1.0,1.0,0.0);
#4013=CARTESIAN_POINT('',(6.2611,1.4351,-0.635));
#4014=CARTESIAN_POINT('',(6.2611,4.7625,-0.635));
#4015=CARTESIAN_POINT('',(6.2611,3.0488,-0.635));
#4016=VECTOR('',#5024,1.0);
#4017=CARTESIAN_POINT('',(5.8039,1.4351,-0.635));
#4018=AXIS2_PLACEMENT_3D('',#5025,#5026,#5027);
#4019=CARTESIAN_POINT('',(5.8039,4.7625,-0.635));
#4020=CARTESIAN_POINT('',(5.8039,3.0488,-0.635));
#4021=VECTOR('',#5028,1.0);
#4022=AXIS2_PLACEMENT_3D('',#5029,#5030,#5031);
#4023=COLOUR_RGB('',1.0,1.0,0.0);
#4024=CARTESIAN_POINT('',(6.2611,1.4351,0.635));
#4025=CARTESIAN_POINT('',(6.2611,4.7625,0.635));
#4026=CARTESIAN_POINT('',(6.2611,3.0488,0.635));
#4027=VECTOR('',#5032,1.0);
#4028=CARTESIAN_POINT('',(5.8039,1.4351,0.635));
#4029=AXIS2_PLACEMENT_3D('',#5033,#5034,#5035);
#4030=CARTESIAN_POINT('',(5.8039,4.7625,0.635));
#4031=CARTESIAN_POINT('',(5.8039,3.0488,0.635));
#4032=VECTOR('',#5036,1.0);
#4033=AXIS2_PLACEMENT_3D('',#5037,#5038,#5039);
#4034=COLOUR_RGB('',1.0,1.0,0.0);
#4035=AXIS2_PLACEMENT_3D('',#5040,#5041,#5042);
#4036=AXIS2_PLACEMENT_3D('',#5043,#5044,#5045);
#4037=COLOUR_RGB('',1.0,1.0,0.0);
#4038=COLOUR_RGB('',1.0,1.0,0.0);
#4039=AXIS2_PLACEMENT_3D('',#5046,#5047,#5048);
#4040=AXIS2_PLACEMENT_3D('',#5049,#5050,#5051);
#4041=COLOUR_RGB('',1.0,1.0,0.0);
#4042=COLOUR_RGB('',1.0,1.0,0.0);
#4043=AXIS2_PLACEMENT_3D('',#5052,#5053,#5054);
#4044=AXIS2_PLACEMENT_3D('',#5055,#5056,#5057);
#4045=COLOUR_RGB('',1.0,1.0,0.0);
#4046=COLOUR_RGB('',1.0,1.0,0.0);
#4047=AXIS2_PLACEMENT_3D('',#5058,#5059,#5060);
#4048=AXIS2_PLACEMENT_3D('',#5061,#5062,#5063);
#4049=COLOUR_RGB('',1.0,1.0,0.0);
#4050=COLOUR_RGB('',1.0,1.0,0.0);
#4051=AXIS2_PLACEMENT_3D('',#5064,#5065,#5066);
#4052=AXIS2_PLACEMENT_3D('',#5067,#5068,#5069);
#4053=COLOUR_RGB('',1.0,1.0,0.0);
#4054=COLOUR_RGB('',1.0,1.0,0.0);
#4055=AXIS2_PLACEMENT_3D('',#5070,#5071,#5072);
#4056=AXIS2_PLACEMENT_3D('',#5073,#5074,#5075);
#4057=COLOUR_RGB('',1.0,1.0,0.0);
#4058=COLOUR_RGB('',1.0,1.0,0.0);
#4059=AXIS2_PLACEMENT_3D('',#5076,#5077,#5078);
#4060=AXIS2_PLACEMENT_3D('',#5079,#5080,#5081);
#4061=COLOUR_RGB('',1.0,1.0,0.0);
#4062=COLOUR_RGB('',1.0,1.0,0.0);
#4063=AXIS2_PLACEMENT_3D('',#5082,#5083,#5084);
#4064=AXIS2_PLACEMENT_3D('',#5085,#5086,#5087);
#4065=COLOUR_RGB('',1.0,1.0,0.0);
#4066=COLOUR_RGB('',0.705882370471954,0.705882370471954,0.705882370471954);
#4067=CARTESIAN_POINT('',(5.8547,0.508,-0.508000000000001));
#4068=CARTESIAN_POINT('',(6.2103,0.508,-0.508000000000001));
#4069=CARTESIAN_POINT('',(4.9911,0.508,-0.508000000000001));
#4070=VECTOR('',#5088,1.0);
#4071=CARTESIAN_POINT('',(5.8547,0.1016,-0.508000000000001));
#4072=CARTESIAN_POINT('',(5.8547,0.6,-0.508000000000001));
#4073=VECTOR('',#5089,1.0);
#4074=CARTESIAN_POINT('',(6.2103,0.1016,-0.508000000000001));
#4075=CARTESIAN_POINT('',(5.8547,0.1016,-0.508000000000001));
#4076=VECTOR('',#5090,1.0);
#4077=CARTESIAN_POINT('',(6.2103,0.6,-0.508000000000001));
#4078=VECTOR('',#5091,1.0);
#4079=COLOUR_RGB('',0.705882370471954,0.705882370471954,0.705882370471954);
#4080=CARTESIAN_POINT('',(5.8547,0.508,0.507999999999999));
#4081=CARTESIAN_POINT('',(5.8547,0.508,0.762));
#4082=CARTESIAN_POINT('',(5.8547,0.508,-3.03882244888365E-17));
#4083=VECTOR('',#5092,1.0);
#4084=CARTESIAN_POINT('',(5.8547,0.1016,0.507999999999999));
#4085=CARTESIAN_POINT('',(5.8547,0.1016,0.507999999999999));
#4086=VECTOR('',#5093,1.0);
#4087=CARTESIAN_POINT('',(5.8547,-0.1524,0.761999999999996));
#4088=AXIS2_PLACEMENT_3D('',#5094,#5095,#5096);
#4089=CARTESIAN_POINT('',(5.8547,-0.1524,2.9845));
#4090=CARTESIAN_POINT('',(5.8547,-0.1524,2.9845));
#4091=VECTOR('',#5097,1.0);
#4092=CARTESIAN_POINT('',(5.8547,0.1016,2.9845));
#4093=CARTESIAN_POINT('',(5.8547,0.1016,2.9845));
#4094=VECTOR('',#5098,1.0);
#4095=CARTESIAN_POINT('',(5.8547,0.1016,0.888999999999999));
#4096=CARTESIAN_POINT('',(5.8547,0.1016,2.9845));
#4097=VECTOR('',#5099,1.0);
#4098=CARTESIAN_POINT('',(5.8547,0.2286,0.761999999999999));
#4099=AXIS2_PLACEMENT_3D('',#5100,#5101,#5102);
#4100=CARTESIAN_POINT('',(5.8547,0.762,0.762));
#4101=VECTOR('',#5103,1.0);
#4102=COLOUR_RGB('',0.705882370471954,0.705882370471954,0.705882370471954);
#4103=CARTESIAN_POINT('',(6.2103,0.508,0.762));
#4104=CARTESIAN_POINT('',(6.2103,0.508,0.507999999999999));
#4105=CARTESIAN_POINT('',(6.2103,0.508,-8.61472351787463E-18));
#4106=VECTOR('',#5104,1.0);
#4107=CARTESIAN_POINT('',(6.2103,0.2286,0.761999999999999));
#4108=CARTESIAN_POINT('',(6.2103,0.762,0.762));
#4109=VECTOR('',#5105,1.0);
#4110=CARTESIAN_POINT('',(6.2103,0.1016,0.888999999999999));
#4111=AXIS2_PLACEMENT_3D('',#5106,#5107,#5108);
#4112=CARTESIAN_POINT('',(6.2103,0.1016,2.9845));
#4113=CARTESIAN_POINT('',(6.2103,0.1016,2.9845));
#4114=VECTOR('',#5109,1.0);
#4115=CARTESIAN_POINT('',(6.2103,-0.1524,2.9845));
#4116=CARTESIAN_POINT('',(6.2103,0.1016,2.9845));
#4117=VECTOR('',#5110,1.0);
#4118=CARTESIAN_POINT('',(6.2103,-0.1524,0.761999999999996));
#4119=CARTESIAN_POINT('',(6.2103,-0.1524,2.9845));
#4120=VECTOR('',#5111,1.0);
#4121=CARTESIAN_POINT('',(6.2103,0.1016,0.507999999999999));
#4122=AXIS2_PLACEMENT_3D('',#5112,#5113,#5114);
#4123=CARTESIAN_POINT('',(6.2103,0.1016,0.507999999999999));
#4124=VECTOR('',#5115,1.0);
#4125=COLOUR_RGB('',0.705882370471954,0.705882370471954,0.705882370471954);
#4126=CARTESIAN_POINT('',(6.2103,0.508,-0.762000000000001));
#4127=CARTESIAN_POINT('',(6.2103,0.508,-8.61472351787463E-18));
#4128=VECTOR('',#5116,1.0);
#4129=CARTESIAN_POINT('',(6.2103,-0.1524,-0.762000000000001));
#4130=AXIS2_PLACEMENT_3D('',#5117,#5118,#5119);
#4131=CARTESIAN_POINT('',(6.2103,-0.1524,-2.9845));
#4132=CARTESIAN_POINT('',(6.2103,-0.1524,-0.762000000000001));
#4133=VECTOR('',#5120,1.0);
#4134=CARTESIAN_POINT('',(6.2103,0.1016,-2.9845));
#4135=CARTESIAN_POINT('',(6.2103,-0.1524,-2.9845));
#4136=VECTOR('',#5121,1.0);
#4137=CARTESIAN_POINT('',(6.2103,0.1016,-0.889000000000002));
#4138=CARTESIAN_POINT('',(6.2103,0.1016,-2.9845));
#4139=VECTOR('',#5122,1.0);
#4140=CARTESIAN_POINT('',(6.2103,0.2286,-0.762000000000001));
#4141=AXIS2_PLACEMENT_3D('',#5123,#5124,#5125);
#4142=CARTESIAN_POINT('',(6.2103,0.2286,-0.762000000000001));
#4143=VECTOR('',#5126,1.0);
#4144=COLOUR_RGB('',0.705882370471954,0.705882370471954,0.705882370471954);
#4145=CARTESIAN_POINT('',(4.9911,0.508,0.507999999999999));
#4146=VECTOR('',#5127,1.0);
#4147=CARTESIAN_POINT('',(5.8547,0.1016,0.507999999999999));
#4148=VECTOR('',#5128,1.0);
#4149=COLOUR_RGB('',0.705882370471954,0.705882370471954,0.705882370471954);
#4150=CARTESIAN_POINT('',(5.8547,0.1016,0.888999999999999));
#4151=VECTOR('',#5129,1.0);
#4152=CARTESIAN_POINT('',(5.8547,0.1016,2.9845));
#4153=VECTOR('',#5130,1.0);
#4154=COLOUR_RGB('',0.705882370471954,0.705882370471954,0.705882370471954);
#4155=CARTESIAN_POINT('',(5.8547,0.2286,0.761999999999999));
#4156=VECTOR('',#5131,1.0);
#4157=COLOUR_RGB('',0.705882370471954,0.705882370471954,0.705882370471954);
#4158=CARTESIAN_POINT('',(4.9911,0.508,0.762));
#4159=VECTOR('',#5132,1.0);
#4160=COLOUR_RGB('',0.705882370471954,0.705882370471954,0.705882370471954);
#4161=CARTESIAN_POINT('',(5.8547,0.508,-0.762000000000001));
#4162=CARTESIAN_POINT('',(4.9911,0.508,-0.762000000000001));
#4163=VECTOR('',#5133,1.0);
#4164=CARTESIAN_POINT('',(5.8547,0.2286,-0.762000000000001));
#4165=CARTESIAN_POINT('',(5.8547,0.2286,-0.762000000000001));
#4166=VECTOR('',#5134,1.0);
#4167=CARTESIAN_POINT('',(5.8547,0.2286,-0.762000000000001));
#4168=VECTOR('',#5135,1.0);
#4169=COLOUR_RGB('',0.705882370471954,0.705882370471954,0.705882370471954);
#4170=CARTESIAN_POINT('',(5.8547,0.1016,-0.889000000000002));
#4171=CARTESIAN_POINT('',(5.8547,0.1016,-0.889000000000002));
#4172=VECTOR('',#5136,1.0);
#4173=AXIS2_PLACEMENT_3D('',#5137,#5138,#5139);
#4174=COLOUR_RGB('',0.705882370471954,0.705882370471954,0.705882370471954);
#4175=CARTESIAN_POINT('',(5.8547,0.1016,-2.9845));
#4176=CARTESIAN_POINT('',(5.8547,0.1016,-2.9845));
#4177=VECTOR('',#5140,1.0);
#4178=CARTESIAN_POINT('',(5.8547,0.1016,-2.9845));
#4179=VECTOR('',#5141,1.0);
#4180=COLOUR_RGB('',0.705882370471954,0.705882370471954,0.705882370471954);
#4181=CARTESIAN_POINT('',(5.8547,-0.1524,-2.9845));
#4182=CARTESIAN_POINT('',(5.8547,-0.1524,-2.9845));
#4183=VECTOR('',#5142,1.0);
#4184=CARTESIAN_POINT('',(5.8547,-0.1524,-2.9845));
#4185=VECTOR('',#5143,1.0);
#4186=COLOUR_RGB('',0.705882370471954,0.705882370471954,0.705882370471954);
#4187=CARTESIAN_POINT('',(5.8547,-0.1524,-0.762000000000001));
#4188=CARTESIAN_POINT('',(5.8547,-0.1524,-0.762000000000001));
#4189=VECTOR('',#5144,1.0);
#4190=CARTESIAN_POINT('',(5.8547,-0.1524,-0.762000000000001));
#4191=VECTOR('',#5145,1.0);
#4192=COLOUR_RGB('',0.705882370471954,0.705882370471954,0.705882370471954);
#4193=AXIS2_PLACEMENT_3D('',#5146,#5147,#5148);
#4194=COLOUR_RGB('',0.705882370471954,0.705882370471954,0.705882370471954);
#4195=CARTESIAN_POINT('',(5.8547,-0.1524,0.761999999999996));
#4196=VECTOR('',#5149,1.0);
#4197=COLOUR_RGB('',0.705882370471954,0.705882370471954,0.705882370471954);
#4198=CARTESIAN_POINT('',(5.8547,-0.1524,2.9845));
#4199=VECTOR('',#5150,1.0);
#4200=COLOUR_RGB('',0.705882370471954,0.705882370471954,0.705882370471954);
#4201=COLOUR_RGB('',0.705882370471954,0.705882370471954,0.705882370471954);
#4202=CARTESIAN_POINT('',(5.8547,0.508,-3.03882244888365E-17));
#4203=VECTOR('',#5151,1.0);
#4204=COLOUR_RGB('',0.196078434586525,0.196078434586525,0.196078434586525);
#4205=CARTESIAN_POINT('',(4.5847,0.508,-0.508000000000001));
#4206=CARTESIAN_POINT('',(4.9403,0.508,-0.508000000000001));
#4207=CARTESIAN_POINT('',(4.3561,0.508,-0.508000000000001));
#4208=VECTOR('',#5152,1.0);
#4209=CARTESIAN_POINT('',(4.9403,0.508,-0.762000000000001));
#4210=CARTESIAN_POINT('',(4.9403,0.508,-4.74959752517351E-17));
#4211=VECTOR('',#5153,1.0);
#4212=CARTESIAN_POINT('',(4.5847,0.508,-0.762000000000001));
#4213=CARTESIAN_POINT('',(4.3561,0.508,-0.762000000000001));
#4214=VECTOR('',#5154,1.0);
#4215=CARTESIAN_POINT('',(4.5847,0.508,-6.9269476222697E-17));
#4216=VECTOR('',#5155,1.0);
#4217=CARTESIAN_POINT('',(4.9403,0.508,0.507999999999999));
#4218=CARTESIAN_POINT('',(4.5847,0.508,0.507999999999999));
#4219=CARTESIAN_POINT('',(4.3561,0.508,0.507999999999999));
#4220=VECTOR('',#5156,1.0);
#4221=CARTESIAN_POINT('',(4.5847,0.508,0.762));
#4222=CARTESIAN_POINT('',(4.5847,0.508,-6.9269476222697E-17));
#4223=VECTOR('',#5157,1.0);
#4224=CARTESIAN_POINT('',(4.9403,0.508,0.762));
#4225=CARTESIAN_POINT('',(4.3561,0.508,0.762));
#4226=VECTOR('',#5158,1.0);
#4227=CARTESIAN_POINT('',(4.9403,0.508,-4.74959752517351E-17));
#4228=VECTOR('',#5159,1.0);
#4229=CARTESIAN_POINT('',(2.0447,0.508,-0.508000000000001));
#4230=CARTESIAN_POINT('',(2.4003,0.508,-0.508000000000001));
#4231=CARTESIAN_POINT('',(3.0861,0.508,-0.508000000000001));
#4232=VECTOR('',#5160,1.0);
#4233=CARTESIAN_POINT('',(2.4003,0.508,-0.762000000000001));
#4234=CARTESIAN_POINT('',(2.4003,0.508,-1.25258478719456E-16));
#4235=VECTOR('',#5161,1.0);
#4236=CARTESIAN_POINT('',(2.0447,0.508,-0.762000000000001));
#4237=CARTESIAN_POINT('',(3.0861,0.508,-0.762000000000001));
#4238=VECTOR('',#5162,1.0);
#4239=CARTESIAN_POINT('',(2.0447,0.508,-1.47031979690418E-16));
#4240=VECTOR('',#5163,1.0);
#4241=CARTESIAN_POINT('',(2.4003,0.508,0.507999999999999));
#4242=CARTESIAN_POINT('',(2.0447,0.508,0.507999999999999));
#4243=CARTESIAN_POINT('',(3.0861,0.508,0.508));
#4244=VECTOR('',#5164,1.0);
#4245=CARTESIAN_POINT('',(2.0447,0.508,0.762));
#4246=CARTESIAN_POINT('',(2.0447,0.508,-1.47031979690418E-16));
#4247=VECTOR('',#5165,1.0);
#4248=CARTESIAN_POINT('',(2.4003,0.508,0.762));
#4249=CARTESIAN_POINT('',(3.0861,0.508,0.762));
#4250=VECTOR('',#5166,1.0);
#4251=CARTESIAN_POINT('',(2.4003,0.508,-1.25258478719456E-16));
#4252=VECTOR('',#5167,1.0);
#4253=CARTESIAN_POINT('',(1.27,0.508,-1.0795));
#4254=CARTESIAN_POINT('',(6.985,0.508,-1.0795));
#4255=CARTESIAN_POINT('',(5.55625,0.508,-1.0795));
#4256=VECTOR('',#5168,1.0);
#4257=CARTESIAN_POINT('',(6.985,0.508,1.0795));
#4258=CARTESIAN_POINT('',(6.985,0.508,0.0));
#4259=VECTOR('',#5169,1.0);
#4260=CARTESIAN_POINT('',(1.27,0.508,1.0795));
#4261=CARTESIAN_POINT('',(2.69875,0.508,1.0795));
#4262=VECTOR('',#5170,1.0);
#4263=CARTESIAN_POINT('',(1.27,0.508,0.0));
#4264=VECTOR('',#5171,1.0);
#4265=CARTESIAN_POINT('',(3.6703,0.508,0.507999999999999));
#4266=CARTESIAN_POINT('',(3.3147,0.508,0.507999999999999));
#4267=CARTESIAN_POINT('',(3.7211,0.508,0.507999999999999));
#4268=VECTOR('',#5172,1.0);
#4269=CARTESIAN_POINT('',(3.3147,0.508,0.762));
#4270=CARTESIAN_POINT('',(3.3147,0.508,-1.08150727956557E-16));
#4271=VECTOR('',#5173,1.0);
#4272=CARTESIAN_POINT('',(3.6703,0.508,0.762));
#4273=CARTESIAN_POINT('',(3.7211,0.508,0.762));
#4274=VECTOR('',#5174,1.0);
#4275=CARTESIAN_POINT('',(3.6703,0.508,-8.63772269855956E-17));
#4276=VECTOR('',#5175,1.0);
#4277=CARTESIAN_POINT('',(3.3147,0.508,-0.508000000000001));
#4278=CARTESIAN_POINT('',(3.6703,0.508,-0.508000000000001));
#4279=CARTESIAN_POINT('',(3.7211,0.508,-0.508000000000001));
#4280=VECTOR('',#5176,1.0);
#4281=CARTESIAN_POINT('',(3.6703,0.508,-0.762000000000001));
#4282=CARTESIAN_POINT('',(3.6703,0.508,-8.63772269855956E-17));
#4283=VECTOR('',#5177,1.0);
#4284=CARTESIAN_POINT('',(3.3147,0.508,-0.762000000000001));
#4285=CARTESIAN_POINT('',(3.7211,0.508,-0.762000000000001));
#4286=VECTOR('',#5178,1.0);
#4287=CARTESIAN_POINT('',(3.3147,0.508,-1.08150727956557E-16));
#4288=VECTOR('',#5179,1.0);
#4289=COLOUR_RGB('',0.705882370471954,0.705882370471954,0.705882370471954);
#4290=CARTESIAN_POINT('',(4.5847,0.1016,-0.508000000000001));
#4291=CARTESIAN_POINT('',(4.5847,0.6,-0.508000000000001));
#4292=VECTOR('',#5180,1.0);
#4293=CARTESIAN_POINT('',(4.9403,0.1016,-0.508000000000001));
#4294=CARTESIAN_POINT('',(4.5847,0.1016,-0.508000000000001));
#4295=VECTOR('',#5181,1.0);
#4296=CARTESIAN_POINT('',(4.9403,0.6,-0.508000000000001));
#4297=VECTOR('',#5182,1.0);
#4298=COLOUR_RGB('',0.705882370471954,0.705882370471954,0.705882370471954);
#4299=CARTESIAN_POINT('',(4.5847,0.1016,0.507999999999999));
#4300=CARTESIAN_POINT('',(4.5847,0.1016,0.507999999999999));
#4301=VECTOR('',#5183,1.0);
#4302=CARTESIAN_POINT('',(4.5847,-0.1524,0.761999999999996));
#4303=AXIS2_PLACEMENT_3D('',#5184,#5185,#5186);
#4304=CARTESIAN_POINT('',(4.5847,-0.1524,2.9845));
#4305=CARTESIAN_POINT('',(4.5847,-0.1524,2.9845));
#4306=VECTOR('',#5187,1.0);
#4307=CARTESIAN_POINT('',(4.5847,0.1016,2.9845));
#4308=CARTESIAN_POINT('',(4.5847,0.1016,2.9845));
#4309=VECTOR('',#5188,1.0);
#4310=CARTESIAN_POINT('',(4.5847,0.1016,0.888999999999999));
#4311=CARTESIAN_POINT('',(4.5847,0.1016,2.9845));
#4312=VECTOR('',#5189,1.0);
#4313=CARTESIAN_POINT('',(4.5847,0.2286,0.761999999999999));
#4314=AXIS2_PLACEMENT_3D('',#5190,#5191,#5192);
#4315=CARTESIAN_POINT('',(4.5847,0.762,0.762));
#4316=VECTOR('',#5193,1.0);
#4317=COLOUR_RGB('',0.705882370471954,0.705882370471954,0.705882370471954);
#4318=CARTESIAN_POINT('',(4.9403,0.2286,0.761999999999999));
#4319=CARTESIAN_POINT('',(4.9403,0.762,0.762));
#4320=VECTOR('',#5194,1.0);
#4321=CARTESIAN_POINT('',(4.9403,0.1016,0.888999999999999));
#4322=AXIS2_PLACEMENT_3D('',#5195,#5196,#5197);
#4323=CARTESIAN_POINT('',(4.9403,0.1016,2.9845));
#4324=CARTESIAN_POINT('',(4.9403,0.1016,2.9845));
#4325=VECTOR('',#5198,1.0);
#4326=CARTESIAN_POINT('',(4.9403,-0.1524,2.9845));
#4327=CARTESIAN_POINT('',(4.9403,0.1016,2.9845));
#4328=VECTOR('',#5199,1.0);
#4329=CARTESIAN_POINT('',(4.9403,-0.1524,0.761999999999996));
#4330=CARTESIAN_POINT('',(4.9403,-0.1524,2.9845));
#4331=VECTOR('',#5200,1.0);
#4332=CARTESIAN_POINT('',(4.9403,0.1016,0.507999999999999));
#4333=AXIS2_PLACEMENT_3D('',#5201,#5202,#5203);
#4334=CARTESIAN_POINT('',(4.9403,0.1016,0.507999999999999));
#4335=VECTOR('',#5204,1.0);
#4336=COLOUR_RGB('',0.705882370471954,0.705882370471954,0.705882370471954);
#4337=CARTESIAN_POINT('',(4.9403,-0.1524,-0.762000000000001));
#4338=AXIS2_PLACEMENT_3D('',#5205,#5206,#5207);
#4339=CARTESIAN_POINT('',(4.9403,-0.1524,-2.9845));
#4340=CARTESIAN_POINT('',(4.9403,-0.1524,-0.762000000000001));
#4341=VECTOR('',#5208,1.0);
#4342=CARTESIAN_POINT('',(4.9403,0.1016,-2.9845));
#4343=CARTESIAN_POINT('',(4.9403,-0.1524,-2.9845));
#4344=VECTOR('',#5209,1.0);
#4345=CARTESIAN_POINT('',(4.9403,0.1016,-0.889000000000002));
#4346=CARTESIAN_POINT('',(4.9403,0.1016,-2.9845));
#4347=VECTOR('',#5210,1.0);
#4348=CARTESIAN_POINT('',(4.9403,0.2286,-0.762000000000001));
#4349=AXIS2_PLACEMENT_3D('',#5211,#5212,#5213);
#4350=CARTESIAN_POINT('',(4.9403,0.2286,-0.762000000000001));
#4351=VECTOR('',#5214,1.0);
#4352=COLOUR_RGB('',0.705882370471954,0.705882370471954,0.705882370471954);
#4353=CARTESIAN_POINT('',(4.5847,0.1016,0.507999999999999));
#4354=VECTOR('',#5215,1.0);
#4355=COLOUR_RGB('',0.705882370471954,0.705882370471954,0.705882370471954);
#4356=CARTESIAN_POINT('',(4.5847,0.1016,0.888999999999999));
#4357=VECTOR('',#5216,1.0);
#4358=CARTESIAN_POINT('',(4.5847,0.1016,2.9845));
#4359=VECTOR('',#5217,1.0);
#4360=COLOUR_RGB('',0.705882370471954,0.705882370471954,0.705882370471954);
#4361=CARTESIAN_POINT('',(4.5847,0.2286,0.761999999999999));
#4362=VECTOR('',#5218,1.0);
#4363=COLOUR_RGB('',0.705882370471954,0.705882370471954,0.705882370471954);
#4364=COLOUR_RGB('',0.705882370471954,0.705882370471954,0.705882370471954);
#4365=CARTESIAN_POINT('',(4.5847,0.2286,-0.762000000000001));
#4366=CARTESIAN_POINT('',(4.5847,0.2286,-0.762000000000001));
#4367=VECTOR('',#5219,1.0);
#4368=CARTESIAN_POINT('',(4.5847,0.2286,-0.762000000000001));
#4369=VECTOR('',#5220,1.0);
#4370=COLOUR_RGB('',0.705882370471954,0.705882370471954,0.705882370471954);
#4371=CARTESIAN_POINT('',(4.5847,0.1016,-0.889000000000002));
#4372=CARTESIAN_POINT('',(4.5847,0.1016,-0.889000000000002));
#4373=VECTOR('',#5221,1.0);
#4374=AXIS2_PLACEMENT_3D('',#5222,#5223,#5224);
#4375=COLOUR_RGB('',0.705882370471954,0.705882370471954,0.705882370471954);
#4376=CARTESIAN_POINT('',(4.5847,0.1016,-2.9845));
#4377=CARTESIAN_POINT('',(4.5847,0.1016,-2.9845));
#4378=VECTOR('',#5225,1.0);
#4379=CARTESIAN_POINT('',(4.5847,0.1016,-2.9845));
#4380=VECTOR('',#5226,1.0);
#4381=COLOUR_RGB('',0.705882370471954,0.705882370471954,0.705882370471954);
#4382=CARTESIAN_POINT('',(4.5847,-0.1524,-2.9845));
#4383=CARTESIAN_POINT('',(4.5847,-0.1524,-2.9845));
#4384=VECTOR('',#5227,1.0);
#4385=CARTESIAN_POINT('',(4.5847,-0.1524,-2.9845));
#4386=VECTOR('',#5228,1.0);
#4387=COLOUR_RGB('',0.705882370471954,0.705882370471954,0.705882370471954);
#4388=CARTESIAN_POINT('',(4.5847,-0.1524,-0.762000000000001));
#4389=CARTESIAN_POINT('',(4.5847,-0.1524,-0.762000000000001));
#4390=VECTOR('',#5229,1.0);
#4391=CARTESIAN_POINT('',(4.5847,-0.1524,-0.762000000000001));
#4392=VECTOR('',#5230,1.0);
#4393=COLOUR_RGB('',0.705882370471954,0.705882370471954,0.705882370471954);
#4394=AXIS2_PLACEMENT_3D('',#5231,#5232,#5233);
#4395=COLOUR_RGB('',0.705882370471954,0.705882370471954,0.705882370471954);
#4396=CARTESIAN_POINT('',(4.5847,-0.1524,0.761999999999996));
#4397=VECTOR('',#5234,1.0);
#4398=COLOUR_RGB('',0.705882370471954,0.705882370471954,0.705882370471954);
#4399=CARTESIAN_POINT('',(4.5847,-0.1524,2.9845));
#4400=VECTOR('',#5235,1.0);
#4401=COLOUR_RGB('',0.705882370471954,0.705882370471954,0.705882370471954);
#4402=COLOUR_RGB('',0.705882370471954,0.705882370471954,0.705882370471954);
#4403=COLOUR_RGB('',0.705882370471954,0.705882370471954,0.705882370471954);
#4404=CARTESIAN_POINT('',(3.3147,0.1016,-0.508000000000001));
#4405=CARTESIAN_POINT('',(3.3147,0.6,-0.508000000000001));
#4406=VECTOR('',#5236,1.0);
#4407=CARTESIAN_POINT('',(3.6703,0.1016,-0.508000000000001));
#4408=CARTESIAN_POINT('',(3.3147,0.1016,-0.508000000000001));
#4409=VECTOR('',#5237,1.0);
#4410=CARTESIAN_POINT('',(3.6703,0.6,-0.508000000000001));
#4411=VECTOR('',#5238,1.0);
#4412=COLOUR_RGB('',0.705882370471954,0.705882370471954,0.705882370471954);
#4413=CARTESIAN_POINT('',(3.3147,0.1016,0.507999999999999));
#4414=CARTESIAN_POINT('',(3.3147,0.1016,0.507999999999999));
#4415=VECTOR('',#5239,1.0);
#4416=CARTESIAN_POINT('',(3.3147,-0.1524,0.761999999999996));
#4417=AXIS2_PLACEMENT_3D('',#5240,#5241,#5242);
#4418=CARTESIAN_POINT('',(3.3147,-0.1524,2.9845));
#4419=CARTESIAN_POINT('',(3.3147,-0.1524,2.9845));
#4420=VECTOR('',#5243,1.0);
#4421=CARTESIAN_POINT('',(3.3147,0.1016,2.9845));
#4422=CARTESIAN_POINT('',(3.3147,0.1016,2.9845));
#4423=VECTOR('',#5244,1.0);
#4424=CARTESIAN_POINT('',(3.3147,0.1016,0.888999999999999));
#4425=CARTESIAN_POINT('',(3.3147,0.1016,2.9845));
#4426=VECTOR('',#5245,1.0);
#4427=CARTESIAN_POINT('',(3.3147,0.2286,0.761999999999999));
#4428=AXIS2_PLACEMENT_3D('',#5246,#5247,#5248);
#4429=CARTESIAN_POINT('',(3.3147,0.762,0.762));
#4430=VECTOR('',#5249,1.0);
#4431=COLOUR_RGB('',0.705882370471954,0.705882370471954,0.705882370471954);
#4432=CARTESIAN_POINT('',(3.6703,0.2286,0.761999999999999));
#4433=CARTESIAN_POINT('',(3.6703,0.762,0.762));
#4434=VECTOR('',#5250,1.0);
#4435=CARTESIAN_POINT('',(3.6703,0.1016,0.888999999999999));
#4436=AXIS2_PLACEMENT_3D('',#5251,#5252,#5253);
#4437=CARTESIAN_POINT('',(3.6703,0.1016,2.9845));
#4438=CARTESIAN_POINT('',(3.6703,0.1016,2.9845));
#4439=VECTOR('',#5254,1.0);
#4440=CARTESIAN_POINT('',(3.6703,-0.1524,2.9845));
#4441=CARTESIAN_POINT('',(3.6703,0.1016,2.9845));
#4442=VECTOR('',#5255,1.0);
#4443=CARTESIAN_POINT('',(3.6703,-0.1524,0.761999999999996));
#4444=CARTESIAN_POINT('',(3.6703,-0.1524,2.9845));
#4445=VECTOR('',#5256,1.0);
#4446=CARTESIAN_POINT('',(3.6703,0.1016,0.507999999999999));
#4447=AXIS2_PLACEMENT_3D('',#5257,#5258,#5259);
#4448=CARTESIAN_POINT('',(3.6703,0.1016,0.507999999999999));
#4449=VECTOR('',#5260,1.0);
#4450=COLOUR_RGB('',0.705882370471954,0.705882370471954,0.705882370471954);
#4451=CARTESIAN_POINT('',(3.6703,-0.1524,-0.762000000000001));
#4452=AXIS2_PLACEMENT_3D('',#5261,#5262,#5263);
#4453=CARTESIAN_POINT('',(3.6703,-0.1524,-2.9845));
#4454=CARTESIAN_POINT('',(3.6703,-0.1524,-0.762000000000001));
#4455=VECTOR('',#5264,1.0);
#4456=CARTESIAN_POINT('',(3.6703,0.1016,-2.9845));
#4457=CARTESIAN_POINT('',(3.6703,-0.1524,-2.9845));
#4458=VECTOR('',#5265,1.0);
#4459=CARTESIAN_POINT('',(3.6703,0.1016,-0.889000000000002));
#4460=CARTESIAN_POINT('',(3.6703,0.1016,-2.9845));
#4461=VECTOR('',#5266,1.0);
#4462=CARTESIAN_POINT('',(3.6703,0.2286,-0.762000000000001));
#4463=AXIS2_PLACEMENT_3D('',#5267,#5268,#5269);
#4464=CARTESIAN_POINT('',(3.6703,0.2286,-0.762000000000001));
#4465=VECTOR('',#5270,1.0);
#4466=COLOUR_RGB('',0.705882370471954,0.705882370471954,0.705882370471954);
#4467=CARTESIAN_POINT('',(3.3147,0.1016,0.507999999999999));
#4468=VECTOR('',#5271,1.0);
#4469=COLOUR_RGB('',0.705882370471954,0.705882370471954,0.705882370471954);
#4470=CARTESIAN_POINT('',(3.3147,0.1016,0.888999999999999));
#4471=VECTOR('',#5272,1.0);
#4472=CARTESIAN_POINT('',(3.3147,0.1016,2.9845));
#4473=VECTOR('',#5273,1.0);
#4474=COLOUR_RGB('',0.705882370471954,0.705882370471954,0.705882370471954);
#4475=CARTESIAN_POINT('',(3.3147,0.2286,0.761999999999999));
#4476=VECTOR('',#5274,1.0);
#4477=COLOUR_RGB('',0.705882370471954,0.705882370471954,0.705882370471954);
#4478=COLOUR_RGB('',0.705882370471954,0.705882370471954,0.705882370471954);
#4479=CARTESIAN_POINT('',(3.3147,0.2286,-0.762000000000001));
#4480=CARTESIAN_POINT('',(3.3147,0.2286,-0.762000000000001));
#4481=VECTOR('',#5275,1.0);
#4482=CARTESIAN_POINT('',(3.3147,0.2286,-0.762000000000001));
#4483=VECTOR('',#5276,1.0);
#4484=COLOUR_RGB('',0.705882370471954,0.705882370471954,0.705882370471954);
#4485=CARTESIAN_POINT('',(3.3147,0.1016,-0.889000000000002));
#4486=CARTESIAN_POINT('',(3.3147,0.1016,-0.889000000000002));
#4487=VECTOR('',#5277,1.0);
#4488=AXIS2_PLACEMENT_3D('',#5278,#5279,#5280);
#4489=COLOUR_RGB('',0.705882370471954,0.705882370471954,0.705882370471954);
#4490=CARTESIAN_POINT('',(3.3147,0.1016,-2.9845));
#4491=CARTESIAN_POINT('',(3.3147,0.1016,-2.9845));
#4492=VECTOR('',#5281,1.0);
#4493=CARTESIAN_POINT('',(3.3147,0.1016,-2.9845));
#4494=VECTOR('',#5282,1.0);
#4495=COLOUR_RGB('',0.705882370471954,0.705882370471954,0.705882370471954);
#4496=CARTESIAN_POINT('',(3.3147,-0.1524,-2.9845));
#4497=CARTESIAN_POINT('',(3.3147,-0.1524,-2.9845));
#4498=VECTOR('',#5283,1.0);
#4499=CARTESIAN_POINT('',(3.3147,-0.1524,-2.9845));
#4500=VECTOR('',#5284,1.0);
#4501=COLOUR_RGB('',0.705882370471954,0.705882370471954,0.705882370471954);
#4502=CARTESIAN_POINT('',(3.3147,-0.1524,-0.762000000000001));
#4503=CARTESIAN_POINT('',(3.3147,-0.1524,-0.762000000000001));
#4504=VECTOR('',#5285,1.0);
#4505=CARTESIAN_POINT('',(3.3147,-0.1524,-0.762000000000001));
#4506=VECTOR('',#5286,1.0);
#4507=COLOUR_RGB('',0.705882370471954,0.705882370471954,0.705882370471954);
#4508=AXIS2_PLACEMENT_3D('',#5287,#5288,#5289);
#4509=COLOUR_RGB('',0.705882370471954,0.705882370471954,0.705882370471954);
#4510=CARTESIAN_POINT('',(3.3147,-0.1524,0.761999999999996));
#4511=VECTOR('',#5290,1.0);
#4512=COLOUR_RGB('',0.705882370471954,0.705882370471954,0.705882370471954);
#4513=CARTESIAN_POINT('',(3.3147,-0.1524,2.9845));
#4514=VECTOR('',#5291,1.0);
#4515=COLOUR_RGB('',0.705882370471954,0.705882370471954,0.705882370471954);
#4516=COLOUR_RGB('',0.705882370471954,0.705882370471954,0.705882370471954);
#4517=COLOUR_RGB('',0.705882370471954,0.705882370471954,0.705882370471954);
#4518=CARTESIAN_POINT('',(2.0447,0.1016,-0.508000000000001));
#4519=CARTESIAN_POINT('',(2.0447,0.6,-0.508000000000001));
#4520=VECTOR('',#5292,1.0);
#4521=CARTESIAN_POINT('',(2.4003,0.1016,-0.508000000000001));
#4522=CARTESIAN_POINT('',(2.0447,0.1016,-0.508000000000001));
#4523=VECTOR('',#5293,1.0);
#4524=CARTESIAN_POINT('',(2.4003,0.6,-0.508000000000001));
#4525=VECTOR('',#5294,1.0);
#4526=COLOUR_RGB('',0.705882370471954,0.705882370471954,0.705882370471954);
#4527=CARTESIAN_POINT('',(2.0447,0.1016,0.507999999999999));
#4528=CARTESIAN_POINT('',(2.0447,0.1016,0.507999999999999));
#4529=VECTOR('',#5295,1.0);
#4530=CARTESIAN_POINT('',(2.0447,-0.1524,0.761999999999996));
#4531=AXIS2_PLACEMENT_3D('',#5296,#5297,#5298);
#4532=CARTESIAN_POINT('',(2.0447,-0.1524,2.9845));
#4533=CARTESIAN_POINT('',(2.0447,-0.1524,2.9845));
#4534=VECTOR('',#5299,1.0);
#4535=CARTESIAN_POINT('',(2.0447,0.1016,2.9845));
#4536=CARTESIAN_POINT('',(2.0447,0.1016,2.9845));
#4537=VECTOR('',#5300,1.0);
#4538=CARTESIAN_POINT('',(2.0447,0.1016,0.888999999999999));
#4539=CARTESIAN_POINT('',(2.0447,0.1016,2.9845));
#4540=VECTOR('',#5301,1.0);
#4541=CARTESIAN_POINT('',(2.0447,0.2286,0.761999999999999));
#4542=AXIS2_PLACEMENT_3D('',#5302,#5303,#5304);
#4543=CARTESIAN_POINT('',(2.0447,0.762,0.762));
#4544=VECTOR('',#5305,1.0);
#4545=COLOUR_RGB('',0.705882370471954,0.705882370471954,0.705882370471954);
#4546=CARTESIAN_POINT('',(2.4003,0.2286,0.761999999999999));
#4547=CARTESIAN_POINT('',(2.4003,0.762,0.762));
#4548=VECTOR('',#5306,1.0);
#4549=CARTESIAN_POINT('',(2.4003,0.1016,0.888999999999999));
#4550=AXIS2_PLACEMENT_3D('',#5307,#5308,#5309);
#4551=CARTESIAN_POINT('',(2.4003,0.1016,2.9845));
#4552=CARTESIAN_POINT('',(2.4003,0.1016,2.9845));
#4553=VECTOR('',#5310,1.0);
#4554=CARTESIAN_POINT('',(2.4003,-0.1524,2.9845));
#4555=CARTESIAN_POINT('',(2.4003,0.1016,2.9845));
#4556=VECTOR('',#5311,1.0);
#4557=CARTESIAN_POINT('',(2.4003,-0.1524,0.761999999999996));
#4558=CARTESIAN_POINT('',(2.4003,-0.1524,2.9845));
#4559=VECTOR('',#5312,1.0);
#4560=CARTESIAN_POINT('',(2.4003,0.1016,0.507999999999999));
#4561=AXIS2_PLACEMENT_3D('',#5313,#5314,#5315);
#4562=CARTESIAN_POINT('',(2.4003,0.1016,0.507999999999999));
#4563=VECTOR('',#5316,1.0);
#4564=COLOUR_RGB('',0.705882370471954,0.705882370471954,0.705882370471954);
#4565=CARTESIAN_POINT('',(2.4003,-0.1524,-0.762000000000001));
#4566=AXIS2_PLACEMENT_3D('',#5317,#5318,#5319);
#4567=CARTESIAN_POINT('',(2.4003,-0.1524,-2.9845));
#4568=CARTESIAN_POINT('',(2.4003,-0.1524,-0.762000000000001));
#4569=VECTOR('',#5320,1.0);
#4570=CARTESIAN_POINT('',(2.4003,0.1016,-2.9845));
#4571=CARTESIAN_POINT('',(2.4003,-0.1524,-2.9845));
#4572=VECTOR('',#5321,1.0);
#4573=CARTESIAN_POINT('',(2.4003,0.1016,-0.889000000000002));
#4574=CARTESIAN_POINT('',(2.4003,0.1016,-2.9845));
#4575=VECTOR('',#5322,1.0);
#4576=CARTESIAN_POINT('',(2.4003,0.2286,-0.762000000000001));
#4577=AXIS2_PLACEMENT_3D('',#5323,#5324,#5325);
#4578=CARTESIAN_POINT('',(2.4003,0.2286,-0.762000000000001));
#4579=VECTOR('',#5326,1.0);
#4580=COLOUR_RGB('',0.705882370471954,0.705882370471954,0.705882370471954);
#4581=CARTESIAN_POINT('',(2.0447,0.1016,0.507999999999999));
#4582=VECTOR('',#5327,1.0);
#4583=COLOUR_RGB('',0.705882370471954,0.705882370471954,0.705882370471954);
#4584=CARTESIAN_POINT('',(2.0447,0.1016,0.888999999999999));
#4585=VECTOR('',#5328,1.0);
#4586=CARTESIAN_POINT('',(2.0447,0.1016,2.9845));
#4587=VECTOR('',#5329,1.0);
#4588=COLOUR_RGB('',0.705882370471954,0.705882370471954,0.705882370471954);
#4589=CARTESIAN_POINT('',(2.0447,0.2286,0.761999999999999));
#4590=VECTOR('',#5330,1.0);
#4591=COLOUR_RGB('',0.705882370471954,0.705882370471954,0.705882370471954);
#4592=COLOUR_RGB('',0.705882370471954,0.705882370471954,0.705882370471954);
#4593=CARTESIAN_POINT('',(2.0447,0.2286,-0.762000000000001));
#4594=CARTESIAN_POINT('',(2.0447,0.2286,-0.762000000000001));
#4595=VECTOR('',#5331,1.0);
#4596=CARTESIAN_POINT('',(2.0447,0.2286,-0.762000000000001));
#4597=VECTOR('',#5332,1.0);
#4598=COLOUR_RGB('',0.705882370471954,0.705882370471954,0.705882370471954);
#4599=CARTESIAN_POINT('',(2.0447,0.1016,-0.889000000000002));
#4600=CARTESIAN_POINT('',(2.0447,0.1016,-0.889000000000002));
#4601=VECTOR('',#5333,1.0);
#4602=AXIS2_PLACEMENT_3D('',#5334,#5335,#5336);
#4603=COLOUR_RGB('',0.705882370471954,0.705882370471954,0.705882370471954);
#4604=CARTESIAN_POINT('',(2.0447,0.1016,-2.9845));
#4605=CARTESIAN_POINT('',(2.0447,0.1016,-2.9845));
#4606=VECTOR('',#5337,1.0);
#4607=CARTESIAN_POINT('',(2.0447,0.1016,-2.9845));
#4608=VECTOR('',#5338,1.0);
#4609=COLOUR_RGB('',0.705882370471954,0.705882370471954,0.705882370471954);
#4610=CARTESIAN_POINT('',(2.0447,-0.1524,-2.9845));
#4611=CARTESIAN_POINT('',(2.0447,-0.1524,-2.9845));
#4612=VECTOR('',#5339,1.0);
#4613=CARTESIAN_POINT('',(2.0447,-0.1524,-2.9845));
#4614=VECTOR('',#5340,1.0);
#4615=COLOUR_RGB('',0.705882370471954,0.705882370471954,0.705882370471954);
#4616=CARTESIAN_POINT('',(2.0447,-0.1524,-0.762000000000001));
#4617=CARTESIAN_POINT('',(2.0447,-0.1524,-0.762000000000001));
#4618=VECTOR('',#5341,1.0);
#4619=CARTESIAN_POINT('',(2.0447,-0.1524,-0.762000000000001));
#4620=VECTOR('',#5342,1.0);
#4621=COLOUR_RGB('',0.705882370471954,0.705882370471954,0.705882370471954);
#4622=AXIS2_PLACEMENT_3D('',#5343,#5344,#5345);
#4623=COLOUR_RGB('',0.705882370471954,0.705882370471954,0.705882370471954);
#4624=CARTESIAN_POINT('',(2.0447,-0.1524,0.761999999999996));
#4625=VECTOR('',#5346,1.0);
#4626=COLOUR_RGB('',0.705882370471954,0.705882370471954,0.705882370471954);
#4627=CARTESIAN_POINT('',(2.0447,-0.1524,2.9845));
#4628=VECTOR('',#5347,1.0);
#4629=COLOUR_RGB('',0.705882370471954,0.705882370471954,0.705882370471954);
#4630=COLOUR_RGB('',0.705882370471954,0.705882370471954,0.705882370471954);
#4631=COLOUR_RGB('',0.196078434586525,0.196078434586525,0.196078434586525);
#4632=CARTESIAN_POINT('',(7.62,-0.508,0.635));
#4633=AXIS2_PLACEMENT_3D('',#5348,#5349,#5350);
#4634=AXIS2_PLACEMENT_3D('',#5351,#5352,#5353);
#4635=COLOUR_RGB('',0.196078434586525,0.196078434586525,0.196078434586525);
#4636=AXIS2_PLACEMENT_3D('',#5354,#5355,#5356);
#4637=COLOUR_RGB('',0.196078434586525,0.196078434586525,0.196078434586525);
#4638=CARTESIAN_POINT('',(6.985,1.74965632802372E-16,-2.8575));
#4639=CARTESIAN_POINT('',(6.985,0.0,3.44495482487717E-17));
#4640=VECTOR('',#5357,1.0);
#4641=CARTESIAN_POINT('',(7.62,1.74965632802372E-16,-2.8575));
#4642=CARTESIAN_POINT('',(7.62,1.74965632802372E-16,-2.8575));
#4643=VECTOR('',#5358,1.0);
#4644=CARTESIAN_POINT('',(8.255,1.36084381068512E-16,-2.2225));
#4645=CARTESIAN_POINT('',(8.255,1.36084381068512E-16,-2.2225));
#4646=VECTOR('',#5359,1.0);
#4647=CARTESIAN_POINT('',(8.255,0.0,0.0));
#4648=VECTOR('',#5360,1.0);
#4649=COLOUR_RGB('',0.196078434586525,0.196078434586525,0.196078434586525);
#4650=CARTESIAN_POINT('',(8.255,-1.36084381068512E-16,2.2225));
#4651=CARTESIAN_POINT('',(8.255,0.0,0.0));
#4652=VECTOR('',#5361,1.0);
#4653=CARTESIAN_POINT('',(7.62,-1.74965632802372E-16,2.8575));
#4654=CARTESIAN_POINT('',(8.255,-1.36084381068512E-16,2.2225));
#4655=VECTOR('',#5362,1.0);
#4656=CARTESIAN_POINT('',(6.985,-1.74965632802372E-16,2.8575));
#4657=CARTESIAN_POINT('',(7.62,-1.74965632802372E-16,2.8575));
#4658=VECTOR('',#5363,1.0);
#4659=CARTESIAN_POINT('',(6.985,0.0,3.44495482487717E-17));
#4660=VECTOR('',#5364,1.0);
#4661=COLOUR_RGB('',0.196078434586525,0.196078434586525,0.196078434586525);
#4662=CARTESIAN_POINT('',(0.635,-0.508,0.635));
#4663=AXIS2_PLACEMENT_3D('',#5365,#5366,#5367);
#4664=AXIS2_PLACEMENT_3D('',#5368,#5369,#5370);
#4665=COLOUR_RGB('',0.196078434586525,0.196078434586525,0.196078434586525);
#4666=AXIS2_PLACEMENT_3D('',#5371,#5372,#5373);
#4667=COLOUR_RGB('',0.196078434586525,0.196078434586525,0.196078434586525);
#4668=CARTESIAN_POINT('',(0.0,1.74965632802372E-16,-2.8575));
#4669=CARTESIAN_POINT('',(-5.24896898407117E-16,-1.74965632802372E-16,2.8575));
#4670=VECTOR('',#5374,1.0);
#4671=CARTESIAN_POINT('',(1.27,1.74965632802372E-16,-2.8575));
#4672=CARTESIAN_POINT('',(7.62,1.74965632802372E-16,-2.8575));
#4673=VECTOR('',#5375,1.0);
#4674=CARTESIAN_POINT('',(1.27,0.0,3.44495482487717E-17));
#4675=VECTOR('',#5376,1.0);
#4676=COLOUR_RGB('',0.196078434586525,0.196078434586525,0.196078434586525);
#4677=CARTESIAN_POINT('',(1.27,-1.74965632802372E-16,2.8575));
#4678=CARTESIAN_POINT('',(1.27,0.0,3.44495482487717E-17));
#4679=VECTOR('',#5377,1.0);
#4680=CARTESIAN_POINT('',(-8.88178419700125E-16,-1.74965632802372E-16,2.8575));
#4681=CARTESIAN_POINT('',(7.62,-1.74965632802372E-16,2.8575));
#4682=VECTOR('',#5378,1.0);
#4683=CARTESIAN_POINT('',(-5.24896898407117E-16,-1.74965632802372E-16,2.8575));
#4684=VECTOR('',#5379,1.0);
#4685=COLOUR_RGB('',0.196078434586525,0.196078434586525,0.196078434586525);
#4686=CARTESIAN_POINT('',(6.985,5.207,-1.7145));
#4687=CARTESIAN_POINT('',(6.985,5.588,-2.0955));
#4688=CARTESIAN_POINT('',(6.985,4.62915,-1.13665));
#4689=VECTOR('',#5380,1.0);
#4690=CARTESIAN_POINT('',(7.366,5.588,-2.0955));
#4691=CARTESIAN_POINT('',(6.56166666666667,4.78366666666667,-1.29116666666667));
#4692=VECTOR('',#5381,1.0);
#4693=CARTESIAN_POINT('',(6.13172536884945,5.588,-2.0955));
#4694=VECTOR('',#5382,1.0);
#4695=COLOUR_RGB('',0.196078434586525,0.196078434586525,0.196078434586525);
#4696=CARTESIAN_POINT('',(0.889099999999999,5.5879,1.3335));
#4697=CARTESIAN_POINT('',(1.27,5.2069,0.9526));
#4698=CARTESIAN_POINT('',(1.39976666666667,5.07723333333333,0.822933333333334));
#4699=VECTOR('',#5383,1.0);
#4700=CARTESIAN_POINT('',(0.888999999999999,5.588,2.0955));
#4701=CARTESIAN_POINT('',(0.888999999999998,5.588,-1.42875));
#4702=VECTOR('',#5384,1.0);
#4703=CARTESIAN_POINT('',(1.27,5.207,1.7145));
#4704=CARTESIAN_POINT('',(1.69333333333333,4.78366666666667,1.29116666666667));
#4705=VECTOR('',#5385,1.0);
#4706=CARTESIAN_POINT('',(1.27,5.207,-1.42875));
#4707=VECTOR('',#5386,1.0);
#4708=COLOUR_RGB('',0.196078434586525,0.196078434586525,0.196078434586525);
#4709=CARTESIAN_POINT('',(1.27,5.2069,-0.9526));
#4710=CARTESIAN_POINT('',(0.889099999999999,5.5879,-1.3335));
#4711=CARTESIAN_POINT('',(0.447266666666666,6.02973333333333,-1.77543333333333));
#4712=VECTOR('',#5387,1.0);
#4713=CARTESIAN_POINT('',(1.27,5.207,-1.7145));
#4714=CARTESIAN_POINT('',(1.27,5.207,-1.42875));
#4715=VECTOR('',#5388,1.0);
#4716=CARTESIAN_POINT('',(0.888999999999999,5.588,-2.0955));
#4717=CARTESIAN_POINT('',(2.11666666666666,4.36033333333333,-0.867833333333333));
#4718=VECTOR('',#5389,1.0);
#4719=CARTESIAN_POINT('',(0.888999999999998,5.588,-1.42875));
#4720=VECTOR('',#5390,1.0);
#4721=COLOUR_RGB('',0.196078434586525,0.196078434586525,0.196078434586525);
#4722=CARTESIAN_POINT('',(6.985,5.2069,0.952600000000001));
#4723=CARTESIAN_POINT('',(7.3659,5.5879,1.3335));
#4724=CARTESIAN_POINT('',(6.09856666666667,4.32056666666667,0.0662666666666667));
#4725=VECTOR('',#5391,1.0);
#4726=CARTESIAN_POINT('',(6.985,5.207,1.7145));
#4727=CARTESIAN_POINT('',(6.985,5.207,0.0));
#4728=VECTOR('',#5392,1.0);
#4729=CARTESIAN_POINT('',(7.366,5.588,2.0955));
#4730=CARTESIAN_POINT('',(6.13833333333333,4.36033333333333,0.867833333333333));
#4731=VECTOR('',#5393,1.0);
#4732=CARTESIAN_POINT('',(7.366,5.588,1.42875));
#4733=VECTOR('',#5394,1.0);
#4734=COLOUR_RGB('',0.196078434586525,0.196078434586525,0.196078434586525);
#4735=CARTESIAN_POINT('',(4.191,5.588,-2.0955));
#4736=CARTESIAN_POINT('',(4.191,5.207,-1.7145));
#4737=CARTESIAN_POINT('',(4.191,4.9387125,-1.4462125));
#4738=VECTOR('',#5395,1.0);
#4739=CARTESIAN_POINT('',(6.13172536884945,5.588,-2.0955));
#4740=VECTOR('',#5396,1.0);
#4741=CARTESIAN_POINT('',(4.1275,5.207,-1.7145));
#4742=VECTOR('',#5397,1.0);
#4743=COLOUR_RGB('',0.196078434586525,0.196078434586525,0.196078434586525);
#4744=CARTESIAN_POINT('',(7.3659,5.5879,-1.3335));
#4745=CARTESIAN_POINT('',(6.985,5.2069,-0.9526));
#4746=CARTESIAN_POINT('',(5.14606666666667,3.36806666666667,0.886233333333333));
#4747=VECTOR('',#5398,1.0);
#4748=CARTESIAN_POINT('',(7.366,5.588,1.42875));
#4749=VECTOR('',#5399,1.0);
#4750=CARTESIAN_POINT('',(6.985,5.207,0.0));
#4751=VECTOR('',#5400,1.0);
#4752=COLOUR_RGB('',0.196078434586525,0.196078434586525,0.196078434586525);
#4753=CARTESIAN_POINT('',(2.00422536884945,5.588,2.0955));
#4754=VECTOR('',#5401,1.0);
#4755=CARTESIAN_POINT('',(4.1275,5.207,1.7145));
#4756=VECTOR('',#5402,1.0);
#4757=COLOUR_RGB('',0.196078434586525,0.196078434586525,0.196078434586525);
#4758=CARTESIAN_POINT('',(1.22475942961661E-16,5.5879,-1.3335));
#4759=CARTESIAN_POINT('',(-1.0,5.5878,-1.3335));
#4760=VECTOR('',#5403,1.0);
#4761=CARTESIAN_POINT('',(0.0,5.2068,-0.9525));
#4762=CARTESIAN_POINT('',(0.0,4.1194125,0.1348875));
#4763=VECTOR('',#5404,1.0);
#4764=CARTESIAN_POINT('',(-1.0,5.2068,-0.9525));
#4765=VECTOR('',#5405,1.0);
#4766=COLOUR_RGB('',0.196078434586525,0.196078434586525,0.196078434586525);
#4767=CARTESIAN_POINT('',(8.255,5.2068,-0.9525));
#4768=CARTESIAN_POINT('',(-1.0,5.2068,-0.9525));
#4769=VECTOR('',#5406,1.0);
#4770=CARTESIAN_POINT('',(8.255,5.5879,-1.3335));
#4771=CARTESIAN_POINT('',(8.255,3.4844125,0.7698875));
#4772=VECTOR('',#5407,1.0);
#4773=CARTESIAN_POINT('',(1.50422536884945,5.588,-1.3335));
#4774=VECTOR('',#5408,1.0);
#4775=COLOUR_RGB('',0.196078434586525,0.196078434586525,0.196078434586525);
#4776=CARTESIAN_POINT('',(0.0,5.2068,0.9525));
#4777=CARTESIAN_POINT('',(-1.0,5.2068,0.9525));
#4778=VECTOR('',#5409,1.0);
#4779=CARTESIAN_POINT('',(-1.2247594296166E-16,5.5879,1.3335));
#4780=CARTESIAN_POINT('',(5.55111512312578E-17,3.4050375,-0.849262499999999));
#4781=VECTOR('',#5410,1.0);
#4782=CARTESIAN_POINT('',(1.50422536884945,5.588,1.3335));
#4783=VECTOR('',#5411,1.0);
#4784=COLOUR_RGB('',0.196078434586525,0.196078434586525,0.196078434586525);
#4785=CARTESIAN_POINT('',(1.27,3.1496,-0.9525));
#4786=CARTESIAN_POINT('',(1.27,4.20365,-0.9525));
#4787=VECTOR('',#5412,1.0);
#4788=CARTESIAN_POINT('',(1.27,3.1496,0.9525));
#4789=CARTESIAN_POINT('',(1.27,3.1496,0.238125));
#4790=VECTOR('',#5413,1.0);
#4791=CARTESIAN_POINT('',(1.27,4.20365,0.9525));
#4792=VECTOR('',#5414,1.0);
#4793=CARTESIAN_POINT('',(1.27,1.4351,1.7145));
#4794=CARTESIAN_POINT('',(1.27,4.2291,1.7145));
#4795=VECTOR('',#5415,1.0);
#4796=CARTESIAN_POINT('',(1.27,1.4351,-1.7145));
#4797=CARTESIAN_POINT('',(1.27,1.4351,0.0));
#4798=VECTOR('',#5416,1.0);
#4799=CARTESIAN_POINT('',(1.27,4.2291,-1.7145));
#4800=VECTOR('',#5417,1.0);
#4801=COLOUR_RGB('',0.196078434586525,0.196078434586525,0.196078434586525);
#4802=CARTESIAN_POINT('',(6.985,1.4351,1.7145));
#4803=CARTESIAN_POINT('',(6.985,4.2291,1.7145));
#4804=VECTOR('',#5418,1.0);
#4805=CARTESIAN_POINT('',(4.1275,1.4351,1.7145));
#4806=VECTOR('',#5419,1.0);
#4807=COLOUR_RGB('',0.196078434586525,0.196078434586525,0.196078434586525);
#4808=CARTESIAN_POINT('',(6.985,5.588,-2.2225));
#4809=CARTESIAN_POINT('',(6.985,5.588,-0.619125));
#4810=VECTOR('',#5420,1.0);
#4811=CARTESIAN_POINT('',(6.985,1.4351,-2.2225));
#4812=CARTESIAN_POINT('',(6.985,4.2291,-2.2225));
#4813=VECTOR('',#5421,1.0);
#4814=CARTESIAN_POINT('',(6.985,1.4351,0.0));
#4815=VECTOR('',#5422,1.0);
#4816=CARTESIAN_POINT('',(6.985,3.1496,0.9525));
#4817=CARTESIAN_POINT('',(6.985,4.20365,0.952500000000001));
#4818=VECTOR('',#5423,1.0);
#4819=CARTESIAN_POINT('',(6.985,3.1496,-0.9525));
#4820=CARTESIAN_POINT('',(6.985,3.1496,0.238125));
#4821=VECTOR('',#5424,1.0);
#4822=CARTESIAN_POINT('',(6.985,4.20365,-0.9525));
#4823=VECTOR('',#5425,1.0);
#4824=COLOUR_RGB('',0.196078434586525,0.196078434586525,0.196078434586525);
#4825=CARTESIAN_POINT('',(8.255,5.5879,1.3335));
#4826=CARTESIAN_POINT('',(-1.0,5.5878,1.3335));
#4827=VECTOR('',#5426,1.0);
#4828=CARTESIAN_POINT('',(8.255,5.2068,0.952500000000001));
#4829=CARTESIAN_POINT('',(8.255,4.0400375,-0.214262499999999));
#4830=VECTOR('',#5427,1.0);
#4831=CARTESIAN_POINT('',(-1.0,5.2068,0.9525));
#4832=VECTOR('',#5428,1.0);
#4833=COLOUR_RGB('',0.196078434586525,0.196078434586525,0.196078434586525);
#4834=CARTESIAN_POINT('',(4.191,5.588,-2.2225));
#4835=CARTESIAN_POINT('',(4.79822536884945,5.588,-2.2225));
#4836=VECTOR('',#5429,1.0);
#4837=CARTESIAN_POINT('',(4.191,1.4351,-2.2225));
#4838=CARTESIAN_POINT('',(4.191,4.2291,-2.2225));
#4839=VECTOR('',#5430,1.0);
#4840=CARTESIAN_POINT('',(5.588,1.4351,-2.2225));
#4841=VECTOR('',#5431,1.0);
#4842=COLOUR_RGB('',0.196078434586525,0.196078434586525,0.196078434586525);
#4843=CARTESIAN_POINT('',(4.191,1.4351,-1.7145));
#4844=CARTESIAN_POINT('',(4.191,4.2291,-1.7145));
#4845=VECTOR('',#5432,1.0);
#4846=CARTESIAN_POINT('',(4.191,1.4351,-1.23825));
#4847=VECTOR('',#5433,1.0);
#4848=CARTESIAN_POINT('',(4.191,5.588,-0.619125));
#4849=VECTOR('',#5434,1.0);
#4850=COLOUR_RGB('',0.196078434586525,0.196078434586525,0.196078434586525);
#4851=CARTESIAN_POINT('',(8.255,5.588,-2.2225));
#4852=CARTESIAN_POINT('',(8.255,5.588,3.42155015257972E-16));
#4853=VECTOR('',#5435,1.0);
#4854=CARTESIAN_POINT('',(7.62,5.588,-2.8575));
#4855=CARTESIAN_POINT('',(8.255,5.588,-2.2225));
#4856=VECTOR('',#5436,1.0);
#4857=CARTESIAN_POINT('',(0.0,5.588,-2.8575));
#4858=CARTESIAN_POINT('',(7.62,5.588,-2.8575));
#4859=VECTOR('',#5437,1.0);
#4860=CARTESIAN_POINT('',(-5.24896898407117E-16,5.588,2.8575));
#4861=VECTOR('',#5438,1.0);
#4862=COLOUR_RGB('',0.196078434586525,0.196078434586525,0.196078434586525);
#4863=CARTESIAN_POINT('',(4.1275,1.4351,-1.7145));
#4864=VECTOR('',#5439,1.0);
#4865=COLOUR_RGB('',0.196078434586525,0.196078434586525,0.196078434586525);
#4866=CARTESIAN_POINT('',(8.255,3.1496,0.952500000000001));
#4867=CARTESIAN_POINT('',(8.255,2.0891,0.952500000000001));
#4868=VECTOR('',#5440,1.0);
#4869=CARTESIAN_POINT('',(-1.0,3.1496,0.9525));
#4870=VECTOR('',#5441,1.0);
#4871=COLOUR_RGB('',0.196078434586525,0.196078434586525,0.196078434586525);
#4872=CARTESIAN_POINT('',(8.255,3.1496,-0.952499999999999));
#4873=CARTESIAN_POINT('',(8.255,3.1496,0.79375));
#4874=VECTOR('',#5442,1.0);
#4875=CARTESIAN_POINT('',(-1.0,3.1496,-0.9525));
#4876=VECTOR('',#5443,1.0);
#4877=COLOUR_RGB('',0.196078434586525,0.196078434586525,0.196078434586525);
#4878=CARTESIAN_POINT('',(8.255,2.0891,-0.952499999999999));
#4879=VECTOR('',#5444,1.0);
#4880=COLOUR_RGB('',0.196078434586525,0.196078434586525,0.196078434586525);
#4881=CARTESIAN_POINT('',(0.0,3.1496,-0.9525));
#4882=CARTESIAN_POINT('',(-1.0,3.1496,-0.9525));
#4883=VECTOR('',#5445,1.0);
#4884=CARTESIAN_POINT('',(0.0,3.1496,0.9525));
#4885=CARTESIAN_POINT('',(0.0,3.1496,-0.47625));
#4886=VECTOR('',#5446,1.0);
#4887=CARTESIAN_POINT('',(-1.0,3.1496,0.9525));
#4888=VECTOR('',#5447,1.0);
#4889=COLOUR_RGB('',0.196078434586525,0.196078434586525,0.196078434586525);
#4890=CARTESIAN_POINT('',(0.0,2.0891,0.9525));
#4891=VECTOR('',#5448,1.0);
#4892=COLOUR_RGB('',0.196078434586525,0.196078434586525,0.196078434586525);
#4893=CARTESIAN_POINT('',(0.0,2.0891,-0.9525));
#4894=VECTOR('',#5449,1.0);
#4895=COLOUR_RGB('',0.196078434586525,0.196078434586525,0.196078434586525);
#4896=CARTESIAN_POINT('',(0.0,1.74965632802372E-16,-2.8575));
#4897=VECTOR('',#5450,1.0);
#4898=CARTESIAN_POINT('',(-8.88178419700125E-16,5.588,2.8575));
#4899=CARTESIAN_POINT('',(-8.88178419700125E-16,-1.74965632802372E-16,2.8575));
#4900=VECTOR('',#5451,1.0);
#4901=CARTESIAN_POINT('',(-5.24896898407117E-16,5.588,2.8575));
#4902=VECTOR('',#5452,1.0);
#4903=COLOUR_RGB('',0.196078434586525,0.196078434586525,0.196078434586525);
#4904=CARTESIAN_POINT('',(7.62,5.588,2.8575));
#4905=CARTESIAN_POINT('',(7.62,5.588,2.8575));
#4906=VECTOR('',#5453,1.0);
#4907=CARTESIAN_POINT('',(8.255,5.588,2.2225));
#4908=CARTESIAN_POINT('',(8.255,5.588,2.2225));
#4909=VECTOR('',#5454,1.0);
#4910=CARTESIAN_POINT('',(8.255,5.588,3.42155015257972E-16));
#4911=VECTOR('',#5455,1.0);
#4912=COLOUR_RGB('',0.196078434586525,0.196078434586525,0.196078434586525);
#4913=COLOUR_RGB('',0.196078434586525,0.196078434586525,0.196078434586525);
#4914=CARTESIAN_POINT('',(1.27,1.524,-2.8575));
#4915=CARTESIAN_POINT('',(1.27,0.508,-1.0795));
#4916=VECTOR('',#5456,0.999999999999999);
#4917=CARTESIAN_POINT('',(6.985,1.524,-2.8575));
#4918=CARTESIAN_POINT('',(5.3975,1.524,-2.8575));
#4919=VECTOR('',#5457,1.0);
#4920=CARTESIAN_POINT('',(6.985,0.508,-1.0795));
#4921=VECTOR('',#5458,0.999999999999999);
#4922=COLOUR_RGB('',0.196078434586525,0.196078434586525,0.196078434586525);
#4923=CARTESIAN_POINT('',(1.27,0.00400000000000018,-2.8575));
#4924=VECTOR('',#5459,1.0);
#4925=CARTESIAN_POINT('',(1.27,1.524,2.8575));
#4926=CARTESIAN_POINT('',(1.27,0.508,1.0795));
#4927=VECTOR('',#5460,1.0);
#4928=CARTESIAN_POINT('',(1.27,0.00399999999999983,2.8575));
#4929=VECTOR('',#5461,1.0);
#4930=COLOUR_RGB('',0.196078434586525,0.196078434586525,0.196078434586525);
#4931=CARTESIAN_POINT('',(6.985,1.524,2.8575));
#4932=CARTESIAN_POINT('',(6.985,0.508,1.0795));
#4933=VECTOR('',#5462,0.999999999999999);
#4934=CARTESIAN_POINT('',(2.54,1.524,2.8575));
#4935=VECTOR('',#5463,1.0);
#4936=COLOUR_RGB('',0.196078434586525,0.196078434586525,0.196078434586525);
#4937=CARTESIAN_POINT('',(6.985,0.303254630268078,-2.8575));
#4938=VECTOR('',#5464,1.0);
#4939=CARTESIAN_POINT('',(6.985,0.303254630268078,2.8575));
#4940=VECTOR('',#5465,1.0);
#4941=COLOUR_RGB('',0.196078434586525,0.196078434586525,0.196078434586525);
#4942=CARTESIAN_POINT('',(7.62,1.74965632802372E-16,-2.8575));
#4943=VECTOR('',#5466,1.0);
#4944=COLOUR_RGB('',0.196078434586525,0.196078434586525,0.196078434586525);
#4945=CARTESIAN_POINT('',(8.255,1.36084381068512E-16,-2.2225));
#4946=VECTOR('',#5467,1.0);
#4947=COLOUR_RGB('',0.196078434586525,0.196078434586525,0.196078434586525);
#4948=CARTESIAN_POINT('',(8.255,-1.36084381068512E-16,2.2225));
#4949=VECTOR('',#5468,1.0);
#4950=COLOUR_RGB('',0.196078434586525,0.196078434586525,0.196078434586525);
#4951=CARTESIAN_POINT('',(7.62,-1.74965632802372E-16,2.8575));
#4952=VECTOR('',#5469,1.0);
#4953=COLOUR_RGB('',0.196078434586525,0.196078434586525,0.196078434586525);
#4954=DIRECTION('',(0.0,1.0,0.0));
#4955=CARTESIAN_POINT('',(0.635,-0.508,0.0));
#4956=DIRECTION('',(-0.0,1.0,0.0));
#4957=DIRECTION('',(1.0,0.0,0.0));
#4958=CARTESIAN_POINT('',(0.635,-0.508,0.0));
#4959=DIRECTION('',(-0.0,1.0,0.0));
#4960=DIRECTION('',(1.0,0.0,0.0));
#4961=DIRECTION('',(-0.0,-1.0,-0.0));
#4962=CARTESIAN_POINT('',(0.635,0.0,0.0));
#4963=DIRECTION('',(-0.0,1.0,6.12303176911189E-17));
#4964=DIRECTION('',(1.0,0.0,0.0));
#4965=DIRECTION('',(0.0,1.0,0.0));
#4966=CARTESIAN_POINT('',(7.62,-0.508,0.0));
#4967=DIRECTION('',(-0.0,1.0,0.0));
#4968=DIRECTION('',(1.0,0.0,0.0));
#4969=CARTESIAN_POINT('',(7.62,-0.508,0.0));
#4970=DIRECTION('',(-0.0,1.0,0.0));
#4971=DIRECTION('',(1.0,0.0,0.0));
#4972=DIRECTION('',(-0.0,-1.0,-0.0));
#4973=CARTESIAN_POINT('',(7.62,0.0,0.0));
#4974=DIRECTION('',(-0.0,1.0,6.12303176911189E-17));
#4975=DIRECTION('',(1.0,0.0,0.0));
#4976=DIRECTION('',(0.0,1.0,0.0));
#4977=CARTESIAN_POINT('',(2.2225,1.4351,-0.635));
#4978=DIRECTION('',(0.0,-1.0,0.0));
#4979=DIRECTION('',(1.0,0.0,0.0));
#4980=DIRECTION('',(-0.0,-1.0,-0.0));
#4981=CARTESIAN_POINT('',(2.2225,4.7625,-0.635));
#4982=DIRECTION('',(-0.0,1.0,0.0));
#4983=DIRECTION('',(1.0,0.0,0.0));
#4984=DIRECTION('',(0.0,1.0,0.0));
#4985=CARTESIAN_POINT('',(2.2225,1.4351,0.635));
#4986=DIRECTION('',(0.0,-1.0,0.0));
#4987=DIRECTION('',(1.0,0.0,0.0));
#4988=DIRECTION('',(-0.0,-1.0,-0.0));
#4989=CARTESIAN_POINT('',(2.2225,4.7625,0.635));
#4990=DIRECTION('',(-0.0,1.0,0.0));
#4991=DIRECTION('',(1.0,0.0,0.0));
#4992=DIRECTION('',(0.0,1.0,0.0));
#4993=CARTESIAN_POINT('',(3.4925,1.4351,-0.635));
#4994=DIRECTION('',(0.0,-1.0,0.0));
#4995=DIRECTION('',(1.0,0.0,0.0));
#4996=DIRECTION('',(-0.0,-1.0,-0.0));
#4997=CARTESIAN_POINT('',(3.4925,4.7625,-0.635));
#4998=DIRECTION('',(-0.0,1.0,0.0));
#4999=DIRECTION('',(1.0,0.0,0.0));
#5000=DIRECTION('',(0.0,1.0,0.0));
#5001=CARTESIAN_POINT('',(3.4925,1.4351,0.635));
#5002=DIRECTION('',(0.0,-1.0,0.0));
#5003=DIRECTION('',(1.0,0.0,0.0));
#5004=DIRECTION('',(-0.0,-1.0,-0.0));
#5005=CARTESIAN_POINT('',(3.4925,4.7625,0.635));
#5006=DIRECTION('',(-0.0,1.0,0.0));
#5007=DIRECTION('',(1.0,0.0,0.0));
#5008=DIRECTION('',(0.0,1.0,0.0));
#5009=CARTESIAN_POINT('',(4.7625,1.4351,-0.635));
#5010=DIRECTION('',(0.0,-1.0,0.0));
#5011=DIRECTION('',(1.0,0.0,0.0));
#5012=DIRECTION('',(-0.0,-1.0,-0.0));
#5013=CARTESIAN_POINT('',(4.7625,4.7625,-0.635));
#5014=DIRECTION('',(-0.0,1.0,0.0));
#5015=DIRECTION('',(1.0,0.0,0.0));
#5016=DIRECTION('',(0.0,1.0,0.0));
#5017=CARTESIAN_POINT('',(4.7625,1.4351,0.635));
#5018=DIRECTION('',(0.0,-1.0,0.0));
#5019=DIRECTION('',(1.0,0.0,0.0));
#5020=DIRECTION('',(-0.0,-1.0,-0.0));
#5021=CARTESIAN_POINT('',(4.7625,4.7625,0.635));
#5022=DIRECTION('',(-0.0,1.0,0.0));
#5023=DIRECTION('',(1.0,0.0,0.0));
#5024=DIRECTION('',(0.0,1.0,0.0));
#5025=CARTESIAN_POINT('',(6.0325,1.4351,-0.635));
#5026=DIRECTION('',(0.0,-1.0,0.0));
#5027=DIRECTION('',(1.0,0.0,0.0));
#5028=DIRECTION('',(-0.0,-1.0,-0.0));
#5029=CARTESIAN_POINT('',(6.0325,4.7625,-0.635));
#5030=DIRECTION('',(-0.0,1.0,0.0));
#5031=DIRECTION('',(1.0,0.0,0.0));
#5032=DIRECTION('',(0.0,1.0,0.0));
#5033=CARTESIAN_POINT('',(6.0325,1.4351,0.635));
#5034=DIRECTION('',(0.0,-1.0,0.0));
#5035=DIRECTION('',(1.0,0.0,0.0));
#5036=DIRECTION('',(-0.0,-1.0,-0.0));
#5037=CARTESIAN_POINT('',(6.0325,4.7625,0.635));
#5038=DIRECTION('',(-0.0,1.0,0.0));
#5039=DIRECTION('',(1.0,0.0,0.0));
#5040=CARTESIAN_POINT('',(6.0325,4.7625,0.635));
#5041=DIRECTION('',(-0.0,1.0,0.0));
#5042=DIRECTION('',(1.0,0.0,0.0));
#5043=CARTESIAN_POINT('',(6.0325,1.4351,0.635));
#5044=DIRECTION('',(0.0,-1.0,0.0));
#5045=DIRECTION('',(1.0,0.0,0.0));
#5046=CARTESIAN_POINT('',(6.0325,4.7625,-0.635));
#5047=DIRECTION('',(-0.0,1.0,0.0));
#5048=DIRECTION('',(1.0,0.0,0.0));
#5049=CARTESIAN_POINT('',(6.0325,1.4351,-0.635));
#5050=DIRECTION('',(0.0,-1.0,0.0));
#5051=DIRECTION('',(1.0,0.0,0.0));
#5052=CARTESIAN_POINT('',(4.7625,4.7625,0.635));
#5053=DIRECTION('',(-0.0,1.0,0.0));
#5054=DIRECTION('',(1.0,0.0,0.0));
#5055=CARTESIAN_POINT('',(4.7625,1.4351,0.635));
#5056=DIRECTION('',(0.0,-1.0,0.0));
#5057=DIRECTION('',(1.0,0.0,0.0));
#5058=CARTESIAN_POINT('',(4.7625,4.7625,-0.635));
#5059=DIRECTION('',(-0.0,1.0,0.0));
#5060=DIRECTION('',(1.0,0.0,0.0));
#5061=CARTESIAN_POINT('',(4.7625,1.4351,-0.635));
#5062=DIRECTION('',(0.0,-1.0,0.0));
#5063=DIRECTION('',(1.0,0.0,0.0));
#5064=CARTESIAN_POINT('',(3.4925,4.7625,0.635));
#5065=DIRECTION('',(-0.0,1.0,0.0));
#5066=DIRECTION('',(1.0,0.0,0.0));
#5067=CARTESIAN_POINT('',(3.4925,1.4351,0.635));
#5068=DIRECTION('',(0.0,-1.0,0.0));
#5069=DIRECTION('',(1.0,0.0,0.0));
#5070=CARTESIAN_POINT('',(3.4925,4.7625,-0.635));
#5071=DIRECTION('',(-0.0,1.0,0.0));
#5072=DIRECTION('',(1.0,0.0,0.0));
#5073=CARTESIAN_POINT('',(3.4925,1.4351,-0.635));
#5074=DIRECTION('',(0.0,-1.0,0.0));
#5075=DIRECTION('',(1.0,0.0,0.0));
#5076=CARTESIAN_POINT('',(2.2225,4.7625,0.635));
#5077=DIRECTION('',(-0.0,1.0,0.0));
#5078=DIRECTION('',(1.0,0.0,0.0));
#5079=CARTESIAN_POINT('',(2.2225,1.4351,0.635));
#5080=DIRECTION('',(0.0,-1.0,0.0));
#5081=DIRECTION('',(1.0,0.0,0.0));
#5082=CARTESIAN_POINT('',(2.2225,4.7625,-0.635));
#5083=DIRECTION('',(-0.0,1.0,0.0));
#5084=DIRECTION('',(1.0,0.0,0.0));
#5085=CARTESIAN_POINT('',(2.2225,1.4351,-0.635));
#5086=DIRECTION('',(0.0,-1.0,0.0));
#5087=DIRECTION('',(1.0,0.0,0.0));
#5088=DIRECTION('',(1.0,0.0,6.12303176911189E-17));
#5089=DIRECTION('',(-2.72790162543311E-32,-1.0,4.45514857393723E-16));
#5090=DIRECTION('',(1.0,0.0,6.12303176911189E-17));
#5091=DIRECTION('',(2.72790162543311E-32,1.0,-4.45514857393723E-16));
#5092=DIRECTION('',(-6.12303176911189E-17,0.0,1.0));
#5093=DIRECTION('',(0.0,1.0,0.0));
#5094=CARTESIAN_POINT('',(5.8547,0.1016,0.761999999999999));
#5095=DIRECTION('',(1.0,0.0,6.12303176911189E-17));
#5096=DIRECTION('',(6.12303176911189E-17,0.0,-1.0));
#5097=DIRECTION('',(6.12303176911189E-17,0.0,-1.0));
#5098=DIRECTION('',(0.0,-1.0,0.0));
#5099=DIRECTION('',(6.12303176911189E-17,-5.96039562254021E-17,-1.0));
#5100=CARTESIAN_POINT('',(5.8547,0.2286,0.888999999999999));
#5101=DIRECTION('',(1.0,0.0,6.12303176911189E-17));
#5102=DIRECTION('',(6.12303176911189E-17,0.0,-1.0));
#5103=DIRECTION('',(0.0,-1.0,0.0));
#5104=DIRECTION('',(6.12303176911189E-17,0.0,-1.0));
#5105=DIRECTION('',(0.0,1.0,0.0));
#5106=CARTESIAN_POINT('',(6.2103,0.2286,0.888999999999999));
#5107=DIRECTION('',(1.0,0.0,6.12303176911189E-17));
#5108=DIRECTION('',(6.12303176911189E-17,0.0,-1.0));
#5109=DIRECTION('',(6.12303176911189E-17,-5.96039562254021E-17,-1.0));
#5110=DIRECTION('',(0.0,1.0,0.0));
#5111=DIRECTION('',(-6.12303176911189E-17,0.0,1.0));
#5112=CARTESIAN_POINT('',(6.2103,0.1016,0.761999999999999));
#5113=DIRECTION('',(-1.0,-0.0,-6.12303176911189E-17));
#5114=DIRECTION('',(6.12303176911189E-17,0.0,-1.0));
#5115=DIRECTION('',(0.0,-1.0,0.0));
#5116=DIRECTION('',(6.12303176911189E-17,0.0,-1.0));
#5117=CARTESIAN_POINT('',(6.2103,0.1016,-0.762000000000001));
#5118=DIRECTION('',(-1.0,-0.0,-6.12303176911189E-17));
#5119=DIRECTION('',(6.12303176911189E-17,0.0,-1.0));
#5120=DIRECTION('',(-6.12303176911189E-17,0.0,1.0));
#5121=DIRECTION('',(0.0,-1.0,0.0));
#5122=DIRECTION('',(6.12303176911189E-17,1.32453236056449E-17,-1.0));
#5123=CARTESIAN_POINT('',(6.2103,0.2286,-0.889000000000001));
#5124=DIRECTION('',(1.0,0.0,6.12303176911189E-17));
#5125=DIRECTION('',(6.12303176911189E-17,0.0,-1.0));
#5126=DIRECTION('',(0.0,-1.0,0.0));
#5127=DIRECTION('',(-1.0,-0.0,-6.12303176911189E-17));
#5128=DIRECTION('',(1.0,0.0,6.12303176911189E-17));
#5129=DIRECTION('',(1.0,0.0,6.12303176911189E-17));
#5130=DIRECTION('',(1.0,0.0,6.12303176911189E-17));
#5131=DIRECTION('',(1.0,0.0,6.12303176911189E-17));
#5132=DIRECTION('',(1.0,0.0,6.12303176911189E-17));
#5133=DIRECTION('',(-1.0,-0.0,-6.12303176911189E-17));
#5134=DIRECTION('',(1.0,0.0,6.12303176911189E-17));
#5135=DIRECTION('',(0.0,1.0,0.0));
#5136=DIRECTION('',(1.0,0.0,6.12303176911189E-17));
#5137=CARTESIAN_POINT('',(5.8547,0.2286,-0.889000000000001));
#5138=DIRECTION('',(1.0,0.0,6.12303176911189E-17));
#5139=DIRECTION('',(6.12303176911189E-17,0.0,-1.0));
#5140=DIRECTION('',(1.0,0.0,6.12303176911189E-17));
#5141=DIRECTION('',(-6.12303176911189E-17,-1.32453236056449E-17,1.0));
#5142=DIRECTION('',(1.0,0.0,6.12303176911189E-17));
#5143=DIRECTION('',(0.0,1.0,0.0));
#5144=DIRECTION('',(1.0,0.0,6.12303176911189E-17));
#5145=DIRECTION('',(6.12303176911189E-17,0.0,-1.0));
#5146=CARTESIAN_POINT('',(5.8547,0.1016,-0.762000000000001));
#5147=DIRECTION('',(1.0,0.0,6.12303176911189E-17));
#5148=DIRECTION('',(6.12303176911189E-17,0.0,-1.0));
#5149=DIRECTION('',(1.0,0.0,6.12303176911189E-17));
#5150=DIRECTION('',(1.0,0.0,6.12303176911189E-17));
#5151=DIRECTION('',(-6.12303176911189E-17,0.0,1.0));
#5152=DIRECTION('',(1.0,0.0,6.12303176911189E-17));
#5153=DIRECTION('',(6.12303176911189E-17,0.0,-1.0));
#5154=DIRECTION('',(-1.0,-0.0,-6.12303176911189E-17));
#5155=DIRECTION('',(-6.12303176911189E-17,0.0,1.0));
#5156=DIRECTION('',(-1.0,-0.0,-6.12303176911189E-17));
#5157=DIRECTION('',(-6.12303176911189E-17,0.0,1.0));
#5158=DIRECTION('',(1.0,0.0,6.12303176911189E-17));
#5159=DIRECTION('',(6.12303176911189E-17,0.0,-1.0));
#5160=DIRECTION('',(1.0,0.0,6.12303176911189E-17));
#5161=DIRECTION('',(6.12303176911189E-17,0.0,-1.0));
#5162=DIRECTION('',(-1.0,-0.0,-6.12303176911189E-17));
#5163=DIRECTION('',(-6.12303176911189E-17,0.0,1.0));
#5164=DIRECTION('',(-1.0,-0.0,-6.12303176911189E-17));
#5165=DIRECTION('',(-6.12303176911189E-17,0.0,1.0));
#5166=DIRECTION('',(1.0,0.0,6.12303176911189E-17));
#5167=DIRECTION('',(6.12303176911189E-17,0.0,-1.0));
#5168=DIRECTION('',(1.0,0.0,1.83690953073357E-16));
#5169=DIRECTION('',(0.0,0.0,-1.0));
#5170=DIRECTION('',(-1.0,-0.0,-6.12303176911189E-17));
#5171=DIRECTION('',(0.0,0.0,-1.0));
#5172=DIRECTION('',(-1.0,-0.0,-6.12303176911189E-17));
#5173=DIRECTION('',(-6.12303176911189E-17,0.0,1.0));
#5174=DIRECTION('',(1.0,0.0,6.12303176911189E-17));
#5175=DIRECTION('',(6.12303176911189E-17,0.0,-1.0));
#5176=DIRECTION('',(1.0,0.0,6.12303176911189E-17));
#5177=DIRECTION('',(6.12303176911189E-17,0.0,-1.0));
#5178=DIRECTION('',(-1.0,-0.0,-6.12303176911189E-17));
#5179=DIRECTION('',(-6.12303176911189E-17,0.0,1.0));
#5180=DIRECTION('',(-2.72790162543311E-32,-1.0,4.45514857393723E-16));
#5181=DIRECTION('',(1.0,0.0,6.12303176911189E-17));
#5182=DIRECTION('',(2.72790162543311E-32,1.0,-4.45514857393723E-16));
#5183=DIRECTION('',(0.0,1.0,0.0));
#5184=CARTESIAN_POINT('',(4.5847,0.1016,0.761999999999999));
#5185=DIRECTION('',(1.0,0.0,6.12303176911189E-17));
#5186=DIRECTION('',(6.12303176911189E-17,0.0,-1.0));
#5187=DIRECTION('',(6.12303176911189E-17,0.0,-1.0));
#5188=DIRECTION('',(0.0,-1.0,0.0));
#5189=DIRECTION('',(6.12303176911189E-17,-5.96039562254021E-17,-1.0));
#5190=CARTESIAN_POINT('',(4.5847,0.2286,0.888999999999999));
#5191=DIRECTION('',(1.0,0.0,6.12303176911189E-17));
#5192=DIRECTION('',(6.12303176911189E-17,0.0,-1.0));
#5193=DIRECTION('',(0.0,-1.0,0.0));
#5194=DIRECTION('',(0.0,1.0,0.0));
#5195=CARTESIAN_POINT('',(4.9403,0.2286,0.888999999999999));
#5196=DIRECTION('',(1.0,0.0,6.12303176911189E-17));
#5197=DIRECTION('',(6.12303176911189E-17,0.0,-1.0));
#5198=DIRECTION('',(6.12303176911189E-17,-5.96039562254021E-17,-1.0));
#5199=DIRECTION('',(0.0,1.0,0.0));
#5200=DIRECTION('',(-6.12303176911189E-17,0.0,1.0));
#5201=CARTESIAN_POINT('',(4.9403,0.1016,0.761999999999999));
#5202=DIRECTION('',(-1.0,-0.0,-6.12303176911189E-17));
#5203=DIRECTION('',(6.12303176911189E-17,0.0,-1.0));
#5204=DIRECTION('',(0.0,-1.0,0.0));
#5205=CARTESIAN_POINT('',(4.9403,0.1016,-0.762000000000001));
#5206=DIRECTION('',(-1.0,-0.0,-6.12303176911189E-17));
#5207=DIRECTION('',(6.12303176911189E-17,0.0,-1.0));
#5208=DIRECTION('',(-6.12303176911189E-17,0.0,1.0));
#5209=DIRECTION('',(0.0,-1.0,0.0));
#5210=DIRECTION('',(6.12303176911189E-17,1.32453236056449E-17,-1.0));
#5211=CARTESIAN_POINT('',(4.9403,0.2286,-0.889000000000001));
#5212=DIRECTION('',(1.0,0.0,6.12303176911189E-17));
#5213=DIRECTION('',(6.12303176911189E-17,0.0,-1.0));
#5214=DIRECTION('',(0.0,-1.0,0.0));
#5215=DIRECTION('',(1.0,0.0,6.12303176911189E-17));
#5216=DIRECTION('',(1.0,0.0,6.12303176911189E-17));
#5217=DIRECTION('',(1.0,0.0,6.12303176911189E-17));
#5218=DIRECTION('',(1.0,0.0,6.12303176911189E-17));
#5219=DIRECTION('',(1.0,0.0,6.12303176911189E-17));
#5220=DIRECTION('',(0.0,1.0,0.0));
#5221=DIRECTION('',(1.0,0.0,6.12303176911189E-17));
#5222=CARTESIAN_POINT('',(4.5847,0.2286,-0.889000000000001));
#5223=DIRECTION('',(1.0,0.0,6.12303176911189E-17));
#5224=DIRECTION('',(6.12303176911189E-17,0.0,-1.0));
#5225=DIRECTION('',(1.0,0.0,6.12303176911189E-17));
#5226=DIRECTION('',(-6.12303176911189E-17,-1.32453236056449E-17,1.0));
#5227=DIRECTION('',(1.0,0.0,6.12303176911189E-17));
#5228=DIRECTION('',(0.0,1.0,0.0));
#5229=DIRECTION('',(1.0,0.0,6.12303176911189E-17));
#5230=DIRECTION('',(6.12303176911189E-17,0.0,-1.0));
#5231=CARTESIAN_POINT('',(4.5847,0.1016,-0.762000000000001));
#5232=DIRECTION('',(1.0,0.0,6.12303176911189E-17));
#5233=DIRECTION('',(6.12303176911189E-17,0.0,-1.0));
#5234=DIRECTION('',(1.0,0.0,6.12303176911189E-17));
#5235=DIRECTION('',(1.0,0.0,6.12303176911189E-17));
#5236=DIRECTION('',(-2.72790162543311E-32,-1.0,4.45514857393723E-16));
#5237=DIRECTION('',(1.0,0.0,6.12303176911189E-17));
#5238=DIRECTION('',(2.72790162543311E-32,1.0,-4.45514857393723E-16));
#5239=DIRECTION('',(0.0,1.0,0.0));
#5240=CARTESIAN_POINT('',(3.3147,0.1016,0.761999999999999));
#5241=DIRECTION('',(1.0,0.0,6.12303176911189E-17));
#5242=DIRECTION('',(6.12303176911189E-17,0.0,-1.0));
#5243=DIRECTION('',(6.12303176911189E-17,0.0,-1.0));
#5244=DIRECTION('',(0.0,-1.0,0.0));
#5245=DIRECTION('',(6.12303176911189E-17,-5.96039562254021E-17,-1.0));
#5246=CARTESIAN_POINT('',(3.3147,0.2286,0.888999999999999));
#5247=DIRECTION('',(1.0,0.0,6.12303176911189E-17));
#5248=DIRECTION('',(6.12303176911189E-17,0.0,-1.0));
#5249=DIRECTION('',(0.0,-1.0,0.0));
#5250=DIRECTION('',(0.0,1.0,0.0));
#5251=CARTESIAN_POINT('',(3.6703,0.2286,0.888999999999999));
#5252=DIRECTION('',(1.0,0.0,6.12303176911189E-17));
#5253=DIRECTION('',(6.12303176911189E-17,0.0,-1.0));
#5254=DIRECTION('',(6.12303176911189E-17,-5.96039562254021E-17,-1.0));
#5255=DIRECTION('',(0.0,1.0,0.0));
#5256=DIRECTION('',(-6.12303176911189E-17,0.0,1.0));
#5257=CARTESIAN_POINT('',(3.6703,0.1016,0.761999999999999));
#5258=DIRECTION('',(-1.0,-0.0,-6.12303176911189E-17));
#5259=DIRECTION('',(6.12303176911189E-17,0.0,-1.0));
#5260=DIRECTION('',(0.0,-1.0,0.0));
#5261=CARTESIAN_POINT('',(3.6703,0.1016,-0.762000000000001));
#5262=DIRECTION('',(-1.0,-0.0,-6.12303176911189E-17));
#5263=DIRECTION('',(6.12303176911189E-17,0.0,-1.0));
#5264=DIRECTION('',(-6.12303176911189E-17,0.0,1.0));
#5265=DIRECTION('',(0.0,-1.0,0.0));
#5266=DIRECTION('',(6.12303176911189E-17,1.32453236056449E-17,-1.0));
#5267=CARTESIAN_POINT('',(3.6703,0.2286,-0.889000000000001));
#5268=DIRECTION('',(1.0,0.0,6.12303176911189E-17));
#5269=DIRECTION('',(6.12303176911189E-17,0.0,-1.0));
#5270=DIRECTION('',(0.0,-1.0,0.0));
#5271=DIRECTION('',(1.0,0.0,6.12303176911189E-17));
#5272=DIRECTION('',(1.0,0.0,6.12303176911189E-17));
#5273=DIRECTION('',(1.0,0.0,6.12303176911189E-17));
#5274=DIRECTION('',(1.0,0.0,6.12303176911189E-17));
#5275=DIRECTION('',(1.0,0.0,6.12303176911189E-17));
#5276=DIRECTION('',(0.0,1.0,0.0));
#5277=DIRECTION('',(1.0,0.0,6.12303176911189E-17));
#5278=CARTESIAN_POINT('',(3.3147,0.2286,-0.889000000000001));
#5279=DIRECTION('',(1.0,0.0,6.12303176911189E-17));
#5280=DIRECTION('',(6.12303176911189E-17,0.0,-1.0));
#5281=DIRECTION('',(1.0,0.0,6.12303176911189E-17));
#5282=DIRECTION('',(-6.12303176911189E-17,-1.32453236056449E-17,1.0));
#5283=DIRECTION('',(1.0,0.0,6.12303176911189E-17));
#5284=DIRECTION('',(0.0,1.0,0.0));
#5285=DIRECTION('',(1.0,0.0,6.12303176911189E-17));
#5286=DIRECTION('',(6.12303176911189E-17,0.0,-1.0));
#5287=CARTESIAN_POINT('',(3.3147,0.1016,-0.762000000000001));
#5288=DIRECTION('',(1.0,0.0,6.12303176911189E-17));
#5289=DIRECTION('',(6.12303176911189E-17,0.0,-1.0));
#5290=DIRECTION('',(1.0,0.0,6.12303176911189E-17));
#5291=DIRECTION('',(1.0,0.0,6.12303176911189E-17));
#5292=DIRECTION('',(-2.72790162543311E-32,-1.0,4.45514857393723E-16));
#5293=DIRECTION('',(1.0,0.0,6.12303176911189E-17));
#5294=DIRECTION('',(2.72790162543311E-32,1.0,-4.45514857393723E-16));
#5295=DIRECTION('',(0.0,1.0,0.0));
#5296=CARTESIAN_POINT('',(2.0447,0.1016,0.761999999999999));
#5297=DIRECTION('',(1.0,0.0,6.12303176911189E-17));
#5298=DIRECTION('',(6.12303176911189E-17,0.0,-1.0));
#5299=DIRECTION('',(6.12303176911189E-17,0.0,-1.0));
#5300=DIRECTION('',(0.0,-1.0,0.0));
#5301=DIRECTION('',(6.12303176911189E-17,-5.96039562254021E-17,-1.0));
#5302=CARTESIAN_POINT('',(2.0447,0.2286,0.888999999999999));
#5303=DIRECTION('',(1.0,0.0,6.12303176911189E-17));
#5304=DIRECTION('',(6.12303176911189E-17,0.0,-1.0));
#5305=DIRECTION('',(0.0,-1.0,0.0));
#5306=DIRECTION('',(0.0,1.0,0.0));
#5307=CARTESIAN_POINT('',(2.4003,0.2286,0.888999999999999));
#5308=DIRECTION('',(1.0,0.0,6.12303176911189E-17));
#5309=DIRECTION('',(6.12303176911189E-17,0.0,-1.0));
#5310=DIRECTION('',(6.12303176911189E-17,-5.96039562254021E-17,-1.0));
#5311=DIRECTION('',(0.0,1.0,0.0));
#5312=DIRECTION('',(-6.12303176911189E-17,0.0,1.0));
#5313=CARTESIAN_POINT('',(2.4003,0.1016,0.761999999999999));
#5314=DIRECTION('',(-1.0,-0.0,-6.12303176911189E-17));
#5315=DIRECTION('',(6.12303176911189E-17,0.0,-1.0));
#5316=DIRECTION('',(0.0,-1.0,0.0));
#5317=CARTESIAN_POINT('',(2.4003,0.1016,-0.762000000000001));
#5318=DIRECTION('',(-1.0,-0.0,-6.12303176911189E-17));
#5319=DIRECTION('',(6.12303176911189E-17,0.0,-1.0));
#5320=DIRECTION('',(-6.12303176911189E-17,0.0,1.0));
#5321=DIRECTION('',(0.0,-1.0,0.0));
#5322=DIRECTION('',(6.12303176911189E-17,1.32453236056449E-17,-1.0));
#5323=CARTESIAN_POINT('',(2.4003,0.2286,-0.889000000000001));
#5324=DIRECTION('',(1.0,0.0,6.12303176911189E-17));
#5325=DIRECTION('',(6.12303176911189E-17,0.0,-1.0));
#5326=DIRECTION('',(0.0,-1.0,0.0));
#5327=DIRECTION('',(1.0,0.0,6.12303176911189E-17));
#5328=DIRECTION('',(1.0,0.0,6.12303176911189E-17));
#5329=DIRECTION('',(1.0,0.0,6.12303176911189E-17));
#5330=DIRECTION('',(1.0,0.0,6.12303176911189E-17));
#5331=DIRECTION('',(1.0,0.0,6.12303176911189E-17));
#5332=DIRECTION('',(0.0,1.0,0.0));
#5333=DIRECTION('',(1.0,0.0,6.12303176911189E-17));
#5334=CARTESIAN_POINT('',(2.0447,0.2286,-0.889000000000001));
#5335=DIRECTION('',(1.0,0.0,6.12303176911189E-17));
#5336=DIRECTION('',(6.12303176911189E-17,0.0,-1.0));
#5337=DIRECTION('',(1.0,0.0,6.12303176911189E-17));
#5338=DIRECTION('',(-6.12303176911189E-17,-1.32453236056449E-17,1.0));
#5339=DIRECTION('',(1.0,0.0,6.12303176911189E-17));
#5340=DIRECTION('',(0.0,1.0,0.0));
#5341=DIRECTION('',(1.0,0.0,6.12303176911189E-17));
#5342=DIRECTION('',(6.12303176911189E-17,0.0,-1.0));
#5343=CARTESIAN_POINT('',(2.0447,0.1016,-0.762000000000001));
#5344=DIRECTION('',(1.0,0.0,6.12303176911189E-17));
#5345=DIRECTION('',(6.12303176911189E-17,0.0,-1.0));
#5346=DIRECTION('',(1.0,0.0,6.12303176911189E-17));
#5347=DIRECTION('',(1.0,0.0,6.12303176911189E-17));
#5348=CARTESIAN_POINT('',(7.62,-0.508,0.0));
#5349=DIRECTION('',(-0.0,1.0,0.0));
#5350=DIRECTION('',(1.0,0.0,0.0));
#5351=CARTESIAN_POINT('',(7.62,-0.508,0.0));
#5352=DIRECTION('',(-0.0,1.0,0.0));
#5353=DIRECTION('',(1.0,0.0,0.0));
#5354=CARTESIAN_POINT('',(7.62,0.0,0.0));
#5355=DIRECTION('',(-0.0,1.0,6.12303176911189E-17));
#5356=DIRECTION('',(1.0,0.0,0.0));
#5357=DIRECTION('',(0.0,6.12303176911189E-17,-1.0));
#5358=DIRECTION('',(-1.0,7.13693527619876E-33,-1.16558847729675E-16));
#5359=DIRECTION('',(-0.707106781186548,4.32963728535968E-17,-0.707106781186548));
#5360=DIRECTION('',(0.0,6.12303176911189E-17,-1.0));
#5361=DIRECTION('',(0.0,6.12303176911189E-17,-1.0));
#5362=DIRECTION('',(-0.707106781186548,-4.32963728535967E-17,0.707106781186547));
#5363=DIRECTION('',(-1.0,-7.13693527619876E-33,1.16558847729675E-16));
#5364=DIRECTION('',(0.0,6.12303176911189E-17,-1.0));
#5365=CARTESIAN_POINT('',(0.635,-0.508,0.0));
#5366=DIRECTION('',(-0.0,1.0,0.0));
#5367=DIRECTION('',(1.0,0.0,0.0));
#5368=CARTESIAN_POINT('',(0.635,-0.508,0.0));
#5369=DIRECTION('',(-0.0,1.0,0.0));
#5370=DIRECTION('',(1.0,0.0,0.0));
#5371=CARTESIAN_POINT('',(0.635,0.0,0.0));
#5372=DIRECTION('',(-0.0,1.0,6.12303176911189E-17));
#5373=DIRECTION('',(1.0,0.0,0.0));
#5374=DIRECTION('',(1.83690953073357E-16,6.12303176911189E-17,-1.0));
#5375=DIRECTION('',(-1.0,7.13693527619876E-33,-1.16558847729675E-16));
#5376=DIRECTION('',(0.0,-6.12303176911189E-17,1.0));
#5377=DIRECTION('',(0.0,-6.12303176911189E-17,1.0));
#5378=DIRECTION('',(-1.0,-7.13693527619876E-33,1.16558847729675E-16));
#5379=DIRECTION('',(1.83690953073357E-16,6.12303176911189E-17,-1.0));
#5380=DIRECTION('',(0.0,0.707106781186548,-0.707106781186548));
#5381=DIRECTION('',(0.577350269189626,0.577350269189626,-0.577350269189626));
#5382=DIRECTION('',(1.0,-3.74915180455534E-33,6.12303176911189E-17));
#5383=DIRECTION('',(0.577350269189626,-0.577350269189626,-0.577350269189626));
#5384=DIRECTION('',(6.12303176911189E-17,6.12303176911189E-17,-1.0));
#5385=DIRECTION('',(0.577350269189626,-0.577350269189626,-0.577350269189626));
#5386=DIRECTION('',(0.0,-1.22460635382238E-16,1.0));
#5387=DIRECTION('',(-0.577350269189626,0.577350269189626,-0.577350269189626));
#5388=DIRECTION('',(0.0,-1.22460635382238E-16,1.0));
#5389=DIRECTION('',(-0.577350269189626,0.577350269189626,-0.577350269189626));
#5390=DIRECTION('',(6.12303176911189E-17,6.12303176911189E-17,-1.0));
#5391=DIRECTION('',(0.577350269189626,0.577350269189626,0.577350269189626));
#5392=DIRECTION('',(0.0,0.0,-1.0));
#5393=DIRECTION('',(0.577350269189626,0.577350269189626,0.577350269189626));
#5394=DIRECTION('',(-6.12303176911189E-17,-6.12303176911189E-17,1.0));
#5395=DIRECTION('',(0.0,-0.707106781186548,0.707106781186548));
#5396=DIRECTION('',(1.0,-3.74915180455534E-33,6.12303176911189E-17));
#5397=DIRECTION('',(-1.0,0.0,0.0));
#5398=DIRECTION('',(-0.577350269189626,-0.577350269189626,0.577350269189626));
#5399=DIRECTION('',(-6.12303176911189E-17,-6.12303176911189E-17,1.0));
#5400=DIRECTION('',(0.0,0.0,-1.0));
#5401=DIRECTION('',(-1.0,-3.74915180455534E-33,6.12303176911189E-17));
#5402=DIRECTION('',(1.0,0.0,0.0));
#5403=DIRECTION('',(1.0,0.0,6.12303176911189E-17));
#5404=DIRECTION('',(0.0,0.707106781186548,-0.707106781186547));
#5405=DIRECTION('',(1.0,0.0,6.12303176911189E-17));
#5406=DIRECTION('',(1.0,0.0,6.12303176911189E-17));
#5407=DIRECTION('',(0.0,-0.707106781186548,0.707106781186547));
#5408=DIRECTION('',(1.0,-3.74915180455534E-33,6.12303176911189E-17));
#5409=DIRECTION('',(1.0,0.0,6.12303176911189E-17));
#5410=DIRECTION('',(-0.0,-0.707106781186548,-0.707106781186547));
#5411=DIRECTION('',(-1.0,3.74915180455534E-33,-6.12303176911189E-17));
#5412=DIRECTION('',(0.0,-1.0,5.39676757060644E-17));
#5413=DIRECTION('',(-0.0,1.22460635382238E-16,1.0));
#5414=DIRECTION('',(-0.0,1.0,5.39676757060644E-17));
#5415=DIRECTION('',(0.0,-1.0,0.0));
#5416=DIRECTION('',(0.0,0.0,-1.0));
#5417=DIRECTION('',(0.0,1.0,0.0));
#5418=DIRECTION('',(0.0,1.0,0.0));
#5419=DIRECTION('',(1.0,0.0,0.0));
#5420=DIRECTION('',(0.0,-6.12303176911189E-17,1.0));
#5421=DIRECTION('',(0.0,-1.0,0.0));
#5422=DIRECTION('',(0.0,0.0,-1.0));
#5423=DIRECTION('',(-0.0,-1.0,-5.39676757060644E-17));
#5424=DIRECTION('',(-0.0,-1.22460635382238E-16,-1.0));
#5425=DIRECTION('',(0.0,1.0,-5.39676757060644E-17));
#5426=DIRECTION('',(1.0,0.0,6.12303176911189E-17));
#5427=DIRECTION('',(-0.0,0.707106781186548,0.707106781186547));
#5428=DIRECTION('',(1.0,0.0,6.12303176911189E-17));
#5429=DIRECTION('',(1.0,0.0,0.0));
#5430=DIRECTION('',(0.0,1.0,0.0));
#5431=DIRECTION('',(-1.0,0.0,0.0));
#5432=DIRECTION('',(0.0,1.0,0.0));
#5433=DIRECTION('',(0.0,0.0,-1.0));
#5434=DIRECTION('',(0.0,6.12303176911189E-17,-1.0));
#5435=DIRECTION('',(-0.0,-6.12303176911189E-17,1.0));
#5436=DIRECTION('',(0.707106781186548,-4.32963728535968E-17,0.707106781186548));
#5437=DIRECTION('',(1.0,-7.13693527619876E-33,1.16558847729675E-16));
#5438=DIRECTION('',(1.83690953073357E-16,6.12303176911189E-17,-1.0));
#5439=DIRECTION('',(-1.0,0.0,0.0));
#5440=DIRECTION('',(-0.0,1.0,5.39676757060644E-17));
#5441=DIRECTION('',(1.0,0.0,6.12303176911189E-17));
#5442=DIRECTION('',(-0.0,1.22460635382238E-16,1.0));
#5443=DIRECTION('',(1.0,0.0,6.12303176911189E-17));
#5444=DIRECTION('',(0.0,-1.0,5.39676757060644E-17));
#5445=DIRECTION('',(1.0,0.0,6.12303176911189E-17));
#5446=DIRECTION('',(-0.0,-1.22460635382238E-16,-1.0));
#5447=DIRECTION('',(1.0,0.0,6.12303176911189E-17));
#5448=DIRECTION('',(-0.0,-1.0,-5.39676757060644E-17));
#5449=DIRECTION('',(0.0,1.0,-5.39676757060644E-17));
#5450=DIRECTION('',(0.0,1.0,6.12303176911189E-17));
#5451=DIRECTION('',(0.0,1.0,6.12303176911189E-17));
#5452=DIRECTION('',(1.83690953073357E-16,6.12303176911189E-17,-1.0));
#5453=DIRECTION('',(-1.0,-7.13693527619876E-33,1.16558847729675E-16));
#5454=DIRECTION('',(-0.707106781186548,-4.32963728535967E-17,0.707106781186547));
#5455=DIRECTION('',(-0.0,-6.12303176911189E-17,1.0));
#5456=DIRECTION('',(-1.59488410276248E-16,-0.496138938356834,0.868243142124459));
#5457=DIRECTION('',(-1.0,0.0,-1.16558847729675E-16));
#5458=DIRECTION('',(1.59488410276248E-16,0.496138938356834,-0.868243142124459));
#5459=DIRECTION('',(0.0,-1.0,-6.12303176911189E-17));
#5460=DIRECTION('',(-5.31628034254159E-17,0.496138938356834,0.868243142124459));
#5461=DIRECTION('',(-0.0,1.0,6.12303176911189E-17));
#5462=DIRECTION('',(5.31628034254159E-17,-0.496138938356834,-0.868243142124459));
#5463=DIRECTION('',(1.0,0.0,-1.16558847729675E-16));
#5464=DIRECTION('',(-1.1247455413666E-32,1.0,6.12303176911189E-17));
#5465=DIRECTION('',(3.74915180455534E-33,-1.0,-6.12303176911189E-17));
#5466=DIRECTION('',(0.0,1.0,6.12303176911189E-17));
#5467=DIRECTION('',(0.0,1.0,6.12303176911189E-17));
#5468=DIRECTION('',(0.0,1.0,6.12303176911189E-17));
#5469=DIRECTION('',(0.0,1.0,6.12303176911189E-17));
ENDSEC;
END-ISO-10303-21;
