ISO-10303-21;
HEADER;
FILE_DESCRIPTION (( 'STEP AP214' ),
    '1' );
FILE_NAME ('HCMA1305-5R6-R.STEP',
    '2025-01-08T10:37:38',
    ( '' ),
    ( '' ),
    'SwSTEP 2.0',
    'SolidWorks 2021',
    '' );
FILE_SCHEMA (( 'AUTOMOTIVE_DESIGN' ));
ENDSEC;

DATA;
#1 = EDGE_LOOP ( 'NONE', ( #1340, #929, #563, #667 ) ) ;
#2 = MECHANICAL_DESIGN_GEOMETRIC_PRESENTATION_REPRESENTATION (  '', ( #683 ), #1298 ) ;
#3 = MECHANICAL_DESIGN_GEOMETRIC_PRESENTATION_REPRESENTATION (  '', ( #1324 ), #1044 ) ;
#4 = SURFACE_STYLE_USAGE ( .BOTH. , #107 ) ;
#5 = SURFACE_SIDE_STYLE ('',( #1444 ) ) ;
#6 = FACE_OUTER_BOUND ( 'NONE', #590, .T. ) ;
#7 = PLANE ( 'NONE',  #1496 ) ;
#8 =( NAMED_UNIT ( * ) PLANE_ANGLE_UNIT ( ) SI_UNIT ( $, .RADIAN. ) );
#9 = ORIENTED_EDGE ( 'NONE', *, *, #1461, .F. ) ;
#10 = VERTEX_POINT ( 'NONE', #437 ) ;
#11 = FACE_OUTER_BOUND ( 'NONE', #1123, .T. ) ;
#12 = PRODUCT_DEFINITION_FORMATION_WITH_SPECIFIED_SOURCE ( 'ANY', '', #821, .NOT_KNOWN. ) ;
#13 = VECTOR ( 'NONE', #597, 1000.000000000000000 ) ;
#14 = CARTESIAN_POINT ( 'NONE',  ( 6.100000000000001421, -6.100000000000000533, 4.450000000000000178 ) ) ;
#15 = STYLED_ITEM ( 'NONE', ( #1137 ), #427 ) ;
#16 = ORIENTED_EDGE ( 'NONE', *, *, #32, .T. ) ;
#17 =( LENGTH_UNIT ( ) NAMED_UNIT ( * ) SI_UNIT ( .MILLI., .METRE. ) );
#18 = VECTOR ( 'NONE', #284, 1000.000000000000000 ) ;
#19 = VECTOR ( 'NONE', #21, 1000.000000000000000 ) ;
#20 = PRESENTATION_LAYER_ASSIGNMENT (  '', '', ( #1324 ) ) ;
#21 = DIRECTION ( 'NONE',  ( 1.000000000000000000, 0.000000000000000000, 0.000000000000000000 ) ) ;
#22 = FILL_AREA_STYLE_COLOUR ( '', #1113 ) ;
#23 = LINE ( 'NONE', #510, #959 ) ;
#24 = VERTEX_POINT ( 'NONE', #915 ) ;
#25 =( LENGTH_UNIT ( ) NAMED_UNIT ( * ) SI_UNIT ( .MILLI., .METRE. ) );
#26 = ORIENTED_EDGE ( 'NONE', *, *, #1075, .F. ) ;
#27 = CARTESIAN_POINT ( 'NONE',  ( -3.749999999999999112, 2.750000000000000000, 4.450000000000000178 ) ) ;
#28 = ADVANCED_FACE ( 'NONE', ( #84 ), #1410, .F. ) ;
#29 = EDGE_CURVE ( 'NONE', #1129, #803, #322, .T. ) ;
#30 = CARTESIAN_POINT ( 'NONE',  ( -6.650000000000000355, 2.000000000000000000, 4.750000000000000000 ) ) ;
#31 = EDGE_LOOP ( 'NONE', ( #706, #1214, #659, #293 ) ) ;
#32 = EDGE_CURVE ( 'NONE', #1509, #1361, #969, .T. ) ;
#33 = ORIENTED_EDGE ( 'NONE', *, *, #942, .F. ) ;
#34 = CARTESIAN_POINT ( 'NONE',  ( -6.099999999999998757, 2.750000000000000000, 4.200000000000000178 ) ) ;
#35 = CARTESIAN_POINT ( 'NONE',  ( -6.099999999999998757, -1.749999999999999778, 2.474999999999999645 ) ) ;
#36 = ORIENTED_EDGE ( 'NONE', *, *, #1075, .T. ) ;
#37 = SURFACE_STYLE_FILL_AREA ( #643 ) ;
#38 = PRESENTATION_LAYER_ASSIGNMENT (  '', '', ( #115 ) ) ;
#39 = ORIENTED_EDGE ( 'NONE', *, *, #1326, .T. ) ;
#40 = VECTOR ( 'NONE', #819, 1000.000000000000000 ) ;
#41 =( NAMED_UNIT ( * ) PLANE_ANGLE_UNIT ( ) SI_UNIT ( $, .RADIAN. ) );
#42 = LINE ( 'NONE', #529, #684 ) ;
#43 = VECTOR ( 'NONE', #1485, 1000.000000000000114 ) ;
#44 = FACE_OUTER_BOUND ( 'NONE', #1192, .T. ) ;
#45 = LINE ( 'NONE', #641, #1299 ) ;
#46 = ORIENTED_EDGE ( 'NONE', *, *, #964, .F. ) ;
#47 = DIRECTION ( 'NONE',  ( 1.000000000000000000, -0.000000000000000000, -0.000000000000000000 ) ) ;
#48 = ORIENTED_EDGE ( 'NONE', *, *, #724, .T. ) ;
#49 = EDGE_CURVE ( 'NONE', #527, #1063, #1338, .T. ) ;
#50 = LINE ( 'NONE', #57, #980 ) ;
#51 = SURFACE_SIDE_STYLE ('',( #295 ) ) ;
#52 = SURFACE_STYLE_USAGE ( .BOTH. , #1291 ) ;
#53 = PLANE ( 'NONE',  #226 ) ;
#54 = DIRECTION ( 'NONE',  ( 0.000000000000000000, -1.000000000000000000, 0.000000000000000000 ) ) ;
#55 = ORIENTED_EDGE ( 'NONE', *, *, #515, .F. ) ;
#56 = ORIENTED_EDGE ( 'NONE', *, *, #1071, .F. ) ;
#57 = CARTESIAN_POINT ( 'NONE',  ( -5.039339828220177786, 1.250000000000000222, 1.975000000000000089 ) ) ;
#58 = PRESENTATION_LAYER_ASSIGNMENT (  '', '', ( #1488 ) ) ;
#59 = LINE ( 'NONE', #1138, #708 ) ;
#60 = LINE ( 'NONE', #896, #729 ) ;
#61 = DIRECTION ( 'NONE',  ( 1.000000000000000000, 0.000000000000000000, -0.000000000000000000 ) ) ;
#62 = ORIENTED_EDGE ( 'NONE', *, *, #1501, .F. ) ;
#63 = DIRECTION ( 'NONE',  ( 0.000000000000000000, 0.000000000000000000, 1.000000000000000000 ) ) ;
#64 = ORIENTED_EDGE ( 'NONE', *, *, #1326, .F. ) ;
#65 = EDGE_CURVE ( 'NONE', #1077, #876, #1465, .T. ) ;
#66 = AXIS2_PLACEMENT_3D ( 'NONE', #34, #402, #129 ) ;
#67 = DIRECTION ( 'NONE',  ( -4.886545002751570905E-16, 0.000000000000000000, 1.000000000000000000 ) ) ;
#68 = VECTOR ( 'NONE', #1378, 1000.000000000000114 ) ;
#69 = DIRECTION ( 'NONE',  ( 0.000000000000000000, 0.000000000000000000, -1.000000000000000000 ) ) ;
#70 = CARTESIAN_POINT ( 'NONE',  ( 5.900000000000000355, 5.899999999999999467, 0.000000000000000000 ) ) ;
#71 = AXIS2_PLACEMENT_3D ( 'NONE', #1252, #54, #163 ) ;
#72 = LINE ( 'NONE', #898, #957 ) ;
#73 = EDGE_LOOP ( 'NONE', ( #442, #1442, #499, #534 ) ) ;
#74 = EDGE_LOOP ( 'NONE', ( #1348, #678, #33, #940 ) ) ;
#75 = FILL_AREA_STYLE ('',( #1193 ) ) ;
#76 = EDGE_LOOP ( 'NONE', ( #1012, #883, #1515, #463 ) ) ;
#77 = EDGE_CURVE ( 'NONE', #795, #149, #1328, .T. ) ;
#78 = UNCERTAINTY_MEASURE_WITH_UNIT (LENGTH_MEASURE( 1.000000000000000082E-05 ), #1130, 'distance_accuracy_value', 'NONE');
#79 = DIRECTION ( 'NONE',  ( 0.000000000000000000, 0.000000000000000000, 1.000000000000000000 ) ) ;
#80 = CARTESIAN_POINT ( 'NONE',  ( 0.000000000000000000, 2.000000000000000000, 2.725000000000000089 ) ) ;
#81 =( NAMED_UNIT ( * ) SI_UNIT ( $, .STERADIAN. ) SOLID_ANGLE_UNIT ( ) );
#82 = EDGE_CURVE ( 'NONE', #527, #947, #1572, .T. ) ;
#83 = SURFACE_STYLE_USAGE ( .BOTH. , #313 ) ;
#84 = FACE_OUTER_BOUND ( 'NONE', #1407, .T. ) ;
#85 = CARTESIAN_POINT ( 'NONE',  ( -6.099999999999998757, 6.100000000000000533, 4.450000000000000178 ) ) ;
#86 = ORIENTED_EDGE ( 'NONE', *, *, #549, .F. ) ;
#87 = EDGE_CURVE ( 'NONE', #1032, #414, #850, .T. ) ;
#88 = CARTESIAN_POINT ( 'NONE',  ( 6.650000000000000355, 2.000000000000000000, 1.975000000000000089 ) ) ;
#89 = DIRECTION ( 'NONE',  ( -1.000000000000000000, 0.000000000000000000, 0.000000000000000000 ) ) ;
#90 = PRESENTATION_LAYER_ASSIGNMENT (  '', '', ( #1441 ) ) ;
#91 = CARTESIAN_POINT ( 'NONE',  ( -5.039339828220177786, 2.000000000000000000, 2.725000000000000089 ) ) ;
#92 = ORIENTED_EDGE ( 'NONE', *, *, #541, .F. ) ;
#93 = DIRECTION ( 'NONE',  ( -0.000000000000000000, 1.000000000000000000, 0.000000000000000000 ) ) ;
#94 = ORIENTED_EDGE ( 'NONE', *, *, #245, .F. ) ;
#95 = DIRECTION ( 'NONE',  ( -0.000000000000000000, 0.7071067811865475727, 0.7071067811865475727 ) ) ;
#96 = MECHANICAL_DESIGN_GEOMETRIC_PRESENTATION_REPRESENTATION (  '', ( #1551 ), #299 ) ;
#97 = DIRECTION ( 'NONE',  ( -0.000000000000000000, -1.000000000000000000, -0.000000000000000000 ) ) ;
#98 =( GEOMETRIC_REPRESENTATION_CONTEXT ( 3 ) GLOBAL_UNCERTAINTY_ASSIGNED_CONTEXT ( ( #1413 ) ) GLOBAL_UNIT_ASSIGNED_CONTEXT ( ( #480, #8, #1459 ) ) REPRESENTATION_CONTEXT ( 'NONE', 'WORKASPACE' ) );
#99 = ORIENTED_EDGE ( 'NONE', *, *, #65, .F. ) ;
#100 = LINE ( 'NONE', #1068, #40 ) ;
#101 = VECTOR ( 'NONE', #461, 1000.000000000000000 ) ;
#102 = ORIENTED_EDGE ( 'NONE', *, *, #737, .T. ) ;
#103 = EDGE_CURVE ( 'NONE', #681, #1312, #1319, .T. ) ;
#104 = LINE ( 'NONE', #960, #424 ) ;
#105 = DIRECTION ( 'NONE',  ( -4.886545002751570905E-16, 0.000000000000000000, 1.000000000000000000 ) ) ;
#106 = ORIENTED_EDGE ( 'NONE', *, *, #1003, .F. ) ;
#107 = SURFACE_SIDE_STYLE ('',( #1189 ) ) ;
#108 = CARTESIAN_POINT ( 'NONE',  ( -6.650000000000000355, 2.000000000000000000, 2.725000000000000089 ) ) ;
#109 = CARTESIAN_POINT ( 'NONE',  ( 3.999999999999999112, 2.500000000000000000, 4.200000000000000178 ) ) ;
#110 = LINE ( 'NONE', #477, #1118 ) ;
#111 = CARTESIAN_POINT ( 'NONE',  ( -6.099999999999998757, -6.100000000000000533, 4.450000000000000178 ) ) ;
#112 = ORIENTED_EDGE ( 'NONE', *, *, #990, .T. ) ;
#113 = FACE_OUTER_BOUND ( 'NONE', #1571, .T. ) ;
#114 = CARTESIAN_POINT ( 'NONE',  ( -3.999999999999999112, -2.500000000000000000, 4.200000000000000178 ) ) ;
#115 = STYLED_ITEM ( 'NONE', ( #611 ), #365 ) ;
#116 = LINE ( 'NONE', #1437, #1172 ) ;
#117 = VECTOR ( 'NONE', #1402, 1000.000000000000000 ) ;
#118 = LINE ( 'NONE', #14, #773 ) ;
#119 = CARTESIAN_POINT ( 'NONE',  ( -6.150000000000000355, 2.000000000000000000, 4.249999999999999112 ) ) ;
#120 = VECTOR ( 'NONE', #1349, 1000.000000000000114 ) ;
#121 = EDGE_LOOP ( 'NONE', ( #399, #522, #993, #470 ) ) ;
#122 = VECTOR ( 'NONE', #914, 1000.000000000000000 ) ;
#123 = VECTOR ( 'NONE', #1384, 1000.000000000000000 ) ;
#124 = ADVANCED_FACE ( 'NONE', ( #469 ), #727, .F. ) ;
#125 = CARTESIAN_POINT ( 'NONE',  ( -6.099999999999998757, -6.100000000000000533, 4.450000000000000178 ) ) ;
#126 = DIRECTION ( 'NONE',  ( -1.000000000000000000, 0.000000000000000000, 0.000000000000000000 ) ) ;
#127 = ADVANCED_FACE ( 'NONE', ( #1213 ), #857, .T. ) ;
#128 = VERTEX_POINT ( 'NONE', #243 ) ;
#129 = DIRECTION ( 'NONE',  ( 0.000000000000000000, 0.000000000000000000, -1.000000000000000000 ) ) ;
#130 = CARTESIAN_POINT ( 'NONE',  ( 3.999999999999999112, -2.750000000000000000, 4.450000000000000178 ) ) ;
#131 = EDGE_LOOP ( 'NONE', ( #167, #1405, #978, #26 ) ) ;
#132 = FACE_OUTER_BOUND ( 'NONE', #560, .T. ) ;
#133 = COLOUR_RGB ( '',0.2509803921568627416, 0.2509803921568627416, 0.2509803921568627416 ) ;
#134 = EDGE_CURVE ( 'NONE', #364, #492, #588, .T. ) ;
#135 = VECTOR ( 'NONE', #105, 1000.000000000000000 ) ;
#136 = FACE_OUTER_BOUND ( 'NONE', #841, .T. ) ;
#137 = COLOUR_RGB ( '',0.7960784313725489669, 0.8235294117647058432, 0.9372549019607843146 ) ;
#138 = CARTESIAN_POINT ( 'NONE',  ( -6.100000000000001421, 2.000000000000000000, 1.975000000000000089 ) ) ;
#139 = EDGE_LOOP ( 'NONE', ( #610, #1533, #1307, #371, #1195, #1248 ) ) ;
#140 = AXIS2_PLACEMENT_3D ( 'NONE', #1230, #493, #941 ) ;
#141 = VECTOR ( 'NONE', #617, 1000.000000000000000 ) ;
#142 = MECHANICAL_DESIGN_GEOMETRIC_PRESENTATION_REPRESENTATION (  '', ( #1395 ), #452 ) ;
#143 = EDGE_CURVE ( 'NONE', #408, #876, #1458, .T. ) ;
#144 = CYLINDRICAL_SURFACE ( 'NONE', #249, 0.2500000000000002220 ) ;
#145 = DIRECTION ( 'NONE',  ( 0.000000000000000000, 1.000000000000000000, 0.000000000000000000 ) ) ;
#146 = LINE ( 'NONE', #1127, #547 ) ;
#147 = EDGE_CURVE ( 'NONE', #1513, #1509, #118, .T. ) ;
#148 = CARTESIAN_POINT ( 'NONE',  ( -6.650000000000000355, 2.000000000000000000, 4.750000000000000000 ) ) ;
#149 = VERTEX_POINT ( 'NONE', #826 ) ;
#150 = CARTESIAN_POINT ( 'NONE',  ( -6.099999999999998757, 6.100000000000000533, 4.450000000000000178 ) ) ;
#151 = CARTESIAN_POINT ( 'NONE',  ( 0.000000000000000000, -2.000000000000000000, 2.725000000000000089 ) ) ;
#152 = CARTESIAN_POINT ( 'NONE',  ( -6.099999999999998757, -6.100000000000000533, 4.450000000000000178 ) ) ;
#153 = PLANE ( 'NONE',  #1389 ) ;
#154 =( LENGTH_UNIT ( ) NAMED_UNIT ( * ) SI_UNIT ( .MILLI., .METRE. ) );
#155 = ORIENTED_EDGE ( 'NONE', *, *, #842, .F. ) ;
#156 = DIRECTION ( 'NONE',  ( -0.000000000000000000, -1.000000000000000000, -0.000000000000000000 ) ) ;
#157 = UNCERTAINTY_MEASURE_WITH_UNIT (LENGTH_MEASURE( 1.000000000000000082E-05 ), #1362, 'distance_accuracy_value', 'NONE');
#158 = CARTESIAN_POINT ( 'NONE',  ( 6.150000000000001243, 1.749999999999999556, 2.474999999999999645 ) ) ;
#159 = DIRECTION ( 'NONE',  ( 1.000000000000000000, 0.000000000000000000, 0.000000000000000000 ) ) ;
#160 =( NAMED_UNIT ( * ) PLANE_ANGLE_UNIT ( ) SI_UNIT ( $, .RADIAN. ) );
#161 = ADVANCED_FACE ( 'NONE', ( #1098 ), #7, .T. ) ;
#162 = CARTESIAN_POINT ( 'NONE',  ( 3.999999999999999112, 2.500000000000000000, 4.200000000000000178 ) ) ;
#163 = DIRECTION ( 'NONE',  ( 0.000000000000000000, -0.000000000000000000, -1.000000000000000000 ) ) ;
#164 = ORIENTED_EDGE ( 'NONE', *, *, #971, .F. ) ;
#165 = CARTESIAN_POINT ( 'NONE',  ( 5.039339828220180451, 2.000000000000000000, 2.725000000000000089 ) ) ;
#166 = STYLED_ITEM ( 'NONE', ( #281 ), #161 ) ;
#167 = ORIENTED_EDGE ( 'NONE', *, *, #357, .T. ) ;
#168 = VECTOR ( 'NONE', #1344, 1000.000000000000000 ) ;
#169 = AXIS2_PLACEMENT_3D ( 'NONE', #203, #703, #796 ) ;
#170 = SURFACE_SIDE_STYLE ('',( #318 ) ) ;
#171 = VECTOR ( 'NONE', #1185, 1000.000000000000000 ) ;
#172 = LINE ( 'NONE', #434, #1010 ) ;
#173 = SURFACE_SIDE_STYLE ('',( #640 ) ) ;
#174 = CARTESIAN_POINT ( 'NONE',  ( 6.150000000000001243, 2.000000000000000000, 2.474999999999999645 ) ) ;
#175 =( NAMED_UNIT ( * ) SI_UNIT ( $, .STERADIAN. ) SOLID_ANGLE_UNIT ( ) );
#176 = ORIENTED_EDGE ( 'NONE', *, *, #919, .T. ) ;
#177 = CYLINDRICAL_SURFACE ( 'NONE', #1527, 0.2500000000000002220 ) ;
#178 = ORIENTED_EDGE ( 'NONE', *, *, #77, .F. ) ;
#179 = CARTESIAN_POINT ( 'NONE',  ( 5.039339828220180451, 1.250000000000000222, 1.975000000000000089 ) ) ;
#180 = DIRECTION ( 'NONE',  ( 1.000000000000000000, -0.000000000000000000, -0.000000000000000000 ) ) ;
#181 = FACE_OUTER_BOUND ( 'NONE', #121, .T. ) ;
#182 = DIRECTION ( 'NONE',  ( 1.000000000000000000, -0.000000000000000000, -0.000000000000000000 ) ) ;
#183 = FACE_OUTER_BOUND ( 'NONE', #1486, .T. ) ;
#184 = VERTEX_POINT ( 'NONE', #395 ) ;
#185 = CARTESIAN_POINT ( 'NONE',  ( 6.650000000000000355, -2.000000000000000000, 2.725000000000000089 ) ) ;
#186 = EDGE_LOOP ( 'NONE', ( #430, #39, #891, #1296, #192, #253 ) ) ;
#187 = FILL_AREA_STYLE ('',( #1257 ) ) ;
#188 = SURFACE_STYLE_FILL_AREA ( #214 ) ;
#189 = ORIENTED_EDGE ( 'NONE', *, *, #1055, .T. ) ;
#190 = ORIENTED_EDGE ( 'NONE', *, *, #134, .F. ) ;
#191 = MANIFOLD_SOLID_BREP ( 'Fillet1', #923 ) ;
#192 = ORIENTED_EDGE ( 'NONE', *, *, #664, .T. ) ;
#193 = VECTOR ( 'NONE', #1079, 1000.000000000000000 ) ;
#194 = DIRECTION ( 'NONE',  ( 0.000000000000000000, 1.000000000000000000, 0.000000000000000000 ) ) ;
#195 = EDGE_CURVE ( 'NONE', #283, #1289, #1251, .T. ) ;
#196 = VECTOR ( 'NONE', #1507, 1000.000000000000000 ) ;
#197 =( NAMED_UNIT ( * ) PLANE_ANGLE_UNIT ( ) SI_UNIT ( $, .RADIAN. ) );
#198 = VECTOR ( 'NONE', #1456, 1000.000000000000000 ) ;
#199 = PLANE ( 'NONE',  #1162 ) ;
#200 = STYLED_ITEM ( 'NONE', ( #338 ), #1517 ) ;
#201 = CARTESIAN_POINT ( 'NONE',  ( 6.100000000000001421, 2.000000000000000000, 1.975000000000000089 ) ) ;
#202 = ORIENTED_EDGE ( 'NONE', *, *, #49, .F. ) ;
#203 = CARTESIAN_POINT ( 'NONE',  ( -6.099999999999997868, 2.750000000000000000, 4.200000000000000178 ) ) ;
#204 = EDGE_CURVE ( 'NONE', #876, #492, #146, .T. ) ;
#205 = VERTEX_POINT ( 'NONE', #1484 ) ;
#206 = UNCERTAINTY_MEASURE_WITH_UNIT (LENGTH_MEASURE( 1.000000000000000082E-05 ), #804, 'distance_accuracy_value', 'NONE');
#207 = DIRECTION ( 'NONE',  ( -1.000000000000000000, 0.000000000000000000, 0.000000000000000000 ) ) ;
#208 = ADVANCED_FACE ( 'NONE', ( #44 ), #530, .T. ) ;
#209 = LINE ( 'NONE', #569, #198 ) ;
#210 = FILL_AREA_STYLE ('',( #455 ) ) ;
#211 = ORIENTED_EDGE ( 'NONE', *, *, #404, .F. ) ;
#212 = ORIENTED_EDGE ( 'NONE', *, *, #279, .F. ) ;
#213 = CARTESIAN_POINT ( 'NONE',  ( 6.100000000000001421, -6.100000000000000533, 4.450000000000000178 ) ) ;
#214 = FILL_AREA_STYLE ('',( #1164 ) ) ;
#215 = AXIS2_PLACEMENT_3D ( 'NONE', #849, #1464, #1200 ) ;
#216 = CARTESIAN_POINT ( 'NONE',  ( -6.150000000000002132, 0.1250000000000001110, 0.5999999999999998668 ) ) ;
#217 = CYLINDRICAL_SURFACE ( 'NONE', #594, 0.2500000000000002220 ) ;
#218 = ORIENTED_EDGE ( 'NONE', *, *, #147, .T. ) ;
#219 = FACE_OUTER_BOUND ( 'NONE', #886, .T. ) ;
#220 = ADVANCED_FACE ( 'NONE', ( #1491 ), #153, .F. ) ;
#221 = ORIENTED_EDGE ( 'NONE', *, *, #755, .T. ) ;
#222 = COLOUR_RGB ( '',0.7960784313725489669, 0.8235294117647058432, 0.9372549019607843146 ) ;
#223 = MECHANICAL_DESIGN_GEOMETRIC_PRESENTATION_REPRESENTATION (  '', ( #325 ), #1114 ) ;
#224 = CARTESIAN_POINT ( 'NONE',  ( 6.650000000000000355, 2.000000000000000000, 4.750000000000000000 ) ) ;
#225 = DIRECTION ( 'NONE',  ( -0.000000000000000000, -1.000000000000000000, -0.000000000000000000 ) ) ;
#226 = AXIS2_PLACEMENT_3D ( 'NONE', #1028, #776, #674 ) ;
#227 = VERTEX_POINT ( 'NONE', #335 ) ;
#228 = CARTESIAN_POINT ( 'NONE',  ( -6.150000000000001243, 2.000000000000000000, 2.474999999999999645 ) ) ;
#229 = SURFACE_SIDE_STYLE ('',( #1320 ) ) ;
#230 = MECHANICAL_DESIGN_GEOMETRIC_PRESENTATION_REPRESENTATION (  '', ( #630 ), #934 ) ;
#231 = EDGE_LOOP ( 'NONE', ( #332, #422, #728, #636 ) ) ;
#232 =( NAMED_UNIT ( * ) SI_UNIT ( $, .STERADIAN. ) SOLID_ANGLE_UNIT ( ) );
#233 = SURFACE_SIDE_STYLE ('',( #1415 ) ) ;
#234 =( NAMED_UNIT ( * ) SI_UNIT ( $, .STERADIAN. ) SOLID_ANGLE_UNIT ( ) );
#235 = CARTESIAN_POINT ( 'NONE',  ( -4.250000000000000888, 2.000000000000000000, 4.249999999999999112 ) ) ;
#236 = FILL_AREA_STYLE_COLOUR ( '', #222 ) ;
#237 = CARTESIAN_POINT ( 'NONE',  ( -6.099999999999998757, 6.100000000000000533, 0.2000000000000005107 ) ) ;
#238 = EDGE_LOOP ( 'NONE', ( #244, #852, #1286, #444 ) ) ;
#239 = CARTESIAN_POINT ( 'NONE',  ( -6.650000000000000355, -2.000000000000000000, 4.750000000000000000 ) ) ;
#240 =( LENGTH_UNIT ( ) NAMED_UNIT ( * ) SI_UNIT ( .MILLI., .METRE. ) );
#241 = CARTESIAN_POINT ( 'NONE',  ( 4.250000000000000888, 2.000000000000000000, 4.249999999999999112 ) ) ;
#242 = ORIENTED_EDGE ( 'NONE', *, *, #735, .T. ) ;
#243 = CARTESIAN_POINT ( 'NONE',  ( 6.650000000000000355, 2.000000000000000000, 2.725000000000000089 ) ) ;
#244 = ORIENTED_EDGE ( 'NONE', *, *, #724, .F. ) ;
#245 = EDGE_CURVE ( 'NONE', #1063, #1145, #1394, .T. ) ;
#246 = VECTOR ( 'NONE', #579, 1000.000000000000000 ) ;
#247 = DIRECTION ( 'NONE',  ( -1.000000000000000000, -0.000000000000000000, -0.000000000000000000 ) ) ;
#248 =( NAMED_UNIT ( * ) PLANE_ANGLE_UNIT ( ) SI_UNIT ( $, .RADIAN. ) );
#249 = AXIS2_PLACEMENT_3D ( 'NONE', #637, #887, #1380 ) ;
#250 = CARTESIAN_POINT ( 'NONE',  ( 6.099999999999997868, 2.500000000000000000, 4.200000000000000178 ) ) ;
#251 = SURFACE_SIDE_STYLE ('',( #1339 ) ) ;
#252 =( GEOMETRIC_REPRESENTATION_CONTEXT ( 3 ) GLOBAL_UNCERTAINTY_ASSIGNED_CONTEXT ( ( #206 ) ) GLOBAL_UNIT_ASSIGNED_CONTEXT ( ( #804, #827, #1170 ) ) REPRESENTATION_CONTEXT ( 'NONE', 'WORKASPACE' ) );
#253 = ORIENTED_EDGE ( 'NONE', *, *, #1454, .T. ) ;
#254 = STYLED_ITEM ( 'NONE', ( #905 ), #1304 ) ;
#255 =( NAMED_UNIT ( * ) PLANE_ANGLE_UNIT ( ) SI_UNIT ( $, .RADIAN. ) );
#256 = CARTESIAN_POINT ( 'NONE',  ( -6.150000000000000355, -2.000000000000000000, 4.249999999999999112 ) ) ;
#257 = CARTESIAN_POINT ( 'NONE',  ( -6.099999999999998757, 6.100000000000000533, 0.2000000000000005107 ) ) ;
#258 = PRODUCT_DEFINITION_CONTEXT ( 'detailed design', #1365, 'design' ) ;
#259 = ORIENTED_EDGE ( 'NONE', *, *, #549, .T. ) ;
#260 = LINE ( 'NONE', #1443, #327 ) ;
#261 = LINE ( 'NONE', #738, #1292 ) ;
#262 = CARTESIAN_POINT ( 'NONE',  ( -6.099999999999998757, 6.100000000000000533, 4.450000000000000178 ) ) ;
#263 =( NAMED_UNIT ( * ) PLANE_ANGLE_UNIT ( ) SI_UNIT ( $, .RADIAN. ) );
#264 = ORIENTED_EDGE ( 'NONE', *, *, #1426, .T. ) ;
#265 = FILL_AREA_STYLE ('',( #1308 ) ) ;
#266 = ADVANCED_FACE ( 'NONE', ( #1309 ), #199, .F. ) ;
#267 =( GEOMETRIC_REPRESENTATION_CONTEXT ( 3 ) GLOBAL_UNCERTAINTY_ASSIGNED_CONTEXT ( ( #1122 ) ) GLOBAL_UNIT_ASSIGNED_CONTEXT ( ( #557, #801, #606 ) ) REPRESENTATION_CONTEXT ( 'NONE', 'WORKASPACE' ) );
#268 =( NAMED_UNIT ( * ) SI_UNIT ( $, .STERADIAN. ) SOLID_ANGLE_UNIT ( ) );
#269 = ADVANCED_FACE ( 'NONE', ( #181 ), #686, .T. ) ;
#270 = VECTOR ( 'NONE', #1228, 1000.000000000000114 ) ;
#271 = PLANE ( 'NONE',  #605 ) ;
#272 = FILL_AREA_STYLE ('',( #22 ) ) ;
#273 = VECTOR ( 'NONE', #416, 1000.000000000000000 ) ;
#274 = PLANE ( 'NONE',  #71 ) ;
#275 = ORIENTED_EDGE ( 'NONE', *, *, #1383, .F. ) ;
#276 = FACE_OUTER_BOUND ( 'NONE', #1451, .T. ) ;
#277 = AXIS2_PLACEMENT_3D ( 'NONE', #794, #182, #545 ) ;
#278 = ORIENTED_EDGE ( 'NONE', *, *, #311, .F. ) ;
#279 = EDGE_CURVE ( 'NONE', #506, #846, #1064, .T. ) ;
#280 = DIRECTION ( 'NONE',  ( 1.000000000000000000, -0.000000000000000000, -0.000000000000000000 ) ) ;
#281 = PRESENTATION_STYLE_ASSIGNMENT (( #517 ) ) ;
#282 = DIRECTION ( 'NONE',  ( 1.000000000000000000, -0.000000000000000000, -0.000000000000000000 ) ) ;
#283 = VERTEX_POINT ( 'NONE', #537 ) ;
#284 = DIRECTION ( 'NONE',  ( 1.000000000000000000, 0.000000000000000000, 0.000000000000000000 ) ) ;
#285 = ORIENTED_EDGE ( 'NONE', *, *, #1466, .F. ) ;
#286 = CARTESIAN_POINT ( 'NONE',  ( -6.650000000000000355, -2.000000000000000000, 2.725000000000000089 ) ) ;
#287 = EDGE_CURVE ( 'NONE', #1273, #1002, #451, .T. ) ;
#288 = FILL_AREA_STYLE ('',( #486 ) ) ;
#289 = LINE ( 'NONE', #769, #1244 ) ;
#290 = VERTEX_POINT ( 'NONE', #312 ) ;
#291 = LINE ( 'NONE', #1494, #552 ) ;
#292 = UNCERTAINTY_MEASURE_WITH_UNIT (LENGTH_MEASURE( 1.000000000000000082E-05 ), #1235, 'distance_accuracy_value', 'NONE');
#293 = ORIENTED_EDGE ( 'NONE', *, *, #296, .T. ) ;
#294 = FILL_AREA_STYLE_COLOUR ( '', #1267 ) ;
#295 = SURFACE_STYLE_FILL_AREA ( #411 ) ;
#296 = EDGE_CURVE ( 'NONE', #414, #432, #1284, .T. ) ;
#297 = SURFACE_STYLE_USAGE ( .BOTH. , #758 ) ;
#298 = DIRECTION ( 'NONE',  ( 0.000000000000000000, 0.000000000000000000, -1.000000000000000000 ) ) ;
#299 =( GEOMETRIC_REPRESENTATION_CONTEXT ( 3 ) GLOBAL_UNCERTAINTY_ASSIGNED_CONTEXT ( ( #1024 ) ) GLOBAL_UNIT_ASSIGNED_CONTEXT ( ( #1352, #263, #1140 ) ) REPRESENTATION_CONTEXT ( 'NONE', 'WORKASPACE' ) );
#300 = VERTEX_POINT ( 'NONE', #922 ) ;
#301 = CARTESIAN_POINT ( 'NONE',  ( -6.150000000000000355, 2.000000000000000000, 4.249999999999999112 ) ) ;
#302 =( GEOMETRIC_REPRESENTATION_CONTEXT ( 3 ) GLOBAL_UNCERTAINTY_ASSIGNED_CONTEXT ( ( #763 ) ) GLOBAL_UNIT_ASSIGNED_CONTEXT ( ( #17, #949, #232 ) ) REPRESENTATION_CONTEXT ( 'NONE', 'WORKASPACE' ) );
#303 = VERTEX_POINT ( 'NONE', #70 ) ;
#304 = VECTOR ( 'NONE', #608, 1000.000000000000000 ) ;
#305 = CARTESIAN_POINT ( 'NONE',  ( 6.150000000000001243, -1.749999999999999778, 2.474999999999999645 ) ) ;
#306 = DIRECTION ( 'NONE',  ( 0.000000000000000000, -0.7071067811865474617, -0.7071067811865474617 ) ) ;
#307 = DIRECTION ( 'NONE',  ( -1.000000000000000000, 0.000000000000000000, -0.000000000000000000 ) ) ;
#308 = CARTESIAN_POINT ( 'NONE',  ( -6.650000000000000355, -2.000000000000000000, 4.750000000000000000 ) ) ;
#309 = ORIENTED_EDGE ( 'NONE', *, *, #541, .T. ) ;
#310 = DIRECTION ( 'NONE',  ( 1.000000000000000000, -0.000000000000000000, -0.000000000000000000 ) ) ;
#311 = EDGE_CURVE ( 'NONE', #290, #1412, #673, .T. ) ;
#312 = CARTESIAN_POINT ( 'NONE',  ( -6.650000000000000355, 1.250000000000000222, 1.975000000000000089 ) ) ;
#313 = SURFACE_SIDE_STYLE ('',( #1191 ) ) ;
#314 = ORIENTED_EDGE ( 'NONE', *, *, #515, .T. ) ;
#315 = CYLINDRICAL_SURFACE ( 'NONE', #169, 0.2500000000000002220 ) ;
#316 = ORIENTED_EDGE ( 'NONE', *, *, #1548, .T. ) ;
#317 = EDGE_CURVE ( 'NONE', #1460, #1145, #1416, .T. ) ;
#318 = SURFACE_STYLE_FILL_AREA ( #567 ) ;
#319 = DIRECTION ( 'NONE',  ( -0.000000000000000000, -0.000000000000000000, -1.000000000000000000 ) ) ;
#320 = EDGE_CURVE ( 'NONE', #300, #1473, #60, .T. ) ;
#321 = LINE ( 'NONE', #1418, #1323 ) ;
#322 = LINE ( 'NONE', #1061, #135 ) ;
#323 = ORIENTED_EDGE ( 'NONE', *, *, #82, .T. ) ;
#324 = PRESENTATION_LAYER_ASSIGNMENT (  '', '', ( #396 ) ) ;
#325 = STYLED_ITEM ( 'NONE', ( #1301 ), #593 ) ;
#326 = DIRECTION ( 'NONE',  ( -0.000000000000000000, 0.000000000000000000, 1.000000000000000000 ) ) ;
#327 = VECTOR ( 'NONE', #1481, 1000.000000000000000 ) ;
#328 = CARTESIAN_POINT ( 'NONE',  ( 3.749999999999999112, -2.750000000000000000, 4.450000000000000178 ) ) ;
#329 = COLOUR_RGB ( '',0.7960784313725489669, 0.8235294117647058432, 0.9372549019607843146 ) ;
#330 =( LENGTH_UNIT ( ) NAMED_UNIT ( * ) SI_UNIT ( .MILLI., .METRE. ) );
#331 = ORIENTED_EDGE ( 'NONE', *, *, #1427, .T. ) ;
#332 = ORIENTED_EDGE ( 'NONE', *, *, #103, .F. ) ;
#333 = SURFACE_STYLE_USAGE ( .BOTH. , #699 ) ;
#334 =( NAMED_UNIT ( * ) PLANE_ANGLE_UNIT ( ) SI_UNIT ( $, .RADIAN. ) );
#335 = CARTESIAN_POINT ( 'NONE',  ( 6.650000000000000355, -1.250000000000000222, 1.975000000000000089 ) ) ;
#336 = EDGE_CURVE ( 'NONE', #947, #1224, #592, .T. ) ;
#337 = CARTESIAN_POINT ( 'NONE',  ( -6.150000000000001243, -1.749999999999999778, 2.474999999999999645 ) ) ;
#338 = PRESENTATION_STYLE_ASSIGNMENT (( #83 ) ) ;
#339 = ORIENTED_EDGE ( 'NONE', *, *, #523, .T. ) ;
#340 = FILL_AREA_STYLE_COLOUR ( '', #1092 ) ;
#341 = VERTEX_POINT ( 'NONE', #366 ) ;
#342 = CARTESIAN_POINT ( 'NONE',  ( 6.100000000000001421, -6.100000000000000533, 0.2000000000000005107 ) ) ;
#343 = SURFACE_STYLE_USAGE ( .BOTH. , #233 ) ;
#344 = PLANE ( 'NONE',  #447 ) ;
#345 = LINE ( 'NONE', #1087, #653 ) ;
#346 = DIRECTION ( 'NONE',  ( 0.000000000000000000, 0.7071067811865475727, -0.7071067811865475727 ) ) ;
#347 = FILL_AREA_STYLE ('',( #340 ) ) ;
#348 = VERTEX_POINT ( 'NONE', #1220 ) ;
#349 = CARTESIAN_POINT ( 'NONE',  ( -3.749999999999999112, -2.750000000000000000, 4.450000000000000178 ) ) ;
#350 = MECHANICAL_DESIGN_GEOMETRIC_PRESENTATION_REPRESENTATION (  '', ( #928 ), #550 ) ;
#351 = MECHANICAL_DESIGN_GEOMETRIC_PRESENTATION_REPRESENTATION (  '', ( #1392 ), #423 ) ;
#352 = LINE ( 'NONE', #1333, #932 ) ;
#353 = VECTOR ( 'NONE', #701, 1000.000000000000114 ) ;
#354 =( NAMED_UNIT ( * ) PLANE_ANGLE_UNIT ( ) SI_UNIT ( $, .RADIAN. ) );
#355 = DIRECTION ( 'NONE',  ( 0.000000000000000000, 0.000000000000000000, -1.000000000000000000 ) ) ;
#356 = VECTOR ( 'NONE', #1260, 1000.000000000000000 ) ;
#357 = EDGE_CURVE ( 'NONE', #797, #675, #669, .T. ) ;
#358 = ORIENTED_EDGE ( 'NONE', *, *, #143, .F. ) ;
#359 = DIRECTION ( 'NONE',  ( -4.886545002751571891E-16, 0.000000000000000000, -1.000000000000000000 ) ) ;
#360 = EDGE_CURVE ( 'NONE', #996, #506, #1562, .T. ) ;
#361 = DIRECTION ( 'NONE',  ( -1.000000000000000000, 0.000000000000000000, 0.000000000000000000 ) ) ;
#362 = ORIENTED_EDGE ( 'NONE', *, *, #1258, .F. ) ;
#363 = FILL_AREA_STYLE ('',( #840 ) ) ;
#364 = VERTEX_POINT ( 'NONE', #125 ) ;
#365 = ADVANCED_FACE ( 'NONE', ( #711 ), #602, .T. ) ;
#366 = CARTESIAN_POINT ( 'NONE',  ( -6.099999999999998757, 1.250000000000000222, 1.975000000000000089 ) ) ;
#367 = LINE ( 'NONE', #848, #171 ) ;
#368 = EDGE_CURVE ( 'NONE', #1053, #911, #837, .T. ) ;
#369 = DIRECTION ( 'NONE',  ( -1.000000000000000000, 0.000000000000000000, 0.000000000000000000 ) ) ;
#370 = CARTESIAN_POINT ( 'NONE',  ( 6.100000000000001421, -6.100000000000000533, 4.450000000000000178 ) ) ;
#371 = ORIENTED_EDGE ( 'NONE', *, *, #639, .T. ) ;
#372 = SURFACE_SIDE_STYLE ('',( #1208 ) ) ;
#373 = EDGE_CURVE ( 'NONE', #967, #803, #490, .T. ) ;
#374 =( GEOMETRIC_REPRESENTATION_CONTEXT ( 3 ) GLOBAL_UNCERTAINTY_ASSIGNED_CONTEXT ( ( #400 ) ) GLOBAL_UNIT_ASSIGNED_CONTEXT ( ( #875, #160, #1374 ) ) REPRESENTATION_CONTEXT ( 'NONE', 'WORKASPACE' ) );
#375 = AXIS2_PLACEMENT_3D ( 'NONE', #88, #798, #79 ) ;
#376 = DIRECTION ( 'NONE',  ( 0.000000000000000000, -1.000000000000000000, 0.000000000000000000 ) ) ;
#377 = ORIENTED_EDGE ( 'NONE', *, *, #1171, .T. ) ;
#378 = SURFACE_STYLE_USAGE ( .BOTH. , #1106 ) ;
#379 = CARTESIAN_POINT ( 'NONE',  ( 0.000000000000000000, 2.750000000000000000, 4.200000000000000178 ) ) ;
#380 = EDGE_CURVE ( 'NONE', #1077, #303, #1096, .T. ) ;
#381 = EDGE_LOOP ( 'NONE', ( #1457, #465, #406, #99 ) ) ;
#382 = ADVANCED_FACE ( 'NONE', ( #823 ), #344, .T. ) ;
#383 = FACE_OUTER_BOUND ( 'NONE', #747, .T. ) ;
#384 = DIRECTION ( 'NONE',  ( 0.000000000000000000, 0.000000000000000000, 1.000000000000000000 ) ) ;
#385 = PRODUCT_DEFINITION ( 'UNKNOWN', '', #12, #258 ) ;
#386 = LINE ( 'NONE', #882, #528 ) ;
#387 = ORIENTED_EDGE ( 'NONE', *, *, #1153, .F. ) ;
#388 = SURFACE_STYLE_USAGE ( .BOTH. , #512 ) ;
#389 = EDGE_CURVE ( 'NONE', #1289, #492, #1372, .T. ) ;
#390 = VERTEX_POINT ( 'NONE', #158 ) ;
#391 = ADVANCED_BREP_SHAPE_REPRESENTATION ( 'HCMA1305-5R6-R', ( #191, #215 ), #267 ) ;
#392 = SURFACE_STYLE_FILL_AREA ( #988 ) ;
#393 =( BOUNDED_CURVE ( )  B_SPLINE_CURVE ( 3, ( #1474, #832, #591, #1085 ),
 .UNSPECIFIED., .F., .T. ) 
 B_SPLINE_CURVE_WITH_KNOTS ( ( 4, 4 ),
 ( 0.000000000000000000, 1.570796326794896558 ),
 .UNSPECIFIED. ) 
 CURVE ( )  GEOMETRIC_REPRESENTATION_ITEM ( )  RATIONAL_B_SPLINE_CURVE ( ( 1.000000000000000000, 0.8047378541243649375, 0.8047378541243649375, 1.000000000000000000 ) ) 
 REPRESENTATION_ITEM ( '' )  );
#394 = FACE_OUTER_BOUND ( 'NONE', #1279, .T. ) ;
#395 = CARTESIAN_POINT ( 'NONE',  ( 3.749999999999999112, 2.750000000000000000, 4.450000000000000178 ) ) ;
#396 = STYLED_ITEM ( 'NONE', ( #657 ), #220 ) ;
#397 = COLOUR_RGB ( '',0.7960784313725489669, 0.8235294117647058432, 0.9372549019607843146 ) ;
#398 = LINE ( 'NONE', #138, #1173 ) ;
#399 = ORIENTED_EDGE ( 'NONE', *, *, #1401, .T. ) ;
#400 = UNCERTAINTY_MEASURE_WITH_UNIT (LENGTH_MEASURE( 1.000000000000000082E-05 ), #875, 'distance_accuracy_value', 'NONE');
#401 = ORIENTED_EDGE ( 'NONE', *, *, #1115, .T. ) ;
#402 = DIRECTION ( 'NONE',  ( -1.000000000000000000, -0.000000000000000000, -0.000000000000000000 ) ) ;
#403 = DIRECTION ( 'NONE',  ( -1.000000000000000000, 0.000000000000000000, 0.000000000000000000 ) ) ;
#404 = EDGE_CURVE ( 'NONE', #205, #1412, #1500, .T. ) ;
#405 = FILL_AREA_STYLE ('',( #1505 ) ) ;
#406 = ORIENTED_EDGE ( 'NONE', *, *, #143, .T. ) ;
#407 = CARTESIAN_POINT ( 'NONE',  ( -6.099999999999998757, 2.000000000000000000, 2.725000000000000089 ) ) ;
#408 = VERTEX_POINT ( 'NONE', #615 ) ;
#409 = EDGE_CURVE ( 'NONE', #1273, #149, #805, .T. ) ;
#410 = DIRECTION ( 'NONE',  ( -1.000000000000000000, 0.000000000000000000, 0.000000000000000000 ) ) ;
#411 = FILL_AREA_STYLE ('',( #1382 ) ) ;
#412 = CARTESIAN_POINT ( 'NONE',  ( 6.100000000000001421, -6.100000000000000533, 0.2000000000000005107 ) ) ;
#413 = ORIENTED_EDGE ( 'NONE', *, *, #1153, .T. ) ;
#414 = VERTEX_POINT ( 'NONE', #1018 ) ;
#415 = LINE ( 'NONE', #80, #1393 ) ;
#416 = DIRECTION ( 'NONE',  ( -0.000000000000000000, -0.000000000000000000, -1.000000000000000000 ) ) ;
#417 = PRESENTATION_LAYER_ASSIGNMENT (  '', '', ( #1110 ) ) ;
#418 = CARTESIAN_POINT ( 'NONE',  ( -6.099999999999998757, -6.100000000000000533, 4.450000000000000178 ) ) ;
#419 = PRESENTATION_LAYER_ASSIGNMENT (  '', '', ( #1551 ) ) ;
#420 = ORIENTED_EDGE ( 'NONE', *, *, #1017, .F. ) ;
#421 =( GEOMETRIC_REPRESENTATION_CONTEXT ( 3 ) GLOBAL_UNCERTAINTY_ASSIGNED_CONTEXT ( ( #157 ) ) GLOBAL_UNIT_ASSIGNED_CONTEXT ( ( #1362, #1182, #904 ) ) REPRESENTATION_CONTEXT ( 'NONE', 'WORKASPACE' ) );
#422 = ORIENTED_EDGE ( 'NONE', *, *, #1283, .F. ) ;
#423 =( GEOMETRIC_REPRESENTATION_CONTEXT ( 3 ) GLOBAL_UNCERTAINTY_ASSIGNED_CONTEXT ( ( #78 ) ) GLOBAL_UNIT_ASSIGNED_CONTEXT ( ( #1130, #1247, #892 ) ) REPRESENTATION_CONTEXT ( 'NONE', 'WORKASPACE' ) );
#424 = VECTOR ( 'NONE', #943, 1000.000000000000000 ) ;
#425 = LINE ( 'NONE', #692, #1216 ) ;
#426 =( LENGTH_UNIT ( ) NAMED_UNIT ( * ) SI_UNIT ( .MILLI., .METRE. ) );
#427 = ADVANCED_FACE ( 'NONE', ( #879 ), #495, .T. ) ;
#428 = ORIENTED_EDGE ( 'NONE', *, *, #1109, .F. ) ;
#429 = SURFACE_SIDE_STYLE ('',( #570 ) ) ;
#430 = ORIENTED_EDGE ( 'NONE', *, *, #1331, .T. ) ;
#431 = DIRECTION ( 'NONE',  ( 4.886545002751570905E-16, 0.000000000000000000, 1.000000000000000000 ) ) ;
#432 = VERTEX_POINT ( 'NONE', #623 ) ;
#433 =( NAMED_UNIT ( * ) PLANE_ANGLE_UNIT ( ) SI_UNIT ( $, .RADIAN. ) );
#434 = CARTESIAN_POINT ( 'NONE',  ( 6.099999999999997868, 2.500000000000000000, 4.200000000000000178 ) ) ;
#435 = LINE ( 'NONE', #1408, #578 ) ;
#436 = DIRECTION ( 'NONE',  ( -0.000000000000000000, -1.000000000000000000, -0.000000000000000000 ) ) ;
#437 = CARTESIAN_POINT ( 'NONE',  ( 6.100000000000001421, -6.100000000000000533, 0.2000000000000005107 ) ) ;
#438 = DIRECTION ( 'NONE',  ( -1.000000000000000000, 0.000000000000000000, 0.000000000000000000 ) ) ;
#439 = ORIENTED_EDGE ( 'NONE', *, *, #644, .F. ) ;
#440 = UNCERTAINTY_MEASURE_WITH_UNIT (LENGTH_MEASURE( 1.000000000000000082E-05 ), #1082, 'distance_accuracy_value', 'NONE');
#441 = LINE ( 'NONE', #1049, #122 ) ;
#442 = ORIENTED_EDGE ( 'NONE', *, *, #320, .F. ) ;
#443 = LINE ( 'NONE', #1313, #1450 ) ;
#444 = ORIENTED_EDGE ( 'NONE', *, *, #1009, .T. ) ;
#445 = VECTOR ( 'NONE', #1089, 999.9999999999998863 ) ;
#446 = EDGE_CURVE ( 'NONE', #846, #1129, #1117, .T. ) ;
#447 = AXIS2_PLACEMENT_3D ( 'NONE', #1489, #756, #1256 ) ;
#448 = LINE ( 'NONE', #540, #117 ) ;
#449 = MECHANICAL_DESIGN_GEOMETRIC_PRESENTATION_REPRESENTATION (  '', ( #930 ), #1008 ) ;
#450 = MECHANICAL_DESIGN_GEOMETRIC_PRESENTATION_REPRESENTATION (  '', ( #254 ), #501 ) ;
#451 = LINE ( 'NONE', #1520, #1360 ) ;
#452 =( GEOMETRIC_REPRESENTATION_CONTEXT ( 3 ) GLOBAL_UNCERTAINTY_ASSIGNED_CONTEXT ( ( #682 ) ) GLOBAL_UNIT_ASSIGNED_CONTEXT ( ( #843, #334, #709 ) ) REPRESENTATION_CONTEXT ( 'NONE', 'WORKASPACE' ) );
#453 = FACE_OUTER_BOUND ( 'NONE', #582, .T. ) ;
#454 = EDGE_CURVE ( 'NONE', #815, #741, #261, .T. ) ;
#455 = FILL_AREA_STYLE_COLOUR ( '', #1000 ) ;
#456 = ORIENTED_EDGE ( 'NONE', *, *, #1350, .F. ) ;
#457 = FACE_OUTER_BOUND ( 'NONE', #736, .T. ) ;
#458 = ORIENTED_EDGE ( 'NONE', *, *, #1401, .F. ) ;
#459 = CYLINDRICAL_SURFACE ( 'NONE', #140, 0.2500000000000002220 ) ;
#460 = DIRECTION ( 'NONE',  ( 0.000000000000000000, 0.000000000000000000, -1.000000000000000000 ) ) ;
#461 = DIRECTION ( 'NONE',  ( -0.000000000000000000, -1.000000000000000000, -0.000000000000000000 ) ) ;
#462 =( NAMED_UNIT ( * ) PLANE_ANGLE_UNIT ( ) SI_UNIT ( $, .RADIAN. ) );
#463 = ORIENTED_EDGE ( 'NONE', *, *, #373, .T. ) ;
#464 = PLANE ( 'NONE',  #983 ) ;
#465 = ORIENTED_EDGE ( 'NONE', *, *, #661, .F. ) ;
#466 = DIRECTION ( 'NONE',  ( -0.000000000000000000, -0.000000000000000000, -1.000000000000000000 ) ) ;
#467 = DIRECTION ( 'NONE',  ( -0.5773502691896257311, -0.5773502691896257311, -0.5773502691896257311 ) ) ;
#468 = CARTESIAN_POINT ( 'NONE',  ( -6.099999999999998757, -6.100000000000000533, 0.2000000000000005107 ) ) ;
#469 = FACE_OUTER_BOUND ( 'NONE', #186, .T. ) ;
#470 = ORIENTED_EDGE ( 'NONE', *, *, #195, .T. ) ;
#471 = ADVANCED_FACE ( 'NONE', ( #1006 ), #144, .T. ) ;
#472 = PRESENTATION_LAYER_ASSIGNMENT (  '', '', ( #647 ) ) ;
#473 = MECHANICAL_DESIGN_GEOMETRIC_PRESENTATION_REPRESENTATION (  '', ( #830 ), #421 ) ;
#474 = FILL_AREA_STYLE ('',( #835 ) ) ;
#475 = DIRECTION ( 'NONE',  ( -0.000000000000000000, -1.000000000000000000, -0.000000000000000000 ) ) ;
#476 = COLOUR_RGB ( '',0.7960784313725489669, 0.8235294117647058432, 0.9372549019607843146 ) ;
#477 = CARTESIAN_POINT ( 'NONE',  ( -6.650000000000000355, 2.000000000000000000, 4.750000000000000000 ) ) ;
#478 = VECTOR ( 'NONE', #97, 1000.000000000000000 ) ;
#479 = CARTESIAN_POINT ( 'NONE',  ( 6.100000000000001421, 2.000000000000000000, 2.725000000000000089 ) ) ;
#480 =( LENGTH_UNIT ( ) NAMED_UNIT ( * ) SI_UNIT ( .MILLI., .METRE. ) );
#481 = COLOUR_RGB ( '',0.7960784313725489669, 0.8235294117647058432, 0.9372549019607843146 ) ;
#482 = ADVANCED_FACE ( 'NONE', ( #383 ), #742, .T. ) ;
#483 = ORIENTED_EDGE ( 'NONE', *, *, #1495, .F. ) ;
#484 = CARTESIAN_POINT ( 'NONE',  ( -4.250000000000000888, 2.000000000000000000, 4.249999999999999112 ) ) ;
#485 = DIRECTION ( 'NONE',  ( 1.000000000000000000, -0.000000000000000000, -0.000000000000000000 ) ) ;
#486 = FILL_AREA_STYLE_COLOUR ( '', #871 ) ;
#487 = FACE_OUTER_BOUND ( 'NONE', #772, .T. ) ;
#488 = ORIENTED_EDGE ( 'NONE', *, *, #639, .F. ) ;
#489 = EDGE_CURVE ( 'NONE', #10, #1077, #671, .T. ) ;
#490 = LINE ( 'NONE', #1332, #1579 ) ;
#491 = LINE ( 'NONE', #1363, #1268 ) ;
#492 = VERTEX_POINT ( 'NONE', #1154 ) ;
#493 = DIRECTION ( 'NONE',  ( 1.000000000000000000, 0.000000000000000000, 0.000000000000000000 ) ) ;
#494 = EDGE_CURVE ( 'NONE', #348, #967, #1540, .T. ) ;
#495 = PLANE ( 'NONE',  #1553 ) ;
#496 = FILL_AREA_STYLE ('',( #1250 ) ) ;
#497 = DIRECTION ( 'NONE',  ( 1.000000000000000000, 0.000000000000000000, -0.000000000000000000 ) ) ;
#498 = AXIS2_PLACEMENT_3D ( 'NONE', #1155, #646, #69 ) ;
#499 = ORIENTED_EDGE ( 'NONE', *, *, #454, .T. ) ;
#500 = LINE ( 'NONE', #576, #1039 ) ;
#501 =( GEOMETRIC_REPRESENTATION_CONTEXT ( 3 ) GLOBAL_UNCERTAINTY_ASSIGNED_CONTEXT ( ( #808 ) ) GLOBAL_UNIT_ASSIGNED_CONTEXT ( ( #785, #197, #1163 ) ) REPRESENTATION_CONTEXT ( 'NONE', 'WORKASPACE' ) );
#502 = PLANE ( 'NONE',  #809 ) ;
#503 = DIRECTION ( 'NONE',  ( -0.000000000000000000, -1.000000000000000000, -0.000000000000000000 ) ) ;
#504 = ORIENTED_EDGE ( 'NONE', *, *, #650, .T. ) ;
#505 = LINE ( 'NONE', #342, #831 ) ;
#506 = VERTEX_POINT ( 'NONE', #655 ) ;
#507 = DIRECTION ( 'NONE',  ( 0.000000000000000000, 0.7071067811865474617, -0.7071067811865474617 ) ) ;
#508 = DIRECTION ( 'NONE',  ( 1.000000000000000000, 0.000000000000000000, 0.000000000000000000 ) ) ;
#509 = FILL_AREA_STYLE_COLOUR ( '', #894 ) ;
#510 = CARTESIAN_POINT ( 'NONE',  ( -3.749999999999999112, 0.000000000000000000, 4.450000000000000178 ) ) ;
#511 = ORIENTED_EDGE ( 'NONE', *, *, #87, .F. ) ;
#512 = SURFACE_SIDE_STYLE ('',( #37 ) ) ;
#513 = MECHANICAL_DESIGN_GEOMETRIC_PRESENTATION_REPRESENTATION (  '', ( #1441 ), #1259 ) ;
#514 = ORIENTED_EDGE ( 'NONE', *, *, #1231, .F. ) ;
#515 = EDGE_CURVE ( 'NONE', #364, #1513, #1274, .T. ) ;
#516 = DIRECTION ( 'NONE',  ( 0.000000000000000000, 0.000000000000000000, -1.000000000000000000 ) ) ;
#517 = SURFACE_STYLE_USAGE ( .BOTH. , #865 ) ;
#518 = AXIS2_PLACEMENT_3D ( 'NONE', #412, #889, #775 ) ;
#519 = CARTESIAN_POINT ( 'NONE',  ( 3.999999999999999112, 2.500000000000000000, 4.346446609406726225 ) ) ;
#520 = COLOUR_RGB ( '',0.7960784313725489669, 0.8235294117647058432, 0.9372549019607843146 ) ;
#521 = CARTESIAN_POINT ( 'NONE',  ( -6.650000000000000355, -1.250000000000000222, 1.975000000000000089 ) ) ;
#522 = ORIENTED_EDGE ( 'NONE', *, *, #661, .T. ) ;
#523 = EDGE_CURVE ( 'NONE', #1322, #364, #448, .T. ) ;
#524 = VECTOR ( 'NONE', #431, 1000.000000000000000 ) ;
#525 = UNCERTAINTY_MEASURE_WITH_UNIT (LENGTH_MEASURE( 1.000000000000000082E-05 ), #25, 'distance_accuracy_value', 'NONE');
#526 = PRESENTATION_LAYER_ASSIGNMENT (  '', '', ( #1242 ) ) ;
#527 = VERTEX_POINT ( 'NONE', #554 ) ;
#528 = VECTOR ( 'NONE', #1236, 1000.000000000000114 ) ;
#529 = CARTESIAN_POINT ( 'NONE',  ( 4.250000000000000888, 2.000000000000000000, 4.750000000000000000 ) ) ;
#530 = PLANE ( 'NONE',  #518 ) ;
#531 = CARTESIAN_POINT ( 'NONE',  ( 6.100000000000001421, 2.750000000000000000, 4.450000000000000178 ) ) ;
#532 = ORIENTED_EDGE ( 'NONE', *, *, #995, .T. ) ;
#533 = CARTESIAN_POINT ( 'NONE',  ( 4.250000000000000888, 2.000000000000000000, 4.750000000000000000 ) ) ;
#534 = ORIENTED_EDGE ( 'NONE', *, *, #1569, .T. ) ;
#535 =( LENGTH_UNIT ( ) NAMED_UNIT ( * ) SI_UNIT ( .MILLI., .METRE. ) );
#536 = SURFACE_STYLE_FILL_AREA ( #187 ) ;
#537 = CARTESIAN_POINT ( 'NONE',  ( 5.900000000000000355, -5.899999999999999467, 0.000000000000000000 ) ) ;
#538 = ORIENTED_EDGE ( 'NONE', *, *, #1099, .F. ) ;
#539 = ORIENTED_EDGE ( 'NONE', *, *, #336, .T. ) ;
#540 = CARTESIAN_POINT ( 'NONE',  ( -6.099999999999998757, -6.100000000000000533, 4.450000000000000178 ) ) ;
#541 = EDGE_CURVE ( 'NONE', #414, #907, #1526, .T. ) ;
#542 = FACE_OUTER_BOUND ( 'NONE', #76, .T. ) ;
#543 = DIRECTION ( 'NONE',  ( 0.000000000000000000, 0.000000000000000000, -1.000000000000000000 ) ) ;
#544 = VECTOR ( 'NONE', #740, 1000.000000000000000 ) ;
#545 = DIRECTION ( 'NONE',  ( 0.000000000000000000, -1.387778780781444413E-14, 1.000000000000000000 ) ) ;
#546 = DIRECTION ( 'NONE',  ( 0.000000000000000000, 0.000000000000000000, -1.000000000000000000 ) ) ;
#547 = VECTOR ( 'NONE', #991, 1000.000000000000000 ) ;
#548 = ORIENTED_EDGE ( 'NONE', *, *, #1275, .T. ) ;
#549 = EDGE_CURVE ( 'NONE', #341, #290, #50, .T. ) ;
#550 =( GEOMETRIC_REPRESENTATION_CONTEXT ( 3 ) GLOBAL_UNCERTAINTY_ASSIGNED_CONTEXT ( ( #1508 ) ) GLOBAL_UNIT_ASSIGNED_CONTEXT ( ( #717, #255, #234 ) ) REPRESENTATION_CONTEXT ( 'NONE', 'WORKASPACE' ) );
#551 = ORIENTED_EDGE ( 'NONE', *, *, #489, .T. ) ;
#552 = VECTOR ( 'NONE', #47, 1000.000000000000000 ) ;
#553 = AXIS2_PLACEMENT_3D ( 'NONE', #152, #145, #1470 ) ;
#554 = CARTESIAN_POINT ( 'NONE',  ( -6.150000000000001243, 2.000000000000000000, 2.725000000000000089 ) ) ;
#555 = VECTOR ( 'NONE', #1022, 1000.000000000000000 ) ;
#556 = CARTESIAN_POINT ( 'NONE',  ( -6.100000000000001421, -1.749999999999999778, 2.474999999999999645 ) ) ;
#557 =( LENGTH_UNIT ( ) NAMED_UNIT ( * ) SI_UNIT ( .MILLI., .METRE. ) );
#558 = EDGE_LOOP ( 'NONE', ( #413, #1567, #1379, #634, #285, #642 ) ) ;
#559 = LINE ( 'NONE', #927, #524 ) ;
#560 = EDGE_LOOP ( 'NONE', ( #806, #1169, #1577, #761, #696, #690 ) ) ;
#561 = DIRECTION ( 'NONE',  ( 1.000000000000000000, 0.000000000000000000, 0.000000000000000000 ) ) ;
#562 = PLANE ( 'NONE',  #1120 ) ;
#563 = ORIENTED_EDGE ( 'NONE', *, *, #1454, .F. ) ;
#564 = PLANE ( 'NONE',  #1419 ) ;
#565 = ORIENTED_EDGE ( 'NONE', *, *, #357, .F. ) ;
#566 = UNCERTAINTY_MEASURE_WITH_UNIT (LENGTH_MEASURE( 1.000000000000000082E-05 ), #1295, 'distance_accuracy_value', 'NONE');
#567 = FILL_AREA_STYLE ('',( #1536 ) ) ;
#568 = DIRECTION ( 'NONE',  ( -0.000000000000000000, -1.000000000000000000, -0.000000000000000000 ) ) ;
#569 = CARTESIAN_POINT ( 'NONE',  ( 5.900000000000000355, -6.100000000000000533, 0.000000000000000000 ) ) ;
#570 = SURFACE_STYLE_FILL_AREA ( #210 ) ;
#571 = VERTEX_POINT ( 'NONE', #1175 ) ;
#572 = CARTESIAN_POINT ( 'NONE',  ( -3.999999999999999112, -2.500000000000000000, 4.200000000000000178 ) ) ;
#573 =( GEOMETRIC_REPRESENTATION_CONTEXT ( 3 ) GLOBAL_UNCERTAINTY_ASSIGNED_CONTEXT ( ( #1369 ) ) GLOBAL_UNIT_ASSIGNED_CONTEXT ( ( #240, #1086, #1101 ) ) REPRESENTATION_CONTEXT ( 'NONE', 'WORKASPACE' ) );
#574 = ORIENTED_EDGE ( 'NONE', *, *, #664, .F. ) ;
#575 = STYLED_ITEM ( 'NONE', ( #1112 ), #614 ) ;
#576 = CARTESIAN_POINT ( 'NONE',  ( 6.100000000000001421, 5.899999999999999467, 0.000000000000000000 ) ) ;
#577 = AXIS2_PLACEMENT_3D ( 'NONE', #1568, #95, #716 ) ;
#578 = VECTOR ( 'NONE', #924, 1000.000000000000000 ) ;
#579 = DIRECTION ( 'NONE',  ( -0.000000000000000000, -1.000000000000000000, -0.000000000000000000 ) ) ;
#580 = CARTESIAN_POINT ( 'NONE',  ( -6.099999999999997868, -2.500000000000000000, 4.200000000000000178 ) ) ;
#581 = DIRECTION ( 'NONE',  ( 0.000000000000000000, 0.000000000000000000, 1.000000000000000000 ) ) ;
#582 = EDGE_LOOP ( 'NONE', ( #859, #1370, #816, #961 ) ) ;
#583 = CARTESIAN_POINT ( 'NONE',  ( 6.650000000000000355, -2.000000000000000000, 2.725000000000000089 ) ) ;
#584 = ORIENTED_EDGE ( 'NONE', *, *, #650, .F. ) ;
#585 =( NAMED_UNIT ( * ) SI_UNIT ( $, .STERADIAN. ) SOLID_ANGLE_UNIT ( ) );
#586 = CARTESIAN_POINT ( 'NONE',  ( -6.150000000000001243, 1.749999999999999778, 2.474999999999999645 ) ) ;
#587 = SURFACE_SIDE_STYLE ('',( #1212 ) ) ;
#588 = LINE ( 'NONE', #111, #1445 ) ;
#589 = EDGE_CURVE ( 'NONE', #967, #1159, #425, .T. ) ;
#590 = EDGE_LOOP ( 'NONE', ( #1100, #900, #660, #377, #1493, #504, #551, #1420 ) ) ;
#591 = CARTESIAN_POINT ( 'NONE',  ( -3.896446609406725159, 2.603553390593273509, 4.450000000000000178 ) ) ;
#592 = LINE ( 'NONE', #1436, #246 ) ;
#593 = ADVANCED_FACE ( 'NONE', ( #1146 ), #1516, .F. ) ;
#594 = AXIS2_PLACEMENT_3D ( 'NONE', #676, #1404, #1544 ) ;
#595 = LINE ( 'NONE', #1554, #478 ) ;
#596 =( NAMED_UNIT ( * ) SI_UNIT ( $, .STERADIAN. ) SOLID_ANGLE_UNIT ( ) );
#597 = DIRECTION ( 'NONE',  ( -1.000000000000000000, 0.000000000000000000, 0.000000000000000000 ) ) ;
#598 = CARTESIAN_POINT ( 'NONE',  ( 6.650000000000000355, 1.250000000000000222, 1.975000000000000089 ) ) ;
#599 = VERTEX_POINT ( 'NONE', #305 ) ;
#600 = VECTOR ( 'NONE', #67, 1000.000000000000000 ) ;
#601 = CARTESIAN_POINT ( 'NONE',  ( 3.749999999999999112, 2.750000000000000000, 4.450000000000000178 ) ) ;
#602 = PLANE ( 'NONE',  #1038 ) ;
#603 = PRESENTATION_LAYER_ASSIGNMENT (  '', '', ( #1167 ) ) ;
#604 = CARTESIAN_POINT ( 'NONE',  ( 3.999999999999999112, -2.500000000000000000, 4.346446609406726225 ) ) ;
#605 = AXIS2_PLACEMENT_3D ( 'NONE', #1345, #516, #861 ) ;
#606 =( NAMED_UNIT ( * ) SI_UNIT ( $, .STERADIAN. ) SOLID_ANGLE_UNIT ( ) );
#607 = DIRECTION ( 'NONE',  ( 0.000000000000000000, -0.7071067811865474617, -0.7071067811865474617 ) ) ;
#608 = DIRECTION ( 'NONE',  ( 0.000000000000000000, 1.000000000000000000, 0.000000000000000000 ) ) ;
#609 = AXIS2_PLACEMENT_3D ( 'NONE', #958, #813, #359 ) ;
#610 = ORIENTED_EDGE ( 'NONE', *, *, #494, .F. ) ;
#611 = PRESENTATION_STYLE_ASSIGNMENT (( #1574 ) ) ;
#612 = CARTESIAN_POINT ( 'NONE',  ( -6.099999999999997868, 2.500000000000000000, 4.200000000000000178 ) ) ;
#613 = ORIENTED_EDGE ( 'NONE', *, *, #755, .F. ) ;
#614 = ADVANCED_FACE ( 'NONE', ( #1550 ), #933, .F. ) ;
#615 = CARTESIAN_POINT ( 'NONE',  ( -5.899999999999997691, 5.899999999999999467, 0.000000000000000000 ) ) ;
#616 = EDGE_CURVE ( 'NONE', #492, #10, #505, .T. ) ;
#617 = DIRECTION ( 'NONE',  ( 0.000000000000000000, -0.000000000000000000, -1.000000000000000000 ) ) ;
#618 = DIRECTION ( 'NONE',  ( 1.000000000000000000, 0.000000000000000000, 0.000000000000000000 ) ) ;
#619 = UNCERTAINTY_MEASURE_WITH_UNIT (LENGTH_MEASURE( 1.000000000000000082E-05 ), #1438, 'distance_accuracy_value', 'NONE');
#620 = ORIENTED_EDGE ( 'NONE', *, *, #1531, .F. ) ;
#621 = CARTESIAN_POINT ( 'NONE',  ( 6.150000000000002132, 0.1250000000000001110, 0.5999999999999998668 ) ) ;
#622 =( GEOMETRIC_REPRESENTATION_CONTEXT ( 3 ) GLOBAL_UNCERTAINTY_ASSIGNED_CONTEXT ( ( #885 ) ) GLOBAL_UNIT_ASSIGNED_CONTEXT ( ( #1222, #354, #1103 ) ) REPRESENTATION_CONTEXT ( 'NONE', 'WORKASPACE' ) );
#623 = CARTESIAN_POINT ( 'NONE',  ( 6.100000000000001421, -1.250000000000000222, 1.975000000000000089 ) ) ;
#624 = PRESENTATION_LAYER_ASSIGNMENT (  '', '', ( #928 ) ) ;
#625 =( NAMED_UNIT ( * ) SI_UNIT ( $, .STERADIAN. ) SOLID_ANGLE_UNIT ( ) );
#626 = PRESENTATION_LAYER_ASSIGNMENT (  '', '', ( #930 ) ) ;
#627 = AXIS2_PLACEMENT_3D ( 'NONE', #733, #280, #739 ) ;
#628 = VERTEX_POINT ( 'NONE', #707 ) ;
#629 = SURFACE_SIDE_STYLE ('',( #987 ) ) ;
#630 = STYLED_ITEM ( 'NONE', ( #1026 ), #1334 ) ;
#631 = DIRECTION ( 'NONE',  ( 0.000000000000000000, 0.000000000000000000, 1.000000000000000000 ) ) ;
#632 = DIRECTION ( 'NONE',  ( 0.000000000000000000, -0.000000000000000000, 1.000000000000000000 ) ) ;
#633 = CARTESIAN_POINT ( 'NONE',  ( 0.000000000000000000, 2.750000000000000000, 4.450000000000000178 ) ) ;
#634 = ORIENTED_EDGE ( 'NONE', *, *, #1126, .F. ) ;
#635 = LINE ( 'NONE', #301, #18 ) ;
#636 = ORIENTED_EDGE ( 'NONE', *, *, #1240, .F. ) ;
#637 = CARTESIAN_POINT ( 'NONE',  ( 3.749999999999999112, 0.000000000000000000, 4.200000000000000178 ) ) ;
#638 =( LENGTH_UNIT ( ) NAMED_UNIT ( * ) SI_UNIT ( .MILLI., .METRE. ) );
#639 = EDGE_CURVE ( 'NONE', #599, #1129, #1325, .T. ) ;
#640 = SURFACE_STYLE_FILL_AREA ( #999 ) ;
#641 = CARTESIAN_POINT ( 'NONE',  ( -5.899999999999997691, 6.100000000000000533, 0.000000000000000000 ) ) ;
#642 = ORIENTED_EDGE ( 'NONE', *, *, #317, .T. ) ;
#643 = FILL_AREA_STYLE ('',( #1031 ) ) ;
#644 = EDGE_CURVE ( 'NONE', #290, #789, #863, .T. ) ;
#645 = FILL_AREA_STYLE_COLOUR ( '', #397 ) ;
#646 = DIRECTION ( 'NONE',  ( 1.000000000000000000, 0.000000000000000000, 0.000000000000000000 ) ) ;
#647 = STYLED_ITEM ( 'NONE', ( #700 ), #266 ) ;
#648 = DIRECTION ( 'NONE',  ( -0.000000000000000000, -1.000000000000000000, -0.000000000000000000 ) ) ;
#649 = ORIENTED_EDGE ( 'NONE', *, *, #320, .T. ) ;
#650 = EDGE_CURVE ( 'NONE', #1513, #10, #1198, .T. ) ;
#651 = VECTOR ( 'NONE', #93, 1000.000000000000000 ) ;
#652 = UNCERTAINTY_MEASURE_WITH_UNIT (LENGTH_MEASURE( 1.000000000000000082E-05 ), #765, 'distance_accuracy_value', 'NONE');
#653 = VECTOR ( 'NONE', #824, 1000.000000000000000 ) ;
#654 = ORIENTED_EDGE ( 'NONE', *, *, #134, .T. ) ;
#655 = CARTESIAN_POINT ( 'NONE',  ( 6.650000000000000355, -2.000000000000000000, 4.750000000000000000 ) ) ;
#656 =( NAMED_UNIT ( * ) SI_UNIT ( $, .STERADIAN. ) SOLID_ANGLE_UNIT ( ) );
#657 = PRESENTATION_STYLE_ASSIGNMENT (( #1132 ) ) ;
#658 = CARTESIAN_POINT ( 'NONE',  ( 6.100000000000001421, -2.750000000000000888, 4.450000000000000178 ) ) ;
#659 = ORIENTED_EDGE ( 'NONE', *, *, #87, .T. ) ;
#660 = ORIENTED_EDGE ( 'NONE', *, *, #103, .T. ) ;
#661 = EDGE_CURVE ( 'NONE', #408, #303, #500, .T. ) ;
#662 = CARTESIAN_POINT ( 'NONE',  ( -6.650000000000000355, 2.000000000000000000, 1.975000000000000089 ) ) ;
#663 = CARTESIAN_POINT ( 'NONE',  ( -6.099999999999998757, -2.750000000000000888, 4.450000000000000178 ) ) ;
#664 = EDGE_CURVE ( 'NONE', #1159, #764, #260, .T. ) ;
#665 = DIRECTION ( 'NONE',  ( -1.000000000000000000, 0.000000000000000000, -0.000000000000000000 ) ) ;
#666 = FACE_OUTER_BOUND ( 'NONE', #1388, .T. ) ;
#667 = ORIENTED_EDGE ( 'NONE', *, *, #1350, .T. ) ;
#668 = CARTESIAN_POINT ( 'NONE',  ( -3.749999999999999112, 2.500000000000000000, 4.200000000000000178 ) ) ;
#669 =( BOUNDED_CURVE ( )  B_SPLINE_CURVE ( 3, ( #114, #853, #844, #1469 ),
 .UNSPECIFIED., .F., .T. ) 
 B_SPLINE_CURVE_WITH_KNOTS ( ( 4, 4 ),
 ( 0.000000000000000000, 1.570796326794896558 ),
 .UNSPECIFIED. ) 
 CURVE ( )  GEOMETRIC_REPRESENTATION_ITEM ( )  RATIONAL_B_SPLINE_CURVE ( ( 1.000000000000000000, 0.8047378541243649375, 0.8047378541243649375, 1.000000000000000000 ) ) 
 REPRESENTATION_ITEM ( '' )  );
#670 = ORIENTED_EDGE ( 'NONE', *, *, #822, .T. ) ;
#671 = LINE ( 'NONE', #1056, #1498 ) ;
#672 =( LENGTH_UNIT ( ) NAMED_UNIT ( * ) SI_UNIT ( .MILLI., .METRE. ) );
#673 = LINE ( 'NONE', #1156, #1575 ) ;
#674 = DIRECTION ( 'NONE',  ( 0.000000000000000000, -0.7071067811865474617, 0.7071067811865474617 ) ) ;
#675 = VERTEX_POINT ( 'NONE', #349 ) ;
#676 = CARTESIAN_POINT ( 'NONE',  ( 0.000000000000000000, -2.750000000000000000, 4.200000000000000178 ) ) ;
#677 = VECTOR ( 'NONE', #568, 1000.000000000000000 ) ;
#678 = ORIENTED_EDGE ( 'NONE', *, *, #1283, .T. ) ;
#679 = DIRECTION ( 'NONE',  ( -0.000000000000000000, 1.000000000000000000, 0.000000000000000000 ) ) ;
#680 = VECTOR ( 'NONE', #410, 1000.000000000000000 ) ;
#681 = VERTEX_POINT ( 'NONE', #1072 ) ;
#682 = UNCERTAINTY_MEASURE_WITH_UNIT (LENGTH_MEASURE( 1.000000000000000082E-05 ), #843, 'distance_accuracy_value', 'NONE');
#683 = STYLED_ITEM ( 'NONE', ( #1102 ), #1223 ) ;
#684 = VECTOR ( 'NONE', #1019, 1000.000000000000000 ) ;
#685 = SURFACE_STYLE_USAGE ( .BOTH. , #1519 ) ;
#686 = PLANE ( 'NONE',  #953 ) ;
#687 = CARTESIAN_POINT ( 'NONE',  ( -6.099999999999998757, -2.750000000000000000, 4.200000000000000178 ) ) ;
#688 = VERTEX_POINT ( 'NONE', #979 ) ;
#689 = CARTESIAN_POINT ( 'NONE',  ( 6.150000000000000355, -2.000000000000000000, 4.249999999999999112 ) ) ;
#690 = ORIENTED_EDGE ( 'NONE', *, *, #767, .F. ) ;
#691 = EDGE_CURVE ( 'NONE', #862, #1271, #393, .T. ) ;
#692 = CARTESIAN_POINT ( 'NONE',  ( 6.150000000000000355, 2.000000000000000000, 4.249999999999999112 ) ) ;
#693 =( NAMED_UNIT ( * ) PLANE_ANGLE_UNIT ( ) SI_UNIT ( $, .RADIAN. ) );
#694 = PLANE ( 'NONE',  #1342 ) ;
#695 = ADVANCED_FACE ( 'NONE', ( #11 ), #459, .T. ) ;
#696 = ORIENTED_EDGE ( 'NONE', *, *, #454, .F. ) ;
#697 = CARTESIAN_POINT ( 'NONE',  ( -6.100000000000001421, 2.000000000000000000, 2.474999999999999645 ) ) ;
#698 = EDGE_LOOP ( 'NONE', ( #1041, #1188, #970, #1573 ) ) ;
#699 = SURFACE_SIDE_STYLE ('',( #1560 ) ) ;
#700 = PRESENTATION_STYLE_ASSIGNMENT (( #52 ) ) ;
#701 = DIRECTION ( 'NONE',  ( 3.455309108018873158E-16, -0.7071067811865474617, 0.7071067811865474617 ) ) ;
#702 = ORIENTED_EDGE ( 'NONE', *, *, #616, .T. ) ;
#703 = DIRECTION ( 'NONE',  ( -1.000000000000000000, 0.000000000000000000, 0.000000000000000000 ) ) ;
#704 = VECTOR ( 'NONE', #369, 1000.000000000000000 ) ;
#705 = VECTOR ( 'NONE', #1021, 1000.000000000000000 ) ;
#706 = ORIENTED_EDGE ( 'NONE', *, *, #1383, .T. ) ;
#707 = CARTESIAN_POINT ( 'NONE',  ( 6.100000000000001421, -1.749999999999999778, 2.474999999999999645 ) ) ;
#708 = VECTOR ( 'NONE', #319, 1000.000000000000000 ) ;
#709 =( NAMED_UNIT ( * ) SI_UNIT ( $, .STERADIAN. ) SOLID_ANGLE_UNIT ( ) );
#710 = AXIS2_PLACEMENT_3D ( 'NONE', #201, #581, #61 ) ;
#711 = FACE_OUTER_BOUND ( 'NONE', #73, .T. ) ;
#712 = CARTESIAN_POINT ( 'NONE',  ( 3.896446609406725159, -2.603553390593273509, 4.450000000000000178 ) ) ;
#713 = CARTESIAN_POINT ( 'NONE',  ( 0.000000000000000000, 2.000000000000000000, 0.000000000000000000 ) ) ;
#714 = ORIENTED_EDGE ( 'NONE', *, *, #204, .F. ) ;
#715 = ADVANCED_FACE ( 'NONE', ( #132 ), #1315, .F. ) ;
#716 = DIRECTION ( 'NONE',  ( 0.000000000000000000, -0.7071067811865474617, 0.7071067811865474617 ) ) ;
#717 =( LENGTH_UNIT ( ) NAMED_UNIT ( * ) SI_UNIT ( .MILLI., .METRE. ) );
#718 = CARTESIAN_POINT ( 'NONE',  ( 3.999999999999999112, -2.500000000000000000, 4.200000000000000178 ) ) ;
#719 = ADVANCED_FACE ( 'NONE', ( #276 ), #901, .F. ) ;
#720 = FILL_AREA_STYLE_COLOUR ( '', #133 ) ;
#721 = PRESENTATION_STYLE_ASSIGNMENT (( #1329 ) ) ;
#722 = ORIENTED_EDGE ( 'NONE', *, *, #888, .T. ) ;
#723 = FILL_AREA_STYLE ('',( #950 ) ) ;
#724 = EDGE_CURVE ( 'NONE', #1473, #1367, #1399, .T. ) ;
#725 = DIRECTION ( 'NONE',  ( 0.000000000000000000, 0.000000000000000000, 1.000000000000000000 ) ) ;
#726 = SURFACE_STYLE_USAGE ( .BOTH. , #587 ) ;
#727 = PLANE ( 'NONE',  #1136 ) ;
#728 = ORIENTED_EDGE ( 'NONE', *, *, #368, .F. ) ;
#729 = VECTOR ( 'NONE', #1048, 1000.000000000000000 ) ;
#730 =( GEOMETRIC_REPRESENTATION_CONTEXT ( 3 ) GLOBAL_UNCERTAINTY_ASSIGNED_CONTEXT ( ( #652 ) ) GLOBAL_UNIT_ASSIGNED_CONTEXT ( ( #765, #41, #268 ) ) REPRESENTATION_CONTEXT ( 'NONE', 'WORKASPACE' ) );
#731 = FILL_AREA_STYLE_COLOUR ( '', #1090 ) ;
#732 = PRESENTATION_LAYER_ASSIGNMENT (  '', '', ( #782 ) ) ;
#733 = CARTESIAN_POINT ( 'NONE',  ( 6.100000000000001421, -2.750000000000000000, 4.200000000000000178 ) ) ;
#734 = VECTOR ( 'NONE', #403, 1000.000000000000000 ) ;
#735 = EDGE_CURVE ( 'NONE', #341, #688, #868, .T. ) ;
#736 = EDGE_LOOP ( 'NONE', ( #1174, #714, #358, #458 ) ) ;
#737 = EDGE_CURVE ( 'NONE', #227, #846, #1143, .T. ) ;
#738 = CARTESIAN_POINT ( 'NONE',  ( -4.250000000000000888, 2.000000000000000000, 4.249999999999999112 ) ) ;
#739 = DIRECTION ( 'NONE',  ( 0.000000000000000000, 1.040834085586083310E-14, 1.000000000000000000 ) ) ;
#740 = DIRECTION ( 'NONE',  ( 0.000000000000000000, -1.000000000000000000, 0.000000000000000000 ) ) ;
#741 = VERTEX_POINT ( 'NONE', #1487 ) ;
#742 = PLANE ( 'NONE',  #897 ) ;
#743 = LINE ( 'NONE', #1119, #19 ) ;
#744 = CARTESIAN_POINT ( 'NONE',  ( -6.099999999999998757, -5.899999999999999467, 0.000000000000000000 ) ) ;
#745 = AXIS2_PLACEMENT_3D ( 'NONE', #91, #944, #306 ) ;
#746 = CARTESIAN_POINT ( 'NONE',  ( -6.099999999999997868, 2.500000000000000000, 4.200000000000000178 ) ) ;
#747 = EDGE_LOOP ( 'NONE', ( #439, #1168, #211, #1255, #1358, #189 ) ) ;
#748 = DIRECTION ( 'NONE',  ( -0.000000000000000000, 0.7071067811865474617, 0.7071067811865474617 ) ) ;
#749 = MECHANICAL_DESIGN_GEOMETRIC_PRESENTATION_REPRESENTATION (  '', ( #1110 ), #622 ) ;
#750 = SURFACE_SIDE_STYLE ('',( #392 ) ) ;
#751 = VECTOR ( 'NONE', #467, 999.9999999999998863 ) ;
#752 = DIRECTION ( 'NONE',  ( 0.000000000000000000, 0.000000000000000000, 1.000000000000000000 ) ) ;
#753 = CARTESIAN_POINT ( 'NONE',  ( 6.650000000000000355, 2.000000000000000000, 2.725000000000000089 ) ) ;
#754 = EDGE_LOOP ( 'NONE', ( #242, #1385, #1264, #483 ) ) ;
#755 = EDGE_CURVE ( 'NONE', #907, #227, #771, .T. ) ;
#756 = DIRECTION ( 'NONE',  ( 0.000000000000000000, -1.000000000000000000, -0.000000000000000000 ) ) ;
#757 = CYLINDRICAL_SURFACE ( 'NONE', #1043, 0.2500000000000002220 ) ;
#758 = SURFACE_SIDE_STYLE ('',( #1504 ) ) ;
#759 = EDGE_CURVE ( 'NONE', #571, #506, #291, .T. ) ;
#760 = CARTESIAN_POINT ( 'NONE',  ( 0.000000000000000000, 2.000000000000000000, 2.725000000000000089 ) ) ;
#761 = ORIENTED_EDGE ( 'NONE', *, *, #1015, .F. ) ;
#762 = DIRECTION ( 'NONE',  ( 0.000000000000000000, -0.000000000000000000, -1.000000000000000000 ) ) ;
#763 = UNCERTAINTY_MEASURE_WITH_UNIT (LENGTH_MEASURE( 1.000000000000000082E-05 ), #17, 'distance_accuracy_value', 'NONE');
#764 = VERTEX_POINT ( 'NONE', #533 ) ;
#765 =( LENGTH_UNIT ( ) NAMED_UNIT ( * ) SI_UNIT ( .MILLI., .METRE. ) );
#766 =( NAMED_UNIT ( * ) PLANE_ANGLE_UNIT ( ) SI_UNIT ( $, .RADIAN. ) );
#767 = EDGE_CURVE ( 'NONE', #947, #815, #635, .T. ) ;
#768 =( BOUNDED_CURVE ( )  B_SPLINE_CURVE ( 3, ( #601, #1094, #519, #162 ),
 .UNSPECIFIED., .F., .F. ) 
 B_SPLINE_CURVE_WITH_KNOTS ( ( 4, 4 ),
 ( 1.570796326794896558, 3.141592653589793116 ),
 .UNSPECIFIED. ) 
 CURVE ( )  GEOMETRIC_REPRESENTATION_ITEM ( )  RATIONAL_B_SPLINE_CURVE ( ( 1.000000000000000000, 0.8047378541243649375, 0.8047378541243649375, 1.000000000000000000 ) ) 
 REPRESENTATION_ITEM ( '' )  );
#769 = CARTESIAN_POINT ( 'NONE',  ( 6.100000000000001421, -2.000000000000000000, 2.725000000000000089 ) ) ;
#770 = ORIENTED_EDGE ( 'NONE', *, *, #644, .T. ) ;
#771 = LINE ( 'NONE', #1368, #1321 ) ;
#772 = EDGE_LOOP ( 'NONE', ( #275, #975, #102, #867, #488, #46 ) ) ;
#773 = VECTOR ( 'NONE', #945, 1000.000000000000000 ) ;
#774 = CARTESIAN_POINT ( 'NONE',  ( 6.099999999999997868, -2.500000000000000000, 4.200000000000000178 ) ) ;
#775 = DIRECTION ( 'NONE',  ( 0.000000000000000000, -1.000000000000000000, 0.000000000000000000 ) ) ;
#776 = DIRECTION ( 'NONE',  ( 0.000000000000000000, 0.7071067811865475727, 0.7071067811865475727 ) ) ;
#777 = ADVANCED_FACE ( 'NONE', ( #1514 ), #177, .T. ) ;
#778 = MECHANICAL_DESIGN_GEOMETRIC_PRESENTATION_REPRESENTATION (  '', ( #575 ), #302 ) ;
#779 = LINE ( 'NONE', #760, #123 ) ;
#780 = ORIENTED_EDGE ( 'NONE', *, *, #204, .T. ) ;
#781 = PLANE ( 'NONE',  #855 ) ;
#782 = STYLED_ITEM ( 'NONE', ( #946 ), #833 ) ;
#783 = ADVANCED_FACE ( 'NONE', ( #1359 ), #781, .F. ) ;
#784 = FILL_AREA_STYLE ('',( #294 ) ) ;
#785 =( LENGTH_UNIT ( ) NAMED_UNIT ( * ) SI_UNIT ( .MILLI., .METRE. ) );
#786 =( NAMED_UNIT ( * ) PLANE_ANGLE_UNIT ( ) SI_UNIT ( $, .RADIAN. ) );
#787 = DIRECTION ( 'NONE',  ( -0.5773502691896257311, 0.5773502691896257311, -0.5773502691896257311 ) ) ;
#788 = CARTESIAN_POINT ( 'NONE',  ( 6.100000000000001421, 6.100000000000000533, 4.450000000000000178 ) ) ;
#789 = VERTEX_POINT ( 'NONE', #1272 ) ;
#790 = DIRECTION ( 'NONE',  ( -0.000000000000000000, -0.7071067811865474617, 0.7071067811865474617 ) ) ;
#791 = PRODUCT_RELATED_PRODUCT_CATEGORY ( 'part', '', ( #821 ) ) ;
#792 = ORIENTED_EDGE ( 'NONE', *, *, #32, .F. ) ;
#793 = CARTESIAN_POINT ( 'NONE',  ( 6.650000000000000355, -2.000000000000000000, 1.975000000000000089 ) ) ;
#794 = CARTESIAN_POINT ( 'NONE',  ( 6.100000000000001421, 2.750000000000000000, 4.200000000000000178 ) ) ;
#795 = VERTEX_POINT ( 'NONE', #85 ) ;
#796 = DIRECTION ( 'NONE',  ( 0.000000000000000000, 0.000000000000000000, 1.000000000000000000 ) ) ;
#797 = VERTEX_POINT ( 'NONE', #572 ) ;
#798 = DIRECTION ( 'NONE',  ( -1.000000000000000000, 0.000000000000000000, 0.000000000000000000 ) ) ;
#799 = CARTESIAN_POINT ( 'NONE',  ( 0.000000000000000000, 0.000000000000000000, 0.000000000000000000 ) ) ;
#800 = ADVANCED_FACE ( 'NONE', ( #457 ), #939, .T. ) ;
#801 =( NAMED_UNIT ( * ) PLANE_ANGLE_UNIT ( ) SI_UNIT ( $, .RADIAN. ) );
#802 = VECTOR ( 'NONE', #1403, 1000.000000000000000 ) ;
#803 = VERTEX_POINT ( 'NONE', #689 ) ;
#804 =( LENGTH_UNIT ( ) NAMED_UNIT ( * ) SI_UNIT ( .MILLI., .METRE. ) );
#805 = CIRCLE ( 'NONE', #66, 0.2500000000000002220 ) ;
#806 = ORIENTED_EDGE ( 'NONE', *, *, #82, .F. ) ;
#807 = EDGE_CURVE ( 'NONE', #1023, #1224, #559, .T. ) ;
#808 = UNCERTAINTY_MEASURE_WITH_UNIT (LENGTH_MEASURE( 1.000000000000000082E-05 ), #785, 'distance_accuracy_value', 'NONE');
#809 = AXIS2_PLACEMENT_3D ( 'NONE', #989, #1483, #508 ) ;
#810 = DIRECTION ( 'NONE',  ( -1.000000000000000000, 0.000000000000000000, -0.000000000000000000 ) ) ;
#811 = VECTOR ( 'NONE', #282, 1000.000000000000000 ) ;
#812 = ADVANCED_FACE ( 'NONE', ( #219 ), #315, .T. ) ;
#813 = DIRECTION ( 'NONE',  ( 1.000000000000000000, 0.000000000000000000, -4.886545002751571891E-16 ) ) ;
#814 = DIRECTION ( 'NONE',  ( -1.000000000000000000, -0.000000000000000000, -0.000000000000000000 ) ) ;
#815 = VERTEX_POINT ( 'NONE', #1534 ) ;
#816 = ORIENTED_EDGE ( 'NONE', *, *, #935, .F. ) ;
#817 = LINE ( 'NONE', #216, #353 ) ;
#818 = ORIENTED_EDGE ( 'NONE', *, *, #1206, .T. ) ;
#819 = DIRECTION ( 'NONE',  ( 1.000000000000000000, 0.000000000000000000, 0.000000000000000000 ) ) ;
#820 = ORIENTED_EDGE ( 'NONE', *, *, #1050, .T. ) ;
#821 = PRODUCT ( 'HCMA1305-5R6-R', 'HCMA1305-5R6-R', '', ( #968 ) ) ;
#822 = EDGE_CURVE ( 'NONE', #390, #1032, #443, .T. ) ;
#823 = FACE_OUTER_BOUND ( 'NONE', #1180, .T. ) ;
#824 = DIRECTION ( 'NONE',  ( -0.000000000000000000, 1.000000000000000000, -0.000000000000000000 ) ) ;
#825 = PRESENTATION_STYLE_ASSIGNMENT (( #726 ) ) ;
#826 = CARTESIAN_POINT ( 'NONE',  ( -6.099999999999998757, 2.749999999999996447, 4.450000000000000178 ) ) ;
#827 =( NAMED_UNIT ( * ) PLANE_ANGLE_UNIT ( ) SI_UNIT ( $, .RADIAN. ) );
#828 = ADVANCED_FACE ( 'NONE', ( #1179 ), #564, .T. ) ;
#829 = ORIENTED_EDGE ( 'NONE', *, *, #1275, .F. ) ;
#830 = STYLED_ITEM ( 'NONE', ( #872 ), #482 ) ;
#831 = VECTOR ( 'NONE', #1078, 1000.000000000000000 ) ;
#832 = CARTESIAN_POINT ( 'NONE',  ( -3.999999999999999112, 2.500000000000000000, 4.346446609406726225 ) ) ;
#833 = ADVANCED_FACE ( 'NONE', ( #1406 ), #1306, .T. ) ;
#834 = AXIS2_PLACEMENT_3D ( 'NONE', #468, #1199, #361 ) ;
#835 = FILL_AREA_STYLE_COLOUR ( '', #1144 ) ;
#836 = COLOUR_RGB ( '',0.7960784313725489669, 0.8235294117647058432, 0.9372549019607843146 ) ;
#837 = LINE ( 'NONE', #109, #168 ) ;
#838 = LINE ( 'NONE', #241, #1218 ) ;
#839 = DIRECTION ( 'NONE',  ( -0.000000000000000000, -0.000000000000000000, -1.000000000000000000 ) ) ;
#840 = FILL_AREA_STYLE_COLOUR ( '', #981 ) ;
#841 = EDGE_LOOP ( 'NONE', ( #654, #702, #584, #55 ) ) ;
#842 = EDGE_CURVE ( 'NONE', #1002, #797, #100, .T. ) ;
#843 =( LENGTH_UNIT ( ) NAMED_UNIT ( * ) SI_UNIT ( .MILLI., .METRE. ) );
#844 = CARTESIAN_POINT ( 'NONE',  ( -3.896446609406725159, -2.603553390593273509, 4.450000000000000178 ) ) ;
#845 = LINE ( 'NONE', #1074, #101 ) ;
#846 = VERTEX_POINT ( 'NONE', #583 ) ;
#847 = DIRECTION ( 'NONE',  ( 1.000000000000000000, 0.000000000000000000, 0.000000000000000000 ) ) ;
#848 = CARTESIAN_POINT ( 'NONE',  ( -5.039339828220177786, -1.250000000000000222, 1.975000000000000089 ) ) ;
#849 = CARTESIAN_POINT ( 'NONE',  ( 0.000000000000000000, 0.000000000000000000, 0.000000000000000000 ) ) ;
#850 = LINE ( 'NONE', #479, #1237 ) ;
#851 = DIRECTION ( 'NONE',  ( -1.000000000000000000, 0.000000000000000000, -0.000000000000000000 ) ) ;
#852 = ORIENTED_EDGE ( 'NONE', *, *, #1569, .F. ) ;
#853 = CARTESIAN_POINT ( 'NONE',  ( -3.999999999999999112, -2.500000000000000000, 4.346446609406726225 ) ) ;
#854 = EDGE_CURVE ( 'NONE', #1361, #184, #1566, .T. ) ;
#855 = AXIS2_PLACEMENT_3D ( 'NONE', #150, #877, #762 ) ;
#856 = CIRCLE ( 'NONE', #277, 0.2500000000000002220 ) ;
#857 = PLANE ( 'NONE',  #1472 ) ;
#858 =( GEOMETRIC_REPRESENTATION_CONTEXT ( 3 ) GLOBAL_UNCERTAINTY_ASSIGNED_CONTEXT ( ( #566 ) ) GLOBAL_UNIT_ASSIGNED_CONTEXT ( ( #1295, #462, #1311 ) ) REPRESENTATION_CONTEXT ( 'NONE', 'WORKASPACE' ) );
#859 = ORIENTED_EDGE ( 'NONE', *, *, #389, .F. ) ;
#860 = DIRECTION ( 'NONE',  ( 1.000000000000000000, 0.000000000000000000, 0.000000000000000000 ) ) ;
#861 = DIRECTION ( 'NONE',  ( -1.000000000000000000, 0.000000000000000000, -0.000000000000000000 ) ) ;
#862 = VERTEX_POINT ( 'NONE', #1440 ) ;
#863 = LINE ( 'NONE', #108, #1341 ) ;
#864 = PLANE ( 'NONE',  #553 ) ;
#865 = SURFACE_SIDE_STYLE ('',( #1121 ) ) ;
#866 = DIRECTION ( 'NONE',  ( 0.000000000000000000, -0.7071067811865474617, 0.7071067811865474617 ) ) ;
#867 = ORIENTED_EDGE ( 'NONE', *, *, #446, .T. ) ;
#868 = LINE ( 'NONE', #407, #68 ) ;
#869 = ADVANCED_FACE ( 'NONE', ( #916 ), #464, .T. ) ;
#870 = ORIENTED_EDGE ( 'NONE', *, *, #77, .T. ) ;
#871 = COLOUR_RGB ( '',0.7960784313725489669, 0.8235294117647058432, 0.9372549019607843146 ) ;
#872 = PRESENTATION_STYLE_ASSIGNMENT (( #1233 ) ) ;
#873 = CARTESIAN_POINT ( 'NONE',  ( 6.150000000000001243, 1.875000000000000000, 2.600000000000000089 ) ) ;
#874 = AXIS2_PLACEMENT_3D ( 'NONE', #697, #1538, #1187 ) ;
#875 =( LENGTH_UNIT ( ) NAMED_UNIT ( * ) SI_UNIT ( .MILLI., .METRE. ) );
#876 = VERTEX_POINT ( 'NONE', #237 ) ;
#877 = DIRECTION ( 'NONE',  ( 0.000000000000000000, -1.000000000000000000, 0.000000000000000000 ) ) ;
#878 = ORIENTED_EDGE ( 'NONE', *, *, #1396, .T. ) ;
#879 = FACE_OUTER_BOUND ( 'NONE', #1238, .T. ) ;
#880 = DIRECTION ( 'NONE',  ( 1.000000000000000000, 0.000000000000000000, -0.000000000000000000 ) ) ;
#881 = PRESENTATION_STYLE_ASSIGNMENT (( #297 ) ) ;
#882 = CARTESIAN_POINT ( 'NONE',  ( -6.099999999999998757, -2.000000000000000000, 2.725000000000000089 ) ) ;
#883 = ORIENTED_EDGE ( 'NONE', *, *, #1115, .F. ) ;
#884 = DIRECTION ( 'NONE',  ( -0.000000000000000000, 0.000000000000000000, -1.000000000000000000 ) ) ;
#885 = UNCERTAINTY_MEASURE_WITH_UNIT (LENGTH_MEASURE( 1.000000000000000082E-05 ), #1222, 'distance_accuracy_value', 'NONE');
#886 = EDGE_LOOP ( 'NONE', ( #1524, #1523, #1305, #9 ) ) ;
#887 = DIRECTION ( 'NONE',  ( 0.000000000000000000, -1.000000000000000000, 0.000000000000000000 ) ) ;
#888 = EDGE_CURVE ( 'NONE', #1539, #1202, #1449, .T. ) ;
#889 = DIRECTION ( 'NONE',  ( 0.7071067811865475727, 0.000000000000000000, -0.7071067811865475727 ) ) ;
#890 = CARTESIAN_POINT ( 'NONE',  ( 4.250000000000000888, -2.000000000000000000, 4.249999999999999112 ) ) ;
#891 = ORIENTED_EDGE ( 'NONE', *, *, #494, .T. ) ;
#892 =( NAMED_UNIT ( * ) SI_UNIT ( $, .STERADIAN. ) SOLID_ANGLE_UNIT ( ) );
#893 = EDGE_LOOP ( 'NONE', ( #1083, #670, #820, #1091 ) ) ;
#894 = COLOUR_RGB ( '',0.7960784313725489669, 0.8235294117647058432, 0.9372549019607843146 ) ;
#895 = FACE_OUTER_BOUND ( 'NONE', #1045, .T. ) ;
#896 = CARTESIAN_POINT ( 'NONE',  ( -4.250000000000000888, -2.000000000000000000, 4.249999999999999112 ) ) ;
#897 = AXIS2_PLACEMENT_3D ( 'NONE', #662, #810, #326 ) ;
#898 = CARTESIAN_POINT ( 'NONE',  ( 6.100000000000001421, -6.100000000000000533, 0.2000000000000005107 ) ) ;
#899 = DIRECTION ( 'NONE',  ( -0.000000000000000000, 1.000000000000000000, 0.000000000000000000 ) ) ;
#900 = ORIENTED_EDGE ( 'NONE', *, *, #942, .T. ) ;
#901 = PLANE ( 'NONE',  #1217 ) ;
#902 = VECTOR ( 'NONE', #225, 1000.000000000000000 ) ;
#903 = PRESENTATION_LAYER_ASSIGNMENT (  '', '', ( #630 ) ) ;
#904 =( NAMED_UNIT ( * ) SI_UNIT ( $, .STERADIAN. ) SOLID_ANGLE_UNIT ( ) );
#905 = PRESENTATION_STYLE_ASSIGNMENT (( #912 ) ) ;
#906 = CARTESIAN_POINT ( 'NONE',  ( -6.150000000000001243, 2.000000000000000000, 2.474999999999999645 ) ) ;
#907 = VERTEX_POINT ( 'NONE', #598 ) ;
#908 = PLANE ( 'NONE',  #745 ) ;
#909 = ORIENTED_EDGE ( 'NONE', *, *, #1258, .T. ) ;
#910 = CARTESIAN_POINT ( 'NONE',  ( 0.000000000000000000, 0.000000000000000000, 4.200000000000000178 ) ) ;
#911 = VERTEX_POINT ( 'NONE', #963 ) ;
#912 = SURFACE_STYLE_USAGE ( .BOTH. , #51 ) ;
#913 = DIRECTION ( 'NONE',  ( 4.886545002751571891E-16, 0.000000000000000000, -1.000000000000000000 ) ) ;
#914 = DIRECTION ( 'NONE',  ( 1.000000000000000000, -0.000000000000000000, 0.000000000000000000 ) ) ;
#915 = CARTESIAN_POINT ( 'NONE',  ( -6.099999999999998757, -1.250000000000000222, 1.975000000000000089 ) ) ;
#916 = FACE_OUTER_BOUND ( 'NONE', #1150, .T. ) ;
#917 = ORIENTED_EDGE ( 'NONE', *, *, #935, .T. ) ;
#918 = ADVANCED_FACE ( 'NONE', ( #487 ), #53, .F. ) ;
#919 = EDGE_CURVE ( 'NONE', #795, #876, #1059, .T. ) ;
#920 = CARTESIAN_POINT ( 'NONE',  ( 6.150000000000001243, 2.000000000000000000, 2.474999999999999645 ) ) ;
#921 = EDGE_CURVE ( 'NONE', #390, #599, #1166, .T. ) ;
#922 = CARTESIAN_POINT ( 'NONE',  ( -4.250000000000000888, -2.000000000000000000, 4.249999999999999112 ) ) ;
#923 = CLOSED_SHELL ( 'NONE', ( #1468, #1036, #28, #783, #1209, #269, #1280, #828, #266, #220, #1334, #1304, #1223, #593, #1517, #124, #1375, #427, #482, #161, #365, #869, #1364, #833, #715, #382, #918, #719, #614, #1541, #1105, #208, #800, #127, #1561, #471, #1215, #695, #777, #812 ) ) ;
#924 = DIRECTION ( 'NONE',  ( -0.000000000000000000, -1.000000000000000000, -0.000000000000000000 ) ) ;
#925 = MECHANICAL_DESIGN_GEOMETRIC_PRESENTATION_REPRESENTATION (  '', ( #396 ), #1239 ) ;
#926 = ORIENTED_EDGE ( 'NONE', *, *, #287, .F. ) ;
#927 = CARTESIAN_POINT ( 'NONE',  ( -6.150000000000001243, -2.000000000000000000, 2.474999999999999645 ) ) ;
#928 = STYLED_ITEM ( 'NONE', ( #1337 ), #382 ) ;
#929 = ORIENTED_EDGE ( 'NONE', *, *, #360, .F. ) ;
#930 = STYLED_ITEM ( 'NONE', ( #1354 ), #715 ) ;
#931 = UNCERTAINTY_MEASURE_WITH_UNIT (LENGTH_MEASURE( 1.000000000000000082E-05 ), #672, 'distance_accuracy_value', 'NONE');
#932 = VECTOR ( 'NONE', #1446, 1000.000000000000000 ) ;
#933 = PLANE ( 'NONE',  #577 ) ;
#934 =( GEOMETRIC_REPRESENTATION_CONTEXT ( 3 ) GLOBAL_UNCERTAINTY_ASSIGNED_CONTEXT ( ( #931 ) ) GLOBAL_UNIT_ASSIGNED_CONTEXT ( ( #672, #766, #656 ) ) REPRESENTATION_CONTEXT ( 'NONE', 'WORKASPACE' ) );
#935 = EDGE_CURVE ( 'NONE', #10, #283, #72, .T. ) ;
#936 = DIRECTION ( 'NONE',  ( -1.000000000000000000, 0.000000000000000000, 0.000000000000000000 ) ) ;
#937 = LINE ( 'NONE', #788, #1232 ) ;
#938 = ORIENTED_EDGE ( 'NONE', *, *, #1461, .T. ) ;
#939 = PLANE ( 'NONE',  #1294 ) ;
#940 = ORIENTED_EDGE ( 'NONE', *, *, #1425, .F. ) ;
#941 = DIRECTION ( 'NONE',  ( 0.000000000000000000, 0.000000000000000000, -1.000000000000000000 ) ) ;
#942 = EDGE_CURVE ( 'NONE', #1539, #681, #856, .T. ) ;
#943 = DIRECTION ( 'NONE',  ( 0.000000000000000000, -0.000000000000000000, -1.000000000000000000 ) ) ;
#944 = DIRECTION ( 'NONE',  ( 0.000000000000000000, -0.7071067811865475727, 0.7071067811865475727 ) ) ;
#945 = DIRECTION ( 'NONE',  ( 0.000000000000000000, 1.000000000000000000, 0.000000000000000000 ) ) ;
#946 = PRESENTATION_STYLE_ASSIGNMENT (( #1421 ) ) ;
#947 = VERTEX_POINT ( 'NONE', #1157 ) ;
#948 = AXIS2_PLACEMENT_3D ( 'NONE', #687, #1430, #546 ) ;
#949 =( NAMED_UNIT ( * ) PLANE_ANGLE_UNIT ( ) SI_UNIT ( $, .RADIAN. ) );
#950 = FILL_AREA_STYLE_COLOUR ( '', #137 ) ;
#951 = APPLICATION_PROTOCOL_DEFINITION ( 'draft international standard', 'automotive_design', 1998, #1365 ) ;
#952 = SURFACE_SIDE_STYLE ('',( #1471 ) ) ;
#953 = AXIS2_PLACEMENT_3D ( 'NONE', #799, #1176, #665 ) ;
#954 = ORIENTED_EDGE ( 'NONE', *, *, #1346, .T. ) ;
#955 = MECHANICAL_DESIGN_GEOMETRIC_PRESENTATION_REPRESENTATION (  '', ( #15 ), #730 ) ;
#956 = MECHANICAL_DESIGN_GEOMETRIC_PRESENTATION_REPRESENTATION (  '', ( #782 ), #252 ) ;
#957 = VECTOR ( 'NONE', #787, 999.9999999999998863 ) ;
#958 = CARTESIAN_POINT ( 'NONE',  ( -6.150000000000001243, 2.000000000000000000, 2.474999999999999645 ) ) ;
#959 = VECTOR ( 'NONE', #503, 1000.000000000000000 ) ;
#960 = CARTESIAN_POINT ( 'NONE',  ( -6.650000000000000355, 2.000000000000000000, 1.975000000000000089 ) ) ;
#961 = ORIENTED_EDGE ( 'NONE', *, *, #616, .F. ) ;
#962 = FILL_AREA_STYLE ('',( #236 ) ) ;
#963 = CARTESIAN_POINT ( 'NONE',  ( 3.999999999999999112, 2.500000000000000000, 4.200000000000000178 ) ) ;
#964 = EDGE_CURVE ( 'NONE', #628, #599, #441, .T. ) ;
#965 = ORIENTED_EDGE ( 'NONE', *, *, #489, .F. ) ;
#966 = DIRECTION ( 'NONE',  ( -0.000000000000000000, -1.000000000000000000, -0.000000000000000000 ) ) ;
#967 = VERTEX_POINT ( 'NONE', #1285 ) ;
#968 = PRODUCT_CONTEXT ( 'NONE', #1293, 'mechanical' ) ;
#969 = LINE ( 'NONE', #130, #704 ) ;
#970 = ORIENTED_EDGE ( 'NONE', *, *, #1371, .F. ) ;
#971 = EDGE_CURVE ( 'NONE', #688, #1460, #435, .T. ) ;
#972 = CARTESIAN_POINT ( 'NONE',  ( 2.033333333333334103, 2.033333333333334103, -3.866666666666666696 ) ) ;
#973 = VECTOR ( 'NONE', #436, 1000.000000000000000 ) ;
#974 = CARTESIAN_POINT ( 'NONE',  ( 6.100000000000001421, 6.100000000000000533, 4.450000000000000178 ) ) ;
#975 = ORIENTED_EDGE ( 'NONE', *, *, #1099, .T. ) ;
#976 = FILL_AREA_STYLE ('',( #720 ) ) ;
#977 = SURFACE_STYLE_USAGE ( .BOTH. , #952 ) ;
#978 = ORIENTED_EDGE ( 'NONE', *, *, #691, .F. ) ;
#979 = CARTESIAN_POINT ( 'NONE',  ( -6.099999999999998757, 1.749999999999999778, 2.474999999999999645 ) ) ;
#980 = VECTOR ( 'NONE', #1391, 1000.000000000000000 ) ;
#981 = COLOUR_RGB ( '',0.7960784313725489669, 0.8235294117647058432, 0.9372549019607843146 ) ;
#982 = SURFACE_STYLE_FILL_AREA ( #1124 ) ;
#983 = AXIS2_PLACEMENT_3D ( 'NONE', #119, #355, #851 ) ;
#984 = DIRECTION ( 'NONE',  ( 3.455309108018872665E-16, -0.7071067811865474617, -0.7071067811865474617 ) ) ;
#985 = COLOUR_RGB ( '',0.7960784313725489669, 0.8235294117647058432, 0.9372549019607843146 ) ;
#986 = ORIENTED_EDGE ( 'NONE', *, *, #737, .F. ) ;
#987 = SURFACE_STYLE_FILL_AREA ( #265 ) ;
#988 = FILL_AREA_STYLE ('',( #1225 ) ) ;
#989 = CARTESIAN_POINT ( 'NONE',  ( 0.000000000000000000, 0.000000000000000000, 4.200000000000000178 ) ) ;
#990 = EDGE_CURVE ( 'NONE', #675, #1322, #321, .T. ) ;
#991 = DIRECTION ( 'NONE',  ( 0.000000000000000000, -1.000000000000000000, 0.000000000000000000 ) ) ;
#992 = LINE ( 'NONE', #531, #356 ) ;
#993 = ORIENTED_EDGE ( 'NONE', *, *, #1071, .T. ) ;
#994 = PRESENTATION_STYLE_ASSIGNMENT (( #388 ) ) ;
#995 = EDGE_CURVE ( 'NONE', #815, #300, #1570, .T. ) ;
#996 = VERTEX_POINT ( 'NONE', #1210 ) ;
#997 = CARTESIAN_POINT ( 'NONE',  ( -6.099999999999998757, -6.100000000000000533, 0.2000000000000005107 ) ) ;
#998 = SURFACE_SIDE_STYLE ('',( #1226 ) ) ;
#999 = FILL_AREA_STYLE ('',( #509 ) ) ;
#1000 = COLOUR_RGB ( '',0.7960784313725489669, 0.8235294117647058432, 0.9372549019607843146 ) ;
#1001 = LINE ( 'NONE', #633, #555 ) ;
#1002 = VERTEX_POINT ( 'NONE', #580 ) ;
#1003 = EDGE_CURVE ( 'NONE', #1361, #1053, #1211, .T. ) ;
#1004 = ORIENTED_EDGE ( 'NONE', *, *, #759, .F. ) ;
#1005 = PRESENTATION_LAYER_ASSIGNMENT (  '', '', ( #166 ) ) ;
#1006 = FACE_OUTER_BOUND ( 'NONE', #698, .T. ) ;
#1007 = VECTOR ( 'NONE', #310, 1000.000000000000000 ) ;
#1008 =( GEOMETRIC_REPRESENTATION_CONTEXT ( 3 ) GLOBAL_UNCERTAINTY_ASSIGNED_CONTEXT ( ( #525 ) ) GLOBAL_UNIT_ASSIGNED_CONTEXT ( ( #25, #1278, #1151 ) ) REPRESENTATION_CONTEXT ( 'NONE', 'WORKASPACE' ) );
#1009 = EDGE_CURVE ( 'NONE', #1480, #1367, #845, .T. ) ;
#1010 = VECTOR ( 'NONE', #180, 1000.000000000000000 ) ;
#1011 = PLANE ( 'NONE',  #710 ) ;
#1012 = ORIENTED_EDGE ( 'NONE', *, *, #1109, .T. ) ;
#1013 = DIRECTION ( 'NONE',  ( 0.000000000000000000, -0.7071067811865474617, -0.7071067811865474617 ) ) ;
#1014 = PRESENTATION_LAYER_ASSIGNMENT (  '', '', ( #200 ) ) ;
#1015 = EDGE_CURVE ( 'NONE', #741, #1480, #110, .T. ) ;
#1016 = ORIENTED_EDGE ( 'NONE', *, *, #279, .T. ) ;
#1017 = EDGE_CURVE ( 'NONE', #1023, #205, #116, .T. ) ;
#1018 = CARTESIAN_POINT ( 'NONE',  ( 6.100000000000001421, 1.250000000000000222, 1.975000000000000089 ) ) ;
#1019 = DIRECTION ( 'NONE',  ( -0.000000000000000000, -1.000000000000000000, -0.000000000000000000 ) ) ;
#1020 = PRESENTATION_STYLE_ASSIGNMENT (( #4 ) ) ;
#1021 = DIRECTION ( 'NONE',  ( -1.000000000000000000, 0.000000000000000000, 0.000000000000000000 ) ) ;
#1022 = DIRECTION ( 'NONE',  ( 1.000000000000000000, -0.000000000000000000, -0.000000000000000000 ) ) ;
#1023 = VERTEX_POINT ( 'NONE', #1080 ) ;
#1024 = UNCERTAINTY_MEASURE_WITH_UNIT (LENGTH_MEASURE( 1.000000000000000082E-05 ), #1352, 'distance_accuracy_value', 'NONE');
#1025 =( NAMED_UNIT ( * ) SI_UNIT ( $, .STERADIAN. ) SOLID_ANGLE_UNIT ( ) );
#1026 = PRESENTATION_STYLE_ASSIGNMENT (( #685 ) ) ;
#1027 = CARTESIAN_POINT ( 'NONE',  ( 6.150000000000001243, 2.000000000000000000, 2.474999999999999645 ) ) ;
#1028 = CARTESIAN_POINT ( 'NONE',  ( 5.039339828220180451, -2.000000000000000000, 2.725000000000000089 ) ) ;
#1029 = LINE ( 'NONE', #753, #43 ) ;
#1030 = ORIENTED_EDGE ( 'NONE', *, *, #1206, .F. ) ;
#1031 = FILL_AREA_STYLE_COLOUR ( '', #476 ) ;
#1032 = VERTEX_POINT ( 'NONE', #1576 ) ;
#1033 = VECTOR ( 'NONE', #1335, 1000.000000000000000 ) ;
#1034 = COLOUR_RGB ( '',0.7960784313725489669, 0.8235294117647058432, 0.9372549019607843146 ) ;
#1035 = CARTESIAN_POINT ( 'NONE',  ( 6.150000000000000355, 2.000000000000000000, 4.249999999999999112 ) ) ;
#1036 = ADVANCED_FACE ( 'NONE', ( #1563, #6 ), #694, .F. ) ;
#1037 = DIRECTION ( 'NONE',  ( -1.000000000000000000, 0.000000000000000000, -0.000000000000000000 ) ) ;
#1038 = AXIS2_PLACEMENT_3D ( 'NONE', #484, #847, #460 ) ;
#1039 = VECTOR ( 'NONE', #860, 1000.000000000000000 ) ;
#1040 = PRESENTATION_STYLE_ASSIGNMENT (( #1158 ) ) ;
#1041 = ORIENTED_EDGE ( 'NONE', *, *, #1003, .T. ) ;
#1042 = PRESENTATION_STYLE_ASSIGNMENT (( #1201 ) ) ;
#1043 = AXIS2_PLACEMENT_3D ( 'NONE', #379, #126, #752 ) ;
#1044 =( GEOMETRIC_REPRESENTATION_CONTEXT ( 3 ) GLOBAL_UNCERTAINTY_ASSIGNED_CONTEXT ( ( #1181 ) ) GLOBAL_UNIT_ASSIGNED_CONTEXT ( ( #154, #1149, #175 ) ) REPRESENTATION_CONTEXT ( 'NONE', 'WORKASPACE' ) );
#1045 = EDGE_LOOP ( 'NONE', ( #818, #456, #574, #401 ) ) ;
#1046 = DIRECTION ( 'NONE',  ( -1.000000000000000000, 0.000000000000000000, 0.000000000000000000 ) ) ;
#1047 = FILL_AREA_STYLE_COLOUR ( '', #836 ) ;
#1048 = DIRECTION ( 'NONE',  ( 0.000000000000000000, 0.000000000000000000, 1.000000000000000000 ) ) ;
#1049 = CARTESIAN_POINT ( 'NONE',  ( 6.100000000000001421, -1.749999999999999778, 2.474999999999999645 ) ) ;
#1050 = EDGE_CURVE ( 'NONE', #1032, #628, #595, .T. ) ;
#1051 = CARTESIAN_POINT ( 'NONE',  ( -4.250000000000000888, 2.000000000000000000, 4.750000000000000000 ) ) ;
#1052 = ORIENTED_EDGE ( 'NONE', *, *, #287, .T. ) ;
#1053 = VERTEX_POINT ( 'NONE', #718 ) ;
#1054 = UNCERTAINTY_MEASURE_WITH_UNIT (LENGTH_MEASURE( 1.000000000000000082E-05 ), #638, 'distance_accuracy_value', 'NONE');
#1055 = EDGE_CURVE ( 'NONE', #1480, #789, #104, .T. ) ;
#1056 = CARTESIAN_POINT ( 'NONE',  ( 6.100000000000001421, 6.100000000000000533, 0.2000000000000005107 ) ) ;
#1057 = DIRECTION ( 'NONE',  ( 0.000000000000000000, -0.000000000000000000, 1.000000000000000000 ) ) ;
#1058 =( NAMED_UNIT ( * ) SI_UNIT ( $, .STERADIAN. ) SOLID_ANGLE_UNIT ( ) );
#1059 = LINE ( 'NONE', #1269, #1558 ) ;
#1060 =( NAMED_UNIT ( * ) PLANE_ANGLE_UNIT ( ) SI_UNIT ( $, .RADIAN. ) );
#1061 = CARTESIAN_POINT ( 'NONE',  ( 6.150000000000001243, -2.000000000000000000, 2.474999999999999645 ) ) ;
#1062 = SURFACE_STYLE_FILL_AREA ( #75 ) ;
#1063 = VERTEX_POINT ( 'NONE', #586 ) ;
#1064 = LINE ( 'NONE', #793, #273 ) ;
#1065 = PLANE ( 'NONE',  #834 ) ;
#1066 = MECHANICAL_DESIGN_GEOMETRIC_PRESENTATION_REPRESENTATION (  '', ( #166 ), #374 ) ;
#1067 = ORIENTED_EDGE ( 'NONE', *, *, #767, .T. ) ;
#1068 = CARTESIAN_POINT ( 'NONE',  ( -6.099999999999997868, -2.500000000000000000, 4.200000000000000178 ) ) ;
#1069 = VECTOR ( 'NONE', #561, 1000.000000000000000 ) ;
#1070 = ORIENTED_EDGE ( 'NONE', *, *, #336, .F. ) ;
#1071 = EDGE_CURVE ( 'NONE', #303, #283, #209, .T. ) ;
#1072 = CARTESIAN_POINT ( 'NONE',  ( 6.099999999999997868, 2.500000000000000000, 4.200000000000000178 ) ) ;
#1073 = FILL_AREA_STYLE ('',( #731 ) ) ;
#1074 = CARTESIAN_POINT ( 'NONE',  ( -6.650000000000000355, 2.000000000000000000, 4.750000000000000000 ) ) ;
#1075 = EDGE_CURVE ( 'NONE', #797, #862, #345, .T. ) ;
#1076 = ORIENTED_EDGE ( 'NONE', *, *, #380, .F. ) ;
#1077 = VERTEX_POINT ( 'NONE', #1097 ) ;
#1078 = DIRECTION ( 'NONE',  ( 1.000000000000000000, 0.000000000000000000, 0.000000000000000000 ) ) ;
#1079 = DIRECTION ( 'NONE',  ( -0.000000000000000000, -1.000000000000000000, -0.000000000000000000 ) ) ;
#1080 = CARTESIAN_POINT ( 'NONE',  ( -6.150000000000001243, -2.000000000000000000, 2.725000000000000089 ) ) ;
#1081 = CARTESIAN_POINT ( 'NONE',  ( -6.099999999999998757, -6.100000000000000533, 4.450000000000000178 ) ) ;
#1082 =( LENGTH_UNIT ( ) NAMED_UNIT ( * ) SI_UNIT ( .MILLI., .METRE. ) );
#1083 = ORIENTED_EDGE ( 'NONE', *, *, #921, .F. ) ;
#1084 =( GEOMETRIC_REPRESENTATION_CONTEXT ( 3 ) GLOBAL_UNCERTAINTY_ASSIGNED_CONTEXT ( ( #619 ) ) GLOBAL_UNIT_ASSIGNED_CONTEXT ( ( #1438, #248, #596 ) ) REPRESENTATION_CONTEXT ( 'NONE', 'WORKASPACE' ) );
#1085 = CARTESIAN_POINT ( 'NONE',  ( -3.749999999999999112, 2.750000000000000000, 4.450000000000000178 ) ) ;
#1086 =( NAMED_UNIT ( * ) PLANE_ANGLE_UNIT ( ) SI_UNIT ( $, .RADIAN. ) );
#1087 = CARTESIAN_POINT ( 'NONE',  ( -3.999999999999999112, 2.500000000000000000, 4.200000000000000178 ) ) ;
#1088 = EDGE_LOOP ( 'NONE', ( #926, #1207, #178, #176, #780, #190, #1246, #1300 ) ) ;
#1089 = DIRECTION ( 'NONE',  ( -0.5773502691896257311, 0.5773502691896257311, 0.5773502691896257311 ) ) ;
#1090 = COLOUR_RGB ( '',0.7960784313725489669, 0.8235294117647058432, 0.9372549019607843146 ) ;
#1091 = ORIENTED_EDGE ( 'NONE', *, *, #964, .T. ) ;
#1092 = COLOUR_RGB ( '',0.7960784313725489669, 0.8235294117647058432, 0.9372549019607843146 ) ;
#1093 = CIRCLE ( 'NONE', #627, 0.2500000000000002220 ) ;
#1094 = CARTESIAN_POINT ( 'NONE',  ( 3.896446609406725159, 2.603553390593273509, 4.450000000000000178 ) ) ;
#1095 = VECTOR ( 'NONE', #159, 1000.000000000000000 ) ;
#1096 = LINE ( 'NONE', #972, #751 ) ;
#1097 = CARTESIAN_POINT ( 'NONE',  ( 6.100000000000001421, 6.100000000000000533, 0.2000000000000005107 ) ) ;
#1098 = FACE_OUTER_BOUND ( 'NONE', #238, .T. ) ;
#1099 = EDGE_CURVE ( 'NONE', #432, #227, #1463, .T. ) ;
#1100 = ORIENTED_EDGE ( 'NONE', *, *, #888, .F. ) ;
#1101 =( NAMED_UNIT ( * ) SI_UNIT ( $, .STERADIAN. ) SOLID_ANGLE_UNIT ( ) );
#1102 = PRESENTATION_STYLE_ASSIGNMENT (( #1490 ) ) ;
#1103 =( NAMED_UNIT ( * ) SI_UNIT ( $, .STERADIAN. ) SOLID_ANGLE_UNIT ( ) );
#1104 = ORIENTED_EDGE ( 'NONE', *, *, #1126, .T. ) ;
#1105 = ADVANCED_FACE ( 'NONE', ( #453 ), #1065, .T. ) ;
#1106 = SURFACE_SIDE_STYLE ('',( #982 ) ) ;
#1107 = FACE_OUTER_BOUND ( 'NONE', #1, .T. ) ;
#1108 = CARTESIAN_POINT ( 'NONE',  ( -2.033333333333331439, 2.033333333333334103, -3.866666666666666696 ) ) ;
#1109 = EDGE_CURVE ( 'NONE', #803, #1431, #352, .T. ) ;
#1110 = STYLED_ITEM ( 'NONE', ( #1448 ), #124 ) ;
#1111 = ORIENTED_EDGE ( 'NONE', *, *, #1425, .T. ) ;
#1112 = PRESENTATION_STYLE_ASSIGNMENT (( #333 ) ) ;
#1113 = COLOUR_RGB ( '',0.2509803921568627416, 0.2509803921568627416, 0.2509803921568627416 ) ;
#1114 =( GEOMETRIC_REPRESENTATION_CONTEXT ( 3 ) GLOBAL_UNCERTAINTY_ASSIGNED_CONTEXT ( ( #1263 ) ) GLOBAL_UNIT_ASSIGNED_CONTEXT ( ( #535, #433, #1025 ) ) REPRESENTATION_CONTEXT ( 'NONE', 'WORKASPACE' ) );
#1115 = EDGE_CURVE ( 'NONE', #1159, #1431, #838, .T. ) ;
#1116 = VECTOR ( 'NONE', #466, 1000.000000000000000 ) ;
#1117 = LINE ( 'NONE', #151, #680 ) ;
#1118 = VECTOR ( 'NONE', #936, 1000.000000000000000 ) ;
#1119 = CARTESIAN_POINT ( 'NONE',  ( -6.100000000000001421, 1.749999999999999778, 2.474999999999999645 ) ) ;
#1120 = AXIS2_PLACEMENT_3D ( 'NONE', #1035, #1057, #880 ) ;
#1121 = SURFACE_STYLE_FILL_AREA ( #288 ) ;
#1122 = UNCERTAINTY_MEASURE_WITH_UNIT (LENGTH_MEASURE( 1.000000000000000082E-05 ), #557, 'distance_accuracy_value', 'NONE');
#1123 = EDGE_LOOP ( 'NONE', ( #620, #1565, #565, #155 ) ) ;
#1124 = FILL_AREA_STYLE ('',( #645 ) ) ;
#1125 = LINE ( 'NONE', #1503, #734 ) ;
#1126 = EDGE_CURVE ( 'NONE', #24, #1412, #367, .T. ) ;
#1127 = CARTESIAN_POINT ( 'NONE',  ( -6.099999999999998757, -6.100000000000000533, 0.2000000000000005107 ) ) ;
#1128 = CARTESIAN_POINT ( 'NONE',  ( -4.250000000000000888, -2.000000000000000000, 4.750000000000000000 ) ) ;
#1129 = VERTEX_POINT ( 'NONE', #1429 ) ;
#1130 =( LENGTH_UNIT ( ) NAMED_UNIT ( * ) SI_UNIT ( .MILLI., .METRE. ) );
#1131 = LINE ( 'NONE', #1479, #141 ) ;
#1132 = SURFACE_STYLE_USAGE ( .BOTH. , #173 ) ;
#1133 = FACE_OUTER_BOUND ( 'NONE', #1142, .T. ) ;
#1134 = ORIENTED_EDGE ( 'NONE', *, *, #49, .T. ) ;
#1135 = UNCERTAINTY_MEASURE_WITH_UNIT (LENGTH_MEASURE( 1.000000000000000082E-05 ), #426, 'distance_accuracy_value', 'NONE');
#1136 = AXIS2_PLACEMENT_3D ( 'NONE', #713, #376, #1204 ) ;
#1137 = PRESENTATION_STYLE_ASSIGNMENT (( #378 ) ) ;
#1138 = CARTESIAN_POINT ( 'NONE',  ( 6.650000000000000355, 2.000000000000000000, 1.975000000000000089 ) ) ;
#1139 = COLOUR_RGB ( '',0.7960784313725489669, 0.8235294117647058432, 0.9372549019607843146 ) ;
#1140 =( NAMED_UNIT ( * ) SI_UNIT ( $, .STERADIAN. ) SOLID_ANGLE_UNIT ( ) );
#1141 = PRESENTATION_LAYER_ASSIGNMENT (  '', '', ( #254 ) ) ;
#1142 = EDGE_LOOP ( 'NONE', ( #1506, #309, #221, #538 ) ) ;
#1143 = LINE ( 'NONE', #185, #1194 ) ;
#1144 = COLOUR_RGB ( '',0.7960784313725489669, 0.8235294117647058432, 0.9372549019607843146 ) ;
#1145 = VERTEX_POINT ( 'NONE', #337 ) ;
#1146 = FACE_OUTER_BOUND ( 'NONE', #1497, .T. ) ;
#1147 = CARTESIAN_POINT ( 'NONE',  ( -6.150000000000000355, -2.000000000000000000, 4.249999999999999112 ) ) ;
#1148 = FILL_AREA_STYLE ('',( #1047 ) ) ;
#1149 =( NAMED_UNIT ( * ) PLANE_ANGLE_UNIT ( ) SI_UNIT ( $, .RADIAN. ) );
#1150 = EDGE_LOOP ( 'NONE', ( #1559, #1070, #1067, #532 ) ) ;
#1151 =( NAMED_UNIT ( * ) SI_UNIT ( $, .STERADIAN. ) SOLID_ANGLE_UNIT ( ) );
#1152 = EDGE_LOOP ( 'NONE', ( #316, #1433, #1314, #362 ) ) ;
#1153 = EDGE_CURVE ( 'NONE', #1145, #1023, #817, .T. ) ;
#1154 = CARTESIAN_POINT ( 'NONE',  ( -6.099999999999998757, -6.100000000000000533, 0.2000000000000005107 ) ) ;
#1155 = CARTESIAN_POINT ( 'NONE',  ( 4.250000000000000888, 2.000000000000000000, 4.249999999999999112 ) ) ;
#1156 = CARTESIAN_POINT ( 'NONE',  ( -6.650000000000000355, 2.000000000000000000, 1.975000000000000089 ) ) ;
#1157 = CARTESIAN_POINT ( 'NONE',  ( -6.150000000000000355, 2.000000000000000000, 4.249999999999999112 ) ) ;
#1158 = SURFACE_STYLE_USAGE ( .BOTH. , #429 ) ;
#1159 = VERTEX_POINT ( 'NONE', #1234 ) ;
#1160 = DIRECTION ( 'NONE',  ( -0.000000000000000000, 1.000000000000000000, 0.000000000000000000 ) ) ;
#1161 = ORIENTED_EDGE ( 'NONE', *, *, #1183, .T. ) ;
#1162 = AXIS2_PLACEMENT_3D ( 'NONE', #1303, #543, #1037 ) ;
#1163 =( NAMED_UNIT ( * ) SI_UNIT ( $, .STERADIAN. ) SOLID_ANGLE_UNIT ( ) );
#1164 = FILL_AREA_STYLE_COLOUR ( '', #1034 ) ;
#1165 = PRESENTATION_LAYER_ASSIGNMENT (  '', '', ( #830 ) ) ;
#1166 = LINE ( 'NONE', #174, #1422 ) ;
#1167 = STYLED_ITEM ( 'NONE', ( #1042 ), #869 ) ;
#1168 = ORIENTED_EDGE ( 'NONE', *, *, #311, .T. ) ;
#1169 = ORIENTED_EDGE ( 'NONE', *, *, #1501, .T. ) ;
#1170 =( NAMED_UNIT ( * ) SI_UNIT ( $, .STERADIAN. ) SOLID_ANGLE_UNIT ( ) );
#1171 = EDGE_CURVE ( 'NONE', #1312, #1509, #1093, .T. ) ;
#1172 = VECTOR ( 'NONE', #1327, 1000.000000000000000 ) ;
#1173 = VECTOR ( 'NONE', #648, 1000.000000000000000 ) ;
#1174 = ORIENTED_EDGE ( 'NONE', *, *, #389, .T. ) ;
#1175 = CARTESIAN_POINT ( 'NONE',  ( 4.250000000000000888, -2.000000000000000000, 4.750000000000000000 ) ) ;
#1176 = DIRECTION ( 'NONE',  ( 0.000000000000000000, 0.000000000000000000, -1.000000000000000000 ) ) ;
#1177 = CARTESIAN_POINT ( 'NONE',  ( 6.100000000000001421, 2.749999999999996447, 4.450000000000000178 ) ) ;
#1178 = ORIENTED_EDGE ( 'NONE', *, *, #446, .F. ) ;
#1179 = FACE_OUTER_BOUND ( 'NONE', #231, .T. ) ;
#1180 = EDGE_LOOP ( 'NONE', ( #420, #1556, #954, #649, #48, #1161 ) ) ;
#1181 = UNCERTAINTY_MEASURE_WITH_UNIT (LENGTH_MEASURE( 1.000000000000000082E-05 ), #154, 'distance_accuracy_value', 'NONE');
#1182 =( NAMED_UNIT ( * ) PLANE_ANGLE_UNIT ( ) SI_UNIT ( $, .RADIAN. ) );
#1183 = EDGE_CURVE ( 'NONE', #1367, #205, #1131, .T. ) ;
#1184 = DIRECTION ( 'NONE',  ( 1.000000000000000000, -0.000000000000000000, 4.886545002751571891E-16 ) ) ;
#1185 = DIRECTION ( 'NONE',  ( -1.000000000000000000, -0.000000000000000000, -0.000000000000000000 ) ) ;
#1186 = ORIENTED_EDGE ( 'NONE', *, *, #1240, .T. ) ;
#1187 = DIRECTION ( 'NONE',  ( 1.000000000000000000, 0.000000000000000000, -0.000000000000000000 ) ) ;
#1188 = ORIENTED_EDGE ( 'NONE', *, *, #368, .T. ) ;
#1189 = SURFACE_STYLE_FILL_AREA ( #1148 ) ;
#1190 = CARTESIAN_POINT ( 'NONE',  ( 6.100000000000001421, -6.100000000000000533, 4.450000000000000178 ) ) ;
#1191 = SURFACE_STYLE_FILL_AREA ( #405 ) ;
#1192 = EDGE_LOOP ( 'NONE', ( #917, #56, #1076, #965 ) ) ;
#1193 = FILL_AREA_STYLE_COLOUR ( '', #1476 ) ;
#1194 = VECTOR ( 'NONE', #790, 1000.000000000000114 ) ;
#1195 = ORIENTED_EDGE ( 'NONE', *, *, #29, .T. ) ;
#1196 = VECTOR ( 'NONE', #485, 1000.000000000000000 ) ;
#1197 = PRESENTATION_LAYER_ASSIGNMENT (  '', '', ( #683 ) ) ;
#1198 = LINE ( 'NONE', #213, #1116 ) ;
#1199 = DIRECTION ( 'NONE',  ( -0.000000000000000000, -0.7071067811865475727, -0.7071067811865475727 ) ) ;
#1200 = DIRECTION ( 'NONE',  ( 1.000000000000000000, 0.000000000000000000, 0.000000000000000000 ) ) ;
#1201 = SURFACE_STYLE_USAGE ( .BOTH. , #229 ) ;
#1202 = VERTEX_POINT ( 'NONE', #974 ) ;
#1203 = CARTESIAN_POINT ( 'NONE',  ( 3.999999999999999112, -2.500000000000000000, 4.200000000000000178 ) ) ;
#1204 = DIRECTION ( 'NONE',  ( 0.000000000000000000, -0.000000000000000000, -1.000000000000000000 ) ) ;
#1205 =( NAMED_UNIT ( * ) PLANE_ANGLE_UNIT ( ) SI_UNIT ( $, .RADIAN. ) );
#1206 = EDGE_CURVE ( 'NONE', #1431, #571, #491, .T. ) ;
#1207 = ORIENTED_EDGE ( 'NONE', *, *, #409, .T. ) ;
#1208 = SURFACE_STYLE_FILL_AREA ( #1073 ) ;
#1209 = ADVANCED_FACE ( 'NONE', ( #136 ), #864, .F. ) ;
#1210 = CARTESIAN_POINT ( 'NONE',  ( 6.650000000000000355, 2.000000000000000000, 4.750000000000000000 ) ) ;
#1211 =( BOUNDED_CURVE ( )  B_SPLINE_CURVE ( 3, ( #1310, #712, #604, #1203 ),
 .UNSPECIFIED., .F., .T. ) 
 B_SPLINE_CURVE_WITH_KNOTS ( ( 4, 4 ),
 ( 1.570796326794896558, 3.141592653589793116 ),
 .UNSPECIFIED. ) 
 CURVE ( )  GEOMETRIC_REPRESENTATION_ITEM ( )  RATIONAL_B_SPLINE_CURVE ( ( 1.000000000000000000, 0.8047378541243649375, 0.8047378541243649375, 1.000000000000000000 ) ) 
 REPRESENTATION_ITEM ( '' )  );
#1212 = SURFACE_STYLE_FILL_AREA ( #976 ) ;
#1213 = FACE_OUTER_BOUND ( 'NONE', #381, .T. ) ;
#1214 = ORIENTED_EDGE ( 'NONE', *, *, #1050, .F. ) ;
#1215 = ADVANCED_FACE ( 'NONE', ( #1221 ), #757, .T. ) ;
#1216 = VECTOR ( 'NONE', #1046, 1000.000000000000000 ) ;
#1217 = AXIS2_PLACEMENT_3D ( 'NONE', #165, #1386, #1013 ) ;
#1218 = VECTOR ( 'NONE', #966, 1000.000000000000000 ) ;
#1219 = VECTOR ( 'NONE', #1245, 1000.000000000000000 ) ;
#1220 = CARTESIAN_POINT ( 'NONE',  ( 6.150000000000001243, 2.000000000000000000, 2.725000000000000089 ) ) ;
#1221 = FACE_OUTER_BOUND ( 'NONE', #74, .T. ) ;
#1222 =( LENGTH_UNIT ( ) NAMED_UNIT ( * ) SI_UNIT ( .MILLI., .METRE. ) );
#1223 = ADVANCED_FACE ( 'NONE', ( #1107 ), #271, .F. ) ;
#1224 = VERTEX_POINT ( 'NONE', #256 ) ;
#1225 = FILL_AREA_STYLE_COLOUR ( '', #1390 ) ;
#1226 = SURFACE_STYLE_FILL_AREA ( #496 ) ;
#1227 = APPLICATION_PROTOCOL_DEFINITION ( 'draft international standard', 'automotive_design', 1998, #1293 ) ;
#1228 = DIRECTION ( 'NONE',  ( -3.455309108018873158E-16, -0.7071067811865474617, -0.7071067811865474617 ) ) ;
#1229 = ORIENTED_EDGE ( 'NONE', *, *, #245, .T. ) ;
#1230 = CARTESIAN_POINT ( 'NONE',  ( -6.099999999999997868, -2.750000000000000000, 4.200000000000000178 ) ) ;
#1231 = EDGE_CURVE ( 'NONE', #348, #390, #1243, .T. ) ;
#1232 = VECTOR ( 'NONE', #1276, 1000.000000000000000 ) ;
#1233 = SURFACE_STYLE_USAGE ( .BOTH. , #750 ) ;
#1234 = CARTESIAN_POINT ( 'NONE',  ( 4.250000000000000888, 2.000000000000000000, 4.249999999999999112 ) ) ;
#1235 =( LENGTH_UNIT ( ) NAMED_UNIT ( * ) SI_UNIT ( .MILLI., .METRE. ) );
#1236 = DIRECTION ( 'NONE',  ( 0.000000000000000000, 0.7071067811865474617, -0.7071067811865474617 ) ) ;
#1237 = VECTOR ( 'NONE', #607, 1000.000000000000114 ) ;
#1238 = EDGE_LOOP ( 'NONE', ( #86, #1537, #1104, #278 ) ) ;
#1239 =( GEOMETRIC_REPRESENTATION_CONTEXT ( 3 ) GLOBAL_UNCERTAINTY_ASSIGNED_CONTEXT ( ( #292 ) ) GLOBAL_UNIT_ASSIGNED_CONTEXT ( ( #1235, #693, #81 ) ) REPRESENTATION_CONTEXT ( 'NONE', 'WORKASPACE' ) );
#1240 = EDGE_CURVE ( 'NONE', #1312, #1053, #1125, .T. ) ;
#1241 = AXIS2_PLACEMENT_3D ( 'NONE', #1262, #1254, #884 ) ;
#1242 = STYLED_ITEM ( 'NONE', ( #721 ), #918 ) ;
#1243 = LINE ( 'NONE', #873, #1477 ) ;
#1244 = VECTOR ( 'NONE', #866, 1000.000000000000114 ) ;
#1245 = DIRECTION ( 'NONE',  ( -1.000000000000000000, -0.000000000000000000, -0.000000000000000000 ) ) ;
#1246 = ORIENTED_EDGE ( 'NONE', *, *, #523, .F. ) ;
#1247 =( NAMED_UNIT ( * ) PLANE_ANGLE_UNIT ( ) SI_UNIT ( $, .RADIAN. ) );
#1248 = ORIENTED_EDGE ( 'NONE', *, *, #373, .F. ) ;
#1249 = DIRECTION ( 'NONE',  ( -0.5773502691896257311, -0.5773502691896257311, 0.5773502691896257311 ) ) ;
#1250 = FILL_AREA_STYLE_COLOUR ( '', #985 ) ;
#1251 = LINE ( 'NONE', #744, #705 ) ;
#1252 = CARTESIAN_POINT ( 'NONE',  ( 0.000000000000000000, -2.000000000000000000, 0.000000000000000000 ) ) ;
#1253 = ORIENTED_EDGE ( 'NONE', *, *, #317, .F. ) ;
#1254 = DIRECTION ( 'NONE',  ( 0.000000000000000000, -1.000000000000000000, -0.000000000000000000 ) ) ;
#1255 = ORIENTED_EDGE ( 'NONE', *, *, #1183, .F. ) ;
#1256 = DIRECTION ( 'NONE',  ( -0.000000000000000000, 0.000000000000000000, -1.000000000000000000 ) ) ;
#1257 = FILL_AREA_STYLE_COLOUR ( '', #1453 ) ;
#1258 = EDGE_CURVE ( 'NONE', #1202, #795, #1351, .T. ) ;
#1259 =( GEOMETRIC_REPRESENTATION_CONTEXT ( 3 ) GLOBAL_UNCERTAINTY_ASSIGNED_CONTEXT ( ( #1549 ) ) GLOBAL_UNIT_ASSIGNED_CONTEXT ( ( #330, #1060, #1564 ) ) REPRESENTATION_CONTEXT ( 'NONE', 'WORKASPACE' ) );
#1260 = DIRECTION ( 'NONE',  ( 1.000000000000000000, 0.000000000000000000, 0.000000000000000000 ) ) ;
#1261 = ORIENTED_EDGE ( 'NONE', *, *, #29, .F. ) ;
#1262 = CARTESIAN_POINT ( 'NONE',  ( 0.000000000000000000, 2.000000000000000000, 0.000000000000000000 ) ) ;
#1263 = UNCERTAINTY_MEASURE_WITH_UNIT (LENGTH_MEASURE( 1.000000000000000082E-05 ), #535, 'distance_accuracy_value', 'NONE');
#1264 = ORIENTED_EDGE ( 'NONE', *, *, #1466, .T. ) ;
#1265 = MECHANICAL_DESIGN_GEOMETRIC_PRESENTATION_REPRESENTATION (  '', ( #647 ), #1316 ) ;
#1266 = CARTESIAN_POINT ( 'NONE',  ( -6.099999999999998757, -6.100000000000000533, 4.450000000000000178 ) ) ;
#1267 = COLOUR_RGB ( '',0.7960784313725489669, 0.8235294117647058432, 0.9372549019607843146 ) ;
#1268 = VECTOR ( 'NONE', #384, 1000.000000000000000 ) ;
#1269 = CARTESIAN_POINT ( 'NONE',  ( -6.099999999999998757, 6.100000000000000533, 4.450000000000000178 ) ) ;
#1270 = CARTESIAN_POINT ( 'NONE',  ( 6.100000000000001421, -6.100000000000000533, 4.450000000000000178 ) ) ;
#1271 = VERTEX_POINT ( 'NONE', #27 ) ;
#1272 = CARTESIAN_POINT ( 'NONE',  ( -6.650000000000000355, 2.000000000000000000, 2.725000000000000089 ) ) ;
#1273 = VERTEX_POINT ( 'NONE', #612 ) ;
#1274 = LINE ( 'NONE', #1266, #1069 ) ;
#1275 = EDGE_CURVE ( 'NONE', #1063, #688, #743, .T. ) ;
#1276 = DIRECTION ( 'NONE',  ( -0.000000000000000000, -0.000000000000000000, -1.000000000000000000 ) ) ;
#1277 = ORIENTED_EDGE ( 'NONE', *, *, #1171, .F. ) ;
#1278 =( NAMED_UNIT ( * ) PLANE_ANGLE_UNIT ( ) SI_UNIT ( $, .RADIAN. ) );
#1279 = EDGE_LOOP ( 'NONE', ( #1052, #1547, #36, #938 ) ) ;
#1280 = ADVANCED_FACE ( 'NONE', ( #394 ), #502, .T. ) ;
#1281 = SURFACE_STYLE_USAGE ( .BOTH. , #170 ) ;
#1282 = DIRECTION ( 'NONE',  ( -1.000000000000000000, 0.000000000000000000, 0.000000000000000000 ) ) ;
#1283 = EDGE_CURVE ( 'NONE', #911, #681, #172, .T. ) ;
#1284 = LINE ( 'NONE', #1542, #677 ) ;
#1285 = CARTESIAN_POINT ( 'NONE',  ( 6.150000000000000355, 2.000000000000000000, 4.249999999999999112 ) ) ;
#1286 = ORIENTED_EDGE ( 'NONE', *, *, #1015, .T. ) ;
#1287 = ORIENTED_EDGE ( 'NONE', *, *, #822, .F. ) ;
#1288 = CARTESIAN_POINT ( 'NONE',  ( -6.099999999999998757, -6.100000000000000533, 0.2000000000000005107 ) ) ;
#1289 = VERTEX_POINT ( 'NONE', #1511 ) ;
#1290 = MECHANICAL_DESIGN_GEOMETRIC_PRESENTATION_REPRESENTATION (  '', ( #115 ), #573 ) ;
#1291 = SURFACE_SIDE_STYLE ('',( #188 ) ) ;
#1292 = VECTOR ( 'NONE', #631, 1000.000000000000000 ) ;
#1293 = APPLICATION_CONTEXT ( 'automotive_design' ) ;
#1294 = AXIS2_PLACEMENT_3D ( 'NONE', #1288, #1297, #679 ) ;
#1295 =( LENGTH_UNIT ( ) NAMED_UNIT ( * ) SI_UNIT ( .MILLI., .METRE. ) );
#1296 = ORIENTED_EDGE ( 'NONE', *, *, #589, .T. ) ;
#1297 = DIRECTION ( 'NONE',  ( -0.7071067811865475727, 0.000000000000000000, -0.7071067811865475727 ) ) ;
#1298 =( GEOMETRIC_REPRESENTATION_CONTEXT ( 3 ) GLOBAL_UNCERTAINTY_ASSIGNED_CONTEXT ( ( #1054 ) ) GLOBAL_UNIT_ASSIGNED_CONTEXT ( ( #638, #1355, #625 ) ) REPRESENTATION_CONTEXT ( 'NONE', 'WORKASPACE' ) );
#1299 = VECTOR ( 'NONE', #899, 1000.000000000000000 ) ;
#1300 = ORIENTED_EDGE ( 'NONE', *, *, #1531, .T. ) ;
#1301 = PRESENTATION_STYLE_ASSIGNMENT (( #1281 ) ) ;
#1302 = FACE_OUTER_BOUND ( 'NONE', #1336, .T. ) ;
#1303 = CARTESIAN_POINT ( 'NONE',  ( 6.100000000000001421, 2.000000000000000000, 2.474999999999999645 ) ) ;
#1304 = ADVANCED_FACE ( 'NONE', ( #895 ), #1528, .F. ) ;
#1305 = ORIENTED_EDGE ( 'NONE', *, *, #409, .F. ) ;
#1306 = PLANE ( 'NONE',  #874 ) ;
#1307 = ORIENTED_EDGE ( 'NONE', *, *, #921, .T. ) ;
#1308 = FILL_AREA_STYLE_COLOUR ( '', #1139 ) ;
#1309 = FACE_OUTER_BOUND ( 'NONE', #893, .T. ) ;
#1310 = CARTESIAN_POINT ( 'NONE',  ( 3.749999999999999112, -2.750000000000000000, 4.450000000000000178 ) ) ;
#1311 =( NAMED_UNIT ( * ) SI_UNIT ( $, .STERADIAN. ) SOLID_ANGLE_UNIT ( ) );
#1312 = VERTEX_POINT ( 'NONE', #774 ) ;
#1313 = CARTESIAN_POINT ( 'NONE',  ( 6.100000000000001421, 1.749999999999999778, 2.474999999999999645 ) ) ;
#1314 = ORIENTED_EDGE ( 'NONE', *, *, #919, .F. ) ;
#1315 = PLANE ( 'NONE',  #1241 ) ;
#1316 =( GEOMETRIC_REPRESENTATION_CONTEXT ( 3 ) GLOBAL_UNCERTAINTY_ASSIGNED_CONTEXT ( ( #1135 ) ) GLOBAL_UNIT_ASSIGNED_CONTEXT ( ( #426, #786, #1058 ) ) REPRESENTATION_CONTEXT ( 'NONE', 'WORKASPACE' ) );
#1317 = CARTESIAN_POINT ( 'NONE',  ( 5.039339828220180451, -1.250000000000000222, 1.975000000000000089 ) ) ;
#1318 = VECTOR ( 'NONE', #507, 1000.000000000000114 ) ;
#1319 = LINE ( 'NONE', #250, #544 ) ;
#1320 = SURFACE_STYLE_FILL_AREA ( #347 ) ;
#1321 = VECTOR ( 'NONE', #156, 1000.000000000000000 ) ;
#1322 = VERTEX_POINT ( 'NONE', #663 ) ;
#1323 = VECTOR ( 'NONE', #814, 1000.000000000000000 ) ;
#1324 = STYLED_ITEM ( 'NONE', ( #1020 ), #1375 ) ;
#1325 = LINE ( 'NONE', #621, #120 ) ;
#1326 = EDGE_CURVE ( 'NONE', #128, #348, #415, .T. ) ;
#1327 = DIRECTION ( 'NONE',  ( -1.000000000000000000, 0.000000000000000000, 0.000000000000000000 ) ) ;
#1328 = LINE ( 'NONE', #1081, #1033 ) ;
#1329 = SURFACE_STYLE_USAGE ( .BOTH. , #251 ) ;
#1330 = ORIENTED_EDGE ( 'NONE', *, *, #807, .F. ) ;
#1331 = EDGE_CURVE ( 'NONE', #996, #128, #59, .T. ) ;
#1332 = CARTESIAN_POINT ( 'NONE',  ( 6.150000000000000355, 2.000000000000000000, 4.249999999999999112 ) ) ;
#1333 = CARTESIAN_POINT ( 'NONE',  ( 6.150000000000000355, -2.000000000000000000, 4.249999999999999112 ) ) ;
#1334 = ADVANCED_FACE ( 'NONE', ( #542 ), #562, .F. ) ;
#1335 = DIRECTION ( 'NONE',  ( -0.000000000000000000, -1.000000000000000000, -0.000000000000000000 ) ) ;
#1336 = EDGE_LOOP ( 'NONE', ( #202, #323, #539, #1330, #387, #94 ) ) ;
#1337 = PRESENTATION_STYLE_ASSIGNMENT (( #1462 ) ) ;
#1338 = LINE ( 'NONE', #1347, #270 ) ;
#1339 = SURFACE_STYLE_FILL_AREA ( #363 ) ;
#1340 = ORIENTED_EDGE ( 'NONE', *, *, #759, .T. ) ;
#1341 = VECTOR ( 'NONE', #748, 1000.000000000000114 ) ;
#1342 = AXIS2_PLACEMENT_3D ( 'NONE', #1190, #89, #725 ) ;
#1343 = AXIS2_PLACEMENT_3D ( 'NONE', #418, #1356, #298 ) ;
#1344 = DIRECTION ( 'NONE',  ( 0.000000000000000000, 1.000000000000000000, 0.000000000000000000 ) ) ;
#1345 = CARTESIAN_POINT ( 'NONE',  ( 6.650000000000000355, 2.000000000000000000, 4.750000000000000000 ) ) ;
#1346 = EDGE_CURVE ( 'NONE', #1224, #300, #1373, .T. ) ;
#1347 = CARTESIAN_POINT ( 'NONE',  ( -6.150000000000001243, 1.875000000000000000, 2.600000000000000089 ) ) ;
#1348 = ORIENTED_EDGE ( 'NONE', *, *, #1371, .T. ) ;
#1349 = DIRECTION ( 'NONE',  ( -3.455309108018872665E-16, -0.7071067811865474617, 0.7071067811865474617 ) ) ;
#1350 = EDGE_CURVE ( 'NONE', #764, #571, #42, .T. ) ;
#1351 = LINE ( 'NONE', #262, #1502 ) ;
#1352 =( LENGTH_UNIT ( ) NAMED_UNIT ( * ) SI_UNIT ( .MILLI., .METRE. ) );
#1353 = ORIENTED_EDGE ( 'NONE', *, *, #360, .T. ) ;
#1354 = PRESENTATION_STYLE_ASSIGNMENT (( #1434 ) ) ;
#1355 =( NAMED_UNIT ( * ) PLANE_ANGLE_UNIT ( ) SI_UNIT ( $, .RADIAN. ) );
#1356 = DIRECTION ( 'NONE',  ( 1.000000000000000000, 0.000000000000000000, 0.000000000000000000 ) ) ;
#1357 = VECTOR ( 'NONE', #1580, 1000.000000000000000 ) ;
#1358 = ORIENTED_EDGE ( 'NONE', *, *, #1009, .F. ) ;
#1359 = FACE_OUTER_BOUND ( 'NONE', #1152, .T. ) ;
#1360 = VECTOR ( 'NONE', #1552, 1000.000000000000000 ) ;
#1361 = VERTEX_POINT ( 'NONE', #328 ) ;
#1362 =( LENGTH_UNIT ( ) NAMED_UNIT ( * ) SI_UNIT ( .MILLI., .METRE. ) );
#1363 = CARTESIAN_POINT ( 'NONE',  ( 4.250000000000000888, -2.000000000000000000, 4.249999999999999112 ) ) ;
#1364 = ADVANCED_FACE ( 'NONE', ( #1302 ), #1435, .T. ) ;
#1365 = APPLICATION_CONTEXT ( 'automotive_design' ) ;
#1366 = PLANE ( 'NONE',  #1343 ) ;
#1367 = VERTEX_POINT ( 'NONE', #239 ) ;
#1368 = CARTESIAN_POINT ( 'NONE',  ( 6.650000000000000355, 2.000000000000000000, 1.975000000000000089 ) ) ;
#1369 = UNCERTAINTY_MEASURE_WITH_UNIT (LENGTH_MEASURE( 1.000000000000000082E-05 ), #240, 'distance_accuracy_value', 'NONE');
#1370 = ORIENTED_EDGE ( 'NONE', *, *, #195, .F. ) ;
#1371 = EDGE_CURVE ( 'NONE', #184, #911, #768, .T. ) ;
#1372 = LINE ( 'NONE', #997, #1447 ) ;
#1373 = LINE ( 'NONE', #1147, #1095 ) ;
#1374 =( NAMED_UNIT ( * ) SI_UNIT ( $, .STERADIAN. ) SOLID_ANGLE_UNIT ( ) );
#1375 = ADVANCED_FACE ( 'NONE', ( #113 ), #274, .T. ) ;
#1376 = FACE_BOUND ( 'NONE', #754, .T. ) ;
#1377 = ORIENTED_EDGE ( 'NONE', *, *, #854, .T. ) ;
#1378 = DIRECTION ( 'NONE',  ( -0.000000000000000000, 0.7071067811865474617, 0.7071067811865474617 ) ) ;
#1379 = ORIENTED_EDGE ( 'NONE', *, *, #404, .T. ) ;
#1380 = DIRECTION ( 'NONE',  ( 0.000000000000000000, 0.000000000000000000, -1.000000000000000000 ) ) ;
#1381 = MECHANICAL_DESIGN_GEOMETRIC_PRESENTATION_REPRESENTATION (  '', ( #1488 ), #1084 ) ;
#1382 = FILL_AREA_STYLE_COLOUR ( '', #329 ) ;
#1383 = EDGE_CURVE ( 'NONE', #432, #628, #289, .T. ) ;
#1384 = DIRECTION ( 'NONE',  ( -1.000000000000000000, 0.000000000000000000, 0.000000000000000000 ) ) ;
#1385 = ORIENTED_EDGE ( 'NONE', *, *, #971, .T. ) ;
#1386 = DIRECTION ( 'NONE',  ( 0.000000000000000000, -0.7071067811865475727, 0.7071067811865475727 ) ) ;
#1387 = AXIS2_PLACEMENT_3D ( 'NONE', #1398, #1545, #307 ) ;
#1388 = EDGE_LOOP ( 'NONE', ( #1134, #548, #1424, #259, #770, #62 ) ) ;
#1389 = AXIS2_PLACEMENT_3D ( 'NONE', #1027, #1184, #913 ) ;
#1390 = COLOUR_RGB ( '',0.7960784313725489669, 0.8235294117647058432, 0.9372549019607843146 ) ;
#1391 = DIRECTION ( 'NONE',  ( -1.000000000000000000, -0.000000000000000000, -0.000000000000000000 ) ) ;
#1392 = STYLED_ITEM ( 'NONE', ( #994 ), #719 ) ;
#1393 = VECTOR ( 'NONE', #1282, 1000.000000000000000 ) ;
#1394 = LINE ( 'NONE', #906, #802 ) ;
#1395 = STYLED_ITEM ( 'NONE', ( #1455 ), #1364 ) ;
#1396 = EDGE_CURVE ( 'NONE', #1271, #675, #23, .T. ) ;
#1397 = LINE ( 'NONE', #1492, #811 ) ;
#1398 = CARTESIAN_POINT ( 'NONE',  ( 0.000000000000000000, 0.000000000000000000, 4.450000000000000178 ) ) ;
#1399 = LINE ( 'NONE', #308, #196 ) ;
#1400 = EDGE_LOOP ( 'NONE', ( #829, #1229, #1253, #164 ) ) ;
#1401 = EDGE_CURVE ( 'NONE', #1289, #408, #45, .T. ) ;
#1402 = DIRECTION ( 'NONE',  ( -0.000000000000000000, -1.000000000000000000, -0.000000000000000000 ) ) ;
#1403 = DIRECTION ( 'NONE',  ( -0.000000000000000000, -1.000000000000000000, -0.000000000000000000 ) ) ;
#1404 = DIRECTION ( 'NONE',  ( 1.000000000000000000, -0.000000000000000000, 0.000000000000000000 ) ) ;
#1405 = ORIENTED_EDGE ( 'NONE', *, *, #1396, .F. ) ;
#1406 = FACE_OUTER_BOUND ( 'NONE', #1400, .T. ) ;
#1407 = EDGE_LOOP ( 'NONE', ( #1377, #1111, #722, #909, #870, #331, #878, #112, #339, #314, #218, #16 ) ) ;
#1408 = CARTESIAN_POINT ( 'NONE',  ( -6.100000000000001421, 2.000000000000000000, 2.474999999999999645 ) ) ;
#1409 = PRODUCT_DEFINITION_SHAPE ( 'NONE', 'NONE',  #385 ) ;
#1410 = PLANE ( 'NONE',  #1387 ) ;
#1411 = DIRECTION ( 'NONE',  ( -1.000000000000000000, 0.000000000000000000, 0.000000000000000000 ) ) ;
#1412 = VERTEX_POINT ( 'NONE', #521 ) ;
#1413 = UNCERTAINTY_MEASURE_WITH_UNIT (LENGTH_MEASURE( 1.000000000000000082E-05 ), #480, 'distance_accuracy_value', 'NONE');
#1414 = VECTOR ( 'NONE', #207, 1000.000000000000000 ) ;
#1415 = SURFACE_STYLE_FILL_AREA ( #474 ) ;
#1416 = LINE ( 'NONE', #556, #1414 ) ;
#1417 = PRESENTATION_LAYER_ASSIGNMENT (  '', '', ( #325 ) ) ;
#1418 = CARTESIAN_POINT ( 'NONE',  ( 0.000000000000000000, -2.750000000000000000, 4.450000000000000178 ) ) ;
#1419 = AXIS2_PLACEMENT_3D ( 'NONE', #910, #1557, #1411 ) ;
#1420 = ORIENTED_EDGE ( 'NONE', *, *, #1548, .F. ) ;
#1421 = SURFACE_STYLE_USAGE ( .BOTH. , #1546 ) ;
#1422 = VECTOR ( 'NONE', #1521, 1000.000000000000000 ) ;
#1423 = MECHANICAL_DESIGN_GEOMETRIC_PRESENTATION_REPRESENTATION (  '', ( #200 ), #858 ) ;
#1424 = ORIENTED_EDGE ( 'NONE', *, *, #735, .F. ) ;
#1425 = EDGE_CURVE ( 'NONE', #184, #1539, #992, .T. ) ;
#1426 = EDGE_CURVE ( 'NONE', #128, #907, #1029, .T. ) ;
#1427 = EDGE_CURVE ( 'NONE', #149, #1271, #1001, .T. ) ;
#1428 = DIRECTION ( 'NONE',  ( -0.000000000000000000, -1.000000000000000000, -0.000000000000000000 ) ) ;
#1429 = CARTESIAN_POINT ( 'NONE',  ( 6.150000000000001243, -2.000000000000000000, 2.725000000000000089 ) ) ;
#1430 = DIRECTION ( 'NONE',  ( -1.000000000000000000, -0.000000000000000000, -0.000000000000000000 ) ) ;
#1431 = VERTEX_POINT ( 'NONE', #890 ) ;
#1432 = CARTESIAN_POINT ( 'NONE',  ( 3.749999999999999112, 2.500000000000000000, 4.450000000000000178 ) ) ;
#1433 = ORIENTED_EDGE ( 'NONE', *, *, #65, .T. ) ;
#1434 = SURFACE_STYLE_USAGE ( .BOTH. , #629 ) ;
#1435 = PLANE ( 'NONE',  #609 ) ;
#1436 = CARTESIAN_POINT ( 'NONE',  ( -6.150000000000000355, 2.000000000000000000, 4.249999999999999112 ) ) ;
#1437 = CARTESIAN_POINT ( 'NONE',  ( 0.000000000000000000, -2.000000000000000000, 2.725000000000000089 ) ) ;
#1438 =( LENGTH_UNIT ( ) NAMED_UNIT ( * ) SI_UNIT ( .MILLI., .METRE. ) );
#1439 = CARTESIAN_POINT ( 'NONE',  ( -6.099999999999998757, 6.100000000000000533, 0.2000000000000005107 ) ) ;
#1440 = CARTESIAN_POINT ( 'NONE',  ( -3.999999999999999112, 2.500000000000000000, 4.200000000000000178 ) ) ;
#1441 = STYLED_ITEM ( 'NONE', ( #1040 ), #1541 ) ;
#1442 = ORIENTED_EDGE ( 'NONE', *, *, #995, .F. ) ;
#1443 = CARTESIAN_POINT ( 'NONE',  ( 4.250000000000000888, 2.000000000000000000, 4.249999999999999112 ) ) ;
#1444 = SURFACE_STYLE_FILL_AREA ( #723 ) ;
#1445 = VECTOR ( 'NONE', #839, 1000.000000000000000 ) ;
#1446 = DIRECTION ( 'NONE',  ( -1.000000000000000000, 0.000000000000000000, 0.000000000000000000 ) ) ;
#1447 = VECTOR ( 'NONE', #1249, 999.9999999999998863 ) ;
#1448 = PRESENTATION_STYLE_ASSIGNMENT (( #977 ) ) ;
#1449 = LINE ( 'NONE', #370, #304 ) ;
#1450 = VECTOR ( 'NONE', #438, 1000.000000000000000 ) ;
#1451 = EDGE_LOOP ( 'NONE', ( #514, #64, #264, #92, #511, #1287 ) ) ;
#1452 = MECHANICAL_DESIGN_GEOMETRIC_PRESENTATION_REPRESENTATION (  '', ( #1242 ), #1529 ) ;
#1453 = COLOUR_RGB ( '',0.7960784313725489669, 0.8235294117647058432, 0.9372549019607843146 ) ;
#1454 = EDGE_CURVE ( 'NONE', #764, #996, #1397, .T. ) ;
#1455 = PRESENTATION_STYLE_ASSIGNMENT (( #343 ) ) ;
#1456 = DIRECTION ( 'NONE',  ( 0.000000000000000000, -1.000000000000000000, 0.000000000000000000 ) ) ;
#1457 = ORIENTED_EDGE ( 'NONE', *, *, #380, .T. ) ;
#1458 = LINE ( 'NONE', #1108, #445 ) ;
#1459 =( NAMED_UNIT ( * ) SI_UNIT ( $, .STERADIAN. ) SOLID_ANGLE_UNIT ( ) );
#1460 = VERTEX_POINT ( 'NONE', #35 ) ;
#1461 = EDGE_CURVE ( 'NONE', #862, #1273, #1512, .T. ) ;
#1462 = SURFACE_STYLE_USAGE ( .BOTH. , #5 ) ;
#1463 = LINE ( 'NONE', #1317, #1196 ) ;
#1464 = DIRECTION ( 'NONE',  ( 0.000000000000000000, 0.000000000000000000, 1.000000000000000000 ) ) ;
#1465 = LINE ( 'NONE', #1439, #13 ) ;
#1466 = EDGE_CURVE ( 'NONE', #1460, #24, #386, .T. ) ;
#1467 = ORIENTED_EDGE ( 'NONE', *, *, #1426, .F. ) ;
#1468 = ADVANCED_FACE ( 'NONE', ( #1376, #1522 ), #1366, .F. ) ;
#1469 = CARTESIAN_POINT ( 'NONE',  ( -3.749999999999999112, -2.750000000000000000, 4.450000000000000178 ) ) ;
#1470 = DIRECTION ( 'NONE',  ( 0.000000000000000000, -0.000000000000000000, 1.000000000000000000 ) ) ;
#1471 = SURFACE_STYLE_FILL_AREA ( #962 ) ;
#1472 = AXIS2_PLACEMENT_3D ( 'NONE', #257, #346, #618 ) ;
#1473 = VERTEX_POINT ( 'NONE', #1128 ) ;
#1474 = CARTESIAN_POINT ( 'NONE',  ( -3.999999999999999112, 2.500000000000000000, 4.200000000000000178 ) ) ;
#1475 = PRESENTATION_LAYER_ASSIGNMENT (  '', '', ( #575 ) ) ;
#1476 = COLOUR_RGB ( '',0.7960784313725489669, 0.8235294117647058432, 0.9372549019607843146 ) ;
#1477 = VECTOR ( 'NONE', #984, 1000.000000000000114 ) ;
#1478 = DIRECTION ( 'NONE',  ( -1.000000000000000000, 0.000000000000000000, -0.000000000000000000 ) ) ;
#1479 = CARTESIAN_POINT ( 'NONE',  ( -6.650000000000000355, -2.000000000000000000, 1.975000000000000089 ) ) ;
#1480 = VERTEX_POINT ( 'NONE', #148 ) ;
#1481 = DIRECTION ( 'NONE',  ( 0.000000000000000000, 0.000000000000000000, 1.000000000000000000 ) ) ;
#1482 = CARTESIAN_POINT ( 'NONE',  ( -6.100000000000001421, 2.000000000000000000, 1.975000000000000089 ) ) ;
#1483 = DIRECTION ( 'NONE',  ( -0.000000000000000000, 0.000000000000000000, 1.000000000000000000 ) ) ;
#1484 = CARTESIAN_POINT ( 'NONE',  ( -6.650000000000000355, -2.000000000000000000, 2.725000000000000089 ) ) ;
#1485 = DIRECTION ( 'NONE',  ( 0.000000000000000000, -0.7071067811865474617, -0.7071067811865474617 ) ) ;
#1486 = EDGE_LOOP ( 'NONE', ( #1277, #1186, #106, #792 ) ) ;
#1487 = CARTESIAN_POINT ( 'NONE',  ( -4.250000000000000888, 2.000000000000000000, 4.750000000000000000 ) ) ;
#1488 = STYLED_ITEM ( 'NONE', ( #825 ), #391 ) ;
#1489 = CARTESIAN_POINT ( 'NONE',  ( 0.000000000000000000, -2.000000000000000000, 0.000000000000000000 ) ) ;
#1490 = SURFACE_STYLE_USAGE ( .BOTH. , #998 ) ;
#1491 = FACE_OUTER_BOUND ( 'NONE', #139, .T. ) ;
#1492 = CARTESIAN_POINT ( 'NONE',  ( 6.650000000000000355, 2.000000000000000000, 4.750000000000000000 ) ) ;
#1493 = ORIENTED_EDGE ( 'NONE', *, *, #147, .F. ) ;
#1494 = CARTESIAN_POINT ( 'NONE',  ( 6.650000000000000355, -2.000000000000000000, 4.750000000000000000 ) ) ;
#1495 = EDGE_CURVE ( 'NONE', #341, #24, #398, .T. ) ;
#1496 = AXIS2_PLACEMENT_3D ( 'NONE', #30, #632, #497 ) ;
#1497 = EDGE_LOOP ( 'NONE', ( #613, #1467, #1535, #1353, #1016, #986 ) ) ;
#1498 = VECTOR ( 'NONE', #194, 1000.000000000000000 ) ;
#1499 = PRESENTATION_LAYER_ASSIGNMENT (  '', '', ( #1392 ) ) ;
#1500 = LINE ( 'NONE', #286, #1318 ) ;
#1501 = EDGE_CURVE ( 'NONE', #527, #789, #779, .T. ) ;
#1502 = VECTOR ( 'NONE', #247, 1000.000000000000000 ) ;
#1503 = CARTESIAN_POINT ( 'NONE',  ( 6.099999999999997868, -2.500000000000000000, 4.200000000000000178 ) ) ;
#1504 = SURFACE_STYLE_FILL_AREA ( #272 ) ;
#1505 = FILL_AREA_STYLE_COLOUR ( '', #481 ) ;
#1506 = ORIENTED_EDGE ( 'NONE', *, *, #296, .F. ) ;
#1507 = DIRECTION ( 'NONE',  ( -1.000000000000000000, 0.000000000000000000, 0.000000000000000000 ) ) ;
#1508 = UNCERTAINTY_MEASURE_WITH_UNIT (LENGTH_MEASURE( 1.000000000000000082E-05 ), #717, 'distance_accuracy_value', 'NONE');
#1509 = VERTEX_POINT ( 'NONE', #658 ) ;
#1510 = DIRECTION ( 'NONE',  ( 0.000000000000000000, 0.000000000000000000, -1.000000000000000000 ) ) ;
#1511 = CARTESIAN_POINT ( 'NONE',  ( -5.899999999999997691, -5.899999999999999467, 0.000000000000000000 ) ) ;
#1512 = LINE ( 'NONE', #746, #1219 ) ;
#1513 = VERTEX_POINT ( 'NONE', #1270 ) ;
#1514 = FACE_OUTER_BOUND ( 'NONE', #131, .T. ) ;
#1515 = ORIENTED_EDGE ( 'NONE', *, *, #589, .F. ) ;
#1516 = PLANE ( 'NONE',  #375 ) ;
#1517 = ADVANCED_FACE ( 'NONE', ( #1133 ), #1011, .F. ) ;
#1518 = CIRCLE ( 'NONE', #948, 0.2500000000000002220 ) ;
#1519 = SURFACE_SIDE_STYLE ('',( #536 ) ) ;
#1520 = CARTESIAN_POINT ( 'NONE',  ( -6.099999999999997868, 2.500000000000000000, 4.200000000000000178 ) ) ;
#1521 = DIRECTION ( 'NONE',  ( -0.000000000000000000, -1.000000000000000000, -0.000000000000000000 ) ) ;
#1522 = FACE_OUTER_BOUND ( 'NONE', #1088, .T. ) ;
#1523 = ORIENTED_EDGE ( 'NONE', *, *, #1427, .F. ) ;
#1524 = ORIENTED_EDGE ( 'NONE', *, *, #691, .T. ) ;
#1525 = PRESENTATION_LAYER_ASSIGNMENT (  '', '', ( #15 ) ) ;
#1526 = LINE ( 'NONE', #179, #1007 ) ;
#1527 = AXIS2_PLACEMENT_3D ( 'NONE', #668, #1160, #63 ) ;
#1528 = PLANE ( 'NONE',  #498 ) ;
#1529 =( GEOMETRIC_REPRESENTATION_CONTEXT ( 3 ) GLOBAL_UNCERTAINTY_ASSIGNED_CONTEXT ( ( #440 ) ) GLOBAL_UNIT_ASSIGNED_CONTEXT ( ( #1082, #1205, #585 ) ) REPRESENTATION_CONTEXT ( 'NONE', 'WORKASPACE' ) );
#1530 = PRESENTATION_LAYER_ASSIGNMENT (  '', '', ( #1395 ) ) ;
#1531 = EDGE_CURVE ( 'NONE', #1322, #1002, #1518, .T. ) ;
#1532 = LINE ( 'NONE', #1051, #973 ) ;
#1533 = ORIENTED_EDGE ( 'NONE', *, *, #1231, .T. ) ;
#1534 = CARTESIAN_POINT ( 'NONE',  ( -4.250000000000000888, 2.000000000000000000, 4.249999999999999112 ) ) ;
#1535 = ORIENTED_EDGE ( 'NONE', *, *, #1331, .F. ) ;
#1536 = FILL_AREA_STYLE_COLOUR ( '', #520 ) ;
#1537 = ORIENTED_EDGE ( 'NONE', *, *, #1495, .T. ) ;
#1538 = DIRECTION ( 'NONE',  ( 0.000000000000000000, -0.000000000000000000, 1.000000000000000000 ) ) ;
#1539 = VERTEX_POINT ( 'NONE', #1177 ) ;
#1540 = LINE ( 'NONE', #920, #600 ) ;
#1541 = ADVANCED_FACE ( 'NONE', ( #666 ), #908, .F. ) ;
#1542 = CARTESIAN_POINT ( 'NONE',  ( 6.100000000000001421, 2.000000000000000000, 1.975000000000000089 ) ) ;
#1543 = DIRECTION ( 'NONE',  ( -0.000000000000000000, -0.000000000000000000, -1.000000000000000000 ) ) ;
#1544 = DIRECTION ( 'NONE',  ( 0.000000000000000000, 0.000000000000000000, -1.000000000000000000 ) ) ;
#1545 = DIRECTION ( 'NONE',  ( 0.000000000000000000, 0.000000000000000000, -1.000000000000000000 ) ) ;
#1546 = SURFACE_SIDE_STYLE ('',( #1062 ) ) ;
#1547 = ORIENTED_EDGE ( 'NONE', *, *, #842, .T. ) ;
#1548 = EDGE_CURVE ( 'NONE', #1202, #1077, #937, .T. ) ;
#1549 = UNCERTAINTY_MEASURE_WITH_UNIT (LENGTH_MEASURE( 1.000000000000000082E-05 ), #330, 'distance_accuracy_value', 'NONE');
#1550 = FACE_OUTER_BOUND ( 'NONE', #558, .T. ) ;
#1551 = STYLED_ITEM ( 'NONE', ( #881 ), #191 ) ;
#1552 = DIRECTION ( 'NONE',  ( 0.000000000000000000, -1.000000000000000000, 0.000000000000000000 ) ) ;
#1553 = AXIS2_PLACEMENT_3D ( 'NONE', #1482, #1510, #1478 ) ;
#1554 = CARTESIAN_POINT ( 'NONE',  ( 6.100000000000001421, 2.000000000000000000, 2.474999999999999645 ) ) ;
#1555 = MECHANICAL_DESIGN_GEOMETRIC_PRESENTATION_REPRESENTATION (  '', ( #1167 ), #98 ) ;
#1556 = ORIENTED_EDGE ( 'NONE', *, *, #807, .T. ) ;
#1557 = DIRECTION ( 'NONE',  ( 0.000000000000000000, 0.000000000000000000, 1.000000000000000000 ) ) ;
#1558 = VECTOR ( 'NONE', #1543, 1000.000000000000000 ) ;
#1559 = ORIENTED_EDGE ( 'NONE', *, *, #1346, .F. ) ;
#1560 = SURFACE_STYLE_FILL_AREA ( #784 ) ;
#1561 = ADVANCED_FACE ( 'NONE', ( #183 ), #217, .T. ) ;
#1562 = LINE ( 'NONE', #224, #193 ) ;
#1563 = FACE_BOUND ( 'NONE', #31, .T. ) ;
#1564 =( NAMED_UNIT ( * ) SI_UNIT ( $, .STERADIAN. ) SOLID_ANGLE_UNIT ( ) );
#1565 = ORIENTED_EDGE ( 'NONE', *, *, #990, .F. ) ;
#1566 = LINE ( 'NONE', #1432, #651 ) ;
#1567 = ORIENTED_EDGE ( 'NONE', *, *, #1017, .T. ) ;
#1568 = CARTESIAN_POINT ( 'NONE',  ( -5.039339828220177786, -2.000000000000000000, 2.725000000000000089 ) ) ;
#1569 = EDGE_CURVE ( 'NONE', #741, #1473, #1532, .T. ) ;
#1570 = LINE ( 'NONE', #235, #902 ) ;
#1571 = EDGE_LOOP ( 'NONE', ( #1178, #212, #1004, #1030, #428, #1261 ) ) ;
#1572 = LINE ( 'NONE', #228, #1357 ) ;
#1573 = ORIENTED_EDGE ( 'NONE', *, *, #854, .F. ) ;
#1574 = SURFACE_STYLE_USAGE ( .BOTH. , #372 ) ;
#1575 = VECTOR ( 'NONE', #1428, 1000.000000000000000 ) ;
#1576 = CARTESIAN_POINT ( 'NONE',  ( 6.100000000000001421, 1.749999999999999778, 2.474999999999999645 ) ) ;
#1577 = ORIENTED_EDGE ( 'NONE', *, *, #1055, .F. ) ;
#1578 = SHAPE_DEFINITION_REPRESENTATION ( #1409, #391 ) ;
#1579 = VECTOR ( 'NONE', #475, 1000.000000000000000 ) ;
#1580 = DIRECTION ( 'NONE',  ( 4.886545002751570905E-16, 0.000000000000000000, 1.000000000000000000 ) ) ;
ENDSEC;
END-ISO-10303-21;
