ISO-10303-21;
HEADER;
FILE_DESCRIPTION (( 'STEP AP214' ),
    '1' );
FILE_NAME ('Same_Sky_PR28-3V-360-1A-E.step',
    '2024-11-15T16:35:27',
    ( '' ),
    ( '' ),
    'SwSTEP 2.0',
    'SolidWorks 2024',
    '' );
FILE_SCHEMA (( 'AUTOMOTIVE_DESIGN' ));
ENDSEC;

DATA;
#1 = CARTESIAN_POINT ( 'NONE',  ( -0.2973929346363700099, 0.1994802090839703501, 0.06610170937462492291 ) ) ;
#2 = CARTESIAN_POINT ( 'NONE',  ( -0.006232309933731926092, 0.01050383113121446804, -0.03543307086514277393 ) ) ;
#3 = CARTESIAN_POINT ( 'NONE',  ( 0.4307755640820163379, -0.2749292397349269446, -0.07086614173128448491 ) ) ;
#4 = DIRECTION ( 'NONE',  ( -2.834079232620525851E-16, 1.000000000000000000, 8.326672684688667890E-17 ) ) ;
#5 = EDGE_LOOP ( 'NONE', ( #4841, #4902 ) ) ;
#6 = VERTEX_POINT ( 'NONE', #883 ) ;
#7 = ADVANCED_FACE ( 'NONE', ( #1419 ), #2595, .T. ) ;
#8 = ADVANCED_FACE ( 'NONE', ( #1918 ), #1457, .F. ) ;
#9 = CARTESIAN_POINT ( 'NONE',  ( 0.2378621782552445552, 0.2545983193201908357, -0.02362204724309518653 ) ) ;
#10 = DIRECTION ( 'NONE',  ( 1.000000000000000000, 2.834079232620525851E-16, 1.685446266610459130E-16 ) ) ;
#11 = LINE ( 'NONE', #4662, #6467 ) ;
#12 = DIRECTION ( 'NONE',  ( -2.834079232620525851E-16, 1.000000000000000000, 8.326672684688667890E-17 ) ) ;
#13 = DIRECTION ( 'NONE',  ( 0.000000000000000000, 0.000000000000000000, 1.000000000000000000 ) ) ;
#14 = ORIENTED_EDGE ( 'NONE', *, *, #1350, .T. ) ;
#15 = VERTEX_POINT ( 'NONE', #3186 ) ;
#16 = ORIENTED_EDGE ( 'NONE', *, *, #2178, .T. ) ;
#17 = DIRECTION ( 'NONE',  ( 0.000000000000000000, 0.000000000000000000, 1.000000000000000000 ) ) ;
#18 = ADVANCED_FACE ( 'NONE', ( #3721 ), #777, .F. ) ;
#19 = CARTESIAN_POINT ( 'NONE',  ( 0.2378621782552445829, -0.2335906570577619412, -0.01181102362104828607 ) ) ;
#20 = ORIENTED_EDGE ( 'NONE', *, *, #2882, .T. ) ;
#21 = ORIENTED_EDGE ( 'NONE', *, *, #1161, .T. ) ;
#22 = EDGE_LOOP ( 'NONE', ( #2408, #2035, #5291, #4758 ) ) ;
#23 = CARTESIAN_POINT ( 'NONE',  ( -0.3881220737132595744, -0.1312284523333524244, 0.1771653543317075752 ) ) ;
#24 = DIRECTION ( 'NONE',  ( -0.000000000000000000, -1.000000000000000000, -0.000000000000000000 ) ) ;
#25 = ADVANCED_FACE ( 'NONE', ( #7228 ), #4339, .F. ) ;
#26 = PLANE ( 'NONE',  #2252 ) ;
#27 = DIRECTION ( 'NONE',  ( 9.254244404135768435E-16, -9.254244404135699410E-16, -1.000000000000000000 ) ) ;
#28 = CARTESIAN_POINT ( 'NONE',  ( -0.4078071130833383906, -0.2887087672939823713, 0.07086614173328242838 ) ) ;
#29 = ORIENTED_EDGE ( 'NONE', *, *, #120, .T. ) ;
#30 = AXIS2_PLACEMENT_3D ( 'NONE', #610, #2908, #35 ) ;
#31 = ORIENTED_EDGE ( 'NONE', *, *, #2294, .T. ) ;
#32 = CARTESIAN_POINT ( 'NONE',  ( 0.3402243829796539054, -0.1568190035144548800, -0.05905511810923725485 ) ) ;
#33 = CARTESIAN_POINT ( 'NONE',  ( -0.1912716800124721617, -0.1765040428845335851, -0.03543307086514277393 ) ) ;
#34 = AXIS2_PLACEMENT_3D ( 'NONE', #2459, #183, #2500 ) ;
#35 = DIRECTION ( 'NONE',  ( -1.000000000000000000, 0.000000000000000000, 0.000000000000000000 ) ) ;
#36 = LINE ( 'NONE', #682, #1615 ) ;
#37 = DIRECTION ( 'NONE',  ( -1.000000000000000000, 0.000000000000000000, 0.000000000000000000 ) ) ;
#38 = EDGE_LOOP ( 'NONE', ( #4849, #2574, #2248, #4635 ) ) ;
#39 = ORIENTED_EDGE ( 'NONE', *, *, #6491, .T. ) ;
#40 = VECTOR ( 'NONE', #7462, 39.37007874015748143 ) ;
#41 = CARTESIAN_POINT ( 'NONE',  ( -0.08103545954003145424, 0.3097164295564112102, 1.578189432169840867 ) ) ;
#42 = DIRECTION ( 'NONE',  ( -2.282530889443167515E-16, 1.000000000000000000, 0.000000000000000000 ) ) ;
#43 = DIRECTION ( 'NONE',  ( 1.000000000000000000, 2.249460414123439847E-16, 1.685446266610459130E-16 ) ) ;
#44 = LINE ( 'NONE', #618, #5779 ) ;
#45 = VECTOR ( 'NONE', #6152, 39.37007874015748143 ) ;
#46 = AXIS2_PLACEMENT_3D ( 'NONE', #2166, #4431, #2687 ) ;
#47 = DIRECTION ( 'NONE',  ( 0.000000000000000000, 0.7071067811865514585, 0.7071067811865433539 ) ) ;
#48 = EDGE_CURVE ( 'NONE', #4737, #6750, #3225, .T. ) ;
#49 = EDGE_LOOP ( 'NONE', ( #1179, #3504, #1199, #7164 ) ) ;
#50 = ORIENTED_EDGE ( 'NONE', *, *, #6461, .T. ) ;
#51 = EDGE_CURVE ( 'NONE', #5867, #6178, #7452, .T. ) ;
#52 = ORIENTED_EDGE ( 'NONE', *, *, #5566, .T. ) ;
#53 = TOROIDAL_SURFACE ( 'NONE', #4401, 0.04724409448818896184, 0.01181102362204724046 ) ;
#54 = CARTESIAN_POINT ( 'NONE',  ( -0.3802480579652279258, 0.01050383113121422171, 0.5157480314970617208 ) ) ;
#55 = CIRCLE ( 'NONE', #6119, 0.01968503937007875723 ) ;
#56 = DIRECTION ( 'NONE',  ( 1.685446266610458883E-16, 8.326672684688672821E-17, -1.000000000000000000 ) ) ;
#57 = ORIENTED_EDGE ( 'NONE', *, *, #4132, .T. ) ;
#58 = EDGE_CURVE ( 'NONE', #900, #3612, #2098, .T. ) ;
#59 = DIRECTION ( 'NONE',  ( 0.1643989873023266324, 1.266942282189555739E-16, -0.9863939238326487891 ) ) ;
#60 = FACE_BOUND ( 'NONE', #3979, .T. ) ;
#61 = AXIS2_PLACEMENT_3D ( 'NONE', #6563, #3705, #1363 ) ;
#62 = CARTESIAN_POINT ( 'NONE',  ( -0.2719803414297948807, 0.000000000000000000, -0.2283464566919144179 ) ) ;
#63 = CARTESIAN_POINT ( 'NONE',  ( 0.2378621782552445552, 0.2545983193201908357, -0.03543307086514277393 ) ) ;
#64 = LINE ( 'NONE', #174, #2951 ) ;
#65 = DIRECTION ( 'NONE',  ( 0.000000000000000000, 0.000000000000000000, 1.000000000000000000 ) ) ;
#66 = CARTESIAN_POINT ( 'NONE',  ( -0.2109567193825508946, -0.1568190035144548522, -0.05905511810923725485 ) ) ;
#67 = AXIS2_PLACEMENT_3D ( 'NONE', #4634, #6847, #3415 ) ;
#68 = ORIENTED_EDGE ( 'NONE', *, *, #5156, .F. ) ;
#69 = VERTEX_POINT ( 'NONE', #2664 ) ;
#70 = ADVANCED_FACE ( 'NONE', ( #423 ), #4971, .T. ) ;
#71 = PLANE ( 'NONE',  #823 ) ;
#72 = DIRECTION ( 'NONE',  ( 1.000000000000000000, 0.000000000000000000, 0.000000000000000000 ) ) ;
#73 = VECTOR ( 'NONE', #558, 39.37007874015748143 ) ;
#74 = DIRECTION ( 'NONE',  ( 0.000000000000000000, 1.000000000000000000, 0.000000000000000000 ) ) ;
#75 = DIRECTION ( 'NONE',  ( 0.000000000000000000, 0.000000000000000000, 1.000000000000000000 ) ) ;
#76 = DIRECTION ( 'NONE',  ( -0.000000000000000000, -0.000000000000000000, -1.000000000000000000 ) ) ;
#77 = ORIENTED_EDGE ( 'NONE', *, *, #1948, .F. ) ;
#78 = ORIENTED_EDGE ( 'NONE', *, *, #1536, .F. ) ;
#79 = VECTOR ( 'NONE', #5514, 39.37007874015748143 ) ;
#80 = CARTESIAN_POINT ( 'NONE',  ( 0.4150275325859533182, -0.2887087672939823157, -0.09055118110136310683 ) ) ;
#81 = DIRECTION ( 'NONE',  ( 0.000000000000000000, 0.000000000000000000, -1.000000000000000000 ) ) ;
#82 = CARTESIAN_POINT ( 'NONE',  ( -0.2896968768628658819, -0.1548504995774468984, 0.1574803149616288978 ) ) ;
#83 = DIRECTION ( 'NONE',  ( -1.000000000000000000, -2.891205793294675861E-16, 0.000000000000000000 ) ) ;
#84 = AXIS2_PLACEMENT_3D ( 'NONE', #3080, #4256, #275 ) ;
#85 = CARTESIAN_POINT ( 'NONE',  ( -0.3290669556030233478, 0.3097164295564113212, -0.03543307086514277393 ) ) ;
#86 = ORIENTED_EDGE ( 'NONE', *, *, #7026, .F. ) ;
#87 = VERTEX_POINT ( 'NONE', #3370 ) ;
#88 = CIRCLE ( 'NONE', #6271, 0.003937007874015758385 ) ;
#89 = CARTESIAN_POINT ( 'NONE',  ( -0.3330039634770389778, 0.03018887050129321833, -0.2086614173218356572 ) ) ;
#90 = EDGE_CURVE ( 'NONE', #5403, #5041, #3261, .T. ) ;
#91 = DIRECTION ( 'NONE',  ( -1.224646799147353207E-16, 1.000000000000000000, -0.000000000000000000 ) ) ;
#92 = CARTESIAN_POINT ( 'NONE',  ( -0.2621378217447554171, -0.2257166413097304591, -0.01181102362104828260 ) ) ;
#93 = AXIS2_PLACEMENT_3D ( 'NONE', #2367, #7108, #4068 ) ;
#94 = ADVANCED_FACE ( 'NONE', ( #2095 ), #4402, .T. ) ;
#95 = AXIS2_PLACEMENT_3D ( 'NONE', #5678, #439, #5179 ) ;
#96 = ORIENTED_EDGE ( 'NONE', *, *, #4543, .F. ) ;
#97 = FACE_OUTER_BOUND ( 'NONE', #6040, .T. ) ;
#98 = ORIENTED_EDGE ( 'NONE', *, *, #7336, .T. ) ;
#99 = DIRECTION ( 'NONE',  ( 0.000000000000000000, 0.000000000000000000, -1.000000000000000000 ) ) ;
#100 = VECTOR ( 'NONE', #1491, 39.37007874015748143 ) ;
#101 = EDGE_CURVE ( 'NONE', #7384, #4666, #1492, .T. ) ;
#102 = ADVANCED_FACE ( 'NONE', ( #922 ), #6795, .T. ) ;
#103 = CARTESIAN_POINT ( 'NONE',  ( 0.07644485542059903382, -0.2808347515459508892, -0.04724409448718972643 ) ) ;
#104 = CARTESIAN_POINT ( 'NONE',  ( -0.4274921524534168182, -0.3044567987900455575, -0.08267716535333186068 ) ) ;
#105 = ORIENTED_EDGE ( 'NONE', *, *, #819, .T. ) ;
#106 = VERTEX_POINT ( 'NONE', #5082 ) ;
#107 = ORIENTED_EDGE ( 'NONE', *, *, #2933, .T. ) ;
#108 = CARTESIAN_POINT ( 'NONE',  ( 0.1866810758930398662, 0.2270392642020808149, -0.01181102362104828607 ) ) ;
#109 = LINE ( 'NONE', #2944, #4439 ) ;
#110 = CARTESIAN_POINT ( 'NONE',  ( -0.4078071130833383906, -0.2847717594199665747, 0.07086614173328242838 ) ) ;
#111 = CARTESIAN_POINT ( 'NONE',  ( -0.4156811288313697617, -0.2887087672939823713, 0.07480314960729816942 ) ) ;
#112 = DIRECTION ( 'NONE',  ( 0.000000000000000000, -1.000000000000000000, 0.000000000000000000 ) ) ;
#113 = CARTESIAN_POINT ( 'NONE',  ( -0.4196181367053856692, 0.3057794216823956357, 0.07086614173328242838 ) ) ;
#114 = ORIENTED_EDGE ( 'NONE', *, *, #2769, .T. ) ;
#115 = ORIENTED_EDGE ( 'NONE', *, *, #2729, .T. ) ;
#116 = CARTESIAN_POINT ( 'NONE',  ( -0.4099959144794319554, -0.2847717594199666302, 0.07480314960729818330 ) ) ;
#117 = DIRECTION ( 'NONE',  ( -2.834079232620525851E-16, 1.000000000000000000, 8.326672684688667890E-17 ) ) ;
#118 = DIRECTION ( 'NONE',  ( 0.000000000000000000, -1.000000000000000000, 0.000000000000000000 ) ) ;
#119 = CARTESIAN_POINT ( 'NONE',  ( 0.4307755640820163379, -0.3044567987900454464, -0.07086614173128448491 ) ) ;
#120 = EDGE_CURVE ( 'NONE', #4415, #2913, #7434, .T. ) ;
#121 = LINE ( 'NONE', #6570, #1418 ) ;
#122 = VERTEX_POINT ( 'NONE', #2131 ) ;
#123 = ORIENTED_EDGE ( 'NONE', *, *, #756, .F. ) ;
#124 = ORIENTED_EDGE ( 'NONE', *, *, #7153, .T. ) ;
#125 = DIRECTION ( 'NONE',  ( 2.617448175331450850E-16, -0.3713906763541042211, -0.9284766908852590817 ) ) ;
#126 = DIRECTION ( 'NONE',  ( 0.000000000000000000, 0.000000000000000000, 1.000000000000000000 ) ) ;
#127 = DIRECTION ( 'NONE',  ( 0.000000000000000000, 0.000000000000000000, -1.000000000000000000 ) ) ;
#128 = ORIENTED_EDGE ( 'NONE', *, *, #4228, .T. ) ;
#129 = LINE ( 'NONE', #2969, #2246 ) ;
#130 = ORIENTED_EDGE ( 'NONE', *, *, #2032, .T. ) ;
#131 = CARTESIAN_POINT ( 'NONE',  ( -0.3419053075181466839, 0.01050383113121416447, 0.4881889763820631556 ) ) ;
#132 = CARTESIAN_POINT ( 'NONE',  ( 0.1984920995150870338, -0.2178426255616989216, -0.02362204724309532183 ) ) ;
#133 = CARTESIAN_POINT ( 'NONE',  ( 0.4110905247119373551, -0.2768977436719350926, -0.03543307086514276699 ) ) ;
#134 = VERTEX_POINT ( 'NONE', #6168 ) ;
#135 = DIRECTION ( 'NONE',  ( -1.000000000000000000, -3.035766082959413894E-16, 0.000000000000000000 ) ) ;
#136 = ADVANCED_FACE ( 'NONE', ( #964 ), #5587, .F. ) ;
#137 = ORIENTED_EDGE ( 'NONE', *, *, #6807, .F. ) ;
#138 = EDGE_CURVE ( 'NONE', #6532, #7384, #2693, .T. ) ;
#139 = ORIENTED_EDGE ( 'NONE', *, *, #3456, .F. ) ;
#140 = CARTESIAN_POINT ( 'NONE',  ( -0.2621378217447554171, -0.2257166413097304591, -0.03543307086514277393 ) ) ;
#141 = CARTESIAN_POINT ( 'NONE',  ( -0.2700118374927871767, -0.1548504995774468984, 0.1574803149616288978 ) ) ;
#142 = CARTESIAN_POINT ( 'NONE',  ( 0.4032165089639057065, -0.2768977436719353702, 0.07086614173328249777 ) ) ;
#143 = LINE ( 'NONE', #4207, #4440 ) ;
#144 = LINE ( 'NONE', #7055, #3417 ) ;
#145 = DIRECTION ( 'NONE',  ( 0.000000000000000000, 0.000000000000000000, -1.000000000000000000 ) ) ;
#146 = ORIENTED_EDGE ( 'NONE', *, *, #6823, .F. ) ;
#147 = CARTESIAN_POINT ( 'NONE',  ( 0.2378621782552445552, -0.2335906570577618857, -0.03543307086514277393 ) ) ;
#148 = ADVANCED_FACE ( 'NONE', ( #7341 ), #6764, .F. ) ;
#149 = VECTOR ( 'NONE', #1556, 39.37007874015748143 ) ;
#150 = PLANE ( 'NONE',  #6044 ) ;
#151 = DIRECTION ( 'NONE',  ( 1.000000000000000000, -2.948332353968832773E-16, 1.685446266610458637E-16 ) ) ;
#152 = FACE_OUTER_BOUND ( 'NONE', #4982, .T. ) ;
#153 = DIRECTION ( 'NONE',  ( 0.000000000000000000, 0.000000000000000000, 1.000000000000000000 ) ) ;
#154 = CARTESIAN_POINT ( 'NONE',  ( -0.2896968768628658264, -0.1548504995774468984, 0.06692913385926665959 ) ) ;
#155 = ORIENTED_EDGE ( 'NONE', *, *, #6912, .F. ) ;
#156 = VECTOR ( 'NONE', #2441, 39.37007874015748854 ) ;
#157 = VERTEX_POINT ( 'NONE', #5047 ) ;
#158 = VECTOR ( 'NONE', #7300, 39.37007874015748854 ) ;
#159 = EDGE_CURVE ( 'NONE', #270, #3827, #7377, .T. ) ;
#160 = LINE ( 'NONE', #6542, #5307 ) ;
#161 = VECTOR ( 'NONE', #7363, 39.37007874015748143 ) ;
#162 = AXIS2_PLACEMENT_3D ( 'NONE', #5075, #3822, #6789 ) ;
#163 = VERTEX_POINT ( 'NONE', #6232 ) ;
#164 = DIRECTION ( 'NONE',  ( -1.000000000000000000, -1.257057890823428291E-16, -1.685446266610458883E-16 ) ) ;
#165 = CARTESIAN_POINT ( 'NONE',  ( 0.2496732018772915840, 0.2270392642020808149, -0.01181102362104828087 ) ) ;
#166 = ORIENTED_EDGE ( 'NONE', *, *, #2705, .F. ) ;
#167 = DIRECTION ( 'NONE',  ( -5.123469692433509096E-17, -0.3713906763540998357, 0.9284766908852608580 ) ) ;
#168 = ORIENTED_EDGE ( 'NONE', *, *, #5006, .T. ) ;
#169 = AXIS2_PLACEMENT_3D ( 'NONE', #4687, #3191, #2491 ) ;
#170 = CARTESIAN_POINT ( 'NONE',  ( 0.07644485542059877015, 0.3018424138083798947, -0.03740157480215068608 ) ) ;
#171 = DIRECTION ( 'NONE',  ( 1.685446266610458883E-16, 8.326672684688672821E-17, -1.000000000000000000 ) ) ;
#172 = VECTOR ( 'NONE', #2887, 39.37007874015748143 ) ;
#173 = DIRECTION ( 'NONE',  ( -2.617448175331444441E-16, 0.3713906763541014455, 0.9284766908852601919 ) ) ;
#174 = CARTESIAN_POINT ( 'NONE',  ( 0.1433739892788664927, -0.2060316019396516984, -0.05905511810923725485 ) ) ;
#175 = ORIENTED_EDGE ( 'NONE', *, *, #3188, .F. ) ;
#176 = DIRECTION ( 'NONE',  ( 0.000000000000000000, -0.7071067811865434649, -0.7071067811865515695 ) ) ;
#177 = VERTEX_POINT ( 'NONE', #1028 ) ;
#178 = VERTEX_POINT ( 'NONE', #3331 ) ;
#179 = DIRECTION ( 'NONE',  ( 0.000000000000000000, 0.000000000000000000, 1.000000000000000000 ) ) ;
#180 = DIRECTION ( 'NONE',  ( 0.000000000000000000, 0.000000000000000000, 1.000000000000000000 ) ) ;
#181 = EDGE_CURVE ( 'NONE', #2417, #4350, #2458, .T. ) ;
#182 = EDGE_CURVE ( 'NONE', #4457, #5244, #2204, .T. ) ;
#183 = DIRECTION ( 'NONE',  ( -1.000000000000000000, 0.000000000000000000, 0.000000000000000000 ) ) ;
#184 = DIRECTION ( 'NONE',  ( 1.204669080539449344E-16, -1.000000000000000000, 0.000000000000000000 ) ) ;
#185 = TOROIDAL_SURFACE ( 'NONE', #4302, 0.007874015748031516770, 0.003937007874015682057 ) ;
#186 = DIRECTION ( 'NONE',  ( -2.834079232620525851E-16, 1.000000000000000000, 8.326672684688667890E-17 ) ) ;
#187 = CARTESIAN_POINT ( 'NONE',  ( -0.4196181367053853917, 0.2250707602650726946, -0.09055118110136337051 ) ) ;
#188 = ADVANCED_FACE ( 'NONE', ( #538 ), #1677, .T. ) ;
#189 = ORIENTED_EDGE ( 'NONE', *, *, #6729, .F. ) ;
#190 = LINE ( 'NONE', #147, #323 ) ;
#191 = VECTOR ( 'NONE', #10, 39.37007874015748143 ) ;
#192 = CARTESIAN_POINT ( 'NONE',  ( 0.000000000000000000, 0.000000000000000000, -0.2283464566919144179 ) ) ;
#193 = EDGE_CURVE ( 'NONE', #5609, #7214, #1495, .T. ) ;
#194 = DIRECTION ( 'NONE',  ( 2.834079232620525851E-16, -1.000000000000000000, -8.326672684688667890E-17 ) ) ;
#195 = ADVANCED_FACE ( 'NONE', ( #4061 ), #6384, .F. ) ;
#196 = CARTESIAN_POINT ( 'NONE',  ( -0.4196181367053855027, 0.1994802090839702391, 0.1929133858277704283 ) ) ;
#197 = CARTESIAN_POINT ( 'NONE',  ( 0.3992795010898901875, -0.2729607357979192961, 0.01968503937107793020 ) ) ;
#198 = DIRECTION ( 'NONE',  ( 1.685446266610458883E-16, 8.326672684688672821E-17, -1.000000000000000000 ) ) ;
#199 = EDGE_CURVE ( 'NONE', #5738, #394, #7315, .T. ) ;
#200 = VECTOR ( 'NONE', #3500, 39.37007874015748143 ) ;
#201 = EDGE_LOOP ( 'NONE', ( #5665, #6849, #2628, #1625 ) ) ;
#202 = ORIENTED_EDGE ( 'NONE', *, *, #4650, .F. ) ;
#203 = DIRECTION ( 'NONE',  ( 0.000000000000000000, 0.000000000000000000, -1.000000000000000000 ) ) ;
#204 = AXIS2_PLACEMENT_3D ( 'NONE', #3644, #1384, #1500 ) ;
#205 = VECTOR ( 'NONE', #6014, 39.37007874015748143 ) ;
#206 = ORIENTED_EDGE ( 'NONE', *, *, #4092, .T. ) ;
#207 = DIRECTION ( 'NONE',  ( 0.000000000000000000, 1.000000000000000000, 0.000000000000000000 ) ) ;
#208 = DIRECTION ( 'NONE',  ( 1.000000000000000000, 0.000000000000000000, 0.000000000000000000 ) ) ;
#209 = ORIENTED_EDGE ( 'NONE', *, *, #5050, .T. ) ;
#210 = LINE ( 'NONE', #708, #6493 ) ;
#211 = VECTOR ( 'NONE', #2542, 39.37007874015748143 ) ;
#212 = AXIS2_PLACEMENT_3D ( 'NONE', #4578, #6906, #1174 ) ;
#213 = ORIENTED_EDGE ( 'NONE', *, *, #463, .F. ) ;
#214 =( NAMED_UNIT ( * ) SI_UNIT ( $, .STERADIAN. ) SOLID_ANGLE_UNIT ( ) );
#215 = VECTOR ( 'NONE', #1653, 39.37007874015748143 ) ;
#216 = AXIS2_PLACEMENT_3D ( 'NONE', #2152, #2818, #3420 ) ;
#217 = ORIENTED_EDGE ( 'NONE', *, *, #702, .F. ) ;
#218 =( NAMED_UNIT ( * ) PLANE_ANGLE_UNIT ( ) SI_UNIT ( $, .RADIAN. ) );
#219 = EDGE_LOOP ( 'NONE', ( #6768, #6736, #3620, #1479 ) ) ;
#220 = AXIS2_PLACEMENT_3D ( 'NONE', #4014, #7061, #2994 ) ;
#221 = ORIENTED_EDGE ( 'NONE', *, *, #3895, .T. ) ;
#222 = DIRECTION ( 'NONE',  ( -2.834079232620525851E-16, 1.000000000000000000, 8.326672684688667890E-17 ) ) ;
#223 = TOROIDAL_SURFACE ( 'NONE', #442, 0.007874015748031516770, 0.003937007874015702874 ) ;
#224 = CARTESIAN_POINT ( 'NONE',  ( -0.4353661682014484668, 0.3175904453044426923, -0.08267716535333186068 ) ) ;
#225 = CARTESIAN_POINT ( 'NONE',  ( -0.1676496327689648569, 0.01050383113121446804, -0.04330708661343565802 ) ) ;
#226 = CARTESIAN_POINT ( 'NONE',  ( -0.2109567193825508946, 0.1975117051469625351, -0.03543307086514277393 ) ) ;
#227 = DIRECTION ( 'NONE',  ( -1.000000000000000000, -1.836970198721029688E-16, 0.000000000000000000 ) ) ;
#228 = DIRECTION ( 'NONE',  ( -1.685446266610458883E-16, -8.326672684688672821E-17, 1.000000000000000000 ) ) ;
#229 = EDGE_LOOP ( 'NONE', ( #4711, #6145, #7225, #741 ) ) ;
#230 = EDGE_CURVE ( 'NONE', #5226, #5528, #7440, .T. ) ;
#231 = CARTESIAN_POINT ( 'NONE',  ( 0.4307755640820160603, 0.2250707602650731110, -0.09055118110136325948 ) ) ;
#232 = CARTESIAN_POINT ( 'NONE',  ( -0.2798543571778265848, -0.1784725468215414557, 0.06299212598525093243 ) ) ;
#233 = EDGE_CURVE ( 'NONE', #5079, #134, #3485, .T. ) ;
#234 = CARTESIAN_POINT ( 'NONE',  ( 0.4150275325859541509, -0.1961890822546121238, -0.07086614173128448491 ) ) ;
#235 = CARTESIAN_POINT ( 'NONE',  ( -0.3330039634770389778, 0.01050383113121423559, 0.5629921259852507243 ) ) ;
#236 = LINE ( 'NONE', #1453, #1290 ) ;
#237 = CARTESIAN_POINT ( 'NONE',  ( -0.1952086878864878472, 0.2545983193201908357, 0.4133858267726524538 ) ) ;
#238 = ORIENTED_EDGE ( 'NONE', *, *, #891, .F. ) ;
#239 = ORIENTED_EDGE ( 'NONE', *, *, #3053, .F. ) ;
#240 = ADVANCED_FACE ( 'NONE', ( #5274 ), #1141, .F. ) ;
#241 = EDGE_CURVE ( 'NONE', #7231, #6139, #5239, .T. ) ;
#242 = DIRECTION ( 'NONE',  ( -2.282530889443167515E-16, 1.000000000000000000, 0.000000000000000000 ) ) ;
#243 = EDGE_CURVE ( 'NONE', #6532, #5984, #2360, .T. ) ;
#244 = ORIENTED_EDGE ( 'NONE', *, *, #1674, .T. ) ;
#245 = FACE_OUTER_BOUND ( 'NONE', #1819, .T. ) ;
#246 = LINE ( 'NONE', #4341, #2457 ) ;
#247 = EDGE_LOOP ( 'NONE', ( #7016, #5898, #5668, #878, #5499, #1706, #493, #3871, #450, #2451 ) ) ;
#248 = EDGE_LOOP ( 'NONE', ( #253, #733, #2465, #3139, #4976 ) ) ;
#249 = CARTESIAN_POINT ( 'NONE',  ( -0.1952086878864878472, 0.2939683980603482460, 0.4251968503946996769 ) ) ;
#250 = ORIENTED_EDGE ( 'NONE', *, *, #7401, .T. ) ;
#251 = ORIENTED_EDGE ( 'NONE', *, *, #5547, .T. ) ;
#252 = DIRECTION ( 'NONE',  ( -1.000000000000000000, -6.123233995736766036E-17, -0.000000000000000000 ) ) ;
#253 = ORIENTED_EDGE ( 'NONE', *, *, #2933, .F. ) ;
#254 = ORIENTED_EDGE ( 'NONE', *, *, #5383, .F. ) ;
#255 = ORIENTED_EDGE ( 'NONE', *, *, #7294, .F. ) ;
#256 = CARTESIAN_POINT ( 'NONE',  ( -0.2700118374927871767, 0.1758581618398758484, 0.1771653543317075752 ) ) ;
#257 = CARTESIAN_POINT ( 'NONE',  ( 0.2772322569954019378, 0.01050383113121446804, -0.03543307086514277393 ) ) ;
#258 = EDGE_CURVE ( 'NONE', #4784, #1013, #6303, .T. ) ;
#259 = DIRECTION ( 'NONE',  ( -1.000000000000000000, 1.239088197126290817E-16, 0.000000000000000000 ) ) ;
#260 = CYLINDRICAL_SURFACE ( 'NONE', #5418, 0.007874015748031516770 ) ;
#261 = CARTESIAN_POINT ( 'NONE',  ( 0.1433739892788664927, -0.2060316019396516984, -0.05905511810923725485 ) ) ;
#262 = LINE ( 'NONE', #2464, #4654 ) ;
#263 = ORIENTED_EDGE ( 'NONE', *, *, #6881, .F. ) ;
#264 = ORIENTED_EDGE ( 'NONE', *, *, #6413, .F. ) ;
#265 = CARTESIAN_POINT ( 'NONE',  ( -0.4038701052093223165, -0.2729607357979194071, 0.5314960629931247960 ) ) ;
#266 = DIRECTION ( 'NONE',  ( 0.000000000000000000, 0.000000000000000000, -1.000000000000000000 ) ) ;
#267 = FACE_OUTER_BOUND ( 'NONE', #1340, .T. ) ;
#268 = CARTESIAN_POINT ( 'NONE',  ( 0.4229015483339846893, -0.2965827830420139644, 0.5551181102372193532 ) ) ;
#269 = CARTESIAN_POINT ( 'NONE',  ( 0.1630590286489452811, 0.1778266657768837744, -0.05905511810923725485 ) ) ;
#270 = VERTEX_POINT ( 'NONE', #5733 ) ;
#271 = VERTEX_POINT ( 'NONE', #2998 ) ;
#272 = VECTOR ( 'NONE', #3425, 39.37007874015748143 ) ;
#273 = DIRECTION ( 'NONE',  ( 0.000000000000000000, 0.000000000000000000, 1.000000000000000000 ) ) ;
#274 = EDGE_LOOP ( 'NONE', ( #919, #7032, #1390, #284 ) ) ;
#275 = DIRECTION ( 'NONE',  ( -1.000000000000000000, 0.000000000000000000, 0.000000000000000000 ) ) ;
#276 = EDGE_CURVE ( 'NONE', #5130, #1635, #5204, .T. ) ;
#277 = AXIS2_PLACEMENT_3D ( 'NONE', #2740, #1037, #5128 ) ;
#278 = EDGE_CURVE ( 'NONE', #1522, #3003, #11, .T. ) ;
#279 = PLANE ( 'NONE',  #1373 ) ;
#280 = VERTEX_POINT ( 'NONE', #4547 ) ;
#281 = CARTESIAN_POINT ( 'NONE',  ( -0.2818228611148343443, -0.06823632634910049843, -0.05905511810923725485 ) ) ;
#282 = CIRCLE ( 'NONE', #6587, 0.03149606299271322934 ) ;
#283 = VECTOR ( 'NONE', #1122, 39.37007874015748143 ) ;
#284 = ORIENTED_EDGE ( 'NONE', *, *, #7258, .F. ) ;
#285 = CARTESIAN_POINT ( 'NONE',  ( -0.3330039634770389778, 0.03018887050129322527, -0.03543307086514277393 ) ) ;
#287 = EDGE_CURVE ( 'NONE', #3222, #6154, #2702, .T. ) ;
#286 = VERTEX_POINT ( 'NONE', #6991 ) ;
#288 = ORIENTED_EDGE ( 'NONE', *, *, #1835, .T. ) ;
#289 = ORIENTED_EDGE ( 'NONE', *, *, #2870, .F. ) ;
#290 = DIRECTION ( 'NONE',  ( 1.000000000000000000, 0.000000000000000000, 0.000000000000000000 ) ) ;
#291 = DIRECTION ( 'NONE',  ( -1.000000000000000000, 0.000000000000000000, 0.000000000000000000 ) ) ;
#292 = VECTOR ( 'NONE', #3000, 39.37007874015748143 ) ;
#293 = CARTESIAN_POINT ( 'NONE',  ( -0.2896968768628658819, 0.1758581618398758484, 0.1574803149616288978 ) ) ;
#294 = CARTESIAN_POINT ( 'NONE',  ( -0.2700118374927871767, 0.1994802090839704611, 0.01968503937107769428 ) ) ;
#295 = CARTESIAN_POINT ( 'NONE',  ( -0.2896968768628658819, -0.1784725468215414557, 0.1771653543317075752 ) ) ;
#296 = DIRECTION ( 'NONE',  ( -1.000000000000000000, 0.000000000000000000, 0.000000000000000000 ) ) ;
#297 = EDGE_CURVE ( 'NONE', #6896, #1612, #6344, .T. ) ;
#298 = AXIS2_PLACEMENT_3D ( 'NONE', #2380, #6901, #4003 ) ;
#299 = ORIENTED_EDGE ( 'NONE', *, *, #6411, .F. ) ;
#300 = ORIENTED_EDGE ( 'NONE', *, *, #2084, .F. ) ;
#301 = DIRECTION ( 'NONE',  ( -1.685446266610458883E-16, -8.326672684688672821E-17, 1.000000000000000000 ) ) ;
#302 = LINE ( 'NONE', #913, #7014 ) ;
#303 = AXIS2_PLACEMENT_3D ( 'NONE', #604, #1737, #4044 ) ;
#304 = LINE ( 'NONE', #2123, #5408 ) ;
#305 = CARTESIAN_POINT ( 'NONE',  ( -0.4078071130833383351, -0.2887087672939823713, -0.03149606299112701902 ) ) ;
#306 = DIRECTION ( 'NONE',  ( 1.000000000000000000, 2.834079232620525851E-16, 1.685446266610459130E-16 ) ) ;
#307 = ORIENTED_EDGE ( 'NONE', *, *, #2749, .T. ) ;
#308 = ORIENTED_EDGE ( 'NONE', *, *, #3512, .T. ) ;
#309 = B_SPLINE_CURVE_WITH_KNOTS ( 'NONE', 3,
 ( #5059, #6395, #2893, #5214, #1647, #1765 ),
 .UNSPECIFIED., .F., .F.,
 ( 4, 2, 4 ),
 ( 0.000000000000000000, 0.5000000000000000000, 1.000000000000000000 ),
 .UNSPECIFIED. ) ;
#310 = VECTOR ( 'NONE', #1724, 39.37007874015748143 ) ;
#311 = LINE ( 'NONE', #2629, #1803 ) ;
#312 = CARTESIAN_POINT ( 'NONE',  ( -0.08103545954003095464, -0.2808347515459509447, -0.07086614173128460981 ) ) ;
#313 = PLANE ( 'NONE',  #3457 ) ;
#314 = AXIS2_PLACEMENT_3D ( 'NONE', #4195, #1813, #6440 ) ;
#315 = DIRECTION ( 'NONE',  ( 0.000000000000000000, -1.000000000000000000, 0.000000000000000000 ) ) ;
#316 = CARTESIAN_POINT ( 'NONE',  ( 0.4307755640820161158, 0.2959369019973562831, -0.07086614173128448491 ) ) ;
#317 = ORIENTED_EDGE ( 'NONE', *, *, #5397, .T. ) ;
#318 = ORIENTED_EDGE ( 'NONE', *, *, #2287, .T. ) ;
#319 = EDGE_CURVE ( 'NONE', #1392, #2806, #5819, .T. ) ;
#320 = VECTOR ( 'NONE', #6971, 39.37007874015748143 ) ;
#321 = EDGE_CURVE ( 'NONE', #1681, #7305, #3517, .T. ) ;
#322 = CARTESIAN_POINT ( 'NONE',  ( -0.2896968768628658819, 0.1891455634146789744, 0.01968503937107770121 ) ) ;
#323 = VECTOR ( 'NONE', #2470, 39.37007874015748143 ) ;
#324 = AXIS2_PLACEMENT_3D ( 'NONE', #7378, #5624, #7301 ) ;
#325 = VERTEX_POINT ( 'NONE', #6341 ) ;
#326 = CARTESIAN_POINT ( 'NONE',  ( -0.3487519949731019420, 0.03018887050129322527, -0.02362204724309532183 ) ) ;
#327 = ORIENTED_EDGE ( 'NONE', *, *, #5137, .F. ) ;
#328 = ORIENTED_EDGE ( 'NONE', *, *, #1342, .F. ) ;
#329 = ORIENTED_EDGE ( 'NONE', *, *, #3608, .F. ) ;
#330 = DIRECTION ( 'NONE',  ( -1.204669080539449344E-16, 1.000000000000000000, 0.000000000000000000 ) ) ;
#331 = EDGE_CURVE ( 'NONE', #1498, #3513, #582, .T. ) ;
#332 = ADVANCED_FACE ( 'NONE', ( #6948 ), #875, .F. ) ;
#333 = CARTESIAN_POINT ( 'NONE',  ( 0.000000000000000000, 0.000000000000000000, -0.2283464566919144179 ) ) ;
#334 = VECTOR ( 'NONE', #6404, 39.37007874015748143 ) ;
#335 = CIRCLE ( 'NONE', #6157, 0.06299212598425206477 ) ;
#336 = CARTESIAN_POINT ( 'NONE',  ( -0.2109567193825508946, -0.1765040428845335851, -0.05905511810923725485 ) ) ;
#337 = PLANE ( 'NONE',  #2145 ) ;
#338 = CARTESIAN_POINT ( 'NONE',  ( -0.4078071130833383351, -0.2768977436719350926, 0.07086614173328258104 ) ) ;
#339 = CARTESIAN_POINT ( 'NONE',  ( -0.4038701052093224830, 0.2939683980603481905, 0.5314960629931247960 ) ) ;
#340 = AXIS2_PLACEMENT_3D ( 'NONE', #3789, #7267, #5472 ) ;
#341 = VECTOR ( 'NONE', #4760, 39.37007874015748143 ) ;
#342 = ORIENTED_EDGE ( 'NONE', *, *, #6555, .F. ) ;
#343 = ORIENTED_EDGE ( 'NONE', *, *, #5064, .T. ) ;
#344 = DIRECTION ( 'NONE',  ( 1.685446266610458883E-16, 8.326672684688672821E-17, -1.000000000000000000 ) ) ;
#345 = DIRECTION ( 'NONE',  ( 0.000000000000000000, -1.000000000000000000, 0.000000000000000000 ) ) ;
#346 = CARTESIAN_POINT ( 'NONE',  ( -0.4196181367053853917, 0.2880628862493246900, -0.09055118110136337051 ) ) ;
#347 = CARTESIAN_POINT ( 'NONE',  ( -0.4038701052093224830, -0.1312284523333524244, -0.2090985256260867453 ) ) ;
#348 = ORIENTED_EDGE ( 'NONE', *, *, #6431, .T. ) ;
#349 = ORIENTED_EDGE ( 'NONE', *, *, #7150, .T. ) ;
#350 = PLANE ( 'NONE',  #7500 ) ;
#351 = ADVANCED_FACE ( 'NONE', ( #844 ), #6048, .F. ) ;
#352 = CARTESIAN_POINT ( 'NONE',  ( -0.2995393965479052345, -0.1784725468215414557, 0.1771653543317075752 ) ) ;
#353 = CARTESIAN_POINT ( 'NONE',  ( -0.4078071130833384461, 0.3057794216823955802, 0.07480314960729816942 ) ) ;
#354 = CARTESIAN_POINT ( 'NONE',  ( 0.4054053103599996599, -0.2847717594199666302, -0.03543307086514277393 ) ) ;
#355 = ORIENTED_EDGE ( 'NONE', *, *, #1110, .T. ) ;
#356 = CARTESIAN_POINT ( 'NONE',  ( 0.2496732018772917228, -0.2060316019396517262, -0.01181102362104828607 ) ) ;
#357 = DIRECTION ( 'NONE',  ( 0.000000000000000000, 0.000000000000000000, -1.000000000000000000 ) ) ;
#358 = ORIENTED_EDGE ( 'NONE', *, *, #278, .T. ) ;
#359 = ORIENTED_EDGE ( 'NONE', *, *, #3659, .F. ) ;
#360 = VERTEX_POINT ( 'NONE', #6497 ) ;
#361 = ORIENTED_EDGE ( 'NONE', *, *, #1692, .T. ) ;
#362 = EDGE_CURVE ( 'NONE', #6244, #695, #3632, .T. ) ;
#363 = FACE_OUTER_BOUND ( 'NONE', #4780, .T. ) ;
#364 = DIRECTION ( 'NONE',  ( 0.000000000000000000, -1.000000000000000000, 0.000000000000000000 ) ) ;
#365 = CARTESIAN_POINT ( 'NONE',  ( -0.2896968768628658819, 0.1891455634146789744, 0.06299212598525093243 ) ) ;
#366 = CARTESIAN_POINT ( 'NONE',  ( -0.4196181367053856692, -0.2887087672939823713, 0.07480314960729816942 ) ) ;
#367 = EDGE_CURVE ( 'NONE', #5830, #460, #5966, .T. ) ;
#368 = PLANE ( 'NONE',  #6343 ) ;
#369 = ADVANCED_FACE ( 'NONE', ( #1452 ), #1294, .F. ) ;
#370 = FACE_OUTER_BOUND ( 'NONE', #2641, .T. ) ;
#371 = VERTEX_POINT ( 'NONE', #7177 ) ;
#372 = ORIENTED_EDGE ( 'NONE', *, *, #6306, .F. ) ;
#373 = EDGE_CURVE ( 'NONE', #4830, #1522, #3071, .T. ) ;
#374 = CARTESIAN_POINT ( 'NONE',  ( -0.002295302059716186789, -0.03870876729317462156, 0.5610236220482428537 ) ) ;
#375 = CARTESIAN_POINT ( 'NONE',  ( -0.4353661682014484668, 0.3254644610524742299, -0.09055118110136337051 ) ) ;
#376 = PLANE ( 'NONE',  #46 ) ;
#377 = CARTESIAN_POINT ( 'NONE',  ( -0.2916653807998735859, 0.2467243035721593536, -0.01968503936907978202 ) ) ;
#378 = ORIENTED_EDGE ( 'NONE', *, *, #6133, .T. ) ;
#379 = ORIENTED_EDGE ( 'NONE', *, *, #1461, .F. ) ;
#380 = EDGE_CURVE ( 'NONE', #6588, #163, #5736, .T. ) ;
#381 = CARTESIAN_POINT ( 'NONE',  ( -0.2700118374927871767, -0.1784725468215414557, 0.1574803149616288978 ) ) ;
#382 = CARTESIAN_POINT ( 'NONE',  ( 0.000000000000000000, 0.000000000000000000, -0.01181102362104828607 ) ) ;
#383 = DIRECTION ( 'NONE',  ( 0.000000000000000000, 0.000000000000000000, 1.000000000000000000 ) ) ;
#384 = DIRECTION ( 'NONE',  ( 2.617448175331456767E-16, -0.3713906763541069966, -0.9284766908852579714 ) ) ;
#385 = ORIENTED_EDGE ( 'NONE', *, *, #3411, .T. ) ;
#386 = AXIS2_PLACEMENT_3D ( 'NONE', #268, #3107, #2551 ) ;
#387 = EDGE_CURVE ( 'NONE', #5943, #4037, #6610, .T. ) ;
#388 = ORIENTED_EDGE ( 'NONE', *, *, #2533, .T. ) ;
#389 = DIRECTION ( 'NONE',  ( 0.000000000000000000, 0.000000000000000000, -1.000000000000000000 ) ) ;
#390 = CARTESIAN_POINT ( 'NONE',  ( 0.2772322569954019378, 0.01050383113121446804, -0.03543307086514277393 ) ) ;
#391 = ORIENTED_EDGE ( 'NONE', *, *, #2643, .T. ) ;
#392 = PRESENTATION_STYLE_ASSIGNMENT (( #1469 ) ) ;
#393 = VERTEX_POINT ( 'NONE', #5432 ) ;
#394 = VERTEX_POINT ( 'NONE', #5352 ) ;
#395 = VECTOR ( 'NONE', #4869, 39.37007874015748143 ) ;
#396 = EDGE_LOOP ( 'NONE', ( #6549, #5828, #213, #839 ) ) ;
#397 = CARTESIAN_POINT ( 'NONE',  ( -0.2896968768628658264, -0.1509134917034312129, 0.06299212598525093243 ) ) ;
#398 = DIRECTION ( 'NONE',  ( 1.000000000000000000, 2.834079232620525851E-16, 1.685446266610459130E-16 ) ) ;
#399 = AXIS2_PLACEMENT_3D ( 'NONE', #4165, #1401, #5421 ) ;
#400 = VECTOR ( 'NONE', #1567, 39.37007874015748143 ) ;
#401 = DIRECTION ( 'NONE',  ( 1.000000000000000000, 1.224646799147353207E-16, 3.454066376770641302E-31 ) ) ;
#402 = B_SPLINE_CURVE_WITH_KNOTS ( 'NONE', 3,
 ( #7025, #1828, #5773, #579, #5931, #4660, #4133, #652, #4100, #6423, #2883, #4172, #5202, #1751 ),
 .UNSPECIFIED., .F., .F.,
 ( 4, 2, 2, 2, 2, 2, 4 ),
 ( 0.000000000000000000, 7.486325975545613583E-05, 0.0001497265195109122717, 0.0002994530390218245433, 0.0004491795585327368421, 0.0005240428182881943196, 0.0005989060780436517972 ),
 .UNSPECIFIED. ) ;
#403 = DIRECTION ( 'NONE',  ( -1.685446266610458883E-16, -8.055622141566113421E-17, 1.000000000000000000 ) ) ;
#404 = DIRECTION ( 'NONE',  ( 0.000000000000000000, -1.000000000000000000, 0.000000000000000000 ) ) ;
#405 = CARTESIAN_POINT ( 'NONE',  ( 0.4110905247119372441, 0.3000651662227216132, 0.07480314960729816942 ) ) ;
#406 = ORIENTED_EDGE ( 'NONE', *, *, #2820, .F. ) ;
#407 = EDGE_LOOP ( 'NONE', ( #7424, #5708, #6702, #1931 ) ) ;
#408 = CIRCLE ( 'NONE', #4162, 0.003937007874015724558 ) ;
#409 = PLANE ( 'NONE',  #5167 ) ;
#410 = ADVANCED_FACE ( 'NONE', ( #152 ), #5392, .T. ) ;
#411 = ADVANCED_FACE ( 'NONE', ( #7102 ), #1905, .T. ) ;
#412 = DIRECTION ( 'NONE',  ( 1.000000000000000000, 2.282530889443167515E-16, 0.000000000000000000 ) ) ;
#413 = LINE ( 'NONE', #4502, #7320 ) ;
#414 = ADVANCED_FACE ( 'NONE', ( #1944 ), #768, .F. ) ;
#415 = AXIS2_PLACEMENT_3D ( 'NONE', #7179, #6611, #1411 ) ;
#416 = LINE ( 'NONE', #4365, #3678 ) ;
#417 = EDGE_LOOP ( 'NONE', ( #4935, #1413, #5646, #4333 ) ) ;
#418 = ORIENTED_EDGE ( 'NONE', *, *, #4352, .F. ) ;
#419 = EDGE_CURVE ( 'NONE', #5738, #4555, #1409, .T. ) ;
#420 = VECTOR ( 'NONE', #2158, 39.37007874015748143 ) ;
#421 = ADVANCED_FACE ( 'NONE', ( #4891 ), #807, .T. ) ;
#422 = DIRECTION ( 'NONE',  ( -1.000000000000000000, 0.000000000000000000, 0.000000000000000000 ) ) ;
#423 = FACE_OUTER_BOUND ( 'NONE', #6267, .T. ) ;
#424 = EDGE_CURVE ( 'NONE', #5739, #3707, #4618, .T. ) ;
#425 = DIRECTION ( 'NONE',  ( 0.4472135954999579277, 5.476786982642026860E-17, -0.8944271909999158554 ) ) ;
#426 = CARTESIAN_POINT ( 'NONE',  ( -0.3172559319809760137, -0.04855128697902211243, 0.5551181102372192422 ) ) ;
#427 =( GEOMETRIC_REPRESENTATION_CONTEXT ( 3 ) GLOBAL_UNCERTAINTY_ASSIGNED_CONTEXT ( ( #1503 ) ) GLOBAL_UNIT_ASSIGNED_CONTEXT ( ( #7352, #5634, #6140 ) ) REPRESENTATION_CONTEXT ( 'NONE', 'WORKASPACE' ) );
#428 = ORIENTED_EDGE ( 'NONE', *, *, #2045, .F. ) ;
#429 = EDGE_LOOP ( 'NONE', ( #6580, #5372 ) ) ;
#430 = DIRECTION ( 'NONE',  ( -1.000000000000000000, -2.834079232620525851E-16, -1.685446266610459130E-16 ) ) ;
#431 = CARTESIAN_POINT ( 'NONE',  ( 0.4307755640820161158, 0.2171967445170411848, -0.07086614173128448491 ) ) ;
#432 = AXIS2_PLACEMENT_3D ( 'NONE', #3860, #2052, #5580 ) ;
#433 = DIRECTION ( 'NONE',  ( 2.231744692350801056E-16, -1.000000000000000000, -8.326672684688669123E-17 ) ) ;
#434 = ORIENTED_EDGE ( 'NONE', *, *, #5632, .T. ) ;
#435 = ORIENTED_EDGE ( 'NONE', *, *, #697, .F. ) ;
#436 = VECTOR ( 'NONE', #7350, 39.37007874015748143 ) ;
#437 = ORIENTED_EDGE ( 'NONE', *, *, #1018, .F. ) ;
#438 = VERTEX_POINT ( 'NONE', #2587 ) ;
#439 = DIRECTION ( 'NONE',  ( 0.000000000000000000, 0.000000000000000000, -1.000000000000000000 ) ) ;
#440 = CARTESIAN_POINT ( 'NONE',  ( -0.2896968768628658264, -0.1548504995774468984, 0.06692913385926665959 ) ) ;
#441 = DIRECTION ( 'NONE',  ( 5.204170427930317154E-14, 1.000000000000000000, 1.734723475976772385E-14 ) ) ;
#442 = AXIS2_PLACEMENT_3D ( 'NONE', #5946, #6474, #2376 ) ;
#443 = VECTOR ( 'NONE', #692, 39.37007874015748143 ) ;
#444 = DIRECTION ( 'NONE',  ( 2.617448175331445427E-16, -0.3713906763541016676, -0.9284766908852601919 ) ) ;
#445 = CARTESIAN_POINT ( 'NONE',  ( -0.4353661682014484668, -0.04855128697902211243, 0.5551181102372192422 ) ) ;
#446 = CARTESIAN_POINT ( 'NONE',  ( -0.4196181367053853917, 0.2959369019973560611, -0.07086614173128448491 ) ) ;
#447 = CARTESIAN_POINT ( 'NONE',  ( 0.1630590286489452811, 0.1778266657768837744, -0.05905511810923725485 ) ) ;
#448 = VERTEX_POINT ( 'NONE', #7220 ) ;
#449 = AXIS2_PLACEMENT_3D ( 'NONE', #257, #1397, #291 ) ;
#450 = ORIENTED_EDGE ( 'NONE', *, *, #3795, .T. ) ;
#451 = CARTESIAN_POINT ( 'NONE',  ( -0.3093819162329445316, -0.04855128697902204304, 0.5551181102372192422 ) ) ;
#452 = CARTESIAN_POINT ( 'NONE',  ( 0.05675981605052007190, 0.01050383113121430845, 0.5177165354340697023 ) ) ;
#453 = DIRECTION ( 'NONE',  ( -1.000000000000000000, -3.035766082959413894E-16, 0.000000000000000000 ) ) ;
#454 = VECTOR ( 'NONE', #3873, 39.37007874015748143 ) ;
#455 = CARTESIAN_POINT ( 'NONE',  ( -0.08103545954003095464, -0.2808347515459509447, -0.04724409448718972643 ) ) ;
#456 = VECTOR ( 'NONE', #2347, 39.37007874015748143 ) ;
#457 = CARTESIAN_POINT ( 'NONE',  ( 0.1433739892788664927, 0.1975117051469625351, -0.03543307086514277393 ) ) ;
#458 = CARTESIAN_POINT ( 'NONE',  ( 0.1984920995150868950, 0.2388502878241278438, -0.02362204724309518653 ) ) ;
#459 = EDGE_CURVE ( 'NONE', #7417, #7355, #3746, .T. ) ;
#460 = VERTEX_POINT ( 'NONE', #2760 ) ;
#461 = ORIENTED_EDGE ( 'NONE', *, *, #7123, .F. ) ;
#462 = VECTOR ( 'NONE', #7071, 39.37007874015748143 ) ;
#463 = EDGE_CURVE ( 'NONE', #4005, #6205, #3780, .T. ) ;
#464 = CARTESIAN_POINT ( 'NONE',  ( 4.109243915402511422E-16, 0.2368817838871195292, -0.2283464566919144179 ) ) ;
#465 = DIRECTION ( 'NONE',  ( 0.000000000000000000, 0.000000000000000000, -1.000000000000000000 ) ) ;
#466 = LINE ( 'NONE', #3226, #4797 ) ;
#467 = CARTESIAN_POINT ( 'NONE',  ( -0.2916653807998735859, -0.2257166413097304591, -0.01968503936907978202 ) ) ;
#468 = EDGE_CURVE ( 'NONE', #7437, #5635, #2075, .T. ) ;
#469 = VERTEX_POINT ( 'NONE', #1020 ) ;
#470 = EDGE_CURVE ( 'NONE', #5252, #3692, #988, .T. ) ;
#471 = VERTEX_POINT ( 'NONE', #305 ) ;
#472 = CARTESIAN_POINT ( 'NONE',  ( -0.3290669556030233478, 0.1778266657768837744, -0.05905511810923725485 ) ) ;
#473 = CARTESIAN_POINT ( 'NONE',  ( 0.4032165089639058175, -0.2887087672939823713, -0.01181102362104828607 ) ) ;
#474 = CARTESIAN_POINT ( 'NONE',  ( -0.4196181367053855027, -0.2887087672939823713, -0.03149606299112701902 ) ) ;
#475 = ORIENTED_EDGE ( 'NONE', *, *, #1441, .T. ) ;
#476 = EDGE_LOOP ( 'NONE', ( #209, #6735, #5356, #909 ) ) ;
#477 = VERTEX_POINT ( 'NONE', #6224 ) ;
#478 = EDGE_CURVE ( 'NONE', #7456, #6200, #3183, .T. ) ;
#479 = DIRECTION ( 'NONE',  ( -1.000000000000000000, 0.000000000000000000, 0.000000000000000000 ) ) ;
#480 = DIRECTION ( 'NONE',  ( 1.000000000000000000, 1.222384802312088134E-16, 0.000000000000000000 ) ) ;
#481 = DIRECTION ( 'NONE',  ( -1.000000000000000000, 0.000000000000000000, 0.000000000000000000 ) ) ;
#482 = CARTESIAN_POINT ( 'NONE',  ( -0.3330039634770389778, -0.009181208238864290924, -0.03543307086514277393 ) ) ;
#483 = FACE_OUTER_BOUND ( 'NONE', #586, .T. ) ;
#484 = VERTEX_POINT ( 'NONE', #3255 ) ;
#485 = ORIENTED_EDGE ( 'NONE', *, *, #2980, .T. ) ;
#486 = EDGE_CURVE ( 'NONE', #4366, #6669, #5615, .T. ) ;
#487 = CARTESIAN_POINT ( 'NONE',  ( -0.4196181367053856692, -0.1784725468215414557, 0.1771653543317075752 ) ) ;
#488 = DIRECTION ( 'NONE',  ( -1.685446266610458883E-16, -8.326672684688672821E-17, 1.000000000000000000 ) ) ;
#489 = CARTESIAN_POINT ( 'NONE',  ( -0.3576533390132011214, 0.01050383113121416100, 0.5472440944886649561 ) ) ;
#490 = CARTESIAN_POINT ( 'NONE',  ( -0.1912716800124721617, -0.1765040428845335851, -0.05905511810923725485 ) ) ;
#491 = CARTESIAN_POINT ( 'NONE',  ( -0.3330039634770389778, 0.03018887050129322527, -0.02362204724309532183 ) ) ;
#492 = DIRECTION ( 'NONE',  ( 0.000000000000000000, 0.000000000000000000, 1.000000000000000000 ) ) ;
#493 = ORIENTED_EDGE ( 'NONE', *, *, #812, .F. ) ;
#494 = EDGE_LOOP ( 'NONE', ( #1738, #3523, #1717, #6662 ) ) ;
#495 = DIRECTION ( 'NONE',  ( 1.000000000000000000, 2.710505431323157357E-16, 0.000000000000000000 ) ) ;
#496 = DIRECTION ( 'NONE',  ( 0.000000000000000000, -1.000000000000000000, 0.000000000000000000 ) ) ;
#497 = CARTESIAN_POINT ( 'NONE',  ( 0.1866810758930398662, 0.2270392642020808149, -0.01181102362104828087 ) ) ;
#498 = DIRECTION ( 'NONE',  ( -0.000000000000000000, -0.000000000000000000, -1.000000000000000000 ) ) ;
#499 = CARTESIAN_POINT ( 'NONE',  ( -0.4118518377896354665, 0.3050106730765860252, -0.03543307086514277393 ) ) ;
#500 = EDGE_CURVE ( 'NONE', #6532, #4005, #413, .T. ) ;
#501 = ORIENTED_EDGE ( 'NONE', *, *, #6290, .T. ) ;
#502 = ORIENTED_EDGE ( 'NONE', *, *, #1150, .T. ) ;
#503 = VERTEX_POINT ( 'NONE', #1059 ) ;
#504 = DIRECTION ( 'NONE',  ( 0.5773502691896278405, 0.5773502691896278405, -0.5773502691896212902 ) ) ;
#505 = CARTESIAN_POINT ( 'NONE',  ( -0.2621378217447554171, 0.2467243035721593536, -0.01968503936907978202 ) ) ;
#506 = EDGE_CURVE ( 'NONE', #5411, #7265, #5581, .T. ) ;
#507 = EDGE_CURVE ( 'NONE', #4979, #4376, #2623, .T. ) ;
#508 = CARTESIAN_POINT ( 'NONE',  ( -0.4196181367053852251, -0.2887087672939826488, -0.02952755905411937401 ) ) ;
#509 = ORIENTED_EDGE ( 'NONE', *, *, #6106, .T. ) ;
#510 = CARTESIAN_POINT ( 'NONE',  ( -0.006232309933731926092, 0.01050383113121446804, -0.03543307086514277393 ) ) ;
#511 = ORIENTED_EDGE ( 'NONE', *, *, #4769, .T. ) ;
#512 = ORIENTED_EDGE ( 'NONE', *, *, #4682, .F. ) ;
#513 = CARTESIAN_POINT ( 'NONE',  ( -0.3330039634770389778, 0.01050383113121423559, 0.5629921259852507243 ) ) ;
#514 = CARTESIAN_POINT ( 'NONE',  ( -0.2700118374927871767, 0.1994802090839704611, 0.01968503937107769428 ) ) ;
#515 = EDGE_CURVE ( 'NONE', #739, #901, #7262, .T. ) ;
#516 = FACE_OUTER_BOUND ( 'NONE', #1662, .T. ) ;
#517 = ADVANCED_FACE ( 'NONE', ( #916 ), #376, .F. ) ;
#518 = CARTESIAN_POINT ( 'NONE',  ( -0.2798543571778265293, 0.1994802090839704611, 0.01968503937107769428 ) ) ;
#519 = AXIS2_PLACEMENT_3D ( 'NONE', #2761, #3936, #7443 ) ;
#520 = CARTESIAN_POINT ( 'NONE',  ( -0.4038701052093223165, -0.2729607357979194071, 0.5314960629931247960 ) ) ;
#521 = CLOSED_SHELL ( 'NONE', ( #5766, #3233, #1077, #5468, #2414, #4884, #2126, #4454, #1490, #7155, #7221, #2822, #6137, #369, #5612, #7266, #410, #5745, #3835, #743, #881, #5719, #2326, #1727, #7491, #148, #1713, #6985, #3253, #5602, #3881, #3422, #240, #6038, #1451, #2649, #5614, #1370, #2864, #5942, #517, #3508, #4288, #5680, #1085, #5331, #4577, #2381, #18, #2140, #6805, #6819, #744, #411, #5774, #2914, #6654, #1899, #6011, #5742, #3704, #5525, #5234, #1316, #2467, #6516, #5385, #1596, #3938, #3491, #4788, #3747, #982, #3142, #1134, #1991, #2524, #3391, #2770, #5145, #1766, #4575, #3743, #7337, #1102, #5490, #2971, #3891, #2274, #3260, #102, #3932, #4826, #2676, #4437, #3696, #2328, #1067, #1211, #3373, #3298, #2431, #4639, #2773, #7340, #3043, #851, #7195, #8, #1875, #3646, #2162, #3879, #3718, #4917, #787, #5284, #5564, #1623, #1391, #2645, #4231, #2413, #4834, #977, #136 ) ) ;
#522 = CARTESIAN_POINT ( 'NONE',  ( 0.1630590286489452811, 0.1975117051469625351, -0.05905511810923725485 ) ) ;
#523 = EDGE_LOOP ( 'NONE', ( #5633, #4076 ) ) ;
#524 = VERTEX_POINT ( 'NONE', #4999 ) ;
#525 = CARTESIAN_POINT ( 'NONE',  ( -0.002295302059716200667, 0.01050383113121429804, 0.5511811023616924876 ) ) ;
#526 = AXIS2_PLACEMENT_3D ( 'NONE', #338, #5573, #2116 ) ;
#527 = AXIS2_PLACEMENT_3D ( 'NONE', #5159, #6878, #7496 ) ;
#528 = CARTESIAN_POINT ( 'NONE',  ( -0.1952086878864878472, 0.2939683980603483016, 0.5314960629931247960 ) ) ;
#529 = EDGE_CURVE ( 'NONE', #448, #1250, #6682, .T. ) ;
#530 = FACE_OUTER_BOUND ( 'NONE', #1562, .T. ) ;
#531 = LINE ( 'NONE', #2836, #6603 ) ;
#532 = ORIENTED_EDGE ( 'NONE', *, *, #4682, .T. ) ;
#533 = VECTOR ( 'NONE', #7433, 39.37007874015748143 ) ;
#534 = VERTEX_POINT ( 'NONE', #4391 ) ;
#535 = DIRECTION ( 'NONE',  ( -0.7071067811865434649, 0.000000000000000000, -0.7071067811865515695 ) ) ;
#536 = VECTOR ( 'NONE', #1371, 39.37007874015748143 ) ;
#537 = CARTESIAN_POINT ( 'NONE',  ( -0.1912716800124721617, -0.1568190035144548800, -0.05905511810923725485 ) ) ;
#538 = FACE_OUTER_BOUND ( 'NONE', #1097, .T. ) ;
#539 = LINE ( 'NONE', #6949, #5410 ) ;
#540 = LINE ( 'NONE', #4178, #292 ) ;
#541 = ORIENTED_EDGE ( 'NONE', *, *, #627, .F. ) ;
#542 = ORIENTED_EDGE ( 'NONE', *, *, #6864, .F. ) ;
#543 = EDGE_LOOP ( 'NONE', ( #5823, #2817, #6134, #7190 ) ) ;
#544 = CARTESIAN_POINT ( 'NONE',  ( -0.2522953020597160645, -0.2158741216246910510, -0.01181102362104828607 ) ) ;
#545 = CARTESIAN_POINT ( 'NONE',  ( -0.3172559319809760137, -0.04855128697902204304, 0.5157480314970618318 ) ) ;
#546 = LINE ( 'NONE', #1230, #6988 ) ;
#547 = COLOUR_RGB ( '',0.7921568627450980005, 0.8196078431372548767, 0.9333333333333333481 ) ;
#548 = CARTESIAN_POINT ( 'NONE',  ( -0.002295302059716189825, -0.02689774367244737382, 0.5511811023616924876 ) ) ;
#549 = ORIENTED_EDGE ( 'NONE', *, *, #6686, .F. ) ;
#550 = LINE ( 'NONE', #2296, #310 ) ;
#551 = EDGE_CURVE ( 'NONE', #122, #6861, #4283, .T. ) ;
#552 = VERTEX_POINT ( 'NONE', #7406 ) ;
#553 = ORIENTED_EDGE ( 'NONE', *, *, #2831, .F. ) ;
#554 = LINE ( 'NONE', #6288, #2155 ) ;
#555 = VECTOR ( 'NONE', #5979, 39.37007874015748143 ) ;
#556 = CARTESIAN_POINT ( 'NONE',  ( 0.4150275325859533182, -0.2749292397349270556, -0.07086614173128448491 ) ) ;
#557 = EDGE_CURVE ( 'NONE', #3560, #1681, #2087, .T. ) ;
#558 = DIRECTION ( 'NONE',  ( -1.685446266610458883E-16, -8.326672684688672821E-17, 1.000000000000000000 ) ) ;
#559 = CARTESIAN_POINT ( 'NONE',  ( 0.4307755640820163379, -0.3044567987900454464, -0.07086614173128448491 ) ) ;
#560 = VECTOR ( 'NONE', #4115, 39.37007874015748143 ) ;
#561 = CARTESIAN_POINT ( 'NONE',  ( 0.1433739892788665760, -0.2729607357979193516, 0.5314960629931249070 ) ) ;
#562 = ADVANCED_FACE ( 'NONE', ( #6717 ), #1525, .T. ) ;
#563 = VERTEX_POINT ( 'NONE', #3321 ) ;
#564 = ADVANCED_FACE ( 'NONE', ( #1597 ), #3897, .F. ) ;
#565 = ORIENTED_EDGE ( 'NONE', *, *, #3627, .T. ) ;
#566 = DIRECTION ( 'NONE',  ( 0.000000000000000000, 0.000000000000000000, 1.000000000000000000 ) ) ;
#567 = AXIS2_PLACEMENT_3D ( 'NONE', #5017, #5741, #1075 ) ;
#568 = ADVANCED_FACE ( 'NONE', ( #2832 ), #2874, .F. ) ;
#569 = AXIS2_PLACEMENT_3D ( 'NONE', #6827, #5076, #4392 ) ;
#570 = CARTESIAN_POINT ( 'NONE',  ( 0.2378621782552445829, -0.2178426255616989493, -0.2086614173218356572 ) ) ;
#571 = DIRECTION ( 'NONE',  ( -1.000000000000000000, 1.020425574104003999E-16, 0.000000000000000000 ) ) ;
#572 = LINE ( 'NONE', #6297, #7319 ) ;
#573 = DIRECTION ( 'NONE',  ( 1.000000000000000000, 0.000000000000000000, 0.000000000000000000 ) ) ;
#574 = AXIS2_PLACEMENT_3D ( 'NONE', #803, #2429, #763 ) ;
#575 = VECTOR ( 'NONE', #758, 39.37007874015748143 ) ;
#576 = EDGE_LOOP ( 'NONE', ( #2160, #3440, #4011, #4478 ) ) ;
#577 = ORIENTED_EDGE ( 'NONE', *, *, #2654, .T. ) ;
#578 = ADVANCED_FACE ( 'NONE', ( #7020, #5767 ), #2309, .F. ) ;
#579 = CARTESIAN_POINT ( 'NONE',  ( -0.2820008190893616429, 0.1758581618398758484, 0.06610170937462489515 ) ) ;
#580 = VECTOR ( 'NONE', #1720, 39.37007874015748143 ) ;
#581 = VECTOR ( 'NONE', #479, 39.37007874015748143 ) ;
#582 = LINE ( 'NONE', #2885, #5620 ) ;
#583 = LINE ( 'NONE', #7497, #3221 ) ;
#584 = FACE_OUTER_BOUND ( 'NONE', #984, .T. ) ;
#585 = ORIENTED_EDGE ( 'NONE', *, *, #7044, .T. ) ;
#586 = EDGE_LOOP ( 'NONE', ( #5848, #1348, #6963, #78, #1220, #2050, #589, #1321 ) ) ;
#587 = CIRCLE ( 'NONE', #3002, 0.05905511811023627516 ) ;
#588 = VECTOR ( 'NONE', #5911, 39.37007874015748143 ) ;
#589 = ORIENTED_EDGE ( 'NONE', *, *, #609, .F. ) ;
#590 = ADVANCED_FACE ( 'NONE', ( #1787 ), #5724, .F. ) ;
#591 = CARTESIAN_POINT ( 'NONE',  ( 0.4150275325859533182, -0.2887087672939823157, -0.07086614173128434613 ) ) ;
#592 = AXIS2_PLACEMENT_3D ( 'NONE', #4246, #6607, #3710 ) ;
#593 = CARTESIAN_POINT ( 'NONE',  ( -0.4196181367053856692, 0.1522361145957812911, 0.1771653543317075752 ) ) ;
#594 = DIRECTION ( 'NONE',  ( 0.000000000000000000, 0.000000000000000000, -1.000000000000000000 ) ) ;
#595 = ORIENTED_EDGE ( 'NONE', *, *, #3889, .T. ) ;
#596 = DIRECTION ( 'NONE',  ( -0.5773502691896278405, 0.5773502691896278405, -0.5773502691896212902 ) ) ;
#597 = ORIENTED_EDGE ( 'NONE', *, *, #3409, .F. ) ;
#598 = ORIENTED_EDGE ( 'NONE', *, *, #4844, .F. ) ;
#599 = CARTESIAN_POINT ( 'NONE',  ( 0.1630590286489452811, 0.1975117051469625351, -0.05905511810923725485 ) ) ;
#600 = CARTESIAN_POINT ( 'NONE',  ( -0.2877481471952255121, -0.1548504995774468984, 0.06692913385926664571 ) ) ;
#601 = CARTESIAN_POINT ( 'NONE',  ( 0.05675981605052007190, 0.01050383113121430498, 0.5295275590561169254 ) ) ;
#602 = DIRECTION ( 'NONE',  ( -1.000000000000000000, -2.834079232620525851E-16, -1.685446266610459130E-16 ) ) ;
#603 = DIRECTION ( 'NONE',  ( 1.000000000000000000, 2.834079232620525851E-16, 1.685446266610459130E-16 ) ) ;
#604 = CARTESIAN_POINT ( 'NONE',  ( 0.2378621782552445552, -0.2335906570577618857, -0.02362204724309532183 ) ) ;
#605 = ORIENTED_EDGE ( 'NONE', *, *, #4055, .T. ) ;
#606 = ORIENTED_EDGE ( 'NONE', *, *, #2656, .T. ) ;
#607 = CARTESIAN_POINT ( 'NONE',  ( -0.3330039634770389778, -0.009181208238864290924, -0.02362204724309532183 ) ) ;
#608 = EDGE_CURVE ( 'NONE', #2394, #6255, #1008, .T. ) ;
#609 = EDGE_CURVE ( 'NONE', #6063, #3383, #1131, .T. ) ;
#610 = CARTESIAN_POINT ( 'NONE',  ( 0.1630590286489452811, -0.1765040428845335574, -0.03543307086514277393 ) ) ;
#611 = CARTESIAN_POINT ( 'NONE',  ( -0.4274921524534169293, -0.3044567987900457240, 0.5551181102372192422 ) ) ;
#612 = DIRECTION ( 'NONE',  ( -1.000000000000000000, 0.000000000000000000, 0.000000000000000000 ) ) ;
#613 = ADVANCED_FACE ( 'NONE', ( #643 ), #6905, .T. ) ;
#614 = ORIENTED_EDGE ( 'NONE', *, *, #5844, .F. ) ;
#615 = EDGE_LOOP ( 'NONE', ( #1372, #4719, #734, #6177 ) ) ;
#616 = LINE ( 'NONE', #41, #5672 ) ;
#617 = DIRECTION ( 'NONE',  ( 0.000000000000000000, 0.000000000000000000, 1.000000000000000000 ) ) ;
#618 = CARTESIAN_POINT ( 'NONE',  ( -0.3211929398549918102, 0.3097164295564113212, -0.01181102362104828607 ) ) ;
#619 = FACE_BOUND ( 'NONE', #5, .T. ) ;
#620 = EDGE_CURVE ( 'NONE', #5358, #6676, #5229, .T. ) ;
#621 = ORIENTED_EDGE ( 'NONE', *, *, #557, .F. ) ;
#622 = ORIENTED_EDGE ( 'NONE', *, *, #6495, .F. ) ;
#623 = ORIENTED_EDGE ( 'NONE', *, *, #1207, .T. ) ;
#624 = LINE ( 'NONE', #1264, #7260 ) ;
#625 = CARTESIAN_POINT ( 'NONE',  ( -0.4353661682014486334, 0.3254644610524741744, 0.5157480314970618318 ) ) ;
#626 = CARTESIAN_POINT ( 'NONE',  ( -0.1361535697762516206, 0.01050383113121446804, -0.05905511811002143313 ) ) ;
#627 = EDGE_CURVE ( 'NONE', #4251, #4485, #6375, .T. ) ;
#628 = ORIENTED_EDGE ( 'NONE', *, *, #243, .F. ) ;
#629 = PLANE ( 'NONE',  #6010 ) ;
#630 = ORIENTED_EDGE ( 'NONE', *, *, #4481, .F. ) ;
#631 = ORIENTED_EDGE ( 'NONE', *, *, #702, .T. ) ;
#632 = SURFACE_SIDE_STYLE ('',( #5832 ) ) ;
#633 = FACE_OUTER_BOUND ( 'NONE', #6668, .T. ) ;
#634 = DIRECTION ( 'NONE',  ( 0.000000000000000000, 1.000000000000000000, 0.000000000000000000 ) ) ;
#635 = CARTESIAN_POINT ( 'NONE',  ( 0.000000000000000000, 0.000000000000000000, -0.01181102362104828607 ) ) ;
#636 = DIRECTION ( 'NONE',  ( 0.000000000000000000, 0.000000000000000000, -1.000000000000000000 ) ) ;
#637 = ORIENTED_EDGE ( 'NONE', *, *, #4028, .F. ) ;
#638 = AXIS2_PLACEMENT_3D ( 'NONE', #5682, #2901, #5835 ) ;
#639 = ORIENTED_EDGE ( 'NONE', *, *, #1707, .F. ) ;
#640 = PLANE ( 'NONE',  #3720 ) ;
#641 = CARTESIAN_POINT ( 'NONE',  ( -0.3605630185951491096, 0.04199989412334046573, -0.01181102362104828954 ) ) ;
#642 = AXIS2_PLACEMENT_3D ( 'NONE', #4744, #738, #1308 ) ;
#643 = FACE_OUTER_BOUND ( 'NONE', #3521, .T. ) ;
#644 = CARTESIAN_POINT ( 'NONE',  ( 0.2378621782552445829, 0.000000000000000000, -0.2283464566919144179 ) ) ;
#645 = FACE_OUTER_BOUND ( 'NONE', #2627, .T. ) ;
#646 = ORIENTED_EDGE ( 'NONE', *, *, #5753, .T. ) ;
#647 = EDGE_LOOP ( 'NONE', ( #637, #5337, #718, #6786 ) ) ;
#648 = EDGE_CURVE ( 'NONE', #802, #2312, #1173, .T. ) ;
#649 = VECTOR ( 'NONE', #1968, 39.37007874015748143 ) ;
#650 = EDGE_CURVE ( 'NONE', #6286, #4936, #1241, .T. ) ;
#651 = AXIS2_PLACEMENT_3D ( 'NONE', #994, #5554, #1071 ) ;
#652 = CARTESIAN_POINT ( 'NONE',  ( -0.2916754859239427677, 0.1758581618398758484, 0.06692913375229114781 ) ) ;
#653 = FACE_OUTER_BOUND ( 'NONE', #6785, .T. ) ;
#654 = DIRECTION ( 'NONE',  ( 0.000000000000000000, 1.000000000000000000, 0.000000000000000000 ) ) ;
#655 = CYLINDRICAL_SURFACE ( 'NONE', #3708, 0.05905511811023627516 ) ;
#656 = CIRCLE ( 'NONE', #6115, 0.003937007874015724558 ) ;
#657 = CARTESIAN_POINT ( 'NONE',  ( -0.4196181367053856692, 0.3097164295564113212, -0.03149606299112701902 ) ) ;
#658 = ORIENTED_EDGE ( 'NONE', *, *, #1157, .F. ) ;
#659 = VERTEX_POINT ( 'NONE', #5265 ) ;
#660 = ADVANCED_FACE ( 'NONE', ( #2794 ), #4125, .T. ) ;
#661 = ORIENTED_EDGE ( 'NONE', *, *, #5671, .F. ) ;
#662 = EDGE_CURVE ( 'NONE', #7154, #3731, #6866, .T. ) ;
#663 = CARTESIAN_POINT ( 'NONE',  ( -0.1361535697762516206, 0.01050383113121446804, -0.04330708661343565802 ) ) ;
#664 = CARTESIAN_POINT ( 'NONE',  ( 0.2378621782552445829, -0.2178426255616989493, -0.2283464566919144179 ) ) ;
#665 = VECTOR ( 'NONE', #4623, 39.37007874015748143 ) ;
#666 = ORIENTED_EDGE ( 'NONE', *, *, #4443, .T. ) ;
#667 = CARTESIAN_POINT ( 'NONE',  ( 0.4229015483339846893, -0.3044567987900454464, 0.5629921259852508353 ) ) ;
#668 = ORIENTED_EDGE ( 'NONE', *, *, #7069, .F. ) ;
#669 = PRESENTATION_STYLE_ASSIGNMENT (( #2930 ) ) ;
#670 = VECTOR ( 'NONE', #1478, 39.37007874015748143 ) ;
#671 = DIRECTION ( 'NONE',  ( -1.000000000000000000, 2.948332353968832773E-16, -1.685446266610458637E-16 ) ) ;
#672 = DIRECTION ( 'NONE',  ( 1.000000000000000000, 0.000000000000000000, 0.000000000000000000 ) ) ;
#673 = ORIENTED_EDGE ( 'NONE', *, *, #6965, .T. ) ;
#674 =( CONVERSION_BASED_UNIT ( 'INCH', #5874 ) LENGTH_UNIT ( ) NAMED_UNIT ( #1318 ) );
#675 = ORIENTED_EDGE ( 'NONE', *, *, #7428, .F. ) ;
#676 = EDGE_LOOP ( 'NONE', ( #4271, #434 ) ) ;
#677 = CARTESIAN_POINT ( 'NONE',  ( 0.4229015483339846337, 0.3175904453044428588, -0.07086614173128448491 ) ) ;
#678 = CARTESIAN_POINT ( 'NONE',  ( -0.1912716800124721617, 0.1975117051469625351, -0.05905511810923725485 ) ) ;
#679 = VECTOR ( 'NONE', #3745, 39.37007874015748143 ) ;
#680 = LINE ( 'NONE', #7135, #2452 ) ;
#681 = CARTESIAN_POINT ( 'NONE',  ( 0.1984920995150868950, 0.2545983193201908357, -0.03543307086514277393 ) ) ;
#682 = CARTESIAN_POINT ( 'NONE',  ( 0.000000000000000000, -0.2335906570577619412, -0.01181102362104828607 ) ) ;
#683 = CARTESIAN_POINT ( 'NONE',  ( 0.2378621782552445552, -0.2335906570577618857, -0.03543307086514277393 ) ) ;
#684 = ORIENTED_EDGE ( 'NONE', *, *, #2315, .F. ) ;
#685 = EDGE_LOOP ( 'NONE', ( #4179, #1570, #5945, #251 ) ) ;
#686 = CIRCLE ( 'NONE', #1892, 0.003937007874015724558 ) ;
#687 = DIRECTION ( 'NONE',  ( 0.000000000000000000, 0.000000000000000000, 1.000000000000000000 ) ) ;
#688 = DIRECTION ( 'NONE',  ( -1.685446266610458883E-16, -8.326672684688672821E-17, 1.000000000000000000 ) ) ;
#689 = LINE ( 'NONE', #5316, #804 ) ;
#690 = CARTESIAN_POINT ( 'NONE',  ( -0.2522953020597160645, -0.2158741216246910510, -0.2283464566919144179 ) ) ;
#691 = AXIS2_PLACEMENT_3D ( 'NONE', #6979, #2793, #2759 ) ;
#692 = DIRECTION ( 'NONE',  ( 0.000000000000000000, 1.000000000000000000, 0.000000000000000000 ) ) ;
#693 = VECTOR ( 'NONE', #731, 39.37007874015748143 ) ;
#694 = CARTESIAN_POINT ( 'NONE',  ( -0.4038701052093223165, -0.07611034209713225807, 0.5314960629931247960 ) ) ;
#695 = VERTEX_POINT ( 'NONE', #5690 ) ;
#696 = ORIENTED_EDGE ( 'NONE', *, *, #5441, .F. ) ;
#697 = EDGE_CURVE ( 'NONE', #4293, #3808, #6810, .T. ) ;
#698 = ORIENTED_EDGE ( 'NONE', *, *, #5864, .F. ) ;
#699 = VECTOR ( 'NONE', #5796, 39.37007874015748143 ) ;
#700 = CIRCLE ( 'NONE', #1178, 0.05905511811023627516 ) ;
#701 = CARTESIAN_POINT ( 'NONE',  ( 0.4307755640820161158, 0.3254644610524743409, -0.08267716535333172190 ) ) ;
#702 = EDGE_CURVE ( 'NONE', #1612, #6193, #7442, .T. ) ;
#703 = EDGE_CURVE ( 'NONE', #4450, #5242, #5250, .T. ) ;
#704 = LINE ( 'NONE', #5515, #3533 ) ;
#705 = VECTOR ( 'NONE', #6124, 39.37007874015748143 ) ;
#706 = AXIS2_PLACEMENT_3D ( 'NONE', #4417, #2073, #6631 ) ;
#707 = ORIENTED_EDGE ( 'NONE', *, *, #4769, .F. ) ;
#708 = CARTESIAN_POINT ( 'NONE',  ( -0.3881220737132595744, 0.1758581618398758484, 0.01968503937107769428 ) ) ;
#709 = ORIENTED_EDGE ( 'NONE', *, *, #6950, .F. ) ;
#710 = LINE ( 'NONE', #4715, #952 ) ;
#711 = DIRECTION ( 'NONE',  ( 0.000000000000000000, 0.000000000000000000, 1.000000000000000000 ) ) ;
#712 = PRODUCT ( 'Same_Sky_PR28-3V-360-1A-E', 'Same_Sky_PR28-3V-360-1A-E', '', ( #6813 ) ) ;
#713 = LINE ( 'NONE', #5369, #7199 ) ;
#714 = ORIENTED_EDGE ( 'NONE', *, *, #1351, .F. ) ;
#715 = CARTESIAN_POINT ( 'NONE',  ( -0.3172559319809760137, -0.04855128697902211243, 0.5551181102372192422 ) ) ;
#716 = EDGE_CURVE ( 'NONE', #2481, #6591, #5106, .T. ) ;
#717 = ORIENTED_EDGE ( 'NONE', *, *, #1673, .T. ) ;
#718 = ORIENTED_EDGE ( 'NONE', *, *, #4117, .T. ) ;
#719 = DIRECTION ( 'NONE',  ( 1.685446266610458883E-16, 8.326672684688672821E-17, -1.000000000000000000 ) ) ;
#720 = CARTESIAN_POINT ( 'NONE',  ( 0.4307755640820163379, -0.2887087672939823157, -0.07086614173128448491 ) ) ;
#721 = LINE ( 'NONE', #5419, #4270 ) ;
#722 = CARTESIAN_POINT ( 'NONE',  ( -0.2818228611148343443, 0.06955894924145068769, -0.05905511810923725485 ) ) ;
#723 = CARTESIAN_POINT ( 'NONE',  ( -0.4353661682014484668, 0.06955894924145036851, 0.5157480314970617208 ) ) ;
#724 = CARTESIAN_POINT ( 'NONE',  ( -0.2818228611148343443, -0.04855128697902173773, -0.05905511810923725485 ) ) ;
#725 = EDGE_CURVE ( 'NONE', #2682, #4022, #5605, .T. ) ;
#726 = VERTEX_POINT ( 'NONE', #2577 ) ;
#727 = DIRECTION ( 'NONE',  ( 1.000000000000000000, 0.000000000000000000, 0.000000000000000000 ) ) ;
#728 = CARTESIAN_POINT ( 'NONE',  ( 0.2181771388851658777, 0.000000000000000000, -0.2283464566919144179 ) ) ;
#729 = CARTESIAN_POINT ( 'NONE',  ( -0.4038701052093223165, -0.1784725468215415667, 0.1929133858277703450 ) ) ;
#730 = CARTESIAN_POINT ( 'NONE',  ( -0.3290669556030233478, 0.1778266657768837744, -0.05905511810923725485 ) ) ;
#731 = DIRECTION ( 'NONE',  ( 0.000000000000000000, 1.000000000000000000, 0.000000000000000000 ) ) ;
#732 = CARTESIAN_POINT ( 'NONE',  ( -0.2798543571778265293, -0.1784725468215414557, 0.1771653543317075752 ) ) ;
#733 = ORIENTED_EDGE ( 'NONE', *, *, #2392, .F. ) ;
#734 = ORIENTED_EDGE ( 'NONE', *, *, #6411, .T. ) ;
#735 = FACE_OUTER_BOUND ( 'NONE', #6018, .T. ) ;
#736 = ORIENTED_EDGE ( 'NONE', *, *, #2515, .T. ) ;
#737 = FACE_OUTER_BOUND ( 'NONE', #5542, .T. ) ;
#738 = DIRECTION ( 'NONE',  ( 1.000000000000000000, 6.123233995736766036E-17, 0.000000000000000000 ) ) ;
#739 = VERTEX_POINT ( 'NONE', #3623 ) ;
#740 = CARTESIAN_POINT ( 'NONE',  ( -0.4321046440882745920, 0.07282047335462439597, 0.5629921259852507243 ) ) ;
#741 = ORIENTED_EDGE ( 'NONE', *, *, #3841, .T. ) ;
#742 = CARTESIAN_POINT ( 'NONE',  ( -0.4156811288313697617, -0.1784725468215414557, 0.07086614173328242838 ) ) ;
#743 = ADVANCED_FACE ( 'NONE', ( #1893 ), #4880, .F. ) ;
#744 = ADVANCED_FACE ( 'NONE', ( #4727 ), #6577, .T. ) ;
#745 = CARTESIAN_POINT ( 'NONE',  ( -0.2621378217447554171, -0.2257166413097304591, -0.03543307086514277393 ) ) ;
#746 = EDGE_CURVE ( 'NONE', #5597, #2611, #4315, .T. ) ;
#747 = CARTESIAN_POINT ( 'NONE',  ( -0.4038701052093224830, 0.1994802090839702391, 0.1929133858277704283 ) ) ;
#748 = DIRECTION ( 'NONE',  ( 0.000000000000000000, 0.000000000000000000, -1.000000000000000000 ) ) ;
#749 = ORIENTED_EDGE ( 'NONE', *, *, #4258, .F. ) ;
#750 = FACE_OUTER_BOUND ( 'NONE', #6097, .T. ) ;
#751 = ORIENTED_EDGE ( 'NONE', *, *, #1441, .F. ) ;
#752 = EDGE_LOOP ( 'NONE', ( #5080, #6955, #553, #3763 ) ) ;
#753 = DIRECTION ( 'NONE',  ( -1.000000000000000000, 0.000000000000000000, 0.000000000000000000 ) ) ;
#754 = EDGE_CURVE ( 'NONE', #477, #3258, #5958, .T. ) ;
#755 = DIRECTION ( 'NONE',  ( -0.000000000000000000, -0.000000000000000000, -1.000000000000000000 ) ) ;
#756 = EDGE_CURVE ( 'NONE', #6026, #4349, #1965, .T. ) ;
#757 = DIRECTION ( 'NONE',  ( -0.000000000000000000, -0.000000000000000000, 1.000000000000000000 ) ) ;
#758 = DIRECTION ( 'NONE',  ( 0.000000000000000000, 0.000000000000000000, 1.000000000000000000 ) ) ;
#759 = VECTOR ( 'NONE', #2276, 39.37007874015748143 ) ;
#760 = DIRECTION ( 'NONE',  ( 1.685446266610458883E-16, 8.326672684688672821E-17, -1.000000000000000000 ) ) ;
#761 = DIRECTION ( 'NONE',  ( 7.027401784486485262E-17, 0.3162277660168331672, -0.9486832980505153223 ) ) ;
#762 = ORIENTED_EDGE ( 'NONE', *, *, #4361, .T. ) ;
#763 = DIRECTION ( 'NONE',  ( 0.000000000000000000, 0.000000000000000000, 1.000000000000000000 ) ) ;
#764 = VECTOR ( 'NONE', #3095, 39.37007874015748143 ) ;
#765 = CARTESIAN_POINT ( 'NONE',  ( -0.2936416219157270691, -0.1784725468215414834, 0.06701346653876999460 ) ) ;
#766 = EDGE_CURVE ( 'NONE', #4031, #325, #680, .T. ) ;
#767 = DIRECTION ( 'NONE',  ( 2.040851148208007998E-16, -1.000000000000000000, 0.000000000000000000 ) ) ;
#768 = PLANE ( 'NONE',  #3647 ) ;
#769 = PLANE ( 'NONE',  #6507 ) ;
#770 = DIRECTION ( 'NONE',  ( 0.000000000000000000, 0.000000000000000000, -1.000000000000000000 ) ) ;
#771 = ORIENTED_EDGE ( 'NONE', *, *, #6594, .F. ) ;
#772 = MECHANICAL_DESIGN_GEOMETRIC_PRESENTATION_REPRESENTATION (  '', ( #2695 ), #2341 ) ;
#773 = VERTEX_POINT ( 'NONE', #5995 ) ;
#774 = DIRECTION ( 'NONE',  ( -1.000000000000000000, 0.000000000000000000, 0.000000000000000000 ) ) ;
#775 = AXIS2_PLACEMENT_3D ( 'NONE', #2462, #4767, #799 ) ;
#776 = VECTOR ( 'NONE', #1864, 39.37007874015748143 ) ;
#777 = PLANE ( 'NONE',  #5367 ) ;
#778 = DIRECTION ( 'NONE',  ( -2.617448175331444441E-16, 0.3713906763541015010, 0.9284766908852601919 ) ) ;
#779 = LINE ( 'NONE', #2526, #7432 ) ;
#780 = EDGE_LOOP ( 'NONE', ( #6556, #1802, #1242, #4592, #939, #2660 ) ) ;
#781 = DIRECTION ( 'NONE',  ( -1.000000000000000000, 0.000000000000000000, 0.000000000000000000 ) ) ;
#782 = ORIENTED_EDGE ( 'NONE', *, *, #5350, .T. ) ;
#783 = AXIS2_PLACEMENT_3D ( 'NONE', #2771, #7381, #4404 ) ;
#784 = DIRECTION ( 'NONE',  ( 2.834079232620525851E-16, -1.000000000000000000, -8.326672684688667890E-17 ) ) ;
#785 = FACE_BOUND ( 'NONE', #5336, .T. ) ;
#786 = VECTOR ( 'NONE', #3324, 39.37007874015748143 ) ;
#787 = ADVANCED_FACE ( 'NONE', ( #5381 ), #795, .T. ) ;
#788 = LINE ( 'NONE', #3086, #4906 ) ;
#789 = ORIENTED_EDGE ( 'NONE', *, *, #3947, .T. ) ;
#790 = B_SPLINE_CURVE_WITH_KNOTS ( 'NONE', 3,
 ( #4024, #3709, #5388, #1148, #116, #3552 ),
 .UNSPECIFIED., .F., .F.,
 ( 4, 2, 4 ),
 ( 0.000000000000000000, 0.5000000000000000000, 1.000000000000000000 ),
 .UNSPECIFIED. ) ;
#791 = ORIENTED_EDGE ( 'NONE', *, *, #138, .T. ) ;
#792 = DIRECTION ( 'NONE',  ( -1.000000000000000000, -1.609432433473172644E-16, -1.685446266610459130E-16 ) ) ;
#793 = VECTOR ( 'NONE', #5813, 39.37007874015748143 ) ;
#794 = DIRECTION ( 'NONE',  ( -2.617448175331439511E-16, 0.3713906763540986700, 0.9284766908852614131 ) ) ;
#795 = PLANE ( 'NONE',  #34 ) ;
#796 = CARTESIAN_POINT ( 'NONE',  ( -0.4353661682014482448, -0.1961890822546124014, -0.09055118110136337051 ) ) ;
#797 = EDGE_CURVE ( 'NONE', #5551, #739, #3700, .T. ) ;
#798 = AXIS2_PLACEMENT_3D ( 'NONE', #2742, #1508, #1582 ) ;
#799 = DIRECTION ( 'NONE',  ( -1.000000000000000000, 0.000000000000000000, 0.000000000000000000 ) ) ;
#800 = EDGE_CURVE ( 'NONE', #2354, #6065, #721, .T. ) ;
#801 = DIRECTION ( 'NONE',  ( 1.000000000000000000, 2.710505431213762071E-16, 0.000000000000000000 ) ) ;
#802 = VERTEX_POINT ( 'NONE', #225 ) ;
#803 = CARTESIAN_POINT ( 'NONE',  ( -0.3330039634770389778, 0.01050383113121447498, -0.2086614173218356572 ) ) ;
#804 = VECTOR ( 'NONE', #2586, 39.37007874015748143 ) ;
#805 = CARTESIAN_POINT ( 'NONE',  ( -0.2995393965482265886, -0.1784725468215414557, 0.06299212598532150098 ) ) ;
#806 = CARTESIAN_POINT ( 'NONE',  ( -0.2700118374927871767, 0.1994802090839704611, 0.1771653543317075752 ) ) ;
#807 = SPHERICAL_SURFACE ( 'NONE', #386, 0.007874015748031516770 ) ;
#808 = DIRECTION ( 'NONE',  ( 0.000000000000000000, -1.000000000000000000, 0.000000000000000000 ) ) ;
#809 = CIRCLE ( 'NONE', #1041, 0.007874015748031516770 ) ;
#810 = ORIENTED_EDGE ( 'NONE', *, *, #3512, .F. ) ;
#811 = ORIENTED_EDGE ( 'NONE', *, *, #5011, .F. ) ;
#812 = EDGE_CURVE ( 'NONE', #134, #5302, #4845, .T. ) ;
#813 = DIRECTION ( 'NONE',  ( 1.000000000000000000, 2.249460414123439847E-16, 1.685446266610459130E-16 ) ) ;
#814 = VECTOR ( 'NONE', #1641, 39.37007874015748143 ) ;
#815 = VERTEX_POINT ( 'NONE', #5306 ) ;
#816 = PLANE ( 'NONE',  #1734 ) ;
#817 = ORIENTED_EDGE ( 'NONE', *, *, #5476, .F. ) ;
#818 = VECTOR ( 'NONE', #4203, 39.37007874015748854 ) ;
#819 = EDGE_CURVE ( 'NONE', #3468, #847, #6599, .T. ) ;
#820 = VERTEX_POINT ( 'NONE', #6033 ) ;
#821 = VECTOR ( 'NONE', #5057, 39.37007874015748143 ) ;
#822 = CARTESIAN_POINT ( 'NONE',  ( 0.07644485542059896444, -0.2808347515459508892, -0.07086614173128460981 ) ) ;
#823 = AXIS2_PLACEMENT_3D ( 'NONE', #1933, #4692, #4238 ) ;
#824 = VERTEX_POINT ( 'NONE', #833 ) ;
#825 = ORIENTED_EDGE ( 'NONE', *, *, #1215, .F. ) ;
#826 = CARTESIAN_POINT ( 'NONE',  ( 0.2378621782552445552, 0.2545983193201908357, -0.03543307086514277393 ) ) ;
#827 = EDGE_LOOP ( 'NONE', ( #5793, #1834, #7374, #115 ) ) ;
#828 = ORIENTED_EDGE ( 'NONE', *, *, #1665, .F. ) ;
#829 = AXIS2_PLACEMENT_3D ( 'NONE', #2396, #4059, #6989 ) ;
#830 = ORIENTED_EDGE ( 'NONE', *, *, #6461, .F. ) ;
#831 = LINE ( 'NONE', #6670, #3236 ) ;
#832 = DIRECTION ( 'NONE',  ( 0.000000000000000000, 1.000000000000000000, 0.000000000000000000 ) ) ;
#833 = CARTESIAN_POINT ( 'NONE',  ( -0.002295302059716193294, -0.04855128697902193202, 0.5295275590561169254 ) ) ;
#834 = EDGE_CURVE ( 'NONE', #3406, #3222, #4263, .T. ) ;
#835 = FACE_OUTER_BOUND ( 'NONE', #1723, .T. ) ;
#836 = CARTESIAN_POINT ( 'NONE',  ( -0.2818228611148343443, -0.06823632634910049843, -0.05905511810923725485 ) ) ;
#837 = DIRECTION ( 'NONE',  ( -1.000000000000000000, 0.000000000000000000, 0.000000000000000000 ) ) ;
#838 = VERTEX_POINT ( 'NONE', #4163 ) ;
#839 = ORIENTED_EDGE ( 'NONE', *, *, #6719, .T. ) ;
#840 = EDGE_CURVE ( 'NONE', #5041, #3650, #6485, .T. ) ;
#841 = EDGE_CURVE ( 'NONE', #1581, #4974, #4987, .T. ) ;
#842 = CARTESIAN_POINT ( 'NONE',  ( -0.2804378489421853193, -0.1784725468215414557, 0.06490471395058163007 ) ) ;
#843 = LINE ( 'NONE', #234, #5030 ) ;
#844 = FACE_OUTER_BOUND ( 'NONE', #4343, .T. ) ;
#845 = CARTESIAN_POINT ( 'NONE',  ( 0.000000000000000000, 0.000000000000000000, -0.01181102362104828607 ) ) ;
#846 = CARTESIAN_POINT ( 'NONE',  ( -0.2818228611148343443, 0.08924398861152943452, -0.05905511810923725485 ) ) ;
#847 = VERTEX_POINT ( 'NONE', #3207 ) ;
#848 = EDGE_LOOP ( 'NONE', ( #1468, #4911, #3819, #5627 ) ) ;
#849 = CARTESIAN_POINT ( 'NONE',  ( -0.1912716800124721617, -0.2060316019396516707, -0.03543307086514277393 ) ) ;
#850 = DIRECTION ( 'NONE',  ( 0.000000000000000000, 0.000000000000000000, 1.000000000000000000 ) ) ;
#851 = ADVANCED_FACE ( 'NONE', ( #6210 ), #7361, .F. ) ;
#852 = PLANE ( 'NONE',  #5650 ) ;
#853 = CARTESIAN_POINT ( 'NONE',  ( -0.3576533390132011214, 0.01050383113121416100, 0.4881889763798252235 ) ) ;
#854 = ORIENTED_EDGE ( 'NONE', *, *, #4237, .T. ) ;
#855 = ORIENTED_EDGE ( 'NONE', *, *, #3862, .F. ) ;
#856 = DIRECTION ( 'NONE',  ( 0.000000000000000000, -1.000000000000000000, 0.000000000000000000 ) ) ;
#857 = EDGE_CURVE ( 'NONE', #3365, #4037, #2613, .T. ) ;
#858 = FACE_OUTER_BOUND ( 'NONE', #5974, .T. ) ;
#859 = CARTESIAN_POINT ( 'NONE',  ( 0.1433739892788665482, 0.2191652484540491941, 0.08267716535532959599 ) ) ;
#860 = ORIENTED_EDGE ( 'NONE', *, *, #7008, .T. ) ;
#861 = CARTESIAN_POINT ( 'NONE',  ( -0.2345787666266452298, -0.2729607357979194071, 0.4251968503946995659 ) ) ;
#862 = ORIENTED_EDGE ( 'NONE', *, *, #627, .T. ) ;
#863 = VERTEX_POINT ( 'NONE', #7249 ) ;
#864 = ORIENTED_EDGE ( 'NONE', *, *, #5377, .F. ) ;
#865 = DIRECTION ( 'NONE',  ( -0.000000000000000000, -0.000000000000000000, -1.000000000000000000 ) ) ;
#866 = CARTESIAN_POINT ( 'NONE',  ( -0.4353661682014482448, -0.2965827830420141309, -0.07086614173128460981 ) ) ;
#867 = DIRECTION ( 'NONE',  ( -1.000000000000000000, -0.000000000000000000, -0.000000000000000000 ) ) ;
#868 = DIRECTION ( 'NONE',  ( 1.000000000000000000, 2.834079232620525851E-16, 1.685446266610459130E-16 ) ) ;
#869 = CARTESIAN_POINT ( 'NONE',  ( -0.4196181367053856692, -0.1568190035144548522, -0.03543307086514277393 ) ) ;
#870 = ORIENTED_EDGE ( 'NONE', *, *, #3645, .T. ) ;
#871 = ORIENTED_EDGE ( 'NONE', *, *, #1903, .F. ) ;
#872 = CARTESIAN_POINT ( 'NONE',  ( -0.4196181367053856692, -0.06823632634910049843, -0.03543307086514277393 ) ) ;
#873 = CARTESIAN_POINT ( 'NONE',  ( -0.3487519949731019420, 0.03018887050129321833, -0.01181102362104828607 ) ) ;
#874 = FACE_OUTER_BOUND ( 'NONE', #5104, .T. ) ;
#875 = PLANE ( 'NONE',  #3301 ) ;
#876 = CARTESIAN_POINT ( 'NONE',  ( 0.07644485542059870076, 0.3018424138083798947, -0.02952755905411916931 ) ) ;
#877 = EDGE_CURVE ( 'NONE', #7204, #4678, #5236, .T. ) ;
#878 = ORIENTED_EDGE ( 'NONE', *, *, #7112, .F. ) ;
#879 = ORIENTED_EDGE ( 'NONE', *, *, #424, .F. ) ;
#880 = AXIS2_PLACEMENT_3D ( 'NONE', #365, #2677, #3853 ) ;
#881 = ADVANCED_FACE ( 'NONE', ( #3770 ), #1516, .F. ) ;
#882 = CARTESIAN_POINT ( 'NONE',  ( -0.2719803414297943811, -4.718106832824521443E-16, -0.2283464566919144179 ) ) ;
#883 = CARTESIAN_POINT ( 'NONE',  ( 0.3402243829796539054, 0.1778266657768837744, -0.05905511810923725485 ) ) ;
#884 = CARTESIAN_POINT ( 'NONE',  ( -0.2522953020597160645, -0.2355591609947698117, -0.01181102362104828607 ) ) ;
#885 = CIRCLE ( 'NONE', #277, 0.03740157480314965088 ) ;
#886 = VECTOR ( 'NONE', #4511, 39.37007874015748143 ) ;
#887 = DIRECTION ( 'NONE',  ( -2.834079232620525851E-16, 1.000000000000000000, 8.326672684688667890E-17 ) ) ;
#888 = CARTESIAN_POINT ( 'NONE',  ( 0.07644485542059877015, 0.3097164295564113767, -0.03740157480215068608 ) ) ;
#889 = EDGE_CURVE ( 'NONE', #815, #325, #3813, .T. ) ;
#890 = ORIENTED_EDGE ( 'NONE', *, *, #6142, .F. ) ;
#891 = EDGE_CURVE ( 'NONE', #7224, #3448, #7397, .T. ) ;
#892 = ORIENTED_EDGE ( 'NONE', *, *, #2486, .F. ) ;
#893 = CARTESIAN_POINT ( 'NONE',  ( -0.4196181367053852251, -0.1784725468215416222, 0.1023622047254081624 ) ) ;
#894 = VECTOR ( 'NONE', #3437, 39.37007874015748143 ) ;
#895 = VECTOR ( 'NONE', #7331, 39.37007874015748143 ) ;
#896 = UNCERTAINTY_MEASURE_WITH_UNIT (LENGTH_MEASURE( 1.000000000000000082E-05 ), #7006, 'distance_accuracy_value', 'NONE');
#897 = ORIENTED_EDGE ( 'NONE', *, *, #5299, .F. ) ;
#898 = PRESENTATION_STYLE_ASSIGNMENT (( #6098 ) ) ;
#899 = EDGE_LOOP ( 'NONE', ( #1447, #6379, #244, #5721 ) ) ;
#900 = VERTEX_POINT ( 'NONE', #946 ) ;
#901 = VERTEX_POINT ( 'NONE', #2114 ) ;
#902 = FACE_OUTER_BOUND ( 'NONE', #4113, .T. ) ;
#903 = CARTESIAN_POINT ( 'NONE',  ( -0.2995393965479050125, 0.2467243035721594091, -0.01968503936907978202 ) ) ;
#904 = VECTOR ( 'NONE', #2016, 39.37007874015748143 ) ;
#905 = CARTESIAN_POINT ( 'NONE',  ( 0.4307755640820163379, -0.3044567987900454464, -0.07086614173128448491 ) ) ;
#906 = LINE ( 'NONE', #3925, #3181 ) ;
#907 = DIRECTION ( 'NONE',  ( 1.000000000000000000, 0.000000000000000000, 0.000000000000000000 ) ) ;
#908 = CIRCLE ( 'NONE', #1026, 0.06299212598425206477 ) ;
#909 = ORIENTED_EDGE ( 'NONE', *, *, #4033, .F. ) ;
#910 = ORIENTED_EDGE ( 'NONE', *, *, #7209, .F. ) ;
#911 = EDGE_CURVE ( 'NONE', #1769, #2661, #2042, .T. ) ;
#912 = CARTESIAN_POINT ( 'NONE',  ( 0.4307755640820163379, -0.3044567987900454464, -0.08267716535333172190 ) ) ;
#913 = CARTESIAN_POINT ( 'NONE',  ( -0.2700118374927871767, -0.1784725468215414557, 0.01968503937107769428 ) ) ;
#914 = VECTOR ( 'NONE', #2977, 39.37007874015748143 ) ;
#915 = LINE ( 'NONE', #1120, #2133 ) ;
#916 = FACE_OUTER_BOUND ( 'NONE', #4759, .T. ) ;
#917 = CARTESIAN_POINT ( 'NONE',  ( 0.2181771388851658777, -0.2178426255616989493, -0.2086614173218356572 ) ) ;
#918 = ORIENTED_EDGE ( 'NONE', *, *, #620, .T. ) ;
#919 = ORIENTED_EDGE ( 'NONE', *, *, #6406, .F. ) ;
#920 = AXIS2_PLACEMENT_3D ( 'NONE', #4102, #6424, #5696 ) ;
#921 = FACE_OUTER_BOUND ( 'NONE', #3796, .T. ) ;
#922 = FACE_OUTER_BOUND ( 'NONE', #5584, .T. ) ;
#923 = CARTESIAN_POINT ( 'NONE',  ( -0.3487519949731019420, 0.03018887050129322527, -0.03543307086514277393 ) ) ;
#924 = AXIS2_PLACEMENT_3D ( 'NONE', #822, #4265, #2534 ) ;
#925 = DIRECTION ( 'NONE',  ( -1.685446266610458883E-16, -8.326672684688672821E-17, 1.000000000000000000 ) ) ;
#926 = DIRECTION ( 'NONE',  ( 0.000000000000000000, 0.000000000000000000, 1.000000000000000000 ) ) ;
#927 = ORIENTED_EDGE ( 'NONE', *, *, #48, .F. ) ;
#928 = EDGE_LOOP ( 'NONE', ( #2827, #1135, #5063, #5470 ) ) ;
#929 = AXIS2_PLACEMENT_3D ( 'NONE', #599, #4232, #1810 ) ;
#930 = SURFACE_SIDE_STYLE ('',( #2637 ) ) ;
#931 = AXIS2_PLACEMENT_3D ( 'NONE', #6275, #7342, #4403 ) ;
#932 = EDGE_CURVE ( 'NONE', #824, #1804, #2092, .T. ) ;
#933 = EDGE_CURVE ( 'NONE', #5041, #1280, #6744, .T. ) ;
#934 = DIRECTION ( 'NONE',  ( -1.000000000000000000, 0.000000000000000000, 0.000000000000000000 ) ) ;
#935 = VECTOR ( 'NONE', #7134, 39.37007874015748143 ) ;
#936 = VECTOR ( 'NONE', #5537, 39.37007874015748143 ) ;
#937 = EDGE_LOOP ( 'NONE', ( #1757, #1104, #2671, #4722 ) ) ;
#938 = SURFACE_SIDE_STYLE ('',( #2034 ) ) ;
#939 = ORIENTED_EDGE ( 'NONE', *, *, #3319, .T. ) ;
#940 = EDGE_LOOP ( 'NONE', ( #658, #3866, #3550, #6803 ) ) ;
#941 = ORIENTED_EDGE ( 'NONE', *, *, #1350, .F. ) ;
#942 = DIRECTION ( 'NONE',  ( 1.000000000000000000, 2.249460414123439847E-16, 1.685446266610459130E-16 ) ) ;
#943 = CARTESIAN_POINT ( 'NONE',  ( 0.4110905247119373551, -0.2768977436719350926, 0.07480314960729816942 ) ) ;
#944 = VECTOR ( 'NONE', #6969, 39.37007874015748143 ) ;
#945 = AXIS2_PLACEMENT_3D ( 'NONE', #6524, #792, #2384 ) ;
#946 = CARTESIAN_POINT ( 'NONE',  ( 0.4307755640820160048, 0.3175904453044427478, 0.5551181102372194642 ) ) ;
#947 = EDGE_CURVE ( 'NONE', #1522, #3376, #5028, .T. ) ;
#948 = DIRECTION ( 'NONE',  ( 0.000000000000000000, 0.000000000000000000, 1.000000000000000000 ) ) ;
#949 = CARTESIAN_POINT ( 'NONE',  ( -0.4038701052093222055, -0.2729607357979193516, 0.08267716535532947109 ) ) ;
#950 = DIRECTION ( 'NONE',  ( -1.685446266610458883E-16, -8.326672684688672821E-17, 1.000000000000000000 ) ) ;
#951 = VECTOR ( 'NONE', #4509, 39.37007874015748143 ) ;
#952 = VECTOR ( 'NONE', #4191, 39.37007874015748143 ) ;
#953 = ORIENTED_EDGE ( 'NONE', *, *, #5441, .T. ) ;
#954 = ORIENTED_EDGE ( 'NONE', *, *, #7054, .F. ) ;
#955 = DIRECTION ( 'NONE',  ( 1.000000000000000000, 1.257057890823428291E-16, 1.685446266610458883E-16 ) ) ;
#956 = DIRECTION ( 'NONE',  ( 0.000000000000000000, -1.000000000000000000, 0.000000000000000000 ) ) ;
#957 = DIRECTION ( 'NONE',  ( 0.000000000000000000, -1.000000000000000000, 0.000000000000000000 ) ) ;
#958 = EDGE_CURVE ( 'NONE', #4450, #5242, #6939, .T. ) ;
#959 = FACE_OUTER_BOUND ( 'NONE', #4416, .T. ) ;
#960 = CARTESIAN_POINT ( 'NONE',  ( 0.2378621782552445552, -0.2335906570577618857, -0.03543307086514277393 ) ) ;
#961 = ORIENTED_EDGE ( 'NONE', *, *, #2039, .T. ) ;
#962 = ORIENTED_EDGE ( 'NONE', *, *, #834, .T. ) ;
#963 = LINE ( 'NONE', #3942, #4937 ) ;
#964 = FACE_OUTER_BOUND ( 'NONE', #676, .T. ) ;
#965 = CARTESIAN_POINT ( 'NONE',  ( -0.3487519949731019420, -0.009181208238864290924, -0.02362204724309532183 ) ) ;
#966 = DIRECTION ( 'NONE',  ( 0.000000000000000000, 0.000000000000000000, 1.000000000000000000 ) ) ;
#967 = EDGE_LOOP ( 'NONE', ( #2667, #5530, #7131, #5219 ) ) ;
#968 = ORIENTED_EDGE ( 'NONE', *, *, #6406, .T. ) ;
#969 = LENGTH_MEASURE_WITH_UNIT ( LENGTH_MEASURE( 0.02539999999999999897 ), #1546 );
#970 = ORIENTED_EDGE ( 'NONE', *, *, #5816, .F. ) ;
#971 = EDGE_CURVE ( 'NONE', #5840, #3290, #6184, .T. ) ;
#972 = ORIENTED_EDGE ( 'NONE', *, *, #373, .T. ) ;
#973 = ADVANCED_FACE ( 'NONE', ( #5603 ), #2714, .T. ) ;
#974 = ORIENTED_EDGE ( 'NONE', *, *, #2686, .T. ) ;
#975 = LINE ( 'NONE', #1438, #3351 ) ;
#976 = FACE_OUTER_BOUND ( 'NONE', #647, .T. ) ;
#977 = ADVANCED_FACE ( 'NONE', ( #516 ), #4527, .F. ) ;
#978 = CARTESIAN_POINT ( 'NONE',  ( -0.3015079004849131050, 0.08924398861152943452, -0.05905511810923725485 ) ) ;
#979 = CYLINDRICAL_SURFACE ( 'NONE', #2265, 0.007874015748031516770 ) ;
#980 = DIRECTION ( 'NONE',  ( -0.7071067811865514585, 0.000000000000000000, -0.7071067811865433539 ) ) ;
#981 = FACE_OUTER_BOUND ( 'NONE', #3865, .T. ) ;
#982 = ADVANCED_FACE ( 'NONE', ( #2785 ), #7471, .F. ) ;
#983 = ORIENTED_EDGE ( 'NONE', *, *, #7241, .F. ) ;
#984 = EDGE_LOOP ( 'NONE', ( #1145, #5355, #2070, #862, #6808, #3786, #2904, #6204, #7215, #6928, #7465, #717, #6693, #1382, #2636, #5004 ) ) ;
#985 = DIRECTION ( 'NONE',  ( -0.000000000000000000, -1.000000000000000000, -0.000000000000000000 ) ) ;
#986 = EDGE_CURVE ( 'NONE', #1671, #838, #2579, .T. ) ;
#987 = CARTESIAN_POINT ( 'NONE',  ( -0.2247362469416058217, 0.2467243035721594091, -0.01181102362104827740 ) ) ;
#988 = LINE ( 'NONE', #6160, #2329 ) ;
#989 = DIRECTION ( 'NONE',  ( 0.000000000000000000, -1.000000000000000000, 0.000000000000000000 ) ) ;
#990 = ORIENTED_EDGE ( 'NONE', *, *, #1951, .T. ) ;
#991 = ORIENTED_EDGE ( 'NONE', *, *, #2000, .T. ) ;
#992 = EDGE_CURVE ( 'NONE', #5312, #5943, #1049, .T. ) ;
#993 = FACE_OUTER_BOUND ( 'NONE', #3859, .T. ) ;
#994 = CARTESIAN_POINT ( 'NONE',  ( 0.000000000000000000, -0.2158741216246910510, -0.2283464566919144179 ) ) ;
#995 = DIRECTION ( 'NONE',  ( 1.685446266610458883E-16, 8.326672684688672821E-17, -1.000000000000000000 ) ) ;
#996 = CARTESIAN_POINT ( 'NONE',  ( -0.2896968768628658819, -0.1548504995774468984, 0.1574803149616288978 ) ) ;
#997 = VECTOR ( 'NONE', #7169, 39.37007874015748143 ) ;
#998 = ORIENTED_EDGE ( 'NONE', *, *, #5869, .F. ) ;
#999 = FACE_OUTER_BOUND ( 'NONE', #899, .T. ) ;
#1000 = VECTOR ( 'NONE', #1195, 39.37007874015748143 ) ;
#1001 = ORIENTED_EDGE ( 'NONE', *, *, #319, .T. ) ;
#1002 = EDGE_LOOP ( 'NONE', ( #855, #6429, #597, #1014 ) ) ;
#1003 = ORIENTED_EDGE ( 'NONE', *, *, #6959, .T. ) ;
#1004 = ORIENTED_EDGE ( 'NONE', *, *, #4079, .T. ) ;
#1005 = CARTESIAN_POINT ( 'NONE',  ( -0.4078071130833384461, 0.2979054059343640426, -0.01181102362104828607 ) ) ;
#1006 = DIRECTION ( 'NONE',  ( 0.000000000000000000, 0.000000000000000000, 1.000000000000000000 ) ) ;
#1007 = AXIS2_PLACEMENT_3D ( 'NONE', #7408, #3120, #6090 ) ;
#1008 = CIRCLE ( 'NONE', #5255, 0.02952755905511813758 ) ;
#1009 = CARTESIAN_POINT ( 'NONE',  ( 0.4307755640820161158, 0.2959369019973562831, -0.07086614173128448491 ) ) ;
#1010 = CARTESIAN_POINT ( 'NONE',  ( -0.4353661682014486334, -0.04855128697902211937, 0.5597306018720766829 ) ) ;
#1011 = LINE ( 'NONE', #446, #1742 ) ;
#1012 = LINE ( 'NONE', #3817, #4410 ) ;
#1013 = VERTEX_POINT ( 'NONE', #7430 ) ;
#1014 = ORIENTED_EDGE ( 'NONE', *, *, #5091, .F. ) ;
#1015 = CARTESIAN_POINT ( 'NONE',  ( -0.3015079004849131050, -0.04855128697902173773, -0.03543307086514277393 ) ) ;
#1016 = VECTOR ( 'NONE', #5100, 39.37007874015748143 ) ;
#1017 = DIRECTION ( 'NONE',  ( 0.000000000000000000, 1.000000000000000000, 0.000000000000000000 ) ) ;
#1018 = EDGE_CURVE ( 'NONE', #5728, #3325, #6322, .T. ) ;
#1019 = EDGE_CURVE ( 'NONE', #7066, #4555, #2691, .T. ) ;
#1020 = CARTESIAN_POINT ( 'NONE',  ( 0.2378621782552445552, 0.2388502878241278438, -0.03543307086514277393 ) ) ;
#1021 = VECTOR ( 'NONE', #5277, 39.37007874015748143 ) ;
#1022 = LINE ( 'NONE', #3256, #5747 ) ;
#1023 = EDGE_CURVE ( 'NONE', #3290, #7417, #4501, .T. ) ;
#1024 = ORIENTED_EDGE ( 'NONE', *, *, #7522, .F. ) ;
#1025 = ORIENTED_EDGE ( 'NONE', *, *, #6912, .T. ) ;
#1026 = AXIS2_PLACEMENT_3D ( 'NONE', #3395, #4656, #573 ) ;
#1027 = CARTESIAN_POINT ( 'NONE',  ( -0.1361535697762516206, 0.01050383113121446804, -0.04330708661317426295 ) ) ;
#1028 = CARTESIAN_POINT ( 'NONE',  ( -0.4196181367053852251, -0.2887087672939826488, -0.07086614173128460981 ) ) ;
#1029 = CARTESIAN_POINT ( 'NONE',  ( 0.4053762692522625555, -0.2847717594199665747, 0.07480314960729816942 ) ) ;
#1030 = LINE ( 'NONE', #4973, #3911 ) ;
#1031 = EDGE_CURVE ( 'NONE', #7180, #4674, #2302, .T. ) ;
#1032 = VECTOR ( 'NONE', #2707, 39.37007874015748143 ) ;
#1033 = ORIENTED_EDGE ( 'NONE', *, *, #551, .F. ) ;
#1034 = EDGE_LOOP ( 'NONE', ( #2019, #3251, #6883, #6300 ) ) ;
#1035 = CARTESIAN_POINT ( 'NONE',  ( -0.4156811288313698727, -0.1312284523333524244, 0.07480314960729816942 ) ) ;
#1036 = CIRCLE ( 'NONE', #6733, 0.04724409448818896184 ) ;
#1037 = DIRECTION ( 'NONE',  ( -0.000000000000000000, 0.000000000000000000, 1.000000000000000000 ) ) ;
#1038 = EDGE_CURVE ( 'NONE', #1750, #4523, #2446, .T. ) ;
#1039 = ORIENTED_EDGE ( 'NONE', *, *, #1863, .T. ) ;
#1040 = CARTESIAN_POINT ( 'NONE',  ( -0.2522953020597160645, 0.2368817838871199732, -0.01181102362104828607 ) ) ;
#1041 = AXIS2_PLACEMENT_3D ( 'NONE', #4027, #91, #6312 ) ;
#1042 = ORIENTED_EDGE ( 'NONE', *, *, #4101, .T. ) ;
#1043 = EDGE_LOOP ( 'NONE', ( #5071, #6402 ) ) ;
#1044 = DIRECTION ( 'NONE',  ( -1.685446266610458883E-16, -8.326672684688672821E-17, 1.000000000000000000 ) ) ;
#1045 = DIRECTION ( 'NONE',  ( -1.000000000000000000, -2.834079232620525851E-16, -1.685446266610459130E-16 ) ) ;
#1046 =( NAMED_UNIT ( * ) PLANE_ANGLE_UNIT ( ) SI_UNIT ( $, .RADIAN. ) );
#1047 = STYLED_ITEM ( 'NONE', ( #669 ), #5860 ) ;
#1048 = AXIS2_PLACEMENT_3D ( 'NONE', #6796, #383, #6690 ) ;
#1049 = LINE ( 'NONE', #5185, #272 ) ;
#1050 = DIRECTION ( 'NONE',  ( 5.224419336987948372E-31, -1.445602896647339903E-15, -1.000000000000000000 ) ) ;
#1051 = CARTESIAN_POINT ( 'NONE',  ( -0.2345787666266452298, -0.2335906570577620522, 0.4251968503946995659 ) ) ;
#1052 = CARTESIAN_POINT ( 'NONE',  ( 0.1984920995150868950, 0.2545983193201908357, -0.03543307086514277393 ) ) ;
#1053 = ORIENTED_EDGE ( 'NONE', *, *, #1023, .T. ) ;
#1054 = AXIS2_PLACEMENT_3D ( 'NONE', #7174, #5462, #687 ) ;
#1055 = ORIENTED_EDGE ( 'NONE', *, *, #5311, .T. ) ;
#1056 = FACE_OUTER_BOUND ( 'NONE', #38, .T. ) ;
#1057 = AXIS2_PLACEMENT_3D ( 'NONE', #4422, #3855, #6211 ) ;
#1058 = DIRECTION ( 'NONE',  ( 5.123469692433509096E-17, 0.3713906763540998357, -0.9284766908852608580 ) ) ;
#1059 = CARTESIAN_POINT ( 'NONE',  ( -0.4038701052093224830, 0.2939683980603482460, 0.5314960629931247960 ) ) ;
#1060 = AXIS2_PLACEMENT_3D ( 'NONE', #4193, #1926, #171 ) ;
#1061 = CARTESIAN_POINT ( 'NONE',  ( -0.002295302059716200667, 0.01050383113121429804, 0.5610236220487371250 ) ) ;
#1062 = VECTOR ( 'NONE', #7087, 39.37007874015748143 ) ;
#1063 = LINE ( 'NONE', #1459, #5982 ) ;
#1064 = DIRECTION ( 'NONE',  ( 0.000000000000000000, 1.000000000000000000, 0.000000000000000000 ) ) ;
#1065 = ORIENTED_EDGE ( 'NONE', *, *, #6181, .F. ) ;
#1066 = EDGE_CURVE ( 'NONE', #2481, #1688, #1387, .T. ) ;
#1067 = ADVANCED_FACE ( 'NONE', ( #4152 ), #3802, .T. ) ;
#1068 = VECTOR ( 'NONE', #4619, 39.37007874015748143 ) ;
#1069 = CARTESIAN_POINT ( 'NONE',  ( -0.002295302059716200667, 0.01050383113121429804, 0.5511811023632036122 ) ) ;
#1070 = FACE_OUTER_BOUND ( 'NONE', #2071, .T. ) ;
#1071 = DIRECTION ( 'NONE',  ( 0.000000000000000000, 0.000000000000000000, 1.000000000000000000 ) ) ;
#1072 = DIRECTION ( 'NONE',  ( 0.000000000000000000, 0.000000000000000000, 1.000000000000000000 ) ) ;
#1073 = VERTEX_POINT ( 'NONE', #5482 ) ;
#1074 = ORIENTED_EDGE ( 'NONE', *, *, #468, .T. ) ;
#1075 = DIRECTION ( 'NONE',  ( 0.000000000000000000, 0.000000000000000000, 1.000000000000000000 ) ) ;
#1076 = DIRECTION ( 'NONE',  ( -1.000000000000000000, 0.000000000000000000, 0.000000000000000000 ) ) ;
#1077 = ADVANCED_FACE ( 'NONE', ( #2569 ), #2067, .F. ) ;
#1078 = DIRECTION ( 'NONE',  ( 1.685446266610458883E-16, 8.326672684688672821E-17, -1.000000000000000000 ) ) ;
#1079 = EDGE_LOOP ( 'NONE', ( #622, #437, #6121, #3419 ) ) ;
#1080 = LINE ( 'NONE', #2927, #4782 ) ;
#1081 = ORIENTED_EDGE ( 'NONE', *, *, #51, .F. ) ;
#1082 = ORIENTED_EDGE ( 'NONE', *, *, #3656, .F. ) ;
#1083 = CARTESIAN_POINT ( 'NONE',  ( 0.4110905247119373551, -0.2887087672939823713, 0.07480314960729816942 ) ) ;
#1084 = CARTESIAN_POINT ( 'NONE',  ( -0.2719803414297948807, -0.2355591609947698117, -0.01181102362104828607 ) ) ;
#1085 = ADVANCED_FACE ( 'NONE', ( #5594 ), #2805, .T. ) ;
#1086 = DIRECTION ( 'NONE',  ( -1.000000000000000000, 9.130123557772658227E-16, -5.706327223607911392E-17 ) ) ;
#1087 = DIRECTION ( 'NONE',  ( 1.685446266610458883E-16, 8.326672684688672821E-17, -1.000000000000000000 ) ) ;
#1088 = CARTESIAN_POINT ( 'NONE',  ( 0.4307755640820162268, -0.3044567987900454464, 0.5629921259852508353 ) ) ;
#1089 = VERTEX_POINT ( 'NONE', #5019 ) ;
#1090 = EDGE_LOOP ( 'NONE', ( #7058, #3192, #1510, #7298 ) ) ;
#1091 = PLANE ( 'NONE',  #2393 ) ;
#1092 = DIRECTION ( 'NONE',  ( 1.685446266610458883E-16, 8.326672684688672821E-17, -1.000000000000000000 ) ) ;
#1093 = CARTESIAN_POINT ( 'NONE',  ( 0.1630590286489452811, -0.1568190035144548522, -0.03543307086514277393 ) ) ;
#1094 = CARTESIAN_POINT ( 'NONE',  ( 0.4307755640820163379, -0.1961890822546121238, -0.07086614173128448491 ) ) ;
#1095 = DIRECTION ( 'NONE',  ( 0.000000000000000000, -1.000000000000000000, 0.000000000000000000 ) ) ;
#1096 = VERTEX_POINT ( 'NONE', #5524 ) ;
#1097 = EDGE_LOOP ( 'NONE', ( #348, #3531, #2209, #4993, #3085, #5700, #2356, #2478, #7478, #3038, #2383, #1332 ) ) ;
#1098 = CARTESIAN_POINT ( 'NONE',  ( -0.2700118374927871767, -0.1784725468215414557, 0.01968503937107769428 ) ) ;
#1099 = LINE ( 'NONE', #537, #1278 ) ;
#1100 = CARTESIAN_POINT ( 'NONE',  ( -0.4038701052093223165, -0.07611034209713225807, 0.4881889763789515335 ) ) ;
#1101 = LINE ( 'NONE', #2285, #4927 ) ;
#1102 = ADVANCED_FACE ( 'NONE', ( #3875 ), #6622, .T. ) ;
#1103 = CARTESIAN_POINT ( 'NONE',  ( -0.2345787666266453686, 0.2939683980603482460, 0.5314960629931247960 ) ) ;
#1104 = ORIENTED_EDGE ( 'NONE', *, *, #4713, .T. ) ;
#1105 = VERTEX_POINT ( 'NONE', #1430 ) ;
#1106 = ORIENTED_EDGE ( 'NONE', *, *, #3609, .T. ) ;
#1107 = DIRECTION ( 'NONE',  ( 1.685446266610458883E-16, 8.326672684688672821E-17, -1.000000000000000000 ) ) ;
#1108 = CARTESIAN_POINT ( 'NONE',  ( -0.3881220737132595744, -0.1312284523333524244, 0.07480314960729814167 ) ) ;
#1109 = EDGE_CURVE ( 'NONE', #6380, #5217, #3268, .T. ) ;
#1110 = EDGE_CURVE ( 'NONE', #4004, #280, #2031, .T. ) ;
#1111 = CARTESIAN_POINT ( 'NONE',  ( 0.1984920995150871170, -0.2178426255616989493, -0.2283464566919144179 ) ) ;
#1112 = DIRECTION ( 'NONE',  ( 1.685446266610458883E-16, 8.326672684688672821E-17, -1.000000000000000000 ) ) ;
#1113 = EDGE_CURVE ( 'NONE', #1228, #7161, #7197, .T. ) ;
#1114 = ORIENTED_EDGE ( 'NONE', *, *, #4813, .T. ) ;
#1115 = EDGE_LOOP ( 'NONE', ( #3306, #5175, #5712, #385 ) ) ;
#1116 = LINE ( 'NONE', #7467, #4449 ) ;
#1117 = VECTOR ( 'NONE', #4007, 39.37007874015748143 ) ;
#1118 = DIRECTION ( 'NONE',  ( 0.000000000000000000, 0.000000000000000000, 1.000000000000000000 ) ) ;
#1119 = APPLICATION_PROTOCOL_DEFINITION ( 'draft international standard', 'automotive_design', 1998, #5892 ) ;
#1120 = CARTESIAN_POINT ( 'NONE',  ( 0.1984920995150870338, -0.2178426255616989216, -0.03543307086514277393 ) ) ;
#1121 = DIRECTION ( 'NONE',  ( 2.495169267341235145E-16, -0.3162277660168362203, -0.9486832980505143231 ) ) ;
#1122 = DIRECTION ( 'NONE',  ( 0.000000000000000000, 0.000000000000000000, 1.000000000000000000 ) ) ;
#1123 = CIRCLE ( 'NONE', #1610, 0.03740157480314965088 ) ;
#1124 = DIRECTION ( 'NONE',  ( 0.000000000000000000, 0.000000000000000000, -1.000000000000000000 ) ) ;
#1125 = ORIENTED_EDGE ( 'NONE', *, *, #4723, .T. ) ;
#1126 = ORIENTED_EDGE ( 'NONE', *, *, #3050, .F. ) ;
#1127 = DIRECTION ( 'NONE',  ( 1.000000000000000000, 0.000000000000000000, 0.000000000000000000 ) ) ;
#1128 = LINE ( 'NONE', #7521, #3462 ) ;
#1129 = CIRCLE ( 'NONE', #3065, 0.03740157480366167186 ) ;
#1130 = VECTOR ( 'NONE', #4819, 39.37007874015748143 ) ;
#1131 = LINE ( 'NONE', #4050, #1985 ) ;
#1132 = DIRECTION ( 'NONE',  ( -2.834079232620525851E-16, 1.000000000000000000, 8.326672684688667890E-17 ) ) ;
#1133 = CARTESIAN_POINT ( 'NONE',  ( -0.2345787666266453686, 0.2939683980603482460, 0.4251968503946996769 ) ) ;
#1134 = ADVANCED_FACE ( 'NONE', ( #1993 ), #4303, .F. ) ;
#1135 = ORIENTED_EDGE ( 'NONE', *, *, #6865, .F. ) ;
#1136 = VECTOR ( 'NONE', #5013, 39.37007874015748143 ) ;
#1137 = ORIENTED_EDGE ( 'NONE', *, *, #6584, .F. ) ;
#1138 = CARTESIAN_POINT ( 'NONE',  ( 0.2831377688064256049, 0.01050383113121446804, -0.01181102362104828607 ) ) ;
#1139 = AXIS2_PLACEMENT_3D ( 'NONE', #6083, #3111, #6499 ) ;
#1140 = CYLINDRICAL_SURFACE ( 'NONE', #6252, 0.007874015748031516770 ) ;
#1141 = CYLINDRICAL_SURFACE ( 'NONE', #3285, 0.01968503937007875723 ) ;
#1142 = CARTESIAN_POINT ( 'NONE',  ( 0.3402243829796539054, -0.1568190035144548800, -0.05905511810923725485 ) ) ;
#1143 = CARTESIAN_POINT ( 'NONE',  ( 0.2181771388851658777, -0.2178426255616989493, -0.2086614173218356572 ) ) ;
#1144 = EDGE_LOOP ( 'NONE', ( #1697, #4427, #52, #5990 ) ) ;
#1145 = ORIENTED_EDGE ( 'NONE', *, *, #7112, .T. ) ;
#1146 = EDGE_LOOP ( 'NONE', ( #5822, #4057, #2849, #5980 ) ) ;
#1147 = CIRCLE ( 'NONE', #2964, 0.01427165354330715494 ) ;
#1148 = CARTESIAN_POINT ( 'NONE',  ( -0.4118518377896328020, -0.2840030108141569642, 0.07480314960729816942 ) ) ;
#1149 = CYLINDRICAL_SURFACE ( 'NONE', #7493, 0.01968503937007875723 ) ;
#1150 = EDGE_CURVE ( 'NONE', #3326, #3652, #4411, .T. ) ;
#1151 = DIRECTION ( 'NONE',  ( 2.834079232620525851E-16, -1.000000000000000000, -8.326672684688667890E-17 ) ) ;
#1152 = VECTOR ( 'NONE', #7390, 39.37007874015748143 ) ;
#1153 = CARTESIAN_POINT ( 'NONE',  ( -0.4274921524534169293, 0.3175904453044426923, -0.07086614173128460981 ) ) ;
#1154 = ORIENTED_EDGE ( 'NONE', *, *, #5895, .F. ) ;
#1155 = ORIENTED_EDGE ( 'NONE', *, *, #2137, .F. ) ;
#1156 = FILL_AREA_STYLE ('',( #3498 ) ) ;
#1157 = EDGE_CURVE ( 'NONE', #3269, #7455, #3660, .T. ) ;
#1158 = AXIS2_PLACEMENT_3D ( 'NONE', #5464, #2997, #1336 ) ;
#1159 = ADVANCED_FACE ( 'NONE', ( #4346 ), #1543, .F. ) ;
#1160 = CARTESIAN_POINT ( 'NONE',  ( 0.000000000000000000, 0.000000000000000000, -0.01181102362104828607 ) ) ;
#1161 = EDGE_CURVE ( 'NONE', #1600, #4520, #3994, .T. ) ;
#1162 = LINE ( 'NONE', #4603, #7474 ) ;
#1163 = DIRECTION ( 'NONE',  ( 0.000000000000000000, 1.000000000000000000, 0.000000000000000000 ) ) ;
#1164 = VECTOR ( 'NONE', #711, 39.37007874015748143 ) ;
#1165 = DIRECTION ( 'NONE',  ( -1.000000000000000000, 0.000000000000000000, 0.000000000000000000 ) ) ;
#1166 = ORIENTED_EDGE ( 'NONE', *, *, #7475, .T. ) ;
#1167 = ORIENTED_EDGE ( 'NONE', *, *, #4779, .T. ) ;
#1168 = DIRECTION ( 'NONE',  ( -1.222384802312088134E-16, 1.000000000000000000, 0.000000000000000000 ) ) ;
#1169 = CARTESIAN_POINT ( 'NONE',  ( -0.4274921524534170958, 0.3254644610524741744, 0.5551181102372193532 ) ) ;
#1170 = AXIS2_PLACEMENT_3D ( 'NONE', #4345, #6019, #6060 ) ;
#1171 = CIRCLE ( 'NONE', #1655, 0.01968503937007875723 ) ;
#1172 = EDGE_CURVE ( 'NONE', #1600, #3269, #6945, .T. ) ;
#1173 = LINE ( 'NONE', #1822, #5972 ) ;
#1174 = DIRECTION ( 'NONE',  ( 1.000000000000000000, 2.551063935260010491E-16, 0.000000000000000000 ) ) ;
#1175 = LINE ( 'NONE', #5812, #6222 ) ;
#1176 = DIRECTION ( 'NONE',  ( 1.000000000000000000, 0.000000000000000000, 0.000000000000000000 ) ) ;
#1177 = VECTOR ( 'NONE', #3658, 39.37007874015748143 ) ;
#1178 = AXIS2_PLACEMENT_3D ( 'NONE', #6636, #1557, #2078 ) ;
#1179 = ORIENTED_EDGE ( 'NONE', *, *, #4399, .T. ) ;
#1180 = VERTEX_POINT ( 'NONE', #6961 ) ;
#1181 = DIRECTION ( 'NONE',  ( -2.834079232620525851E-16, 1.000000000000000000, 8.326672684688667890E-17 ) ) ;
#1182 = AXIS2_PLACEMENT_3D ( 'NONE', #5221, #2300, #3349 ) ;
#1183 = EDGE_CURVE ( 'NONE', #6909, #460, #5090, .T. ) ;
#1184 = AXIS2_PLACEMENT_3D ( 'NONE', #4565, #2711, #6361 ) ;
#1185 = CARTESIAN_POINT ( 'NONE',  ( -0.4156811288313697617, -0.2887087672939823713, 0.07086614173328242838 ) ) ;
#1186 = DIRECTION ( 'NONE',  ( -1.685446266610458883E-16, -8.326672684688672821E-17, 1.000000000000000000 ) ) ;
#1187 = DIRECTION ( 'NONE',  ( -1.000000000000000000, 0.000000000000000000, 0.000000000000000000 ) ) ;
#1188 = DIRECTION ( 'NONE',  ( 0.000000000000000000, 0.000000000000000000, 1.000000000000000000 ) ) ;
#1189 = ORIENTED_EDGE ( 'NONE', *, *, #4310, .F. ) ;
#1190 = ORIENTED_EDGE ( 'NONE', *, *, #1109, .T. ) ;
#1191 = CIRCLE ( 'NONE', #5919, 0.01574803149542739963 ) ;
#1192 = ORIENTED_EDGE ( 'NONE', *, *, #857, .T. ) ;
#1193 = CARTESIAN_POINT ( 'NONE',  ( -0.1912716800124721617, 0.1975117051469625351, -0.05905511810923725485 ) ) ;
#1194 = DIRECTION ( 'NONE',  ( 0.000000000000000000, 0.000000000000000000, 1.000000000000000000 ) ) ;
#1195 = DIRECTION ( 'NONE',  ( 0.000000000000000000, 0.000000000000000000, -1.000000000000000000 ) ) ;
#1196 = EDGE_LOOP ( 'NONE', ( #4367, #860, #6860, #2536 ) ) ;
#1197 = FACE_OUTER_BOUND ( 'NONE', #5916, .T. ) ;
#1198 = ORIENTED_EDGE ( 'NONE', *, *, #6790, .T. ) ;
#1199 = ORIENTED_EDGE ( 'NONE', *, *, #754, .F. ) ;
#1200 = LINE ( 'NONE', #1925, #4817 ) ;
#1201 = DIRECTION ( 'NONE',  ( -1.000000000000000000, 0.000000000000000000, 0.000000000000000000 ) ) ;
#1202 = LENGTH_MEASURE_WITH_UNIT ( LENGTH_MEASURE( 0.02539999999999999897 ), #4641 );
#1203 = LINE ( 'NONE', #103, #2975 ) ;
#1204 = DIRECTION ( 'NONE',  ( 1.510487145370031620E-46, 1.000000000000000000, -1.445602896647339903E-15 ) ) ;
#1205 = EDGE_CURVE ( 'NONE', #4572, #1869, #885, .T. ) ;
#1206 = DIRECTION ( 'NONE',  ( 1.685446266610458883E-16, 8.326672684688672821E-17, -1.000000000000000000 ) ) ;
#1207 = EDGE_CURVE ( 'NONE', #1425, #4945, #4519, .T. ) ;
#1208 = FACE_OUTER_BOUND ( 'NONE', #1364, .T. ) ;
#1209 = ORIENTED_EDGE ( 'NONE', *, *, #7183, .F. ) ;
#1210 = VERTEX_POINT ( 'NONE', #6313 ) ;
#1211 = ADVANCED_FACE ( 'NONE', ( #6845 ), #4030, .F. ) ;
#1212 = DIRECTION ( 'NONE',  ( 0.000000000000000000, 1.000000000000000000, 0.000000000000000000 ) ) ;
#1213 = DIRECTION ( 'NONE',  ( 1.685446266610458883E-16, 8.326672684688672821E-17, -1.000000000000000000 ) ) ;
#1214 = CARTESIAN_POINT ( 'NONE',  ( -0.2109567193825508946, 0.1778266657768837744, -0.05905511810923725485 ) ) ;
#1215 = EDGE_CURVE ( 'NONE', #4520, #726, #309, .T. ) ;
#1216 = CARTESIAN_POINT ( 'NONE',  ( -0.2700118374927871767, -0.1784725468215414557, 0.1771653543317075752 ) ) ;
#1217 = EDGE_CURVE ( 'NONE', #6592, #3489, #3953, .T. ) ;
#1218 = CARTESIAN_POINT ( 'NONE',  ( -0.4038701052093223165, -0.2729607357979194071, 0.5314960629931247960 ) ) ;
#1219 = ORIENTED_EDGE ( 'NONE', *, *, #5967, .T. ) ;
#1220 = ORIENTED_EDGE ( 'NONE', *, *, #3841, .F. ) ;
#1221 = EDGE_CURVE ( 'NONE', #7518, #1959, #6892, .T. ) ;
#1222 = DIRECTION ( 'NONE',  ( -1.204669080539449344E-16, 1.000000000000000000, 0.000000000000000000 ) ) ;
#1223 = DIRECTION ( 'NONE',  ( 0.000000000000000000, -1.000000000000000000, 0.000000000000000000 ) ) ;
#1224 = DIRECTION ( 'NONE',  ( 0.000000000000000000, 0.000000000000000000, 1.000000000000000000 ) ) ;
#1225 = CARTESIAN_POINT ( 'NONE',  ( -0.4156811288313697617, -0.2887087672939823713, -0.03149606299112701902 ) ) ;
#1226 = ORIENTED_EDGE ( 'NONE', *, *, #3167, .T. ) ;
#1227 = ORIENTED_EDGE ( 'NONE', *, *, #3047, .T. ) ;
#1228 = VERTEX_POINT ( 'NONE', #5746 ) ;
#1229 = LINE ( 'NONE', #5212, #3969 ) ;
#1230 = CARTESIAN_POINT ( 'NONE',  ( -0.3881220737132595744, 0.1758581618398758484, 0.07480314960729815554 ) ) ;
#1231 = FACE_OUTER_BOUND ( 'NONE', #2535, .T. ) ;
#1232 = ORIENTED_EDGE ( 'NONE', *, *, #5195, .F. ) ;
#1233 = CARTESIAN_POINT ( 'NONE',  ( -0.2896968768628658264, -0.1548504995774468984, 0.06299212598525094631 ) ) ;
#1234 = ORIENTED_EDGE ( 'NONE', *, *, #3328, .F. ) ;
#1235 = LINE ( 'NONE', #6968, #4676 ) ;
#1236 = DIRECTION ( 'NONE',  ( 1.685446266610458883E-16, 8.326672684688672821E-17, -1.000000000000000000 ) ) ;
#1237 = LINE ( 'NONE', #5294, #4544 ) ;
#1238 = CARTESIAN_POINT ( 'NONE',  ( -0.2995393965482265886, 0.1758581618398758484, 0.06299212598532150098 ) ) ;
#1239 = CARTESIAN_POINT ( 'NONE',  ( -0.3172559319809760692, -0.04855128697902214713, 0.5597306018720766829 ) ) ;
#1240 = ORIENTED_EDGE ( 'NONE', *, *, #1304, .F. ) ;
#1241 = CIRCLE ( 'NONE', #30, 0.01968503937007875723 ) ;
#1242 = ORIENTED_EDGE ( 'NONE', *, *, #6045, .T. ) ;
#1243 = CARTESIAN_POINT ( 'NONE',  ( -0.3576533390132011214, 0.01050383113121416100, 0.4881889763820631556 ) ) ;
#1244 = DIRECTION ( 'NONE',  ( -1.685446266610458883E-16, -8.326672684688672821E-17, 1.000000000000000000 ) ) ;
#1245 = VECTOR ( 'NONE', #887, 39.37007874015748143 ) ;
#1246 = CARTESIAN_POINT ( 'NONE',  ( 0.1433739892788665204, 0.3097164295564113767, 0.08267716535532959599 ) ) ;
#1247 = LINE ( 'NONE', #3096, #7248 ) ;
#1248 = PLANE ( 'NONE',  #5618 ) ;
#1249 = FACE_OUTER_BOUND ( 'NONE', #1146, .T. ) ;
#1250 = VERTEX_POINT ( 'NONE', #19 ) ;
#1251 = VERTEX_POINT ( 'NONE', #4595 ) ;
#1252 = AXIS2_PLACEMENT_3D ( 'NONE', #261, #7211, #2616 ) ;
#1253 = EDGE_CURVE ( 'NONE', #6462, #5920, #1494, .T. ) ;
#1254 = EDGE_CURVE ( 'NONE', #7038, #2120, #5707, .T. ) ;
#1255 = CARTESIAN_POINT ( 'NONE',  ( -0.2326102626896373038, 0.2467243035721593536, -0.03543307086514277393 ) ) ;
#1256 = DIRECTION ( 'NONE',  ( 9.866022705729966556E-15, 0.9284766908852601919, -0.3713906763541015010 ) ) ;
#1257 = CARTESIAN_POINT ( 'NONE',  ( -0.2700118374927871767, 0.1994802090839704611, 0.07480314960729816942 ) ) ;
#1258 = FACE_OUTER_BOUND ( 'NONE', #1435, .T. ) ;
#1259 =( BOUNDED_CURVE ( )  B_SPLINE_CURVE ( 3, ( #1958, #7128, #1239, #715 ),
 .UNSPECIFIED., .F., .T. ) 
 B_SPLINE_CURVE_WITH_KNOTS ( ( 4, 4 ),
 ( 1.570796326794905218, 3.141592653589793116 ),
 .UNSPECIFIED. ) 
 CURVE ( )  GEOMETRIC_REPRESENTATION_ITEM ( )  RATIONAL_B_SPLINE_CURVE ( ( 1.000000000000000000, 0.8047378541243670469, 0.8047378541243670469, 1.000000000000000000 ) ) 
 REPRESENTATION_ITEM ( '' )  );
#1260 = LINE ( 'NONE', #4105, #2713 ) ;
#1261 = ORIENTED_EDGE ( 'NONE', *, *, #2557, .F. ) ;
#1262 = ORIENTED_EDGE ( 'NONE', *, *, #321, .T. ) ;
#1263 = AXIS2_PLACEMENT_3D ( 'NONE', #3634, #3749, #4291 ) ;
#1264 = CARTESIAN_POINT ( 'NONE',  ( 0.05675981605052014128, 0.01050383113121446804, -0.03543307086514277393 ) ) ;
#1265 = EDGE_CURVE ( 'NONE', #3200, #3430, #3453, .T. ) ;
#1266 = CYLINDRICAL_SURFACE ( 'NONE', #2733, 0.003937007874015749712 ) ;
#1267 =( NAMED_UNIT ( * ) SI_UNIT ( $, .STERADIAN. ) SOLID_ANGLE_UNIT ( ) );
#1268 = ORIENTED_EDGE ( 'NONE', *, *, #4669, .T. ) ;
#1269 = CARTESIAN_POINT ( 'NONE',  ( 0.2772322569954019378, 0.01050383113121446804, -0.03543307086514277393 ) ) ;
#1270 = ORIENTED_EDGE ( 'NONE', *, *, #2558, .F. ) ;
#1271 = DIRECTION ( 'NONE',  ( -6.332379290158565748E-46, 1.000000000000000000, 1.502777547560049851E-15 ) ) ;
#1272 = AXIS2_PLACEMENT_3D ( 'NONE', #5298, #252, #4756 ) ;
#1273 = EDGE_CURVE ( 'NONE', #5444, #3562, #2180, .T. ) ;
#1274 = DIRECTION ( 'NONE',  ( 0.000000000000000000, 0.000000000000000000, 1.000000000000000000 ) ) ;
#1275 = DIRECTION ( 'NONE',  ( 1.000000000000000000, 0.000000000000000000, 0.000000000000000000 ) ) ;
#1276 = ORIENTED_EDGE ( 'NONE', *, *, #2287, .F. ) ;
#1277 = FACE_OUTER_BOUND ( 'NONE', #6412, .T. ) ;
#1278 = VECTOR ( 'NONE', #2512, 39.37007874015748143 ) ;
#1279 = VERTEX_POINT ( 'NONE', #548 ) ;
#1280 = VERTEX_POINT ( 'NONE', #5788 ) ;
#1281 = DIRECTION ( 'NONE',  ( -1.000000000000000000, -8.616490819209883983E-16, -1.685446266610459623E-16 ) ) ;
#1282 = CARTESIAN_POINT ( 'NONE',  ( -0.4196181367053856692, -0.2454016806798090533, -0.01181102362104828607 ) ) ;
#1283 = AXIS2_PLACEMENT_3D ( 'NONE', #7041, #1274, #5222 ) ;
#1284 = DIRECTION ( 'NONE',  ( 1.000000000000000000, 0.000000000000000000, 0.000000000000000000 ) ) ;
#1285 = CARTESIAN_POINT ( 'NONE',  ( 0.1433739892788664094, 0.2939683980603483016, 0.5393700787411563891 ) ) ;
#1286 = CARTESIAN_POINT ( 'NONE',  ( -0.2719803414297948252, 0.2368817838871200288, -0.2283464566919144179 ) ) ;
#1287 = DIRECTION ( 'NONE',  ( 0.000000000000000000, 0.000000000000000000, 1.000000000000000000 ) ) ;
#1288 = ORIENTED_EDGE ( 'NONE', *, *, #2909, .F. ) ;
#1289 = AXIS2_PLACEMENT_3D ( 'NONE', #4479, #2850, #5056 ) ;
#1290 = VECTOR ( 'NONE', #2999, 39.37007874015748143 ) ;
#1291 = CARTESIAN_POINT ( 'NONE',  ( -0.2621378217447554171, -0.2257166413097304591, -0.03543307086514277393 ) ) ;
#1292 = DIRECTION ( 'NONE',  ( -0.7071067811865514585, 0.000000000000000000, -0.7071067811865433539 ) ) ;
#1293 = FACE_OUTER_BOUND ( 'NONE', #5686, .T. ) ;
#1294 = CYLINDRICAL_SURFACE ( 'NONE', #6952, 0.03740157480314958843 ) ;
#1295 = CIRCLE ( 'NONE', #574, 0.01968503937007875723 ) ;
#1296 = LINE ( 'NONE', #3600, #693 ) ;
#1297 = AXIS2_PLACEMENT_3D ( 'NONE', #455, #3323, #3863 ) ;
#1298 = FACE_OUTER_BOUND ( 'NONE', #2583, .T. ) ;
#1299 = EDGE_CURVE ( 'NONE', #4896, #5411, #5673, .T. ) ;
#1300 = EDGE_LOOP ( 'NONE', ( #1311, #3265, #5190, #4739 ) ) ;
#1301 = EDGE_LOOP ( 'NONE', ( #3582, #7289 ) ) ;
#1302 = ADVANCED_FACE ( 'NONE', ( #2330 ), #4632, .F. ) ;
#1303 = CIRCLE ( 'NONE', #1661, 0.01968503937007875723 ) ;
#1304 = EDGE_CURVE ( 'NONE', #5122, #2913, #6242, .T. ) ;
#1305 = AXIS2_PLACEMENT_3D ( 'NONE', #226, #3545, #1894 ) ;
#1306 = DIRECTION ( 'NONE',  ( -1.000000000000000000, -1.257057890823428291E-16, -1.685446266610458883E-16 ) ) ;
#1307 = VERTEX_POINT ( 'NONE', #2213 ) ;
#1308 = DIRECTION ( 'NONE',  ( 0.000000000000000000, 1.000000000000000000, 0.000000000000000000 ) ) ;
#1309 = VECTOR ( 'NONE', #1375, 39.37007874015748143 ) ;
#1310 = CIRCLE ( 'NONE', #3116, 0.007874015748031516770 ) ;
#1311 = ORIENTED_EDGE ( 'NONE', *, *, #3189, .F. ) ;
#1312 = EDGE_CURVE ( 'NONE', #2312, #6520, #2097, .T. ) ;
#1313 = CARTESIAN_POINT ( 'NONE',  ( -0.4196181367053856692, 0.04199989412334046573, -0.01181102362104828607 ) ) ;
#1314 = ORIENTED_EDGE ( 'NONE', *, *, #1948, .T. ) ;
#1315 = MANIFOLD_SOLID_BREP ( 'Boss-Extrude2[1]', #1736 ) ;
#1316 = ADVANCED_FACE ( 'NONE', ( #1231 ), #4257, .T. ) ;
#1317 = DIRECTION ( 'NONE',  ( 0.000000000000000000, 0.000000000000000000, 1.000000000000000000 ) ) ;
#1318 = DIMENSIONAL_EXPONENTS ( 1.000000000000000000, 0.000000000000000000, 0.000000000000000000, 0.000000000000000000, 0.000000000000000000, 0.000000000000000000, 0.000000000000000000 ) ;
#1319 = CARTESIAN_POINT ( 'NONE',  ( -0.2818228611148343443, 0.08924398861152943452, -0.05905511810923725485 ) ) ;
#1320 = PLANE ( 'NONE',  #5009 ) ;
#1321 = ORIENTED_EDGE ( 'NONE', *, *, #6032, .F. ) ;
#1322 = LINE ( 'NONE', #3617, #3441 ) ;
#1323 = ORIENTED_EDGE ( 'NONE', *, *, #6309, .T. ) ;
#1324 = ORIENTED_EDGE ( 'NONE', *, *, #276, .T. ) ;
#1325 = EDGE_CURVE ( 'NONE', #2804, #1280, #4187, .T. ) ;
#1326 = LINE ( 'NONE', #5956, #4090 ) ;
#1327 = CARTESIAN_POINT ( 'NONE',  ( -0.2700118374927871767, -0.1784725468215414557, 0.01968503937107769428 ) ) ;
#1328 = CARTESIAN_POINT ( 'NONE',  ( -0.3290669556030233478, -0.1568190035144548522, -0.05905511810923725485 ) ) ;
#1329 = LINE ( 'NONE', #3624, #4331 ) ;
#1330 = CARTESIAN_POINT ( 'NONE',  ( -0.4078071130833383351, -0.2847717594199665747, -0.03149606299112701902 ) ) ;
#1331 = LINE ( 'NONE', #1856, #2718 ) ;
#1332 = ORIENTED_EDGE ( 'NONE', *, *, #2179, .T. ) ;
#1333 = DIRECTION ( 'NONE',  ( -1.000000000000000000, -2.551063935260010491E-16, -0.000000000000000000 ) ) ;
#1334 = B_SPLINE_CURVE_WITH_KNOTS ( 'NONE', 3,
 ( #3505, #5991, #5841, #7132, #5922, #2943 ),
 .UNSPECIFIED., .F., .F.,
 ( 4, 2, 4 ),
 ( 0.000000000000000000, 0.5000000000000000000, 1.000000000000000000 ),
 .UNSPECIFIED. ) ;
#1335 = DIRECTION ( 'NONE',  ( 0.000000000000000000, 0.000000000000000000, -1.000000000000000000 ) ) ;
#1336 = DIRECTION ( 'NONE',  ( -1.000000000000000000, 0.000000000000000000, 0.000000000000000000 ) ) ;
#1337 = CARTESIAN_POINT ( 'NONE',  ( -0.3881220737132595744, 0.1758581618398758484, 0.1771653543317075752 ) ) ;
#1338 = DIRECTION ( 'NONE',  ( 1.000000000000000000, 0.000000000000000000, 0.000000000000000000 ) ) ;
#1339 = CARTESIAN_POINT ( 'NONE',  ( -0.4038701052093222055, -0.1784725468215414834, 0.1023622047254082318 ) ) ;
#1340 = EDGE_LOOP ( 'NONE', ( #2202, #206, #4628, #4405, #6903, #1997, #1715, #5134, #355, #6977, #6543, #2333, #2437, #2038, #1226, #4648, #1403, #5095, #6076, #317, #318, #7047 ) ) ;
#1341 = DIRECTION ( 'NONE',  ( 0.000000000000000000, 0.000000000000000000, 1.000000000000000000 ) ) ;
#1342 = EDGE_CURVE ( 'NONE', #1671, #4950, #1851, .T. ) ;
#1343 = ORIENTED_EDGE ( 'NONE', *, *, #6057, .F. ) ;
#1344 = DIRECTION ( 'NONE',  ( 1.000000000000000000, 0.000000000000000000, 0.000000000000000000 ) ) ;
#1345 = CARTESIAN_POINT ( 'NONE',  ( 0.3146338317985515332, 0.01050383113121447151, -0.03543307086514277393 ) ) ;
#1346 = ORIENTED_EDGE ( 'NONE', *, *, #933, .T. ) ;
#1347 = CARTESIAN_POINT ( 'NONE',  ( -0.08103545954003095464, -0.2887087672939824823, -0.03740157480215075547 ) ) ;
#1348 = ORIENTED_EDGE ( 'NONE', *, *, #3013, .F. ) ;
#1349 = CARTESIAN_POINT ( 'NONE',  ( -0.2522953020597160645, 0.000000000000000000, -0.01181102362104828607 ) ) ;
#1350 = EDGE_CURVE ( 'NONE', #7437, #87, #3175, .T. ) ;
#1351 = EDGE_CURVE ( 'NONE', #3489, #2806, #6509, .T. ) ;
#1352 = DIRECTION ( 'NONE',  ( -0.000000000000000000, -0.000000000000000000, -1.000000000000000000 ) ) ;
#1353 = ORIENTED_EDGE ( 'NONE', *, *, #470, .T. ) ;
#1354 = EDGE_LOOP ( 'NONE', ( #5763, #2127, #6132, #5260, #3054, #5526, #1545, #661 ) ) ;
#1355 = ORIENTED_EDGE ( 'NONE', *, *, #4813, .F. ) ;
#1356 = DIRECTION ( 'NONE',  ( 1.000000000000000000, 0.000000000000000000, 0.000000000000000000 ) ) ;
#1357 = LINE ( 'NONE', #641, #818 ) ;
#1358 = DIRECTION ( 'NONE',  ( 1.000000000000000000, 0.000000000000000000, 0.000000000000000000 ) ) ;
#1359 = EDGE_CURVE ( 'NONE', #1869, #4572, #1123, .T. ) ;
#1360 = DIRECTION ( 'NONE',  ( 0.000000000000000000, 0.000000000000000000, 1.000000000000000000 ) ) ;
#1361 = AXIS2_PLACEMENT_3D ( 'NONE', #4248, #4853, #3144 ) ;
#1362 = DIRECTION ( 'NONE',  ( -2.834079232620525851E-16, 1.000000000000000000, 8.326672684688667890E-17 ) ) ;
#1363 = DIRECTION ( 'NONE',  ( 0.000000000000000000, 0.7071067811865514585, 0.7071067811865433539 ) ) ;
#1364 = EDGE_LOOP ( 'NONE', ( #2963, #5929, #1268, #349 ) ) ;
#1365 = LINE ( 'NONE', #3668, #5541 ) ;
#1366 = AXIS2_PLACEMENT_3D ( 'NONE', #390, #6138, #3237 ) ;
#1367 = CARTESIAN_POINT ( 'NONE',  ( -0.3487519949731019420, 0.01050383113121447672, -0.2086614173218356572 ) ) ;
#1368 = PLANE ( 'NONE',  #5401 ) ;
#1369 = DIRECTION ( 'NONE',  ( -1.685446266610458883E-16, -8.326672684688672821E-17, 1.000000000000000000 ) ) ;
#1370 = ADVANCED_FACE ( 'NONE', ( #5361 ), #1837, .F. ) ;
#1371 = DIRECTION ( 'NONE',  ( 0.000000000000000000, 0.000000000000000000, 1.000000000000000000 ) ) ;
#1372 = ORIENTED_EDGE ( 'NONE', *, *, #7358, .F. ) ;
#1373 = AXIS2_PLACEMENT_3D ( 'NONE', #4540, #3190, #3153 ) ;
#1374 = VERTEX_POINT ( 'NONE', #1920 ) ;
#1375 = DIRECTION ( 'NONE',  ( 2.282530889443167515E-16, -1.000000000000000000, 0.000000000000000000 ) ) ;
#1376 = VECTOR ( 'NONE', #404, 39.37007874015748143 ) ;
#1377 = VECTOR ( 'NONE', #5465, 39.37007874015748143 ) ;
#1378 = CARTESIAN_POINT ( 'NONE',  ( -0.3487519949731019420, -0.009181208238864290924, -0.02362204724309532183 ) ) ;
#1379 = FACE_OUTER_BOUND ( 'NONE', #4599, .T. ) ;
#1380 = DIRECTION ( 'NONE',  ( 2.282530889443167515E-16, -1.000000000000000000, 0.000000000000000000 ) ) ;
#1381 = ORIENTED_EDGE ( 'NONE', *, *, #5248, .F. ) ;
#1382 = ORIENTED_EDGE ( 'NONE', *, *, #3754, .T. ) ;
#1383 = CIRCLE ( 'NONE', #2105, 0.01427165354330715494 ) ;
#1384 = DIRECTION ( 'NONE',  ( -1.685446266610458883E-16, -8.326672684688672821E-17, 1.000000000000000000 ) ) ;
#1385 = FACE_OUTER_BOUND ( 'NONE', #2757, .T. ) ;
#1386 = AXIS2_PLACEMENT_3D ( 'NONE', #846, #3145, #4894 ) ;
#1387 = LINE ( 'NONE', #104, #2208 ) ;
#1388 = VERTEX_POINT ( 'NONE', #1345 ) ;
#1389 = CARTESIAN_POINT ( 'NONE',  ( 0.1984920995150870338, -0.2335906570577618857, -0.02362204724309532183 ) ) ;
#1390 = ORIENTED_EDGE ( 'NONE', *, *, #754, .T. ) ;
#1391 = ADVANCED_FACE ( 'NONE', ( #6468 ), #1953, .F. ) ;
#1392 = VERTEX_POINT ( 'NONE', #5903 ) ;
#1393 = EDGE_CURVE ( 'NONE', #1487, #1671, #779, .T. ) ;
#1394 = ORIENTED_EDGE ( 'NONE', *, *, #6541, .F. ) ;
#1395 = CARTESIAN_POINT ( 'NONE',  ( -0.08103545954003123220, 0.3018424138083798947, -0.04724409448718972643 ) ) ;
#1396 = VECTOR ( 'NONE', #228, 39.37007874015748143 ) ;
#1397 = DIRECTION ( 'NONE',  ( 0.000000000000000000, 0.000000000000000000, -1.000000000000000000 ) ) ;
#1398 = EDGE_CURVE ( 'NONE', #4979, #3480, #704, .T. ) ;
#1399 = DIRECTION ( 'NONE',  ( -1.000000000000000000, -1.609432433473172644E-16, -1.685446266610459130E-16 ) ) ;
#1400 = LINE ( 'NONE', #5959, #6752 ) ;
#1401 = DIRECTION ( 'NONE',  ( 2.834079232620525851E-16, -1.000000000000000000, -8.326672684688667890E-17 ) ) ;
#1402 = CARTESIAN_POINT ( 'NONE',  ( 0.4307755640820162268, -0.2965827830420139644, 0.5629921259852509463 ) ) ;
#1403 = ORIENTED_EDGE ( 'NONE', *, *, #4947, .T. ) ;
#1404 = ORIENTED_EDGE ( 'NONE', *, *, #5851, .F. ) ;
#1405 = CARTESIAN_POINT ( 'NONE',  ( -0.3093819162329446981, -0.05642530272705362920, 0.5629921259852507243 ) ) ;
#1406 = EDGE_CURVE ( 'NONE', #1996, #4784, #4504, .T. ) ;
#1407 = FACE_OUTER_BOUND ( 'NONE', #3203, .T. ) ;
#1408 = FACE_OUTER_BOUND ( 'NONE', #1844, .T. ) ;
#1409 = LINE ( 'NONE', #235, #1130 ) ;
#1410 = CARTESIAN_POINT ( 'NONE',  ( 0.4307755640820163379, -0.2749292397349271666, -0.07086614173128448491 ) ) ;
#1411 = DIRECTION ( 'NONE',  ( 1.000000000000000000, 0.000000000000000000, 0.000000000000000000 ) ) ;
#1412 = AXIS2_PLACEMENT_3D ( 'NONE', #3039, #1874, #778 ) ;
#1413 = ORIENTED_EDGE ( 'NONE', *, *, #7387, .T. ) ;
#1414 = EDGE_LOOP ( 'NONE', ( #6820, #2978, #6675, #6156 ) ) ;
#1415 = EDGE_CURVE ( 'NONE', #4344, #1251, #5475, .T. ) ;
#1416 = DIRECTION ( 'NONE',  ( -1.000000000000000000, 0.000000000000000000, 0.000000000000000000 ) ) ;
#1417 = VECTOR ( 'NONE', #5125, 39.37007874015748143 ) ;
#1418 = VECTOR ( 'NONE', #6006, 39.37007874015748143 ) ;
#1419 = FACE_OUTER_BOUND ( 'NONE', #2807, .T. ) ;
#1420 = CARTESIAN_POINT ( 'NONE',  ( -0.3487519949731019420, -0.009181208238864290924, -0.02362204724309532183 ) ) ;
#1421 = CARTESIAN_POINT ( 'NONE',  ( -0.2798543571778265293, -0.1784725468215414557, 0.01968503937107769428 ) ) ;
#1422 = ORIENTED_EDGE ( 'NONE', *, *, #5705, .F. ) ;
#1423 = CIRCLE ( 'NONE', #5784, 0.01181102362204717281 ) ;
#1424 = CIRCLE ( 'NONE', #4205, 0.01968503937007875723 ) ;
#1425 = VERTEX_POINT ( 'NONE', #457 ) ;
#1426 = DIRECTION ( 'NONE',  ( 1.685446266610458883E-16, 8.326672684688672821E-17, -1.000000000000000000 ) ) ;
#1427 = VECTOR ( 'NONE', #3769, 39.37007874015748143 ) ;
#1428 = PLANE ( 'NONE',  #4192 ) ;
#1429 = AXIS2_PLACEMENT_3D ( 'NONE', #3275, #1728, #5025 ) ;
#1430 = CARTESIAN_POINT ( 'NONE',  ( -0.4156811288313699282, 0.2979054059343640426, -0.03543307086514277393 ) ) ;
#1431 = VERTEX_POINT ( 'NONE', #1421 ) ;
#1432 = ORIENTED_EDGE ( 'NONE', *, *, #6133, .F. ) ;
#1433 = PLANE ( 'NONE',  #3687 ) ;
#1434 = ORIENTED_EDGE ( 'NONE', *, *, #2096, .F. ) ;
#1435 = EDGE_LOOP ( 'NONE', ( #7015, #6523, #828, #3850 ) ) ;
#1436 = VECTOR ( 'NONE', #3029, 39.37007874015748143 ) ;
#1437 = ORIENTED_EDGE ( 'NONE', *, *, #507, .F. ) ;
#1438 = CARTESIAN_POINT ( 'NONE',  ( -0.4038701052093223165, -0.2729607357979194071, 0.4881889763789515335 ) ) ;
#1439 = DIRECTION ( 'NONE',  ( 0.000000000000000000, -1.000000000000000000, 0.000000000000000000 ) ) ;
#1440 = EDGE_CURVE ( 'NONE', #3949, #5062, #5366, .T. ) ;
#1441 = EDGE_CURVE ( 'NONE', #3064, #5473, #3058, .T. ) ;
#1442 = DIRECTION ( 'NONE',  ( -1.129377263005734114E-16, 1.000000000000000000, 0.000000000000000000 ) ) ;
#1443 = LINE ( 'NONE', #294, #1791 ) ;
#1444 = PLANE ( 'NONE',  #5254 ) ;
#1445 = CYLINDRICAL_SURFACE ( 'NONE', #5018, 0.01968503937007875723 ) ;
#1446 = ORIENTED_EDGE ( 'NONE', *, *, #3566, .T. ) ;
#1447 = ORIENTED_EDGE ( 'NONE', *, *, #5753, .F. ) ;
#1448 = DIRECTION ( 'NONE',  ( -1.000000000000000000, 0.000000000000000000, 0.000000000000000000 ) ) ;
#1449 = EDGE_CURVE ( 'NONE', #6414, #5597, #246, .T. ) ;
#1450 = FACE_OUTER_BOUND ( 'NONE', #7203, .T. ) ;
#1451 = ADVANCED_FACE ( 'NONE', ( #5109 ), #816, .F. ) ;
#1452 = FACE_OUTER_BOUND ( 'NONE', #3581, .T. ) ;
#1453 = CARTESIAN_POINT ( 'NONE',  ( -0.4196181367053853917, 0.2250707602650726946, -0.09055118110136325948 ) ) ;
#1454 = CARTESIAN_POINT ( 'NONE',  ( -0.4038701052093224830, 0.2939683980603482460, 0.5314960629931247960 ) ) ;
#1455 = VERTEX_POINT ( 'NONE', #4900 ) ;
#1456 = EDGE_LOOP ( 'NONE', ( #3784, #4870, #3503, #7106 ) ) ;
#1457 = PLANE ( 'NONE',  #5488 ) ;
#1458 = CYLINDRICAL_SURFACE ( 'NONE', #3333, 0.007874015748031516770 ) ;
#1459 = CARTESIAN_POINT ( 'NONE',  ( -0.4196181367053852251, -0.2887087672939826488, 0.08267716535532965150 ) ) ;
#1460 = FACE_OUTER_BOUND ( 'NONE', #3405, .T. ) ;
#1461 = EDGE_CURVE ( 'NONE', #5323, #3200, #1063, .T. ) ;
#1462 = EDGE_LOOP ( 'NONE', ( #2049, #2238, #2150, #4357 ) ) ;
#1463 = ORIENTED_EDGE ( 'NONE', *, *, #6367, .T. ) ;
#1464 = DIRECTION ( 'NONE',  ( 0.000000000000000000, 0.000000000000000000, -1.000000000000000000 ) ) ;
#1465 = CARTESIAN_POINT ( 'NONE',  ( -0.4196181367053853917, 0.2171967445170412681, -0.07086614173128460981 ) ) ;
#1466 = DIRECTION ( 'NONE',  ( 2.282530889443167515E-16, -1.000000000000000000, 0.000000000000000000 ) ) ;
#1467 = EDGE_CURVE ( 'NONE', #5154, #4022, #6101, .T. ) ;
#1468 = ORIENTED_EDGE ( 'NONE', *, *, #1678, .T. ) ;
#1469 = SURFACE_STYLE_USAGE ( .BOTH. , #6666 ) ;
#1470 = ORIENTED_EDGE ( 'NONE', *, *, #3999, .F. ) ;
#1471 = ORIENTED_EDGE ( 'NONE', *, *, #7380, .T. ) ;
#1472 = ORIENTED_EDGE ( 'NONE', *, *, #3554, .F. ) ;
#1473 = CARTESIAN_POINT ( 'NONE',  ( -0.4038701052093224830, 0.2939683980603482460, 0.4251968503946995659 ) ) ;
#1474 = FACE_OUTER_BOUND ( 'NONE', #6882, .T. ) ;
#1475 = CARTESIAN_POINT ( 'NONE',  ( -0.3487519949731019420, 0.03018887050129322527, -0.02362204724309532183 ) ) ;
#1476 = CARTESIAN_POINT ( 'NONE',  ( -0.4196181367053853917, 0.2880628862493247455, -0.09055118110136337051 ) ) ;
#1477 = CARTESIAN_POINT ( 'NONE',  ( -0.08103545954003123220, 0.3097164295564113212, -0.02952755905411923870 ) ) ;
#1478 = DIRECTION ( 'NONE',  ( -0.000000000000000000, -1.000000000000000000, -0.000000000000000000 ) ) ;
#1479 = ORIENTED_EDGE ( 'NONE', *, *, #5405, .T. ) ;
#1480 = ORIENTED_EDGE ( 'NONE', *, *, #5142, .F. ) ;
#1481 = CARTESIAN_POINT ( 'NONE',  ( -0.002295302059716200667, 0.01050383113121429804, 0.5177165354340697023 ) ) ;
#1482 = CARTESIAN_POINT ( 'NONE',  ( -0.05150790048491302869, 0.01050383113121428243, 0.5610236220482428537 ) ) ;
#1483 = DIRECTION ( 'NONE',  ( -1.000000000000000000, 0.000000000000000000, 0.000000000000000000 ) ) ;
#1484 = CARTESIAN_POINT ( 'NONE',  ( -0.002295302059716200667, 0.01050383113121429804, 0.5629921259852508353 ) ) ;
#1485 = DIRECTION ( 'NONE',  ( 0.000000000000000000, 0.000000000000000000, 1.000000000000000000 ) ) ;
#1486 = ORIENTED_EDGE ( 'NONE', *, *, #4448, .F. ) ;
#1487 = VERTEX_POINT ( 'NONE', #6056 ) ;
#1488 = ADVANCED_FACE ( 'NONE', ( #3362 ), #279, .F. ) ;
#1489 = AXIS2_PLACEMENT_3D ( 'NONE', #6250, #4644, #602 ) ;
#1490 = ADVANCED_FACE ( 'NONE', ( #2561 ), #5611, .T. ) ;
#1491 = DIRECTION ( 'NONE',  ( -1.000000000000000000, -2.834079232620525851E-16, -1.685446266610459130E-16 ) ) ;
#1492 = LINE ( 'NONE', #3944, #2218 ) ;
#1493 = CARTESIAN_POINT ( 'NONE',  ( 0.4110905247119373551, -0.2790865450680278803, 0.07480314960729818330 ) ) ;
#1494 = CIRCLE ( 'NONE', #4025, 0.007874015748031449116 ) ;
#1495 = CIRCLE ( 'NONE', #4997, 0.007874015748031516770 ) ;
#1496 = CARTESIAN_POINT ( 'NONE',  ( -0.4353661682014484668, 0.3254644610524742299, -0.07086614173128460981 ) ) ;
#1497 = FACE_OUTER_BOUND ( 'NONE', #2782, .T. ) ;
#1498 = VERTEX_POINT ( 'NONE', #5691 ) ;
#1499 = ORIENTED_EDGE ( 'NONE', *, *, #2275, .F. ) ;
#1500 = DIRECTION ( 'NONE',  ( -1.000000000000000000, -2.891205793294675861E-16, 0.000000000000000000 ) ) ;
#1501 = AXIS2_PLACEMENT_3D ( 'NONE', #1330, #227, #7171 ) ;
#1502 = VECTOR ( 'NONE', #5854, 39.37007874015748143 ) ;
#1503 = UNCERTAINTY_MEASURE_WITH_UNIT (LENGTH_MEASURE( 1.000000000000000082E-05 ), #7352, 'distance_accuracy_value', 'NONE');
#1504 = EDGE_CURVE ( 'NONE', #1770, #5528, #6691, .T. ) ;
#1505 = PLANE ( 'NONE',  #924 ) ;
#1506 = TOROIDAL_SURFACE ( 'NONE', #6597, 0.03740157480314958843, 0.007874015748031506362 ) ;
#1507 = ORIENTED_EDGE ( 'NONE', *, *, #6219, .F. ) ;
#1508 = DIRECTION ( 'NONE',  ( 1.000000000000000000, 0.000000000000000000, 0.000000000000000000 ) ) ;
#1509 = ORIENTED_EDGE ( 'NONE', *, *, #3752, .F. ) ;
#1510 = ORIENTED_EDGE ( 'NONE', *, *, #4492, .F. ) ;
#1511 = ORIENTED_EDGE ( 'NONE', *, *, #4448, .T. ) ;
#1512 = CARTESIAN_POINT ( 'NONE',  ( 0.4307755640820161158, 0.3175904453044428588, -0.08267716535333172190 ) ) ;
#1513 = FACE_OUTER_BOUND ( 'NONE', #5885, .T. ) ;
#1514 = EDGE_CURVE ( 'NONE', #6, #1096, #6129, .T. ) ;
#1515 = VECTOR ( 'NONE', #6908, 39.37007874015748143 ) ;
#1516 = CYLINDRICAL_SURFACE ( 'NONE', #6696, 0.01968503937007875723 ) ;
#1517 = LINE ( 'NONE', #3814, #6513 ) ;
#1518 = LINE ( 'NONE', #6253, #4753 ) ;
#1519 = CARTESIAN_POINT ( 'NONE',  ( -0.2522953020597160645, 0.2565668232571987617, -0.2283464566919144179 ) ) ;
#1520 = AXIS2_PLACEMENT_3D ( 'NONE', #187, #1896, #1969 ) ;
#1521 = ORIENTED_EDGE ( 'NONE', *, *, #947, .T. ) ;
#1522 = VERTEX_POINT ( 'NONE', #491 ) ;
#1523 = VECTOR ( 'NONE', #1112, 39.37007874015748143 ) ;
#1524 = DIRECTION ( 'NONE',  ( 1.000000000000000000, 2.834079232620525851E-16, 1.685446266610459130E-16 ) ) ;
#1525 = PLANE ( 'NONE',  #162 ) ;
#1526 = CARTESIAN_POINT ( 'NONE',  ( -0.3576533390132011214, 0.01050383113121416100, 0.5472440944886649561 ) ) ;
#1527 = VERTEX_POINT ( 'NONE', #3682 ) ;
#1528 = EDGE_LOOP ( 'NONE', ( #6009, #3919, #879 ) ) ;
#1529 = EDGE_CURVE ( 'NONE', #5635, #838, #6016, .T. ) ;
#1530 = VECTOR ( 'NONE', #1676, 39.37007874015748143 ) ;
#1531 = LINE ( 'NONE', #4585, #7009 ) ;
#1532 = CARTESIAN_POINT ( 'NONE',  ( -0.2896968768628658819, -0.1681379011522500244, 0.06692913385926668735 ) ) ;
#1533 = CARTESIAN_POINT ( 'NONE',  ( 0.4103217761061277447, -0.2809424683782286714, 0.07480314960729816942 ) ) ;
#1534 = EDGE_CURVE ( 'NONE', #4037, #7204, #4297, .T. ) ;
#1535 = AXIS2_PLACEMENT_3D ( 'NONE', #5505, #344, #1483 ) ;
#1536 = EDGE_CURVE ( 'NONE', #2395, #3612, #6828, .T. ) ;
#1537 = CARTESIAN_POINT ( 'NONE',  ( 0.4110905247119372441, 0.2979054059343640426, -0.03149606299112701902 ) ) ;
#1538 = EDGE_LOOP ( 'NONE', ( #5595, #4309, #1262, #57, #2644, #4658, #3164, #4700, #1219, #1106, #4571, #6694 ) ) ;
#1539 = EDGE_CURVE ( 'NONE', #6861, #122, #1858, .T. ) ;
#1540 = EDGE_LOOP ( 'NONE', ( #1507, #6703, #3138, #3732 ) ) ;
#1541 = VECTOR ( 'NONE', #6581, 39.37007874015748143 ) ;
#1542 = AXIS2_PLACEMENT_3D ( 'NONE', #3295, #3869, #6198 ) ;
#1543 = PLANE ( 'NONE',  #3296 ) ;
#1544 = AXIS2_PLACEMENT_3D ( 'NONE', #1481, #301, #6753 ) ;
#1545 = ORIENTED_EDGE ( 'NONE', *, *, #2370, .F. ) ;
#1546 =( LENGTH_UNIT ( ) NAMED_UNIT ( * ) SI_UNIT ( $, .METRE. ) );
#1548 = EDGE_CURVE ( 'NONE', #3316, #3513, #1632, .T. ) ;
#1547 = ORIENTED_EDGE ( 'NONE', *, *, #4602, .F. ) ;
#1549 = VERTEX_POINT ( 'NONE', #2987 ) ;
#1550 = ORIENTED_EDGE ( 'NONE', *, *, #2614, .F. ) ;
#1551 = DIRECTION ( 'NONE',  ( -1.000000000000000000, -2.834079232620525851E-16, -1.685446266610459130E-16 ) ) ;
#1552 = DIRECTION ( 'NONE',  ( 0.000000000000000000, 1.000000000000000000, 0.000000000000000000 ) ) ;
#1553 = VECTOR ( 'NONE', #1579, 39.37007874015748143 ) ;
#1554 = CIRCLE ( 'NONE', #1429, 0.003937007874015724558 ) ;
#1555 =( BOUNDED_CURVE ( )  B_SPLINE_CURVE ( 3, ( #1832, #4063, #5821, #4736 ),
 .UNSPECIFIED., .F., .T. ) 
 B_SPLINE_CURVE_WITH_KNOTS ( ( 4, 4 ),
 ( 3.141592653589793116, 4.712388980384687898 ),
 .UNSPECIFIED. ) 
 CURVE ( )  GEOMETRIC_REPRESENTATION_ITEM ( )  RATIONAL_B_SPLINE_CURVE ( ( 1.000000000000000000, 0.8047378541243654926, 0.8047378541243654926, 1.000000000000000000 ) ) 
 REPRESENTATION_ITEM ( '' )  );
#1556 = DIRECTION ( 'NONE',  ( -1.000000000000000000, 0.000000000000000000, 0.000000000000000000 ) ) ;
#1557 = DIRECTION ( 'NONE',  ( -1.685446266610458883E-16, -8.326672684688672821E-17, 1.000000000000000000 ) ) ;
#1558 = LINE ( 'NONE', #6214, #6951 ) ;
#1559 = DIRECTION ( 'NONE',  ( -1.000000000000000000, 0.000000000000000000, 0.000000000000000000 ) ) ;
#1560 = VECTOR ( 'NONE', #2559, 39.37007874015748143 ) ;
#1561 = AXIS2_PLACEMENT_3D ( 'NONE', #3532, #99, #7080 ) ;
#1562 = EDGE_LOOP ( 'NONE', ( #4885, #631, #762, #2062 ) ) ;
#1563 = ORIENTED_EDGE ( 'NONE', *, *, #3053, .T. ) ;
#1564 = DIRECTION ( 'NONE',  ( -2.282530889443167515E-16, 1.000000000000000000, 0.000000000000000000 ) ) ;
#1565 = VECTOR ( 'NONE', #2549, 39.37007874015748143 ) ;
#1566 = LINE ( 'NONE', #6190, #5896 ) ;
#1567 = DIRECTION ( 'NONE',  ( -5.123469692433445618E-17, -0.3713906763541016121, 0.9284766908852601919 ) ) ;
#1568 = LINE ( 'NONE', #2125, #4167 ) ;
#1569 = EDGE_LOOP ( 'NONE', ( #736, #7313, #329, #2194 ) ) ;
#1570 = ORIENTED_EDGE ( 'NONE', *, *, #4584, .T. ) ;
#1571 = CARTESIAN_POINT ( 'NONE',  ( -0.4038701052093222055, -0.1784725468215415667, 0.1023622047254081624 ) ) ;
#1572 = CARTESIAN_POINT ( 'NONE',  ( 0.1433739892788664927, -0.1568190035144548522, -0.05905511810923725485 ) ) ;
#1573 = LINE ( 'NONE', #2768, #814 ) ;
#1574 = CARTESIAN_POINT ( 'NONE',  ( -0.4078071130833383906, 0.3057794216823956357, -0.03543307086514277393 ) ) ;
#1575 = ORIENTED_EDGE ( 'NONE', *, *, #1157, .T. ) ;
#1576 = ORIENTED_EDGE ( 'NONE', *, *, #1578, .F. ) ;
#1577 = LENGTH_MEASURE_WITH_UNIT ( LENGTH_MEASURE( 0.02539999999999999897 ), #2141 );
#1578 = EDGE_CURVE ( 'NONE', #1307, #5478, #2389, .T. ) ;
#1579 = DIRECTION ( 'NONE',  ( 1.685446266610458883E-16, 8.326672684688672821E-17, -1.000000000000000000 ) ) ;
#1580 = DIRECTION ( 'NONE',  ( 0.000000000000000000, 0.000000000000000000, 1.000000000000000000 ) ) ;
#1581 = VERTEX_POINT ( 'NONE', #5151 ) ;
#1582 = DIRECTION ( 'NONE',  ( 0.000000000000000000, 0.000000000000000000, -1.000000000000000000 ) ) ;
#1583 = ORIENTED_EDGE ( 'NONE', *, *, #1351, .T. ) ;
#1584 = ORIENTED_EDGE ( 'NONE', *, *, #1183, .T. ) ;
#1585 = ORIENTED_EDGE ( 'NONE', *, *, #7392, .T. ) ;
#1586 = PLANE ( 'NONE',  #4337 ) ;
#1587 = EDGE_CURVE ( 'NONE', #2382, #5226, #572, .T. ) ;
#1588 = EDGE_CURVE ( 'NONE', #3765, #802, #282, .T. ) ;
#1589 = CARTESIAN_POINT ( 'NONE',  ( -0.2522953020597160645, -0.2355591609947698117, -0.2283464566919144179 ) ) ;
#1590 = DIRECTION ( 'NONE',  ( 1.000000000000000000, 2.834079232620525851E-16, 1.685446266610459130E-16 ) ) ;
#1591 = CARTESIAN_POINT ( 'NONE',  ( 0.1433739892788664927, 0.2939683980603483571, 0.5314960629931249070 ) ) ;
#1592 = CARTESIAN_POINT ( 'NONE',  ( 0.4150275325859530406, -0.2887087672939824823, 1.578189432169841311 ) ) ;
#1593 = ORIENTED_EDGE ( 'NONE', *, *, #2448, .T. ) ;
#1594 = EDGE_LOOP ( 'NONE', ( #817, #6420, #4067, #3027 ) ) ;
#1595 = DIRECTION ( 'NONE',  ( -2.834079232620525851E-16, 1.000000000000000000, 8.326672684688667890E-17 ) ) ;
#1596 = ADVANCED_FACE ( 'NONE', ( #5230 ), #6451, .F. ) ;
#1597 = FACE_OUTER_BOUND ( 'NONE', #1002, .T. ) ;
#1598 = PLANE ( 'NONE',  #1297 ) ;
#1599 = CARTESIAN_POINT ( 'NONE',  ( -0.4274921524534169293, -0.05642530272705357369, 0.5629921259852507243 ) ) ;
#1600 = VERTEX_POINT ( 'NONE', #2426 ) ;
#1601 = ORIENTED_EDGE ( 'NONE', *, *, #5905, .F. ) ;
#1602 = DIRECTION ( 'NONE',  ( 1.000000000000000000, 0.000000000000000000, 0.000000000000000000 ) ) ;
#1603 = ADVANCED_FACE ( 'NONE', ( #530 ), #1248, .F. ) ;
#1604 = DIRECTION ( 'NONE',  ( 0.000000000000000000, 0.000000000000000000, 1.000000000000000000 ) ) ;
#1605 = CARTESIAN_POINT ( 'NONE',  ( -0.2719803414297948807, 0.2565668232571987617, -0.2283464566919144179 ) ) ;
#1606 = LINE ( 'NONE', #6234, #1136 ) ;
#1607 = ORIENTED_EDGE ( 'NONE', *, *, #1415, .T. ) ;
#1608 = VECTOR ( 'NONE', #2424, 39.37007874015748143 ) ;
#1609 = ORIENTED_EDGE ( 'NONE', *, *, #6106, .F. ) ;
#1610 = AXIS2_PLACEMENT_3D ( 'NONE', #92, #4226, #7035 ) ;
#1611 = DIRECTION ( 'NONE',  ( 0.000000000000000000, 0.000000000000000000, 1.000000000000000000 ) ) ;
#1612 = VERTEX_POINT ( 'NONE', #1669 ) ;
#1613 = CARTESIAN_POINT ( 'NONE',  ( 0.4307755640820163379, -0.3044567987900454464, -0.07086614173128448491 ) ) ;
#1614 = ORIENTED_EDGE ( 'NONE', *, *, #5989, .T. ) ;
#1615 = VECTOR ( 'NONE', #2279, 39.37007874015748143 ) ;
#1616 = EDGE_LOOP ( 'NONE', ( #5936, #707 ) ) ;
#1617 = DIRECTION ( 'NONE',  ( -1.000000000000000000, 0.000000000000000000, 0.000000000000000000 ) ) ;
#1618 = DIRECTION ( 'NONE',  ( -1.000000000000000000, 0.000000000000000000, 0.000000000000000000 ) ) ;
#1619 = VECTOR ( 'NONE', #6519, 39.37007874015748143 ) ;
#1620 = CARTESIAN_POINT ( 'NONE',  ( -0.4196181367053855027, -0.2887087672939827598, 1.578189432169840867 ) ) ;
#1621 = EDGE_CURVE ( 'NONE', #1250, #4754, #36, .T. ) ;
#1622 = LINE ( 'NONE', #1051, #2468 ) ;
#1623 = ADVANCED_FACE ( 'NONE', ( #3546 ), #2835, .F. ) ;
#1624 = CARTESIAN_POINT ( 'NONE',  ( -0.2109567193825508946, -0.1765040428845335851, -0.03543307086514277393 ) ) ;
#1625 = ORIENTED_EDGE ( 'NONE', *, *, #7243, .T. ) ;
#1626 = VERTEX_POINT ( 'NONE', #2352 ) ;
#1627 = CARTESIAN_POINT ( 'NONE',  ( 0.4110905247119373551, -0.2887087672939823713, -0.03149606299112701902 ) ) ;
#1628 = VECTOR ( 'NONE', #7263, 39.37007874015748854 ) ;
#1629 = LINE ( 'NONE', #3931, #6869 ) ;
#1630 = CARTESIAN_POINT ( 'NONE',  ( 0.4103217761061276336, 0.3019501306406568997, -0.03543307086514277393 ) ) ;
#1631 = AXIS2_PLACEMENT_3D ( 'NONE', #4496, #6153, #4464 ) ;
#1632 = LINE ( 'NONE', #3394, #5493 ) ;
#1633 = CARTESIAN_POINT ( 'NONE',  ( -0.2896968768628658819, -0.1651851452467384129, 0.06692913385926668735 ) ) ;
#1634 = ORIENTED_EDGE ( 'NONE', *, *, #1704, .F. ) ;
#1635 = VERTEX_POINT ( 'NONE', #3976 ) ;
#1636 = EDGE_CURVE ( 'NONE', #2690, #4344, #3477, .T. ) ;
#1637 = AXIS2_PLACEMENT_3D ( 'NONE', #1592, #4355, #950 ) ;
#1638 = DIRECTION ( 'NONE',  ( 0.000000000000000000, 0.000000000000000000, -1.000000000000000000 ) ) ;
#1639 = DIRECTION ( 'NONE',  ( -1.000000000000000000, -2.834079232620525851E-16, -1.685446266610459130E-16 ) ) ;
#1640 = DIRECTION ( 'NONE',  ( -2.005417478695195629E-16, 0.9284766908852609690, -0.3713906763540997802 ) ) ;
#1641 = DIRECTION ( 'NONE',  ( 0.000000000000000000, -1.000000000000000000, 0.000000000000000000 ) ) ;
#1642 = FACE_OUTER_BOUND ( 'NONE', #7033, .T. ) ;
#1643 = EDGE_LOOP ( 'NONE', ( #4913, #1343, #2033, #696 ) ) ;
#1644 = ADVANCED_FACE ( 'NONE', ( #4579 ), #2948, .F. ) ;
#1645 = ORIENTED_EDGE ( 'NONE', *, *, #2314, .F. ) ;
#1646 = FACE_OUTER_BOUND ( 'NONE', #4914, .T. ) ;
#1647 = CARTESIAN_POINT ( 'NONE',  ( -0.4156811288313698727, 0.3000942073304607161, 0.07480314960729818330 ) ) ;
#1648 = ORIENTED_EDGE ( 'NONE', *, *, #4530, .F. ) ;
#1649 = VECTOR ( 'NONE', #1151, 39.37007874015748143 ) ;
#1650 = EDGE_LOOP ( 'NONE', ( #1261, #2453, #2708, #4235 ) ) ;
#1651 = ORIENTED_EDGE ( 'NONE', *, *, #3689, .F. ) ;
#1652 = DIRECTION ( 'NONE',  ( 0.000000000000000000, 0.000000000000000000, -1.000000000000000000 ) ) ;
#1653 = DIRECTION ( 'NONE',  ( 0.000000000000000000, 0.000000000000000000, 1.000000000000000000 ) ) ;
#1654 = AXIS2_PLACEMENT_3D ( 'NONE', #6596, #4803, #794 ) ;
#1655 = AXIS2_PLACEMENT_3D ( 'NONE', #6837, #2665, #6126 ) ;
#1656 = CARTESIAN_POINT ( 'NONE',  ( -0.3566260107211334240, 0.01050383113121422865, 0.5157480314970617208 ) ) ;
#1657 = CARTESIAN_POINT ( 'NONE',  ( -0.2798543571778265293, -0.1548504995774468984, 0.1771653543317075752 ) ) ;
#1658 = LINE ( 'NONE', #2342, #3790 ) ;
#1659 = CARTESIAN_POINT ( 'NONE',  ( 0.4032165089639056510, 0.3097164295564113212, 0.07086614173328242838 ) ) ;
#1660 = ORIENTED_EDGE ( 'NONE', *, *, #2662, .T. ) ;
#1661 = AXIS2_PLACEMENT_3D ( 'NONE', #1881, #3011, #5332 ) ;
#1662 = EDGE_LOOP ( 'NONE', ( #4689, #6084 ) ) ;
#1663 = CARTESIAN_POINT ( 'NONE',  ( -0.4156811288313697617, -0.2768977436719350926, 0.07480314960729816942 ) ) ;
#1664 = VECTOR ( 'NONE', #4353, 39.37007874015748143 ) ;
#1665 = EDGE_CURVE ( 'NONE', #2806, #5041, #4053, .T. ) ;
#1666 = CARTESIAN_POINT ( 'NONE',  ( -0.3566260107211334240, 0.01050383113121422865, 0.5629921259852507243 ) ) ;
#1667 = VECTOR ( 'NONE', #125, 39.37007874015748143 ) ;
#1668 = CIRCLE ( 'NONE', #2398, 0.01427165354330715494 ) ;
#1669 = CARTESIAN_POINT ( 'NONE',  ( 0.2378621782552445829, -0.2335906570577619412, -0.2086614173218356572 ) ) ;
#1670 = DIRECTION ( 'NONE',  ( -0.000000000000000000, -0.000000000000000000, -1.000000000000000000 ) ) ;
#1671 = VERTEX_POINT ( 'NONE', #4009 ) ;
#1672 = PRODUCT_DEFINITION_FORMATION_WITH_SPECIFIED_SOURCE ( 'ANY', '', #712, .NOT_KNOWN. ) ;
#1673 = EDGE_CURVE ( 'NONE', #2258, #2505, #6333, .T. ) ;
#1674 = EDGE_CURVE ( 'NONE', #6256, #2091, #3510, .T. ) ;
#1675 = DIRECTION ( 'NONE',  ( 2.834079232620525851E-16, -1.000000000000000000, -8.326672684688667890E-17 ) ) ;
#1676 = DIRECTION ( 'NONE',  ( -5.123469692433252716E-17, -0.3713906763541071077, 0.9284766908852579714 ) ) ;
#1677 = PLANE ( 'NONE',  #5251 ) ;
#1678 = EDGE_CURVE ( 'NONE', #3271, #4483, #2877, .T. ) ;
#1679 = LINE ( 'NONE', #1142, #6743 ) ;
#1680 = CARTESIAN_POINT ( 'NONE',  ( 0.2772322569954019378, 0.01050383113121446804, -0.05905511810923725485 ) ) ;
#1681 = VERTEX_POINT ( 'NONE', #3 ) ;
#1682 = EDGE_LOOP ( 'NONE', ( #4699, #6100, #6514, #6052 ) ) ;
#1683 = ORIENTED_EDGE ( 'NONE', *, *, #5851, .T. ) ;
#1684 = PLANE ( 'NONE',  #6148 ) ;
#1685 = LINE ( 'NONE', #431, #821 ) ;
#1686 = EDGE_CURVE ( 'NONE', #6065, #69, #1175, .T. ) ;
#1687 = CARTESIAN_POINT ( 'NONE',  ( -0.4353661682014484668, 0.3254644610524742299, -0.09055118110136337051 ) ) ;
#1688 = VERTEX_POINT ( 'NONE', #611 ) ;
#1689 = ORIENTED_EDGE ( 'NONE', *, *, #891, .T. ) ;
#1690 = CARTESIAN_POINT ( 'NONE',  ( -0.08103545954003102403, -0.2808347515459509447, -0.04724409448718972643 ) ) ;
#1691 = CARTESIAN_POINT ( 'NONE',  ( -0.2109567193825508946, 0.1975117051469625351, -0.05905511810923725485 ) ) ;
#1692 = EDGE_CURVE ( 'NONE', #2120, #15, #1788, .T. ) ;
#1693 = LINE ( 'NONE', #6159, #5529 ) ;
#1694 = DIRECTION ( 'NONE',  ( -2.282530889443167515E-16, 1.000000000000000000, 0.000000000000000000 ) ) ;
#1695 = CARTESIAN_POINT ( 'NONE',  ( -0.4038701052093224830, 0.09711800435956068067, 0.4881889763789515890 ) ) ;
#1696 = ORIENTED_EDGE ( 'NONE', *, *, #5671, .T. ) ;
#1697 = ORIENTED_EDGE ( 'NONE', *, *, #1588, .F. ) ;
#1698 = DIRECTION ( 'NONE',  ( 0.000000000000000000, 0.000000000000000000, -1.000000000000000000 ) ) ;
#1699 = DIRECTION ( 'NONE',  ( 2.282530889443167515E-16, -1.000000000000000000, 0.000000000000000000 ) ) ;
#1700 = DIRECTION ( 'NONE',  ( -1.685446266610458883E-16, -8.326672684688672821E-17, 1.000000000000000000 ) ) ;
#1701 = CARTESIAN_POINT ( 'NONE',  ( 0.1433739892788664927, 0.2270392642020807317, -0.03543307086514277393 ) ) ;
#1702 = DIRECTION ( 'NONE',  ( -1.000000000000000000, 0.000000000000000000, 0.000000000000000000 ) ) ;
#1703 = CARTESIAN_POINT ( 'NONE',  ( 0.3146338317985515332, 0.01050383113121447151, -0.05905511810923725485 ) ) ;
#1704 = EDGE_CURVE ( 'NONE', #1801, #2631, #5371, .T. ) ;
#1705 = ORIENTED_EDGE ( 'NONE', *, *, #1304, .T. ) ;
#1706 = ORIENTED_EDGE ( 'NONE', *, *, #2603, .F. ) ;
#1707 = EDGE_CURVE ( 'NONE', #7156, #471, #4513, .T. ) ;
#1708 = CARTESIAN_POINT ( 'NONE',  ( 0.4150275325859533182, -0.2040630980026435781, -0.09055118110136310683 ) ) ;
#1709 = PLANE ( 'NONE',  #4186 ) ;
#1710 = CARTESIAN_POINT ( 'NONE',  ( 0.1984920995150868950, 0.2545983193201908357, -0.02362204724309518653 ) ) ;
#1711 = PLANE ( 'NONE',  #1900 ) ;
#1712 = LINE ( 'NONE', #4019, #5263 ) ;
#1713 = ADVANCED_FACE ( 'NONE', ( #4808 ), #2503, .F. ) ;
#1714 = ORIENTED_EDGE ( 'NONE', *, *, #5705, .T. ) ;
#1715 = ORIENTED_EDGE ( 'NONE', *, *, #6751, .T. ) ;
#1716 = EDGE_CURVE ( 'NONE', #157, #106, #7093, .T. ) ;
#1717 = ORIENTED_EDGE ( 'NONE', *, *, #2315, .T. ) ;
#1718 = EDGE_CURVE ( 'NONE', #5955, #1089, #6530, .T. ) ;
#1719 = DIRECTION ( 'NONE',  ( -1.685446266610458883E-16, -8.326672684688672821E-17, 1.000000000000000000 ) ) ;
#1720 = DIRECTION ( 'NONE',  ( 0.000000000000000000, 0.000000000000000000, -1.000000000000000000 ) ) ;
#1721 = VECTOR ( 'NONE', #2124, 39.37007874015748143 ) ;
#1722 = DIRECTION ( 'NONE',  ( 1.000000000000000000, 2.834079232620525851E-16, 1.685446266610459130E-16 ) ) ;
#1723 = EDGE_LOOP ( 'NONE', ( #5567, #6327, #16, #1809 ) ) ;
#1724 = DIRECTION ( 'NONE',  ( 0.000000000000000000, 0.000000000000000000, 1.000000000000000000 ) ) ;
#1725 = ORIENTED_EDGE ( 'NONE', *, *, #3742, .T. ) ;
#1726 = ORIENTED_EDGE ( 'NONE', *, *, #6751, .F. ) ;
#1727 = ADVANCED_FACE ( 'NONE', ( #3025 ), #4242, .F. ) ;
#1728 = DIRECTION ( 'NONE',  ( 2.282530889443167515E-16, -1.000000000000000000, 0.000000000000000000 ) ) ;
#1729 = VECTOR ( 'NONE', #2076, 39.37007874015748143 ) ;
#1730 = LINE ( 'NONE', #5180, #6756 ) ;
#1731 =( CONVERSION_BASED_UNIT ( 'INCH', #1202 ) LENGTH_UNIT ( ) NAMED_UNIT ( #4318 ) );
#1732 = LINE ( 'NONE', #2415, #1164 ) ;
#1733 = DIRECTION ( 'NONE',  ( -1.000000000000000000, 1.469367938528111619E-31, -9.254244404135768435E-16 ) ) ;
#1734 = AXIS2_PLACEMENT_3D ( 'NONE', #5556, #2060, #5077 ) ;
#1735 = PLANE ( 'NONE',  #3303 ) ;
#1736 = CLOSED_SHELL ( 'NONE', ( #5698, #6261, #3364, #7288, #7441, #332 ) ) ;
#1737 = DIRECTION ( 'NONE',  ( 0.7071067811865434649, 0.000000000000000000, -0.7071067811865515695 ) ) ;
#1738 = ORIENTED_EDGE ( 'NONE', *, *, #5052, .F. ) ;
#1739 = ORIENTED_EDGE ( 'NONE', *, *, #515, .F. ) ;
#1740 = ADVANCED_FACE ( 'NONE', ( #5345 ), #4317, .F. ) ;
#1741 = LINE ( 'NONE', #2906, #4561 ) ;
#1742 = VECTOR ( 'NONE', #2753, 39.37007874015748143 ) ;
#1743 = AXIS2_PLACEMENT_3D ( 'NONE', #82, #1798, #4704 ) ;
#1744 = DIRECTION ( 'NONE',  ( 0.000000000000000000, 0.000000000000000000, 1.000000000000000000 ) ) ;
#1745 = FACE_OUTER_BOUND ( 'NONE', #2136, .T. ) ;
#1746 = DIRECTION ( 'NONE',  ( 2.282530889443167515E-16, -1.000000000000000000, 0.000000000000000000 ) ) ;
#1747 = LINE ( 'NONE', #3478, #793 ) ;
#1748 = ORIENTED_EDGE ( 'NONE', *, *, #3322, .F. ) ;
#1749 = AXIS2_PLACEMENT_3D ( 'NONE', #5800, #6973, #1086 ) ;
#1750 = VERTEX_POINT ( 'NONE', #2580 ) ;
#1751 = CARTESIAN_POINT ( 'NONE',  ( -0.2995393965482265886, 0.1758581618398758484, 0.06299212598532150098 ) ) ;
#1752 = AXIS2_PLACEMENT_3D ( 'NONE', #347, #989, #3288 ) ;
#1753 = LINE ( 'NONE', #2242, #4537 ) ;
#1754 = CARTESIAN_POINT ( 'NONE',  ( 0.2181771388851658777, -0.2335906570577619412, -0.2086614173218356572 ) ) ;
#1755 = DIRECTION ( 'NONE',  ( 0.000000000000000000, 0.000000000000000000, 1.000000000000000000 ) ) ;
#1756 = FACE_OUTER_BOUND ( 'NONE', #7353, .T. ) ;
#1757 = ORIENTED_EDGE ( 'NONE', *, *, #7283, .F. ) ;
#1758 = ORIENTED_EDGE ( 'NONE', *, *, #4957, .F. ) ;
#1759 = ORIENTED_EDGE ( 'NONE', *, *, #233, .T. ) ;
#1760 = CIRCLE ( 'NONE', #6483, 0.007874015748031516770 ) ;
#1761 = LINE ( 'NONE', #5938, #3719 ) ;
#1762 = ADVANCED_FACE ( 'NONE', ( #6638 ), #1444, .T. ) ;
#1763 = EDGE_CURVE ( 'NONE', #286, #5551, #6072, .T. ) ;
#1764 = AXIS2_PLACEMENT_3D ( 'NONE', #5102, #1124, #2305 ) ;
#1765 = CARTESIAN_POINT ( 'NONE',  ( -0.4156811288313699282, 0.2979054059343640426, 0.07480314960729816942 ) ) ;
#1766 = ADVANCED_FACE ( 'NONE', ( #3170 ), #6035, .F. ) ;
#1767 = EDGE_LOOP ( 'NONE', ( #39, #5954, #542, #2410 ) ) ;
#1768 = LINE ( 'NONE', #4597, #3563 ) ;
#1769 = VERTEX_POINT ( 'NONE', #5458 ) ;
#1770 = VERTEX_POINT ( 'NONE', #295 ) ;
#1771 = CARTESIAN_POINT ( 'NONE',  ( 0.1984920995150870338, -0.2335906570577618857, -0.02362204724309532183 ) ) ;
#1772 = VECTOR ( 'NONE', #4134, 39.37007874015748143 ) ;
#1773 = LINE ( 'NONE', #3534, #7122 ) ;
#1774 = EDGE_CURVE ( 'NONE', #7095, #5079, #6488, .T. ) ;
#1775 = EDGE_CURVE ( 'NONE', #2146, #2890, #144, .T. ) ;
#1776 = CARTESIAN_POINT ( 'NONE',  ( 0.3146338317985515332, 0.01050383113121447151, -0.03543307086514277393 ) ) ;
#1777 = EDGE_CURVE ( 'NONE', #2889, #1783, #3663, .T. ) ;
#1778 = DIRECTION ( 'NONE',  ( -1.000000000000000000, 0.000000000000000000, 0.000000000000000000 ) ) ;
#1779 = AXIS2_PLACEMENT_3D ( 'NONE', #5184, #3014, #7081 ) ;
#1780 = DIRECTION ( 'NONE',  ( 2.834079232620525851E-16, -1.000000000000000000, -8.326672684688667890E-17 ) ) ;
#1781 = FACE_BOUND ( 'NONE', #6590, .T. ) ;
#1782 = ORIENTED_EDGE ( 'NONE', *, *, #3638, .T. ) ;
#1783 = VERTEX_POINT ( 'NONE', #4279 ) ;
#1784 = CARTESIAN_POINT ( 'NONE',  ( 0.000000000000000000, 0.2565668232571987617, -0.2283464566919144179 ) ) ;
#1785 = VECTOR ( 'NONE', #59, 39.37007874015748854 ) ;
#1786 = CIRCLE ( 'NONE', #6022, 0.003937007874015724558 ) ;
#1787 = FACE_OUTER_BOUND ( 'NONE', #396, .T. ) ;
#1788 = LINE ( 'NONE', #2910, #4282 ) ;
#1789 = FACE_OUTER_BOUND ( 'NONE', #543, .T. ) ;
#1790 = VECTOR ( 'NONE', #5341, 39.37007874015748143 ) ;
#1791 = VECTOR ( 'NONE', #2715, 39.37007874015748143 ) ;
#1792 = VERTEX_POINT ( 'NONE', #3703 ) ;
#1793 = ORIENTED_EDGE ( 'NONE', *, *, #889, .F. ) ;
#1794 = FACE_OUTER_BOUND ( 'NONE', #2101, .T. ) ;
#1795 = VECTOR ( 'NONE', #2480, 39.37007874015748143 ) ;
#1796 = AXIS2_PLACEMENT_3D ( 'NONE', #1627, #3930, #1127 ) ;
#1797 = CYLINDRICAL_SURFACE ( 'NONE', #920, 0.01427165354330715494 ) ;
#1798 = DIRECTION ( 'NONE',  ( 0.000000000000000000, -1.000000000000000000, 0.000000000000000000 ) ) ;
#1799 = DIRECTION ( 'NONE',  ( 0.000000000000000000, 1.000000000000000000, 0.000000000000000000 ) ) ;
#1800 = LINE ( 'NONE', #6953, #7213 ) ;
#1801 = VERTEX_POINT ( 'NONE', #3590 ) ;
#1802 = ORIENTED_EDGE ( 'NONE', *, *, #159, .T. ) ;
#1803 = VECTOR ( 'NONE', #4368, 39.37007874015748143 ) ;
#1804 = VERTEX_POINT ( 'NONE', #5927 ) ;
#1805 = CARTESIAN_POINT ( 'NONE',  ( -0.4156811288313697617, -0.2768977436719350926, 0.07086614173328242838 ) ) ;
#1806 = FILL_AREA_STYLE ('',( #7001 ) ) ;
#1807 = ORIENTED_EDGE ( 'NONE', *, *, #5948, .F. ) ;
#1808 = CARTESIAN_POINT ( 'NONE',  ( -0.002295302059716200667, 0.01050383113121429804, 0.5295275590561169254 ) ) ;
#1809 = ORIENTED_EDGE ( 'NONE', *, *, #2370, .T. ) ;
#1810 = DIRECTION ( 'NONE',  ( -1.000000000000000000, 0.000000000000000000, 0.000000000000000000 ) ) ;
#1811 = PLANE ( 'NONE',  #6641 ) ;
#1812 = EDGE_CURVE ( 'NONE', #2523, #6256, #5997, .T. ) ;
#1813 = DIRECTION ( 'NONE',  ( 1.685446266610458883E-16, 8.326672684688672821E-17, -1.000000000000000000 ) ) ;
#1814 = DIRECTION ( 'NONE',  ( 1.685446266610458883E-16, 8.326672684688672821E-17, -1.000000000000000000 ) ) ;
#1815 = LINE ( 'NONE', #5141, #6614 ) ;
#1816 = EDGE_CURVE ( 'NONE', #163, #6122, #4636, .T. ) ;
#1817 = ORIENTED_EDGE ( 'NONE', *, *, #2250, .T. ) ;
#1818 = EDGE_CURVE ( 'NONE', #726, #7231, #3097, .T. ) ;
#1819 = EDGE_LOOP ( 'NONE', ( #5133, #2082, #6279, #6565, #1324, #6478, #6099, #4304, #1563, #7445, #128, #1480, #3366, #3957, #6846, #1082, #5937, #4269, #2438, #4159 ) ) ;
#1820 = DIRECTION ( 'NONE',  ( 0.000000000000000000, 0.000000000000000000, 1.000000000000000000 ) ) ;
#1821 = CARTESIAN_POINT ( 'NONE',  ( -0.3133189241069603836, 0.09711800435956070843, 0.4881889763789515335 ) ) ;
#1822 = CARTESIAN_POINT ( 'NONE',  ( -0.1755236485172577410, 0.01050383113121446804, -0.05905511811002143313 ) ) ;
#1823 = CARTESIAN_POINT ( 'NONE',  ( -0.1361535697762516206, 0.01050383113121446804, -0.04330708661343565802 ) ) ;
#1824 = LINE ( 'NONE', #683, #7082 ) ;
#1825 = ORIENTED_EDGE ( 'NONE', *, *, #4223, .T. ) ;
#1826 = ORIENTED_EDGE ( 'NONE', *, *, #1913, .F. ) ;
#1827 = EDGE_CURVE ( 'NONE', #7240, #7275, #5684, .T. ) ;
#1828 = CARTESIAN_POINT ( 'NONE',  ( -0.2798543571778265848, 0.1758581618398758484, 0.06399143552316807759 ) ) ;
#1829 = PLANE ( 'NONE',  #2620 ) ;
#1830 = CARTESIAN_POINT ( 'NONE',  ( -0.3566260107211334240, 0.01050383113121422865, 0.5629921259852507243 ) ) ;
#1831 = CARTESIAN_POINT ( 'NONE',  ( -0.4353661682014486334, 0.2959369019973560611, -0.07086614173128460981 ) ) ;
#1832 = CARTESIAN_POINT ( 'NONE',  ( -0.3172559319809760137, 0.06955894924145050728, 0.5551181102372192422 ) ) ;
#1833 = ORIENTED_EDGE ( 'NONE', *, *, #2602, .T. ) ;
#1834 = ORIENTED_EDGE ( 'NONE', *, *, #3409, .T. ) ;
#1835 = EDGE_CURVE ( 'NONE', #5244, #2646, #3353, .T. ) ;
#1836 = LINE ( 'NONE', #591, #462 ) ;
#1837 = PLANE ( 'NONE',  #5858 ) ;
#1838 = ORIENTED_EDGE ( 'NONE', *, *, #7019, .F. ) ;
#1839 = CARTESIAN_POINT ( 'NONE',  ( 0.1984920995150871170, -0.2178426255616989493, -0.01181102362104828607 ) ) ;
#1840 = ORIENTED_EDGE ( 'NONE', *, *, #7473, .F. ) ;
#1841 = DIRECTION ( 'NONE',  ( 1.000000000000000000, 0.000000000000000000, 0.000000000000000000 ) ) ;
#1842 = DIRECTION ( 'NONE',  ( -2.495169267341235145E-16, 0.3162277660168362203, 0.9486832980505143231 ) ) ;
#1843 = FACE_OUTER_BOUND ( 'NONE', #3147, .T. ) ;
#1844 = EDGE_LOOP ( 'NONE', ( #5261, #5861, #5978, #7078 ) ) ;
#1845 = ORIENTED_EDGE ( 'NONE', *, *, #3788, .T. ) ;
#1846 = VECTOR ( 'NONE', #1399, 39.37007874015748143 ) ;
#1847 = ORIENTED_EDGE ( 'NONE', *, *, #7194, .F. ) ;
#1848 = DIRECTION ( 'NONE',  ( -1.000000000000000000, 0.000000000000000000, 0.000000000000000000 ) ) ;
#1849 = CARTESIAN_POINT ( 'NONE',  ( -0.4038701052093223165, -0.07611034209713225807, 0.4881889763789515335 ) ) ;
#1850 = EDGE_CURVE ( 'NONE', #7456, #122, #906, .T. ) ;
#1851 = CIRCLE ( 'NONE', #2584, 0.01181102362204717281 ) ;
#1852 = ADVANCED_FACE ( 'NONE', ( #2651 ), #4958, .T. ) ;
#1853 = DIRECTION ( 'NONE',  ( 0.000000000000000000, 0.000000000000000000, 1.000000000000000000 ) ) ;
#1854 = LINE ( 'NONE', #4728, #2635 ) ;
#1855 = DIRECTION ( 'NONE',  ( 0.000000000000000000, -1.000000000000000000, 0.000000000000000000 ) ) ;
#1856 = CARTESIAN_POINT ( 'NONE',  ( 0.4150275325859531517, 0.2171967445170411848, -0.07086614173128434613 ) ) ;
#1857 = ORIENTED_EDGE ( 'NONE', *, *, #2915, .T. ) ;
#1858 = CIRCLE ( 'NONE', #3537, 0.04921259842519682542 ) ;
#1859 = VECTOR ( 'NONE', #1223, 39.37007874015748143 ) ;
#1860 = CARTESIAN_POINT ( 'NONE',  ( 0.04691729636548062909, 0.01050383113121430498, 0.5511811023632036122 ) ) ;
#1861 = DIRECTION ( 'NONE',  ( -2.617448175331450850E-16, 0.3713906763541042211, 0.9284766908852590817 ) ) ;
#1862 = LINE ( 'NONE', #3631, #6015 ) ;
#1863 = EDGE_CURVE ( 'NONE', #325, #2853, #3816, .T. ) ;
#1864 = DIRECTION ( 'NONE',  ( 0.000000000000000000, 0.000000000000000000, 1.000000000000000000 ) ) ;
#1865 = CARTESIAN_POINT ( 'NONE',  ( 0.2378621782552445552, -0.2178426255616989216, -0.03543307086514277393 ) ) ;
#1866 = VECTOR ( 'NONE', #2340, 39.37007874015748143 ) ;
#1867 = CARTESIAN_POINT ( 'NONE',  ( -0.4274921524534168182, -0.3044567987900455575, -0.07086614173128460981 ) ) ;
#1868 = EDGE_CURVE ( 'NONE', #2607, #3202, #2191, .T. ) ;
#1869 = VERTEX_POINT ( 'NONE', #6673 ) ;
#1870 = VERTEX_POINT ( 'NONE', #7286 ) ;
#1871 = VERTEX_POINT ( 'NONE', #1477 ) ;
#1872 = AXIS2_PLACEMENT_3D ( 'NONE', #5001, #5692, #7296 ) ;
#1873 = LINE ( 'NONE', #4629, #4566 ) ;
#1874 = DIRECTION ( 'NONE',  ( -2.005417478695190452E-16, 0.9284766908852601919, -0.3713906763541015010 ) ) ;
#1875 = ADVANCED_FACE ( 'NONE', ( #3887 ), #5644, .F. ) ;
#1876 = VECTOR ( 'NONE', #7013, 39.37007874015748143 ) ;
#1877 = ORIENTED_EDGE ( 'NONE', *, *, #7379, .F. ) ;
#1878 = LINE ( 'NONE', #3642, #3087 ) ;
#1879 = VERTEX_POINT ( 'NONE', #2079 ) ;
#1880 =( LENGTH_UNIT ( ) NAMED_UNIT ( * ) SI_UNIT ( $, .METRE. ) );
#1881 = CARTESIAN_POINT ( 'NONE',  ( 0.2181771388851658777, -0.2335906570577619412, -0.2086614173218356572 ) ) ;
#1882 = VECTOR ( 'NONE', #6701, 39.37007874015748143 ) ;
#1883 = LINE ( 'NONE', #1776, #200 ) ;
#1884 = DIRECTION ( 'NONE',  ( 1.685446266610458883E-16, 8.326672684688672821E-17, -1.000000000000000000 ) ) ;
#1885 = ORIENTED_EDGE ( 'NONE', *, *, #297, .F. ) ;
#1886 = CARTESIAN_POINT ( 'NONE',  ( -0.3881220737132595744, 0.1522361145957812911, 0.1771653543317075752 ) ) ;
#1887 = AXIS2_PLACEMENT_3D ( 'NONE', #1808, #2409, #4112 ) ;
#1888 = ORIENTED_EDGE ( 'NONE', *, *, #3638, .F. ) ;
#1889 = ORIENTED_EDGE ( 'NONE', *, *, #2533, .F. ) ;
#1890 = CARTESIAN_POINT ( 'NONE',  ( -0.002295302059716208473, 0.05971642955560322458, 0.5610236220482428537 ) ) ;
#1891 = DIRECTION ( 'NONE',  ( 0.000000000000000000, 1.000000000000000000, 0.000000000000000000 ) ) ;
#1892 = AXIS2_PLACEMENT_3D ( 'NONE', #4868, #6698, #1928 ) ;
#1893 = FACE_OUTER_BOUND ( 'NONE', #848, .T. ) ;
#1894 = DIRECTION ( 'NONE',  ( -1.000000000000000000, 0.000000000000000000, 0.000000000000000000 ) ) ;
#1895 = CARTESIAN_POINT ( 'NONE',  ( -0.4156811288313699282, -0.2887087672939823713, 0.07480314960729816942 ) ) ;
#1896 = DIRECTION ( 'NONE',  ( 3.257335536525097795E-16, -0.9284766908852597478, -0.3713906763541026113 ) ) ;
#1897 = ORIENTED_EDGE ( 'NONE', *, *, #4018, .F. ) ;
#1898 = VECTOR ( 'NONE', #4114, 39.37007874015748143 ) ;
#1899 = ADVANCED_FACE ( 'NONE', ( #6111 ), #7439, .T. ) ;
#1900 = AXIS2_PLACEMENT_3D ( 'NONE', #2844, #3402, #6915 ) ;
#1901 = CARTESIAN_POINT ( 'NONE',  ( -0.4196181367053855027, -0.2768977436719350926, 0.07086614173328242838 ) ) ;
#1902 = CARTESIAN_POINT ( 'NONE',  ( -0.4196181367053853917, 0.1994802090839702946, 0.1023622047254082318 ) ) ;
#1903 = EDGE_CURVE ( 'NONE', #4941, #2258, #1518, .T. ) ;
#1904 = CARTESIAN_POINT ( 'NONE',  ( 0.1866810758930398662, -0.2060316019396517262, -0.01181102362104828607 ) ) ;
#1905 = CYLINDRICAL_SURFACE ( 'NONE', #4637, 0.003937007874015724558 ) ;
#1906 = VECTOR ( 'NONE', #1564, 39.37007874015748143 ) ;
#1907 = FACE_OUTER_BOUND ( 'NONE', #6902, .T. ) ;
#1908 = VECTOR ( 'NONE', #571, 39.37007874015748143 ) ;
#1909 = CARTESIAN_POINT ( 'NONE',  ( 0.1433739892788665204, 0.2939683980603483571, 0.08267716535532959599 ) ) ;
#1910 = ORIENTED_EDGE ( 'NONE', *, *, #1716, .F. ) ;
#1911 = ORIENTED_EDGE ( 'NONE', *, *, #5405, .F. ) ;
#1912 = EDGE_CURVE ( 'NONE', #5609, #900, #6712, .T. ) ;
#1913 = EDGE_CURVE ( 'NONE', #6521, #1957, #1622, .T. ) ;
#1914 = AXIS2_PLACEMENT_3D ( 'NONE', #505, #389, #5670 ) ;
#1915 = AXIS2_PLACEMENT_3D ( 'NONE', #6068, #2111, #3165 ) ;
#1916 = DIRECTION ( 'NONE',  ( 1.000000000000000000, 0.000000000000000000, 0.000000000000000000 ) ) ;
#1917 = EDGE_CURVE ( 'NONE', #2913, #3316, #3856, .T. ) ;
#1918 = FACE_OUTER_BOUND ( 'NONE', #2673, .T. ) ;
#1919 = DIRECTION ( 'NONE',  ( 1.000000000000000000, 0.000000000000000000, 0.000000000000000000 ) ) ;
#1920 = CARTESIAN_POINT ( 'NONE',  ( -0.2995393965479052345, 0.1758581618398758484, 0.01968503937107769428 ) ) ;
#1921 = VECTOR ( 'NONE', #3515, 39.37007874015748143 ) ;
#1922 = VERTEX_POINT ( 'NONE', #949 ) ;
#1923 = CYLINDRICAL_SURFACE ( 'NONE', #7349, 0.007874015748031449116 ) ;
#1924 = ORIENTED_EDGE ( 'NONE', *, *, #3047, .F. ) ;
#1925 = CARTESIAN_POINT ( 'NONE',  ( -0.2522953020597160645, 0.2565668232571987617, -0.2283464566919144179 ) ) ;
#1926 = DIRECTION ( 'NONE',  ( -1.000000000000000000, -2.834079232620525851E-16, -1.685446266610459130E-16 ) ) ;
#1927 = ADVANCED_FACE ( 'NONE', ( #3248 ), #368, .F. ) ;
#1928 = DIRECTION ( 'NONE',  ( -1.000000000000000000, 0.000000000000000000, 0.000000000000000000 ) ) ;
#1929 = DIRECTION ( 'NONE',  ( 1.685446266610458883E-16, 8.326672684688672821E-17, -1.000000000000000000 ) ) ;
#1930 = ORIENTED_EDGE ( 'NONE', *, *, #5099, .T. ) ;
#1931 = ORIENTED_EDGE ( 'NONE', *, *, #2797, .F. ) ;
#1932 = ORIENTED_EDGE ( 'NONE', *, *, #6771, .F. ) ;
#1933 = CARTESIAN_POINT ( 'NONE',  ( 0.000000000000000000, -0.2335906570577619412, -0.2283464566919144179 ) ) ;
#1934 = CARTESIAN_POINT ( 'NONE',  ( -0.3881220737132595744, 0.1758581618398758484, 0.1771653543317075752 ) ) ;
#1935 = EDGE_CURVE ( 'NONE', #2009, #6909, #1558, .T. ) ;
#1936 = CARTESIAN_POINT ( 'NONE',  ( -0.2798543571772349470, 0.1994802090839704611, 0.06397767784406138691 ) ) ;
#1937 = LINE ( 'NONE', #7170, #4685 ) ;
#1938 = CARTESIAN_POINT ( 'NONE',  ( -0.4196181367053853917, -0.2887087672939827043, 0.1929133858277704838 ) ) ;
#1939 = CARTESIAN_POINT ( 'NONE',  ( 0.4229015483339844672, 0.3175904453044427478, 0.5551181102372194642 ) ) ;
#1940 = ORIENTED_EDGE ( 'NONE', *, *, #6196, .F. ) ;
#1941 = FACE_OUTER_BOUND ( 'NONE', #6481, .T. ) ;
#1942 = CARTESIAN_POINT ( 'NONE',  ( -0.2877899783315518989, -0.1784725468215414557, 0.06692913396525963787 ) ) ;
#1943 = DIRECTION ( 'NONE',  ( 1.685446266610458883E-16, 8.326672684688672821E-17, -1.000000000000000000 ) ) ;
#1944 = FACE_OUTER_BOUND ( 'NONE', #3522, .T. ) ;
#1945 = DIRECTION ( 'NONE',  ( 0.000000000000000000, 0.000000000000000000, 1.000000000000000000 ) ) ;
#1946 = FACE_OUTER_BOUND ( 'NONE', #2519, .T. ) ;
#1947 = ORIENTED_EDGE ( 'NONE', *, *, #2314, .T. ) ;
#1948 = EDGE_CURVE ( 'NONE', #1279, #2798, #1129, .T. ) ;
#1949 = ORIENTED_EDGE ( 'NONE', *, *, #6504, .F. ) ;
#1950 = CARTESIAN_POINT ( 'NONE',  ( 0.1512480050268978637, -0.1784725468215414557, 0.01968503937107770121 ) ) ;
#1951 = EDGE_CURVE ( 'NONE', #6188, #4896, #1011, .T. ) ;
#1952 = EDGE_CURVE ( 'NONE', #2395, #4023, #5983, .T. ) ;
#1953 = PLANE ( 'NONE',  #4508 ) ;
#1954 = ORIENTED_EDGE ( 'NONE', *, *, #3322, .T. ) ;
#1955 = ORIENTED_EDGE ( 'NONE', *, *, #2727, .T. ) ;
#1956 = DIRECTION ( 'NONE',  ( 2.834079232620525851E-16, -1.000000000000000000, -8.326672684688667890E-17 ) ) ;
#1957 = VERTEX_POINT ( 'NONE', #5760 ) ;
#1958 = CARTESIAN_POINT ( 'NONE',  ( -0.3093819162329446981, -0.05642530272705362920, 0.5629921259852507243 ) ) ;
#1960 = ADVANCED_FACE ( 'NONE', ( #2825 ), #6409, .T. ) ;
#1959 = VERTEX_POINT ( 'NONE', #5873 ) ;
#1961 = EDGE_LOOP ( 'NONE', ( #7447, #1232, #6839, #892 ) ) ;
#1962 = ORIENTED_EDGE ( 'NONE', *, *, #1678, .F. ) ;
#1963 = CARTESIAN_POINT ( 'NONE',  ( -0.4038701052093224830, 0.09711800435956068067, 0.4881889763789515890 ) ) ;
#1964 = CARTESIAN_POINT ( 'NONE',  ( 0.4032165089639056510, 0.2979054059343640426, -0.03149606299112701902 ) ) ;
#1965 = LINE ( 'NONE', #5925, #7307 ) ;
#1966 = PLANE ( 'NONE',  #2026 ) ;
#1967 = AXIS2_PLACEMENT_3D ( 'NONE', #293, #2188, #5067 ) ;
#1968 = DIRECTION ( 'NONE',  ( 0.000000000000000000, 0.000000000000000000, 1.000000000000000000 ) ) ;
#1969 = DIRECTION ( 'NONE',  ( 5.123469692433410489E-17, 0.3713906763541026113, -0.9284766908852597478 ) ) ;
#1970 = EDGE_CURVE ( 'NONE', #4485, #2607, #1658, .T. ) ;
#1971 = ORIENTED_EDGE ( 'NONE', *, *, #3670, .T. ) ;
#1972 = CARTESIAN_POINT ( 'NONE',  ( -0.002295302059716200667, 0.01050383113121429804, 0.5295275590561169254 ) ) ;
#1973 = AXIS2_PLACEMENT_3D ( 'NONE', #5561, #7308, #2104 ) ;
#1974 = DIRECTION ( 'NONE',  ( -1.000000000000000000, -0.000000000000000000, -0.000000000000000000 ) ) ;
#1975 = CARTESIAN_POINT ( 'NONE',  ( -0.1046575067835383843, 0.01050383113121447151, -0.04330708661343565802 ) ) ;
#1976 = DIRECTION ( 'NONE',  ( -1.000000000000000000, 0.000000000000000000, 0.000000000000000000 ) ) ;
#1977 = CARTESIAN_POINT ( 'NONE',  ( 0.1984920995150868950, 0.2545983193201908357, -0.03543307086514277393 ) ) ;
#1978 = CARTESIAN_POINT ( 'NONE',  ( -0.3487519949731019420, 0.000000000000000000, -0.01181102362104828607 ) ) ;
#1979 = EDGE_LOOP ( 'NONE', ( #2781, #1689, #789, #3497 ) ) ;
#1980 = AXIS2_PLACEMENT_3D ( 'NONE', #1216, #5309, #4655 ) ;
#1981 = VERTEX_POINT ( 'NONE', #7516 ) ;
#1982 = AXIS2_PLACEMENT_3D ( 'NONE', #1100, #4135, #1186 ) ;
#1983 = LINE ( 'NONE', #6088, #705 ) ;
#1984 = VECTOR ( 'NONE', #3793, 39.37007874015748143 ) ;
#1985 = VECTOR ( 'NONE', #2388, 39.37007874015748143 ) ;
#1986 = ORIENTED_EDGE ( 'NONE', *, *, #6859, .T. ) ;
#1987 = DIRECTION ( 'NONE',  ( -0.000000000000000000, -1.000000000000000000, -0.000000000000000000 ) ) ;
#1988 = ORIENTED_EDGE ( 'NONE', *, *, #4490, .F. ) ;
#1989 = AXIS2_PLACEMENT_3D ( 'NONE', #4605, #27, #1733 ) ;
#1990 = EDGE_CURVE ( 'NONE', #271, #5323, #2787, .T. ) ;
#1991 = ADVANCED_FACE ( 'NONE', ( #6857 ), #3967, .F. ) ;
#1992 = VECTOR ( 'NONE', #6651, 39.37007874015748143 ) ;
#1993 = FACE_OUTER_BOUND ( 'NONE', #4791, .T. ) ;
#1994 = ORIENTED_EDGE ( 'NONE', *, *, #766, .F. ) ;
#1995 = CYLINDRICAL_SURFACE ( 'NONE', #2721, 0.04921259842519682542 ) ;
#1996 = VERTEX_POINT ( 'NONE', #2304 ) ;
#1997 = ORIENTED_EDGE ( 'NONE', *, *, #3367, .T. ) ;
#1998 = VERTEX_POINT ( 'NONE', #5717 ) ;
#1999 = PLANE ( 'NONE',  #1915 ) ;
#2000 = EDGE_CURVE ( 'NONE', #1922, #2258, #2903, .T. ) ;
#2001 = VECTOR ( 'NONE', #76, 39.37007874015748143 ) ;
#2002 = ADVANCED_FACE ( 'NONE', ( #6933 ), #1735, .T. ) ;
#2003 = CARTESIAN_POINT ( 'NONE',  ( 0.4150275325859532627, -0.2749292397349271666, -0.09055118110136325948 ) ) ;
#2004 = DIRECTION ( 'NONE',  ( -1.224646799147353207E-16, 1.000000000000000000, 0.000000000000000000 ) ) ;
#2005 = CARTESIAN_POINT ( 'NONE',  ( -0.4321046440882744810, -0.05181281109219609132, 0.5629921259852507243 ) ) ;
#2006 = VECTOR ( 'NONE', #596, 39.37007874015748854 ) ;
#2007 = DIRECTION ( 'NONE',  ( 0.000000000000000000, 0.000000000000000000, 1.000000000000000000 ) ) ;
#2008 = DIRECTION ( 'NONE',  ( -1.000000000000000000, 0.000000000000000000, 0.000000000000000000 ) ) ;
#2009 = VERTEX_POINT ( 'NONE', #3465 ) ;
#2010 = ORIENTED_EDGE ( 'NONE', *, *, #5547, .F. ) ;
#2011 = AXIS2_PLACEMENT_3D ( 'NONE', #3177, #412, #6681 ) ;
#2012 = CARTESIAN_POINT ( 'NONE',  ( 0.4032165089639056510, 0.3057794216823955802, -0.03543307086514277393 ) ) ;
#2013 = DIRECTION ( 'NONE',  ( 0.000000000000000000, 0.000000000000000000, -1.000000000000000000 ) ) ;
#2014 = CARTESIAN_POINT ( 'NONE',  ( 0.2772322569954019378, 0.01050383113121446804, -0.03543307086514277393 ) ) ;
#2015 = CARTESIAN_POINT ( 'NONE',  ( -0.006232309933731926092, 0.01050383113121446804, -0.03543307086514277393 ) ) ;
#2016 = DIRECTION ( 'NONE',  ( 0.000000000000000000, 0.000000000000000000, 1.000000000000000000 ) ) ;
#2017 = VECTOR ( 'NONE', #7152, 39.37007874015748143 ) ;
#2018 = EDGE_LOOP ( 'NONE', ( #7402, #5451 ) ) ;
#2019 = ORIENTED_EDGE ( 'NONE', *, *, #6678, .T. ) ;
#2020 = VECTOR ( 'NONE', #6221, 39.37007874015748143 ) ;
#2021 = VECTOR ( 'NONE', #1224, 39.37007874015748143 ) ;
#2022 = CARTESIAN_POINT ( 'NONE',  ( 0.000000000000000000, -0.2178426255616989493, -0.2283464566919144179 ) ) ;
#2023 = LINE ( 'NONE', #4860, #4323 ) ;
#2024 = CARTESIAN_POINT ( 'NONE',  ( 0.4072612336702005065, -0.2840030108141569642, -0.03543307086514277393 ) ) ;
#2025 = EDGE_LOOP ( 'NONE', ( #3892, #6575, #2531, #358 ) ) ;
#2026 = AXIS2_PLACEMENT_3D ( 'NONE', #4278, #6600, #5926 ) ;
#2027 = ORIENTED_EDGE ( 'NONE', *, *, #4420, .T. ) ;
#2028 = CARTESIAN_POINT ( 'NONE',  ( -0.2896968768628658264, -0.1548504995774468984, 0.06692913385926665959 ) ) ;
#2029 = AXIS2_PLACEMENT_3D ( 'NONE', #2003, #4313, #398 ) ;
#2030 = VECTOR ( 'NONE', #6445, 39.37007874015748143 ) ;
#2031 = LINE ( 'NONE', #2606, #395 ) ;
#2032 = EDGE_CURVE ( 'NONE', #6967, #5061, #2225, .T. ) ;
#2033 = ORIENTED_EDGE ( 'NONE', *, *, #4219, .F. ) ;
#2034 = SURFACE_STYLE_FILL_AREA ( #4910 ) ;
#2035 = ORIENTED_EDGE ( 'NONE', *, *, #120, .F. ) ;
#2036 = ORIENTED_EDGE ( 'NONE', *, *, #7097, .T. ) ;
#2037 = CIRCLE ( 'NONE', #7130, 0.03149606299271322934 ) ;
#2038 = ORIENTED_EDGE ( 'NONE', *, *, #2461, .T. ) ;
#2039 = EDGE_CURVE ( 'NONE', #3707, #552, #2190, .T. ) ;
#2040 = DIRECTION ( 'NONE',  ( -1.000000000000000000, 0.000000000000000000, 0.000000000000000000 ) ) ;
#2041 = CARTESIAN_POINT ( 'NONE',  ( -0.2522953020597160645, -0.2158741216246910510, -0.2283464566919144179 ) ) ;
#2042 = LINE ( 'NONE', #3246, #4625 ) ;
#2043 = AXIS2_PLACEMENT_3D ( 'NONE', #6003, #5429, #441 ) ;
#2044 = DIRECTION ( 'NONE',  ( 2.818925648474616279E-16, -1.000000000000000000, 0.000000000000000000 ) ) ;
#2045 = EDGE_CURVE ( 'NONE', #1431, #6750, #1383, .T. ) ;
#2046 = CARTESIAN_POINT ( 'NONE',  ( -0.2345787666266453686, 0.2939683980603482460, 0.4251968503946996769 ) ) ;
#2047 = ADVANCED_FACE ( 'NONE', ( #3966 ), #53, .T. ) ;
#2048 = LINE ( 'NONE', #6713, #6241 ) ;
#2049 = ORIENTED_EDGE ( 'NONE', *, *, #5910, .T. ) ;
#2050 = ORIENTED_EDGE ( 'NONE', *, *, #6812, .F. ) ;
#2051 = CYLINDRICAL_SURFACE ( 'NONE', #3728, 0.01968503937007875723 ) ;
#2052 = DIRECTION ( 'NONE',  ( 0.000000000000000000, 0.000000000000000000, 1.000000000000000000 ) ) ;
#2053 = CARTESIAN_POINT ( 'NONE',  ( 0.07644485542059877015, 0.3018424138083798947, -0.04724409448718958765 ) ) ;
#2054 = FACE_OUTER_BOUND ( 'NONE', #7423, .T. ) ;
#2055 = VERTEX_POINT ( 'NONE', #6900 ) ;
#2056 = ORIENTED_EDGE ( 'NONE', *, *, #4361, .F. ) ;
#2057 = CARTESIAN_POINT ( 'NONE',  ( -0.4196181367053855027, -0.2887087672939823713, 0.1771653543317075752 ) ) ;
#2058 = ORIENTED_EDGE ( 'NONE', *, *, #3809, .T. ) ;
#2059 = CARTESIAN_POINT ( 'NONE',  ( 0.4072467816828893028, -0.2839885588268469818, 0.07480314960729819718 ) ) ;
#2060 = DIRECTION ( 'NONE',  ( 1.000000000000000000, 1.927470528863118802E-16, 0.000000000000000000 ) ) ;
#2061 = LINE ( 'NONE', #7083, #1619 ) ;
#2062 = ORIENTED_EDGE ( 'NONE', *, *, #529, .T. ) ;
#2063 = EDGE_CURVE ( 'NONE', #394, #7066, #4528, .T. ) ;
#2064 = ORIENTED_EDGE ( 'NONE', *, *, #1398, .F. ) ;
#2065 = CARTESIAN_POINT ( 'NONE',  ( -0.2995393965479053455, -0.1548504995774469817, 0.06398836166409802018 ) ) ;
#2066 = PLANE ( 'NONE',  #6020 ) ;
#2067 = CYLINDRICAL_SURFACE ( 'NONE', #1366, 0.03740157480314958843 ) ;
#2068 = ORIENTED_EDGE ( 'NONE', *, *, #2421, .T. ) ;
#2069 = LENGTH_MEASURE_WITH_UNIT ( LENGTH_MEASURE( 0.02539999999999999897 ), #5060 );
#2070 = ORIENTED_EDGE ( 'NONE', *, *, #4356, .T. ) ;
#2071 = EDGE_LOOP ( 'NONE', ( #6714, #5485, #1065, #4466 ) ) ;
#2072 = VERTEX_POINT ( 'NONE', #518 ) ;
#2073 = DIRECTION ( 'NONE',  ( -2.249460414123439847E-16, 1.000000000000000000, 8.326672684688669123E-17 ) ) ;
#2074 = CARTESIAN_POINT ( 'NONE',  ( -0.2522953020597160645, 0.000000000000000000, -0.2283464566919144179 ) ) ;
#2075 = B_SPLINE_CURVE_WITH_KNOTS ( 'NONE', 3,
 ( #3218, #4364, #5036, #1630, #3287, #2658 ),
 .UNSPECIFIED., .F., .F.,
 ( 4, 2, 4 ),
 ( 0.000000000000000000, 0.5000000000000000000, 1.000000000000000000 ),
 .UNSPECIFIED. ) ;
#2076 = DIRECTION ( 'NONE',  ( -1.000000000000000000, -2.834079232620525851E-16, -1.685446266610459130E-16 ) ) ;
#2077 = EDGE_CURVE ( 'NONE', #2419, #3846, #5716, .T. ) ;
#2078 = DIRECTION ( 'NONE',  ( -1.000000000000000000, -2.891205793294675861E-16, 0.000000000000000000 ) ) ;
#2079 = CARTESIAN_POINT ( 'NONE',  ( -0.2995393965479052345, -0.1548504995774468984, 0.06299212598525093243 ) ) ;
#2080 = LINE ( 'NONE', #5070, #420 ) ;
#2081 = ORIENTED_EDGE ( 'NONE', *, *, #2179, .F. ) ;
#2082 = ORIENTED_EDGE ( 'NONE', *, *, #6469, .F. ) ;
#2083 = CARTESIAN_POINT ( 'NONE',  ( 0.4150275325859530962, -0.2887087672939821492, 0.07086614173328242838 ) ) ;
#2084 = EDGE_CURVE ( 'NONE', #4022, #5154, #5622, .T. ) ;
#2085 = ADVANCED_FACE ( 'NONE', ( #6855 ), #3427, .F. ) ;
#2086 = CARTESIAN_POINT ( 'NONE',  ( 0.1630590286489452811, -0.1568190035144548522, -0.05905511810923725485 ) ) ;
#2087 = LINE ( 'NONE', #6755, #400 ) ;
#2088 = EDGE_CURVE ( 'NONE', #6058, #2481, #3352, .T. ) ;
#2089 = LINE ( 'NONE', #6718, #5999 ) ;
#2090 = ORIENTED_EDGE ( 'NONE', *, *, #746, .F. ) ;
#2091 = VERTEX_POINT ( 'NONE', #3924 ) ;
#2092 = CIRCLE ( 'NONE', #3404, 0.01181102362204724046 ) ;
#2093 = EDGE_CURVE ( 'NONE', #15, #360, #2786, .T. ) ;
#2094 = CARTESIAN_POINT ( 'NONE',  ( -0.2621378217447554171, 0.2467243035721593536, -0.01968503936907978202 ) ) ;
#2095 = FACE_OUTER_BOUND ( 'NONE', #4139, .T. ) ;
#2096 = EDGE_CURVE ( 'NONE', #2804, #3636, #6251, .T. ) ;
#2097 = CIRCLE ( 'NONE', #3410, 0.03937007874100611343 ) ;
#2098 = CIRCLE ( 'NONE', #7068, 0.007874015748031516770 ) ;
#2099 = DIRECTION ( 'NONE',  ( 1.000000000000000000, 0.000000000000000000, 0.000000000000000000 ) ) ;
#2100 = ORIENTED_EDGE ( 'NONE', *, *, #1504, .F. ) ;
#2101 = EDGE_LOOP ( 'NONE', ( #2161, #6943, #771, #4147 ) ) ;
#2102 = AXIS2_PLACEMENT_3D ( 'NONE', #5725, #112, #7485 ) ;
#2103 = AXIS2_PLACEMENT_3D ( 'NONE', #5809, #74, #1744 ) ;
#2104 = DIRECTION ( 'NONE',  ( 0.000000000000000000, 0.000000000000000000, 1.000000000000000000 ) ) ;
#2105 = AXIS2_PLACEMENT_3D ( 'NONE', #4569, #6291, #2266 ) ;
#2106 = VERTEX_POINT ( 'NONE', #7472 ) ;
#2107 = LINE ( 'NONE', #6064, #1882 ) ;
#2108 = ORIENTED_EDGE ( 'NONE', *, *, #7348, .F. ) ;
#2109 = ORIENTED_EDGE ( 'NONE', *, *, #4458, .F. ) ;
#2110 = ORIENTED_EDGE ( 'NONE', *, *, #2275, .T. ) ;
#2111 = DIRECTION ( 'NONE',  ( -1.000000000000000000, 0.000000000000000000, 0.000000000000000000 ) ) ;
#2112 = CARTESIAN_POINT ( 'NONE',  ( 0.2378621782552445552, 0.2545983193201908357, -0.02362204724309518653 ) ) ;
#2113 = AXIS2_PLACEMENT_3D ( 'NONE', #917, #1064, #5110 ) ;
#2114 = CARTESIAN_POINT ( 'NONE',  ( 0.07644485542059877015, 0.3097164295564113767, -0.07086614173128448491 ) ) ;
#2115 = FACE_OUTER_BOUND ( 'NONE', #3304, .T. ) ;
#2116 = DIRECTION ( 'NONE',  ( 1.000000000000000000, -3.246038017359701929E-31, 3.701697761654499067E-15 ) ) ;
#2117 = DIRECTION ( 'NONE',  ( -0.000000000000000000, -0.000000000000000000, -1.000000000000000000 ) ) ;
#2118 = AXIS2_PLACEMENT_3D ( 'NONE', #113, #6036, #5422 ) ;
#2119 = EDGE_LOOP ( 'NONE', ( #3450, #1840, #5750, #4199 ) ) ;
#2120 = VERTEX_POINT ( 'NONE', #5683 ) ;
#2121 = DIRECTION ( 'NONE',  ( 0.000000000000000000, 0.000000000000000000, 1.000000000000000000 ) ) ;
#2122 = VECTOR ( 'NONE', #2571, 39.37007874015748143 ) ;
#2123 = CARTESIAN_POINT ( 'NONE',  ( -0.4196181367053853917, 0.1994802090839702946, 0.1023622047254082318 ) ) ;
#2124 = DIRECTION ( 'NONE',  ( 7.027401784486470471E-17, 0.3162277660168337223, -0.9486832980505152113 ) ) ;
#2125 = CARTESIAN_POINT ( 'NONE',  ( 0.1984920995150868950, 0.2388502878241278438, -0.03543307086514277393 ) ) ;
#2126 = ADVANCED_FACE ( 'NONE', ( #2902 ), #1506, .T. ) ;
#2127 = ORIENTED_EDGE ( 'NONE', *, *, #3235, .T. ) ;
#2128 = EDGE_LOOP ( 'NONE', ( #1930, #3989, #1954, #3336 ) ) ;
#2129 = VECTOR ( 'NONE', #3143, 39.37007874015748143 ) ;
#2130 = LINE ( 'NONE', #2799, #4215 ) ;
#2131 = CARTESIAN_POINT ( 'NONE',  ( -0.05150790048491302869, 0.01050383113121428243, 0.5629921259852508353 ) ) ;
#2132 = FACE_OUTER_BOUND ( 'NONE', #1043, .T. ) ;
#2133 = VECTOR ( 'NONE', #3217, 39.37007874015748143 ) ;
#2134 = DIRECTION ( 'NONE',  ( -1.000000000000000000, -2.834079232620525851E-16, -1.685446266610459130E-16 ) ) ;
#2135 = EDGE_CURVE ( 'NONE', #7204, #1792, #5186, .T. ) ;
#2136 = EDGE_LOOP ( 'NONE', ( #7351, #7334, #4534, #3459 ) ) ;
#2137 = EDGE_CURVE ( 'NONE', #5323, #177, #4084, .T. ) ;
#2138 = ORIENTED_EDGE ( 'NONE', *, *, #620, .F. ) ;
#2139 = CIRCLE ( 'NONE', #5777, 0.003937007874015724558 ) ;
#2140 = ADVANCED_FACE ( 'NONE', ( #7515 ), #6351, .T. ) ;
#2141 =( LENGTH_UNIT ( ) NAMED_UNIT ( * ) SI_UNIT ( $, .METRE. ) );
#2142 = VECTOR ( 'NONE', #5083, 39.37007874015748143 ) ;
#2143 = CARTESIAN_POINT ( 'NONE',  ( -0.002295302059716186789, -0.03870876729376773739, 0.5610236220487371250 ) ) ;
#2144 = VECTOR ( 'NONE', #5379, 39.37007874015748143 ) ;
#2145 = AXIS2_PLACEMENT_3D ( 'NONE', #366, #4921, #3771 ) ;
#2146 = VERTEX_POINT ( 'NONE', #6368 ) ;
#2147 = CARTESIAN_POINT ( 'NONE',  ( -0.4078071130833383906, -0.2847717594199665747, 0.07480314960729816942 ) ) ;
#2148 = EDGE_LOOP ( 'NONE', ( #96, #1471, #5321, #7151 ) ) ;
#2149 = EDGE_LOOP ( 'NONE', ( #2880, #1593 ) ) ;
#2150 = ORIENTED_EDGE ( 'NONE', *, *, #5993, .T. ) ;
#2151 = ADVANCED_FACE ( 'NONE', ( #2303 ), #4043, .T. ) ;
#2152 = CARTESIAN_POINT ( 'NONE',  ( -0.4196181367053856692, 0.3057794216823956357, -0.03149606299112701902 ) ) ;
#2153 = CARTESIAN_POINT ( 'NONE',  ( -0.4196181367053856692, 0.1778266657768837744, -0.03543307086514277393 ) ) ;
#2154 = AXIS2_PLACEMENT_3D ( 'NONE', #5601, #2712, #5027 ) ;
#2155 = VECTOR ( 'NONE', #2186, 39.37007874015748143 ) ;
#2156 = DIRECTION ( 'NONE',  ( 1.000000000000000000, 2.834079232620525851E-16, 1.685446266610459130E-16 ) ) ;
#2157 = DIRECTION ( 'NONE',  ( 1.000000000000000000, 2.834079232620525851E-16, 1.685446266610459130E-16 ) ) ;
#2158 = DIRECTION ( 'NONE',  ( 1.000000000000000000, 2.834079232620525851E-16, 1.685446266610459130E-16 ) ) ;
#2159 = TOROIDAL_SURFACE ( 'NONE', #829, 0.04724409448818896184, 0.01181102362204724046 ) ;
#2160 = ORIENTED_EDGE ( 'NONE', *, *, #5899, .T. ) ;
#2161 = ORIENTED_EDGE ( 'NONE', *, *, #2096, .T. ) ;
#2162 = ADVANCED_FACE ( 'NONE', ( #1843 ), #5257, .F. ) ;
#2163 = DIRECTION ( 'NONE',  ( -1.000000000000000000, -2.834079232620525851E-16, -1.685446266610459130E-16 ) ) ;
#2164 = CARTESIAN_POINT ( 'NONE',  ( 0.4032165089639058175, -0.2847717594199665747, -0.03149606299112701902 ) ) ;
#2165 =( GEOMETRIC_REPRESENTATION_CONTEXT ( 3 ) GLOBAL_UNCERTAINTY_ASSIGNED_CONTEXT ( ( #3912 ) ) GLOBAL_UNIT_ASSIGNED_CONTEXT ( ( #1731, #1046, #5681 ) ) REPRESENTATION_CONTEXT ( 'NONE', 'WORKASPACE' ) );
#2166 = CARTESIAN_POINT ( 'NONE',  ( -0.3290669556030233478, -0.06823632634910049843, -0.05905511810923725485 ) ) ;
#2167 = DIRECTION ( 'NONE',  ( -0.000000000000000000, -0.000000000000000000, -1.000000000000000000 ) ) ;
#2168 = ORIENTED_EDGE ( 'NONE', *, *, #3005, .F. ) ;
#2169 = ORIENTED_EDGE ( 'NONE', *, *, #2137, .T. ) ;
#2170 = DIRECTION ( 'NONE',  ( -0.000000000000000000, -0.000000000000000000, -1.000000000000000000 ) ) ;
#2171 = CARTESIAN_POINT ( 'NONE',  ( -0.4196181367053856692, -0.1548504995774468984, 0.1771653543317075752 ) ) ;
#2172 = DIRECTION ( 'NONE',  ( -1.000000000000000000, -2.282530889443167515E-16, 0.000000000000000000 ) ) ;
#2173 = PLANE ( 'NONE',  #3915 ) ;
#2174 = VERTEX_POINT ( 'NONE', #1238 ) ;
#2175 = ORIENTED_EDGE ( 'NONE', *, *, #1299, .T. ) ;
#2176 = CARTESIAN_POINT ( 'NONE',  ( 0.1433739892788664927, -0.1765040428845335574, -0.05905511810923725485 ) ) ;
#2177 = CARTESIAN_POINT ( 'NONE',  ( 0.04691729636548062909, 0.01050383113121430498, 0.5629921259852508353 ) ) ;
#2178 = EDGE_CURVE ( 'NONE', #2572, #6510, #6831, .T. ) ;
#2179 = EDGE_CURVE ( 'NONE', #6188, #4674, #5335, .T. ) ;
#2180 = LINE ( 'NONE', #1111, #4388 ) ;
#2181 = EDGE_CURVE ( 'NONE', #6310, #5146, #2945, .T. ) ;
#2182 = ORIENTED_EDGE ( 'NONE', *, *, #7258, .T. ) ;
#2183 = ORIENTED_EDGE ( 'NONE', *, *, #841, .F. ) ;
#2184 = VERTEX_POINT ( 'NONE', #5296 ) ;
#2185 = ORIENTED_EDGE ( 'NONE', *, *, #181, .F. ) ;
#2186 = DIRECTION ( 'NONE',  ( -1.000000000000000000, -0.000000000000000000, -0.000000000000000000 ) ) ;
#2187 = LINE ( 'NONE', #5640, #699 ) ;
#2188 = DIRECTION ( 'NONE',  ( 0.000000000000000000, 1.000000000000000000, 0.000000000000000000 ) ) ;
#2189 = ADVANCED_FACE ( 'NONE', ( #1497 ), #4887, .F. ) ;
#2190 = LINE ( 'NONE', #1657, #1866 ) ;
#2191 = LINE ( 'NONE', #1591, #45 ) ;
#2192 = FACE_OUTER_BOUND ( 'NONE', #6830, .T. ) ;
#2193 = ORIENTED_EDGE ( 'NONE', *, *, #5521, .T. ) ;
#2194 = ORIENTED_EDGE ( 'NONE', *, *, #6503, .T. ) ;
#2195 = CYLINDRICAL_SURFACE ( 'NONE', #3964, 0.007874015748031449116 ) ;
#2196 = DIRECTION ( 'NONE',  ( 1.000000000000000000, 0.000000000000000000, 0.000000000000000000 ) ) ;
#2197 = DIRECTION ( 'NONE',  ( 2.834079232620525851E-16, -1.000000000000000000, -8.326672684688667890E-17 ) ) ;
#2198 = EDGE_CURVE ( 'NONE', #4516, #7038, #6231, .T. ) ;
#2199 = DIRECTION ( 'NONE',  ( -1.685446266610458883E-16, -8.326672684688672821E-17, 1.000000000000000000 ) ) ;
#2200 = CARTESIAN_POINT ( 'NONE',  ( -0.4038701052093225941, 0.1994802090839704611, 0.01968503937107765958 ) ) ;
#2201 = ORIENTED_EDGE ( 'NONE', *, *, #4336, .T. ) ;
#2202 = ORIENTED_EDGE ( 'NONE', *, *, #4500, .T. ) ;
#2203 = CARTESIAN_POINT ( 'NONE',  ( 0.4032165089639056510, 0.3097164295564113212, -0.01181102362104828607 ) ) ;
#2204 = LINE ( 'NONE', #6836, #3778 ) ;
#2205 = DIRECTION ( 'NONE',  ( 0.000000000000000000, 0.000000000000000000, 1.000000000000000000 ) ) ;
#2206 = DIRECTION ( 'NONE',  ( 1.020425574104003999E-16, 1.000000000000000000, 0.000000000000000000 ) ) ;
#2207 = ORIENTED_EDGE ( 'NONE', *, *, #3274, .F. ) ;
#2208 = VECTOR ( 'NONE', #7042, 39.37007874015748143 ) ;
#2209 = ORIENTED_EDGE ( 'NONE', *, *, #4529, .T. ) ;
#2210 = PLANE ( 'NONE',  #3337 ) ;
#2211 = PLANE ( 'NONE',  #3837 ) ;
#2212 = AXIS2_PLACEMENT_3D ( 'NONE', #7388, #3379, #7420 ) ;
#2213 = CARTESIAN_POINT ( 'NONE',  ( 0.1984920995150870338, -0.2335906570577618857, -0.02362204724309532183 ) ) ;
#2214 = DIRECTION ( 'NONE',  ( -0.000000000000000000, -0.000000000000000000, -1.000000000000000000 ) ) ;
#2215 = ADVANCED_FACE ( 'NONE', ( #1460 ), #1320, .T. ) ;
#2216 = ORIENTED_EDGE ( 'NONE', *, *, #4117, .F. ) ;
#2217 = VECTOR ( 'NONE', #3136, 39.37007874015748143 ) ;
#2218 = VECTOR ( 'NONE', #1604, 39.37007874015748143 ) ;
#2219 = B_SPLINE_CURVE_WITH_KNOTS ( 'NONE', 3,
 ( #440, #600, #7429, #2261, #6898, #2222, #5097, #3310 ),
 .UNSPECIFIED., .F., .F.,
 ( 4, 2, 2, 4 ),
 ( 0.0002985319265885623798, 0.0004487190023161088232, 0.0005238125401798820720, 0.0005989060780436552666 ),
 .UNSPECIFIED. ) ;
#2220 = ORIENTED_EDGE ( 'NONE', *, *, #932, .F. ) ;
#2221 = CARTESIAN_POINT ( 'NONE',  ( -0.1912716800124721617, -0.1568190035144548800, -0.05905511810923725485 ) ) ;
#2222 = CARTESIAN_POINT ( 'NONE',  ( -0.2804266136684970268, -0.1548504995774469539, 0.06488932567159788611 ) ) ;
#2223 = EDGE_CURVE ( 'NONE', #6017, #477, #64, .T. ) ;
#2224 = VECTOR ( 'NONE', #2633, 39.37007874015748143 ) ;
#2225 = LINE ( 'NONE', #7398, #283 ) ;
#2226 = FACE_OUTER_BOUND ( 'NONE', #1144, .T. ) ;
#2227 = EDGE_CURVE ( 'NONE', #5728, #4516, #6130, .T. ) ;
#2228 = EDGE_LOOP ( 'NONE', ( #1422, #77, #5313, #1614, #475 ) ) ;
#2229 = ORIENTED_EDGE ( 'NONE', *, *, #5142, .T. ) ;
#2230 = DIRECTION ( 'NONE',  ( 0.000000000000000000, -0.000000000000000000, 1.000000000000000000 ) ) ;
#2231 = VECTOR ( 'NONE', #4505, 39.37007874015748143 ) ;
#2232 = EDGE_CURVE ( 'NONE', #3380, #6255, #713, .T. ) ;
#2233 = CARTESIAN_POINT ( 'NONE',  ( -0.2995393965479052345, 0.1994802090839704611, 0.06299212598525093243 ) ) ;
#2234 = DIRECTION ( 'NONE',  ( 0.000000000000000000, 0.000000000000000000, -1.000000000000000000 ) ) ;
#2235 = CIRCLE ( 'NONE', #7338, 0.007874015748031516770 ) ;
#2236 = DIRECTION ( 'NONE',  ( -0.000000000000000000, 0.000000000000000000, 1.000000000000000000 ) ) ;
#2237 = DIRECTION ( 'NONE',  ( -1.000000000000000000, -1.983724587533855523E-16, -1.685446266610459130E-16 ) ) ;
#2238 = ORIENTED_EDGE ( 'NONE', *, *, #4132, .F. ) ;
#2239 = ORIENTED_EDGE ( 'NONE', *, *, #3618, .T. ) ;
#2240 = AXIS2_PLACEMENT_3D ( 'NONE', #522, #636, #1165 ) ;
#2241 = FACE_OUTER_BOUND ( 'NONE', #4731, .T. ) ;
#2242 = CARTESIAN_POINT ( 'NONE',  ( 0.1984920995150870338, -0.2178426255616989216, -0.02362204724309532183 ) ) ;
#2243 = CARTESIAN_POINT ( 'NONE',  ( -0.4353661682014482448, -0.2040630980026439667, -0.09055118110136337051 ) ) ;
#2244 = DIRECTION ( 'NONE',  ( 2.834079232620525851E-16, -1.000000000000000000, -8.326672684688667890E-17 ) ) ;
#2245 = CARTESIAN_POINT ( 'NONE',  ( -0.4156811288313699282, 0.2979054059343640426, -0.03543307086514277393 ) ) ;
#2246 = VECTOR ( 'NONE', #2373, 39.37007874015748143 ) ;
#2247 = ORIENTED_EDGE ( 'NONE', *, *, #230, .T. ) ;
#2248 = ORIENTED_EDGE ( 'NONE', *, *, #6457, .T. ) ;
#2249 = ORIENTED_EDGE ( 'NONE', *, *, #1636, .T. ) ;
#2250 = EDGE_CURVE ( 'NONE', #726, #3316, #408, .T. ) ;
#2251 = FACE_OUTER_BOUND ( 'NONE', #4034, .T. ) ;
#2252 = AXIS2_PLACEMENT_3D ( 'NONE', #4717, #2378, #4684 ) ;
#2253 = CARTESIAN_POINT ( 'NONE',  ( -0.4196181367053852251, -0.2887087672939826488, -0.09055118110136325948 ) ) ;
#2254 = ORIENTED_EDGE ( 'NONE', *, *, #3092, .F. ) ;
#2255 = CARTESIAN_POINT ( 'NONE',  ( 0.4307755640820161158, 0.2171967445170415179, -0.09055118110136325948 ) ) ;
#2256 = VECTOR ( 'NONE', #2567, 39.37007874015748143 ) ;
#2257 = CIRCLE ( 'NONE', #1048, 0.01968503937007875723 ) ;
#2258 = VERTEX_POINT ( 'NONE', #5872 ) ;
#2259 = EDGE_LOOP ( 'NONE', ( #250, #7382, #5876, #1547 ) ) ;
#2260 = FACE_OUTER_BOUND ( 'NONE', #3335, .T. ) ;
#2261 = CARTESIAN_POINT ( 'NONE',  ( -0.2829142465242548421, -0.1548504995774469539, 0.06642182608666172272 ) ) ;
#2262 = VECTOR ( 'NONE', #1699, 39.37007874015748143 ) ;
#2263 = CARTESIAN_POINT ( 'NONE',  ( -0.2345787666266452298, -0.2729607357979195181, 0.4251968503946995659 ) ) ;
#2264 = ORIENTED_CLOSED_SHELL ( 'NONE', *, #2939, .F. );
#2265 = AXIS2_PLACEMENT_3D ( 'NONE', #3247, #3168, #2678 ) ;
#2266 = DIRECTION ( 'NONE',  ( 1.000000000000000000, 0.000000000000000000, 0.000000000000000000 ) ) ;
#2267 = DIRECTION ( 'NONE',  ( 1.000000000000000000, 2.834079232620525851E-16, 1.685446266610459130E-16 ) ) ;
#2268 = ORIENTED_EDGE ( 'NONE', *, *, #4481, .T. ) ;
#2269 = AXIS2_PLACEMENT_3D ( 'NONE', #903, #1439, #4986 ) ;
#2270 = EDGE_LOOP ( 'NONE', ( #6557, #300 ) ) ;
#2271 = CYLINDRICAL_SURFACE ( 'NONE', #1796, 0.003937007874015724558 ) ;
#2272 = AXIS2_PLACEMENT_3D ( 'NONE', #7407, #4503, #2234 ) ;
#2273 = LINE ( 'NONE', #6938, #2514 ) ;
#2274 = ADVANCED_FACE ( 'NONE', ( #4197 ), #6477, .T. ) ;
#2275 = EDGE_CURVE ( 'NONE', #2363, #2690, #2061, .T. ) ;
#2276 = DIRECTION ( 'NONE',  ( -2.834079232620525851E-16, 1.000000000000000000, 8.326672684688667890E-17 ) ) ;
#2277 = VECTOR ( 'NONE', #6167, 39.37007874015748143 ) ;
#2278 = AXIS2_PLACEMENT_3D ( 'NONE', #140, #1820, #1356 ) ;
#2279 = DIRECTION ( 'NONE',  ( -1.000000000000000000, 0.000000000000000000, 0.000000000000000000 ) ) ;
#2280 = LINE ( 'NONE', #4580, #4052 ) ;
#2281 = ORIENTED_EDGE ( 'NONE', *, *, #5801, .F. ) ;
#2282 = DIRECTION ( 'NONE',  ( -7.027401784486470471E-17, -0.3162277660168337223, 0.9486832980505152113 ) ) ;
#2283 = CARTESIAN_POINT ( 'NONE',  ( -0.2719803414297948807, 0.2565668232571987617, -0.2283464566919144179 ) ) ;
#2284 = DIRECTION ( 'NONE',  ( -0.000000000000000000, -1.000000000000000000, -0.000000000000000000 ) ) ;
#2285 = CARTESIAN_POINT ( 'NONE',  ( 0.2378621782552445552, -0.2335906570577618857, -0.02362204724309532183 ) ) ;
#2286 = DIRECTION ( 'NONE',  ( 0.000000000000000000, 0.000000000000000000, 1.000000000000000000 ) ) ;
#2287 = EDGE_CURVE ( 'NONE', #1959, #157, #4796, .T. ) ;
#2288 = ORIENTED_EDGE ( 'NONE', *, *, #6678, .F. ) ;
#2289 = ORIENTED_EDGE ( 'NONE', *, *, #5754, .F. ) ;
#2290 = ORIENTED_EDGE ( 'NONE', *, *, #3980, .F. ) ;
#2291 = LINE ( 'NONE', #4169, #4329 ) ;
#2292 = LINE ( 'NONE', #5704, #4210 ) ;
#2293 = CARTESIAN_POINT ( 'NONE',  ( -0.4196181367053856692, 0.3057794216823956357, 0.07480314960729816942 ) ) ;
#2294 = EDGE_CURVE ( 'NONE', #2890, #2646, #7012, .T. ) ;
#2295 = ORIENTED_EDGE ( 'NONE', *, *, #3426, .T. ) ;
#2296 = CARTESIAN_POINT ( 'NONE',  ( 0.1984920995150871170, -0.2335906570577619412, -0.2283464566919144179 ) ) ;
#2297 = EDGE_LOOP ( 'NONE', ( #4334, #2487, #5988, #3654 ) ) ;
#2298 = ORIENTED_EDGE ( 'NONE', *, *, #1207, .F. ) ;
#2299 = CARTESIAN_POINT ( 'NONE',  ( -0.3015079004849131050, 0.06955894924145068769, -0.05905511810923725485 ) ) ;
#2300 = DIRECTION ( 'NONE',  ( 1.850848880827153687E-15, -1.850848880827139882E-15, 1.000000000000000000 ) ) ;
#2301 = CARTESIAN_POINT ( 'NONE',  ( 0.4307755640820160048, 0.3175904453044427478, 0.5551181102372194642 ) ) ;
#2302 = LINE ( 'NONE', #6586, #3653 ) ;
#2303 = FACE_OUTER_BOUND ( 'NONE', #6000, .T. ) ;
#2304 = CARTESIAN_POINT ( 'NONE',  ( 0.3992795010898901875, -0.2729607357979192961, 0.07480314960729816942 ) ) ;
#2305 = DIRECTION ( 'NONE',  ( -1.000000000000000000, 0.000000000000000000, 0.000000000000000000 ) ) ;
#2306 = ORIENTED_EDGE ( 'NONE', *, *, #650, .F. ) ;
#2307 = ORIENTED_EDGE ( 'NONE', *, *, #6306, .T. ) ;
#2308 = LINE ( 'NONE', #4535, #6272 ) ;
#2309 = PLANE ( 'NONE',  #5373 ) ;
#2310 = DIRECTION ( 'NONE',  ( -0.000000000000000000, -1.000000000000000000, -0.000000000000000000 ) ) ;
#2311 = CARTESIAN_POINT ( 'NONE',  ( -0.002295302059716206305, 0.04790540593487596643, 0.5511811023616924876 ) ) ;
#2312 = VERTEX_POINT ( 'NONE', #7126 ) ;
#2313 = ORIENTED_EDGE ( 'NONE', *, *, #2614, .T. ) ;
#2314 = EDGE_CURVE ( 'NONE', #838, #6684, #5215, .T. ) ;
#2315 = EDGE_CURVE ( 'NONE', #1981, #6154, #2666, .T. ) ;
#2316 = CARTESIAN_POINT ( 'NONE',  ( -0.2818228611148343443, -0.04855128697902173773, -0.03543307086514277393 ) ) ;
#2317 = EDGE_CURVE ( 'NONE', #2690, #5830, #1030, .T. ) ;
#2318 = LINE ( 'NONE', #2955, #191 ) ;
#2319 = DIRECTION ( 'NONE',  ( 0.000000000000000000, 0.000000000000000000, -1.000000000000000000 ) ) ;
#2320 = DIRECTION ( 'NONE',  ( 1.000000000000000000, 0.000000000000000000, 0.000000000000000000 ) ) ;
#2321 = DIRECTION ( 'NONE',  ( 1.000000000000000000, 0.000000000000000000, 0.000000000000000000 ) ) ;
#2322 = ORIENTED_EDGE ( 'NONE', *, *, #387, .T. ) ;
#2323 = EDGE_LOOP ( 'NONE', ( #6480, #105, #4426, #5023 ) ) ;
#2324 = EDGE_CURVE ( 'NONE', #5635, #1487, #656, .T. ) ;
#2325 = VERTEX_POINT ( 'NONE', #3334 ) ;
#2326 = ADVANCED_FACE ( 'NONE', ( #4446 ), #4551, .F. ) ;
#2327 = DIRECTION ( 'NONE',  ( 1.000000000000000000, 0.000000000000000000, 0.000000000000000000 ) ) ;
#2328 = ADVANCED_FACE ( 'NONE', ( #1642 ), #7343, .T. ) ;
#2329 = VECTOR ( 'NONE', #6260, 39.37007874015748143 ) ;
#2330 = FACE_OUTER_BOUND ( 'NONE', #5338, .T. ) ;
#2331 = ORIENTED_EDGE ( 'NONE', *, *, #6086, .F. ) ;
#2332 = CARTESIAN_POINT ( 'NONE',  ( 0.1984920995150870338, -0.2178426255616989216, -0.03543307086514277393 ) ) ;
#2333 = ORIENTED_EDGE ( 'NONE', *, *, #3561, .T. ) ;
#2334 = VERTEX_POINT ( 'NONE', #4476 ) ;
#2335 = LINE ( 'NONE', #1771, #6385 ) ;
#2336 = VECTOR ( 'NONE', #3060, 39.37007874015748143 ) ;
#2337 = CARTESIAN_POINT ( 'NONE',  ( 0.07644485542059896444, -0.2887087672939823713, -0.03740157480215075547 ) ) ;
#2338 = EDGE_CURVE ( 'NONE', #2896, #2970, #2823, .T. ) ;
#2339 = DIRECTION ( 'NONE',  ( 0.000000000000000000, -1.000000000000000000, 0.000000000000000000 ) ) ;
#2340 = DIRECTION ( 'NONE',  ( 0.000000000000000000, 0.000000000000000000, -1.000000000000000000 ) ) ;
#2341 =( GEOMETRIC_REPRESENTATION_CONTEXT ( 3 ) GLOBAL_UNCERTAINTY_ASSIGNED_CONTEXT ( ( #2489 ) ) GLOBAL_UNIT_ASSIGNED_CONTEXT ( ( #4143, #5977, #1267 ) ) REPRESENTATION_CONTEXT ( 'NONE', 'WORKASPACE' ) );
#2342 = CARTESIAN_POINT ( 'NONE',  ( -0.4038701052093224830, 0.2939683980603482460, 0.5314960629931247960 ) ) ;
#2343 = CLOSED_SHELL ( 'NONE', ( #613, #4916, #7255, #2189, #6236, #2047, #7309, #4740, #5428, #3342, #5108, #1960, #6975, #5330, #4118, #351, #2566, #660, #5189, #6259, #4398, #421, #3281, #1852, #3702, #3783, #5000, #4029, #6346, #5433, #5285, #578, #7426, #4078, #5342, #7479, #6870, #973, #3201, #2624, #6031, #5098, #4127, #2777, #25, #3657, #4222, #7198, #7329, #4873, #1740, #6772, #1762, #4184, #6128, #414, #3934, #564, #568, #2739, #3148, #6328, #4969, #94, #4170, #3032, #2215, #4375, #188, #3854, #3551, #6087, #5168, #6400, #6546, #3885, #3467, #7141, #4389, #562, #195, #3212, #1488, #2002, #5216, #2554, #2841, #5987, #6923, #1927, #3157, #4861, #7386, #6002, #5477, #1159 ) ) ;
#2344 = FACE_BOUND ( 'NONE', #5952, .T. ) ;
#2345 = ORIENTED_EDGE ( 'NONE', *, *, #1150, .F. ) ;
#2346 = EDGE_LOOP ( 'NONE', ( #5022, #6336, #4590, #2289 ) ) ;
#2347 = DIRECTION ( 'NONE',  ( 1.000000000000000000, 9.629978375723277218E-15, 3.907172807645524160E-15 ) ) ;
#2348 = CARTESIAN_POINT ( 'NONE',  ( 0.2713267451843782707, 0.01050383113121446804, -0.01181102362104828607 ) ) ;
#2349 = VECTOR ( 'NONE', #7269, 39.37007874015748143 ) ;
#2350 = VECTOR ( 'NONE', #6081, 39.37007874015748143 ) ;
#2351 = CARTESIAN_POINT ( 'NONE',  ( -0.4274921524534168182, -0.2965827830420141309, -0.08267716535333186068 ) ) ;
#2352 = CARTESIAN_POINT ( 'NONE',  ( 0.4150275325859531517, 0.2250707602650729722, -0.09055118110136325948 ) ) ;
#2353 = CARTESIAN_POINT ( 'NONE',  ( 0.1984920995150868950, 0.2545983193201908357, -0.02362204724309518653 ) ) ;
#2354 = VERTEX_POINT ( 'NONE', #426 ) ;
#2355 = VECTOR ( 'NONE', #5836, 39.37007874015748143 ) ;
#2356 = ORIENTED_EDGE ( 'NONE', *, *, #7294, .T. ) ;
#2357 = CARTESIAN_POINT ( 'NONE',  ( -0.4196181367053856692, 0.3097164295564110992, 1.578189432169840867 ) ) ;
#2358 = AXIS2_PLACEMENT_3D ( 'NONE', #458, #7372, #4966 ) ;
#2359 = LINE ( 'NONE', #3943, #2377 ) ;
#2360 = LINE ( 'NONE', #690, #5005 ) ;
#2361 = LINE ( 'NONE', #3486, #443 ) ;
#2362 = PLANE ( 'NONE',  #6238 ) ;
#2363 = VERTEX_POINT ( 'NONE', #7302 ) ;
#2364 = EDGE_LOOP ( 'NONE', ( #3172, #3909, #5711, #7278 ) ) ;
#2365 = ORIENTED_EDGE ( 'NONE', *, *, #6229, .T. ) ;
#2366 = AXIS2_PLACEMENT_3D ( 'NONE', #3063, #6602, #2008 ) ;
#2367 = CARTESIAN_POINT ( 'NONE',  ( 0.1433739892788664927, 0.1778266657768837744, -0.05905511810923725485 ) ) ;
#2368 = EDGE_CURVE ( 'NONE', #1769, #4450, #1606, .T. ) ;
#2369 = VECTOR ( 'NONE', #6292, 39.37007874015748143 ) ;
#2370 = EDGE_CURVE ( 'NONE', #6510, #1871, #2696, .T. ) ;
#2371 = DIRECTION ( 'NONE',  ( -1.000000000000000000, 0.000000000000000000, 0.000000000000000000 ) ) ;
#2372 = ORIENTED_EDGE ( 'NONE', *, *, #5471, .T. ) ;
#2373 = DIRECTION ( 'NONE',  ( 0.000000000000000000, 0.000000000000000000, 1.000000000000000000 ) ) ;
#2374 = EDGE_CURVE ( 'NONE', #1105, #2055, #6825, .T. ) ;
#2375 = ORIENTED_EDGE ( 'NONE', *, *, #5949, .T. ) ;
#2376 = DIRECTION ( 'NONE',  ( 3.246038017363026510E-31, -1.000000000000000000, 3.701697761654554288E-15 ) ) ;
#2377 = VECTOR ( 'NONE', #6913, 39.37007874015748143 ) ;
#2378 = DIRECTION ( 'NONE',  ( 1.000000000000000000, 2.834079232620525851E-16, 1.685446266610459130E-16 ) ) ;
#2379 = DIRECTION ( 'NONE',  ( 0.000000000000000000, 1.000000000000000000, 0.000000000000000000 ) ) ;
#2380 = CARTESIAN_POINT ( 'NONE',  ( -0.3566260107211334240, 0.01050383113121422865, 0.5629921259852507243 ) ) ;
#2381 = ADVANCED_FACE ( 'NONE', ( #3870 ), #6305, .F. ) ;
#2382 = VERTEX_POINT ( 'NONE', #3263 ) ;
#2383 = ORIENTED_EDGE ( 'NONE', *, *, #5864, .T. ) ;
#2384 = DIRECTION ( 'NONE',  ( 0.000000000000000000, -1.000000000000000000, 0.000000000000000000 ) ) ;
#2385 = DIRECTION ( 'NONE',  ( 1.685446266610458883E-16, 8.326672684688672821E-17, -1.000000000000000000 ) ) ;
#2386 = VECTOR ( 'NONE', #504, 39.37007874015748854 ) ;
#2387 = VECTOR ( 'NONE', #4892, 39.37007874015748143 ) ;
#2388 = DIRECTION ( 'NONE',  ( -2.834079232620525851E-16, 1.000000000000000000, 8.326672684688667890E-17 ) ) ;
#2389 = LINE ( 'NONE', #4697, #2937 ) ;
#2390 = CARTESIAN_POINT ( 'NONE',  ( -0.3605630185951491096, 0.04199989412334039635, -0.01181102362104828607 ) ) ;
#2391 = VECTOR ( 'NONE', #5492, 39.37007874015748143 ) ;
#2392 = EDGE_CURVE ( 'NONE', #2184, #4745, #4514, .T. ) ;
#2393 = AXIS2_PLACEMENT_3D ( 'NONE', #2758, #1168, #6329 ) ;
#2394 = VERTEX_POINT ( 'NONE', #467 ) ;
#2395 = VERTEX_POINT ( 'NONE', #3946 ) ;
#2396 = CARTESIAN_POINT ( 'NONE',  ( -0.002295302059716200667, 0.01050383113121431886, 0.5295275590561169254 ) ) ;
#2397 = AXIS2_PLACEMENT_3D ( 'NONE', #5786, #6394, #1341 ) ;
#2398 = AXIS2_PLACEMENT_3D ( 'NONE', #4915, #4312, #290 ) ;
#2399 = FACE_OUTER_BOUND ( 'NONE', #5461, .T. ) ;
#2400 = DIRECTION ( 'NONE',  ( -0.5773502691896278405, 0.5773502691896278405, -0.5773502691896212902 ) ) ;
#2401 = CARTESIAN_POINT ( 'NONE',  ( -0.4156811288313698727, 0.1522361145957813744, 0.07480314960729815554 ) ) ;
#2402 = FACE_OUTER_BOUND ( 'NONE', #2897, .T. ) ;
#2403 = ORIENTED_EDGE ( 'NONE', *, *, #4219, .T. ) ;
#2404 = VECTOR ( 'NONE', #3141, 39.37007874015748143 ) ;
#2405 = ORIENTED_EDGE ( 'NONE', *, *, #4905, .F. ) ;
#2406 = PLANE ( 'NONE',  #3350 ) ;
#2407 = DIRECTION ( 'NONE',  ( -1.000000000000000000, 0.000000000000000000, 0.000000000000000000 ) ) ;
#2408 = ORIENTED_EDGE ( 'NONE', *, *, #5657, .F. ) ;
#2409 = DIRECTION ( 'NONE',  ( -1.685446266610458883E-16, -8.326672684688672821E-17, 1.000000000000000000 ) ) ;
#2410 = ORIENTED_EDGE ( 'NONE', *, *, #6269, .F. ) ;
#2411 = DIRECTION ( 'NONE',  ( -1.000000000000000000, 0.000000000000000000, 0.000000000000000000 ) ) ;
#2412 = EDGE_CURVE ( 'NONE', #847, #2395, #6957, .T. ) ;
#2413 = ADVANCED_FACE ( 'NONE', ( #5557 ), #2173, .F. ) ;
#2414 = ADVANCED_FACE ( 'NONE', ( #5699 ), #2803, .F. ) ;
#2415 = CARTESIAN_POINT ( 'NONE',  ( 0.4150275325859530962, -0.2768977436719350926, -0.01181102362104828607 ) ) ;
#2416 = CARTESIAN_POINT ( 'NONE',  ( -0.3576533390132011214, 0.01050383113121416100, 0.4881889763820631556 ) ) ;
#2417 = VERTEX_POINT ( 'NONE', #5894 ) ;
#2418 = ORIENTED_EDGE ( 'NONE', *, *, #3414, .F. ) ;
#2419 = VERTEX_POINT ( 'NONE', #6388 ) ;
#2420 = CARTESIAN_POINT ( 'NONE',  ( -0.2700118374927871767, -0.1548504995774468984, 0.1574803149616288978 ) ) ;
#2421 = EDGE_CURVE ( 'NONE', #6660, #5444, #55, .T. ) ;
#2422 = LINE ( 'NONE', #4124, #2630 ) ;
#2423 = EDGE_CURVE ( 'NONE', #1228, #3846, #1260, .T. ) ;
#2424 = DIRECTION ( 'NONE',  ( -1.000000000000000000, -2.834079232620525851E-16, -1.685446266610459130E-16 ) ) ;
#2425 = CARTESIAN_POINT ( 'NONE',  ( -0.3330039634770389778, 0.03018887050129321833, -0.01181102362104828607 ) ) ;
#2426 = CARTESIAN_POINT ( 'NONE',  ( 0.4032165089639056510, 0.3057794216823956357, 0.07480314960729816942 ) ) ;
#2427 = FACE_OUTER_BOUND ( 'NONE', #2791, .T. ) ;
#2428 = ORIENTED_EDGE ( 'NONE', *, *, #3902, .T. ) ;
#2429 = DIRECTION ( 'NONE',  ( 1.000000000000000000, 0.000000000000000000, 0.000000000000000000 ) ) ;
#2430 = CARTESIAN_POINT ( 'NONE',  ( -0.2719803414297948807, -0.2158741216246910510, -0.2283464566919144179 ) ) ;
#2431 = ADVANCED_FACE ( 'NONE', ( #5856 ), #2920, .F. ) ;
#2432 = LINE ( 'NONE', #4733, #1772 ) ;
#2433 = DIRECTION ( 'NONE',  ( 0.000000000000000000, 0.000000000000000000, -1.000000000000000000 ) ) ;
#2434 = CARTESIAN_POINT ( 'NONE',  ( -0.3734013705082555590, 0.01050383113121415406, 0.4881889763820631556 ) ) ;
#2435 = DIRECTION ( 'NONE',  ( 0.000000000000000000, 0.000000000000000000, 1.000000000000000000 ) ) ;
#2436 = VERTEX_POINT ( 'NONE', #4706 ) ;
#2437 = ORIENTED_EDGE ( 'NONE', *, *, #4686, .T. ) ;
#2438 = ORIENTED_EDGE ( 'NONE', *, *, #5570, .T. ) ;
#2439 = PLANE ( 'NONE',  #93 ) ;
#2440 = CARTESIAN_POINT ( 'NONE',  ( -0.4353661682014482448, -0.2965827830420141309, -0.08267716535333186068 ) ) ;
#2441 = DIRECTION ( 'NONE',  ( -0.5773502691896278405, 0.5773502691896278405, -0.5773502691896212902 ) ) ;
#2442 = ORIENTED_EDGE ( 'NONE', *, *, #5156, .T. ) ;
#2443 = CARTESIAN_POINT ( 'NONE',  ( -0.2798543571778265293, 0.1758581618398758484, 0.06299212598525093243 ) ) ;
#2444 = ORIENTED_EDGE ( 'NONE', *, *, #387, .F. ) ;
#2445 = FACE_OUTER_BOUND ( 'NONE', #2148, .T. ) ;
#2446 = LINE ( 'NONE', #7125, #3169 ) ;
#2447 = CARTESIAN_POINT ( 'NONE',  ( 0.4110905247119374661, -0.2790575039602905538, -0.03543307086514277393 ) ) ;
#2448 = EDGE_CURVE ( 'NONE', #5814, #7354, #3077, .T. ) ;
#2449 = ORIENTED_EDGE ( 'NONE', *, *, #4409, .F. ) ;
#2450 = DIRECTION ( 'NONE',  ( 0.000000000000000000, 0.000000000000000000, 1.000000000000000000 ) ) ;
#2451 = ORIENTED_EDGE ( 'NONE', *, *, #1970, .F. ) ;
#2452 = VECTOR ( 'NONE', #3661, 39.37007874015748143 ) ;
#2453 = ORIENTED_EDGE ( 'NONE', *, *, #1265, .F. ) ;
#2454 = EDGE_CURVE ( 'NONE', #4020, #6244, #3558, .T. ) ;
#2455 = LINE ( 'NONE', #2420, #341 ) ;
#2456 = CARTESIAN_POINT ( 'NONE',  ( -0.4038701052093225941, 0.2939683980603483016, 0.07480314960729816942 ) ) ;
#2457 = VECTOR ( 'NONE', #6263, 39.37007874015748143 ) ;
#2458 = CIRCLE ( 'NONE', #3059, 0.06299212598425206477 ) ;
#2459 = CARTESIAN_POINT ( 'NONE',  ( 0.3992795010898901875, 0.2939683980603485236, 0.07480314960729816942 ) ) ;
#2460 = DIRECTION ( 'NONE',  ( 0.000000000000000000, -1.000000000000000000, 0.000000000000000000 ) ) ;
#2461 = EDGE_CURVE ( 'NONE', #5358, #1998, #1800, .T. ) ;
#2462 = CARTESIAN_POINT ( 'NONE',  ( 0.4032165089639058175, -0.2768977436719350926, 0.07086614173328242838 ) ) ;
#2463 = EDGE_CURVE ( 'NONE', #5211, #4941, #6995, .T. ) ;
#2464 = CARTESIAN_POINT ( 'NONE',  ( 0.1984920995150868950, 0.2545983193201908357, -0.02362204724309518653 ) ) ;
#2465 = ORIENTED_EDGE ( 'NONE', *, *, #7147, .T. ) ;
#2466 = PRODUCT_DEFINITION_SHAPE ( 'NONE', 'NONE',  #5039 ) ;
#2467 = ADVANCED_FACE ( 'NONE', ( #1756 ), #6427, .T. ) ;
#2468 = VECTOR ( 'NONE', #4384, 39.37007874015748143 ) ;
#2469 = AXIS2_PLACEMENT_3D ( 'NONE', #3712, #7063, #5506 ) ;
#2470 = DIRECTION ( 'NONE',  ( 0.000000000000000000, 1.000000000000000000, 0.000000000000000000 ) ) ;
#2471 = LINE ( 'NONE', #80, #4452 ) ;
#2472 = CARTESIAN_POINT ( 'NONE',  ( 0.1433739892788664649, 0.2939683980603483571, 0.5393700787411563891 ) ) ;
#2473 = DIRECTION ( 'NONE',  ( 0.000000000000000000, 0.000000000000000000, -1.000000000000000000 ) ) ;
#2474 = CARTESIAN_POINT ( 'NONE',  ( -0.4038701052093223165, 0.2939683980603482460, 0.08267716535532952660 ) ) ;
#2475 = VECTOR ( 'NONE', #6838, 39.37007874015748143 ) ;
#2476 = CARTESIAN_POINT ( 'NONE',  ( 0.2181771388851658777, 0.000000000000000000, -0.2086614173218356572 ) ) ;
#2477 = ORIENTED_EDGE ( 'NONE', *, *, #241, .T. ) ;
#2478 = ORIENTED_EDGE ( 'NONE', *, *, #7166, .T. ) ;
#2479 = AXIS2_PLACEMENT_3D ( 'NONE', #6264, #1485, #6225 ) ;
#2480 = DIRECTION ( 'NONE',  ( -1.000000000000000000, -0.000000000000000000, -0.000000000000000000 ) ) ;
#2481 = VERTEX_POINT ( 'NONE', #1867 ) ;
#2482 = LINE ( 'NONE', #1420, #79 ) ;
#2483 = AXIS2_PLACEMENT_3D ( 'NONE', #5459, #837, #3026 ) ;
#2484 = ORIENTED_EDGE ( 'NONE', *, *, #5194, .F. ) ;
#2485 = CARTESIAN_POINT ( 'NONE',  ( -0.3881220737132595744, 0.1758581618398758484, 0.1771653543317075752 ) ) ;
#2486 = EDGE_CURVE ( 'NONE', #4415, #87, #3519, .T. ) ;
#2487 = ORIENTED_EDGE ( 'NONE', *, *, #716, .F. ) ;
#2488 = LINE ( 'NONE', #3460, #588 ) ;
#2489 = UNCERTAINTY_MEASURE_WITH_UNIT (LENGTH_MEASURE( 1.000000000000000082E-05 ), #4143, 'distance_accuracy_value', 'NONE');
#2490 = DIRECTION ( 'NONE',  ( 1.000000000000000000, 0.000000000000000000, 0.000000000000000000 ) ) ;
#2491 = DIRECTION ( 'NONE',  ( 0.000000000000000000, 0.000000000000000000, -1.000000000000000000 ) ) ;
#2492 = ORIENTED_EDGE ( 'NONE', *, *, #4258, .T. ) ;
#2493 = PRESENTATION_STYLE_ASSIGNMENT (( #4305 ) ) ;
#2494 = VECTOR ( 'NONE', #4060, 39.37007874015748143 ) ;
#2495 = ORIENTED_EDGE ( 'NONE', *, *, #2338, .T. ) ;
#2496 = ORIENTED_EDGE ( 'NONE', *, *, #819, .F. ) ;
#2497 = CARTESIAN_POINT ( 'NONE',  ( -0.4038701052093223165, 0.1994802090839702391, 0.1023622047254083428 ) ) ;
#2498 = LINE ( 'NONE', #1934, #6998 ) ;
#2499 = CIRCLE ( 'NONE', #1283, 0.01968503937007875723 ) ;
#2500 = DIRECTION ( 'NONE',  ( 0.000000000000000000, 0.000000000000000000, 1.000000000000000000 ) ) ;
#2501 = EDGE_CURVE ( 'NONE', #4747, #7518, #2958, .T. ) ;
#2502 = LINE ( 'NONE', #681, #3956 ) ;
#2503 = PLANE ( 'NONE',  #4395 ) ;
#2504 = FACE_OUTER_BOUND ( 'NONE', #6628, .T. ) ;
#2505 = VERTEX_POINT ( 'NONE', #694 ) ;
#2506 = COLOUR_RGB ( '',0.7921568627450980005, 0.8196078431372548767, 0.9333333333333333481 ) ;
#2507 = AXIS2_PLACEMENT_3D ( 'NONE', #4136, #2886, #5820 ) ;
#2508 = CARTESIAN_POINT ( 'NONE',  ( -0.2700118374927871767, -0.1548504995774468984, 0.01968503937107770815 ) ) ;
#2509 = EDGE_CURVE ( 'NONE', #4020, #1180, #540, .T. ) ;
#2510 = ADVANCED_FACE ( 'NONE', ( #2402 ), #5241, .F. ) ;
#2511 = DIRECTION ( 'NONE',  ( 0.000000000000000000, 0.000000000000000000, 1.000000000000000000 ) ) ;
#2512 = DIRECTION ( 'NONE',  ( 0.000000000000000000, 1.000000000000000000, 0.000000000000000000 ) ) ;
#2513 = DIRECTION ( 'NONE',  ( 1.000000000000000000, 0.000000000000000000, 0.000000000000000000 ) ) ;
#2514 = VECTOR ( 'NONE', #2196, 39.37007874015748143 ) ;
#2515 = EDGE_CURVE ( 'NONE', #6502, #3383, #1555, .T. ) ;
#2516 = PLANE ( 'NONE',  #4557 ) ;
#2517 = AXIS2_PLACEMENT_3D ( 'NONE', #525, #5074, #5807 ) ;
#2518 = DIRECTION ( 'NONE',  ( 0.000000000000000000, -1.000000000000000000, 0.000000000000000000 ) ) ;
#2519 = EDGE_LOOP ( 'NONE', ( #7085, #6075, #217, #1885 ) ) ;
#2520 = ORIENTED_EDGE ( 'NONE', *, *, #2374, .T. ) ;
#2521 = VECTOR ( 'NONE', #364, 39.37007874015748143 ) ;
#2522 = DIRECTION ( 'NONE',  ( 0.000000000000000000, 0.000000000000000000, 1.000000000000000000 ) ) ;
#2523 = VERTEX_POINT ( 'NONE', #3446 ) ;
#2524 = ADVANCED_FACE ( 'NONE', ( #7030 ), #4137, .F. ) ;
#2525 = DIRECTION ( 'NONE',  ( 1.000000000000000000, 2.834079232620525851E-16, 1.685446266610459130E-16 ) ) ;
#2526 = CARTESIAN_POINT ( 'NONE',  ( 0.4150275325859530962, -0.2887087672939823713, -0.03149606299112701902 ) ) ;
#2527 = AXIS2_PLACEMENT_3D ( 'NONE', #2357, #5237, #5349 ) ;
#2528 = AXIS2_PLACEMENT_3D ( 'NONE', #281, #3800, #1464 ) ;
#2529 = EDGE_LOOP ( 'NONE', ( #3717, #7410, #4864, #5233 ) ) ;
#2530 = CARTESIAN_POINT ( 'NONE',  ( -0.4196181367053852251, -0.2670552239868958511, -0.09055118110136337051 ) ) ;
#2531 = ORIENTED_EDGE ( 'NONE', *, *, #947, .F. ) ;
#2532 = LINE ( 'NONE', #3727, #1541 ) ;
#2533 = EDGE_CURVE ( 'NONE', #3448, #4941, #1712, .T. ) ;
#2534 = DIRECTION ( 'NONE',  ( 1.685446266610458883E-16, 8.326672684688672821E-17, -1.000000000000000000 ) ) ;
#2535 = EDGE_LOOP ( 'NONE', ( #5200, #3146, #7046, #5637 ) ) ;
#2536 = ORIENTED_EDGE ( 'NONE', *, *, #1254, .T. ) ;
#2537 = PLANE ( 'NONE',  #3811 ) ;
#2538 = ORIENTED_EDGE ( 'NONE', *, *, #182, .F. ) ;
#2539 = EDGE_LOOP ( 'NONE', ( #6656, #3604, #1025, #5483 ) ) ;
#2540 = ORIENTED_EDGE ( 'NONE', *, *, #1718, .F. ) ;
#2541 = CARTESIAN_POINT ( 'NONE',  ( -0.4353661682014482448, -0.2670552239868958511, -0.09055118110136337051 ) ) ;
#2542 = DIRECTION ( 'NONE',  ( 0.000000000000000000, 0.000000000000000000, 1.000000000000000000 ) ) ;
#2543 = DIRECTION ( 'NONE',  ( 1.239088197126290817E-16, 1.000000000000000000, 0.000000000000000000 ) ) ;
#2544 = DIRECTION ( 'NONE',  ( -1.000000000000000000, 0.000000000000000000, 0.000000000000000000 ) ) ;
#2545 = CARTESIAN_POINT ( 'NONE',  ( 0.2772322569954019378, 0.01050383113121446804, -0.03543307086514277393 ) ) ;
#2546 = DIRECTION ( 'NONE',  ( 1.685446266610458883E-16, 8.326672684688672821E-17, -1.000000000000000000 ) ) ;
#2547 = EDGE_LOOP ( 'NONE', ( #577, #1394, #4633, #5414 ) ) ;
#2548 = CARTESIAN_POINT ( 'NONE',  ( -0.4196181367053853917, 0.2959369019973560055, -0.07086614173128460981 ) ) ;
#2549 = DIRECTION ( 'NONE',  ( 2.834079232620525851E-16, -1.000000000000000000, -8.326672684688667890E-17 ) ) ;
#2550 = LINE ( 'NONE', #5890, #4423 ) ;
#2551 = DIRECTION ( 'NONE',  ( 2.602085213965203700E-14, 0.000000000000000000, 1.000000000000000000 ) ) ;
#2552 = DIRECTION ( 'NONE',  ( -6.332379290158565748E-46, 1.000000000000000000, 1.502777547560049851E-15 ) ) ;
#2553 = PLANE ( 'NONE',  #415 ) ;
#2554 = ADVANCED_FACE ( 'NONE', ( #619, #584 ), #2362, .T. ) ;
#2555 = ORIENTED_EDGE ( 'NONE', *, *, #4862, .T. ) ;
#2556 = ORIENTED_EDGE ( 'NONE', *, *, #1217, .T. ) ;
#2557 = EDGE_CURVE ( 'NONE', #3430, #7272, #7146, .T. ) ;
#2558 = EDGE_CURVE ( 'NONE', #2394, #1869, #6476, .T. ) ;
#2559 = DIRECTION ( 'NONE',  ( 1.734723475976808475E-15, -1.000000000000000000, 0.000000000000000000 ) ) ;
#2560 = ORIENTED_EDGE ( 'NONE', *, *, #331, .F. ) ;
#2561 = FACE_OUTER_BOUND ( 'NONE', #4111, .T. ) ;
#2562 = ADVANCED_FACE ( 'NONE', ( #1946 ), #4934, .T. ) ;
#2563 = ORIENTED_EDGE ( 'NONE', *, *, #1529, .T. ) ;
#2564 = EDGE_CURVE ( 'NONE', #3636, #1392, #5508, .T. ) ;
#2565 = ORIENTED_EDGE ( 'NONE', *, *, #1917, .T. ) ;
#2566 = ADVANCED_FACE ( 'NONE', ( #4821 ), #5354, .F. ) ;
#2567 = DIRECTION ( 'NONE',  ( -1.000000000000000000, 0.000000000000000000, 0.000000000000000000 ) ) ;
#2568 = LINE ( 'NONE', #3158, #7105 ) ;
#2569 = FACE_OUTER_BOUND ( 'NONE', #6067, .T. ) ;
#2570 = EDGE_LOOP ( 'NONE', ( #1660, #5209, #7005, #3804 ) ) ;
#2571 = DIRECTION ( 'NONE',  ( 0.000000000000000000, 1.000000000000000000, 0.000000000000000000 ) ) ;
#2572 = VERTEX_POINT ( 'NONE', #3715 ) ;
#2573 = ORIENTED_EDGE ( 'NONE', *, *, #4624, .T. ) ;
#2574 = ORIENTED_EDGE ( 'NONE', *, *, #1253, .F. ) ;
#2575 = LINE ( 'NONE', #2674, #2996 ) ;
#2576 = CARTESIAN_POINT ( 'NONE',  ( -0.09678349103524550023, 0.01050383113121447151, -0.05905511811002143313 ) ) ;
#2577 = CARTESIAN_POINT ( 'NONE',  ( -0.4156811288313699282, 0.2979054059343640426, 0.07480314960729816942 ) ) ;
#2578 = DIRECTION ( 'NONE',  ( 0.000000000000000000, 0.000000000000000000, 1.000000000000000000 ) ) ;
#2579 = CIRCLE ( 'NONE', #4867, 0.003937007874015724558 ) ;
#2580 = CARTESIAN_POINT ( 'NONE',  ( 0.3992795010898902985, -0.2729607357979192961, 0.5393700787411563891 ) ) ;
#2581 = CARTESIAN_POINT ( 'NONE',  ( -0.1952086878864877084, -0.2335906570577620522, 0.4251968503946995659 ) ) ;
#2582 = ORIENTED_EDGE ( 'NONE', *, *, #1109, .F. ) ;
#2583 = EDGE_LOOP ( 'NONE', ( #4435, #4908, #5375, #5563 ) ) ;
#2584 = AXIS2_PLACEMENT_3D ( 'NONE', #5402, #4673, #2967 ) ;
#2585 = SPHERICAL_SURFACE ( 'NONE', #2043, 0.007874015748031653814 ) ;
#2586 = DIRECTION ( 'NONE',  ( -2.834079232620525851E-16, 1.000000000000000000, 8.326672684688667890E-17 ) ) ;
#2587 = CARTESIAN_POINT ( 'NONE',  ( -0.4156811288313697617, -0.1784725468215414557, 0.07480314960729816942 ) ) ;
#2588 = DIRECTION ( 'NONE',  ( 1.000000000000000000, 2.834079232620525851E-16, 1.685446266610459130E-16 ) ) ;
#2589 = DIRECTION ( 'NONE',  ( 2.834079232620525851E-16, -1.000000000000000000, -8.326672684688667890E-17 ) ) ;
#2590 = VERTEX_POINT ( 'NONE', #3675 ) ;
#2591 = VECTOR ( 'NONE', #2310, 39.37007874015748143 ) ;
#2592 = ORIENTED_EDGE ( 'NONE', *, *, #4254, .F. ) ;
#2593 = ADVANCED_FACE ( 'NONE', ( #5435 ), #6571, .F. ) ;
#2594 = AXIS2_PLACEMENT_3D ( 'NONE', #4645, #3794, #4342 ) ;
#2595 = PLANE ( 'NONE',  #7193 ) ;
#2596 = LINE ( 'NONE', #6544, #7483 ) ;
#2597 = CARTESIAN_POINT ( 'NONE',  ( -0.2896968768628658819, -0.1548504995774468984, 0.1771653543317075752 ) ) ;
#2598 = ORIENTED_EDGE ( 'NONE', *, *, #1951, .F. ) ;
#2599 = ORIENTED_EDGE ( 'NONE', *, *, #5967, .F. ) ;
#2600 = VECTOR ( 'NONE', #7409, 39.37007874015748143 ) ;
#2601 = LINE ( 'NONE', #5981, #6762 ) ;
#2602 = EDGE_CURVE ( 'NONE', #7519, #3846, #3602, .T. ) ;
#2603 = EDGE_CURVE ( 'NONE', #5302, #4840, #6007, .T. ) ;
#2604 = DIRECTION ( 'NONE',  ( -1.000000000000000000, 0.000000000000000000, 0.000000000000000000 ) ) ;
#2605 = CIRCLE ( 'NONE', #6004, 0.02362204724409448092 ) ;
#2606 = CARTESIAN_POINT ( 'NONE',  ( -0.1912716800124721617, 0.2270392642020806762, -0.05905511810923725485 ) ) ;
#2607 = VERTEX_POINT ( 'NONE', #2625 ) ;
#2608 = DIRECTION ( 'NONE',  ( 0.000000000000000000, 0.000000000000000000, -1.000000000000000000 ) ) ;
#2609 = EDGE_LOOP ( 'NONE', ( #3308, #1645, #5702, #2720 ) ) ;
#2610 = ORIENTED_EDGE ( 'NONE', *, *, #515, .T. ) ;
#2611 = VERTEX_POINT ( 'NONE', #3073 ) ;
#2612 = CARTESIAN_POINT ( 'NONE',  ( -0.1361535697762516206, 0.01050383113121446804, -0.05905511811002143313 ) ) ;
#2613 = LINE ( 'NONE', #4920, #4743 ) ;
#2614 = EDGE_CURVE ( 'NONE', #815, #4251, #5969, .T. ) ;
#2615 = AXIS2_PLACEMENT_3D ( 'NONE', #2332, #7508, #3345 ) ;
#2616 = DIRECTION ( 'NONE',  ( 0.000000000000000000, 0.000000000000000000, 1.000000000000000000 ) ) ;
#2617 = LINE ( 'NONE', #3774, #6841 ) ;
#2618 = VERTEX_POINT ( 'NONE', #154 ) ;
#2619 = EDGE_LOOP ( 'NONE', ( #1209, #1739, #3074, #1857 ) ) ;
#2620 = AXIS2_PLACEMENT_3D ( 'NONE', #7062, #1256, #6609 ) ;
#2621 = PLANE ( 'NONE',  #592 ) ;
#2622 = DIRECTION ( 'NONE',  ( -8.122061593601354343E-17, 0.7071067811865475727, -0.7071067811865473507 ) ) ;
#2623 = LINE ( 'NONE', #2723, #6589 ) ;
#2624 = ADVANCED_FACE ( 'NONE', ( #2054 ), #5935, .T. ) ;
#2625 = CARTESIAN_POINT ( 'NONE',  ( 0.1433739892788664927, 0.2939683980603483571, 0.5314960629931249070 ) ) ;
#2626 = VECTOR ( 'NONE', #5442, 39.37007874015748143 ) ;
#2627 = EDGE_LOOP ( 'NONE', ( #565, #1381, #3775, #6653 ) ) ;
#2628 = ORIENTED_EDGE ( 'NONE', *, *, #5007, .T. ) ;
#2629 = CARTESIAN_POINT ( 'NONE',  ( -0.4196181367053853917, 0.3097164295564112657, -0.07086614173128448491 ) ) ;
#2630 = VECTOR ( 'NONE', #755, 39.37007874015748143 ) ;
#2631 = VERTEX_POINT ( 'NONE', #4218 ) ;
#2632 = CARTESIAN_POINT ( 'NONE',  ( 0.4110905247119372441, 0.3097164295564113212, -0.03543307086514277393 ) ) ;
#2633 = DIRECTION ( 'NONE',  ( -1.685446266610458883E-16, -8.326672684688672821E-17, 1.000000000000000000 ) ) ;
#2634 = VECTOR ( 'NONE', #2821, 39.37007874015748143 ) ;
#2635 = VECTOR ( 'NONE', #184, 39.37007874015748143 ) ;
#2636 = ORIENTED_EDGE ( 'NONE', *, *, #746, .T. ) ;
#2637 = SURFACE_STYLE_FILL_AREA ( #4261 ) ;
#2638 = AXIS2_PLACEMENT_3D ( 'NONE', #5586, #535, #5044 ) ;
#2639 = DIRECTION ( 'NONE',  ( 1.000000000000000000, 0.000000000000000000, 0.000000000000000000 ) ) ;
#2640 = VECTOR ( 'NONE', #7438, 39.37007874015748143 ) ;
#2641 = EDGE_LOOP ( 'NONE', ( #3539, #7129, #5376, #6103 ) ) ;
#2642 = ORIENTED_EDGE ( 'NONE', *, *, #1863, .F. ) ;
#2643 = EDGE_CURVE ( 'NONE', #1431, #6699, #4332, .T. ) ;
#2644 = ORIENTED_EDGE ( 'NONE', *, *, #2088, .T. ) ;
#2645 = ADVANCED_FACE ( 'NONE', ( #1298 ), #2553, .F. ) ;
#2646 = VERTEX_POINT ( 'NONE', #3179 ) ;
#2647 = LINE ( 'NONE', #2541, #7124 ) ;
#2648 = LINE ( 'NONE', #4382, #5912 ) ;
#2649 = ADVANCED_FACE ( 'NONE', ( #6049 ), #7223, .F. ) ;
#2650 = CARTESIAN_POINT ( 'NONE',  ( -0.1952086878864877084, -0.2335906570577620522, 0.5314960629931247960 ) ) ;
#2651 = FACE_OUTER_BOUND ( 'NONE', #6605, .T. ) ;
#2652 = DIRECTION ( 'NONE',  ( 0.000000000000000000, 0.000000000000000000, 1.000000000000000000 ) ) ;
#2653 = ORIENTED_EDGE ( 'NONE', *, *, #2461, .F. ) ;
#2654 = EDGE_CURVE ( 'NONE', #3084, #7436, #5467, .T. ) ;
#2655 = VERTEX_POINT ( 'NONE', #1599 ) ;
#2656 = EDGE_CURVE ( 'NONE', #3808, #4293, #6962, .T. ) ;
#2657 = CARTESIAN_POINT ( 'NONE',  ( -0.3734013705086284829, 0.01050383113121415406, 0.4881889763798252235 ) ) ;
#2658 = CARTESIAN_POINT ( 'NONE',  ( 0.4110905247119372441, 0.2979054059343640426, -0.03543307086514276699 ) ) ;
#2659 = FACE_OUTER_BOUND ( 'NONE', #5886, .T. ) ;
#2660 = ORIENTED_EDGE ( 'NONE', *, *, #6504, .T. ) ;
#2661 = VERTEX_POINT ( 'NONE', #2200 ) ;
#2662 = EDGE_CURVE ( 'NONE', #5770, #3560, #3782, .T. ) ;
#2663 = CARTESIAN_POINT ( 'NONE',  ( -0.006232309933731926092, 0.01050383113121446804, -0.03543307086514277393 ) ) ;
#2664 = CARTESIAN_POINT ( 'NONE',  ( -0.4353661682014484668, -0.2965827830420141309, 0.5551181102372192422 ) ) ;
#2665 = DIRECTION ( 'NONE',  ( 0.000000000000000000, -1.000000000000000000, 0.000000000000000000 ) ) ;
#2666 = LINE ( 'NONE', #6725, #2475 ) ;
#2667 = ORIENTED_EDGE ( 'NONE', *, *, #4228, .F. ) ;
#2668 = ORIENTED_EDGE ( 'NONE', *, *, #2412, .F. ) ;
#2669 =( NAMED_UNIT ( * ) PLANE_ANGLE_UNIT ( ) SI_UNIT ( $, .RADIAN. ) );
#2670 = ORIENTED_EDGE ( 'NONE', *, *, #3520, .F. ) ;
#2671 = ORIENTED_EDGE ( 'NONE', *, *, #5099, .F. ) ;
#2672 = ORIENTED_EDGE ( 'NONE', *, *, #6363, .F. ) ;
#2673 = EDGE_LOOP ( 'NONE', ( #2968, #5729, #2976, #7084 ) ) ;
#2674 = CARTESIAN_POINT ( 'NONE',  ( -0.3172559319809760137, -0.04855128697902204304, 0.5157480314970618318 ) ) ;
#2675 = DIRECTION ( 'NONE',  ( -1.000000000000000000, 6.123233995736766036E-17, 0.000000000000000000 ) ) ;
#2676 = ADVANCED_FACE ( 'NONE', ( #6829 ), #3823, .T. ) ;
#2677 = DIRECTION ( 'NONE',  ( -0.000000000000000000, -0.000000000000000000, -1.000000000000000000 ) ) ;
#2678 = DIRECTION ( 'NONE',  ( -1.000000000000000000, 0.000000000000000000, 0.000000000000000000 ) ) ;
#2679 = CARTESIAN_POINT ( 'NONE',  ( -0.2345787666266452298, -0.2729607357979195181, 0.4133858267726523983 ) ) ;
#2680 = FACE_OUTER_BOUND ( 'NONE', #5153, .T. ) ;
#2681 = VERTEX_POINT ( 'NONE', #377 ) ;
#2682 = VERTEX_POINT ( 'NONE', #2762 ) ;
#2683 = DIRECTION ( 'NONE',  ( 0.000000000000000000, 0.000000000000000000, 1.000000000000000000 ) ) ;
#2684 = EDGE_CURVE ( 'NONE', #393, #5728, #6162, .T. ) ;
#2685 = PLANE ( 'NONE',  #3941 ) ;
#2686 = EDGE_CURVE ( 'NONE', #3650, #469, #1568, .T. ) ;
#2687 = DIRECTION ( 'NONE',  ( 1.927470528863118802E-16, 1.000000000000000000, 0.000000000000000000 ) ) ;
#2688 = CARTESIAN_POINT ( 'NONE',  ( -0.2345787666266452298, -0.2335906570577620522, 0.4133858267726523983 ) ) ;
#2689 = VERTEX_POINT ( 'NONE', #3937 ) ;
#2690 = VERTEX_POINT ( 'NONE', #3363 ) ;
#2691 = CIRCLE ( 'NONE', #5723, 0.02362204724409448092 ) ;
#2692 = CYLINDRICAL_SURFACE ( 'NONE', #3234, 0.04921259842519682542 ) ;
#2693 = LINE ( 'NONE', #5010, #886 ) ;
#2694 = CARTESIAN_POINT ( 'NONE',  ( 0.4032165089639058175, -0.2847717594199666302, 0.07480314960729816942 ) ) ;
#2695 = STYLED_ITEM ( 'NONE', ( #5325 ), #1315 ) ;
#2696 = LINE ( 'NONE', #2734, #7327 ) ;
#2697 = EDGE_CURVE ( 'NONE', #471, #3222, #1022, .T. ) ;
#2698 = VERTEX_POINT ( 'NONE', #7444 ) ;
#2699 = ORIENTED_EDGE ( 'NONE', *, *, #5701, .T. ) ;
#2700 = DIRECTION ( 'NONE',  ( -1.000000000000000000, -2.834079232620525851E-16, -1.685446266610459130E-16 ) ) ;
#2701 = AXIS2_PLACEMENT_3D ( 'NONE', #5768, #6907, #1702 ) ;
#2702 = CIRCLE ( 'NONE', #527, 0.01181102362204724046 ) ;
#2703 = DIRECTION ( 'NONE',  ( -1.685446266610458883E-16, -8.326672684688672821E-17, 1.000000000000000000 ) ) ;
#2704 = CARTESIAN_POINT ( 'NONE',  ( -0.3330039634770389778, -0.009181208238864266638, -0.2086614173218356572 ) ) ;
#2705 = EDGE_CURVE ( 'NONE', #1549, #1804, #6835, .T. ) ;
#2706 = VECTOR ( 'NONE', #3986, 39.37007874015748143 ) ;
#2707 = DIRECTION ( 'NONE',  ( 1.000000000000000000, 2.834079232620525851E-16, 1.685446266610459130E-16 ) ) ;
#2708 = ORIENTED_EDGE ( 'NONE', *, *, #4146, .T. ) ;
#2709 = ORIENTED_EDGE ( 'NONE', *, *, #7019, .T. ) ;
#2710 = ORIENTED_EDGE ( 'NONE', *, *, #4045, .F. ) ;
#2711 = DIRECTION ( 'NONE',  ( -1.000000000000000000, -1.734723475976808475E-15, 0.000000000000000000 ) ) ;
#2712 = DIRECTION ( 'NONE',  ( -1.000000000000000000, 0.000000000000000000, 0.000000000000000000 ) ) ;
#2713 = VECTOR ( 'NONE', #13, 39.37007874015748143 ) ;
#2714 = PLANE ( 'NONE',  #1489 ) ;
#2715 = DIRECTION ( 'NONE',  ( -1.000000000000000000, 0.000000000000000000, 0.000000000000000000 ) ) ;
#2716 = CARTESIAN_POINT ( 'NONE',  ( 0.4307755640820160048, 0.3254644610524742854, 0.5551181102372194642 ) ) ;
#2717 = CARTESIAN_POINT ( 'NONE',  ( 0.4054053103599976615, 0.3057794216823956357, 0.07480314960729818330 ) ) ;
#2718 = VECTOR ( 'NONE', #3137, 39.37007874015748854 ) ;
#2719 = ORIENTED_EDGE ( 'NONE', *, *, #4458, .T. ) ;
#2720 = ORIENTED_EDGE ( 'NONE', *, *, #1342, .T. ) ;
#2721 = AXIS2_PLACEMENT_3D ( 'NONE', #3580, #3018, #135 ) ;
#2722 = DIRECTION ( 'NONE',  ( 1.240561089797189608E-14, -0.9284766908852601919, -0.3713906763541016121 ) ) ;
#2723 = CARTESIAN_POINT ( 'NONE',  ( 0.000000000000000000, 0.2565668232571987617, -0.01181102362104828607 ) ) ;
#2724 = PLANE ( 'NONE',  #2358 ) ;
#2725 = ORIENTED_EDGE ( 'NONE', *, *, #4994, .T. ) ;
#2726 = ORIENTED_EDGE ( 'NONE', *, *, #6045, .F. ) ;
#2727 = EDGE_CURVE ( 'NONE', #6193, #6660, #3549, .T. ) ;
#2728 = AXIS2_PLACEMENT_3D ( 'NONE', #806, #4216, #5351 ) ;
#2729 = EDGE_CURVE ( 'NONE', #1089, #6793, #416, .T. ) ;
#2730 = FACE_OUTER_BOUND ( 'NONE', #5191, .T. ) ;
#2731 = CARTESIAN_POINT ( 'NONE',  ( -0.4078071130833384461, 0.2979054059343640426, -0.03149606299112701902 ) ) ;
#2732 = PLANE ( 'NONE',  #6266 ) ;
#2733 = AXIS2_PLACEMENT_3D ( 'NONE', #6433, #3493, #1194 ) ;
#2734 = CARTESIAN_POINT ( 'NONE',  ( -0.4196181367053853917, 0.3097164295564112657, -0.02952755905411930462 ) ) ;
#2735 = VERTEX_POINT ( 'NONE', #960 ) ;
#2736 = PLANE ( 'NONE',  #4795 ) ;
#2737 = VECTOR ( 'NONE', #498, 39.37007874015748143 ) ;
#2738 = CARTESIAN_POINT ( 'NONE',  ( 0.07644485542059896444, -0.2808347515459508892, -0.07086614173128460981 ) ) ;
#2739 = ADVANCED_FACE ( 'NONE', ( #4393 ), #6683, .T. ) ;
#2740 = CARTESIAN_POINT ( 'NONE',  ( -0.2621378217447554171, -0.2257166413097304591, -0.01181102362104828260 ) ) ;
#2741 = ORIENTED_EDGE ( 'NONE', *, *, #4510, .F. ) ;
#2742 = CARTESIAN_POINT ( 'NONE',  ( -0.1912716800124721617, 0.1778266657768837744, -0.05905511810923725485 ) ) ;
#2743 = ORIENTED_EDGE ( 'NONE', *, *, #4583, .F. ) ;
#2744 = ORIENTED_EDGE ( 'NONE', *, *, #7486, .F. ) ;
#2745 = VERTEX_POINT ( 'NONE', #6120 ) ;
#2746 = FACE_OUTER_BOUND ( 'NONE', #7160, .T. ) ;
#2747 = CARTESIAN_POINT ( 'NONE',  ( 0.2181771388851658777, -0.2178426255616989493, -0.2283464566919144179 ) ) ;
#2748 = VECTOR ( 'NONE', #5136, 39.37007874015748143 ) ;
#2749 = EDGE_CURVE ( 'NONE', #6521, #5211, #3219, .T. ) ;
#2750 = VECTOR ( 'NONE', #4488, 39.37007874015748143 ) ;
#2751 = DIRECTION ( 'NONE',  ( 0.000000000000000000, 0.7071067811865434649, -0.7071067811865515695 ) ) ;
#2752 = CARTESIAN_POINT ( 'NONE',  ( -0.4274921524534169293, -0.05642530272705357369, 0.5629921259852507243 ) ) ;
#2753 = DIRECTION ( 'NONE',  ( 2.617448175331439511E-16, -0.3713906763540986700, -0.9284766908852614131 ) ) ;
#2754 = CARTESIAN_POINT ( 'NONE',  ( 0.04691729636548062909, 0.01050383113121430498, 0.5610236220482428537 ) ) ;
#2755 = AXIS2_PLACEMENT_3D ( 'NONE', #5889, #1181, #688 ) ;
#2756 = ORIENTED_EDGE ( 'NONE', *, *, #2392, .T. ) ;
#2757 = EDGE_LOOP ( 'NONE', ( #3685, #1039, #2193, #6025 ) ) ;
#2758 = CARTESIAN_POINT ( 'NONE',  ( -0.4038701052093225385, -0.2729607357979194071, 0.07480314960729816942 ) ) ;
#2759 = DIRECTION ( 'NONE',  ( -1.000000000000000000, -2.891205793294675861E-16, 0.000000000000000000 ) ) ;
#2760 = CARTESIAN_POINT ( 'NONE',  ( -0.4353661682014482448, -0.2040630980026439667, -0.09055118110136337051 ) ) ;
#2761 = CARTESIAN_POINT ( 'NONE',  ( -0.002295302059716200667, 0.01050383113121429804, 0.5610236220482428537 ) ) ;
#2762 = CARTESIAN_POINT ( 'NONE',  ( -0.2326102626896373038, 0.2467243035721594091, -0.01968503936907978202 ) ) ;
#2763 = ORIENTED_EDGE ( 'NONE', *, *, #2423, .F. ) ;
#2764 = ORIENTED_EDGE ( 'NONE', *, *, #3106, .F. ) ;
#2765 = B_SPLINE_CURVE_WITH_KNOTS ( 'NONE', 3,
 ( #4977, #2065, #5446, #4866, #7233, #7158, #4301, #2028 ),
 .UNSPECIFIED., .F., .F.,
 ( 4, 2, 2, 4 ),
 ( 0.000000000000000000, 7.463298164713997153E-05, 0.0001492659632942799431, 0.0002985319265885623798 ),
 .UNSPECIFIED. ) ;
#2766 = DIRECTION ( 'NONE',  ( -1.000000000000000000, 1.734723475976808475E-15, 0.000000000000000000 ) ) ;
#2767 = DIRECTION ( 'NONE',  ( 1.000000000000000000, 0.000000000000000000, 0.000000000000000000 ) ) ;
#2768 = CARTESIAN_POINT ( 'NONE',  ( 0.1433739892788664927, 0.2270392642020807317, -0.05905511810923725485 ) ) ;
#2769 = EDGE_CURVE ( 'NONE', #563, #4415, #3864, .T. ) ;
#2770 = ADVANCED_FACE ( 'NONE', ( #5549 ), #5652, .F. ) ;
#2771 = CARTESIAN_POINT ( 'NONE',  ( -0.4196181367053856692, 0.3097164295564113212, -0.01181102362104828607 ) ) ;
#2772 = EDGE_LOOP ( 'NONE', ( #4983, #5518, #968, #7276 ) ) ;
#2773 = ADVANCED_FACE ( 'NONE', ( #2659 ), #2724, .F. ) ;
#2774 = ORIENTED_EDGE ( 'NONE', *, *, #1221, .F. ) ;
#2775 = CARTESIAN_POINT ( 'NONE',  ( 0.4307755640820161158, -0.05642530272705335859, 0.5629921259852509463 ) ) ;
#2776 = EDGE_CURVE ( 'NONE', #3035, #695, #2089, .T. ) ;
#2777 = ADVANCED_FACE ( 'NONE', ( #6791 ), #3898, .T. ) ;
#2778 = DIRECTION ( 'NONE',  ( -2.282530889443167515E-16, 1.000000000000000000, 0.000000000000000000 ) ) ;
#2779 = ORIENTED_EDGE ( 'NONE', *, *, #478, .T. ) ;
#2780 = LINE ( 'NONE', #5709, #2006 ) ;
#2781 = ORIENTED_EDGE ( 'NONE', *, *, #3050, .T. ) ;
#2782 = EDGE_LOOP ( 'NONE', ( #435, #1114, #910, #2281 ) ) ;
#2783 = DIRECTION ( 'NONE',  ( 0.000000000000000000, 0.000000000000000000, -1.000000000000000000 ) ) ;
#2784 = DIRECTION ( 'NONE',  ( 1.000000000000000000, 0.000000000000000000, 0.000000000000000000 ) ) ;
#2785 = FACE_OUTER_BOUND ( 'NONE', #4188, .T. ) ;
#2786 = LINE ( 'NONE', #5759, #4517 ) ;
#2787 = LINE ( 'NONE', #5101, #533 ) ;
#2788 = DIRECTION ( 'NONE',  ( 1.685446266610458883E-16, 8.326672684688672821E-17, -1.000000000000000000 ) ) ;
#2789 = EDGE_CURVE ( 'NONE', #1996, #5519, #5884, .T. ) ;
#2790 = EDGE_LOOP ( 'NONE', ( #2847, #3916, #2288, #3514 ) ) ;
#2791 = EDGE_LOOP ( 'NONE', ( #2268, #7279, #4212, #2372 ) ) ;
#2792 = CARTESIAN_POINT ( 'NONE',  ( -0.3881220737132595744, -0.1548504995774468984, 0.01968503937107769428 ) ) ;
#2793 = DIRECTION ( 'NONE',  ( -1.685446266610458883E-16, -8.326672684688672821E-17, 1.000000000000000000 ) ) ;
#2794 = FACE_OUTER_BOUND ( 'NONE', #2297, .T. ) ;
#2795 = CARTESIAN_POINT ( 'NONE',  ( 0.3992795010898901875, -0.2729607357979192961, 0.07480314960729816942 ) ) ;
#2796 = CARTESIAN_POINT ( 'NONE',  ( 0.4307755640820161158, 0.3254644610524743409, -0.09055118110136325948 ) ) ;
#2797 = EDGE_CURVE ( 'NONE', #4472, #2735, #1824, .T. ) ;
#2798 = VERTEX_POINT ( 'NONE', #2311 ) ;
#2799 = CARTESIAN_POINT ( 'NONE',  ( -0.4196181367053856692, -0.2060316019396516707, -0.03543307086514277393 ) ) ;
#2800 = DIRECTION ( 'NONE',  ( 0.000000000000000000, 0.000000000000000000, -1.000000000000000000 ) ) ;
#2801 = DIRECTION ( 'NONE',  ( 0.000000000000000000, 0.000000000000000000, 1.000000000000000000 ) ) ;
#2802 = LINE ( 'NONE', #6724, #6387 ) ;
#2803 = CYLINDRICAL_SURFACE ( 'NONE', #3799, 0.02952755905511813758 ) ;
#2804 = VERTEX_POINT ( 'NONE', #2911 ) ;
#2805 = TOROIDAL_SURFACE ( 'NONE', #7060, 0.007874015748031688508, 0.003937007874015739303 ) ;
#2806 = VERTEX_POINT ( 'NONE', #2353 ) ;
#2807 = EDGE_LOOP ( 'NONE', ( #2056, #1955, #2068, #3193, #7393 ) ) ;
#2808 = DIRECTION ( 'NONE',  ( 0.000000000000000000, -1.000000000000000000, 0.000000000000000000 ) ) ;
#2809 = CARTESIAN_POINT ( 'NONE',  ( 0.4307755640820161158, 0.2880628862493249676, -0.09055118110136325948 ) ) ;
#2810 = AXIS2_PLACEMENT_3D ( 'NONE', #6658, #2236, #3756 ) ;
#2811 = CLOSED_SHELL ( 'NONE', ( #6842, #5088, #7, #1603, #5447, #2085, #2562 ) ) ;
#2812 = CARTESIAN_POINT ( 'NONE',  ( 0.1433739892788666592, -0.1981575861916201053, 0.08267716535532959599 ) ) ;
#2813 = ORIENTED_EDGE ( 'NONE', *, *, #5632, .F. ) ;
#2814 = DIRECTION ( 'NONE',  ( 1.000000000000000000, 0.000000000000000000, 0.000000000000000000 ) ) ;
#2815 = VERTEX_POINT ( 'NONE', #4698 ) ;
#2816 = VECTOR ( 'NONE', #4922, 39.37007874015748143 ) ;
#2817 = ORIENTED_EDGE ( 'NONE', *, *, #1172, .T. ) ;
#2818 = DIRECTION ( 'NONE',  ( 1.000000000000000000, 0.000000000000000000, 0.000000000000000000 ) ) ;
#2819 = EDGE_CURVE ( 'NONE', #7316, #5478, #531, .T. ) ;
#2820 = EDGE_CURVE ( 'NONE', #6715, #5297, #2988, .T. ) ;
#2821 = DIRECTION ( 'NONE',  ( 0.000000000000000000, 0.000000000000000000, 1.000000000000000000 ) ) ;
#2822 = ADVANCED_FACE ( 'NONE', ( #1249 ), #4054, .F. ) ;
#2823 = CIRCLE ( 'NONE', #7079, 0.03740157480314958843 ) ;
#2824 = DIRECTION ( 'NONE',  ( 1.000000000000000000, 0.000000000000000000, 0.000000000000000000 ) ) ;
#2825 = FACE_OUTER_BOUND ( 'NONE', #5656, .T. ) ;
#2826 = FACE_OUTER_BOUND ( 'NONE', #6935, .T. ) ;
#2827 = ORIENTED_EDGE ( 'NONE', *, *, #841, .T. ) ;
#2828 = VERTEX_POINT ( 'NONE', #4097 ) ;
#2829 = FACE_OUTER_BOUND ( 'NONE', #3726, .T. ) ;
#2830 = VECTOR ( 'NONE', #6942, 39.37007874015748143 ) ;
#2831 = EDGE_CURVE ( 'NONE', #3202, #7095, #6419, .T. ) ;
#2832 = FACE_OUTER_BOUND ( 'NONE', #1650, .T. ) ;
#2833 = DIRECTION ( 'NONE',  ( -1.685446266610458883E-16, -8.055622141566113421E-17, 1.000000000000000000 ) ) ;
#2834 = AXIS2_PLACEMENT_3D ( 'NONE', #1695, #6325, #5803 ) ;
#2835 = PLANE ( 'NONE',  #1980 ) ;
#2836 = CARTESIAN_POINT ( 'NONE',  ( 0.1984920995150870338, -0.2335906570577618857, -0.03543307086514277393 ) ) ;
#2837 = ORIENTED_EDGE ( 'NONE', *, *, #2294, .F. ) ;
#2838 = ORIENTED_EDGE ( 'NONE', *, *, #6697, .F. ) ;
#2839 = COLOUR_RGB ( '',0.7921568627450980005, 0.8196078431372548767, 0.9333333333333333481 ) ;
#2840 = FACE_OUTER_BOUND ( 'NONE', #615, .T. ) ;
#2841 = ADVANCED_FACE ( 'NONE', ( #2879 ), #4615, .F. ) ;
#2842 = CARTESIAN_POINT ( 'NONE',  ( -0.2700118374927871767, -0.1548504995774468984, 0.1771653543317075752 ) ) ;
#2843 = CARTESIAN_POINT ( 'NONE',  ( 0.3992795010898901875, 0.2939683980603483016, 0.01968503937107765958 ) ) ;
#2844 = CARTESIAN_POINT ( 'NONE',  ( 0.1984920995150868950, 0.2545983193201908357, -0.02362204724309518653 ) ) ;
#2845 = CARTESIAN_POINT ( 'NONE',  ( -0.3487519949731019420, -0.009181208238864290924, -0.03543307086514277393 ) ) ;
#2846 = VECTOR ( 'NONE', #3008, 39.37007874015748143 ) ;
#2847 = ORIENTED_EDGE ( 'NONE', *, *, #3068, .T. ) ;
#2848 = ORIENTED_EDGE ( 'NONE', *, *, #4262, .T. ) ;
#2849 = ORIENTED_EDGE ( 'NONE', *, *, #7048, .T. ) ;
#2850 = DIRECTION ( 'NONE',  ( -1.685446266610458883E-16, -8.326672684688672821E-17, 1.000000000000000000 ) ) ;
#2851 = CIRCLE ( 'NONE', #6381, 0.01427165354330715494 ) ;
#2852 = DIRECTION ( 'NONE',  ( 2.834079232620525851E-16, -1.000000000000000000, -8.326672684688667890E-17 ) ) ;
#2853 = VERTEX_POINT ( 'NONE', #1133 ) ;
#2854 = CARTESIAN_POINT ( 'NONE',  ( 0.1984920995150868950, 0.2545983193201908357, -0.03543307086514277393 ) ) ;
#2855 = VECTOR ( 'NONE', #4077, 39.37007874015748143 ) ;
#2856 = VECTOR ( 'NONE', #6498, 39.37007874015748143 ) ;
#2857 = ORIENTED_EDGE ( 'NONE', *, *, #101, .T. ) ;
#2858 = ORIENTED_EDGE ( 'NONE', *, *, #7069, .T. ) ;
#2859 = DIRECTION ( 'NONE',  ( 2.834079232620525851E-16, -1.000000000000000000, -8.326672684688667890E-17 ) ) ;
#2860 = CARTESIAN_POINT ( 'NONE',  ( -0.4353661682014484668, 0.06955894924145039626, 0.5551181102372192422 ) ) ;
#2861 = VECTOR ( 'NONE', #5649, 39.37007874015748143 ) ;
#2862 = CARTESIAN_POINT ( 'NONE',  ( -0.4353661682014484668, -0.04855128697902204304, 0.5157480314970617208 ) ) ;
#2863 = AXIS2_PLACEMENT_3D ( 'NONE', #3472, #5722, #4467 ) ;
#2864 = ADVANCED_FACE ( 'NONE', ( #645 ), #7022, .F. ) ;
#2865 = EDGE_CURVE ( 'NONE', #4582, #5609, #2235, .T. ) ;
#2866 = LINE ( 'NONE', #6410, #4173 ) ;
#2867 = ORIENTED_EDGE ( 'NONE', *, *, #4079, .F. ) ;
#2868 = VECTOR ( 'NONE', #7469, 39.37007874015748854 ) ;
#2869 = ORIENTED_EDGE ( 'NONE', *, *, #6817, .T. ) ;
#2870 = EDGE_CURVE ( 'NONE', #6490, #2815, #2280, .T. ) ;
#2871 = LINE ( 'NONE', #2792, #2640 ) ;
#2872 = AXIS2_PLACEMENT_3D ( 'NONE', #7049, #1281, #1212 ) ;
#2873 = DIRECTION ( 'NONE',  ( 3.257335536525094837E-16, -0.9284766908852608580, -0.3713906763540998357 ) ) ;
#2874 = PLANE ( 'NONE',  #4036 ) ;
#2875 = AXIS2_PLACEMENT_3D ( 'NONE', #6505, #1306, #5247 ) ;
#2876 =( GEOMETRIC_REPRESENTATION_CONTEXT ( 3 ) GLOBAL_UNCERTAINTY_ASSIGNED_CONTEXT ( ( #6888 ) ) GLOBAL_UNIT_ASSIGNED_CONTEXT ( ( #6311, #6800, #6769 ) ) REPRESENTATION_CONTEXT ( 'NONE', 'WORKASPACE' ) );
#2877 = LINE ( 'NONE', #5198, #6824 ) ;
#2878 = EDGE_CURVE ( 'NONE', #5519, #1013, #6298, .T. ) ;
#2879 = FACE_OUTER_BOUND ( 'NONE', #7507, .T. ) ;
#2880 = ORIENTED_EDGE ( 'NONE', *, *, #4307, .T. ) ;
#2881 = ORIENTED_EDGE ( 'NONE', *, *, #5706, .T. ) ;
#2882 = EDGE_CURVE ( 'NONE', #1879, #5739, #1147, .T. ) ;
#2883 = CARTESIAN_POINT ( 'NONE',  ( -0.2974305290290580883, 0.1758581618398758761, 0.06608194144772809586 ) ) ;
#2884 = FACE_OUTER_BOUND ( 'NONE', #7149, .T. ) ;
#2885 = CARTESIAN_POINT ( 'NONE',  ( -0.4196181367053856692, 0.1994802090839704611, 0.1771653543317075752 ) ) ;
#2886 = DIRECTION ( 'NONE',  ( 1.000000000000000000, 1.257057890823428291E-16, 1.685446266610458883E-16 ) ) ;
#2887 = DIRECTION ( 'NONE',  ( 1.000000000000000000, 0.000000000000000000, 0.000000000000000000 ) ) ;
#2888 = ORIENTED_EDGE ( 'NONE', *, *, #1205, .T. ) ;
#2889 = VERTEX_POINT ( 'NONE', #3977 ) ;
#2890 = VERTEX_POINT ( 'NONE', #6378 ) ;
#2891 = CARTESIAN_POINT ( 'NONE',  ( -0.4196181367053856692, -0.2887087672939823713, 0.07086614173328242838 ) ) ;
#2892 = LINE ( 'NONE', #4742, #6863 ) ;
#2893 = CARTESIAN_POINT ( 'NONE',  ( -0.4118373858023220424, 0.3049962210892721570, 0.07480314960729819718 ) ) ;
#2894 = ORIENTED_EDGE ( 'NONE', *, *, #4489, .F. ) ;
#2895 = LINE ( 'NONE', #5131, #1523 ) ;
#2896 = VERTEX_POINT ( 'NONE', #1703 ) ;
#2897 = EDGE_LOOP ( 'NONE', ( #4707, #4903, #7254, #4657 ) ) ;
#2898 = CARTESIAN_POINT ( 'NONE',  ( -0.2896968768628658264, -0.1651851452467384129, 0.06299212598525091855 ) ) ;
#2899 = CARTESIAN_POINT ( 'NONE',  ( -0.1952086878864877084, -0.2729607357979194071, 0.5314960629931247960 ) ) ;
#2900 = FACE_OUTER_BOUND ( 'NONE', #3020, .T. ) ;
#2901 = DIRECTION ( 'NONE',  ( 0.000000000000000000, 0.000000000000000000, 1.000000000000000000 ) ) ;
#2902 = FACE_OUTER_BOUND ( 'NONE', #6705, .T. ) ;
#2903 = LINE ( 'NONE', #520, #5502 ) ;
#2904 = ORIENTED_EDGE ( 'NONE', *, *, #6353, .T. ) ;
#2905 = VERTEX_POINT ( 'NONE', #2390 ) ;
#2906 = CARTESIAN_POINT ( 'NONE',  ( -0.4353661682014484668, -0.04855128697902204304, 0.5157480314970617208 ) ) ;
#2907 = EDGE_CURVE ( 'NONE', #4350, #2417, #908, .T. ) ;
#2908 = DIRECTION ( 'NONE',  ( 0.000000000000000000, 0.000000000000000000, -1.000000000000000000 ) ) ;
#2909 = EDGE_CURVE ( 'NONE', #3051, #5312, #1747, .T. ) ;
#2910 = CARTESIAN_POINT ( 'NONE',  ( 0.07644485542059870076, -0.2887087672939825378, 1.578189432169840867 ) ) ;
#2911 = CARTESIAN_POINT ( 'NONE',  ( 0.2496732018772915840, 0.2270392642020808149, -0.01181102362104828607 ) ) ;
#2912 = EDGE_LOOP ( 'NONE', ( #6092, #1714, #6284, #2779, #3250 ) ) ;
#2913 = VERTEX_POINT ( 'NONE', #6984 ) ;
#2914 = ADVANCED_FACE ( 'NONE', ( #1789 ), #2949, .T. ) ;
#2915 = EDGE_CURVE ( 'NONE', #5551, #3706, #6640, .T. ) ;
#2916 = LINE ( 'NONE', #1138, #1068 ) ;
#2917 = LINE ( 'NONE', #4661, #4786 ) ;
#2918 = DIRECTION ( 'NONE',  ( -1.000000000000000000, 0.000000000000000000, 0.000000000000000000 ) ) ;
#2919 = DIRECTION ( 'NONE',  ( 1.000000000000000000, 2.834079232620525851E-16, 1.685446266610459130E-16 ) ) ;
#2920 = PLANE ( 'NONE',  #4294 ) ;
#2921 = ORIENTED_EDGE ( 'NONE', *, *, #5333, .T. ) ;
#2922 = ORIENTED_EDGE ( 'NONE', *, *, #6268, .F. ) ;
#2923 = LINE ( 'NONE', #6465, #1667 ) ;
#2924 = EDGE_CURVE ( 'NONE', #7518, #4483, #6074, .T. ) ;
#2925 = LINE ( 'NONE', #5787, #5902 ) ;
#2926 = SURFACE_STYLE_USAGE ( .BOTH. , #7074 ) ;
#2927 = CARTESIAN_POINT ( 'NONE',  ( -0.3290669556030233478, 0.3097164295564113212, -0.03543307086514277393 ) ) ;
#2928 = ORIENTED_EDGE ( 'NONE', *, *, #5011, .T. ) ;
#2929 = ORIENTED_EDGE ( 'NONE', *, *, #6545, .T. ) ;
#2930 = SURFACE_STYLE_USAGE ( .BOTH. , #632 ) ;
#2931 = AXIS2_PLACEMENT_3D ( 'NONE', #6355, #3343, #594 ) ;
#2932 = FACE_BOUND ( 'NONE', #5805, .T. ) ;
#2933 = EDGE_CURVE ( 'NONE', #4745, #6380, #7218, .T. ) ;
#2934 = FACE_OUTER_BOUND ( 'NONE', #4371, .T. ) ;
#2935 = DIRECTION ( 'NONE',  ( 1.000000000000000000, 0.000000000000000000, 0.000000000000000000 ) ) ;
#2936 = CARTESIAN_POINT ( 'NONE',  ( -0.2621378217447554171, -0.2257166413097304591, -0.01968503936907978202 ) ) ;
#2937 = VECTOR ( 'NONE', #5845, 39.37007874015748143 ) ;
#2938 = DIRECTION ( 'NONE',  ( 1.000000000000000000, 2.249460414123439847E-16, 1.685446266610459130E-16 ) ) ;
#2939 = CLOSED_SHELL ( 'NONE', ( #3528, #2510, #7188, #6726 ) ) ;
#2940 = DIRECTION ( 'NONE',  ( -0.000000000000000000, 0.000000000000000000, -1.000000000000000000 ) ) ;
#2941 = ORIENTED_EDGE ( 'NONE', *, *, #463, .T. ) ;
#2942 = ORIENTED_EDGE ( 'NONE', *, *, #6960, .T. ) ;
#2943 = CARTESIAN_POINT ( 'NONE',  ( -0.4156811288313697617, -0.2768977436719350926, -0.03543307086514277393 ) ) ;
#2944 = CARTESIAN_POINT ( 'NONE',  ( -0.4353661682014484668, 0.06955894924145036851, 0.5157480314970617208 ) ) ;
#2945 = CIRCLE ( 'NONE', #5126, 0.005905511811023654925 ) ;
#2946 = VECTOR ( 'NONE', #4093, 39.37007874015748143 ) ;
#2947 = DIRECTION ( 'NONE',  ( 0.000000000000000000, 0.000000000000000000, -1.000000000000000000 ) ) ;
#2948 = PLANE ( 'NONE',  #2701 ) ;
#2949 = CYLINDRICAL_SURFACE ( 'NONE', #2118, 0.003937007874015741038 ) ;
#2950 = ORIENTED_EDGE ( 'NONE', *, *, #1673, .F. ) ;
#2951 = VECTOR ( 'NONE', #3615, 39.37007874015748143 ) ;
#2952 = ORIENTED_EDGE ( 'NONE', *, *, #5194, .T. ) ;
#2953 = PLANE ( 'NONE',  #2755 ) ;
#2954 = AXIS2_PLACEMENT_3D ( 'NONE', #1633, #2167, #5582 ) ;
#2955 = CARTESIAN_POINT ( 'NONE',  ( -0.4038701052093223165, -0.07611034209713225807, 0.5314960629931247960 ) ) ;
#2956 = CARTESIAN_POINT ( 'NONE',  ( 0.4229015483339846893, -0.2965827830420139644, 0.5551181102372193532 ) ) ;
#2957 = CARTESIAN_POINT ( 'NONE',  ( -0.002295302059716200667, 0.01050383113121429804, 0.5177165354340697023 ) ) ;
#2958 = LINE ( 'NONE', #85, #1021 ) ;
#2959 = ADVANCED_FACE ( 'NONE', ( #4809 ), #7172, .T. ) ;
#2960 = ORIENTED_EDGE ( 'NONE', *, *, #1312, .T. ) ;
#2961 = ORIENTED_EDGE ( 'NONE', *, *, #6960, .F. ) ;
#2962 = EDGE_CURVE ( 'NONE', #5217, #270, #4319, .T. ) ;
#2963 = ORIENTED_EDGE ( 'NONE', *, *, #5299, .T. ) ;
#2964 = AXIS2_PLACEMENT_3D ( 'NONE', #7487, #1670, #37 ) ;
#2965 = CARTESIAN_POINT ( 'NONE',  ( 0.000000000000000000, -0.2178426255616989493, -0.01181102362104828607 ) ) ;
#2966 = DIRECTION ( 'NONE',  ( 0.000000000000000000, 0.000000000000000000, 1.000000000000000000 ) ) ;
#2967 = DIRECTION ( 'NONE',  ( -1.000000000000000000, 0.000000000000000000, 0.000000000000000000 ) ) ;
#2968 = ORIENTED_EDGE ( 'NONE', *, *, #6317, .T. ) ;
#2969 = CARTESIAN_POINT ( 'NONE',  ( -0.3015079004849131050, -0.06823632634910049843, -0.05905511810923725485 ) ) ;
#2970 = VERTEX_POINT ( 'NONE', #4166 ) ;
#2971 = ADVANCED_FACE ( 'NONE', ( #2427 ), #1445, .T. ) ;
#2972 = AXIS2_PLACEMENT_3D ( 'NONE', #6648, #4568, #1524 ) ;
#2973 = LINE ( 'NONE', #1319, #7234 ) ;
#2974 = DIRECTION ( 'NONE',  ( -1.000000000000000000, 0.000000000000000000, 0.000000000000000000 ) ) ;
#2975 = VECTOR ( 'NONE', #1842, 39.37007874015748143 ) ;
#2976 = ORIENTED_EDGE ( 'NONE', *, *, #4400, .F. ) ;
#2977 = DIRECTION ( 'NONE',  ( -1.000000000000000000, -0.000000000000000000, -0.000000000000000000 ) ) ;
#2978 = ORIENTED_EDGE ( 'NONE', *, *, #6527, .T. ) ;
#2979 = EDGE_LOOP ( 'NONE', ( #2110, #2249, #1607, #749 ) ) ;
#2980 = EDGE_CURVE ( 'NONE', #659, #1626, #1331, .T. ) ;
#2981 = LINE ( 'NONE', #5262, #456 ) ;
#2982 = LINE ( 'NONE', #720, #5045 ) ;
#2983 = CIRCLE ( 'NONE', #4804, 0.003937007874015749712 ) ;
#2984 = AXIS2_PLACEMENT_3D ( 'NONE', #3109, #6537, #5968 ) ;
#2985 = CARTESIAN_POINT ( 'NONE',  ( 0.3992795010898900765, 0.2939683980603484126, 0.5314960629931249070 ) ) ;
#2986 = LINE ( 'NONE', #722, #575 ) ;
#2987 = CARTESIAN_POINT ( 'NONE',  ( -0.002295302059716200667, 0.05774792561940326335, 0.5177165354340697023 ) ) ;
#2988 = LINE ( 'NONE', #4010, #1515 ) ;
#2989 = TOROIDAL_SURFACE ( 'NONE', #1182, 0.007874015748031551465, 0.003937007874015660373 ) ;
#2990 = CONICAL_SURFACE ( 'NONE', #3464, 0.04921259842498203890, 0.8760580504677332181 ) ;
#2991 = ORIENTED_EDGE ( 'NONE', *, *, #3566, .F. ) ;
#2992 = ORIENTED_EDGE ( 'NONE', *, *, #6771, .T. ) ;
#2993 = DIRECTION ( 'NONE',  ( 8.122061593601353110E-17, -0.7071067811865475727, 0.7071067811865473507 ) ) ;
#2994 = DIRECTION ( 'NONE',  ( -1.000000000000000000, 0.000000000000000000, 0.000000000000000000 ) ) ;
#2995 = AXIS2_PLACEMENT_3D ( 'NONE', #333, #4419, #6741 ) ;
#2996 = VECTOR ( 'NONE', #3204, 39.37007874015748143 ) ;
#2997 = DIRECTION ( 'NONE',  ( 0.000000000000000000, 0.000000000000000000, 1.000000000000000000 ) ) ;
#2998 = CARTESIAN_POINT ( 'NONE',  ( 0.4150275325859533182, -0.2887087672939823157, 0.08267716535532972089 ) ) ;
#2999 = DIRECTION ( 'NONE',  ( -5.123469692433252716E-17, -0.3713906763541071077, 0.9284766908852579714 ) ) ;
#3000 = DIRECTION ( 'NONE',  ( 0.000000000000000000, 0.000000000000000000, 1.000000000000000000 ) ) ;
#3001 = ORIENTED_EDGE ( 'NONE', *, *, #5579, .F. ) ;
#3002 = AXIS2_PLACEMENT_3D ( 'NONE', #3004, #4141, #5324 ) ;
#3003 = VERTEX_POINT ( 'NONE', #6489 ) ;
#3004 = CARTESIAN_POINT ( 'NONE',  ( -0.002295302059716200667, 0.01050383113121429804, 0.5295275590561169254 ) ) ;
#3005 = EDGE_CURVE ( 'NONE', #2806, #371, #262, .T. ) ;
#3006 = EDGE_CURVE ( 'NONE', #5984, #4666, #3591, .T. ) ;
#3007 = ORIENTED_EDGE ( 'NONE', *, *, #459, .F. ) ;
#3008 = DIRECTION ( 'NONE',  ( -1.000000000000000000, 0.000000000000000000, 0.000000000000000000 ) ) ;
#3009 = VERTEX_POINT ( 'NONE', #724 ) ;
#3010 = DIRECTION ( 'NONE',  ( -2.170377338929938639E-30, 1.502777547560049654E-15, -1.000000000000000000 ) ) ;
#3011 = DIRECTION ( 'NONE',  ( -0.000000000000000000, -1.000000000000000000, -0.000000000000000000 ) ) ;
#3012 = EDGE_CURVE ( 'NONE', #3468, #900, #1760, .T. ) ;
#3013 = EDGE_CURVE ( 'NONE', #4582, #5218, #4209, .T. ) ;
#3014 = DIRECTION ( 'NONE',  ( 1.685446266610458883E-16, 8.326672684688672821E-17, -1.000000000000000000 ) ) ;
#3015 = EDGE_CURVE ( 'NONE', #5962, #5955, #5928, .T. ) ;
#3016 = DIRECTION ( 'NONE',  ( 1.927470528863118802E-16, 1.000000000000000000, 0.000000000000000000 ) ) ;
#3017 = ORIENTED_EDGE ( 'NONE', *, *, #1393, .T. ) ;
#3018 = DIRECTION ( 'NONE',  ( -1.685446266610458883E-16, -8.326672684688672821E-17, 1.000000000000000000 ) ) ;
#3019 = ORIENTED_EDGE ( 'NONE', *, *, #5824, .F. ) ;
#3020 = EDGE_LOOP ( 'NONE', ( #7148, #5425, #3684, #5020 ) ) ;
#3021 = CARTESIAN_POINT ( 'NONE',  ( -0.3290669556030233478, -0.1568190035144548522, -0.05905511810923725485 ) ) ;
#3022 = CARTESIAN_POINT ( 'NONE',  ( -0.4353661682014484668, 0.06955894924145039626, 0.5551181102372192422 ) ) ;
#3023 = DIRECTION ( 'NONE',  ( 1.000000000000000000, 0.000000000000000000, 0.000000000000000000 ) ) ;
#3024 = LINE ( 'NONE', #111, #6393 ) ;
#3025 = FACE_OUTER_BOUND ( 'NONE', #49, .T. ) ;
#3026 = DIRECTION ( 'NONE',  ( 0.000000000000000000, 0.000000000000000000, 1.000000000000000000 ) ) ;
#3027 = ORIENTED_EDGE ( 'NONE', *, *, #608, .F. ) ;
#3028 = LINE ( 'NONE', #5348, #6512 ) ;
#3029 = DIRECTION ( 'NONE',  ( 0.000000000000000000, -1.000000000000000000, 0.000000000000000000 ) ) ;
#3030 = LINE ( 'NONE', #2472, #5148 ) ;
#3031 = DIRECTION ( 'NONE',  ( 0.000000000000000000, 0.000000000000000000, 1.000000000000000000 ) ) ;
#3032 = ADVANCED_FACE ( 'NONE', ( #7094 ), #3626, .T. ) ;
#3033 = CARTESIAN_POINT ( 'NONE',  ( -0.3881220737132595744, -0.1312284523333524244, 0.1771653543317075752 ) ) ;
#3034 = DIRECTION ( 'NONE',  ( 0.000000000000000000, 0.000000000000000000, -1.000000000000000000 ) ) ;
#3035 = VERTEX_POINT ( 'NONE', #5961 ) ;
#3036 = ORIENTED_EDGE ( 'NONE', *, *, #7010, .F. ) ;
#3037 = LINE ( 'NONE', #5357, #1795 ) ;
#3038 = ORIENTED_EDGE ( 'NONE', *, *, #6050, .T. ) ;
#3039 = CARTESIAN_POINT ( 'NONE',  ( -0.4196181367053853917, 0.2880628862493247455, -0.09055118110136337051 ) ) ;
#3040 = LENGTH_MEASURE_WITH_UNIT ( LENGTH_MEASURE( 0.02539999999999999897 ), #4110 );
#3041 = ORIENTED_EDGE ( 'NONE', *, *, #2789, .F. ) ;
#3042 = CARTESIAN_POINT ( 'NONE',  ( -0.4196181367053856692, 0.3057794216823956357, -0.03543307086514277393 ) ) ;
#3043 = ADVANCED_FACE ( 'NONE', ( #2504 ), #4243, .F. ) ;
#3044 = ORIENTED_EDGE ( 'NONE', *, *, #5939, .F. ) ;
#3045 = DIRECTION ( 'NONE',  ( 2.834079232620525851E-16, -1.000000000000000000, -8.326672684688667890E-17 ) ) ;
#3046 = LINE ( 'NONE', #3575, #944 ) ;
#3047 = EDGE_CURVE ( 'NONE', #4555, #7066, #2605, .T. ) ;
#3048 = CARTESIAN_POINT ( 'NONE',  ( -0.4196181367053853917, 0.2959369019973561721, -0.09055118110136337051 ) ) ;
#3049 = ORIENTED_EDGE ( 'NONE', *, *, #5585, .F. ) ;
#3050 = EDGE_CURVE ( 'NONE', #1957, #7224, #3099, .T. ) ;
#3051 = VERTEX_POINT ( 'NONE', #7212 ) ;
#3052 = AXIS2_PLACEMENT_3D ( 'NONE', #63, #2935, #6814 ) ;
#3053 = EDGE_CURVE ( 'NONE', #2815, #2661, #4923, .T. ) ;
#3054 = ORIENTED_EDGE ( 'NONE', *, *, #6050, .F. ) ;
#3055 = DIRECTION ( 'NONE',  ( 0.000000000000000000, 0.000000000000000000, 1.000000000000000000 ) ) ;
#3056 = CARTESIAN_POINT ( 'NONE',  ( -0.4353661682014482448, -0.3044567987900457240, -0.07086614173128460981 ) ) ;
#3057 = EDGE_CURVE ( 'NONE', #4322, #6380, #1012, .T. ) ;
#3058 = CIRCLE ( 'NONE', #519, 0.04921259842519682542 ) ;
#3059 = AXIS2_PLACEMENT_3D ( 'NONE', #5662, #465, #2767 ) ;
#3060 = DIRECTION ( 'NONE',  ( 0.000000000000000000, 0.000000000000000000, 1.000000000000000000 ) ) ;
#3061 = DIRECTION ( 'NONE',  ( -2.282530889443167515E-16, 1.000000000000000000, 0.000000000000000000 ) ) ;
#3062 = CARTESIAN_POINT ( 'NONE',  ( -0.4038701052093224830, 0.1522361145957813744, -0.2090985256260867453 ) ) ;
#3063 = CARTESIAN_POINT ( 'NONE',  ( -0.4156811288313698727, 0.1522361145957813744, 0.07086614173328242838 ) ) ;
#3064 = VERTEX_POINT ( 'NONE', #2754 ) ;
#3065 = AXIS2_PLACEMENT_3D ( 'NONE', #6186, #4463, #6783 ) ;
#3066 = AXIS2_PLACEMENT_3D ( 'NONE', #6536, #2473, #1976 ) ;
#3067 = DIRECTION ( 'NONE',  ( 5.123469692433410489E-17, 0.3713906763541026113, -0.9284766908852597478 ) ) ;
#3068 = EDGE_CURVE ( 'NONE', #3836, #484, #5539, .T. ) ;
#3069 = CARTESIAN_POINT ( 'NONE',  ( -0.2995393965484965948, -0.1784725468215414557, 0.06397767784406137304 ) ) ;
#3070 = CARTESIAN_POINT ( 'NONE',  ( -0.4196181367053856692, -0.1784725468215414557, 0.1771653543317075752 ) ) ;
#3071 = LINE ( 'NONE', #4776, #3667 ) ;
#3072 = AXIS2_PLACEMENT_3D ( 'NONE', #888, #7043, #5951 ) ;
#3073 = CARTESIAN_POINT ( 'NONE',  ( -0.4038701052093224830, 0.09711800435956068067, 0.5314960629931247960 ) ) ;
#3074 = ORIENTED_EDGE ( 'NONE', *, *, #797, .F. ) ;
#3075 = ORIENTED_EDGE ( 'NONE', *, *, #2077, .T. ) ;
#3076 = ADVANCED_FACE ( 'NONE', ( #370 ), #4425, .T. ) ;
#3077 = CIRCLE ( 'NONE', #5628, 0.02952755905511813758 ) ;
#3078 = LINE ( 'NONE', #5399, #4816 ) ;
#3079 = DIRECTION ( 'NONE',  ( 0.000000000000000000, 0.000000000000000000, 1.000000000000000000 ) ) ;
#3080 = CARTESIAN_POINT ( 'NONE',  ( 0.2772322569954019378, 0.01050383113121446804, -0.03543307086514277393 ) ) ;
#3081 = AXIS2_PLACEMENT_3D ( 'NONE', #1218, #4129, #2237 ) ;
#3082 = EDGE_LOOP ( 'NONE', ( #2555, #6966, #2743, #810 ) ) ;
#3083 = DIRECTION ( 'NONE',  ( -1.000000000000000000, -2.834079232620525851E-16, -1.685446266610459130E-16 ) ) ;
#3084 = VERTEX_POINT ( 'NONE', #447 ) ;
#3085 = ORIENTED_EDGE ( 'NONE', *, *, #3842, .T. ) ;
#3086 = CARTESIAN_POINT ( 'NONE',  ( -0.2345787666266452298, -0.2335906570577620522, 0.5314960629931247960 ) ) ;
#3087 = VECTOR ( 'NONE', #3083, 39.37007874015748143 ) ;
#3088 = ORIENTED_EDGE ( 'NONE', *, *, #7392, .F. ) ;
#3089 = ORIENTED_EDGE ( 'NONE', *, *, #7303, .F. ) ;
#3090 = CARTESIAN_POINT ( 'NONE',  ( -0.4196181367053853917, 0.2250707602650726946, -0.09055118110136337051 ) ) ;
#3091 = LINE ( 'NONE', #6446, #4081 ) ;
#3092 = EDGE_CURVE ( 'NONE', #503, #4840, #6747, .T. ) ;
#3093 = AXIS2_PLACEMENT_3D ( 'NONE', #6095, #2604, #3197 ) ;
#3094 = EDGE_CURVE ( 'NONE', #7436, #1425, #3683, .T. ) ;
#3095 = DIRECTION ( 'NONE',  ( 1.000000000000000000, 2.834079232620525851E-16, 1.685446266610459130E-16 ) ) ;
#3096 = CARTESIAN_POINT ( 'NONE',  ( -0.2719803414297948807, -0.2355591609947698117, -0.2283464566919144179 ) ) ;
#3097 = LINE ( 'NONE', #1895, #1376 ) ;
#3098 = DIMENSIONAL_EXPONENTS ( 1.000000000000000000, 0.000000000000000000, 0.000000000000000000, 0.000000000000000000, 0.000000000000000000, 0.000000000000000000, 0.000000000000000000 ) ;
#3099 = LINE ( 'NONE', #2581, #5390 ) ;
#3100 = ORIENTED_EDGE ( 'NONE', *, *, #3981, .T. ) ;
#3101 = VECTOR ( 'NONE', #2244, 39.37007874015748143 ) ;
#3102 = LINE ( 'NONE', #4772, #5289 ) ;
#3103 = CARTESIAN_POINT ( 'NONE',  ( 0.4307755640820161158, 0.3254644610524743409, -0.07086614173128448491 ) ) ;
#3104 = EDGE_CURVE ( 'NONE', #3876, #1600, #4611, .T. ) ;
#3105 = FACE_OUTER_BOUND ( 'NONE', #3162, .T. ) ;
#3106 = EDGE_CURVE ( 'NONE', #6700, #5770, #2080, .T. ) ;
#3107 = DIRECTION ( 'NONE',  ( -6.389152736814251085E-28, -1.000000000000000000, 1.662511986622967709E-41 ) ) ;
#3108 = VECTOR ( 'NONE', #7328, 39.37007874015748143 ) ;
#3109 = CARTESIAN_POINT ( 'NONE',  ( -0.3566260107211334240, 0.01050383113121422865, 0.5629921259852507243 ) ) ;
#3110 = VECTOR ( 'NONE', #2578, 39.37007874015748143 ) ;
#3111 = DIRECTION ( 'NONE',  ( -1.000000000000000000, -2.834079232620525851E-16, -1.685446266610459130E-16 ) ) ;
#3112 = EDGE_CURVE ( 'NONE', #2106, #3229, #2048, .T. ) ;
#3113 = ORIENTED_EDGE ( 'NONE', *, *, #5993, .F. ) ;
#3114 = ORIENTED_EDGE ( 'NONE', *, *, #7383, .F. ) ;
#3115 = CIRCLE ( 'NONE', #5423, 0.007874015748031449116 ) ;
#3116 = AXIS2_PLACEMENT_3D ( 'NONE', #677, #719, #4160 ) ;
#3117 = LINE ( 'NONE', #7227, #3963 ) ;
#3118 = VERTEX_POINT ( 'NONE', #7251 ) ;
#3119 = LINE ( 'NONE', #4340, #2626 ) ;
#3120 = DIRECTION ( 'NONE',  ( -0.000000000000000000, -0.000000000000000000, -1.000000000000000000 ) ) ;
#3121 = ORIENTED_EDGE ( 'NONE', *, *, #2501, .T. ) ;
#3122 = ORIENTED_EDGE ( 'NONE', *, *, #6564, .F. ) ;
#3123 = CARTESIAN_POINT ( 'NONE',  ( -0.4196181367053852251, -0.3044567987900457240, -0.07086614173128460981 ) ) ;
#3124 = VECTOR ( 'NONE', #7142, 39.37007874015748143 ) ;
#3125 = CARTESIAN_POINT ( 'NONE',  ( 0.000000000000000000, 0.000000000000000000, -0.01181102362104828607 ) ) ;
#3126 = ORIENTED_EDGE ( 'NONE', *, *, #932, .T. ) ;
#3127 = EDGE_LOOP ( 'NONE', ( #5406, #4649, #7127, #4828, #123 ) ) ;
#3128 = FILL_AREA_STYLE_COLOUR ( '', #2839 ) ;
#3129 = ORIENTED_EDGE ( 'NONE', *, *, #5073, .T. ) ;
#3130 = ORIENTED_EDGE ( 'NONE', *, *, #5895, .T. ) ;
#3131 = ORIENTED_EDGE ( 'NONE', *, *, #1440, .F. ) ;
#3132 = CARTESIAN_POINT ( 'NONE',  ( -0.4038701052093225941, 0.2939683980603483016, 0.07480314960729816942 ) ) ;
#3133 = DIRECTION ( 'NONE',  ( 1.000000000000000000, 0.000000000000000000, 0.000000000000000000 ) ) ;
#3134 = CARTESIAN_POINT ( 'NONE',  ( -0.2829000601793049130, 0.1994802090839704611, 0.06641710625766958365 ) ) ;
#3135 = PLANE ( 'NONE',  #4933 ) ;
#3136 = DIRECTION ( 'NONE',  ( 1.685446266610458883E-16, 8.326672684688672821E-17, -1.000000000000000000 ) ) ;
#3137 = DIRECTION ( 'NONE',  ( 5.123469692432959975E-17, 0.3713906763541154343, -0.9284766908852545297 ) ) ;
#3138 = ORIENTED_EDGE ( 'NONE', *, *, #1812, .F. ) ;
#3139 = ORIENTED_EDGE ( 'NONE', *, *, #4671, .F. ) ;
#3140 = PLANE ( 'NONE',  #1054 ) ;
#3141 = DIRECTION ( 'NONE',  ( 0.000000000000000000, 1.000000000000000000, 0.000000000000000000 ) ) ;
#3142 = ADVANCED_FACE ( 'NONE', ( #2680 ), #3857, .F. ) ;
#3143 = DIRECTION ( 'NONE',  ( 2.834079232620525851E-16, -1.000000000000000000, -8.326672684688667890E-17 ) ) ;
#3144 = DIRECTION ( 'NONE',  ( -1.000000000000000000, 0.000000000000000000, 0.000000000000000000 ) ) ;
#3145 = DIRECTION ( 'NONE',  ( 0.000000000000000000, 1.000000000000000000, 0.000000000000000000 ) ) ;
#3146 = ORIENTED_EDGE ( 'NONE', *, *, #2697, .T. ) ;
#3147 = EDGE_LOOP ( 'NONE', ( #2444, #6421, #2010, #3114, #3606, #666, #3496, #3240, #5024 ) ) ;
#3148 = ADVANCED_FACE ( 'NONE', ( #981 ), #4991, .F. ) ;
#3149 = EDGE_CURVE ( 'NONE', #1210, #1374, #5630, .T. ) ;
#3150 = DIRECTION ( 'NONE',  ( -2.834079232620525851E-16, 1.000000000000000000, 8.326672684688667890E-17 ) ) ;
#3151 = DIRECTION ( 'NONE',  ( 0.000000000000000000, 1.000000000000000000, 0.000000000000000000 ) ) ;
#3152 = CARTESIAN_POINT ( 'NONE',  ( 0.1433739892788664927, -0.1765040428845335574, -0.05905511810923725485 ) ) ;
#3153 = DIRECTION ( 'NONE',  ( 1.685446266610458883E-16, 8.326672684688672821E-17, -1.000000000000000000 ) ) ;
#3154 = VERTEX_POINT ( 'NONE', #1519 ) ;
#3155 = ORIENTED_EDGE ( 'NONE', *, *, #5427, .T. ) ;
#3156 = FACE_OUTER_BOUND ( 'NONE', #5751, .T. ) ;
#3157 = ADVANCED_FACE ( 'NONE', ( #2192 ), #6674, .F. ) ;
#3158 = CARTESIAN_POINT ( 'NONE',  ( 0.2378621782552445552, 0.2545983193201908357, -0.03543307086514277393 ) ) ;
#3159 = CARTESIAN_POINT ( 'NONE',  ( 0.4032165089639056510, 0.2979054059343640426, 0.07086614173328242838 ) ) ;
#3160 = ORIENTED_EDGE ( 'NONE', *, *, #4194, .T. ) ;
#3161 = FILL_AREA_STYLE_COLOUR ( '', #5026 ) ;
#3162 = EDGE_LOOP ( 'NONE', ( #4626, #5092, #4800, #1154 ) ) ;
#3163 = ORIENTED_EDGE ( 'NONE', *, *, #2819, .T. ) ;
#3164 = ORIENTED_EDGE ( 'NONE', *, *, #4122, .T. ) ;
#3165 = DIRECTION ( 'NONE',  ( 0.000000000000000000, 0.000000000000000000, 1.000000000000000000 ) ) ;
#3166 = DIRECTION ( 'NONE',  ( -1.685446266610458883E-16, -8.326672684688672821E-17, 1.000000000000000000 ) ) ;
#3167 = EDGE_CURVE ( 'NONE', #1998, #6017, #6608, .T. ) ;
#3168 = DIRECTION ( 'NONE',  ( -1.685446266610458883E-16, -8.326672684688672821E-17, 1.000000000000000000 ) ) ;
#3169 = VECTOR ( 'NONE', #1929, 39.37007874015748143 ) ;
#3170 = FACE_OUTER_BOUND ( 'NONE', #248, .T. ) ;
#3171 = DIRECTION ( 'NONE',  ( 1.000000000000000000, 0.000000000000000000, 0.000000000000000000 ) ) ;
#3172 = ORIENTED_EDGE ( 'NONE', *, *, #971, .T. ) ;
#3173 = ORIENTED_EDGE ( 'NONE', *, *, #2077, .F. ) ;
#3174 = CARTESIAN_POINT ( 'NONE',  ( -0.2719803414297948807, -0.2355591609947698117, -0.2283464566919144179 ) ) ;
#3175 = CIRCLE ( 'NONE', #642, 0.003937007874015758385 ) ;
#3176 = DIRECTION ( 'NONE',  ( -1.000000000000000000, 0.000000000000000000, 0.000000000000000000 ) ) ;
#3177 = CARTESIAN_POINT ( 'NONE',  ( -0.4196181367053855027, -0.2887087672939823713, -0.01181102362104828607 ) ) ;
#3178 = CARTESIAN_POINT ( 'NONE',  ( -0.4353661682014482448, -0.2040630980026439667, -0.09055118110136337051 ) ) ;
#3179 = CARTESIAN_POINT ( 'NONE',  ( -0.3330039634770389778, -0.009181208238864290924, -0.03543307086514277393 ) ) ;
#3180 = ORIENTED_EDGE ( 'NONE', *, *, #1587, .F. ) ;
#3181 = VECTOR ( 'NONE', #4424, 39.37007874015748143 ) ;
#3182 = EDGE_LOOP ( 'NONE', ( #2428, #5940, #3479, #5033 ) ) ;
#3183 = CIRCLE ( 'NONE', #5600, 0.04921259842519682542 ) ;
#3184 = DIRECTION ( 'NONE',  ( 0.000000000000000000, -0.000000000000000000, -1.000000000000000000 ) ) ;
#3185 = VECTOR ( 'NONE', #672, 39.37007874015748143 ) ;
#3186 = CARTESIAN_POINT ( 'NONE',  ( 0.07644485542059896444, -0.2887087672939823713, -0.07086614173128460981 ) ) ;
#3187 = DIRECTION ( 'NONE',  ( 0.000000000000000000, 1.000000000000000000, 0.000000000000000000 ) ) ;
#3188 = EDGE_CURVE ( 'NONE', #4483, #6294, #4298, .T. ) ;
#3189 = EDGE_CURVE ( 'NONE', #1635, #4784, #2617, .T. ) ;
#3190 = DIRECTION ( 'NONE',  ( 2.834079232620525851E-16, -1.000000000000000000, -8.326672684688667890E-17 ) ) ;
#3191 = DIRECTION ( 'NONE',  ( 1.000000000000000000, 2.834079232620525851E-16, 1.685446266610459130E-16 ) ) ;
#3192 = ORIENTED_EDGE ( 'NONE', *, *, #380, .F. ) ;
#3193 = ORIENTED_EDGE ( 'NONE', *, *, #1273, .T. ) ;
#3194 = VECTOR ( 'NONE', #5394, 39.37007874015748143 ) ;
#3195 = LINE ( 'NONE', #4833, #4433 ) ;
#3196 = DIMENSIONAL_EXPONENTS ( 1.000000000000000000, 0.000000000000000000, 0.000000000000000000, 0.000000000000000000, 0.000000000000000000, 0.000000000000000000, 0.000000000000000000 ) ;
#3197 = DIRECTION ( 'NONE',  ( 0.000000000000000000, 0.000000000000000000, 1.000000000000000000 ) ) ;
#3198 = VECTOR ( 'NONE', #6112, 39.37007874015748143 ) ;
#3199 = EDGE_LOOP ( 'NONE', ( #5440, #4380, #5400, #2109 ) ) ;
#3201 = ADVANCED_FACE ( 'NONE', ( #5259 ), #7435, .T. ) ;
#3200 = VERTEX_POINT ( 'NONE', #3211 ) ;
#3202 = VERTEX_POINT ( 'NONE', #561 ) ;
#3203 = EDGE_LOOP ( 'NONE', ( #5583, #2306, #4609, #6428 ) ) ;
#3204 = DIRECTION ( 'NONE',  ( -1.685446266610458883E-16, -8.326672684688672821E-17, 1.000000000000000000 ) ) ;
#3205 = AXIS2_PLACEMENT_3D ( 'NONE', #4085, #2940, #6442 ) ;
#3206 = LINE ( 'NONE', #2112, #1427 ) ;
#3207 = CARTESIAN_POINT ( 'NONE',  ( -0.4274921524534170958, 0.3254644610524741744, 0.5551181102372193532 ) ) ;
#3208 = CARTESIAN_POINT ( 'NONE',  ( 0.3992795010898901320, 0.2939683980603484126, 0.08267716535532965150 ) ) ;
#3209 = AXIS2_PLACEMENT_3D ( 'NONE', #2485, #781, #5288 ) ;
#3210 = DIRECTION ( 'NONE',  ( 0.000000000000000000, -1.000000000000000000, -8.673617379883787770E-15 ) ) ;
#3211 = CARTESIAN_POINT ( 'NONE',  ( -0.4196181367053852251, -0.1981575861916202996, 0.08267716535532952660 ) ) ;
#3212 = ADVANCED_FACE ( 'NONE', ( #1208, #2344 ), #4688, .T. ) ;
#3213 = ORIENTED_EDGE ( 'NONE', *, *, #6363, .T. ) ;
#3214 = ORIENTED_EDGE ( 'NONE', *, *, #2317, .T. ) ;
#3215 = CIRCLE ( 'NONE', #314, 0.007874015748031516770 ) ;
#3216 = CARTESIAN_POINT ( 'NONE',  ( -0.2818228611148343443, 0.06955894924145068769, -0.03543307086514277393 ) ) ;
#3217 = DIRECTION ( 'NONE',  ( 0.000000000000000000, 0.000000000000000000, 1.000000000000000000 ) ) ;
#3218 = CARTESIAN_POINT ( 'NONE',  ( 0.4032165089639056510, 0.3057794216823955802, -0.03543307086514277393 ) ) ;
#3219 = LINE ( 'NONE', #2688, #4049 ) ;
#3220 = VECTOR ( 'NONE', #784, 39.37007874015748143 ) ;
#3221 = VECTOR ( 'NONE', #6304, 39.37007874015748143 ) ;
#3222 = VERTEX_POINT ( 'NONE', #28 ) ;
#3223 = ORIENTED_EDGE ( 'NONE', *, *, #2093, .F. ) ;
#3224 = CIRCLE ( 'NONE', #6265, 0.01181102362204724046 ) ;
#3225 = LINE ( 'NONE', #352, #6585 ) ;
#3226 = CARTESIAN_POINT ( 'NONE',  ( -0.4038701052093224830, 0.09711800435956068067, 0.4881889763789515890 ) ) ;
#3227 = DIRECTION ( 'NONE',  ( -1.000000000000000000, -3.035766082959413894E-16, 0.000000000000000000 ) ) ;
#3228 = CARTESIAN_POINT ( 'NONE',  ( -0.4038701052093224830, 0.1522361145957813744, 0.07480314960729815554 ) ) ;
#3229 = VERTEX_POINT ( 'NONE', #3502 ) ;
#3230 = VECTOR ( 'NONE', #5744, 39.37007874015748143 ) ;
#3231 = ORIENTED_EDGE ( 'NONE', *, *, #478, .F. ) ;
#3232 = SURFACE_STYLE_USAGE ( .BOTH. , #930 ) ;
#3233 = ADVANCED_FACE ( 'NONE', ( #2226 ), #3436, .F. ) ;
#3234 = AXIS2_PLACEMENT_3D ( 'NONE', #1069, #6794, #7339 ) ;
#3235 = EDGE_CURVE ( 'NONE', #4230, #3731, #2866, .T. ) ;
#3236 = VECTOR ( 'NONE', #3768, 39.37007874015748143 ) ;
#3237 = DIRECTION ( 'NONE',  ( -1.000000000000000000, 0.000000000000000000, 0.000000000000000000 ) ) ;
#3238 = ORIENTED_EDGE ( 'NONE', *, *, #1777, .T. ) ;
#3239 = EDGE_LOOP ( 'NONE', ( #6144, #2922, #2710, #6335 ) ) ;
#3240 = ORIENTED_EDGE ( 'NONE', *, *, #877, .F. ) ;
#3241 = EDGE_LOOP ( 'NONE', ( #1897, #2653, #918, #372 ) ) ;
#3242 = LINE ( 'NONE', #1512, #5174 ) ;
#3243 = EDGE_CURVE ( 'NONE', #3480, #1783, #6974, .T. ) ;
#3244 = EDGE_CURVE ( 'NONE', #3009, #7355, #6858, .T. ) ;
#3245 = LINE ( 'NONE', #2074, #2521 ) ;
#3246 = CARTESIAN_POINT ( 'NONE',  ( -0.2700118374927871767, 0.1994802090839704611, 0.01968503937107769428 ) ) ;
#3247 = CARTESIAN_POINT ( 'NONE',  ( 0.4229015483339847448, -0.2965827830420139644, -0.08267716535333172190 ) ) ;
#3248 = FACE_OUTER_BOUND ( 'NONE', #3572, .T. ) ;
#3249 = CARTESIAN_POINT ( 'NONE',  ( 0.4072612336701985636, 0.3050106730765859697, 0.07480314960729816942 ) ) ;
#3250 = ORIENTED_EDGE ( 'NONE', *, *, #6911, .F. ) ;
#3251 = ORIENTED_EDGE ( 'NONE', *, *, #1578, .T. ) ;
#3252 = FACE_OUTER_BOUND ( 'NONE', #5619, .T. ) ;
#3253 = ADVANCED_FACE ( 'NONE', ( #4119 ), #3429, .F. ) ;
#3254 = FACE_OUTER_BOUND ( 'NONE', #2323, .T. ) ;
#3255 = CARTESIAN_POINT ( 'NONE',  ( 0.1866810758930398662, -0.2454016806798090533, -0.01181102362104828607 ) ) ;
#3256 = CARTESIAN_POINT ( 'NONE',  ( -0.4078071130833383906, -0.2887087672939823713, -0.01181102362104828607 ) ) ;
#3257 = ORIENTED_EDGE ( 'NONE', *, *, #1406, .F. ) ;
#3258 = VERTEX_POINT ( 'NONE', #3466 ) ;
#3259 = CARTESIAN_POINT ( 'NONE',  ( -0.2896968768628658819, 0.1758581618398758484, 0.1771653543317075752 ) ) ;
#3260 = ADVANCED_FACE ( 'NONE', ( #2826 ), #4418, .T. ) ;
#3261 = LINE ( 'NONE', #497, #158 ) ;
#3262 = DIRECTION ( 'NONE',  ( 1.000000000000000000, 1.609432433473172644E-16, 1.685446266610459130E-16 ) ) ;
#3263 = CARTESIAN_POINT ( 'NONE',  ( -0.2700118374927871767, -0.1548504995774468984, 0.01968503937107769428 ) ) ;
#3264 = ORIENTED_EDGE ( 'NONE', *, *, #5658, .F. ) ;
#3265 = ORIENTED_EDGE ( 'NONE', *, *, #7243, .F. ) ;
#3266 = DIRECTION ( 'NONE',  ( 0.000000000000000000, 0.000000000000000000, 1.000000000000000000 ) ) ;
#3267 = LINE ( 'NONE', #5593, #436 ) ;
#3268 = LINE ( 'NONE', #6664, #6583 ) ;
#3269 = VERTEX_POINT ( 'NONE', #1659 ) ;
#3270 = CARTESIAN_POINT ( 'NONE',  ( -0.3093819162329445316, 0.07743296498948194773, 0.5629921259852507243 ) ) ;
#3271 = VERTEX_POINT ( 'NONE', #66 ) ;
#3272 = EDGE_LOOP ( 'NONE', ( #4306, #5445, #1432, #3431 ) ) ;
#3273 = ORIENTED_EDGE ( 'NONE', *, *, #1217, .F. ) ;
#3274 = EDGE_CURVE ( 'NONE', #460, #4344, #1815, .T. ) ;
#3275 = CARTESIAN_POINT ( 'NONE',  ( -0.4156811288313699282, 0.2979054059343640426, -0.03149606299112701902 ) ) ;
#3276 = PLANE ( 'NONE',  #2154 ) ;
#3277 = DIRECTION ( 'NONE',  ( 0.000000000000000000, 0.000000000000000000, 1.000000000000000000 ) ) ;
#3278 = CARTESIAN_POINT ( 'NONE',  ( -0.2700118374927871767, -0.1548504995774468984, 0.1574803149616288978 ) ) ;
#3279 = EDGE_CURVE ( 'NONE', #4865, #270, #7476, .T. ) ;
#3280 = CARTESIAN_POINT ( 'NONE',  ( -0.3330039634770389778, 0.03018887050129322527, -0.02362204724309532183 ) ) ;
#3281 = ADVANCED_FACE ( 'NONE', ( #1781, #483 ), #7517, .F. ) ;
#3282 = DIRECTION ( 'NONE',  ( 0.000000000000000000, 1.000000000000000000, 0.000000000000000000 ) ) ;
#3283 = VERTEX_POINT ( 'NONE', #4570 ) ;
#3284 = ORIENTED_EDGE ( 'NONE', *, *, #4356, .F. ) ;
#3285 = AXIS2_PLACEMENT_3D ( 'NONE', #3401, #4103, #6458 ) ;
#3286 = DIRECTION ( 'NONE',  ( 5.123469692433445618E-17, 0.3713906763541016121, -0.9284766908852601919 ) ) ;
#3287 = CARTESIAN_POINT ( 'NONE',  ( 0.4110905247119372441, 0.3000942073304559976, -0.03543307086514277393 ) ) ;
#3288 = DIRECTION ( 'NONE',  ( 0.000000000000000000, 0.000000000000000000, -1.000000000000000000 ) ) ;
#3289 = ORIENTED_EDGE ( 'NONE', *, *, #319, .F. ) ;
#3290 = VERTEX_POINT ( 'NONE', #5761 ) ;
#3291 = EDGE_CURVE ( 'NONE', #6255, #2394, #4659, .T. ) ;
#3292 = VECTOR ( 'NONE', #4576, 39.37007874015748143 ) ;
#3293 = CARTESIAN_POINT ( 'NONE',  ( 0.2772322569954019378, 0.01050383113121446804, -0.01181102362104828607 ) ) ;
#3294 = DIRECTION ( 'NONE',  ( 8.673617379884033007E-17, 1.000000000000000000, 0.000000000000000000 ) ) ;
#3295 = CARTESIAN_POINT ( 'NONE',  ( -0.2896968768628658264, 0.1861928075091673351, 0.06299212598525089080 ) ) ;
#3296 = AXIS2_PLACEMENT_3D ( 'NONE', #3844, #6175, #433 ) ;
#3297 = DIRECTION ( 'NONE',  ( 0.000000000000000000, -1.000000000000000000, 0.000000000000000000 ) ) ;
#3298 = ADVANCED_FACE ( 'NONE', ( #4607 ), #6934, .F. ) ;
#3299 = ORIENTED_EDGE ( 'NONE', *, *, #6630, .F. ) ;
#3300 = VECTOR ( 'NONE', #4354, 39.37007874015748143 ) ;
#3301 = AXIS2_PLACEMENT_3D ( 'NONE', #5933, #2433, #3599 ) ;
#3302 = CARTESIAN_POINT ( 'NONE',  ( 0.4032165089639055400, 0.2979054059343637650, -0.03149606299112701902 ) ) ;
#3303 = AXIS2_PLACEMENT_3D ( 'NONE', #5224, #1206, #6323 ) ;
#3304 = EDGE_LOOP ( 'NONE', ( #6777, #2201, #2756, #1511 ) ) ;
#3305 = LINE ( 'NONE', #3877, #1152 ) ;
#3306 = ORIENTED_EDGE ( 'NONE', *, *, #7153, .F. ) ;
#3307 = EDGE_LOOP ( 'NONE', ( #3641, #1651, #5452, #897 ) ) ;
#3308 = ORIENTED_EDGE ( 'NONE', *, *, #6215, .F. ) ;
#3309 = DIRECTION ( 'NONE',  ( 0.000000000000000000, 0.000000000000000000, -1.000000000000000000 ) ) ;
#3310 = CARTESIAN_POINT ( 'NONE',  ( -0.2798543571775051197, -0.1548504995774468984, 0.06299212598532150098 ) ) ;
#3311 = VECTOR ( 'NONE', #4664, 39.37007874015748143 ) ;
#3312 = FACE_OUTER_BOUND ( 'NONE', #494, .T. ) ;
#3313 = DIRECTION ( 'NONE',  ( -2.834079232620525851E-16, 1.000000000000000000, 8.326672684688667890E-17 ) ) ;
#3314 = DIRECTION ( 'NONE',  ( -0.000000000000000000, -0.000000000000000000, -1.000000000000000000 ) ) ;
#3315 = AXIS2_PLACEMENT_3D ( 'NONE', #6868, #3511, #612 ) ;
#3316 = VERTEX_POINT ( 'NONE', #6369 ) ;
#3317 = ORIENTED_EDGE ( 'NONE', *, *, #5576, .T. ) ;
#3318 = CARTESIAN_POINT ( 'NONE',  ( -0.3881220737132595744, -0.1548504995774468984, 0.01968503937107769428 ) ) ;
#3319 = EDGE_CURVE ( 'NONE', #5528, #3051, #5225, .T. ) ;
#3320 = EDGE_CURVE ( 'NONE', #4415, #2055, #7461, .T. ) ;
#3321 = CARTESIAN_POINT ( 'NONE',  ( -0.4078071130833383906, 0.3097164295564113212, 0.07086614173328242838 ) ) ;
#3322 = EDGE_CURVE ( 'NONE', #6063, #2354, #1259, .T. ) ;
#3323 = DIRECTION ( 'NONE',  ( 2.155658725707267779E-16, -0.9486832980505143231, 0.3162277660168362203 ) ) ;
#3324 = DIRECTION ( 'NONE',  ( 0.000000000000000000, 0.000000000000000000, -1.000000000000000000 ) ) ;
#3325 = VERTEX_POINT ( 'NONE', #6554 ) ;
#3326 = VERTEX_POINT ( 'NONE', #3691 ) ;
#3327 = AXIS2_PLACEMENT_3D ( 'NONE', #4430, #2722, #3286 ) ;
#3328 = EDGE_CURVE ( 'NONE', #469, #6592, #4799, .T. ) ;
#3329 = EDGE_CURVE ( 'NONE', #3570, #2174, #5271, .T. ) ;
#3330 = PLANE ( 'NONE',  #3843 ) ;
#3331 = CARTESIAN_POINT ( 'NONE',  ( -0.3605630185951491096, -0.02099223186091146373, -0.01181102362104828607 ) ) ;
#3332 = CARTESIAN_POINT ( 'NONE',  ( -0.3487519949731019420, 0.03018887050129321833, -0.2086614173218356572 ) ) ;
#3333 = AXIS2_PLACEMENT_3D ( 'NONE', #4785, #164, #3187 ) ;
#3334 = CARTESIAN_POINT ( 'NONE',  ( 0.4032165089639058175, -0.2847717594199666302, 0.07480314960729816942 ) ) ;
#3335 = EDGE_LOOP ( 'NONE', ( #5794, #2741, #124, #3238 ) ) ;
#3336 = ORIENTED_EDGE ( 'NONE', *, *, #800, .T. ) ;
#3337 = AXIS2_PLACEMENT_3D ( 'NONE', #472, #2808, #7418 ) ;
#3338 = CYLINDRICAL_SURFACE ( 'NONE', #567, 0.003937007874015741038 ) ;
#3339 = AXIS2_PLACEMENT_3D ( 'NONE', #5393, #6082, #2552 ) ;
#3340 = FACE_OUTER_BOUND ( 'NONE', #417, .T. ) ;
#3341 = BREP_WITH_VOIDS ( 'NONE', #521, ( #2264 ) );
#3342 = ADVANCED_FACE ( 'NONE', ( #1277 ), #1995, .F. ) ;
#3343 = DIRECTION ( 'NONE',  ( -1.000000000000000000, -0.000000000000000000, -0.000000000000000000 ) ) ;
#3344 = AXIS2_PLACEMENT_3D ( 'NONE', #1291, #5930, #727 ) ;
#3345 = DIRECTION ( 'NONE',  ( 0.000000000000000000, 0.000000000000000000, 1.000000000000000000 ) ) ;
#3346 = ORIENTED_EDGE ( 'NONE', *, *, #1935, .F. ) ;
#3347 = ORIENTED_EDGE ( 'NONE', *, *, #4940, .F. ) ;
#3348 = LINE ( 'NONE', #5752, #5790 ) ;
#3349 = DIRECTION ( 'NONE',  ( 1.000000000000000000, -5.877471754111986674E-31, -1.850848880827153687E-15 ) ) ;
#3350 = AXIS2_PLACEMENT_3D ( 'NONE', #701, #4783, #5862 ) ;
#3351 = VECTOR ( 'NONE', #222, 39.37007874015748143 ) ;
#3352 = LINE ( 'NONE', #559, #5868 ) ;
#3353 = LINE ( 'NONE', #482, #2816 ) ;
#3354 = DIRECTION ( 'NONE',  ( -1.000000000000000000, 0.000000000000000000, 0.000000000000000000 ) ) ;
#3355 = AXIS2_PLACEMENT_3D ( 'NONE', #1805, #242, #6615 ) ;
#3356 = ORIENTED_EDGE ( 'NONE', *, *, #1038, .T. ) ;
#3357 = ORIENTED_EDGE ( 'NONE', *, *, #7283, .T. ) ;
#3358 = DIRECTION ( 'NONE',  ( -1.000000000000000000, 0.000000000000000000, 0.000000000000000000 ) ) ;
#3359 = DIRECTION ( 'NONE',  ( -2.834079232620525851E-16, 1.000000000000000000, 8.326672684688667890E-17 ) ) ;
#3360 = CARTESIAN_POINT ( 'NONE',  ( 0.000000000000000000, -0.2355591609947698117, -0.01181102362104828607 ) ) ;
#3361 = PLANE ( 'NONE',  #212 ) ;
#3362 = FACE_OUTER_BOUND ( 'NONE', #4120, .T. ) ;
#3363 = CARTESIAN_POINT ( 'NONE',  ( -0.4196181367053852251, -0.1961890822546124569, -0.07086614173128460981 ) ) ;
#3364 = ADVANCED_FACE ( 'NONE', ( #7162 ), #4838, .F. ) ;
#3365 = VERTEX_POINT ( 'NONE', #1886 ) ;
#3366 = ORIENTED_EDGE ( 'NONE', *, *, #5235, .T. ) ;
#3367 = EDGE_CURVE ( 'NONE', #6244, #2698, #1322, .T. ) ;
#3368 = DIRECTION ( 'NONE',  ( -1.000000000000000000, 0.000000000000000000, 0.000000000000000000 ) ) ;
#3369 = DIRECTION ( 'NONE',  ( 1.000000000000000000, 1.204669080539449344E-16, 0.000000000000000000 ) ) ;
#3370 = CARTESIAN_POINT ( 'NONE',  ( 0.4032165089639056510, 0.3097164295564112102, -0.03149606299112701902 ) ) ;
#3371 = CARTESIAN_POINT ( 'NONE',  ( 0.4110905247119373551, -0.2768977436719350926, 0.07480314960729816942 ) ) ;
#3372 = DIRECTION ( 'NONE',  ( 1.000000000000000000, 0.000000000000000000, 0.000000000000000000 ) ) ;
#3373 = ADVANCED_FACE ( 'NONE', ( #750 ), #2537, .F. ) ;
#3374 = VERTEX_POINT ( 'NONE', #4267 ) ;
#3375 = EDGE_CURVE ( 'NONE', #5112, #5211, #788, .T. ) ;
#3376 = VERTEX_POINT ( 'NONE', #326 ) ;
#3377 = CARTESIAN_POINT ( 'NONE',  ( -0.4078071130833383351, -0.2768977436719350926, -0.03149606299112701902 ) ) ;
#3378 = LINE ( 'NONE', #5171, #454 ) ;
#3379 = DIRECTION ( 'NONE',  ( -0.7071067811865434649, 0.000000000000000000, -0.7071067811865515695 ) ) ;
#3380 = VERTEX_POINT ( 'NONE', #6626 ) ;
#3381 = DIRECTION ( 'NONE',  ( -0.000000000000000000, -1.000000000000000000, -0.000000000000000000 ) ) ;
#3382 = ORIENTED_EDGE ( 'NONE', *, *, #7056, .F. ) ;
#3383 = VERTEX_POINT ( 'NONE', #3270 ) ;
#3384 = DIRECTION ( 'NONE',  ( -2.303755344057744241E-16, 0.7682212795138569916, 0.6401843997647022055 ) ) ;
#3385 = CARTESIAN_POINT ( 'NONE',  ( -0.4038701052093223165, 0.1994802090839702946, 0.1023622047254082734 ) ) ;
#3386 = CARTESIAN_POINT ( 'NONE',  ( -0.3015079004849131050, 0.06955894924145068769, -0.03543307086514277393 ) ) ;
#3387 = DIRECTION ( 'NONE',  ( -1.000000000000000000, -1.257057890823428291E-16, -1.685446266610458883E-16 ) ) ;
#3388 = CARTESIAN_POINT ( 'NONE',  ( -0.1361535697762516206, 0.01050383113121446804, -0.05905511811002143313 ) ) ;
#3389 = VERTEX_POINT ( 'NONE', #5484 ) ;
#3390 = ORIENTED_EDGE ( 'NONE', *, *, #1359, .T. ) ;
#3391 = ADVANCED_FACE ( 'NONE', ( #4980 ), #1433, .F. ) ;
#3392 = CARTESIAN_POINT ( 'NONE',  ( -0.1912716800124721617, 0.2270392642020806762, -0.03543307086514277393 ) ) ;
#3393 = CARTESIAN_POINT ( 'NONE',  ( -0.4474569863583991447, -0.1784725468215415667, 0.1023622047254082318 ) ) ;
#3394 = CARTESIAN_POINT ( 'NONE',  ( -0.4196181367053855027, -0.2887087672939823713, 0.07086614173328242838 ) ) ;
#3395 = CARTESIAN_POINT ( 'NONE',  ( -0.006232309933731926092, 0.01050383113121446804, -0.01181102362104828607 ) ) ;
#3396 = ORIENTED_EDGE ( 'NONE', *, *, #7358, .T. ) ;
#3397 = VERTEX_POINT ( 'NONE', #4949 ) ;
#3398 = MANIFOLD_SOLID_BREP ( 'Fillet3', #2811 ) ;
#3399 = DIRECTION ( 'NONE',  ( 1.734723475976808475E-15, 1.000000000000000000, 0.000000000000000000 ) ) ;
#3400 = LINE ( 'NONE', #4586, #2494 ) ;
#3401 = CARTESIAN_POINT ( 'NONE',  ( -0.2109567193825508946, 0.1975117051469625351, -0.05905511810923725485 ) ) ;
#3402 = DIRECTION ( 'NONE',  ( -0.7071067811865434649, 0.000000000000000000, -0.7071067811865515695 ) ) ;
#3403 = CARTESIAN_POINT ( 'NONE',  ( -0.006232309933731926092, 0.01050383113121446804, -0.03543307086514277393 ) ) ;
#3404 = AXIS2_PLACEMENT_3D ( 'NONE', #4421, #401, #1442 ) ;
#3405 = EDGE_LOOP ( 'NONE', ( #2175, #4832, #221, #68 ) ) ;
#3406 = VERTEX_POINT ( 'NONE', #2147 ) ;
#3407 = LINE ( 'NONE', #6887, #5534 ) ;
#3408 = DIRECTION ( 'NONE',  ( 0.000000000000000000, 0.000000000000000000, -1.000000000000000000 ) ) ;
#3409 = EDGE_CURVE ( 'NONE', #3839, #5955, #2107, .T. ) ;
#3410 = AXIS2_PLACEMENT_3D ( 'NONE', #626, #6578, #3610 ) ;
#3411 = EDGE_CURVE ( 'NONE', #1870, #2889, #4456, .T. ) ;
#3412 = CARTESIAN_POINT ( 'NONE',  ( -0.06922443591798399520, 0.01050383113121447672, -0.01181102362104828607 ) ) ;
#3413 = DIRECTION ( 'NONE',  ( -1.000000000000000000, -0.000000000000000000, -0.000000000000000000 ) ) ;
#3414 = EDGE_CURVE ( 'NONE', #2009, #4801, #7239, .T. ) ;
#3415 = DIRECTION ( 'NONE',  ( -1.000000000000000000, -3.035766082959413894E-16, 0.000000000000000000 ) ) ;
#3416 = ORIENTED_EDGE ( 'NONE', *, *, #5570, .F. ) ;
#3417 = VECTOR ( 'NONE', #1855, 39.37007874015748143 ) ;
#3418 = VECTOR ( 'NONE', #4621, 39.37007874015748143 ) ;
#3419 = ORIENTED_EDGE ( 'NONE', *, *, #4055, .F. ) ;
#3420 = DIRECTION ( 'NONE',  ( 0.000000000000000000, 0.000000000000000000, -1.000000000000000000 ) ) ;
#3421 = FACE_OUTER_BOUND ( 'NONE', #4460, .T. ) ;
#3422 = ADVANCED_FACE ( 'NONE', ( #4413 ), #4377, .F. ) ;
#3423 = PLANE ( 'NONE',  #432 ) ;
#3424 = AXIS2_PLACEMENT_3D ( 'NONE', #6692, #2379, #926 ) ;
#3425 = DIRECTION ( 'NONE',  ( 0.000000000000000000, 1.000000000000000000, 0.000000000000000000 ) ) ;
#3426 = EDGE_CURVE ( 'NONE', #1089, #7421, #3305, .T. ) ;
#3427 = PLANE ( 'NONE',  #4290 ) ;
#3428 = MANIFOLD_SOLID_BREP ( 'Boss-Extrude2[3]', #4026 ) ;
#3429 = CYLINDRICAL_SURFACE ( 'NONE', #2240, 0.01968503937007875723 ) ;
#3430 = VERTEX_POINT ( 'NONE', #6285 ) ;
#3431 = ORIENTED_EDGE ( 'NONE', *, *, #7077, .F. ) ;
#3432 = CARTESIAN_POINT ( 'NONE',  ( -0.4274921524534169293, 0.3175904453044426923, -0.08267716535333186068 ) ) ;
#3433 = DIRECTION ( 'NONE',  ( 1.000000000000000000, 0.000000000000000000, 0.000000000000000000 ) ) ;
#3434 = CARTESIAN_POINT ( 'NONE',  ( 0.3402243829796539054, -0.1568190035144548800, -0.05905511810923725485 ) ) ;
#3435 = CARTESIAN_POINT ( 'NONE',  ( -0.1912716800124721617, -0.2060316019396516429, -0.05905511810923725485 ) ) ;
#3436 = CONICAL_SURFACE ( 'NONE', #4526, 0.03937007874100611343, 0.4636476090008060935 ) ;
#3437 = DIRECTION ( 'NONE',  ( 2.834079232620525851E-16, -1.000000000000000000, -8.326672684688667890E-17 ) ) ;
#3438 = DIRECTION ( 'NONE',  ( -2.834079232620525851E-16, 1.000000000000000000, 8.326672684688667890E-17 ) ) ;
#3439 = ORIENTED_EDGE ( 'NONE', *, *, #3842, .F. ) ;
#3440 = ORIENTED_EDGE ( 'NONE', *, *, #1621, .F. ) ;
#3441 = VECTOR ( 'NONE', #6024, 39.37007874015748143 ) ;
#3442 = LINE ( 'NONE', #1708, #6405 ) ;
#3443 = DIRECTION ( 'NONE',  ( -1.000000000000000000, -2.834079232620525851E-16, -1.685446266610459130E-16 ) ) ;
#3444 = CARTESIAN_POINT ( 'NONE',  ( -0.4038701052093225941, 0.2939683980603483016, 0.01968503937107765958 ) ) ;
#3445 = LINE ( 'NONE', #7029, #4677 ) ;
#3446 = CARTESIAN_POINT ( 'NONE',  ( -0.4353661682014486334, 0.06955894924145036851, 0.5157480314970617208 ) ) ;
#3447 = VECTOR ( 'NONE', #167, 39.37007874015748143 ) ;
#3448 = VERTEX_POINT ( 'NONE', #861 ) ;
#3449 = ORIENTED_EDGE ( 'NONE', *, *, #1917, .F. ) ;
#3450 = ORIENTED_EDGE ( 'NONE', *, *, #2697, .F. ) ;
#3451 = DIRECTION ( 'NONE',  ( 0.000000000000000000, -1.000000000000000000, 0.000000000000000000 ) ) ;
#3452 = VECTOR ( 'NONE', #6891, 39.37007874015748143 ) ;
#3453 = LINE ( 'NONE', #2812, #40 ) ;
#3454 = PLANE ( 'NONE',  #7226 ) ;
#3455 = CIRCLE ( 'NONE', #1170, 0.02952755905511813758 ) ;
#3456 = EDGE_CURVE ( 'NONE', #695, #1180, #1080, .T. ) ;
#3457 = AXIS2_PLACEMENT_3D ( 'NONE', #1950, #5975, #1919 ) ;
#3458 = ORIENTED_EDGE ( 'NONE', *, *, #2463, .F. ) ;
#3459 = ORIENTED_EDGE ( 'NONE', *, *, #2870, .T. ) ;
#3460 = CARTESIAN_POINT ( 'NONE',  ( 0.1866810758930398662, 0.3097164295564113212, -0.01181102362104828607 ) ) ;
#3461 = LINE ( 'NONE', #2899, #6875 ) ;
#3462 = VECTOR ( 'NONE', #3433, 39.37007874015748143 ) ;
#3463 = CARTESIAN_POINT ( 'NONE',  ( 0.4150275325859533182, -0.2670552239868956845, -0.09055118110136325948 ) ) ;
#3464 = AXIS2_PLACEMENT_3D ( 'NONE', #1061, #2833, #3975 ) ;
#3465 = CARTESIAN_POINT ( 'NONE',  ( -0.4353661682014482448, -0.2749292397349273331, -0.07086614173128460981 ) ) ;
#3466 = CARTESIAN_POINT ( 'NONE',  ( 0.1433739892788664927, -0.2060316019396516707, -0.03543307086514277393 ) ) ;
#3467 = ADVANCED_FACE ( 'NONE', ( #5829 ), #629, .T. ) ;
#3468 = VERTEX_POINT ( 'NONE', #6804 ) ;
#3469 = EDGE_CURVE ( 'NONE', #178, #4487, #1768, .T. ) ;
#3470 = VECTOR ( 'NONE', #5826, 39.37007874015748143 ) ;
#3471 = EDGE_LOOP ( 'NONE', ( #4909, #668, #6665, #2960 ) ) ;
#3472 = CARTESIAN_POINT ( 'NONE',  ( -0.4156811288313697617, -0.2887087672939823713, 0.07086614173328242838 ) ) ;
#3473 = DIRECTION ( 'NONE',  ( -1.000000000000000000, 0.000000000000000000, 0.000000000000000000 ) ) ;
#3474 = AXIS2_PLACEMENT_3D ( 'NONE', #5115, #1675, #3867 ) ;
#3475 = LINE ( 'NONE', #1214, #3110 ) ;
#3476 = VECTOR ( 'NONE', #3686, 39.37007874015748143 ) ;
#3477 = LINE ( 'NONE', #1094, #5863 ) ;
#3478 = CARTESIAN_POINT ( 'NONE',  ( -0.3881220737132595744, -0.1548504995774468984, 0.1771653543317075752 ) ) ;
#3479 = ORIENTED_EDGE ( 'NONE', *, *, #1449, .T. ) ;
#3480 = VERTEX_POINT ( 'NONE', #1040 ) ;
#3481 = VECTOR ( 'NONE', #3176, 39.37007874015748143 ) ;
#3482 = EDGE_CURVE ( 'NONE', #3741, #2853, #2895, .T. ) ;
#3483 = CARTESIAN_POINT ( 'NONE',  ( -0.3330039634770389778, -0.009181208238864266638, -0.2283464566919144179 ) ) ;
#3484 = DIRECTION ( 'NONE',  ( -1.000000000000000000, 0.000000000000000000, 0.000000000000000000 ) ) ;
#3485 = LINE ( 'NONE', #5891, #4156 ) ;
#3486 = CARTESIAN_POINT ( 'NONE',  ( -0.3330039634770389778, 0.03018887050129322527, -0.03543307086514277393 ) ) ;
#3487 = DIRECTION ( 'NONE',  ( -1.000000000000000000, 0.000000000000000000, 0.000000000000000000 ) ) ;
#3488 = EDGE_LOOP ( 'NONE', ( #6189, #3616, #4200, #139 ) ) ;
#3489 = VERTEX_POINT ( 'NONE', #2854 ) ;
#3490 = ORIENTED_EDGE ( 'NONE', *, *, #419, .T. ) ;
#3491 = ADVANCED_FACE ( 'NONE', ( #1197 ), #5176, .F. ) ;
#3492 = DIRECTION ( 'NONE',  ( -1.000000000000000000, -2.834079232620525851E-16, -1.685446266610459130E-16 ) ) ;
#3493 = DIRECTION ( 'NONE',  ( -1.000000000000000000, 0.000000000000000000, 0.000000000000000000 ) ) ;
#3494 = CARTESIAN_POINT ( 'NONE',  ( 0.1433739892788664927, 0.3097164295564113212, -0.03543307086514277393 ) ) ;
#3495 = ORIENTED_EDGE ( 'NONE', *, *, #2662, .F. ) ;
#3496 = ORIENTED_EDGE ( 'NONE', *, *, #4779, .F. ) ;
#3497 = ORIENTED_EDGE ( 'NONE', *, *, #1913, .T. ) ;
#3498 = FILL_AREA_STYLE_COLOUR ( '', #2506 ) ;
#3499 = FACE_OUTER_BOUND ( 'NONE', #5550, .T. ) ;
#3500 = DIRECTION ( 'NONE',  ( -0.000000000000000000, -0.000000000000000000, -1.000000000000000000 ) ) ;
#3501 = DIRECTION ( 'NONE',  ( 0.000000000000000000, 0.000000000000000000, -1.000000000000000000 ) ) ;
#3502 = CARTESIAN_POINT ( 'NONE',  ( 0.4150275325859530962, 0.2959369019973562831, -0.07086614173128448491 ) ) ;
#3503 = ORIENTED_EDGE ( 'NONE', *, *, #5921, .F. ) ;
#3504 = ORIENTED_EDGE ( 'NONE', *, *, #4445, .F. ) ;
#3505 = CARTESIAN_POINT ( 'NONE',  ( -0.4078071130833383351, -0.2847717594199666302, -0.03543307086514277393 ) ) ;
#3506 = DIRECTION ( 'NONE',  ( -1.000000000000000000, 0.000000000000000000, 0.000000000000000000 ) ) ;
#3507 = EDGE_CURVE ( 'NONE', #5473, #7456, #5639, .T. ) ;
#3508 = ADVANCED_FACE ( 'NONE', ( #6927 ), #185, .T. ) ;
#3509 = CARTESIAN_POINT ( 'NONE',  ( -0.2916037753941798649, 0.1994802090839704889, 0.06692913396525958236 ) ) ;
#3510 = LINE ( 'NONE', #6983, #894 ) ;
#3511 = DIRECTION ( 'NONE',  ( 0.000000000000000000, 0.000000000000000000, -1.000000000000000000 ) ) ;
#3512 = EDGE_CURVE ( 'NONE', #5042, #4472, #2780, .T. ) ;
#3513 = VERTEX_POINT ( 'NONE', #6399 ) ;
#3514 = ORIENTED_EDGE ( 'NONE', *, *, #3659, .T. ) ;
#3515 = DIRECTION ( 'NONE',  ( 0.000000000000000000, 0.000000000000000000, 1.000000000000000000 ) ) ;
#3516 = DIRECTION ( 'NONE',  ( -1.000000000000000000, 0.000000000000000000, 0.000000000000000000 ) ) ;
#3517 = LINE ( 'NONE', #4016, #5120 ) ;
#3518 = CARTESIAN_POINT ( 'NONE',  ( -0.2995393965482265886, -0.1784725468215414557, 0.06299212598532150098 ) ) ;
#3519 = LINE ( 'NONE', #657, #172 ) ;
#3520 = EDGE_CURVE ( 'NONE', #6154, #5122, #5093, .T. ) ;
#3521 = EDGE_LOOP ( 'NONE', ( #5693, #7391, #4227, #5617 ) ) ;
#3522 = EDGE_LOOP ( 'NONE', ( #4839, #4236, #3988, #2295 ) ) ;
#3523 = ORIENTED_EDGE ( 'NONE', *, *, #5806, .T. ) ;
#3524 = DIRECTION ( 'NONE',  ( 0.000000000000000000, 0.000000000000000000, 1.000000000000000000 ) ) ;
#3525 = LINE ( 'NONE', #664, #4670 ) ;
#3526 = AXIS2_PLACEMENT_3D ( 'NONE', #110, #3023, #1853 ) ;
#3527 = CARTESIAN_POINT ( 'NONE',  ( 0.1984920995150868950, 0.2545983193201908357, -0.03543307086514277393 ) ) ;
#3528 = ADVANCED_FACE ( 'NONE', ( #3958 ), #3995, .F. ) ;
#3529 = ORIENTED_EDGE ( 'NONE', *, *, #6173, .T. ) ;
#3530 = DIRECTION ( 'NONE',  ( 0.000000000000000000, 0.000000000000000000, 1.000000000000000000 ) ) ;
#3531 = ORIENTED_EDGE ( 'NONE', *, *, #1253, .T. ) ;
#3532 = CARTESIAN_POINT ( 'NONE',  ( 0.4032165089639058175, -0.2768977436719350926, -0.01181102362104828607 ) ) ;
#3533 = VECTOR ( 'NONE', #315, 39.37007874015748143 ) ;
#3534 = CARTESIAN_POINT ( 'NONE',  ( 0.4150275325859533182, -0.2887087672939823157, -0.07086614173128434613 ) ) ;
#3535 = PLANE ( 'NONE',  #1779 ) ;
#3536 = CARTESIAN_POINT ( 'NONE',  ( 0.2772322569954019378, 0.01050383113121446804, -0.01181102362104828607 ) ) ;
#3537 = AXIS2_PLACEMENT_3D ( 'NONE', #4370, #925, #3227 ) ;
#3538 = DIRECTION ( 'NONE',  ( -1.000000000000000000, 0.000000000000000000, 0.000000000000000000 ) ) ;
#3539 = ORIENTED_EDGE ( 'NONE', *, *, #2032, .F. ) ;
#3540 = EDGE_LOOP ( 'NONE', ( #343, #3317, #1584, #4581 ) ) ;
#3541 = CARTESIAN_POINT ( 'NONE',  ( 0.1984920995150871170, -0.2178426255616989493, -0.2086614173218356572 ) ) ;
#3542 = LINE ( 'NONE', #141, #4556 ) ;
#3543 = VECTOR ( 'NONE', #5915, 39.37007874015748143 ) ;
#3544 = CARTESIAN_POINT ( 'NONE',  ( -0.2819632246966736200, 0.1994802090839704889, 0.06608194144772816525 ) ) ;
#3545 = DIRECTION ( 'NONE',  ( 0.000000000000000000, 0.000000000000000000, -1.000000000000000000 ) ) ;
#3546 = FACE_OUTER_BOUND ( 'NONE', #5804, .T. ) ;
#3547 = DIRECTION ( 'NONE',  ( -1.685446266610458883E-16, -8.326672684688672821E-17, 1.000000000000000000 ) ) ;
#3548 = ORIENTED_EDGE ( 'NONE', *, *, #650, .T. ) ;
#3549 = CIRCLE ( 'NONE', #2113, 0.01968503937007875723 ) ;
#3550 = ORIENTED_EDGE ( 'NONE', *, *, #3104, .F. ) ;
#3551 = ADVANCED_FACE ( 'NONE', ( #7463 ), #3454, .T. ) ;
#3552 = CARTESIAN_POINT ( 'NONE',  ( -0.4078071130833383906, -0.2847717594199665747, 0.07480314960729816942 ) ) ;
#3553 = CARTESIAN_POINT ( 'NONE',  ( 0.4307755640820163379, -0.2965827830420139644, -0.07086614173128448491 ) ) ;
#3554 = EDGE_CURVE ( 'NONE', #5413, #4754, #550, .T. ) ;
#3555 = FACE_BOUND ( 'NONE', #429, .T. ) ;
#3556 = DIRECTION ( 'NONE',  ( 0.000000000000000000, 0.000000000000000000, 1.000000000000000000 ) ) ;
#3557 = CARTESIAN_POINT ( 'NONE',  ( 0.05675981605052014128, 0.01050383113121446804, -0.03543307086514277393 ) ) ;
#3558 = LINE ( 'NONE', #5163, #3311 ) ;
#3559 = ORIENTED_EDGE ( 'NONE', *, *, #3845, .T. ) ;
#3560 = VERTEX_POINT ( 'NONE', #5792 ) ;
#3561 = EDGE_CURVE ( 'NONE', #3084, #6, #4032, .T. ) ;
#3562 = VERTEX_POINT ( 'NONE', #1839 ) ;
#3563 = VECTOR ( 'NONE', #6243, 39.37007874015748143 ) ;
#3564 = EDGE_CURVE ( 'NONE', #3003, #2905, #4712, .T. ) ;
#3565 = DIRECTION ( 'NONE',  ( 0.000000000000000000, 0.000000000000000000, 1.000000000000000000 ) ) ;
#3566 = EDGE_CURVE ( 'NONE', #5531, #4486, #4064, .T. ) ;
#3567 = CARTESIAN_POINT ( 'NONE',  ( -0.3635588508240084060, 0.01050383113121415406, 0.5472440944886649561 ) ) ;
#3568 = AXIS2_PLACEMENT_3D ( 'NONE', #5965, #767, #7176 ) ;
#3569 = DIRECTION ( 'NONE',  ( 0.000000000000000000, -1.000000000000000000, 0.000000000000000000 ) ) ;
#3570 = VERTEX_POINT ( 'NONE', #2443 ) ;
#3571 = CARTESIAN_POINT ( 'NONE',  ( -0.4196181367053853917, 0.2191652484540490553, 0.08267716535532947109 ) ) ;
#3572 = EDGE_LOOP ( 'NONE', ( #4708, #5825, #388, #3458 ) ) ;
#3573 = LINE ( 'NONE', #5365, #1898 ) ;
#3574 = VECTOR ( 'NONE', #4998, 39.37007874015748143 ) ;
#3575 = CARTESIAN_POINT ( 'NONE',  ( -0.4474569863583993112, 0.1994802090839702946, 0.1023622047254082734 ) ) ;
#3576 = DIRECTION ( 'NONE',  ( -2.948332353968832773E-16, -1.000000000000000000, -8.326672684688677751E-17 ) ) ;
#3577 = DIRECTION ( 'NONE',  ( 1.000000000000000000, 2.710505431387351406E-16, 0.000000000000000000 ) ) ;
#3578 = VECTOR ( 'NONE', #7261, 39.37007874015748143 ) ;
#3579 = ORIENTED_EDGE ( 'NONE', *, *, #5626, .T. ) ;
#3580 = CARTESIAN_POINT ( 'NONE',  ( -0.002295302059716200667, 0.01050383113121429804, 0.5511811023632036122 ) ) ;
#3581 = EDGE_LOOP ( 'NONE', ( #2867, #4140, #4244, #6176 ) ) ;
#3582 = ORIENTED_EDGE ( 'NONE', *, *, #1704, .T. ) ;
#3583 = CARTESIAN_POINT ( 'NONE',  ( 0.4307755640820162268, -0.3044567987900454464, 0.5551181102372193532 ) ) ;
#3584 = LINE ( 'NONE', #1327, #6392 ) ;
#3585 = VECTOR ( 'NONE', #985, 39.37007874015748143 ) ;
#3586 = EDGE_CURVE ( 'NONE', #1581, #3229, #1878, .T. ) ;
#3587 = VECTOR ( 'NONE', #6993, 39.37007874015748143 ) ;
#3588 = CARTESIAN_POINT ( 'NONE',  ( -0.2804228880008894365, 0.1994802090839704611, 0.06488392070106452358 ) ) ;
#3589 = FACE_OUTER_BOUND ( 'NONE', #1414, .T. ) ;
#3590 = CARTESIAN_POINT ( 'NONE',  ( 0.2713267451843782707, 0.01050383113121446804, -0.03543307086514277393 ) ) ;
#3591 = LINE ( 'NONE', #7138, #6364 ) ;
#3592 = AXIS2_PLACEMENT_3D ( 'NONE', #3613, #5947, #1201 ) ;
#3593 = VECTOR ( 'NONE', #948, 39.37007874015748143 ) ;
#3594 = ORIENTED_EDGE ( 'NONE', *, *, #7292, .T. ) ;
#3595 = DIRECTION ( 'NONE',  ( -1.685446266610458883E-16, -8.326672684688672821E-17, 1.000000000000000000 ) ) ;
#3596 = LINE ( 'NONE', #728, #1436 ) ;
#3597 = CIRCLE ( 'NONE', #7252, 0.02952755905511813758 ) ;
#3598 = PLANE ( 'NONE',  #2728 ) ;
#3599 = DIRECTION ( 'NONE',  ( -1.000000000000000000, 0.000000000000000000, 0.000000000000000000 ) ) ;
#3600 = CARTESIAN_POINT ( 'NONE',  ( 0.2496732018772917228, 0.3097164295564113212, -0.01181102362104828607 ) ) ;
#3601 = EDGE_CURVE ( 'NONE', #2618, #5739, #6851, .T. ) ;
#3602 = LINE ( 'NONE', #1978, #7450 ) ;
#3603 = VERTEX_POINT ( 'NONE', #7037 ) ;
#3604 = ORIENTED_EDGE ( 'NONE', *, *, #7008, .F. ) ;
#3605 = DIRECTION ( 'NONE',  ( 1.685446266610458883E-16, 8.326672684688672821E-17, -1.000000000000000000 ) ) ;
#3606 = ORIENTED_EDGE ( 'NONE', *, *, #4584, .F. ) ;
#3607 = CARTESIAN_POINT ( 'NONE',  ( -0.3576533390132011214, 0.01050383113121416100, 0.5472440944891878711 ) ) ;
#3608 = EDGE_CURVE ( 'NONE', #6721, #1455, #4444, .T. ) ;
#3609 = EDGE_CURVE ( 'NONE', #177, #3325, #6548, .T. ) ;
#3610 = DIRECTION ( 'NONE',  ( -1.000000000000000000, 0.000000000000000000, 0.000000000000000000 ) ) ;
#3611 = ORIENTED_EDGE ( 'NONE', *, *, #58, .F. ) ;
#3612 = VERTEX_POINT ( 'NONE', #5866 ) ;
#3613 = CARTESIAN_POINT ( 'NONE',  ( -0.4078071130833382796, -0.2768977436719350926, -0.03149606299112696350 ) ) ;
#3614 = LINE ( 'NONE', #62, #3945 ) ;
#3615 = DIRECTION ( 'NONE',  ( 0.000000000000000000, -1.000000000000000000, 0.000000000000000000 ) ) ;
#3616 = ORIENTED_EDGE ( 'NONE', *, *, #2454, .F. ) ;
#3617 = CARTESIAN_POINT ( 'NONE',  ( -0.3290669556030233478, 0.1778266657768837744, -0.05905511810923725485 ) ) ;
#3618 = EDGE_CURVE ( 'NONE', #3612, #4582, #5327, .T. ) ;
#3619 = ORIENTED_EDGE ( 'NONE', *, *, #6356, .F. ) ;
#3620 = ORIENTED_EDGE ( 'NONE', *, *, #4627, .T. ) ;
#3621 = CYLINDRICAL_SURFACE ( 'NONE', #2872, 0.007874015748031482076 ) ;
#3622 = LINE ( 'NONE', #678, #5660 ) ;
#3623 = CARTESIAN_POINT ( 'NONE',  ( 0.07644485542059877015, 0.3018424138083798947, -0.04724409448718958765 ) ) ;
#3624 = CARTESIAN_POINT ( 'NONE',  ( -0.4038701052093225941, 0.1994802090839704611, 0.07480314960729816942 ) ) ;
#3625 = DIRECTION ( 'NONE',  ( 1.000000000000000000, 0.000000000000000000, 0.000000000000000000 ) ) ;
#3626 = PLANE ( 'NONE',  #1520 ) ;
#3627 = EDGE_CURVE ( 'NONE', #106, #2689, #129, .T. ) ;
#3628 = ORIENTED_EDGE ( 'NONE', *, *, #4146, .F. ) ;
#3629 = LINE ( 'NONE', #2508, #4204 ) ;
#3630 = CARTESIAN_POINT ( 'NONE',  ( -0.2858422006175477814, -0.1784725468215415389, 0.06701784143088047874 ) ) ;
#3631 = CARTESIAN_POINT ( 'NONE',  ( -0.4196181367053852251, -0.1784725468215415667, 0.1023622047254082318 ) ) ;
#3632 = LINE ( 'NONE', #730, #1377 ) ;
#3633 = LINE ( 'NONE', #3673, #6149 ) ;
#3634 = CARTESIAN_POINT ( 'NONE',  ( 0.000000000000000000, 0.000000000000000000, -0.01181102362104828607 ) ) ;
#3635 = ORIENTED_EDGE ( 'NONE', *, *, #1066, .F. ) ;
#3636 = VERTEX_POINT ( 'NONE', #6471 ) ;
#3637 = ORIENTED_EDGE ( 'NONE', *, *, #5576, .F. ) ;
#3638 = EDGE_CURVE ( 'NONE', #2055, #7437, #4675, .T. ) ;
#3639 = LINE ( 'NONE', #3681, #205 ) ;
#3640 = DIRECTION ( 'NONE',  ( 0.000000000000000000, 0.000000000000000000, -1.000000000000000000 ) ) ;
#3641 = ORIENTED_EDGE ( 'NONE', *, *, #3902, .F. ) ;
#3642 = CARTESIAN_POINT ( 'NONE',  ( 0.4307755640820161158, 0.2959369019973562276, -0.07086614173128448491 ) ) ;
#3643 = ORIENTED_EDGE ( 'NONE', *, *, #6215, .T. ) ;
#3644 = CARTESIAN_POINT ( 'NONE',  ( -0.002295302059716200667, 0.01050383113121429804, 0.5295275590561169254 ) ) ;
#3645 = EDGE_CURVE ( 'NONE', #3374, #4801, #5944, .T. ) ;
#3646 = ADVANCED_FACE ( 'NONE', ( #97 ), #7004, .F. ) ;
#3647 = AXIS2_PLACEMENT_3D ( 'NONE', #196, #4328, #1369 ) ;
#3648 = EDGE_CURVE ( 'NONE', #2631, #1801, #7468, .T. ) ;
#3649 = CARTESIAN_POINT ( 'NONE',  ( -0.1952086878864878472, 0.2545983193201908357, 0.5314960629931247960 ) ) ;
#3650 = VERTEX_POINT ( 'NONE', #4790 ) ;
#3651 = DIRECTION ( 'NONE',  ( -1.000000000000000000, 0.000000000000000000, 0.000000000000000000 ) ) ;
#3652 = VERTEX_POINT ( 'NONE', #3571 ) ;
#3653 = VECTOR ( 'NONE', #173, 39.37007874015748854 ) ;
#3654 = ORIENTED_EDGE ( 'NONE', *, *, #3980, .T. ) ;
#3655 = FACE_OUTER_BOUND ( 'NONE', #247, .T. ) ;
#3656 = EDGE_CURVE ( 'NONE', #5943, #1374, #210, .T. ) ;
#3657 = ADVANCED_FACE ( 'NONE', ( #7076 ), #1923, .T. ) ;
#3658 = DIRECTION ( 'NONE',  ( -2.834079232620525851E-16, 1.000000000000000000, 8.326672684688667890E-17 ) ) ;
#3659 = EDGE_CURVE ( 'NONE', #2436, #3836, #1753, .T. ) ;
#3660 = CIRCLE ( 'NONE', #7314, 0.01181102362204730985 ) ;
#3661 = DIRECTION ( 'NONE',  ( 1.685446266610458883E-16, 8.326672684688672821E-17, -1.000000000000000000 ) ) ;
#3662 = DIRECTION ( 'NONE',  ( 2.834079232620525851E-16, -1.000000000000000000, -8.326672684688667890E-17 ) ) ;
#3663 = LINE ( 'NONE', #1286, #649 ) ;
#3664 = CARTESIAN_POINT ( 'NONE',  ( -0.4196181367053855582, -0.1312284523333524244, -0.01181102362104828607 ) ) ;
#3665 = ORIENTED_EDGE ( 'NONE', *, *, #1019, .F. ) ;
#3666 = AXIS2_PLACEMENT_3D ( 'NONE', #5069, #1780, #6324 ) ;
#3667 = VECTOR ( 'NONE', #3031, 39.37007874015748143 ) ;
#3668 = CARTESIAN_POINT ( 'NONE',  ( -0.08103545954003123220, -0.2887087672939826488, 1.578189432169840867 ) ) ;
#3669 = CARTESIAN_POINT ( 'NONE',  ( -0.4353661682014486334, 0.3254644610524741744, 0.5551181102372193532 ) ) ;
#3670 = EDGE_CURVE ( 'NONE', #1750, #7095, #3400, .T. ) ;
#3671 = LINE ( 'NONE', #5932, #2129 ) ;
#3672 = DIRECTION ( 'NONE',  ( 1.000000000000000000, 2.834079232620525851E-16, 1.685446266610459130E-16 ) ) ;
#3673 = CARTESIAN_POINT ( 'NONE',  ( 0.1984920995150870338, -0.2178426255616989216, -0.03543307086514277393 ) ) ;
#3674 = VECTOR ( 'NONE', #1163, 39.37007874015748143 ) ;
#3675 = CARTESIAN_POINT ( 'NONE',  ( -0.06135042016995247843, 0.01050383113121428069, 0.5314960629931249070 ) ) ;
#3676 = ORIENTED_EDGE ( 'NONE', *, *, #3320, .F. ) ;
#3677 = VERTEX_POINT ( 'NONE', #7495 ) ;
#3678 = VECTOR ( 'NONE', #4432, 39.37007874015748143 ) ;
#3679 = FACE_OUTER_BOUND ( 'NONE', #6041, .T. ) ;
#3680 = EDGE_LOOP ( 'NONE', ( #3416, #6453, #20, #4961, #961 ) ) ;
#3681 = CARTESIAN_POINT ( 'NONE',  ( -0.4156811288313698727, -0.2887087672939823713, 0.07480314960729816942 ) ) ;
#3682 = CARTESIAN_POINT ( 'NONE',  ( -0.2916653807998735859, -0.2257166413097304591, -0.03543307086514277393 ) ) ;
#3683 = CIRCLE ( 'NONE', #4901, 0.01968503937007875723 ) ;
#3684 = ORIENTED_EDGE ( 'NONE', *, *, #6219, .T. ) ;
#3685 = ORIENTED_EDGE ( 'NONE', *, *, #889, .T. ) ;
#3686 = DIRECTION ( 'NONE',  ( 0.000000000000000000, -1.000000000000000000, 0.000000000000000000 ) ) ;
#3687 = AXIS2_PLACEMENT_3D ( 'NONE', #285, #7311, #2608 ) ;
#3688 = DIRECTION ( 'NONE',  ( 1.685446266610458883E-16, 8.326672684688672821E-17, -1.000000000000000000 ) ) ;
#3689 = EDGE_CURVE ( 'NONE', #2505, #863, #2318, .T. ) ;
#3690 = ORIENTED_EDGE ( 'NONE', *, *, #703, .F. ) ;
#3691 = CARTESIAN_POINT ( 'NONE',  ( -0.4038701052093223165, 0.2191652484540490275, 0.08267716535532959599 ) ) ;
#3692 = VERTEX_POINT ( 'NONE', #6340 ) ;
#3693 = AXIS2_PLACEMENT_3D ( 'NONE', #1233, #4189, #3530 ) ;
#3694 = EDGE_LOOP ( 'NONE', ( #1314, #1055 ) ) ;
#3695 = ORIENTED_EDGE ( 'NONE', *, *, #5710, .T. ) ;
#3696 = ADVANCED_FACE ( 'NONE', ( #1070 ), #1709, .F. ) ;
#3697 = CARTESIAN_POINT ( 'NONE',  ( -0.4156811288313697617, -0.2768977436719350926, -0.03543307086514277393 ) ) ;
#3698 = CARTESIAN_POINT ( 'NONE',  ( -0.4078071130833384461, 0.3057794216823955247, 0.07086614173328242838 ) ) ;
#3699 = VECTOR ( 'NONE', #5941, 39.37007874015748143 ) ;
#3700 = LINE ( 'NONE', #4806, #764 ) ;
#3701 = FACE_OUTER_BOUND ( 'NONE', #3540, .T. ) ;
#3702 = ADVANCED_FACE ( 'NONE', ( #2399 ), #1140, .T. ) ;
#3703 = CARTESIAN_POINT ( 'NONE',  ( -0.2896968768628658819, 0.1994802090839704611, 0.1771653543317075752 ) ) ;
#3704 = ADVANCED_FACE ( 'NONE', ( #2884 ), #4015, .T. ) ;
#3705 = DIRECTION ( 'NONE',  ( 0.000000000000000000, 0.7071067811865434649, -0.7071067811865515695 ) ) ;
#3706 = VERTEX_POINT ( 'NONE', #5775 ) ;
#3707 = VERTEX_POINT ( 'NONE', #5818 ) ;
#3708 = AXIS2_PLACEMENT_3D ( 'NONE', #2957, #5275, #83 ) ;
#3709 = CARTESIAN_POINT ( 'NONE',  ( -0.4156811288313697061, -0.2790575039602907759, 0.07480314960729816942 ) ) ;
#3710 = DIRECTION ( 'NONE',  ( 1.000000000000000000, 8.616490819209882997E-16, 1.685446266610459623E-16 ) ) ;
#3711 = PLANE ( 'NONE',  #3327 ) ;
#3712 = CARTESIAN_POINT ( 'NONE',  ( 0.4110905247119373551, -0.2768977436719350926, 0.07086614173328242838 ) ) ;
#3713 = VECTOR ( 'NONE', #6526, 39.37007874015748143 ) ;
#3714 = CARTESIAN_POINT ( 'NONE',  ( -0.3290669556030233478, -0.06823632634910052619, -0.03543307086514277393 ) ) ;
#3715 = CARTESIAN_POINT ( 'NONE',  ( 0.07644485542059877015, 0.3018424138083798947, -0.03740157480215068608 ) ) ;
#3716 = ORIENTED_EDGE ( 'NONE', *, *, #2776, .F. ) ;
#3717 = ORIENTED_EDGE ( 'NONE', *, *, #2448, .F. ) ;
#3718 = ADVANCED_FACE ( 'NONE', ( #5853 ), #4703, .T. ) ;
#3719 = VECTOR ( 'NONE', #2327, 39.37007874015748143 ) ;
#3720 = AXIS2_PLACEMENT_3D ( 'NONE', #4725, #753, #179 ) ;
#3721 = FACE_OUTER_BOUND ( 'NONE', #2119, .T. ) ;
#3722 = DIRECTION ( 'NONE',  ( 1.000000000000000000, 2.710505431323157357E-16, 0.000000000000000000 ) ) ;
#3723 = VECTOR ( 'NONE', #5272, 39.37007874015748143 ) ;
#3724 = ORIENTED_EDGE ( 'NONE', *, *, #7379, .T. ) ;
#3725 = EDGE_CURVE ( 'NONE', #3560, #4086, #2917, .T. ) ;
#3726 = EDGE_LOOP ( 'NONE', ( #1748, #7075, #5396, #646 ) ) ;
#3727 = CARTESIAN_POINT ( 'NONE',  ( 0.1984920995150870338, -0.2335906570577618857, -0.03543307086514277393 ) ) ;
#3728 = AXIS2_PLACEMENT_3D ( 'NONE', #5463, #266, #1448 ) ;
#3729 = FACE_OUTER_BOUND ( 'NONE', #6201, .T. ) ;
#3730 = EDGE_LOOP ( 'NONE', ( #1550, #5085, #4992, #541 ) ) ;
#3731 = VERTEX_POINT ( 'NONE', #5158 ) ;
#3732 = ORIENTED_EDGE ( 'NONE', *, *, #4352, .T. ) ;
#3733 = ORIENTED_EDGE ( 'NONE', *, *, #3094, .T. ) ;
#3734 = CARTESIAN_POINT ( 'NONE',  ( -0.2995393965479052345, 0.1758581618398758484, 0.1771653543317075752 ) ) ;
#3735 = CARTESIAN_POINT ( 'NONE',  ( -0.3330039634770389778, 0.03018887050129322527, -0.02362204724309532183 ) ) ;
#3736 = CARTESIAN_POINT ( 'NONE',  ( 0.1984920995150868950, 0.2388502878241278438, -0.02362204724309518653 ) ) ;
#3737 = CARTESIAN_POINT ( 'NONE',  ( 0.07644485542059877015, 0.3097164295564113767, -0.03740157480215068608 ) ) ;
#3738 = CARTESIAN_POINT ( 'NONE',  ( -0.2345787666266452298, -0.2335906570577620522, 0.4251968503946995659 ) ) ;
#3739 = DIRECTION ( 'NONE',  ( -1.000000000000000000, 0.000000000000000000, 0.000000000000000000 ) ) ;
#3740 = ORIENTED_EDGE ( 'NONE', *, *, #4325, .F. ) ;
#3741 = VERTEX_POINT ( 'NONE', #5238 ) ;
#3742 = EDGE_CURVE ( 'NONE', #5112, #1957, #2359, .T. ) ;
#3743 = ADVANCED_FACE ( 'NONE', ( #5116 ), #1797, .T. ) ;
#3744 = LINE ( 'NONE', #3103, #1565 ) ;
#3745 = DIRECTION ( 'NONE',  ( -2.834079232620525851E-16, 1.000000000000000000, 8.326672684688667890E-17 ) ) ;
#3746 = LINE ( 'NONE', #6649, #3787 ) ;
#3747 = ADVANCED_FACE ( 'NONE', ( #653 ), #5273, .F. ) ;
#3748 = DIRECTION ( 'NONE',  ( -1.000000000000000000, 0.000000000000000000, 0.000000000000000000 ) ) ;
#3749 = DIRECTION ( 'NONE',  ( 0.000000000000000000, 0.000000000000000000, -1.000000000000000000 ) ) ;
#3750 = EDGE_LOOP ( 'NONE', ( #1888, #3676, #6307, #941 ) ) ;
#3751 = ORIENTED_EDGE ( 'NONE', *, *, #6686, .T. ) ;
#3752 = EDGE_CURVE ( 'NONE', #7290, #2334, #7451, .T. ) ;
#3753 = VERTEX_POINT ( 'NONE', #2283 ) ;
#3754 = EDGE_CURVE ( 'NONE', #863, #5597, #5732, .T. ) ;
#3755 = CARTESIAN_POINT ( 'NONE',  ( -0.3211929398549918102, -0.02099223186091147761, -0.01181102362104828607 ) ) ;
#3756 = DIRECTION ( 'NONE',  ( -1.000000000000000000, 9.130123557772658227E-16, -5.706327223607911392E-17 ) ) ;
#3757 = CARTESIAN_POINT ( 'NONE',  ( -0.3487519949731019420, -0.009181208238864290924, -0.03543307086514277393 ) ) ;
#3758 = ORIENTED_EDGE ( 'NONE', *, *, #7449, .T. ) ;
#3759 = EDGE_LOOP ( 'NONE', ( #5364, #6629, #14, #3213 ) ) ;
#3760 = DIRECTION ( 'NONE',  ( 0.000000000000000000, 0.000000000000000000, -1.000000000000000000 ) ) ;
#3761 = EDGE_CURVE ( 'NONE', #2745, #6179, #1099, .T. ) ;
#3762 = DIRECTION ( 'NONE',  ( 1.000000000000000000, 0.000000000000000000, 0.000000000000000000 ) ) ;
#3763 = ORIENTED_EDGE ( 'NONE', *, *, #1868, .F. ) ;
#3764 = FILL_AREA_STYLE_COLOUR ( '', #547 ) ;
#3765 = VERTEX_POINT ( 'NONE', #1975 ) ;
#3766 = ORIENTED_EDGE ( 'NONE', *, *, #4171, .F. ) ;
#3767 = EDGE_LOOP ( 'NONE', ( #239, #289, #4047, #4130 ) ) ;
#3768 = DIRECTION ( 'NONE',  ( 1.685446266610458883E-16, 8.326672684688672821E-17, -1.000000000000000000 ) ) ;
#3769 = DIRECTION ( 'NONE',  ( 0.000000000000000000, 1.000000000000000000, 0.000000000000000000 ) ) ;
#3770 = FACE_OUTER_BOUND ( 'NONE', #4065, .T. ) ;
#3771 = DIRECTION ( 'NONE',  ( 1.000000000000000000, 0.000000000000000000, 0.000000000000000000 ) ) ;
#3772 = VECTOR ( 'NONE', #444, 39.37007874015748143 ) ;
#3773 = DIRECTION ( 'NONE',  ( 0.7071067811865434649, 0.000000000000000000, -0.7071067811865515695 ) ) ;
#3774 = CARTESIAN_POINT ( 'NONE',  ( -0.4038701052093225941, -0.2729607357979192961, 0.01968503937107765958 ) ) ;
#3775 = ORIENTED_EDGE ( 'NONE', *, *, #3244, .F. ) ;
#3776 = EDGE_LOOP ( 'NONE', ( #4378, #6389, #6806, #1726 ) ) ;
#3777 = VECTOR ( 'NONE', #5286, 39.37007874015748143 ) ;
#3778 = VECTOR ( 'NONE', #2400, 39.37007874015748854 ) ;
#3779 = DIRECTION ( 'NONE',  ( -2.834079232620525851E-16, 1.000000000000000000, 8.326672684688667890E-17 ) ) ;
#3780 = LINE ( 'NONE', #6826, #895 ) ;
#3781 = CYLINDRICAL_SURFACE ( 'NONE', #569, 0.005905511811023654925 ) ;
#3782 = LINE ( 'NONE', #2796, #2231 ) ;
#3783 = ADVANCED_FACE ( 'NONE', ( #6568 ), #4775, .T. ) ;
#3784 = ORIENTED_EDGE ( 'NONE', *, *, #4028, .T. ) ;
#3785 = AXIS2_PLACEMENT_3D ( 'NONE', #3280, #3773, #980 ) ;
#3786 = ORIENTED_EDGE ( 'NONE', *, *, #1868, .T. ) ;
#3787 = VECTOR ( 'NONE', #4965, 39.37007874015748143 ) ;
#3788 = EDGE_CURVE ( 'NONE', #1804, #1549, #1036, .T. ) ;
#3789 = CARTESIAN_POINT ( 'NONE',  ( -0.002295302059716200667, 0.01050383113121429804, 0.5177165354340697023 ) ) ;
#3790 = VECTOR ( 'NONE', #2938, 39.37007874015748143 ) ;
#3791 = DIRECTION ( 'NONE',  ( -0.5773502691896281735, -0.5773502691896277295, -0.5773502691896211791 ) ) ;
#3792 = LINE ( 'NONE', #923, #2737 ) ;
#3793 = DIRECTION ( 'NONE',  ( 0.000000000000000000, 1.000000000000000000, 0.000000000000000000 ) ) ;
#3794 = DIRECTION ( 'NONE',  ( -1.000000000000000000, 0.000000000000000000, 0.000000000000000000 ) ) ;
#3795 = EDGE_CURVE ( 'NONE', #5079, #2607, #3030, .T. ) ;
#3796 = EDGE_LOOP ( 'NONE', ( #5859, #6359 ) ) ;
#3797 = EDGE_CURVE ( 'NONE', #4974, #7290, #2550, .T. ) ;
#3798 = ORIENTED_EDGE ( 'NONE', *, *, #3670, .F. ) ;
#3799 = AXIS2_PLACEMENT_3D ( 'NONE', #6170, #966, #5589 ) ;
#3800 = DIRECTION ( 'NONE',  ( 0.000000000000000000, -1.000000000000000000, 0.000000000000000000 ) ) ;
#3801 = AXIS2_PLACEMENT_3D ( 'NONE', #1052, #5032, #7287 ) ;
#3802 = PLANE ( 'NONE',  #6454 ) ;
#3803 = EDGE_LOOP ( 'NONE', ( #3180, #4522, #4372, #189, #1601, #5791, #6926, #1288, #3996, #6730 ) ) ;
#3804 = ORIENTED_EDGE ( 'NONE', *, *, #3106, .T. ) ;
#3805 = FILL_AREA_STYLE ('',( #3764 ) ) ;
#3806 = ORIENTED_EDGE ( 'NONE', *, *, #3426, .F. ) ;
#3807 = ORIENTED_EDGE ( 'NONE', *, *, #6555, .T. ) ;
#3808 = VERTEX_POINT ( 'NONE', #5391 ) ;
#3809 = EDGE_CURVE ( 'NONE', #3397, #3283, #843, .T. ) ;
#3810 = PLANE ( 'NONE',  #5054 ) ;
#3811 = AXIS2_PLACEMENT_3D ( 'NONE', #1389, #176, #5986 ) ;
#3812 = PLANE ( 'NONE',  #4335 ) ;
#3813 = LINE ( 'NONE', #6780, #1729 ) ;
#3814 = CARTESIAN_POINT ( 'NONE',  ( -0.4196181367053856692, 0.3097164295564113212, 0.07086614173328242838 ) ) ;
#3815 = VECTOR ( 'NONE', #5906, 39.37007874015748143 ) ;
#3816 = LINE ( 'NONE', #2046, #5003 ) ;
#3817 = CARTESIAN_POINT ( 'NONE',  ( -0.4196181367053855582, 0.1522361145957813744, -0.01181102362104828607 ) ) ;
#3818 = ORIENTED_EDGE ( 'NONE', *, *, #5383, .T. ) ;
#3819 = ORIENTED_EDGE ( 'NONE', *, *, #1221, .T. ) ;
#3820 = EDGE_CURVE ( 'NONE', #6179, #3271, #6136, .T. ) ;
#3821 = CARTESIAN_POINT ( 'NONE',  ( -0.4353661682014486334, 0.3175904453044426368, 0.5551181102372193532 ) ) ;
#3822 = DIRECTION ( 'NONE',  ( 0.5432512781572744753, 2.238699754963947495E-16, -0.8395701571521511086 ) ) ;
#3823 = CYLINDRICAL_SURFACE ( 'NONE', #2954, 0.01427165354330715494 ) ;
#3824 =( GEOMETRIC_REPRESENTATION_CONTEXT ( 3 ) GLOBAL_UNCERTAINTY_ASSIGNED_CONTEXT ( ( #896 ) ) GLOBAL_UNIT_ASSIGNED_CONTEXT ( ( #7006, #2669, #214 ) ) REPRESENTATION_CONTEXT ( 'NONE', 'WORKASPACE' ) );
#3825 = CIRCLE ( 'NONE', #7237, 0.06299212598425206477 ) ;
#3826 = ORIENTED_EDGE ( 'NONE', *, *, #380, .T. ) ;
#3827 = VERTEX_POINT ( 'NONE', #3070 ) ;
#3828 = DIMENSIONAL_EXPONENTS ( 1.000000000000000000, 0.000000000000000000, 0.000000000000000000, 0.000000000000000000, 0.000000000000000000, 0.000000000000000000, 0.000000000000000000 ) ;
#3829 = LINE ( 'NONE', #5659, #2277 ) ;
#3830 = AXIS2_PLACEMENT_3D ( 'NONE', #1972, #1719, #4245 ) ;
#3831 = CIRCLE ( 'NONE', #7118, 0.003937007874015724558 ) ;
#3832 = DIRECTION ( 'NONE',  ( -1.000000000000000000, 0.000000000000000000, 0.000000000000000000 ) ) ;
#3833 = CARTESIAN_POINT ( 'NONE',  ( 0.4307755640820161158, 0.3254644610524743409, -0.07086614173128448491 ) ) ;
#3834 = DIRECTION ( 'NONE',  ( 0.000000000000000000, 0.000000000000000000, 1.000000000000000000 ) ) ;
#3835 = ADVANCED_FACE ( 'NONE', ( #267, #3555, #4818 ), #1368, .F. ) ;
#3836 = VERTEX_POINT ( 'NONE', #1904 ) ;
#3837 = AXIS2_PLACEMENT_3D ( 'NONE', #545, #4594, #2703 ) ;
#3838 = AXIS2_PLACEMENT_3D ( 'NONE', #4524, #2783, #1617 ) ;
#3839 = VERTEX_POINT ( 'NONE', #729 ) ;
#3840 = LINE ( 'NONE', #6280, #2386 ) ;
#3841 = EDGE_CURVE ( 'NONE', #1455, #2395, #689, .T. ) ;
#3842 = EDGE_CURVE ( 'NONE', #4789, #1581, #3671, .T. ) ;
#3843 = AXIS2_PLACEMENT_3D ( 'NONE', #464, #3399, #2766 ) ;
#3844 = CARTESIAN_POINT ( 'NONE',  ( 0.3992795010898901875, -0.2729607357979192961, 0.5314960629931249070 ) ) ;
#3845 = EDGE_CURVE ( 'NONE', #1626, #2106, #2432, .T. ) ;
#3846 = VERTEX_POINT ( 'NONE', #7027 ) ;
#3847 = EDGE_LOOP ( 'NONE', ( #2858, #4436 ) ) ;
#3848 = ORIENTED_EDGE ( 'NONE', *, *, #3742, .F. ) ;
#3849 = AXIS2_PLACEMENT_3D ( 'NONE', #4000, #5183, #7512 ) ;
#3850 = ORIENTED_EDGE ( 'NONE', *, *, #3005, .T. ) ;
#3851 = DIRECTION ( 'NONE',  ( -1.000000000000000000, 0.000000000000000000, 0.000000000000000000 ) ) ;
#3852 = DIRECTION ( 'NONE',  ( 0.000000000000000000, 0.000000000000000000, 1.000000000000000000 ) ) ;
#3853 = DIRECTION ( 'NONE',  ( -1.000000000000000000, 0.000000000000000000, 0.000000000000000000 ) ) ;
#3854 = ADVANCED_FACE ( 'NONE', ( #4286 ), #1829, .T. ) ;
#3855 = DIRECTION ( 'NONE',  ( -1.000000000000000000, -1.629410152081076261E-16, -1.685446266610459130E-16 ) ) ;
#3856 = LINE ( 'NONE', #5538, #161 ) ;
#3857 = PLANE ( 'NONE',  #3801 ) ;
#3858 = ORIENTED_EDGE ( 'NONE', *, *, #933, .F. ) ;
#3859 = EDGE_LOOP ( 'NONE', ( #7200, #5676, #7411, #5210 ) ) ;
#3860 = CARTESIAN_POINT ( 'NONE',  ( -0.3881220737132595744, -0.1548504995774468984, 0.1771653543317075752 ) ) ;
#3861 = CARTESIAN_POINT ( 'NONE',  ( -0.002295302059716200667, 0.01050383113121429804, 0.5610236220482428537 ) ) ;
#3862 = EDGE_CURVE ( 'NONE', #5962, #7272, #1862, .T. ) ;
#3863 = DIRECTION ( 'NONE',  ( 2.495169267341235145E-16, -0.3162277660168362203, -0.9486832980505143231 ) ) ;
#3864 = LINE ( 'NONE', #6192, #786 ) ;
#3865 = EDGE_LOOP ( 'NONE', ( #1877, #2108, #7416, #137, #6217, #5598, #5177, #255, #6023, #7367, #6775, #5575 ) ) ;
#3866 = ORIENTED_EDGE ( 'NONE', *, *, #1172, .F. ) ;
#3867 = DIRECTION ( 'NONE',  ( 1.000000000000000000, 0.000000000000000000, 0.000000000000000000 ) ) ;
#3868 = CARTESIAN_POINT ( 'NONE',  ( 0.2496732018772917228, -0.2060316019396517262, -0.01181102362104828954 ) ) ;
#3869 = DIRECTION ( 'NONE',  ( -0.000000000000000000, 0.000000000000000000, -1.000000000000000000 ) ) ;
#3870 = FACE_OUTER_BOUND ( 'NONE', #1961, .T. ) ;
#3871 = ORIENTED_EDGE ( 'NONE', *, *, #233, .F. ) ;
#3872 = DIRECTION ( 'NONE',  ( -1.000000000000000000, -2.834079232620525851E-16, -1.685446266610459130E-16 ) ) ;
#3873 = DIRECTION ( 'NONE',  ( -1.000000000000000000, -0.000000000000000000, -0.000000000000000000 ) ) ;
#3874 = DIRECTION ( 'NONE',  ( 0.000000000000000000, 0.000000000000000000, 1.000000000000000000 ) ) ;
#3875 = FACE_OUTER_BOUND ( 'NONE', #967, .T. ) ;
#3876 = VERTEX_POINT ( 'NONE', #6496 ) ;
#3877 = CARTESIAN_POINT ( 'NONE',  ( -0.4196181367053856692, 0.1994802090839701003, 1.578189432169840867 ) ) ;
#3878 = ORIENTED_EDGE ( 'NONE', *, *, #4277, .F. ) ;
#3879 = ADVANCED_FACE ( 'NONE', ( #1293 ), #3598, .F. ) ;
#3880 = ORIENTED_EDGE ( 'NONE', *, *, #6268, .T. ) ;
#3881 = ADVANCED_FACE ( 'NONE', ( #3105 ), #6535, .F. ) ;
#3882 = ORIENTED_EDGE ( 'NONE', *, *, #992, .T. ) ;
#3883 = DIRECTION ( 'NONE',  ( 0.000000000000000000, 1.000000000000000000, 0.000000000000000000 ) ) ;
#3884 = PLANE ( 'NONE',  #4932 ) ;
#3885 = ADVANCED_FACE ( 'NONE', ( #1408 ), #3711, .T. ) ;
#3886 = FACE_OUTER_BOUND ( 'NONE', #752, .T. ) ;
#3887 = FACE_OUTER_BOUND ( 'NONE', #4108, .T. ) ;
#3888 = CARTESIAN_POINT ( 'NONE',  ( -0.4038701052093225941, 0.2939683980603483016, 0.01968503937107765958 ) ) ;
#3889 = EDGE_CURVE ( 'NONE', #5328, #3468, #5613, .T. ) ;
#3890 = ORIENTED_EDGE ( 'NONE', *, *, #2865, .F. ) ;
#3891 = ADVANCED_FACE ( 'NONE', ( #874 ), #3423, .T. ) ;
#3892 = ORIENTED_EDGE ( 'NONE', *, *, #3564, .T. ) ;
#3893 = CARTESIAN_POINT ( 'NONE',  ( 0.3992795010898901320, 0.2939683980603484681, 0.08267716535532965150 ) ) ;
#3894 = LINE ( 'NONE', #6677, #3585 ) ;
#3895 = EDGE_CURVE ( 'NONE', #7265, #7180, #5139, .T. ) ;
#3896 = AXIS2_PLACEMENT_3D ( 'NONE', #5880, #2004, #6528 ) ;
#3897 = PLANE ( 'NONE',  #4397 ) ;
#3898 = PLANE ( 'NONE',  #4652 ) ;
#3899 = ORIENTED_EDGE ( 'NONE', *, *, #6719, .F. ) ;
#3900 = EDGE_LOOP ( 'NONE', ( #485, #3818, #4899, #4412 ) ) ;
#3901 = VECTOR ( 'NONE', #1722, 39.37007874015748143 ) ;
#3902 = EDGE_CURVE ( 'NONE', #863, #524, #4327, .T. ) ;
#3903 = PLANE ( 'NONE',  #6165 ) ;
#3904 = DIRECTION ( 'NONE',  ( -1.000000000000000000, 0.000000000000000000, 0.000000000000000000 ) ) ;
#3905 = CARTESIAN_POINT ( 'NONE',  ( -0.3330039634770389778, 0.01050383113121423559, 0.5157480314970617208 ) ) ;
#3906 = VECTOR ( 'NONE', #3625, 39.37007874015748143 ) ;
#3907 = VECTOR ( 'NONE', #3791, 39.37007874015748854 ) ;
#3908 = DIRECTION ( 'NONE',  ( 2.282530889443167515E-16, -1.000000000000000000, 0.000000000000000000 ) ) ;
#3909 = ORIENTED_EDGE ( 'NONE', *, *, #7044, .F. ) ;
#3910 = FACE_OUTER_BOUND ( 'NONE', #4781, .T. ) ;
#3911 = VECTOR ( 'NONE', #384, 39.37007874015748143 ) ;
#3912 = UNCERTAINTY_MEASURE_WITH_UNIT (LENGTH_MEASURE( 1.000000000000000082E-05 ), #1731, 'distance_accuracy_value', 'NONE');
#3913 = CARTESIAN_POINT ( 'NONE',  ( -0.4038701052093225941, 0.2939683980603483016, 0.07480314960729816942 ) ) ;
#3914 = DIRECTION ( 'NONE',  ( -1.000000000000000000, 0.000000000000000000, 0.000000000000000000 ) ) ;
#3915 = AXIS2_PLACEMENT_3D ( 'NONE', #7415, #1072, #3372 ) ;
#3916 = ORIENTED_EDGE ( 'NONE', *, *, #6047, .T. ) ;
#3917 =( CONVERSION_BASED_UNIT ( 'INCH', #969 ) LENGTH_UNIT ( ) NAMED_UNIT ( #3828 ) );
#3918 = ORIENTED_EDGE ( 'NONE', *, *, #1935, .T. ) ;
#3919 = ORIENTED_EDGE ( 'NONE', *, *, #6729, .T. ) ;
#3920 = DIRECTION ( 'NONE',  ( -1.000000000000000000, 0.000000000000000000, 0.000000000000000000 ) ) ;
#3921 = CARTESIAN_POINT ( 'NONE',  ( 0.3402243829796539054, -0.1568190035144548522, -0.03543307086514277393 ) ) ;
#3922 = AXIS2_PLACEMENT_3D ( 'NONE', #5084, #7454, #6797 ) ;
#3923 = CARTESIAN_POINT ( 'NONE',  ( 0.2772322569954019378, 0.01050383113121446804, -0.03543307086514277393 ) ) ;
#3924 = CARTESIAN_POINT ( 'NONE',  ( -0.3172559319809760137, -0.04855128697902204304, 0.5157480314970618318 ) ) ;
#3925 = CARTESIAN_POINT ( 'NONE',  ( -0.05150790048491302869, 0.01050383113121428243, 0.5511811023632036122 ) ) ;
#3926 = CARTESIAN_POINT ( 'NONE',  ( 0.4103073241188183173, 0.3019356786533476944, 0.07480314960729819718 ) ) ;
#3927 = VECTOR ( 'NONE', #1287, 39.37007874015748143 ) ;
#3928 = VERTEX_POINT ( 'NONE', #5757 ) ;
#3929 = ORIENTED_EDGE ( 'NONE', *, *, #5824, .T. ) ;
#3930 = DIRECTION ( 'NONE',  ( 2.282530889443167515E-16, -1.000000000000000000, 0.000000000000000000 ) ) ;
#3931 = CARTESIAN_POINT ( 'NONE',  ( -0.4274921524534169293, 0.3254644610524741744, -0.08267716535333186068 ) ) ;
#3932 = ADVANCED_FACE ( 'NONE', ( #1450 ), #6117, .F. ) ;
#3933 = AXIS2_PLACEMENT_3D ( 'NONE', #1088, #2788, #2267 ) ;
#3934 = ADVANCED_FACE ( 'NONE', ( #4890 ), #7219, .T. ) ;
#3935 = DIRECTION ( 'NONE',  ( -1.685446266610458883E-16, -8.326672684688672821E-17, 1.000000000000000000 ) ) ;
#3936 = DIRECTION ( 'NONE',  ( -1.685446266610458883E-16, -8.326672684688672821E-17, 1.000000000000000000 ) ) ;
#3937 = CARTESIAN_POINT ( 'NONE',  ( -0.3015079004849131050, -0.06823632634910049843, -0.03543307086514277393 ) ) ;
#3938 = ADVANCED_FACE ( 'NONE', ( #7470 ), #2685, .F. ) ;
#3939 = ORIENTED_EDGE ( 'NONE', *, *, #1449, .F. ) ;
#3940 = ORIENTED_EDGE ( 'NONE', *, *, #2324, .T. ) ;
#3941 = AXIS2_PLACEMENT_3D ( 'NONE', #4362, #4964, #2013 ) ;
#3942 = CARTESIAN_POINT ( 'NONE',  ( 0.2378621782552445552, -0.2178426255616989216, -0.03543307086514277393 ) ) ;
#3943 = CARTESIAN_POINT ( 'NONE',  ( -0.1952086878864877084, -0.2335906570577620522, 0.4133858267726523983 ) ) ;
#3944 = CARTESIAN_POINT ( 'NONE',  ( -0.2719803414297948807, -0.2158741216246910510, -0.2283464566919144179 ) ) ;
#3945 = VECTOR ( 'NONE', #7513, 39.37007874015748143 ) ;
#3946 = CARTESIAN_POINT ( 'NONE',  ( -0.4274921524534170958, 0.3175904453044426368, 0.5629921259852507243 ) ) ;
#3947 = EDGE_CURVE ( 'NONE', #3448, #6521, #6754, .T. ) ;
#3948 = EDGE_LOOP ( 'NONE', ( #6625, #2642, #1994, #970 ) ) ;
#3949 = VERTEX_POINT ( 'NONE', #2657 ) ;
#3950 = VECTOR ( 'NONE', #3595, 39.37007874015748143 ) ;
#3951 = CARTESIAN_POINT ( 'NONE',  ( -0.2700118374927871767, -0.1784725468215414557, 0.1771653543317075752 ) ) ;
#3952 = AXIS2_PLACEMENT_3D ( 'NONE', #5466, #4735, #5318 ) ;
#3953 = LINE ( 'NONE', #6283, #4630 ) ;
#3954 = VECTOR ( 'NONE', #24, 39.37007874015748143 ) ;
#3955 = EDGE_CURVE ( 'NONE', #5840, #4020, #1566, .T. ) ;
#3956 = VECTOR ( 'NONE', #2460, 39.37007874015748143 ) ;
#3957 = ORIENTED_EDGE ( 'NONE', *, *, #4443, .F. ) ;
#3958 = FACE_OUTER_BOUND ( 'NONE', #4876, .T. ) ;
#3959 = ORIENTED_EDGE ( 'NONE', *, *, #7099, .T. ) ;
#3960 = ORIENTED_EDGE ( 'NONE', *, *, #1548, .T. ) ;
#3961 = CARTESIAN_POINT ( 'NONE',  ( 0.2772322569954019378, 0.01050383113121446804, -0.01181102362104828607 ) ) ;
#3962 = DIRECTION ( 'NONE',  ( 1.685446266610458883E-16, 8.326672684688672821E-17, -1.000000000000000000 ) ) ;
#3963 = VECTOR ( 'NONE', #273, 39.37007874015748143 ) ;
#3964 = AXIS2_PLACEMENT_3D ( 'NONE', #3432, #6937, #4499 ) ;
#3965 = DIRECTION ( 'NONE',  ( -1.685446266610458883E-16, -8.326672684688672821E-17, 1.000000000000000000 ) ) ;
#3966 = FACE_OUTER_BOUND ( 'NONE', #6398, .T. ) ;
#3967 = PLANE ( 'NONE',  #5743 ) ;
#3968 = CARTESIAN_POINT ( 'NONE',  ( -0.3881220737132595744, -0.1312284523333524244, 0.1771653543317075752 ) ) ;
#3969 = VECTOR ( 'NONE', #17, 39.37007874015748143 ) ;
#3970 = ORIENTED_EDGE ( 'NONE', *, *, #1835, .F. ) ;
#3971 = ORIENTED_EDGE ( 'NONE', *, *, #5248, .T. ) ;
#3972 = DIRECTION ( 'NONE',  ( 0.000000000000000000, 1.000000000000000000, 0.000000000000000000 ) ) ;
#3973 = CARTESIAN_POINT ( 'NONE',  ( -0.4353661682014482448, -0.2670552239868958511, -0.09055118110136337051 ) ) ;
#3974 = DIRECTION ( 'NONE',  ( -0.4472135954999579277, 0.000000000000000000, -0.8944271909999158554 ) ) ;
#3975 = DIRECTION ( 'NONE',  ( 2.818925648474616279E-16, -1.000000000000000000, 0.000000000000000000 ) ) ;
#3976 = CARTESIAN_POINT ( 'NONE',  ( -0.4038701052093225941, -0.2729607357979192961, 0.01968503937107793020 ) ) ;
#3977 = CARTESIAN_POINT ( 'NONE',  ( -0.2719803414297948252, 0.2368817838871200288, -0.2283464566919144179 ) ) ;
#3978 = ORIENTED_EDGE ( 'NONE', *, *, #90, .F. ) ;
#3979 = EDGE_LOOP ( 'NONE', ( #5395, #2556, #2928, #974 ) ) ;
#3980 = EDGE_CURVE ( 'NONE', #1688, #69, #4314, .T. ) ;
#3981 = EDGE_CURVE ( 'NONE', #7421, #3652, #304, .T. ) ;
#3982 = DIRECTION ( 'NONE',  ( -3.221628540970551859E-16, 0.9486832980505152113, 0.3162277660168337223 ) ) ;
#3983 = CARTESIAN_POINT ( 'NONE',  ( -0.2463897902486925362, 0.2939683980603482460, 0.5314960629931247960 ) ) ;
#3984 = DIRECTION ( 'NONE',  ( 1.685446266610458883E-16, 8.326672684688672821E-17, -1.000000000000000000 ) ) ;
#3985 = LINE ( 'NONE', #4622, #5040 ) ;
#3986 = DIRECTION ( 'NONE',  ( -1.000000000000000000, -0.000000000000000000, -0.000000000000000000 ) ) ;
#3987 = ORIENTED_EDGE ( 'NONE', *, *, #373, .F. ) ;
#3988 = ORIENTED_EDGE ( 'NONE', *, *, #2729, .F. ) ;
#3989 = ORIENTED_EDGE ( 'NONE', *, *, #6032, .T. ) ;
#3990 = CARTESIAN_POINT ( 'NONE',  ( 0.07644485542059877015, 0.3018424138083799502, -0.07086614173128448491 ) ) ;
#3991 = DIRECTION ( 'NONE',  ( 1.086562261999924443E-16, -0.7682212795138573247, 0.6401843997647020945 ) ) ;
#3992 = EDGE_CURVE ( 'NONE', #6759, #4086, #6321, .T. ) ;
#3993 = DIRECTION ( 'NONE',  ( 1.000000000000000000, 0.000000000000000000, 0.000000000000000000 ) ) ;
#3994 = LINE ( 'NONE', #2293, #6704 ) ;
#3995 = CYLINDRICAL_SURFACE ( 'NONE', #5643, 0.06299212598425206477 ) ;
#3996 = ORIENTED_EDGE ( 'NONE', *, *, #3319, .F. ) ;
#3997 = ORIENTED_EDGE ( 'NONE', *, *, #6212, .F. ) ;
#3998 = DIRECTION ( 'NONE',  ( 1.000000000000000000, 0.000000000000000000, 0.000000000000000000 ) ) ;
#3999 = EDGE_CURVE ( 'NONE', #7316, #2436, #915, .T. ) ;
#4000 = CARTESIAN_POINT ( 'NONE',  ( 0.000000000000000000, 0.000000000000000000, 0.000000000000000000 ) ) ;
#4001 = CARTESIAN_POINT ( 'NONE',  ( 0.4229015483339846337, 0.3254644610524743409, -0.08267716535333172190 ) ) ;
#4002 = DIRECTION ( 'NONE',  ( 0.000000000000000000, -0.000000000000000000, -1.000000000000000000 ) ) ;
#4003 = DIRECTION ( 'NONE',  ( -1.000000000000000000, -2.834079232620525851E-16, -1.685446266610459130E-16 ) ) ;
#4004 = VERTEX_POINT ( 'NONE', #6899 ) ;
#4005 = VERTEX_POINT ( 'NONE', #5544 ) ;
#4006 = FACE_OUTER_BOUND ( 'NONE', #7304, .T. ) ;
#4007 = DIRECTION ( 'NONE',  ( 0.000000000000000000, 1.000000000000000000, 0.000000000000000000 ) ) ;
#4008 = CARTESIAN_POINT ( 'NONE',  ( 0.07644485542059870076, 0.3018424138083798947, -0.02952755905411916931 ) ) ;
#4009 = CARTESIAN_POINT ( 'NONE',  ( 0.4150275325859529851, -0.2768977436719350926, -0.03149606299112701902 ) ) ;
#4010 = CARTESIAN_POINT ( 'NONE',  ( -0.2700118374927871767, 0.1994802090839704611, 0.1771653543317075752 ) ) ;
#4011 = ORIENTED_EDGE ( 'NONE', *, *, #529, .F. ) ;
#4012 = ORIENTED_EDGE ( 'NONE', *, *, #1038, .F. ) ;
#4013 = AXIS2_PLACEMENT_3D ( 'NONE', #1666, #1213, #7484 ) ;
#4014 = CARTESIAN_POINT ( 'NONE',  ( -0.2896968768628658264, 0.1891455634146789744, 0.06299212598525093243 ) ) ;
#4015 = CYLINDRICAL_SURFACE ( 'NONE', #7229, 0.003937007874015724558 ) ;
#4016 = CARTESIAN_POINT ( 'NONE',  ( 0.4307755640820161158, 0.3254644610524743409, -0.07086614173128448491 ) ) ;
#4017 = CARTESIAN_POINT ( 'NONE',  ( -0.2700118374927871767, 0.1758581618398758484, 0.1574803149616288978 ) ) ;
#4018 = EDGE_CURVE ( 'NONE', #1998, #4936, #7293, .T. ) ;
#4019 = CARTESIAN_POINT ( 'NONE',  ( -0.2345787666266452298, -0.2729607357979194071, 0.5314960629931247960 ) ) ;
#4020 = VERTEX_POINT ( 'NONE', #6716 ) ;
#4021 = AXIS2_PLACEMENT_3D ( 'NONE', #142, #757, #1284 ) ;
#4022 = VERTEX_POINT ( 'NONE', #987 ) ;
#4023 = VERTEX_POINT ( 'NONE', #3821 ) ;
#4024 = CARTESIAN_POINT ( 'NONE',  ( -0.4156811288313697617, -0.2768977436719350926, 0.07480314960729816942 ) ) ;
#4025 = AXIS2_PLACEMENT_3D ( 'NONE', #1153, #1078, #6925 ) ;
#4026 = CLOSED_SHELL ( 'NONE', ( #6639, #70, #1302, #590, #6598, #2593 ) ) ;
#4027 = CARTESIAN_POINT ( 'NONE',  ( -0.2247362469416058495, -0.2257166413097304591, -0.01968503936907978202 ) ) ;
#4028 = EDGE_CURVE ( 'NONE', #4666, #6669, #1693, .T. ) ;
#4029 = ADVANCED_FACE ( 'NONE', ( #3254 ), #6475, .T. ) ;
#4030 = PLANE ( 'NONE',  #2212 ) ;
#4031 = VERTEX_POINT ( 'NONE', #7011 ) ;
#4032 = LINE ( 'NONE', #6358, #3815 ) ;
#4033 = EDGE_CURVE ( 'NONE', #4926, #5840, #2499, .T. ) ;
#4034 = EDGE_LOOP ( 'NONE', ( #4106, #3347, #2610, #1696 ) ) ;
#4035 = VECTOR ( 'NONE', #6601, 39.37007874015748143 ) ;
#4036 = AXIS2_PLACEMENT_3D ( 'NONE', #3393, #6940, #6449 ) ;
#4037 = VERTEX_POINT ( 'NONE', #5334 ) ;
#4038 = PLANE ( 'NONE',  #1184 ) ;
#4039 = LINE ( 'NONE', #1589, #2634 ) ;
#4040 = SHAPE_DEFINITION_REPRESENTATION ( #2466, #6833 ) ;
#4041 = LINE ( 'NONE', #132, #320 ) ;
#4042 = AXIS2_PLACEMENT_3D ( 'NONE', #2416, #1814, #3577 ) ;
#4043 = CYLINDRICAL_SURFACE ( 'NONE', #2594, 0.01968503937007875723 ) ;
#4044 = DIRECTION ( 'NONE',  ( -0.7071067811865514585, 0.000000000000000000, -0.7071067811865433539 ) ) ;
#4045 = EDGE_CURVE ( 'NONE', #1671, #163, #1732, .T. ) ;
#4046 = ORIENTED_EDGE ( 'NONE', *, *, #48, .T. ) ;
#4047 = ORIENTED_EDGE ( 'NONE', *, *, #6881, .T. ) ;
#4048 = SPHERICAL_SURFACE ( 'NONE', #6397, 0.007874015748031482076 ) ;
#4049 = VECTOR ( 'NONE', #6758, 39.37007874015748143 ) ;
#4050 = CARTESIAN_POINT ( 'NONE',  ( -0.3093819162329445316, -0.3044567987900457240, 0.5629921259852507243 ) ) ;
#4051 = DIRECTION ( 'NONE',  ( 1.000000000000000000, 0.000000000000000000, 0.000000000000000000 ) ) ;
#4052 = VECTOR ( 'NONE', #4541, 39.37007874015748143 ) ;
#4053 = LINE ( 'NONE', #4128, #2591 ) ;
#4054 = CYLINDRICAL_SURFACE ( 'NONE', #5266, 0.02952755905511813758 ) ;
#4055 = EDGE_CURVE ( 'NONE', #15, #393, #1203, .T. ) ;
#4056 = EDGE_LOOP ( 'NONE', ( #6470, #288, #2837, #983 ) ) ;
#4057 = ORIENTED_EDGE ( 'NONE', *, *, #4307, .F. ) ;
#4058 = STYLED_ITEM ( 'NONE', ( #392 ), #3398 ) ;
#4059 = DIRECTION ( 'NONE',  ( 5.224419336987948372E-31, -1.445602896647339903E-15, -1.000000000000000000 ) ) ;
#4060 = DIRECTION ( 'NONE',  ( -1.000000000000000000, -1.983724587533855523E-16, -1.685446266610459130E-16 ) ) ;
#4061 = FACE_OUTER_BOUND ( 'NONE', #3307, .T. ) ;
#4062 = CARTESIAN_POINT ( 'NONE',  ( -0.4156811288313697617, -0.1312284523333524244, 0.07086614173328242838 ) ) ;
#4063 = CARTESIAN_POINT ( 'NONE',  ( -0.3172559319809760692, 0.06955894924145049341, 0.5597306018720767939 ) ) ;
#4064 = CIRCLE ( 'NONE', #1887, 0.05905511811023627516 ) ;
#4065 = EDGE_LOOP ( 'NONE', ( #4714, #175, #1962, #4414 ) ) ;
#4066 = ORIENTED_EDGE ( 'NONE', *, *, #4671, .T. ) ;
#4067 = ORIENTED_EDGE ( 'NONE', *, *, #2232, .T. ) ;
#4068 = DIRECTION ( 'NONE',  ( 0.000000000000000000, 0.000000000000000000, -1.000000000000000000 ) ) ;
#4069 = CIRCLE ( 'NONE', #5155, 0.01427165354330715494 ) ;
#4070 = CARTESIAN_POINT ( 'NONE',  ( -0.3290669556030233478, -0.1568190035144548522, -0.05905511810923725485 ) ) ;
#4071 = ORIENTED_EDGE ( 'NONE', *, *, #1990, .T. ) ;
#4072 = CARTESIAN_POINT ( 'NONE',  ( 0.4032165089639057065, -0.2768977436719350926, -0.03149606299112713698 ) ) ;
#4073 = PRESENTATION_LAYER_ASSIGNMENT (  '', '', ( #7482 ) ) ;
#4074 = VECTOR ( 'NONE', #12, 39.37007874015748143 ) ;
#4075 = ORIENTED_EDGE ( 'NONE', *, *, #4092, .F. ) ;
#4076 = ORIENTED_EDGE ( 'NONE', *, *, #958, .F. ) ;
#4077 = DIRECTION ( 'NONE',  ( 1.000000000000000000, 2.834079232620525851E-16, 1.685446266610459130E-16 ) ) ;
#4078 = ADVANCED_FACE ( 'NONE', ( #2900 ), #4642, .F. ) ;
#4079 = EDGE_CURVE ( 'NONE', #1388, #2896, #1883, .T. ) ;
#4080 = DIRECTION ( 'NONE',  ( -2.834079232620525851E-16, 1.000000000000000000, 8.326672684688667890E-17 ) ) ;
#4081 = VECTOR ( 'NONE', #4273, 39.37007874015748143 ) ;
#4082 = CYLINDRICAL_SURFACE ( 'NONE', #4550, 0.007874015748031516770 ) ;
#4083 = CIRCLE ( 'NONE', #1305, 0.01968503937007875723 ) ;
#4084 = LINE ( 'NONE', #1620, #1016 ) ;
#4085 = CARTESIAN_POINT ( 'NONE',  ( -0.2896968768628658819, -0.1681379011522500244, 0.06299212598525101570 ) ) ;
#4086 = VERTEX_POINT ( 'NONE', #3463 ) ;
#4087 = CIRCLE ( 'NONE', #1914, 0.02952755905511813758 ) ;
#4088 = ORIENTED_EDGE ( 'NONE', *, *, #2643, .F. ) ;
#4089 = FACE_OUTER_BOUND ( 'NONE', #4563, .T. ) ;
#4090 = VECTOR ( 'NONE', #3055, 39.37007874015748143 ) ;
#4091 = LINE ( 'NONE', #6416, #2861 ) ;
#4092 = EDGE_CURVE ( 'NONE', #3009, #4926, #2973, .T. ) ;
#4093 = DIRECTION ( 'NONE',  ( 0.000000000000000000, 0.000000000000000000, 1.000000000000000000 ) ) ;
#4094 = VECTOR ( 'NONE', #3150, 39.37007874015748143 ) ;
#4095 = CARTESIAN_POINT ( 'NONE',  ( 0.4032165089639058175, -0.2887087672939823157, -0.03149606299112701902 ) ) ;
#4096 = DIRECTION ( 'NONE',  ( 1.685446266610458883E-16, 8.326672684688672821E-17, -1.000000000000000000 ) ) ;
#4097 = CARTESIAN_POINT ( 'NONE',  ( -0.4196181367053853917, 0.3097164295564112657, -0.07086614173128460981 ) ) ;
#4098 = ORIENTED_EDGE ( 'NONE', *, *, #5333, .F. ) ;
#4099 = ORIENTED_EDGE ( 'NONE', *, *, #7010, .T. ) ;
#4100 = CARTESIAN_POINT ( 'NONE',  ( -0.2936416219157271246, 0.1758581618398758761, 0.06701346653876991133 ) ) ;
#4101 = EDGE_CURVE ( 'NONE', #6178, #2436, #4041, .T. ) ;
#4102 = CARTESIAN_POINT ( 'NONE',  ( -0.2896968768628658819, 0.1861928075091673351, 0.06692913385926668735 ) ) ;
#4103 = DIRECTION ( 'NONE',  ( 0.000000000000000000, 0.000000000000000000, -1.000000000000000000 ) ) ;
#4104 = CARTESIAN_POINT ( 'NONE',  ( -0.2719803414297948807, -0.2158741216246910510, -0.01181102362104828607 ) ) ;
#4105 = CARTESIAN_POINT ( 'NONE',  ( -0.3487519949731019420, -0.009181208238864266638, -0.2283464566919144179 ) ) ;
#4106 = ORIENTED_EDGE ( 'NONE', *, *, #2178, .F. ) ;
#4107 = ORIENTED_EDGE ( 'NONE', *, *, #4262, .F. ) ;
#4108 = EDGE_LOOP ( 'NONE', ( #6141, #2538, #2573, #5815 ) ) ;
#4109 = DIRECTION ( 'NONE',  ( 1.000000000000000000, 0.000000000000000000, 0.000000000000000000 ) ) ;
#4110 =( LENGTH_UNIT ( ) NAMED_UNIT ( * ) SI_UNIT ( $, .METRE. ) );
#4111 = EDGE_LOOP ( 'NONE', ( #5918, #1986, #3807, #4386 ) ) ;
#4112 = DIRECTION ( 'NONE',  ( -1.000000000000000000, -2.891205793294675861E-16, 0.000000000000000000 ) ) ;
#4113 = EDGE_LOOP ( 'NONE', ( #6986, #1167, #5591, #6895 ) ) ;
#4114 = DIRECTION ( 'NONE',  ( 1.685446266610458883E-16, 8.326672684688672821E-17, -1.000000000000000000 ) ) ;
#4115 = DIRECTION ( 'NONE',  ( -2.834079232620525851E-16, 1.000000000000000000, 8.326672684688667890E-17 ) ) ;
#4116 = DIRECTION ( 'NONE',  ( 1.000000000000000000, 0.000000000000000000, 0.000000000000000000 ) ) ;
#4117 = EDGE_CURVE ( 'NONE', #7384, #6205, #3614, .T. ) ;
#4118 = ADVANCED_FACE ( 'NONE', ( #2934 ), #4082, .T. ) ;
#4119 = FACE_OUTER_BOUND ( 'NONE', #2346, .T. ) ;
#4120 = EDGE_LOOP ( 'NONE', ( #3939, #7389, #2894, #2090 ) ) ;
#4121 = ORIENTED_EDGE ( 'NONE', *, *, #1850, .T. ) ;
#4122 = EDGE_CURVE ( 'NONE', #6591, #2009, #5913, .T. ) ;
#4123 = LINE ( 'NONE', #1784, #1062 ) ;
#4124 = CARTESIAN_POINT ( 'NONE',  ( 0.4150275325859529851, 0.2979054059343640426, -0.01181102362104828607 ) ) ;
#4125 = CYLINDRICAL_SURFACE ( 'NONE', #6330, 0.007874015748031449116 ) ;
#4126 = DIRECTION ( 'NONE',  ( 1.000000000000000000, 0.000000000000000000, 0.000000000000000000 ) ) ;
#4127 = ADVANCED_FACE ( 'NONE', ( #2445 ), #26, .F. ) ;
#4128 = CARTESIAN_POINT ( 'NONE',  ( 0.1984920995150868950, 0.2545983193201908357, -0.02362204724309518653 ) ) ;
#4129 = DIRECTION ( 'NONE',  ( 1.983724587533855770E-16, -1.000000000000000000, -8.326672684688669123E-17 ) ) ;
#4130 = ORIENTED_EDGE ( 'NONE', *, *, #5089, .T. ) ;
#4131 = ORIENTED_EDGE ( 'NONE', *, *, #5091, .T. ) ;
#4132 = EDGE_CURVE ( 'NONE', #7305, #6058, #3215, .T. ) ;
#4133 = CARTESIAN_POINT ( 'NONE',  ( -0.2877899783315520099, 0.1758581618398758761, 0.06692913396525954073 ) ) ;
#4134 = DIRECTION ( 'NONE',  ( -2.834079232620525851E-16, 1.000000000000000000, 8.326672684688667890E-17 ) ) ;
#4135 = DIRECTION ( 'NONE',  ( -2.834079232620525851E-16, 1.000000000000000000, 8.326672684688667890E-17 ) ) ;
#4136 = CARTESIAN_POINT ( 'NONE',  ( -0.4274921524534169293, -0.2965827830420141309, 0.5551181102372192422 ) ) ;
#4137 = PLANE ( 'NONE',  #7332 ) ;
#4138 = ORIENTED_EDGE ( 'NONE', *, *, #2686, .F. ) ;
#4139 = EDGE_LOOP ( 'NONE', ( #3214, #5164, #6873, #5865 ) ) ;
#4140 = ORIENTED_EDGE ( 'NONE', *, *, #4420, .F. ) ;
#4141 = DIRECTION ( 'NONE',  ( -1.685446266610458883E-16, -8.326672684688672821E-17, 1.000000000000000000 ) ) ;
#4142 = VECTOR ( 'NONE', #5571, 39.37007874015748143 ) ;
#4143 =( CONVERSION_BASED_UNIT ( 'INCH', #3040 ) LENGTH_UNIT ( ) NAMED_UNIT ( #3098 ) );
#4144 = ORIENTED_EDGE ( 'NONE', *, *, #5701, .F. ) ;
#4145 = CARTESIAN_POINT ( 'NONE',  ( -0.4353661682014484668, 0.06955894924145039626, 0.5551181102372192422 ) ) ;
#4146 = EDGE_CURVE ( 'NONE', #3200, #5962, #1237, .T. ) ;
#4147 = ORIENTED_EDGE ( 'NONE', *, *, #1325, .F. ) ;
#4148 = FACE_OUTER_BOUND ( 'NONE', #7242, .T. ) ;
#4149 = PRESENTATION_LAYER_ASSIGNMENT (  '', '', ( #2695 ) ) ;
#4150 = AXIS2_PLACEMENT_3D ( 'NONE', #2731, #2801, #3832 ) ;
#4151 = FACE_OUTER_BOUND ( 'NONE', #2979, .T. ) ;
#4152 = FACE_OUTER_BOUND ( 'NONE', #780, .T. ) ;
#4153 = DIRECTION ( 'NONE',  ( 2.282530889443167515E-16, -1.000000000000000000, 0.000000000000000000 ) ) ;
#4154 = VECTOR ( 'NONE', #1132, 39.37007874015748143 ) ;
#4155 = ORIENTED_EDGE ( 'NONE', *, *, #6127, .T. ) ;
#4156 = VECTOR ( 'NONE', #43, 39.37007874015748143 ) ;
#4157 = FILL_AREA_STYLE ('',( #3128 ) ) ;
#4158 = ORIENTED_EDGE ( 'NONE', *, *, #2909, .T. ) ;
#4159 = ORIENTED_EDGE ( 'NONE', *, *, #5132, .F. ) ;
#4160 = DIRECTION ( 'NONE',  ( -1.000000000000000000, 0.000000000000000000, 0.000000000000000000 ) ) ;
#4161 = FACE_OUTER_BOUND ( 'NONE', #7326, .T. ) ;
#4162 = AXIS2_PLACEMENT_3D ( 'NONE', #7270, #4153, #2974 ) ;
#4163 = CARTESIAN_POINT ( 'NONE',  ( 0.4110905247119373551, -0.2768977436719350926, -0.03543307086514276699 ) ) ;
#4164 = DIRECTION ( 'NONE',  ( 0.000000000000000000, -1.000000000000000000, 0.000000000000000000 ) ) ;
#4165 = CARTESIAN_POINT ( 'NONE',  ( -0.4196181367053855027, -0.2887087672939827598, 1.578189432169840867 ) ) ;
#4166 = CARTESIAN_POINT ( 'NONE',  ( 0.2398306821922523424, 0.01050383113121446804, -0.05905511810923725485 ) ) ;
#4167 = VECTOR ( 'NONE', #5616, 39.37007874015748143 ) ;
#4168 = VERTEX_POINT ( 'NONE', #601 ) ;
#4169 = CARTESIAN_POINT ( 'NONE',  ( -0.1952086878864878472, 0.2939683980603482460, 0.4251968503946996769 ) ) ;
#4170 = ADVANCED_FACE ( 'NONE', ( #4151 ), #3535, .T. ) ;
#4171 = EDGE_CURVE ( 'NONE', #6684, #7156, #6517, .T. ) ;
#4172 = CARTESIAN_POINT ( 'NONE',  ( -0.2989708657248423274, 0.1758581618398758761, 0.06488392070106445420 ) ) ;
#4173 = VECTOR ( 'NONE', #5188, 39.37007874015748143 ) ;
#4174 = DIRECTION ( 'NONE',  ( 1.000000000000000000, 0.000000000000000000, 0.000000000000000000 ) ) ;
#4175 = DIRECTION ( 'NONE',  ( -1.685446266610458883E-16, -8.326672684688672821E-17, 1.000000000000000000 ) ) ;
#4176 = EDGE_CURVE ( 'NONE', #1870, #3480, #1162, .T. ) ;
#4177 = LINE ( 'NONE', #4330, #2387 ) ;
#4178 = CARTESIAN_POINT ( 'NONE',  ( -0.3290669556030233478, 0.08924398861152943452, -0.05905511810923725485 ) ) ;
#4179 = ORIENTED_EDGE ( 'NONE', *, *, #3149, .F. ) ;
#4180 = ORIENTED_EDGE ( 'NONE', *, *, #4757, .T. ) ;
#4181 = ORIENTED_EDGE ( 'NONE', *, *, #6352, .F. ) ;
#4182 =( GEOMETRIC_REPRESENTATION_CONTEXT ( 3 ) GLOBAL_UNCERTAINTY_ASSIGNED_CONTEXT ( ( #4518 ) ) GLOBAL_UNIT_ASSIGNED_CONTEXT ( ( #674, #218, #6479 ) ) REPRESENTATION_CONTEXT ( 'NONE', 'WORKASPACE' ) );
#4183 = LINE ( 'NONE', #6958, #6647 ) ;
#4184 = ADVANCED_FACE ( 'NONE', ( #1385 ), #1428, .T. ) ;
#4185 = DIRECTION ( 'NONE',  ( 1.685446266610458883E-16, 8.326672684688672821E-17, -1.000000000000000000 ) ) ;
#4186 = AXIS2_PLACEMENT_3D ( 'NONE', #2842, #3516, #4620 ) ;
#4187 = LINE ( 'NONE', #165, #156 ) ;
#4188 = EDGE_LOOP ( 'NONE', ( #6799, #7067, #1234, #4255 ) ) ;
#4189 = DIRECTION ( 'NONE',  ( -1.000000000000000000, -3.261594334677039848E-45, 2.170377338929938639E-30 ) ) ;
#4190 = ORIENTED_EDGE ( 'NONE', *, *, #2865, .T. ) ;
#4191 = DIRECTION ( 'NONE',  ( 2.834079232620525851E-16, -1.000000000000000000, -8.326672684688667890E-17 ) ) ;
#4192 = AXIS2_PLACEMENT_3D ( 'NONE', #249, #3688, #6021 ) ;
#4193 = CARTESIAN_POINT ( 'NONE',  ( -0.4196181367053855027, -0.2887087672939827598, 1.578189432169840867 ) ) ;
#4194 = EDGE_CURVE ( 'NONE', #6699, #4737, #4069, .T. ) ;
#4195 = CARTESIAN_POINT ( 'NONE',  ( 0.4229015483339847448, -0.2965827830420139644, -0.07086614173128448491 ) ) ;
#4196 = TOROIDAL_SURFACE ( 'NONE', #5160, 0.01033464566929150064, 0.003937007874015728895 ) ;
#4197 = FACE_OUTER_BOUND ( 'NONE', #6616, .T. ) ;
#4198 = VECTOR ( 'NONE', #3262, 39.37007874015748143 ) ;
#4199 = ORIENTED_EDGE ( 'NONE', *, *, #6959, .F. ) ;
#4200 = ORIENTED_EDGE ( 'NONE', *, *, #2509, .T. ) ;
#4201 = ORIENTED_EDGE ( 'NONE', *, *, #500, .F. ) ;
#4202 = FACE_OUTER_BOUND ( 'NONE', #5771, .T. ) ;
#4203 = DIRECTION ( 'NONE',  ( 0.5773502691896266192, -0.5773502691896303940, -0.5773502691896201799 ) ) ;
#4204 = VECTOR ( 'NONE', #4814, 39.37007874015748143 ) ;
#4205 = AXIS2_PLACEMENT_3D ( 'NONE', #1015, #1698, #7520 ) ;
#4206 = CARTESIAN_POINT ( 'NONE',  ( -0.2857521318100045282, 0.1994802090839704889, 0.06701346653876995296 ) ) ;
#4207 = CARTESIAN_POINT ( 'NONE',  ( -0.4196181367053856692, -0.2847717594199665747, 0.07480314960729816942 ) ) ;
#4208 = DIRECTION ( 'NONE',  ( 0.000000000000000000, 0.000000000000000000, 1.000000000000000000 ) ) ;
#4209 = LINE ( 'NONE', #1402, #5138 ) ;
#4210 = VECTOR ( 'NONE', #6889, 39.37007874015748143 ) ;
#4211 = CIRCLE ( 'NONE', #6757, 0.03937007874100611343 ) ;
#4212 = ORIENTED_EDGE ( 'NONE', *, *, #877, .T. ) ;
#4213 = CARTESIAN_POINT ( 'NONE',  ( -0.1912716800124721617, -0.1765040428845335851, -0.05905511810923725485 ) ) ;
#4214 = DIRECTION ( 'NONE',  ( 2.834079232620525851E-16, -1.000000000000000000, -8.326672684688667890E-17 ) ) ;
#4215 = VECTOR ( 'NONE', #1602, 39.37007874015748143 ) ;
#4216 = DIRECTION ( 'NONE',  ( 0.000000000000000000, -1.000000000000000000, 0.000000000000000000 ) ) ;
#4217 = CARTESIAN_POINT ( 'NONE',  ( 0.4110905247119373551, -0.2887087672939821492, 0.07086614173328242838 ) ) ;
#4218 = CARTESIAN_POINT ( 'NONE',  ( 0.2831377688064256049, 0.01050383113121446804, -0.03543307086514277393 ) ) ;
#4219 = EDGE_CURVE ( 'NONE', #5565, #5122, #686, .T. ) ;
#4220 = ORIENTED_EDGE ( 'NONE', *, *, #697, .T. ) ;
#4221 = ORIENTED_EDGE ( 'NONE', *, *, #1265, .T. ) ;
#4222 = ADVANCED_FACE ( 'NONE', ( #3729 ), #1505, .F. ) ;
#4223 = EDGE_CURVE ( 'NONE', #6122, #2325, #6143, .T. ) ;
#4224 = PLANE ( 'NONE',  #5789 ) ;
#4225 = DIRECTION ( 'NONE',  ( 0.000000000000000000, 0.7071067811865514585, -0.7071067811865433539 ) ) ;
#4226 = DIRECTION ( 'NONE',  ( -0.000000000000000000, 0.000000000000000000, 1.000000000000000000 ) ) ;
#4227 = ORIENTED_EDGE ( 'NONE', *, *, #1019, .T. ) ;
#4228 = EDGE_CURVE ( 'NONE', #1769, #2072, #2851, .T. ) ;
#4229 = CARTESIAN_POINT ( 'NONE',  ( -0.4274921524534169293, 0.07743296498948191997, 0.5629921259852507243 ) ) ;
#4230 = VERTEX_POINT ( 'NONE', #6061 ) ;
#4231 = ADVANCED_FACE ( 'NONE', ( #858 ), #2066, .F. ) ;
#4232 = DIRECTION ( 'NONE',  ( 0.000000000000000000, 0.000000000000000000, 1.000000000000000000 ) ) ;
#4233 = CARTESIAN_POINT ( 'NONE',  ( -0.4038701052093224830, 0.1994802090839702391, 0.1929133858277704283 ) ) ;
#4234 = DIRECTION ( 'NONE',  ( -0.000000000000000000, -0.000000000000000000, -1.000000000000000000 ) ) ;
#4235 = ORIENTED_EDGE ( 'NONE', *, *, #3862, .T. ) ;
#4236 = ORIENTED_EDGE ( 'NONE', *, *, #4237, .F. ) ;
#4237 = EDGE_CURVE ( 'NONE', #6793, #5362, #6552, .T. ) ;
#4238 = DIRECTION ( 'NONE',  ( 0.000000000000000000, 0.000000000000000000, 1.000000000000000000 ) ) ;
#4239 = DIRECTION ( 'NONE',  ( 0.000000000000000000, 1.000000000000000000, 0.000000000000000000 ) ) ;
#4240 = CARTESIAN_POINT ( 'NONE',  ( 0.1433739892788664927, -0.2060316019396516984, -0.05905511810923725485 ) ) ;
#4241 = DIRECTION ( 'NONE',  ( 1.000000000000000000, 2.834079232620525851E-16, 1.685446266610459130E-16 ) ) ;
#4242 = PLANE ( 'NONE',  #1252 ) ;
#4243 = PLANE ( 'NONE',  #61 ) ;
#4244 = ORIENTED_EDGE ( 'NONE', *, *, #5579, .T. ) ;
#4245 = DIRECTION ( 'NONE',  ( -1.000000000000000000, -2.891205793294675861E-16, 0.000000000000000000 ) ) ;
#4246 = CARTESIAN_POINT ( 'NONE',  ( -0.4353661682014484668, 0.06955894924145036851, 0.5157480314970617208 ) ) ;
#4247 = CARTESIAN_POINT ( 'NONE',  ( -0.002295302059716200667, 0.01050383113121429804, 0.5177165354340697023 ) ) ;
#4248 = CARTESIAN_POINT ( 'NONE',  ( -0.2896968768628658819, -0.1651851452467384129, 0.06299212598525093243 ) ) ;
#4249 = DIRECTION ( 'NONE',  ( 1.000000000000000000, 0.000000000000000000, 0.000000000000000000 ) ) ;
#4250 = DIRECTION ( 'NONE',  ( 1.685446266610458883E-16, 8.326672684688672821E-17, -1.000000000000000000 ) ) ;
#4251 = VERTEX_POINT ( 'NONE', #3649 ) ;
#4252 = ORIENTED_EDGE ( 'NONE', *, *, #297, .T. ) ;
#4253 = CARTESIAN_POINT ( 'NONE',  ( -0.4038701052093224830, 0.2939683980603482460, 0.5314960629931247960 ) ) ;
#4254 = EDGE_CURVE ( 'NONE', #1392, #6592, #2568, .T. ) ;
#4255 = ORIENTED_EDGE ( 'NONE', *, *, #5949, .F. ) ;
#4256 = DIRECTION ( 'NONE',  ( -0.000000000000000000, -0.000000000000000000, -1.000000000000000000 ) ) ;
#4257 = CYLINDRICAL_SURFACE ( 'NONE', #4875, 0.01181102362204724046 ) ;
#4258 = EDGE_CURVE ( 'NONE', #2363, #1251, #6663, .T. ) ;
#4259 = ORIENTED_EDGE ( 'NONE', *, *, #857, .F. ) ;
#4260 = EDGE_LOOP ( 'NONE', ( #5839, #2668, #2838 ) ) ;
#4261 = FILL_AREA_STYLE ('',( #4373 ) ) ;
#4262 = EDGE_CURVE ( 'NONE', #1922, #4523, #3267, .T. ) ;
#4263 = CIRCLE ( 'NONE', #3526, 0.003937007874015741038 ) ;
#4264 = EDGE_CURVE ( 'NONE', #5130, #3928, #4453, .T. ) ;
#4265 = DIRECTION ( 'NONE',  ( -1.000000000000000000, -2.834079232620525851E-16, -1.685446266610459130E-16 ) ) ;
#4266 = ORIENTED_EDGE ( 'NONE', *, *, #1621, .T. ) ;
#4267 = CARTESIAN_POINT ( 'NONE',  ( -0.4196181367053852251, -0.2670552239868958511, -0.09055118110136337051 ) ) ;
#4268 = ORIENTED_EDGE ( 'NONE', *, *, #4975, .T. ) ;
#4269 = ORIENTED_EDGE ( 'NONE', *, *, #5340, .F. ) ;
#4270 = VECTOR ( 'NONE', #4276, 39.37007874015748143 ) ;
#4271 = ORIENTED_EDGE ( 'NONE', *, *, #2181, .T. ) ;
#4272 = CARTESIAN_POINT ( 'NONE',  ( 0.4307755640820162268, -0.2965827830420139644, 0.5551181102372193532 ) ) ;
#4273 = DIRECTION ( 'NONE',  ( -0.000000000000000000, -1.000000000000000000, -0.000000000000000000 ) ) ;
#4274 = AXIS2_PLACEMENT_3D ( 'NONE', #6802, #3914, #1611 ) ;
#4275 = AXIS2_PLACEMENT_3D ( 'NONE', #382, #6197, #7413 ) ;
#4276 = DIRECTION ( 'NONE',  ( -1.000000000000000000, 2.948332353968832773E-16, -1.685446266610458637E-16 ) ) ;
#4277 = EDGE_CURVE ( 'NONE', #69, #6591, #4672, .T. ) ;
#4278 = CARTESIAN_POINT ( 'NONE',  ( 0.1984920995150871170, 0.000000000000000000, -0.2283464566919144179 ) ) ;
#4279 = CARTESIAN_POINT ( 'NONE',  ( -0.2719803414297948252, 0.2368817838871200288, -0.01181102362104828607 ) ) ;
#4280 = CARTESIAN_POINT ( 'NONE',  ( -0.3566260107211334240, 0.01050383113121422865, 0.5157480314970617208 ) ) ;
#4281 = ORIENTED_EDGE ( 'NONE', *, *, #6422, .F. ) ;
#4282 = VECTOR ( 'NONE', #4096, 39.37007874015748143 ) ;
#4283 = CIRCLE ( 'NONE', #6709, 0.04921259842519682542 ) ;
#4284 = PLANE ( 'NONE',  #5417 ) ;
#4285 = CARTESIAN_POINT ( 'NONE',  ( -0.2974305290290580883, -0.1784725468215414834, 0.06608194144772816525 ) ) ;
#4286 = FACE_OUTER_BOUND ( 'NONE', #928, .T. ) ;
#4287 = DIRECTION ( 'NONE',  ( 2.282530889443167515E-16, -1.000000000000000000, 0.000000000000000000 ) ) ;
#4288 = ADVANCED_FACE ( 'NONE', ( #4631 ), #1266, .T. ) ;
#4289 = PLANE ( 'NONE',  #3952 ) ;
#4290 = AXIS2_PLACEMENT_3D ( 'NONE', #635, #3501, #4494 ) ;
#4291 = DIRECTION ( 'NONE',  ( -1.000000000000000000, 0.000000000000000000, 0.000000000000000000 ) ) ;
#4292 = ORIENTED_EDGE ( 'NONE', *, *, #1827, .F. ) ;
#4293 = VERTEX_POINT ( 'NONE', #3567 ) ;
#4294 = AXIS2_PLACEMENT_3D ( 'NONE', #5319, #5206, #47 ) ;
#4295 = CARTESIAN_POINT ( 'NONE',  ( -0.2621378217447554171, -0.2257166413097304591, -0.01968503936907978202 ) ) ;
#4296 = ORIENTED_EDGE ( 'NONE', *, *, #3627, .F. ) ;
#4297 = LINE ( 'NONE', #6617, #6227 ) ;
#4298 = CIRCLE ( 'NONE', #5878, 0.01968503937007875723 ) ;
#4299 = ORIENTED_EDGE ( 'NONE', *, *, #5710, .F. ) ;
#4300 = ORIENTED_EDGE ( 'NONE', *, *, #4101, .F. ) ;
#4301 = CARTESIAN_POINT ( 'NONE',  ( -0.2916336547755550290, -0.1548504995774469817, 0.06692913385926668735 ) ) ;
#4302 = AXIS2_PLACEMENT_3D ( 'NONE', #4072, #5749, #5675 ) ;
#4303 = PLANE ( 'NONE',  #1973 ) ;
#4304 = ORIENTED_EDGE ( 'NONE', *, *, #4363, .T. ) ;
#4305 = SURFACE_STYLE_USAGE ( .BOTH. , #5412 ) ;
#4306 = ORIENTED_EDGE ( 'NONE', *, *, #287, .F. ) ;
#4307 = EDGE_CURVE ( 'NONE', #7354, #5814, #4919, .T. ) ;
#4308 = VECTOR ( 'NONE', #3779, 39.37007874015748143 ) ;
#4309 = ORIENTED_EDGE ( 'NONE', *, *, #4763, .T. ) ;
#4310 = EDGE_CURVE ( 'NONE', #6255, #4572, #809, .T. ) ;
#4311 = ORIENTED_EDGE ( 'NONE', *, *, #2084, .T. ) ;
#4312 = DIRECTION ( 'NONE',  ( -0.000000000000000000, -0.000000000000000000, -1.000000000000000000 ) ) ;
#4313 = DIRECTION ( 'NONE',  ( 1.685446266610458883E-16, 8.326672684688672821E-17, -1.000000000000000000 ) ) ;
#4314 = CIRCLE ( 'NONE', #1535, 0.007874015748031449116 ) ;
#4315 = LINE ( 'NONE', #6635, #1608 ) ;
#4316 = CYLINDRICAL_SURFACE ( 'NONE', #2863, 0.003937007874015724558 ) ;
#4317 = PLANE ( 'NONE',  #399 ) ;
#4318 = DIMENSIONAL_EXPONENTS ( 1.000000000000000000, 0.000000000000000000, 0.000000000000000000, 0.000000000000000000, 0.000000000000000000, 0.000000000000000000, 0.000000000000000000 ) ;
#4319 = LINE ( 'NONE', #3664, #3927 ) ;
#4320 = ORIENTED_EDGE ( 'NONE', *, *, #7522, .T. ) ;
#4321 = AXIS2_PLACEMENT_3D ( 'NONE', #1005, #3309, #5638 ) ;
#4322 = VERTEX_POINT ( 'NONE', #593 ) ;
#4323 = VECTOR ( 'NONE', #207, 39.37007874015748143 ) ;
#4324 = FACE_OUTER_BOUND ( 'NONE', #5460, .T. ) ;
#4325 = EDGE_CURVE ( 'NONE', #6967, #4459, #2892, .T. ) ;
#4326 = CARTESIAN_POINT ( 'NONE',  ( -0.2798543571778265848, -0.1784725468215414557, 0.06399143552316806371 ) ) ;
#4327 = LINE ( 'NONE', #7330, #3574 ) ;
#4328 = DIRECTION ( 'NONE',  ( -2.834079232620525851E-16, 1.000000000000000000, 8.326672684688667890E-17 ) ) ;
#4329 = VECTOR ( 'NONE', #7059, 39.37007874015748143 ) ;
#4330 = CARTESIAN_POINT ( 'NONE',  ( -0.2700118374927871767, 0.1758581618398758484, 0.1771653543317075752 ) ) ;
#4331 = VECTOR ( 'NONE', #6450, 39.37007874015748143 ) ;
#4332 = LINE ( 'NONE', #732, #536 ) ;
#4333 = ORIENTED_EDGE ( 'NONE', *, *, #6527, .F. ) ;
#4334 = ORIENTED_EDGE ( 'NONE', *, *, #4277, .T. ) ;
#4335 = AXIS2_PLACEMENT_3D ( 'NONE', #6147, #1552, #3852 ) ;
#4336 = EDGE_CURVE ( 'NONE', #4349, #2184, #546, .T. ) ;
#4337 = AXIS2_PLACEMENT_3D ( 'NONE', #2221, #7511, #1652 ) ;
#4338 = CARTESIAN_POINT ( 'NONE',  ( -0.4078071130833383351, -0.2847717594199666302, -0.03543307086514277393 ) ) ;
#4339 = PLANE ( 'NONE',  #6102 ) ;
#4340 = CARTESIAN_POINT ( 'NONE',  ( -0.3330039634770389778, 0.000000000000000000, -0.01181102362104828607 ) ) ;
#4341 = CARTESIAN_POINT ( 'NONE',  ( -0.3133189241069602726, 0.09711800435956070843, 0.4881889763789515890 ) ) ;
#4342 = DIRECTION ( 'NONE',  ( 0.000000000000000000, 0.000000000000000000, 1.000000000000000000 ) ) ;
#4343 = EDGE_LOOP ( 'NONE', ( #5123, #4856, #7024, #6228, #890, #4358, #2207, #5436, #3346, #5559, #3878, #6246, #5469, #418, #5875, #675 ) ) ;
#4344 = VERTEX_POINT ( 'NONE', #5827 ) ;
#4345 = CARTESIAN_POINT ( 'NONE',  ( -0.2621378217447554171, -0.2257166413097304591, -0.03543307086514277393 ) ) ;
#4346 = FACE_OUTER_BOUND ( 'NONE', #5500, .T. ) ;
#4347 = ORIENTED_EDGE ( 'NONE', *, *, #6196, .T. ) ;
#4348 = ORIENTED_EDGE ( 'NONE', *, *, #362, .T. ) ;
#4349 = VERTEX_POINT ( 'NONE', #1108 ) ;
#4350 = VERTEX_POINT ( 'NONE', #3412 ) ;
#4351 = DIRECTION ( 'NONE',  ( 0.000000000000000000, 0.000000000000000000, 1.000000000000000000 ) ) ;
#4352 = EDGE_CURVE ( 'NONE', #2523, #5326, #6354, .T. ) ;
#4353 = DIRECTION ( 'NONE',  ( -1.000000000000000000, -2.834079232620525851E-16, -1.685446266610459130E-16 ) ) ;
#4354 = DIRECTION ( 'NONE',  ( -0.000000000000000000, -0.000000000000000000, -1.000000000000000000 ) ) ;
#4355 = DIRECTION ( 'NONE',  ( 1.000000000000000000, 2.834079232620525851E-16, 1.685446266610459130E-16 ) ) ;
#4356 = EDGE_CURVE ( 'NONE', #4031, #4251, #2925, .T. ) ;
#4357 = ORIENTED_EDGE ( 'NONE', *, *, #193, .T. ) ;
#4358 = ORIENTED_EDGE ( 'NONE', *, *, #1415, .F. ) ;
#4359 = LINE ( 'NONE', #265, #3108 ) ;
#4360 = PLANE ( 'NONE',  #6767 ) ;
#4361 = EDGE_CURVE ( 'NONE', #6193, #448, #3525, .T. ) ;
#4362 = CARTESIAN_POINT ( 'NONE',  ( 0.2378621782552445552, -0.2335906570577618857, -0.03543307086514277393 ) ) ;
#4363 = EDGE_CURVE ( 'NONE', #1013, #2815, #4710, .T. ) ;
#4364 = CARTESIAN_POINT ( 'NONE',  ( 0.4053762692522632216, 0.3057794216823955802, -0.03543307086514277393 ) ) ;
#4365 = CARTESIAN_POINT ( 'NONE',  ( -0.4196181367053855027, 0.1994802090839702391, 0.1929133858277704283 ) ) ;
#4366 = VERTEX_POINT ( 'NONE', #884 ) ;
#4367 = ORIENTED_EDGE ( 'NONE', *, *, #6722, .T. ) ;
#4368 = DIRECTION ( 'NONE',  ( -1.000000000000000000, -2.834079232620525851E-16, -1.685446266610459130E-16 ) ) ;
#4369 = DIRECTION ( 'NONE',  ( 1.000000000000000000, 2.834079232620525851E-16, 1.685446266610459130E-16 ) ) ;
#4370 = CARTESIAN_POINT ( 'NONE',  ( -0.002295302059716200667, 0.01050383113121429804, 0.5629921259852508353 ) ) ;
#4371 = EDGE_LOOP ( 'NONE', ( #5577, #6316, #595, #6748 ) ) ;
#4372 = ORIENTED_EDGE ( 'NONE', *, *, #2039, .F. ) ;
#4373 = FILL_AREA_STYLE_COLOUR ( '', #6623 ) ;
#4374 = DIRECTION ( 'NONE',  ( 1.000000000000000000, 0.000000000000000000, 0.000000000000000000 ) ) ;
#4375 = ADVANCED_FACE ( 'NONE', ( #737 ), #6576, .T. ) ;
#4376 = VERTEX_POINT ( 'NONE', #5359 ) ;
#4377 = PLANE ( 'NONE',  #798 ) ;
#4378 = ORIENTED_EDGE ( 'NONE', *, *, #4959, .T. ) ;
#4379 = ORIENTED_EDGE ( 'NONE', *, *, #608, .T. ) ;
#4380 = ORIENTED_EDGE ( 'NONE', *, *, #7241, .T. ) ;
#4381 = LINE ( 'NONE', #4842, #7253 ) ;
#4382 = CARTESIAN_POINT ( 'NONE',  ( -0.06135042016995247843, 0.01050383113121428069, 0.5177165354340697023 ) ) ;
#4383 = CARTESIAN_POINT ( 'NONE',  ( -0.2995393965479050680, 0.2467243035721594091, -0.01181102362104828087 ) ) ;
#4384 = DIRECTION ( 'NONE',  ( 1.000000000000000000, 2.834079232620525851E-16, 1.685446266610459130E-16 ) ) ;
#4385 = CARTESIAN_POINT ( 'NONE',  ( -0.2896968768628658819, 0.1861928075091673351, 0.01968503937107770121 ) ) ;
#4386 = ORIENTED_EDGE ( 'NONE', *, *, #1467, .T. ) ;
#4387 = DIRECTION ( 'NONE',  ( -1.257057890823428538E-16, 1.000000000000000000, 8.326672684688670355E-17 ) ) ;
#4388 = VECTOR ( 'NONE', #4482, 39.37007874015748143 ) ;
#4389 = ADVANCED_FACE ( 'NONE', ( #1379 ), #852, .T. ) ;
#4390 = DIRECTION ( 'NONE',  ( 0.000000000000000000, 0.000000000000000000, 1.000000000000000000 ) ) ;
#4391 = CARTESIAN_POINT ( 'NONE',  ( -0.4038701052093225385, -0.2729607357979194071, 0.07480314960729816942 ) ) ;
#4392 = DIRECTION ( 'NONE',  ( -1.000000000000000000, 0.000000000000000000, 0.000000000000000000 ) ) ;
#4393 = FACE_OUTER_BOUND ( 'NONE', #5086, .T. ) ;
#4394 = ORIENTED_EDGE ( 'NONE', *, *, #5727, .T. ) ;
#4395 = AXIS2_PLACEMENT_3D ( 'NONE', #5384, #5497, #2007 ) ;
#4396 = ORIENTED_EDGE ( 'NONE', *, *, #4194, .F. ) ;
#4397 = AXIS2_PLACEMENT_3D ( 'NONE', #5651, #2197, #6981 ) ;
#4398 = ADVANCED_FACE ( 'NONE', ( #5474 ), #1458, .T. ) ;
#4399 = EDGE_CURVE ( 'NONE', #6017, #6286, #6508, .T. ) ;
#4400 = EDGE_CURVE ( 'NONE', #4487, #5244, #2482, .T. ) ;
#4401 = AXIS2_PLACEMENT_3D ( 'NONE', #6408, #1050, #1204 ) ;
#4402 = PLANE ( 'NONE',  #6338 ) ;
#4403 = DIRECTION ( 'NONE',  ( -1.000000000000000000, 0.000000000000000000, 0.000000000000000000 ) ) ;
#4404 = DIRECTION ( 'NONE',  ( 0.000000000000000000, 0.000000000000000000, -1.000000000000000000 ) ) ;
#4405 = ORIENTED_EDGE ( 'NONE', *, *, #3955, .T. ) ;
#4406 = EDGE_LOOP ( 'NONE', ( #3113, #4962, #621, #3495, #86, #2744, #1509, #6553, #2183, #3439, #3049, #4552 ) ) ;
#4407 = VECTOR ( 'NONE', #7104, 39.37007874015748854 ) ;
#4408 = CARTESIAN_POINT ( 'NONE',  ( -0.4196181367053853917, 0.3097164295564112657, -0.07086614173128448491 ) ) ;
#4409 = EDGE_CURVE ( 'NONE', #5061, #2419, #3119, .T. ) ;
#4410 = VECTOR ( 'NONE', #3314, 39.37007874015748143 ) ;
#4411 = LINE ( 'NONE', #859, #4748 ) ;
#4412 = ORIENTED_EDGE ( 'NONE', *, *, #6910, .F. ) ;
#4413 = FACE_OUTER_BOUND ( 'NONE', #1767, .T. ) ;
#4414 = ORIENTED_EDGE ( 'NONE', *, *, #3820, .F. ) ;
#4415 = VERTEX_POINT ( 'NONE', #7113 ) ;
#4416 = EDGE_LOOP ( 'NONE', ( #2813, #3396, #1634, #299 ) ) ;
#4417 = CARTESIAN_POINT ( 'NONE',  ( -0.4038701052093224830, 0.2939683980603482460, 0.5314960629931247960 ) ) ;
#4418 = TOROIDAL_SURFACE ( 'NONE', #3205, 0.01033464566929130635, 0.003937007874015736701 ) ;
#4419 = DIRECTION ( 'NONE',  ( 0.000000000000000000, 0.000000000000000000, -1.000000000000000000 ) ) ;
#4420 = EDGE_CURVE ( 'NONE', #4667, #1388, #7360, .T. ) ;
#4421 = CARTESIAN_POINT ( 'NONE',  ( -0.002295302059716194595, -0.03674026335697464646, 0.5295275590561170365 ) ) ;
#4422 = CARTESIAN_POINT ( 'NONE',  ( 0.1433739892788665482, -0.2729607357979193516, 0.5393700787411563891 ) ) ;
#4423 = VECTOR ( 'NONE', #194, 39.37007874015748143 ) ;
#4424 = DIRECTION ( 'NONE',  ( -1.685446266610458883E-16, -8.326672684688672821E-17, 1.000000000000000000 ) ) ;
#4425 = PLANE ( 'NONE',  #7088 ) ;
#4426 = ORIENTED_EDGE ( 'NONE', *, *, #2412, .T. ) ;
#4427 = ORIENTED_EDGE ( 'NONE', *, *, #4554, .T. ) ;
#4428 = CARTESIAN_POINT ( 'NONE',  ( -0.4353661682014484668, -0.04855128697902211243, 0.5157480314970617208 ) ) ;
#4429 = VECTOR ( 'NONE', #5950, 39.37007874015748143 ) ;
#4430 = CARTESIAN_POINT ( 'NONE',  ( 0.4150275325859531517, -0.2670552239868956845, -0.09055118110136325948 ) ) ;
#4431 = DIRECTION ( 'NONE',  ( 1.000000000000000000, -1.927470528863118802E-16, 0.000000000000000000 ) ) ;
#4432 = DIRECTION ( 'NONE',  ( 1.000000000000000000, 2.834079232620525851E-16, 1.685446266610459130E-16 ) ) ;
#4433 = VECTOR ( 'NONE', #1956, 39.37007874015748143 ) ;
#4434 = CIRCLE ( 'NONE', #324, 0.007874015748031516770 ) ;
#4435 = ORIENTED_EDGE ( 'NONE', *, *, #6365, .F. ) ;
#4436 = ORIENTED_EDGE ( 'NONE', *, *, #1588, .T. ) ;
#4437 = ADVANCED_FACE ( 'NONE', ( #245 ), #313, .T. ) ;
#4438 = PLANE ( 'NONE',  #2638 ) ;
#4439 = VECTOR ( 'NONE', #1244, 39.37007874015748143 ) ;
#4440 = VECTOR ( 'NONE', #4126, 39.37007874015748143 ) ;
#4441 = DIRECTION ( 'NONE',  ( -0.000000000000000000, -0.000000000000000000, -1.000000000000000000 ) ) ;
#4442 = CARTESIAN_POINT ( 'NONE',  ( -0.06135042016995247843, 0.01050383113121428069, 0.5295275590561169254 ) ) ;
#4443 = EDGE_CURVE ( 'NONE', #1210, #3389, #2596, .T. ) ;
#4444 =( BOUNDED_CURVE ( )  B_SPLINE_CURVE ( 3, ( #4145, #6436, #740, #4229 ),
 .UNSPECIFIED., .F., .T. ) 
 B_SPLINE_CURVE_WITH_KNOTS ( ( 4, 4 ),
 ( 3.141592653589793116, 4.712388980384691450 ),
 .UNSPECIFIED. ) 
 CURVE ( )  GEOMETRIC_REPRESENTATION_ITEM ( )  RATIONAL_B_SPLINE_CURVE ( ( 1.000000000000000000, 0.8047378541243646044, 0.8047378541243646044, 1.000000000000000000 ) ) 
 REPRESENTATION_ITEM ( '' )  );
#4445 = EDGE_CURVE ( 'NONE', #3258, #6286, #2023, .T. ) ;
#4446 = FACE_OUTER_BOUND ( 'NONE', #274, .T. ) ;
#4447 = AXIS2_PLACEMENT_3D ( 'NONE', #6029, #832, #3133 ) ;
#4448 = EDGE_CURVE ( 'NONE', #4745, #6026, #3639, .T. ) ;
#4449 = VECTOR ( 'NONE', #2859, 39.37007874015748143 ) ;
#4450 = VERTEX_POINT ( 'NONE', #6657 ) ;
#4451 = CARTESIAN_POINT ( 'NONE',  ( 0.2181771388851658777, 0.000000000000000000, -0.2086614173218356572 ) ) ;
#4452 = VECTOR ( 'NONE', #117, 39.37007874015748143 ) ;
#4453 = LINE ( 'NONE', #6801, #4793 ) ;
#4454 = ADVANCED_FACE ( 'NONE', ( #7185 ), #5654, .T. ) ;
#4455 = ORIENTED_EDGE ( 'NONE', *, *, #7475, .F. ) ;
#4456 = LINE ( 'NONE', #7277, #6844 ) ;
#4458 = EDGE_CURVE ( 'NONE', #3376, #2146, #3792, .T. ) ;
#4457 = VERTEX_POINT ( 'NONE', #3755 ) ;
#4459 = VERTEX_POINT ( 'NONE', #3332 ) ;
#4460 = EDGE_LOOP ( 'NONE', ( #4299, #5144, #825, #2929 ) ) ;
#4461 = LINE ( 'NONE', #5713, #6039 ) ;
#4462 = CARTESIAN_POINT ( 'NONE',  ( -0.2345787666266452298, -0.2335906570577620522, 0.5314960629931247960 ) ) ;
#4463 = DIRECTION ( 'NONE',  ( -1.685446266610458883E-16, -8.055622141566113421E-17, 1.000000000000000000 ) ) ;
#4464 = DIRECTION ( 'NONE',  ( 1.685446266610458883E-16, 8.326672684688672821E-17, -1.000000000000000000 ) ) ;
#4465 = EDGE_LOOP ( 'NONE', ( #2036, #7312, #4311, #342 ) ) ;
#4466 = ORIENTED_EDGE ( 'NONE', *, *, #1587, .T. ) ;
#4467 = DIRECTION ( 'NONE',  ( -1.000000000000000000, 0.000000000000000000, 0.000000000000000000 ) ) ;
#4468 = CARTESIAN_POINT ( 'NONE',  ( -0.2326102626896373038, -0.2257166413097304591, -0.01968503936907978202 ) ) ;
#4469 = DIRECTION ( 'NONE',  ( -1.000000000000000000, -2.834079232620525851E-16, -1.685446266610459130E-16 ) ) ;
#4470 = DIRECTION ( 'NONE',  ( -1.000000000000000000, 0.000000000000000000, 0.000000000000000000 ) ) ;
#4471 = ORIENTED_EDGE ( 'NONE', *, *, #6503, .F. ) ;
#4472 = VERTEX_POINT ( 'NONE', #7414 ) ;
#4473 = DIRECTION ( 'NONE',  ( -1.685446266610458883E-16, -8.326672684688672821E-17, 1.000000000000000000 ) ) ;
#4474 = DIRECTION ( 'NONE',  ( 0.000000000000000000, -1.000000000000000000, 0.000000000000000000 ) ) ;
#4475 = LINE ( 'NONE', #3833, #4198 ) ;
#4476 = CARTESIAN_POINT ( 'NONE',  ( 0.4307755640820161158, 0.2171967445170414623, -0.07086614173128448491 ) ) ;
#4477 = ORIENTED_EDGE ( 'NONE', *, *, #5921, .T. ) ;
#4478 = ORIENTED_EDGE ( 'NONE', *, *, #6920, .T. ) ;
#4479 = CARTESIAN_POINT ( 'NONE',  ( -0.002295302059716200667, 0.01050383113121429804, 0.5610236220482428537 ) ) ;
#4480 = LINE ( 'NONE', #2965, #3470 ) ;
#4481 = EDGE_CURVE ( 'NONE', #5297, #1792, #1171, .T. ) ;
#4482 = DIRECTION ( 'NONE',  ( 0.000000000000000000, 0.000000000000000000, 1.000000000000000000 ) ) ;
#4483 = VERTEX_POINT ( 'NONE', #6233 ) ;
#4484 =( NAMED_UNIT ( * ) PLANE_ANGLE_UNIT ( ) SI_UNIT ( $, .RADIAN. ) );
#4485 = VERTEX_POINT ( 'NONE', #5663 ) ;
#4486 = VERTEX_POINT ( 'NONE', #4442 ) ;
#4487 = VERTEX_POINT ( 'NONE', #965 ) ;
#4488 = DIRECTION ( 'NONE',  ( 2.834079232620525851E-16, -1.000000000000000000, -8.326672684688667890E-17 ) ) ;
#4489 = EDGE_CURVE ( 'NONE', #2611, #5608, #466, .T. ) ;
#4490 = EDGE_CURVE ( 'NONE', #6194, #1425, #2802, .T. ) ;
#4491 = LINE ( 'NONE', #6249, #3954 ) ;
#4492 = EDGE_CURVE ( 'NONE', #2325, #6588, #5322, .T. ) ;
#4493 = DIRECTION ( 'NONE',  ( -1.000000000000000000, 0.000000000000000000, 0.000000000000000000 ) ) ;
#4494 = DIRECTION ( 'NONE',  ( -1.000000000000000000, 0.000000000000000000, 0.000000000000000000 ) ) ;
#4495 = DIRECTION ( 'NONE',  ( 0.000000000000000000, -8.673617379883787770E-15, 1.000000000000000000 ) ) ;
#4496 = CARTESIAN_POINT ( 'NONE',  ( -0.4038701052093223165, -0.2729607357979194071, 0.5314960629931247960 ) ) ;
#4497 = ORIENTED_EDGE ( 'NONE', *, *, #5948, .T. ) ;
#4498 = ORIENTED_EDGE ( 'NONE', *, *, #4686, .F. ) ;
#4499 = DIRECTION ( 'NONE',  ( -1.000000000000000000, 0.000000000000000000, 0.000000000000000000 ) ) ;
#4500 = EDGE_CURVE ( 'NONE', #106, #3009, #2257, .T. ) ;
#4501 = CIRCLE ( 'NONE', #6094, 0.01968503937007875723 ) ;
#4502 = CARTESIAN_POINT ( 'NONE',  ( -0.2522953020597160645, 0.000000000000000000, -0.2283464566919144179 ) ) ;
#4503 = DIRECTION ( 'NONE',  ( 0.000000000000000000, 1.000000000000000000, 0.000000000000000000 ) ) ;
#4504 = LINE ( 'NONE', #2795, #4995 ) ;
#4505 = DIRECTION ( 'NONE',  ( 2.834079232620525851E-16, -1.000000000000000000, -8.326672684688667890E-17 ) ) ;
#4506 = ORIENTED_EDGE ( 'NONE', *, *, #4510, .T. ) ;
#4507 = EDGE_LOOP ( 'NONE', ( #3559, #5897, #7181, #254 ) ) ;
#4508 = AXIS2_PLACEMENT_3D ( 'NONE', #6547, #3569, #3640 ) ;
#4509 = DIRECTION ( 'NONE',  ( 0.000000000000000000, 0.000000000000000000, 1.000000000000000000 ) ) ;
#4510 = EDGE_CURVE ( 'NONE', #3753, #4376, #5555, .T. ) ;
#4511 = DIRECTION ( 'NONE',  ( -1.000000000000000000, 0.000000000000000000, 0.000000000000000000 ) ) ;
#4512 = LINE ( 'NONE', #6169, #5290 ) ;
#4513 = CIRCLE ( 'NONE', #1501, 0.003937007874015758385 ) ;
#4514 = LINE ( 'NONE', #3228, #2706 ) ;
#4515 = EDGE_LOOP ( 'NONE', ( #5453, #1793, #2313, #3284 ) ) ;
#4516 = VERTEX_POINT ( 'NONE', #5012 ) ;
#4517 = VECTOR ( 'NONE', #603, 39.37007874015748143 ) ;
#4518 = UNCERTAINTY_MEASURE_WITH_UNIT (LENGTH_MEASURE( 1.000000000000000082E-05 ), #674, 'distance_accuracy_value', 'NONE');
#4519 = LINE ( 'NONE', #3494, #6337 ) ;
#4520 = VERTEX_POINT ( 'NONE', #353 ) ;
#4521 = DIRECTION ( 'NONE',  ( 1.000000000000000000, 2.834079232620525851E-16, 1.685446266610459130E-16 ) ) ;
#4522 = ORIENTED_EDGE ( 'NONE', *, *, #5132, .T. ) ;
#4523 = VERTEX_POINT ( 'NONE', #4972 ) ;
#4524 = CARTESIAN_POINT ( 'NONE',  ( -0.1361535697762516206, 0.01050383113121446804, -0.05905511811002143313 ) ) ;
#4525 = LINE ( 'NONE', #6852, #215 ) ;
#4526 = AXIS2_PLACEMENT_3D ( 'NONE', #3388, #4647, #3354 ) ;
#4527 = PLANE ( 'NONE',  #638 ) ;
#4528 = LINE ( 'NONE', #7431, #2355 ) ;
#4529 = EDGE_CURVE ( 'NONE', #5920, #5328, #4475, .T. ) ;
#4530 = EDGE_CURVE ( 'NONE', #280, #6194, #1573, .T. ) ;
#4531 = DIRECTION ( 'NONE',  ( 0.000000000000000000, 0.000000000000000000, 1.000000000000000000 ) ) ;
#4532 = STYLED_ITEM ( 'NONE', ( #2493 ), #3341 ) ;
#4533 = ORIENTED_EDGE ( 'NONE', *, *, #5989, .F. ) ;
#4534 = ORIENTED_EDGE ( 'NONE', *, *, #6174, .T. ) ;
#4535 = CARTESIAN_POINT ( 'NONE',  ( -0.2700118374927871767, 0.1758581618398758484, 0.01968503937107770815 ) ) ;
#4536 = PLANE ( 'NONE',  #7236 ) ;
#4537 = VECTOR ( 'NONE', #5203, 39.37007874015748854 ) ;
#4538 = CARTESIAN_POINT ( 'NONE',  ( -0.2964327699269744265, 0.1994802090839704334, 0.06643668101316684005 ) ) ;
#4539 = DIRECTION ( 'NONE',  ( 0.000000000000000000, 0.000000000000000000, 1.000000000000000000 ) ) ;
#4540 = CARTESIAN_POINT ( 'NONE',  ( -0.4038701052093224830, 0.09711800435956068067, 0.4881889763789515890 ) ) ;
#4541 = DIRECTION ( 'NONE',  ( 0.000000000000000000, 0.000000000000000000, -1.000000000000000000 ) ) ;
#4542 = ORIENTED_EDGE ( 'NONE', *, *, #241, .F. ) ;
#4543 = EDGE_CURVE ( 'NONE', #1871, #286, #4434, .T. ) ;
#4544 = VECTOR ( 'NONE', #4751, 39.37007874015748854 ) ;
#4545 = CARTESIAN_POINT ( 'NONE',  ( -0.4156811288313698727, 0.1994802090839704611, 0.07480314960729816942 ) ) ;
#4546 = CARTESIAN_POINT ( 'NONE',  ( -0.4038701052093225941, 0.2939683980603483016, 0.07480314960729816942 ) ) ;
#4547 = CARTESIAN_POINT ( 'NONE',  ( 0.1433739892788664927, 0.2270392642020807317, -0.05905511810923725485 ) ) ;
#4548 = CIRCLE ( 'NONE', #1289, 0.04921259842519682542 ) ;
#4549 = CARTESIAN_POINT ( 'NONE',  ( -0.1952086878864878472, 0.2939683980603482460, 0.5314960629931247960 ) ) ;
#4550 = AXIS2_PLACEMENT_3D ( 'NONE', #6407, #5256, #5799 ) ;
#4551 = PLANE ( 'NONE',  #7446 ) ;
#4552 = ORIENTED_EDGE ( 'NONE', *, *, #1912, .F. ) ;
#4553 = ORIENTED_EDGE ( 'NONE', *, *, #7466, .F. ) ;
#4554 = EDGE_CURVE ( 'NONE', #3765, #6520, #4512, .T. ) ;
#4555 = VERTEX_POINT ( 'NONE', #3905 ) ;
#4556 = VECTOR ( 'NONE', #1891, 39.37007874015748143 ) ;
#4557 = AXIS2_PLACEMENT_3D ( 'NONE', #845, #1945, #4249 ) ;
#4558 = LINE ( 'NONE', #473, #580 ) ;
#4559 = DIRECTION ( 'NONE',  ( -1.000000000000000000, -0.000000000000000000, -0.000000000000000000 ) ) ;
#4560 = CIRCLE ( 'NONE', #5546, 0.02952755905511813758 ) ;
#4561 = VECTOR ( 'NONE', #5648, 39.37007874015748143 ) ;
#4562 = DIRECTION ( 'NONE',  ( 1.685446266610458883E-16, 8.326672684688672821E-17, -1.000000000000000000 ) ) ;
#4563 = EDGE_LOOP ( 'NONE', ( #1355, #6728, #6085, #3131 ) ) ;
#4564 = ORIENTED_EDGE ( 'NONE', *, *, #5626, .F. ) ;
#4565 = CARTESIAN_POINT ( 'NONE',  ( -0.2719803414297943811, -4.718106832824521443E-16, -0.2283464566919144179 ) ) ;
#4566 = VECTOR ( 'NONE', #1916, 39.37007874015748143 ) ;
#4567 = AXIS2_PLACEMENT_3D ( 'NONE', #1243, #5303, #6415 ) ;
#4568 = DIRECTION ( 'NONE',  ( 1.685446266610458883E-16, 8.326672684688672821E-17, -1.000000000000000000 ) ) ;
#4569 = CARTESIAN_POINT ( 'NONE',  ( -0.2896968768628658819, -0.1681379011522500244, 0.01968503937107770121 ) ) ;
#4570 = CARTESIAN_POINT ( 'NONE',  ( 0.4307755640820163379, -0.1961890822546122626, -0.07086614173128448491 ) ) ;
#4571 = ORIENTED_EDGE ( 'NONE', *, *, #6495, .T. ) ;
#4572 = VERTEX_POINT ( 'NONE', #5588 ) ;
#4573 = CARTESIAN_POINT ( 'NONE',  ( -0.2798543571775051197, 0.1994802090839704611, 0.06299212598532151486 ) ) ;
#4574 = CARTESIAN_POINT ( 'NONE',  ( -0.4156811288313697617, -0.2887087672939823713, -0.03543307086514277393 ) ) ;
#4575 = ADVANCED_FACE ( 'NONE', ( #2132 ), #7110, .T. ) ;
#4576 = DIRECTION ( 'NONE',  ( 1.000000000000000000, 2.834079232620525851E-16, 1.685446266610459130E-16 ) ) ;
#4577 = ADVANCED_FACE ( 'NONE', ( #6765 ), #2732, .F. ) ;
#4578 = CARTESIAN_POINT ( 'NONE',  ( -0.4038701052093225941, 0.2939683980603483016, 0.07480314960729816942 ) ) ;
#4579 = FACE_OUTER_BOUND ( 'NONE', #6287, .T. ) ;
#4580 = CARTESIAN_POINT ( 'NONE',  ( -0.4038701052093225941, 0.2939683980603483016, 0.07480314960729816942 ) ) ;
#4581 = ORIENTED_EDGE ( 'NONE', *, *, #367, .F. ) ;
#4582 = VERTEX_POINT ( 'NONE', #5778 ) ;
#4583 = EDGE_CURVE ( 'NONE', #4472, #6178, #1101, .T. ) ;
#4584 = EDGE_CURVE ( 'NONE', #1210, #3570, #583, .T. ) ;
#4585 = CARTESIAN_POINT ( 'NONE',  ( -0.3487519949731019420, -0.009181208238864290924, -0.03543307086514277393 ) ) ;
#4586 = CARTESIAN_POINT ( 'NONE',  ( -0.4038701052093223165, -0.2729607357979194071, 0.5393700787411562780 ) ) ;
#4587 = DIRECTION ( 'NONE',  ( 1.685446266610458883E-16, 8.326672684688672821E-17, -1.000000000000000000 ) ) ;
#4588 = LINE ( 'NONE', #6879, #3587 ) ;
#4589 = DIRECTION ( 'NONE',  ( 0.000000000000000000, -1.000000000000000000, 0.000000000000000000 ) ) ;
#4590 = ORIENTED_EDGE ( 'NONE', *, *, #2654, .F. ) ;
#4591 = ORIENTED_EDGE ( 'NONE', *, *, #3243, .F. ) ;
#4592 = ORIENTED_EDGE ( 'NONE', *, *, #1504, .T. ) ;
#4593 = DIRECTION ( 'NONE',  ( -3.195787128251747202E-16, 0.7071067811865474617, 0.7071067811865476838 ) ) ;
#4594 = DIRECTION ( 'NONE',  ( 1.000000000000000000, 2.834079232620525851E-16, 1.685446266610459130E-16 ) ) ;
#4595 = CARTESIAN_POINT ( 'NONE',  ( -0.4353661682014484668, 0.2171967445170411848, -0.07086614173128460981 ) ) ;
#4596 = VERTEX_POINT ( 'NONE', #3557 ) ;
#4597 = CARTESIAN_POINT ( 'NONE',  ( -0.3605630185951491096, -0.02099223186091146720, -0.01181102362104828087 ) ) ;
#4598 = EDGE_LOOP ( 'NONE', ( #5015, #4617, #4348, #3716 ) ) ;
#4599 = EDGE_LOOP ( 'NONE', ( #606, #4220 ) ) ;
#4600 = LINE ( 'NONE', #1083, #7133 ) ;
#4601 = LINE ( 'NONE', #6811, #2748 ) ;
#4602 = EDGE_CURVE ( 'NONE', #4459, #7519, #4588, .T. ) ;
#4603 = CARTESIAN_POINT ( 'NONE',  ( -0.2522953020597160645, 0.2368817838871199732, -0.2283464566919144179 ) ) ;
#4604 = DIRECTION ( 'NONE',  ( 1.000000000000000000, 2.710505431213762071E-16, 0.000000000000000000 ) ) ;
#4605 = CARTESIAN_POINT ( 'NONE',  ( -0.4078071130833386126, 0.2979054059343640426, -0.03149606299112690105 ) ) ;
#4606 = DIRECTION ( 'NONE',  ( -1.685446266610458883E-16, -8.326672684688672821E-17, 1.000000000000000000 ) ) ;
#4607 = FACE_OUTER_BOUND ( 'NONE', #3082, .T. ) ;
#4608 = ORIENTED_EDGE ( 'NONE', *, *, #4764, .T. ) ;
#4609 = ORIENTED_EDGE ( 'NONE', *, *, #4399, .F. ) ;
#4610 = LINE ( 'NONE', #452, #7117 ) ;
#4611 = B_SPLINE_CURVE_WITH_KNOTS ( 'NONE', 3,
 ( #6187, #405, #3926, #3249, #2717, #7324 ),
 .UNSPECIFIED., .F., .F.,
 ( 4, 2, 4 ),
 ( 0.000000000000000000, 0.5000000000000000000, 1.000000000000000000 ),
 .UNSPECIFIED. ) ;
#4612 = CARTESIAN_POINT ( 'NONE',  ( -0.4353661682014484668, 0.06955894924145036851, 0.5157480314970617208 ) ) ;
#4613 = DIRECTION ( 'NONE',  ( 0.000000000000000000, 0.000000000000000000, 1.000000000000000000 ) ) ;
#4614 = DIRECTION ( 'NONE',  ( 0.000000000000000000, 0.000000000000000000, 1.000000000000000000 ) ) ;
#4615 = PLANE ( 'NONE',  #3081 ) ;
#4616 = ORIENTED_EDGE ( 'NONE', *, *, #1529, .F. ) ;
#4617 = ORIENTED_EDGE ( 'NONE', *, *, #3367, .F. ) ;
#4618 = CIRCLE ( 'NONE', #1361, 0.01427165354330715494 ) ;
#4619 = DIRECTION ( 'NONE',  ( -0.000000000000000000, -0.000000000000000000, -1.000000000000000000 ) ) ;
#4620 = DIRECTION ( 'NONE',  ( 0.000000000000000000, 0.000000000000000000, 1.000000000000000000 ) ) ;
#4621 = DIRECTION ( 'NONE',  ( 1.000000000000000000, 0.000000000000000000, 0.000000000000000000 ) ) ;
#4622 = CARTESIAN_POINT ( 'NONE',  ( -0.2995393965479052345, -0.1548504995774468984, 0.1771653543317075752 ) ) ;
#4623 = DIRECTION ( 'NONE',  ( 2.834079232620525851E-16, -1.000000000000000000, -8.326672684688667890E-17 ) ) ;
#4624 = EDGE_CURVE ( 'NONE', #4457, #3003, #44, .T. ) ;
#4625 = VECTOR ( 'NONE', #4493, 39.37007874015748143 ) ;
#4626 = ORIENTED_EDGE ( 'NONE', *, *, #7099, .F. ) ;
#4627 = EDGE_CURVE ( 'NONE', #5218, #1688, #5162, .T. ) ;
#4628 = ORIENTED_EDGE ( 'NONE', *, *, #4033, .T. ) ;
#4629 = CARTESIAN_POINT ( 'NONE',  ( -0.4196181367053856692, 0.08924398861152943452, -0.03543307086514277393 ) ) ;
#4630 = VECTOR ( 'NONE', #3413, 39.37007874015748143 ) ;
#4631 = FACE_OUTER_BOUND ( 'NONE', #7297, .T. ) ;
#4632 = PLANE ( 'NONE',  #4274 ) ;
#4633 = ORIENTED_EDGE ( 'NONE', *, *, #1514, .F. ) ;
#4634 = CARTESIAN_POINT ( 'NONE',  ( -0.002295302059716200667, 0.01050383113121429804, 0.5610236220482428537 ) ) ;
#4635 = ORIENTED_EDGE ( 'NONE', *, *, #6697, .T. ) ;
#4636 = CIRCLE ( 'NONE', #775, 0.01181102362204730985 ) ;
#4637 = AXIS2_PLACEMENT_3D ( 'NONE', #4217, #4287, #2513 ) ;
#4638 = ORIENTED_EDGE ( 'NONE', *, *, #1812, .T. ) ;
#4639 = ADVANCED_FACE ( 'NONE', ( #1258 ), #1711, .F. ) ;
#4640 = DIRECTION ( 'NONE',  ( -0.000000000000000000, -0.000000000000000000, -1.000000000000000000 ) ) ;
#4641 =( LENGTH_UNIT ( ) NAMED_UNIT ( * ) SI_UNIT ( $, .METRE. ) );
#4642 = PLANE ( 'NONE',  #5035 ) ;
#4643 = VECTOR ( 'NONE', #3016, 39.37007874015748143 ) ;
#4644 = DIRECTION ( 'NONE',  ( -1.685446266610458883E-16, -8.326672684688672821E-17, 1.000000000000000000 ) ) ;
#4645 = CARTESIAN_POINT ( 'NONE',  ( 0.000000000000000000, 0.01050383113121447672, -0.2086614173218356572 ) ) ;
#4646 = DIRECTION ( 'NONE',  ( -1.000000000000000000, 0.000000000000000000, 0.000000000000000000 ) ) ;
#4647 = DIRECTION ( 'NONE',  ( 0.000000000000000000, 0.000000000000000000, -1.000000000000000000 ) ) ;
#4648 = ORIENTED_EDGE ( 'NONE', *, *, #2223, .T. ) ;
#4649 = ORIENTED_EDGE ( 'NONE', *, *, #2962, .T. ) ;
#4650 = EDGE_CURVE ( 'NONE', #2646, #4830, #2361, .T. ) ;
#4651 = CARTESIAN_POINT ( 'NONE',  ( 0.000000000000000000, 0.03018887050129321833, -0.01181102362104828607 ) ) ;
#4652 = AXIS2_PLACEMENT_3D ( 'NONE', #5199, #4, #3547 ) ;
#4653 = CARTESIAN_POINT ( 'NONE',  ( -0.2995393965479052900, 0.1994802090839704611, 0.06399143552316807759 ) ) ;
#4654 = VECTOR ( 'NONE', #5998, 39.37007874015748854 ) ;
#4655 = DIRECTION ( 'NONE',  ( 0.000000000000000000, 0.000000000000000000, 1.000000000000000000 ) ) ;
#4656 = DIRECTION ( 'NONE',  ( 0.000000000000000000, 0.000000000000000000, -1.000000000000000000 ) ) ;
#4657 = ORIENTED_EDGE ( 'NONE', *, *, #2907, .F. ) ;
#4658 = ORIENTED_EDGE ( 'NONE', *, *, #716, .T. ) ;
#4659 = CIRCLE ( 'NONE', #1764, 0.02952755905511813758 ) ;
#4660 = CARTESIAN_POINT ( 'NONE',  ( -0.2858422006175476704, 0.1758581618398758206, 0.06701784143088036771 ) ) ;
#4661 = CARTESIAN_POINT ( 'NONE',  ( 0.4150275325859532627, -0.2670552239868954070, -0.09055118110136325948 ) ) ;
#4662 = CARTESIAN_POINT ( 'NONE',  ( -0.3330039634770389778, 0.03018887050129322527, -0.02362204724309532183 ) ) ;
#4663 = DIRECTION ( 'NONE',  ( 2.282530889443167515E-16, -1.000000000000000000, 0.000000000000000000 ) ) ;
#4664 = DIRECTION ( 'NONE',  ( -1.927470528863118802E-16, 1.000000000000000000, 0.000000000000000000 ) ) ;
#4665 = ORIENTED_EDGE ( 'NONE', *, *, #5073, .F. ) ;
#4666 = VERTEX_POINT ( 'NONE', #4104 ) ;
#4667 = VERTEX_POINT ( 'NONE', #5734 ) ;
#4668 = DIRECTION ( 'NONE',  ( 0.000000000000000000, 0.000000000000000000, -1.000000000000000000 ) ) ;
#4669 = EDGE_CURVE ( 'NONE', #5608, #6414, #539, .T. ) ;
#4670 = VECTOR ( 'NONE', #2966, 39.37007874015748143 ) ;
#4671 = EDGE_CURVE ( 'NONE', #4322, #3365, #3445, .T. ) ;
#4672 = LINE ( 'NONE', #2440, #5283 ) ;
#4673 = DIRECTION ( 'NONE',  ( 0.000000000000000000, 0.000000000000000000, -1.000000000000000000 ) ) ;
#4674 = VERTEX_POINT ( 'NONE', #1831 ) ;
#4675 = LINE ( 'NONE', #3042, #4912 ) ;
#4676 = VECTOR ( 'NONE', #3045, 39.37007874015748143 ) ;
#4677 = VECTOR ( 'NONE', #2320, 39.37007874015748143 ) ;
#4678 = VERTEX_POINT ( 'NONE', #4017 ) ;
#4679 = LENGTH_MEASURE_WITH_UNIT ( LENGTH_MEASURE( 0.02539999999999999897 ), #1880 );
#4680 = LINE ( 'NONE', #6439, #334 ) ;
#4681 = EDGE_CURVE ( 'NONE', #820, #4485, #6459, .T. ) ;
#4682 = EDGE_CURVE ( 'NONE', #3430, #1922, #5118, .T. ) ;
#4683 = AXIS2_PLACEMENT_3D ( 'NONE', #231, #5963, #3067 ) ;
#4684 = DIRECTION ( 'NONE',  ( -1.685446266610458883E-16, -8.326672684688672821E-17, 1.000000000000000000 ) ) ;
#4685 = VECTOR ( 'NONE', #3662, 39.37007874015748143 ) ;
#4686 = EDGE_CURVE ( 'NONE', #6, #5358, #1679, .T. ) ;
#4687 = CARTESIAN_POINT ( 'NONE',  ( -0.08103545954003095464, -0.2887087672939824823, -0.03740157480215075547 ) ) ;
#4688 = PLANE ( 'NONE',  #2834 ) ;
#4689 = ORIENTED_EDGE ( 'NONE', *, *, #1359, .F. ) ;
#4690 = VECTOR ( 'NONE', #4109, 39.37007874015748143 ) ;
#4691 = ORIENTED_EDGE ( 'NONE', *, *, #2924, .T. ) ;
#4692 = DIRECTION ( 'NONE',  ( 0.000000000000000000, 1.000000000000000000, 0.000000000000000000 ) ) ;
#4693 = CIRCLE ( 'NONE', #5304, 0.005905511811023654925 ) ;
#4694 = LINE ( 'NONE', #3056, #1177 ) ;
#4695 = DIRECTION ( 'NONE',  ( 1.000000000000000000, 2.834079232620525851E-16, 1.685446266610459130E-16 ) ) ;
#4696 = TOROIDAL_SURFACE ( 'NONE', #5181, 0.03740157480314958843, 0.007874015748031506362 ) ;
#4697 = CARTESIAN_POINT ( 'NONE',  ( 0.1984920995150870338, -0.2335906570577618857, -0.03543307086514277393 ) ) ;
#4698 = CARTESIAN_POINT ( 'NONE',  ( -0.4038701052093225941, 0.2939683980603483016, 0.01968503937107765958 ) ) ;
#4699 = ORIENTED_EDGE ( 'NONE', *, *, #7486, .T. ) ;
#4700 = ORIENTED_EDGE ( 'NONE', *, *, #3414, .T. ) ;
#4701 = AXIS2_PLACEMENT_3D ( 'NONE', #1367, #1974, #2511 ) ;
#4702 = DIRECTION ( 'NONE',  ( 1.685446266610458883E-16, 8.326672684688672821E-17, -1.000000000000000000 ) ) ;
#4703 = PLANE ( 'NONE',  #6980 ) ;
#4704 = DIRECTION ( 'NONE',  ( 0.000000000000000000, 0.000000000000000000, -1.000000000000000000 ) ) ;
#4705 = DIRECTION ( 'NONE',  ( 0.000000000000000000, -1.000000000000000000, 0.000000000000000000 ) ) ;
#4706 = CARTESIAN_POINT ( 'NONE',  ( 0.1984920995150870338, -0.2178426255616988660, -0.02362204724309532183 ) ) ;
#4707 = ORIENTED_EDGE ( 'NONE', *, *, #6731, .F. ) ;
#4708 = ORIENTED_EDGE ( 'NONE', *, *, #2749, .F. ) ;
#4709 = FACE_OUTER_BOUND ( 'NONE', #2547, .T. ) ;
#4710 = LINE ( 'NONE', #6055, #3699 ) ;
#4711 = ORIENTED_EDGE ( 'NONE', *, *, #1952, .T. ) ;
#4712 = LINE ( 'NONE', #1313, #2846 ) ;
#4713 = EDGE_CURVE ( 'NONE', #5218, #2655, #6342, .T. ) ;
#4714 = ORIENTED_EDGE ( 'NONE', *, *, #4929, .T. ) ;
#4715 = CARTESIAN_POINT ( 'NONE',  ( -0.3172559319809760137, -0.04855128697902204304, 0.5551181102372192422 ) ) ;
#4716 = EDGE_CURVE ( 'NONE', #3118, #1879, #3985, .T. ) ;
#4717 = CARTESIAN_POINT ( 'NONE',  ( -0.08103545954003116281, 0.3018424138083798947, -0.07086614173128460981 ) ) ;
#4718 = CARTESIAN_POINT ( 'NONE',  ( -0.4196181367053856692, -0.2887087672939823713, 0.07480314960729816942 ) ) ;
#4719 = ORIENTED_EDGE ( 'NONE', *, *, #2181, .F. ) ;
#4720 = DIRECTION ( 'NONE',  ( -0.000000000000000000, -0.000000000000000000, -1.000000000000000000 ) ) ;
#4721 = EDGE_CURVE ( 'NONE', #5217, #6026, #1786, .T. ) ;
#4722 = ORIENTED_EDGE ( 'NONE', *, *, #1686, .T. ) ;
#4723 = EDGE_CURVE ( 'NONE', #1612, #1250, #5240, .T. ) ;
#4724 = ORIENTED_EDGE ( 'NONE', *, *, #6047, .F. ) ;
#4725 = CARTESIAN_POINT ( 'NONE',  ( 0.1984920995150870338, -0.2335906570577618857, -0.03543307086514277393 ) ) ;
#4726 = LINE ( 'NONE', #1849, #3713 ) ;
#4727 = FACE_OUTER_BOUND ( 'NONE', #1090, .T. ) ;
#4728 = CARTESIAN_POINT ( 'NONE',  ( -0.4038701052093225941, 0.2939683980603483016, 0.07480314960729816942 ) ) ;
#4729 = DIRECTION ( 'NONE',  ( -1.000000000000000000, -2.834079232620525851E-16, -1.685446266610459130E-16 ) ) ;
#4730 = CARTESIAN_POINT ( 'NONE',  ( -0.2896968768628658819, -0.1548504995774468984, 0.1574803149616288978 ) ) ;
#4731 = EDGE_LOOP ( 'NONE', ( #751, #6113, #5540, #6919, #6308 ) ) ;
#4732 = CARTESIAN_POINT ( 'NONE',  ( 0.1984920995150870338, -0.2178426255616989216, -0.03543307086514277393 ) ) ;
#4733 = CARTESIAN_POINT ( 'NONE',  ( 0.4150275325859533182, -0.2887087672939823157, -0.09055118110136310683 ) ) ;
#4734 = DIRECTION ( 'NONE',  ( -1.000000000000000000, 0.000000000000000000, 0.000000000000000000 ) ) ;
#4735 = DIRECTION ( 'NONE',  ( 1.000000000000000000, 2.834079232620525851E-16, 1.685446266610459130E-16 ) ) ;
#4736 = CARTESIAN_POINT ( 'NONE',  ( -0.3093819162329445316, 0.07743296498948194773, 0.5629921259852507243 ) ) ;
#4737 = VERTEX_POINT ( 'NONE', #3518 ) ;
#4738 = EDGE_LOOP ( 'NONE', ( #7403, #3987, #202, #3970 ) ) ;
#4739 = ORIENTED_EDGE ( 'NONE', *, *, #1406, .T. ) ;
#4740 = ADVANCED_FACE ( 'NONE', ( #5855 ), #655, .T. ) ;
#4741 = CARTESIAN_POINT ( 'NONE',  ( -0.08103545954003102403, -0.2887087672939824823, -0.02952755905411930462 ) ) ;
#4742 = CARTESIAN_POINT ( 'NONE',  ( 0.000000000000000000, 0.03018887050129321833, -0.2086614173218356572 ) ) ;
#4743 = VECTOR ( 'NONE', #6070, 39.37007874015748143 ) ;
#4744 = CARTESIAN_POINT ( 'NONE',  ( 0.4032165089639056510, 0.3057794216823954137, -0.03149606299112701902 ) ) ;
#4745 = VERTEX_POINT ( 'NONE', #2401 ) ;
#4746 = DIRECTION ( 'NONE',  ( 0.000000000000000000, 0.000000000000000000, 1.000000000000000000 ) ) ;
#4747 = VERTEX_POINT ( 'NONE', #3714 ) ;
#4748 = VECTOR ( 'NONE', #6096, 39.37007874015748143 ) ;
#4749 = AXIS2_PLACEMENT_3D ( 'NONE', #1572, #3294, #5623 ) ;
#4750 = FACE_OUTER_BOUND ( 'NONE', #1643, .T. ) ;
#4751 = DIRECTION ( 'NONE',  ( -3.195787128251745723E-16, 0.7071067811865473507, 0.7071067811865475727 ) ) ;
#4752 = CARTESIAN_POINT ( 'NONE',  ( 0.4103073241188165410, -0.2809280163909186889, -0.03543307086514278087 ) ) ;
#4753 = VECTOR ( 'NONE', #5606, 39.37007874015748143 ) ;
#4754 = VERTEX_POINT ( 'NONE', #5353 ) ;
#4755 = VECTOR ( 'NONE', #6191, 39.37007874015748143 ) ;
#4756 = DIRECTION ( 'NONE',  ( 0.000000000000000000, 1.000000000000000000, 0.000000000000000000 ) ) ;
#4757 = EDGE_CURVE ( 'NONE', #4837, #7316, #3633, .T. ) ;
#4758 = ORIENTED_EDGE ( 'NONE', *, *, #2374, .F. ) ;
#4759 = EDGE_LOOP ( 'NONE', ( #1838, #1276, #2774, #6401 ) ) ;
#4760 = DIRECTION ( 'NONE',  ( 0.000000000000000000, 1.000000000000000000, 0.000000000000000000 ) ) ;
#4761 = PLANE ( 'NONE',  #1654 ) ;
#4762 = VECTOR ( 'NONE', #5223, 39.37007874015748143 ) ;
#4763 = EDGE_CURVE ( 'NONE', #6759, #1681, #7145, .T. ) ;
#4764 = EDGE_CURVE ( 'NONE', #134, #1750, #121, .T. ) ;
#4765 = CARTESIAN_POINT ( 'NONE',  ( -0.2798543571775051197, 0.1994802090839704611, 0.06299212598532151486 ) ) ;
#4766 = DIRECTION ( 'NONE',  ( 0.000000000000000000, 0.000000000000000000, 1.000000000000000000 ) ) ;
#4767 = DIRECTION ( 'NONE',  ( 0.000000000000000000, 0.000000000000000000, -1.000000000000000000 ) ) ;
#4768 = DIRECTION ( 'NONE',  ( -1.000000000000000000, 0.000000000000000000, 0.000000000000000000 ) ) ;
#4769 = EDGE_CURVE ( 'NONE', #394, #5738, #6871, .T. ) ;
#4770 = AXIS2_PLACEMENT_3D ( 'NONE', #1526, #5037, #5078 ) ;
#4771 = ORIENTED_EDGE ( 'NONE', *, *, #1816, .T. ) ;
#4772 = CARTESIAN_POINT ( 'NONE',  ( -0.4038701052093225941, 0.2939683980603483016, 0.07480314960729816942 ) ) ;
#4773 = DIRECTION ( 'NONE',  ( 1.000000000000000000, 0.000000000000000000, 0.000000000000000000 ) ) ;
#4774 = VECTOR ( 'NONE', #761, 39.37007874015748854 ) ;
#4775 = CYLINDRICAL_SURFACE ( 'NONE', #5278, 0.007874015748031516770 ) ;
#4776 = CARTESIAN_POINT ( 'NONE',  ( -0.3330039634770389778, 0.03018887050129322527, -0.03543307086514277393 ) ) ;
#4777 = FACE_OUTER_BOUND ( 'NONE', #1079, .T. ) ;
#4778 = CARTESIAN_POINT ( 'NONE',  ( 0.2496732018772915840, 0.2664093429422378367, -0.01181102362104828087 ) ) ;
#4779 = EDGE_CURVE ( 'NONE', #4678, #3389, #4177, .T. ) ;
#4780 = EDGE_LOOP ( 'NONE', ( #1988, #1648, #3959, #2298 ) ) ;
#4781 = EDGE_LOOP ( 'NONE', ( #2992, #1126, #3848, #4553 ) ) ;
#4782 = VECTOR ( 'NONE', #3381, 39.37007874015748143 ) ;
#4783 = DIRECTION ( 'NONE',  ( 1.609432433473172891E-16, -1.000000000000000000, -8.326672684688670355E-17 ) ) ;
#4784 = VERTEX_POINT ( 'NONE', #197 ) ;
#4785 = CARTESIAN_POINT ( 'NONE',  ( 0.4307755640820162268, -0.2965827830420139644, 0.5551181102372193532 ) ) ;
#4786 = VECTOR ( 'NONE', #3443, 39.37007874015748143 ) ;
#4787 = CARTESIAN_POINT ( 'NONE',  ( -0.2818228611148343443, 0.08924398861152943452, -0.05905511810923725485 ) ) ;
#4788 = ADVANCED_FACE ( 'NONE', ( #1907 ), #769, .F. ) ;
#4789 = VERTEX_POINT ( 'NONE', #7103 ) ;
#4790 = CARTESIAN_POINT ( 'NONE',  ( 0.1984920995150868950, 0.2388502878241278438, -0.03543307086514277393 ) ) ;
#4791 = EDGE_LOOP ( 'NONE', ( #1521, #2719, #709, #972 ) ) ;
#4792 = LINE ( 'NONE', #3123, #3220 ) ;
#4793 = VECTOR ( 'NONE', #3874, 39.37007874015748143 ) ;
#4794 = FACE_BOUND ( 'NONE', #5253, .T. ) ;
#4795 = AXIS2_PLACEMENT_3D ( 'NONE', #3990, #2700, #1107 ) ;
#4796 = LINE ( 'NONE', #6659, #4643 ) ;
#4797 = VECTOR ( 'NONE', #995, 39.37007874015748143 ) ;
#4798 = ORIENTED_EDGE ( 'NONE', *, *, #4445, .T. ) ;
#4799 = LINE ( 'NONE', #826, #2122 ) ;
#4800 = ORIENTED_EDGE ( 'NONE', *, *, #6864, .T. ) ;
#4801 = VERTEX_POINT ( 'NONE', #7222 ) ;
#4802 = FACE_OUTER_BOUND ( 'NONE', #1034, .T. ) ;
#4803 = DIRECTION ( 'NONE',  ( 1.187933559644987850E-14, 0.9284766908852614131, -0.3713906763540986700 ) ) ;
#4804 = AXIS2_PLACEMENT_3D ( 'NONE', #2164, #4888, #2121 ) ;
#4805 = VECTOR ( 'NONE', #2163, 39.37007874015748143 ) ;
#4806 = CARTESIAN_POINT ( 'NONE',  ( 0.07644485542059877015, 0.3018424138083798947, -0.04724409448718958765 ) ) ;
#4807 = LINE ( 'NONE', #7136, #5295 ) ;
#4808 = FACE_OUTER_BOUND ( 'NONE', #6832, .T. ) ;
#4809 = FACE_OUTER_BOUND ( 'NONE', #2259, .T. ) ;
#4810 = VECTOR ( 'NONE', #3991, 39.37007874015748854 ) ;
#4811 = AXIS2_PLACEMENT_3D ( 'NONE', #2299, #6809, #3920 ) ;
#4812 = EDGE_LOOP ( 'NONE', ( #5232, #3257, #6371, #5900 ) ) ;
#4813 = EDGE_CURVE ( 'NONE', #4293, #3949, #7064, .T. ) ;
#4814 = DIRECTION ( 'NONE',  ( 0.000000000000000000, -1.000000000000000000, 0.000000000000000000 ) ) ;
#4815 = CARTESIAN_POINT ( 'NONE',  ( 0.3402243829796539054, 0.3097164295564113212, -0.03543307086514277393 ) ) ;
#4816 = VECTOR ( 'NONE', #2522, 39.37007874015748143 ) ;
#4817 = VECTOR ( 'NONE', #1317, 39.37007874015748143 ) ;
#4818 = FACE_BOUND ( 'NONE', #7045, .T. ) ;
#4819 = DIRECTION ( 'NONE',  ( 1.685446266610458883E-16, 8.326672684688672821E-17, -1.000000000000000000 ) ) ;
#4820 = DIRECTION ( 'NONE',  ( -1.000000000000000000, -0.000000000000000000, -0.000000000000000000 ) ) ;
#4821 = FACE_OUTER_BOUND ( 'NONE', #4406, .T. ) ;
#4822 = ORIENTED_EDGE ( 'NONE', *, *, #7026, .T. ) ;
#4823 = ORIENTED_EDGE ( 'NONE', *, *, #2227, .F. ) ;
#4824 = VECTOR ( 'NONE', #4214, 39.37007874015748143 ) ;
#4825 = EDGE_CURVE ( 'NONE', #4596, #773, #3825, .T. ) ;
#4826 = ADVANCED_FACE ( 'NONE', ( #6650 ), #6624, .T. ) ;
#4827 = LINE ( 'NONE', #4253, #6522 ) ;
#4828 = ORIENTED_EDGE ( 'NONE', *, *, #5811, .T. ) ;
#4829 = SURFACE_STYLE_FILL_AREA ( #1806 ) ;
#4830 = VERTEX_POINT ( 'NONE', #5434 ) ;
#4831 = DIRECTION ( 'NONE',  ( 2.834079232620525851E-16, -1.000000000000000000, -8.326672684688667890E-17 ) ) ;
#4832 = ORIENTED_EDGE ( 'NONE', *, *, #506, .T. ) ;
#4833 = CARTESIAN_POINT ( 'NONE',  ( -0.4196181367053852251, -0.2887087672939826488, -0.07086614173128448491 ) ) ;
#4834 = ADVANCED_FACE ( 'NONE', ( #5934 ), #2516, .F. ) ;
#4835 = DIRECTION ( 'NONE',  ( 0.000000000000000000, 0.000000000000000000, 1.000000000000000000 ) ) ;
#4836 = ORIENTED_EDGE ( 'NONE', *, *, #3788, .F. ) ;
#4837 = VERTEX_POINT ( 'NONE', #1865 ) ;
#4838 = PLANE ( 'NONE',  #6487 ) ;
#4839 = ORIENTED_EDGE ( 'NONE', *, *, #6781, .T. ) ;
#4840 = VERTEX_POINT ( 'NONE', #2474 ) ;
#4841 = ORIENTED_EDGE ( 'NONE', *, *, #5137, .T. ) ;
#4842 = CARTESIAN_POINT ( 'NONE',  ( 0.2398306821922523424, 0.01050383113121446804, -0.03543307086514277393 ) ) ;
#4843 = CARTESIAN_POINT ( 'NONE',  ( -0.3172559319809760137, 0.06955894924145050728, 0.5551181102372192422 ) ) ;
#4844 = EDGE_CURVE ( 'NONE', #5411, #2363, #236, .T. ) ;
#4845 = LINE ( 'NONE', #2985, #997 ) ;
#4846 = DIRECTION ( 'NONE',  ( 1.734723475976808475E-15, -1.000000000000000000, 0.000000000000000000 ) ) ;
#4847 = DIRECTION ( 'NONE',  ( 0.000000000000000000, 1.000000000000000000, 0.000000000000000000 ) ) ;
#4848 = DIRECTION ( 'NONE',  ( -1.685446266610458883E-16, -8.326672684688672821E-17, 1.000000000000000000 ) ) ;
#4849 = ORIENTED_EDGE ( 'NONE', *, *, #6356, .T. ) ;
#4850 = CARTESIAN_POINT ( 'NONE',  ( 0.4229015483339847448, -0.3044567987900454464, -0.07086614173128448491 ) ) ;
#4851 = FACE_OUTER_BOUND ( 'NONE', #1115, .T. ) ;
#4852 = DIRECTION ( 'NONE',  ( 0.000000000000000000, 0.000000000000000000, 1.000000000000000000 ) ) ;
#4853 = DIRECTION ( 'NONE',  ( -0.000000000000000000, -0.000000000000000000, -1.000000000000000000 ) ) ;
#4854 = FACE_OUTER_BOUND ( 'NONE', #3948, .T. ) ;
#4855 = CARTESIAN_POINT ( 'NONE',  ( -0.2995393965479050125, -0.2257166413097304591, -0.01968503936907978202 ) ) ;
#4856 = ORIENTED_EDGE ( 'NONE', *, *, #6431, .F. ) ;
#4857 = ORIENTED_EDGE ( 'NONE', *, *, #2368, .F. ) ;
#4858 = FACE_OUTER_BOUND ( 'NONE', #6472, .T. ) ;
#4859 = ORIENTED_EDGE ( 'NONE', *, *, #2882, .F. ) ;
#4860 = CARTESIAN_POINT ( 'NONE',  ( 0.1433739892788664927, 0.3097164295564113212, -0.03543307086514277393 ) ) ;
#4861 = ADVANCED_FACE ( 'NONE', ( #4854 ), #4289, .F. ) ;
#4862 = EDGE_CURVE ( 'NONE', #5042, #5867, #1296, .T. ) ;
#4863 = CARTESIAN_POINT ( 'NONE',  ( 0.3402243829796539054, 0.1778266657768837744, -0.05905511810923725485 ) ) ;
#4864 = ORIENTED_EDGE ( 'NONE', *, *, #6859, .F. ) ;
#4865 = VERTEX_POINT ( 'NONE', #3033 ) ;
#4866 = CARTESIAN_POINT ( 'NONE',  ( -0.2974038654554790329, -0.1548504995774468429, 0.06609584449047360699 ) ) ;
#4867 = AXIS2_PLACEMENT_3D ( 'NONE', #6972, #1694, #2824 ) ;
#4868 = CARTESIAN_POINT ( 'NONE',  ( -0.4156811288313697617, -0.2768977436719350926, -0.03149606299112701902 ) ) ;
#4869 = DIRECTION ( 'NONE',  ( 1.000000000000000000, 2.040851148208007998E-16, 0.000000000000000000 ) ) ;
#4870 = ORIENTED_EDGE ( 'NONE', *, *, #486, .F. ) ;
#4871 =( LENGTH_UNIT ( ) NAMED_UNIT ( * ) SI_UNIT ( $, .METRE. ) );
#4873 = ADVANCED_FACE ( 'NONE', ( #4777 ), #1598, .F. ) ;
#4872 = ORIENTED_EDGE ( 'NONE', *, *, #5052, .T. ) ;
#4874 = ORIENTED_EDGE ( 'NONE', *, *, #6309, .F. ) ;
#4875 = AXIS2_PLACEMENT_3D ( 'NONE', #6434, #127, #2371 ) ;
#4876 = EDGE_LOOP ( 'NONE', ( #1758, #5094, #2185, #954 ) ) ;
#4877 = CARTESIAN_POINT ( 'NONE',  ( -0.4156811288313697617, -0.2887087672939823713, 0.07086614173328242838 ) ) ;
#4878 = CARTESIAN_POINT ( 'NONE',  ( 0.1984920995150871170, 0.000000000000000000, -0.2086614173218356572 ) ) ;
#4879 = VECTOR ( 'NONE', #1987, 39.37007874015748143 ) ;
#4880 = PLANE ( 'NONE',  #4989 ) ;
#4881 = CARTESIAN_POINT ( 'NONE',  ( 0.4307755640820161158, 0.2880628862493248565, -0.09055118110136325948 ) ) ;
#4882 = DIRECTION ( 'NONE',  ( 0.000000000000000000, 0.000000000000000000, 1.000000000000000000 ) ) ;
#4883 = DIRECTION ( 'NONE',  ( 2.834079232620525851E-16, -1.000000000000000000, -8.326672684688667890E-17 ) ) ;
#4884 = ADVANCED_FACE ( 'NONE', ( #959 ), #3781, .F. ) ;
#4885 = ORIENTED_EDGE ( 'NONE', *, *, #4723, .F. ) ;
#4886 = ORIENTED_EDGE ( 'NONE', *, *, #2135, .T. ) ;
#4887 = CONICAL_SURFACE ( 'NONE', #4042, 0.01574803149505443409, 0.1651486774115542289 ) ;
#4888 = DIRECTION ( 'NONE',  ( -1.000000000000000000, 0.000000000000000000, 0.000000000000000000 ) ) ;
#4889 = LINE ( 'NONE', #6534, #3481 ) ;
#4890 = FACE_OUTER_BOUND ( 'NONE', #827, .T. ) ;
#4891 = FACE_OUTER_BOUND ( 'NONE', #4967, .T. ) ;
#4892 = DIRECTION ( 'NONE',  ( 0.000000000000000000, 0.000000000000000000, -1.000000000000000000 ) ) ;
#4893 = AXIS2_PLACEMENT_3D ( 'NONE', #1225, #5780, #3487 ) ;
#4894 = DIRECTION ( 'NONE',  ( 0.000000000000000000, 0.000000000000000000, 1.000000000000000000 ) ) ;
#4895 = ORIENTED_EDGE ( 'NONE', *, *, #7303, .T. ) ;
#4896 = VERTEX_POINT ( 'NONE', #346 ) ;
#4897 = AXIS2_PLACEMENT_3D ( 'NONE', #4385, #2117, #7364 ) ;
#4898 = CARTESIAN_POINT ( 'NONE',  ( -0.4196181367053853917, 0.3097164295564112657, 0.08267716535532959599 ) ) ;
#4899 = ORIENTED_EDGE ( 'NONE', *, *, #3752, .T. ) ;
#4900 = CARTESIAN_POINT ( 'NONE',  ( -0.4274921524534169293, 0.07743296498948191997, 0.5629921259852507243 ) ) ;
#4901 = AXIS2_PLACEMENT_3D ( 'NONE', #5607, #7400, #1559 ) ;
#4902 = ORIENTED_EDGE ( 'NONE', *, *, #6352, .T. ) ;
#4903 = ORIENTED_EDGE ( 'NONE', *, *, #4825, .F. ) ;
#4904 = CARTESIAN_POINT ( 'NONE',  ( 0.1984920995150871170, 0.000000000000000000, -0.01181102362104828607 ) ) ;
#4905 = EDGE_CURVE ( 'NONE', #1770, #7240, #5535, .T. ) ;
#4906 = VECTOR ( 'NONE', #5527, 39.37007874015748143 ) ;
#4907 = DIRECTION ( 'NONE',  ( 0.000000000000000000, 0.000000000000000000, -1.000000000000000000 ) ) ;
#4908 = ORIENTED_EDGE ( 'NONE', *, *, #3564, .F. ) ;
#4909 = ORIENTED_EDGE ( 'NONE', *, *, #4554, .F. ) ;
#4910 = FILL_AREA_STYLE ('',( #3161 ) ) ;
#4911 = ORIENTED_EDGE ( 'NONE', *, *, #2924, .F. ) ;
#4912 = VECTOR ( 'NONE', #6511, 39.37007874015748143 ) ;
#4913 = ORIENTED_EDGE ( 'NONE', *, *, #1707, .T. ) ;
#4914 = EDGE_LOOP ( 'NONE', ( #4665, #962, #1003, #1825 ) ) ;
#4915 = CARTESIAN_POINT ( 'NONE',  ( -0.2896968768628658819, -0.1651851452467384129, 0.01968503937107770121 ) ) ;
#4916 = ADVANCED_FACE ( 'NONE', ( #6262 ), #2990, .F. ) ;
#4917 = ADVANCED_FACE ( 'NONE', ( #1745 ), #3361, .T. ) ;
#4918 = FACE_OUTER_BOUND ( 'NONE', #2570, .T. ) ;
#4919 = CIRCLE ( 'NONE', #6621, 0.02952755905511813758 ) ;
#4920 = CARTESIAN_POINT ( 'NONE',  ( -0.3881220737132595744, 0.1758581618398758484, 0.1771653543317075752 ) ) ;
#4921 = DIRECTION ( 'NONE',  ( 0.000000000000000000, 0.000000000000000000, 1.000000000000000000 ) ) ;
#4922 = DIRECTION ( 'NONE',  ( 0.000000000000000000, 0.000000000000000000, -1.000000000000000000 ) ) ;
#4923 = LINE ( 'NONE', #3888, #3198 ) ;
#4924 = ORIENTED_EDGE ( 'NONE', *, *, #3469, .T. ) ;
#4925 = AXIS2_PLACEMENT_3D ( 'NONE', #1169, #3359, #5808 ) ;
#4926 = VERTEX_POINT ( 'NONE', #5197 ) ;
#4927 = VECTOR ( 'NONE', #1799, 39.37007874015748143 ) ;
#4928 = FACE_OUTER_BOUND ( 'NONE', #5509, .T. ) ;
#4929 = EDGE_CURVE ( 'NONE', #6179, #6294, #6376, .T. ) ;
#4930 = CARTESIAN_POINT ( 'NONE',  ( 0.4150275325859533182, -0.2749292397349271666, -0.07086614173128434613 ) ) ;
#4931 = DIRECTION ( 'NONE',  ( -1.000000000000000000, 0.000000000000000000, 0.000000000000000000 ) ) ;
#4932 = AXIS2_PLACEMENT_3D ( 'NONE', #1160, #1006, #2784 ) ;
#4933 = AXIS2_PLACEMENT_3D ( 'NONE', #796, #5344, #4241 ) ;
#4934 = CYLINDRICAL_SURFACE ( 'NONE', #5871, 0.01968503937007875723 ) ;
#4935 = ORIENTED_EDGE ( 'NONE', *, *, #2421, .F. ) ;
#4936 = VERTEX_POINT ( 'NONE', #1093 ) ;
#4937 = VECTOR ( 'NONE', #1638, 39.37007874015748143 ) ;
#4938 = CONICAL_SURFACE ( 'NONE', #3838, 0.03937007874100611343, 0.4636476090008060935 ) ;
#4939 = CARTESIAN_POINT ( 'NONE',  ( -0.4353661682014484668, 0.2880628862493246900, -0.09055118110136337051 ) ) ;
#4940 = EDGE_CURVE ( 'NONE', #739, #2572, #5810, .T. ) ;
#4941 = VERTEX_POINT ( 'NONE', #5150 ) ;
#4942 = CARTESIAN_POINT ( 'NONE',  ( 0.4307755640820160048, 0.3175904453044428588, 0.5629921259852509463 ) ) ;
#4943 = DIRECTION ( 'NONE',  ( 0.000000000000000000, 0.000000000000000000, 1.000000000000000000 ) ) ;
#4944 = ORIENTED_EDGE ( 'NONE', *, *, #3015, .F. ) ;
#4945 = VERTEX_POINT ( 'NONE', #1701 ) ;
#4946 = CARTESIAN_POINT ( 'NONE',  ( -0.3881220737132595744, 0.1758581618398758484, 0.01968503937107769428 ) ) ;
#4947 = EDGE_CURVE ( 'NONE', #477, #2745, #6332, .T. ) ;
#4948 = ORIENTED_EDGE ( 'NONE', *, *, #4489, .T. ) ;
#4949 = CARTESIAN_POINT ( 'NONE',  ( 0.4150275325859532627, -0.1961890822546121793, -0.07086614173128448491 ) ) ;
#4950 = VERTEX_POINT ( 'NONE', #4095 ) ;
#4951 = ORIENTED_EDGE ( 'NONE', *, *, #1018, .T. ) ;
#4952 = ORIENTED_EDGE ( 'NONE', *, *, #3456, .T. ) ;
#4953 = LINE ( 'NONE', #1473, #7494 ) ;
#4954 = CARTESIAN_POINT ( 'NONE',  ( -0.2345787666266452298, -0.2335906570577620522, 0.4251968503946995659 ) ) ;
#4955 = CARTESIAN_POINT ( 'NONE',  ( -0.4038701052093223165, -0.2729607357979194071, 0.4251968503946995659 ) ) ;
#4956 = FACE_OUTER_BOUND ( 'NONE', #2228, .T. ) ;
#4957 = EDGE_CURVE ( 'NONE', #773, #4596, #335, .T. ) ;
#4958 = SPHERICAL_SURFACE ( 'NONE', #7072, 0.007874015748031721468 ) ;
#4959 = EDGE_CURVE ( 'NONE', #2698, #3035, #3475, .T. ) ;
#4960 = DIRECTION ( 'NONE',  ( 1.685446266610458883E-16, 8.326672684688672821E-17, -1.000000000000000000 ) ) ;
#4961 = ORIENTED_EDGE ( 'NONE', *, *, #424, .T. ) ;
#4962 = ORIENTED_EDGE ( 'NONE', *, *, #321, .F. ) ;
#4963 = PLANE ( 'NONE',  #7366 ) ;
#4964 = DIRECTION ( 'NONE',  ( 1.000000000000000000, 0.000000000000000000, 0.000000000000000000 ) ) ;
#4965 = DIRECTION ( 'NONE',  ( -0.000000000000000000, -1.000000000000000000, -0.000000000000000000 ) ) ;
#4966 = DIRECTION ( 'NONE',  ( 0.000000000000000000, 0.7071067811865514585, -0.7071067811865433539 ) ) ;
#4967 = EDGE_LOOP ( 'NONE', ( #3382, #5111, #3890 ) ) ;
#4968 = ORIENTED_EDGE ( 'NONE', *, *, #3068, .F. ) ;
#4969 = ADVANCED_FACE ( 'NONE', ( #3701 ), #3135, .T. ) ;
#4970 = DIRECTION ( 'NONE',  ( 0.000000000000000000, 0.000000000000000000, 1.000000000000000000 ) ) ;
#4971 = PLANE ( 'NONE',  #651 ) ;
#4972 = CARTESIAN_POINT ( 'NONE',  ( 0.3992795010898903540, -0.2729607357979191296, 0.08267716535532959599 ) ) ;
#4973 = CARTESIAN_POINT ( 'NONE',  ( -0.4196181367053852251, -0.1961890822546124014, -0.07086614173128448491 ) ) ;
#4974 = VERTEX_POINT ( 'NONE', #4881 ) ;
#4975 = EDGE_CURVE ( 'NONE', #3513, #7231, #3831, .T. ) ;
#4976 = ORIENTED_EDGE ( 'NONE', *, *, #3057, .T. ) ;
#4977 = CARTESIAN_POINT ( 'NONE',  ( -0.2995393965479052345, -0.1548504995774468984, 0.06299212598525093243 ) ) ;
#4978 = CARTESIAN_POINT ( 'NONE',  ( -0.3881220737132595744, -0.1548504995774468984, 0.1771653543317075752 ) ) ;
#4979 = VERTEX_POINT ( 'NONE', #5881 ) ;
#4980 = FACE_OUTER_BOUND ( 'NONE', #4738, .T. ) ;
#4981 = ORIENTED_EDGE ( 'NONE', *, *, #506, .F. ) ;
#4982 = EDGE_LOOP ( 'NONE', ( #2672, #3594, #1575, #5279 ) ) ;
#4983 = ORIENTED_EDGE ( 'NONE', *, *, #4929, .F. ) ;
#4984 = CARTESIAN_POINT ( 'NONE',  ( 0.3992795010898901875, 0.2939683980603484681, 0.07480314960729816942 ) ) ;
#4985 = VECTOR ( 'NONE', #4469, 39.37007874015748143 ) ;
#4986 = DIRECTION ( 'NONE',  ( 0.000000000000000000, 0.000000000000000000, -1.000000000000000000 ) ) ;
#4987 = LINE ( 'NONE', #1009, #3772 ) ;
#4988 = LINE ( 'NONE', #6071, #3593 ) ;
#4989 = AXIS2_PLACEMENT_3D ( 'NONE', #1328, #2543, #259 ) ;
#4990 = DIRECTION ( 'NONE',  ( -1.685446266610458883E-16, -8.326672684688672821E-17, 1.000000000000000000 ) ) ;
#4991 = PLANE ( 'NONE',  #1637 ) ;
#4992 = ORIENTED_EDGE ( 'NONE', *, *, #4681, .T. ) ;
#4993 = ORIENTED_EDGE ( 'NONE', *, *, #5370, .T. ) ;
#4994 = EDGE_CURVE ( 'NONE', #2970, #2896, #6999, .T. ) ;
#4995 = VECTOR ( 'NONE', #6867, 39.37007874015748143 ) ;
#4996 = EDGE_CURVE ( 'NONE', #6205, #6669, #1247, .T. ) ;
#4997 = AXIS2_PLACEMENT_3D ( 'NONE', #2956, #6914, #2918 ) ;
#4998 = DIRECTION ( 'NONE',  ( -0.8395701571521514417, -1.927060788837425860E-16, -0.5432512781572738092 ) ) ;
#4999 = CARTESIAN_POINT ( 'NONE',  ( -0.3133189241069602726, -0.07611034209713225807, 0.4881889763789515335 ) ) ;
#5000 = ADVANCED_FACE ( 'NONE', ( #7091 ), #7053, .T. ) ;
#5001 = CARTESIAN_POINT ( 'NONE',  ( 0.1433739892788665204, 0.2939683980603483571, 0.08267716535532959599 ) ) ;
#5002 = ORIENTED_EDGE ( 'NONE', *, *, #7157, .F. ) ;
#5003 = VECTOR ( 'NONE', #3313, 39.37007874015748143 ) ;
#5004 = ORIENTED_EDGE ( 'NONE', *, *, #6212, .T. ) ;
#5005 = VECTOR ( 'NONE', #3556, 39.37007874015748143 ) ;
#5006 = EDGE_CURVE ( 'NONE', #3692, #3035, #4083, .T. ) ;
#5007 = EDGE_CURVE ( 'NONE', #3928, #534, #1854, .T. ) ;
#5008 = FACE_OUTER_BOUND ( 'NONE', #2619, .T. ) ;
#5009 = AXIS2_PLACEMENT_3D ( 'NONE', #3048, #1884, #6091 ) ;
#5010 = CARTESIAN_POINT ( 'NONE',  ( 0.000000000000000000, -0.2158741216246910510, -0.2283464566919144179 ) ) ;
#5011 = EDGE_CURVE ( 'NONE', #3489, #3650, #2502, .T. ) ;
#5012 = CARTESIAN_POINT ( 'NONE',  ( -0.08103545954003095464, -0.2808347515459510002, -0.03740157480215075547 ) ) ;
#5013 = DIRECTION ( 'NONE',  ( 0.000000000000000000, 0.000000000000000000, 1.000000000000000000 ) ) ;
#5014 = ORIENTED_EDGE ( 'NONE', *, *, #7336, .F. ) ;
#5015 = ORIENTED_EDGE ( 'NONE', *, *, #4959, .F. ) ;
#5016 = AXIS2_PLACEMENT_3D ( 'NONE', #4855, #2518, #770 ) ;
#5017 = CARTESIAN_POINT ( 'NONE',  ( -0.4196181367053856692, -0.2847717594199665747, 0.07086614173328242838 ) ) ;
#5018 = AXIS2_PLACEMENT_3D ( 'NONE', #4730, #7057, #145 ) ;
#5019 = CARTESIAN_POINT ( 'NONE',  ( -0.4196181367053855027, 0.1994802090839702391, 0.1929133858277704283 ) ) ;
#5020 = ORIENTED_EDGE ( 'NONE', *, *, #5245, .F. ) ;
#5021 = SURFACE_STYLE_FILL_AREA ( #3805 ) ;
#5022 = ORIENTED_EDGE ( 'NONE', *, *, #4490, .T. ) ;
#5023 = ORIENTED_EDGE ( 'NONE', *, *, #1536, .T. ) ;
#5024 = ORIENTED_EDGE ( 'NONE', *, *, #1534, .F. ) ;
#5025 = DIRECTION ( 'NONE',  ( -1.000000000000000000, 0.000000000000000000, 0.000000000000000000 ) ) ;
#5026 = COLOUR_RGB ( '',0.7921568627450980005, 0.8196078431372548767, 0.9333333333333333481 ) ;
#5027 = DIRECTION ( 'NONE',  ( 0.000000000000000000, 0.000000000000000000, 1.000000000000000000 ) ) ;
#5028 = LINE ( 'NONE', #6109, #149 ) ;
#5029 = FACE_OUTER_BOUND ( 'NONE', #1682, .T. ) ;
#5030 = VECTOR ( 'NONE', #6005, 39.37007874015748143 ) ;
#5031 = CARTESIAN_POINT ( 'NONE',  ( -0.2700118374927871767, -0.1784725468215414557, 0.1771653543317075752 ) ) ;
#5032 = DIRECTION ( 'NONE',  ( 0.000000000000000000, 1.000000000000000000, 0.000000000000000000 ) ) ;
#5033 = ORIENTED_EDGE ( 'NONE', *, *, #3754, .F. ) ;
#5034 = ORIENTED_EDGE ( 'NONE', *, *, #1398, .T. ) ;
#5035 = AXIS2_PLACEMENT_3D ( 'NONE', #2862, #3576, #671 ) ;
#5036 = CARTESIAN_POINT ( 'NONE',  ( 0.4072467816828892473, 0.3049962210892769310, -0.03543307086514278087 ) ) ;
#5037 = DIRECTION ( 'NONE',  ( 1.685446266610458883E-16, 8.326672684688672821E-17, -1.000000000000000000 ) ) ;
#5038 = MECHANICAL_DESIGN_GEOMETRIC_PRESENTATION_REPRESENTATION (  '', ( #7482 ), #2876 ) ;
#5039 = PRODUCT_DEFINITION ( 'UNKNOWN', '', #1672, #7419 ) ;
#5040 = VECTOR ( 'NONE', #1755, 39.37007874015748143 ) ;
#5041 = VERTEX_POINT ( 'NONE', #5457 ) ;
#5042 = VERTEX_POINT ( 'NONE', #5996 ) ;
#5043 = EDGE_CURVE ( 'NONE', #4376, #1783, #4807, .T. ) ;
#5044 = DIRECTION ( 'NONE',  ( -0.7071067811865514585, 0.000000000000000000, 0.7071067811865433539 ) ) ;
#5045 = VECTOR ( 'NONE', #5305, 39.37007874015748143 ) ;
#5046 = VECTOR ( 'NONE', #7285, 39.37007874015748143 ) ;
#5047 = CARTESIAN_POINT ( 'NONE',  ( -0.3290669556030233478, -0.06823632634910052619, -0.05905511810923725485 ) ) ;
#5048 = CARTESIAN_POINT ( 'NONE',  ( 0.4150275325859530962, -0.2887087672939823713, -0.01181102362104828607 ) ) ;
#5049 = DIRECTION ( 'NONE',  ( -1.000000000000000000, 0.000000000000000000, 0.000000000000000000 ) ) ;
#5050 = EDGE_CURVE ( 'NONE', #4926, #7417, #2986, .T. ) ;
#5051 = ORIENTED_EDGE ( 'NONE', *, *, #5802, .F. ) ;
#5052 = EDGE_CURVE ( 'NONE', #438, #5347, #3024, .T. ) ;
#5053 = VECTOR ( 'NONE', #7460, 39.37007874015748143 ) ;
#5054 = AXIS2_PLACEMENT_3D ( 'NONE', #256, #2040, #4351 ) ;
#5055 = EDGE_LOOP ( 'NONE', ( #1198, #4252, #1125, #4266, #1472 ) ) ;
#5056 = DIRECTION ( 'NONE',  ( -1.000000000000000000, -3.035766082959413894E-16, 0.000000000000000000 ) ) ;
#5057 = DIRECTION ( 'NONE',  ( 1.000000000000000000, 2.834079232620525851E-16, 1.685446266610459130E-16 ) ) ;
#5058 = CIRCLE ( 'NONE', #2875, 0.007874015748031516770 ) ;
#5059 = CARTESIAN_POINT ( 'NONE',  ( -0.4078071130833384461, 0.3057794216823955802, 0.07480314960729816942 ) ) ;
#5060 =( LENGTH_UNIT ( ) NAMED_UNIT ( * ) SI_UNIT ( $, .METRE. ) );
#5061 = VERTEX_POINT ( 'NONE', #2425 ) ;
#5062 = VERTEX_POINT ( 'NONE', #6486 ) ;
#5063 = ORIENTED_EDGE ( 'NONE', *, *, #3112, .T. ) ;
#5064 = EDGE_CURVE ( 'NONE', #5830, #3374, #1937, .T. ) ;
#5065 = CYLINDRICAL_SURFACE ( 'NONE', #1561, 0.01181102362204730985 ) ;
#5066 = CARTESIAN_POINT ( 'NONE',  ( -0.2798543571778265848, -0.1784725468215414557, 0.06299212598525093243 ) ) ;
#5067 = DIRECTION ( 'NONE',  ( 0.000000000000000000, 0.000000000000000000, -1.000000000000000000 ) ) ;
#5068 = CARTESIAN_POINT ( 'NONE',  ( -0.4196181367053855582, -0.1312284523333524244, 0.07086614173328242838 ) ) ;
#5069 = CARTESIAN_POINT ( 'NONE',  ( -0.4274921524534170958, 0.3175904453044426368, 0.5551181102372193532 ) ) ;
#5070 = CARTESIAN_POINT ( 'NONE',  ( 0.4150275325859532627, -0.2040630980026435781, -0.09055118110136325948 ) ) ;
#5071 = ORIENTED_EDGE ( 'NONE', *, *, #7383, .T. ) ;
#5072 = ORIENTED_EDGE ( 'NONE', *, *, #5657, .T. ) ;
#5073 = EDGE_CURVE ( 'NONE', #3406, #2325, #143, .T. ) ;
#5074 = DIRECTION ( 'NONE',  ( -1.685446266610458883E-16, -8.055622141566113421E-17, 1.000000000000000000 ) ) ;
#5075 = CARTESIAN_POINT ( 'NONE',  ( -0.3133189241069602726, 0.09711800435956070843, 0.4881889763789515890 ) ) ;
#5076 = DIRECTION ( 'NONE',  ( -0.000000000000000000, -0.000000000000000000, -1.000000000000000000 ) ) ;
#5077 = DIRECTION ( 'NONE',  ( -1.927470528863118802E-16, 1.000000000000000000, 0.000000000000000000 ) ) ;
#5078 = DIRECTION ( 'NONE',  ( 1.000000000000000000, 3.614007241750735901E-16, 0.000000000000000000 ) ) ;
#5079 = VERTEX_POINT ( 'NONE', #1285 ) ;
#5080 = ORIENTED_EDGE ( 'NONE', *, *, #3795, .F. ) ;
#5081 = CARTESIAN_POINT ( 'NONE',  ( 0.4307755640820161158, 0.2250707602650731110, -0.09055118110136325948 ) ) ;
#5082 = CARTESIAN_POINT ( 'NONE',  ( -0.3015079004849131050, -0.06823632634910049843, -0.05905511810923725485 ) ) ;
#5083 = DIRECTION ( 'NONE',  ( 0.000000000000000000, 0.000000000000000000, 1.000000000000000000 ) ) ;
#5084 = CARTESIAN_POINT ( 'NONE',  ( -0.4274921524534170958, 0.3175904453044426368, 0.5551181102372193532 ) ) ;
#5085 = ORIENTED_EDGE ( 'NONE', *, *, #6079, .F. ) ;
#5086 = EDGE_LOOP ( 'NONE', ( #6357, #98, #502, #6349, #7325, #2881, #4071, #5449, #4221, #532, #2848, #2952 ) ) ;
#5087 = LINE ( 'NONE', #2775, #1417 ) ;
#5088 = ADVANCED_FACE ( 'NONE', ( #3589 ), #1966, .T. ) ;
#5089 = EDGE_CURVE ( 'NONE', #6139, #2661, #1329, .T. ) ;
#5090 = LINE ( 'NONE', #1687, #7186 ) ;
#5091 = EDGE_CURVE ( 'NONE', #7272, #3839, #1400, .T. ) ;
#5092 = ORIENTED_EDGE ( 'NONE', *, *, #1110, .F. ) ;
#5093 = LINE ( 'NONE', #7422, #6248 ) ;
#5094 = ORIENTED_EDGE ( 'NONE', *, *, #6731, .T. ) ;
#5095 = ORIENTED_EDGE ( 'NONE', *, *, #3761, .T. ) ;
#5096 = FACE_OUTER_BOUND ( 'NONE', #2772, .T. ) ;
#5097 = CARTESIAN_POINT ( 'NONE',  ( -0.2798543571772350580, -0.1548504995774469539, 0.06398070938474509362 ) ) ;
#5098 = ADVANCED_FACE ( 'NONE', ( #835 ), #260, .T. ) ;
#5099 = EDGE_CURVE ( 'NONE', #6065, #2655, #6245, .T. ) ;
#5100 = DIRECTION ( 'NONE',  ( 1.685446266610458883E-16, 8.326672684688672821E-17, -1.000000000000000000 ) ) ;
#5101 = CARTESIAN_POINT ( 'NONE',  ( -0.4196181367053852251, -0.2887087672939826488, 0.08267716535532965150 ) ) ;
#5102 = CARTESIAN_POINT ( 'NONE',  ( -0.2621378217447554171, -0.2257166413097304591, -0.01968503936907978202 ) ) ;
#5103 = ORIENTED_EDGE ( 'NONE', *, *, #2564, .F. ) ;
#5104 = EDGE_LOOP ( 'NONE', ( #4066, #1192, #5857, #4886, #2699, #6171 ) ) ;
#5105 = FACE_OUTER_BOUND ( 'NONE', #4260, .T. ) ;
#5106 = CIRCLE ( 'NONE', #6209, 0.007874015748031449116 ) ;
#5107 = DIRECTION ( 'NONE',  ( 1.000000000000000000, 3.614007241750735901E-16, 0.000000000000000000 ) ) ;
#5108 = ADVANCED_FACE ( 'NONE', ( #4956 ), #5661, .F. ) ;
#5109 = FACE_OUTER_BOUND ( 'NONE', #3488, .T. ) ;
#5110 = DIRECTION ( 'NONE',  ( 0.000000000000000000, 0.000000000000000000, 1.000000000000000000 ) ) ;
#5111 = ORIENTED_EDGE ( 'NONE', *, *, #193, .F. ) ;
#5112 = VERTEX_POINT ( 'NONE', #2650 ) ;
#5113 = VECTOR ( 'NONE', #2852, 39.37007874015748143 ) ;
#5114 = VECTOR ( 'NONE', #4474, 39.37007874015748143 ) ;
#5115 = CARTESIAN_POINT ( 'NONE',  ( -0.4274921524534169293, -0.2965827830420141309, 0.5551181102372191312 ) ) ;
#5116 = FACE_OUTER_BOUND ( 'NONE', #685, .T. ) ;
#5117 = DIRECTION ( 'NONE',  ( -0.000000000000000000, -0.000000000000000000, -1.000000000000000000 ) ) ;
#5118 = LINE ( 'NONE', #7453, #3101 ) ;
#5119 = VECTOR ( 'NONE', #186, 39.37007874015748143 ) ;
#5120 = VECTOR ( 'NONE', #5776, 39.37007874015748143 ) ;
#5121 = DIRECTION ( 'NONE',  ( -1.000000000000000000, 1.020425574104003999E-16, 0.000000000000000000 ) ) ;
#5122 = VERTEX_POINT ( 'NONE', #5572 ) ;
#5123 = ORIENTED_EDGE ( 'NONE', *, *, #6457, .F. ) ;
#5124 = ORIENTED_EDGE ( 'NONE', *, *, #6965, .F. ) ;
#5125 = DIRECTION ( 'NONE',  ( 1.000000000000000000, 2.834079232620525851E-16, 1.685446266610459130E-16 ) ) ;
#5126 = AXIS2_PLACEMENT_3D ( 'NONE', #3536, #748, #4116 ) ;
#5127 = CARTESIAN_POINT ( 'NONE',  ( 0.2181771388851658777, -0.2335906570577619412, -0.2283464566919144179 ) ) ;
#5128 = DIRECTION ( 'NONE',  ( -1.000000000000000000, 0.000000000000000000, -5.706327223607911392E-17 ) ) ;
#5129 = AXIS2_PLACEMENT_3D ( 'NONE', #3403, #2435, #5737 ) ;
#5130 = VERTEX_POINT ( 'NONE', #5496 ) ;
#5131 = CARTESIAN_POINT ( 'NONE',  ( -0.2345787666266453686, 0.2939683980603482460, 0.5314960629931247960 ) ) ;
#5132 = EDGE_CURVE ( 'NONE', #2382, #552, #5604, .T. ) ;
#5133 = ORIENTED_EDGE ( 'NONE', *, *, #6181, .T. ) ;
#5134 = ORIENTED_EDGE ( 'NONE', *, *, #6269, .T. ) ;
#5135 = FACE_OUTER_BOUND ( 'NONE', #6579, .T. ) ;
#5136 = DIRECTION ( 'NONE',  ( 0.000000000000000000, 0.000000000000000000, -1.000000000000000000 ) ) ;
#5137 = EDGE_CURVE ( 'NONE', #2590, #6773, #700, .T. ) ;
#5138 = VECTOR ( 'NONE', #5386, 39.37007874015748143 ) ;
#5139 = LINE ( 'NONE', #375, #4308 ) ;
#5140 = CARTESIAN_POINT ( 'NONE',  ( 0.000000000000000000, -0.009181208238864266638, -0.01181102362104828607 ) ) ;
#5141 = CARTESIAN_POINT ( 'NONE',  ( -0.4353661682014482448, -0.2040630980026439667, -0.09055118110136337051 ) ) ;
#5142 = EDGE_CURVE ( 'NONE', #6715, #2072, #1443, .T. ) ;
#5143 = MECHANICAL_DESIGN_GEOMETRIC_PRESENTATION_REPRESENTATION (  '', ( #4058 ), #427 ) ;
#5144 = ORIENTED_EDGE ( 'NONE', *, *, #2250, .F. ) ;
#5145 = ADVANCED_FACE ( 'NONE', ( #2115 ), #337, .T. ) ;
#5146 = VERTEX_POINT ( 'NONE', #6782 ) ;
#5147 = CARTESIAN_POINT ( 'NONE',  ( -0.4353661682014484668, -0.04855128697902204304, 0.5157480314970617208 ) ) ;
#5148 = VECTOR ( 'NONE', #1943, 39.37007874015748143 ) ;
#5149 = CARTESIAN_POINT ( 'NONE',  ( -0.2621378217447554171, -0.2257166413097304591, -0.01968503936907978202 ) ) ;
#5150 = CARTESIAN_POINT ( 'NONE',  ( -0.2345787666266452298, -0.2729607357979194071, 0.5314960629931247960 ) ) ;
#5151 = CARTESIAN_POINT ( 'NONE',  ( 0.4307755640820161158, 0.2959369019973562276, -0.07086614173128448491 ) ) ;
#5152 = DIRECTION ( 'NONE',  ( -1.685446266610458883E-16, -8.326672684688672821E-17, 1.000000000000000000 ) ) ;
#5153 = EDGE_LOOP ( 'NONE', ( #1001, #714, #3273, #2592 ) ) ;
#5154 = VERTEX_POINT ( 'NONE', #4383 ) ;
#5155 = AXIS2_PLACEMENT_3D ( 'NONE', #7196, #1352, #7273 ) ;
#5156 = EDGE_CURVE ( 'NONE', #4896, #7180, #5642, .T. ) ;
#5157 = LINE ( 'NONE', #3483, #1921 ) ;
#5158 = CARTESIAN_POINT ( 'NONE',  ( 0.4150275325859530962, 0.3097164295564114878, 0.08267716535532979028 ) ) ;
#5159 = CARTESIAN_POINT ( 'NONE',  ( -0.4078071130833383351, -0.2768977436719350926, 0.07086614173328242838 ) ) ;
#5160 = AXIS2_PLACEMENT_3D ( 'NONE', #2898, #3010, #1271 ) ;
#5161 = DIRECTION ( 'NONE',  ( 0.000000000000000000, 1.000000000000000000, 0.000000000000000000 ) ) ;
#5162 = CIRCLE ( 'NONE', #2507, 0.007874015748031516770 ) ;
#5163 = CARTESIAN_POINT ( 'NONE',  ( -0.3290669556030233478, 0.08924398861152943452, -0.05905511810923725485 ) ) ;
#5164 = ORIENTED_EDGE ( 'NONE', *, *, #367, .T. ) ;
#5165 = ORIENTED_EDGE ( 'NONE', *, *, #159, .F. ) ;
#5166 = ORIENTED_EDGE ( 'NONE', *, *, #500, .T. ) ;
#5167 = AXIS2_PLACEMENT_3D ( 'NONE', #912, #4387, #955 ) ;
#5168 = ADVANCED_FACE ( 'NONE', ( #5029 ), #7362, .T. ) ;
#5169 = CARTESIAN_POINT ( 'NONE',  ( -0.1952086878864878472, 0.2939683980603482460, 0.4133858267726524538 ) ) ;
#5170 = VECTOR ( 'NONE', #3358, 39.37007874015748143 ) ;
#5171 = CARTESIAN_POINT ( 'NONE',  ( -0.4196181367053856692, -0.1784725468215414557, 0.07480314960729816942 ) ) ;
#5172 = DIRECTION ( 'NONE',  ( -2.834079232620525851E-16, 1.000000000000000000, 8.326672684688667890E-17 ) ) ;
#5173 = TOROIDAL_SURFACE ( 'NONE', #3592, 0.007874015748031516770, 0.003937007874015786141 ) ;
#5174 = VECTOR ( 'NONE', #5568, 39.37007874015748143 ) ;
#5175 = ORIENTED_EDGE ( 'NONE', *, *, #5427, .F. ) ;
#5176 = PLANE ( 'NONE',  #2615 ) ;
#5177 = ORIENTED_EDGE ( 'NONE', *, *, #3235, .F. ) ;
#5178 = ORIENTED_EDGE ( 'NONE', *, *, #3889, .F. ) ;
#5179 = DIRECTION ( 'NONE',  ( -1.000000000000000000, 0.000000000000000000, 0.000000000000000000 ) ) ;
#5180 = CARTESIAN_POINT ( 'NONE',  ( -0.4038701052093225385, -0.2729607357979194071, 0.07480314960729816942 ) ) ;
#5181 = AXIS2_PLACEMENT_3D ( 'NONE', #4295, #3184, #1416 ) ;
#5182 = VECTOR ( 'NONE', #4640, 39.37007874015748143 ) ;
#5183 = DIRECTION ( 'NONE',  ( 0.000000000000000000, 0.000000000000000000, 1.000000000000000000 ) ) ;
#5184 = CARTESIAN_POINT ( 'NONE',  ( 0.4307755640820163379, -0.3044567987900454464, -0.07086614173128448491 ) ) ;
#5185 = CARTESIAN_POINT ( 'NONE',  ( -0.3881220737132595744, 0.1758581618398758484, 0.01968503937107769428 ) ) ;
#5186 = LINE ( 'NONE', #6815, #3674 ) ;
#5187 = CARTESIAN_POINT ( 'NONE',  ( -0.3566260107211334240, 0.01050383113121422865, 0.5629921259852507243 ) ) ;
#5188 = DIRECTION ( 'NONE',  ( -1.685446266610458883E-16, -8.326672684688672821E-17, 1.000000000000000000 ) ) ;
#5189 = ADVANCED_FACE ( 'NONE', ( #6711 ), #979, .T. ) ;
#5190 = ORIENTED_EDGE ( 'NONE', *, *, #6661, .T. ) ;
#5191 = EDGE_LOOP ( 'NONE', ( #6613, #4924, #6326, #4281 ) ) ;
#5192 = DIRECTION ( 'NONE',  ( 0.000000000000000000, 0.000000000000000000, 1.000000000000000000 ) ) ;
#5193 = FACE_OUTER_BOUND ( 'NONE', #229, .T. ) ;
#5194 = EDGE_CURVE ( 'NONE', #4523, #5302, #6745, .T. ) ;
#5195 = EDGE_CURVE ( 'NONE', #3269, #563, #1517, .T. ) ;
#5196 = CARTESIAN_POINT ( 'NONE',  ( -0.2989559047835466665, 0.1994802090839704611, 0.06490471395058160231 ) ) ;
#5197 = CARTESIAN_POINT ( 'NONE',  ( -0.2818228611148343443, 0.06955894924145068769, -0.05905511810923725485 ) ) ;
#5198 = CARTESIAN_POINT ( 'NONE',  ( -0.2109567193825508946, -0.1568190035144548522, -0.05905511810923725485 ) ) ;
#5199 = CARTESIAN_POINT ( 'NONE',  ( -0.08103545954003102403, -0.2808347515459509447, -0.02952755905411923870 ) ) ;
#5200 = ORIENTED_EDGE ( 'NONE', *, *, #6057, .T. ) ;
#5201 = ORIENTED_EDGE ( 'NONE', *, *, #3291, .T. ) ;
#5202 = CARTESIAN_POINT ( 'NONE',  ( -0.2995393965484967613, 0.1758581618398758761, 0.06397767784406137304 ) ) ;
#5203 = DIRECTION ( 'NONE',  ( -0.5773502691896281735, 0.5773502691896277295, 0.5773502691896211791 ) ) ;
#5204 = LINE ( 'NONE', #3444, #1859 ) ;
#5205 = CARTESIAN_POINT ( 'NONE',  ( -0.4274921524534169293, -0.3044567987900457240, 0.5629921259852507243 ) ) ;
#5206 = DIRECTION ( 'NONE',  ( 0.000000000000000000, 0.7071067811865434649, -0.7071067811865515695 ) ) ;
#5207 = B_SPLINE_CURVE_WITH_KNOTS ( 'NONE', 3,
 ( #232, #4326, #842, #7217, #6646, #3630, #1942, #7259, #765, #6680, #4285, #5964, #3069, #805 ),
 .UNSPECIFIED., .F., .F.,
 ( 4, 2, 2, 2, 2, 2, 4 ),
 ( 2.168404344971008868E-19, 7.486325975545552597E-05, 0.0001497265195109108351, 0.0002994530390218238386, 0.0004491795585327368421, 0.0005240428182881921512, 0.0005989060780436474603 ),
 .UNSPECIFIED. ) ;
#5208 = EDGE_CURVE ( 'NONE', #5814, #2681, #4988, .T. ) ;
#5209 = ORIENTED_EDGE ( 'NONE', *, *, #3725, .T. ) ;
#5210 = ORIENTED_EDGE ( 'NONE', *, *, #4176, .T. ) ;
#5211 = VERTEX_POINT ( 'NONE', #4462 ) ;
#5212 = CARTESIAN_POINT ( 'NONE',  ( -0.3290669556030233478, -0.06823632634910049843, -0.05905511810923725485 ) ) ;
#5213 = DIRECTION ( 'NONE',  ( 1.000000000000000000, 2.834079232620525851E-16, 1.685446266610459130E-16 ) ) ;
#5214 = CARTESIAN_POINT ( 'NONE',  ( -0.4149123802255603177, 0.3019501306406615626, 0.07480314960729816942 ) ) ;
#5215 = B_SPLINE_CURVE_WITH_KNOTS ( 'NONE', 3,
 ( #133, #2447, #4752, #2024, #354, #6276 ),
 .UNSPECIFIED., .F., .F.,
 ( 4, 2, 4 ),
 ( 0.000000000000000000, 0.5000000000000000000, 1.000000000000000000 ),
 .UNSPECIFIED. ) ;
#5216 = ADVANCED_FACE ( 'NONE', ( #3886 ), #7322, .F. ) ;
#5217 = VERTEX_POINT ( 'NONE', #5068 ) ;
#5218 = VERTEX_POINT ( 'NONE', #7250 ) ;
#5219 = ORIENTED_EDGE ( 'NONE', *, *, #6689, .T. ) ;
#5220 = LINE ( 'NONE', #23, #5182 ) ;
#5221 = CARTESIAN_POINT ( 'NONE',  ( -0.4078071130833386126, 0.2979054059343640426, 0.07086614173328253941 ) ) ;
#5222 = DIRECTION ( 'NONE',  ( -1.000000000000000000, 0.000000000000000000, 0.000000000000000000 ) ) ;
#5223 = DIRECTION ( 'NONE',  ( 0.000000000000000000, 1.000000000000000000, 0.000000000000000000 ) ) ;
#5224 = CARTESIAN_POINT ( 'NONE',  ( 0.1433739892788664649, 0.2939683980603483016, 0.5393700787411563891 ) ) ;
#5225 = LINE ( 'NONE', #5917, #914 ) ;
#5226 = VERTEX_POINT ( 'NONE', #3278 ) ;
#5227 = ORIENTED_EDGE ( 'NONE', *, *, #4940, .T. ) ;
#5228 = FACE_OUTER_BOUND ( 'NONE', #1300, .T. ) ;
#5229 = LINE ( 'NONE', #3434, #2946 ) ;
#5230 = FACE_OUTER_BOUND ( 'NONE', #6792, .T. ) ;
#5231 = DIRECTION ( 'NONE',  ( 0.000000000000000000, 0.000000000000000000, -1.000000000000000000 ) ) ;
#5232 = ORIENTED_EDGE ( 'NONE', *, *, #258, .F. ) ;
#5233 = ORIENTED_EDGE ( 'NONE', *, *, #7048, .F. ) ;
#5234 = ADVANCED_FACE ( 'NONE', ( #3312 ), #4316, .T. ) ;
#5235 = EDGE_CURVE ( 'NONE', #6715, #3389, #2308, .T. ) ;
#5236 = CIRCLE ( 'NONE', #1967, 0.01968503937007875723 ) ;
#5237 = DIRECTION ( 'NONE',  ( -2.834079232620525851E-16, 1.000000000000000000, 8.326672684688667890E-17 ) ) ;
#5238 = CARTESIAN_POINT ( 'NONE',  ( -0.2345787666266453686, 0.2939683980603482460, 0.5314960629931247960 ) ) ;
#5239 = LINE ( 'NONE', #1257, #3418 ) ;
#5240 = LINE ( 'NONE', #6426, #2021 ) ;
#5241 = CYLINDRICAL_SURFACE ( 'NONE', #5129, 0.06299212598425206477 ) ;
#5242 = VERTEX_POINT ( 'NONE', #4573 ) ;
#5243 = COLOUR_RGB ( '',0.7921568627450980005, 0.8196078431372548767, 0.9333333333333333481 ) ;
#5244 = VERTEX_POINT ( 'NONE', #607 ) ;
#5245 = EDGE_CURVE ( 'NONE', #6065, #5326, #1741, .T. ) ;
#5246 = ORIENTED_EDGE ( 'NONE', *, *, #840, .F. ) ;
#5247 = DIRECTION ( 'NONE',  ( 0.000000000000000000, 1.000000000000000000, 0.000000000000000000 ) ) ;
#5248 = EDGE_CURVE ( 'NONE', #7355, #2689, #1424, .T. ) ;
#5249 = VECTOR ( 'NONE', #3762, 39.37007874015748143 ) ;
#5250 = B_SPLINE_CURVE_WITH_KNOTS ( 'NONE', 3,
 ( #2233, #4653, #5196, #1, #4538, #6417, #3509, #5843, #4206, #3134, #3544, #3588, #1936, #4765 ),
 .UNSPECIFIED., .F., .F.,
 ( 4, 2, 2, 2, 2, 2, 4 ),
 ( 0.000000000000000000, 7.486325975545677280E-05, 0.0001497265195109135456, 0.0002994530390218271996, 0.0004491795585327408536, 0.0005240428182881975722, 0.0005989060780436543992 ),
 .UNSPECIFIED. ) ;
#5251 = AXIS2_PLACEMENT_3D ( 'NONE', #119, #4587, #7028 ) ;
#5252 = VERTEX_POINT ( 'NONE', #3392 ) ;
#5253 = EDGE_LOOP ( 'NONE', ( #2869, #6089 ) ) ;
#5254 = AXIS2_PLACEMENT_3D ( 'NONE', #3738, #760, #868 ) ;
#5255 = AXIS2_PLACEMENT_3D ( 'NONE', #5149, #2947, #3473 ) ;
#5256 = DIRECTION ( 'NONE',  ( -1.685446266610458883E-16, -8.326672684688672821E-17, 1.000000000000000000 ) ) ;
#5257 = PLANE ( 'NONE',  #3424 ) ;
#5258 = CARTESIAN_POINT ( 'NONE',  ( -0.3487519949731019420, 0.03018887050129322527, -0.03543307086514277393 ) ) ;
#5259 = FACE_OUTER_BOUND ( 'NONE', #1616, .T. ) ;
#5260 = ORIENTED_EDGE ( 'NONE', *, *, #5802, .T. ) ;
#5261 = ORIENTED_EDGE ( 'NONE', *, *, #3992, .T. ) ;
#5262 = CARTESIAN_POINT ( 'NONE',  ( 0.4307755640820160603, 0.2250707602650730832, -0.09055118110136325948 ) ) ;
#5263 = VECTOR ( 'NONE', #6345, 39.37007874015748143 ) ;
#5264 = CARTESIAN_POINT ( 'NONE',  ( -0.4196181367053855582, 0.1522361145957813744, 0.07086614173328242838 ) ) ;
#5265 = CARTESIAN_POINT ( 'NONE',  ( 0.4150275325859531517, 0.2171967445170413236, -0.07086614173128448491 ) ) ;
#5266 = AXIS2_PLACEMENT_3D ( 'NONE', #6452, #6334, #1176 ) ;
#5267 = CARTESIAN_POINT ( 'NONE',  ( -0.4038701052093223165, -0.2729607357979194071, 0.5314960629931247960 ) ) ;
#5268 = CARTESIAN_POINT ( 'NONE',  ( 0.4229015483339846893, -0.2965827830420139644, 0.5551181102372193532 ) ) ;
#5269 = ORIENTED_EDGE ( 'NONE', *, *, #1990, .F. ) ;
#5270 = ORIENTED_EDGE ( 'NONE', *, *, #2088, .F. ) ;
#5271 = CIRCLE ( 'NONE', #6727, 0.01427165354330715494 ) ;
#5272 = DIRECTION ( 'NONE',  ( 2.834079232620525851E-16, -1.000000000000000000, -8.326672684688667890E-17 ) ) ;
#5273 = PLANE ( 'NONE',  #6856 ) ;
#5274 = FACE_OUTER_BOUND ( 'NONE', #3776, .T. ) ;
#5275 = DIRECTION ( 'NONE',  ( -1.685446266610458883E-16, -8.326672684688672821E-17, 1.000000000000000000 ) ) ;
#5276 = EDGE_CURVE ( 'NONE', #3636, #371, #6904, .T. ) ;
#5277 = DIRECTION ( 'NONE',  ( -0.000000000000000000, -1.000000000000000000, -0.000000000000000000 ) ) ;
#5278 = AXIS2_PLACEMENT_3D ( 'NONE', #6456, #151, #118 ) ;
#5279 = ORIENTED_EDGE ( 'NONE', *, *, #6447, .T. ) ;
#5280 = EDGE_LOOP ( 'NONE', ( #1924, #3665 ) ) ;
#5281 = ORIENTED_EDGE ( 'NONE', *, *, #3057, .F. ) ;
#5282 = DIRECTION ( 'NONE',  ( 2.834079232620525851E-16, -1.000000000000000000, -8.326672684688667890E-17 ) ) ;
#5283 = VECTOR ( 'NONE', #7505, 39.37007874015748143 ) ;
#5284 = ADVANCED_FACE ( 'NONE', ( #5228 ), #1091, .T. ) ;
#5285 = ADVANCED_FACE ( 'NONE', ( #2829 ), #6787, .T. ) ;
#5286 = DIRECTION ( 'NONE',  ( 0.000000000000000000, 0.000000000000000000, 1.000000000000000000 ) ) ;
#5287 = ORIENTED_EDGE ( 'NONE', *, *, #5476, .T. ) ;
#5288 = DIRECTION ( 'NONE',  ( 0.000000000000000000, 0.000000000000000000, 1.000000000000000000 ) ) ;
#5289 = VECTOR ( 'NONE', #1333, 39.37007874015748143 ) ;
#5290 = VECTOR ( 'NONE', #425, 39.37007874015748854 ) ;
#5291 = ORIENTED_EDGE ( 'NONE', *, *, #3320, .T. ) ;
#5292 = LINE ( 'NONE', #131, #1785 ) ;
#5293 = CIRCLE ( 'NONE', #3830, 0.05905511811023627516 ) ;
#5294 = CARTESIAN_POINT ( 'NONE',  ( -0.4196181367053852251, -0.1981575861916203551, 0.08267716535532938782 ) ) ;
#5295 = VECTOR ( 'NONE', #4846, 39.37007874015748143 ) ;
#5296 = CARTESIAN_POINT ( 'NONE',  ( -0.3881220737132595744, 0.1522361145957812911, 0.07480314960729814167 ) ) ;
#5297 = VERTEX_POINT ( 'NONE', #6862 ) ;
#5298 = CARTESIAN_POINT ( 'NONE',  ( -0.4078071130833384461, 0.3057794216823955247, -0.03149606299112701902 ) ) ;
#5299 = EDGE_CURVE ( 'NONE', #524, #3603, #5764, .T. ) ;
#5300 = EDGE_LOOP ( 'NONE', ( #7499, #3826, #3880, #3122 ) ) ;
#5301 = CIRCLE ( 'NONE', #2269, 0.007874015748031508097 ) ;
#5302 = VERTEX_POINT ( 'NONE', #3893 ) ;
#5303 = DIRECTION ( 'NONE',  ( 1.685446266610458883E-16, 8.326672684688672821E-17, -1.000000000000000000 ) ) ;
#5304 = AXIS2_PLACEMENT_3D ( 'NONE', #3961, #7425, #3998 ) ;
#5305 = DIRECTION ( 'NONE',  ( 1.000000000000000000, 2.834079232620525851E-16, 1.685446266610459130E-16 ) ) ;
#5306 = CARTESIAN_POINT ( 'NONE',  ( -0.1952086878864878472, 0.2545983193201908357, 0.4251968503946996769 ) ) ;
#5307 = VECTOR ( 'NONE', #3492, 39.37007874015748143 ) ;
#5308 = DIRECTION ( 'NONE',  ( 0.000000000000000000, 0.000000000000000000, 1.000000000000000000 ) ) ;
#5309 = DIRECTION ( 'NONE',  ( 0.000000000000000000, 1.000000000000000000, 0.000000000000000000 ) ) ;
#5310 = CARTESIAN_POINT ( 'NONE',  ( 0.1433739892788665482, -0.2729607357979193516, 0.5393700787411563891 ) ) ;
#5311 = EDGE_CURVE ( 'NONE', #2798, #1279, #6634, .T. ) ;
#5312 = VERTEX_POINT ( 'NONE', #3318 ) ;
#5313 = ORIENTED_EDGE ( 'NONE', *, *, #6911, .T. ) ;
#5314 = FACE_OUTER_BOUND ( 'NONE', #6370, .T. ) ;
#5315 = LINE ( 'NONE', #6946, #3723 ) ;
#5316 = CARTESIAN_POINT ( 'NONE',  ( -0.4274921524534169293, -0.3044567987900457240, 0.5629921259852507243 ) ) ;
#5317 = DIRECTION ( 'NONE',  ( 0.5773502691896267303, 0.5773502691896300609, 0.5773502691896202910 ) ) ;
#5318 = DIRECTION ( 'NONE',  ( -1.685446266610458883E-16, -8.326672684688672821E-17, 1.000000000000000000 ) ) ;
#5319 = CARTESIAN_POINT ( 'NONE',  ( 0.1984920995150870338, -0.2178426255616989216, -0.02362204724309532183 ) ) ;
#5320 = ORIENTED_EDGE ( 'NONE', *, *, #2776, .T. ) ;
#5321 = ORIENTED_EDGE ( 'NONE', *, *, #2915, .F. ) ;
#5322 = B_SPLINE_CURVE_WITH_KNOTS ( 'NONE', 3,
 ( #2694, #1029, #2059, #1533, #1493, #3371 ),
 .UNSPECIFIED., .F., .F.,
 ( 4, 2, 4 ),
 ( 0.000000000000000000, 0.5000000000000000000, 1.000000000000000000 ),
 .UNSPECIFIED. ) ;
#5323 = VERTEX_POINT ( 'NONE', #7404 ) ;
#5324 = DIRECTION ( 'NONE',  ( -1.000000000000000000, -2.891205793294675861E-16, 0.000000000000000000 ) ) ;
#5325 = PRESENTATION_STYLE_ASSIGNMENT (( #2926 ) ) ;
#5326 = VERTEX_POINT ( 'NONE', #5147 ) ;
#5327 = LINE ( 'NONE', #667, #5522 ) ;
#5328 = VERTEX_POINT ( 'NONE', #7480 ) ;
#5329 = CARTESIAN_POINT ( 'NONE',  ( 0.4307755640820163379, -0.2040630980026436891, -0.09055118110136325948 ) ) ;
#5330 = ADVANCED_FACE ( 'NONE', ( #1056 ), #2195, .T. ) ;
#5331 = ADVANCED_FACE ( 'NONE', ( #4006 ), #2271, .T. ) ;
#5332 = DIRECTION ( 'NONE',  ( 0.000000000000000000, 0.000000000000000000, 1.000000000000000000 ) ) ;
#5333 = EDGE_CURVE ( 'NONE', #1981, #3827, #5688, .T. ) ;
#5334 = CARTESIAN_POINT ( 'NONE',  ( -0.3881220737132595744, 0.1758581618398758484, 0.1771653543317075752 ) ) ;
#5335 = LINE ( 'NONE', #316, #3543 ) ;
#5336 = EDGE_LOOP ( 'NONE', ( #4347, #3121, #4691, #5387, #2365, #2182, #4798, #3548, #2307, #1585, #6776, #3733, #623, #3130, #1353, #168, #5320, #4952, #585, #1053, #7457, #3971 ) ) ;
#5337 = ORIENTED_EDGE ( 'NONE', *, *, #101, .F. ) ;
#5338 = EDGE_LOOP ( 'NONE', ( #4477, #3899, #4201, #6540 ) ) ;
#5339 = FACE_OUTER_BOUND ( 'NONE', #5055, .T. ) ;
#5340 = EDGE_CURVE ( 'NONE', #3118, #5312, #2871, .T. ) ;
#5341 = DIRECTION ( 'NONE',  ( 1.000000000000000000, 8.616490819209882997E-16, 1.685446266610459623E-16 ) ) ;
#5342 = ADVANCED_FACE ( 'NONE', ( #5105 ), #4048, .T. ) ;
#5343 = CARTESIAN_POINT ( 'NONE',  ( 0.1984920995150868950, 0.2388502878241278438, -0.03543307086514277393 ) ) ;
#5344 = DIRECTION ( 'NONE',  ( 1.685446266610458883E-16, 8.326672684688672821E-17, -1.000000000000000000 ) ) ;
#5345 = FACE_OUTER_BOUND ( 'NONE', #7464, .T. ) ;
#5346 = CARTESIAN_POINT ( 'NONE',  ( -0.4196181367053855027, -0.1784725468215417055, 1.578189432169840867 ) ) ;
#5347 = VERTEX_POINT ( 'NONE', #1663 ) ;
#5348 = CARTESIAN_POINT ( 'NONE',  ( -0.4353661682014484668, 0.2171967445170411293, -0.07086614173128460981 ) ) ;
#5349 = DIRECTION ( 'NONE',  ( -1.685446266610458883E-16, -8.326672684688672821E-17, 1.000000000000000000 ) ) ;
#5350 = EDGE_CURVE ( 'NONE', #5061, #7519, #6295, .T. ) ;
#5351 = DIRECTION ( 'NONE',  ( 0.000000000000000000, 0.000000000000000000, -1.000000000000000000 ) ) ;
#5352 = CARTESIAN_POINT ( 'NONE',  ( -0.3802480579652279258, 0.01050383113121422171, 0.5629921259852507243 ) ) ;
#5353 = CARTESIAN_POINT ( 'NONE',  ( 0.1984920995150871170, -0.2335906570577619412, -0.01181102362104828607 ) ) ;
#5354 = PLANE ( 'NONE',  #1139 ) ;
#5355 = ORIENTED_EDGE ( 'NONE', *, *, #5816, .T. ) ;
#5356 = ORIENTED_EDGE ( 'NONE', *, *, #971, .F. ) ;
#5357 = CARTESIAN_POINT ( 'NONE',  ( -0.3487519949731019420, 0.03018887050129322527, -0.03543307086514277393 ) ) ;
#5358 = VERTEX_POINT ( 'NONE', #32 ) ;
#5359 = CARTESIAN_POINT ( 'NONE',  ( -0.2719803414297948807, 0.2565668232571987617, -0.01181102362104828607 ) ) ;
#5360 = VECTOR ( 'NONE', #3277, 39.37007874015748143 ) ;
#5361 = FACE_OUTER_BOUND ( 'NONE', #5510, .T. ) ;
#5362 = VERTEX_POINT ( 'NONE', #2497 ) ;
#5363 = CARTESIAN_POINT ( 'NONE',  ( 0.4307755640820163379, -0.2887087672939823157, -0.07086614173128448491 ) ) ;
#5364 = ORIENTED_EDGE ( 'NONE', *, *, #2324, .F. ) ;
#5365 = CARTESIAN_POINT ( 'NONE',  ( -0.4196181367053856692, 0.3097164295564110992, 1.578189432169840867 ) ) ;
#5366 = CIRCLE ( 'NONE', #5487, 0.01574803149542739963 ) ;
#5367 = AXIS2_PLACEMENT_3D ( 'NONE', #5513, #3151, #3079 ) ;
#5368 = DIRECTION ( 'NONE',  ( 0.000000000000000000, 0.000000000000000000, 1.000000000000000000 ) ) ;
#5369 = CARTESIAN_POINT ( 'NONE',  ( -0.2326102626896373038, -0.2257166413097304591, -0.03543307086514277393 ) ) ;
#5370 = EDGE_CURVE ( 'NONE', #5328, #4789, #1310, .T. ) ;
#5371 = CIRCLE ( 'NONE', #7192, 0.005905511811023654925 ) ;
#5372 = ORIENTED_EDGE ( 'NONE', *, *, #5566, .F. ) ;
#5373 = AXIS2_PLACEMENT_3D ( 'NONE', #4612, #6296, #4695 ) ;
#5374 = SURFACE_STYLE_FILL_AREA ( #4157 ) ;
#5375 = ORIENTED_EDGE ( 'NONE', *, *, #4624, .F. ) ;
#5376 = ORIENTED_EDGE ( 'NONE', *, *, #4602, .T. ) ;
#5377 = EDGE_CURVE ( 'NONE', #3612, #3468, #7371, .T. ) ;
#5378 = LINE ( 'NONE', #3021, #2030 ) ;
#5379 = DIRECTION ( 'NONE',  ( 1.000000000000000000, 0.000000000000000000, 0.000000000000000000 ) ) ;
#5380 = VECTOR ( 'NONE', #481, 39.37007874015748143 ) ;
#5381 = FACE_OUTER_BOUND ( 'NONE', #4812, .T. ) ;
#5382 = DIRECTION ( 'NONE',  ( -2.834079232620525851E-16, 1.000000000000000000, 8.326672684688667890E-17 ) ) ;
#5383 = EDGE_CURVE ( 'NONE', #1626, #7290, #2981, .T. ) ;
#5384 = CARTESIAN_POINT ( 'NONE',  ( 0.3402243829796539054, -0.1568190035144548800, -0.05905511810923725485 ) ) ;
#5385 = ADVANCED_FACE ( 'NONE', ( #4802 ), #640, .F. ) ;
#5386 = DIRECTION ( 'NONE',  ( -1.000000000000000000, -1.257057890823428291E-16, -1.685446266610458883E-16 ) ) ;
#5387 = ORIENTED_EDGE ( 'NONE', *, *, #3188, .T. ) ;
#5388 = CARTESIAN_POINT ( 'NONE',  ( -0.4148979282382492806, -0.2809280163909186334, 0.07480314960729819718 ) ) ;
#5389 = LINE ( 'NONE', #4815, #2404 ) ;
#5390 = VECTOR ( 'NONE', #4883, 39.37007874015748143 ) ;
#5391 = CARTESIAN_POINT ( 'NONE',  ( -0.3517478272023937813, 0.01050383113121416273, 0.5472440944886649561 ) ) ;
#5392 = CYLINDRICAL_SURFACE ( 'NONE', #3066, 0.01181102362204730985 ) ;
#5393 = CARTESIAN_POINT ( 'NONE',  ( -0.2896968768628658264, -0.1651851452467384129, 0.06299212598525091855 ) ) ;
#5394 = DIRECTION ( 'NONE',  ( -1.685446266610458883E-16, -8.326672684688672821E-17, 1.000000000000000000 ) ) ;
#5395 = ORIENTED_EDGE ( 'NONE', *, *, #3328, .T. ) ;
#5396 = ORIENTED_EDGE ( 'NONE', *, *, #2515, .F. ) ;
#5397 = EDGE_CURVE ( 'NONE', #3271, #1959, #5378, .T. ) ;
#5398 = STYLED_ITEM ( 'NONE', ( #898 ), #3428 ) ;
#5399 = CARTESIAN_POINT ( 'NONE',  ( 0.1433739892788664927, 0.2270392642020807317, -0.05905511810923725485 ) ) ;
#5400 = ORIENTED_EDGE ( 'NONE', *, *, #1775, .F. ) ;
#5401 = AXIS2_PLACEMENT_3D ( 'NONE', #6046, #7101, #4174 ) ;
#5402 = CARTESIAN_POINT ( 'NONE',  ( 0.4032165089639058175, -0.2768977436719350926, -0.03149606299112701902 ) ) ;
#5403 = VERTEX_POINT ( 'NONE', #108 ) ;
#5404 = DIRECTION ( 'NONE',  ( -1.000000000000000000, 0.000000000000000000, 0.000000000000000000 ) ) ;
#5405 = EDGE_CURVE ( 'NONE', #1688, #7214, #6978, .T. ) ;
#5406 = ORIENTED_EDGE ( 'NONE', *, *, #4721, .F. ) ;
#5407 = LINE ( 'NONE', #6550, #2256 ) ;
#5408 = VECTOR ( 'NONE', #2622, 39.37007874015748854 ) ;
#5409 = CIRCLE ( 'NONE', #204, 0.05905511811023627516 ) ;
#5410 = VECTOR ( 'NONE', #2919, 39.37007874015748143 ) ;
#5411 = VERTEX_POINT ( 'NONE', #3090 ) ;
#5412 = SURFACE_SIDE_STYLE ('',( #5374 ) ) ;
#5413 = VERTEX_POINT ( 'NONE', #6558 ) ;
#5414 = ORIENTED_EDGE ( 'NONE', *, *, #3561, .F. ) ;
#5415 = CARTESIAN_POINT ( 'NONE',  ( 0.1984920995150870338, -0.2335906570577618857, -0.03543307086514277393 ) ) ;
#5416 = CARTESIAN_POINT ( 'NONE',  ( -0.1912716800124721617, -0.2060316019396516429, -0.05905511810923725485 ) ) ;
#5417 = AXIS2_PLACEMENT_3D ( 'NONE', #6350, #4593, #2993 ) ;
#5418 = AXIS2_PLACEMENT_3D ( 'NONE', #3737, #1590, #6151 ) ;
#5419 = CARTESIAN_POINT ( 'NONE',  ( -0.4353661682014484668, -0.04855128697902211243, 0.5551181102372192422 ) ) ;
#5420 = CARTESIAN_POINT ( 'NONE',  ( -0.4274921524534170958, 0.3254644610524741744, 0.5551181102372193532 ) ) ;
#5421 = DIRECTION ( 'NONE',  ( 1.685446266610458883E-16, 8.326672684688672821E-17, -1.000000000000000000 ) ) ;
#5422 = DIRECTION ( 'NONE',  ( 0.000000000000000000, 0.000000000000000000, -1.000000000000000000 ) ) ;
#5423 = AXIS2_PLACEMENT_3D ( 'NONE', #2337, #1045, #6362 ) ;
#5424 = VECTOR ( 'NONE', #6180, 39.37007874015748143 ) ;
#5425 = ORIENTED_EDGE ( 'NONE', *, *, #5501, .F. ) ;
#5426 = DIRECTION ( 'NONE',  ( -1.685446266610458883E-16, -8.326672684688672821E-17, 1.000000000000000000 ) ) ;
#5427 = EDGE_CURVE ( 'NONE', #3154, #3753, #4123, .T. ) ;
#5428 = ADVANCED_FACE ( 'NONE', ( #4089 ), #6642, .F. ) ;
#5429 = DIRECTION ( 'NONE',  ( 5.055354680658658014E-14, -1.734723475977035549E-14, 1.000000000000000000 ) ) ;
#5430 = CIRCLE ( 'NONE', #3474, 0.007874015748031516770 ) ;
#5431 = DIRECTION ( 'NONE',  ( 1.000000000000000000, 0.000000000000000000, 0.000000000000000000 ) ) ;
#5432 = CARTESIAN_POINT ( 'NONE',  ( 0.07644485542059896444, -0.2808347515459508892, -0.04724409448718972643 ) ) ;
#5433 = ADVANCED_FACE ( 'NONE', ( #5877 ), #3621, .T. ) ;
#5434 = CARTESIAN_POINT ( 'NONE',  ( -0.3330039634770389778, 0.03018887050129322527, -0.03543307086514277393 ) ) ;
#5435 = FACE_OUTER_BOUND ( 'NONE', #1456, .T. ) ;
#5436 = ORIENTED_EDGE ( 'NONE', *, *, #1183, .F. ) ;
#5437 = ORIENTED_EDGE ( 'NONE', *, *, #7473, .T. ) ;
#5438 = CIRCLE ( 'NONE', #6890, 0.03740157480314958843 ) ;
#5439 = LINE ( 'NONE', #882, #1560 ) ;
#5440 = ORIENTED_EDGE ( 'NONE', *, *, #6679, .T. ) ;
#5441 = EDGE_CURVE ( 'NONE', #7156, #5565, #1334, .T. ) ;
#5442 = DIRECTION ( 'NONE',  ( 0.000000000000000000, -1.000000000000000000, 0.000000000000000000 ) ) ;
#5443 = DIRECTION ( 'NONE',  ( 0.000000000000000000, 0.000000000000000000, 1.000000000000000000 ) ) ;
#5444 = VERTEX_POINT ( 'NONE', #3541 ) ;
#5445 = ORIENTED_EDGE ( 'NONE', *, *, #834, .F. ) ;
#5446 = CARTESIAN_POINT ( 'NONE',  ( -0.2989593847435897955, -0.1548504995774468984, 0.06489951908702239203 ) ) ;
#5447 = ADVANCED_FACE ( 'NONE', ( #5339 ), #71, .F. ) ;
#5448 = DIRECTION ( 'NONE',  ( 1.685446266610458883E-16, 8.326672684688672821E-17, -1.000000000000000000 ) ) ;
#5449 = ORIENTED_EDGE ( 'NONE', *, *, #1461, .T. ) ;
#5450 = ORIENTED_EDGE ( 'NONE', *, *, #1763, .T. ) ;
#5451 = ORIENTED_EDGE ( 'NONE', *, *, #2907, .T. ) ;
#5452 = ORIENTED_EDGE ( 'NONE', *, *, #6367, .F. ) ;
#5453 = ORIENTED_EDGE ( 'NONE', *, *, #766, .T. ) ;
#5454 = DIRECTION ( 'NONE',  ( 0.000000000000000000, 0.000000000000000000, -1.000000000000000000 ) ) ;
#5455 = FACE_BOUND ( 'NONE', #1301, .T. ) ;
#5456 = DIRECTION ( 'NONE',  ( 1.685446266610458883E-16, 8.326672684688672821E-17, -1.000000000000000000 ) ) ;
#5457 = CARTESIAN_POINT ( 'NONE',  ( 0.1984920995150868950, 0.2388502878241278438, -0.02362204724309518653 ) ) ;
#5458 = CARTESIAN_POINT ( 'NONE',  ( -0.2995393965479051790, 0.1994802090839704334, 0.01968503937107770121 ) ) ;
#5459 = CARTESIAN_POINT ( 'NONE',  ( -0.3487519949731019420, 0.000000000000000000, -0.2283464566919144179 ) ) ;
#5460 = EDGE_LOOP ( 'NONE', ( #4099, #501, #327, #3299, #509 ) ) ;
#5461 = EDGE_LOOP ( 'NONE', ( #4190, #7268, #6299, #2239 ) ) ;
#5462 = DIRECTION ( 'NONE',  ( -1.000000000000000000, 0.000000000000000000, 0.000000000000000000 ) ) ;
#5463 = CARTESIAN_POINT ( 'NONE',  ( 0.1630590286489452811, -0.1765040428845335574, -0.05905511810923725485 ) ) ;
#5464 = CARTESIAN_POINT ( 'NONE',  ( -0.2109567193825508946, -0.1765040428845335851, -0.05905511810923725485 ) ) ;
#5465 = DIRECTION ( 'NONE',  ( 0.000000000000000000, 0.000000000000000000, 1.000000000000000000 ) ) ;
#5466 = CARTESIAN_POINT ( 'NONE',  ( -0.2345787666266453686, 0.2939683980603482460, 0.4133858267726524538 ) ) ;
#5467 = LINE ( 'NONE', #269, #904 ) ;
#5468 = ADVANCED_FACE ( 'NONE', ( #4202 ), #7017, .F. ) ;
#5469 = ORIENTED_EDGE ( 'NONE', *, *, #5245, .T. ) ;
#5470 = ORIENTED_EDGE ( 'NONE', *, *, #3586, .F. ) ;
#5471 = EDGE_CURVE ( 'NONE', #4678, #5297, #2455, .T. ) ;
#5472 = DIRECTION ( 'NONE',  ( 1.000000000000000000, 2.834079232620525851E-16, 1.685446266610459130E-16 ) ) ;
#5473 = VERTEX_POINT ( 'NONE', #1890 ) ;
#5474 = FACE_OUTER_BOUND ( 'NONE', #219, .T. ) ;
#5475 = LINE ( 'NONE', #1496, #1245 ) ;
#5476 = EDGE_CURVE ( 'NONE', #1527, #2394, #1326, .T. ) ;
#5477 = ADVANCED_FACE ( 'NONE', ( #3655 ), #6028, .F. ) ;
#5478 = VERTEX_POINT ( 'NONE', #5415 ) ;
#5479 = PLANE ( 'NONE',  #2528 ) ;
#5480 = VECTOR ( 'NONE', #5495, 39.37007874015748143 ) ;
#5481 = DIMENSIONAL_EXPONENTS ( 1.000000000000000000, 0.000000000000000000, 0.000000000000000000, 0.000000000000000000, 0.000000000000000000, 0.000000000000000000, 0.000000000000000000 ) ;
#5482 = CARTESIAN_POINT ( 'NONE',  ( 0.07644485542059896444, -0.2808347515459509447, -0.03740157480215075547 ) ) ;
#5483 = ORIENTED_EDGE ( 'NONE', *, *, #2684, .T. ) ;
#5484 = CARTESIAN_POINT ( 'NONE',  ( -0.2700118374927871767, 0.1758581618398758484, 0.01968503937107769428 ) ) ;
#5485 = ORIENTED_EDGE ( 'NONE', *, *, #1827, .T. ) ;
#5486 = ORIENTED_EDGE ( 'NONE', *, *, #4764, .F. ) ;
#5487 = AXIS2_PLACEMENT_3D ( 'NONE', #853, #2199, #3722 ) ;
#5488 = AXIS2_PLACEMENT_3D ( 'NONE', #1378, #6054, #4225 ) ;
#5489 = ORIENTED_EDGE ( 'NONE', *, *, #7209, .T. ) ;
#5490 = ADVANCED_FACE ( 'NONE', ( #902 ), #3810, .F. ) ;
#5491 = DIRECTION ( 'NONE',  ( -2.282530889443167515E-16, 1.000000000000000000, 0.000000000000000000 ) ) ;
#5492 = DIRECTION ( 'NONE',  ( 0.000000000000000000, -1.000000000000000000, 0.000000000000000000 ) ) ;
#5493 = VECTOR ( 'NONE', #1746, 39.37007874015748143 ) ;
#5494 = CLOSED_SHELL ( 'NONE', ( #2959, #3076, #6077, #6637, #1644, #2151 ) ) ;
#5495 = DIRECTION ( 'NONE',  ( 0.000000000000000000, 0.000000000000000000, -1.000000000000000000 ) ) ;
#5496 = CARTESIAN_POINT ( 'NONE',  ( -0.4038701052093225941, -0.1784725468215414557, 0.01968503937107765958 ) ) ;
#5497 = DIRECTION ( 'NONE',  ( -1.000000000000000000, 0.000000000000000000, 0.000000000000000000 ) ) ;
#5498 = DIRECTION ( 'NONE',  ( 0.000000000000000000, 0.000000000000000000, -1.000000000000000000 ) ) ;
#5499 = ORIENTED_EDGE ( 'NONE', *, *, #3092, .T. ) ;
#5500 = EDGE_LOOP ( 'NONE', ( #6643, #2484, #4012, #5486 ) ) ;
#5501 = EDGE_CURVE ( 'NONE', #2091, #2354, #2575, .T. ) ;
#5502 = VECTOR ( 'NONE', #4606, 39.37007874015748143 ) ;
#5503 = CYLINDRICAL_SURFACE ( 'NONE', #1544, 0.05905511811023627516 ) ;
#5504 = FACE_OUTER_BOUND ( 'NONE', #5831, .T. ) ;
#5505 = CARTESIAN_POINT ( 'NONE',  ( -0.4274921524534169293, -0.2965827830420141309, 0.5551181102372192422 ) ) ;
#5506 = DIRECTION ( 'NONE',  ( 1.000000000000000000, 0.000000000000000000, 0.000000000000000000 ) ) ;
#5507 = AXIS2_PLACEMENT_3D ( 'NONE', #876, #2589, #4250 ) ;
#5508 = LINE ( 'NONE', #4778, #1628 ) ;
#5509 = EDGE_LOOP ( 'NONE', ( #4471, #264, #4638, #7310 ) ) ;
#5510 = EDGE_LOOP ( 'NONE', ( #6572, #4075, #7373, #3007 ) ) ;
#5511 = VECTOR ( 'NONE', #5152, 39.37007874015748143 ) ;
#5512 = CARTESIAN_POINT ( 'NONE',  ( -0.3330039634770389778, -0.009181208238864266638, -0.2086614173218356572 ) ) ;
#5513 = CARTESIAN_POINT ( 'NONE',  ( -0.4196181367053855027, -0.2887087672939823713, -0.01181102362104828607 ) ) ;
#5514 = DIRECTION ( 'NONE',  ( 1.000000000000000000, 0.000000000000000000, 0.000000000000000000 ) ) ;
#5515 = CARTESIAN_POINT ( 'NONE',  ( -0.2522953020597160645, 0.000000000000000000, -0.01181102362104828607 ) ) ;
#5516 = CARTESIAN_POINT ( 'NONE',  ( -0.08103545954003095464, -0.2808347515459509447, -0.07086614173128460981 ) ) ;
#5517 = PRESENTATION_LAYER_ASSIGNMENT (  '', '', ( #4532 ) ) ;
#5518 = ORIENTED_EDGE ( 'NONE', *, *, #3761, .F. ) ;
#5519 = VERTEX_POINT ( 'NONE', #4984 ) ;
#5520 = PLANE ( 'NONE',  #6992 ) ;
#5521 = EDGE_CURVE ( 'NONE', #2853, #820, #4953, .T. ) ;
#5522 = VECTOR ( 'NONE', #4831, 39.37007874015748143 ) ;
#5523 = EDGE_CURVE ( 'NONE', #6502, #6256, #831, .T. ) ;
#5524 = CARTESIAN_POINT ( 'NONE',  ( 0.3402243829796539054, 0.1778266657768837744, -0.03543307086514277393 ) ) ;
#5525 = ADVANCED_FACE ( 'NONE', ( #7245 ), #5532, .T. ) ;
#5526 = ORIENTED_EDGE ( 'NONE', *, *, #7380, .F. ) ;
#5527 = DIRECTION ( 'NONE',  ( -1.000000000000000000, -2.834079232620525851E-16, -1.685446266610459130E-16 ) ) ;
#5528 = VERTEX_POINT ( 'NONE', #6740 ) ;
#5529 = VECTOR ( 'NONE', #956, 39.37007874015748143 ) ;
#5530 = ORIENTED_EDGE ( 'NONE', *, *, #2368, .T. ) ;
#5531 = VERTEX_POINT ( 'NONE', #7281 ) ;
#5532 = CYLINDRICAL_SURFACE ( 'NONE', #7501, 0.003937007874015724558 ) ;
#5533 = PLANE ( 'NONE',  #2995 ) ;
#5534 = VECTOR ( 'NONE', #5629, 39.37007874015748143 ) ;
#5535 = CIRCLE ( 'NONE', #2272, 0.01968503937007875723 ) ;
#5536 = EDGE_CURVE ( 'NONE', #3603, #5608, #975, .T. ) ;
#5537 = DIRECTION ( 'NONE',  ( -2.834079232620525851E-16, 1.000000000000000000, 8.326672684688667890E-17 ) ) ;
#5538 = CARTESIAN_POINT ( 'NONE',  ( -0.4196181367053856692, 0.2979054059343640426, -0.01181102362104828607 ) ) ;
#5539 = LINE ( 'NONE', #5574, #670 ) ;
#5540 = ORIENTED_EDGE ( 'NONE', *, *, #1539, .T. ) ;
#5541 = VECTOR ( 'NONE', #5426, 39.37007874015748143 ) ;
#5542 = EDGE_LOOP ( 'NONE', ( #990, #2442, #6944, #2081 ) ) ;
#5543 = FACE_OUTER_BOUND ( 'NONE', #6848, .T. ) ;
#5544 = CARTESIAN_POINT ( 'NONE',  ( -0.2522953020597160645, -0.2355591609947698117, -0.2283464566919144179 ) ) ;
#5545 = DIRECTION ( 'NONE',  ( -1.685446266610458883E-16, -8.326672684688672821E-17, 1.000000000000000000 ) ) ;
#5546 = AXIS2_PLACEMENT_3D ( 'NONE', #745, #5368, #2490 ) ;
#5547 = EDGE_CURVE ( 'NONE', #2174, #1374, #6146, .T. ) ;
#5548 = VECTOR ( 'NONE', #4539, 39.37007874015748143 ) ;
#5549 = FACE_OUTER_BOUND ( 'NONE', #3127, .T. ) ;
#5550 = EDGE_LOOP ( 'NONE', ( #2598, #698, #5051, #5002, #6685, #3806, #2540, #4944, #3628, #379, #2169, #2599, #7509, #6172, #6618, #1499, #598, #6996 ) ) ;
#5551 = VERTEX_POINT ( 'NONE', #1395 ) ;
#5552 = AXIS2_PLACEMENT_3D ( 'NONE', #3293, #2170, #422 ) ;
#5553 = CARTESIAN_POINT ( 'NONE',  ( 0.4307755640820161158, 0.3097164295564115433, -0.07086614173128448491 ) ) ;
#5554 = DIRECTION ( 'NONE',  ( 0.000000000000000000, 1.000000000000000000, 0.000000000000000000 ) ) ;
#5555 = LINE ( 'NONE', #1605, #2142 ) ;
#5556 = CARTESIAN_POINT ( 'NONE',  ( -0.3290669556030233478, 0.08924398861152943452, -0.05905511810923725485 ) ) ;
#5557 = FACE_OUTER_BOUND ( 'NONE', #5674, .T. ) ;
#5558 = ORIENTED_EDGE ( 'NONE', *, *, #797, .T. ) ;
#5559 = ORIENTED_EDGE ( 'NONE', *, *, #4122, .F. ) ;
#5560 = PRESENTATION_STYLE_ASSIGNMENT (( #3232 ) ) ;
#5561 = CARTESIAN_POINT ( 'NONE',  ( -0.3487519949731019420, 0.03018887050129322527, -0.03543307086514277393 ) ) ;
#5562 = DIRECTION ( 'NONE',  ( -1.000000000000000000, 1.734723475976808475E-15, 0.000000000000000000 ) ) ;
#5563 = ORIENTED_EDGE ( 'NONE', *, *, #6317, .F. ) ;
#5564 = ADVANCED_FACE ( 'NONE', ( #7317 ), #6104, .T. ) ;
#5565 = VERTEX_POINT ( 'NONE', #3697 ) ;
#5566 = EDGE_CURVE ( 'NONE', #6520, #2312, #4211, .T. ) ;
#5567 = ORIENTED_EDGE ( 'NONE', *, *, #4543, .T. ) ;
#5568 = DIRECTION ( 'NONE',  ( 1.685446266610458883E-16, 8.326672684688672821E-17, -1.000000000000000000 ) ) ;
#5569 = LINE ( 'NONE', #2153, #6633 ) ;
#5570 = EDGE_CURVE ( 'NONE', #3118, #552, #1668, .T. ) ;
#5571 = DIRECTION ( 'NONE',  ( 1.000000000000000000, 0.000000000000000000, 0.000000000000000000 ) ) ;
#5572 = CARTESIAN_POINT ( 'NONE',  ( -0.4196181367053855027, -0.2768977436719350926, -0.03149606299112701902 ) ) ;
#5573 = DIRECTION ( 'NONE',  ( -3.701697761654499067E-15, -3.701697761654389416E-15, 1.000000000000000000 ) ) ;
#5574 = CARTESIAN_POINT ( 'NONE',  ( 0.1866810758930398662, 0.3097164295564113212, -0.01181102362104828607 ) ) ;
#5575 = ORIENTED_EDGE ( 'NONE', *, *, #7007, .F. ) ;
#5576 = EDGE_CURVE ( 'NONE', #3374, #6909, #2647, .T. ) ;
#5577 = ORIENTED_EDGE ( 'NONE', *, *, #5585, .T. ) ;
#5578 = CARTESIAN_POINT ( 'NONE',  ( -0.3290669556030233478, 0.1778266657768837744, -0.05905511810923725485 ) ) ;
#5579 = EDGE_CURVE ( 'NONE', #4667, #2970, #4381, .T. ) ;
#5580 = DIRECTION ( 'NONE',  ( 1.000000000000000000, 0.000000000000000000, 0.000000000000000000 ) ) ;
#5581 = LINE ( 'NONE', #7369, #4985 ) ;
#5582 = DIRECTION ( 'NONE',  ( -1.000000000000000000, 0.000000000000000000, 0.000000000000000000 ) ) ;
#5583 = ORIENTED_EDGE ( 'NONE', *, *, #4018, .T. ) ;
#5584 = EDGE_LOOP ( 'NONE', ( #428, #391, #3160, #4046 ) ) ;
#5585 = EDGE_CURVE ( 'NONE', #900, #4789, #3242, .T. ) ;
#5586 = CARTESIAN_POINT ( 'NONE',  ( -0.3487519949731019420, 0.03018887050129322527, -0.02362204724309532183 ) ) ;
#5587 = PLANE ( 'NONE',  #4275 ) ;
#5588 = CARTESIAN_POINT ( 'NONE',  ( -0.2247362469416058217, -0.2257166413097304591, -0.01181102362104827740 ) ) ;
#5589 = DIRECTION ( 'NONE',  ( 1.000000000000000000, 0.000000000000000000, 0.000000000000000000 ) ) ;
#5590 = ORIENTED_EDGE ( 'NONE', *, *, #5849, .F. ) ;
#5591 = ORIENTED_EDGE ( 'NONE', *, *, #5235, .F. ) ;
#5592 = CARTESIAN_POINT ( 'NONE',  ( -0.1952086878864877084, -0.2729607357979195181, 0.4133858267726523983 ) ) ;
#5593 = CARTESIAN_POINT ( 'NONE',  ( 0.1433739892788666870, -0.2729607357979192406, 0.08267716535532959599 ) ) ;
#5594 = FACE_OUTER_BOUND ( 'NONE', #3759, .T. ) ;
#5595 = ORIENTED_EDGE ( 'NONE', *, *, #6807, .T. ) ;
#5596 = ORIENTED_EDGE ( 'NONE', *, *, #1254, .F. ) ;
#5597 = VERTEX_POINT ( 'NONE', #7167 ) ;
#5598 = ORIENTED_EDGE ( 'NONE', *, *, #5706, .F. ) ;
#5599 = LINE ( 'NONE', #6778, #2750 ) ;
#5600 = AXIS2_PLACEMENT_3D ( 'NONE', #3861, #3935, #6118 ) ;
#5601 = CARTESIAN_POINT ( 'NONE',  ( -0.2719803414297948807, 0.000000000000000000, -0.2283464566919144179 ) ) ;
#5602 = ADVANCED_FACE ( 'NONE', ( #363 ), #1999, .F. ) ;
#5603 = FACE_OUTER_BOUND ( 'NONE', #3694, .T. ) ;
#5604 = LINE ( 'NONE', #6110, #5046 ) ;
#5605 = CIRCLE ( 'NONE', #3896, 0.007874015748031516770 ) ;
#5606 = DIRECTION ( 'NONE',  ( -1.000000000000000000, -1.983724587533855523E-16, -1.685446266610459130E-16 ) ) ;
#5607 = CARTESIAN_POINT ( 'NONE',  ( 0.1630590286489452811, 0.1975117051469625351, -0.03543307086514277393 ) ) ;
#5608 = VERTEX_POINT ( 'NONE', #1963 ) ;
#5609 = VERTEX_POINT ( 'NONE', #4272 ) ;
#5610 = DIRECTION ( 'NONE',  ( -1.000000000000000000, -2.834079232620525851E-16, -1.685446266610459130E-16 ) ) ;
#5611 = TOROIDAL_SURFACE ( 'NONE', #1007, 0.03740157480314958843, 0.007874015748031506362 ) ;
#5612 = ADVANCED_FACE ( 'NONE', ( #6593 ), #4938, .F. ) ;
#5613 = LINE ( 'NONE', #4001, #73 ) ;
#5614 = ADVANCED_FACE ( 'NONE', ( #6850 ), #7356, .F. ) ;
#5615 = LINE ( 'NONE', #3360, #4755 ) ;
#5616 = DIRECTION ( 'NONE',  ( 1.000000000000000000, 0.000000000000000000, 0.000000000000000000 ) ) ;
#5617 = ORIENTED_EDGE ( 'NONE', *, *, #419, .F. ) ;
#5618 = AXIS2_PLACEMENT_3D ( 'NONE', #644, #5883, #4614 ) ;
#5619 = EDGE_LOOP ( 'NONE', ( #3635, #5270, #6918, #1911 ) ) ;
#5620 = VECTOR ( 'NONE', #2319, 39.37007874015748143 ) ;
#5621 = CARTESIAN_POINT ( 'NONE',  ( -0.3576533390132011214, 0.01050383113121416100, 0.4881889763798252235 ) ) ;
#5622 = CIRCLE ( 'NONE', #1749, 0.03740157480314965088 ) ;
#5623 = DIRECTION ( 'NONE',  ( -1.000000000000000000, 8.673617379884033007E-17, 0.000000000000000000 ) ) ;
#5624 = DIRECTION ( 'NONE',  ( 1.000000000000000000, 2.834079232620525851E-16, 1.685446266610459130E-16 ) ) ;
#5625 = CARTESIAN_POINT ( 'NONE',  ( -0.4156811288313700392, 0.3000651662227171723, -0.03543307086514277393 ) ) ;
#5626 = EDGE_CURVE ( 'NONE', #5867, #3836, #6930, .T. ) ;
#5627 = ORIENTED_EDGE ( 'NONE', *, *, #5397, .F. ) ;
#5628 = AXIS2_PLACEMENT_3D ( 'NONE', #7498, #1188, #2321 ) ;
#5629 = DIRECTION ( 'NONE',  ( -1.685446266610458883E-16, -8.326672684688672821E-17, 1.000000000000000000 ) ) ;
#5630 = CIRCLE ( 'NONE', #4897, 0.01427165354330715494 ) ;
#5631 = CARTESIAN_POINT ( 'NONE',  ( -0.2896968768628658819, 0.1891455634146789744, 0.06692913385926668735 ) ) ;
#5632 = EDGE_CURVE ( 'NONE', #5146, #6310, #4693, .T. ) ;
#5633 = ORIENTED_EDGE ( 'NONE', *, *, #703, .T. ) ;
#5634 =( NAMED_UNIT ( * ) PLANE_ANGLE_UNIT ( ) SI_UNIT ( $, .RADIAN. ) );
#5635 = VERTEX_POINT ( 'NONE', #6247 ) ;
#5636 = EDGE_LOOP ( 'NONE', ( #5034, #6929, #1137, #1683 ) ) ;
#5637 = ORIENTED_EDGE ( 'NONE', *, *, #3520, .T. ) ;
#5638 = DIRECTION ( 'NONE',  ( -1.000000000000000000, 0.000000000000000000, 0.000000000000000000 ) ) ;
#5639 = CIRCLE ( 'NONE', #67, 0.04921259842519682542 ) ;
#5640 = CARTESIAN_POINT ( 'NONE',  ( -0.3487519949731019420, 0.03018887050129322527, -0.02362204724309532183 ) ) ;
#5641 = LINE ( 'NONE', #3669, #4824 ) ;
#5642 = LINE ( 'NONE', #1476, #1664 ) ;
#5643 = AXIS2_PLACEMENT_3D ( 'NONE', #510, #6894, #2814 ) ;
#5644 = PLANE ( 'NONE',  #3785 ) ;
#5645 = DIRECTION ( 'NONE',  ( -2.617448175331444441E-16, 0.3713906763541014455, 0.9284766908852601919 ) ) ;
#5646 = ORIENTED_EDGE ( 'NONE', *, *, #6790, .F. ) ;
#5647 = ORIENTED_EDGE ( 'NONE', *, *, #6127, .F. ) ;
#5648 = DIRECTION ( 'NONE',  ( 1.685446266610458883E-16, 8.326672684688672821E-17, -1.000000000000000000 ) ) ;
#5649 = DIRECTION ( 'NONE',  ( 0.000000000000000000, 1.000000000000000000, 0.000000000000000000 ) ) ;
#5650 = AXIS2_PLACEMENT_3D ( 'NONE', #3607, #4185, #2525 ) ;
#5651 = CARTESIAN_POINT ( 'NONE',  ( -0.4196181367053853917, -0.1784725468215416222, 0.1929133858277703450 ) ) ;
#5652 = PLANE ( 'NONE',  #1752 ) ;
#5653 = VECTOR ( 'NONE', #7459, 39.37007874015748143 ) ;
#5654 = TOROIDAL_SURFACE ( 'NONE', #931, 0.03740157480314958843, 0.007874015748031506362 ) ;
#5655 = ORIENTED_EDGE ( 'NONE', *, *, #1514, .T. ) ;
#5656 = EDGE_LOOP ( 'NONE', ( #7238, #511, #3490, #1227 ) ) ;
#5657 = EDGE_CURVE ( 'NONE', #2913, #1105, #1554, .T. ) ;
#5658 = EDGE_CURVE ( 'NONE', #6793, #3839, #1116, .T. ) ;
#5659 = CARTESIAN_POINT ( 'NONE',  ( -0.4038701052093225385, -0.2729607357979194071, 0.07480314960729816942 ) ) ;
#5660 = VECTOR ( 'NONE', #180, 39.37007874015748143 ) ;
#5661 = CONICAL_SURFACE ( 'NONE', #6518, 0.04921259842498203890, 0.8760580504677332181 ) ;
#5662 = CARTESIAN_POINT ( 'NONE',  ( -0.006232309933731926092, 0.01050383113121446804, -0.01181102362104828607 ) ) ;
#5663 = CARTESIAN_POINT ( 'NONE',  ( -0.1952086878864878472, 0.2939683980603482460, 0.5314960629931247960 ) ) ;
#5664 = CARTESIAN_POINT ( 'NONE',  ( -0.4099959144794345645, 0.3057794216823956912, -0.03543307086514277393 ) ) ;
#5665 = ORIENTED_EDGE ( 'NONE', *, *, #276, .F. ) ;
#5666 = CIRCLE ( 'NONE', #2397, 0.01181102362204724046 ) ;
#5667 = AXIS2_PLACEMENT_3D ( 'NONE', #3132, #7206, #330 ) ;
#5668 = ORIENTED_EDGE ( 'NONE', *, *, #3482, .F. ) ;
#5669 = FACE_OUTER_BOUND ( 'NONE', #4598, .T. ) ;
#5670 = DIRECTION ( 'NONE',  ( -1.000000000000000000, 0.000000000000000000, 0.000000000000000000 ) ) ;
#5671 = EDGE_CURVE ( 'NONE', #901, #6510, #3348, .T. ) ;
#5672 = VECTOR ( 'NONE', #4702, 39.37007874015748143 ) ;
#5673 = LINE ( 'NONE', #2253, #5113 ) ;
#5674 = EDGE_LOOP ( 'NONE', ( #830, #4968, #4564, #5677 ) ) ;
#5675 = DIRECTION ( 'NONE',  ( -1.000000000000000000, 0.000000000000000000, 0.000000000000000000 ) ) ;
#5676 = ORIENTED_EDGE ( 'NONE', *, *, #1777, .F. ) ;
#5677 = ORIENTED_EDGE ( 'NONE', *, *, #4862, .F. ) ;
#5678 = CARTESIAN_POINT ( 'NONE',  ( -0.4078071130833384461, 0.2979054059343640426, 0.07086614173328242838 ) ) ;
#5679 = CARTESIAN_POINT ( 'NONE',  ( -0.4274921524534170958, 0.3175904453044426368, 0.5551181102372193532 ) ) ;
#5680 = ADVANCED_FACE ( 'NONE', ( #6318 ), #7395, .T. ) ;
#5681 =( NAMED_UNIT ( * ) SI_UNIT ( $, .STERADIAN. ) SOLID_ANGLE_UNIT ( ) );
#5682 = CARTESIAN_POINT ( 'NONE',  ( 0.000000000000000000, 0.000000000000000000, -0.01181102362104828607 ) ) ;
#5683 = CARTESIAN_POINT ( 'NONE',  ( 0.07644485542059889505, -0.2887087672939823713, -0.02952755905411930462 ) ) ;
#5684 = LINE ( 'NONE', #5031, #3300 ) ;
#5685 = CARTESIAN_POINT ( 'NONE',  ( 4.109243915402511422E-16, 0.2368817838871195292, -0.01181102362104828607 ) ) ;
#5686 = EDGE_LOOP ( 'NONE', ( #406, #2229, #5904, #3690, #4857, #6008, #6430, #4542, #7031, #2560, #4144, #630 ) ) ;
#5687 = ORIENTED_EDGE ( 'NONE', *, *, #1818, .T. ) ;
#5688 = LINE ( 'NONE', #487, #6885 ) ;
#5689 = CARTESIAN_POINT ( 'NONE',  ( 0.1433739892788664927, -0.1765040428845335851, -0.03543307086514277393 ) ) ;
#5690 = CARTESIAN_POINT ( 'NONE',  ( -0.3290669556030233478, 0.1778266657768837744, -0.03543307086514277393 ) ) ;
#5691 = CARTESIAN_POINT ( 'NONE',  ( -0.4196181367053856692, 0.1994802090839704611, 0.1771653543317075752 ) ) ;
#5692 = DIRECTION ( 'NONE',  ( 1.685446266610458883E-16, 8.326672684688672821E-17, -1.000000000000000000 ) ) ;
#5693 = ORIENTED_EDGE ( 'NONE', *, *, #199, .T. ) ;
#5694 = ORIENTED_EDGE ( 'NONE', *, *, #1113, .F. ) ;
#5695 = LINE ( 'NONE', #2203, #951 ) ;
#5696 = DIRECTION ( 'NONE',  ( -1.000000000000000000, 0.000000000000000000, 0.000000000000000000 ) ) ;
#5697 = DIRECTION ( 'NONE',  ( -1.685446266610458883E-16, -8.326672684688672821E-17, 1.000000000000000000 ) ) ;
#5698 = ADVANCED_FACE ( 'NONE', ( #2260 ), #4038, .T. ) ;
#5699 = FACE_OUTER_BOUND ( 'NONE', #2529, .T. ) ;
#5700 = ORIENTED_EDGE ( 'NONE', *, *, #3586, .T. ) ;
#5701 = EDGE_CURVE ( 'NONE', #1792, #1498, #554, .T. ) ;
#5702 = ORIENTED_EDGE ( 'NONE', *, *, #986, .F. ) ;
#5703 = DIRECTION ( 'NONE',  ( -1.000000000000000000, 0.000000000000000000, 0.000000000000000000 ) ) ;
#5704 = CARTESIAN_POINT ( 'NONE',  ( -0.1912716800124721617, 0.2270392642020806762, -0.05905511810923725485 ) ) ;
#5705 = EDGE_CURVE ( 'NONE', #2798, #5473, #4461, .T. ) ;
#5706 = EDGE_CURVE ( 'NONE', #3731, #271, #5599, .T. ) ;
#5707 = LINE ( 'NONE', #508, #3901 ) ;
#5708 = ORIENTED_EDGE ( 'NONE', *, *, #7194, .T. ) ;
#5709 = CARTESIAN_POINT ( 'NONE',  ( 0.2496732018772917228, -0.2454016806798090533, -0.01181102362104828087 ) ) ;
#5710 = EDGE_CURVE ( 'NONE', #3316, #563, #7003, .T. ) ;
#5711 = ORIENTED_EDGE ( 'NONE', *, *, #2509, .F. ) ;
#5712 = ORIENTED_EDGE ( 'NONE', *, *, #6584, .T. ) ;
#5713 = CARTESIAN_POINT ( 'NONE',  ( -0.002295302059716208473, 0.05971642955619633347, 0.5610236220487371250 ) ) ;
#5714 = CARTESIAN_POINT ( 'NONE',  ( 0.4150275325859532627, -0.2040630980026434949, -0.09055118110136325948 ) ) ;
#5715 = APPLICATION_PROTOCOL_DEFINITION ( 'draft international standard', 'automotive_design', 1998, #7051 ) ;
#5716 = LINE ( 'NONE', #5140, #5380 ) ;
#5717 = CARTESIAN_POINT ( 'NONE',  ( 0.1630590286489452811, -0.1568190035144548522, -0.05905511810923725485 ) ) ;
#5718 = DIRECTION ( 'NONE',  ( -2.617448175331456767E-16, 0.3713906763541069966, 0.9284766908852579714 ) ) ;
#5719 = ADVANCED_FACE ( 'NONE', ( #5096 ), #1586, .F. ) ;
#5720 = ORIENTED_EDGE ( 'NONE', *, *, #4045, .T. ) ;
#5721 = ORIENTED_EDGE ( 'NONE', *, *, #5501, .T. ) ;
#5722 = DIRECTION ( 'NONE',  ( -2.282530889443167515E-16, 1.000000000000000000, 0.000000000000000000 ) ) ;
#5723 = AXIS2_PLACEMENT_3D ( 'NONE', #1656, #3965, #4604 ) ;
#5724 = PLANE ( 'NONE',  #2103 ) ;
#5725 = CARTESIAN_POINT ( 'NONE',  ( 0.1984920995150870338, -0.2335906570577618857, -0.03543307086514277393 ) ) ;
#5726 = DIRECTION ( 'NONE',  ( 0.000000000000000000, 0.000000000000000000, -1.000000000000000000 ) ) ;
#5727 = EDGE_CURVE ( 'NONE', #6588, #3876, #4600, .T. ) ;
#5728 = VERTEX_POINT ( 'NONE', #1690 ) ;
#5729 = ORIENTED_EDGE ( 'NONE', *, *, #182, .T. ) ;
#5730 = VECTOR ( 'NONE', #2778, 39.37007874015748143 ) ;
#5731 = DIRECTION ( 'NONE',  ( -2.834079232620525851E-16, 1.000000000000000000, 8.326672684688667890E-17 ) ) ;
#5732 = LINE ( 'NONE', #3983, #7098 ) ;
#5733 = CARTESIAN_POINT ( 'NONE',  ( -0.4196181367053856692, -0.1312284523333524244, 0.1771653543317075752 ) ) ;
#5734 = CARTESIAN_POINT ( 'NONE',  ( 0.2398306821922523424, 0.01050383113121446804, -0.03543307086514277393 ) ) ;
#5735 = VECTOR ( 'NONE', #6746, 39.37007874015748143 ) ;
#5736 = CIRCLE ( 'NONE', #2469, 0.003937007874015724558 ) ;
#5737 = DIRECTION ( 'NONE',  ( 1.000000000000000000, 0.000000000000000000, 0.000000000000000000 ) ) ;
#5738 = VERTEX_POINT ( 'NONE', #513 ) ;
#5739 = VERTEX_POINT ( 'NONE', #397 ) ;
#5740 = ORIENTED_EDGE ( 'NONE', *, *, #7147, .F. ) ;
#5741 = DIRECTION ( 'NONE',  ( -1.000000000000000000, 0.000000000000000000, 0.000000000000000000 ) ) ;
#5742 = ADVANCED_FACE ( 'NONE', ( #5135 ), #6208, .T. ) ;
#5743 = AXIS2_PLACEMENT_3D ( 'NONE', #5258, #4646, #65 ) ;
#5744 = DIRECTION ( 'NONE',  ( 1.000000000000000000, 2.834079232620525851E-16, 1.685446266610459130E-16 ) ) ;
#5745 = ADVANCED_FACE ( 'NONE', ( #2746 ), #5065, .T. ) ;
#5746 = CARTESIAN_POINT ( 'NONE',  ( -0.3487519949731019420, -0.009181208238864266638, -0.2086614173218356572 ) ) ;
#5747 = VECTOR ( 'NONE', #492, 39.37007874015748143 ) ;
#5748 = EDGE_LOOP ( 'NONE', ( #3918, #3637, #870, #2418 ) ) ;
#5749 = DIRECTION ( 'NONE',  ( 0.000000000000000000, -0.000000000000000000, -1.000000000000000000 ) ) ;
#5750 = ORIENTED_EDGE ( 'NONE', *, *, #6893, .F. ) ;
#5751 = EDGE_LOOP ( 'NONE', ( #4296, #1910, #2709, #1940 ) ) ;
#5752 = CARTESIAN_POINT ( 'NONE',  ( 0.07644485542059849259, 0.3097164295564112657, 1.578189432169841311 ) ) ;
#5753 = EDGE_CURVE ( 'NONE', #6502, #2354, #710, .T. ) ;
#5754 = EDGE_CURVE ( 'NONE', #6194, #3084, #7359, .T. ) ;
#5755 = DIRECTION ( 'NONE',  ( -1.000000000000000000, 0.000000000000000000, 0.000000000000000000 ) ) ;
#5756 = VECTOR ( 'NONE', #3171, 39.37007874015748143 ) ;
#5757 = CARTESIAN_POINT ( 'NONE',  ( -0.4038701052093225385, -0.1784725468215414557, 0.07480314960729816942 ) ) ;
#5758 = DIRECTION ( 'NONE',  ( 0.000000000000000000, 0.000000000000000000, -1.000000000000000000 ) ) ;
#5759 = CARTESIAN_POINT ( 'NONE',  ( 0.4307755640820163379, -0.2887087672939823157, -0.07086614173128448491 ) ) ;
#5760 = CARTESIAN_POINT ( 'NONE',  ( -0.1952086878864877084, -0.2335906570577620522, 0.4251968503946995659 ) ) ;
#5761 = CARTESIAN_POINT ( 'NONE',  ( -0.3015079004849131050, 0.08924398861152943452, -0.03543307086514277393 ) ) ;
#5762 = ORIENTED_EDGE ( 'NONE', *, *, #3375, .F. ) ;
#5763 = ORIENTED_EDGE ( 'NONE', *, *, #7166, .F. ) ;
#5764 = LINE ( 'NONE', #6220, #4805 ) ;
#5765 = FACE_OUTER_BOUND ( 'NONE', #5748, .T. ) ;
#5766 = ADVANCED_FACE ( 'NONE', ( #4148 ), #4196, .T. ) ;
#5767 = FACE_OUTER_BOUND ( 'NONE', #1540, .T. ) ;
#5768 = CARTESIAN_POINT ( 'NONE',  ( 0.000000000000000000, 0.000000000000000000, -0.01181102362104828607 ) ) ;
#5769 = CARTESIAN_POINT ( 'NONE',  ( 0.3992795010898901875, 0.2939683980603485236, 0.07480314960729816942 ) ) ;
#5770 = VERTEX_POINT ( 'NONE', #5329 ) ;
#5771 = EDGE_LOOP ( 'NONE', ( #3044, #5287, #6840, #7244 ) ) ;
#5772 = AXIS2_PLACEMENT_3D ( 'NONE', #2301, #5834, #2339 ) ;
#5773 = CARTESIAN_POINT ( 'NONE',  ( -0.2804378489421850973, 0.1758581618398758484, 0.06490471395058157456 ) ) ;
#5774 = ADVANCED_FACE ( 'NONE', ( #7039 ), #223, .T. ) ;
#5775 = CARTESIAN_POINT ( 'NONE',  ( -0.08103545954003116281, 0.3097164295564113212, -0.07086614173128460981 ) ) ;
#5776 = DIRECTION ( 'NONE',  ( 2.834079232620525851E-16, -1.000000000000000000, -8.326672684688667890E-17 ) ) ;
#5777 = AXIS2_PLACEMENT_3D ( 'NONE', #742, #6515, #2411 ) ;
#5778 = CARTESIAN_POINT ( 'NONE',  ( 0.4229015483339846893, -0.2965827830420139644, 0.5629921259852509463 ) ) ;
#5779 = VECTOR ( 'NONE', #5161, 39.37007874015748143 ) ;
#5780 = DIRECTION ( 'NONE',  ( -2.282530889443167515E-16, 1.000000000000000000, 0.000000000000000000 ) ) ;
#5781 = EDGE_LOOP ( 'NONE', ( #6954, #4981, #5970, #2492 ) ) ;
#5782 = ORIENTED_EDGE ( 'NONE', *, *, #138, .F. ) ;
#5783 = ORIENTED_EDGE ( 'NONE', *, *, #2558, .T. ) ;
#5784 = AXIS2_PLACEMENT_3D ( 'NONE', #1964, #7018, #3506 ) ;
#5785 = AXIS2_PLACEMENT_3D ( 'NONE', #451, #1595, #5192 ) ;
#5786 = CARTESIAN_POINT ( 'NONE',  ( -0.002295302059716200667, 0.05774792561940327723, 0.5295275590561169254 ) ) ;
#5787 = CARTESIAN_POINT ( 'NONE',  ( -0.2345787666266453686, 0.2545983193201907802, 0.5314960629931247960 ) ) ;
#5788 = CARTESIAN_POINT ( 'NONE',  ( 0.2378621782552445552, 0.2388502878241278438, -0.02362204724309518653 ) ) ;
#5789 = AXIS2_PLACEMENT_3D ( 'NONE', #6432, #5282, #3605 ) ;
#5790 = VECTOR ( 'NONE', #1044, 39.37007874015748143 ) ;
#5791 = ORIENTED_EDGE ( 'NONE', *, *, #4716, .F. ) ;
#5792 = CARTESIAN_POINT ( 'NONE',  ( 0.4307755640820163379, -0.2670552239868954070, -0.09055118110136325948 ) ) ;
#5793 = ORIENTED_EDGE ( 'NONE', *, *, #5658, .T. ) ;
#5794 = ORIENTED_EDGE ( 'NONE', *, *, #5043, .F. ) ;
#5795 = CARTESIAN_POINT ( 'NONE',  ( -0.3015079004849131050, 0.08924398861152943452, -0.05905511810923725485 ) ) ;
#5796 = DIRECTION ( 'NONE',  ( -0.000000000000000000, -1.000000000000000000, -0.000000000000000000 ) ) ;
#5797 = VECTOR ( 'NONE', #5731, 39.37007874015748143 ) ;
#5798 = VECTOR ( 'NONE', #856, 39.37007874015748143 ) ;
#5799 = DIRECTION ( 'NONE',  ( -1.000000000000000000, 0.000000000000000000, 0.000000000000000000 ) ) ;
#5800 = CARTESIAN_POINT ( 'NONE',  ( -0.2621378217447554171, 0.2467243035721593258, -0.01181102362104828260 ) ) ;
#5801 = EDGE_CURVE ( 'NONE', #3808, #5062, #5292, .T. ) ;
#5802 = EDGE_CURVE ( 'NONE', #7154, #2828, #3573, .T. ) ;
#5803 = DIRECTION ( 'NONE',  ( 1.000000000000000000, 2.834079232620525851E-16, 1.685446266610459130E-16 ) ) ;
#5804 = EDGE_LOOP ( 'NONE', ( #7271, #3758, #927, #4455, #4088, #6348, #4292, #2405, #2726, #4098, #6738, #146 ) ) ;
#5805 = EDGE_LOOP ( 'NONE', ( #6501, #6226, #7477, #31 ) ) ;
#5806 = EDGE_CURVE ( 'NONE', #438, #1981, #2139, .T. ) ;
#5807 = DIRECTION ( 'NONE',  ( 2.853163611764896357E-16, -1.000000000000000000, 0.000000000000000000 ) ) ;
#5808 = DIRECTION ( 'NONE',  ( 0.000000000000000000, 0.000000000000000000, 1.000000000000000000 ) ) ;
#5809 = CARTESIAN_POINT ( 'NONE',  ( 0.000000000000000000, -0.2355591609947698117, -0.2283464566919144179 ) ) ;
#5810 = LINE ( 'NONE', #4008, #7489 ) ;
#5811 = EDGE_CURVE ( 'NONE', #4865, #4349, #5220, .T. ) ;
#5812 = CARTESIAN_POINT ( 'NONE',  ( -0.4353661682014486334, 0.3254644610524741744, 0.5551181102372193532 ) ) ;
#5813 = DIRECTION ( 'NONE',  ( 0.000000000000000000, 0.000000000000000000, -1.000000000000000000 ) ) ;
#5814 = VERTEX_POINT ( 'NONE', #7120 ) ;
#5815 = ORIENTED_EDGE ( 'NONE', *, *, #278, .F. ) ;
#5816 = EDGE_CURVE ( 'NONE', #3741, #4031, #1235, .T. ) ;
#5817 = FACE_OUTER_BOUND ( 'NONE', #7189, .T. ) ;
#5818 = CARTESIAN_POINT ( 'NONE',  ( -0.2798543571775051197, -0.1548504995774468984, 0.06299212598532150098 ) ) ;
#5819 = LINE ( 'NONE', #1710, #1502 ) ;
#5820 = DIRECTION ( 'NONE',  ( 0.000000000000000000, 1.000000000000000000, 0.000000000000000000 ) ) ;
#5821 = CARTESIAN_POINT ( 'NONE',  ( -0.3139944078678020278, 0.07282047335462446536, 0.5629921259852508353 ) ) ;
#5822 = ORIENTED_EDGE ( 'NONE', *, *, #5208, .F. ) ;
#5823 = ORIENTED_EDGE ( 'NONE', *, *, #1161, .F. ) ;
#5824 = EDGE_CURVE ( 'NONE', #1307, #4472, #2335, .T. ) ;
#5825 = ORIENTED_EDGE ( 'NONE', *, *, #3947, .F. ) ;
#5826 = DIRECTION ( 'NONE',  ( -1.000000000000000000, 0.000000000000000000, 0.000000000000000000 ) ) ;
#5827 = CARTESIAN_POINT ( 'NONE',  ( -0.4353661682014482448, -0.1961890822546124569, -0.07086614173128460981 ) ) ;
#5828 = ORIENTED_EDGE ( 'NONE', *, *, #4996, .F. ) ;
#5829 = FACE_OUTER_BOUND ( 'NONE', #1538, .T. ) ;
#5830 = VERTEX_POINT ( 'NONE', #6403 ) ;
#5831 = EDGE_LOOP ( 'NONE', ( #864, #3611, #7070 ) ) ;
#5832 = SURFACE_STYLE_FILL_AREA ( #1156 ) ;
#5833 = PLANE ( 'NONE',  #1060 ) ;
#5834 = DIRECTION ( 'NONE',  ( 1.000000000000000000, 1.609432433473172644E-16, 1.685446266610459130E-16 ) ) ;
#5835 = DIRECTION ( 'NONE',  ( 1.000000000000000000, 0.000000000000000000, 0.000000000000000000 ) ) ;
#5836 = DIRECTION ( 'NONE',  ( 1.685446266610458883E-16, 8.326672684688672821E-17, -1.000000000000000000 ) ) ;
#5837 = DIRECTION ( 'NONE',  ( 1.000000000000000000, 2.710505431213762071E-16, 0.000000000000000000 ) ) ;
#5838 = CARTESIAN_POINT ( 'NONE',  ( -0.2818228611148343443, -0.04855128697902173773, -0.05905511810923725485 ) ) ;
#5839 = ORIENTED_EDGE ( 'NONE', *, *, #1952, .F. ) ;
#5840 = VERTEX_POINT ( 'NONE', #5795 ) ;
#5841 = CARTESIAN_POINT ( 'NONE',  ( -0.4118373858023218759, -0.2839885588268448169, -0.03543307086514278087 ) ) ;
#5842 = LINE ( 'NONE', #5992, #5907 ) ;
#5843 = CARTESIAN_POINT ( 'NONE',  ( -0.2877182678017890516, 0.1994802090839704611, 0.06692913375229117556 ) ) ;
#5844 = EDGE_CURVE ( 'NONE', #286, #2572, #6438, .T. ) ;
#5845 = DIRECTION ( 'NONE',  ( 0.000000000000000000, 0.000000000000000000, -1.000000000000000000 ) ) ;
#5846 = CARTESIAN_POINT ( 'NONE',  ( 0.3992795010898901875, 0.2939683980603485236, 0.07480314960729816942 ) ) ;
#5847 = ORIENTED_EDGE ( 'NONE', *, *, #2557, .T. ) ;
#5848 = ORIENTED_EDGE ( 'NONE', *, *, #4713, .F. ) ;
#5849 = EDGE_CURVE ( 'NONE', #371, #5403, #2488, .T. ) ;
#5850 = AXIS2_PLACEMENT_3D ( 'NONE', #489, #1092, #5107 ) ;
#5851 = EDGE_CURVE ( 'NONE', #3154, #4979, #1200, .T. ) ;
#5852 = PLANE ( 'NONE',  #2527 ) ;
#5853 = FACE_OUTER_BOUND ( 'NONE', #3767, .T. ) ;
#5854 = DIRECTION ( 'NONE',  ( -1.000000000000000000, 0.000000000000000000, 0.000000000000000000 ) ) ;
#5855 = FACE_OUTER_BOUND ( 'NONE', #6818, .T. ) ;
#5856 = FACE_OUTER_BOUND ( 'NONE', #6360, .T. ) ;
#5857 = ORIENTED_EDGE ( 'NONE', *, *, #1534, .T. ) ;
#5858 = AXIS2_PLACEMENT_3D ( 'NONE', #4787, #208, #7114 ) ;
#5859 = ORIENTED_EDGE ( 'NONE', *, *, #4825, .T. ) ;
#5860 = MANIFOLD_SOLID_BREP ( 'Combine1', #2343 ) ;
#5861 = ORIENTED_EDGE ( 'NONE', *, *, #3725, .F. ) ;
#5862 = DIRECTION ( 'NONE',  ( -1.000000000000000000, -1.609432433473172644E-16, -1.685446266610459130E-16 ) ) ;
#5863 = VECTOR ( 'NONE', #4729, 39.37007874015748143 ) ;
#5864 = EDGE_CURVE ( 'NONE', #2828, #6188, #4792, .T. ) ;
#5865 = ORIENTED_EDGE ( 'NONE', *, *, #1636, .F. ) ;
#5866 = CARTESIAN_POINT ( 'NONE',  ( 0.4229015483339844672, 0.3175904453044428588, 0.5629921259852509463 ) ) ;
#5867 = VERTEX_POINT ( 'NONE', #356 ) ;
#5868 = VECTOR ( 'NONE', #3387, 39.37007874015748143 ) ;
#5869 = EDGE_CURVE ( 'NONE', #5478, #2735, #2532, .T. ) ;
#5870 = CARTESIAN_POINT ( 'NONE',  ( -0.4196181367053856692, -0.2847717594199666302, -0.03543307086514277393 ) ) ;
#5871 = AXIS2_PLACEMENT_3D ( 'NONE', #2476, #808, #3034 ) ;
#5872 = CARTESIAN_POINT ( 'NONE',  ( -0.4038701052093223165, -0.2729607357979194071, 0.5314960629931247960 ) ) ;
#5873 = CARTESIAN_POINT ( 'NONE',  ( -0.3290669556030233478, -0.1568190035144548522, -0.05905511810923725485 ) ) ;
#5874 = LENGTH_MEASURE_WITH_UNIT ( LENGTH_MEASURE( 0.02539999999999999897 ), #4871 );
#5875 = ORIENTED_EDGE ( 'NONE', *, *, #6413, .T. ) ;
#5876 = ORIENTED_EDGE ( 'NONE', *, *, #2602, .F. ) ;
#5877 = FACE_OUTER_BOUND ( 'NONE', #1569, .T. ) ;
#5878 = AXIS2_PLACEMENT_3D ( 'NONE', #1624, #5498, #296 ) ;
#5879 = CARTESIAN_POINT ( 'NONE',  ( -0.4353661682014484668, 0.3175904453044426923, -0.07086614173128460981 ) ) ;
#5880 = CARTESIAN_POINT ( 'NONE',  ( -0.2247362469416058495, 0.2467243035721594091, -0.01968503936907978202 ) ) ;
#5881 = CARTESIAN_POINT ( 'NONE',  ( -0.2522953020597160645, 0.2565668232571987617, -0.01181102362104828607 ) ) ;
#5882 = PRESENTATION_LAYER_ASSIGNMENT (  '', '', ( #4058 ) ) ;
#5883 = DIRECTION ( 'NONE',  ( -1.000000000000000000, 0.000000000000000000, 0.000000000000000000 ) ) ;
#5884 = LINE ( 'NONE', #5846, #2830 ) ;
#5885 = EDGE_LOOP ( 'NONE', ( #2763, #6347, #4895, #3075 ) ) ;
#5886 = EDGE_LOOP ( 'NONE', ( #2942, #6798, #3858, #3978 ) ) ;
#5887 = CARTESIAN_POINT ( 'NONE',  ( -0.4353661682014484668, -0.04855128697902211243, 0.5551181102372192422 ) ) ;
#5888 = MECHANICAL_DESIGN_GEOMETRIC_PRESENTATION_REPRESENTATION (  '', ( #5398 ), #7344 ) ;
#5889 = CARTESIAN_POINT ( 'NONE',  ( -0.2345787666266453686, 0.2545983193201908357, 0.4133858267726524538 ) ) ;
#5890 = CARTESIAN_POINT ( 'NONE',  ( 0.4307755640820161158, 0.3254644610524743409, -0.09055118110136325948 ) ) ;
#5891 = CARTESIAN_POINT ( 'NONE',  ( -0.4038701052093224830, 0.2939683980603482460, 0.5393700787411563891 ) ) ;
#5892 = APPLICATION_CONTEXT ( 'automotive_design' ) ;
#5893 = DIRECTION ( 'NONE',  ( -1.685446266610458883E-16, -8.326672684688672821E-17, 1.000000000000000000 ) ) ;
#5894 = CARTESIAN_POINT ( 'NONE',  ( 0.05675981605052014128, 0.01050383113121446804, -0.01181102362104828607 ) ) ;
#5895 = EDGE_CURVE ( 'NONE', #4945, #5252, #5407, .T. ) ;
#5896 = VECTOR ( 'NONE', #6080, 39.37007874015748143 ) ;
#5897 = ORIENTED_EDGE ( 'NONE', *, *, #6865, .T. ) ;
#5898 = ORIENTED_EDGE ( 'NONE', *, *, #5521, .F. ) ;
#5899 = EDGE_CURVE ( 'NONE', #3562, #4754, #7191, .T. ) ;
#5900 = ORIENTED_EDGE ( 'NONE', *, *, #2878, .T. ) ;
#5901 = FACE_OUTER_BOUND ( 'NONE', #6872, .T. ) ;
#5902 = VECTOR ( 'NONE', #5213, 39.37007874015748143 ) ;
#5903 = CARTESIAN_POINT ( 'NONE',  ( 0.2378621782552445552, 0.2545983193201908357, -0.02362204724309518653 ) ) ;
#5904 = ORIENTED_EDGE ( 'NONE', *, *, #6689, .F. ) ;
#5905 = EDGE_CURVE ( 'NONE', #1879, #2618, #2765, .T. ) ;
#5906 = DIRECTION ( 'NONE',  ( 1.000000000000000000, 0.000000000000000000, 0.000000000000000000 ) ) ;
#5907 = VECTOR ( 'NONE', #5957, 39.37007874015748143 ) ;
#5908 = VECTOR ( 'NONE', #5893, 39.37007874015748143 ) ;
#5909 = ORIENTED_EDGE ( 'NONE', *, *, #6722, .F. ) ;
#5910 = EDGE_CURVE ( 'NONE', #7214, #6058, #6620, .T. ) ;
#5911 = DIRECTION ( 'NONE',  ( -0.000000000000000000, -1.000000000000000000, -0.000000000000000000 ) ) ;
#5912 = VECTOR ( 'NONE', #6707, 39.37007874015748143 ) ;
#5913 = LINE ( 'NONE', #6366, #560 ) ;
#5914 = AXIS2_PLACEMENT_3D ( 'NONE', #905, #6185, #2156 ) ;
#5915 = DIRECTION ( 'NONE',  ( -1.000000000000000000, -2.834079232620525851E-16, -1.685446266610459130E-16 ) ) ;
#5916 = EDGE_LOOP ( 'NONE', ( #1042, #1470, #6315, #1847 ) ) ;
#5917 = CARTESIAN_POINT ( 'NONE',  ( -0.3881220737132595744, -0.1548504995774468984, 0.1771653543317075752 ) ) ;
#5918 = ORIENTED_EDGE ( 'NONE', *, *, #725, .F. ) ;
#5919 = AXIS2_PLACEMENT_3D ( 'NONE', #5621, #4473, #495 ) ;
#5920 = VERTEX_POINT ( 'NONE', #6135 ) ;
#5921 = EDGE_CURVE ( 'NONE', #5984, #4366, #6695, .T. ) ;
#5922 = CARTESIAN_POINT ( 'NONE',  ( -0.4156811288313697617, -0.2790865450680299342, -0.03543307086514277393 ) ) ;
#5923 = VECTOR ( 'NONE', #1848, 39.37007874015748143 ) ;
#5924 = LINE ( 'NONE', #3022, #1790 ) ;
#5925 = CARTESIAN_POINT ( 'NONE',  ( -0.4196181367053856692, -0.1312284523333524244, 0.07480314960729816942 ) ) ;
#5926 = DIRECTION ( 'NONE',  ( 0.000000000000000000, 0.000000000000000000, 1.000000000000000000 ) ) ;
#5927 = CARTESIAN_POINT ( 'NONE',  ( -0.002295302059716194162, -0.03674026335697466727, 0.5177165354340697023 ) ) ;
#5928 = LINE ( 'NONE', #5346, #1396 ) ;
#5929 = ORIENTED_EDGE ( 'NONE', *, *, #5536, .T. ) ;
#5930 = DIRECTION ( 'NONE',  ( 0.000000000000000000, 0.000000000000000000, 1.000000000000000000 ) ) ;
#5931 = CARTESIAN_POINT ( 'NONE',  ( -0.2829609837987573373, 0.1758581618398758761, 0.06643668101316679842 ) ) ;
#5932 = CARTESIAN_POINT ( 'NONE',  ( 0.4307755640820163379, -0.3044567987900454464, -0.07086614173128448491 ) ) ;
#5933 = CARTESIAN_POINT ( 'NONE',  ( 0.000000000000000000, 0.000000000000000000, -0.01181102362104828607 ) ) ;
#5934 = FACE_OUTER_BOUND ( 'NONE', #2270, .T. ) ;
#5935 = PLANE ( 'NONE',  #5507 ) ;
#5936 = ORIENTED_EDGE ( 'NONE', *, *, #199, .F. ) ;
#5937 = ORIENTED_EDGE ( 'NONE', *, *, #992, .F. ) ;
#5938 = CARTESIAN_POINT ( 'NONE',  ( -0.4196181367053856692, 0.2270392642020808149, -0.01181102362104828607 ) ) ;
#5939 = EDGE_CURVE ( 'NONE', #1527, #3380, #3455, .T. ) ;
#5940 = ORIENTED_EDGE ( 'NONE', *, *, #7150, .F. ) ;
#5941 = DIRECTION ( 'NONE',  ( -1.000000000000000000, 0.000000000000000000, 0.000000000000000000 ) ) ;
#5942 = ADVANCED_FACE ( 'NONE', ( #3156 ), #5479, .F. ) ;
#5943 = VERTEX_POINT ( 'NONE', #4946 ) ;
#5944 = LINE ( 'NONE', #2530, #3447 ) ;
#5945 = ORIENTED_EDGE ( 'NONE', *, *, #3329, .T. ) ;
#5946 = CARTESIAN_POINT ( 'NONE',  ( 0.4032165089639056510, 0.2979054059343638206, 0.07086614173328245614 ) ) ;
#5947 = DIRECTION ( 'NONE',  ( 0.000000000000000000, 0.000000000000000000, -1.000000000000000000 ) ) ;
#5948 = EDGE_CURVE ( 'NONE', #4168, #5531, #5409, .T. ) ;
#5949 = EDGE_CURVE ( 'NONE', #1280, #469, #2601, .T. ) ;
#5950 = DIRECTION ( 'NONE',  ( -1.000000000000000000, 0.000000000000000000, 0.000000000000000000 ) ) ;
#5951 = DIRECTION ( 'NONE',  ( 0.000000000000000000, 0.000000000000000000, 1.000000000000000000 ) ) ;
#5952 = EDGE_LOOP ( 'NONE', ( #5489, #6956 ) ) ;
#5953 = CARTESIAN_POINT ( 'NONE',  ( -0.2522953020597160645, 0.000000000000000000, -0.2283464566919144179 ) ) ;
#5954 = ORIENTED_EDGE ( 'NONE', *, *, #470, .F. ) ;
#5955 = VERTEX_POINT ( 'NONE', #6093 ) ;
#5956 = CARTESIAN_POINT ( 'NONE',  ( -0.2916653807998735859, -0.2257166413097304591, -0.03543307086514277393 ) ) ;
#5957 = DIRECTION ( 'NONE',  ( -0.000000000000000000, -0.000000000000000000, -1.000000000000000000 ) ) ;
#5958 = LINE ( 'NONE', #4240, #2336 ) ;
#5959 = CARTESIAN_POINT ( 'NONE',  ( -0.4038701052093223165, -0.1784725468215415667, 0.1929133858277703450 ) ) ;
#5960 = CARTESIAN_POINT ( 'NONE',  ( -0.08103545954003123220, 0.3018424138083798947, -0.02952755905411916931 ) ) ;
#5961 = CARTESIAN_POINT ( 'NONE',  ( -0.2109567193825508946, 0.1778266657768837744, -0.03543307086514277393 ) ) ;
#5962 = VERTEX_POINT ( 'NONE', #893 ) ;
#5963 = DIRECTION ( 'NONE',  ( 1.039229800725198729E-14, -0.9284766908852597478, -0.3713906763541026113 ) ) ;
#5964 = CARTESIAN_POINT ( 'NONE',  ( -0.2989708657248422718, -0.1784725468215414834, 0.06488392070106452358 ) ) ;
#5965 = CARTESIAN_POINT ( 'NONE',  ( -0.1912716800124721617, 0.2270392642020806762, -0.05905511810923725485 ) ) ;
#5966 = LINE ( 'NONE', #3178, #2350 ) ;
#5967 = EDGE_CURVE ( 'NONE', #4801, #177, #3195, .T. ) ;
#5968 = DIRECTION ( 'NONE',  ( 1.000000000000000000, 2.710505431213762071E-16, 0.000000000000000000 ) ) ;
#5969 = LINE ( 'NONE', #237, #3194 ) ;
#5970 = ORIENTED_EDGE ( 'NONE', *, *, #4844, .T. ) ;
#5971 = MANIFOLD_SOLID_BREP ( 'Fillet2', #5494 ) ;
#5972 = VECTOR ( 'NONE', #3974, 39.37007874015748854 ) ;
#5973 = CARTESIAN_POINT ( 'NONE',  ( 0.1433739892788665204, -0.2729607357979193516, 0.5393700787411563891 ) ) ;
#5974 = EDGE_LOOP ( 'NONE', ( #2961, #5590, #7394, #1434 ) ) ;
#5975 = DIRECTION ( 'NONE',  ( 0.000000000000000000, 0.000000000000000000, 1.000000000000000000 ) ) ;
#5976 = VECTOR ( 'NONE', #1121, 39.37007874015748143 ) ;
#5977 =( NAMED_UNIT ( * ) PLANE_ANGLE_UNIT ( ) SI_UNIT ( $, .RADIAN. ) );
#5978 = ORIENTED_EDGE ( 'NONE', *, *, #557, .T. ) ;
#5979 = DIRECTION ( 'NONE',  ( 1.000000000000000000, 2.834079232620525851E-16, 1.685446266610459130E-16 ) ) ;
#5980 = ORIENTED_EDGE ( 'NONE', *, *, #7097, .F. ) ;
#5981 = CARTESIAN_POINT ( 'NONE',  ( 0.2378621782552445552, 0.2388502878241278438, -0.03543307086514277393 ) ) ;
#5982 = VECTOR ( 'NONE', #7187, 39.37007874015748143 ) ;
#5983 = CIRCLE ( 'NONE', #3666, 0.007874015748031516770 ) ;
#5984 = VERTEX_POINT ( 'NONE', #544 ) ;
#5985 = VECTOR ( 'NONE', #654, 39.37007874015748143 ) ;
#5986 = DIRECTION ( 'NONE',  ( 0.000000000000000000, 0.7071067811865514585, -0.7071067811865433539 ) ) ;
#5987 = ADVANCED_FACE ( 'NONE', ( #3910 ), #5520, .F. ) ;
#5988 = ORIENTED_EDGE ( 'NONE', *, *, #1066, .T. ) ;
#5989 = EDGE_CURVE ( 'NONE', #6200, #3064, #4548, .T. ) ;
#5990 = ORIENTED_EDGE ( 'NONE', *, *, #648, .F. ) ;
#5991 = CARTESIAN_POINT ( 'NONE',  ( -0.4099668733716928526, -0.2847717594199665747, -0.03543307086514277393 ) ) ;
#5992 = CARTESIAN_POINT ( 'NONE',  ( 0.2713267451843782707, 0.01050383113121446804, -0.01181102362104828607 ) ) ;
#5993 = EDGE_CURVE ( 'NONE', #7305, #5609, #3407, .T. ) ;
#5994 = AXIS2_PLACEMENT_3D ( 'NONE', #996, #3297, #6880 ) ;
#5995 = CARTESIAN_POINT ( 'NONE',  ( -0.06922443591798399520, 0.01050383113121447672, -0.03543307086514277393 ) ) ;
#5996 = CARTESIAN_POINT ( 'NONE',  ( 0.2496732018772917228, -0.2454016806798090533, -0.01181102362104828607 ) ) ;
#5997 = LINE ( 'NONE', #723, #4035 ) ;
#5998 = DIRECTION ( 'NONE',  ( -0.5773502691896278405, 0.5773502691896278405, 0.5773502691896212902 ) ) ;
#5999 = VECTOR ( 'NONE', #4470, 39.37007874015748143 ) ;
#6000 = EDGE_LOOP ( 'NONE', ( #3740, #5647, #5694, #7345 ) ) ;
#6001 = FACE_OUTER_BOUND ( 'NONE', #1594, .T. ) ;
#6002 = ADVANCED_FACE ( 'NONE', ( #6843 ), #1684, .F. ) ;
#6003 = CARTESIAN_POINT ( 'NONE',  ( 0.4229015483339844672, 0.3175904453044425813, 0.5551181102372194642 ) ) ;
#6004 = AXIS2_PLACEMENT_3D ( 'NONE', #4280, #4848, #801 ) ;
#6005 = DIRECTION ( 'NONE',  ( 1.000000000000000000, -1.093247661969145867E-14, 4.654898443842378424E-15 ) ) ;
#6006 = DIRECTION ( 'NONE',  ( 2.231744692350801056E-16, -1.000000000000000000, -8.326672684688669123E-17 ) ) ;
#6007 = LINE ( 'NONE', #1909, #1992 ) ;
#6008 = ORIENTED_EDGE ( 'NONE', *, *, #911, .T. ) ;
#6009 = ORIENTED_EDGE ( 'NONE', *, *, #3601, .F. ) ;
#6010 = AXIS2_PLACEMENT_3D ( 'NONE', #1613, #56, #4521 ) ;
#6011 = ADVANCED_FACE ( 'NONE', ( #1646 ), #3338, .T. ) ;
#6012 = PLANE ( 'NONE',  #340 ) ;
#6013 = ORIENTED_EDGE ( 'NONE', *, *, #986, .T. ) ;
#6014 = DIRECTION ( 'NONE',  ( 0.000000000000000000, -1.000000000000000000, 0.000000000000000000 ) ) ;
#6015 = VECTOR ( 'NONE', #7143, 39.37007874015748143 ) ;
#6016 = LINE ( 'NONE', #2632, #4879 ) ;
#6017 = VERTEX_POINT ( 'NONE', #2176 ) ;
#6018 = EDGE_LOOP ( 'NONE', ( #5178, #6619, #3619, #2496 ) ) ;
#6019 = DIRECTION ( 'NONE',  ( 0.000000000000000000, 0.000000000000000000, 1.000000000000000000 ) ) ;
#6020 = AXIS2_PLACEMENT_3D ( 'NONE', #3125, #4835, #4374 ) ;
#6021 = DIRECTION ( 'NONE',  ( 1.000000000000000000, 2.834079232620525851E-16, 1.685446266610459130E-16 ) ) ;
#6022 = AXIS2_PLACEMENT_3D ( 'NONE', #4062, #6386, #1187 ) ;
#6023 = ORIENTED_EDGE ( 'NONE', *, *, #3112, .F. ) ;
#6024 = DIRECTION ( 'NONE',  ( 1.000000000000000000, 0.000000000000000000, 0.000000000000000000 ) ) ;
#6025 = ORIENTED_EDGE ( 'NONE', *, *, #6079, .T. ) ;
#6026 = VERTEX_POINT ( 'NONE', #1035 ) ;
#6027 = ORIENTED_EDGE ( 'NONE', *, *, #4492, .T. ) ;
#6028 = PLANE ( 'NONE',  #706 ) ;
#6029 = CARTESIAN_POINT ( 'NONE',  ( 0.4110905247119371886, 0.2979054059343640426, 0.07086614173328242838 ) ) ;
#6030 = AXIS2_PLACEMENT_3D ( 'NONE', #5420, #5382, #5308 ) ;
#6031 = ADVANCED_FACE ( 'NONE', ( #2251 ), #2736, .F. ) ;
#6032 = EDGE_CURVE ( 'NONE', #2655, #6063, #5087, .T. ) ;
#6033 = CARTESIAN_POINT ( 'NONE',  ( -0.1952086878864878472, 0.2939683980603482460, 0.4251968503946996769 ) ) ;
#6034 = DIRECTION ( 'NONE',  ( -1.685446266610458883E-16, -8.326672684688672821E-17, 1.000000000000000000 ) ) ;
#6035 = PLANE ( 'NONE',  #6107 ) ;
#6036 = DIRECTION ( 'NONE',  ( 1.000000000000000000, 0.000000000000000000, 0.000000000000000000 ) ) ;
#6037 = CIRCLE ( 'NONE', #4447, 0.003937007874015724558 ) ;
#6038 = ADVANCED_FACE ( 'NONE', ( #5669 ), #2210, .F. ) ;
#6039 = VECTOR ( 'NONE', #3384, 39.37007874015748854 ) ;
#6040 = EDGE_LOOP ( 'NONE', ( #4158, #3882, #2322, #4259, #5740, #6237, #6066, #1949 ) ) ;
#6041 = EDGE_LOOP ( 'NONE', ( #166, #4836 ) ) ;
#6042 = CARTESIAN_POINT ( 'NONE',  ( 0.2378621782552445552, -0.2178426255616988660, -0.02362204724309532183 ) ) ;
#6043 = CARTESIAN_POINT ( 'NONE',  ( 0.1630590286489452811, 0.1778266657768837744, -0.03543307086514277393 ) ) ;
#6044 = AXIS2_PLACEMENT_3D ( 'NONE', #9, #6339, #1292 ) ;
#6045 = EDGE_CURVE ( 'NONE', #3827, #1770, #7346, .T. ) ;
#6046 = CARTESIAN_POINT ( 'NONE',  ( -0.3290669556030233478, -0.06823632634910049843, -0.05905511810923725485 ) ) ;
#6047 = EDGE_CURVE ( 'NONE', #484, #1307, #3840, .T. ) ;
#6048 = PLANE ( 'NONE',  #6108 ) ;
#6049 = FACE_OUTER_BOUND ( 'NONE', #2364, .T. ) ;
#6050 = EDGE_CURVE ( 'NONE', #3706, #2828, #7503, .T. ) ;
#6051 = ORIENTED_EDGE ( 'NONE', *, *, #2705, .T. ) ;
#6052 = ORIENTED_EDGE ( 'NONE', *, *, #6910, .T. ) ;
#6053 = LINE ( 'NONE', #6655, #4094 ) ;
#6054 = DIRECTION ( 'NONE',  ( 0.000000000000000000, -0.7071067811865434649, -0.7071067811865515695 ) ) ;
#6055 = CARTESIAN_POINT ( 'NONE',  ( -0.4038701052093225941, 0.2939683980603483016, 0.01968503937107765958 ) ) ;
#6056 = CARTESIAN_POINT ( 'NONE',  ( 0.4150275325859529851, 0.2979054059343640426, -0.03149606299112701902 ) ) ;
#6057 = EDGE_CURVE ( 'NONE', #5122, #471, #3224, .T. ) ;
#6058 = VERTEX_POINT ( 'NONE', #4850 ) ;
#6059 = ORIENTED_EDGE ( 'NONE', *, *, #551, .T. ) ;
#6060 = DIRECTION ( 'NONE',  ( 1.000000000000000000, 0.000000000000000000, 0.000000000000000000 ) ) ;
#6061 = CARTESIAN_POINT ( 'NONE',  ( 0.4150275325859530962, 0.3097164295564115433, -0.07086614173128448491 ) ) ;
#6062 = DIRECTION ( 'NONE',  ( -0.000000000000000000, -0.000000000000000000, -1.000000000000000000 ) ) ;
#6063 = VERTEX_POINT ( 'NONE', #1405 ) ;
#6064 = CARTESIAN_POINT ( 'NONE',  ( -0.4196181367053853917, -0.1784725468215416222, 0.1929133858277703450 ) ) ;
#6065 = VERTEX_POINT ( 'NONE', #5887 ) ;
#6066 = ORIENTED_EDGE ( 'NONE', *, *, #5811, .F. ) ;
#6067 = EDGE_LOOP ( 'NONE', ( #1024, #1004, #7115, #3001 ) ) ;
#6068 = CARTESIAN_POINT ( 'NONE',  ( 0.1433739892788664927, 0.2270392642020807317, -0.05905511810923725485 ) ) ;
#6069 = DIRECTION ( 'NONE',  ( 0.000000000000000000, 1.000000000000000000, 0.000000000000000000 ) ) ;
#6070 = DIRECTION ( 'NONE',  ( 0.000000000000000000, 1.000000000000000000, 0.000000000000000000 ) ) ;
#6071 = CARTESIAN_POINT ( 'NONE',  ( -0.2916653807998735859, 0.2467243035721593536, -0.03543307086514277393 ) ) ;
#6072 = LINE ( 'NONE', #5960, #2217 ) ;
#6073 = DIMENSIONAL_EXPONENTS ( 1.000000000000000000, 0.000000000000000000, 0.000000000000000000, 0.000000000000000000, 0.000000000000000000, 0.000000000000000000, 0.000000000000000000 ) ;
#6074 = LINE ( 'NONE', #869, #5756 ) ;
#6075 = ORIENTED_EDGE ( 'NONE', *, *, #2727, .F. ) ;
#6076 = ORIENTED_EDGE ( 'NONE', *, *, #3820, .T. ) ;
#6077 = ADVANCED_FACE ( 'NONE', ( #5314 ), #3140, .F. ) ;
#6078 = CARTESIAN_POINT ( 'NONE',  ( -0.3290669556030233478, -0.1568190035144548522, -0.03543307086514277393 ) ) ;
#6079 = EDGE_CURVE ( 'NONE', #820, #815, #2291, .T. ) ;
#6080 = DIRECTION ( 'NONE',  ( -1.000000000000000000, 0.000000000000000000, 0.000000000000000000 ) ) ;
#6081 = DIRECTION ( 'NONE',  ( -1.000000000000000000, -2.834079232620525851E-16, -1.685446266610459130E-16 ) ) ;
#6082 = DIRECTION ( 'NONE',  ( -2.170377338929938639E-30, 1.502777547560049654E-15, -1.000000000000000000 ) ) ;
#6083 = CARTESIAN_POINT ( 'NONE',  ( 0.4307755640820161158, 0.3254644610524743409, -0.08267716535333172190 ) ) ;
#6084 = ORIENTED_EDGE ( 'NONE', *, *, #1205, .F. ) ;
#6085 = ORIENTED_EDGE ( 'NONE', *, *, #5801, .T. ) ;
#6086 = EDGE_CURVE ( 'NONE', #3064, #6861, #7140, .T. ) ;
#6087 = ADVANCED_FACE ( 'NONE', ( #6921 ), #7096, .T. ) ;
#6088 = CARTESIAN_POINT ( 'NONE',  ( -0.3133189241069603836, 0.09711800435956070843, 0.4881889763789515890 ) ) ;
#6089 = ORIENTED_EDGE ( 'NONE', *, *, #5939, .T. ) ;
#6090 = DIRECTION ( 'NONE',  ( -1.000000000000000000, 0.000000000000000000, 0.000000000000000000 ) ) ;
#6091 = DIRECTION ( 'NONE',  ( 1.000000000000000000, 2.834079232620525851E-16, 1.685446266610459130E-16 ) ) ;
#6092 = ORIENTED_EDGE ( 'NONE', *, *, #5311, .F. ) ;
#6093 = CARTESIAN_POINT ( 'NONE',  ( -0.4196181367053853917, -0.1784725468215416222, 0.1929133858277703450 ) ) ;
#6094 = AXIS2_PLACEMENT_3D ( 'NONE', #3386, #5758, #7514 ) ;
#6095 = CARTESIAN_POINT ( 'NONE',  ( 0.4032165089639058175, -0.2847717594199665747, 0.07086614173328242838 ) ) ;
#6096 = DIRECTION ( 'NONE',  ( -1.000000000000000000, -2.834079232620525851E-16, -1.685446266610459130E-16 ) ) ;
#6097 = EDGE_LOOP ( 'NONE', ( #50, #308, #3019, #4724 ) ) ;
#6098 = SURFACE_STYLE_USAGE ( .BOTH. , #938 ) ;
#6099 = ORIENTED_EDGE ( 'NONE', *, *, #258, .T. ) ;
#6100 = ORIENTED_EDGE ( 'NONE', *, *, #3809, .F. ) ;
#6101 = CIRCLE ( 'NONE', #2810, 0.03740157480314965088 ) ;
#6102 = AXIS2_PLACEMENT_3D ( 'NONE', #312, #4369, #5697 ) ;
#6103 = ORIENTED_EDGE ( 'NONE', *, *, #5350, .F. ) ;
#6104 = PLANE ( 'NONE',  #5667 ) ;
#6105 = PLANE ( 'NONE',  #449 ) ;
#6106 = EDGE_CURVE ( 'NONE', #4486, #824, #5293, .T. ) ;
#6107 = AXIS2_PLACEMENT_3D ( 'NONE', #3062, #4847, #4882 ) ;
#6108 = AXIS2_PLACEMENT_3D ( 'NONE', #7144, #3672, #4175 ) ;
#6109 = CARTESIAN_POINT ( 'NONE',  ( -0.3487519949731019420, 0.03018887050129322527, -0.02362204724309532183 ) ) ;
#6110 = CARTESIAN_POINT ( 'NONE',  ( -0.3881220737132595744, -0.1548504995774468984, 0.01968503937107769428 ) ) ;
#6111 = FACE_OUTER_BOUND ( 'NONE', #3272, .T. ) ;
#6112 = DIRECTION ( 'NONE',  ( 0.000000000000000000, -1.000000000000000000, 0.000000000000000000 ) ) ;
#6113 = ORIENTED_EDGE ( 'NONE', *, *, #6086, .T. ) ;
#6114 = ORIENTED_EDGE ( 'NONE', *, *, #1665, .T. ) ;
#6115 = AXIS2_PLACEMENT_3D ( 'NONE', #1537, #3908, #2099 ) ;
#6116 = DIRECTION ( 'NONE',  ( -1.000000000000000000, 0.000000000000000000, 0.000000000000000000 ) ) ;
#6117 = PLANE ( 'NONE',  #2011 ) ;
#6118 = DIRECTION ( 'NONE',  ( -1.000000000000000000, -3.035766082959413894E-16, 0.000000000000000000 ) ) ;
#6119 = AXIS2_PLACEMENT_3D ( 'NONE', #1143, #6460, #2286 ) ;
#6120 = CARTESIAN_POINT ( 'NONE',  ( -0.1912716800124721617, -0.2060316019396516429, -0.05905511810923725485 ) ) ;
#6121 = ORIENTED_EDGE ( 'NONE', *, *, #2684, .F. ) ;
#6122 = VERTEX_POINT ( 'NONE', #6492 ) ;
#6123 = VECTOR ( 'NONE', #4531, 39.37007874015748143 ) ;
#6124 = DIRECTION ( 'NONE',  ( 2.834079232620525851E-16, -1.000000000000000000, -8.326672684688667890E-17 ) ) ;
#6125 = DIRECTION ( 'NONE',  ( -2.617448175331441483E-16, 0.3713906763540997247, 0.9284766908852608580 ) ) ;
#6126 = DIRECTION ( 'NONE',  ( 0.000000000000000000, 0.000000000000000000, -1.000000000000000000 ) ) ;
#6127 = EDGE_CURVE ( 'NONE', #7161, #6967, #1295, .T. ) ;
#6128 = ADVANCED_FACE ( 'NONE', ( #1941 ), #4284, .F. ) ;
#6129 = LINE ( 'NONE', #4863, #6708 ) ;
#6130 = LINE ( 'NONE', #5516, #2224 ) ;
#6131 = PRESENTATION_LAYER_ASSIGNMENT (  '', '', ( #5398 ) ) ;
#6132 = ORIENTED_EDGE ( 'NONE', *, *, #662, .F. ) ;
#6133 = EDGE_CURVE ( 'NONE', #5347, #3406, #790, .T. ) ;
#6134 = ORIENTED_EDGE ( 'NONE', *, *, #5195, .T. ) ;
#6135 = CARTESIAN_POINT ( 'NONE',  ( -0.4274921524534169293, 0.3254644610524741744, -0.07086614173128460981 ) ) ;
#6136 = CIRCLE ( 'NONE', #1158, 0.01968503937007875723 ) ;
#6137 = ADVANCED_FACE ( 'NONE', ( #6001 ), #6533, .F. ) ;
#6138 = DIRECTION ( 'NONE',  ( -0.000000000000000000, -0.000000000000000000, -1.000000000000000000 ) ) ;
#6139 = VERTEX_POINT ( 'NONE', #6566 ) ;
#6140 =( NAMED_UNIT ( * ) SI_UNIT ( $, .STERADIAN. ) SOLID_ANGLE_UNIT ( ) );
#6142 = EDGE_CURVE ( 'NONE', #1251, #7265, #3028, .T. ) ;
#6141 = ORIENTED_EDGE ( 'NONE', *, *, #6582, .F. ) ;
#6143 = CIRCLE ( 'NONE', #3093, 0.003937007874015741038 ) ;
#6144 = ORIENTED_EDGE ( 'NONE', *, *, #6447, .F. ) ;
#6145 = ORIENTED_EDGE ( 'NONE', *, *, #7428, .T. ) ;
#6146 = LINE ( 'NONE', #3734, #5424 ) ;
#6147 = CARTESIAN_POINT ( 'NONE',  ( 0.000000000000000000, -0.009181208238864266638, -0.2283464566919144179 ) ) ;
#6148 = AXIS2_PLACEMENT_3D ( 'NONE', #5169, #430, #6239 ) ;
#6149 = VECTOR ( 'NONE', #4820, 39.37007874015748143 ) ;
#6150 = DIRECTION ( 'NONE',  ( -1.000000000000000000, -1.983724587533855523E-16, -1.685446266610459130E-16 ) ) ;
#6151 = DIRECTION ( 'NONE',  ( 0.000000000000000000, 0.000000000000000000, 1.000000000000000000 ) ) ;
#6152 = DIRECTION ( 'NONE',  ( 2.834079232620525851E-16, -1.000000000000000000, -8.326672684688667890E-17 ) ) ;
#6153 = DIRECTION ( 'NONE',  ( -1.000000000000000000, -2.834079232620525851E-16, -1.685446266610459130E-16 ) ) ;
#6154 = VERTEX_POINT ( 'NONE', #1901 ) ;
#6155 = VECTOR ( 'NONE', #5610, 39.37007874015748143 ) ;
#6156 = ORIENTED_EDGE ( 'NONE', *, *, #5899, .F. ) ;
#6157 = AXIS2_PLACEMENT_3D ( 'NONE', #2, #4613, #4051 ) ;
#6158 = CARTESIAN_POINT ( 'NONE',  ( -0.3172559319809760137, 0.06955894924145043789, 0.5157480314970618318 ) ) ;
#6159 = CARTESIAN_POINT ( 'NONE',  ( -0.2719803414297948807, 0.000000000000000000, -0.01181102362104828607 ) ) ;
#6160 = CARTESIAN_POINT ( 'NONE',  ( -0.1912716800124721617, 0.3097164295564113212, -0.03543307086514277393 ) ) ;
#6161 = VECTOR ( 'NONE', #3166, 39.37007874015748143 ) ;
#6162 = LINE ( 'NONE', #7333, #2600 ) ;
#6163 = ORIENTED_EDGE ( 'NONE', *, *, #4721, .T. ) ;
#6164 = ORIENTED_EDGE ( 'NONE', *, *, #3104, .T. ) ;
#6165 = AXIS2_PLACEMENT_3D ( 'NONE', #1027, #6763, #3368 ) ;
#6166 = VECTOR ( 'NONE', #1426, 39.37007874015748143 ) ;
#6167 = DIRECTION ( 'NONE',  ( -0.000000000000000000, -0.000000000000000000, -1.000000000000000000 ) ) ;
#6168 = CARTESIAN_POINT ( 'NONE',  ( 0.3992795010898900765, 0.2939683980603484126, 0.5393700787411565001 ) ) ;
#6169 = CARTESIAN_POINT ( 'NONE',  ( -0.09678349103524550023, 0.01050383113121447151, -0.05905511811002143313 ) ) ;
#6170 = CARTESIAN_POINT ( 'NONE',  ( -0.2621378217447554171, 0.2467243035721593536, -0.03543307086514277393 ) ) ;
#6171 = ORIENTED_EDGE ( 'NONE', *, *, #7123, .T. ) ;
#6172 = ORIENTED_EDGE ( 'NONE', *, *, #5064, .F. ) ;
#6173 = EDGE_CURVE ( 'NONE', #2735, #4837, #190, .T. ) ;
#6174 = EDGE_CURVE ( 'NONE', #5519, #6490, #3102, .T. ) ;
#6175 = DIRECTION ( 'NONE',  ( 1.000000000000000000, 2.231744692350801056E-16, 1.685446266610459130E-16 ) ) ;
#6176 = ORIENTED_EDGE ( 'NONE', *, *, #2338, .F. ) ;
#6177 = ORIENTED_EDGE ( 'NONE', *, *, #3648, .F. ) ;
#6178 = VERTEX_POINT ( 'NONE', #6042 ) ;
#6179 = VERTEX_POINT ( 'NONE', #4213 ) ;
#6180 = DIRECTION ( 'NONE',  ( 0.000000000000000000, 0.000000000000000000, -1.000000000000000000 ) ) ;
#6181 = EDGE_CURVE ( 'NONE', #2382, #7275, #3629, .T. ) ;
#6182 = EDGE_CURVE ( 'NONE', #3325, #7038, #1365, .T. ) ;
#6183 = DIRECTION ( 'NONE',  ( 0.000000000000000000, 1.000000000000000000, 0.000000000000000000 ) ) ;
#6184 = LINE ( 'NONE', #978, #5360 ) ;
#6185 = DIRECTION ( 'NONE',  ( 1.685446266610458883E-16, 8.326672684688672821E-17, -1.000000000000000000 ) ) ;
#6186 = CARTESIAN_POINT ( 'NONE',  ( -0.002295302059716200667, 0.01050383113121429804, 0.5511811023616924876 ) ) ;
#6187 = CARTESIAN_POINT ( 'NONE',  ( 0.4110905247119372441, 0.2979054059343640426, 0.07480314960729816942 ) ) ;
#6188 = VERTEX_POINT ( 'NONE', #2548 ) ;
#6189 = ORIENTED_EDGE ( 'NONE', *, *, #362, .F. ) ;
#6190 = CARTESIAN_POINT ( 'NONE',  ( -0.2818228611148343443, 0.08924398861152943452, -0.05905511810923725485 ) ) ;
#6191 = DIRECTION ( 'NONE',  ( -1.000000000000000000, 0.000000000000000000, 0.000000000000000000 ) ) ;
#6192 = CARTESIAN_POINT ( 'NONE',  ( -0.4078071130833383906, 0.3097164295564113212, -0.01181102362104828607 ) ) ;
#6193 = VERTEX_POINT ( 'NONE', #7257 ) ;
#6194 = VERTEX_POINT ( 'NONE', #7368 ) ;
#6195 = CARTESIAN_POINT ( 'NONE',  ( -0.1952086878864877084, -0.2729607357979194071, 0.4251968503946995659 ) ) ;
#6196 = EDGE_CURVE ( 'NONE', #2689, #4747, #6788, .T. ) ;
#6197 = DIRECTION ( 'NONE',  ( 0.000000000000000000, 0.000000000000000000, 1.000000000000000000 ) ) ;
#6198 = DIRECTION ( 'NONE',  ( -1.000000000000000000, 0.000000000000000000, 0.000000000000000000 ) ) ;
#6199 = CARTESIAN_POINT ( 'NONE',  ( -0.1912716800124721617, -0.2060316019396516429, -0.05905511810923725485 ) ) ;
#6200 = VERTEX_POINT ( 'NONE', #374 ) ;
#6201 = EDGE_LOOP ( 'NONE', ( #605, #155, #5909, #361 ) ) ;
#6202 = DIRECTION ( 'NONE',  ( 1.685446266610458883E-16, 8.326672684688672821E-17, -1.000000000000000000 ) ) ;
#6203 = UNCERTAINTY_MEASURE_WITH_UNIT (LENGTH_MEASURE( 1.000000000000000082E-05 ), #3917, 'distance_accuracy_value', 'NONE');
#6204 = ORIENTED_EDGE ( 'NONE', *, *, #7466, .T. ) ;
#6205 = VERTEX_POINT ( 'NONE', #3174 ) ;
#6206 = ORIENTED_EDGE ( 'NONE', *, *, #2797, .T. ) ;
#6207 = EDGE_LOOP ( 'NONE', ( #2027, #4320 ) ) ;
#6208 = CYLINDRICAL_SURFACE ( 'NONE', #4321, 0.01181102362204724046 ) ;
#6209 = AXIS2_PLACEMENT_3D ( 'NONE', #7090, #5456, #6560 ) ;
#6210 = FACE_OUTER_BOUND ( 'NONE', #2025, .T. ) ;
#6211 = DIRECTION ( 'NONE',  ( -1.629410152081076508E-16, 1.000000000000000000, 8.326672684688670355E-17 ) ) ;
#6212 = EDGE_CURVE ( 'NONE', #2611, #503, #4359, .T. ) ;
#6213 = AXIS2_PLACEMENT_3D ( 'NONE', #5631, #6062, #934 ) ;
#6214 = CARTESIAN_POINT ( 'NONE',  ( -0.4353661682014482448, -0.2670552239868958511, -0.09055118110136337051 ) ) ;
#6215 = EDGE_CURVE ( 'NONE', #6684, #4950, #2983, .T. ) ;
#6216 = DIRECTION ( 'NONE',  ( 0.000000000000000000, 0.000000000000000000, 1.000000000000000000 ) ) ;
#6217 = ORIENTED_EDGE ( 'NONE', *, *, #6595, .T. ) ;
#6218 = ORIENTED_EDGE ( 'NONE', *, *, #4627, .F. ) ;
#6219 = EDGE_CURVE ( 'NONE', #2091, #5326, #6645, .T. ) ;
#6220 = CARTESIAN_POINT ( 'NONE',  ( -0.4038701052093223165, -0.07611034209713225807, 0.4881889763789515335 ) ) ;
#6221 = DIRECTION ( 'NONE',  ( -1.000000000000000000, 0.000000000000000000, 0.000000000000000000 ) ) ;
#6222 = VECTOR ( 'NONE', #7021, 39.37007874015748143 ) ;
#6223 = AXIS2_PLACEMENT_3D ( 'NONE', #1830, #3984, #6425 ) ;
#6224 = CARTESIAN_POINT ( 'NONE',  ( 0.1433739892788664927, -0.2060316019396516984, -0.05905511810923725485 ) ) ;
#6225 = DIRECTION ( 'NONE',  ( 1.000000000000000000, 0.000000000000000000, 0.000000000000000000 ) ) ;
#6226 = ORIENTED_EDGE ( 'NONE', *, *, #6950, .T. ) ;
#6227 = VECTOR ( 'NONE', #7230, 39.37007874015748143 ) ;
#6228 = ORIENTED_EDGE ( 'NONE', *, *, #3895, .F. ) ;
#6229 = EDGE_CURVE ( 'NONE', #6294, #7119, #3894, .T. ) ;
#6230 = FACE_OUTER_BOUND ( 'NONE', #3847, .T. ) ;
#6231 = CIRCLE ( 'NONE', #169, 0.007874015748031449116 ) ;
#6232 = CARTESIAN_POINT ( 'NONE',  ( 0.4150275325859530962, -0.2768977436719350926, 0.07086614173328242838 ) ) ;
#6233 = CARTESIAN_POINT ( 'NONE',  ( -0.2109567193825508946, -0.1568190035144548522, -0.03543307086514277393 ) ) ;
#6234 = CARTESIAN_POINT ( 'NONE',  ( -0.2995393965479052345, 0.1994802090839704611, 0.1771653543317075752 ) ) ;
#6235 = ORIENTED_EDGE ( 'NONE', *, *, #6448, .T. ) ;
#6236 = ADVANCED_FACE ( 'NONE', ( #4324 ), #5503, .T. ) ;
#6237 = ORIENTED_EDGE ( 'NONE', *, *, #4336, .F. ) ;
#6238 = AXIS2_PLACEMENT_3D ( 'NONE', #1454, #198, #306 ) ;
#6239 = DIRECTION ( 'NONE',  ( 1.685446266610458883E-16, 8.326672684688672821E-17, -1.000000000000000000 ) ) ;
#6240 = LINE ( 'NONE', #2143, #4810 ) ;
#6241 = VECTOR ( 'NONE', #5645, 39.37007874015748854 ) ;
#6242 = LINE ( 'NONE', #474, #5730 ) ;
#6243 = DIRECTION ( 'NONE',  ( 0.5773502691896276184, 0.5773502691896281735, -0.5773502691896215122 ) ) ;
#6244 = VERTEX_POINT ( 'NONE', #5578 ) ;
#6245 =( BOUNDED_CURVE ( )  B_SPLINE_CURVE ( 3, ( #445, #1010, #2005, #2752 ),
 .UNSPECIFIED., .F., .T. ) 
 B_SPLINE_CURVE_WITH_KNOTS ( ( 4, 4 ),
 ( 3.141592653589793116, 4.712388980384685233 ),
 .UNSPECIFIED. ) 
 CURVE ( )  GEOMETRIC_REPRESENTATION_ITEM ( )  RATIONAL_B_SPLINE_CURVE ( ( 1.000000000000000000, 0.8047378541243661587, 0.8047378541243661587, 1.000000000000000000 ) ) 
 REPRESENTATION_ITEM ( '' )  );
#6246 = ORIENTED_EDGE ( 'NONE', *, *, #1686, .F. ) ;
#6247 = CARTESIAN_POINT ( 'NONE',  ( 0.4110905247119372441, 0.2979054059343640426, -0.03543307086514276699 ) ) ;
#6248 = VECTOR ( 'NONE', #2214, 39.37007874015748143 ) ;
#6249 = CARTESIAN_POINT ( 'NONE',  ( 0.1984920995150870338, -0.2335906570577618857, -0.02362204724309532183 ) ) ;
#6250 = CARTESIAN_POINT ( 'NONE',  ( -0.002295302059716200667, 0.01050383113121429804, 0.5511811023632036122 ) ) ;
#6251 = LINE ( 'NONE', #6932, #4762 ) ;
#6252 = AXIS2_PLACEMENT_3D ( 'NONE', #6990, #6947, #6383 ) ;
#6253 = CARTESIAN_POINT ( 'NONE',  ( -0.4038701052093223165, -0.2729607357979194071, 0.5314960629931247960 ) ) ;
#6254 = CARTESIAN_POINT ( 'NONE',  ( 0.000000000000000000, 0.03018887050129321833, -0.2283464566919144179 ) ) ;
#6255 = VERTEX_POINT ( 'NONE', #4468 ) ;
#6256 = VERTEX_POINT ( 'NONE', #6158 ) ;
#6257 = DIRECTION ( 'NONE',  ( 0.000000000000000000, -1.000000000000000000, 0.000000000000000000 ) ) ;
#6258 = LINE ( 'NONE', #7405, #6749 ) ;
#6259 = ADVANCED_FACE ( 'NONE', ( #3252 ), #409, .F. ) ;
#6260 = DIRECTION ( 'NONE',  ( -0.000000000000000000, -1.000000000000000000, -0.000000000000000000 ) ) ;
#6261 = ADVANCED_FACE ( 'NONE', ( #5543 ), #4963, .T. ) ;
#6262 = FACE_OUTER_BOUND ( 'NONE', #2912, .T. ) ;
#6263 = DIRECTION ( 'NONE',  ( 0.8395701571521511086, 1.927060788837424628E-16, 0.5432512781572743643 ) ) ;
#6264 = CARTESIAN_POINT ( 'NONE',  ( -0.002295302059716200667, 0.01050383113121429804, 0.5177165354340697023 ) ) ;
#6265 = AXIS2_PLACEMENT_3D ( 'NONE', #3377, #3266, #5703 ) ;
#6266 = AXIS2_PLACEMENT_3D ( 'NONE', #5048, #2172, #4663 ) ;
#6267 = EDGE_LOOP ( 'NONE', ( #6667, #628, #791, #2857 ) ) ;
#6268 = EDGE_CURVE ( 'NONE', #163, #7455, #7216, .T. ) ;
#6269 = EDGE_CURVE ( 'NONE', #6976, #4004, #4091, .T. ) ;
#6270 = CARTESIAN_POINT ( 'NONE',  ( 0.4229015483339846893, -0.3044567987900454464, 0.5551181102372193532 ) ) ;
#6271 = AXIS2_PLACEMENT_3D ( 'NONE', #3698, #2675, #6183 ) ;
#6272 = VECTOR ( 'NONE', #6257, 39.37007874015748143 ) ;
#6273 = CARTESIAN_POINT ( 'NONE',  ( 0.1984920995150868950, 0.2388502878241278438, -0.03543307086514277393 ) ) ;
#6274 = CARTESIAN_POINT ( 'NONE',  ( 0.4229015483339844672, 0.3175904453044427478, 0.5551181102372194642 ) ) ;
#6275 = CARTESIAN_POINT ( 'NONE',  ( -0.2621378217447554171, 0.2467243035721594091, -0.01968503936907978202 ) ) ;
#6276 = CARTESIAN_POINT ( 'NONE',  ( 0.4032165089639058175, -0.2847717594199665747, -0.03543307086514277393 ) ) ;
#6277 = EDGE_LOOP ( 'NONE', ( #4951, #7023, #7173, #4823 ) ) ;
#6278 = CIRCLE ( 'NONE', #7002, 0.007874015748031449116 ) ;
#6279 = ORIENTED_EDGE ( 'NONE', *, *, #2045, .T. ) ;
#6280 = CARTESIAN_POINT ( 'NONE',  ( 0.1866810758930398662, -0.2454016806798090533, -0.01181102362104828087 ) ) ;
#6281 = CARTESIAN_POINT ( 'NONE',  ( -0.4196181367053856692, 0.3097164295564113212, -0.03543307086514277393 ) ) ;
#6282 = CIRCLE ( 'NONE', #4701, 0.01968503937007875723 ) ;
#6283 = CARTESIAN_POINT ( 'NONE',  ( 0.1984920995150868950, 0.2545983193201908357, -0.03543307086514277393 ) ) ;
#6284 = ORIENTED_EDGE ( 'NONE', *, *, #3507, .T. ) ;
#6285 = CARTESIAN_POINT ( 'NONE',  ( -0.4038701052093222055, -0.1981575861916202996, 0.08267716535532947109 ) ) ;
#6286 = VERTEX_POINT ( 'NONE', #5689 ) ;
#6287 = EDGE_LOOP ( 'NONE', ( #1833, #3173, #2449, #782 ) ) ;
#6288 = CARTESIAN_POINT ( 'NONE',  ( -0.2700118374927871767, 0.1994802090839704611, 0.1771653543317075752 ) ) ;
#6289 = CARTESIAN_POINT ( 'NONE',  ( -0.2995393965479052900, -0.1784725468215414557, 0.01968503937107770121 ) ) ;
#6290 = EDGE_CURVE ( 'NONE', #4168, #6773, #4610, .T. ) ;
#6291 = DIRECTION ( 'NONE',  ( -0.000000000000000000, -0.000000000000000000, -1.000000000000000000 ) ) ;
#6292 = DIRECTION ( 'NONE',  ( -1.000000000000000000, -0.000000000000000000, -0.000000000000000000 ) ) ;
#6293 = ORIENTED_EDGE ( 'NONE', *, *, #1215, .T. ) ;
#6294 = VERTEX_POINT ( 'NONE', #33 ) ;
#6295 = LINE ( 'NONE', #4651, #5923 ) ;
#6296 = DIRECTION ( 'NONE',  ( 1.685446266610458883E-16, 8.326672684688672821E-17, -1.000000000000000000 ) ) ;
#6297 = CARTESIAN_POINT ( 'NONE',  ( -0.2700118374927871767, -0.1548504995774468984, 0.1771653543317075752 ) ) ;
#6298 = LINE ( 'NONE', #5769, #2001 ) ;
#6299 = ORIENTED_EDGE ( 'NONE', *, *, #58, .T. ) ;
#6300 = ORIENTED_EDGE ( 'NONE', *, *, #3999, .T. ) ;
#6301 = CARTESIAN_POINT ( 'NONE',  ( 0.4150275325859532627, -0.3044567987900454464, -0.07086614173128448491 ) ) ;
#6302 = DIRECTION ( 'NONE',  ( -2.834079232620525851E-16, 1.000000000000000000, 8.326672684688667890E-17 ) ) ;
#6303 = LINE ( 'NONE', #2843, #5985 ) ;
#6304 = DIRECTION ( 'NONE',  ( 0.000000000000000000, 0.000000000000000000, 1.000000000000000000 ) ) ;
#6305 = PLANE ( 'NONE',  #783 ) ;
#6306 = EDGE_CURVE ( 'NONE', #4936, #6676, #2273, .T. ) ;
#6307 = ORIENTED_EDGE ( 'NONE', *, *, #2486, .T. ) ;
#6308 = ORIENTED_EDGE ( 'NONE', *, *, #3507, .F. ) ;
#6309 = EDGE_CURVE ( 'NONE', #1105, #5565, #7481, .T. ) ;
#6310 = VERTEX_POINT ( 'NONE', #2348 ) ;
#6311 =( CONVERSION_BASED_UNIT ( 'INCH', #1577 ) LENGTH_UNIT ( ) NAMED_UNIT ( #5481 ) );
#6312 = DIRECTION ( 'NONE',  ( -1.000000000000000000, 0.000000000000000000, 0.000000000000000000 ) ) ;
#6313 = CARTESIAN_POINT ( 'NONE',  ( -0.2798543571778265848, 0.1758581618398758761, 0.01968503937107770121 ) ) ;
#6314 = DIRECTION ( 'NONE',  ( 1.000000000000000000, 2.834079232620525851E-16, 1.685446266610459130E-16 ) ) ;
#6315 = ORIENTED_EDGE ( 'NONE', *, *, #4757, .F. ) ;
#6316 = ORIENTED_EDGE ( 'NONE', *, *, #5370, .F. ) ;
#6317 = EDGE_CURVE ( 'NONE', #178, #4457, #1128, .T. ) ;
#6318 = FACE_OUTER_BOUND ( 'NONE', #3750, .T. ) ;
#6319 = CARTESIAN_POINT ( 'NONE',  ( 0.4032165089639058175, -0.2847717594199665747, -0.03543307086514277393 ) ) ;
#6320 = DIRECTION ( 'NONE',  ( -0.000000000000000000, -0.000000000000000000, -1.000000000000000000 ) ) ;
#6321 = LINE ( 'NONE', #4930, #3578 ) ;
#6322 = LINE ( 'NONE', #6854, #5976 ) ;
#6323 = DIRECTION ( 'NONE',  ( 1.000000000000000000, 2.834079232620525851E-16, 1.685446266610459130E-16 ) ) ;
#6324 = DIRECTION ( 'NONE',  ( 0.000000000000000000, 0.000000000000000000, 1.000000000000000000 ) ) ;
#6325 = DIRECTION ( 'NONE',  ( 1.685446266610458883E-16, 8.326672684688672821E-17, -1.000000000000000000 ) ) ;
#6326 = ORIENTED_EDGE ( 'NONE', *, *, #6679, .F. ) ;
#6327 = ORIENTED_EDGE ( 'NONE', *, *, #5844, .T. ) ;
#6328 = ADVANCED_FACE ( 'NONE', ( #5765 ), #4536, .T. ) ;
#6329 = DIRECTION ( 'NONE',  ( -1.000000000000000000, -1.222384802312088134E-16, 0.000000000000000000 ) ) ;
#6330 = AXIS2_PLACEMENT_3D ( 'NONE', #2351, #1700, #6331 ) ;
#6331 = DIRECTION ( 'NONE',  ( -1.000000000000000000, 0.000000000000000000, 0.000000000000000000 ) ) ;
#6332 = LINE ( 'NONE', #3435, #1908 ) ;
#6333 = LINE ( 'NONE', #5267, #4154 ) ;
#6334 = DIRECTION ( 'NONE',  ( 0.000000000000000000, 0.000000000000000000, 1.000000000000000000 ) ) ;
#6335 = ORIENTED_EDGE ( 'NONE', *, *, #1393, .F. ) ;
#6336 = ORIENTED_EDGE ( 'NONE', *, *, #3094, .F. ) ;
#6337 = VECTOR ( 'NONE', #7506, 39.37007874015748143 ) ;
#6338 = AXIS2_PLACEMENT_3D ( 'NONE', #2243, #1640, #6125 ) ;
#6339 = DIRECTION ( 'NONE',  ( 0.7071067811865434649, 0.000000000000000000, -0.7071067811865515695 ) ) ;
#6340 = CARTESIAN_POINT ( 'NONE',  ( -0.1912716800124721617, 0.1975117051469625351, -0.03543307086514277393 ) ) ;
#6341 = CARTESIAN_POINT ( 'NONE',  ( -0.2345787666266453686, 0.2545983193201908357, 0.4251968503946996769 ) ) ;
#6342 = LINE ( 'NONE', #5205, #4074 ) ;
#6343 = AXIS2_PLACEMENT_3D ( 'NONE', #2679, #2157, #4990 ) ;
#6344 = CIRCLE ( 'NONE', #6573, 0.01968503937007875723 ) ;
#6345 = DIRECTION ( 'NONE',  ( -1.685446266610458883E-16, -8.326672684688672821E-17, 1.000000000000000000 ) ) ;
#6346 = ADVANCED_FACE ( 'NONE', ( #5193 ), #6373, .T. ) ;
#6347 = ORIENTED_EDGE ( 'NONE', *, *, #1113, .T. ) ;
#6348 = ORIENTED_EDGE ( 'NONE', *, *, #6469, .T. ) ;
#6349 = ORIENTED_EDGE ( 'NONE', *, *, #7157, .T. ) ;
#6350 = CARTESIAN_POINT ( 'NONE',  ( -0.4474569863583993112, 0.1994802090839702946, 0.1023622047254082734 ) ) ;
#6351 = TOROIDAL_SURFACE ( 'NONE', #1989, 0.007874015748031312073, 0.003937007874015796549 ) ;
#6352 = EDGE_CURVE ( 'NONE', #6773, #2590, #7488, .T. ) ;
#6353 = EDGE_CURVE ( 'NONE', #3202, #3677, #6258, .T. ) ;
#6354 = LINE ( 'NONE', #625, #1649 ) ;
#6355 = CARTESIAN_POINT ( 'NONE',  ( 0.4032165089639056510, 0.3057794216823956357, 0.07086614173328242838 ) ) ;
#6356 = EDGE_CURVE ( 'NONE', #847, #5920, #1629, .T. ) ;
#6357 = ORIENTED_EDGE ( 'NONE', *, *, #2603, .T. ) ;
#6358 = CARTESIAN_POINT ( 'NONE',  ( 0.1433739892788664927, 0.1778266657768837744, -0.05905511810923725485 ) ) ;
#6359 = ORIENTED_EDGE ( 'NONE', *, *, #4957, .T. ) ;
#6360 = EDGE_LOOP ( 'NONE', ( #4300, #1081, #3579, #359 ) ) ;
#6361 = DIRECTION ( 'NONE',  ( 1.734723475976808475E-15, -1.000000000000000000, 0.000000000000000000 ) ) ;
#6362 = DIRECTION ( 'NONE',  ( 0.000000000000000000, 0.000000000000000000, -1.000000000000000000 ) ) ;
#6363 = EDGE_CURVE ( 'NONE', #87, #1487, #1423, .T. ) ;
#6364 = VECTOR ( 'NONE', #4768, 39.37007874015748143 ) ;
#6365 = EDGE_CURVE ( 'NONE', #2905, #178, #3091, .T. ) ;
#6366 = CARTESIAN_POINT ( 'NONE',  ( -0.4353661682014484668, 0.3254644610524742299, -0.07086614173128460981 ) ) ;
#6367 = EDGE_CURVE ( 'NONE', #3603, #2505, #4726, .T. ) ;
#6368 = CARTESIAN_POINT ( 'NONE',  ( -0.3487519949731019420, 0.03018887050129322527, -0.03543307086514277393 ) ) ;
#6369 = CARTESIAN_POINT ( 'NONE',  ( -0.4196181367053856692, 0.2979054059343640426, 0.07086614173328242838 ) ) ;
#6370 = EDGE_LOOP ( 'NONE', ( #3089, #4155, #130, #7490 ) ) ;
#6371 = ORIENTED_EDGE ( 'NONE', *, *, #2789, .T. ) ;
#6372 = CARTESIAN_POINT ( 'NONE',  ( -0.4274921524534170958, 0.3175904453044427478, 0.5551181102372194642 ) ) ;
#6373 = CYLINDRICAL_SURFACE ( 'NONE', #4925, 0.007874015748031516770 ) ;
#6374 = AXIS2_PLACEMENT_3D ( 'NONE', #1269, #4746, #5404 ) ;
#6375 = LINE ( 'NONE', #528, #759 ) ;
#6376 = LINE ( 'NONE', #490, #5548 ) ;
#6377 = DIRECTION ( 'NONE',  ( 0.000000000000000000, 0.000000000000000000, 1.000000000000000000 ) ) ;
#6378 = CARTESIAN_POINT ( 'NONE',  ( -0.3487519949731019420, -0.009181208238864290924, -0.03543307086514277393 ) ) ;
#6379 = ORIENTED_EDGE ( 'NONE', *, *, #5523, .T. ) ;
#6380 = VERTEX_POINT ( 'NONE', #5264 ) ;
#6381 = AXIS2_PLACEMENT_3D ( 'NONE', #322, #4234, #2639 ) ;
#6382 = FACE_OUTER_BOUND ( 'NONE', #4515, .T. ) ;
#6383 = DIRECTION ( 'NONE',  ( 0.000000000000000000, 0.000000000000000000, -1.000000000000000000 ) ) ;
#6384 = PLANE ( 'NONE',  #1982 ) ;
#6385 = VECTOR ( 'NONE', #1841, 39.37007874015748143 ) ;
#6386 = DIRECTION ( 'NONE',  ( -2.282530889443167515E-16, 1.000000000000000000, 0.000000000000000000 ) ) ;
#6387 = VECTOR ( 'NONE', #2205, 39.37007874015748143 ) ;
#6388 = CARTESIAN_POINT ( 'NONE',  ( -0.3330039634770389778, -0.009181208238864266638, -0.01181102362104828607 ) ) ;
#6389 = ORIENTED_EDGE ( 'NONE', *, *, #5006, .F. ) ;
#6390 = ORIENTED_EDGE ( 'NONE', *, *, #5536, .F. ) ;
#6391 = ORIENTED_EDGE ( 'NONE', *, *, #6595, .F. ) ;
#6392 = VECTOR ( 'NONE', #72, 39.37007874015748143 ) ;
#6393 = VECTOR ( 'NONE', #4164, 39.37007874015748143 ) ;
#6394 = DIRECTION ( 'NONE',  ( -1.000000000000000000, -7.552435726850152656E-46, -5.224419336987948372E-31 ) ) ;
#6395 = CARTESIAN_POINT ( 'NONE',  ( -0.4099668733716911873, 0.3057794216823956912, 0.07480314960729816942 ) ) ;
#6396 = CIRCLE ( 'NONE', #7370, 0.01968503937007875723 ) ;
#6397 = AXIS2_PLACEMENT_3D ( 'NONE', #6372, #2230, #3972 ) ;
#6398 = EDGE_LOOP ( 'NONE', ( #3036, #3126, #1845, #5124, #1807 ) ) ;
#6399 = CARTESIAN_POINT ( 'NONE',  ( -0.4196181367053856692, 0.1994802090839704611, 0.07086614173328242838 ) ) ;
#6400 = ADVANCED_FACE ( 'NONE', ( #4161 ), #4761, .T. ) ;
#6401 = ORIENTED_EDGE ( 'NONE', *, *, #2501, .F. ) ;
#6402 = ORIENTED_EDGE ( 'NONE', *, *, #3329, .F. ) ;
#6403 = CARTESIAN_POINT ( 'NONE',  ( -0.4196181367053852251, -0.2040630980026439667, -0.09055118110136337051 ) ) ;
#6404 = DIRECTION ( 'NONE',  ( -1.000000000000000000, -2.834079232620525851E-16, -1.685446266610459130E-16 ) ) ;
#6405 = VECTOR ( 'NONE', #1861, 39.37007874015748143 ) ;
#6406 = EDGE_CURVE ( 'NONE', #2745, #7119, #7089, .T. ) ;
#6407 = CARTESIAN_POINT ( 'NONE',  ( 0.4229015483339846337, 0.3175904453044428588, -0.08267716535333172190 ) ) ;
#6408 = CARTESIAN_POINT ( 'NONE',  ( -0.002295302059716200667, 0.01050383113121431886, 0.5295275590561169254 ) ) ;
#6409 = CYLINDRICAL_SURFACE ( 'NONE', #7208, 0.02362204724409448092 ) ;
#6410 = CARTESIAN_POINT ( 'NONE',  ( 0.4150275325859528741, 0.3097164295564113767, 1.578189432169841311 ) ) ;
#6411 = EDGE_CURVE ( 'NONE', #6310, #1801, #5842, .T. ) ;
#6412 = EDGE_LOOP ( 'NONE', ( #2331, #4533, #3231, #4121, #6059 ) ) ;
#6413 = EDGE_CURVE ( 'NONE', #2523, #6721, #109, .T. ) ;
#6414 = VERTEX_POINT ( 'NONE', #1821 ) ;
#6415 = DIRECTION ( 'NONE',  ( 1.000000000000000000, 2.710505431387351406E-16, 0.000000000000000000 ) ) ;
#6416 = CARTESIAN_POINT ( 'NONE',  ( -0.1912716800124721617, 0.1778266657768837744, -0.05905511810923725485 ) ) ;
#6417 = CARTESIAN_POINT ( 'NONE',  ( -0.2935515531081840379, 0.1994802090839704334, 0.06701784143088042323 ) ) ;
#6418 = DIRECTION ( 'NONE',  ( -1.000000000000000000, 0.000000000000000000, 0.000000000000000000 ) ) ;
#6419 = LINE ( 'NONE', #5310, #5511 ) ;
#6420 = ORIENTED_EDGE ( 'NONE', *, *, #6817, .F. ) ;
#6421 = ORIENTED_EDGE ( 'NONE', *, *, #3656, .T. ) ;
#6422 = EDGE_CURVE ( 'NONE', #2905, #3376, #1357, .T. ) ;
#6423 = CARTESIAN_POINT ( 'NONE',  ( -0.2964936935464266843, 0.1758581618398758484, 0.06641710625766952814 ) ) ;
#6424 = DIRECTION ( 'NONE',  ( -0.000000000000000000, -0.000000000000000000, -1.000000000000000000 ) ) ;
#6425 = DIRECTION ( 'NONE',  ( 1.000000000000000000, 2.710505431213762071E-16, 0.000000000000000000 ) ) ;
#6426 = CARTESIAN_POINT ( 'NONE',  ( 0.2378621782552445829, -0.2335906570577619412, -0.2283464566919144179 ) ) ;
#6427 = CYLINDRICAL_SURFACE ( 'NONE', #4893, 0.003937007874015724558 ) ;
#6428 = ORIENTED_EDGE ( 'NONE', *, *, #3167, .F. ) ;
#6429 = ORIENTED_EDGE ( 'NONE', *, *, #3015, .T. ) ;
#6430 = ORIENTED_EDGE ( 'NONE', *, *, #5089, .F. ) ;
#6431 = EDGE_CURVE ( 'NONE', #4674, #6462, #4694, .T. ) ;
#6432 = CARTESIAN_POINT ( 'NONE',  ( -0.2345787666266452298, -0.2335906570577620522, 0.4133858267726523983 ) ) ;
#6433 = CARTESIAN_POINT ( 'NONE',  ( -0.4196181367053855027, -0.2847717594199665747, -0.03149606299112701902 ) ) ;
#6434 = CARTESIAN_POINT ( 'NONE',  ( -0.4078071130833383351, -0.2768977436719350926, -0.01181102362104828607 ) ) ;
#6435 = EDGE_LOOP ( 'NONE', ( #4180, #3163, #7280, #3529 ) ) ;
#6436 = CARTESIAN_POINT ( 'NONE',  ( -0.4353661682014484668, 0.06955894924145039626, 0.5597306018720769050 ) ) ;
#6437 = ORIENTED_EDGE ( 'NONE', *, *, #4310, .T. ) ;
#6438 = LINE ( 'NONE', #170, #2855 ) ;
#6439 = CARTESIAN_POINT ( 'NONE',  ( 0.4307755640820160603, 0.07743296498948215589, 0.5629921259852509463 ) ) ;
#6440 = DIRECTION ( 'NONE',  ( -1.000000000000000000, 0.000000000000000000, 0.000000000000000000 ) ) ;
#6441 = DIRECTION ( 'NONE',  ( 0.000000000000000000, 0.000000000000000000, 1.000000000000000000 ) ) ;
#6442 = DIRECTION ( 'NONE',  ( -1.000000000000000000, 0.000000000000000000, 0.000000000000000000 ) ) ;
#6443 = ORIENTED_EDGE ( 'NONE', *, *, #3609, .F. ) ;
#6444 = ORIENTED_EDGE ( 'NONE', *, *, #6182, .F. ) ;
#6445 = DIRECTION ( 'NONE',  ( -1.000000000000000000, 1.239088197126290817E-16, 0.000000000000000000 ) ) ;
#6446 = CARTESIAN_POINT ( 'NONE',  ( -0.3605630185951491096, 0.3097164295564113212, -0.01181102362104828607 ) ) ;
#6447 = EDGE_CURVE ( 'NONE', #7455, #1487, #2422, .T. ) ;
#6448 = EDGE_CURVE ( 'NONE', #7240, #5226, #3542, .T. ) ;
#6449 = DIRECTION ( 'NONE',  ( 3.195787128251745723E-16, -0.7071067811865473507, -0.7071067811865475727 ) ) ;
#6450 = DIRECTION ( 'NONE',  ( -0.000000000000000000, -0.000000000000000000, -1.000000000000000000 ) ) ;
#6451 = PLANE ( 'NONE',  #2102 ) ;
#6452 = CARTESIAN_POINT ( 'NONE',  ( -0.2621378217447554171, 0.2467243035721593536, -0.03543307086514277393 ) ) ;
#6453 = ORIENTED_EDGE ( 'NONE', *, *, #4716, .T. ) ;
#6454 = AXIS2_PLACEMENT_3D ( 'NONE', #4978, #1580, #7274 ) ;
#6455 = FACE_OUTER_BOUND ( 'NONE', #523, .T. ) ;
#6456 = CARTESIAN_POINT ( 'NONE',  ( -0.4353661682014484668, -0.05642530272705362920, 0.5551181102372192422 ) ) ;
#6457 = EDGE_CURVE ( 'NONE', #6462, #4023, #7050, .T. ) ;
#6458 = DIRECTION ( 'NONE',  ( -1.000000000000000000, 0.000000000000000000, 0.000000000000000000 ) ) ;
#6459 = LINE ( 'NONE', #4549, #5908 ) ;
#6460 = DIRECTION ( 'NONE',  ( 0.000000000000000000, 1.000000000000000000, 0.000000000000000000 ) ) ;
#6461 = EDGE_CURVE ( 'NONE', #484, #5042, #6484, .T. ) ;
#6462 = VERTEX_POINT ( 'NONE', #5879 ) ;
#6463 = AXIS2_PLACEMENT_3D ( 'NONE', #1532, #4441, #3904 ) ;
#6464 = ORIENTED_EDGE ( 'NONE', *, *, #6823, .T. ) ;
#6465 = CARTESIAN_POINT ( 'NONE',  ( 0.4307755640820163379, -0.1961890822546122626, -0.07086614173128448491 ) ) ;
#6466 = VECTOR ( 'NONE', #1362, 39.37007874015748143 ) ;
#6467 = VECTOR ( 'NONE', #5317, 39.37007874015748854 ) ;
#6468 = FACE_OUTER_BOUND ( 'NONE', #3803, .T. ) ;
#6469 = EDGE_CURVE ( 'NONE', #1431, #7275, #3584, .T. ) ;
#6470 = ORIENTED_EDGE ( 'NONE', *, *, #4400, .T. ) ;
#6471 = CARTESIAN_POINT ( 'NONE',  ( 0.2496732018772915840, 0.2664093429422378367, -0.01181102362104828607 ) ) ;
#6472 = EDGE_LOOP ( 'NONE', ( #1189, #5201, #5783, #3390 ) ) ;
#6473 = AXIS2_PLACEMENT_3D ( 'NONE', #4718, #6441, #1275 ) ;
#6474 = DIRECTION ( 'NONE',  ( 3.701697761654526677E-15, 3.701697761654554288E-15, 1.000000000000000000 ) ) ;
#6475 = CYLINDRICAL_SURFACE ( 'NONE', #5772, 0.007874015748031516770 ) ;
#6476 = CIRCLE ( 'NONE', #5016, 0.007874015748031508097 ) ;
#6477 = PLANE ( 'NONE',  #6473 ) ;
#6478 = ORIENTED_EDGE ( 'NONE', *, *, #3189, .T. ) ;
#6479 =( NAMED_UNIT ( * ) SI_UNIT ( $, .STERADIAN. ) SOLID_ANGLE_UNIT ( ) );
#6480 = ORIENTED_EDGE ( 'NONE', *, *, #5377, .T. ) ;
#6481 = EDGE_LOOP ( 'NONE', ( #549, #6612, #3100, #2345 ) ) ;
#6482 = DIRECTION ( 'NONE',  ( 1.000000000000000000, 1.257057890823428291E-16, 1.685446266610458883E-16 ) ) ;
#6483 = AXIS2_PLACEMENT_3D ( 'NONE', #1939, #2546, #3739 ) ;
#6484 = LINE ( 'NONE', #1282, #2144 ) ;
#6485 = LINE ( 'NONE', #5343, #5480 ) ;
#6486 = CARTESIAN_POINT ( 'NONE',  ( -0.3419053075177737044, 0.01050383113121416447, 0.4881889763798252235 ) ) ;
#6487 = AXIS2_PLACEMENT_3D ( 'NONE', #5953, #3651, #2450 ) ;
#6488 = LINE ( 'NONE', #6562, #6466 ) ;
#6489 = CARTESIAN_POINT ( 'NONE',  ( -0.3211929398549916992, 0.04199989412334039635, -0.01181102362104827219 ) ) ;
#6490 = VERTEX_POINT ( 'NONE', #2456 ) ;
#6491 = EDGE_CURVE ( 'NONE', #6976, #3692, #3622, .T. ) ;
#6492 = CARTESIAN_POINT ( 'NONE',  ( 0.4032165089639058175, -0.2887087672939823713, 0.07086614173328242838 ) ) ;
#6493 = VECTOR ( 'NONE', #7116, 39.37007874015748143 ) ;
#6494 = FACE_OUTER_BOUND ( 'NONE', #1354, .T. ) ;
#6495 = EDGE_CURVE ( 'NONE', #3325, #15, #2982, .T. ) ;
#6496 = CARTESIAN_POINT ( 'NONE',  ( 0.4110905247119372441, 0.2979054059343640426, 0.07480314960729816942 ) ) ;
#6497 = CARTESIAN_POINT ( 'NONE',  ( 0.4150275325859533182, -0.2887087672939823157, -0.07086614173128448491 ) ) ;
#6498 = DIRECTION ( 'NONE',  ( -0.1643989873023263271, 1.744028926116230842E-17, -0.9863939238326489001 ) ) ;
#6499 = DIRECTION ( 'NONE',  ( 1.685446266610458883E-16, 8.326672684688672821E-17, -1.000000000000000000 ) ) ;
#6500 = VECTOR ( 'NONE', #4390, 39.37007874015748143 ) ;
#6501 = ORIENTED_EDGE ( 'NONE', *, *, #4650, .T. ) ;
#6502 = VERTEX_POINT ( 'NONE', #4843 ) ;
#6503 = EDGE_CURVE ( 'NONE', #6721, #6502, #5924, .T. ) ;
#6504 = EDGE_CURVE ( 'NONE', #3051, #4865, #2498, .T. ) ;
#6505 = CARTESIAN_POINT ( 'NONE',  ( 0.4229015483339846893, -0.2965827830420139644, 0.5551181102372193532 ) ) ;
#6506 = VECTOR ( 'NONE', #6732, 39.37007874015748143 ) ;
#6507 = AXIS2_PLACEMENT_3D ( 'NONE', #1977, #3748, #153 ) ;
#6508 = LINE ( 'NONE', #3152, #2017 ) ;
#6509 = LINE ( 'NONE', #3527, #3777 ) ;
#6510 = VERTEX_POINT ( 'NONE', #7168 ) ;
#6511 = DIRECTION ( 'NONE',  ( 1.000000000000000000, 0.000000000000000000, 0.000000000000000000 ) ) ;
#6512 = VECTOR ( 'NONE', #6606, 39.37007874015748143 ) ;
#6513 = VECTOR ( 'NONE', #867, 39.37007874015748143 ) ;
#6514 = ORIENTED_EDGE ( 'NONE', *, *, #7007, .T. ) ;
#6515 = DIRECTION ( 'NONE',  ( 2.282530889443167515E-16, -1.000000000000000000, 0.000000000000000000 ) ) ;
#6516 = ADVANCED_FACE ( 'NONE', ( #6559, #5455 ), #6105, .T. ) ;
#6517 = LINE ( 'NONE', #5870, #4429 ) ;
#6518 = AXIS2_PLACEMENT_3D ( 'NONE', #6672, #403, #2044 ) ;
#6519 = DIRECTION ( 'NONE',  ( 2.834079232620525851E-16, -1.000000000000000000, -8.326672684688667890E-17 ) ) ;
#6520 = VERTEX_POINT ( 'NONE', #2576 ) ;
#6521 = VERTEX_POINT ( 'NONE', #4954 ) ;
#6522 = VECTOR ( 'NONE', #813, 39.37007874015748143 ) ;
#6523 = ORIENTED_EDGE ( 'NONE', *, *, #90, .T. ) ;
#6524 = CARTESIAN_POINT ( 'NONE',  ( 0.4229015483339844672, 0.3175904453044427478, 0.5551181102372194642 ) ) ;
#6525 = VECTOR ( 'NONE', #6482, 39.37007874015748143 ) ;
#6526 = DIRECTION ( 'NONE',  ( -1.685446266610458883E-16, -8.326672684688672821E-17, 1.000000000000000000 ) ) ;
#6527 = EDGE_CURVE ( 'NONE', #5444, #5413, #7357, .T. ) ;
#6528 = DIRECTION ( 'NONE',  ( -1.000000000000000000, 0.000000000000000000, 0.000000000000000000 ) ) ;
#6529 = CARTESIAN_POINT ( 'NONE',  ( -0.4156811288313698727, 0.1994802090839704611, 0.07086614173328242838 ) ) ;
#6530 = LINE ( 'NONE', #1938, #5119 ) ;
#6531 = CARTESIAN_POINT ( 'NONE',  ( -0.08103545954003116281, 0.3018424138083798947, -0.04724409448718972643 ) ) ;
#6532 = VERTEX_POINT ( 'NONE', #2041 ) ;
#6533 = CYLINDRICAL_SURFACE ( 'NONE', #3344, 0.02952755905511813758 ) ;
#6534 = CARTESIAN_POINT ( 'NONE',  ( -0.4196181367053855027, -0.2887087672939823713, -0.03149606299112701902 ) ) ;
#6535 = PLANE ( 'NONE',  #3568 ) ;
#6536 = CARTESIAN_POINT ( 'NONE',  ( 0.4032165089639056510, 0.2979054059343640426, -0.01181102362104828607 ) ) ;
#6537 = DIRECTION ( 'NONE',  ( 1.685446266610458883E-16, 8.326672684688672821E-17, -1.000000000000000000 ) ) ;
#6538 = PRODUCT_RELATED_PRODUCT_CATEGORY ( 'part', '', ( #712 ) ) ;
#6539 = DIRECTION ( 'NONE',  ( 0.000000000000000000, -1.000000000000000000, 0.000000000000000000 ) ) ;
#6540 = ORIENTED_EDGE ( 'NONE', *, *, #243, .T. ) ;
#6541 = EDGE_CURVE ( 'NONE', #1096, #7436, #5569, .T. ) ;
#6542 = CARTESIAN_POINT ( 'NONE',  ( -0.08103545954003095464, -0.2808347515459510002, -0.03740157480215075547 ) ) ;
#6543 = ORIENTED_EDGE ( 'NONE', *, *, #5754, .T. ) ;
#6544 = CARTESIAN_POINT ( 'NONE',  ( -0.3881220737132595744, 0.1758581618398758484, 0.01968503937107769428 ) ) ;
#6545 = EDGE_CURVE ( 'NONE', #4520, #563, #88, .T. ) ;
#6546 = ADVANCED_FACE ( 'NONE', ( #4918 ), #7282, .T. ) ;
#6547 = CARTESIAN_POINT ( 'NONE',  ( -0.3881220737132595744, -0.1548504995774468984, 0.1771653543317075752 ) ) ;
#6548 = LINE ( 'NONE', #5363, #555 ) ;
#6549 = ORIENTED_EDGE ( 'NONE', *, *, #486, .T. ) ;
#6550 = CARTESIAN_POINT ( 'NONE',  ( -0.4196181367053856692, 0.2270392642020807317, -0.03543307086514277393 ) ) ;
#6551 = FACE_BOUND ( 'NONE', #2149, .T. ) ;
#6552 = LINE ( 'NONE', #747, #6737 ) ;
#6553 = ORIENTED_EDGE ( 'NONE', *, *, #3797, .F. ) ;
#6554 = CARTESIAN_POINT ( 'NONE',  ( -0.08103545954003095464, -0.2887087672939824823, -0.07086614173128460981 ) ) ;
#6555 = EDGE_CURVE ( 'NONE', #2681, #5154, #5301, .T. ) ;
#6556 = ORIENTED_EDGE ( 'NONE', *, *, #3279, .T. ) ;
#6557 = ORIENTED_EDGE ( 'NONE', *, *, #1467, .F. ) ;
#6558 = CARTESIAN_POINT ( 'NONE',  ( 0.1984920995150871170, -0.2335906570577619412, -0.2086614173218356572 ) ) ;
#6559 = FACE_OUTER_BOUND ( 'NONE', #6207, .T. ) ;
#6560 = DIRECTION ( 'NONE',  ( -1.000000000000000000, 0.000000000000000000, 0.000000000000000000 ) ) ;
#6561 = CARTESIAN_POINT ( 'NONE',  ( 0.2772322569954019378, 0.01050383113121446804, -0.05905511810923725485 ) ) ;
#6562 = CARTESIAN_POINT ( 'NONE',  ( 0.1433739892788663817, 0.2939683980603483016, 0.5393700787411563891 ) ) ;
#6563 = CARTESIAN_POINT ( 'NONE',  ( 0.1984920995150868950, 0.2545983193201908357, -0.02362204724309518653 ) ) ;
#6564 = EDGE_CURVE ( 'NONE', #3876, #7455, #6037, .T. ) ;
#6565 = ORIENTED_EDGE ( 'NONE', *, *, #7449, .F. ) ;
#6566 = CARTESIAN_POINT ( 'NONE',  ( -0.4038701052093225941, 0.1994802090839704611, 0.07480314960729816942 ) ) ;
#6567 = LINE ( 'NONE', #7100, #3124 ) ;
#6568 = FACE_OUTER_BOUND ( 'NONE', #2128, .T. ) ;
#6569 = DIRECTION ( 'NONE',  ( -0.000000000000000000, -0.000000000000000000, -1.000000000000000000 ) ) ;
#6570 = CARTESIAN_POINT ( 'NONE',  ( 0.3992795010898901875, -0.2729607357979192961, 0.5393700787411563891 ) ) ;
#6571 = PLANE ( 'NONE',  #1263 ) ;
#6572 = ORIENTED_EDGE ( 'NONE', *, *, #5050, .F. ) ;
#6573 = AXIS2_PLACEMENT_3D ( 'NONE', #1754, #2284, #617 ) ;
#6574 = LINE ( 'NONE', #2057, #1309 ) ;
#6575 = ORIENTED_EDGE ( 'NONE', *, *, #6422, .T. ) ;
#6576 = PLANE ( 'NONE',  #1412 ) ;
#6577 = TOROIDAL_SURFACE ( 'NONE', #4021, 0.007874015748031175030, 0.003937007874015724558 ) ;
#6578 = DIRECTION ( 'NONE',  ( 0.000000000000000000, 0.000000000000000000, -1.000000000000000000 ) ) ;
#6579 = EDGE_LOOP ( 'NONE', ( #29, #2565, #3695, #114 ) ) ;
#6580 = ORIENTED_EDGE ( 'NONE', *, *, #1312, .F. ) ;
#6581 = DIRECTION ( 'NONE',  ( 1.000000000000000000, 0.000000000000000000, 0.000000000000000000 ) ) ;
#6582 = EDGE_CURVE ( 'NONE', #5244, #1522, #6632, .T. ) ;
#6583 = VECTOR ( 'NONE', #1466, 39.37007874015748143 ) ;
#6584 = EDGE_CURVE ( 'NONE', #3154, #1870, #3245, .T. ) ;
#6585 = VECTOR ( 'NONE', #5117, 39.37007874015748143 ) ;
#6586 = CARTESIAN_POINT ( 'NONE',  ( -0.4353661682014484668, 0.2880628862493246900, -0.09055118110136337051 ) ) ;
#6587 = AXIS2_PLACEMENT_3D ( 'NONE', #1823, #6941, #6418 ) ;
#6588 = VERTEX_POINT ( 'NONE', #943 ) ;
#6589 = VECTOR ( 'NONE', #4931, 39.37007874015748143 ) ;
#6590 = EDGE_LOOP ( 'NONE', ( #1033, #7256 ) ) ;
#6591 = VERTEX_POINT ( 'NONE', #866 ) ;
#6592 = VERTEX_POINT ( 'NONE', #7318 ) ;
#6593 = FACE_OUTER_BOUND ( 'NONE', #3471, .T. ) ;
#6594 = EDGE_CURVE ( 'NONE', #1280, #1392, #3206, .T. ) ;
#6595 = EDGE_CURVE ( 'NONE', #360, #271, #7246, .T. ) ;
#6596 = CARTESIAN_POINT ( 'NONE',  ( 0.4150275325859541509, -0.2040630980026434949, -0.09055118110136325948 ) ) ;
#6597 = AXIS2_PLACEMENT_3D ( 'NONE', #2936, #4002, #1778 ) ;
#6598 = ADVANCED_FACE ( 'NONE', ( #1474 ), #5533, .T. ) ;
#6599 = LINE ( 'NONE', #7052, #1846 ) ;
#6600 = DIRECTION ( 'NONE',  ( -1.000000000000000000, 0.000000000000000000, 0.000000000000000000 ) ) ;
#6601 = DIRECTION ( 'NONE',  ( 1.000000000000000000, 2.834079232620525851E-16, 1.685446266610459130E-16 ) ) ;
#6602 = DIRECTION ( 'NONE',  ( 2.282530889443167515E-16, -1.000000000000000000, 0.000000000000000000 ) ) ;
#6603 = VECTOR ( 'NONE', #1095, 39.37007874015748143 ) ;
#6604 = ORIENTED_EDGE ( 'NONE', *, *, #5007, .F. ) ;
#6605 = EDGE_LOOP ( 'NONE', ( #2290, #6218, #3357 ) ) ;
#6606 = DIRECTION ( 'NONE',  ( 5.123469692433252716E-17, 0.3713906763541071077, -0.9284766908852579714 ) ) ;
#6607 = DIRECTION ( 'NONE',  ( -8.616490819209882997E-16, 1.000000000000000000, 8.326672684688658029E-17 ) ) ;
#6608 = CIRCLE ( 'NONE', #7458, 0.01968503937007875723 ) ;
#6609 = DIRECTION ( 'NONE',  ( -2.617448175331444441E-16, 0.3713906763541015010, 0.9284766908852601919 ) ) ;
#6610 = LINE ( 'NONE', #1337, #776 ) ;
#6611 = DIRECTION ( 'NONE',  ( 0.000000000000000000, 0.000000000000000000, 1.000000000000000000 ) ) ;
#6612 = ORIENTED_EDGE ( 'NONE', *, *, #6781, .F. ) ;
#6613 = ORIENTED_EDGE ( 'NONE', *, *, #6365, .T. ) ;
#6614 = VECTOR ( 'NONE', #5718, 39.37007874015748143 ) ;
#6615 = DIRECTION ( 'NONE',  ( -1.000000000000000000, 0.000000000000000000, 0.000000000000000000 ) ) ;
#6616 = EDGE_LOOP ( 'NONE', ( #378, #3129, #6027, #4394, #6164, #21, #6293, #5687, #2477, #263, #6644, #3041, #6760, #6604, #6464, #4872 ) ) ;
#6617 = CARTESIAN_POINT ( 'NONE',  ( -0.3881220737132595744, 0.1758581618398758484, 0.1771653543317075752 ) ) ;
#6618 = ORIENTED_EDGE ( 'NONE', *, *, #2317, .F. ) ;
#6619 = ORIENTED_EDGE ( 'NONE', *, *, #4529, .F. ) ;
#6620 = LINE ( 'NONE', #7306, #6166 ) ;
#6621 = AXIS2_PLACEMENT_3D ( 'NONE', #7073, #126, #3993 ) ;
#6622 = CYLINDRICAL_SURFACE ( 'NONE', #6213, 0.01427165354330715494 ) ;
#6623 = COLOUR_RGB ( '',0.7921568627450980005, 0.8196078431372548767, 0.9333333333333333481 ) ;
#6624 = TOROIDAL_SURFACE ( 'NONE', #3339, 0.01033464566929150064, 0.003937007874015728895 ) ;
#6625 = ORIENTED_EDGE ( 'NONE', *, *, #3482, .T. ) ;
#6626 = CARTESIAN_POINT ( 'NONE',  ( -0.2326102626896373038, -0.2257166413097304591, -0.03543307086514277393 ) ) ;
#6627 = ORIENTED_EDGE ( 'NONE', *, *, #6290, .F. ) ;
#6628 = EDGE_LOOP ( 'NONE', ( #3289, #5103, #6886, #2168 ) ) ;
#6629 = ORIENTED_EDGE ( 'NONE', *, *, #468, .F. ) ;
#6630 = EDGE_CURVE ( 'NONE', #4486, #2590, #2648, .T. ) ;
#6631 = DIRECTION ( 'NONE',  ( 1.000000000000000000, 2.249460414123439847E-16, 1.685446266610459130E-16 ) ) ;
#6632 = LINE ( 'NONE', #3735, #7247 ) ;
#6633 = VECTOR ( 'NONE', #7207, 39.37007874015748143 ) ;
#6634 = CIRCLE ( 'NONE', #2517, 0.03740157480366167186 ) ;
#6635 = CARTESIAN_POINT ( 'NONE',  ( -0.4038701052093224830, 0.09711800435956068067, 0.5314960629931247960 ) ) ;
#6636 = CARTESIAN_POINT ( 'NONE',  ( -0.002295302059716200667, 0.01050383113121429804, 0.5314960629931249070 ) ) ;
#6637 = ADVANCED_FACE ( 'NONE', ( #1513 ), #3812, .F. ) ;
#6638 = FACE_OUTER_BOUND ( 'NONE', #1979, .T. ) ;
#6639 = ADVANCED_FACE ( 'NONE', ( #976 ), #3276, .T. ) ;
#6640 = LINE ( 'NONE', #6531, #4774 ) ;
#6641 = AXIS2_PLACEMENT_3D ( 'NONE', #6281, #3408, #1076 ) ;
#6642 = CONICAL_SURFACE ( 'NONE', #4567, 0.01574803149505443409, 0.1651486774115542289 ) ;
#6643 = ORIENTED_EDGE ( 'NONE', *, *, #812, .T. ) ;
#6644 = ORIENTED_EDGE ( 'NONE', *, *, #6174, .F. ) ;
#6645 = LINE ( 'NONE', #4428, #6155 ) ;
#6646 = CARTESIAN_POINT ( 'NONE',  ( -0.2829609837987574483, -0.1784725468215414834, 0.06643668101316686780 ) ) ;
#6647 = VECTOR ( 'NONE', #3524, 39.37007874015748143 ) ;
#6648 = CARTESIAN_POINT ( 'NONE',  ( -0.4196181367053855027, 0.1994802090839702391, 0.1929133858277704283 ) ) ;
#6649 = CARTESIAN_POINT ( 'NONE',  ( -0.2818228611148343443, 0.3097164295564113212, -0.03543307086514277393 ) ) ;
#6650 = FACE_OUTER_BOUND ( 'NONE', #1528, .T. ) ;
#6651 = DIRECTION ( 'NONE',  ( -1.000000000000000000, -2.834079232620525851E-16, -1.685446266610459130E-16 ) ) ;
#6652 = ORIENTED_EDGE ( 'NONE', *, *, #6353, .F. ) ;
#6653 = ORIENTED_EDGE ( 'NONE', *, *, #4500, .F. ) ;
#6654 = ADVANCED_FACE ( 'NONE', ( #3421 ), #2989, .T. ) ;
#6655 = CARTESIAN_POINT ( 'NONE',  ( -0.4196181367053852251, -0.2887087672939826488, 0.08267716535532938782 ) ) ;
#6656 = ORIENTED_EDGE ( 'NONE', *, *, #2227, .T. ) ;
#6657 = CARTESIAN_POINT ( 'NONE',  ( -0.2995393965479052345, 0.1994802090839704611, 0.06299212598525093243 ) ) ;
#6658 = CARTESIAN_POINT ( 'NONE',  ( -0.2621378217447554171, 0.2467243035721593258, -0.01181102362104828260 ) ) ;
#6659 = CARTESIAN_POINT ( 'NONE',  ( -0.3290669556030233478, -0.06823632634910049843, -0.05905511810923725485 ) ) ;
#6660 = VERTEX_POINT ( 'NONE', #2747 ) ;
#6661 = EDGE_CURVE ( 'NONE', #534, #1996, #1730, .T. ) ;
#6662 = ORIENTED_EDGE ( 'NONE', *, *, #7077, .T. ) ;
#6663 = LINE ( 'NONE', #1465, #3452 ) ;
#6664 = CARTESIAN_POINT ( 'NONE',  ( -0.4196181367053855027, -0.2887087672939823713, 0.07086614173328242838 ) ) ;
#6665 = ORIENTED_EDGE ( 'NONE', *, *, #648, .T. ) ;
#6666 = SURFACE_SIDE_STYLE ('',( #5021 ) ) ;
#6667 = ORIENTED_EDGE ( 'NONE', *, *, #3006, .F. ) ;
#6668 = EDGE_LOOP ( 'NONE', ( #1074, #2563, #1947, #6987, #953, #4874, #2520, #1782 ) ) ;
#6669 = VERTEX_POINT ( 'NONE', #1084 ) ;
#6670 = CARTESIAN_POINT ( 'NONE',  ( -0.3172559319809760137, 0.06955894924145046565, 0.5157480314970618318 ) ) ;
#6671 = CARTESIAN_POINT ( 'NONE',  ( 0.4150275325859529851, -0.2887087672939824823, 1.578189432169841311 ) ) ;
#6672 = CARTESIAN_POINT ( 'NONE',  ( -0.002295302059716200667, 0.01050383113121429804, 0.5610236220487371250 ) ) ;
#6673 = CARTESIAN_POINT ( 'NONE',  ( -0.2995393965479050680, -0.2257166413097304591, -0.01181102362104828087 ) ) ;
#6674 = PLANE ( 'NONE',  #1631 ) ;
#6675 = ORIENTED_EDGE ( 'NONE', *, *, #3554, .T. ) ;
#6676 = VERTEX_POINT ( 'NONE', #3921 ) ;
#6677 = CARTESIAN_POINT ( 'NONE',  ( -0.1912716800124721617, 0.3097164295564113212, -0.03543307086514277393 ) ) ;
#6678 = EDGE_CURVE ( 'NONE', #2436, #1307, #4491, .T. ) ;
#6679 = EDGE_CURVE ( 'NONE', #3376, #4487, #2187, .T. ) ;
#6680 = CARTESIAN_POINT ( 'NONE',  ( -0.2964936935464267953, -0.1784725468215414834, 0.06641710625766959752 ) ) ;
#6681 = DIRECTION ( 'NONE',  ( -2.282530889443167515E-16, 1.000000000000000000, 0.000000000000000000 ) ) ;
#6682 = LINE ( 'NONE', #7295, #7201 ) ;
#6683 = PLANE ( 'NONE',  #1872 ) ;
#6684 = VERTEX_POINT ( 'NONE', #6319 ) ;
#6685 = ORIENTED_EDGE ( 'NONE', *, *, #3981, .F. ) ;
#6686 = EDGE_CURVE ( 'NONE', #5362, #3326, #7396, .T. ) ;
#6687 = LINE ( 'NONE', #5553, #100 ) ;
#6688 = DIRECTION ( 'NONE',  ( 2.834079232620525851E-16, -1.000000000000000000, -8.326672684688667890E-17 ) ) ;
#6689 = EDGE_CURVE ( 'NONE', #5242, #2072, #4601, .T. ) ;
#6690 = DIRECTION ( 'NONE',  ( -1.000000000000000000, 0.000000000000000000, 0.000000000000000000 ) ) ;
#6691 = LINE ( 'NONE', #2597, #1984 ) ;
#6692 = CARTESIAN_POINT ( 'NONE',  ( -0.3881220737132595744, 0.1758581618398758484, 0.1771653543317075752 ) ) ;
#6693 = ORIENTED_EDGE ( 'NONE', *, *, #3689, .T. ) ;
#6694 = ORIENTED_EDGE ( 'NONE', *, *, #2093, .T. ) ;
#6695 = LINE ( 'NONE', #1349, #3476 ) ;
#6696 = AXIS2_PLACEMENT_3D ( 'NONE', #336, #7284, #7321 ) ;
#6697 = EDGE_CURVE ( 'NONE', #4023, #847, #6278, .T. ) ;
#6698 = DIRECTION ( 'NONE',  ( -2.282530889443167515E-16, 1.000000000000000000, 0.000000000000000000 ) ) ;
#6699 = VERTEX_POINT ( 'NONE', #5066 ) ;
#6700 = VERTEX_POINT ( 'NONE', #5714 ) ;
#6701 = DIRECTION ( 'NONE',  ( -1.000000000000000000, -2.834079232620525851E-16, -1.685446266610459130E-16 ) ) ;
#6702 = ORIENTED_EDGE ( 'NONE', *, *, #6173, .F. ) ;
#6703 = ORIENTED_EDGE ( 'NONE', *, *, #1674, .F. ) ;
#6704 = VECTOR ( 'NONE', #4559, 39.37007874015748143 ) ;
#6705 = EDGE_LOOP ( 'NONE', ( #4379, #6437, #2888, #1270 ) ) ;
#6706 = DIRECTION ( 'NONE',  ( -1.000000000000000000, 0.000000000000000000, 0.000000000000000000 ) ) ;
#6707 = DIRECTION ( 'NONE',  ( -1.685446266610458883E-16, -8.326672684688672821E-17, 1.000000000000000000 ) ) ;
#6708 = VECTOR ( 'NONE', #5443, 39.37007874015748143 ) ;
#6709 = AXIS2_PLACEMENT_3D ( 'NONE', #1484, #5545, #453 ) ;
#6710 = DIRECTION ( 'NONE',  ( 0.000000000000000000, 0.7071067811865514585, 0.7071067811865433539 ) ) ;
#6711 = FACE_OUTER_BOUND ( 'NONE', #1462, .T. ) ;
#6712 = LINE ( 'NONE', #2716, #5735 ) ;
#6713 = CARTESIAN_POINT ( 'NONE',  ( 0.4150275325859531517, 0.2880628862493249676, -0.09055118110136310683 ) ) ;
#6714 = ORIENTED_EDGE ( 'NONE', *, *, #6448, .F. ) ;
#6715 = VERTEX_POINT ( 'NONE', #514 ) ;
#6716 = CARTESIAN_POINT ( 'NONE',  ( -0.3290669556030233478, 0.08924398861152943452, -0.05905511810923725485 ) ) ;
#6717 = FACE_OUTER_BOUND ( 'NONE', #3182, .T. ) ;
#6718 = CARTESIAN_POINT ( 'NONE',  ( -0.4196181367053856692, 0.1778266657768837744, -0.03543307086514277393 ) ) ;
#6719 = EDGE_CURVE ( 'NONE', #4005, #4366, #4039, .T. ) ;
#6720 = ORIENTED_EDGE ( 'NONE', *, *, #507, .T. ) ;
#6721 = VERTEX_POINT ( 'NONE', #2860 ) ;
#6722 = EDGE_CURVE ( 'NONE', #2120, #1073, #3115, .T. ) ;
#6723 = DIRECTION ( 'NONE',  ( 0.000000000000000000, 0.000000000000000000, -1.000000000000000000 ) ) ;
#6724 = CARTESIAN_POINT ( 'NONE',  ( 0.1433739892788664927, 0.1975117051469625351, -0.05905511810923725485 ) ) ;
#6725 = CARTESIAN_POINT ( 'NONE',  ( -0.4196181367053855027, -0.2887087672939823713, 0.07086614173328242838 ) ) ;
#6726 = ADVANCED_FACE ( 'NONE', ( #6779 ), #3884, .F. ) ;
#6727 = AXIS2_PLACEMENT_3D ( 'NONE', #7202, #4720, #3538 ) ;
#6728 = ORIENTED_EDGE ( 'NONE', *, *, #2656, .F. ) ;
#6729 = EDGE_CURVE ( 'NONE', #2618, #3707, #2219, .T. ) ;
#6730 = ORIENTED_EDGE ( 'NONE', *, *, #230, .F. ) ;
#6731 = EDGE_CURVE ( 'NONE', #773, #4350, #4525, .T. ) ;
#6732 = DIRECTION ( 'NONE',  ( -1.000000000000000000, -2.834079232620525851E-16, -1.685446266610459130E-16 ) ) ;
#6733 = AXIS2_PLACEMENT_3D ( 'NONE', #4247, #4852, #5431 ) ;
#6734 = DIRECTION ( 'NONE',  ( -1.000000000000000000, 0.000000000000000000, 0.000000000000000000 ) ) ;
#6735 = ORIENTED_EDGE ( 'NONE', *, *, #1023, .F. ) ;
#6736 = ORIENTED_EDGE ( 'NONE', *, *, #3013, .T. ) ;
#6737 = VECTOR ( 'NONE', #5448, 39.37007874015748143 ) ;
#6738 = ORIENTED_EDGE ( 'NONE', *, *, #5806, .F. ) ;
#6739 = EDGE_LOOP ( 'NONE', ( #6163, #1486, #107, #1190 ) ) ;
#6740 = CARTESIAN_POINT ( 'NONE',  ( -0.2896968768628658819, -0.1548504995774468984, 0.1771653543317075752 ) ) ;
#6741 = DIRECTION ( 'NONE',  ( -1.000000000000000000, 0.000000000000000000, 0.000000000000000000 ) ) ;
#6742 = MECHANICAL_DESIGN_GEOMETRIC_PRESENTATION_REPRESENTATION (  '', ( #1047 ), #3824 ) ;
#6743 = VECTOR ( 'NONE', #4705, 39.37007874015748143 ) ;
#6744 = LINE ( 'NONE', #3736, #4142 ) ;
#6745 = LINE ( 'NONE', #3208, #936 ) ;
#6746 = DIRECTION ( 'NONE',  ( -2.834079232620525851E-16, 1.000000000000000000, 8.326672684688667890E-17 ) ) ;
#6747 = LINE ( 'NONE', #339, #6970 ) ;
#6748 = ORIENTED_EDGE ( 'NONE', *, *, #3012, .T. ) ;
#6749 = VECTOR ( 'NONE', #6822, 39.37007874015748143 ) ;
#6750 = VERTEX_POINT ( 'NONE', #6289 ) ;
#6751 = EDGE_CURVE ( 'NONE', #2698, #6976, #6396, .T. ) ;
#6752 = VECTOR ( 'NONE', #6034, 39.37007874015748143 ) ;
#6753 = DIRECTION ( 'NONE',  ( -1.000000000000000000, -2.891205793294675861E-16, 0.000000000000000000 ) ) ;
#6754 = LINE ( 'NONE', #2263, #679 ) ;
#6755 = CARTESIAN_POINT ( 'NONE',  ( 0.4307755640820163379, -0.2670552239868955180, -0.09055118110136310683 ) ) ;
#6756 = VECTOR ( 'NONE', #480, 39.37007874015748143 ) ;
#6757 = AXIS2_PLACEMENT_3D ( 'NONE', #2612, #5454, #6706 ) ;
#6758 = DIRECTION ( 'NONE',  ( -1.685446266610458883E-16, -8.326672684688672821E-17, 1.000000000000000000 ) ) ;
#6759 = VERTEX_POINT ( 'NONE', #556 ) ;
#6760 = ORIENTED_EDGE ( 'NONE', *, *, #6661, .F. ) ;
#6761 = TOROIDAL_SURFACE ( 'NONE', #220, 0.01033464566929145206, 0.003937007874015754048 ) ;
#6762 = VECTOR ( 'NONE', #3760, 39.37007874015748143 ) ;
#6763 = DIRECTION ( 'NONE',  ( 0.000000000000000000, 0.000000000000000000, -1.000000000000000000 ) ) ;
#6764 = PLANE ( 'NONE',  #4749 ) ;
#6765 = FACE_OUTER_BOUND ( 'NONE', #3239, .T. ) ;
#6766 = CARTESIAN_POINT ( 'NONE',  ( -0.4148979282382466716, 0.3019356786533477499, -0.03543307086514278087 ) ) ;
#6767 = AXIS2_PLACEMENT_3D ( 'NONE', #192, #1335, #6116 ) ;
#6768 = ORIENTED_EDGE ( 'NONE', *, *, #7056, .T. ) ;
#6769 =( NAMED_UNIT ( * ) SI_UNIT ( $, .STERADIAN. ) SOLID_ANGLE_UNIT ( ) );
#6770 = LINE ( 'NONE', #2738, #1553 ) ;
#6771 = EDGE_CURVE ( 'NONE', #3677, #7224, #3461, .T. ) ;
#6772 = ADVANCED_FACE ( 'NONE', ( #3499 ), #5833, .F. ) ;
#6773 = VERTEX_POINT ( 'NONE', #7040 ) ;
#6774 = CARTESIAN_POINT ( 'NONE',  ( 0.4307755640820163379, -0.2749292397349270556, -0.07086614173128448491 ) ) ;
#6775 = ORIENTED_EDGE ( 'NONE', *, *, #2980, .F. ) ;
#6776 = ORIENTED_EDGE ( 'NONE', *, *, #6541, .T. ) ;
#6777 = ORIENTED_EDGE ( 'NONE', *, *, #756, .T. ) ;
#6778 = CARTESIAN_POINT ( 'NONE',  ( 0.4150275325859530962, 0.2939683980603484126, 0.08267716535532965150 ) ) ;
#6779 = FACE_OUTER_BOUND ( 'NONE', #2018, .T. ) ;
#6780 = CARTESIAN_POINT ( 'NONE',  ( -0.1952086878864878472, 0.2545983193201908357, 0.4251968503946996769 ) ) ;
#6781 = EDGE_CURVE ( 'NONE', #7421, #5362, #3046, .T. ) ;
#6782 = CARTESIAN_POINT ( 'NONE',  ( 0.2831377688064256049, 0.01050383113121446804, -0.01181102362104828607 ) ) ;
#6783 = DIRECTION ( 'NONE',  ( 2.853163611764896357E-16, -1.000000000000000000, 0.000000000000000000 ) ) ;
#6784 = CARTESIAN_POINT ( 'NONE',  ( 0.1630590286489452811, -0.1765040428845335574, -0.05905511810923725485 ) ) ;
#6785 = EDGE_LOOP ( 'NONE', ( #1346, #2375, #4138, #5246 ) ) ;
#6786 = ORIENTED_EDGE ( 'NONE', *, *, #4996, .T. ) ;
#6787 = CYLINDRICAL_SURFACE ( 'NONE', #5785, 0.007874015748031516770 ) ;
#6788 = LINE ( 'NONE', #872, #2020 ) ;
#6789 = DIRECTION ( 'NONE',  ( 0.8395701571521511086, 1.927060788837424874E-16, 0.5432512781572744753 ) ) ;
#6790 = EDGE_CURVE ( 'NONE', #5413, #6896, #1303, .T. ) ;
#6791 = FACE_OUTER_BOUND ( 'NONE', #2539, .T. ) ;
#6792 = EDGE_LOOP ( 'NONE', ( #3929, #6206, #998, #1576 ) ) ;
#6793 = VERTEX_POINT ( 'NONE', #4233 ) ;
#6794 = DIRECTION ( 'NONE',  ( -1.685446266610458883E-16, -8.326672684688672821E-17, 1.000000000000000000 ) ) ;
#6795 = CYLINDRICAL_SURFACE ( 'NONE', #6463, 0.01427165354330715494 ) ;
#6796 = CARTESIAN_POINT ( 'NONE',  ( -0.3015079004849131050, -0.04855128697902173773, -0.05905511810923725485 ) ) ;
#6797 = DIRECTION ( 'NONE',  ( 0.000000000000000000, -1.000000000000000000, 0.000000000000000000 ) ) ;
#6798 = ORIENTED_EDGE ( 'NONE', *, *, #1325, .T. ) ;
#6799 = ORIENTED_EDGE ( 'NONE', *, *, #6594, .T. ) ;
#6800 =( NAMED_UNIT ( * ) PLANE_ANGLE_UNIT ( ) SI_UNIT ( $, .RADIAN. ) );
#6801 = CARTESIAN_POINT ( 'NONE',  ( -0.4038701052093225385, -0.1784725468215414557, 0.1771653543317075752 ) ) ;
#6802 = CARTESIAN_POINT ( 'NONE',  ( -0.2522953020597160645, 0.000000000000000000, -0.2283464566919144179 ) ) ;
#6803 = ORIENTED_EDGE ( 'NONE', *, *, #6564, .T. ) ;
#6804 = CARTESIAN_POINT ( 'NONE',  ( 0.4229015483339844672, 0.3254644610524742854, 0.5551181102372608756 ) ) ;
#6805 = ADVANCED_FACE ( 'NONE', ( #4750 ), #5173, .T. ) ;
#6806 = ORIENTED_EDGE ( 'NONE', *, *, #6491, .F. ) ;
#6807 = EDGE_CURVE ( 'NONE', #360, #6759, #1773, .T. ) ;
#6808 = ORIENTED_EDGE ( 'NONE', *, *, #1970, .T. ) ;
#6809 = DIRECTION ( 'NONE',  ( 0.000000000000000000, 0.000000000000000000, -1.000000000000000000 ) ) ;
#6810 = CIRCLE ( 'NONE', #5850, 0.005905511810807292407 ) ;
#6811 = CARTESIAN_POINT ( 'NONE',  ( -0.2798543571778265293, 0.1994802090839704611, 0.1771653543317075752 ) ) ;
#6812 = EDGE_CURVE ( 'NONE', #3383, #1455, #4680, .T. ) ;
#6813 = PRODUCT_CONTEXT ( 'NONE', #7051, 'mechanical' ) ;
#6814 = DIRECTION ( 'NONE',  ( 0.000000000000000000, 0.000000000000000000, -1.000000000000000000 ) ) ;
#6815 = CARTESIAN_POINT ( 'NONE',  ( -0.2896968768628658819, -0.1548504995774468984, 0.1771653543317075752 ) ) ;
#6816 = DIRECTION ( 'NONE',  ( -1.000000000000000000, 0.000000000000000000, 0.000000000000000000 ) ) ;
#6817 = EDGE_CURVE ( 'NONE', #3380, #1527, #4560, .T. ) ;
#6818 = EDGE_LOOP ( 'NONE', ( #6627, #4497, #1446, #7335, #4181 ) ) ;
#6819 = ADVANCED_FACE ( 'NONE', ( #633, #785, #4794, #7121, #6551, #2932, #60 ), #1811, .T. ) ;
#6820 = ORIENTED_EDGE ( 'NONE', *, *, #1273, .F. ) ;
#6821 = CARTESIAN_POINT ( 'NONE',  ( -0.4196181367053856692, 0.2664093429422378367, -0.01181102362104828607 ) ) ;
#6822 = DIRECTION ( 'NONE',  ( -1.000000000000000000, -1.983724587533855523E-16, -1.685446266610459130E-16 ) ) ;
#6823 = EDGE_CURVE ( 'NONE', #3928, #438, #3378, .T. ) ;
#6824 = VECTOR ( 'NONE', #6377, 39.37007874015748143 ) ;
#6825 = B_SPLINE_CURVE_WITH_KNOTS ( 'NONE', 3,
 ( #2245, #5625, #6766, #499, #5664, #1574 ),
 .UNSPECIFIED., .F., .F.,
 ( 4, 2, 4 ),
 ( 0.000000000000000000, 0.5000000000000000000, 1.000000000000000000 ),
 .UNSPECIFIED. ) ;
#6826 = CARTESIAN_POINT ( 'NONE',  ( 0.000000000000000000, -0.2355591609947698117, -0.2283464566919144179 ) ) ;
#6827 = CARTESIAN_POINT ( 'NONE',  ( 0.2772322569954019378, 0.01050383113121446804, -0.01181102362104828607 ) ) ;
#6828 = LINE ( 'NONE', #4942, #2349 ) ;
#6829 = FACE_OUTER_BOUND ( 'NONE', #3680, .T. ) ;
#6830 = EDGE_LOOP ( 'NONE', ( #6936, #512, #5847, #4131, #3264, #854, #3751, #5014, #2254, #3997, #4948, #6390, #1463, #2950 ) ) ;
#6831 = CIRCLE ( 'NONE', #3072, 0.007874015748031516770 ) ;
#6832 = EDGE_LOOP ( 'NONE', ( #2138, #4498, #5655, #3088 ) ) ;
#6833 = ADVANCED_BREP_SHAPE_REPRESENTATION ( 'Same_Sky_PR28-3V-360-1A-E', ( #1315, #3398, #3341, #5971, #5860, #3428, #3849 ), #2165 ) ;
#6834 = DIRECTION ( 'NONE',  ( 0.000000000000000000, 0.000000000000000000, -1.000000000000000000 ) ) ;
#6835 = CIRCLE ( 'NONE', #2479, 0.04724409448818896184 ) ;
#6836 = CARTESIAN_POINT ( 'NONE',  ( -0.3211929398549918102, -0.02099223186091146720, -0.01181102362104828087 ) ) ;
#6837 = CARTESIAN_POINT ( 'NONE',  ( -0.2896968768628658819, 0.1994802090839704611, 0.1574803149616288978 ) ) ;
#6838 = DIRECTION ( 'NONE',  ( 2.282530889443167515E-16, -1.000000000000000000, 0.000000000000000000 ) ) ;
#6839 = ORIENTED_EDGE ( 'NONE', *, *, #7292, .F. ) ;
#6840 = ORIENTED_EDGE ( 'NONE', *, *, #3291, .F. ) ;
#6841 = VECTOR ( 'NONE', #907, 39.37007874015748143 ) ;
#6842 = ADVANCED_FACE ( 'NONE', ( #3340 ), #1149, .T. ) ;
#6843 = FACE_OUTER_BOUND ( 'NONE', #3730, .T. ) ;
#6844 = VECTOR ( 'NONE', #5562, 39.37007874015748143 ) ;
#6845 = FACE_OUTER_BOUND ( 'NONE', #2790, .T. ) ;
#6846 = ORIENTED_EDGE ( 'NONE', *, *, #3149, .T. ) ;
#6847 = DIRECTION ( 'NONE',  ( -1.685446266610458883E-16, -8.326672684688672821E-17, 1.000000000000000000 ) ) ;
#6848 = EDGE_LOOP ( 'NONE', ( #1437, #1404, #3155, #4506 ) ) ;
#6849 = ORIENTED_EDGE ( 'NONE', *, *, #4264, .T. ) ;
#6850 = FACE_OUTER_BOUND ( 'NONE', #476, .T. ) ;
#6851 = CIRCLE ( 'NONE', #3693, 0.003937007874015733232 ) ;
#6852 = CARTESIAN_POINT ( 'NONE',  ( -0.06922443591798399520, 0.01050383113121447672, -0.03543307086514277393 ) ) ;
#6853 = DIRECTION ( 'NONE',  ( -1.000000000000000000, 0.000000000000000000, 0.000000000000000000 ) ) ;
#6854 = CARTESIAN_POINT ( 'NONE',  ( -0.08103545954003095464, -0.2808347515459509447, -0.04724409448718972643 ) ) ;
#6855 = FACE_OUTER_BOUND ( 'NONE', #576, .T. ) ;
#6856 = AXIS2_PLACEMENT_3D ( 'NONE', #6273, #496, #2800 ) ;
#6857 = FACE_OUTER_BOUND ( 'NONE', #3199, .T. ) ;
#6858 = LINE ( 'NONE', #5838, #6123 ) ;
#6859 = EDGE_CURVE ( 'NONE', #2682, #2681, #4087, .T. ) ;
#6860 = ORIENTED_EDGE ( 'NONE', *, *, #2198, .T. ) ;
#6861 = VERTEX_POINT ( 'NONE', #2177 ) ;
#6862 = CARTESIAN_POINT ( 'NONE',  ( -0.2700118374927871767, 0.1994802090839704611, 0.1574803149616288978 ) ) ;
#6863 = VECTOR ( 'NONE', #2407, 39.37007874015748143 ) ;
#6864 = EDGE_CURVE ( 'NONE', #4004, #5252, #2292, .T. ) ;
#6865 = EDGE_CURVE ( 'NONE', #2106, #4974, #7385, .T. ) ;
#6866 = LINE ( 'NONE', #1246, #3292 ) ;
#6867 = DIRECTION ( 'NONE',  ( -0.000000000000000000, -0.000000000000000000, -1.000000000000000000 ) ) ;
#6868 = CARTESIAN_POINT ( 'NONE',  ( -0.3015079004849131050, -0.04855128697902173773, -0.05905511810923725485 ) ) ;
#6869 = VECTOR ( 'NONE', #2385, 39.37007874015748143 ) ;
#6870 = ADVANCED_FACE ( 'NONE', ( #999 ), #2211, .F. ) ;
#6871 = CIRCLE ( 'NONE', #2984, 0.02362204724409448092 ) ;
#6872 = EDGE_LOOP ( 'NONE', ( #1725, #1826, #307, #5762 ) ) ;
#6873 = ORIENTED_EDGE ( 'NONE', *, *, #3274, .T. ) ;
#6874 = CARTESIAN_POINT ( 'NONE',  ( -0.4353661682014484668, 0.2250707602650726946, -0.09055118110136337051 ) ) ;
#6875 = VECTOR ( 'NONE', #1236, 39.37007874015748143 ) ;
#6876 = AXIS2_PLACEMENT_3D ( 'NONE', #6561, #1360, #7210 ) ;
#6877 = CARTESIAN_POINT ( 'NONE',  ( 0.4307755640820161158, 0.2250707602650731110, -0.09055118110136325948 ) ) ;
#6878 = DIRECTION ( 'NONE',  ( 0.000000000000000000, 0.000000000000000000, -1.000000000000000000 ) ) ;
#6879 = CARTESIAN_POINT ( 'NONE',  ( -0.3487519949731019420, 0.03018887050129321833, -0.2283464566919144179 ) ) ;
#6880 = DIRECTION ( 'NONE',  ( 0.000000000000000000, 0.000000000000000000, -1.000000000000000000 ) ) ;
#6881 = EDGE_CURVE ( 'NONE', #6490, #6139, #6922, .T. ) ;
#6882 = EDGE_LOOP ( 'NONE', ( #2216, #5782, #5166, #2941 ) ) ;
#6883 = ORIENTED_EDGE ( 'NONE', *, *, #2819, .F. ) ;
#6884 = CIRCLE ( 'NONE', #3355, 0.003937007874015724558 ) ;
#6885 = VECTOR ( 'NONE', #566, 39.37007874015748143 ) ;
#6886 = ORIENTED_EDGE ( 'NONE', *, *, #5276, .T. ) ;
#6887 = CARTESIAN_POINT ( 'NONE',  ( 0.4307755640820163379, -0.2965827830420139644, -0.08267716535333172190 ) ) ;
#6888 = UNCERTAINTY_MEASURE_WITH_UNIT (LENGTH_MEASURE( 1.000000000000000082E-05 ), #6311, 'distance_accuracy_value', 'NONE');
#6889 = DIRECTION ( 'NONE',  ( 0.000000000000000000, 0.000000000000000000, 1.000000000000000000 ) ) ;
#6890 = AXIS2_PLACEMENT_3D ( 'NONE', #3923, #6320, #6853 ) ;
#6891 = DIRECTION ( 'NONE',  ( -1.000000000000000000, -2.834079232620525851E-16, -1.685446266610459130E-16 ) ) ;
#6892 = LINE ( 'NONE', #4070, #1000 ) ;
#6893 = EDGE_CURVE ( 'NONE', #6122, #4950, #4558, .T. ) ;
#6894 = DIRECTION ( 'NONE',  ( 0.000000000000000000, 0.000000000000000000, 1.000000000000000000 ) ) ;
#6895 = ORIENTED_EDGE ( 'NONE', *, *, #2820, .T. ) ;
#6896 = VERTEX_POINT ( 'NONE', #5127 ) ;
#6897 = CARTESIAN_POINT ( 'NONE',  ( -0.4196181367053856692, -0.2060316019396517262, -0.01181102362104828607 ) ) ;
#6898 = CARTESIAN_POINT ( 'NONE',  ( -0.2819737225386237389, -0.1548504995774469539, 0.06608757584759619719 ) ) ;
#6899 = CARTESIAN_POINT ( 'NONE',  ( -0.1912716800124721617, 0.2270392642020806762, -0.05905511810923725485 ) ) ;
#6900 = CARTESIAN_POINT ( 'NONE',  ( -0.4078071130833383906, 0.3057794216823956357, -0.03543307086514277393 ) ) ;
#6901 = DIRECTION ( 'NONE',  ( -1.685446266610458883E-16, -8.326672684688672821E-17, 1.000000000000000000 ) ) ;
#6902 = EDGE_LOOP ( 'NONE', ( #6114, #6917, #811, #1583 ) ) ;
#6903 = ORIENTED_EDGE ( 'NONE', *, *, #2454, .T. ) ;
#6904 = LINE ( 'NONE', #6821, #5170 ) ;
#6905 = CYLINDRICAL_SURFACE ( 'NONE', #4013, 0.02362204724409448092 ) ;
#6906 = DIRECTION ( 'NONE',  ( 2.551063935260010491E-16, -1.000000000000000000, 0.000000000000000000 ) ) ;
#6907 = DIRECTION ( 'NONE',  ( 0.000000000000000000, 0.000000000000000000, -1.000000000000000000 ) ) ;
#6908 = DIRECTION ( 'NONE',  ( 0.000000000000000000, 0.000000000000000000, 1.000000000000000000 ) ) ;
#6909 = VERTEX_POINT ( 'NONE', #7347 ) ;
#6910 = EDGE_CURVE ( 'NONE', #659, #2334, #1685, .T. ) ;
#6911 = EDGE_CURVE ( 'NONE', #1279, #6200, #6240, .T. ) ;
#6912 = EDGE_CURVE ( 'NONE', #1073, #393, #6770, .T. ) ;
#6913 = DIRECTION ( 'NONE',  ( 1.685446266610458883E-16, 8.326672684688672821E-17, -1.000000000000000000 ) ) ;
#6914 = DIRECTION ( 'NONE',  ( 1.685446266610458883E-16, 8.326672684688672821E-17, -1.000000000000000000 ) ) ;
#6915 = DIRECTION ( 'NONE',  ( -0.7071067811865514585, 0.000000000000000000, 0.7071067811865433539 ) ) ;
#6916 = DIRECTION ( 'NONE',  ( 0.000000000000000000, 0.000000000000000000, -1.000000000000000000 ) ) ;
#6917 = ORIENTED_EDGE ( 'NONE', *, *, #840, .T. ) ;
#6918 = ORIENTED_EDGE ( 'NONE', *, *, #5910, .F. ) ;
#6919 = ORIENTED_EDGE ( 'NONE', *, *, #1850, .F. ) ;
#6920 = EDGE_CURVE ( 'NONE', #448, #3562, #4480, .T. ) ;
#6921 = FACE_OUTER_BOUND ( 'NONE', #3900, .T. ) ;
#6922 = LINE ( 'NONE', #3913, #5053 ) ;
#6923 = ADVANCED_FACE ( 'NONE', ( #5901 ), #4224, .F. ) ;
#6924 = DIRECTION ( 'NONE',  ( 0.000000000000000000, 1.000000000000000000, 0.000000000000000000 ) ) ;
#6925 = DIRECTION ( 'NONE',  ( -1.000000000000000000, 0.000000000000000000, 0.000000000000000000 ) ) ;
#6926 = ORIENTED_EDGE ( 'NONE', *, *, #5340, .T. ) ;
#6927 = FACE_OUTER_BOUND ( 'NONE', #2609, .T. ) ;
#6928 = ORIENTED_EDGE ( 'NONE', *, *, #2463, .T. ) ;
#6929 = ORIENTED_EDGE ( 'NONE', *, *, #4176, .F. ) ;
#6930 = LINE ( 'NONE', #6897, #581 ) ;
#6931 = DIRECTION ( 'NONE',  ( 0.000000000000000000, 0.000000000000000000, 1.000000000000000000 ) ) ;
#6932 = CARTESIAN_POINT ( 'NONE',  ( 0.2496732018772915840, 0.3097164295564113212, -0.01181102362104828607 ) ) ;
#6933 = FACE_OUTER_BOUND ( 'NONE', #7036, .T. ) ;
#6934 = PLANE ( 'NONE',  #303 ) ;
#6935 = EDGE_LOOP ( 'NONE', ( #1166, #4396 ) ) ;
#6936 = ORIENTED_EDGE ( 'NONE', *, *, #2000, .F. ) ;
#6937 = DIRECTION ( 'NONE',  ( -1.685446266610458883E-16, -8.326672684688672821E-17, 1.000000000000000000 ) ) ;
#6938 = CARTESIAN_POINT ( 'NONE',  ( -0.4196181367053856692, -0.1568190035144548522, -0.03543307086514277393 ) ) ;
#6939 = CIRCLE ( 'NONE', #880, 0.01427165354330715494 ) ;
#6940 = DIRECTION ( 'NONE',  ( 8.122061593601360506E-17, -0.7071067811865476838, 0.7071067811865474617 ) ) ;
#6941 = DIRECTION ( 'NONE',  ( 0.000000000000000000, 0.000000000000000000, -1.000000000000000000 ) ) ;
#6942 = DIRECTION ( 'NONE',  ( 0.000000000000000000, 1.000000000000000000, 0.000000000000000000 ) ) ;
#6943 = ORIENTED_EDGE ( 'NONE', *, *, #2564, .T. ) ;
#6944 = ORIENTED_EDGE ( 'NONE', *, *, #1031, .T. ) ;
#6945 = CIRCLE ( 'NONE', #2931, 0.003937007874015741038 ) ;
#6946 = CARTESIAN_POINT ( 'NONE',  ( -0.4038701052093223165, 0.2939683980603482460, 0.08267716535532952660 ) ) ;
#6947 = DIRECTION ( 'NONE',  ( 2.834079232620525851E-16, -1.000000000000000000, -8.326672684688667890E-17 ) ) ;
#6948 = FACE_OUTER_BOUND ( 'NONE', #7165, .T. ) ;
#6949 = CARTESIAN_POINT ( 'NONE',  ( -0.4038701052093224830, 0.09711800435956068067, 0.4881889763789515890 ) ) ;
#6950 = EDGE_CURVE ( 'NONE', #4830, #2146, #3037, .T. ) ;
#6951 = VECTOR ( 'NONE', #7323, 39.37007874015748143 ) ;
#6952 = AXIS2_PLACEMENT_3D ( 'NONE', #2014, #6569, #4734 ) ;
#6953 = CARTESIAN_POINT ( 'NONE',  ( 0.1433739892788664927, -0.1568190035144548522, -0.05905511810923725485 ) ) ;
#6954 = ORIENTED_EDGE ( 'NONE', *, *, #6142, .T. ) ;
#6955 = ORIENTED_EDGE ( 'NONE', *, *, #1774, .F. ) ;
#6956 = ORIENTED_EDGE ( 'NONE', *, *, #1440, .T. ) ;
#6957 = CIRCLE ( 'NONE', #3922, 0.007874015748031516770 ) ;
#6958 = CARTESIAN_POINT ( 'NONE',  ( -0.2326102626896373038, 0.2467243035721593536, -0.03543307086514277393 ) ) ;
#6959 = EDGE_CURVE ( 'NONE', #3222, #6122, #7034, .T. ) ;
#6960 = EDGE_CURVE ( 'NONE', #5403, #2804, #1761, .T. ) ;
#6961 = CARTESIAN_POINT ( 'NONE',  ( -0.3290669556030233478, 0.08924398861152943452, -0.03543307086514277393 ) ) ;
#6962 = CIRCLE ( 'NONE', #4770, 0.005905511810807292407 ) ;
#6963 = ORIENTED_EDGE ( 'NONE', *, *, #3618, .F. ) ;
#6964 =( NAMED_UNIT ( * ) SI_UNIT ( $, .STERADIAN. ) SOLID_ANGLE_UNIT ( ) );
#6965 = EDGE_CURVE ( 'NONE', #5531, #1549, #5666, .T. ) ;
#6966 = ORIENTED_EDGE ( 'NONE', *, *, #51, .T. ) ;
#6967 = VERTEX_POINT ( 'NONE', #89 ) ;
#6968 = CARTESIAN_POINT ( 'NONE',  ( -0.2345787666266453686, 0.2939683980603482460, 0.5314960629931247960 ) ) ;
#6969 = DIRECTION ( 'NONE',  ( 1.000000000000000000, 2.834079232620525851E-16, 1.685446266610459130E-16 ) ) ;
#6970 = VECTOR ( 'NONE', #4960, 39.37007874015748143 ) ;
#6971 = DIRECTION ( 'NONE',  ( -1.000000000000000000, 0.000000000000000000, 0.000000000000000000 ) ) ;
#6972 = CARTESIAN_POINT ( 'NONE',  ( 0.4110905247119373551, -0.2768977436719350926, -0.03149606299112701902 ) ) ;
#6973 = DIRECTION ( 'NONE',  ( -0.000000000000000000, 0.000000000000000000, 1.000000000000000000 ) ) ;
#6974 = LINE ( 'NONE', #5685, #1876 ) ;
#6975 = ADVANCED_FACE ( 'NONE', ( #735 ), #2406, .F. ) ;
#6976 = VERTEX_POINT ( 'NONE', #1193 ) ;
#6977 = ORIENTED_EDGE ( 'NONE', *, *, #4530, .T. ) ;
#6978 = LINE ( 'NONE', #3583, #6525 ) ;
#6979 = CARTESIAN_POINT ( 'NONE',  ( -0.002295302059716200667, 0.01050383113121429804, 0.5314960629931249070 ) ) ;
#6980 = AXIS2_PLACEMENT_3D ( 'NONE', #4546, #3369, #1222 ) ;
#6981 = DIRECTION ( 'NONE',  ( 1.685446266610458883E-16, 8.326672684688672821E-17, -1.000000000000000000 ) ) ;
#6982 = DIRECTION ( 'NONE',  ( -1.685446266610458883E-16, -8.326672684688672821E-17, 1.000000000000000000 ) ) ;
#6983 = CARTESIAN_POINT ( 'NONE',  ( -0.3172559319809760137, 0.06955894924145039626, 0.5157480314970618318 ) ) ;
#6984 = CARTESIAN_POINT ( 'NONE',  ( -0.4196181367053856692, 0.2979054059343640426, -0.03149606299112701902 ) ) ;
#6985 = ADVANCED_FACE ( 'NONE', ( #4709 ), #2439, .F. ) ;
#6986 = ORIENTED_EDGE ( 'NONE', *, *, #5471, .F. ) ;
#6987 = ORIENTED_EDGE ( 'NONE', *, *, #4171, .T. ) ;
#6988 = VECTOR ( 'NONE', #6924, 39.37007874015748143 ) ;
#6989 = DIRECTION ( 'NONE',  ( 1.510487145370031620E-46, 1.000000000000000000, -1.445602896647339903E-15 ) ) ;
#6990 = CARTESIAN_POINT ( 'NONE',  ( 0.4229015483339844672, 0.3254644610524742854, 0.5551181102372194642 ) ) ;
#6991 = CARTESIAN_POINT ( 'NONE',  ( -0.08103545954003116281, 0.3018424138083798947, -0.03740157480215068608 ) ) ;
#6992 = AXIS2_PLACEMENT_3D ( 'NONE', #5592, #3872, #6202 ) ;
#6993 = DIRECTION ( 'NONE',  ( 0.000000000000000000, 0.000000000000000000, 1.000000000000000000 ) ) ;
#6994 = VECTOR ( 'NONE', #2588, 39.37007874015748143 ) ;
#6995 = LINE ( 'NONE', #1103, #665 ) ;
#6996 = ORIENTED_EDGE ( 'NONE', *, *, #1299, .F. ) ;
#6997 = ORIENTED_EDGE ( 'NONE', *, *, #6893, .T. ) ;
#6998 = VECTOR ( 'NONE', #4239, 39.37007874015748143 ) ;
#6999 = CIRCLE ( 'NONE', #6876, 0.03740157480314958843 ) ;
#7000 = DIRECTION ( 'NONE',  ( -1.000000000000000000, 0.000000000000000000, 0.000000000000000000 ) ) ;
#7001 = FILL_AREA_STYLE_COLOUR ( '', #5243 ) ;
#7002 = AXIS2_PLACEMENT_3D ( 'NONE', #5679, #3962, #1618 ) ;
#7003 = CIRCLE ( 'NONE', #95, 0.01181102362204724046 ) ;
#7004 = PLANE ( 'NONE',  #3209 ) ;
#7005 = ORIENTED_EDGE ( 'NONE', *, *, #7348, .T. ) ;
#7006 =( CONVERSION_BASED_UNIT ( 'INCH', #4679 ) LENGTH_UNIT ( ) NAMED_UNIT ( #3196 ) );
#7007 = EDGE_CURVE ( 'NONE', #3397, #659, #1836, .T. ) ;
#7008 = EDGE_CURVE ( 'NONE', #1073, #4516, #160, .T. ) ;
#7009 = VECTOR ( 'NONE', #6834, 39.37007874015748143 ) ;
#7010 = EDGE_CURVE ( 'NONE', #824, #4168, #587, .T. ) ;
#7011 = CARTESIAN_POINT ( 'NONE',  ( -0.2345787666266453686, 0.2545983193201907802, 0.5314960629931247960 ) ) ;
#7012 = LINE ( 'NONE', #3757, #3185 ) ;
#7013 = DIRECTION ( 'NONE',  ( -1.000000000000000000, 1.734723475976808475E-15, 0.000000000000000000 ) ) ;
#7014 = VECTOR ( 'NONE', #4773, 39.37007874015748143 ) ;
#7015 = ORIENTED_EDGE ( 'NONE', *, *, #5849, .T. ) ;
#7016 = ORIENTED_EDGE ( 'NONE', *, *, #4681, .F. ) ;
#7017 = CYLINDRICAL_SURFACE ( 'NONE', #2278, 0.02952755905511813758 ) ;
#7018 = DIRECTION ( 'NONE',  ( 0.000000000000000000, 0.000000000000000000, -1.000000000000000000 ) ) ;
#7019 = EDGE_CURVE ( 'NONE', #157, #4747, #1229, .T. ) ;
#7020 = FACE_BOUND ( 'NONE', #5280, .T. ) ;
#7021 = DIRECTION ( 'NONE',  ( 2.834079232620525851E-16, -1.000000000000000000, -8.326672684688667890E-17 ) ) ;
#7022 = CYLINDRICAL_SURFACE ( 'NONE', #3315, 0.01968503937007875723 ) ;
#7023 = ORIENTED_EDGE ( 'NONE', *, *, #6182, .T. ) ;
#7024 = ORIENTED_EDGE ( 'NONE', *, *, #1031, .F. ) ;
#7025 = CARTESIAN_POINT ( 'NONE',  ( -0.2798543571778265293, 0.1758581618398758484, 0.06299212598525093243 ) ) ;
#7026 = EDGE_CURVE ( 'NONE', #3283, #5770, #2923, .T. ) ;
#7027 = CARTESIAN_POINT ( 'NONE',  ( -0.3487519949731019420, -0.009181208238864266638, -0.01181102362104828607 ) ) ;
#7028 = DIRECTION ( 'NONE',  ( 1.000000000000000000, 2.834079232620525851E-16, 1.685446266610459130E-16 ) ) ;
#7029 = CARTESIAN_POINT ( 'NONE',  ( -0.3881220737132595744, 0.1522361145957813744, 0.1771653543317075752 ) ) ;
#7030 = FACE_OUTER_BOUND ( 'NONE', #4056, .T. ) ;
#7031 = ORIENTED_EDGE ( 'NONE', *, *, #4975, .F. ) ;
#7032 = ORIENTED_EDGE ( 'NONE', *, *, #4947, .F. ) ;
#7033 = EDGE_LOOP ( 'NONE', ( #2247, #2100, #7232, #6235 ) ) ;
#7034 = LINE ( 'NONE', #2891, #4690 ) ;
#7035 = DIRECTION ( 'NONE',  ( -1.000000000000000000, 0.000000000000000000, -5.706327223607911392E-17 ) ) ;
#7036 = EDGE_LOOP ( 'NONE', ( #4608, #1971, #7139, #1759 ) ) ;
#7037 = CARTESIAN_POINT ( 'NONE',  ( -0.4038701052093223165, -0.07611034209713225807, 0.4881889763789515335 ) ) ;
#7038 = VERTEX_POINT ( 'NONE', #4741 ) ;
#7039 = FACE_OUTER_BOUND ( 'NONE', #940, .T. ) ;
#7040 = CARTESIAN_POINT ( 'NONE',  ( 0.05675981605052007190, 0.01050383113121430498, 0.5314960629931249070 ) ) ;
#7041 = CARTESIAN_POINT ( 'NONE',  ( -0.3015079004849131050, 0.06955894924145068769, -0.05905511810923725485 ) ) ;
#7042 = DIRECTION ( 'NONE',  ( -1.685446266610458883E-16, -8.326672684688672821E-17, 1.000000000000000000 ) ) ;
#7043 = DIRECTION ( 'NONE',  ( -1.000000000000000000, -2.834079232620525851E-16, -1.685446266610459130E-16 ) ) ;
#7044 = EDGE_CURVE ( 'NONE', #1180, #3290, #1873, .T. ) ;
#7045 = EDGE_LOOP ( 'NONE', ( #2725, #2495 ) ) ;
#7046 = ORIENTED_EDGE ( 'NONE', *, *, #287, .T. ) ;
#7047 = ORIENTED_EDGE ( 'NONE', *, *, #1716, .T. ) ;
#7048 = EDGE_CURVE ( 'NONE', #7354, #2682, #4183, .T. ) ;
#7049 = CARTESIAN_POINT ( 'NONE',  ( -0.4353661682014484668, 0.07743296498948187834, 0.5551181102372192422 ) ) ;
#7050 = LINE ( 'NONE', #224, #935 ) ;
#7051 = APPLICATION_CONTEXT ( 'automotive_design' ) ;
#7052 = CARTESIAN_POINT ( 'NONE',  ( 0.4307755640820160048, 0.3254644610524742854, 0.5551181102372194642 ) ) ;
#7053 = CYLINDRICAL_SURFACE ( 'NONE', #6030, 0.007874015748031516770 ) ;
#7054 = EDGE_CURVE ( 'NONE', #4596, #2417, #624, .T. ) ;
#7055 = CARTESIAN_POINT ( 'NONE',  ( -0.3487519949731019420, 0.03018887050129322527, -0.03543307086514277393 ) ) ;
#7056 = EDGE_CURVE ( 'NONE', #7214, #4582, #5058, .T. ) ;
#7057 = DIRECTION ( 'NONE',  ( 0.000000000000000000, -1.000000000000000000, 0.000000000000000000 ) ) ;
#7058 = ORIENTED_EDGE ( 'NONE', *, *, #1816, .F. ) ;
#7059 = DIRECTION ( 'NONE',  ( 2.834079232620525851E-16, -1.000000000000000000, -8.326672684688667890E-17 ) ) ;
#7060 = AXIS2_PLACEMENT_3D ( 'NONE', #3302, #357, #7235 ) ;
#7061 = DIRECTION ( 'NONE',  ( 0.000000000000000000, 0.000000000000000000, -1.000000000000000000 ) ) ;
#7062 = CARTESIAN_POINT ( 'NONE',  ( 0.4307755640820168930, 0.2880628862493248010, -0.09055118110136325948 ) ) ;
#7063 = DIRECTION ( 'NONE',  ( -2.282530889443167515E-16, 1.000000000000000000, 0.000000000000000000 ) ) ;
#7064 = LINE ( 'NONE', #2434, #2856 ) ;
#7065 = DIRECTION ( 'NONE',  ( -1.000000000000000000, 8.673617379884033007E-17, 0.000000000000000000 ) ) ;
#7066 = VERTEX_POINT ( 'NONE', #54 ) ;
#7067 = ORIENTED_EDGE ( 'NONE', *, *, #4254, .T. ) ;
#7068 = AXIS2_PLACEMENT_3D ( 'NONE', #6274, #6688, #6723 ) ;
#7069 = EDGE_CURVE ( 'NONE', #802, #3765, #2037, .T. ) ;
#7070 = ORIENTED_EDGE ( 'NONE', *, *, #3012, .F. ) ;
#7071 = DIRECTION ( 'NONE',  ( -2.834079232620525851E-16, 1.000000000000000000, 8.326672684688667890E-17 ) ) ;
#7072 = AXIS2_PLACEMENT_3D ( 'NONE', #7399, #3210, #4495 ) ;
#7073 = CARTESIAN_POINT ( 'NONE',  ( -0.2621378217447554171, 0.2467243035721593536, -0.03543307086514277393 ) ) ;
#7074 = SURFACE_SIDE_STYLE ('',( #4829 ) ) ;
#7075 = ORIENTED_EDGE ( 'NONE', *, *, #609, .T. ) ;
#7076 = FACE_OUTER_BOUND ( 'NONE', #1196, .T. ) ;
#7077 = EDGE_CURVE ( 'NONE', #6154, #5347, #6884, .T. ) ;
#7078 = ORIENTED_EDGE ( 'NONE', *, *, #4763, .F. ) ;
#7079 = AXIS2_PLACEMENT_3D ( 'NONE', #1680, #3834, #5049 ) ;
#7080 = DIRECTION ( 'NONE',  ( -1.000000000000000000, 0.000000000000000000, 0.000000000000000000 ) ) ;
#7081 = DIRECTION ( 'NONE',  ( 1.000000000000000000, 2.834079232620525851E-16, 1.685446266610459130E-16 ) ) ;
#7082 = VECTOR ( 'NONE', #5726, 39.37007874015748143 ) ;
#7083 = CARTESIAN_POINT ( 'NONE',  ( -0.4196181367053852251, -0.2887087672939826488, -0.07086614173128448491 ) ) ;
#7084 = ORIENTED_EDGE ( 'NONE', *, *, #3469, .F. ) ;
#7085 = ORIENTED_EDGE ( 'NONE', *, *, #7387, .F. ) ;
#7086 = ORIENTED_EDGE ( 'NONE', *, *, #5043, .T. ) ;
#7087 = DIRECTION ( 'NONE',  ( -1.000000000000000000, 0.000000000000000000, 0.000000000000000000 ) ) ;
#7088 = AXIS2_PLACEMENT_3D ( 'NONE', #6254, #3282, #2652 ) ;
#7089 = LINE ( 'NONE', #5416, #211 ) ;
#7090 = CARTESIAN_POINT ( 'NONE',  ( -0.4274921524534168182, -0.2965827830420141309, -0.07086614173128460981 ) ) ;
#7091 = FACE_OUTER_BOUND ( 'NONE', #937, .T. ) ;
#7092 = MECHANICAL_DESIGN_GEOMETRIC_PRESENTATION_REPRESENTATION (  '', ( #4532 ), #4182 ) ;
#7093 = LINE ( 'NONE', #836, #3906 ) ;
#7094 = FACE_OUTER_BOUND ( 'NONE', #5781, .T. ) ;
#7095 = VERTEX_POINT ( 'NONE', #5973 ) ;
#7096 = PLANE ( 'NONE',  #4683 ) ;
#7097 = EDGE_CURVE ( 'NONE', #2681, #2682, #3597, .T. ) ;
#7098 = VECTOR ( 'NONE', #6302, 39.37007874015748143 ) ;
#7099 = EDGE_CURVE ( 'NONE', #280, #4945, #3078, .T. ) ;
#7100 = CARTESIAN_POINT ( 'NONE',  ( -0.1952086878864878472, 0.2939683980603483016, 0.5314960629931247960 ) ) ;
#7101 = DIRECTION ( 'NONE',  ( 0.000000000000000000, 0.000000000000000000, 1.000000000000000000 ) ) ;
#7102 = FACE_OUTER_BOUND ( 'NONE', #5300, .T. ) ;
#7103 = CARTESIAN_POINT ( 'NONE',  ( 0.4307755640820161158, 0.3175904453044428588, -0.07086614173128448491 ) ) ;
#7104 = DIRECTION ( 'NONE',  ( -3.195787128251745723E-16, 0.7071067811865473507, 0.7071067811865475727 ) ) ;
#7105 = VECTOR ( 'NONE', #7159, 39.37007874015748143 ) ;
#7106 = ORIENTED_EDGE ( 'NONE', *, *, #3006, .T. ) ;
#7107 = ORIENTED_EDGE ( 'NONE', *, *, #3601, .T. ) ;
#7108 = DIRECTION ( 'NONE',  ( 0.000000000000000000, -1.000000000000000000, 0.000000000000000000 ) ) ;
#7109 = PRESENTATION_LAYER_ASSIGNMENT (  '', '', ( #1047 ) ) ;
#7110 = TOROIDAL_SURFACE ( 'NONE', #1542, 0.01033464566929138094, 0.003937007874015772263 ) ;
#7111 = DIRECTION ( 'NONE',  ( 0.000000000000000000, 1.000000000000000000, 0.000000000000000000 ) ) ;
#7112 = EDGE_CURVE ( 'NONE', #503, #3741, #4827, .T. ) ;
#7113 = CARTESIAN_POINT ( 'NONE',  ( -0.4078071130833383906, 0.3097164295564113212, -0.03149606299112701902 ) ) ;
#7114 = DIRECTION ( 'NONE',  ( 0.000000000000000000, 0.000000000000000000, -1.000000000000000000 ) ) ;
#7115 = ORIENTED_EDGE ( 'NONE', *, *, #4994, .F. ) ;
#7116 = DIRECTION ( 'NONE',  ( 1.000000000000000000, 0.000000000000000000, 0.000000000000000000 ) ) ;
#7117 = VECTOR ( 'NONE', #488, 39.37007874015748143 ) ;
#7118 = AXIS2_PLACEMENT_3D ( 'NONE', #6529, #3061, #2544 ) ;
#7119 = VERTEX_POINT ( 'NONE', #849 ) ;
#7120 = CARTESIAN_POINT ( 'NONE',  ( -0.2916653807998735859, 0.2467243035721593536, -0.03543307086514277393 ) ) ;
#7121 = FACE_BOUND ( 'NONE', #6435, .T. ) ;
#7122 = VECTOR ( 'NONE', #4080, 39.37007874015748143 ) ;
#7123 = EDGE_CURVE ( 'NONE', #1498, #4322, #6574, .T. ) ;
#7124 = VECTOR ( 'NONE', #1551, 39.37007874015748143 ) ;
#7125 = CARTESIAN_POINT ( 'NONE',  ( 0.3992795010898901875, -0.2729607357979192961, 0.5314960629931249070 ) ) ;
#7126 = CARTESIAN_POINT ( 'NONE',  ( -0.1755236485172577410, 0.01050383113121446804, -0.05905511811002143313 ) ) ;
#7127 = ORIENTED_EDGE ( 'NONE', *, *, #3279, .F. ) ;
#7128 = CARTESIAN_POINT ( 'NONE',  ( -0.3139944078678021944, -0.05181281109219608438, 0.5629921259852507243 ) ) ;
#7129 = ORIENTED_EDGE ( 'NONE', *, *, #4325, .T. ) ;
#7130 = AXIS2_PLACEMENT_3D ( 'NONE', #663, #4668, #7000 ) ;
#7131 = ORIENTED_EDGE ( 'NONE', *, *, #958, .T. ) ;
#7132 = CARTESIAN_POINT ( 'NONE',  ( -0.4149123802255602622, -0.2809424683782307808, -0.03543307086514277393 ) ) ;
#7133 = VECTOR ( 'NONE', #3883, 39.37007874015748143 ) ;
#7134 = DIRECTION ( 'NONE',  ( -1.685446266610458883E-16, -8.326672684688672821E-17, 1.000000000000000000 ) ) ;
#7135 = CARTESIAN_POINT ( 'NONE',  ( -0.2345787666266453686, 0.2545983193201908357, 0.4133858267726524538 ) ) ;
#7136 = CARTESIAN_POINT ( 'NONE',  ( -0.2719803414297943811, -4.718106832824521443E-16, -0.01181102362104828607 ) ) ;
#7137 = DIRECTION ( 'NONE',  ( -1.000000000000000000, 0.000000000000000000, 0.000000000000000000 ) ) ;
#7138 = CARTESIAN_POINT ( 'NONE',  ( 0.000000000000000000, -0.2158741216246910510, -0.01181102362104828607 ) ) ;
#7139 = ORIENTED_EDGE ( 'NONE', *, *, #1774, .T. ) ;
#7140 = LINE ( 'NONE', #1860, #3950 ) ;
#7141 = ADVANCED_FACE ( 'NONE', ( #3679 ), #6012, .T. ) ;
#7142 = DIRECTION ( 'NONE',  ( -2.834079232620525851E-16, 1.000000000000000000, 8.326672684688667890E-17 ) ) ;
#7143 = DIRECTION ( 'NONE',  ( 1.000000000000000000, 2.834079232620525851E-16, 1.685446266610459130E-16 ) ) ;
#7144 = CARTESIAN_POINT ( 'NONE',  ( -0.4353661682014484668, 0.3254644610524742299, -0.08267716535333186068 ) ) ;
#7145 = LINE ( 'NONE', #1410, #6994 ) ;
#7146 = LINE ( 'NONE', #1339, #4407 ) ;
#7147 = EDGE_CURVE ( 'NONE', #2184, #3365, #3117, .T. ) ;
#7148 = ORIENTED_EDGE ( 'NONE', *, *, #800, .F. ) ;
#7149 = EDGE_LOOP ( 'NONE', ( #3960, #4268, #7205, #1817 ) ) ;
#7150 = EDGE_CURVE ( 'NONE', #6414, #524, #1983, .T. ) ;
#7151 = ORIENTED_EDGE ( 'NONE', *, *, #1763, .F. ) ;
#7152 = DIRECTION ( 'NONE',  ( 0.000000000000000000, 0.000000000000000000, 1.000000000000000000 ) ) ;
#7153 = EDGE_CURVE ( 'NONE', #3753, #2889, #5439, .T. ) ;
#7154 = VERTEX_POINT ( 'NONE', #4898 ) ;
#7155 = ADVANCED_FACE ( 'NONE', ( #4858 ), #4696, .T. ) ;
#7156 = VERTEX_POINT ( 'NONE', #4338 ) ;
#7157 = EDGE_CURVE ( 'NONE', #3652, #7154, #6053, .T. ) ;
#7158 = CARTESIAN_POINT ( 'NONE',  ( -0.2935753825231119940, -0.1548504995774468984, 0.06701653313529108702 ) ) ;
#7159 = DIRECTION ( 'NONE',  ( 0.000000000000000000, 0.000000000000000000, -1.000000000000000000 ) ) ;
#7160 = EDGE_LOOP ( 'NONE', ( #328, #5720, #4771, #6997 ) ) ;
#7161 = VERTEX_POINT ( 'NONE', #5512 ) ;
#7162 = FACE_OUTER_BOUND ( 'NONE', #5636, .T. ) ;
#7163 = ORIENTED_EDGE ( 'NONE', *, *, #2831, .T. ) ;
#7164 = ORIENTED_EDGE ( 'NONE', *, *, #2223, .F. ) ;
#7165 = EDGE_LOOP ( 'NONE', ( #7086, #4591, #2064, #6720 ) ) ;
#7166 = EDGE_CURVE ( 'NONE', #4230, #901, #311, .T. ) ;
#7167 = CARTESIAN_POINT ( 'NONE',  ( -0.2463897902486925362, 0.09711800435956070843, 0.5314960629931247960 ) ) ;
#7168 = CARTESIAN_POINT ( 'NONE',  ( 0.07644485542059870076, 0.3097164295564113767, -0.02952755905411923870 ) ) ;
#7169 = DIRECTION ( 'NONE',  ( 1.685446266610458883E-16, 8.326672684688672821E-17, -1.000000000000000000 ) ) ;
#7170 = CARTESIAN_POINT ( 'NONE',  ( -0.4196181367053852251, -0.2887087672939826488, -0.09055118110136325948 ) ) ;
#7171 = DIRECTION ( 'NONE',  ( 0.000000000000000000, -1.000000000000000000, 0.000000000000000000 ) ) ;
#7172 = PLANE ( 'NONE',  #2483 ) ;
#7173 = ORIENTED_EDGE ( 'NONE', *, *, #2198, .F. ) ;
#7174 = CARTESIAN_POINT ( 'NONE',  ( -0.3330039634770389778, 0.000000000000000000, -0.2283464566919144179 ) ) ;
#7175 = CARTESIAN_POINT ( 'NONE',  ( 0.4150275325859529851, 0.2979054059343640426, 0.07086614173328242838 ) ) ;
#7176 = DIRECTION ( 'NONE',  ( 1.000000000000000000, 2.040851148208007998E-16, 0.000000000000000000 ) ) ;
#7177 = CARTESIAN_POINT ( 'NONE',  ( 0.1866810758930398662, 0.2664093429422378367, -0.01181102362104828087 ) ) ;
#7178 = DIRECTION ( 'NONE',  ( 0.000000000000000000, 0.000000000000000000, 1.000000000000000000 ) ) ;
#7179 = CARTESIAN_POINT ( 'NONE',  ( 0.000000000000000000, 0.000000000000000000, -0.01181102362104828607 ) ) ;
#7180 = VERTEX_POINT ( 'NONE', #4939 ) ;
#7181 = ORIENTED_EDGE ( 'NONE', *, *, #3797, .T. ) ;
#7182 = VECTOR ( 'NONE', #6150, 39.37007874015748143 ) ;
#7183 = EDGE_CURVE ( 'NONE', #901, #3706, #6687, .T. ) ;
#7184 = ORIENTED_EDGE ( 'NONE', *, *, #5905, .T. ) ;
#7185 = FACE_OUTER_BOUND ( 'NONE', #4465, .T. ) ;
#7186 = VECTOR ( 'NONE', #5172, 39.37007874015748143 ) ;
#7187 = DIRECTION ( 'NONE',  ( -2.834079232620525851E-16, 1.000000000000000000, 8.326672684688667890E-17 ) ) ;
#7188 = ADVANCED_FACE ( 'NONE', ( #921 ), #350, .T. ) ;
#7189 = EDGE_LOOP ( 'NONE', ( #2220, #1609, #2991, #673, #6051 ) ) ;
#7190 = ORIENTED_EDGE ( 'NONE', *, *, #6545, .F. ) ;
#7191 = LINE ( 'NONE', #4904, #5798 ) ;
#7192 = AXIS2_PLACEMENT_3D ( 'NONE', #2545, #4208, #7137 ) ;
#7193 = AXIS2_PLACEMENT_3D ( 'NONE', #2022, #7111, #850 ) ;
#7194 = EDGE_CURVE ( 'NONE', #6178, #4837, #963, .T. ) ;
#7195 = ADVANCED_FACE ( 'NONE', ( #2730 ), #4438, .F. ) ;
#7196 = CARTESIAN_POINT ( 'NONE',  ( -0.2896968768628658819, -0.1681379011522500244, 0.06299212598525093243 ) ) ;
#7197 = LINE ( 'NONE', #2704, #5249 ) ;
#7198 = ADVANCED_FACE ( 'NONE', ( #5008 ), #7376, .F. ) ;
#7199 = VECTOR ( 'NONE', #4943, 39.37007874015748143 ) ;
#7200 = ORIENTED_EDGE ( 'NONE', *, *, #3243, .T. ) ;
#7201 = VECTOR ( 'NONE', #345, 39.37007874015748143 ) ;
#7202 = CARTESIAN_POINT ( 'NONE',  ( -0.2896968768628658819, 0.1861928075091673351, 0.06299212598525093243 ) ) ;
#7203 = EDGE_LOOP ( 'NONE', ( #2670, #684, #2921, #5165, #7510, #2582, #5281, #461, #7365, #7502, #3449, #1240 ) ) ;
#7204 = VERTEX_POINT ( 'NONE', #3259 ) ;
#7205 = ORIENTED_EDGE ( 'NONE', *, *, #1818, .F. ) ;
#7206 = DIRECTION ( 'NONE',  ( 1.000000000000000000, 1.204669080539449344E-16, 0.000000000000000000 ) ) ;
#7207 = DIRECTION ( 'NONE',  ( -1.000000000000000000, 0.000000000000000000, 0.000000000000000000 ) ) ;
#7208 = AXIS2_PLACEMENT_3D ( 'NONE', #5187, #1087, #5837 ) ;
#7209 = EDGE_CURVE ( 'NONE', #5062, #3949, #1191, .T. ) ;
#7210 = DIRECTION ( 'NONE',  ( -1.000000000000000000, 0.000000000000000000, 0.000000000000000000 ) ) ;
#7211 = DIRECTION ( 'NONE',  ( -1.000000000000000000, 0.000000000000000000, 0.000000000000000000 ) ) ;
#7212 = CARTESIAN_POINT ( 'NONE',  ( -0.3881220737132595744, -0.1548504995774468984, 0.1771653543317075752 ) ) ;
#7213 = VECTOR ( 'NONE', #7065, 39.37007874015748143 ) ;
#7214 = VERTEX_POINT ( 'NONE', #6270 ) ;
#7215 = ORIENTED_EDGE ( 'NONE', *, *, #3375, .T. ) ;
#7216 = LINE ( 'NONE', #2083, #1906 ) ;
#7217 = CARTESIAN_POINT ( 'NONE',  ( -0.2820008190893616429, -0.1784725468215414279, 0.06610170937462496454 ) ) ;
#7218 = CIRCLE ( 'NONE', #2366, 0.003937007874015724558 ) ;
#7219 = PLANE ( 'NONE',  #2972 ) ;
#7220 = CARTESIAN_POINT ( 'NONE',  ( 0.2378621782552445829, -0.2178426255616989493, -0.01181102362104828607 ) ) ;
#7221 = ADVANCED_FACE ( 'NONE', ( #2840 ), #7412, .F. ) ;
#7222 = CARTESIAN_POINT ( 'NONE',  ( -0.4196181367053852251, -0.2749292397349273331, -0.07086614173128460981 ) ) ;
#7223 = PLANE ( 'NONE',  #1386 ) ;
#7224 = VERTEX_POINT ( 'NONE', #6195 ) ;
#7225 = ORIENTED_EDGE ( 'NONE', *, *, #3608, .T. ) ;
#7226 = AXIS2_PLACEMENT_3D ( 'NONE', #2255, #4562, #6314 ) ;
#7227 = CARTESIAN_POINT ( 'NONE',  ( -0.3881220737132595744, 0.1522361145957813744, 0.1771653543317075752 ) ) ;
#7228 = FACE_OUTER_BOUND ( 'NONE', #6277, .T. ) ;
#7229 = AXIS2_PLACEMENT_3D ( 'NONE', #1185, #42, #3484 ) ;
#7230 = DIRECTION ( 'NONE',  ( 1.000000000000000000, 0.000000000000000000, 0.000000000000000000 ) ) ;
#7231 = VERTEX_POINT ( 'NONE', #4545 ) ;
#7232 = ORIENTED_EDGE ( 'NONE', *, *, #4905, .T. ) ;
#7233 = CARTESIAN_POINT ( 'NONE',  ( -0.2964474415759510983, -0.1548504995774468707, 0.06643194814541966697 ) ) ;
#7234 = VECTOR ( 'NONE', #634, 39.37007874015748143 ) ;
#7235 = DIRECTION ( 'NONE',  ( -1.000000000000000000, 0.000000000000000000, 0.000000000000000000 ) ) ;
#7236 = AXIS2_PLACEMENT_3D ( 'NONE', #3973, #2873, #1058 ) ;
#7237 = AXIS2_PLACEMENT_3D ( 'NONE', #2015, #7178, #1338 ) ;
#7238 = ORIENTED_EDGE ( 'NONE', *, *, #2063, .F. ) ;
#7239 = LINE ( 'NONE', #6774, #1032 ) ;
#7240 = VERTEX_POINT ( 'NONE', #381 ) ;
#7241 = EDGE_CURVE ( 'NONE', #4487, #2890, #1531, .T. ) ;
#7242 = EDGE_LOOP ( 'NONE', ( #7184, #7107, #4859 ) ) ;
#7243 = EDGE_CURVE ( 'NONE', #534, #1635, #3829, .T. ) ;
#7244 = ORIENTED_EDGE ( 'NONE', *, *, #2232, .F. ) ;
#7245 = FACE_OUTER_BOUND ( 'NONE', #6739, .T. ) ;
#7246 = LINE ( 'NONE', #6671, #6161 ) ;
#7247 = VECTOR ( 'NONE', #6069, 39.37007874015748143 ) ;
#7248 = VECTOR ( 'NONE', #4766, 39.37007874015748143 ) ;
#7249 = CARTESIAN_POINT ( 'NONE',  ( -0.2463897902486925362, -0.07611034209713225807, 0.5314960629931247960 ) ) ;
#7250 = CARTESIAN_POINT ( 'NONE',  ( -0.4274921524534169293, -0.2965827830420141309, 0.5629921259852507243 ) ) ;
#7251 = CARTESIAN_POINT ( 'NONE',  ( -0.2995393965479052345, -0.1548504995774468984, 0.01968503937107769428 ) ) ;
#7252 = AXIS2_PLACEMENT_3D ( 'NONE', #2094, #203, #774 ) ;
#7253 = VECTOR ( 'NONE', #865, 39.37007874015748143 ) ;
#7254 = ORIENTED_EDGE ( 'NONE', *, *, #7054, .T. ) ;
#7255 = ADVANCED_FACE ( 'NONE', ( #2241 ), #2692, .F. ) ;
#7256 = ORIENTED_EDGE ( 'NONE', *, *, #1539, .F. ) ;
#7257 = CARTESIAN_POINT ( 'NONE',  ( 0.2378621782552445829, -0.2178426255616989493, -0.2086614173218356572 ) ) ;
#7258 = EDGE_CURVE ( 'NONE', #7119, #3258, #2130, .T. ) ;
#7259 = CARTESIAN_POINT ( 'NONE',  ( -0.2916754859239427677, -0.1784725468215415389, 0.06692913375229121720 ) ) ;
#7260 = VECTOR ( 'NONE', #3565, 39.37007874015748143 ) ;
#7261 = DIRECTION ( 'NONE',  ( 5.123469692433448083E-17, 0.3713906763541016121, -0.9284766908852601919 ) ) ;
#7262 = LINE ( 'NONE', #2053, #1721 ) ;
#7263 = DIRECTION ( 'NONE',  ( -0.5773502691896278405, -0.5773502691896278405, -0.5773502691896212902 ) ) ;
#7264 = ORIENTED_EDGE ( 'NONE', *, *, #1692, .F. ) ;
#7265 = VERTEX_POINT ( 'NONE', #6874 ) ;
#7266 = ADVANCED_FACE ( 'NONE', ( #6230 ), #3903, .T. ) ;
#7267 = DIRECTION ( 'NONE',  ( 1.685446266610458883E-16, 8.326672684688672821E-17, -1.000000000000000000 ) ) ;
#7268 = ORIENTED_EDGE ( 'NONE', *, *, #1912, .T. ) ;
#7269 = DIRECTION ( 'NONE',  ( 1.000000000000000000, 2.834079232620525851E-16, 1.685446266610459130E-16 ) ) ;
#7270 = CARTESIAN_POINT ( 'NONE',  ( -0.4156811288313699282, 0.2979054059343640426, 0.07086614173328242838 ) ) ;
#7271 = ORIENTED_EDGE ( 'NONE', *, *, #4264, .F. ) ;
#7272 = VERTEX_POINT ( 'NONE', #1571 ) ;
#7273 = DIRECTION ( 'NONE',  ( -1.000000000000000000, 0.000000000000000000, 0.000000000000000000 ) ) ;
#7274 = DIRECTION ( 'NONE',  ( 1.000000000000000000, 0.000000000000000000, 0.000000000000000000 ) ) ;
#7275 = VERTEX_POINT ( 'NONE', #1098 ) ;
#7276 = ORIENTED_EDGE ( 'NONE', *, *, #6229, .F. ) ;
#7277 = CARTESIAN_POINT ( 'NONE',  ( 4.109243915402511422E-16, 0.2368817838871195292, -0.2283464566919144179 ) ) ;
#7278 = ORIENTED_EDGE ( 'NONE', *, *, #3955, .F. ) ;
#7279 = ORIENTED_EDGE ( 'NONE', *, *, #2135, .F. ) ;
#7280 = ORIENTED_EDGE ( 'NONE', *, *, #5869, .T. ) ;
#7281 = CARTESIAN_POINT ( 'NONE',  ( -0.002295302059716200667, 0.06955894924145054892, 0.5295275590561169254 ) ) ;
#7282 = PLANE ( 'NONE',  #2029 ) ;
#7283 = EDGE_CURVE ( 'NONE', #5218, #69, #5430, .T. ) ;
#7284 = DIRECTION ( 'NONE',  ( 0.000000000000000000, 0.000000000000000000, -1.000000000000000000 ) ) ;
#7285 = DIRECTION ( 'NONE',  ( -1.000000000000000000, 0.000000000000000000, 0.000000000000000000 ) ) ;
#7286 = CARTESIAN_POINT ( 'NONE',  ( -0.2522953020597160645, 0.2368817838871199732, -0.2283464566919144179 ) ) ;
#7287 = DIRECTION ( 'NONE',  ( 0.000000000000000000, 0.000000000000000000, 1.000000000000000000 ) ) ;
#7288 = ADVANCED_FACE ( 'NONE', ( #993 ), #3330, .F. ) ;
#7289 = ORIENTED_EDGE ( 'NONE', *, *, #3648, .T. ) ;
#7290 = VERTEX_POINT ( 'NONE', #5081 ) ;
#7291 = CARTESIAN_POINT ( 'NONE',  ( 0.000000000000000000, 0.2565668232571987617, -0.2283464566919144179 ) ) ;
#7292 = EDGE_CURVE ( 'NONE', #87, #3269, #5695, .T. ) ;
#7293 = LINE ( 'NONE', #2086, #6500 ) ;
#7294 = EDGE_CURVE ( 'NONE', #3229, #4230, #7448, .T. ) ;
#7295 = CARTESIAN_POINT ( 'NONE',  ( 0.2378621782552445829, 0.000000000000000000, -0.01181102362104828607 ) ) ;
#7296 = DIRECTION ( 'NONE',  ( 1.000000000000000000, 2.834079232620525851E-16, 1.685446266610459130E-16 ) ) ;
#7297 = EDGE_LOOP ( 'NONE', ( #3766, #3643, #5437, #639 ) ) ;
#7298 = ORIENTED_EDGE ( 'NONE', *, *, #4223, .F. ) ;
#7299 = DIRECTION ( 'NONE',  ( 1.000000000000000000, 0.000000000000000000, 0.000000000000000000 ) ) ;
#7300 = DIRECTION ( 'NONE',  ( 0.5773502691896278405, 0.5773502691896278405, -0.5773502691896212902 ) ) ;
#7301 = DIRECTION ( 'NONE',  ( 0.000000000000000000, 0.000000000000000000, 1.000000000000000000 ) ) ;
#7302 = CARTESIAN_POINT ( 'NONE',  ( -0.4196181367053853917, 0.2171967445170411848, -0.07086614173128460981 ) ) ;
#7303 = EDGE_CURVE ( 'NONE', #7161, #2419, #5157, .T. ) ;
#7304 = EDGE_LOOP ( 'NONE', ( #4616, #3940, #3017, #6013 ) ) ;
#7305 = VERTEX_POINT ( 'NONE', #3553 ) ;
#7306 = CARTESIAN_POINT ( 'NONE',  ( 0.4229015483339847448, -0.3044567987900454464, -0.08267716535333172190 ) ) ;
#7307 = VECTOR ( 'NONE', #1358, 39.37007874015748143 ) ;
#7308 = DIRECTION ( 'NONE',  ( 0.000000000000000000, 1.000000000000000000, 0.000000000000000000 ) ) ;
#7309 = ADVANCED_FACE ( 'NONE', ( #5817 ), #2159, .T. ) ;
#7310 = ORIENTED_EDGE ( 'NONE', *, *, #5523, .F. ) ;
#7311 = DIRECTION ( 'NONE',  ( 1.000000000000000000, 0.000000000000000000, 0.000000000000000000 ) ) ;
#7312 = ORIENTED_EDGE ( 'NONE', *, *, #725, .T. ) ;
#7313 = ORIENTED_EDGE ( 'NONE', *, *, #6812, .T. ) ;
#7314 = AXIS2_PLACEMENT_3D ( 'NONE', #3159, #4907, #6734 ) ;
#7315 = CIRCLE ( 'NONE', #6223, 0.02362204724409448092 ) ;
#7316 = VERTEX_POINT ( 'NONE', #4732 ) ;
#7317 = FACE_OUTER_BOUND ( 'NONE', #201, .T. ) ;
#7318 = CARTESIAN_POINT ( 'NONE',  ( 0.2378621782552445552, 0.2545983193201908357, -0.03543307086514277393 ) ) ;
#7319 = VECTOR ( 'NONE', #75, 39.37007874015748143 ) ;
#7320 = VECTOR ( 'NONE', #957, 39.37007874015748143 ) ;
#7321 = DIRECTION ( 'NONE',  ( -1.000000000000000000, 0.000000000000000000, 0.000000000000000000 ) ) ;
#7322 = PLANE ( 'NONE',  #1057 ) ;
#7323 = DIRECTION ( 'NONE',  ( 5.123469692433509096E-17, 0.3713906763540998357, -0.9284766908852608580 ) ) ;
#7324 = CARTESIAN_POINT ( 'NONE',  ( 0.4032165089639056510, 0.3057794216823956357, 0.07480314960729816942 ) ) ;
#7325 = ORIENTED_EDGE ( 'NONE', *, *, #662, .T. ) ;
#7326 = EDGE_LOOP ( 'NONE', ( #4822, #2764, #3724, #2058 ) ) ;
#7327 = VECTOR ( 'NONE', #2134, 39.37007874015748143 ) ;
#7328 = DIRECTION ( 'NONE',  ( -2.834079232620525851E-16, 1.000000000000000000, 8.326672684688667890E-17 ) ) ;
#7329 = ADVANCED_FACE ( 'NONE', ( #6494 ), #5852, .F. ) ;
#7330 = CARTESIAN_POINT ( 'NONE',  ( -0.2463897902486924529, -0.07611034209713225807, 0.5314960629931247960 ) ) ;
#7331 = DIRECTION ( 'NONE',  ( -1.000000000000000000, 0.000000000000000000, 0.000000000000000000 ) ) ;
#7332 = AXIS2_PLACEMENT_3D ( 'NONE', #2845, #4589, #6916 ) ;
#7333 = CARTESIAN_POINT ( 'NONE',  ( -0.08103545954003095464, -0.2808347515459509447, -0.04724409448718972643 ) ) ;
#7334 = ORIENTED_EDGE ( 'NONE', *, *, #2878, .F. ) ;
#7335 = ORIENTED_EDGE ( 'NONE', *, *, #6630, .T. ) ;
#7336 = EDGE_CURVE ( 'NONE', #4840, #3326, #5315, .T. ) ;
#7337 = ADVANCED_FACE ( 'NONE', ( #6455 ), #6761, .T. ) ;
#7338 = AXIS2_PLACEMENT_3D ( 'NONE', #5268, #3438, #5231 ) ;
#7339 = DIRECTION ( 'NONE',  ( -1.000000000000000000, -3.035766082959413894E-16, 0.000000000000000000 ) ) ;
#7340 = ADVANCED_FACE ( 'NONE', ( #1794 ), #150, .F. ) ;
#7341 = FACE_OUTER_BOUND ( 'NONE', #3241, .T. ) ;
#7342 = DIRECTION ( 'NONE',  ( -0.000000000000000000, -0.000000000000000000, -1.000000000000000000 ) ) ;
#7343 = CYLINDRICAL_SURFACE ( 'NONE', #5994, 0.01968503937007875723 ) ;
#7344 =( GEOMETRIC_REPRESENTATION_CONTEXT ( 3 ) GLOBAL_UNCERTAINTY_ASSIGNED_CONTEXT ( ( #6203 ) ) GLOBAL_UNIT_ASSIGNED_CONTEXT ( ( #3917, #4484, #6964 ) ) REPRESENTATION_CONTEXT ( 'NONE', 'WORKASPACE' ) );
#7345 = ORIENTED_EDGE ( 'NONE', *, *, #7401, .F. ) ;
#7346 = LINE ( 'NONE', #3951, #5653 ) ;
#7347 = CARTESIAN_POINT ( 'NONE',  ( -0.4353661682014482448, -0.2670552239868958511, -0.09055118110136337051 ) ) ;
#7348 = EDGE_CURVE ( 'NONE', #4086, #6700, #2471, .T. ) ;
#7349 = AXIS2_PLACEMENT_3D ( 'NONE', #1347, #1639, #81 ) ;
#7350 = DIRECTION ( 'NONE',  ( 1.000000000000000000, 2.834079232620525851E-16, 1.685446266610459130E-16 ) ) ;
#7351 = ORIENTED_EDGE ( 'NONE', *, *, #4363, .F. ) ;
#7352 =( CONVERSION_BASED_UNIT ( 'INCH', #2069 ) LENGTH_UNIT ( ) NAMED_UNIT ( #6073 ) );
#7353 = EDGE_LOOP ( 'NONE', ( #1323, #2403, #1705, #5072 ) ) ;
#7354 = VERTEX_POINT ( 'NONE', #1255 ) ;
#7355 = VERTEX_POINT ( 'NONE', #2316 ) ;
#7356 = CYLINDRICAL_SURFACE ( 'NONE', #4811, 0.01968503937007875723 ) ;
#7357 = LINE ( 'NONE', #4878, #2391 ) ;
#7358 = EDGE_CURVE ( 'NONE', #5146, #2631, #2916, .T. ) ;
#7359 = CIRCLE ( 'NONE', #929, 0.01968503937007875723 ) ;
#7360 = CIRCLE ( 'NONE', #84, 0.03740157480314958843 ) ;
#7361 = PLANE ( 'NONE',  #7427 ) ;
#7362 = PLANE ( 'NONE',  #5914 ) ;
#7363 = DIRECTION ( 'NONE',  ( 0.000000000000000000, 0.000000000000000000, 1.000000000000000000 ) ) ;
#7364 = DIRECTION ( 'NONE',  ( 1.000000000000000000, 0.000000000000000000, 0.000000000000000000 ) ) ;
#7365 = ORIENTED_EDGE ( 'NONE', *, *, #331, .T. ) ;
#7366 = AXIS2_PLACEMENT_3D ( 'NONE', #7291, #1017, #2683 ) ;
#7367 = ORIENTED_EDGE ( 'NONE', *, *, #3845, .F. ) ;
#7368 = CARTESIAN_POINT ( 'NONE',  ( 0.1433739892788664927, 0.1975117051469625351, -0.05905511810923725485 ) ) ;
#7369 = CARTESIAN_POINT ( 'NONE',  ( -0.4196181367053853917, 0.2250707602650727501, -0.09055118110136337051 ) ) ;
#7370 = AXIS2_PLACEMENT_3D ( 'NONE', #1691, #1118, #5755 ) ;
#7371 = CIRCLE ( 'NONE', #945, 0.007874015748031516770 ) ;
#7372 = DIRECTION ( 'NONE',  ( 0.000000000000000000, -0.7071067811865434649, -0.7071067811865515695 ) ) ;
#7373 = ORIENTED_EDGE ( 'NONE', *, *, #3244, .T. ) ;
#7374 = ORIENTED_EDGE ( 'NONE', *, *, #1718, .T. ) ;
#7375 = AXIS2_PLACEMENT_3D ( 'NONE', #7492, #3982, #2282 ) ;
#7376 = PLANE ( 'NONE',  #7375 ) ;
#7377 = LINE ( 'NONE', #2171, #5114 ) ;
#7378 = CARTESIAN_POINT ( 'NONE',  ( -0.08103545954003116281, 0.3097164295564113212, -0.03740157480215068608 ) ) ;
#7379 = EDGE_CURVE ( 'NONE', #6700, #3397, #3442, .T. ) ;
#7380 = EDGE_CURVE ( 'NONE', #1871, #3706, #616, .T. ) ;
#7381 = DIRECTION ( 'NONE',  ( 0.000000000000000000, -1.000000000000000000, 0.000000000000000000 ) ) ;
#7382 = ORIENTED_EDGE ( 'NONE', *, *, #2423, .T. ) ;
#7383 = EDGE_CURVE ( 'NONE', #3570, #2174, #402, .T. ) ;
#7384 = VERTEX_POINT ( 'NONE', #2430 ) ;
#7385 = LINE ( 'NONE', #2809, #3230 ) ;
#7386 = ADVANCED_FACE ( 'NONE', ( #6382 ), #2953, .F. ) ;
#7387 = EDGE_CURVE ( 'NONE', #6660, #6896, #3596, .T. ) ;
#7388 = CARTESIAN_POINT ( 'NONE',  ( 0.1984920995150870338, -0.2335906570577618857, -0.02362204724309532183 ) ) ;
#7389 = ORIENTED_EDGE ( 'NONE', *, *, #4669, .F. ) ;
#7390 = DIRECTION ( 'NONE',  ( 1.685446266610458883E-16, 8.326672684688672821E-17, -1.000000000000000000 ) ) ;
#7392 = EDGE_CURVE ( 'NONE', #6676, #1096, #5389, .T. ) ;
#7391 = ORIENTED_EDGE ( 'NONE', *, *, #2063, .T. ) ;
#7393 = ORIENTED_EDGE ( 'NONE', *, *, #6920, .F. ) ;
#7394 = ORIENTED_EDGE ( 'NONE', *, *, #5276, .F. ) ;
#7395 = CYLINDRICAL_SURFACE ( 'NONE', #216, 0.003937007874015749712 ) ;
#7396 = LINE ( 'NONE', #3385, #2868 ) ;
#7397 = LINE ( 'NONE', #4955, #7182 ) ;
#7398 = CARTESIAN_POINT ( 'NONE',  ( -0.3330039634770389778, 0.03018887050129321833, -0.2283464566919144179 ) ) ;
#7399 = CARTESIAN_POINT ( 'NONE',  ( -0.4274921524534167627, -0.2965827830420140199, 0.5551181102372190201 ) ) ;
#7400 = DIRECTION ( 'NONE',  ( 0.000000000000000000, 0.000000000000000000, -1.000000000000000000 ) ) ;
#7401 = EDGE_CURVE ( 'NONE', #4459, #1228, #6282, .T. ) ;
#7402 = ORIENTED_EDGE ( 'NONE', *, *, #181, .T. ) ;
#7403 = ORIENTED_EDGE ( 'NONE', *, *, #6582, .T. ) ;
#7404 = CARTESIAN_POINT ( 'NONE',  ( -0.4196181367053852251, -0.2887087672939826488, 0.08267716535532952660 ) ) ;
#7405 = CARTESIAN_POINT ( 'NONE',  ( -0.4038701052093223165, -0.2729607357979194071, 0.5314960629931247960 ) ) ;
#7406 = CARTESIAN_POINT ( 'NONE',  ( -0.2798543571778265848, -0.1548504995774469539, 0.01968503937107770121 ) ) ;
#7407 = CARTESIAN_POINT ( 'NONE',  ( -0.2896968768628658819, -0.1784725468215414557, 0.1574803149616288978 ) ) ;
#7408 = CARTESIAN_POINT ( 'NONE',  ( -0.2621378217447554171, 0.2467243035721594091, -0.01968503936907978202 ) ) ;
#7409 = DIRECTION ( 'NONE',  ( -1.000000000000000000, -2.834079232620525851E-16, -1.685446266610459130E-16 ) ) ;
#7410 = ORIENTED_EDGE ( 'NONE', *, *, #5208, .T. ) ;
#7411 = ORIENTED_EDGE ( 'NONE', *, *, #3411, .F. ) ;
#7412 = CYLINDRICAL_SURFACE ( 'NONE', #5552, 0.005905511811023654925 ) ;
#7413 = DIRECTION ( 'NONE',  ( 1.000000000000000000, 0.000000000000000000, 0.000000000000000000 ) ) ;
#7414 = CARTESIAN_POINT ( 'NONE',  ( 0.2378621782552445552, -0.2335906570577618857, -0.02362204724309532183 ) ) ;
#7415 = CARTESIAN_POINT ( 'NONE',  ( 0.000000000000000000, 0.000000000000000000, -0.01181102362104828607 ) ) ;
#7416 = ORIENTED_EDGE ( 'NONE', *, *, #3992, .F. ) ;
#7417 = VERTEX_POINT ( 'NONE', #3216 ) ;
#7418 = DIRECTION ( 'NONE',  ( 0.000000000000000000, 0.000000000000000000, -1.000000000000000000 ) ) ;
#7419 = PRODUCT_DEFINITION_CONTEXT ( 'detailed design', #5892, 'design' ) ;
#7420 = DIRECTION ( 'NONE',  ( -0.7071067811865514585, 0.000000000000000000, 0.7071067811865433539 ) ) ;
#7421 = VERTEX_POINT ( 'NONE', #1902 ) ;
#7422 = CARTESIAN_POINT ( 'NONE',  ( -0.4196181367053855027, -0.2768977436719350926, -0.01181102362104828607 ) ) ;
#7423 = EDGE_LOOP ( 'NONE', ( #5450, #5558, #5227, #614 ) ) ;
#7424 = ORIENTED_EDGE ( 'NONE', *, *, #4583, .T. ) ;
#7425 = DIRECTION ( 'NONE',  ( 0.000000000000000000, 0.000000000000000000, -1.000000000000000000 ) ) ;
#7426 = ADVANCED_FACE ( 'NONE', ( #5504 ), #2585, .T. ) ;
#7427 = AXIS2_PLACEMENT_3D ( 'NONE', #1475, #2751, #6710 ) ;
#7428 = EDGE_CURVE ( 'NONE', #4023, #6721, #5641, .T. ) ;
#7429 = CARTESIAN_POINT ( 'NONE',  ( -0.2857764087952763266, -0.1548504995774468707, 0.06701498689351426119 ) ) ;
#7430 = CARTESIAN_POINT ( 'NONE',  ( 0.3992795010898901875, 0.2939683980603483016, 0.01968503937107793020 ) ) ;
#7431 = CARTESIAN_POINT ( 'NONE',  ( -0.3802480579652279258, 0.01050383113121421998, 0.5629921259852507243 ) ) ;
#7432 = VECTOR ( 'NONE', #1380, 39.37007874015748143 ) ;
#7433 = DIRECTION ( 'NONE',  ( -1.000000000000000000, -2.834079232620525851E-16, -1.685446266610459130E-16 ) ) ;
#7434 = CIRCLE ( 'NONE', #4150, 0.01181102362204724046 ) ;
#7435 = PLANE ( 'NONE',  #298 ) ;
#7436 = VERTEX_POINT ( 'NONE', #6043 ) ;
#7437 = VERTEX_POINT ( 'NONE', #2012 ) ;
#7438 = DIRECTION ( 'NONE',  ( -1.000000000000000000, 0.000000000000000000, 0.000000000000000000 ) ) ;
#7439 = TOROIDAL_SURFACE ( 'NONE', #526, 0.007874015748031449116, 0.003937007874015677721 ) ;
#7440 = CIRCLE ( 'NONE', #1743, 0.01968503937007875723 ) ;
#7441 = ADVANCED_FACE ( 'NONE', ( #4851 ), #4360, .T. ) ;
#7442 = LINE ( 'NONE', #570, #1117 ) ;
#7443 = DIRECTION ( 'NONE',  ( -1.000000000000000000, -3.035766082959413894E-16, 0.000000000000000000 ) ) ;
#7444 = CARTESIAN_POINT ( 'NONE',  ( -0.2109567193825508946, 0.1778266657768837744, -0.05905511810923725485 ) ) ;
#7445 = ORIENTED_EDGE ( 'NONE', *, *, #911, .F. ) ;
#7446 = AXIS2_PLACEMENT_3D ( 'NONE', #6199, #2206, #5121 ) ;
#7447 = ORIENTED_EDGE ( 'NONE', *, *, #2769, .F. ) ;
#7448 = LINE ( 'NONE', #6301, #5797 ) ;
#7449 = EDGE_CURVE ( 'NONE', #5130, #6750, #302, .T. ) ;
#7450 = VECTOR ( 'NONE', #6539, 39.37007874015748143 ) ;
#7451 = LINE ( 'NONE', #6877, #1530 ) ;
#7452 = LINE ( 'NONE', #3868, #3907 ) ;
#7453 = CARTESIAN_POINT ( 'NONE',  ( -0.4038701052093223165, 0.2939683980603482460, 0.08267716535532952660 ) ) ;
#7454 = DIRECTION ( 'NONE',  ( 1.000000000000000000, 1.609432433473172644E-16, 1.685446266610459130E-16 ) ) ;
#7455 = VERTEX_POINT ( 'NONE', #7175 ) ;
#7456 = VERTEX_POINT ( 'NONE', #1482 ) ;
#7457 = ORIENTED_EDGE ( 'NONE', *, *, #459, .T. ) ;
#7458 = AXIS2_PLACEMENT_3D ( 'NONE', #6784, #6216, #6816 ) ;
#7459 = DIRECTION ( 'NONE',  ( 1.000000000000000000, 0.000000000000000000, 0.000000000000000000 ) ) ;
#7460 = DIRECTION ( 'NONE',  ( 1.204669080539449344E-16, -1.000000000000000000, 0.000000000000000000 ) ) ;
#7461 = CIRCLE ( 'NONE', #1272, 0.003937007874015758385 ) ;
#7462 = DIRECTION ( 'NONE',  ( 1.000000000000000000, 2.834079232620525851E-16, 1.685446266610459130E-16 ) ) ;
#7463 = FACE_OUTER_BOUND ( 'NONE', #4507, .T. ) ;
#7464 = EDGE_LOOP ( 'NONE', ( #6443, #1155, #5269, #6391, #3223, #7264, #5596, #6444 ) ) ;
#7465 = ORIENTED_EDGE ( 'NONE', *, *, #1903, .T. ) ;
#7466 = EDGE_CURVE ( 'NONE', #3677, #5112, #6567, .T. ) ;
#7467 = CARTESIAN_POINT ( 'NONE',  ( -0.4038701052093224830, 0.1994802090839702391, 0.1929133858277704283 ) ) ;
#7468 = CIRCLE ( 'NONE', #6374, 0.005905511811023654925 ) ;
#7469 = DIRECTION ( 'NONE',  ( -8.122061593601353110E-17, 0.7071067811865475727, -0.7071067811865473507 ) ) ;
#7470 = FACE_OUTER_BOUND ( 'NONE', #407, .T. ) ;
#7471 = PLANE ( 'NONE',  #3052 ) ;
#7472 = CARTESIAN_POINT ( 'NONE',  ( 0.4150275325859530962, 0.2880628862493249120, -0.09055118110136325948 ) ) ;
#7473 = EDGE_CURVE ( 'NONE', #4950, #471, #4889, .T. ) ;
#7474 = VECTOR ( 'NONE', #6931, 39.37007874015748143 ) ;
#7475 = EDGE_CURVE ( 'NONE', #6699, #4737, #5207, .T. ) ;
#7476 = LINE ( 'NONE', #3968, #2369 ) ;
#7477 = ORIENTED_EDGE ( 'NONE', *, *, #1775, .T. ) ;
#7478 = ORIENTED_EDGE ( 'NONE', *, *, #7183, .T. ) ;
#7479 = ADVANCED_FACE ( 'NONE', ( #4928 ), #2621, .F. ) ;
#7480 = CARTESIAN_POINT ( 'NONE',  ( 0.4229015483339846337, 0.3254644610524743409, -0.07086614173128448491 ) ) ;
#7481 = LINE ( 'NONE', #4574, #2262 ) ;
#7482 = STYLED_ITEM ( 'NONE', ( #5560 ), #5971 ) ;
#7483 = VECTOR ( 'NONE', #1344, 39.37007874015748143 ) ;
#7484 = DIRECTION ( 'NONE',  ( 1.000000000000000000, 2.710505431213762071E-16, 0.000000000000000000 ) ) ;
#7485 = DIRECTION ( 'NONE',  ( 0.000000000000000000, 0.000000000000000000, -1.000000000000000000 ) ) ;
#7486 = EDGE_CURVE ( 'NONE', #2334, #3283, #3744, .T. ) ;
#7487 = CARTESIAN_POINT ( 'NONE',  ( -0.2896968768628658819, -0.1651851452467384129, 0.06299212598525093243 ) ) ;
#7488 = CIRCLE ( 'NONE', #691, 0.05905511811023627516 ) ;
#7489 = VECTOR ( 'NONE', #6982, 39.37007874015748143 ) ;
#7490 = ORIENTED_EDGE ( 'NONE', *, *, #4409, .T. ) ;
#7491 = ADVANCED_FACE ( 'NONE', ( #1407 ), #2051, .F. ) ;
#7492 = CARTESIAN_POINT ( 'NONE',  ( 0.07644485542059877015, 0.3018424138083798947, -0.04724409448718958765 ) ) ;
#7493 = AXIS2_PLACEMENT_3D ( 'NONE', #4451, #3451, #7504 ) ;
#7494 = VECTOR ( 'NONE', #942, 39.37007874015748143 ) ;
#7495 = CARTESIAN_POINT ( 'NONE',  ( -0.1952086878864877084, -0.2729607357979194071, 0.5314960629931247960 ) ) ;
#7496 = DIRECTION ( 'NONE',  ( -1.000000000000000000, 0.000000000000000000, 0.000000000000000000 ) ) ;
#7497 = CARTESIAN_POINT ( 'NONE',  ( -0.2798543571778265293, 0.1758581618398758484, 0.1771653543317075752 ) ) ;
#7498 = CARTESIAN_POINT ( 'NONE',  ( -0.2621378217447554171, 0.2467243035721593536, -0.03543307086514277393 ) ) ;
#7499 = ORIENTED_EDGE ( 'NONE', *, *, #5727, .F. ) ;
#7500 = AXIS2_PLACEMENT_3D ( 'NONE', #2663, #4970, #7299 ) ;
#7501 = AXIS2_PLACEMENT_3D ( 'NONE', #4877, #5491, #3851 ) ;
#7502 = ORIENTED_EDGE ( 'NONE', *, *, #1548, .F. ) ;
#7503 = LINE ( 'NONE', #4408, #6506 ) ;
#7504 = DIRECTION ( 'NONE',  ( 0.000000000000000000, 0.000000000000000000, -1.000000000000000000 ) ) ;
#7505 = DIRECTION ( 'NONE',  ( 1.685446266610458883E-16, 8.326672684688672821E-17, -1.000000000000000000 ) ) ;
#7506 = DIRECTION ( 'NONE',  ( 0.000000000000000000, 1.000000000000000000, 0.000000000000000000 ) ) ;
#7507 = EDGE_LOOP ( 'NONE', ( #3356, #4107, #991, #871, #1889, #238, #1932, #6652, #7163, #3798 ) ) ;
#7508 = DIRECTION ( 'NONE',  ( 0.000000000000000000, 1.000000000000000000, 0.000000000000000000 ) ) ;
#7509 = ORIENTED_EDGE ( 'NONE', *, *, #3645, .F. ) ;
#7510 = ORIENTED_EDGE ( 'NONE', *, *, #2962, .F. ) ;
#7511 = DIRECTION ( 'NONE',  ( 1.000000000000000000, 0.000000000000000000, 0.000000000000000000 ) ) ;
#7512 = DIRECTION ( 'NONE',  ( 1.000000000000000000, 0.000000000000000000, 0.000000000000000000 ) ) ;
#7513 = DIRECTION ( 'NONE',  ( 0.000000000000000000, -1.000000000000000000, 0.000000000000000000 ) ) ;
#7514 = DIRECTION ( 'NONE',  ( -1.000000000000000000, 0.000000000000000000, 0.000000000000000000 ) ) ;
#7515 = FACE_OUTER_BOUND ( 'NONE', #22, .T. ) ;
#7516 = CARTESIAN_POINT ( 'NONE',  ( -0.4196181367053855582, -0.1784725468215414557, 0.07086614173328242838 ) ) ;
#7517 = PLANE ( 'NONE',  #3933 ) ;
#7518 = VERTEX_POINT ( 'NONE', #6078 ) ;
#7519 = VERTEX_POINT ( 'NONE', #873 ) ;
#7520 = DIRECTION ( 'NONE',  ( -1.000000000000000000, 0.000000000000000000, 0.000000000000000000 ) ) ;
#7521 = CARTESIAN_POINT ( 'NONE',  ( -0.4196181367053856692, -0.02099223186091146720, -0.01181102362104828607 ) ) ;
#7522 = EDGE_CURVE ( 'NONE', #1388, #4667, #5438, .T. ) ;
ENDSEC;
END-ISO-10303-21;
