ISO-10303-21;
HEADER;
FILE_DESCRIPTION(('KiCad electronic assembly'),'2;1');
FILE_NAME('PDM v3.2.step','2024-11-24T12:49:03',('Pcbnew'),('Kicad'),
  'Open CASCADE STEP processor 7.8','KiCad to STEP converter','Unknown'
  );
FILE_SCHEMA(('AUTOMOTIVE_DESIGN { 1 0 10303 214 1 1 1 1 }'));
ENDSEC;
DATA;
#1 = APPLICATION_PROTOCOL_DEFINITION('international standard',
  'automotive_design',2000,#2);
#2 = APPLICATION_CONTEXT(
  'core data for automotive mechanical design processes');
#3 = SHAPE_DEFINITION_REPRESENTATION(#4,#10);
#4 = PRODUCT_DEFINITION_SHAPE('','',#5);
#5 = PRODUCT_DEFINITION('design','',#6,#9);
#6 = PRODUCT_DEFINITION_FORMATION('','',#7);
#7 = PRODUCT('PDM v3.2 1','PDM v3.2 1','',(#8));
#8 = PRODUCT_CONTEXT('',#2,'mechanical');
#9 = PRODUCT_DEFINITION_CONTEXT('part definition',#2,'design');
#10 = SHAPE_REPRESENTATION('',(#11,#15),#19);
#11 = AXIS2_PLACEMENT_3D('',#12,#13,#14);
#12 = CARTESIAN_POINT('',(0.,0.,0.));
#13 = DIRECTION('',(0.,0.,1.));
#14 = DIRECTION('',(1.,0.,-0.));
#15 = AXIS2_PLACEMENT_3D('',#16,#17,#18);
#16 = CARTESIAN_POINT('',(0.,0.,0.));
#17 = DIRECTION('',(0.,0.,1.));
#18 = DIRECTION('',(1.,0.,-0.));
#19 = ( GEOMETRIC_REPRESENTATION_CONTEXT(3) 
GLOBAL_UNCERTAINTY_ASSIGNED_CONTEXT((#23)) GLOBAL_UNIT_ASSIGNED_CONTEXT(
(#20,#21,#22)) REPRESENTATION_CONTEXT('Context #1',
  '3D Context with UNIT and UNCERTAINTY') );
#20 = ( LENGTH_UNIT() NAMED_UNIT(*) SI_UNIT(.MILLI.,.METRE.) );
#21 = ( NAMED_UNIT(*) PLANE_ANGLE_UNIT() SI_UNIT($,.RADIAN.) );
#22 = ( NAMED_UNIT(*) SI_UNIT($,.STERADIAN.) SOLID_ANGLE_UNIT() );
#23 = UNCERTAINTY_MEASURE_WITH_UNIT(LENGTH_MEASURE(1.E-07),#20,
  'distance_accuracy_value','confusion accuracy');
#24 = PRODUCT_RELATED_PRODUCT_CATEGORY('part',$,(#7));
#25 = SHAPE_DEFINITION_REPRESENTATION(#26,#32);
#26 = PRODUCT_DEFINITION_SHAPE('','',#27);
#27 = PRODUCT_DEFINITION('design','',#28,#31);
#28 = PRODUCT_DEFINITION_FORMATION('','',#29);
#29 = PRODUCT('PDM v3.2_PCB','PDM v3.2_PCB','',(#30));
#30 = PRODUCT_CONTEXT('',#2,'mechanical');
#31 = PRODUCT_DEFINITION_CONTEXT('part definition',#2,'design');
#32 = ADVANCED_BREP_SHAPE_REPRESENTATION('',(#11,#33),#6953);
#33 = MANIFOLD_SOLID_BREP('',#34);
#34 = CLOSED_SHELL('',(#35,#77,#108,#139,#2061,#3983,#4000,#4017,#4034,
    #4051,#4063,#4080,#4097,#4114,#4131,#4148,#4165,#4182,#4199,#4216,
    #4233,#4250,#4267,#4284,#4301,#4318,#4335,#4352,#4369,#4386,#4403,
    #4420,#4437,#4454,#4471,#4488,#4505,#4522,#4539,#4556,#4573,#4590,
    #4607,#4624,#4641,#4658,#4675,#4692,#4709,#4726,#4743,#4760,#4777,
    #4794,#4811,#4828,#4845,#4862,#4879,#4896,#4913,#4930,#4947,#4964,
    #4981,#4998,#5015,#5032,#5049,#5066,#5083,#5100,#5117,#5134,#5151,
    #5168,#5185,#5202,#5219,#5236,#5253,#5270,#5287,#5304,#5321,#5338,
    #5355,#5372,#5389,#5406,#5423,#5440,#5457,#5474,#5491,#5508,#5525,
    #5542,#5559,#5576,#5593,#5610,#5627,#5644,#5661,#5678,#5695,#5712,
    #5729,#5746,#5763,#5780,#5797,#5814,#5831,#5848,#5865,#5882,#5899,
    #5916,#5933,#5950,#5967,#5984,#6001,#6018,#6035,#6052,#6069,#6086,
    #6103,#6120,#6137,#6154,#6171,#6188,#6205,#6222,#6239,#6256,#6273,
    #6290,#6307,#6324,#6341,#6358,#6375,#6392,#6409,#6426,#6443,#6460,
    #6477,#6494,#6511,#6528,#6545,#6562,#6579,#6596,#6613,#6630,#6647,
    #6664,#6681,#6698,#6715,#6732,#6749,#6766,#6783,#6800,#6817,#6834,
    #6851,#6868,#6885,#6902,#6919,#6936));
#35 = ADVANCED_FACE('',(#36),#72,.T.);
#36 = FACE_BOUND('',#37,.T.);
#37 = EDGE_LOOP('',(#38,#48,#57,#65));
#38 = ORIENTED_EDGE('',*,*,#39,.T.);
#39 = EDGE_CURVE('',#40,#42,#44,.T.);
#40 = VERTEX_POINT('',#41);
#41 = CARTESIAN_POINT('',(220.238363,-40.070991,0.));
#42 = VERTEX_POINT('',#43);
#43 = CARTESIAN_POINT('',(220.238363,-40.070991,1.6));
#44 = LINE('',#45,#46);
#45 = CARTESIAN_POINT('',(220.238363,-40.070991,0.));
#46 = VECTOR('',#47,1.);
#47 = DIRECTION('',(0.,0.,1.));
#48 = ORIENTED_EDGE('',*,*,#49,.T.);
#49 = EDGE_CURVE('',#42,#50,#52,.T.);
#50 = VERTEX_POINT('',#51);
#51 = CARTESIAN_POINT('',(224.25,-44.082628,1.6));
#52 = CIRCLE('',#53,4.011656551165);
#53 = AXIS2_PLACEMENT_3D('',#54,#55,#56);
#54 = CARTESIAN_POINT('',(220.23834344888,-44.08264755111,1.6));
#55 = DIRECTION('',(0.,0.,-1.));
#56 = DIRECTION('',(4.873577093613E-06,0.999999999988,0.));
#57 = ORIENTED_EDGE('',*,*,#58,.F.);
#58 = EDGE_CURVE('',#59,#50,#61,.T.);
#59 = VERTEX_POINT('',#60);
#60 = CARTESIAN_POINT('',(224.25,-44.082628,0.));
#61 = LINE('',#62,#63);
#62 = CARTESIAN_POINT('',(224.25,-44.082628,0.));
#63 = VECTOR('',#64,1.);
#64 = DIRECTION('',(0.,0.,1.));
#65 = ORIENTED_EDGE('',*,*,#66,.F.);
#66 = EDGE_CURVE('',#40,#59,#67,.T.);
#67 = CIRCLE('',#68,4.011656551165);
#68 = AXIS2_PLACEMENT_3D('',#69,#70,#71);
#69 = CARTESIAN_POINT('',(220.23834344888,-44.08264755111,0.));
#70 = DIRECTION('',(0.,0.,-1.));
#71 = DIRECTION('',(4.873577093613E-06,0.999999999988,0.));
#72 = CYLINDRICAL_SURFACE('',#73,4.011656551165);
#73 = AXIS2_PLACEMENT_3D('',#74,#75,#76);
#74 = CARTESIAN_POINT('',(220.23834344888,-44.08264755111,0.));
#75 = DIRECTION('',(0.,0.,-1.));
#76 = DIRECTION('',(4.873577093613E-06,0.999999999988,0.));
#77 = ADVANCED_FACE('',(#78),#103,.T.);
#78 = FACE_BOUND('',#79,.T.);
#79 = EDGE_LOOP('',(#80,#90,#96,#97));
#80 = ORIENTED_EDGE('',*,*,#81,.T.);
#81 = EDGE_CURVE('',#82,#84,#86,.T.);
#82 = VERTEX_POINT('',#83);
#83 = CARTESIAN_POINT('',(76.45,-40.070991,0.));
#84 = VERTEX_POINT('',#85);
#85 = CARTESIAN_POINT('',(76.45,-40.070991,1.6));
#86 = LINE('',#87,#88);
#87 = CARTESIAN_POINT('',(76.45,-40.070991,0.));
#88 = VECTOR('',#89,1.);
#89 = DIRECTION('',(0.,0.,1.));
#90 = ORIENTED_EDGE('',*,*,#91,.T.);
#91 = EDGE_CURVE('',#84,#42,#92,.T.);
#92 = LINE('',#93,#94);
#93 = CARTESIAN_POINT('',(76.45,-40.070991,1.6));
#94 = VECTOR('',#95,1.);
#95 = DIRECTION('',(1.,0.,0.));
#96 = ORIENTED_EDGE('',*,*,#39,.F.);
#97 = ORIENTED_EDGE('',*,*,#98,.F.);
#98 = EDGE_CURVE('',#82,#40,#99,.T.);
#99 = LINE('',#100,#101);
#100 = CARTESIAN_POINT('',(76.45,-40.070991,0.));
#101 = VECTOR('',#102,1.);
#102 = DIRECTION('',(1.,0.,0.));
#103 = PLANE('',#104);
#104 = AXIS2_PLACEMENT_3D('',#105,#106,#107);
#105 = CARTESIAN_POINT('',(76.45,-40.070991,0.));
#106 = DIRECTION('',(0.,1.,0.));
#107 = DIRECTION('',(1.,0.,0.));
#108 = ADVANCED_FACE('',(#109),#134,.T.);
#109 = FACE_BOUND('',#110,.T.);
#110 = EDGE_LOOP('',(#111,#112,#120,#128));
#111 = ORIENTED_EDGE('',*,*,#58,.T.);
#112 = ORIENTED_EDGE('',*,*,#113,.T.);
#113 = EDGE_CURVE('',#50,#114,#116,.T.);
#114 = VERTEX_POINT('',#115);
#115 = CARTESIAN_POINT('',(224.25,-126.699354,1.6));
#116 = LINE('',#117,#118);
#117 = CARTESIAN_POINT('',(224.25,-44.082628,1.6));
#118 = VECTOR('',#119,1.);
#119 = DIRECTION('',(0.,-1.,0.));
#120 = ORIENTED_EDGE('',*,*,#121,.F.);
#121 = EDGE_CURVE('',#122,#114,#124,.T.);
#122 = VERTEX_POINT('',#123);
#123 = CARTESIAN_POINT('',(224.25,-126.699354,0.));
#124 = LINE('',#125,#126);
#125 = CARTESIAN_POINT('',(224.25,-126.699354,0.));
#126 = VECTOR('',#127,1.);
#127 = DIRECTION('',(0.,0.,1.));
#128 = ORIENTED_EDGE('',*,*,#129,.F.);
#129 = EDGE_CURVE('',#59,#122,#130,.T.);
#130 = LINE('',#131,#132);
#131 = CARTESIAN_POINT('',(224.25,-44.082628,0.));
#132 = VECTOR('',#133,1.);
#133 = DIRECTION('',(0.,-1.,0.));
#134 = PLANE('',#135);
#135 = AXIS2_PLACEMENT_3D('',#136,#137,#138);
#136 = CARTESIAN_POINT('',(224.25,-44.082628,0.));
#137 = DIRECTION('',(1.,0.,-0.));
#138 = DIRECTION('',(0.,-1.,0.));
#139 = ADVANCED_FACE('',(#140,#186,#197,#208,#219,#230,#241,#252,#263,
    #274,#285,#296,#307,#318,#329,#340,#351,#362,#373,#384,#395,#406,
    #417,#428,#439,#450,#461,#472,#483,#494,#505,#516,#527,#538,#549,
    #560,#571,#582,#593,#604,#615,#626,#637,#648,#659,#670,#681,#692,
    #703,#714,#725,#736,#747,#758,#769,#780,#791,#802,#813,#824,#835,
    #846,#857,#868,#879,#890,#901,#912,#923,#934,#945,#956,#967,#978,
    #989,#1000,#1011,#1022,#1033,#1044,#1055,#1066,#1077,#1088,#1099,
    #1110,#1121,#1132,#1143,#1154,#1165,#1176,#1187,#1198,#1209,#1220,
    #1231,#1242,#1253,#1264,#1275,#1286,#1297,#1308,#1319,#1330,#1341,
    #1352,#1363,#1374,#1385,#1396,#1407,#1418,#1429,#1440,#1451,#1462,
    #1473,#1484,#1495,#1506,#1517,#1528,#1539,#1550,#1561,#1572,#1583,
    #1594,#1605,#1616,#1627,#1638,#1649,#1660,#1671,#1682,#1693,#1704,
    #1715,#1726,#1737,#1748,#1759,#1770,#1781,#1792,#1803,#1814,#1825,
    #1836,#1847,#1858,#1869,#1880,#1891,#1902,#1913,#1924,#1935,#1946,
    #1957,#1968,#1979,#1990,#2001,#2012,#2023,#2034,#2045),#2056,.F.);
#140 = FACE_BOUND('',#141,.F.);
#141 = EDGE_LOOP('',(#142,#143,#144,#153,#161,#170,#178,#185));
#142 = ORIENTED_EDGE('',*,*,#66,.F.);
#143 = ORIENTED_EDGE('',*,*,#98,.F.);
#144 = ORIENTED_EDGE('',*,*,#145,.F.);
#145 = EDGE_CURVE('',#146,#82,#148,.T.);
#146 = VERTEX_POINT('',#147);
#147 = CARTESIAN_POINT('',(72.438363,-44.082628,0.));
#148 = CIRCLE('',#149,4.011639479947);
#149 = AXIS2_PLACEMENT_3D('',#150,#151,#152);
#150 = CARTESIAN_POINT('',(76.450002479946,-44.08263047994,0.));
#151 = DIRECTION('',(0.,0.,-1.));
#152 = DIRECTION('',(-1.,6.181876803409E-07,0.));
#153 = ORIENTED_EDGE('',*,*,#154,.F.);
#154 = EDGE_CURVE('',#155,#146,#157,.T.);
#155 = VERTEX_POINT('',#156);
#156 = CARTESIAN_POINT('',(72.438363,-126.699354,0.));
#157 = LINE('',#158,#159);
#158 = CARTESIAN_POINT('',(72.438363,-126.699354,0.));
#159 = VECTOR('',#160,1.);
#160 = DIRECTION('',(0.,1.,0.));
#161 = ORIENTED_EDGE('',*,*,#162,.F.);
#162 = EDGE_CURVE('',#163,#155,#165,.T.);
#163 = VERTEX_POINT('',#164);
#164 = CARTESIAN_POINT('',(76.45,-130.710991,0.));
#165 = CIRCLE('',#166,4.011607045296);
#166 = AXIS2_PLACEMENT_3D('',#167,#168,#169);
#167 = CARTESIAN_POINT('',(76.449970045184,-126.6993839548,0.));
#168 = DIRECTION('',(0.,0.,-1.));
#169 = DIRECTION('',(7.467036424759E-06,-0.999999999972,0.));
#170 = ORIENTED_EDGE('',*,*,#171,.F.);
#171 = EDGE_CURVE('',#172,#163,#174,.T.);
#172 = VERTEX_POINT('',#173);
#173 = CARTESIAN_POINT('',(220.238363,-130.710991,0.));
#174 = LINE('',#175,#176);
#175 = CARTESIAN_POINT('',(220.238363,-130.710991,0.));
#176 = VECTOR('',#177,1.);
#177 = DIRECTION('',(-1.,0.,0.));
#178 = ORIENTED_EDGE('',*,*,#179,.F.);
#179 = EDGE_CURVE('',#122,#172,#180,.T.);
#180 = CIRCLE('',#181,4.011559248473);
#181 = AXIS2_PLACEMENT_3D('',#182,#183,#184);
#182 = CARTESIAN_POINT('',(220.23844075228,-126.6994317522,0.));
#183 = DIRECTION('',(0.,0.,-1.));
#184 = DIRECTION('',(0.999999999812,1.93820596825E-05,0.));
#185 = ORIENTED_EDGE('',*,*,#129,.F.);
#186 = FACE_BOUND('',#187,.F.);
#187 = EDGE_LOOP('',(#188));
#188 = ORIENTED_EDGE('',*,*,#189,.T.);
#189 = EDGE_CURVE('',#190,#190,#192,.T.);
#190 = VERTEX_POINT('',#191);
#191 = CARTESIAN_POINT('',(76.94,-127.81,0.));
#192 = CIRCLE('',#193,1.6);
#193 = AXIS2_PLACEMENT_3D('',#194,#195,#196);
#194 = CARTESIAN_POINT('',(76.94,-126.21,0.));
#195 = DIRECTION('',(-0.,0.,-1.));
#196 = DIRECTION('',(-0.,-1.,0.));
#197 = FACE_BOUND('',#198,.F.);
#198 = EDGE_LOOP('',(#199));
#199 = ORIENTED_EDGE('',*,*,#200,.T.);
#200 = EDGE_CURVE('',#201,#201,#203,.T.);
#201 = VERTEX_POINT('',#202);
#202 = CARTESIAN_POINT('',(104.915637,-127.650991,0.));
#203 = CIRCLE('',#204,1.65);
#204 = AXIS2_PLACEMENT_3D('',#205,#206,#207);
#205 = CARTESIAN_POINT('',(104.915637,-126.000991,0.));
#206 = DIRECTION('',(-0.,0.,-1.));
#207 = DIRECTION('',(-0.,-1.,0.));
#208 = FACE_BOUND('',#209,.F.);
#209 = EDGE_LOOP('',(#210));
#210 = ORIENTED_EDGE('',*,*,#211,.T.);
#211 = EDGE_CURVE('',#212,#212,#214,.T.);
#212 = VERTEX_POINT('',#213);
#213 = CARTESIAN_POINT('',(112.165637,-120.150991,0.));
#214 = CIRCLE('',#215,0.65);
#215 = AXIS2_PLACEMENT_3D('',#216,#217,#218);
#216 = CARTESIAN_POINT('',(112.165637,-119.500991,0.));
#217 = DIRECTION('',(-0.,0.,-1.));
#218 = DIRECTION('',(-0.,-1.,0.));
#219 = FACE_BOUND('',#220,.F.);
#220 = EDGE_LOOP('',(#221));
#221 = ORIENTED_EDGE('',*,*,#222,.T.);
#222 = EDGE_CURVE('',#223,#223,#225,.T.);
#223 = VERTEX_POINT('',#224);
#224 = CARTESIAN_POINT('',(115.165637,-120.150991,0.));
#225 = CIRCLE('',#226,0.65);
#226 = AXIS2_PLACEMENT_3D('',#227,#228,#229);
#227 = CARTESIAN_POINT('',(115.165637,-119.500991,0.));
#228 = DIRECTION('',(-0.,0.,-1.));
#229 = DIRECTION('',(-0.,-1.,0.));
#230 = FACE_BOUND('',#231,.F.);
#231 = EDGE_LOOP('',(#232));
#232 = ORIENTED_EDGE('',*,*,#233,.T.);
#233 = EDGE_CURVE('',#234,#234,#236,.T.);
#234 = VERTEX_POINT('',#235);
#235 = CARTESIAN_POINT('',(118.165637,-120.150991,0.));
#236 = CIRCLE('',#237,0.65);
#237 = AXIS2_PLACEMENT_3D('',#238,#239,#240);
#238 = CARTESIAN_POINT('',(118.165637,-119.500991,0.));
#239 = DIRECTION('',(-0.,0.,-1.));
#240 = DIRECTION('',(-0.,-1.,0.));
#241 = FACE_BOUND('',#242,.F.);
#242 = EDGE_LOOP('',(#243));
#243 = ORIENTED_EDGE('',*,*,#244,.T.);
#244 = EDGE_CURVE('',#245,#245,#247,.T.);
#245 = VERTEX_POINT('',#246);
#246 = CARTESIAN_POINT('',(121.165637,-120.150991,0.));
#247 = CIRCLE('',#248,0.65);
#248 = AXIS2_PLACEMENT_3D('',#249,#250,#251);
#249 = CARTESIAN_POINT('',(121.165637,-119.500991,0.));
#250 = DIRECTION('',(-0.,0.,-1.));
#251 = DIRECTION('',(-0.,-1.,0.));
#252 = FACE_BOUND('',#253,.F.);
#253 = EDGE_LOOP('',(#254));
#254 = ORIENTED_EDGE('',*,*,#255,.T.);
#255 = EDGE_CURVE('',#256,#256,#258,.T.);
#256 = VERTEX_POINT('',#257);
#257 = CARTESIAN_POINT('',(124.165637,-120.150991,0.));
#258 = CIRCLE('',#259,0.65);
#259 = AXIS2_PLACEMENT_3D('',#260,#261,#262);
#260 = CARTESIAN_POINT('',(124.165637,-119.500991,0.));
#261 = DIRECTION('',(-0.,0.,-1.));
#262 = DIRECTION('',(-0.,-1.,0.));
#263 = FACE_BOUND('',#264,.F.);
#264 = EDGE_LOOP('',(#265));
#265 = ORIENTED_EDGE('',*,*,#266,.T.);
#266 = EDGE_CURVE('',#267,#267,#269,.T.);
#267 = VERTEX_POINT('',#268);
#268 = CARTESIAN_POINT('',(127.165637,-120.150991,0.));
#269 = CIRCLE('',#270,0.65);
#270 = AXIS2_PLACEMENT_3D('',#271,#272,#273);
#271 = CARTESIAN_POINT('',(127.165637,-119.500991,0.));
#272 = DIRECTION('',(-0.,0.,-1.));
#273 = DIRECTION('',(-0.,-1.,0.));
#274 = FACE_BOUND('',#275,.F.);
#275 = EDGE_LOOP('',(#276));
#276 = ORIENTED_EDGE('',*,*,#277,.T.);
#277 = EDGE_CURVE('',#278,#278,#280,.T.);
#278 = VERTEX_POINT('',#279);
#279 = CARTESIAN_POINT('',(143.415637,-127.650991,0.));
#280 = CIRCLE('',#281,1.65);
#281 = AXIS2_PLACEMENT_3D('',#282,#283,#284);
#282 = CARTESIAN_POINT('',(143.415637,-126.000991,0.));
#283 = DIRECTION('',(-0.,0.,-1.));
#284 = DIRECTION('',(-0.,-1.,0.));
#285 = FACE_BOUND('',#286,.F.);
#286 = EDGE_LOOP('',(#287));
#287 = ORIENTED_EDGE('',*,*,#288,.T.);
#288 = EDGE_CURVE('',#289,#289,#291,.T.);
#289 = VERTEX_POINT('',#290);
#290 = CARTESIAN_POINT('',(130.165637,-120.150991,0.));
#291 = CIRCLE('',#292,0.65);
#292 = AXIS2_PLACEMENT_3D('',#293,#294,#295);
#293 = CARTESIAN_POINT('',(130.165637,-119.500991,0.));
#294 = DIRECTION('',(-0.,0.,-1.));
#295 = DIRECTION('',(-0.,-1.,0.));
#296 = FACE_BOUND('',#297,.F.);
#297 = EDGE_LOOP('',(#298));
#298 = ORIENTED_EDGE('',*,*,#299,.T.);
#299 = EDGE_CURVE('',#300,#300,#302,.T.);
#300 = VERTEX_POINT('',#301);
#301 = CARTESIAN_POINT('',(133.165637,-120.150991,0.));
#302 = CIRCLE('',#303,0.65);
#303 = AXIS2_PLACEMENT_3D('',#304,#305,#306);
#304 = CARTESIAN_POINT('',(133.165637,-119.500991,0.));
#305 = DIRECTION('',(-0.,0.,-1.));
#306 = DIRECTION('',(-0.,-1.,0.));
#307 = FACE_BOUND('',#308,.F.);
#308 = EDGE_LOOP('',(#309));
#309 = ORIENTED_EDGE('',*,*,#310,.T.);
#310 = EDGE_CURVE('',#311,#311,#313,.T.);
#311 = VERTEX_POINT('',#312);
#312 = CARTESIAN_POINT('',(136.165637,-120.150991,0.));
#313 = CIRCLE('',#314,0.65);
#314 = AXIS2_PLACEMENT_3D('',#315,#316,#317);
#315 = CARTESIAN_POINT('',(136.165637,-119.500991,0.));
#316 = DIRECTION('',(-0.,0.,-1.));
#317 = DIRECTION('',(-0.,-1.,0.));
#318 = FACE_BOUND('',#319,.F.);
#319 = EDGE_LOOP('',(#320));
#320 = ORIENTED_EDGE('',*,*,#321,.T.);
#321 = EDGE_CURVE('',#322,#322,#324,.T.);
#322 = VERTEX_POINT('',#323);
#323 = CARTESIAN_POINT('',(113.665637,-117.650991,0.));
#324 = CIRCLE('',#325,0.65);
#325 = AXIS2_PLACEMENT_3D('',#326,#327,#328);
#326 = CARTESIAN_POINT('',(113.665637,-117.000991,0.));
#327 = DIRECTION('',(-0.,0.,-1.));
#328 = DIRECTION('',(-0.,-1.,0.));
#329 = FACE_BOUND('',#330,.F.);
#330 = EDGE_LOOP('',(#331));
#331 = ORIENTED_EDGE('',*,*,#332,.T.);
#332 = EDGE_CURVE('',#333,#333,#335,.T.);
#333 = VERTEX_POINT('',#334);
#334 = CARTESIAN_POINT('',(116.665637,-117.650991,0.));
#335 = CIRCLE('',#336,0.65);
#336 = AXIS2_PLACEMENT_3D('',#337,#338,#339);
#337 = CARTESIAN_POINT('',(116.665637,-117.000991,0.));
#338 = DIRECTION('',(-0.,0.,-1.));
#339 = DIRECTION('',(-0.,-1.,0.));
#340 = FACE_BOUND('',#341,.F.);
#341 = EDGE_LOOP('',(#342));
#342 = ORIENTED_EDGE('',*,*,#343,.T.);
#343 = EDGE_CURVE('',#344,#344,#346,.T.);
#344 = VERTEX_POINT('',#345);
#345 = CARTESIAN_POINT('',(119.665637,-117.650991,0.));
#346 = CIRCLE('',#347,0.65);
#347 = AXIS2_PLACEMENT_3D('',#348,#349,#350);
#348 = CARTESIAN_POINT('',(119.665637,-117.000991,0.));
#349 = DIRECTION('',(-0.,0.,-1.));
#350 = DIRECTION('',(-0.,-1.,0.));
#351 = FACE_BOUND('',#352,.F.);
#352 = EDGE_LOOP('',(#353));
#353 = ORIENTED_EDGE('',*,*,#354,.T.);
#354 = EDGE_CURVE('',#355,#355,#357,.T.);
#355 = VERTEX_POINT('',#356);
#356 = CARTESIAN_POINT('',(113.665637,-114.650991,0.));
#357 = CIRCLE('',#358,0.65);
#358 = AXIS2_PLACEMENT_3D('',#359,#360,#361);
#359 = CARTESIAN_POINT('',(113.665637,-114.000991,0.));
#360 = DIRECTION('',(-0.,0.,-1.));
#361 = DIRECTION('',(-0.,-1.,0.));
#362 = FACE_BOUND('',#363,.F.);
#363 = EDGE_LOOP('',(#364));
#364 = ORIENTED_EDGE('',*,*,#365,.T.);
#365 = EDGE_CURVE('',#366,#366,#368,.T.);
#366 = VERTEX_POINT('',#367);
#367 = CARTESIAN_POINT('',(116.665637,-114.650991,0.));
#368 = CIRCLE('',#369,0.65);
#369 = AXIS2_PLACEMENT_3D('',#370,#371,#372);
#370 = CARTESIAN_POINT('',(116.665637,-114.000991,0.));
#371 = DIRECTION('',(-0.,0.,-1.));
#372 = DIRECTION('',(-0.,-1.,0.));
#373 = FACE_BOUND('',#374,.F.);
#374 = EDGE_LOOP('',(#375));
#375 = ORIENTED_EDGE('',*,*,#376,.T.);
#376 = EDGE_CURVE('',#377,#377,#379,.T.);
#377 = VERTEX_POINT('',#378);
#378 = CARTESIAN_POINT('',(119.665637,-114.650991,0.));
#379 = CIRCLE('',#380,0.65);
#380 = AXIS2_PLACEMENT_3D('',#381,#382,#383);
#381 = CARTESIAN_POINT('',(119.665637,-114.000991,0.));
#382 = DIRECTION('',(-0.,0.,-1.));
#383 = DIRECTION('',(-0.,-1.,0.));
#384 = FACE_BOUND('',#385,.F.);
#385 = EDGE_LOOP('',(#386));
#386 = ORIENTED_EDGE('',*,*,#387,.T.);
#387 = EDGE_CURVE('',#388,#388,#390,.T.);
#388 = VERTEX_POINT('',#389);
#389 = CARTESIAN_POINT('',(122.665637,-117.650991,0.));
#390 = CIRCLE('',#391,0.65);
#391 = AXIS2_PLACEMENT_3D('',#392,#393,#394);
#392 = CARTESIAN_POINT('',(122.665637,-117.000991,0.));
#393 = DIRECTION('',(-0.,0.,-1.));
#394 = DIRECTION('',(-0.,-1.,0.));
#395 = FACE_BOUND('',#396,.F.);
#396 = EDGE_LOOP('',(#397));
#397 = ORIENTED_EDGE('',*,*,#398,.T.);
#398 = EDGE_CURVE('',#399,#399,#401,.T.);
#399 = VERTEX_POINT('',#400);
#400 = CARTESIAN_POINT('',(125.665637,-117.650991,0.));
#401 = CIRCLE('',#402,0.65);
#402 = AXIS2_PLACEMENT_3D('',#403,#404,#405);
#403 = CARTESIAN_POINT('',(125.665637,-117.000991,0.));
#404 = DIRECTION('',(-0.,0.,-1.));
#405 = DIRECTION('',(-0.,-1.,0.));
#406 = FACE_BOUND('',#407,.F.);
#407 = EDGE_LOOP('',(#408));
#408 = ORIENTED_EDGE('',*,*,#409,.T.);
#409 = EDGE_CURVE('',#410,#410,#412,.T.);
#410 = VERTEX_POINT('',#411);
#411 = CARTESIAN_POINT('',(128.665637,-117.650991,0.));
#412 = CIRCLE('',#413,0.65);
#413 = AXIS2_PLACEMENT_3D('',#414,#415,#416);
#414 = CARTESIAN_POINT('',(128.665637,-117.000991,0.));
#415 = DIRECTION('',(-0.,0.,-1.));
#416 = DIRECTION('',(-0.,-1.,0.));
#417 = FACE_BOUND('',#418,.F.);
#418 = EDGE_LOOP('',(#419));
#419 = ORIENTED_EDGE('',*,*,#420,.T.);
#420 = EDGE_CURVE('',#421,#421,#423,.T.);
#421 = VERTEX_POINT('',#422);
#422 = CARTESIAN_POINT('',(122.665637,-114.650991,0.));
#423 = CIRCLE('',#424,0.65);
#424 = AXIS2_PLACEMENT_3D('',#425,#426,#427);
#425 = CARTESIAN_POINT('',(122.665637,-114.000991,0.));
#426 = DIRECTION('',(-0.,0.,-1.));
#427 = DIRECTION('',(-0.,-1.,0.));
#428 = FACE_BOUND('',#429,.F.);
#429 = EDGE_LOOP('',(#430));
#430 = ORIENTED_EDGE('',*,*,#431,.T.);
#431 = EDGE_CURVE('',#432,#432,#434,.T.);
#432 = VERTEX_POINT('',#433);
#433 = CARTESIAN_POINT('',(125.665637,-114.650991,0.));
#434 = CIRCLE('',#435,0.65);
#435 = AXIS2_PLACEMENT_3D('',#436,#437,#438);
#436 = CARTESIAN_POINT('',(125.665637,-114.000991,0.));
#437 = DIRECTION('',(-0.,0.,-1.));
#438 = DIRECTION('',(-0.,-1.,0.));
#439 = FACE_BOUND('',#440,.F.);
#440 = EDGE_LOOP('',(#441));
#441 = ORIENTED_EDGE('',*,*,#442,.T.);
#442 = EDGE_CURVE('',#443,#443,#445,.T.);
#443 = VERTEX_POINT('',#444);
#444 = CARTESIAN_POINT('',(128.665637,-114.650991,0.));
#445 = CIRCLE('',#446,0.65);
#446 = AXIS2_PLACEMENT_3D('',#447,#448,#449);
#447 = CARTESIAN_POINT('',(128.665637,-114.000991,0.));
#448 = DIRECTION('',(-0.,0.,-1.));
#449 = DIRECTION('',(-0.,-1.,0.));
#450 = FACE_BOUND('',#451,.F.);
#451 = EDGE_LOOP('',(#452));
#452 = ORIENTED_EDGE('',*,*,#453,.T.);
#453 = EDGE_CURVE('',#454,#454,#456,.T.);
#454 = VERTEX_POINT('',#455);
#455 = CARTESIAN_POINT('',(112.165637,-112.150991,0.));
#456 = CIRCLE('',#457,0.65);
#457 = AXIS2_PLACEMENT_3D('',#458,#459,#460);
#458 = CARTESIAN_POINT('',(112.165637,-111.500991,0.));
#459 = DIRECTION('',(-0.,0.,-1.));
#460 = DIRECTION('',(-0.,-1.,0.));
#461 = FACE_BOUND('',#462,.F.);
#462 = EDGE_LOOP('',(#463));
#463 = ORIENTED_EDGE('',*,*,#464,.T.);
#464 = EDGE_CURVE('',#465,#465,#467,.T.);
#465 = VERTEX_POINT('',#466);
#466 = CARTESIAN_POINT('',(115.165637,-112.150991,0.));
#467 = CIRCLE('',#468,0.65);
#468 = AXIS2_PLACEMENT_3D('',#469,#470,#471);
#469 = CARTESIAN_POINT('',(115.165637,-111.500991,0.));
#470 = DIRECTION('',(-0.,0.,-1.));
#471 = DIRECTION('',(-0.,-1.,0.));
#472 = FACE_BOUND('',#473,.F.);
#473 = EDGE_LOOP('',(#474));
#474 = ORIENTED_EDGE('',*,*,#475,.T.);
#475 = EDGE_CURVE('',#476,#476,#478,.T.);
#476 = VERTEX_POINT('',#477);
#477 = CARTESIAN_POINT('',(118.165637,-112.150991,0.));
#478 = CIRCLE('',#479,0.65);
#479 = AXIS2_PLACEMENT_3D('',#480,#481,#482);
#480 = CARTESIAN_POINT('',(118.165637,-111.500991,0.));
#481 = DIRECTION('',(-0.,0.,-1.));
#482 = DIRECTION('',(-0.,-1.,0.));
#483 = FACE_BOUND('',#484,.F.);
#484 = EDGE_LOOP('',(#485));
#485 = ORIENTED_EDGE('',*,*,#486,.T.);
#486 = EDGE_CURVE('',#487,#487,#489,.T.);
#487 = VERTEX_POINT('',#488);
#488 = CARTESIAN_POINT('',(121.165637,-112.150991,0.));
#489 = CIRCLE('',#490,0.65);
#490 = AXIS2_PLACEMENT_3D('',#491,#492,#493);
#491 = CARTESIAN_POINT('',(121.165637,-111.500991,0.));
#492 = DIRECTION('',(-0.,0.,-1.));
#493 = DIRECTION('',(-0.,-1.,0.));
#494 = FACE_BOUND('',#495,.F.);
#495 = EDGE_LOOP('',(#496));
#496 = ORIENTED_EDGE('',*,*,#497,.T.);
#497 = EDGE_CURVE('',#498,#498,#500,.T.);
#498 = VERTEX_POINT('',#499);
#499 = CARTESIAN_POINT('',(124.165637,-112.150991,0.));
#500 = CIRCLE('',#501,0.65);
#501 = AXIS2_PLACEMENT_3D('',#502,#503,#504);
#502 = CARTESIAN_POINT('',(124.165637,-111.500991,0.));
#503 = DIRECTION('',(-0.,0.,-1.));
#504 = DIRECTION('',(-0.,-1.,0.));
#505 = FACE_BOUND('',#506,.F.);
#506 = EDGE_LOOP('',(#507));
#507 = ORIENTED_EDGE('',*,*,#508,.T.);
#508 = EDGE_CURVE('',#509,#509,#511,.T.);
#509 = VERTEX_POINT('',#510);
#510 = CARTESIAN_POINT('',(127.165637,-112.150991,0.));
#511 = CIRCLE('',#512,0.65);
#512 = AXIS2_PLACEMENT_3D('',#513,#514,#515);
#513 = CARTESIAN_POINT('',(127.165637,-111.500991,0.));
#514 = DIRECTION('',(-0.,0.,-1.));
#515 = DIRECTION('',(-0.,-1.,0.));
#516 = FACE_BOUND('',#517,.F.);
#517 = EDGE_LOOP('',(#518));
#518 = ORIENTED_EDGE('',*,*,#519,.T.);
#519 = EDGE_CURVE('',#520,#520,#522,.T.);
#520 = VERTEX_POINT('',#521);
#521 = CARTESIAN_POINT('',(131.665637,-117.650991,0.));
#522 = CIRCLE('',#523,0.65);
#523 = AXIS2_PLACEMENT_3D('',#524,#525,#526);
#524 = CARTESIAN_POINT('',(131.665637,-117.000991,0.));
#525 = DIRECTION('',(-0.,0.,-1.));
#526 = DIRECTION('',(-0.,-1.,0.));
#527 = FACE_BOUND('',#528,.F.);
#528 = EDGE_LOOP('',(#529));
#529 = ORIENTED_EDGE('',*,*,#530,.T.);
#530 = EDGE_CURVE('',#531,#531,#533,.T.);
#531 = VERTEX_POINT('',#532);
#532 = CARTESIAN_POINT('',(134.665637,-117.650991,0.));
#533 = CIRCLE('',#534,0.65);
#534 = AXIS2_PLACEMENT_3D('',#535,#536,#537);
#535 = CARTESIAN_POINT('',(134.665637,-117.000991,0.));
#536 = DIRECTION('',(-0.,0.,-1.));
#537 = DIRECTION('',(-0.,-1.,0.));
#538 = FACE_BOUND('',#539,.F.);
#539 = EDGE_LOOP('',(#540));
#540 = ORIENTED_EDGE('',*,*,#541,.T.);
#541 = EDGE_CURVE('',#542,#542,#544,.T.);
#542 = VERTEX_POINT('',#543);
#543 = CARTESIAN_POINT('',(131.665637,-114.650991,0.));
#544 = CIRCLE('',#545,0.65);
#545 = AXIS2_PLACEMENT_3D('',#546,#547,#548);
#546 = CARTESIAN_POINT('',(131.665637,-114.000991,0.));
#547 = DIRECTION('',(-0.,0.,-1.));
#548 = DIRECTION('',(-0.,-1.,0.));
#549 = FACE_BOUND('',#550,.F.);
#550 = EDGE_LOOP('',(#551));
#551 = ORIENTED_EDGE('',*,*,#552,.T.);
#552 = EDGE_CURVE('',#553,#553,#555,.T.);
#553 = VERTEX_POINT('',#554);
#554 = CARTESIAN_POINT('',(134.665637,-114.650991,0.));
#555 = CIRCLE('',#556,0.65);
#556 = AXIS2_PLACEMENT_3D('',#557,#558,#559);
#557 = CARTESIAN_POINT('',(134.665637,-114.000991,0.));
#558 = DIRECTION('',(-0.,0.,-1.));
#559 = DIRECTION('',(-0.,-1.,0.));
#560 = FACE_BOUND('',#561,.F.);
#561 = EDGE_LOOP('',(#562));
#562 = ORIENTED_EDGE('',*,*,#563,.T.);
#563 = EDGE_CURVE('',#564,#564,#566,.T.);
#564 = VERTEX_POINT('',#565);
#565 = CARTESIAN_POINT('',(130.165637,-112.150991,0.));
#566 = CIRCLE('',#567,0.65);
#567 = AXIS2_PLACEMENT_3D('',#568,#569,#570);
#568 = CARTESIAN_POINT('',(130.165637,-111.500991,0.));
#569 = DIRECTION('',(-0.,0.,-1.));
#570 = DIRECTION('',(-0.,-1.,0.));
#571 = FACE_BOUND('',#572,.F.);
#572 = EDGE_LOOP('',(#573));
#573 = ORIENTED_EDGE('',*,*,#574,.T.);
#574 = EDGE_CURVE('',#575,#575,#577,.T.);
#575 = VERTEX_POINT('',#576);
#576 = CARTESIAN_POINT('',(133.165637,-112.150991,0.));
#577 = CIRCLE('',#578,0.65);
#578 = AXIS2_PLACEMENT_3D('',#579,#580,#581);
#579 = CARTESIAN_POINT('',(133.165637,-111.500991,0.));
#580 = DIRECTION('',(-0.,0.,-1.));
#581 = DIRECTION('',(-0.,-1.,0.));
#582 = FACE_BOUND('',#583,.F.);
#583 = EDGE_LOOP('',(#584));
#584 = ORIENTED_EDGE('',*,*,#585,.T.);
#585 = EDGE_CURVE('',#586,#586,#588,.T.);
#586 = VERTEX_POINT('',#587);
#587 = CARTESIAN_POINT('',(136.165637,-112.150991,0.));
#588 = CIRCLE('',#589,0.65);
#589 = AXIS2_PLACEMENT_3D('',#590,#591,#592);
#590 = CARTESIAN_POINT('',(136.165637,-111.500991,0.));
#591 = DIRECTION('',(-0.,0.,-1.));
#592 = DIRECTION('',(-0.,-1.,0.));
#593 = FACE_BOUND('',#594,.F.);
#594 = EDGE_LOOP('',(#595));
#595 = ORIENTED_EDGE('',*,*,#596,.T.);
#596 = EDGE_CURVE('',#597,#597,#599,.T.);
#597 = VERTEX_POINT('',#598);
#598 = CARTESIAN_POINT('',(109.431588,-103.085757,0.));
#599 = CIRCLE('',#600,1.85);
#600 = AXIS2_PLACEMENT_3D('',#601,#602,#603);
#601 = CARTESIAN_POINT('',(109.431588,-101.235757,0.));
#602 = DIRECTION('',(-0.,0.,-1.));
#603 = DIRECTION('',(-0.,-1.,0.));
#604 = FACE_BOUND('',#605,.F.);
#605 = EDGE_LOOP('',(#606));
#606 = ORIENTED_EDGE('',*,*,#607,.T.);
#607 = EDGE_CURVE('',#608,#608,#610,.T.);
#608 = VERTEX_POINT('',#609);
#609 = CARTESIAN_POINT('',(81.087133,-95.620991,0.));
#610 = CIRCLE('',#611,1.85);
#611 = AXIS2_PLACEMENT_3D('',#612,#613,#614);
#612 = CARTESIAN_POINT('',(81.087133,-93.770991,0.));
#613 = DIRECTION('',(-0.,0.,-1.));
#614 = DIRECTION('',(-0.,-1.,0.));
#615 = FACE_BOUND('',#616,.F.);
#616 = EDGE_LOOP('',(#617));
#617 = ORIENTED_EDGE('',*,*,#618,.T.);
#618 = EDGE_CURVE('',#619,#619,#621,.T.);
#619 = VERTEX_POINT('',#620);
#620 = CARTESIAN_POINT('',(86.39,-90.30245,0.));
#621 = CIRCLE('',#622,1.18745);
#622 = AXIS2_PLACEMENT_3D('',#623,#624,#625);
#623 = CARTESIAN_POINT('',(86.39,-89.115,0.));
#624 = DIRECTION('',(-0.,0.,-1.));
#625 = DIRECTION('',(-0.,-1.,0.));
#626 = FACE_BOUND('',#627,.F.);
#627 = EDGE_LOOP('',(#628));
#628 = ORIENTED_EDGE('',*,*,#629,.T.);
#629 = EDGE_CURVE('',#630,#630,#632,.T.);
#630 = VERTEX_POINT('',#631);
#631 = CARTESIAN_POINT('',(89.565,-90.30245,0.));
#632 = CIRCLE('',#633,1.18745);
#633 = AXIS2_PLACEMENT_3D('',#634,#635,#636);
#634 = CARTESIAN_POINT('',(89.565,-89.115,0.));
#635 = DIRECTION('',(-0.,0.,-1.));
#636 = DIRECTION('',(-0.,-1.,0.));
#637 = FACE_BOUND('',#638,.F.);
#638 = EDGE_LOOP('',(#639));
#639 = ORIENTED_EDGE('',*,*,#640,.T.);
#640 = EDGE_CURVE('',#641,#641,#643,.T.);
#641 = VERTEX_POINT('',#642);
#642 = CARTESIAN_POINT('',(86.39,-87.0703,0.));
#643 = CIRCLE('',#644,0.4953);
#644 = AXIS2_PLACEMENT_3D('',#645,#646,#647);
#645 = CARTESIAN_POINT('',(86.39,-86.575,0.));
#646 = DIRECTION('',(-0.,0.,-1.));
#647 = DIRECTION('',(-0.,-1.,0.));
#648 = FACE_BOUND('',#649,.F.);
#649 = EDGE_LOOP('',(#650));
#650 = ORIENTED_EDGE('',*,*,#651,.T.);
#651 = EDGE_CURVE('',#652,#652,#654,.T.);
#652 = VERTEX_POINT('',#653);
#653 = CARTESIAN_POINT('',(91.47,-88.0863,0.));
#654 = CIRCLE('',#655,0.4953);
#655 = AXIS2_PLACEMENT_3D('',#656,#657,#658);
#656 = CARTESIAN_POINT('',(91.47,-87.591,0.));
#657 = DIRECTION('',(-0.,0.,-1.));
#658 = DIRECTION('',(-0.,-1.,0.));
#659 = FACE_BOUND('',#660,.F.);
#660 = EDGE_LOOP('',(#661));
#661 = ORIENTED_EDGE('',*,*,#662,.T.);
#662 = EDGE_CURVE('',#663,#663,#665,.T.);
#663 = VERTEX_POINT('',#664);
#664 = CARTESIAN_POINT('',(91.47,-86.0543,0.));
#665 = CIRCLE('',#666,0.4953);
#666 = AXIS2_PLACEMENT_3D('',#667,#668,#669);
#667 = CARTESIAN_POINT('',(91.47,-85.559,0.));
#668 = DIRECTION('',(-0.,0.,-1.));
#669 = DIRECTION('',(-0.,-1.,0.));
#670 = FACE_BOUND('',#671,.F.);
#671 = EDGE_LOOP('',(#672));
#672 = ORIENTED_EDGE('',*,*,#673,.T.);
#673 = EDGE_CURVE('',#674,#674,#676,.T.);
#674 = VERTEX_POINT('',#675);
#675 = CARTESIAN_POINT('',(99.173133,-95.620991,0.));
#676 = CIRCLE('',#677,1.85);
#677 = AXIS2_PLACEMENT_3D('',#678,#679,#680);
#678 = CARTESIAN_POINT('',(99.173133,-93.770991,0.));
#679 = DIRECTION('',(-0.,0.,-1.));
#680 = DIRECTION('',(-0.,-1.,0.));
#681 = FACE_BOUND('',#682,.F.);
#682 = EDGE_LOOP('',(#683));
#683 = ORIENTED_EDGE('',*,*,#684,.T.);
#684 = EDGE_CURVE('',#685,#685,#687,.T.);
#685 = VERTEX_POINT('',#686);
#686 = CARTESIAN_POINT('',(99.15,-88.01,0.));
#687 = CIRCLE('',#688,0.51);
#688 = AXIS2_PLACEMENT_3D('',#689,#690,#691);
#689 = CARTESIAN_POINT('',(99.15,-87.5,0.));
#690 = DIRECTION('',(-0.,0.,-1.));
#691 = DIRECTION('',(-0.,-1.,0.));
#692 = FACE_BOUND('',#693,.F.);
#693 = EDGE_LOOP('',(#694));
#694 = ORIENTED_EDGE('',*,*,#695,.T.);
#695 = EDGE_CURVE('',#696,#696,#698,.T.);
#696 = VERTEX_POINT('',#697);
#697 = CARTESIAN_POINT('',(117.901588,-99.930757,0.));
#698 = CIRCLE('',#699,0.71);
#699 = AXIS2_PLACEMENT_3D('',#700,#701,#702);
#700 = CARTESIAN_POINT('',(117.901588,-99.220757,0.));
#701 = DIRECTION('',(-0.,0.,-1.));
#702 = DIRECTION('',(-0.,-1.,0.));
#703 = FACE_BOUND('',#704,.F.);
#704 = EDGE_LOOP('',(#705));
#705 = ORIENTED_EDGE('',*,*,#706,.T.);
#706 = EDGE_CURVE('',#707,#707,#709,.T.);
#707 = VERTEX_POINT('',#708);
#708 = CARTESIAN_POINT('',(132.511588,-99.930757,0.));
#709 = CIRCLE('',#710,0.71);
#710 = AXIS2_PLACEMENT_3D('',#711,#712,#713);
#711 = CARTESIAN_POINT('',(132.511588,-99.220757,0.));
#712 = DIRECTION('',(-0.,0.,-1.));
#713 = DIRECTION('',(-4.003057666254E-14,-1.,0.));
#714 = FACE_BOUND('',#715,.F.);
#715 = EDGE_LOOP('',(#716));
#716 = ORIENTED_EDGE('',*,*,#717,.T.);
#717 = EDGE_CURVE('',#718,#718,#720,.T.);
#718 = VERTEX_POINT('',#719);
#719 = CARTESIAN_POINT('',(140.419588,-103.085757,0.));
#720 = CIRCLE('',#721,1.85);
#721 = AXIS2_PLACEMENT_3D('',#722,#723,#724);
#722 = CARTESIAN_POINT('',(140.419588,-101.235757,0.));
#723 = DIRECTION('',(-0.,0.,-1.));
#724 = DIRECTION('',(-0.,-1.,0.));
#725 = FACE_BOUND('',#726,.F.);
#726 = EDGE_LOOP('',(#727));
#727 = ORIENTED_EDGE('',*,*,#728,.T.);
#728 = EDGE_CURVE('',#729,#729,#731,.T.);
#729 = VERTEX_POINT('',#730);
#730 = CARTESIAN_POINT('',(152.115637,-127.650991,0.));
#731 = CIRCLE('',#732,1.65);
#732 = AXIS2_PLACEMENT_3D('',#733,#734,#735);
#733 = CARTESIAN_POINT('',(152.115637,-126.000991,0.));
#734 = DIRECTION('',(-0.,0.,-1.));
#735 = DIRECTION('',(-0.,-1.,0.));
#736 = FACE_BOUND('',#737,.F.);
#737 = EDGE_LOOP('',(#738));
#738 = ORIENTED_EDGE('',*,*,#739,.T.);
#739 = EDGE_CURVE('',#740,#740,#742,.T.);
#740 = VERTEX_POINT('',#741);
#741 = CARTESIAN_POINT('',(159.365637,-120.150991,0.));
#742 = CIRCLE('',#743,0.65);
#743 = AXIS2_PLACEMENT_3D('',#744,#745,#746);
#744 = CARTESIAN_POINT('',(159.365637,-119.500991,0.));
#745 = DIRECTION('',(-0.,0.,-1.));
#746 = DIRECTION('',(-0.,-1.,0.));
#747 = FACE_BOUND('',#748,.F.);
#748 = EDGE_LOOP('',(#749));
#749 = ORIENTED_EDGE('',*,*,#750,.T.);
#750 = EDGE_CURVE('',#751,#751,#753,.T.);
#751 = VERTEX_POINT('',#752);
#752 = CARTESIAN_POINT('',(162.365637,-120.150991,0.));
#753 = CIRCLE('',#754,0.65);
#754 = AXIS2_PLACEMENT_3D('',#755,#756,#757);
#755 = CARTESIAN_POINT('',(162.365637,-119.500991,0.));
#756 = DIRECTION('',(-0.,0.,-1.));
#757 = DIRECTION('',(-0.,-1.,0.));
#758 = FACE_BOUND('',#759,.F.);
#759 = EDGE_LOOP('',(#760));
#760 = ORIENTED_EDGE('',*,*,#761,.T.);
#761 = EDGE_CURVE('',#762,#762,#764,.T.);
#762 = VERTEX_POINT('',#763);
#763 = CARTESIAN_POINT('',(165.365637,-120.150991,0.));
#764 = CIRCLE('',#765,0.65);
#765 = AXIS2_PLACEMENT_3D('',#766,#767,#768);
#766 = CARTESIAN_POINT('',(165.365637,-119.500991,0.));
#767 = DIRECTION('',(-0.,0.,-1.));
#768 = DIRECTION('',(-0.,-1.,0.));
#769 = FACE_BOUND('',#770,.F.);
#770 = EDGE_LOOP('',(#771));
#771 = ORIENTED_EDGE('',*,*,#772,.T.);
#772 = EDGE_CURVE('',#773,#773,#775,.T.);
#773 = VERTEX_POINT('',#774);
#774 = CARTESIAN_POINT('',(168.365637,-120.150991,0.));
#775 = CIRCLE('',#776,0.65);
#776 = AXIS2_PLACEMENT_3D('',#777,#778,#779);
#777 = CARTESIAN_POINT('',(168.365637,-119.500991,0.));
#778 = DIRECTION('',(-0.,0.,-1.));
#779 = DIRECTION('',(-0.,-1.,0.));
#780 = FACE_BOUND('',#781,.F.);
#781 = EDGE_LOOP('',(#782));
#782 = ORIENTED_EDGE('',*,*,#783,.T.);
#783 = EDGE_CURVE('',#784,#784,#786,.T.);
#784 = VERTEX_POINT('',#785);
#785 = CARTESIAN_POINT('',(171.365637,-120.150991,0.));
#786 = CIRCLE('',#787,0.65);
#787 = AXIS2_PLACEMENT_3D('',#788,#789,#790);
#788 = CARTESIAN_POINT('',(171.365637,-119.500991,0.));
#789 = DIRECTION('',(-0.,0.,-1.));
#790 = DIRECTION('',(-0.,-1.,0.));
#791 = FACE_BOUND('',#792,.F.);
#792 = EDGE_LOOP('',(#793));
#793 = ORIENTED_EDGE('',*,*,#794,.T.);
#794 = EDGE_CURVE('',#795,#795,#797,.T.);
#795 = VERTEX_POINT('',#796);
#796 = CARTESIAN_POINT('',(174.365637,-120.150991,0.));
#797 = CIRCLE('',#798,0.65);
#798 = AXIS2_PLACEMENT_3D('',#799,#800,#801);
#799 = CARTESIAN_POINT('',(174.365637,-119.500991,0.));
#800 = DIRECTION('',(-0.,0.,-1.));
#801 = DIRECTION('',(-0.,-1.,0.));
#802 = FACE_BOUND('',#803,.F.);
#803 = EDGE_LOOP('',(#804));
#804 = ORIENTED_EDGE('',*,*,#805,.T.);
#805 = EDGE_CURVE('',#806,#806,#808,.T.);
#806 = VERTEX_POINT('',#807);
#807 = CARTESIAN_POINT('',(177.365637,-120.150991,0.));
#808 = CIRCLE('',#809,0.65);
#809 = AXIS2_PLACEMENT_3D('',#810,#811,#812);
#810 = CARTESIAN_POINT('',(177.365637,-119.500991,0.));
#811 = DIRECTION('',(-0.,0.,-1.));
#812 = DIRECTION('',(-0.,-1.,0.));
#813 = FACE_BOUND('',#814,.F.);
#814 = EDGE_LOOP('',(#815));
#815 = ORIENTED_EDGE('',*,*,#816,.T.);
#816 = EDGE_CURVE('',#817,#817,#819,.T.);
#817 = VERTEX_POINT('',#818);
#818 = CARTESIAN_POINT('',(180.365637,-120.150991,0.));
#819 = CIRCLE('',#820,0.65);
#820 = AXIS2_PLACEMENT_3D('',#821,#822,#823);
#821 = CARTESIAN_POINT('',(180.365637,-119.500991,0.));
#822 = DIRECTION('',(-0.,0.,-1.));
#823 = DIRECTION('',(-0.,-1.,0.));
#824 = FACE_BOUND('',#825,.F.);
#825 = EDGE_LOOP('',(#826));
#826 = ORIENTED_EDGE('',*,*,#827,.T.);
#827 = EDGE_CURVE('',#828,#828,#830,.T.);
#828 = VERTEX_POINT('',#829);
#829 = CARTESIAN_POINT('',(183.365637,-120.150991,0.));
#830 = CIRCLE('',#831,0.65);
#831 = AXIS2_PLACEMENT_3D('',#832,#833,#834);
#832 = CARTESIAN_POINT('',(183.365637,-119.500991,0.));
#833 = DIRECTION('',(-0.,0.,-1.));
#834 = DIRECTION('',(-0.,-1.,0.));
#835 = FACE_BOUND('',#836,.F.);
#836 = EDGE_LOOP('',(#837));
#837 = ORIENTED_EDGE('',*,*,#838,.T.);
#838 = EDGE_CURVE('',#839,#839,#841,.T.);
#839 = VERTEX_POINT('',#840);
#840 = CARTESIAN_POINT('',(160.865637,-117.650991,0.));
#841 = CIRCLE('',#842,0.65);
#842 = AXIS2_PLACEMENT_3D('',#843,#844,#845);
#843 = CARTESIAN_POINT('',(160.865637,-117.000991,0.));
#844 = DIRECTION('',(-0.,0.,-1.));
#845 = DIRECTION('',(-0.,-1.,0.));
#846 = FACE_BOUND('',#847,.F.);
#847 = EDGE_LOOP('',(#848));
#848 = ORIENTED_EDGE('',*,*,#849,.T.);
#849 = EDGE_CURVE('',#850,#850,#852,.T.);
#850 = VERTEX_POINT('',#851);
#851 = CARTESIAN_POINT('',(163.865637,-117.650991,0.));
#852 = CIRCLE('',#853,0.65);
#853 = AXIS2_PLACEMENT_3D('',#854,#855,#856);
#854 = CARTESIAN_POINT('',(163.865637,-117.000991,0.));
#855 = DIRECTION('',(-0.,0.,-1.));
#856 = DIRECTION('',(-0.,-1.,0.));
#857 = FACE_BOUND('',#858,.F.);
#858 = EDGE_LOOP('',(#859));
#859 = ORIENTED_EDGE('',*,*,#860,.T.);
#860 = EDGE_CURVE('',#861,#861,#863,.T.);
#861 = VERTEX_POINT('',#862);
#862 = CARTESIAN_POINT('',(160.865637,-114.650991,0.));
#863 = CIRCLE('',#864,0.65);
#864 = AXIS2_PLACEMENT_3D('',#865,#866,#867);
#865 = CARTESIAN_POINT('',(160.865637,-114.000991,0.));
#866 = DIRECTION('',(-0.,0.,-1.));
#867 = DIRECTION('',(-0.,-1.,0.));
#868 = FACE_BOUND('',#869,.F.);
#869 = EDGE_LOOP('',(#870));
#870 = ORIENTED_EDGE('',*,*,#871,.T.);
#871 = EDGE_CURVE('',#872,#872,#874,.T.);
#872 = VERTEX_POINT('',#873);
#873 = CARTESIAN_POINT('',(163.865637,-114.650991,0.));
#874 = CIRCLE('',#875,0.65);
#875 = AXIS2_PLACEMENT_3D('',#876,#877,#878);
#876 = CARTESIAN_POINT('',(163.865637,-114.000991,0.));
#877 = DIRECTION('',(-0.,0.,-1.));
#878 = DIRECTION('',(-0.,-1.,0.));
#879 = FACE_BOUND('',#880,.F.);
#880 = EDGE_LOOP('',(#881));
#881 = ORIENTED_EDGE('',*,*,#882,.T.);
#882 = EDGE_CURVE('',#883,#883,#885,.T.);
#883 = VERTEX_POINT('',#884);
#884 = CARTESIAN_POINT('',(159.365637,-112.150991,0.));
#885 = CIRCLE('',#886,0.65);
#886 = AXIS2_PLACEMENT_3D('',#887,#888,#889);
#887 = CARTESIAN_POINT('',(159.365637,-111.500991,0.));
#888 = DIRECTION('',(-0.,0.,-1.));
#889 = DIRECTION('',(-0.,-1.,0.));
#890 = FACE_BOUND('',#891,.F.);
#891 = EDGE_LOOP('',(#892));
#892 = ORIENTED_EDGE('',*,*,#893,.T.);
#893 = EDGE_CURVE('',#894,#894,#896,.T.);
#894 = VERTEX_POINT('',#895);
#895 = CARTESIAN_POINT('',(162.365637,-112.150991,0.));
#896 = CIRCLE('',#897,0.65);
#897 = AXIS2_PLACEMENT_3D('',#898,#899,#900);
#898 = CARTESIAN_POINT('',(162.365637,-111.500991,0.));
#899 = DIRECTION('',(-0.,0.,-1.));
#900 = DIRECTION('',(-0.,-1.,0.));
#901 = FACE_BOUND('',#902,.F.);
#902 = EDGE_LOOP('',(#903));
#903 = ORIENTED_EDGE('',*,*,#904,.T.);
#904 = EDGE_CURVE('',#905,#905,#907,.T.);
#905 = VERTEX_POINT('',#906);
#906 = CARTESIAN_POINT('',(165.365637,-112.150991,0.));
#907 = CIRCLE('',#908,0.65);
#908 = AXIS2_PLACEMENT_3D('',#909,#910,#911);
#909 = CARTESIAN_POINT('',(165.365637,-111.500991,0.));
#910 = DIRECTION('',(-0.,0.,-1.));
#911 = DIRECTION('',(-0.,-1.,0.));
#912 = FACE_BOUND('',#913,.F.);
#913 = EDGE_LOOP('',(#914));
#914 = ORIENTED_EDGE('',*,*,#915,.T.);
#915 = EDGE_CURVE('',#916,#916,#918,.T.);
#916 = VERTEX_POINT('',#917);
#917 = CARTESIAN_POINT('',(166.865637,-117.650991,0.));
#918 = CIRCLE('',#919,0.65);
#919 = AXIS2_PLACEMENT_3D('',#920,#921,#922);
#920 = CARTESIAN_POINT('',(166.865637,-117.000991,0.));
#921 = DIRECTION('',(-0.,0.,-1.));
#922 = DIRECTION('',(-0.,-1.,0.));
#923 = FACE_BOUND('',#924,.F.);
#924 = EDGE_LOOP('',(#925));
#925 = ORIENTED_EDGE('',*,*,#926,.T.);
#926 = EDGE_CURVE('',#927,#927,#929,.T.);
#927 = VERTEX_POINT('',#928);
#928 = CARTESIAN_POINT('',(169.865637,-117.650991,0.));
#929 = CIRCLE('',#930,0.65);
#930 = AXIS2_PLACEMENT_3D('',#931,#932,#933);
#931 = CARTESIAN_POINT('',(169.865637,-117.000991,0.));
#932 = DIRECTION('',(-0.,0.,-1.));
#933 = DIRECTION('',(-0.,-1.,0.));
#934 = FACE_BOUND('',#935,.F.);
#935 = EDGE_LOOP('',(#936));
#936 = ORIENTED_EDGE('',*,*,#937,.T.);
#937 = EDGE_CURVE('',#938,#938,#940,.T.);
#938 = VERTEX_POINT('',#939);
#939 = CARTESIAN_POINT('',(172.865637,-117.650991,0.));
#940 = CIRCLE('',#941,0.65);
#941 = AXIS2_PLACEMENT_3D('',#942,#943,#944);
#942 = CARTESIAN_POINT('',(172.865637,-117.000991,0.));
#943 = DIRECTION('',(-0.,0.,-1.));
#944 = DIRECTION('',(-0.,-1.,0.));
#945 = FACE_BOUND('',#946,.F.);
#946 = EDGE_LOOP('',(#947));
#947 = ORIENTED_EDGE('',*,*,#948,.T.);
#948 = EDGE_CURVE('',#949,#949,#951,.T.);
#949 = VERTEX_POINT('',#950);
#950 = CARTESIAN_POINT('',(166.865637,-114.650991,0.));
#951 = CIRCLE('',#952,0.65);
#952 = AXIS2_PLACEMENT_3D('',#953,#954,#955);
#953 = CARTESIAN_POINT('',(166.865637,-114.000991,0.));
#954 = DIRECTION('',(-0.,0.,-1.));
#955 = DIRECTION('',(-0.,-1.,0.));
#956 = FACE_BOUND('',#957,.F.);
#957 = EDGE_LOOP('',(#958));
#958 = ORIENTED_EDGE('',*,*,#959,.T.);
#959 = EDGE_CURVE('',#960,#960,#962,.T.);
#960 = VERTEX_POINT('',#961);
#961 = CARTESIAN_POINT('',(169.865637,-114.650991,0.));
#962 = CIRCLE('',#963,0.65);
#963 = AXIS2_PLACEMENT_3D('',#964,#965,#966);
#964 = CARTESIAN_POINT('',(169.865637,-114.000991,0.));
#965 = DIRECTION('',(-0.,0.,-1.));
#966 = DIRECTION('',(-0.,-1.,0.));
#967 = FACE_BOUND('',#968,.F.);
#968 = EDGE_LOOP('',(#969));
#969 = ORIENTED_EDGE('',*,*,#970,.T.);
#970 = EDGE_CURVE('',#971,#971,#973,.T.);
#971 = VERTEX_POINT('',#972);
#972 = CARTESIAN_POINT('',(172.865637,-114.650991,0.));
#973 = CIRCLE('',#974,0.65);
#974 = AXIS2_PLACEMENT_3D('',#975,#976,#977);
#975 = CARTESIAN_POINT('',(172.865637,-114.000991,0.));
#976 = DIRECTION('',(-0.,0.,-1.));
#977 = DIRECTION('',(-0.,-1.,0.));
#978 = FACE_BOUND('',#979,.F.);
#979 = EDGE_LOOP('',(#980));
#980 = ORIENTED_EDGE('',*,*,#981,.T.);
#981 = EDGE_CURVE('',#982,#982,#984,.T.);
#982 = VERTEX_POINT('',#983);
#983 = CARTESIAN_POINT('',(175.865637,-117.650991,0.));
#984 = CIRCLE('',#985,0.65);
#985 = AXIS2_PLACEMENT_3D('',#986,#987,#988);
#986 = CARTESIAN_POINT('',(175.865637,-117.000991,0.));
#987 = DIRECTION('',(-0.,0.,-1.));
#988 = DIRECTION('',(-0.,-1.,0.));
#989 = FACE_BOUND('',#990,.F.);
#990 = EDGE_LOOP('',(#991));
#991 = ORIENTED_EDGE('',*,*,#992,.T.);
#992 = EDGE_CURVE('',#993,#993,#995,.T.);
#993 = VERTEX_POINT('',#994);
#994 = CARTESIAN_POINT('',(178.865637,-117.650991,0.));
#995 = CIRCLE('',#996,0.65);
#996 = AXIS2_PLACEMENT_3D('',#997,#998,#999);
#997 = CARTESIAN_POINT('',(178.865637,-117.000991,0.));
#998 = DIRECTION('',(-0.,0.,-1.));
#999 = DIRECTION('',(-0.,-1.,0.));
#1000 = FACE_BOUND('',#1001,.F.);
#1001 = EDGE_LOOP('',(#1002));
#1002 = ORIENTED_EDGE('',*,*,#1003,.T.);
#1003 = EDGE_CURVE('',#1004,#1004,#1006,.T.);
#1004 = VERTEX_POINT('',#1005);
#1005 = CARTESIAN_POINT('',(181.865637,-117.650991,0.));
#1006 = CIRCLE('',#1007,0.65);
#1007 = AXIS2_PLACEMENT_3D('',#1008,#1009,#1010);
#1008 = CARTESIAN_POINT('',(181.865637,-117.000991,0.));
#1009 = DIRECTION('',(-0.,0.,-1.));
#1010 = DIRECTION('',(-0.,-1.,0.));
#1011 = FACE_BOUND('',#1012,.F.);
#1012 = EDGE_LOOP('',(#1013));
#1013 = ORIENTED_EDGE('',*,*,#1014,.T.);
#1014 = EDGE_CURVE('',#1015,#1015,#1017,.T.);
#1015 = VERTEX_POINT('',#1016);
#1016 = CARTESIAN_POINT('',(175.865637,-114.650991,0.));
#1017 = CIRCLE('',#1018,0.65);
#1018 = AXIS2_PLACEMENT_3D('',#1019,#1020,#1021);
#1019 = CARTESIAN_POINT('',(175.865637,-114.000991,0.));
#1020 = DIRECTION('',(-0.,0.,-1.));
#1021 = DIRECTION('',(-0.,-1.,0.));
#1022 = FACE_BOUND('',#1023,.F.);
#1023 = EDGE_LOOP('',(#1024));
#1024 = ORIENTED_EDGE('',*,*,#1025,.T.);
#1025 = EDGE_CURVE('',#1026,#1026,#1028,.T.);
#1026 = VERTEX_POINT('',#1027);
#1027 = CARTESIAN_POINT('',(178.865637,-114.650991,0.));
#1028 = CIRCLE('',#1029,0.65);
#1029 = AXIS2_PLACEMENT_3D('',#1030,#1031,#1032);
#1030 = CARTESIAN_POINT('',(178.865637,-114.000991,0.));
#1031 = DIRECTION('',(-0.,0.,-1.));
#1032 = DIRECTION('',(-0.,-1.,0.));
#1033 = FACE_BOUND('',#1034,.F.);
#1034 = EDGE_LOOP('',(#1035));
#1035 = ORIENTED_EDGE('',*,*,#1036,.T.);
#1036 = EDGE_CURVE('',#1037,#1037,#1039,.T.);
#1037 = VERTEX_POINT('',#1038);
#1038 = CARTESIAN_POINT('',(181.865637,-114.650991,0.));
#1039 = CIRCLE('',#1040,0.65);
#1040 = AXIS2_PLACEMENT_3D('',#1041,#1042,#1043);
#1041 = CARTESIAN_POINT('',(181.865637,-114.000991,0.));
#1042 = DIRECTION('',(-0.,0.,-1.));
#1043 = DIRECTION('',(-0.,-1.,0.));
#1044 = FACE_BOUND('',#1045,.F.);
#1045 = EDGE_LOOP('',(#1046));
#1046 = ORIENTED_EDGE('',*,*,#1047,.T.);
#1047 = EDGE_CURVE('',#1048,#1048,#1050,.T.);
#1048 = VERTEX_POINT('',#1049);
#1049 = CARTESIAN_POINT('',(168.365637,-112.150991,0.));
#1050 = CIRCLE('',#1051,0.65);
#1051 = AXIS2_PLACEMENT_3D('',#1052,#1053,#1054);
#1052 = CARTESIAN_POINT('',(168.365637,-111.500991,0.));
#1053 = DIRECTION('',(-0.,0.,-1.));
#1054 = DIRECTION('',(-0.,-1.,0.));
#1055 = FACE_BOUND('',#1056,.F.);
#1056 = EDGE_LOOP('',(#1057));
#1057 = ORIENTED_EDGE('',*,*,#1058,.T.);
#1058 = EDGE_CURVE('',#1059,#1059,#1061,.T.);
#1059 = VERTEX_POINT('',#1060);
#1060 = CARTESIAN_POINT('',(171.365637,-112.150991,0.));
#1061 = CIRCLE('',#1062,0.65);
#1062 = AXIS2_PLACEMENT_3D('',#1063,#1064,#1065);
#1063 = CARTESIAN_POINT('',(171.365637,-111.500991,0.));
#1064 = DIRECTION('',(-0.,0.,-1.));
#1065 = DIRECTION('',(-0.,-1.,0.));
#1066 = FACE_BOUND('',#1067,.F.);
#1067 = EDGE_LOOP('',(#1068));
#1068 = ORIENTED_EDGE('',*,*,#1069,.T.);
#1069 = EDGE_CURVE('',#1070,#1070,#1072,.T.);
#1070 = VERTEX_POINT('',#1071);
#1071 = CARTESIAN_POINT('',(174.365637,-112.150991,0.));
#1072 = CIRCLE('',#1073,0.65);
#1073 = AXIS2_PLACEMENT_3D('',#1074,#1075,#1076);
#1074 = CARTESIAN_POINT('',(174.365637,-111.500991,0.));
#1075 = DIRECTION('',(-0.,0.,-1.));
#1076 = DIRECTION('',(-0.,-1.,0.));
#1077 = FACE_BOUND('',#1078,.F.);
#1078 = EDGE_LOOP('',(#1079));
#1079 = ORIENTED_EDGE('',*,*,#1080,.T.);
#1080 = EDGE_CURVE('',#1081,#1081,#1083,.T.);
#1081 = VERTEX_POINT('',#1082);
#1082 = CARTESIAN_POINT('',(177.365637,-112.150991,0.));
#1083 = CIRCLE('',#1084,0.65);
#1084 = AXIS2_PLACEMENT_3D('',#1085,#1086,#1087);
#1085 = CARTESIAN_POINT('',(177.365637,-111.500991,0.));
#1086 = DIRECTION('',(-0.,0.,-1.));
#1087 = DIRECTION('',(-0.,-1.,0.));
#1088 = FACE_BOUND('',#1089,.F.);
#1089 = EDGE_LOOP('',(#1090));
#1090 = ORIENTED_EDGE('',*,*,#1091,.T.);
#1091 = EDGE_CURVE('',#1092,#1092,#1094,.T.);
#1092 = VERTEX_POINT('',#1093);
#1093 = CARTESIAN_POINT('',(180.365637,-112.150991,0.));
#1094 = CIRCLE('',#1095,0.65);
#1095 = AXIS2_PLACEMENT_3D('',#1096,#1097,#1098);
#1096 = CARTESIAN_POINT('',(180.365637,-111.500991,0.));
#1097 = DIRECTION('',(-0.,0.,-1.));
#1098 = DIRECTION('',(-0.,-1.,0.));
#1099 = FACE_BOUND('',#1100,.F.);
#1100 = EDGE_LOOP('',(#1101));
#1101 = ORIENTED_EDGE('',*,*,#1102,.T.);
#1102 = EDGE_CURVE('',#1103,#1103,#1105,.T.);
#1103 = VERTEX_POINT('',#1104);
#1104 = CARTESIAN_POINT('',(183.365637,-112.150991,0.));
#1105 = CIRCLE('',#1106,0.65);
#1106 = AXIS2_PLACEMENT_3D('',#1107,#1108,#1109);
#1107 = CARTESIAN_POINT('',(183.365637,-111.500991,0.));
#1108 = DIRECTION('',(-0.,0.,-1.));
#1109 = DIRECTION('',(-0.,-1.,0.));
#1110 = FACE_BOUND('',#1111,.F.);
#1111 = EDGE_LOOP('',(#1112));
#1112 = ORIENTED_EDGE('',*,*,#1113,.T.);
#1113 = EDGE_CURVE('',#1114,#1114,#1116,.T.);
#1114 = VERTEX_POINT('',#1115);
#1115 = CARTESIAN_POINT('',(190.615637,-127.650991,0.));
#1116 = CIRCLE('',#1117,1.65);
#1117 = AXIS2_PLACEMENT_3D('',#1118,#1119,#1120);
#1118 = CARTESIAN_POINT('',(190.615637,-126.000991,0.));
#1119 = DIRECTION('',(-0.,0.,-1.));
#1120 = DIRECTION('',(-0.,-1.,0.));
#1121 = FACE_BOUND('',#1122,.F.);
#1122 = EDGE_LOOP('',(#1123));
#1123 = ORIENTED_EDGE('',*,*,#1124,.T.);
#1124 = EDGE_CURVE('',#1125,#1125,#1127,.T.);
#1125 = VERTEX_POINT('',#1126);
#1126 = CARTESIAN_POINT('',(219.75,-127.81,0.));
#1127 = CIRCLE('',#1128,1.6);
#1128 = AXIS2_PLACEMENT_3D('',#1129,#1130,#1131);
#1129 = CARTESIAN_POINT('',(219.75,-126.21,0.));
#1130 = DIRECTION('',(-0.,0.,-1.));
#1131 = DIRECTION('',(-0.,-1.,0.));
#1132 = FACE_BOUND('',#1133,.F.);
#1133 = EDGE_LOOP('',(#1134));
#1134 = ORIENTED_EDGE('',*,*,#1135,.T.);
#1135 = EDGE_CURVE('',#1136,#1136,#1138,.T.);
#1136 = VERTEX_POINT('',#1137);
#1137 = CARTESIAN_POINT('',(208.,-112.58,0.));
#1138 = CIRCLE('',#1139,3.2);
#1139 = AXIS2_PLACEMENT_3D('',#1140,#1141,#1142);
#1140 = CARTESIAN_POINT('',(208.,-109.38,0.));
#1141 = DIRECTION('',(-0.,0.,-1.));
#1142 = DIRECTION('',(-0.,-1.,0.));
#1143 = FACE_BOUND('',#1144,.F.);
#1144 = EDGE_LOOP('',(#1145));
#1145 = ORIENTED_EDGE('',*,*,#1146,.T.);
#1146 = EDGE_CURVE('',#1147,#1147,#1149,.T.);
#1147 = VERTEX_POINT('',#1148);
#1148 = CARTESIAN_POINT('',(81.761133,-83.325991,0.));
#1149 = CIRCLE('',#1150,0.7);
#1150 = AXIS2_PLACEMENT_3D('',#1151,#1152,#1153);
#1151 = CARTESIAN_POINT('',(81.761133,-82.625991,0.));
#1152 = DIRECTION('',(-0.,0.,-1.));
#1153 = DIRECTION('',(-0.,-1.,0.));
#1154 = FACE_BOUND('',#1155,.F.);
#1155 = EDGE_LOOP('',(#1156));
#1156 = ORIENTED_EDGE('',*,*,#1157,.T.);
#1157 = EDGE_CURVE('',#1158,#1158,#1160,.T.);
#1158 = VERTEX_POINT('',#1159);
#1159 = CARTESIAN_POINT('',(86.39,-85.22245,0.));
#1160 = CIRCLE('',#1161,1.18745);
#1161 = AXIS2_PLACEMENT_3D('',#1162,#1163,#1164);
#1162 = CARTESIAN_POINT('',(86.39,-84.035,0.));
#1163 = DIRECTION('',(-0.,0.,-1.));
#1164 = DIRECTION('',(-0.,-1.,0.));
#1165 = FACE_BOUND('',#1166,.F.);
#1166 = EDGE_LOOP('',(#1167));
#1167 = ORIENTED_EDGE('',*,*,#1168,.T.);
#1168 = EDGE_CURVE('',#1169,#1169,#1171,.T.);
#1169 = VERTEX_POINT('',#1170);
#1170 = CARTESIAN_POINT('',(89.565,-85.22245,0.));
#1171 = CIRCLE('',#1172,1.18745);
#1172 = AXIS2_PLACEMENT_3D('',#1173,#1174,#1175);
#1173 = CARTESIAN_POINT('',(89.565,-84.035,0.));
#1174 = DIRECTION('',(-0.,0.,-1.));
#1175 = DIRECTION('',(-0.,-1.,0.));
#1176 = FACE_BOUND('',#1177,.F.);
#1177 = EDGE_LOOP('',(#1178));
#1178 = ORIENTED_EDGE('',*,*,#1179,.T.);
#1179 = EDGE_CURVE('',#1180,#1180,#1182,.T.);
#1180 = VERTEX_POINT('',#1181);
#1181 = CARTESIAN_POINT('',(81.761133,-76.341991,0.));
#1182 = CIRCLE('',#1183,0.7);
#1183 = AXIS2_PLACEMENT_3D('',#1184,#1185,#1186);
#1184 = CARTESIAN_POINT('',(81.761133,-75.641991,0.));
#1185 = DIRECTION('',(-0.,0.,-1.));
#1186 = DIRECTION('',(-0.,-1.,0.));
#1187 = FACE_BOUND('',#1188,.F.);
#1188 = EDGE_LOOP('',(#1189));
#1189 = ORIENTED_EDGE('',*,*,#1190,.T.);
#1190 = EDGE_CURVE('',#1191,#1191,#1193,.T.);
#1191 = VERTEX_POINT('',#1192);
#1192 = CARTESIAN_POINT('',(95.21,-85.01,0.));
#1193 = CIRCLE('',#1194,0.51);
#1194 = AXIS2_PLACEMENT_3D('',#1195,#1196,#1197);
#1195 = CARTESIAN_POINT('',(95.21,-84.5,0.));
#1196 = DIRECTION('',(-0.,0.,-1.));
#1197 = DIRECTION('',(-2.78644210102E-14,-1.,0.));
#1198 = FACE_BOUND('',#1199,.F.);
#1199 = EDGE_LOOP('',(#1200));
#1200 = ORIENTED_EDGE('',*,*,#1201,.T.);
#1201 = EDGE_CURVE('',#1202,#1202,#1204,.T.);
#1202 = VERTEX_POINT('',#1203);
#1203 = CARTESIAN_POINT('',(98.21,-85.01,0.));
#1204 = CIRCLE('',#1205,0.51);
#1205 = AXIS2_PLACEMENT_3D('',#1206,#1207,#1208);
#1206 = CARTESIAN_POINT('',(98.21,-84.5,0.));
#1207 = DIRECTION('',(-0.,0.,-1.));
#1208 = DIRECTION('',(-2.78644210102E-14,-1.,0.));
#1209 = FACE_BOUND('',#1210,.F.);
#1210 = EDGE_LOOP('',(#1211));
#1211 = ORIENTED_EDGE('',*,*,#1212,.T.);
#1212 = EDGE_CURVE('',#1213,#1213,#1215,.T.);
#1213 = VERTEX_POINT('',#1214);
#1214 = CARTESIAN_POINT('',(95.21,-82.01,0.));
#1215 = CIRCLE('',#1216,0.51);
#1216 = AXIS2_PLACEMENT_3D('',#1217,#1218,#1219);
#1217 = CARTESIAN_POINT('',(95.21,-81.5,0.));
#1218 = DIRECTION('',(-0.,0.,-1.));
#1219 = DIRECTION('',(-2.78644210102E-14,-1.,0.));
#1220 = FACE_BOUND('',#1221,.F.);
#1221 = EDGE_LOOP('',(#1222));
#1222 = ORIENTED_EDGE('',*,*,#1223,.T.);
#1223 = EDGE_CURVE('',#1224,#1224,#1226,.T.);
#1224 = VERTEX_POINT('',#1225);
#1225 = CARTESIAN_POINT('',(98.21,-82.01,0.));
#1226 = CIRCLE('',#1227,0.51);
#1227 = AXIS2_PLACEMENT_3D('',#1228,#1229,#1230);
#1228 = CARTESIAN_POINT('',(98.21,-81.5,0.));
#1229 = DIRECTION('',(-0.,0.,-1.));
#1230 = DIRECTION('',(-2.78644210102E-14,-1.,0.));
#1231 = FACE_BOUND('',#1232,.F.);
#1232 = EDGE_LOOP('',(#1233));
#1233 = ORIENTED_EDGE('',*,*,#1234,.T.);
#1234 = EDGE_CURVE('',#1235,#1235,#1237,.T.);
#1235 = VERTEX_POINT('',#1236);
#1236 = CARTESIAN_POINT('',(95.21,-79.01,0.));
#1237 = CIRCLE('',#1238,0.51);
#1238 = AXIS2_PLACEMENT_3D('',#1239,#1240,#1241);
#1239 = CARTESIAN_POINT('',(95.21,-78.5,0.));
#1240 = DIRECTION('',(-0.,0.,-1.));
#1241 = DIRECTION('',(-2.78644210102E-14,-1.,0.));
#1242 = FACE_BOUND('',#1243,.F.);
#1243 = EDGE_LOOP('',(#1244));
#1244 = ORIENTED_EDGE('',*,*,#1245,.T.);
#1245 = EDGE_CURVE('',#1246,#1246,#1248,.T.);
#1246 = VERTEX_POINT('',#1247);
#1247 = CARTESIAN_POINT('',(98.21,-79.01,0.));
#1248 = CIRCLE('',#1249,0.51);
#1249 = AXIS2_PLACEMENT_3D('',#1250,#1251,#1252);
#1250 = CARTESIAN_POINT('',(98.21,-78.5,0.));
#1251 = DIRECTION('',(-0.,0.,-1.));
#1252 = DIRECTION('',(-2.78644210102E-14,-1.,0.));
#1253 = FACE_BOUND('',#1254,.F.);
#1254 = EDGE_LOOP('',(#1255));
#1255 = ORIENTED_EDGE('',*,*,#1256,.T.);
#1256 = EDGE_CURVE('',#1257,#1257,#1259,.T.);
#1257 = VERTEX_POINT('',#1258);
#1258 = CARTESIAN_POINT('',(99.15,-76.01,0.));
#1259 = CIRCLE('',#1260,0.51);
#1260 = AXIS2_PLACEMENT_3D('',#1261,#1262,#1263);
#1261 = CARTESIAN_POINT('',(99.15,-75.5,0.));
#1262 = DIRECTION('',(-0.,0.,-1.));
#1263 = DIRECTION('',(-0.,-1.,0.));
#1264 = FACE_BOUND('',#1265,.F.);
#1265 = EDGE_LOOP('',(#1266));
#1266 = ORIENTED_EDGE('',*,*,#1267,.T.);
#1267 = EDGE_CURVE('',#1268,#1268,#1270,.T.);
#1268 = VERTEX_POINT('',#1269);
#1269 = CARTESIAN_POINT('',(81.087133,-71.470991,0.));
#1270 = CIRCLE('',#1271,1.85);
#1271 = AXIS2_PLACEMENT_3D('',#1272,#1273,#1274);
#1272 = CARTESIAN_POINT('',(81.087133,-69.620991,0.));
#1273 = DIRECTION('',(-0.,0.,-1.));
#1274 = DIRECTION('',(-0.,-1.,0.));
#1275 = FACE_BOUND('',#1276,.F.);
#1276 = EDGE_LOOP('',(#1277));
#1277 = ORIENTED_EDGE('',*,*,#1278,.T.);
#1278 = EDGE_CURVE('',#1279,#1279,#1281,.T.);
#1279 = VERTEX_POINT('',#1280);
#1280 = CARTESIAN_POINT('',(99.173133,-71.470991,0.));
#1281 = CIRCLE('',#1282,1.85);
#1282 = AXIS2_PLACEMENT_3D('',#1283,#1284,#1285);
#1283 = CARTESIAN_POINT('',(99.173133,-69.620991,0.));
#1284 = DIRECTION('',(-0.,0.,-1.));
#1285 = DIRECTION('',(-0.,-1.,0.));
#1286 = FACE_BOUND('',#1287,.F.);
#1287 = EDGE_LOOP('',(#1288));
#1288 = ORIENTED_EDGE('',*,*,#1289,.T.);
#1289 = EDGE_CURVE('',#1290,#1290,#1292,.T.);
#1290 = VERTEX_POINT('',#1291);
#1291 = CARTESIAN_POINT('',(109.431588,-72.097757,0.));
#1292 = CIRCLE('',#1293,1.85);
#1293 = AXIS2_PLACEMENT_3D('',#1294,#1295,#1296);
#1294 = CARTESIAN_POINT('',(109.431588,-70.247757,0.));
#1295 = DIRECTION('',(-0.,0.,-1.));
#1296 = DIRECTION('',(-0.,-1.,0.));
#1297 = FACE_BOUND('',#1298,.F.);
#1298 = EDGE_LOOP('',(#1299));
#1299 = ORIENTED_EDGE('',*,*,#1300,.T.);
#1300 = EDGE_CURVE('',#1301,#1301,#1303,.T.);
#1301 = VERTEX_POINT('',#1302);
#1302 = CARTESIAN_POINT('',(140.419588,-72.097757,0.));
#1303 = CIRCLE('',#1304,1.85);
#1304 = AXIS2_PLACEMENT_3D('',#1305,#1306,#1307);
#1305 = CARTESIAN_POINT('',(140.419588,-70.247757,0.));
#1306 = DIRECTION('',(-0.,0.,-1.));
#1307 = DIRECTION('',(-0.,-1.,0.));
#1308 = FACE_BOUND('',#1309,.F.);
#1309 = EDGE_LOOP('',(#1310));
#1310 = ORIENTED_EDGE('',*,*,#1311,.T.);
#1311 = EDGE_CURVE('',#1312,#1312,#1314,.T.);
#1312 = VERTEX_POINT('',#1313);
#1313 = CARTESIAN_POINT('',(84.085637,-59.210991,0.));
#1314 = CIRCLE('',#1315,0.5);
#1315 = AXIS2_PLACEMENT_3D('',#1316,#1317,#1318);
#1316 = CARTESIAN_POINT('',(84.085637,-58.710991,0.));
#1317 = DIRECTION('',(-0.,0.,-1.));
#1318 = DIRECTION('',(-0.,-1.,0.));
#1319 = FACE_BOUND('',#1320,.F.);
#1320 = EDGE_LOOP('',(#1321));
#1321 = ORIENTED_EDGE('',*,*,#1322,.T.);
#1322 = EDGE_CURVE('',#1323,#1323,#1325,.T.);
#1323 = VERTEX_POINT('',#1324);
#1324 = CARTESIAN_POINT('',(86.625637,-59.210991,0.));
#1325 = CIRCLE('',#1326,0.5);
#1326 = AXIS2_PLACEMENT_3D('',#1327,#1328,#1329);
#1327 = CARTESIAN_POINT('',(86.625637,-58.710991,0.));
#1328 = DIRECTION('',(-0.,0.,-1.));
#1329 = DIRECTION('',(-0.,-1.,0.));
#1330 = FACE_BOUND('',#1331,.F.);
#1331 = EDGE_LOOP('',(#1332));
#1332 = ORIENTED_EDGE('',*,*,#1333,.T.);
#1333 = EDGE_CURVE('',#1334,#1334,#1336,.T.);
#1334 = VERTEX_POINT('',#1335);
#1335 = CARTESIAN_POINT('',(89.165637,-59.210991,0.));
#1336 = CIRCLE('',#1337,0.5);
#1337 = AXIS2_PLACEMENT_3D('',#1338,#1339,#1340);
#1338 = CARTESIAN_POINT('',(89.165637,-58.710991,0.));
#1339 = DIRECTION('',(-0.,0.,-1.));
#1340 = DIRECTION('',(-0.,-1.,0.));
#1341 = FACE_BOUND('',#1342,.F.);
#1342 = EDGE_LOOP('',(#1343));
#1343 = ORIENTED_EDGE('',*,*,#1344,.T.);
#1344 = EDGE_CURVE('',#1345,#1345,#1347,.T.);
#1345 = VERTEX_POINT('',#1346);
#1346 = CARTESIAN_POINT('',(91.705637,-59.210991,0.));
#1347 = CIRCLE('',#1348,0.5);
#1348 = AXIS2_PLACEMENT_3D('',#1349,#1350,#1351);
#1349 = CARTESIAN_POINT('',(91.705637,-58.710991,0.));
#1350 = DIRECTION('',(-0.,0.,-1.));
#1351 = DIRECTION('',(-0.,-1.,0.));
#1352 = FACE_BOUND('',#1353,.F.);
#1353 = EDGE_LOOP('',(#1354));
#1354 = ORIENTED_EDGE('',*,*,#1355,.T.);
#1355 = EDGE_CURVE('',#1356,#1356,#1358,.T.);
#1356 = VERTEX_POINT('',#1357);
#1357 = CARTESIAN_POINT('',(90.435637,-56.170991,0.));
#1358 = CIRCLE('',#1359,0.5);
#1359 = AXIS2_PLACEMENT_3D('',#1360,#1361,#1362);
#1360 = CARTESIAN_POINT('',(90.435637,-55.670991,0.));
#1361 = DIRECTION('',(-0.,0.,-1.));
#1362 = DIRECTION('',(-0.,-1.,0.));
#1363 = FACE_BOUND('',#1364,.F.);
#1364 = EDGE_LOOP('',(#1365));
#1365 = ORIENTED_EDGE('',*,*,#1366,.T.);
#1366 = EDGE_CURVE('',#1367,#1367,#1369,.T.);
#1367 = VERTEX_POINT('',#1368);
#1368 = CARTESIAN_POINT('',(92.975637,-56.170991,0.));
#1369 = CIRCLE('',#1370,0.5);
#1370 = AXIS2_PLACEMENT_3D('',#1371,#1372,#1373);
#1371 = CARTESIAN_POINT('',(92.975637,-55.670991,0.));
#1372 = DIRECTION('',(-0.,0.,-1.));
#1373 = DIRECTION('',(-0.,-1.,0.));
#1374 = FACE_BOUND('',#1375,.F.);
#1375 = EDGE_LOOP('',(#1376));
#1376 = ORIENTED_EDGE('',*,*,#1377,.T.);
#1377 = EDGE_CURVE('',#1378,#1378,#1380,.T.);
#1378 = VERTEX_POINT('',#1379);
#1379 = CARTESIAN_POINT('',(94.245637,-59.210991,0.));
#1380 = CIRCLE('',#1381,0.5);
#1381 = AXIS2_PLACEMENT_3D('',#1382,#1383,#1384);
#1382 = CARTESIAN_POINT('',(94.245637,-58.710991,0.));
#1383 = DIRECTION('',(-0.,0.,-1.));
#1384 = DIRECTION('',(-0.,-1.,0.));
#1385 = FACE_BOUND('',#1386,.F.);
#1386 = EDGE_LOOP('',(#1387));
#1387 = ORIENTED_EDGE('',*,*,#1388,.T.);
#1388 = EDGE_CURVE('',#1389,#1389,#1391,.T.);
#1389 = VERTEX_POINT('',#1390);
#1390 = CARTESIAN_POINT('',(96.785637,-59.210991,0.));
#1391 = CIRCLE('',#1392,0.5);
#1392 = AXIS2_PLACEMENT_3D('',#1393,#1394,#1395);
#1393 = CARTESIAN_POINT('',(96.785637,-58.710991,0.));
#1394 = DIRECTION('',(-0.,0.,-1.));
#1395 = DIRECTION('',(-0.,-1.,0.));
#1396 = FACE_BOUND('',#1397,.F.);
#1397 = EDGE_LOOP('',(#1398));
#1398 = ORIENTED_EDGE('',*,*,#1399,.T.);
#1399 = EDGE_CURVE('',#1400,#1400,#1402,.T.);
#1400 = VERTEX_POINT('',#1401);
#1401 = CARTESIAN_POINT('',(99.325637,-59.210991,0.));
#1402 = CIRCLE('',#1403,0.5);
#1403 = AXIS2_PLACEMENT_3D('',#1404,#1405,#1406);
#1404 = CARTESIAN_POINT('',(99.325637,-58.710991,0.));
#1405 = DIRECTION('',(-0.,0.,-1.));
#1406 = DIRECTION('',(-0.,-1.,0.));
#1407 = FACE_BOUND('',#1408,.F.);
#1408 = EDGE_LOOP('',(#1409));
#1409 = ORIENTED_EDGE('',*,*,#1410,.T.);
#1410 = EDGE_CURVE('',#1411,#1411,#1413,.T.);
#1411 = VERTEX_POINT('',#1412);
#1412 = CARTESIAN_POINT('',(101.865637,-59.210991,0.));
#1413 = CIRCLE('',#1414,0.5);
#1414 = AXIS2_PLACEMENT_3D('',#1415,#1416,#1417);
#1415 = CARTESIAN_POINT('',(101.865637,-58.710991,0.));
#1416 = DIRECTION('',(-0.,0.,-1.));
#1417 = DIRECTION('',(-0.,-1.,0.));
#1418 = FACE_BOUND('',#1419,.F.);
#1419 = EDGE_LOOP('',(#1420));
#1420 = ORIENTED_EDGE('',*,*,#1421,.T.);
#1421 = EDGE_CURVE('',#1422,#1422,#1424,.T.);
#1422 = VERTEX_POINT('',#1423);
#1423 = CARTESIAN_POINT('',(95.515637,-56.170991,0.));
#1424 = CIRCLE('',#1425,0.5);
#1425 = AXIS2_PLACEMENT_3D('',#1426,#1427,#1428);
#1426 = CARTESIAN_POINT('',(95.515637,-55.670991,0.));
#1427 = DIRECTION('',(-0.,0.,-1.));
#1428 = DIRECTION('',(-0.,-1.,0.));
#1429 = FACE_BOUND('',#1430,.F.);
#1430 = EDGE_LOOP('',(#1431));
#1431 = ORIENTED_EDGE('',*,*,#1432,.T.);
#1432 = EDGE_CURVE('',#1433,#1433,#1435,.T.);
#1433 = VERTEX_POINT('',#1434);
#1434 = CARTESIAN_POINT('',(98.055637,-56.170991,0.));
#1435 = CIRCLE('',#1436,0.5);
#1436 = AXIS2_PLACEMENT_3D('',#1437,#1438,#1439);
#1437 = CARTESIAN_POINT('',(98.055637,-55.670991,0.));
#1438 = DIRECTION('',(-0.,0.,-1.));
#1439 = DIRECTION('',(-0.,-1.,0.));
#1440 = FACE_BOUND('',#1441,.F.);
#1441 = EDGE_LOOP('',(#1442));
#1442 = ORIENTED_EDGE('',*,*,#1443,.T.);
#1443 = EDGE_CURVE('',#1444,#1444,#1446,.T.);
#1444 = VERTEX_POINT('',#1445);
#1445 = CARTESIAN_POINT('',(100.595637,-56.170991,0.));
#1446 = CIRCLE('',#1447,0.5);
#1447 = AXIS2_PLACEMENT_3D('',#1448,#1449,#1450);
#1448 = CARTESIAN_POINT('',(100.595637,-55.670991,0.));
#1449 = DIRECTION('',(-0.,0.,-1.));
#1450 = DIRECTION('',(-0.,-1.,0.));
#1451 = FACE_BOUND('',#1452,.F.);
#1452 = EDGE_LOOP('',(#1453));
#1453 = ORIENTED_EDGE('',*,*,#1454,.T.);
#1454 = EDGE_CURVE('',#1455,#1455,#1457,.T.);
#1455 = VERTEX_POINT('',#1456);
#1456 = CARTESIAN_POINT('',(104.405637,-59.210991,0.));
#1457 = CIRCLE('',#1458,0.5);
#1458 = AXIS2_PLACEMENT_3D('',#1459,#1460,#1461);
#1459 = CARTESIAN_POINT('',(104.405637,-58.710991,0.));
#1460 = DIRECTION('',(-0.,0.,-1.));
#1461 = DIRECTION('',(-0.,-1.,0.));
#1462 = FACE_BOUND('',#1463,.F.);
#1463 = EDGE_LOOP('',(#1464));
#1464 = ORIENTED_EDGE('',*,*,#1465,.T.);
#1465 = EDGE_CURVE('',#1466,#1466,#1468,.T.);
#1466 = VERTEX_POINT('',#1467);
#1467 = CARTESIAN_POINT('',(106.945637,-59.210991,0.));
#1468 = CIRCLE('',#1469,0.5);
#1469 = AXIS2_PLACEMENT_3D('',#1470,#1471,#1472);
#1470 = CARTESIAN_POINT('',(106.945637,-58.710991,0.));
#1471 = DIRECTION('',(-0.,0.,-1.));
#1472 = DIRECTION('',(-0.,-1.,0.));
#1473 = FACE_BOUND('',#1474,.F.);
#1474 = EDGE_LOOP('',(#1475));
#1475 = ORIENTED_EDGE('',*,*,#1476,.T.);
#1476 = EDGE_CURVE('',#1477,#1477,#1479,.T.);
#1477 = VERTEX_POINT('',#1478);
#1478 = CARTESIAN_POINT('',(109.485637,-59.210991,0.));
#1479 = CIRCLE('',#1480,0.5);
#1480 = AXIS2_PLACEMENT_3D('',#1481,#1482,#1483);
#1481 = CARTESIAN_POINT('',(109.485637,-58.710991,0.));
#1482 = DIRECTION('',(-0.,0.,-1.));
#1483 = DIRECTION('',(-0.,-1.,0.));
#1484 = FACE_BOUND('',#1485,.F.);
#1485 = EDGE_LOOP('',(#1486));
#1486 = ORIENTED_EDGE('',*,*,#1487,.T.);
#1487 = EDGE_CURVE('',#1488,#1488,#1490,.T.);
#1488 = VERTEX_POINT('',#1489);
#1489 = CARTESIAN_POINT('',(76.94,-46.17,0.));
#1490 = CIRCLE('',#1491,1.6);
#1491 = AXIS2_PLACEMENT_3D('',#1492,#1493,#1494);
#1492 = CARTESIAN_POINT('',(76.94,-44.57,0.));
#1493 = DIRECTION('',(-0.,0.,-1.));
#1494 = DIRECTION('',(-0.,-1.,0.));
#1495 = FACE_BOUND('',#1496,.F.);
#1496 = EDGE_LOOP('',(#1497));
#1497 = ORIENTED_EDGE('',*,*,#1498,.T.);
#1498 = EDGE_CURVE('',#1499,#1499,#1501,.T.);
#1499 = VERTEX_POINT('',#1500);
#1500 = CARTESIAN_POINT('',(84.085637,-43.970991,0.));
#1501 = CIRCLE('',#1502,0.5);
#1502 = AXIS2_PLACEMENT_3D('',#1503,#1504,#1505);
#1503 = CARTESIAN_POINT('',(84.085637,-43.470991,0.));
#1504 = DIRECTION('',(-0.,0.,-1.));
#1505 = DIRECTION('',(-0.,-1.,0.));
#1506 = FACE_BOUND('',#1507,.F.);
#1507 = EDGE_LOOP('',(#1508));
#1508 = ORIENTED_EDGE('',*,*,#1509,.T.);
#1509 = EDGE_CURVE('',#1510,#1510,#1512,.T.);
#1510 = VERTEX_POINT('',#1511);
#1511 = CARTESIAN_POINT('',(86.625637,-46.510991,0.));
#1512 = CIRCLE('',#1513,0.5);
#1513 = AXIS2_PLACEMENT_3D('',#1514,#1515,#1516);
#1514 = CARTESIAN_POINT('',(86.625637,-46.010991,0.));
#1515 = DIRECTION('',(-0.,0.,-1.));
#1516 = DIRECTION('',(-0.,-1.,0.));
#1517 = FACE_BOUND('',#1518,.F.);
#1518 = EDGE_LOOP('',(#1519));
#1519 = ORIENTED_EDGE('',*,*,#1520,.T.);
#1520 = EDGE_CURVE('',#1521,#1521,#1523,.T.);
#1521 = VERTEX_POINT('',#1522);
#1522 = CARTESIAN_POINT('',(86.625637,-43.970991,0.));
#1523 = CIRCLE('',#1524,0.5);
#1524 = AXIS2_PLACEMENT_3D('',#1525,#1526,#1527);
#1525 = CARTESIAN_POINT('',(86.625637,-43.470991,0.));
#1526 = DIRECTION('',(-0.,0.,-1.));
#1527 = DIRECTION('',(-0.,-1.,0.));
#1528 = FACE_BOUND('',#1529,.F.);
#1529 = EDGE_LOOP('',(#1530));
#1530 = ORIENTED_EDGE('',*,*,#1531,.T.);
#1531 = EDGE_CURVE('',#1532,#1532,#1534,.T.);
#1532 = VERTEX_POINT('',#1533);
#1533 = CARTESIAN_POINT('',(89.165637,-43.970991,0.));
#1534 = CIRCLE('',#1535,0.5);
#1535 = AXIS2_PLACEMENT_3D('',#1536,#1537,#1538);
#1536 = CARTESIAN_POINT('',(89.165637,-43.470991,0.));
#1537 = DIRECTION('',(-0.,0.,-1.));
#1538 = DIRECTION('',(-0.,-1.,0.));
#1539 = FACE_BOUND('',#1540,.F.);
#1540 = EDGE_LOOP('',(#1541));
#1541 = ORIENTED_EDGE('',*,*,#1542,.T.);
#1542 = EDGE_CURVE('',#1543,#1543,#1545,.T.);
#1543 = VERTEX_POINT('',#1544);
#1544 = CARTESIAN_POINT('',(91.705637,-43.970991,0.));
#1545 = CIRCLE('',#1546,0.5);
#1546 = AXIS2_PLACEMENT_3D('',#1547,#1548,#1549);
#1547 = CARTESIAN_POINT('',(91.705637,-43.470991,0.));
#1548 = DIRECTION('',(-0.,0.,-1.));
#1549 = DIRECTION('',(-0.,-1.,0.));
#1550 = FACE_BOUND('',#1551,.F.);
#1551 = EDGE_LOOP('',(#1552));
#1552 = ORIENTED_EDGE('',*,*,#1553,.T.);
#1553 = EDGE_CURVE('',#1554,#1554,#1556,.T.);
#1554 = VERTEX_POINT('',#1555);
#1555 = CARTESIAN_POINT('',(97.055637,-50.325991,0.));
#1556 = CIRCLE('',#1557,0.4);
#1557 = AXIS2_PLACEMENT_3D('',#1558,#1559,#1560);
#1558 = CARTESIAN_POINT('',(97.055637,-49.925991,0.));
#1559 = DIRECTION('',(-0.,0.,-1.));
#1560 = DIRECTION('',(3.5527136788E-14,-1.,-0.));
#1561 = FACE_BOUND('',#1562,.F.);
#1562 = EDGE_LOOP('',(#1563));
#1563 = ORIENTED_EDGE('',*,*,#1564,.T.);
#1564 = EDGE_CURVE('',#1565,#1565,#1567,.T.);
#1565 = VERTEX_POINT('',#1566);
#1566 = CARTESIAN_POINT('',(99.055637,-50.325991,0.));
#1567 = CIRCLE('',#1568,0.4);
#1568 = AXIS2_PLACEMENT_3D('',#1569,#1570,#1571);
#1569 = CARTESIAN_POINT('',(99.055637,-49.925991,0.));
#1570 = DIRECTION('',(-0.,0.,-1.));
#1571 = DIRECTION('',(3.5527136788E-14,-1.,-0.));
#1572 = FACE_BOUND('',#1573,.F.);
#1573 = EDGE_LOOP('',(#1574));
#1574 = ORIENTED_EDGE('',*,*,#1575,.T.);
#1575 = EDGE_CURVE('',#1576,#1576,#1578,.T.);
#1576 = VERTEX_POINT('',#1577);
#1577 = CARTESIAN_POINT('',(97.055637,-48.325991,0.));
#1578 = CIRCLE('',#1579,0.4);
#1579 = AXIS2_PLACEMENT_3D('',#1580,#1581,#1582);
#1580 = CARTESIAN_POINT('',(97.055637,-47.925991,0.));
#1581 = DIRECTION('',(-0.,0.,-1.));
#1582 = DIRECTION('',(3.5527136788E-14,-1.,-0.));
#1583 = FACE_BOUND('',#1584,.F.);
#1584 = EDGE_LOOP('',(#1585));
#1585 = ORIENTED_EDGE('',*,*,#1586,.T.);
#1586 = EDGE_CURVE('',#1587,#1587,#1589,.T.);
#1587 = VERTEX_POINT('',#1588);
#1588 = CARTESIAN_POINT('',(97.055637,-46.325991,0.));
#1589 = CIRCLE('',#1590,0.4);
#1590 = AXIS2_PLACEMENT_3D('',#1591,#1592,#1593);
#1591 = CARTESIAN_POINT('',(97.055637,-45.925991,0.));
#1592 = DIRECTION('',(-0.,0.,-1.));
#1593 = DIRECTION('',(3.5527136788E-14,-1.,-0.));
#1594 = FACE_BOUND('',#1595,.F.);
#1595 = EDGE_LOOP('',(#1596));
#1596 = ORIENTED_EDGE('',*,*,#1597,.T.);
#1597 = EDGE_CURVE('',#1598,#1598,#1600,.T.);
#1598 = VERTEX_POINT('',#1599);
#1599 = CARTESIAN_POINT('',(99.055637,-48.325991,0.));
#1600 = CIRCLE('',#1601,0.4);
#1601 = AXIS2_PLACEMENT_3D('',#1602,#1603,#1604);
#1602 = CARTESIAN_POINT('',(99.055637,-47.925991,0.));
#1603 = DIRECTION('',(-0.,0.,-1.));
#1604 = DIRECTION('',(3.5527136788E-14,-1.,-0.));
#1605 = FACE_BOUND('',#1606,.F.);
#1606 = EDGE_LOOP('',(#1607));
#1607 = ORIENTED_EDGE('',*,*,#1608,.T.);
#1608 = EDGE_CURVE('',#1609,#1609,#1611,.T.);
#1609 = VERTEX_POINT('',#1610);
#1610 = CARTESIAN_POINT('',(99.055637,-46.325991,0.));
#1611 = CIRCLE('',#1612,0.4);
#1612 = AXIS2_PLACEMENT_3D('',#1613,#1614,#1615);
#1613 = CARTESIAN_POINT('',(99.055637,-45.925991,0.));
#1614 = DIRECTION('',(-0.,0.,-1.));
#1615 = DIRECTION('',(3.5527136788E-14,-1.,-0.));
#1616 = FACE_BOUND('',#1617,.F.);
#1617 = EDGE_LOOP('',(#1618));
#1618 = ORIENTED_EDGE('',*,*,#1619,.T.);
#1619 = EDGE_CURVE('',#1620,#1620,#1622,.T.);
#1620 = VERTEX_POINT('',#1621);
#1621 = CARTESIAN_POINT('',(94.245637,-43.970991,0.));
#1622 = CIRCLE('',#1623,0.5);
#1623 = AXIS2_PLACEMENT_3D('',#1624,#1625,#1626);
#1624 = CARTESIAN_POINT('',(94.245637,-43.470991,0.));
#1625 = DIRECTION('',(-0.,0.,-1.));
#1626 = DIRECTION('',(-0.,-1.,0.));
#1627 = FACE_BOUND('',#1628,.F.);
#1628 = EDGE_LOOP('',(#1629));
#1629 = ORIENTED_EDGE('',*,*,#1630,.T.);
#1630 = EDGE_CURVE('',#1631,#1631,#1633,.T.);
#1631 = VERTEX_POINT('',#1632);
#1632 = CARTESIAN_POINT('',(96.785637,-43.970991,0.));
#1633 = CIRCLE('',#1634,0.5);
#1634 = AXIS2_PLACEMENT_3D('',#1635,#1636,#1637);
#1635 = CARTESIAN_POINT('',(96.785637,-43.470991,0.));
#1636 = DIRECTION('',(-0.,0.,-1.));
#1637 = DIRECTION('',(-0.,-1.,0.));
#1638 = FACE_BOUND('',#1639,.F.);
#1639 = EDGE_LOOP('',(#1640));
#1640 = ORIENTED_EDGE('',*,*,#1641,.T.);
#1641 = EDGE_CURVE('',#1642,#1642,#1644,.T.);
#1642 = VERTEX_POINT('',#1643);
#1643 = CARTESIAN_POINT('',(99.325637,-43.970991,0.));
#1644 = CIRCLE('',#1645,0.5);
#1645 = AXIS2_PLACEMENT_3D('',#1646,#1647,#1648);
#1646 = CARTESIAN_POINT('',(99.325637,-43.470991,0.));
#1647 = DIRECTION('',(-0.,0.,-1.));
#1648 = DIRECTION('',(-0.,-1.,0.));
#1649 = FACE_BOUND('',#1650,.F.);
#1650 = EDGE_LOOP('',(#1651));
#1651 = ORIENTED_EDGE('',*,*,#1652,.T.);
#1652 = EDGE_CURVE('',#1653,#1653,#1655,.T.);
#1653 = VERTEX_POINT('',#1654);
#1654 = CARTESIAN_POINT('',(101.865637,-43.970991,0.));
#1655 = CIRCLE('',#1656,0.5);
#1656 = AXIS2_PLACEMENT_3D('',#1657,#1658,#1659);
#1657 = CARTESIAN_POINT('',(101.865637,-43.470991,0.));
#1658 = DIRECTION('',(-0.,0.,-1.));
#1659 = DIRECTION('',(-0.,-1.,0.));
#1660 = FACE_BOUND('',#1661,.F.);
#1661 = EDGE_LOOP('',(#1662));
#1662 = ORIENTED_EDGE('',*,*,#1663,.T.);
#1663 = EDGE_CURVE('',#1664,#1664,#1666,.T.);
#1664 = VERTEX_POINT('',#1665);
#1665 = CARTESIAN_POINT('',(104.405637,-43.970991,0.));
#1666 = CIRCLE('',#1667,0.5);
#1667 = AXIS2_PLACEMENT_3D('',#1668,#1669,#1670);
#1668 = CARTESIAN_POINT('',(104.405637,-43.470991,0.));
#1669 = DIRECTION('',(-0.,0.,-1.));
#1670 = DIRECTION('',(-0.,-1.,0.));
#1671 = FACE_BOUND('',#1672,.F.);
#1672 = EDGE_LOOP('',(#1673));
#1673 = ORIENTED_EDGE('',*,*,#1674,.T.);
#1674 = EDGE_CURVE('',#1675,#1675,#1677,.T.);
#1675 = VERTEX_POINT('',#1676);
#1676 = CARTESIAN_POINT('',(106.945637,-43.970991,0.));
#1677 = CIRCLE('',#1678,0.5);
#1678 = AXIS2_PLACEMENT_3D('',#1679,#1680,#1681);
#1679 = CARTESIAN_POINT('',(106.945637,-43.470991,0.));
#1680 = DIRECTION('',(-0.,0.,-1.));
#1681 = DIRECTION('',(-0.,-1.,0.));
#1682 = FACE_BOUND('',#1683,.F.);
#1683 = EDGE_LOOP('',(#1684));
#1684 = ORIENTED_EDGE('',*,*,#1685,.T.);
#1685 = EDGE_CURVE('',#1686,#1686,#1688,.T.);
#1686 = VERTEX_POINT('',#1687);
#1687 = CARTESIAN_POINT('',(109.485637,-43.970991,0.));
#1688 = CIRCLE('',#1689,0.5);
#1689 = AXIS2_PLACEMENT_3D('',#1690,#1691,#1692);
#1690 = CARTESIAN_POINT('',(109.485637,-43.470991,0.));
#1691 = DIRECTION('',(-0.,0.,-1.));
#1692 = DIRECTION('',(-0.,-1.,0.));
#1693 = FACE_BOUND('',#1694,.F.);
#1694 = EDGE_LOOP('',(#1695));
#1695 = ORIENTED_EDGE('',*,*,#1696,.T.);
#1696 = EDGE_CURVE('',#1697,#1697,#1699,.T.);
#1697 = VERTEX_POINT('',#1698);
#1698 = CARTESIAN_POINT('',(112.025637,-59.210991,0.));
#1699 = CIRCLE('',#1700,0.5);
#1700 = AXIS2_PLACEMENT_3D('',#1701,#1702,#1703);
#1701 = CARTESIAN_POINT('',(112.025637,-58.710991,0.));
#1702 = DIRECTION('',(-0.,0.,-1.));
#1703 = DIRECTION('',(-0.,-1.,0.));
#1704 = FACE_BOUND('',#1705,.F.);
#1705 = EDGE_LOOP('',(#1706));
#1706 = ORIENTED_EDGE('',*,*,#1707,.T.);
#1707 = EDGE_CURVE('',#1708,#1708,#1710,.T.);
#1708 = VERTEX_POINT('',#1709);
#1709 = CARTESIAN_POINT('',(114.565637,-59.210991,0.));
#1710 = CIRCLE('',#1711,0.5);
#1711 = AXIS2_PLACEMENT_3D('',#1712,#1713,#1714);
#1712 = CARTESIAN_POINT('',(114.565637,-58.710991,0.));
#1713 = DIRECTION('',(-0.,0.,-1.));
#1714 = DIRECTION('',(-0.,-1.,0.));
#1715 = FACE_BOUND('',#1716,.F.);
#1716 = EDGE_LOOP('',(#1717));
#1717 = ORIENTED_EDGE('',*,*,#1718,.T.);
#1718 = EDGE_CURVE('',#1719,#1719,#1721,.T.);
#1719 = VERTEX_POINT('',#1720);
#1720 = CARTESIAN_POINT('',(117.105637,-59.210991,0.));
#1721 = CIRCLE('',#1722,0.5);
#1722 = AXIS2_PLACEMENT_3D('',#1723,#1724,#1725);
#1723 = CARTESIAN_POINT('',(117.105637,-58.710991,0.));
#1724 = DIRECTION('',(-0.,0.,-1.));
#1725 = DIRECTION('',(-0.,-1.,0.));
#1726 = FACE_BOUND('',#1727,.F.);
#1727 = EDGE_LOOP('',(#1728));
#1728 = ORIENTED_EDGE('',*,*,#1729,.T.);
#1729 = EDGE_CURVE('',#1730,#1730,#1732,.T.);
#1730 = VERTEX_POINT('',#1731);
#1731 = CARTESIAN_POINT('',(119.645637,-59.210991,0.));
#1732 = CIRCLE('',#1733,0.5);
#1733 = AXIS2_PLACEMENT_3D('',#1734,#1735,#1736);
#1734 = CARTESIAN_POINT('',(119.645637,-58.710991,0.));
#1735 = DIRECTION('',(-0.,0.,-1.));
#1736 = DIRECTION('',(-0.,-1.,0.));
#1737 = FACE_BOUND('',#1738,.F.);
#1738 = EDGE_LOOP('',(#1739));
#1739 = ORIENTED_EDGE('',*,*,#1740,.T.);
#1740 = EDGE_CURVE('',#1741,#1741,#1743,.T.);
#1741 = VERTEX_POINT('',#1742);
#1742 = CARTESIAN_POINT('',(122.185637,-59.210991,0.));
#1743 = CIRCLE('',#1744,0.5);
#1744 = AXIS2_PLACEMENT_3D('',#1745,#1746,#1747);
#1745 = CARTESIAN_POINT('',(122.185637,-58.710991,0.));
#1746 = DIRECTION('',(-0.,0.,-1.));
#1747 = DIRECTION('',(-0.,-1.,0.));
#1748 = FACE_BOUND('',#1749,.F.);
#1749 = EDGE_LOOP('',(#1750));
#1750 = ORIENTED_EDGE('',*,*,#1751,.T.);
#1751 = EDGE_CURVE('',#1752,#1752,#1754,.T.);
#1752 = VERTEX_POINT('',#1753);
#1753 = CARTESIAN_POINT('',(124.725637,-59.210991,0.));
#1754 = CIRCLE('',#1755,0.5);
#1755 = AXIS2_PLACEMENT_3D('',#1756,#1757,#1758);
#1756 = CARTESIAN_POINT('',(124.725637,-58.710991,0.));
#1757 = DIRECTION('',(-0.,0.,-1.));
#1758 = DIRECTION('',(-0.,-1.,0.));
#1759 = FACE_BOUND('',#1760,.F.);
#1760 = EDGE_LOOP('',(#1761));
#1761 = ORIENTED_EDGE('',*,*,#1762,.T.);
#1762 = EDGE_CURVE('',#1763,#1763,#1765,.T.);
#1763 = VERTEX_POINT('',#1764);
#1764 = CARTESIAN_POINT('',(127.265637,-59.210991,0.));
#1765 = CIRCLE('',#1766,0.5);
#1766 = AXIS2_PLACEMENT_3D('',#1767,#1768,#1769);
#1767 = CARTESIAN_POINT('',(127.265637,-58.710991,0.));
#1768 = DIRECTION('',(-0.,0.,-1.));
#1769 = DIRECTION('',(-0.,-1.,0.));
#1770 = FACE_BOUND('',#1771,.F.);
#1771 = EDGE_LOOP('',(#1772));
#1772 = ORIENTED_EDGE('',*,*,#1773,.T.);
#1773 = EDGE_CURVE('',#1774,#1774,#1776,.T.);
#1774 = VERTEX_POINT('',#1775);
#1775 = CARTESIAN_POINT('',(129.805637,-59.210991,0.));
#1776 = CIRCLE('',#1777,0.5);
#1777 = AXIS2_PLACEMENT_3D('',#1778,#1779,#1780);
#1778 = CARTESIAN_POINT('',(129.805637,-58.710991,0.));
#1779 = DIRECTION('',(-0.,0.,-1.));
#1780 = DIRECTION('',(-0.,-1.,0.));
#1781 = FACE_BOUND('',#1782,.F.);
#1782 = EDGE_LOOP('',(#1783));
#1783 = ORIENTED_EDGE('',*,*,#1784,.T.);
#1784 = EDGE_CURVE('',#1785,#1785,#1787,.T.);
#1785 = VERTEX_POINT('',#1786);
#1786 = CARTESIAN_POINT('',(129.805637,-56.670991,0.));
#1787 = CIRCLE('',#1788,0.5);
#1788 = AXIS2_PLACEMENT_3D('',#1789,#1790,#1791);
#1789 = CARTESIAN_POINT('',(129.805637,-56.170991,0.));
#1790 = DIRECTION('',(-0.,0.,-1.));
#1791 = DIRECTION('',(-0.,-1.,0.));
#1792 = FACE_BOUND('',#1793,.F.);
#1793 = EDGE_LOOP('',(#1794));
#1794 = ORIENTED_EDGE('',*,*,#1795,.T.);
#1795 = EDGE_CURVE('',#1796,#1796,#1798,.T.);
#1796 = VERTEX_POINT('',#1797);
#1797 = CARTESIAN_POINT('',(129.805637,-54.130991,0.));
#1798 = CIRCLE('',#1799,0.5);
#1799 = AXIS2_PLACEMENT_3D('',#1800,#1801,#1802);
#1800 = CARTESIAN_POINT('',(129.805637,-53.630991,0.));
#1801 = DIRECTION('',(-0.,0.,-1.));
#1802 = DIRECTION('',(-0.,-1.,0.));
#1803 = FACE_BOUND('',#1804,.F.);
#1804 = EDGE_LOOP('',(#1805));
#1805 = ORIENTED_EDGE('',*,*,#1806,.T.);
#1806 = EDGE_CURVE('',#1807,#1807,#1809,.T.);
#1807 = VERTEX_POINT('',#1808);
#1808 = CARTESIAN_POINT('',(132.345637,-59.210991,0.));
#1809 = CIRCLE('',#1810,0.5);
#1810 = AXIS2_PLACEMENT_3D('',#1811,#1812,#1813);
#1811 = CARTESIAN_POINT('',(132.345637,-58.710991,0.));
#1812 = DIRECTION('',(-0.,0.,-1.));
#1813 = DIRECTION('',(-0.,-1.,0.));
#1814 = FACE_BOUND('',#1815,.F.);
#1815 = EDGE_LOOP('',(#1816));
#1816 = ORIENTED_EDGE('',*,*,#1817,.T.);
#1817 = EDGE_CURVE('',#1818,#1818,#1820,.T.);
#1818 = VERTEX_POINT('',#1819);
#1819 = CARTESIAN_POINT('',(134.885637,-59.210991,0.));
#1820 = CIRCLE('',#1821,0.5);
#1821 = AXIS2_PLACEMENT_3D('',#1822,#1823,#1824);
#1822 = CARTESIAN_POINT('',(134.885637,-58.710991,0.));
#1823 = DIRECTION('',(-0.,0.,-1.));
#1824 = DIRECTION('',(-0.,-1.,0.));
#1825 = FACE_BOUND('',#1826,.F.);
#1826 = EDGE_LOOP('',(#1827));
#1827 = ORIENTED_EDGE('',*,*,#1828,.T.);
#1828 = EDGE_CURVE('',#1829,#1829,#1831,.T.);
#1829 = VERTEX_POINT('',#1830);
#1830 = CARTESIAN_POINT('',(137.425637,-59.210991,0.));
#1831 = CIRCLE('',#1832,0.5);
#1832 = AXIS2_PLACEMENT_3D('',#1833,#1834,#1835);
#1833 = CARTESIAN_POINT('',(137.425637,-58.710991,0.));
#1834 = DIRECTION('',(-0.,0.,-1.));
#1835 = DIRECTION('',(-0.,-1.,0.));
#1836 = FACE_BOUND('',#1837,.F.);
#1837 = EDGE_LOOP('',(#1838));
#1838 = ORIENTED_EDGE('',*,*,#1839,.T.);
#1839 = EDGE_CURVE('',#1840,#1840,#1842,.T.);
#1840 = VERTEX_POINT('',#1841);
#1841 = CARTESIAN_POINT('',(139.965637,-59.210991,0.));
#1842 = CIRCLE('',#1843,0.5);
#1843 = AXIS2_PLACEMENT_3D('',#1844,#1845,#1846);
#1844 = CARTESIAN_POINT('',(139.965637,-58.710991,0.));
#1845 = DIRECTION('',(-0.,0.,-1.));
#1846 = DIRECTION('',(-0.,-1.,0.));
#1847 = FACE_BOUND('',#1848,.F.);
#1848 = EDGE_LOOP('',(#1849));
#1849 = ORIENTED_EDGE('',*,*,#1850,.T.);
#1850 = EDGE_CURVE('',#1851,#1851,#1853,.T.);
#1851 = VERTEX_POINT('',#1852);
#1852 = CARTESIAN_POINT('',(142.505637,-59.210991,0.));
#1853 = CIRCLE('',#1854,0.5);
#1854 = AXIS2_PLACEMENT_3D('',#1855,#1856,#1857);
#1855 = CARTESIAN_POINT('',(142.505637,-58.710991,0.));
#1856 = DIRECTION('',(-0.,0.,-1.));
#1857 = DIRECTION('',(-0.,-1.,0.));
#1858 = FACE_BOUND('',#1859,.F.);
#1859 = EDGE_LOOP('',(#1860));
#1860 = ORIENTED_EDGE('',*,*,#1861,.T.);
#1861 = EDGE_CURVE('',#1862,#1862,#1864,.T.);
#1862 = VERTEX_POINT('',#1863);
#1863 = CARTESIAN_POINT('',(129.805637,-51.590991,0.));
#1864 = CIRCLE('',#1865,0.5);
#1865 = AXIS2_PLACEMENT_3D('',#1866,#1867,#1868);
#1866 = CARTESIAN_POINT('',(129.805637,-51.090991,0.));
#1867 = DIRECTION('',(-0.,0.,-1.));
#1868 = DIRECTION('',(-0.,-1.,0.));
#1869 = FACE_BOUND('',#1870,.F.);
#1870 = EDGE_LOOP('',(#1871));
#1871 = ORIENTED_EDGE('',*,*,#1872,.T.);
#1872 = EDGE_CURVE('',#1873,#1873,#1875,.T.);
#1873 = VERTEX_POINT('',#1874);
#1874 = CARTESIAN_POINT('',(129.805637,-49.050991,0.));
#1875 = CIRCLE('',#1876,0.5);
#1876 = AXIS2_PLACEMENT_3D('',#1877,#1878,#1879);
#1877 = CARTESIAN_POINT('',(129.805637,-48.550991,0.));
#1878 = DIRECTION('',(-0.,0.,-1.));
#1879 = DIRECTION('',(-0.,-1.,0.));
#1880 = FACE_BOUND('',#1881,.F.);
#1881 = EDGE_LOOP('',(#1882));
#1882 = ORIENTED_EDGE('',*,*,#1883,.T.);
#1883 = EDGE_CURVE('',#1884,#1884,#1886,.T.);
#1884 = VERTEX_POINT('',#1885);
#1885 = CARTESIAN_POINT('',(112.025637,-43.970991,0.));
#1886 = CIRCLE('',#1887,0.5);
#1887 = AXIS2_PLACEMENT_3D('',#1888,#1889,#1890);
#1888 = CARTESIAN_POINT('',(112.025637,-43.470991,0.));
#1889 = DIRECTION('',(-0.,0.,-1.));
#1890 = DIRECTION('',(-0.,-1.,0.));
#1891 = FACE_BOUND('',#1892,.F.);
#1892 = EDGE_LOOP('',(#1893));
#1893 = ORIENTED_EDGE('',*,*,#1894,.T.);
#1894 = EDGE_CURVE('',#1895,#1895,#1897,.T.);
#1895 = VERTEX_POINT('',#1896);
#1896 = CARTESIAN_POINT('',(114.565637,-43.970991,0.));
#1897 = CIRCLE('',#1898,0.5);
#1898 = AXIS2_PLACEMENT_3D('',#1899,#1900,#1901);
#1899 = CARTESIAN_POINT('',(114.565637,-43.470991,0.));
#1900 = DIRECTION('',(-0.,0.,-1.));
#1901 = DIRECTION('',(-0.,-1.,0.));
#1902 = FACE_BOUND('',#1903,.F.);
#1903 = EDGE_LOOP('',(#1904));
#1904 = ORIENTED_EDGE('',*,*,#1905,.T.);
#1905 = EDGE_CURVE('',#1906,#1906,#1908,.T.);
#1906 = VERTEX_POINT('',#1907);
#1907 = CARTESIAN_POINT('',(117.105637,-43.970991,0.));
#1908 = CIRCLE('',#1909,0.5);
#1909 = AXIS2_PLACEMENT_3D('',#1910,#1911,#1912);
#1910 = CARTESIAN_POINT('',(117.105637,-43.470991,0.));
#1911 = DIRECTION('',(-0.,0.,-1.));
#1912 = DIRECTION('',(-0.,-1.,0.));
#1913 = FACE_BOUND('',#1914,.F.);
#1914 = EDGE_LOOP('',(#1915));
#1915 = ORIENTED_EDGE('',*,*,#1916,.T.);
#1916 = EDGE_CURVE('',#1917,#1917,#1919,.T.);
#1917 = VERTEX_POINT('',#1918);
#1918 = CARTESIAN_POINT('',(119.645637,-43.970991,0.));
#1919 = CIRCLE('',#1920,0.5);
#1920 = AXIS2_PLACEMENT_3D('',#1921,#1922,#1923);
#1921 = CARTESIAN_POINT('',(119.645637,-43.470991,0.));
#1922 = DIRECTION('',(-0.,0.,-1.));
#1923 = DIRECTION('',(-0.,-1.,0.));
#1924 = FACE_BOUND('',#1925,.F.);
#1925 = EDGE_LOOP('',(#1926));
#1926 = ORIENTED_EDGE('',*,*,#1927,.T.);
#1927 = EDGE_CURVE('',#1928,#1928,#1930,.T.);
#1928 = VERTEX_POINT('',#1929);
#1929 = CARTESIAN_POINT('',(129.805637,-46.510991,0.));
#1930 = CIRCLE('',#1931,0.5);
#1931 = AXIS2_PLACEMENT_3D('',#1932,#1933,#1934);
#1932 = CARTESIAN_POINT('',(129.805637,-46.010991,0.));
#1933 = DIRECTION('',(-0.,0.,-1.));
#1934 = DIRECTION('',(-0.,-1.,0.));
#1935 = FACE_BOUND('',#1936,.F.);
#1936 = EDGE_LOOP('',(#1937));
#1937 = ORIENTED_EDGE('',*,*,#1938,.T.);
#1938 = EDGE_CURVE('',#1939,#1939,#1941,.T.);
#1939 = VERTEX_POINT('',#1940);
#1940 = CARTESIAN_POINT('',(122.185637,-43.970991,0.));
#1941 = CIRCLE('',#1942,0.5);
#1942 = AXIS2_PLACEMENT_3D('',#1943,#1944,#1945);
#1943 = CARTESIAN_POINT('',(122.185637,-43.470991,0.));
#1944 = DIRECTION('',(-0.,0.,-1.));
#1945 = DIRECTION('',(-0.,-1.,0.));
#1946 = FACE_BOUND('',#1947,.F.);
#1947 = EDGE_LOOP('',(#1948));
#1948 = ORIENTED_EDGE('',*,*,#1949,.T.);
#1949 = EDGE_CURVE('',#1950,#1950,#1952,.T.);
#1950 = VERTEX_POINT('',#1951);
#1951 = CARTESIAN_POINT('',(124.725637,-43.970991,0.));
#1952 = CIRCLE('',#1953,0.5);
#1953 = AXIS2_PLACEMENT_3D('',#1954,#1955,#1956);
#1954 = CARTESIAN_POINT('',(124.725637,-43.470991,0.));
#1955 = DIRECTION('',(-0.,0.,-1.));
#1956 = DIRECTION('',(-0.,-1.,0.));
#1957 = FACE_BOUND('',#1958,.F.);
#1958 = EDGE_LOOP('',(#1959));
#1959 = ORIENTED_EDGE('',*,*,#1960,.T.);
#1960 = EDGE_CURVE('',#1961,#1961,#1963,.T.);
#1961 = VERTEX_POINT('',#1962);
#1962 = CARTESIAN_POINT('',(127.265637,-43.970991,0.));
#1963 = CIRCLE('',#1964,0.5);
#1964 = AXIS2_PLACEMENT_3D('',#1965,#1966,#1967);
#1965 = CARTESIAN_POINT('',(127.265637,-43.470991,0.));
#1966 = DIRECTION('',(-0.,0.,-1.));
#1967 = DIRECTION('',(-0.,-1.,0.));
#1968 = FACE_BOUND('',#1969,.F.);
#1969 = EDGE_LOOP('',(#1970));
#1970 = ORIENTED_EDGE('',*,*,#1971,.T.);
#1971 = EDGE_CURVE('',#1972,#1972,#1974,.T.);
#1972 = VERTEX_POINT('',#1973);
#1973 = CARTESIAN_POINT('',(129.805637,-43.970991,0.));
#1974 = CIRCLE('',#1975,0.5);
#1975 = AXIS2_PLACEMENT_3D('',#1976,#1977,#1978);
#1976 = CARTESIAN_POINT('',(129.805637,-43.470991,0.));
#1977 = DIRECTION('',(-0.,0.,-1.));
#1978 = DIRECTION('',(-0.,-1.,0.));
#1979 = FACE_BOUND('',#1980,.F.);
#1980 = EDGE_LOOP('',(#1981));
#1981 = ORIENTED_EDGE('',*,*,#1982,.T.);
#1982 = EDGE_CURVE('',#1983,#1983,#1985,.T.);
#1983 = VERTEX_POINT('',#1984);
#1984 = CARTESIAN_POINT('',(132.345637,-43.970991,0.));
#1985 = CIRCLE('',#1986,0.5);
#1986 = AXIS2_PLACEMENT_3D('',#1987,#1988,#1989);
#1987 = CARTESIAN_POINT('',(132.345637,-43.470991,0.));
#1988 = DIRECTION('',(-0.,0.,-1.));
#1989 = DIRECTION('',(-0.,-1.,0.));
#1990 = FACE_BOUND('',#1991,.F.);
#1991 = EDGE_LOOP('',(#1992));
#1992 = ORIENTED_EDGE('',*,*,#1993,.T.);
#1993 = EDGE_CURVE('',#1994,#1994,#1996,.T.);
#1994 = VERTEX_POINT('',#1995);
#1995 = CARTESIAN_POINT('',(134.885637,-43.970991,0.));
#1996 = CIRCLE('',#1997,0.5);
#1997 = AXIS2_PLACEMENT_3D('',#1998,#1999,#2000);
#1998 = CARTESIAN_POINT('',(134.885637,-43.470991,0.));
#1999 = DIRECTION('',(-0.,0.,-1.));
#2000 = DIRECTION('',(-0.,-1.,0.));
#2001 = FACE_BOUND('',#2002,.F.);
#2002 = EDGE_LOOP('',(#2003));
#2003 = ORIENTED_EDGE('',*,*,#2004,.T.);
#2004 = EDGE_CURVE('',#2005,#2005,#2007,.T.);
#2005 = VERTEX_POINT('',#2006);
#2006 = CARTESIAN_POINT('',(137.425637,-43.970991,0.));
#2007 = CIRCLE('',#2008,0.5);
#2008 = AXIS2_PLACEMENT_3D('',#2009,#2010,#2011);
#2009 = CARTESIAN_POINT('',(137.425637,-43.470991,0.));
#2010 = DIRECTION('',(-0.,0.,-1.));
#2011 = DIRECTION('',(-0.,-1.,0.));
#2012 = FACE_BOUND('',#2013,.F.);
#2013 = EDGE_LOOP('',(#2014));
#2014 = ORIENTED_EDGE('',*,*,#2015,.T.);
#2015 = EDGE_CURVE('',#2016,#2016,#2018,.T.);
#2016 = VERTEX_POINT('',#2017);
#2017 = CARTESIAN_POINT('',(139.965637,-43.970991,0.));
#2018 = CIRCLE('',#2019,0.5);
#2019 = AXIS2_PLACEMENT_3D('',#2020,#2021,#2022);
#2020 = CARTESIAN_POINT('',(139.965637,-43.470991,0.));
#2021 = DIRECTION('',(-0.,0.,-1.));
#2022 = DIRECTION('',(-0.,-1.,0.));
#2023 = FACE_BOUND('',#2024,.F.);
#2024 = EDGE_LOOP('',(#2025));
#2025 = ORIENTED_EDGE('',*,*,#2026,.T.);
#2026 = EDGE_CURVE('',#2027,#2027,#2029,.T.);
#2027 = VERTEX_POINT('',#2028);
#2028 = CARTESIAN_POINT('',(142.505637,-43.970991,0.));
#2029 = CIRCLE('',#2030,0.5);
#2030 = AXIS2_PLACEMENT_3D('',#2031,#2032,#2033);
#2031 = CARTESIAN_POINT('',(142.505637,-43.470991,0.));
#2032 = DIRECTION('',(-0.,0.,-1.));
#2033 = DIRECTION('',(-0.,-1.,0.));
#2034 = FACE_BOUND('',#2035,.F.);
#2035 = EDGE_LOOP('',(#2036));
#2036 = ORIENTED_EDGE('',*,*,#2037,.T.);
#2037 = EDGE_CURVE('',#2038,#2038,#2040,.T.);
#2038 = VERTEX_POINT('',#2039);
#2039 = CARTESIAN_POINT('',(208.046686,-68.541991,0.));
#2040 = CIRCLE('',#2041,3.2);
#2041 = AXIS2_PLACEMENT_3D('',#2042,#2043,#2044);
#2042 = CARTESIAN_POINT('',(208.046686,-65.341991,0.));
#2043 = DIRECTION('',(-0.,0.,-1.));
#2044 = DIRECTION('',(-8.881784197001E-15,-1.,0.));
#2045 = FACE_BOUND('',#2046,.F.);
#2046 = EDGE_LOOP('',(#2047));
#2047 = ORIENTED_EDGE('',*,*,#2048,.T.);
#2048 = EDGE_CURVE('',#2049,#2049,#2051,.T.);
#2049 = VERTEX_POINT('',#2050);
#2050 = CARTESIAN_POINT('',(219.75,-46.17,0.));
#2051 = CIRCLE('',#2052,1.6);
#2052 = AXIS2_PLACEMENT_3D('',#2053,#2054,#2055);
#2053 = CARTESIAN_POINT('',(219.75,-44.57,0.));
#2054 = DIRECTION('',(-0.,0.,-1.));
#2055 = DIRECTION('',(-0.,-1.,0.));
#2056 = PLANE('',#2057);
#2057 = AXIS2_PLACEMENT_3D('',#2058,#2059,#2060);
#2058 = CARTESIAN_POINT('',(0.,0.,0.));
#2059 = DIRECTION('',(0.,0.,1.));
#2060 = DIRECTION('',(1.,0.,-0.));
#2061 = ADVANCED_FACE('',(#2062,#2108,#2119,#2130,#2141,#2152,#2163,
    #2174,#2185,#2196,#2207,#2218,#2229,#2240,#2251,#2262,#2273,#2284,
    #2295,#2306,#2317,#2328,#2339,#2350,#2361,#2372,#2383,#2394,#2405,
    #2416,#2427,#2438,#2449,#2460,#2471,#2482,#2493,#2504,#2515,#2526,
    #2537,#2548,#2559,#2570,#2581,#2592,#2603,#2614,#2625,#2636,#2647,
    #2658,#2669,#2680,#2691,#2702,#2713,#2724,#2735,#2746,#2757,#2768,
    #2779,#2790,#2801,#2812,#2823,#2834,#2845,#2856,#2867,#2878,#2889,
    #2900,#2911,#2922,#2933,#2944,#2955,#2966,#2977,#2988,#2999,#3010,
    #3021,#3032,#3043,#3054,#3065,#3076,#3087,#3098,#3109,#3120,#3131,
    #3142,#3153,#3164,#3175,#3186,#3197,#3208,#3219,#3230,#3241,#3252,
    #3263,#3274,#3285,#3296,#3307,#3318,#3329,#3340,#3351,#3362,#3373,
    #3384,#3395,#3406,#3417,#3428,#3439,#3450,#3461,#3472,#3483,#3494,
    #3505,#3516,#3527,#3538,#3549,#3560,#3571,#3582,#3593,#3604,#3615,
    #3626,#3637,#3648,#3659,#3670,#3681,#3692,#3703,#3714,#3725,#3736,
    #3747,#3758,#3769,#3780,#3791,#3802,#3813,#3824,#3835,#3846,#3857,
    #3868,#3879,#3890,#3901,#3912,#3923,#3934,#3945,#3956,#3967),#3978,
  .T.);
#2062 = FACE_BOUND('',#2063,.T.);
#2063 = EDGE_LOOP('',(#2064,#2065,#2066,#2075,#2083,#2092,#2100,#2107));
#2064 = ORIENTED_EDGE('',*,*,#49,.F.);
#2065 = ORIENTED_EDGE('',*,*,#91,.F.);
#2066 = ORIENTED_EDGE('',*,*,#2067,.F.);
#2067 = EDGE_CURVE('',#2068,#84,#2070,.T.);
#2068 = VERTEX_POINT('',#2069);
#2069 = CARTESIAN_POINT('',(72.438363,-44.082628,1.6));
#2070 = CIRCLE('',#2071,4.011639479947);
#2071 = AXIS2_PLACEMENT_3D('',#2072,#2073,#2074);
#2072 = CARTESIAN_POINT('',(76.450002479946,-44.08263047994,1.6));
#2073 = DIRECTION('',(0.,0.,-1.));
#2074 = DIRECTION('',(-1.,6.181876803409E-07,0.));
#2075 = ORIENTED_EDGE('',*,*,#2076,.F.);
#2076 = EDGE_CURVE('',#2077,#2068,#2079,.T.);
#2077 = VERTEX_POINT('',#2078);
#2078 = CARTESIAN_POINT('',(72.438363,-126.699354,1.6));
#2079 = LINE('',#2080,#2081);
#2080 = CARTESIAN_POINT('',(72.438363,-126.699354,1.6));
#2081 = VECTOR('',#2082,1.);
#2082 = DIRECTION('',(0.,1.,0.));
#2083 = ORIENTED_EDGE('',*,*,#2084,.F.);
#2084 = EDGE_CURVE('',#2085,#2077,#2087,.T.);
#2085 = VERTEX_POINT('',#2086);
#2086 = CARTESIAN_POINT('',(76.45,-130.710991,1.6));
#2087 = CIRCLE('',#2088,4.011607045296);
#2088 = AXIS2_PLACEMENT_3D('',#2089,#2090,#2091);
#2089 = CARTESIAN_POINT('',(76.449970045184,-126.6993839548,1.6));
#2090 = DIRECTION('',(0.,0.,-1.));
#2091 = DIRECTION('',(7.467036424759E-06,-0.999999999972,0.));
#2092 = ORIENTED_EDGE('',*,*,#2093,.F.);
#2093 = EDGE_CURVE('',#2094,#2085,#2096,.T.);
#2094 = VERTEX_POINT('',#2095);
#2095 = CARTESIAN_POINT('',(220.238363,-130.710991,1.6));
#2096 = LINE('',#2097,#2098);
#2097 = CARTESIAN_POINT('',(220.238363,-130.710991,1.6));
#2098 = VECTOR('',#2099,1.);
#2099 = DIRECTION('',(-1.,0.,0.));
#2100 = ORIENTED_EDGE('',*,*,#2101,.F.);
#2101 = EDGE_CURVE('',#114,#2094,#2102,.T.);
#2102 = CIRCLE('',#2103,4.011559248473);
#2103 = AXIS2_PLACEMENT_3D('',#2104,#2105,#2106);
#2104 = CARTESIAN_POINT('',(220.23844075228,-126.6994317522,1.6));
#2105 = DIRECTION('',(0.,0.,-1.));
#2106 = DIRECTION('',(0.999999999812,1.93820596825E-05,0.));
#2107 = ORIENTED_EDGE('',*,*,#113,.F.);
#2108 = FACE_BOUND('',#2109,.T.);
#2109 = EDGE_LOOP('',(#2110));
#2110 = ORIENTED_EDGE('',*,*,#2111,.T.);
#2111 = EDGE_CURVE('',#2112,#2112,#2114,.T.);
#2112 = VERTEX_POINT('',#2113);
#2113 = CARTESIAN_POINT('',(76.94,-127.81,1.6));
#2114 = CIRCLE('',#2115,1.6);
#2115 = AXIS2_PLACEMENT_3D('',#2116,#2117,#2118);
#2116 = CARTESIAN_POINT('',(76.94,-126.21,1.6));
#2117 = DIRECTION('',(-0.,0.,-1.));
#2118 = DIRECTION('',(-0.,-1.,0.));
#2119 = FACE_BOUND('',#2120,.T.);
#2120 = EDGE_LOOP('',(#2121));
#2121 = ORIENTED_EDGE('',*,*,#2122,.T.);
#2122 = EDGE_CURVE('',#2123,#2123,#2125,.T.);
#2123 = VERTEX_POINT('',#2124);
#2124 = CARTESIAN_POINT('',(104.915637,-127.650991,1.6));
#2125 = CIRCLE('',#2126,1.65);
#2126 = AXIS2_PLACEMENT_3D('',#2127,#2128,#2129);
#2127 = CARTESIAN_POINT('',(104.915637,-126.000991,1.6));
#2128 = DIRECTION('',(-0.,0.,-1.));
#2129 = DIRECTION('',(-0.,-1.,0.));
#2130 = FACE_BOUND('',#2131,.T.);
#2131 = EDGE_LOOP('',(#2132));
#2132 = ORIENTED_EDGE('',*,*,#2133,.T.);
#2133 = EDGE_CURVE('',#2134,#2134,#2136,.T.);
#2134 = VERTEX_POINT('',#2135);
#2135 = CARTESIAN_POINT('',(112.165637,-120.150991,1.6));
#2136 = CIRCLE('',#2137,0.65);
#2137 = AXIS2_PLACEMENT_3D('',#2138,#2139,#2140);
#2138 = CARTESIAN_POINT('',(112.165637,-119.500991,1.6));
#2139 = DIRECTION('',(-0.,0.,-1.));
#2140 = DIRECTION('',(-0.,-1.,0.));
#2141 = FACE_BOUND('',#2142,.T.);
#2142 = EDGE_LOOP('',(#2143));
#2143 = ORIENTED_EDGE('',*,*,#2144,.T.);
#2144 = EDGE_CURVE('',#2145,#2145,#2147,.T.);
#2145 = VERTEX_POINT('',#2146);
#2146 = CARTESIAN_POINT('',(115.165637,-120.150991,1.6));
#2147 = CIRCLE('',#2148,0.65);
#2148 = AXIS2_PLACEMENT_3D('',#2149,#2150,#2151);
#2149 = CARTESIAN_POINT('',(115.165637,-119.500991,1.6));
#2150 = DIRECTION('',(-0.,0.,-1.));
#2151 = DIRECTION('',(-0.,-1.,0.));
#2152 = FACE_BOUND('',#2153,.T.);
#2153 = EDGE_LOOP('',(#2154));
#2154 = ORIENTED_EDGE('',*,*,#2155,.T.);
#2155 = EDGE_CURVE('',#2156,#2156,#2158,.T.);
#2156 = VERTEX_POINT('',#2157);
#2157 = CARTESIAN_POINT('',(118.165637,-120.150991,1.6));
#2158 = CIRCLE('',#2159,0.65);
#2159 = AXIS2_PLACEMENT_3D('',#2160,#2161,#2162);
#2160 = CARTESIAN_POINT('',(118.165637,-119.500991,1.6));
#2161 = DIRECTION('',(-0.,0.,-1.));
#2162 = DIRECTION('',(-0.,-1.,0.));
#2163 = FACE_BOUND('',#2164,.T.);
#2164 = EDGE_LOOP('',(#2165));
#2165 = ORIENTED_EDGE('',*,*,#2166,.T.);
#2166 = EDGE_CURVE('',#2167,#2167,#2169,.T.);
#2167 = VERTEX_POINT('',#2168);
#2168 = CARTESIAN_POINT('',(121.165637,-120.150991,1.6));
#2169 = CIRCLE('',#2170,0.65);
#2170 = AXIS2_PLACEMENT_3D('',#2171,#2172,#2173);
#2171 = CARTESIAN_POINT('',(121.165637,-119.500991,1.6));
#2172 = DIRECTION('',(-0.,0.,-1.));
#2173 = DIRECTION('',(-0.,-1.,0.));
#2174 = FACE_BOUND('',#2175,.T.);
#2175 = EDGE_LOOP('',(#2176));
#2176 = ORIENTED_EDGE('',*,*,#2177,.T.);
#2177 = EDGE_CURVE('',#2178,#2178,#2180,.T.);
#2178 = VERTEX_POINT('',#2179);
#2179 = CARTESIAN_POINT('',(124.165637,-120.150991,1.6));
#2180 = CIRCLE('',#2181,0.65);
#2181 = AXIS2_PLACEMENT_3D('',#2182,#2183,#2184);
#2182 = CARTESIAN_POINT('',(124.165637,-119.500991,1.6));
#2183 = DIRECTION('',(-0.,0.,-1.));
#2184 = DIRECTION('',(-0.,-1.,0.));
#2185 = FACE_BOUND('',#2186,.T.);
#2186 = EDGE_LOOP('',(#2187));
#2187 = ORIENTED_EDGE('',*,*,#2188,.T.);
#2188 = EDGE_CURVE('',#2189,#2189,#2191,.T.);
#2189 = VERTEX_POINT('',#2190);
#2190 = CARTESIAN_POINT('',(127.165637,-120.150991,1.6));
#2191 = CIRCLE('',#2192,0.65);
#2192 = AXIS2_PLACEMENT_3D('',#2193,#2194,#2195);
#2193 = CARTESIAN_POINT('',(127.165637,-119.500991,1.6));
#2194 = DIRECTION('',(-0.,0.,-1.));
#2195 = DIRECTION('',(-0.,-1.,0.));
#2196 = FACE_BOUND('',#2197,.T.);
#2197 = EDGE_LOOP('',(#2198));
#2198 = ORIENTED_EDGE('',*,*,#2199,.T.);
#2199 = EDGE_CURVE('',#2200,#2200,#2202,.T.);
#2200 = VERTEX_POINT('',#2201);
#2201 = CARTESIAN_POINT('',(143.415637,-127.650991,1.6));
#2202 = CIRCLE('',#2203,1.65);
#2203 = AXIS2_PLACEMENT_3D('',#2204,#2205,#2206);
#2204 = CARTESIAN_POINT('',(143.415637,-126.000991,1.6));
#2205 = DIRECTION('',(-0.,0.,-1.));
#2206 = DIRECTION('',(-0.,-1.,0.));
#2207 = FACE_BOUND('',#2208,.T.);
#2208 = EDGE_LOOP('',(#2209));
#2209 = ORIENTED_EDGE('',*,*,#2210,.T.);
#2210 = EDGE_CURVE('',#2211,#2211,#2213,.T.);
#2211 = VERTEX_POINT('',#2212);
#2212 = CARTESIAN_POINT('',(130.165637,-120.150991,1.6));
#2213 = CIRCLE('',#2214,0.65);
#2214 = AXIS2_PLACEMENT_3D('',#2215,#2216,#2217);
#2215 = CARTESIAN_POINT('',(130.165637,-119.500991,1.6));
#2216 = DIRECTION('',(-0.,0.,-1.));
#2217 = DIRECTION('',(-0.,-1.,0.));
#2218 = FACE_BOUND('',#2219,.T.);
#2219 = EDGE_LOOP('',(#2220));
#2220 = ORIENTED_EDGE('',*,*,#2221,.T.);
#2221 = EDGE_CURVE('',#2222,#2222,#2224,.T.);
#2222 = VERTEX_POINT('',#2223);
#2223 = CARTESIAN_POINT('',(133.165637,-120.150991,1.6));
#2224 = CIRCLE('',#2225,0.65);
#2225 = AXIS2_PLACEMENT_3D('',#2226,#2227,#2228);
#2226 = CARTESIAN_POINT('',(133.165637,-119.500991,1.6));
#2227 = DIRECTION('',(-0.,0.,-1.));
#2228 = DIRECTION('',(-0.,-1.,0.));
#2229 = FACE_BOUND('',#2230,.T.);
#2230 = EDGE_LOOP('',(#2231));
#2231 = ORIENTED_EDGE('',*,*,#2232,.T.);
#2232 = EDGE_CURVE('',#2233,#2233,#2235,.T.);
#2233 = VERTEX_POINT('',#2234);
#2234 = CARTESIAN_POINT('',(136.165637,-120.150991,1.6));
#2235 = CIRCLE('',#2236,0.65);
#2236 = AXIS2_PLACEMENT_3D('',#2237,#2238,#2239);
#2237 = CARTESIAN_POINT('',(136.165637,-119.500991,1.6));
#2238 = DIRECTION('',(-0.,0.,-1.));
#2239 = DIRECTION('',(-0.,-1.,0.));
#2240 = FACE_BOUND('',#2241,.T.);
#2241 = EDGE_LOOP('',(#2242));
#2242 = ORIENTED_EDGE('',*,*,#2243,.T.);
#2243 = EDGE_CURVE('',#2244,#2244,#2246,.T.);
#2244 = VERTEX_POINT('',#2245);
#2245 = CARTESIAN_POINT('',(113.665637,-117.650991,1.6));
#2246 = CIRCLE('',#2247,0.65);
#2247 = AXIS2_PLACEMENT_3D('',#2248,#2249,#2250);
#2248 = CARTESIAN_POINT('',(113.665637,-117.000991,1.6));
#2249 = DIRECTION('',(-0.,0.,-1.));
#2250 = DIRECTION('',(-0.,-1.,0.));
#2251 = FACE_BOUND('',#2252,.T.);
#2252 = EDGE_LOOP('',(#2253));
#2253 = ORIENTED_EDGE('',*,*,#2254,.T.);
#2254 = EDGE_CURVE('',#2255,#2255,#2257,.T.);
#2255 = VERTEX_POINT('',#2256);
#2256 = CARTESIAN_POINT('',(116.665637,-117.650991,1.6));
#2257 = CIRCLE('',#2258,0.65);
#2258 = AXIS2_PLACEMENT_3D('',#2259,#2260,#2261);
#2259 = CARTESIAN_POINT('',(116.665637,-117.000991,1.6));
#2260 = DIRECTION('',(-0.,0.,-1.));
#2261 = DIRECTION('',(-0.,-1.,0.));
#2262 = FACE_BOUND('',#2263,.T.);
#2263 = EDGE_LOOP('',(#2264));
#2264 = ORIENTED_EDGE('',*,*,#2265,.T.);
#2265 = EDGE_CURVE('',#2266,#2266,#2268,.T.);
#2266 = VERTEX_POINT('',#2267);
#2267 = CARTESIAN_POINT('',(119.665637,-117.650991,1.6));
#2268 = CIRCLE('',#2269,0.65);
#2269 = AXIS2_PLACEMENT_3D('',#2270,#2271,#2272);
#2270 = CARTESIAN_POINT('',(119.665637,-117.000991,1.6));
#2271 = DIRECTION('',(-0.,0.,-1.));
#2272 = DIRECTION('',(-0.,-1.,0.));
#2273 = FACE_BOUND('',#2274,.T.);
#2274 = EDGE_LOOP('',(#2275));
#2275 = ORIENTED_EDGE('',*,*,#2276,.T.);
#2276 = EDGE_CURVE('',#2277,#2277,#2279,.T.);
#2277 = VERTEX_POINT('',#2278);
#2278 = CARTESIAN_POINT('',(113.665637,-114.650991,1.6));
#2279 = CIRCLE('',#2280,0.65);
#2280 = AXIS2_PLACEMENT_3D('',#2281,#2282,#2283);
#2281 = CARTESIAN_POINT('',(113.665637,-114.000991,1.6));
#2282 = DIRECTION('',(-0.,0.,-1.));
#2283 = DIRECTION('',(-0.,-1.,0.));
#2284 = FACE_BOUND('',#2285,.T.);
#2285 = EDGE_LOOP('',(#2286));
#2286 = ORIENTED_EDGE('',*,*,#2287,.T.);
#2287 = EDGE_CURVE('',#2288,#2288,#2290,.T.);
#2288 = VERTEX_POINT('',#2289);
#2289 = CARTESIAN_POINT('',(116.665637,-114.650991,1.6));
#2290 = CIRCLE('',#2291,0.65);
#2291 = AXIS2_PLACEMENT_3D('',#2292,#2293,#2294);
#2292 = CARTESIAN_POINT('',(116.665637,-114.000991,1.6));
#2293 = DIRECTION('',(-0.,0.,-1.));
#2294 = DIRECTION('',(-0.,-1.,0.));
#2295 = FACE_BOUND('',#2296,.T.);
#2296 = EDGE_LOOP('',(#2297));
#2297 = ORIENTED_EDGE('',*,*,#2298,.T.);
#2298 = EDGE_CURVE('',#2299,#2299,#2301,.T.);
#2299 = VERTEX_POINT('',#2300);
#2300 = CARTESIAN_POINT('',(119.665637,-114.650991,1.6));
#2301 = CIRCLE('',#2302,0.65);
#2302 = AXIS2_PLACEMENT_3D('',#2303,#2304,#2305);
#2303 = CARTESIAN_POINT('',(119.665637,-114.000991,1.6));
#2304 = DIRECTION('',(-0.,0.,-1.));
#2305 = DIRECTION('',(-0.,-1.,0.));
#2306 = FACE_BOUND('',#2307,.T.);
#2307 = EDGE_LOOP('',(#2308));
#2308 = ORIENTED_EDGE('',*,*,#2309,.T.);
#2309 = EDGE_CURVE('',#2310,#2310,#2312,.T.);
#2310 = VERTEX_POINT('',#2311);
#2311 = CARTESIAN_POINT('',(122.665637,-117.650991,1.6));
#2312 = CIRCLE('',#2313,0.65);
#2313 = AXIS2_PLACEMENT_3D('',#2314,#2315,#2316);
#2314 = CARTESIAN_POINT('',(122.665637,-117.000991,1.6));
#2315 = DIRECTION('',(-0.,0.,-1.));
#2316 = DIRECTION('',(-0.,-1.,0.));
#2317 = FACE_BOUND('',#2318,.T.);
#2318 = EDGE_LOOP('',(#2319));
#2319 = ORIENTED_EDGE('',*,*,#2320,.T.);
#2320 = EDGE_CURVE('',#2321,#2321,#2323,.T.);
#2321 = VERTEX_POINT('',#2322);
#2322 = CARTESIAN_POINT('',(125.665637,-117.650991,1.6));
#2323 = CIRCLE('',#2324,0.65);
#2324 = AXIS2_PLACEMENT_3D('',#2325,#2326,#2327);
#2325 = CARTESIAN_POINT('',(125.665637,-117.000991,1.6));
#2326 = DIRECTION('',(-0.,0.,-1.));
#2327 = DIRECTION('',(-0.,-1.,0.));
#2328 = FACE_BOUND('',#2329,.T.);
#2329 = EDGE_LOOP('',(#2330));
#2330 = ORIENTED_EDGE('',*,*,#2331,.T.);
#2331 = EDGE_CURVE('',#2332,#2332,#2334,.T.);
#2332 = VERTEX_POINT('',#2333);
#2333 = CARTESIAN_POINT('',(128.665637,-117.650991,1.6));
#2334 = CIRCLE('',#2335,0.65);
#2335 = AXIS2_PLACEMENT_3D('',#2336,#2337,#2338);
#2336 = CARTESIAN_POINT('',(128.665637,-117.000991,1.6));
#2337 = DIRECTION('',(-0.,0.,-1.));
#2338 = DIRECTION('',(-0.,-1.,0.));
#2339 = FACE_BOUND('',#2340,.T.);
#2340 = EDGE_LOOP('',(#2341));
#2341 = ORIENTED_EDGE('',*,*,#2342,.T.);
#2342 = EDGE_CURVE('',#2343,#2343,#2345,.T.);
#2343 = VERTEX_POINT('',#2344);
#2344 = CARTESIAN_POINT('',(122.665637,-114.650991,1.6));
#2345 = CIRCLE('',#2346,0.65);
#2346 = AXIS2_PLACEMENT_3D('',#2347,#2348,#2349);
#2347 = CARTESIAN_POINT('',(122.665637,-114.000991,1.6));
#2348 = DIRECTION('',(-0.,0.,-1.));
#2349 = DIRECTION('',(-0.,-1.,0.));
#2350 = FACE_BOUND('',#2351,.T.);
#2351 = EDGE_LOOP('',(#2352));
#2352 = ORIENTED_EDGE('',*,*,#2353,.T.);
#2353 = EDGE_CURVE('',#2354,#2354,#2356,.T.);
#2354 = VERTEX_POINT('',#2355);
#2355 = CARTESIAN_POINT('',(125.665637,-114.650991,1.6));
#2356 = CIRCLE('',#2357,0.65);
#2357 = AXIS2_PLACEMENT_3D('',#2358,#2359,#2360);
#2358 = CARTESIAN_POINT('',(125.665637,-114.000991,1.6));
#2359 = DIRECTION('',(-0.,0.,-1.));
#2360 = DIRECTION('',(-0.,-1.,0.));
#2361 = FACE_BOUND('',#2362,.T.);
#2362 = EDGE_LOOP('',(#2363));
#2363 = ORIENTED_EDGE('',*,*,#2364,.T.);
#2364 = EDGE_CURVE('',#2365,#2365,#2367,.T.);
#2365 = VERTEX_POINT('',#2366);
#2366 = CARTESIAN_POINT('',(128.665637,-114.650991,1.6));
#2367 = CIRCLE('',#2368,0.65);
#2368 = AXIS2_PLACEMENT_3D('',#2369,#2370,#2371);
#2369 = CARTESIAN_POINT('',(128.665637,-114.000991,1.6));
#2370 = DIRECTION('',(-0.,0.,-1.));
#2371 = DIRECTION('',(-0.,-1.,0.));
#2372 = FACE_BOUND('',#2373,.T.);
#2373 = EDGE_LOOP('',(#2374));
#2374 = ORIENTED_EDGE('',*,*,#2375,.T.);
#2375 = EDGE_CURVE('',#2376,#2376,#2378,.T.);
#2376 = VERTEX_POINT('',#2377);
#2377 = CARTESIAN_POINT('',(112.165637,-112.150991,1.6));
#2378 = CIRCLE('',#2379,0.65);
#2379 = AXIS2_PLACEMENT_3D('',#2380,#2381,#2382);
#2380 = CARTESIAN_POINT('',(112.165637,-111.500991,1.6));
#2381 = DIRECTION('',(-0.,0.,-1.));
#2382 = DIRECTION('',(-0.,-1.,0.));
#2383 = FACE_BOUND('',#2384,.T.);
#2384 = EDGE_LOOP('',(#2385));
#2385 = ORIENTED_EDGE('',*,*,#2386,.T.);
#2386 = EDGE_CURVE('',#2387,#2387,#2389,.T.);
#2387 = VERTEX_POINT('',#2388);
#2388 = CARTESIAN_POINT('',(115.165637,-112.150991,1.6));
#2389 = CIRCLE('',#2390,0.65);
#2390 = AXIS2_PLACEMENT_3D('',#2391,#2392,#2393);
#2391 = CARTESIAN_POINT('',(115.165637,-111.500991,1.6));
#2392 = DIRECTION('',(-0.,0.,-1.));
#2393 = DIRECTION('',(-0.,-1.,0.));
#2394 = FACE_BOUND('',#2395,.T.);
#2395 = EDGE_LOOP('',(#2396));
#2396 = ORIENTED_EDGE('',*,*,#2397,.T.);
#2397 = EDGE_CURVE('',#2398,#2398,#2400,.T.);
#2398 = VERTEX_POINT('',#2399);
#2399 = CARTESIAN_POINT('',(118.165637,-112.150991,1.6));
#2400 = CIRCLE('',#2401,0.65);
#2401 = AXIS2_PLACEMENT_3D('',#2402,#2403,#2404);
#2402 = CARTESIAN_POINT('',(118.165637,-111.500991,1.6));
#2403 = DIRECTION('',(-0.,0.,-1.));
#2404 = DIRECTION('',(-0.,-1.,0.));
#2405 = FACE_BOUND('',#2406,.T.);
#2406 = EDGE_LOOP('',(#2407));
#2407 = ORIENTED_EDGE('',*,*,#2408,.T.);
#2408 = EDGE_CURVE('',#2409,#2409,#2411,.T.);
#2409 = VERTEX_POINT('',#2410);
#2410 = CARTESIAN_POINT('',(121.165637,-112.150991,1.6));
#2411 = CIRCLE('',#2412,0.65);
#2412 = AXIS2_PLACEMENT_3D('',#2413,#2414,#2415);
#2413 = CARTESIAN_POINT('',(121.165637,-111.500991,1.6));
#2414 = DIRECTION('',(-0.,0.,-1.));
#2415 = DIRECTION('',(-0.,-1.,0.));
#2416 = FACE_BOUND('',#2417,.T.);
#2417 = EDGE_LOOP('',(#2418));
#2418 = ORIENTED_EDGE('',*,*,#2419,.T.);
#2419 = EDGE_CURVE('',#2420,#2420,#2422,.T.);
#2420 = VERTEX_POINT('',#2421);
#2421 = CARTESIAN_POINT('',(124.165637,-112.150991,1.6));
#2422 = CIRCLE('',#2423,0.65);
#2423 = AXIS2_PLACEMENT_3D('',#2424,#2425,#2426);
#2424 = CARTESIAN_POINT('',(124.165637,-111.500991,1.6));
#2425 = DIRECTION('',(-0.,0.,-1.));
#2426 = DIRECTION('',(-0.,-1.,0.));
#2427 = FACE_BOUND('',#2428,.T.);
#2428 = EDGE_LOOP('',(#2429));
#2429 = ORIENTED_EDGE('',*,*,#2430,.T.);
#2430 = EDGE_CURVE('',#2431,#2431,#2433,.T.);
#2431 = VERTEX_POINT('',#2432);
#2432 = CARTESIAN_POINT('',(127.165637,-112.150991,1.6));
#2433 = CIRCLE('',#2434,0.65);
#2434 = AXIS2_PLACEMENT_3D('',#2435,#2436,#2437);
#2435 = CARTESIAN_POINT('',(127.165637,-111.500991,1.6));
#2436 = DIRECTION('',(-0.,0.,-1.));
#2437 = DIRECTION('',(-0.,-1.,0.));
#2438 = FACE_BOUND('',#2439,.T.);
#2439 = EDGE_LOOP('',(#2440));
#2440 = ORIENTED_EDGE('',*,*,#2441,.T.);
#2441 = EDGE_CURVE('',#2442,#2442,#2444,.T.);
#2442 = VERTEX_POINT('',#2443);
#2443 = CARTESIAN_POINT('',(131.665637,-117.650991,1.6));
#2444 = CIRCLE('',#2445,0.65);
#2445 = AXIS2_PLACEMENT_3D('',#2446,#2447,#2448);
#2446 = CARTESIAN_POINT('',(131.665637,-117.000991,1.6));
#2447 = DIRECTION('',(-0.,0.,-1.));
#2448 = DIRECTION('',(-0.,-1.,0.));
#2449 = FACE_BOUND('',#2450,.T.);
#2450 = EDGE_LOOP('',(#2451));
#2451 = ORIENTED_EDGE('',*,*,#2452,.T.);
#2452 = EDGE_CURVE('',#2453,#2453,#2455,.T.);
#2453 = VERTEX_POINT('',#2454);
#2454 = CARTESIAN_POINT('',(134.665637,-117.650991,1.6));
#2455 = CIRCLE('',#2456,0.65);
#2456 = AXIS2_PLACEMENT_3D('',#2457,#2458,#2459);
#2457 = CARTESIAN_POINT('',(134.665637,-117.000991,1.6));
#2458 = DIRECTION('',(-0.,0.,-1.));
#2459 = DIRECTION('',(-0.,-1.,0.));
#2460 = FACE_BOUND('',#2461,.T.);
#2461 = EDGE_LOOP('',(#2462));
#2462 = ORIENTED_EDGE('',*,*,#2463,.T.);
#2463 = EDGE_CURVE('',#2464,#2464,#2466,.T.);
#2464 = VERTEX_POINT('',#2465);
#2465 = CARTESIAN_POINT('',(131.665637,-114.650991,1.6));
#2466 = CIRCLE('',#2467,0.65);
#2467 = AXIS2_PLACEMENT_3D('',#2468,#2469,#2470);
#2468 = CARTESIAN_POINT('',(131.665637,-114.000991,1.6));
#2469 = DIRECTION('',(-0.,0.,-1.));
#2470 = DIRECTION('',(-0.,-1.,0.));
#2471 = FACE_BOUND('',#2472,.T.);
#2472 = EDGE_LOOP('',(#2473));
#2473 = ORIENTED_EDGE('',*,*,#2474,.T.);
#2474 = EDGE_CURVE('',#2475,#2475,#2477,.T.);
#2475 = VERTEX_POINT('',#2476);
#2476 = CARTESIAN_POINT('',(134.665637,-114.650991,1.6));
#2477 = CIRCLE('',#2478,0.65);
#2478 = AXIS2_PLACEMENT_3D('',#2479,#2480,#2481);
#2479 = CARTESIAN_POINT('',(134.665637,-114.000991,1.6));
#2480 = DIRECTION('',(-0.,0.,-1.));
#2481 = DIRECTION('',(-0.,-1.,0.));
#2482 = FACE_BOUND('',#2483,.T.);
#2483 = EDGE_LOOP('',(#2484));
#2484 = ORIENTED_EDGE('',*,*,#2485,.T.);
#2485 = EDGE_CURVE('',#2486,#2486,#2488,.T.);
#2486 = VERTEX_POINT('',#2487);
#2487 = CARTESIAN_POINT('',(130.165637,-112.150991,1.6));
#2488 = CIRCLE('',#2489,0.65);
#2489 = AXIS2_PLACEMENT_3D('',#2490,#2491,#2492);
#2490 = CARTESIAN_POINT('',(130.165637,-111.500991,1.6));
#2491 = DIRECTION('',(-0.,0.,-1.));
#2492 = DIRECTION('',(-0.,-1.,0.));
#2493 = FACE_BOUND('',#2494,.T.);
#2494 = EDGE_LOOP('',(#2495));
#2495 = ORIENTED_EDGE('',*,*,#2496,.T.);
#2496 = EDGE_CURVE('',#2497,#2497,#2499,.T.);
#2497 = VERTEX_POINT('',#2498);
#2498 = CARTESIAN_POINT('',(133.165637,-112.150991,1.6));
#2499 = CIRCLE('',#2500,0.65);
#2500 = AXIS2_PLACEMENT_3D('',#2501,#2502,#2503);
#2501 = CARTESIAN_POINT('',(133.165637,-111.500991,1.6));
#2502 = DIRECTION('',(-0.,0.,-1.));
#2503 = DIRECTION('',(-0.,-1.,0.));
#2504 = FACE_BOUND('',#2505,.T.);
#2505 = EDGE_LOOP('',(#2506));
#2506 = ORIENTED_EDGE('',*,*,#2507,.T.);
#2507 = EDGE_CURVE('',#2508,#2508,#2510,.T.);
#2508 = VERTEX_POINT('',#2509);
#2509 = CARTESIAN_POINT('',(136.165637,-112.150991,1.6));
#2510 = CIRCLE('',#2511,0.65);
#2511 = AXIS2_PLACEMENT_3D('',#2512,#2513,#2514);
#2512 = CARTESIAN_POINT('',(136.165637,-111.500991,1.6));
#2513 = DIRECTION('',(-0.,0.,-1.));
#2514 = DIRECTION('',(-0.,-1.,0.));
#2515 = FACE_BOUND('',#2516,.T.);
#2516 = EDGE_LOOP('',(#2517));
#2517 = ORIENTED_EDGE('',*,*,#2518,.T.);
#2518 = EDGE_CURVE('',#2519,#2519,#2521,.T.);
#2519 = VERTEX_POINT('',#2520);
#2520 = CARTESIAN_POINT('',(109.431588,-103.085757,1.6));
#2521 = CIRCLE('',#2522,1.85);
#2522 = AXIS2_PLACEMENT_3D('',#2523,#2524,#2525);
#2523 = CARTESIAN_POINT('',(109.431588,-101.235757,1.6));
#2524 = DIRECTION('',(-0.,0.,-1.));
#2525 = DIRECTION('',(-0.,-1.,0.));
#2526 = FACE_BOUND('',#2527,.T.);
#2527 = EDGE_LOOP('',(#2528));
#2528 = ORIENTED_EDGE('',*,*,#2529,.T.);
#2529 = EDGE_CURVE('',#2530,#2530,#2532,.T.);
#2530 = VERTEX_POINT('',#2531);
#2531 = CARTESIAN_POINT('',(81.087133,-95.620991,1.6));
#2532 = CIRCLE('',#2533,1.85);
#2533 = AXIS2_PLACEMENT_3D('',#2534,#2535,#2536);
#2534 = CARTESIAN_POINT('',(81.087133,-93.770991,1.6));
#2535 = DIRECTION('',(-0.,0.,-1.));
#2536 = DIRECTION('',(-0.,-1.,0.));
#2537 = FACE_BOUND('',#2538,.T.);
#2538 = EDGE_LOOP('',(#2539));
#2539 = ORIENTED_EDGE('',*,*,#2540,.T.);
#2540 = EDGE_CURVE('',#2541,#2541,#2543,.T.);
#2541 = VERTEX_POINT('',#2542);
#2542 = CARTESIAN_POINT('',(86.39,-90.30245,1.6));
#2543 = CIRCLE('',#2544,1.18745);
#2544 = AXIS2_PLACEMENT_3D('',#2545,#2546,#2547);
#2545 = CARTESIAN_POINT('',(86.39,-89.115,1.6));
#2546 = DIRECTION('',(-0.,0.,-1.));
#2547 = DIRECTION('',(-0.,-1.,0.));
#2548 = FACE_BOUND('',#2549,.T.);
#2549 = EDGE_LOOP('',(#2550));
#2550 = ORIENTED_EDGE('',*,*,#2551,.T.);
#2551 = EDGE_CURVE('',#2552,#2552,#2554,.T.);
#2552 = VERTEX_POINT('',#2553);
#2553 = CARTESIAN_POINT('',(89.565,-90.30245,1.6));
#2554 = CIRCLE('',#2555,1.18745);
#2555 = AXIS2_PLACEMENT_3D('',#2556,#2557,#2558);
#2556 = CARTESIAN_POINT('',(89.565,-89.115,1.6));
#2557 = DIRECTION('',(-0.,0.,-1.));
#2558 = DIRECTION('',(-0.,-1.,0.));
#2559 = FACE_BOUND('',#2560,.T.);
#2560 = EDGE_LOOP('',(#2561));
#2561 = ORIENTED_EDGE('',*,*,#2562,.T.);
#2562 = EDGE_CURVE('',#2563,#2563,#2565,.T.);
#2563 = VERTEX_POINT('',#2564);
#2564 = CARTESIAN_POINT('',(86.39,-87.0703,1.6));
#2565 = CIRCLE('',#2566,0.4953);
#2566 = AXIS2_PLACEMENT_3D('',#2567,#2568,#2569);
#2567 = CARTESIAN_POINT('',(86.39,-86.575,1.6));
#2568 = DIRECTION('',(-0.,0.,-1.));
#2569 = DIRECTION('',(-0.,-1.,0.));
#2570 = FACE_BOUND('',#2571,.T.);
#2571 = EDGE_LOOP('',(#2572));
#2572 = ORIENTED_EDGE('',*,*,#2573,.T.);
#2573 = EDGE_CURVE('',#2574,#2574,#2576,.T.);
#2574 = VERTEX_POINT('',#2575);
#2575 = CARTESIAN_POINT('',(91.47,-88.0863,1.6));
#2576 = CIRCLE('',#2577,0.4953);
#2577 = AXIS2_PLACEMENT_3D('',#2578,#2579,#2580);
#2578 = CARTESIAN_POINT('',(91.47,-87.591,1.6));
#2579 = DIRECTION('',(-0.,0.,-1.));
#2580 = DIRECTION('',(-0.,-1.,0.));
#2581 = FACE_BOUND('',#2582,.T.);
#2582 = EDGE_LOOP('',(#2583));
#2583 = ORIENTED_EDGE('',*,*,#2584,.T.);
#2584 = EDGE_CURVE('',#2585,#2585,#2587,.T.);
#2585 = VERTEX_POINT('',#2586);
#2586 = CARTESIAN_POINT('',(91.47,-86.0543,1.6));
#2587 = CIRCLE('',#2588,0.4953);
#2588 = AXIS2_PLACEMENT_3D('',#2589,#2590,#2591);
#2589 = CARTESIAN_POINT('',(91.47,-85.559,1.6));
#2590 = DIRECTION('',(-0.,0.,-1.));
#2591 = DIRECTION('',(-0.,-1.,0.));
#2592 = FACE_BOUND('',#2593,.T.);
#2593 = EDGE_LOOP('',(#2594));
#2594 = ORIENTED_EDGE('',*,*,#2595,.T.);
#2595 = EDGE_CURVE('',#2596,#2596,#2598,.T.);
#2596 = VERTEX_POINT('',#2597);
#2597 = CARTESIAN_POINT('',(99.173133,-95.620991,1.6));
#2598 = CIRCLE('',#2599,1.85);
#2599 = AXIS2_PLACEMENT_3D('',#2600,#2601,#2602);
#2600 = CARTESIAN_POINT('',(99.173133,-93.770991,1.6));
#2601 = DIRECTION('',(-0.,0.,-1.));
#2602 = DIRECTION('',(-0.,-1.,0.));
#2603 = FACE_BOUND('',#2604,.T.);
#2604 = EDGE_LOOP('',(#2605));
#2605 = ORIENTED_EDGE('',*,*,#2606,.T.);
#2606 = EDGE_CURVE('',#2607,#2607,#2609,.T.);
#2607 = VERTEX_POINT('',#2608);
#2608 = CARTESIAN_POINT('',(99.15,-88.01,1.6));
#2609 = CIRCLE('',#2610,0.51);
#2610 = AXIS2_PLACEMENT_3D('',#2611,#2612,#2613);
#2611 = CARTESIAN_POINT('',(99.15,-87.5,1.6));
#2612 = DIRECTION('',(-0.,0.,-1.));
#2613 = DIRECTION('',(-0.,-1.,0.));
#2614 = FACE_BOUND('',#2615,.T.);
#2615 = EDGE_LOOP('',(#2616));
#2616 = ORIENTED_EDGE('',*,*,#2617,.T.);
#2617 = EDGE_CURVE('',#2618,#2618,#2620,.T.);
#2618 = VERTEX_POINT('',#2619);
#2619 = CARTESIAN_POINT('',(117.901588,-99.930757,1.6));
#2620 = CIRCLE('',#2621,0.71);
#2621 = AXIS2_PLACEMENT_3D('',#2622,#2623,#2624);
#2622 = CARTESIAN_POINT('',(117.901588,-99.220757,1.6));
#2623 = DIRECTION('',(-0.,0.,-1.));
#2624 = DIRECTION('',(-0.,-1.,0.));
#2625 = FACE_BOUND('',#2626,.T.);
#2626 = EDGE_LOOP('',(#2627));
#2627 = ORIENTED_EDGE('',*,*,#2628,.T.);
#2628 = EDGE_CURVE('',#2629,#2629,#2631,.T.);
#2629 = VERTEX_POINT('',#2630);
#2630 = CARTESIAN_POINT('',(132.511588,-99.930757,1.6));
#2631 = CIRCLE('',#2632,0.71);
#2632 = AXIS2_PLACEMENT_3D('',#2633,#2634,#2635);
#2633 = CARTESIAN_POINT('',(132.511588,-99.220757,1.6));
#2634 = DIRECTION('',(-0.,0.,-1.));
#2635 = DIRECTION('',(-4.003057666254E-14,-1.,0.));
#2636 = FACE_BOUND('',#2637,.T.);
#2637 = EDGE_LOOP('',(#2638));
#2638 = ORIENTED_EDGE('',*,*,#2639,.T.);
#2639 = EDGE_CURVE('',#2640,#2640,#2642,.T.);
#2640 = VERTEX_POINT('',#2641);
#2641 = CARTESIAN_POINT('',(140.419588,-103.085757,1.6));
#2642 = CIRCLE('',#2643,1.85);
#2643 = AXIS2_PLACEMENT_3D('',#2644,#2645,#2646);
#2644 = CARTESIAN_POINT('',(140.419588,-101.235757,1.6));
#2645 = DIRECTION('',(-0.,0.,-1.));
#2646 = DIRECTION('',(-0.,-1.,0.));
#2647 = FACE_BOUND('',#2648,.T.);
#2648 = EDGE_LOOP('',(#2649));
#2649 = ORIENTED_EDGE('',*,*,#2650,.T.);
#2650 = EDGE_CURVE('',#2651,#2651,#2653,.T.);
#2651 = VERTEX_POINT('',#2652);
#2652 = CARTESIAN_POINT('',(152.115637,-127.650991,1.6));
#2653 = CIRCLE('',#2654,1.65);
#2654 = AXIS2_PLACEMENT_3D('',#2655,#2656,#2657);
#2655 = CARTESIAN_POINT('',(152.115637,-126.000991,1.6));
#2656 = DIRECTION('',(-0.,0.,-1.));
#2657 = DIRECTION('',(-0.,-1.,0.));
#2658 = FACE_BOUND('',#2659,.T.);
#2659 = EDGE_LOOP('',(#2660));
#2660 = ORIENTED_EDGE('',*,*,#2661,.T.);
#2661 = EDGE_CURVE('',#2662,#2662,#2664,.T.);
#2662 = VERTEX_POINT('',#2663);
#2663 = CARTESIAN_POINT('',(159.365637,-120.150991,1.6));
#2664 = CIRCLE('',#2665,0.65);
#2665 = AXIS2_PLACEMENT_3D('',#2666,#2667,#2668);
#2666 = CARTESIAN_POINT('',(159.365637,-119.500991,1.6));
#2667 = DIRECTION('',(-0.,0.,-1.));
#2668 = DIRECTION('',(-0.,-1.,0.));
#2669 = FACE_BOUND('',#2670,.T.);
#2670 = EDGE_LOOP('',(#2671));
#2671 = ORIENTED_EDGE('',*,*,#2672,.T.);
#2672 = EDGE_CURVE('',#2673,#2673,#2675,.T.);
#2673 = VERTEX_POINT('',#2674);
#2674 = CARTESIAN_POINT('',(162.365637,-120.150991,1.6));
#2675 = CIRCLE('',#2676,0.65);
#2676 = AXIS2_PLACEMENT_3D('',#2677,#2678,#2679);
#2677 = CARTESIAN_POINT('',(162.365637,-119.500991,1.6));
#2678 = DIRECTION('',(-0.,0.,-1.));
#2679 = DIRECTION('',(-0.,-1.,0.));
#2680 = FACE_BOUND('',#2681,.T.);
#2681 = EDGE_LOOP('',(#2682));
#2682 = ORIENTED_EDGE('',*,*,#2683,.T.);
#2683 = EDGE_CURVE('',#2684,#2684,#2686,.T.);
#2684 = VERTEX_POINT('',#2685);
#2685 = CARTESIAN_POINT('',(165.365637,-120.150991,1.6));
#2686 = CIRCLE('',#2687,0.65);
#2687 = AXIS2_PLACEMENT_3D('',#2688,#2689,#2690);
#2688 = CARTESIAN_POINT('',(165.365637,-119.500991,1.6));
#2689 = DIRECTION('',(-0.,0.,-1.));
#2690 = DIRECTION('',(-0.,-1.,0.));
#2691 = FACE_BOUND('',#2692,.T.);
#2692 = EDGE_LOOP('',(#2693));
#2693 = ORIENTED_EDGE('',*,*,#2694,.T.);
#2694 = EDGE_CURVE('',#2695,#2695,#2697,.T.);
#2695 = VERTEX_POINT('',#2696);
#2696 = CARTESIAN_POINT('',(168.365637,-120.150991,1.6));
#2697 = CIRCLE('',#2698,0.65);
#2698 = AXIS2_PLACEMENT_3D('',#2699,#2700,#2701);
#2699 = CARTESIAN_POINT('',(168.365637,-119.500991,1.6));
#2700 = DIRECTION('',(-0.,0.,-1.));
#2701 = DIRECTION('',(-0.,-1.,0.));
#2702 = FACE_BOUND('',#2703,.T.);
#2703 = EDGE_LOOP('',(#2704));
#2704 = ORIENTED_EDGE('',*,*,#2705,.T.);
#2705 = EDGE_CURVE('',#2706,#2706,#2708,.T.);
#2706 = VERTEX_POINT('',#2707);
#2707 = CARTESIAN_POINT('',(171.365637,-120.150991,1.6));
#2708 = CIRCLE('',#2709,0.65);
#2709 = AXIS2_PLACEMENT_3D('',#2710,#2711,#2712);
#2710 = CARTESIAN_POINT('',(171.365637,-119.500991,1.6));
#2711 = DIRECTION('',(-0.,0.,-1.));
#2712 = DIRECTION('',(-0.,-1.,0.));
#2713 = FACE_BOUND('',#2714,.T.);
#2714 = EDGE_LOOP('',(#2715));
#2715 = ORIENTED_EDGE('',*,*,#2716,.T.);
#2716 = EDGE_CURVE('',#2717,#2717,#2719,.T.);
#2717 = VERTEX_POINT('',#2718);
#2718 = CARTESIAN_POINT('',(174.365637,-120.150991,1.6));
#2719 = CIRCLE('',#2720,0.65);
#2720 = AXIS2_PLACEMENT_3D('',#2721,#2722,#2723);
#2721 = CARTESIAN_POINT('',(174.365637,-119.500991,1.6));
#2722 = DIRECTION('',(-0.,0.,-1.));
#2723 = DIRECTION('',(-0.,-1.,0.));
#2724 = FACE_BOUND('',#2725,.T.);
#2725 = EDGE_LOOP('',(#2726));
#2726 = ORIENTED_EDGE('',*,*,#2727,.T.);
#2727 = EDGE_CURVE('',#2728,#2728,#2730,.T.);
#2728 = VERTEX_POINT('',#2729);
#2729 = CARTESIAN_POINT('',(177.365637,-120.150991,1.6));
#2730 = CIRCLE('',#2731,0.65);
#2731 = AXIS2_PLACEMENT_3D('',#2732,#2733,#2734);
#2732 = CARTESIAN_POINT('',(177.365637,-119.500991,1.6));
#2733 = DIRECTION('',(-0.,0.,-1.));
#2734 = DIRECTION('',(-0.,-1.,0.));
#2735 = FACE_BOUND('',#2736,.T.);
#2736 = EDGE_LOOP('',(#2737));
#2737 = ORIENTED_EDGE('',*,*,#2738,.T.);
#2738 = EDGE_CURVE('',#2739,#2739,#2741,.T.);
#2739 = VERTEX_POINT('',#2740);
#2740 = CARTESIAN_POINT('',(180.365637,-120.150991,1.6));
#2741 = CIRCLE('',#2742,0.65);
#2742 = AXIS2_PLACEMENT_3D('',#2743,#2744,#2745);
#2743 = CARTESIAN_POINT('',(180.365637,-119.500991,1.6));
#2744 = DIRECTION('',(-0.,0.,-1.));
#2745 = DIRECTION('',(-0.,-1.,0.));
#2746 = FACE_BOUND('',#2747,.T.);
#2747 = EDGE_LOOP('',(#2748));
#2748 = ORIENTED_EDGE('',*,*,#2749,.T.);
#2749 = EDGE_CURVE('',#2750,#2750,#2752,.T.);
#2750 = VERTEX_POINT('',#2751);
#2751 = CARTESIAN_POINT('',(183.365637,-120.150991,1.6));
#2752 = CIRCLE('',#2753,0.65);
#2753 = AXIS2_PLACEMENT_3D('',#2754,#2755,#2756);
#2754 = CARTESIAN_POINT('',(183.365637,-119.500991,1.6));
#2755 = DIRECTION('',(-0.,0.,-1.));
#2756 = DIRECTION('',(-0.,-1.,0.));
#2757 = FACE_BOUND('',#2758,.T.);
#2758 = EDGE_LOOP('',(#2759));
#2759 = ORIENTED_EDGE('',*,*,#2760,.T.);
#2760 = EDGE_CURVE('',#2761,#2761,#2763,.T.);
#2761 = VERTEX_POINT('',#2762);
#2762 = CARTESIAN_POINT('',(160.865637,-117.650991,1.6));
#2763 = CIRCLE('',#2764,0.65);
#2764 = AXIS2_PLACEMENT_3D('',#2765,#2766,#2767);
#2765 = CARTESIAN_POINT('',(160.865637,-117.000991,1.6));
#2766 = DIRECTION('',(-0.,0.,-1.));
#2767 = DIRECTION('',(-0.,-1.,0.));
#2768 = FACE_BOUND('',#2769,.T.);
#2769 = EDGE_LOOP('',(#2770));
#2770 = ORIENTED_EDGE('',*,*,#2771,.T.);
#2771 = EDGE_CURVE('',#2772,#2772,#2774,.T.);
#2772 = VERTEX_POINT('',#2773);
#2773 = CARTESIAN_POINT('',(163.865637,-117.650991,1.6));
#2774 = CIRCLE('',#2775,0.65);
#2775 = AXIS2_PLACEMENT_3D('',#2776,#2777,#2778);
#2776 = CARTESIAN_POINT('',(163.865637,-117.000991,1.6));
#2777 = DIRECTION('',(-0.,0.,-1.));
#2778 = DIRECTION('',(-0.,-1.,0.));
#2779 = FACE_BOUND('',#2780,.T.);
#2780 = EDGE_LOOP('',(#2781));
#2781 = ORIENTED_EDGE('',*,*,#2782,.T.);
#2782 = EDGE_CURVE('',#2783,#2783,#2785,.T.);
#2783 = VERTEX_POINT('',#2784);
#2784 = CARTESIAN_POINT('',(160.865637,-114.650991,1.6));
#2785 = CIRCLE('',#2786,0.65);
#2786 = AXIS2_PLACEMENT_3D('',#2787,#2788,#2789);
#2787 = CARTESIAN_POINT('',(160.865637,-114.000991,1.6));
#2788 = DIRECTION('',(-0.,0.,-1.));
#2789 = DIRECTION('',(-0.,-1.,0.));
#2790 = FACE_BOUND('',#2791,.T.);
#2791 = EDGE_LOOP('',(#2792));
#2792 = ORIENTED_EDGE('',*,*,#2793,.T.);
#2793 = EDGE_CURVE('',#2794,#2794,#2796,.T.);
#2794 = VERTEX_POINT('',#2795);
#2795 = CARTESIAN_POINT('',(163.865637,-114.650991,1.6));
#2796 = CIRCLE('',#2797,0.65);
#2797 = AXIS2_PLACEMENT_3D('',#2798,#2799,#2800);
#2798 = CARTESIAN_POINT('',(163.865637,-114.000991,1.6));
#2799 = DIRECTION('',(-0.,0.,-1.));
#2800 = DIRECTION('',(-0.,-1.,0.));
#2801 = FACE_BOUND('',#2802,.T.);
#2802 = EDGE_LOOP('',(#2803));
#2803 = ORIENTED_EDGE('',*,*,#2804,.T.);
#2804 = EDGE_CURVE('',#2805,#2805,#2807,.T.);
#2805 = VERTEX_POINT('',#2806);
#2806 = CARTESIAN_POINT('',(159.365637,-112.150991,1.6));
#2807 = CIRCLE('',#2808,0.65);
#2808 = AXIS2_PLACEMENT_3D('',#2809,#2810,#2811);
#2809 = CARTESIAN_POINT('',(159.365637,-111.500991,1.6));
#2810 = DIRECTION('',(-0.,0.,-1.));
#2811 = DIRECTION('',(-0.,-1.,0.));
#2812 = FACE_BOUND('',#2813,.T.);
#2813 = EDGE_LOOP('',(#2814));
#2814 = ORIENTED_EDGE('',*,*,#2815,.T.);
#2815 = EDGE_CURVE('',#2816,#2816,#2818,.T.);
#2816 = VERTEX_POINT('',#2817);
#2817 = CARTESIAN_POINT('',(162.365637,-112.150991,1.6));
#2818 = CIRCLE('',#2819,0.65);
#2819 = AXIS2_PLACEMENT_3D('',#2820,#2821,#2822);
#2820 = CARTESIAN_POINT('',(162.365637,-111.500991,1.6));
#2821 = DIRECTION('',(-0.,0.,-1.));
#2822 = DIRECTION('',(-0.,-1.,0.));
#2823 = FACE_BOUND('',#2824,.T.);
#2824 = EDGE_LOOP('',(#2825));
#2825 = ORIENTED_EDGE('',*,*,#2826,.T.);
#2826 = EDGE_CURVE('',#2827,#2827,#2829,.T.);
#2827 = VERTEX_POINT('',#2828);
#2828 = CARTESIAN_POINT('',(165.365637,-112.150991,1.6));
#2829 = CIRCLE('',#2830,0.65);
#2830 = AXIS2_PLACEMENT_3D('',#2831,#2832,#2833);
#2831 = CARTESIAN_POINT('',(165.365637,-111.500991,1.6));
#2832 = DIRECTION('',(-0.,0.,-1.));
#2833 = DIRECTION('',(-0.,-1.,0.));
#2834 = FACE_BOUND('',#2835,.T.);
#2835 = EDGE_LOOP('',(#2836));
#2836 = ORIENTED_EDGE('',*,*,#2837,.T.);
#2837 = EDGE_CURVE('',#2838,#2838,#2840,.T.);
#2838 = VERTEX_POINT('',#2839);
#2839 = CARTESIAN_POINT('',(166.865637,-117.650991,1.6));
#2840 = CIRCLE('',#2841,0.65);
#2841 = AXIS2_PLACEMENT_3D('',#2842,#2843,#2844);
#2842 = CARTESIAN_POINT('',(166.865637,-117.000991,1.6));
#2843 = DIRECTION('',(-0.,0.,-1.));
#2844 = DIRECTION('',(-0.,-1.,0.));
#2845 = FACE_BOUND('',#2846,.T.);
#2846 = EDGE_LOOP('',(#2847));
#2847 = ORIENTED_EDGE('',*,*,#2848,.T.);
#2848 = EDGE_CURVE('',#2849,#2849,#2851,.T.);
#2849 = VERTEX_POINT('',#2850);
#2850 = CARTESIAN_POINT('',(169.865637,-117.650991,1.6));
#2851 = CIRCLE('',#2852,0.65);
#2852 = AXIS2_PLACEMENT_3D('',#2853,#2854,#2855);
#2853 = CARTESIAN_POINT('',(169.865637,-117.000991,1.6));
#2854 = DIRECTION('',(-0.,0.,-1.));
#2855 = DIRECTION('',(-0.,-1.,0.));
#2856 = FACE_BOUND('',#2857,.T.);
#2857 = EDGE_LOOP('',(#2858));
#2858 = ORIENTED_EDGE('',*,*,#2859,.T.);
#2859 = EDGE_CURVE('',#2860,#2860,#2862,.T.);
#2860 = VERTEX_POINT('',#2861);
#2861 = CARTESIAN_POINT('',(172.865637,-117.650991,1.6));
#2862 = CIRCLE('',#2863,0.65);
#2863 = AXIS2_PLACEMENT_3D('',#2864,#2865,#2866);
#2864 = CARTESIAN_POINT('',(172.865637,-117.000991,1.6));
#2865 = DIRECTION('',(-0.,0.,-1.));
#2866 = DIRECTION('',(-0.,-1.,0.));
#2867 = FACE_BOUND('',#2868,.T.);
#2868 = EDGE_LOOP('',(#2869));
#2869 = ORIENTED_EDGE('',*,*,#2870,.T.);
#2870 = EDGE_CURVE('',#2871,#2871,#2873,.T.);
#2871 = VERTEX_POINT('',#2872);
#2872 = CARTESIAN_POINT('',(166.865637,-114.650991,1.6));
#2873 = CIRCLE('',#2874,0.65);
#2874 = AXIS2_PLACEMENT_3D('',#2875,#2876,#2877);
#2875 = CARTESIAN_POINT('',(166.865637,-114.000991,1.6));
#2876 = DIRECTION('',(-0.,0.,-1.));
#2877 = DIRECTION('',(-0.,-1.,0.));
#2878 = FACE_BOUND('',#2879,.T.);
#2879 = EDGE_LOOP('',(#2880));
#2880 = ORIENTED_EDGE('',*,*,#2881,.T.);
#2881 = EDGE_CURVE('',#2882,#2882,#2884,.T.);
#2882 = VERTEX_POINT('',#2883);
#2883 = CARTESIAN_POINT('',(169.865637,-114.650991,1.6));
#2884 = CIRCLE('',#2885,0.65);
#2885 = AXIS2_PLACEMENT_3D('',#2886,#2887,#2888);
#2886 = CARTESIAN_POINT('',(169.865637,-114.000991,1.6));
#2887 = DIRECTION('',(-0.,0.,-1.));
#2888 = DIRECTION('',(-0.,-1.,0.));
#2889 = FACE_BOUND('',#2890,.T.);
#2890 = EDGE_LOOP('',(#2891));
#2891 = ORIENTED_EDGE('',*,*,#2892,.T.);
#2892 = EDGE_CURVE('',#2893,#2893,#2895,.T.);
#2893 = VERTEX_POINT('',#2894);
#2894 = CARTESIAN_POINT('',(172.865637,-114.650991,1.6));
#2895 = CIRCLE('',#2896,0.65);
#2896 = AXIS2_PLACEMENT_3D('',#2897,#2898,#2899);
#2897 = CARTESIAN_POINT('',(172.865637,-114.000991,1.6));
#2898 = DIRECTION('',(-0.,0.,-1.));
#2899 = DIRECTION('',(-0.,-1.,0.));
#2900 = FACE_BOUND('',#2901,.T.);
#2901 = EDGE_LOOP('',(#2902));
#2902 = ORIENTED_EDGE('',*,*,#2903,.T.);
#2903 = EDGE_CURVE('',#2904,#2904,#2906,.T.);
#2904 = VERTEX_POINT('',#2905);
#2905 = CARTESIAN_POINT('',(175.865637,-117.650991,1.6));
#2906 = CIRCLE('',#2907,0.65);
#2907 = AXIS2_PLACEMENT_3D('',#2908,#2909,#2910);
#2908 = CARTESIAN_POINT('',(175.865637,-117.000991,1.6));
#2909 = DIRECTION('',(-0.,0.,-1.));
#2910 = DIRECTION('',(-0.,-1.,0.));
#2911 = FACE_BOUND('',#2912,.T.);
#2912 = EDGE_LOOP('',(#2913));
#2913 = ORIENTED_EDGE('',*,*,#2914,.T.);
#2914 = EDGE_CURVE('',#2915,#2915,#2917,.T.);
#2915 = VERTEX_POINT('',#2916);
#2916 = CARTESIAN_POINT('',(178.865637,-117.650991,1.6));
#2917 = CIRCLE('',#2918,0.65);
#2918 = AXIS2_PLACEMENT_3D('',#2919,#2920,#2921);
#2919 = CARTESIAN_POINT('',(178.865637,-117.000991,1.6));
#2920 = DIRECTION('',(-0.,0.,-1.));
#2921 = DIRECTION('',(-0.,-1.,0.));
#2922 = FACE_BOUND('',#2923,.T.);
#2923 = EDGE_LOOP('',(#2924));
#2924 = ORIENTED_EDGE('',*,*,#2925,.T.);
#2925 = EDGE_CURVE('',#2926,#2926,#2928,.T.);
#2926 = VERTEX_POINT('',#2927);
#2927 = CARTESIAN_POINT('',(181.865637,-117.650991,1.6));
#2928 = CIRCLE('',#2929,0.65);
#2929 = AXIS2_PLACEMENT_3D('',#2930,#2931,#2932);
#2930 = CARTESIAN_POINT('',(181.865637,-117.000991,1.6));
#2931 = DIRECTION('',(-0.,0.,-1.));
#2932 = DIRECTION('',(-0.,-1.,0.));
#2933 = FACE_BOUND('',#2934,.T.);
#2934 = EDGE_LOOP('',(#2935));
#2935 = ORIENTED_EDGE('',*,*,#2936,.T.);
#2936 = EDGE_CURVE('',#2937,#2937,#2939,.T.);
#2937 = VERTEX_POINT('',#2938);
#2938 = CARTESIAN_POINT('',(175.865637,-114.650991,1.6));
#2939 = CIRCLE('',#2940,0.65);
#2940 = AXIS2_PLACEMENT_3D('',#2941,#2942,#2943);
#2941 = CARTESIAN_POINT('',(175.865637,-114.000991,1.6));
#2942 = DIRECTION('',(-0.,0.,-1.));
#2943 = DIRECTION('',(-0.,-1.,0.));
#2944 = FACE_BOUND('',#2945,.T.);
#2945 = EDGE_LOOP('',(#2946));
#2946 = ORIENTED_EDGE('',*,*,#2947,.T.);
#2947 = EDGE_CURVE('',#2948,#2948,#2950,.T.);
#2948 = VERTEX_POINT('',#2949);
#2949 = CARTESIAN_POINT('',(178.865637,-114.650991,1.6));
#2950 = CIRCLE('',#2951,0.65);
#2951 = AXIS2_PLACEMENT_3D('',#2952,#2953,#2954);
#2952 = CARTESIAN_POINT('',(178.865637,-114.000991,1.6));
#2953 = DIRECTION('',(-0.,0.,-1.));
#2954 = DIRECTION('',(-0.,-1.,0.));
#2955 = FACE_BOUND('',#2956,.T.);
#2956 = EDGE_LOOP('',(#2957));
#2957 = ORIENTED_EDGE('',*,*,#2958,.T.);
#2958 = EDGE_CURVE('',#2959,#2959,#2961,.T.);
#2959 = VERTEX_POINT('',#2960);
#2960 = CARTESIAN_POINT('',(181.865637,-114.650991,1.6));
#2961 = CIRCLE('',#2962,0.65);
#2962 = AXIS2_PLACEMENT_3D('',#2963,#2964,#2965);
#2963 = CARTESIAN_POINT('',(181.865637,-114.000991,1.6));
#2964 = DIRECTION('',(-0.,0.,-1.));
#2965 = DIRECTION('',(-0.,-1.,0.));
#2966 = FACE_BOUND('',#2967,.T.);
#2967 = EDGE_LOOP('',(#2968));
#2968 = ORIENTED_EDGE('',*,*,#2969,.T.);
#2969 = EDGE_CURVE('',#2970,#2970,#2972,.T.);
#2970 = VERTEX_POINT('',#2971);
#2971 = CARTESIAN_POINT('',(168.365637,-112.150991,1.6));
#2972 = CIRCLE('',#2973,0.65);
#2973 = AXIS2_PLACEMENT_3D('',#2974,#2975,#2976);
#2974 = CARTESIAN_POINT('',(168.365637,-111.500991,1.6));
#2975 = DIRECTION('',(-0.,0.,-1.));
#2976 = DIRECTION('',(-0.,-1.,0.));
#2977 = FACE_BOUND('',#2978,.T.);
#2978 = EDGE_LOOP('',(#2979));
#2979 = ORIENTED_EDGE('',*,*,#2980,.T.);
#2980 = EDGE_CURVE('',#2981,#2981,#2983,.T.);
#2981 = VERTEX_POINT('',#2982);
#2982 = CARTESIAN_POINT('',(171.365637,-112.150991,1.6));
#2983 = CIRCLE('',#2984,0.65);
#2984 = AXIS2_PLACEMENT_3D('',#2985,#2986,#2987);
#2985 = CARTESIAN_POINT('',(171.365637,-111.500991,1.6));
#2986 = DIRECTION('',(-0.,0.,-1.));
#2987 = DIRECTION('',(-0.,-1.,0.));
#2988 = FACE_BOUND('',#2989,.T.);
#2989 = EDGE_LOOP('',(#2990));
#2990 = ORIENTED_EDGE('',*,*,#2991,.T.);
#2991 = EDGE_CURVE('',#2992,#2992,#2994,.T.);
#2992 = VERTEX_POINT('',#2993);
#2993 = CARTESIAN_POINT('',(174.365637,-112.150991,1.6));
#2994 = CIRCLE('',#2995,0.65);
#2995 = AXIS2_PLACEMENT_3D('',#2996,#2997,#2998);
#2996 = CARTESIAN_POINT('',(174.365637,-111.500991,1.6));
#2997 = DIRECTION('',(-0.,0.,-1.));
#2998 = DIRECTION('',(-0.,-1.,0.));
#2999 = FACE_BOUND('',#3000,.T.);
#3000 = EDGE_LOOP('',(#3001));
#3001 = ORIENTED_EDGE('',*,*,#3002,.T.);
#3002 = EDGE_CURVE('',#3003,#3003,#3005,.T.);
#3003 = VERTEX_POINT('',#3004);
#3004 = CARTESIAN_POINT('',(177.365637,-112.150991,1.6));
#3005 = CIRCLE('',#3006,0.65);
#3006 = AXIS2_PLACEMENT_3D('',#3007,#3008,#3009);
#3007 = CARTESIAN_POINT('',(177.365637,-111.500991,1.6));
#3008 = DIRECTION('',(-0.,0.,-1.));
#3009 = DIRECTION('',(-0.,-1.,0.));
#3010 = FACE_BOUND('',#3011,.T.);
#3011 = EDGE_LOOP('',(#3012));
#3012 = ORIENTED_EDGE('',*,*,#3013,.T.);
#3013 = EDGE_CURVE('',#3014,#3014,#3016,.T.);
#3014 = VERTEX_POINT('',#3015);
#3015 = CARTESIAN_POINT('',(180.365637,-112.150991,1.6));
#3016 = CIRCLE('',#3017,0.65);
#3017 = AXIS2_PLACEMENT_3D('',#3018,#3019,#3020);
#3018 = CARTESIAN_POINT('',(180.365637,-111.500991,1.6));
#3019 = DIRECTION('',(-0.,0.,-1.));
#3020 = DIRECTION('',(-0.,-1.,0.));
#3021 = FACE_BOUND('',#3022,.T.);
#3022 = EDGE_LOOP('',(#3023));
#3023 = ORIENTED_EDGE('',*,*,#3024,.T.);
#3024 = EDGE_CURVE('',#3025,#3025,#3027,.T.);
#3025 = VERTEX_POINT('',#3026);
#3026 = CARTESIAN_POINT('',(183.365637,-112.150991,1.6));
#3027 = CIRCLE('',#3028,0.65);
#3028 = AXIS2_PLACEMENT_3D('',#3029,#3030,#3031);
#3029 = CARTESIAN_POINT('',(183.365637,-111.500991,1.6));
#3030 = DIRECTION('',(-0.,0.,-1.));
#3031 = DIRECTION('',(-0.,-1.,0.));
#3032 = FACE_BOUND('',#3033,.T.);
#3033 = EDGE_LOOP('',(#3034));
#3034 = ORIENTED_EDGE('',*,*,#3035,.T.);
#3035 = EDGE_CURVE('',#3036,#3036,#3038,.T.);
#3036 = VERTEX_POINT('',#3037);
#3037 = CARTESIAN_POINT('',(190.615637,-127.650991,1.6));
#3038 = CIRCLE('',#3039,1.65);
#3039 = AXIS2_PLACEMENT_3D('',#3040,#3041,#3042);
#3040 = CARTESIAN_POINT('',(190.615637,-126.000991,1.6));
#3041 = DIRECTION('',(-0.,0.,-1.));
#3042 = DIRECTION('',(-0.,-1.,0.));
#3043 = FACE_BOUND('',#3044,.T.);
#3044 = EDGE_LOOP('',(#3045));
#3045 = ORIENTED_EDGE('',*,*,#3046,.T.);
#3046 = EDGE_CURVE('',#3047,#3047,#3049,.T.);
#3047 = VERTEX_POINT('',#3048);
#3048 = CARTESIAN_POINT('',(219.75,-127.81,1.6));
#3049 = CIRCLE('',#3050,1.6);
#3050 = AXIS2_PLACEMENT_3D('',#3051,#3052,#3053);
#3051 = CARTESIAN_POINT('',(219.75,-126.21,1.6));
#3052 = DIRECTION('',(-0.,0.,-1.));
#3053 = DIRECTION('',(-0.,-1.,0.));
#3054 = FACE_BOUND('',#3055,.T.);
#3055 = EDGE_LOOP('',(#3056));
#3056 = ORIENTED_EDGE('',*,*,#3057,.T.);
#3057 = EDGE_CURVE('',#3058,#3058,#3060,.T.);
#3058 = VERTEX_POINT('',#3059);
#3059 = CARTESIAN_POINT('',(208.,-112.58,1.6));
#3060 = CIRCLE('',#3061,3.2);
#3061 = AXIS2_PLACEMENT_3D('',#3062,#3063,#3064);
#3062 = CARTESIAN_POINT('',(208.,-109.38,1.6));
#3063 = DIRECTION('',(-0.,0.,-1.));
#3064 = DIRECTION('',(-0.,-1.,0.));
#3065 = FACE_BOUND('',#3066,.T.);
#3066 = EDGE_LOOP('',(#3067));
#3067 = ORIENTED_EDGE('',*,*,#3068,.T.);
#3068 = EDGE_CURVE('',#3069,#3069,#3071,.T.);
#3069 = VERTEX_POINT('',#3070);
#3070 = CARTESIAN_POINT('',(81.761133,-83.325991,1.6));
#3071 = CIRCLE('',#3072,0.7);
#3072 = AXIS2_PLACEMENT_3D('',#3073,#3074,#3075);
#3073 = CARTESIAN_POINT('',(81.761133,-82.625991,1.6));
#3074 = DIRECTION('',(-0.,0.,-1.));
#3075 = DIRECTION('',(-0.,-1.,0.));
#3076 = FACE_BOUND('',#3077,.T.);
#3077 = EDGE_LOOP('',(#3078));
#3078 = ORIENTED_EDGE('',*,*,#3079,.T.);
#3079 = EDGE_CURVE('',#3080,#3080,#3082,.T.);
#3080 = VERTEX_POINT('',#3081);
#3081 = CARTESIAN_POINT('',(86.39,-85.22245,1.6));
#3082 = CIRCLE('',#3083,1.18745);
#3083 = AXIS2_PLACEMENT_3D('',#3084,#3085,#3086);
#3084 = CARTESIAN_POINT('',(86.39,-84.035,1.6));
#3085 = DIRECTION('',(-0.,0.,-1.));
#3086 = DIRECTION('',(-0.,-1.,0.));
#3087 = FACE_BOUND('',#3088,.T.);
#3088 = EDGE_LOOP('',(#3089));
#3089 = ORIENTED_EDGE('',*,*,#3090,.T.);
#3090 = EDGE_CURVE('',#3091,#3091,#3093,.T.);
#3091 = VERTEX_POINT('',#3092);
#3092 = CARTESIAN_POINT('',(89.565,-85.22245,1.6));
#3093 = CIRCLE('',#3094,1.18745);
#3094 = AXIS2_PLACEMENT_3D('',#3095,#3096,#3097);
#3095 = CARTESIAN_POINT('',(89.565,-84.035,1.6));
#3096 = DIRECTION('',(-0.,0.,-1.));
#3097 = DIRECTION('',(-0.,-1.,0.));
#3098 = FACE_BOUND('',#3099,.T.);
#3099 = EDGE_LOOP('',(#3100));
#3100 = ORIENTED_EDGE('',*,*,#3101,.T.);
#3101 = EDGE_CURVE('',#3102,#3102,#3104,.T.);
#3102 = VERTEX_POINT('',#3103);
#3103 = CARTESIAN_POINT('',(81.761133,-76.341991,1.6));
#3104 = CIRCLE('',#3105,0.7);
#3105 = AXIS2_PLACEMENT_3D('',#3106,#3107,#3108);
#3106 = CARTESIAN_POINT('',(81.761133,-75.641991,1.6));
#3107 = DIRECTION('',(-0.,0.,-1.));
#3108 = DIRECTION('',(-0.,-1.,0.));
#3109 = FACE_BOUND('',#3110,.T.);
#3110 = EDGE_LOOP('',(#3111));
#3111 = ORIENTED_EDGE('',*,*,#3112,.T.);
#3112 = EDGE_CURVE('',#3113,#3113,#3115,.T.);
#3113 = VERTEX_POINT('',#3114);
#3114 = CARTESIAN_POINT('',(95.21,-85.01,1.6));
#3115 = CIRCLE('',#3116,0.51);
#3116 = AXIS2_PLACEMENT_3D('',#3117,#3118,#3119);
#3117 = CARTESIAN_POINT('',(95.21,-84.5,1.6));
#3118 = DIRECTION('',(-0.,0.,-1.));
#3119 = DIRECTION('',(-2.78644210102E-14,-1.,0.));
#3120 = FACE_BOUND('',#3121,.T.);
#3121 = EDGE_LOOP('',(#3122));
#3122 = ORIENTED_EDGE('',*,*,#3123,.T.);
#3123 = EDGE_CURVE('',#3124,#3124,#3126,.T.);
#3124 = VERTEX_POINT('',#3125);
#3125 = CARTESIAN_POINT('',(98.21,-85.01,1.6));
#3126 = CIRCLE('',#3127,0.51);
#3127 = AXIS2_PLACEMENT_3D('',#3128,#3129,#3130);
#3128 = CARTESIAN_POINT('',(98.21,-84.5,1.6));
#3129 = DIRECTION('',(-0.,0.,-1.));
#3130 = DIRECTION('',(-2.78644210102E-14,-1.,0.));
#3131 = FACE_BOUND('',#3132,.T.);
#3132 = EDGE_LOOP('',(#3133));
#3133 = ORIENTED_EDGE('',*,*,#3134,.T.);
#3134 = EDGE_CURVE('',#3135,#3135,#3137,.T.);
#3135 = VERTEX_POINT('',#3136);
#3136 = CARTESIAN_POINT('',(95.21,-82.01,1.6));
#3137 = CIRCLE('',#3138,0.51);
#3138 = AXIS2_PLACEMENT_3D('',#3139,#3140,#3141);
#3139 = CARTESIAN_POINT('',(95.21,-81.5,1.6));
#3140 = DIRECTION('',(-0.,0.,-1.));
#3141 = DIRECTION('',(-2.78644210102E-14,-1.,0.));
#3142 = FACE_BOUND('',#3143,.T.);
#3143 = EDGE_LOOP('',(#3144));
#3144 = ORIENTED_EDGE('',*,*,#3145,.T.);
#3145 = EDGE_CURVE('',#3146,#3146,#3148,.T.);
#3146 = VERTEX_POINT('',#3147);
#3147 = CARTESIAN_POINT('',(98.21,-82.01,1.6));
#3148 = CIRCLE('',#3149,0.51);
#3149 = AXIS2_PLACEMENT_3D('',#3150,#3151,#3152);
#3150 = CARTESIAN_POINT('',(98.21,-81.5,1.6));
#3151 = DIRECTION('',(-0.,0.,-1.));
#3152 = DIRECTION('',(-2.78644210102E-14,-1.,0.));
#3153 = FACE_BOUND('',#3154,.T.);
#3154 = EDGE_LOOP('',(#3155));
#3155 = ORIENTED_EDGE('',*,*,#3156,.T.);
#3156 = EDGE_CURVE('',#3157,#3157,#3159,.T.);
#3157 = VERTEX_POINT('',#3158);
#3158 = CARTESIAN_POINT('',(95.21,-79.01,1.6));
#3159 = CIRCLE('',#3160,0.51);
#3160 = AXIS2_PLACEMENT_3D('',#3161,#3162,#3163);
#3161 = CARTESIAN_POINT('',(95.21,-78.5,1.6));
#3162 = DIRECTION('',(-0.,0.,-1.));
#3163 = DIRECTION('',(-2.78644210102E-14,-1.,0.));
#3164 = FACE_BOUND('',#3165,.T.);
#3165 = EDGE_LOOP('',(#3166));
#3166 = ORIENTED_EDGE('',*,*,#3167,.T.);
#3167 = EDGE_CURVE('',#3168,#3168,#3170,.T.);
#3168 = VERTEX_POINT('',#3169);
#3169 = CARTESIAN_POINT('',(98.21,-79.01,1.6));
#3170 = CIRCLE('',#3171,0.51);
#3171 = AXIS2_PLACEMENT_3D('',#3172,#3173,#3174);
#3172 = CARTESIAN_POINT('',(98.21,-78.5,1.6));
#3173 = DIRECTION('',(-0.,0.,-1.));
#3174 = DIRECTION('',(-2.78644210102E-14,-1.,0.));
#3175 = FACE_BOUND('',#3176,.T.);
#3176 = EDGE_LOOP('',(#3177));
#3177 = ORIENTED_EDGE('',*,*,#3178,.T.);
#3178 = EDGE_CURVE('',#3179,#3179,#3181,.T.);
#3179 = VERTEX_POINT('',#3180);
#3180 = CARTESIAN_POINT('',(99.15,-76.01,1.6));
#3181 = CIRCLE('',#3182,0.51);
#3182 = AXIS2_PLACEMENT_3D('',#3183,#3184,#3185);
#3183 = CARTESIAN_POINT('',(99.15,-75.5,1.6));
#3184 = DIRECTION('',(-0.,0.,-1.));
#3185 = DIRECTION('',(-0.,-1.,0.));
#3186 = FACE_BOUND('',#3187,.T.);
#3187 = EDGE_LOOP('',(#3188));
#3188 = ORIENTED_EDGE('',*,*,#3189,.T.);
#3189 = EDGE_CURVE('',#3190,#3190,#3192,.T.);
#3190 = VERTEX_POINT('',#3191);
#3191 = CARTESIAN_POINT('',(81.087133,-71.470991,1.6));
#3192 = CIRCLE('',#3193,1.85);
#3193 = AXIS2_PLACEMENT_3D('',#3194,#3195,#3196);
#3194 = CARTESIAN_POINT('',(81.087133,-69.620991,1.6));
#3195 = DIRECTION('',(-0.,0.,-1.));
#3196 = DIRECTION('',(-0.,-1.,0.));
#3197 = FACE_BOUND('',#3198,.T.);
#3198 = EDGE_LOOP('',(#3199));
#3199 = ORIENTED_EDGE('',*,*,#3200,.T.);
#3200 = EDGE_CURVE('',#3201,#3201,#3203,.T.);
#3201 = VERTEX_POINT('',#3202);
#3202 = CARTESIAN_POINT('',(99.173133,-71.470991,1.6));
#3203 = CIRCLE('',#3204,1.85);
#3204 = AXIS2_PLACEMENT_3D('',#3205,#3206,#3207);
#3205 = CARTESIAN_POINT('',(99.173133,-69.620991,1.6));
#3206 = DIRECTION('',(-0.,0.,-1.));
#3207 = DIRECTION('',(-0.,-1.,0.));
#3208 = FACE_BOUND('',#3209,.T.);
#3209 = EDGE_LOOP('',(#3210));
#3210 = ORIENTED_EDGE('',*,*,#3211,.T.);
#3211 = EDGE_CURVE('',#3212,#3212,#3214,.T.);
#3212 = VERTEX_POINT('',#3213);
#3213 = CARTESIAN_POINT('',(109.431588,-72.097757,1.6));
#3214 = CIRCLE('',#3215,1.85);
#3215 = AXIS2_PLACEMENT_3D('',#3216,#3217,#3218);
#3216 = CARTESIAN_POINT('',(109.431588,-70.247757,1.6));
#3217 = DIRECTION('',(-0.,0.,-1.));
#3218 = DIRECTION('',(-0.,-1.,0.));
#3219 = FACE_BOUND('',#3220,.T.);
#3220 = EDGE_LOOP('',(#3221));
#3221 = ORIENTED_EDGE('',*,*,#3222,.T.);
#3222 = EDGE_CURVE('',#3223,#3223,#3225,.T.);
#3223 = VERTEX_POINT('',#3224);
#3224 = CARTESIAN_POINT('',(140.419588,-72.097757,1.6));
#3225 = CIRCLE('',#3226,1.85);
#3226 = AXIS2_PLACEMENT_3D('',#3227,#3228,#3229);
#3227 = CARTESIAN_POINT('',(140.419588,-70.247757,1.6));
#3228 = DIRECTION('',(-0.,0.,-1.));
#3229 = DIRECTION('',(-0.,-1.,0.));
#3230 = FACE_BOUND('',#3231,.T.);
#3231 = EDGE_LOOP('',(#3232));
#3232 = ORIENTED_EDGE('',*,*,#3233,.T.);
#3233 = EDGE_CURVE('',#3234,#3234,#3236,.T.);
#3234 = VERTEX_POINT('',#3235);
#3235 = CARTESIAN_POINT('',(84.085637,-59.210991,1.6));
#3236 = CIRCLE('',#3237,0.5);
#3237 = AXIS2_PLACEMENT_3D('',#3238,#3239,#3240);
#3238 = CARTESIAN_POINT('',(84.085637,-58.710991,1.6));
#3239 = DIRECTION('',(-0.,0.,-1.));
#3240 = DIRECTION('',(-0.,-1.,0.));
#3241 = FACE_BOUND('',#3242,.T.);
#3242 = EDGE_LOOP('',(#3243));
#3243 = ORIENTED_EDGE('',*,*,#3244,.T.);
#3244 = EDGE_CURVE('',#3245,#3245,#3247,.T.);
#3245 = VERTEX_POINT('',#3246);
#3246 = CARTESIAN_POINT('',(86.625637,-59.210991,1.6));
#3247 = CIRCLE('',#3248,0.5);
#3248 = AXIS2_PLACEMENT_3D('',#3249,#3250,#3251);
#3249 = CARTESIAN_POINT('',(86.625637,-58.710991,1.6));
#3250 = DIRECTION('',(-0.,0.,-1.));
#3251 = DIRECTION('',(-0.,-1.,0.));
#3252 = FACE_BOUND('',#3253,.T.);
#3253 = EDGE_LOOP('',(#3254));
#3254 = ORIENTED_EDGE('',*,*,#3255,.T.);
#3255 = EDGE_CURVE('',#3256,#3256,#3258,.T.);
#3256 = VERTEX_POINT('',#3257);
#3257 = CARTESIAN_POINT('',(89.165637,-59.210991,1.6));
#3258 = CIRCLE('',#3259,0.5);
#3259 = AXIS2_PLACEMENT_3D('',#3260,#3261,#3262);
#3260 = CARTESIAN_POINT('',(89.165637,-58.710991,1.6));
#3261 = DIRECTION('',(-0.,0.,-1.));
#3262 = DIRECTION('',(-0.,-1.,0.));
#3263 = FACE_BOUND('',#3264,.T.);
#3264 = EDGE_LOOP('',(#3265));
#3265 = ORIENTED_EDGE('',*,*,#3266,.T.);
#3266 = EDGE_CURVE('',#3267,#3267,#3269,.T.);
#3267 = VERTEX_POINT('',#3268);
#3268 = CARTESIAN_POINT('',(91.705637,-59.210991,1.6));
#3269 = CIRCLE('',#3270,0.5);
#3270 = AXIS2_PLACEMENT_3D('',#3271,#3272,#3273);
#3271 = CARTESIAN_POINT('',(91.705637,-58.710991,1.6));
#3272 = DIRECTION('',(-0.,0.,-1.));
#3273 = DIRECTION('',(-0.,-1.,0.));
#3274 = FACE_BOUND('',#3275,.T.);
#3275 = EDGE_LOOP('',(#3276));
#3276 = ORIENTED_EDGE('',*,*,#3277,.T.);
#3277 = EDGE_CURVE('',#3278,#3278,#3280,.T.);
#3278 = VERTEX_POINT('',#3279);
#3279 = CARTESIAN_POINT('',(90.435637,-56.170991,1.6));
#3280 = CIRCLE('',#3281,0.5);
#3281 = AXIS2_PLACEMENT_3D('',#3282,#3283,#3284);
#3282 = CARTESIAN_POINT('',(90.435637,-55.670991,1.6));
#3283 = DIRECTION('',(-0.,0.,-1.));
#3284 = DIRECTION('',(-0.,-1.,0.));
#3285 = FACE_BOUND('',#3286,.T.);
#3286 = EDGE_LOOP('',(#3287));
#3287 = ORIENTED_EDGE('',*,*,#3288,.T.);
#3288 = EDGE_CURVE('',#3289,#3289,#3291,.T.);
#3289 = VERTEX_POINT('',#3290);
#3290 = CARTESIAN_POINT('',(92.975637,-56.170991,1.6));
#3291 = CIRCLE('',#3292,0.5);
#3292 = AXIS2_PLACEMENT_3D('',#3293,#3294,#3295);
#3293 = CARTESIAN_POINT('',(92.975637,-55.670991,1.6));
#3294 = DIRECTION('',(-0.,0.,-1.));
#3295 = DIRECTION('',(-0.,-1.,0.));
#3296 = FACE_BOUND('',#3297,.T.);
#3297 = EDGE_LOOP('',(#3298));
#3298 = ORIENTED_EDGE('',*,*,#3299,.T.);
#3299 = EDGE_CURVE('',#3300,#3300,#3302,.T.);
#3300 = VERTEX_POINT('',#3301);
#3301 = CARTESIAN_POINT('',(94.245637,-59.210991,1.6));
#3302 = CIRCLE('',#3303,0.5);
#3303 = AXIS2_PLACEMENT_3D('',#3304,#3305,#3306);
#3304 = CARTESIAN_POINT('',(94.245637,-58.710991,1.6));
#3305 = DIRECTION('',(-0.,0.,-1.));
#3306 = DIRECTION('',(-0.,-1.,0.));
#3307 = FACE_BOUND('',#3308,.T.);
#3308 = EDGE_LOOP('',(#3309));
#3309 = ORIENTED_EDGE('',*,*,#3310,.T.);
#3310 = EDGE_CURVE('',#3311,#3311,#3313,.T.);
#3311 = VERTEX_POINT('',#3312);
#3312 = CARTESIAN_POINT('',(96.785637,-59.210991,1.6));
#3313 = CIRCLE('',#3314,0.5);
#3314 = AXIS2_PLACEMENT_3D('',#3315,#3316,#3317);
#3315 = CARTESIAN_POINT('',(96.785637,-58.710991,1.6));
#3316 = DIRECTION('',(-0.,0.,-1.));
#3317 = DIRECTION('',(-0.,-1.,0.));
#3318 = FACE_BOUND('',#3319,.T.);
#3319 = EDGE_LOOP('',(#3320));
#3320 = ORIENTED_EDGE('',*,*,#3321,.T.);
#3321 = EDGE_CURVE('',#3322,#3322,#3324,.T.);
#3322 = VERTEX_POINT('',#3323);
#3323 = CARTESIAN_POINT('',(99.325637,-59.210991,1.6));
#3324 = CIRCLE('',#3325,0.5);
#3325 = AXIS2_PLACEMENT_3D('',#3326,#3327,#3328);
#3326 = CARTESIAN_POINT('',(99.325637,-58.710991,1.6));
#3327 = DIRECTION('',(-0.,0.,-1.));
#3328 = DIRECTION('',(-0.,-1.,0.));
#3329 = FACE_BOUND('',#3330,.T.);
#3330 = EDGE_LOOP('',(#3331));
#3331 = ORIENTED_EDGE('',*,*,#3332,.T.);
#3332 = EDGE_CURVE('',#3333,#3333,#3335,.T.);
#3333 = VERTEX_POINT('',#3334);
#3334 = CARTESIAN_POINT('',(101.865637,-59.210991,1.6));
#3335 = CIRCLE('',#3336,0.5);
#3336 = AXIS2_PLACEMENT_3D('',#3337,#3338,#3339);
#3337 = CARTESIAN_POINT('',(101.865637,-58.710991,1.6));
#3338 = DIRECTION('',(-0.,0.,-1.));
#3339 = DIRECTION('',(-0.,-1.,0.));
#3340 = FACE_BOUND('',#3341,.T.);
#3341 = EDGE_LOOP('',(#3342));
#3342 = ORIENTED_EDGE('',*,*,#3343,.T.);
#3343 = EDGE_CURVE('',#3344,#3344,#3346,.T.);
#3344 = VERTEX_POINT('',#3345);
#3345 = CARTESIAN_POINT('',(95.515637,-56.170991,1.6));
#3346 = CIRCLE('',#3347,0.5);
#3347 = AXIS2_PLACEMENT_3D('',#3348,#3349,#3350);
#3348 = CARTESIAN_POINT('',(95.515637,-55.670991,1.6));
#3349 = DIRECTION('',(-0.,0.,-1.));
#3350 = DIRECTION('',(-0.,-1.,0.));
#3351 = FACE_BOUND('',#3352,.T.);
#3352 = EDGE_LOOP('',(#3353));
#3353 = ORIENTED_EDGE('',*,*,#3354,.T.);
#3354 = EDGE_CURVE('',#3355,#3355,#3357,.T.);
#3355 = VERTEX_POINT('',#3356);
#3356 = CARTESIAN_POINT('',(98.055637,-56.170991,1.6));
#3357 = CIRCLE('',#3358,0.5);
#3358 = AXIS2_PLACEMENT_3D('',#3359,#3360,#3361);
#3359 = CARTESIAN_POINT('',(98.055637,-55.670991,1.6));
#3360 = DIRECTION('',(-0.,0.,-1.));
#3361 = DIRECTION('',(-0.,-1.,0.));
#3362 = FACE_BOUND('',#3363,.T.);
#3363 = EDGE_LOOP('',(#3364));
#3364 = ORIENTED_EDGE('',*,*,#3365,.T.);
#3365 = EDGE_CURVE('',#3366,#3366,#3368,.T.);
#3366 = VERTEX_POINT('',#3367);
#3367 = CARTESIAN_POINT('',(100.595637,-56.170991,1.6));
#3368 = CIRCLE('',#3369,0.5);
#3369 = AXIS2_PLACEMENT_3D('',#3370,#3371,#3372);
#3370 = CARTESIAN_POINT('',(100.595637,-55.670991,1.6));
#3371 = DIRECTION('',(-0.,0.,-1.));
#3372 = DIRECTION('',(-0.,-1.,0.));
#3373 = FACE_BOUND('',#3374,.T.);
#3374 = EDGE_LOOP('',(#3375));
#3375 = ORIENTED_EDGE('',*,*,#3376,.T.);
#3376 = EDGE_CURVE('',#3377,#3377,#3379,.T.);
#3377 = VERTEX_POINT('',#3378);
#3378 = CARTESIAN_POINT('',(104.405637,-59.210991,1.6));
#3379 = CIRCLE('',#3380,0.5);
#3380 = AXIS2_PLACEMENT_3D('',#3381,#3382,#3383);
#3381 = CARTESIAN_POINT('',(104.405637,-58.710991,1.6));
#3382 = DIRECTION('',(-0.,0.,-1.));
#3383 = DIRECTION('',(-0.,-1.,0.));
#3384 = FACE_BOUND('',#3385,.T.);
#3385 = EDGE_LOOP('',(#3386));
#3386 = ORIENTED_EDGE('',*,*,#3387,.T.);
#3387 = EDGE_CURVE('',#3388,#3388,#3390,.T.);
#3388 = VERTEX_POINT('',#3389);
#3389 = CARTESIAN_POINT('',(106.945637,-59.210991,1.6));
#3390 = CIRCLE('',#3391,0.5);
#3391 = AXIS2_PLACEMENT_3D('',#3392,#3393,#3394);
#3392 = CARTESIAN_POINT('',(106.945637,-58.710991,1.6));
#3393 = DIRECTION('',(-0.,0.,-1.));
#3394 = DIRECTION('',(-0.,-1.,0.));
#3395 = FACE_BOUND('',#3396,.T.);
#3396 = EDGE_LOOP('',(#3397));
#3397 = ORIENTED_EDGE('',*,*,#3398,.T.);
#3398 = EDGE_CURVE('',#3399,#3399,#3401,.T.);
#3399 = VERTEX_POINT('',#3400);
#3400 = CARTESIAN_POINT('',(109.485637,-59.210991,1.6));
#3401 = CIRCLE('',#3402,0.5);
#3402 = AXIS2_PLACEMENT_3D('',#3403,#3404,#3405);
#3403 = CARTESIAN_POINT('',(109.485637,-58.710991,1.6));
#3404 = DIRECTION('',(-0.,0.,-1.));
#3405 = DIRECTION('',(-0.,-1.,0.));
#3406 = FACE_BOUND('',#3407,.T.);
#3407 = EDGE_LOOP('',(#3408));
#3408 = ORIENTED_EDGE('',*,*,#3409,.T.);
#3409 = EDGE_CURVE('',#3410,#3410,#3412,.T.);
#3410 = VERTEX_POINT('',#3411);
#3411 = CARTESIAN_POINT('',(76.94,-46.17,1.6));
#3412 = CIRCLE('',#3413,1.6);
#3413 = AXIS2_PLACEMENT_3D('',#3414,#3415,#3416);
#3414 = CARTESIAN_POINT('',(76.94,-44.57,1.6));
#3415 = DIRECTION('',(-0.,0.,-1.));
#3416 = DIRECTION('',(-0.,-1.,0.));
#3417 = FACE_BOUND('',#3418,.T.);
#3418 = EDGE_LOOP('',(#3419));
#3419 = ORIENTED_EDGE('',*,*,#3420,.T.);
#3420 = EDGE_CURVE('',#3421,#3421,#3423,.T.);
#3421 = VERTEX_POINT('',#3422);
#3422 = CARTESIAN_POINT('',(84.085637,-43.970991,1.6));
#3423 = CIRCLE('',#3424,0.5);
#3424 = AXIS2_PLACEMENT_3D('',#3425,#3426,#3427);
#3425 = CARTESIAN_POINT('',(84.085637,-43.470991,1.6));
#3426 = DIRECTION('',(-0.,0.,-1.));
#3427 = DIRECTION('',(-0.,-1.,0.));
#3428 = FACE_BOUND('',#3429,.T.);
#3429 = EDGE_LOOP('',(#3430));
#3430 = ORIENTED_EDGE('',*,*,#3431,.T.);
#3431 = EDGE_CURVE('',#3432,#3432,#3434,.T.);
#3432 = VERTEX_POINT('',#3433);
#3433 = CARTESIAN_POINT('',(86.625637,-46.510991,1.6));
#3434 = CIRCLE('',#3435,0.5);
#3435 = AXIS2_PLACEMENT_3D('',#3436,#3437,#3438);
#3436 = CARTESIAN_POINT('',(86.625637,-46.010991,1.6));
#3437 = DIRECTION('',(-0.,0.,-1.));
#3438 = DIRECTION('',(-0.,-1.,0.));
#3439 = FACE_BOUND('',#3440,.T.);
#3440 = EDGE_LOOP('',(#3441));
#3441 = ORIENTED_EDGE('',*,*,#3442,.T.);
#3442 = EDGE_CURVE('',#3443,#3443,#3445,.T.);
#3443 = VERTEX_POINT('',#3444);
#3444 = CARTESIAN_POINT('',(86.625637,-43.970991,1.6));
#3445 = CIRCLE('',#3446,0.5);
#3446 = AXIS2_PLACEMENT_3D('',#3447,#3448,#3449);
#3447 = CARTESIAN_POINT('',(86.625637,-43.470991,1.6));
#3448 = DIRECTION('',(-0.,0.,-1.));
#3449 = DIRECTION('',(-0.,-1.,0.));
#3450 = FACE_BOUND('',#3451,.T.);
#3451 = EDGE_LOOP('',(#3452));
#3452 = ORIENTED_EDGE('',*,*,#3453,.T.);
#3453 = EDGE_CURVE('',#3454,#3454,#3456,.T.);
#3454 = VERTEX_POINT('',#3455);
#3455 = CARTESIAN_POINT('',(89.165637,-43.970991,1.6));
#3456 = CIRCLE('',#3457,0.5);
#3457 = AXIS2_PLACEMENT_3D('',#3458,#3459,#3460);
#3458 = CARTESIAN_POINT('',(89.165637,-43.470991,1.6));
#3459 = DIRECTION('',(-0.,0.,-1.));
#3460 = DIRECTION('',(-0.,-1.,0.));
#3461 = FACE_BOUND('',#3462,.T.);
#3462 = EDGE_LOOP('',(#3463));
#3463 = ORIENTED_EDGE('',*,*,#3464,.T.);
#3464 = EDGE_CURVE('',#3465,#3465,#3467,.T.);
#3465 = VERTEX_POINT('',#3466);
#3466 = CARTESIAN_POINT('',(91.705637,-43.970991,1.6));
#3467 = CIRCLE('',#3468,0.5);
#3468 = AXIS2_PLACEMENT_3D('',#3469,#3470,#3471);
#3469 = CARTESIAN_POINT('',(91.705637,-43.470991,1.6));
#3470 = DIRECTION('',(-0.,0.,-1.));
#3471 = DIRECTION('',(-0.,-1.,0.));
#3472 = FACE_BOUND('',#3473,.T.);
#3473 = EDGE_LOOP('',(#3474));
#3474 = ORIENTED_EDGE('',*,*,#3475,.T.);
#3475 = EDGE_CURVE('',#3476,#3476,#3478,.T.);
#3476 = VERTEX_POINT('',#3477);
#3477 = CARTESIAN_POINT('',(97.055637,-50.325991,1.6));
#3478 = CIRCLE('',#3479,0.4);
#3479 = AXIS2_PLACEMENT_3D('',#3480,#3481,#3482);
#3480 = CARTESIAN_POINT('',(97.055637,-49.925991,1.6));
#3481 = DIRECTION('',(-0.,0.,-1.));
#3482 = DIRECTION('',(3.5527136788E-14,-1.,-0.));
#3483 = FACE_BOUND('',#3484,.T.);
#3484 = EDGE_LOOP('',(#3485));
#3485 = ORIENTED_EDGE('',*,*,#3486,.T.);
#3486 = EDGE_CURVE('',#3487,#3487,#3489,.T.);
#3487 = VERTEX_POINT('',#3488);
#3488 = CARTESIAN_POINT('',(99.055637,-50.325991,1.6));
#3489 = CIRCLE('',#3490,0.4);
#3490 = AXIS2_PLACEMENT_3D('',#3491,#3492,#3493);
#3491 = CARTESIAN_POINT('',(99.055637,-49.925991,1.6));
#3492 = DIRECTION('',(-0.,0.,-1.));
#3493 = DIRECTION('',(3.5527136788E-14,-1.,-0.));
#3494 = FACE_BOUND('',#3495,.T.);
#3495 = EDGE_LOOP('',(#3496));
#3496 = ORIENTED_EDGE('',*,*,#3497,.T.);
#3497 = EDGE_CURVE('',#3498,#3498,#3500,.T.);
#3498 = VERTEX_POINT('',#3499);
#3499 = CARTESIAN_POINT('',(97.055637,-48.325991,1.6));
#3500 = CIRCLE('',#3501,0.4);
#3501 = AXIS2_PLACEMENT_3D('',#3502,#3503,#3504);
#3502 = CARTESIAN_POINT('',(97.055637,-47.925991,1.6));
#3503 = DIRECTION('',(-0.,0.,-1.));
#3504 = DIRECTION('',(3.5527136788E-14,-1.,-0.));
#3505 = FACE_BOUND('',#3506,.T.);
#3506 = EDGE_LOOP('',(#3507));
#3507 = ORIENTED_EDGE('',*,*,#3508,.T.);
#3508 = EDGE_CURVE('',#3509,#3509,#3511,.T.);
#3509 = VERTEX_POINT('',#3510);
#3510 = CARTESIAN_POINT('',(97.055637,-46.325991,1.6));
#3511 = CIRCLE('',#3512,0.4);
#3512 = AXIS2_PLACEMENT_3D('',#3513,#3514,#3515);
#3513 = CARTESIAN_POINT('',(97.055637,-45.925991,1.6));
#3514 = DIRECTION('',(-0.,0.,-1.));
#3515 = DIRECTION('',(3.5527136788E-14,-1.,-0.));
#3516 = FACE_BOUND('',#3517,.T.);
#3517 = EDGE_LOOP('',(#3518));
#3518 = ORIENTED_EDGE('',*,*,#3519,.T.);
#3519 = EDGE_CURVE('',#3520,#3520,#3522,.T.);
#3520 = VERTEX_POINT('',#3521);
#3521 = CARTESIAN_POINT('',(99.055637,-48.325991,1.6));
#3522 = CIRCLE('',#3523,0.4);
#3523 = AXIS2_PLACEMENT_3D('',#3524,#3525,#3526);
#3524 = CARTESIAN_POINT('',(99.055637,-47.925991,1.6));
#3525 = DIRECTION('',(-0.,0.,-1.));
#3526 = DIRECTION('',(3.5527136788E-14,-1.,-0.));
#3527 = FACE_BOUND('',#3528,.T.);
#3528 = EDGE_LOOP('',(#3529));
#3529 = ORIENTED_EDGE('',*,*,#3530,.T.);
#3530 = EDGE_CURVE('',#3531,#3531,#3533,.T.);
#3531 = VERTEX_POINT('',#3532);
#3532 = CARTESIAN_POINT('',(99.055637,-46.325991,1.6));
#3533 = CIRCLE('',#3534,0.4);
#3534 = AXIS2_PLACEMENT_3D('',#3535,#3536,#3537);
#3535 = CARTESIAN_POINT('',(99.055637,-45.925991,1.6));
#3536 = DIRECTION('',(-0.,0.,-1.));
#3537 = DIRECTION('',(3.5527136788E-14,-1.,-0.));
#3538 = FACE_BOUND('',#3539,.T.);
#3539 = EDGE_LOOP('',(#3540));
#3540 = ORIENTED_EDGE('',*,*,#3541,.T.);
#3541 = EDGE_CURVE('',#3542,#3542,#3544,.T.);
#3542 = VERTEX_POINT('',#3543);
#3543 = CARTESIAN_POINT('',(94.245637,-43.970991,1.6));
#3544 = CIRCLE('',#3545,0.5);
#3545 = AXIS2_PLACEMENT_3D('',#3546,#3547,#3548);
#3546 = CARTESIAN_POINT('',(94.245637,-43.470991,1.6));
#3547 = DIRECTION('',(-0.,0.,-1.));
#3548 = DIRECTION('',(-0.,-1.,0.));
#3549 = FACE_BOUND('',#3550,.T.);
#3550 = EDGE_LOOP('',(#3551));
#3551 = ORIENTED_EDGE('',*,*,#3552,.T.);
#3552 = EDGE_CURVE('',#3553,#3553,#3555,.T.);
#3553 = VERTEX_POINT('',#3554);
#3554 = CARTESIAN_POINT('',(96.785637,-43.970991,1.6));
#3555 = CIRCLE('',#3556,0.5);
#3556 = AXIS2_PLACEMENT_3D('',#3557,#3558,#3559);
#3557 = CARTESIAN_POINT('',(96.785637,-43.470991,1.6));
#3558 = DIRECTION('',(-0.,0.,-1.));
#3559 = DIRECTION('',(-0.,-1.,0.));
#3560 = FACE_BOUND('',#3561,.T.);
#3561 = EDGE_LOOP('',(#3562));
#3562 = ORIENTED_EDGE('',*,*,#3563,.T.);
#3563 = EDGE_CURVE('',#3564,#3564,#3566,.T.);
#3564 = VERTEX_POINT('',#3565);
#3565 = CARTESIAN_POINT('',(99.325637,-43.970991,1.6));
#3566 = CIRCLE('',#3567,0.5);
#3567 = AXIS2_PLACEMENT_3D('',#3568,#3569,#3570);
#3568 = CARTESIAN_POINT('',(99.325637,-43.470991,1.6));
#3569 = DIRECTION('',(-0.,0.,-1.));
#3570 = DIRECTION('',(-0.,-1.,0.));
#3571 = FACE_BOUND('',#3572,.T.);
#3572 = EDGE_LOOP('',(#3573));
#3573 = ORIENTED_EDGE('',*,*,#3574,.T.);
#3574 = EDGE_CURVE('',#3575,#3575,#3577,.T.);
#3575 = VERTEX_POINT('',#3576);
#3576 = CARTESIAN_POINT('',(101.865637,-43.970991,1.6));
#3577 = CIRCLE('',#3578,0.5);
#3578 = AXIS2_PLACEMENT_3D('',#3579,#3580,#3581);
#3579 = CARTESIAN_POINT('',(101.865637,-43.470991,1.6));
#3580 = DIRECTION('',(-0.,0.,-1.));
#3581 = DIRECTION('',(-0.,-1.,0.));
#3582 = FACE_BOUND('',#3583,.T.);
#3583 = EDGE_LOOP('',(#3584));
#3584 = ORIENTED_EDGE('',*,*,#3585,.T.);
#3585 = EDGE_CURVE('',#3586,#3586,#3588,.T.);
#3586 = VERTEX_POINT('',#3587);
#3587 = CARTESIAN_POINT('',(104.405637,-43.970991,1.6));
#3588 = CIRCLE('',#3589,0.5);
#3589 = AXIS2_PLACEMENT_3D('',#3590,#3591,#3592);
#3590 = CARTESIAN_POINT('',(104.405637,-43.470991,1.6));
#3591 = DIRECTION('',(-0.,0.,-1.));
#3592 = DIRECTION('',(-0.,-1.,0.));
#3593 = FACE_BOUND('',#3594,.T.);
#3594 = EDGE_LOOP('',(#3595));
#3595 = ORIENTED_EDGE('',*,*,#3596,.T.);
#3596 = EDGE_CURVE('',#3597,#3597,#3599,.T.);
#3597 = VERTEX_POINT('',#3598);
#3598 = CARTESIAN_POINT('',(106.945637,-43.970991,1.6));
#3599 = CIRCLE('',#3600,0.5);
#3600 = AXIS2_PLACEMENT_3D('',#3601,#3602,#3603);
#3601 = CARTESIAN_POINT('',(106.945637,-43.470991,1.6));
#3602 = DIRECTION('',(-0.,0.,-1.));
#3603 = DIRECTION('',(-0.,-1.,0.));
#3604 = FACE_BOUND('',#3605,.T.);
#3605 = EDGE_LOOP('',(#3606));
#3606 = ORIENTED_EDGE('',*,*,#3607,.T.);
#3607 = EDGE_CURVE('',#3608,#3608,#3610,.T.);
#3608 = VERTEX_POINT('',#3609);
#3609 = CARTESIAN_POINT('',(109.485637,-43.970991,1.6));
#3610 = CIRCLE('',#3611,0.5);
#3611 = AXIS2_PLACEMENT_3D('',#3612,#3613,#3614);
#3612 = CARTESIAN_POINT('',(109.485637,-43.470991,1.6));
#3613 = DIRECTION('',(-0.,0.,-1.));
#3614 = DIRECTION('',(-0.,-1.,0.));
#3615 = FACE_BOUND('',#3616,.T.);
#3616 = EDGE_LOOP('',(#3617));
#3617 = ORIENTED_EDGE('',*,*,#3618,.T.);
#3618 = EDGE_CURVE('',#3619,#3619,#3621,.T.);
#3619 = VERTEX_POINT('',#3620);
#3620 = CARTESIAN_POINT('',(112.025637,-59.210991,1.6));
#3621 = CIRCLE('',#3622,0.5);
#3622 = AXIS2_PLACEMENT_3D('',#3623,#3624,#3625);
#3623 = CARTESIAN_POINT('',(112.025637,-58.710991,1.6));
#3624 = DIRECTION('',(-0.,0.,-1.));
#3625 = DIRECTION('',(-0.,-1.,0.));
#3626 = FACE_BOUND('',#3627,.T.);
#3627 = EDGE_LOOP('',(#3628));
#3628 = ORIENTED_EDGE('',*,*,#3629,.T.);
#3629 = EDGE_CURVE('',#3630,#3630,#3632,.T.);
#3630 = VERTEX_POINT('',#3631);
#3631 = CARTESIAN_POINT('',(114.565637,-59.210991,1.6));
#3632 = CIRCLE('',#3633,0.5);
#3633 = AXIS2_PLACEMENT_3D('',#3634,#3635,#3636);
#3634 = CARTESIAN_POINT('',(114.565637,-58.710991,1.6));
#3635 = DIRECTION('',(-0.,0.,-1.));
#3636 = DIRECTION('',(-0.,-1.,0.));
#3637 = FACE_BOUND('',#3638,.T.);
#3638 = EDGE_LOOP('',(#3639));
#3639 = ORIENTED_EDGE('',*,*,#3640,.T.);
#3640 = EDGE_CURVE('',#3641,#3641,#3643,.T.);
#3641 = VERTEX_POINT('',#3642);
#3642 = CARTESIAN_POINT('',(117.105637,-59.210991,1.6));
#3643 = CIRCLE('',#3644,0.5);
#3644 = AXIS2_PLACEMENT_3D('',#3645,#3646,#3647);
#3645 = CARTESIAN_POINT('',(117.105637,-58.710991,1.6));
#3646 = DIRECTION('',(-0.,0.,-1.));
#3647 = DIRECTION('',(-0.,-1.,0.));
#3648 = FACE_BOUND('',#3649,.T.);
#3649 = EDGE_LOOP('',(#3650));
#3650 = ORIENTED_EDGE('',*,*,#3651,.T.);
#3651 = EDGE_CURVE('',#3652,#3652,#3654,.T.);
#3652 = VERTEX_POINT('',#3653);
#3653 = CARTESIAN_POINT('',(119.645637,-59.210991,1.6));
#3654 = CIRCLE('',#3655,0.5);
#3655 = AXIS2_PLACEMENT_3D('',#3656,#3657,#3658);
#3656 = CARTESIAN_POINT('',(119.645637,-58.710991,1.6));
#3657 = DIRECTION('',(-0.,0.,-1.));
#3658 = DIRECTION('',(-0.,-1.,0.));
#3659 = FACE_BOUND('',#3660,.T.);
#3660 = EDGE_LOOP('',(#3661));
#3661 = ORIENTED_EDGE('',*,*,#3662,.T.);
#3662 = EDGE_CURVE('',#3663,#3663,#3665,.T.);
#3663 = VERTEX_POINT('',#3664);
#3664 = CARTESIAN_POINT('',(122.185637,-59.210991,1.6));
#3665 = CIRCLE('',#3666,0.5);
#3666 = AXIS2_PLACEMENT_3D('',#3667,#3668,#3669);
#3667 = CARTESIAN_POINT('',(122.185637,-58.710991,1.6));
#3668 = DIRECTION('',(-0.,0.,-1.));
#3669 = DIRECTION('',(-0.,-1.,0.));
#3670 = FACE_BOUND('',#3671,.T.);
#3671 = EDGE_LOOP('',(#3672));
#3672 = ORIENTED_EDGE('',*,*,#3673,.T.);
#3673 = EDGE_CURVE('',#3674,#3674,#3676,.T.);
#3674 = VERTEX_POINT('',#3675);
#3675 = CARTESIAN_POINT('',(124.725637,-59.210991,1.6));
#3676 = CIRCLE('',#3677,0.5);
#3677 = AXIS2_PLACEMENT_3D('',#3678,#3679,#3680);
#3678 = CARTESIAN_POINT('',(124.725637,-58.710991,1.6));
#3679 = DIRECTION('',(-0.,0.,-1.));
#3680 = DIRECTION('',(-0.,-1.,0.));
#3681 = FACE_BOUND('',#3682,.T.);
#3682 = EDGE_LOOP('',(#3683));
#3683 = ORIENTED_EDGE('',*,*,#3684,.T.);
#3684 = EDGE_CURVE('',#3685,#3685,#3687,.T.);
#3685 = VERTEX_POINT('',#3686);
#3686 = CARTESIAN_POINT('',(127.265637,-59.210991,1.6));
#3687 = CIRCLE('',#3688,0.5);
#3688 = AXIS2_PLACEMENT_3D('',#3689,#3690,#3691);
#3689 = CARTESIAN_POINT('',(127.265637,-58.710991,1.6));
#3690 = DIRECTION('',(-0.,0.,-1.));
#3691 = DIRECTION('',(-0.,-1.,0.));
#3692 = FACE_BOUND('',#3693,.T.);
#3693 = EDGE_LOOP('',(#3694));
#3694 = ORIENTED_EDGE('',*,*,#3695,.T.);
#3695 = EDGE_CURVE('',#3696,#3696,#3698,.T.);
#3696 = VERTEX_POINT('',#3697);
#3697 = CARTESIAN_POINT('',(129.805637,-59.210991,1.6));
#3698 = CIRCLE('',#3699,0.5);
#3699 = AXIS2_PLACEMENT_3D('',#3700,#3701,#3702);
#3700 = CARTESIAN_POINT('',(129.805637,-58.710991,1.6));
#3701 = DIRECTION('',(-0.,0.,-1.));
#3702 = DIRECTION('',(-0.,-1.,0.));
#3703 = FACE_BOUND('',#3704,.T.);
#3704 = EDGE_LOOP('',(#3705));
#3705 = ORIENTED_EDGE('',*,*,#3706,.T.);
#3706 = EDGE_CURVE('',#3707,#3707,#3709,.T.);
#3707 = VERTEX_POINT('',#3708);
#3708 = CARTESIAN_POINT('',(129.805637,-56.670991,1.6));
#3709 = CIRCLE('',#3710,0.5);
#3710 = AXIS2_PLACEMENT_3D('',#3711,#3712,#3713);
#3711 = CARTESIAN_POINT('',(129.805637,-56.170991,1.6));
#3712 = DIRECTION('',(-0.,0.,-1.));
#3713 = DIRECTION('',(-0.,-1.,0.));
#3714 = FACE_BOUND('',#3715,.T.);
#3715 = EDGE_LOOP('',(#3716));
#3716 = ORIENTED_EDGE('',*,*,#3717,.T.);
#3717 = EDGE_CURVE('',#3718,#3718,#3720,.T.);
#3718 = VERTEX_POINT('',#3719);
#3719 = CARTESIAN_POINT('',(129.805637,-54.130991,1.6));
#3720 = CIRCLE('',#3721,0.5);
#3721 = AXIS2_PLACEMENT_3D('',#3722,#3723,#3724);
#3722 = CARTESIAN_POINT('',(129.805637,-53.630991,1.6));
#3723 = DIRECTION('',(-0.,0.,-1.));
#3724 = DIRECTION('',(-0.,-1.,0.));
#3725 = FACE_BOUND('',#3726,.T.);
#3726 = EDGE_LOOP('',(#3727));
#3727 = ORIENTED_EDGE('',*,*,#3728,.T.);
#3728 = EDGE_CURVE('',#3729,#3729,#3731,.T.);
#3729 = VERTEX_POINT('',#3730);
#3730 = CARTESIAN_POINT('',(132.345637,-59.210991,1.6));
#3731 = CIRCLE('',#3732,0.5);
#3732 = AXIS2_PLACEMENT_3D('',#3733,#3734,#3735);
#3733 = CARTESIAN_POINT('',(132.345637,-58.710991,1.6));
#3734 = DIRECTION('',(-0.,0.,-1.));
#3735 = DIRECTION('',(-0.,-1.,0.));
#3736 = FACE_BOUND('',#3737,.T.);
#3737 = EDGE_LOOP('',(#3738));
#3738 = ORIENTED_EDGE('',*,*,#3739,.T.);
#3739 = EDGE_CURVE('',#3740,#3740,#3742,.T.);
#3740 = VERTEX_POINT('',#3741);
#3741 = CARTESIAN_POINT('',(134.885637,-59.210991,1.6));
#3742 = CIRCLE('',#3743,0.5);
#3743 = AXIS2_PLACEMENT_3D('',#3744,#3745,#3746);
#3744 = CARTESIAN_POINT('',(134.885637,-58.710991,1.6));
#3745 = DIRECTION('',(-0.,0.,-1.));
#3746 = DIRECTION('',(-0.,-1.,0.));
#3747 = FACE_BOUND('',#3748,.T.);
#3748 = EDGE_LOOP('',(#3749));
#3749 = ORIENTED_EDGE('',*,*,#3750,.T.);
#3750 = EDGE_CURVE('',#3751,#3751,#3753,.T.);
#3751 = VERTEX_POINT('',#3752);
#3752 = CARTESIAN_POINT('',(137.425637,-59.210991,1.6));
#3753 = CIRCLE('',#3754,0.5);
#3754 = AXIS2_PLACEMENT_3D('',#3755,#3756,#3757);
#3755 = CARTESIAN_POINT('',(137.425637,-58.710991,1.6));
#3756 = DIRECTION('',(-0.,0.,-1.));
#3757 = DIRECTION('',(-0.,-1.,0.));
#3758 = FACE_BOUND('',#3759,.T.);
#3759 = EDGE_LOOP('',(#3760));
#3760 = ORIENTED_EDGE('',*,*,#3761,.T.);
#3761 = EDGE_CURVE('',#3762,#3762,#3764,.T.);
#3762 = VERTEX_POINT('',#3763);
#3763 = CARTESIAN_POINT('',(139.965637,-59.210991,1.6));
#3764 = CIRCLE('',#3765,0.5);
#3765 = AXIS2_PLACEMENT_3D('',#3766,#3767,#3768);
#3766 = CARTESIAN_POINT('',(139.965637,-58.710991,1.6));
#3767 = DIRECTION('',(-0.,0.,-1.));
#3768 = DIRECTION('',(-0.,-1.,0.));
#3769 = FACE_BOUND('',#3770,.T.);
#3770 = EDGE_LOOP('',(#3771));
#3771 = ORIENTED_EDGE('',*,*,#3772,.T.);
#3772 = EDGE_CURVE('',#3773,#3773,#3775,.T.);
#3773 = VERTEX_POINT('',#3774);
#3774 = CARTESIAN_POINT('',(142.505637,-59.210991,1.6));
#3775 = CIRCLE('',#3776,0.5);
#3776 = AXIS2_PLACEMENT_3D('',#3777,#3778,#3779);
#3777 = CARTESIAN_POINT('',(142.505637,-58.710991,1.6));
#3778 = DIRECTION('',(-0.,0.,-1.));
#3779 = DIRECTION('',(-0.,-1.,0.));
#3780 = FACE_BOUND('',#3781,.T.);
#3781 = EDGE_LOOP('',(#3782));
#3782 = ORIENTED_EDGE('',*,*,#3783,.T.);
#3783 = EDGE_CURVE('',#3784,#3784,#3786,.T.);
#3784 = VERTEX_POINT('',#3785);
#3785 = CARTESIAN_POINT('',(129.805637,-51.590991,1.6));
#3786 = CIRCLE('',#3787,0.5);
#3787 = AXIS2_PLACEMENT_3D('',#3788,#3789,#3790);
#3788 = CARTESIAN_POINT('',(129.805637,-51.090991,1.6));
#3789 = DIRECTION('',(-0.,0.,-1.));
#3790 = DIRECTION('',(-0.,-1.,0.));
#3791 = FACE_BOUND('',#3792,.T.);
#3792 = EDGE_LOOP('',(#3793));
#3793 = ORIENTED_EDGE('',*,*,#3794,.T.);
#3794 = EDGE_CURVE('',#3795,#3795,#3797,.T.);
#3795 = VERTEX_POINT('',#3796);
#3796 = CARTESIAN_POINT('',(129.805637,-49.050991,1.6));
#3797 = CIRCLE('',#3798,0.5);
#3798 = AXIS2_PLACEMENT_3D('',#3799,#3800,#3801);
#3799 = CARTESIAN_POINT('',(129.805637,-48.550991,1.6));
#3800 = DIRECTION('',(-0.,0.,-1.));
#3801 = DIRECTION('',(-0.,-1.,0.));
#3802 = FACE_BOUND('',#3803,.T.);
#3803 = EDGE_LOOP('',(#3804));
#3804 = ORIENTED_EDGE('',*,*,#3805,.T.);
#3805 = EDGE_CURVE('',#3806,#3806,#3808,.T.);
#3806 = VERTEX_POINT('',#3807);
#3807 = CARTESIAN_POINT('',(112.025637,-43.970991,1.6));
#3808 = CIRCLE('',#3809,0.5);
#3809 = AXIS2_PLACEMENT_3D('',#3810,#3811,#3812);
#3810 = CARTESIAN_POINT('',(112.025637,-43.470991,1.6));
#3811 = DIRECTION('',(-0.,0.,-1.));
#3812 = DIRECTION('',(-0.,-1.,0.));
#3813 = FACE_BOUND('',#3814,.T.);
#3814 = EDGE_LOOP('',(#3815));
#3815 = ORIENTED_EDGE('',*,*,#3816,.T.);
#3816 = EDGE_CURVE('',#3817,#3817,#3819,.T.);
#3817 = VERTEX_POINT('',#3818);
#3818 = CARTESIAN_POINT('',(114.565637,-43.970991,1.6));
#3819 = CIRCLE('',#3820,0.5);
#3820 = AXIS2_PLACEMENT_3D('',#3821,#3822,#3823);
#3821 = CARTESIAN_POINT('',(114.565637,-43.470991,1.6));
#3822 = DIRECTION('',(-0.,0.,-1.));
#3823 = DIRECTION('',(-0.,-1.,0.));
#3824 = FACE_BOUND('',#3825,.T.);
#3825 = EDGE_LOOP('',(#3826));
#3826 = ORIENTED_EDGE('',*,*,#3827,.T.);
#3827 = EDGE_CURVE('',#3828,#3828,#3830,.T.);
#3828 = VERTEX_POINT('',#3829);
#3829 = CARTESIAN_POINT('',(117.105637,-43.970991,1.6));
#3830 = CIRCLE('',#3831,0.5);
#3831 = AXIS2_PLACEMENT_3D('',#3832,#3833,#3834);
#3832 = CARTESIAN_POINT('',(117.105637,-43.470991,1.6));
#3833 = DIRECTION('',(-0.,0.,-1.));
#3834 = DIRECTION('',(-0.,-1.,0.));
#3835 = FACE_BOUND('',#3836,.T.);
#3836 = EDGE_LOOP('',(#3837));
#3837 = ORIENTED_EDGE('',*,*,#3838,.T.);
#3838 = EDGE_CURVE('',#3839,#3839,#3841,.T.);
#3839 = VERTEX_POINT('',#3840);
#3840 = CARTESIAN_POINT('',(119.645637,-43.970991,1.6));
#3841 = CIRCLE('',#3842,0.5);
#3842 = AXIS2_PLACEMENT_3D('',#3843,#3844,#3845);
#3843 = CARTESIAN_POINT('',(119.645637,-43.470991,1.6));
#3844 = DIRECTION('',(-0.,0.,-1.));
#3845 = DIRECTION('',(-0.,-1.,0.));
#3846 = FACE_BOUND('',#3847,.T.);
#3847 = EDGE_LOOP('',(#3848));
#3848 = ORIENTED_EDGE('',*,*,#3849,.T.);
#3849 = EDGE_CURVE('',#3850,#3850,#3852,.T.);
#3850 = VERTEX_POINT('',#3851);
#3851 = CARTESIAN_POINT('',(129.805637,-46.510991,1.6));
#3852 = CIRCLE('',#3853,0.5);
#3853 = AXIS2_PLACEMENT_3D('',#3854,#3855,#3856);
#3854 = CARTESIAN_POINT('',(129.805637,-46.010991,1.6));
#3855 = DIRECTION('',(-0.,0.,-1.));
#3856 = DIRECTION('',(-0.,-1.,0.));
#3857 = FACE_BOUND('',#3858,.T.);
#3858 = EDGE_LOOP('',(#3859));
#3859 = ORIENTED_EDGE('',*,*,#3860,.T.);
#3860 = EDGE_CURVE('',#3861,#3861,#3863,.T.);
#3861 = VERTEX_POINT('',#3862);
#3862 = CARTESIAN_POINT('',(122.185637,-43.970991,1.6));
#3863 = CIRCLE('',#3864,0.5);
#3864 = AXIS2_PLACEMENT_3D('',#3865,#3866,#3867);
#3865 = CARTESIAN_POINT('',(122.185637,-43.470991,1.6));
#3866 = DIRECTION('',(-0.,0.,-1.));
#3867 = DIRECTION('',(-0.,-1.,0.));
#3868 = FACE_BOUND('',#3869,.T.);
#3869 = EDGE_LOOP('',(#3870));
#3870 = ORIENTED_EDGE('',*,*,#3871,.T.);
#3871 = EDGE_CURVE('',#3872,#3872,#3874,.T.);
#3872 = VERTEX_POINT('',#3873);
#3873 = CARTESIAN_POINT('',(124.725637,-43.970991,1.6));
#3874 = CIRCLE('',#3875,0.5);
#3875 = AXIS2_PLACEMENT_3D('',#3876,#3877,#3878);
#3876 = CARTESIAN_POINT('',(124.725637,-43.470991,1.6));
#3877 = DIRECTION('',(-0.,0.,-1.));
#3878 = DIRECTION('',(-0.,-1.,0.));
#3879 = FACE_BOUND('',#3880,.T.);
#3880 = EDGE_LOOP('',(#3881));
#3881 = ORIENTED_EDGE('',*,*,#3882,.T.);
#3882 = EDGE_CURVE('',#3883,#3883,#3885,.T.);
#3883 = VERTEX_POINT('',#3884);
#3884 = CARTESIAN_POINT('',(127.265637,-43.970991,1.6));
#3885 = CIRCLE('',#3886,0.5);
#3886 = AXIS2_PLACEMENT_3D('',#3887,#3888,#3889);
#3887 = CARTESIAN_POINT('',(127.265637,-43.470991,1.6));
#3888 = DIRECTION('',(-0.,0.,-1.));
#3889 = DIRECTION('',(-0.,-1.,0.));
#3890 = FACE_BOUND('',#3891,.T.);
#3891 = EDGE_LOOP('',(#3892));
#3892 = ORIENTED_EDGE('',*,*,#3893,.T.);
#3893 = EDGE_CURVE('',#3894,#3894,#3896,.T.);
#3894 = VERTEX_POINT('',#3895);
#3895 = CARTESIAN_POINT('',(129.805637,-43.970991,1.6));
#3896 = CIRCLE('',#3897,0.5);
#3897 = AXIS2_PLACEMENT_3D('',#3898,#3899,#3900);
#3898 = CARTESIAN_POINT('',(129.805637,-43.470991,1.6));
#3899 = DIRECTION('',(-0.,0.,-1.));
#3900 = DIRECTION('',(-0.,-1.,0.));
#3901 = FACE_BOUND('',#3902,.T.);
#3902 = EDGE_LOOP('',(#3903));
#3903 = ORIENTED_EDGE('',*,*,#3904,.T.);
#3904 = EDGE_CURVE('',#3905,#3905,#3907,.T.);
#3905 = VERTEX_POINT('',#3906);
#3906 = CARTESIAN_POINT('',(132.345637,-43.970991,1.6));
#3907 = CIRCLE('',#3908,0.5);
#3908 = AXIS2_PLACEMENT_3D('',#3909,#3910,#3911);
#3909 = CARTESIAN_POINT('',(132.345637,-43.470991,1.6));
#3910 = DIRECTION('',(-0.,0.,-1.));
#3911 = DIRECTION('',(-0.,-1.,0.));
#3912 = FACE_BOUND('',#3913,.T.);
#3913 = EDGE_LOOP('',(#3914));
#3914 = ORIENTED_EDGE('',*,*,#3915,.T.);
#3915 = EDGE_CURVE('',#3916,#3916,#3918,.T.);
#3916 = VERTEX_POINT('',#3917);
#3917 = CARTESIAN_POINT('',(134.885637,-43.970991,1.6));
#3918 = CIRCLE('',#3919,0.5);
#3919 = AXIS2_PLACEMENT_3D('',#3920,#3921,#3922);
#3920 = CARTESIAN_POINT('',(134.885637,-43.470991,1.6));
#3921 = DIRECTION('',(-0.,0.,-1.));
#3922 = DIRECTION('',(-0.,-1.,0.));
#3923 = FACE_BOUND('',#3924,.T.);
#3924 = EDGE_LOOP('',(#3925));
#3925 = ORIENTED_EDGE('',*,*,#3926,.T.);
#3926 = EDGE_CURVE('',#3927,#3927,#3929,.T.);
#3927 = VERTEX_POINT('',#3928);
#3928 = CARTESIAN_POINT('',(137.425637,-43.970991,1.6));
#3929 = CIRCLE('',#3930,0.5);
#3930 = AXIS2_PLACEMENT_3D('',#3931,#3932,#3933);
#3931 = CARTESIAN_POINT('',(137.425637,-43.470991,1.6));
#3932 = DIRECTION('',(-0.,0.,-1.));
#3933 = DIRECTION('',(-0.,-1.,0.));
#3934 = FACE_BOUND('',#3935,.T.);
#3935 = EDGE_LOOP('',(#3936));
#3936 = ORIENTED_EDGE('',*,*,#3937,.T.);
#3937 = EDGE_CURVE('',#3938,#3938,#3940,.T.);
#3938 = VERTEX_POINT('',#3939);
#3939 = CARTESIAN_POINT('',(139.965637,-43.970991,1.6));
#3940 = CIRCLE('',#3941,0.5);
#3941 = AXIS2_PLACEMENT_3D('',#3942,#3943,#3944);
#3942 = CARTESIAN_POINT('',(139.965637,-43.470991,1.6));
#3943 = DIRECTION('',(-0.,0.,-1.));
#3944 = DIRECTION('',(-0.,-1.,0.));
#3945 = FACE_BOUND('',#3946,.T.);
#3946 = EDGE_LOOP('',(#3947));
#3947 = ORIENTED_EDGE('',*,*,#3948,.T.);
#3948 = EDGE_CURVE('',#3949,#3949,#3951,.T.);
#3949 = VERTEX_POINT('',#3950);
#3950 = CARTESIAN_POINT('',(142.505637,-43.970991,1.6));
#3951 = CIRCLE('',#3952,0.5);
#3952 = AXIS2_PLACEMENT_3D('',#3953,#3954,#3955);
#3953 = CARTESIAN_POINT('',(142.505637,-43.470991,1.6));
#3954 = DIRECTION('',(-0.,0.,-1.));
#3955 = DIRECTION('',(-0.,-1.,0.));
#3956 = FACE_BOUND('',#3957,.T.);
#3957 = EDGE_LOOP('',(#3958));
#3958 = ORIENTED_EDGE('',*,*,#3959,.T.);
#3959 = EDGE_CURVE('',#3960,#3960,#3962,.T.);
#3960 = VERTEX_POINT('',#3961);
#3961 = CARTESIAN_POINT('',(208.046686,-68.541991,1.6));
#3962 = CIRCLE('',#3963,3.2);
#3963 = AXIS2_PLACEMENT_3D('',#3964,#3965,#3966);
#3964 = CARTESIAN_POINT('',(208.046686,-65.341991,1.6));
#3965 = DIRECTION('',(-0.,0.,-1.));
#3966 = DIRECTION('',(-8.881784197001E-15,-1.,0.));
#3967 = FACE_BOUND('',#3968,.T.);
#3968 = EDGE_LOOP('',(#3969));
#3969 = ORIENTED_EDGE('',*,*,#3970,.T.);
#3970 = EDGE_CURVE('',#3971,#3971,#3973,.T.);
#3971 = VERTEX_POINT('',#3972);
#3972 = CARTESIAN_POINT('',(219.75,-46.17,1.6));
#3973 = CIRCLE('',#3974,1.6);
#3974 = AXIS2_PLACEMENT_3D('',#3975,#3976,#3977);
#3975 = CARTESIAN_POINT('',(219.75,-44.57,1.6));
#3976 = DIRECTION('',(-0.,0.,-1.));
#3977 = DIRECTION('',(-0.,-1.,0.));
#3978 = PLANE('',#3979);
#3979 = AXIS2_PLACEMENT_3D('',#3980,#3981,#3982);
#3980 = CARTESIAN_POINT('',(0.,0.,1.6));
#3981 = DIRECTION('',(0.,0.,1.));
#3982 = DIRECTION('',(1.,0.,-0.));
#3983 = ADVANCED_FACE('',(#3984),#3995,.T.);
#3984 = FACE_BOUND('',#3985,.T.);
#3985 = EDGE_LOOP('',(#3986,#3992,#3993,#3994));
#3986 = ORIENTED_EDGE('',*,*,#3987,.T.);
#3987 = EDGE_CURVE('',#146,#2068,#3988,.T.);
#3988 = LINE('',#3989,#3990);
#3989 = CARTESIAN_POINT('',(72.438363,-44.082628,0.));
#3990 = VECTOR('',#3991,1.);
#3991 = DIRECTION('',(0.,0.,1.));
#3992 = ORIENTED_EDGE('',*,*,#2067,.T.);
#3993 = ORIENTED_EDGE('',*,*,#81,.F.);
#3994 = ORIENTED_EDGE('',*,*,#145,.F.);
#3995 = CYLINDRICAL_SURFACE('',#3996,4.011639479947);
#3996 = AXIS2_PLACEMENT_3D('',#3997,#3998,#3999);
#3997 = CARTESIAN_POINT('',(76.450002479946,-44.08263047994,0.));
#3998 = DIRECTION('',(0.,0.,-1.));
#3999 = DIRECTION('',(-1.,6.181876803409E-07,0.));
#4000 = ADVANCED_FACE('',(#4001),#4012,.T.);
#4001 = FACE_BOUND('',#4002,.T.);
#4002 = EDGE_LOOP('',(#4003,#4004,#4005,#4011));
#4003 = ORIENTED_EDGE('',*,*,#121,.T.);
#4004 = ORIENTED_EDGE('',*,*,#2101,.T.);
#4005 = ORIENTED_EDGE('',*,*,#4006,.F.);
#4006 = EDGE_CURVE('',#172,#2094,#4007,.T.);
#4007 = LINE('',#4008,#4009);
#4008 = CARTESIAN_POINT('',(220.238363,-130.710991,0.));
#4009 = VECTOR('',#4010,1.);
#4010 = DIRECTION('',(0.,0.,1.));
#4011 = ORIENTED_EDGE('',*,*,#179,.F.);
#4012 = CYLINDRICAL_SURFACE('',#4013,4.011559248473);
#4013 = AXIS2_PLACEMENT_3D('',#4014,#4015,#4016);
#4014 = CARTESIAN_POINT('',(220.23844075228,-126.6994317522,0.));
#4015 = DIRECTION('',(0.,0.,-1.));
#4016 = DIRECTION('',(0.999999999812,1.93820596825E-05,0.));
#4017 = ADVANCED_FACE('',(#4018),#4029,.T.);
#4018 = FACE_BOUND('',#4019,.T.);
#4019 = EDGE_LOOP('',(#4020,#4026,#4027,#4028));
#4020 = ORIENTED_EDGE('',*,*,#4021,.T.);
#4021 = EDGE_CURVE('',#155,#2077,#4022,.T.);
#4022 = LINE('',#4023,#4024);
#4023 = CARTESIAN_POINT('',(72.438363,-126.699354,0.));
#4024 = VECTOR('',#4025,1.);
#4025 = DIRECTION('',(0.,0.,1.));
#4026 = ORIENTED_EDGE('',*,*,#2076,.T.);
#4027 = ORIENTED_EDGE('',*,*,#3987,.F.);
#4028 = ORIENTED_EDGE('',*,*,#154,.F.);
#4029 = PLANE('',#4030);
#4030 = AXIS2_PLACEMENT_3D('',#4031,#4032,#4033);
#4031 = CARTESIAN_POINT('',(72.438363,-126.699354,0.));
#4032 = DIRECTION('',(-1.,0.,0.));
#4033 = DIRECTION('',(0.,1.,0.));
#4034 = ADVANCED_FACE('',(#4035),#4046,.T.);
#4035 = FACE_BOUND('',#4036,.T.);
#4036 = EDGE_LOOP('',(#4037,#4038,#4039,#4045));
#4037 = ORIENTED_EDGE('',*,*,#4006,.T.);
#4038 = ORIENTED_EDGE('',*,*,#2093,.T.);
#4039 = ORIENTED_EDGE('',*,*,#4040,.F.);
#4040 = EDGE_CURVE('',#163,#2085,#4041,.T.);
#4041 = LINE('',#4042,#4043);
#4042 = CARTESIAN_POINT('',(76.45,-130.710991,0.));
#4043 = VECTOR('',#4044,1.);
#4044 = DIRECTION('',(0.,0.,1.));
#4045 = ORIENTED_EDGE('',*,*,#171,.F.);
#4046 = PLANE('',#4047);
#4047 = AXIS2_PLACEMENT_3D('',#4048,#4049,#4050);
#4048 = CARTESIAN_POINT('',(220.238363,-130.710991,0.));
#4049 = DIRECTION('',(0.,-1.,0.));
#4050 = DIRECTION('',(-1.,0.,0.));
#4051 = ADVANCED_FACE('',(#4052),#4058,.T.);
#4052 = FACE_BOUND('',#4053,.T.);
#4053 = EDGE_LOOP('',(#4054,#4055,#4056,#4057));
#4054 = ORIENTED_EDGE('',*,*,#4040,.T.);
#4055 = ORIENTED_EDGE('',*,*,#2084,.T.);
#4056 = ORIENTED_EDGE('',*,*,#4021,.F.);
#4057 = ORIENTED_EDGE('',*,*,#162,.F.);
#4058 = CYLINDRICAL_SURFACE('',#4059,4.011607045296);
#4059 = AXIS2_PLACEMENT_3D('',#4060,#4061,#4062);
#4060 = CARTESIAN_POINT('',(76.449970045184,-126.6993839548,0.));
#4061 = DIRECTION('',(0.,0.,-1.));
#4062 = DIRECTION('',(7.467036424759E-06,-0.999999999972,0.));
#4063 = ADVANCED_FACE('',(#4064),#4075,.F.);
#4064 = FACE_BOUND('',#4065,.T.);
#4065 = EDGE_LOOP('',(#4066,#4067,#4073,#4074));
#4066 = ORIENTED_EDGE('',*,*,#189,.T.);
#4067 = ORIENTED_EDGE('',*,*,#4068,.T.);
#4068 = EDGE_CURVE('',#190,#2112,#4069,.T.);
#4069 = LINE('',#4070,#4071);
#4070 = CARTESIAN_POINT('',(76.94,-127.81,-4.5E-02));
#4071 = VECTOR('',#4072,1.);
#4072 = DIRECTION('',(0.,0.,1.));
#4073 = ORIENTED_EDGE('',*,*,#2111,.F.);
#4074 = ORIENTED_EDGE('',*,*,#4068,.F.);
#4075 = CYLINDRICAL_SURFACE('',#4076,1.6);
#4076 = AXIS2_PLACEMENT_3D('',#4077,#4078,#4079);
#4077 = CARTESIAN_POINT('',(76.94,-126.21,-4.5E-02));
#4078 = DIRECTION('',(-0.,-0.,-1.));
#4079 = DIRECTION('',(-0.,-1.,0.));
#4080 = ADVANCED_FACE('',(#4081),#4092,.F.);
#4081 = FACE_BOUND('',#4082,.T.);
#4082 = EDGE_LOOP('',(#4083,#4084,#4090,#4091));
#4083 = ORIENTED_EDGE('',*,*,#200,.T.);
#4084 = ORIENTED_EDGE('',*,*,#4085,.T.);
#4085 = EDGE_CURVE('',#201,#2123,#4086,.T.);
#4086 = LINE('',#4087,#4088);
#4087 = CARTESIAN_POINT('',(104.915637,-127.650991,-4.5E-02));
#4088 = VECTOR('',#4089,1.);
#4089 = DIRECTION('',(0.,0.,1.));
#4090 = ORIENTED_EDGE('',*,*,#2122,.F.);
#4091 = ORIENTED_EDGE('',*,*,#4085,.F.);
#4092 = CYLINDRICAL_SURFACE('',#4093,1.65);
#4093 = AXIS2_PLACEMENT_3D('',#4094,#4095,#4096);
#4094 = CARTESIAN_POINT('',(104.915637,-126.000991,-4.5E-02));
#4095 = DIRECTION('',(-0.,-0.,-1.));
#4096 = DIRECTION('',(-0.,-1.,0.));
#4097 = ADVANCED_FACE('',(#4098),#4109,.F.);
#4098 = FACE_BOUND('',#4099,.T.);
#4099 = EDGE_LOOP('',(#4100,#4101,#4107,#4108));
#4100 = ORIENTED_EDGE('',*,*,#211,.T.);
#4101 = ORIENTED_EDGE('',*,*,#4102,.T.);
#4102 = EDGE_CURVE('',#212,#2134,#4103,.T.);
#4103 = LINE('',#4104,#4105);
#4104 = CARTESIAN_POINT('',(112.165637,-120.150991,-4.5E-02));
#4105 = VECTOR('',#4106,1.);
#4106 = DIRECTION('',(0.,0.,1.));
#4107 = ORIENTED_EDGE('',*,*,#2133,.F.);
#4108 = ORIENTED_EDGE('',*,*,#4102,.F.);
#4109 = CYLINDRICAL_SURFACE('',#4110,0.65);
#4110 = AXIS2_PLACEMENT_3D('',#4111,#4112,#4113);
#4111 = CARTESIAN_POINT('',(112.165637,-119.500991,-4.5E-02));
#4112 = DIRECTION('',(-0.,-0.,-1.));
#4113 = DIRECTION('',(-0.,-1.,0.));
#4114 = ADVANCED_FACE('',(#4115),#4126,.F.);
#4115 = FACE_BOUND('',#4116,.T.);
#4116 = EDGE_LOOP('',(#4117,#4118,#4124,#4125));
#4117 = ORIENTED_EDGE('',*,*,#222,.T.);
#4118 = ORIENTED_EDGE('',*,*,#4119,.T.);
#4119 = EDGE_CURVE('',#223,#2145,#4120,.T.);
#4120 = LINE('',#4121,#4122);
#4121 = CARTESIAN_POINT('',(115.165637,-120.150991,-4.5E-02));
#4122 = VECTOR('',#4123,1.);
#4123 = DIRECTION('',(0.,0.,1.));
#4124 = ORIENTED_EDGE('',*,*,#2144,.F.);
#4125 = ORIENTED_EDGE('',*,*,#4119,.F.);
#4126 = CYLINDRICAL_SURFACE('',#4127,0.65);
#4127 = AXIS2_PLACEMENT_3D('',#4128,#4129,#4130);
#4128 = CARTESIAN_POINT('',(115.165637,-119.500991,-4.5E-02));
#4129 = DIRECTION('',(-0.,-0.,-1.));
#4130 = DIRECTION('',(-0.,-1.,0.));
#4131 = ADVANCED_FACE('',(#4132),#4143,.F.);
#4132 = FACE_BOUND('',#4133,.T.);
#4133 = EDGE_LOOP('',(#4134,#4135,#4141,#4142));
#4134 = ORIENTED_EDGE('',*,*,#233,.T.);
#4135 = ORIENTED_EDGE('',*,*,#4136,.T.);
#4136 = EDGE_CURVE('',#234,#2156,#4137,.T.);
#4137 = LINE('',#4138,#4139);
#4138 = CARTESIAN_POINT('',(118.165637,-120.150991,-4.5E-02));
#4139 = VECTOR('',#4140,1.);
#4140 = DIRECTION('',(0.,0.,1.));
#4141 = ORIENTED_EDGE('',*,*,#2155,.F.);
#4142 = ORIENTED_EDGE('',*,*,#4136,.F.);
#4143 = CYLINDRICAL_SURFACE('',#4144,0.65);
#4144 = AXIS2_PLACEMENT_3D('',#4145,#4146,#4147);
#4145 = CARTESIAN_POINT('',(118.165637,-119.500991,-4.5E-02));
#4146 = DIRECTION('',(-0.,-0.,-1.));
#4147 = DIRECTION('',(-0.,-1.,0.));
#4148 = ADVANCED_FACE('',(#4149),#4160,.F.);
#4149 = FACE_BOUND('',#4150,.T.);
#4150 = EDGE_LOOP('',(#4151,#4152,#4158,#4159));
#4151 = ORIENTED_EDGE('',*,*,#244,.T.);
#4152 = ORIENTED_EDGE('',*,*,#4153,.T.);
#4153 = EDGE_CURVE('',#245,#2167,#4154,.T.);
#4154 = LINE('',#4155,#4156);
#4155 = CARTESIAN_POINT('',(121.165637,-120.150991,-4.5E-02));
#4156 = VECTOR('',#4157,1.);
#4157 = DIRECTION('',(0.,0.,1.));
#4158 = ORIENTED_EDGE('',*,*,#2166,.F.);
#4159 = ORIENTED_EDGE('',*,*,#4153,.F.);
#4160 = CYLINDRICAL_SURFACE('',#4161,0.65);
#4161 = AXIS2_PLACEMENT_3D('',#4162,#4163,#4164);
#4162 = CARTESIAN_POINT('',(121.165637,-119.500991,-4.5E-02));
#4163 = DIRECTION('',(-0.,-0.,-1.));
#4164 = DIRECTION('',(-0.,-1.,0.));
#4165 = ADVANCED_FACE('',(#4166),#4177,.F.);
#4166 = FACE_BOUND('',#4167,.T.);
#4167 = EDGE_LOOP('',(#4168,#4169,#4175,#4176));
#4168 = ORIENTED_EDGE('',*,*,#255,.T.);
#4169 = ORIENTED_EDGE('',*,*,#4170,.T.);
#4170 = EDGE_CURVE('',#256,#2178,#4171,.T.);
#4171 = LINE('',#4172,#4173);
#4172 = CARTESIAN_POINT('',(124.165637,-120.150991,-4.5E-02));
#4173 = VECTOR('',#4174,1.);
#4174 = DIRECTION('',(0.,0.,1.));
#4175 = ORIENTED_EDGE('',*,*,#2177,.F.);
#4176 = ORIENTED_EDGE('',*,*,#4170,.F.);
#4177 = CYLINDRICAL_SURFACE('',#4178,0.65);
#4178 = AXIS2_PLACEMENT_3D('',#4179,#4180,#4181);
#4179 = CARTESIAN_POINT('',(124.165637,-119.500991,-4.5E-02));
#4180 = DIRECTION('',(-0.,-0.,-1.));
#4181 = DIRECTION('',(-0.,-1.,0.));
#4182 = ADVANCED_FACE('',(#4183),#4194,.F.);
#4183 = FACE_BOUND('',#4184,.T.);
#4184 = EDGE_LOOP('',(#4185,#4186,#4192,#4193));
#4185 = ORIENTED_EDGE('',*,*,#266,.T.);
#4186 = ORIENTED_EDGE('',*,*,#4187,.T.);
#4187 = EDGE_CURVE('',#267,#2189,#4188,.T.);
#4188 = LINE('',#4189,#4190);
#4189 = CARTESIAN_POINT('',(127.165637,-120.150991,-4.5E-02));
#4190 = VECTOR('',#4191,1.);
#4191 = DIRECTION('',(0.,0.,1.));
#4192 = ORIENTED_EDGE('',*,*,#2188,.F.);
#4193 = ORIENTED_EDGE('',*,*,#4187,.F.);
#4194 = CYLINDRICAL_SURFACE('',#4195,0.65);
#4195 = AXIS2_PLACEMENT_3D('',#4196,#4197,#4198);
#4196 = CARTESIAN_POINT('',(127.165637,-119.500991,-4.5E-02));
#4197 = DIRECTION('',(-0.,-0.,-1.));
#4198 = DIRECTION('',(-0.,-1.,0.));
#4199 = ADVANCED_FACE('',(#4200),#4211,.F.);
#4200 = FACE_BOUND('',#4201,.T.);
#4201 = EDGE_LOOP('',(#4202,#4203,#4209,#4210));
#4202 = ORIENTED_EDGE('',*,*,#277,.T.);
#4203 = ORIENTED_EDGE('',*,*,#4204,.T.);
#4204 = EDGE_CURVE('',#278,#2200,#4205,.T.);
#4205 = LINE('',#4206,#4207);
#4206 = CARTESIAN_POINT('',(143.415637,-127.650991,-4.5E-02));
#4207 = VECTOR('',#4208,1.);
#4208 = DIRECTION('',(0.,0.,1.));
#4209 = ORIENTED_EDGE('',*,*,#2199,.F.);
#4210 = ORIENTED_EDGE('',*,*,#4204,.F.);
#4211 = CYLINDRICAL_SURFACE('',#4212,1.65);
#4212 = AXIS2_PLACEMENT_3D('',#4213,#4214,#4215);
#4213 = CARTESIAN_POINT('',(143.415637,-126.000991,-4.5E-02));
#4214 = DIRECTION('',(-0.,-0.,-1.));
#4215 = DIRECTION('',(-0.,-1.,0.));
#4216 = ADVANCED_FACE('',(#4217),#4228,.F.);
#4217 = FACE_BOUND('',#4218,.T.);
#4218 = EDGE_LOOP('',(#4219,#4220,#4226,#4227));
#4219 = ORIENTED_EDGE('',*,*,#288,.T.);
#4220 = ORIENTED_EDGE('',*,*,#4221,.T.);
#4221 = EDGE_CURVE('',#289,#2211,#4222,.T.);
#4222 = LINE('',#4223,#4224);
#4223 = CARTESIAN_POINT('',(130.165637,-120.150991,-4.5E-02));
#4224 = VECTOR('',#4225,1.);
#4225 = DIRECTION('',(0.,0.,1.));
#4226 = ORIENTED_EDGE('',*,*,#2210,.F.);
#4227 = ORIENTED_EDGE('',*,*,#4221,.F.);
#4228 = CYLINDRICAL_SURFACE('',#4229,0.65);
#4229 = AXIS2_PLACEMENT_3D('',#4230,#4231,#4232);
#4230 = CARTESIAN_POINT('',(130.165637,-119.500991,-4.5E-02));
#4231 = DIRECTION('',(-0.,-0.,-1.));
#4232 = DIRECTION('',(-0.,-1.,0.));
#4233 = ADVANCED_FACE('',(#4234),#4245,.F.);
#4234 = FACE_BOUND('',#4235,.T.);
#4235 = EDGE_LOOP('',(#4236,#4237,#4243,#4244));
#4236 = ORIENTED_EDGE('',*,*,#299,.T.);
#4237 = ORIENTED_EDGE('',*,*,#4238,.T.);
#4238 = EDGE_CURVE('',#300,#2222,#4239,.T.);
#4239 = LINE('',#4240,#4241);
#4240 = CARTESIAN_POINT('',(133.165637,-120.150991,-4.5E-02));
#4241 = VECTOR('',#4242,1.);
#4242 = DIRECTION('',(0.,0.,1.));
#4243 = ORIENTED_EDGE('',*,*,#2221,.F.);
#4244 = ORIENTED_EDGE('',*,*,#4238,.F.);
#4245 = CYLINDRICAL_SURFACE('',#4246,0.65);
#4246 = AXIS2_PLACEMENT_3D('',#4247,#4248,#4249);
#4247 = CARTESIAN_POINT('',(133.165637,-119.500991,-4.5E-02));
#4248 = DIRECTION('',(-0.,-0.,-1.));
#4249 = DIRECTION('',(-0.,-1.,0.));
#4250 = ADVANCED_FACE('',(#4251),#4262,.F.);
#4251 = FACE_BOUND('',#4252,.T.);
#4252 = EDGE_LOOP('',(#4253,#4254,#4260,#4261));
#4253 = ORIENTED_EDGE('',*,*,#310,.T.);
#4254 = ORIENTED_EDGE('',*,*,#4255,.T.);
#4255 = EDGE_CURVE('',#311,#2233,#4256,.T.);
#4256 = LINE('',#4257,#4258);
#4257 = CARTESIAN_POINT('',(136.165637,-120.150991,-4.5E-02));
#4258 = VECTOR('',#4259,1.);
#4259 = DIRECTION('',(0.,0.,1.));
#4260 = ORIENTED_EDGE('',*,*,#2232,.F.);
#4261 = ORIENTED_EDGE('',*,*,#4255,.F.);
#4262 = CYLINDRICAL_SURFACE('',#4263,0.65);
#4263 = AXIS2_PLACEMENT_3D('',#4264,#4265,#4266);
#4264 = CARTESIAN_POINT('',(136.165637,-119.500991,-4.5E-02));
#4265 = DIRECTION('',(-0.,-0.,-1.));
#4266 = DIRECTION('',(-0.,-1.,0.));
#4267 = ADVANCED_FACE('',(#4268),#4279,.F.);
#4268 = FACE_BOUND('',#4269,.T.);
#4269 = EDGE_LOOP('',(#4270,#4271,#4277,#4278));
#4270 = ORIENTED_EDGE('',*,*,#321,.T.);
#4271 = ORIENTED_EDGE('',*,*,#4272,.T.);
#4272 = EDGE_CURVE('',#322,#2244,#4273,.T.);
#4273 = LINE('',#4274,#4275);
#4274 = CARTESIAN_POINT('',(113.665637,-117.650991,-4.5E-02));
#4275 = VECTOR('',#4276,1.);
#4276 = DIRECTION('',(0.,0.,1.));
#4277 = ORIENTED_EDGE('',*,*,#2243,.F.);
#4278 = ORIENTED_EDGE('',*,*,#4272,.F.);
#4279 = CYLINDRICAL_SURFACE('',#4280,0.65);
#4280 = AXIS2_PLACEMENT_3D('',#4281,#4282,#4283);
#4281 = CARTESIAN_POINT('',(113.665637,-117.000991,-4.5E-02));
#4282 = DIRECTION('',(-0.,-0.,-1.));
#4283 = DIRECTION('',(-0.,-1.,0.));
#4284 = ADVANCED_FACE('',(#4285),#4296,.F.);
#4285 = FACE_BOUND('',#4286,.T.);
#4286 = EDGE_LOOP('',(#4287,#4288,#4294,#4295));
#4287 = ORIENTED_EDGE('',*,*,#332,.T.);
#4288 = ORIENTED_EDGE('',*,*,#4289,.T.);
#4289 = EDGE_CURVE('',#333,#2255,#4290,.T.);
#4290 = LINE('',#4291,#4292);
#4291 = CARTESIAN_POINT('',(116.665637,-117.650991,-4.5E-02));
#4292 = VECTOR('',#4293,1.);
#4293 = DIRECTION('',(0.,0.,1.));
#4294 = ORIENTED_EDGE('',*,*,#2254,.F.);
#4295 = ORIENTED_EDGE('',*,*,#4289,.F.);
#4296 = CYLINDRICAL_SURFACE('',#4297,0.65);
#4297 = AXIS2_PLACEMENT_3D('',#4298,#4299,#4300);
#4298 = CARTESIAN_POINT('',(116.665637,-117.000991,-4.5E-02));
#4299 = DIRECTION('',(-0.,-0.,-1.));
#4300 = DIRECTION('',(-0.,-1.,0.));
#4301 = ADVANCED_FACE('',(#4302),#4313,.F.);
#4302 = FACE_BOUND('',#4303,.T.);
#4303 = EDGE_LOOP('',(#4304,#4305,#4311,#4312));
#4304 = ORIENTED_EDGE('',*,*,#343,.T.);
#4305 = ORIENTED_EDGE('',*,*,#4306,.T.);
#4306 = EDGE_CURVE('',#344,#2266,#4307,.T.);
#4307 = LINE('',#4308,#4309);
#4308 = CARTESIAN_POINT('',(119.665637,-117.650991,-4.5E-02));
#4309 = VECTOR('',#4310,1.);
#4310 = DIRECTION('',(0.,0.,1.));
#4311 = ORIENTED_EDGE('',*,*,#2265,.F.);
#4312 = ORIENTED_EDGE('',*,*,#4306,.F.);
#4313 = CYLINDRICAL_SURFACE('',#4314,0.65);
#4314 = AXIS2_PLACEMENT_3D('',#4315,#4316,#4317);
#4315 = CARTESIAN_POINT('',(119.665637,-117.000991,-4.5E-02));
#4316 = DIRECTION('',(-0.,-0.,-1.));
#4317 = DIRECTION('',(-0.,-1.,0.));
#4318 = ADVANCED_FACE('',(#4319),#4330,.F.);
#4319 = FACE_BOUND('',#4320,.T.);
#4320 = EDGE_LOOP('',(#4321,#4322,#4328,#4329));
#4321 = ORIENTED_EDGE('',*,*,#354,.T.);
#4322 = ORIENTED_EDGE('',*,*,#4323,.T.);
#4323 = EDGE_CURVE('',#355,#2277,#4324,.T.);
#4324 = LINE('',#4325,#4326);
#4325 = CARTESIAN_POINT('',(113.665637,-114.650991,-4.5E-02));
#4326 = VECTOR('',#4327,1.);
#4327 = DIRECTION('',(0.,0.,1.));
#4328 = ORIENTED_EDGE('',*,*,#2276,.F.);
#4329 = ORIENTED_EDGE('',*,*,#4323,.F.);
#4330 = CYLINDRICAL_SURFACE('',#4331,0.65);
#4331 = AXIS2_PLACEMENT_3D('',#4332,#4333,#4334);
#4332 = CARTESIAN_POINT('',(113.665637,-114.000991,-4.5E-02));
#4333 = DIRECTION('',(-0.,-0.,-1.));
#4334 = DIRECTION('',(-0.,-1.,0.));
#4335 = ADVANCED_FACE('',(#4336),#4347,.F.);
#4336 = FACE_BOUND('',#4337,.T.);
#4337 = EDGE_LOOP('',(#4338,#4339,#4345,#4346));
#4338 = ORIENTED_EDGE('',*,*,#365,.T.);
#4339 = ORIENTED_EDGE('',*,*,#4340,.T.);
#4340 = EDGE_CURVE('',#366,#2288,#4341,.T.);
#4341 = LINE('',#4342,#4343);
#4342 = CARTESIAN_POINT('',(116.665637,-114.650991,-4.5E-02));
#4343 = VECTOR('',#4344,1.);
#4344 = DIRECTION('',(0.,0.,1.));
#4345 = ORIENTED_EDGE('',*,*,#2287,.F.);
#4346 = ORIENTED_EDGE('',*,*,#4340,.F.);
#4347 = CYLINDRICAL_SURFACE('',#4348,0.65);
#4348 = AXIS2_PLACEMENT_3D('',#4349,#4350,#4351);
#4349 = CARTESIAN_POINT('',(116.665637,-114.000991,-4.5E-02));
#4350 = DIRECTION('',(-0.,-0.,-1.));
#4351 = DIRECTION('',(-0.,-1.,0.));
#4352 = ADVANCED_FACE('',(#4353),#4364,.F.);
#4353 = FACE_BOUND('',#4354,.T.);
#4354 = EDGE_LOOP('',(#4355,#4356,#4362,#4363));
#4355 = ORIENTED_EDGE('',*,*,#376,.T.);
#4356 = ORIENTED_EDGE('',*,*,#4357,.T.);
#4357 = EDGE_CURVE('',#377,#2299,#4358,.T.);
#4358 = LINE('',#4359,#4360);
#4359 = CARTESIAN_POINT('',(119.665637,-114.650991,-4.5E-02));
#4360 = VECTOR('',#4361,1.);
#4361 = DIRECTION('',(0.,0.,1.));
#4362 = ORIENTED_EDGE('',*,*,#2298,.F.);
#4363 = ORIENTED_EDGE('',*,*,#4357,.F.);
#4364 = CYLINDRICAL_SURFACE('',#4365,0.65);
#4365 = AXIS2_PLACEMENT_3D('',#4366,#4367,#4368);
#4366 = CARTESIAN_POINT('',(119.665637,-114.000991,-4.5E-02));
#4367 = DIRECTION('',(-0.,-0.,-1.));
#4368 = DIRECTION('',(-0.,-1.,0.));
#4369 = ADVANCED_FACE('',(#4370),#4381,.F.);
#4370 = FACE_BOUND('',#4371,.T.);
#4371 = EDGE_LOOP('',(#4372,#4373,#4379,#4380));
#4372 = ORIENTED_EDGE('',*,*,#387,.T.);
#4373 = ORIENTED_EDGE('',*,*,#4374,.T.);
#4374 = EDGE_CURVE('',#388,#2310,#4375,.T.);
#4375 = LINE('',#4376,#4377);
#4376 = CARTESIAN_POINT('',(122.665637,-117.650991,-4.5E-02));
#4377 = VECTOR('',#4378,1.);
#4378 = DIRECTION('',(0.,0.,1.));
#4379 = ORIENTED_EDGE('',*,*,#2309,.F.);
#4380 = ORIENTED_EDGE('',*,*,#4374,.F.);
#4381 = CYLINDRICAL_SURFACE('',#4382,0.65);
#4382 = AXIS2_PLACEMENT_3D('',#4383,#4384,#4385);
#4383 = CARTESIAN_POINT('',(122.665637,-117.000991,-4.5E-02));
#4384 = DIRECTION('',(-0.,-0.,-1.));
#4385 = DIRECTION('',(-0.,-1.,0.));
#4386 = ADVANCED_FACE('',(#4387),#4398,.F.);
#4387 = FACE_BOUND('',#4388,.T.);
#4388 = EDGE_LOOP('',(#4389,#4390,#4396,#4397));
#4389 = ORIENTED_EDGE('',*,*,#398,.T.);
#4390 = ORIENTED_EDGE('',*,*,#4391,.T.);
#4391 = EDGE_CURVE('',#399,#2321,#4392,.T.);
#4392 = LINE('',#4393,#4394);
#4393 = CARTESIAN_POINT('',(125.665637,-117.650991,-4.5E-02));
#4394 = VECTOR('',#4395,1.);
#4395 = DIRECTION('',(0.,0.,1.));
#4396 = ORIENTED_EDGE('',*,*,#2320,.F.);
#4397 = ORIENTED_EDGE('',*,*,#4391,.F.);
#4398 = CYLINDRICAL_SURFACE('',#4399,0.65);
#4399 = AXIS2_PLACEMENT_3D('',#4400,#4401,#4402);
#4400 = CARTESIAN_POINT('',(125.665637,-117.000991,-4.5E-02));
#4401 = DIRECTION('',(-0.,-0.,-1.));
#4402 = DIRECTION('',(-0.,-1.,0.));
#4403 = ADVANCED_FACE('',(#4404),#4415,.F.);
#4404 = FACE_BOUND('',#4405,.T.);
#4405 = EDGE_LOOP('',(#4406,#4407,#4413,#4414));
#4406 = ORIENTED_EDGE('',*,*,#409,.T.);
#4407 = ORIENTED_EDGE('',*,*,#4408,.T.);
#4408 = EDGE_CURVE('',#410,#2332,#4409,.T.);
#4409 = LINE('',#4410,#4411);
#4410 = CARTESIAN_POINT('',(128.665637,-117.650991,-4.5E-02));
#4411 = VECTOR('',#4412,1.);
#4412 = DIRECTION('',(0.,0.,1.));
#4413 = ORIENTED_EDGE('',*,*,#2331,.F.);
#4414 = ORIENTED_EDGE('',*,*,#4408,.F.);
#4415 = CYLINDRICAL_SURFACE('',#4416,0.65);
#4416 = AXIS2_PLACEMENT_3D('',#4417,#4418,#4419);
#4417 = CARTESIAN_POINT('',(128.665637,-117.000991,-4.5E-02));
#4418 = DIRECTION('',(-0.,-0.,-1.));
#4419 = DIRECTION('',(-0.,-1.,0.));
#4420 = ADVANCED_FACE('',(#4421),#4432,.F.);
#4421 = FACE_BOUND('',#4422,.T.);
#4422 = EDGE_LOOP('',(#4423,#4424,#4430,#4431));
#4423 = ORIENTED_EDGE('',*,*,#420,.T.);
#4424 = ORIENTED_EDGE('',*,*,#4425,.T.);
#4425 = EDGE_CURVE('',#421,#2343,#4426,.T.);
#4426 = LINE('',#4427,#4428);
#4427 = CARTESIAN_POINT('',(122.665637,-114.650991,-4.5E-02));
#4428 = VECTOR('',#4429,1.);
#4429 = DIRECTION('',(0.,0.,1.));
#4430 = ORIENTED_EDGE('',*,*,#2342,.F.);
#4431 = ORIENTED_EDGE('',*,*,#4425,.F.);
#4432 = CYLINDRICAL_SURFACE('',#4433,0.65);
#4433 = AXIS2_PLACEMENT_3D('',#4434,#4435,#4436);
#4434 = CARTESIAN_POINT('',(122.665637,-114.000991,-4.5E-02));
#4435 = DIRECTION('',(-0.,-0.,-1.));
#4436 = DIRECTION('',(-0.,-1.,0.));
#4437 = ADVANCED_FACE('',(#4438),#4449,.F.);
#4438 = FACE_BOUND('',#4439,.T.);
#4439 = EDGE_LOOP('',(#4440,#4441,#4447,#4448));
#4440 = ORIENTED_EDGE('',*,*,#431,.T.);
#4441 = ORIENTED_EDGE('',*,*,#4442,.T.);
#4442 = EDGE_CURVE('',#432,#2354,#4443,.T.);
#4443 = LINE('',#4444,#4445);
#4444 = CARTESIAN_POINT('',(125.665637,-114.650991,-4.5E-02));
#4445 = VECTOR('',#4446,1.);
#4446 = DIRECTION('',(0.,0.,1.));
#4447 = ORIENTED_EDGE('',*,*,#2353,.F.);
#4448 = ORIENTED_EDGE('',*,*,#4442,.F.);
#4449 = CYLINDRICAL_SURFACE('',#4450,0.65);
#4450 = AXIS2_PLACEMENT_3D('',#4451,#4452,#4453);
#4451 = CARTESIAN_POINT('',(125.665637,-114.000991,-4.5E-02));
#4452 = DIRECTION('',(-0.,-0.,-1.));
#4453 = DIRECTION('',(-0.,-1.,0.));
#4454 = ADVANCED_FACE('',(#4455),#4466,.F.);
#4455 = FACE_BOUND('',#4456,.T.);
#4456 = EDGE_LOOP('',(#4457,#4458,#4464,#4465));
#4457 = ORIENTED_EDGE('',*,*,#442,.T.);
#4458 = ORIENTED_EDGE('',*,*,#4459,.T.);
#4459 = EDGE_CURVE('',#443,#2365,#4460,.T.);
#4460 = LINE('',#4461,#4462);
#4461 = CARTESIAN_POINT('',(128.665637,-114.650991,-4.5E-02));
#4462 = VECTOR('',#4463,1.);
#4463 = DIRECTION('',(0.,0.,1.));
#4464 = ORIENTED_EDGE('',*,*,#2364,.F.);
#4465 = ORIENTED_EDGE('',*,*,#4459,.F.);
#4466 = CYLINDRICAL_SURFACE('',#4467,0.65);
#4467 = AXIS2_PLACEMENT_3D('',#4468,#4469,#4470);
#4468 = CARTESIAN_POINT('',(128.665637,-114.000991,-4.5E-02));
#4469 = DIRECTION('',(-0.,-0.,-1.));
#4470 = DIRECTION('',(-0.,-1.,0.));
#4471 = ADVANCED_FACE('',(#4472),#4483,.F.);
#4472 = FACE_BOUND('',#4473,.T.);
#4473 = EDGE_LOOP('',(#4474,#4475,#4481,#4482));
#4474 = ORIENTED_EDGE('',*,*,#453,.T.);
#4475 = ORIENTED_EDGE('',*,*,#4476,.T.);
#4476 = EDGE_CURVE('',#454,#2376,#4477,.T.);
#4477 = LINE('',#4478,#4479);
#4478 = CARTESIAN_POINT('',(112.165637,-112.150991,-4.5E-02));
#4479 = VECTOR('',#4480,1.);
#4480 = DIRECTION('',(0.,0.,1.));
#4481 = ORIENTED_EDGE('',*,*,#2375,.F.);
#4482 = ORIENTED_EDGE('',*,*,#4476,.F.);
#4483 = CYLINDRICAL_SURFACE('',#4484,0.65);
#4484 = AXIS2_PLACEMENT_3D('',#4485,#4486,#4487);
#4485 = CARTESIAN_POINT('',(112.165637,-111.500991,-4.5E-02));
#4486 = DIRECTION('',(-0.,-0.,-1.));
#4487 = DIRECTION('',(-0.,-1.,0.));
#4488 = ADVANCED_FACE('',(#4489),#4500,.F.);
#4489 = FACE_BOUND('',#4490,.T.);
#4490 = EDGE_LOOP('',(#4491,#4492,#4498,#4499));
#4491 = ORIENTED_EDGE('',*,*,#464,.T.);
#4492 = ORIENTED_EDGE('',*,*,#4493,.T.);
#4493 = EDGE_CURVE('',#465,#2387,#4494,.T.);
#4494 = LINE('',#4495,#4496);
#4495 = CARTESIAN_POINT('',(115.165637,-112.150991,-4.5E-02));
#4496 = VECTOR('',#4497,1.);
#4497 = DIRECTION('',(0.,0.,1.));
#4498 = ORIENTED_EDGE('',*,*,#2386,.F.);
#4499 = ORIENTED_EDGE('',*,*,#4493,.F.);
#4500 = CYLINDRICAL_SURFACE('',#4501,0.65);
#4501 = AXIS2_PLACEMENT_3D('',#4502,#4503,#4504);
#4502 = CARTESIAN_POINT('',(115.165637,-111.500991,-4.5E-02));
#4503 = DIRECTION('',(-0.,-0.,-1.));
#4504 = DIRECTION('',(-0.,-1.,0.));
#4505 = ADVANCED_FACE('',(#4506),#4517,.F.);
#4506 = FACE_BOUND('',#4507,.T.);
#4507 = EDGE_LOOP('',(#4508,#4509,#4515,#4516));
#4508 = ORIENTED_EDGE('',*,*,#475,.T.);
#4509 = ORIENTED_EDGE('',*,*,#4510,.T.);
#4510 = EDGE_CURVE('',#476,#2398,#4511,.T.);
#4511 = LINE('',#4512,#4513);
#4512 = CARTESIAN_POINT('',(118.165637,-112.150991,-4.5E-02));
#4513 = VECTOR('',#4514,1.);
#4514 = DIRECTION('',(0.,0.,1.));
#4515 = ORIENTED_EDGE('',*,*,#2397,.F.);
#4516 = ORIENTED_EDGE('',*,*,#4510,.F.);
#4517 = CYLINDRICAL_SURFACE('',#4518,0.65);
#4518 = AXIS2_PLACEMENT_3D('',#4519,#4520,#4521);
#4519 = CARTESIAN_POINT('',(118.165637,-111.500991,-4.5E-02));
#4520 = DIRECTION('',(-0.,-0.,-1.));
#4521 = DIRECTION('',(-0.,-1.,0.));
#4522 = ADVANCED_FACE('',(#4523),#4534,.F.);
#4523 = FACE_BOUND('',#4524,.T.);
#4524 = EDGE_LOOP('',(#4525,#4526,#4532,#4533));
#4525 = ORIENTED_EDGE('',*,*,#486,.T.);
#4526 = ORIENTED_EDGE('',*,*,#4527,.T.);
#4527 = EDGE_CURVE('',#487,#2409,#4528,.T.);
#4528 = LINE('',#4529,#4530);
#4529 = CARTESIAN_POINT('',(121.165637,-112.150991,-4.5E-02));
#4530 = VECTOR('',#4531,1.);
#4531 = DIRECTION('',(0.,0.,1.));
#4532 = ORIENTED_EDGE('',*,*,#2408,.F.);
#4533 = ORIENTED_EDGE('',*,*,#4527,.F.);
#4534 = CYLINDRICAL_SURFACE('',#4535,0.65);
#4535 = AXIS2_PLACEMENT_3D('',#4536,#4537,#4538);
#4536 = CARTESIAN_POINT('',(121.165637,-111.500991,-4.5E-02));
#4537 = DIRECTION('',(-0.,-0.,-1.));
#4538 = DIRECTION('',(-0.,-1.,0.));
#4539 = ADVANCED_FACE('',(#4540),#4551,.F.);
#4540 = FACE_BOUND('',#4541,.T.);
#4541 = EDGE_LOOP('',(#4542,#4543,#4549,#4550));
#4542 = ORIENTED_EDGE('',*,*,#497,.T.);
#4543 = ORIENTED_EDGE('',*,*,#4544,.T.);
#4544 = EDGE_CURVE('',#498,#2420,#4545,.T.);
#4545 = LINE('',#4546,#4547);
#4546 = CARTESIAN_POINT('',(124.165637,-112.150991,-4.5E-02));
#4547 = VECTOR('',#4548,1.);
#4548 = DIRECTION('',(0.,0.,1.));
#4549 = ORIENTED_EDGE('',*,*,#2419,.F.);
#4550 = ORIENTED_EDGE('',*,*,#4544,.F.);
#4551 = CYLINDRICAL_SURFACE('',#4552,0.65);
#4552 = AXIS2_PLACEMENT_3D('',#4553,#4554,#4555);
#4553 = CARTESIAN_POINT('',(124.165637,-111.500991,-4.5E-02));
#4554 = DIRECTION('',(-0.,-0.,-1.));
#4555 = DIRECTION('',(-0.,-1.,0.));
#4556 = ADVANCED_FACE('',(#4557),#4568,.F.);
#4557 = FACE_BOUND('',#4558,.T.);
#4558 = EDGE_LOOP('',(#4559,#4560,#4566,#4567));
#4559 = ORIENTED_EDGE('',*,*,#508,.T.);
#4560 = ORIENTED_EDGE('',*,*,#4561,.T.);
#4561 = EDGE_CURVE('',#509,#2431,#4562,.T.);
#4562 = LINE('',#4563,#4564);
#4563 = CARTESIAN_POINT('',(127.165637,-112.150991,-4.5E-02));
#4564 = VECTOR('',#4565,1.);
#4565 = DIRECTION('',(0.,0.,1.));
#4566 = ORIENTED_EDGE('',*,*,#2430,.F.);
#4567 = ORIENTED_EDGE('',*,*,#4561,.F.);
#4568 = CYLINDRICAL_SURFACE('',#4569,0.65);
#4569 = AXIS2_PLACEMENT_3D('',#4570,#4571,#4572);
#4570 = CARTESIAN_POINT('',(127.165637,-111.500991,-4.5E-02));
#4571 = DIRECTION('',(-0.,-0.,-1.));
#4572 = DIRECTION('',(-0.,-1.,0.));
#4573 = ADVANCED_FACE('',(#4574),#4585,.F.);
#4574 = FACE_BOUND('',#4575,.T.);
#4575 = EDGE_LOOP('',(#4576,#4577,#4583,#4584));
#4576 = ORIENTED_EDGE('',*,*,#519,.T.);
#4577 = ORIENTED_EDGE('',*,*,#4578,.T.);
#4578 = EDGE_CURVE('',#520,#2442,#4579,.T.);
#4579 = LINE('',#4580,#4581);
#4580 = CARTESIAN_POINT('',(131.665637,-117.650991,-4.5E-02));
#4581 = VECTOR('',#4582,1.);
#4582 = DIRECTION('',(0.,0.,1.));
#4583 = ORIENTED_EDGE('',*,*,#2441,.F.);
#4584 = ORIENTED_EDGE('',*,*,#4578,.F.);
#4585 = CYLINDRICAL_SURFACE('',#4586,0.65);
#4586 = AXIS2_PLACEMENT_3D('',#4587,#4588,#4589);
#4587 = CARTESIAN_POINT('',(131.665637,-117.000991,-4.5E-02));
#4588 = DIRECTION('',(-0.,-0.,-1.));
#4589 = DIRECTION('',(-0.,-1.,0.));
#4590 = ADVANCED_FACE('',(#4591),#4602,.F.);
#4591 = FACE_BOUND('',#4592,.T.);
#4592 = EDGE_LOOP('',(#4593,#4594,#4600,#4601));
#4593 = ORIENTED_EDGE('',*,*,#530,.T.);
#4594 = ORIENTED_EDGE('',*,*,#4595,.T.);
#4595 = EDGE_CURVE('',#531,#2453,#4596,.T.);
#4596 = LINE('',#4597,#4598);
#4597 = CARTESIAN_POINT('',(134.665637,-117.650991,-4.5E-02));
#4598 = VECTOR('',#4599,1.);
#4599 = DIRECTION('',(0.,0.,1.));
#4600 = ORIENTED_EDGE('',*,*,#2452,.F.);
#4601 = ORIENTED_EDGE('',*,*,#4595,.F.);
#4602 = CYLINDRICAL_SURFACE('',#4603,0.65);
#4603 = AXIS2_PLACEMENT_3D('',#4604,#4605,#4606);
#4604 = CARTESIAN_POINT('',(134.665637,-117.000991,-4.5E-02));
#4605 = DIRECTION('',(-0.,-0.,-1.));
#4606 = DIRECTION('',(-0.,-1.,0.));
#4607 = ADVANCED_FACE('',(#4608),#4619,.F.);
#4608 = FACE_BOUND('',#4609,.T.);
#4609 = EDGE_LOOP('',(#4610,#4611,#4617,#4618));
#4610 = ORIENTED_EDGE('',*,*,#541,.T.);
#4611 = ORIENTED_EDGE('',*,*,#4612,.T.);
#4612 = EDGE_CURVE('',#542,#2464,#4613,.T.);
#4613 = LINE('',#4614,#4615);
#4614 = CARTESIAN_POINT('',(131.665637,-114.650991,-4.5E-02));
#4615 = VECTOR('',#4616,1.);
#4616 = DIRECTION('',(0.,0.,1.));
#4617 = ORIENTED_EDGE('',*,*,#2463,.F.);
#4618 = ORIENTED_EDGE('',*,*,#4612,.F.);
#4619 = CYLINDRICAL_SURFACE('',#4620,0.65);
#4620 = AXIS2_PLACEMENT_3D('',#4621,#4622,#4623);
#4621 = CARTESIAN_POINT('',(131.665637,-114.000991,-4.5E-02));
#4622 = DIRECTION('',(-0.,-0.,-1.));
#4623 = DIRECTION('',(-0.,-1.,0.));
#4624 = ADVANCED_FACE('',(#4625),#4636,.F.);
#4625 = FACE_BOUND('',#4626,.T.);
#4626 = EDGE_LOOP('',(#4627,#4628,#4634,#4635));
#4627 = ORIENTED_EDGE('',*,*,#552,.T.);
#4628 = ORIENTED_EDGE('',*,*,#4629,.T.);
#4629 = EDGE_CURVE('',#553,#2475,#4630,.T.);
#4630 = LINE('',#4631,#4632);
#4631 = CARTESIAN_POINT('',(134.665637,-114.650991,-4.5E-02));
#4632 = VECTOR('',#4633,1.);
#4633 = DIRECTION('',(0.,0.,1.));
#4634 = ORIENTED_EDGE('',*,*,#2474,.F.);
#4635 = ORIENTED_EDGE('',*,*,#4629,.F.);
#4636 = CYLINDRICAL_SURFACE('',#4637,0.65);
#4637 = AXIS2_PLACEMENT_3D('',#4638,#4639,#4640);
#4638 = CARTESIAN_POINT('',(134.665637,-114.000991,-4.5E-02));
#4639 = DIRECTION('',(-0.,-0.,-1.));
#4640 = DIRECTION('',(-0.,-1.,0.));
#4641 = ADVANCED_FACE('',(#4642),#4653,.F.);
#4642 = FACE_BOUND('',#4643,.T.);
#4643 = EDGE_LOOP('',(#4644,#4645,#4651,#4652));
#4644 = ORIENTED_EDGE('',*,*,#563,.T.);
#4645 = ORIENTED_EDGE('',*,*,#4646,.T.);
#4646 = EDGE_CURVE('',#564,#2486,#4647,.T.);
#4647 = LINE('',#4648,#4649);
#4648 = CARTESIAN_POINT('',(130.165637,-112.150991,-4.5E-02));
#4649 = VECTOR('',#4650,1.);
#4650 = DIRECTION('',(0.,0.,1.));
#4651 = ORIENTED_EDGE('',*,*,#2485,.F.);
#4652 = ORIENTED_EDGE('',*,*,#4646,.F.);
#4653 = CYLINDRICAL_SURFACE('',#4654,0.65);
#4654 = AXIS2_PLACEMENT_3D('',#4655,#4656,#4657);
#4655 = CARTESIAN_POINT('',(130.165637,-111.500991,-4.5E-02));
#4656 = DIRECTION('',(-0.,-0.,-1.));
#4657 = DIRECTION('',(-0.,-1.,0.));
#4658 = ADVANCED_FACE('',(#4659),#4670,.F.);
#4659 = FACE_BOUND('',#4660,.T.);
#4660 = EDGE_LOOP('',(#4661,#4662,#4668,#4669));
#4661 = ORIENTED_EDGE('',*,*,#574,.T.);
#4662 = ORIENTED_EDGE('',*,*,#4663,.T.);
#4663 = EDGE_CURVE('',#575,#2497,#4664,.T.);
#4664 = LINE('',#4665,#4666);
#4665 = CARTESIAN_POINT('',(133.165637,-112.150991,-4.5E-02));
#4666 = VECTOR('',#4667,1.);
#4667 = DIRECTION('',(0.,0.,1.));
#4668 = ORIENTED_EDGE('',*,*,#2496,.F.);
#4669 = ORIENTED_EDGE('',*,*,#4663,.F.);
#4670 = CYLINDRICAL_SURFACE('',#4671,0.65);
#4671 = AXIS2_PLACEMENT_3D('',#4672,#4673,#4674);
#4672 = CARTESIAN_POINT('',(133.165637,-111.500991,-4.5E-02));
#4673 = DIRECTION('',(-0.,-0.,-1.));
#4674 = DIRECTION('',(-0.,-1.,0.));
#4675 = ADVANCED_FACE('',(#4676),#4687,.F.);
#4676 = FACE_BOUND('',#4677,.T.);
#4677 = EDGE_LOOP('',(#4678,#4679,#4685,#4686));
#4678 = ORIENTED_EDGE('',*,*,#585,.T.);
#4679 = ORIENTED_EDGE('',*,*,#4680,.T.);
#4680 = EDGE_CURVE('',#586,#2508,#4681,.T.);
#4681 = LINE('',#4682,#4683);
#4682 = CARTESIAN_POINT('',(136.165637,-112.150991,-4.5E-02));
#4683 = VECTOR('',#4684,1.);
#4684 = DIRECTION('',(0.,0.,1.));
#4685 = ORIENTED_EDGE('',*,*,#2507,.F.);
#4686 = ORIENTED_EDGE('',*,*,#4680,.F.);
#4687 = CYLINDRICAL_SURFACE('',#4688,0.65);
#4688 = AXIS2_PLACEMENT_3D('',#4689,#4690,#4691);
#4689 = CARTESIAN_POINT('',(136.165637,-111.500991,-4.5E-02));
#4690 = DIRECTION('',(-0.,-0.,-1.));
#4691 = DIRECTION('',(-0.,-1.,0.));
#4692 = ADVANCED_FACE('',(#4693),#4704,.F.);
#4693 = FACE_BOUND('',#4694,.T.);
#4694 = EDGE_LOOP('',(#4695,#4696,#4702,#4703));
#4695 = ORIENTED_EDGE('',*,*,#596,.T.);
#4696 = ORIENTED_EDGE('',*,*,#4697,.T.);
#4697 = EDGE_CURVE('',#597,#2519,#4698,.T.);
#4698 = LINE('',#4699,#4700);
#4699 = CARTESIAN_POINT('',(109.431588,-103.085757,-4.5E-02));
#4700 = VECTOR('',#4701,1.);
#4701 = DIRECTION('',(0.,0.,1.));
#4702 = ORIENTED_EDGE('',*,*,#2518,.F.);
#4703 = ORIENTED_EDGE('',*,*,#4697,.F.);
#4704 = CYLINDRICAL_SURFACE('',#4705,1.85);
#4705 = AXIS2_PLACEMENT_3D('',#4706,#4707,#4708);
#4706 = CARTESIAN_POINT('',(109.431588,-101.235757,-4.5E-02));
#4707 = DIRECTION('',(-0.,-0.,-1.));
#4708 = DIRECTION('',(-0.,-1.,0.));
#4709 = ADVANCED_FACE('',(#4710),#4721,.F.);
#4710 = FACE_BOUND('',#4711,.T.);
#4711 = EDGE_LOOP('',(#4712,#4713,#4719,#4720));
#4712 = ORIENTED_EDGE('',*,*,#607,.T.);
#4713 = ORIENTED_EDGE('',*,*,#4714,.T.);
#4714 = EDGE_CURVE('',#608,#2530,#4715,.T.);
#4715 = LINE('',#4716,#4717);
#4716 = CARTESIAN_POINT('',(81.087133,-95.620991,-4.5E-02));
#4717 = VECTOR('',#4718,1.);
#4718 = DIRECTION('',(0.,0.,1.));
#4719 = ORIENTED_EDGE('',*,*,#2529,.F.);
#4720 = ORIENTED_EDGE('',*,*,#4714,.F.);
#4721 = CYLINDRICAL_SURFACE('',#4722,1.85);
#4722 = AXIS2_PLACEMENT_3D('',#4723,#4724,#4725);
#4723 = CARTESIAN_POINT('',(81.087133,-93.770991,-4.5E-02));
#4724 = DIRECTION('',(-0.,-0.,-1.));
#4725 = DIRECTION('',(-0.,-1.,0.));
#4726 = ADVANCED_FACE('',(#4727),#4738,.F.);
#4727 = FACE_BOUND('',#4728,.T.);
#4728 = EDGE_LOOP('',(#4729,#4730,#4736,#4737));
#4729 = ORIENTED_EDGE('',*,*,#618,.T.);
#4730 = ORIENTED_EDGE('',*,*,#4731,.T.);
#4731 = EDGE_CURVE('',#619,#2541,#4732,.T.);
#4732 = LINE('',#4733,#4734);
#4733 = CARTESIAN_POINT('',(86.39,-90.30245,-4.5E-02));
#4734 = VECTOR('',#4735,1.);
#4735 = DIRECTION('',(0.,0.,1.));
#4736 = ORIENTED_EDGE('',*,*,#2540,.F.);
#4737 = ORIENTED_EDGE('',*,*,#4731,.F.);
#4738 = CYLINDRICAL_SURFACE('',#4739,1.18745);
#4739 = AXIS2_PLACEMENT_3D('',#4740,#4741,#4742);
#4740 = CARTESIAN_POINT('',(86.39,-89.115,-4.5E-02));
#4741 = DIRECTION('',(-0.,-0.,-1.));
#4742 = DIRECTION('',(-0.,-1.,0.));
#4743 = ADVANCED_FACE('',(#4744),#4755,.F.);
#4744 = FACE_BOUND('',#4745,.T.);
#4745 = EDGE_LOOP('',(#4746,#4747,#4753,#4754));
#4746 = ORIENTED_EDGE('',*,*,#629,.T.);
#4747 = ORIENTED_EDGE('',*,*,#4748,.T.);
#4748 = EDGE_CURVE('',#630,#2552,#4749,.T.);
#4749 = LINE('',#4750,#4751);
#4750 = CARTESIAN_POINT('',(89.565,-90.30245,-4.5E-02));
#4751 = VECTOR('',#4752,1.);
#4752 = DIRECTION('',(0.,0.,1.));
#4753 = ORIENTED_EDGE('',*,*,#2551,.F.);
#4754 = ORIENTED_EDGE('',*,*,#4748,.F.);
#4755 = CYLINDRICAL_SURFACE('',#4756,1.18745);
#4756 = AXIS2_PLACEMENT_3D('',#4757,#4758,#4759);
#4757 = CARTESIAN_POINT('',(89.565,-89.115,-4.5E-02));
#4758 = DIRECTION('',(-0.,-0.,-1.));
#4759 = DIRECTION('',(-0.,-1.,0.));
#4760 = ADVANCED_FACE('',(#4761),#4772,.F.);
#4761 = FACE_BOUND('',#4762,.T.);
#4762 = EDGE_LOOP('',(#4763,#4764,#4770,#4771));
#4763 = ORIENTED_EDGE('',*,*,#640,.T.);
#4764 = ORIENTED_EDGE('',*,*,#4765,.T.);
#4765 = EDGE_CURVE('',#641,#2563,#4766,.T.);
#4766 = LINE('',#4767,#4768);
#4767 = CARTESIAN_POINT('',(86.39,-87.0703,-4.5E-02));
#4768 = VECTOR('',#4769,1.);
#4769 = DIRECTION('',(0.,0.,1.));
#4770 = ORIENTED_EDGE('',*,*,#2562,.F.);
#4771 = ORIENTED_EDGE('',*,*,#4765,.F.);
#4772 = CYLINDRICAL_SURFACE('',#4773,0.4953);
#4773 = AXIS2_PLACEMENT_3D('',#4774,#4775,#4776);
#4774 = CARTESIAN_POINT('',(86.39,-86.575,-4.5E-02));
#4775 = DIRECTION('',(-0.,-0.,-1.));
#4776 = DIRECTION('',(-0.,-1.,0.));
#4777 = ADVANCED_FACE('',(#4778),#4789,.F.);
#4778 = FACE_BOUND('',#4779,.T.);
#4779 = EDGE_LOOP('',(#4780,#4781,#4787,#4788));
#4780 = ORIENTED_EDGE('',*,*,#651,.T.);
#4781 = ORIENTED_EDGE('',*,*,#4782,.T.);
#4782 = EDGE_CURVE('',#652,#2574,#4783,.T.);
#4783 = LINE('',#4784,#4785);
#4784 = CARTESIAN_POINT('',(91.47,-88.0863,-4.5E-02));
#4785 = VECTOR('',#4786,1.);
#4786 = DIRECTION('',(0.,0.,1.));
#4787 = ORIENTED_EDGE('',*,*,#2573,.F.);
#4788 = ORIENTED_EDGE('',*,*,#4782,.F.);
#4789 = CYLINDRICAL_SURFACE('',#4790,0.4953);
#4790 = AXIS2_PLACEMENT_3D('',#4791,#4792,#4793);
#4791 = CARTESIAN_POINT('',(91.47,-87.591,-4.5E-02));
#4792 = DIRECTION('',(-0.,-0.,-1.));
#4793 = DIRECTION('',(-0.,-1.,0.));
#4794 = ADVANCED_FACE('',(#4795),#4806,.F.);
#4795 = FACE_BOUND('',#4796,.T.);
#4796 = EDGE_LOOP('',(#4797,#4798,#4804,#4805));
#4797 = ORIENTED_EDGE('',*,*,#662,.T.);
#4798 = ORIENTED_EDGE('',*,*,#4799,.T.);
#4799 = EDGE_CURVE('',#663,#2585,#4800,.T.);
#4800 = LINE('',#4801,#4802);
#4801 = CARTESIAN_POINT('',(91.47,-86.0543,-4.5E-02));
#4802 = VECTOR('',#4803,1.);
#4803 = DIRECTION('',(0.,0.,1.));
#4804 = ORIENTED_EDGE('',*,*,#2584,.F.);
#4805 = ORIENTED_EDGE('',*,*,#4799,.F.);
#4806 = CYLINDRICAL_SURFACE('',#4807,0.4953);
#4807 = AXIS2_PLACEMENT_3D('',#4808,#4809,#4810);
#4808 = CARTESIAN_POINT('',(91.47,-85.559,-4.5E-02));
#4809 = DIRECTION('',(-0.,-0.,-1.));
#4810 = DIRECTION('',(-0.,-1.,0.));
#4811 = ADVANCED_FACE('',(#4812),#4823,.F.);
#4812 = FACE_BOUND('',#4813,.T.);
#4813 = EDGE_LOOP('',(#4814,#4815,#4821,#4822));
#4814 = ORIENTED_EDGE('',*,*,#673,.T.);
#4815 = ORIENTED_EDGE('',*,*,#4816,.T.);
#4816 = EDGE_CURVE('',#674,#2596,#4817,.T.);
#4817 = LINE('',#4818,#4819);
#4818 = CARTESIAN_POINT('',(99.173133,-95.620991,-4.5E-02));
#4819 = VECTOR('',#4820,1.);
#4820 = DIRECTION('',(0.,0.,1.));
#4821 = ORIENTED_EDGE('',*,*,#2595,.F.);
#4822 = ORIENTED_EDGE('',*,*,#4816,.F.);
#4823 = CYLINDRICAL_SURFACE('',#4824,1.85);
#4824 = AXIS2_PLACEMENT_3D('',#4825,#4826,#4827);
#4825 = CARTESIAN_POINT('',(99.173133,-93.770991,-4.5E-02));
#4826 = DIRECTION('',(-0.,-0.,-1.));
#4827 = DIRECTION('',(-0.,-1.,0.));
#4828 = ADVANCED_FACE('',(#4829),#4840,.F.);
#4829 = FACE_BOUND('',#4830,.T.);
#4830 = EDGE_LOOP('',(#4831,#4832,#4838,#4839));
#4831 = ORIENTED_EDGE('',*,*,#684,.T.);
#4832 = ORIENTED_EDGE('',*,*,#4833,.T.);
#4833 = EDGE_CURVE('',#685,#2607,#4834,.T.);
#4834 = LINE('',#4835,#4836);
#4835 = CARTESIAN_POINT('',(99.15,-88.01,-4.5E-02));
#4836 = VECTOR('',#4837,1.);
#4837 = DIRECTION('',(0.,0.,1.));
#4838 = ORIENTED_EDGE('',*,*,#2606,.F.);
#4839 = ORIENTED_EDGE('',*,*,#4833,.F.);
#4840 = CYLINDRICAL_SURFACE('',#4841,0.51);
#4841 = AXIS2_PLACEMENT_3D('',#4842,#4843,#4844);
#4842 = CARTESIAN_POINT('',(99.15,-87.5,-4.5E-02));
#4843 = DIRECTION('',(-0.,-0.,-1.));
#4844 = DIRECTION('',(-0.,-1.,0.));
#4845 = ADVANCED_FACE('',(#4846),#4857,.F.);
#4846 = FACE_BOUND('',#4847,.T.);
#4847 = EDGE_LOOP('',(#4848,#4849,#4855,#4856));
#4848 = ORIENTED_EDGE('',*,*,#695,.T.);
#4849 = ORIENTED_EDGE('',*,*,#4850,.T.);
#4850 = EDGE_CURVE('',#696,#2618,#4851,.T.);
#4851 = LINE('',#4852,#4853);
#4852 = CARTESIAN_POINT('',(117.901588,-99.930757,-4.5E-02));
#4853 = VECTOR('',#4854,1.);
#4854 = DIRECTION('',(0.,0.,1.));
#4855 = ORIENTED_EDGE('',*,*,#2617,.F.);
#4856 = ORIENTED_EDGE('',*,*,#4850,.F.);
#4857 = CYLINDRICAL_SURFACE('',#4858,0.71);
#4858 = AXIS2_PLACEMENT_3D('',#4859,#4860,#4861);
#4859 = CARTESIAN_POINT('',(117.901588,-99.220757,-4.5E-02));
#4860 = DIRECTION('',(-0.,-0.,-1.));
#4861 = DIRECTION('',(-0.,-1.,0.));
#4862 = ADVANCED_FACE('',(#4863),#4874,.F.);
#4863 = FACE_BOUND('',#4864,.T.);
#4864 = EDGE_LOOP('',(#4865,#4866,#4872,#4873));
#4865 = ORIENTED_EDGE('',*,*,#706,.T.);
#4866 = ORIENTED_EDGE('',*,*,#4867,.T.);
#4867 = EDGE_CURVE('',#707,#2629,#4868,.T.);
#4868 = LINE('',#4869,#4870);
#4869 = CARTESIAN_POINT('',(132.511588,-99.930757,-4.5E-02));
#4870 = VECTOR('',#4871,1.);
#4871 = DIRECTION('',(0.,0.,1.));
#4872 = ORIENTED_EDGE('',*,*,#2628,.F.);
#4873 = ORIENTED_EDGE('',*,*,#4867,.F.);
#4874 = CYLINDRICAL_SURFACE('',#4875,0.71);
#4875 = AXIS2_PLACEMENT_3D('',#4876,#4877,#4878);
#4876 = CARTESIAN_POINT('',(132.511588,-99.220757,-4.5E-02));
#4877 = DIRECTION('',(-0.,-0.,-1.));
#4878 = DIRECTION('',(-4.003057666254E-14,-1.,0.));
#4879 = ADVANCED_FACE('',(#4880),#4891,.F.);
#4880 = FACE_BOUND('',#4881,.T.);
#4881 = EDGE_LOOP('',(#4882,#4883,#4889,#4890));
#4882 = ORIENTED_EDGE('',*,*,#717,.T.);
#4883 = ORIENTED_EDGE('',*,*,#4884,.T.);
#4884 = EDGE_CURVE('',#718,#2640,#4885,.T.);
#4885 = LINE('',#4886,#4887);
#4886 = CARTESIAN_POINT('',(140.419588,-103.085757,-4.5E-02));
#4887 = VECTOR('',#4888,1.);
#4888 = DIRECTION('',(0.,0.,1.));
#4889 = ORIENTED_EDGE('',*,*,#2639,.F.);
#4890 = ORIENTED_EDGE('',*,*,#4884,.F.);
#4891 = CYLINDRICAL_SURFACE('',#4892,1.85);
#4892 = AXIS2_PLACEMENT_3D('',#4893,#4894,#4895);
#4893 = CARTESIAN_POINT('',(140.419588,-101.235757,-4.5E-02));
#4894 = DIRECTION('',(-0.,-0.,-1.));
#4895 = DIRECTION('',(-0.,-1.,0.));
#4896 = ADVANCED_FACE('',(#4897),#4908,.F.);
#4897 = FACE_BOUND('',#4898,.T.);
#4898 = EDGE_LOOP('',(#4899,#4900,#4906,#4907));
#4899 = ORIENTED_EDGE('',*,*,#728,.T.);
#4900 = ORIENTED_EDGE('',*,*,#4901,.T.);
#4901 = EDGE_CURVE('',#729,#2651,#4902,.T.);
#4902 = LINE('',#4903,#4904);
#4903 = CARTESIAN_POINT('',(152.115637,-127.650991,-4.5E-02));
#4904 = VECTOR('',#4905,1.);
#4905 = DIRECTION('',(0.,0.,1.));
#4906 = ORIENTED_EDGE('',*,*,#2650,.F.);
#4907 = ORIENTED_EDGE('',*,*,#4901,.F.);
#4908 = CYLINDRICAL_SURFACE('',#4909,1.65);
#4909 = AXIS2_PLACEMENT_3D('',#4910,#4911,#4912);
#4910 = CARTESIAN_POINT('',(152.115637,-126.000991,-4.5E-02));
#4911 = DIRECTION('',(-0.,-0.,-1.));
#4912 = DIRECTION('',(-0.,-1.,0.));
#4913 = ADVANCED_FACE('',(#4914),#4925,.F.);
#4914 = FACE_BOUND('',#4915,.T.);
#4915 = EDGE_LOOP('',(#4916,#4917,#4923,#4924));
#4916 = ORIENTED_EDGE('',*,*,#739,.T.);
#4917 = ORIENTED_EDGE('',*,*,#4918,.T.);
#4918 = EDGE_CURVE('',#740,#2662,#4919,.T.);
#4919 = LINE('',#4920,#4921);
#4920 = CARTESIAN_POINT('',(159.365637,-120.150991,-4.5E-02));
#4921 = VECTOR('',#4922,1.);
#4922 = DIRECTION('',(0.,0.,1.));
#4923 = ORIENTED_EDGE('',*,*,#2661,.F.);
#4924 = ORIENTED_EDGE('',*,*,#4918,.F.);
#4925 = CYLINDRICAL_SURFACE('',#4926,0.65);
#4926 = AXIS2_PLACEMENT_3D('',#4927,#4928,#4929);
#4927 = CARTESIAN_POINT('',(159.365637,-119.500991,-4.5E-02));
#4928 = DIRECTION('',(-0.,-0.,-1.));
#4929 = DIRECTION('',(-0.,-1.,0.));
#4930 = ADVANCED_FACE('',(#4931),#4942,.F.);
#4931 = FACE_BOUND('',#4932,.T.);
#4932 = EDGE_LOOP('',(#4933,#4934,#4940,#4941));
#4933 = ORIENTED_EDGE('',*,*,#750,.T.);
#4934 = ORIENTED_EDGE('',*,*,#4935,.T.);
#4935 = EDGE_CURVE('',#751,#2673,#4936,.T.);
#4936 = LINE('',#4937,#4938);
#4937 = CARTESIAN_POINT('',(162.365637,-120.150991,-4.5E-02));
#4938 = VECTOR('',#4939,1.);
#4939 = DIRECTION('',(0.,0.,1.));
#4940 = ORIENTED_EDGE('',*,*,#2672,.F.);
#4941 = ORIENTED_EDGE('',*,*,#4935,.F.);
#4942 = CYLINDRICAL_SURFACE('',#4943,0.65);
#4943 = AXIS2_PLACEMENT_3D('',#4944,#4945,#4946);
#4944 = CARTESIAN_POINT('',(162.365637,-119.500991,-4.5E-02));
#4945 = DIRECTION('',(-0.,-0.,-1.));
#4946 = DIRECTION('',(-0.,-1.,0.));
#4947 = ADVANCED_FACE('',(#4948),#4959,.F.);
#4948 = FACE_BOUND('',#4949,.T.);
#4949 = EDGE_LOOP('',(#4950,#4951,#4957,#4958));
#4950 = ORIENTED_EDGE('',*,*,#761,.T.);
#4951 = ORIENTED_EDGE('',*,*,#4952,.T.);
#4952 = EDGE_CURVE('',#762,#2684,#4953,.T.);
#4953 = LINE('',#4954,#4955);
#4954 = CARTESIAN_POINT('',(165.365637,-120.150991,-4.5E-02));
#4955 = VECTOR('',#4956,1.);
#4956 = DIRECTION('',(0.,0.,1.));
#4957 = ORIENTED_EDGE('',*,*,#2683,.F.);
#4958 = ORIENTED_EDGE('',*,*,#4952,.F.);
#4959 = CYLINDRICAL_SURFACE('',#4960,0.65);
#4960 = AXIS2_PLACEMENT_3D('',#4961,#4962,#4963);
#4961 = CARTESIAN_POINT('',(165.365637,-119.500991,-4.5E-02));
#4962 = DIRECTION('',(-0.,-0.,-1.));
#4963 = DIRECTION('',(-0.,-1.,0.));
#4964 = ADVANCED_FACE('',(#4965),#4976,.F.);
#4965 = FACE_BOUND('',#4966,.T.);
#4966 = EDGE_LOOP('',(#4967,#4968,#4974,#4975));
#4967 = ORIENTED_EDGE('',*,*,#772,.T.);
#4968 = ORIENTED_EDGE('',*,*,#4969,.T.);
#4969 = EDGE_CURVE('',#773,#2695,#4970,.T.);
#4970 = LINE('',#4971,#4972);
#4971 = CARTESIAN_POINT('',(168.365637,-120.150991,-4.5E-02));
#4972 = VECTOR('',#4973,1.);
#4973 = DIRECTION('',(0.,0.,1.));
#4974 = ORIENTED_EDGE('',*,*,#2694,.F.);
#4975 = ORIENTED_EDGE('',*,*,#4969,.F.);
#4976 = CYLINDRICAL_SURFACE('',#4977,0.65);
#4977 = AXIS2_PLACEMENT_3D('',#4978,#4979,#4980);
#4978 = CARTESIAN_POINT('',(168.365637,-119.500991,-4.5E-02));
#4979 = DIRECTION('',(-0.,-0.,-1.));
#4980 = DIRECTION('',(-0.,-1.,0.));
#4981 = ADVANCED_FACE('',(#4982),#4993,.F.);
#4982 = FACE_BOUND('',#4983,.T.);
#4983 = EDGE_LOOP('',(#4984,#4985,#4991,#4992));
#4984 = ORIENTED_EDGE('',*,*,#783,.T.);
#4985 = ORIENTED_EDGE('',*,*,#4986,.T.);
#4986 = EDGE_CURVE('',#784,#2706,#4987,.T.);
#4987 = LINE('',#4988,#4989);
#4988 = CARTESIAN_POINT('',(171.365637,-120.150991,-4.5E-02));
#4989 = VECTOR('',#4990,1.);
#4990 = DIRECTION('',(0.,0.,1.));
#4991 = ORIENTED_EDGE('',*,*,#2705,.F.);
#4992 = ORIENTED_EDGE('',*,*,#4986,.F.);
#4993 = CYLINDRICAL_SURFACE('',#4994,0.65);
#4994 = AXIS2_PLACEMENT_3D('',#4995,#4996,#4997);
#4995 = CARTESIAN_POINT('',(171.365637,-119.500991,-4.5E-02));
#4996 = DIRECTION('',(-0.,-0.,-1.));
#4997 = DIRECTION('',(-0.,-1.,0.));
#4998 = ADVANCED_FACE('',(#4999),#5010,.F.);
#4999 = FACE_BOUND('',#5000,.T.);
#5000 = EDGE_LOOP('',(#5001,#5002,#5008,#5009));
#5001 = ORIENTED_EDGE('',*,*,#794,.T.);
#5002 = ORIENTED_EDGE('',*,*,#5003,.T.);
#5003 = EDGE_CURVE('',#795,#2717,#5004,.T.);
#5004 = LINE('',#5005,#5006);
#5005 = CARTESIAN_POINT('',(174.365637,-120.150991,-4.5E-02));
#5006 = VECTOR('',#5007,1.);
#5007 = DIRECTION('',(0.,0.,1.));
#5008 = ORIENTED_EDGE('',*,*,#2716,.F.);
#5009 = ORIENTED_EDGE('',*,*,#5003,.F.);
#5010 = CYLINDRICAL_SURFACE('',#5011,0.65);
#5011 = AXIS2_PLACEMENT_3D('',#5012,#5013,#5014);
#5012 = CARTESIAN_POINT('',(174.365637,-119.500991,-4.5E-02));
#5013 = DIRECTION('',(-0.,-0.,-1.));
#5014 = DIRECTION('',(-0.,-1.,0.));
#5015 = ADVANCED_FACE('',(#5016),#5027,.F.);
#5016 = FACE_BOUND('',#5017,.T.);
#5017 = EDGE_LOOP('',(#5018,#5019,#5025,#5026));
#5018 = ORIENTED_EDGE('',*,*,#805,.T.);
#5019 = ORIENTED_EDGE('',*,*,#5020,.T.);
#5020 = EDGE_CURVE('',#806,#2728,#5021,.T.);
#5021 = LINE('',#5022,#5023);
#5022 = CARTESIAN_POINT('',(177.365637,-120.150991,-4.5E-02));
#5023 = VECTOR('',#5024,1.);
#5024 = DIRECTION('',(0.,0.,1.));
#5025 = ORIENTED_EDGE('',*,*,#2727,.F.);
#5026 = ORIENTED_EDGE('',*,*,#5020,.F.);
#5027 = CYLINDRICAL_SURFACE('',#5028,0.65);
#5028 = AXIS2_PLACEMENT_3D('',#5029,#5030,#5031);
#5029 = CARTESIAN_POINT('',(177.365637,-119.500991,-4.5E-02));
#5030 = DIRECTION('',(-0.,-0.,-1.));
#5031 = DIRECTION('',(-0.,-1.,0.));
#5032 = ADVANCED_FACE('',(#5033),#5044,.F.);
#5033 = FACE_BOUND('',#5034,.T.);
#5034 = EDGE_LOOP('',(#5035,#5036,#5042,#5043));
#5035 = ORIENTED_EDGE('',*,*,#816,.T.);
#5036 = ORIENTED_EDGE('',*,*,#5037,.T.);
#5037 = EDGE_CURVE('',#817,#2739,#5038,.T.);
#5038 = LINE('',#5039,#5040);
#5039 = CARTESIAN_POINT('',(180.365637,-120.150991,-4.5E-02));
#5040 = VECTOR('',#5041,1.);
#5041 = DIRECTION('',(0.,0.,1.));
#5042 = ORIENTED_EDGE('',*,*,#2738,.F.);
#5043 = ORIENTED_EDGE('',*,*,#5037,.F.);
#5044 = CYLINDRICAL_SURFACE('',#5045,0.65);
#5045 = AXIS2_PLACEMENT_3D('',#5046,#5047,#5048);
#5046 = CARTESIAN_POINT('',(180.365637,-119.500991,-4.5E-02));
#5047 = DIRECTION('',(-0.,-0.,-1.));
#5048 = DIRECTION('',(-0.,-1.,0.));
#5049 = ADVANCED_FACE('',(#5050),#5061,.F.);
#5050 = FACE_BOUND('',#5051,.T.);
#5051 = EDGE_LOOP('',(#5052,#5053,#5059,#5060));
#5052 = ORIENTED_EDGE('',*,*,#827,.T.);
#5053 = ORIENTED_EDGE('',*,*,#5054,.T.);
#5054 = EDGE_CURVE('',#828,#2750,#5055,.T.);
#5055 = LINE('',#5056,#5057);
#5056 = CARTESIAN_POINT('',(183.365637,-120.150991,-4.5E-02));
#5057 = VECTOR('',#5058,1.);
#5058 = DIRECTION('',(0.,0.,1.));
#5059 = ORIENTED_EDGE('',*,*,#2749,.F.);
#5060 = ORIENTED_EDGE('',*,*,#5054,.F.);
#5061 = CYLINDRICAL_SURFACE('',#5062,0.65);
#5062 = AXIS2_PLACEMENT_3D('',#5063,#5064,#5065);
#5063 = CARTESIAN_POINT('',(183.365637,-119.500991,-4.5E-02));
#5064 = DIRECTION('',(-0.,-0.,-1.));
#5065 = DIRECTION('',(-0.,-1.,0.));
#5066 = ADVANCED_FACE('',(#5067),#5078,.F.);
#5067 = FACE_BOUND('',#5068,.T.);
#5068 = EDGE_LOOP('',(#5069,#5070,#5076,#5077));
#5069 = ORIENTED_EDGE('',*,*,#838,.T.);
#5070 = ORIENTED_EDGE('',*,*,#5071,.T.);
#5071 = EDGE_CURVE('',#839,#2761,#5072,.T.);
#5072 = LINE('',#5073,#5074);
#5073 = CARTESIAN_POINT('',(160.865637,-117.650991,-4.5E-02));
#5074 = VECTOR('',#5075,1.);
#5075 = DIRECTION('',(0.,0.,1.));
#5076 = ORIENTED_EDGE('',*,*,#2760,.F.);
#5077 = ORIENTED_EDGE('',*,*,#5071,.F.);
#5078 = CYLINDRICAL_SURFACE('',#5079,0.65);
#5079 = AXIS2_PLACEMENT_3D('',#5080,#5081,#5082);
#5080 = CARTESIAN_POINT('',(160.865637,-117.000991,-4.5E-02));
#5081 = DIRECTION('',(-0.,-0.,-1.));
#5082 = DIRECTION('',(-0.,-1.,0.));
#5083 = ADVANCED_FACE('',(#5084),#5095,.F.);
#5084 = FACE_BOUND('',#5085,.T.);
#5085 = EDGE_LOOP('',(#5086,#5087,#5093,#5094));
#5086 = ORIENTED_EDGE('',*,*,#849,.T.);
#5087 = ORIENTED_EDGE('',*,*,#5088,.T.);
#5088 = EDGE_CURVE('',#850,#2772,#5089,.T.);
#5089 = LINE('',#5090,#5091);
#5090 = CARTESIAN_POINT('',(163.865637,-117.650991,-4.5E-02));
#5091 = VECTOR('',#5092,1.);
#5092 = DIRECTION('',(0.,0.,1.));
#5093 = ORIENTED_EDGE('',*,*,#2771,.F.);
#5094 = ORIENTED_EDGE('',*,*,#5088,.F.);
#5095 = CYLINDRICAL_SURFACE('',#5096,0.65);
#5096 = AXIS2_PLACEMENT_3D('',#5097,#5098,#5099);
#5097 = CARTESIAN_POINT('',(163.865637,-117.000991,-4.5E-02));
#5098 = DIRECTION('',(-0.,-0.,-1.));
#5099 = DIRECTION('',(-0.,-1.,0.));
#5100 = ADVANCED_FACE('',(#5101),#5112,.F.);
#5101 = FACE_BOUND('',#5102,.T.);
#5102 = EDGE_LOOP('',(#5103,#5104,#5110,#5111));
#5103 = ORIENTED_EDGE('',*,*,#860,.T.);
#5104 = ORIENTED_EDGE('',*,*,#5105,.T.);
#5105 = EDGE_CURVE('',#861,#2783,#5106,.T.);
#5106 = LINE('',#5107,#5108);
#5107 = CARTESIAN_POINT('',(160.865637,-114.650991,-4.5E-02));
#5108 = VECTOR('',#5109,1.);
#5109 = DIRECTION('',(0.,0.,1.));
#5110 = ORIENTED_EDGE('',*,*,#2782,.F.);
#5111 = ORIENTED_EDGE('',*,*,#5105,.F.);
#5112 = CYLINDRICAL_SURFACE('',#5113,0.65);
#5113 = AXIS2_PLACEMENT_3D('',#5114,#5115,#5116);
#5114 = CARTESIAN_POINT('',(160.865637,-114.000991,-4.5E-02));
#5115 = DIRECTION('',(-0.,-0.,-1.));
#5116 = DIRECTION('',(-0.,-1.,0.));
#5117 = ADVANCED_FACE('',(#5118),#5129,.F.);
#5118 = FACE_BOUND('',#5119,.T.);
#5119 = EDGE_LOOP('',(#5120,#5121,#5127,#5128));
#5120 = ORIENTED_EDGE('',*,*,#871,.T.);
#5121 = ORIENTED_EDGE('',*,*,#5122,.T.);
#5122 = EDGE_CURVE('',#872,#2794,#5123,.T.);
#5123 = LINE('',#5124,#5125);
#5124 = CARTESIAN_POINT('',(163.865637,-114.650991,-4.5E-02));
#5125 = VECTOR('',#5126,1.);
#5126 = DIRECTION('',(0.,0.,1.));
#5127 = ORIENTED_EDGE('',*,*,#2793,.F.);
#5128 = ORIENTED_EDGE('',*,*,#5122,.F.);
#5129 = CYLINDRICAL_SURFACE('',#5130,0.65);
#5130 = AXIS2_PLACEMENT_3D('',#5131,#5132,#5133);
#5131 = CARTESIAN_POINT('',(163.865637,-114.000991,-4.5E-02));
#5132 = DIRECTION('',(-0.,-0.,-1.));
#5133 = DIRECTION('',(-0.,-1.,0.));
#5134 = ADVANCED_FACE('',(#5135),#5146,.F.);
#5135 = FACE_BOUND('',#5136,.T.);
#5136 = EDGE_LOOP('',(#5137,#5138,#5144,#5145));
#5137 = ORIENTED_EDGE('',*,*,#882,.T.);
#5138 = ORIENTED_EDGE('',*,*,#5139,.T.);
#5139 = EDGE_CURVE('',#883,#2805,#5140,.T.);
#5140 = LINE('',#5141,#5142);
#5141 = CARTESIAN_POINT('',(159.365637,-112.150991,-4.5E-02));
#5142 = VECTOR('',#5143,1.);
#5143 = DIRECTION('',(0.,0.,1.));
#5144 = ORIENTED_EDGE('',*,*,#2804,.F.);
#5145 = ORIENTED_EDGE('',*,*,#5139,.F.);
#5146 = CYLINDRICAL_SURFACE('',#5147,0.65);
#5147 = AXIS2_PLACEMENT_3D('',#5148,#5149,#5150);
#5148 = CARTESIAN_POINT('',(159.365637,-111.500991,-4.5E-02));
#5149 = DIRECTION('',(-0.,-0.,-1.));
#5150 = DIRECTION('',(-0.,-1.,0.));
#5151 = ADVANCED_FACE('',(#5152),#5163,.F.);
#5152 = FACE_BOUND('',#5153,.T.);
#5153 = EDGE_LOOP('',(#5154,#5155,#5161,#5162));
#5154 = ORIENTED_EDGE('',*,*,#893,.T.);
#5155 = ORIENTED_EDGE('',*,*,#5156,.T.);
#5156 = EDGE_CURVE('',#894,#2816,#5157,.T.);
#5157 = LINE('',#5158,#5159);
#5158 = CARTESIAN_POINT('',(162.365637,-112.150991,-4.5E-02));
#5159 = VECTOR('',#5160,1.);
#5160 = DIRECTION('',(0.,0.,1.));
#5161 = ORIENTED_EDGE('',*,*,#2815,.F.);
#5162 = ORIENTED_EDGE('',*,*,#5156,.F.);
#5163 = CYLINDRICAL_SURFACE('',#5164,0.65);
#5164 = AXIS2_PLACEMENT_3D('',#5165,#5166,#5167);
#5165 = CARTESIAN_POINT('',(162.365637,-111.500991,-4.5E-02));
#5166 = DIRECTION('',(-0.,-0.,-1.));
#5167 = DIRECTION('',(-0.,-1.,0.));
#5168 = ADVANCED_FACE('',(#5169),#5180,.F.);
#5169 = FACE_BOUND('',#5170,.T.);
#5170 = EDGE_LOOP('',(#5171,#5172,#5178,#5179));
#5171 = ORIENTED_EDGE('',*,*,#904,.T.);
#5172 = ORIENTED_EDGE('',*,*,#5173,.T.);
#5173 = EDGE_CURVE('',#905,#2827,#5174,.T.);
#5174 = LINE('',#5175,#5176);
#5175 = CARTESIAN_POINT('',(165.365637,-112.150991,-4.5E-02));
#5176 = VECTOR('',#5177,1.);
#5177 = DIRECTION('',(0.,0.,1.));
#5178 = ORIENTED_EDGE('',*,*,#2826,.F.);
#5179 = ORIENTED_EDGE('',*,*,#5173,.F.);
#5180 = CYLINDRICAL_SURFACE('',#5181,0.65);
#5181 = AXIS2_PLACEMENT_3D('',#5182,#5183,#5184);
#5182 = CARTESIAN_POINT('',(165.365637,-111.500991,-4.5E-02));
#5183 = DIRECTION('',(-0.,-0.,-1.));
#5184 = DIRECTION('',(-0.,-1.,0.));
#5185 = ADVANCED_FACE('',(#5186),#5197,.F.);
#5186 = FACE_BOUND('',#5187,.T.);
#5187 = EDGE_LOOP('',(#5188,#5189,#5195,#5196));
#5188 = ORIENTED_EDGE('',*,*,#915,.T.);
#5189 = ORIENTED_EDGE('',*,*,#5190,.T.);
#5190 = EDGE_CURVE('',#916,#2838,#5191,.T.);
#5191 = LINE('',#5192,#5193);
#5192 = CARTESIAN_POINT('',(166.865637,-117.650991,-4.5E-02));
#5193 = VECTOR('',#5194,1.);
#5194 = DIRECTION('',(0.,0.,1.));
#5195 = ORIENTED_EDGE('',*,*,#2837,.F.);
#5196 = ORIENTED_EDGE('',*,*,#5190,.F.);
#5197 = CYLINDRICAL_SURFACE('',#5198,0.65);
#5198 = AXIS2_PLACEMENT_3D('',#5199,#5200,#5201);
#5199 = CARTESIAN_POINT('',(166.865637,-117.000991,-4.5E-02));
#5200 = DIRECTION('',(-0.,-0.,-1.));
#5201 = DIRECTION('',(-0.,-1.,0.));
#5202 = ADVANCED_FACE('',(#5203),#5214,.F.);
#5203 = FACE_BOUND('',#5204,.T.);
#5204 = EDGE_LOOP('',(#5205,#5206,#5212,#5213));
#5205 = ORIENTED_EDGE('',*,*,#926,.T.);
#5206 = ORIENTED_EDGE('',*,*,#5207,.T.);
#5207 = EDGE_CURVE('',#927,#2849,#5208,.T.);
#5208 = LINE('',#5209,#5210);
#5209 = CARTESIAN_POINT('',(169.865637,-117.650991,-4.5E-02));
#5210 = VECTOR('',#5211,1.);
#5211 = DIRECTION('',(0.,0.,1.));
#5212 = ORIENTED_EDGE('',*,*,#2848,.F.);
#5213 = ORIENTED_EDGE('',*,*,#5207,.F.);
#5214 = CYLINDRICAL_SURFACE('',#5215,0.65);
#5215 = AXIS2_PLACEMENT_3D('',#5216,#5217,#5218);
#5216 = CARTESIAN_POINT('',(169.865637,-117.000991,-4.5E-02));
#5217 = DIRECTION('',(-0.,-0.,-1.));
#5218 = DIRECTION('',(-0.,-1.,0.));
#5219 = ADVANCED_FACE('',(#5220),#5231,.F.);
#5220 = FACE_BOUND('',#5221,.T.);
#5221 = EDGE_LOOP('',(#5222,#5223,#5229,#5230));
#5222 = ORIENTED_EDGE('',*,*,#937,.T.);
#5223 = ORIENTED_EDGE('',*,*,#5224,.T.);
#5224 = EDGE_CURVE('',#938,#2860,#5225,.T.);
#5225 = LINE('',#5226,#5227);
#5226 = CARTESIAN_POINT('',(172.865637,-117.650991,-4.5E-02));
#5227 = VECTOR('',#5228,1.);
#5228 = DIRECTION('',(0.,0.,1.));
#5229 = ORIENTED_EDGE('',*,*,#2859,.F.);
#5230 = ORIENTED_EDGE('',*,*,#5224,.F.);
#5231 = CYLINDRICAL_SURFACE('',#5232,0.65);
#5232 = AXIS2_PLACEMENT_3D('',#5233,#5234,#5235);
#5233 = CARTESIAN_POINT('',(172.865637,-117.000991,-4.5E-02));
#5234 = DIRECTION('',(-0.,-0.,-1.));
#5235 = DIRECTION('',(-0.,-1.,0.));
#5236 = ADVANCED_FACE('',(#5237),#5248,.F.);
#5237 = FACE_BOUND('',#5238,.T.);
#5238 = EDGE_LOOP('',(#5239,#5240,#5246,#5247));
#5239 = ORIENTED_EDGE('',*,*,#948,.T.);
#5240 = ORIENTED_EDGE('',*,*,#5241,.T.);
#5241 = EDGE_CURVE('',#949,#2871,#5242,.T.);
#5242 = LINE('',#5243,#5244);
#5243 = CARTESIAN_POINT('',(166.865637,-114.650991,-4.5E-02));
#5244 = VECTOR('',#5245,1.);
#5245 = DIRECTION('',(0.,0.,1.));
#5246 = ORIENTED_EDGE('',*,*,#2870,.F.);
#5247 = ORIENTED_EDGE('',*,*,#5241,.F.);
#5248 = CYLINDRICAL_SURFACE('',#5249,0.65);
#5249 = AXIS2_PLACEMENT_3D('',#5250,#5251,#5252);
#5250 = CARTESIAN_POINT('',(166.865637,-114.000991,-4.5E-02));
#5251 = DIRECTION('',(-0.,-0.,-1.));
#5252 = DIRECTION('',(-0.,-1.,0.));
#5253 = ADVANCED_FACE('',(#5254),#5265,.F.);
#5254 = FACE_BOUND('',#5255,.T.);
#5255 = EDGE_LOOP('',(#5256,#5257,#5263,#5264));
#5256 = ORIENTED_EDGE('',*,*,#959,.T.);
#5257 = ORIENTED_EDGE('',*,*,#5258,.T.);
#5258 = EDGE_CURVE('',#960,#2882,#5259,.T.);
#5259 = LINE('',#5260,#5261);
#5260 = CARTESIAN_POINT('',(169.865637,-114.650991,-4.5E-02));
#5261 = VECTOR('',#5262,1.);
#5262 = DIRECTION('',(0.,0.,1.));
#5263 = ORIENTED_EDGE('',*,*,#2881,.F.);
#5264 = ORIENTED_EDGE('',*,*,#5258,.F.);
#5265 = CYLINDRICAL_SURFACE('',#5266,0.65);
#5266 = AXIS2_PLACEMENT_3D('',#5267,#5268,#5269);
#5267 = CARTESIAN_POINT('',(169.865637,-114.000991,-4.5E-02));
#5268 = DIRECTION('',(-0.,-0.,-1.));
#5269 = DIRECTION('',(-0.,-1.,0.));
#5270 = ADVANCED_FACE('',(#5271),#5282,.F.);
#5271 = FACE_BOUND('',#5272,.T.);
#5272 = EDGE_LOOP('',(#5273,#5274,#5280,#5281));
#5273 = ORIENTED_EDGE('',*,*,#970,.T.);
#5274 = ORIENTED_EDGE('',*,*,#5275,.T.);
#5275 = EDGE_CURVE('',#971,#2893,#5276,.T.);
#5276 = LINE('',#5277,#5278);
#5277 = CARTESIAN_POINT('',(172.865637,-114.650991,-4.5E-02));
#5278 = VECTOR('',#5279,1.);
#5279 = DIRECTION('',(0.,0.,1.));
#5280 = ORIENTED_EDGE('',*,*,#2892,.F.);
#5281 = ORIENTED_EDGE('',*,*,#5275,.F.);
#5282 = CYLINDRICAL_SURFACE('',#5283,0.65);
#5283 = AXIS2_PLACEMENT_3D('',#5284,#5285,#5286);
#5284 = CARTESIAN_POINT('',(172.865637,-114.000991,-4.5E-02));
#5285 = DIRECTION('',(-0.,-0.,-1.));
#5286 = DIRECTION('',(-0.,-1.,0.));
#5287 = ADVANCED_FACE('',(#5288),#5299,.F.);
#5288 = FACE_BOUND('',#5289,.T.);
#5289 = EDGE_LOOP('',(#5290,#5291,#5297,#5298));
#5290 = ORIENTED_EDGE('',*,*,#981,.T.);
#5291 = ORIENTED_EDGE('',*,*,#5292,.T.);
#5292 = EDGE_CURVE('',#982,#2904,#5293,.T.);
#5293 = LINE('',#5294,#5295);
#5294 = CARTESIAN_POINT('',(175.865637,-117.650991,-4.5E-02));
#5295 = VECTOR('',#5296,1.);
#5296 = DIRECTION('',(0.,0.,1.));
#5297 = ORIENTED_EDGE('',*,*,#2903,.F.);
#5298 = ORIENTED_EDGE('',*,*,#5292,.F.);
#5299 = CYLINDRICAL_SURFACE('',#5300,0.65);
#5300 = AXIS2_PLACEMENT_3D('',#5301,#5302,#5303);
#5301 = CARTESIAN_POINT('',(175.865637,-117.000991,-4.5E-02));
#5302 = DIRECTION('',(-0.,-0.,-1.));
#5303 = DIRECTION('',(-0.,-1.,0.));
#5304 = ADVANCED_FACE('',(#5305),#5316,.F.);
#5305 = FACE_BOUND('',#5306,.T.);
#5306 = EDGE_LOOP('',(#5307,#5308,#5314,#5315));
#5307 = ORIENTED_EDGE('',*,*,#992,.T.);
#5308 = ORIENTED_EDGE('',*,*,#5309,.T.);
#5309 = EDGE_CURVE('',#993,#2915,#5310,.T.);
#5310 = LINE('',#5311,#5312);
#5311 = CARTESIAN_POINT('',(178.865637,-117.650991,-4.5E-02));
#5312 = VECTOR('',#5313,1.);
#5313 = DIRECTION('',(0.,0.,1.));
#5314 = ORIENTED_EDGE('',*,*,#2914,.F.);
#5315 = ORIENTED_EDGE('',*,*,#5309,.F.);
#5316 = CYLINDRICAL_SURFACE('',#5317,0.65);
#5317 = AXIS2_PLACEMENT_3D('',#5318,#5319,#5320);
#5318 = CARTESIAN_POINT('',(178.865637,-117.000991,-4.5E-02));
#5319 = DIRECTION('',(-0.,-0.,-1.));
#5320 = DIRECTION('',(-0.,-1.,0.));
#5321 = ADVANCED_FACE('',(#5322),#5333,.F.);
#5322 = FACE_BOUND('',#5323,.T.);
#5323 = EDGE_LOOP('',(#5324,#5325,#5331,#5332));
#5324 = ORIENTED_EDGE('',*,*,#1003,.T.);
#5325 = ORIENTED_EDGE('',*,*,#5326,.T.);
#5326 = EDGE_CURVE('',#1004,#2926,#5327,.T.);
#5327 = LINE('',#5328,#5329);
#5328 = CARTESIAN_POINT('',(181.865637,-117.650991,-4.5E-02));
#5329 = VECTOR('',#5330,1.);
#5330 = DIRECTION('',(0.,0.,1.));
#5331 = ORIENTED_EDGE('',*,*,#2925,.F.);
#5332 = ORIENTED_EDGE('',*,*,#5326,.F.);
#5333 = CYLINDRICAL_SURFACE('',#5334,0.65);
#5334 = AXIS2_PLACEMENT_3D('',#5335,#5336,#5337);
#5335 = CARTESIAN_POINT('',(181.865637,-117.000991,-4.5E-02));
#5336 = DIRECTION('',(-0.,-0.,-1.));
#5337 = DIRECTION('',(-0.,-1.,0.));
#5338 = ADVANCED_FACE('',(#5339),#5350,.F.);
#5339 = FACE_BOUND('',#5340,.T.);
#5340 = EDGE_LOOP('',(#5341,#5342,#5348,#5349));
#5341 = ORIENTED_EDGE('',*,*,#1014,.T.);
#5342 = ORIENTED_EDGE('',*,*,#5343,.T.);
#5343 = EDGE_CURVE('',#1015,#2937,#5344,.T.);
#5344 = LINE('',#5345,#5346);
#5345 = CARTESIAN_POINT('',(175.865637,-114.650991,-4.5E-02));
#5346 = VECTOR('',#5347,1.);
#5347 = DIRECTION('',(0.,0.,1.));
#5348 = ORIENTED_EDGE('',*,*,#2936,.F.);
#5349 = ORIENTED_EDGE('',*,*,#5343,.F.);
#5350 = CYLINDRICAL_SURFACE('',#5351,0.65);
#5351 = AXIS2_PLACEMENT_3D('',#5352,#5353,#5354);
#5352 = CARTESIAN_POINT('',(175.865637,-114.000991,-4.5E-02));
#5353 = DIRECTION('',(-0.,-0.,-1.));
#5354 = DIRECTION('',(-0.,-1.,0.));
#5355 = ADVANCED_FACE('',(#5356),#5367,.F.);
#5356 = FACE_BOUND('',#5357,.T.);
#5357 = EDGE_LOOP('',(#5358,#5359,#5365,#5366));
#5358 = ORIENTED_EDGE('',*,*,#1025,.T.);
#5359 = ORIENTED_EDGE('',*,*,#5360,.T.);
#5360 = EDGE_CURVE('',#1026,#2948,#5361,.T.);
#5361 = LINE('',#5362,#5363);
#5362 = CARTESIAN_POINT('',(178.865637,-114.650991,-4.5E-02));
#5363 = VECTOR('',#5364,1.);
#5364 = DIRECTION('',(0.,0.,1.));
#5365 = ORIENTED_EDGE('',*,*,#2947,.F.);
#5366 = ORIENTED_EDGE('',*,*,#5360,.F.);
#5367 = CYLINDRICAL_SURFACE('',#5368,0.65);
#5368 = AXIS2_PLACEMENT_3D('',#5369,#5370,#5371);
#5369 = CARTESIAN_POINT('',(178.865637,-114.000991,-4.5E-02));
#5370 = DIRECTION('',(-0.,-0.,-1.));
#5371 = DIRECTION('',(-0.,-1.,0.));
#5372 = ADVANCED_FACE('',(#5373),#5384,.F.);
#5373 = FACE_BOUND('',#5374,.T.);
#5374 = EDGE_LOOP('',(#5375,#5376,#5382,#5383));
#5375 = ORIENTED_EDGE('',*,*,#1036,.T.);
#5376 = ORIENTED_EDGE('',*,*,#5377,.T.);
#5377 = EDGE_CURVE('',#1037,#2959,#5378,.T.);
#5378 = LINE('',#5379,#5380);
#5379 = CARTESIAN_POINT('',(181.865637,-114.650991,-4.5E-02));
#5380 = VECTOR('',#5381,1.);
#5381 = DIRECTION('',(0.,0.,1.));
#5382 = ORIENTED_EDGE('',*,*,#2958,.F.);
#5383 = ORIENTED_EDGE('',*,*,#5377,.F.);
#5384 = CYLINDRICAL_SURFACE('',#5385,0.65);
#5385 = AXIS2_PLACEMENT_3D('',#5386,#5387,#5388);
#5386 = CARTESIAN_POINT('',(181.865637,-114.000991,-4.5E-02));
#5387 = DIRECTION('',(-0.,-0.,-1.));
#5388 = DIRECTION('',(-0.,-1.,0.));
#5389 = ADVANCED_FACE('',(#5390),#5401,.F.);
#5390 = FACE_BOUND('',#5391,.T.);
#5391 = EDGE_LOOP('',(#5392,#5393,#5399,#5400));
#5392 = ORIENTED_EDGE('',*,*,#1047,.T.);
#5393 = ORIENTED_EDGE('',*,*,#5394,.T.);
#5394 = EDGE_CURVE('',#1048,#2970,#5395,.T.);
#5395 = LINE('',#5396,#5397);
#5396 = CARTESIAN_POINT('',(168.365637,-112.150991,-4.5E-02));
#5397 = VECTOR('',#5398,1.);
#5398 = DIRECTION('',(0.,0.,1.));
#5399 = ORIENTED_EDGE('',*,*,#2969,.F.);
#5400 = ORIENTED_EDGE('',*,*,#5394,.F.);
#5401 = CYLINDRICAL_SURFACE('',#5402,0.65);
#5402 = AXIS2_PLACEMENT_3D('',#5403,#5404,#5405);
#5403 = CARTESIAN_POINT('',(168.365637,-111.500991,-4.5E-02));
#5404 = DIRECTION('',(-0.,-0.,-1.));
#5405 = DIRECTION('',(-0.,-1.,0.));
#5406 = ADVANCED_FACE('',(#5407),#5418,.F.);
#5407 = FACE_BOUND('',#5408,.T.);
#5408 = EDGE_LOOP('',(#5409,#5410,#5416,#5417));
#5409 = ORIENTED_EDGE('',*,*,#1058,.T.);
#5410 = ORIENTED_EDGE('',*,*,#5411,.T.);
#5411 = EDGE_CURVE('',#1059,#2981,#5412,.T.);
#5412 = LINE('',#5413,#5414);
#5413 = CARTESIAN_POINT('',(171.365637,-112.150991,-4.5E-02));
#5414 = VECTOR('',#5415,1.);
#5415 = DIRECTION('',(0.,0.,1.));
#5416 = ORIENTED_EDGE('',*,*,#2980,.F.);
#5417 = ORIENTED_EDGE('',*,*,#5411,.F.);
#5418 = CYLINDRICAL_SURFACE('',#5419,0.65);
#5419 = AXIS2_PLACEMENT_3D('',#5420,#5421,#5422);
#5420 = CARTESIAN_POINT('',(171.365637,-111.500991,-4.5E-02));
#5421 = DIRECTION('',(-0.,-0.,-1.));
#5422 = DIRECTION('',(-0.,-1.,0.));
#5423 = ADVANCED_FACE('',(#5424),#5435,.F.);
#5424 = FACE_BOUND('',#5425,.T.);
#5425 = EDGE_LOOP('',(#5426,#5427,#5433,#5434));
#5426 = ORIENTED_EDGE('',*,*,#1069,.T.);
#5427 = ORIENTED_EDGE('',*,*,#5428,.T.);
#5428 = EDGE_CURVE('',#1070,#2992,#5429,.T.);
#5429 = LINE('',#5430,#5431);
#5430 = CARTESIAN_POINT('',(174.365637,-112.150991,-4.5E-02));
#5431 = VECTOR('',#5432,1.);
#5432 = DIRECTION('',(0.,0.,1.));
#5433 = ORIENTED_EDGE('',*,*,#2991,.F.);
#5434 = ORIENTED_EDGE('',*,*,#5428,.F.);
#5435 = CYLINDRICAL_SURFACE('',#5436,0.65);
#5436 = AXIS2_PLACEMENT_3D('',#5437,#5438,#5439);
#5437 = CARTESIAN_POINT('',(174.365637,-111.500991,-4.5E-02));
#5438 = DIRECTION('',(-0.,-0.,-1.));
#5439 = DIRECTION('',(-0.,-1.,0.));
#5440 = ADVANCED_FACE('',(#5441),#5452,.F.);
#5441 = FACE_BOUND('',#5442,.T.);
#5442 = EDGE_LOOP('',(#5443,#5444,#5450,#5451));
#5443 = ORIENTED_EDGE('',*,*,#1080,.T.);
#5444 = ORIENTED_EDGE('',*,*,#5445,.T.);
#5445 = EDGE_CURVE('',#1081,#3003,#5446,.T.);
#5446 = LINE('',#5447,#5448);
#5447 = CARTESIAN_POINT('',(177.365637,-112.150991,-4.5E-02));
#5448 = VECTOR('',#5449,1.);
#5449 = DIRECTION('',(0.,0.,1.));
#5450 = ORIENTED_EDGE('',*,*,#3002,.F.);
#5451 = ORIENTED_EDGE('',*,*,#5445,.F.);
#5452 = CYLINDRICAL_SURFACE('',#5453,0.65);
#5453 = AXIS2_PLACEMENT_3D('',#5454,#5455,#5456);
#5454 = CARTESIAN_POINT('',(177.365637,-111.500991,-4.5E-02));
#5455 = DIRECTION('',(-0.,-0.,-1.));
#5456 = DIRECTION('',(-0.,-1.,0.));
#5457 = ADVANCED_FACE('',(#5458),#5469,.F.);
#5458 = FACE_BOUND('',#5459,.T.);
#5459 = EDGE_LOOP('',(#5460,#5461,#5467,#5468));
#5460 = ORIENTED_EDGE('',*,*,#1091,.T.);
#5461 = ORIENTED_EDGE('',*,*,#5462,.T.);
#5462 = EDGE_CURVE('',#1092,#3014,#5463,.T.);
#5463 = LINE('',#5464,#5465);
#5464 = CARTESIAN_POINT('',(180.365637,-112.150991,-4.5E-02));
#5465 = VECTOR('',#5466,1.);
#5466 = DIRECTION('',(0.,0.,1.));
#5467 = ORIENTED_EDGE('',*,*,#3013,.F.);
#5468 = ORIENTED_EDGE('',*,*,#5462,.F.);
#5469 = CYLINDRICAL_SURFACE('',#5470,0.65);
#5470 = AXIS2_PLACEMENT_3D('',#5471,#5472,#5473);
#5471 = CARTESIAN_POINT('',(180.365637,-111.500991,-4.5E-02));
#5472 = DIRECTION('',(-0.,-0.,-1.));
#5473 = DIRECTION('',(-0.,-1.,0.));
#5474 = ADVANCED_FACE('',(#5475),#5486,.F.);
#5475 = FACE_BOUND('',#5476,.T.);
#5476 = EDGE_LOOP('',(#5477,#5478,#5484,#5485));
#5477 = ORIENTED_EDGE('',*,*,#1102,.T.);
#5478 = ORIENTED_EDGE('',*,*,#5479,.T.);
#5479 = EDGE_CURVE('',#1103,#3025,#5480,.T.);
#5480 = LINE('',#5481,#5482);
#5481 = CARTESIAN_POINT('',(183.365637,-112.150991,-4.5E-02));
#5482 = VECTOR('',#5483,1.);
#5483 = DIRECTION('',(0.,0.,1.));
#5484 = ORIENTED_EDGE('',*,*,#3024,.F.);
#5485 = ORIENTED_EDGE('',*,*,#5479,.F.);
#5486 = CYLINDRICAL_SURFACE('',#5487,0.65);
#5487 = AXIS2_PLACEMENT_3D('',#5488,#5489,#5490);
#5488 = CARTESIAN_POINT('',(183.365637,-111.500991,-4.5E-02));
#5489 = DIRECTION('',(-0.,-0.,-1.));
#5490 = DIRECTION('',(-0.,-1.,0.));
#5491 = ADVANCED_FACE('',(#5492),#5503,.F.);
#5492 = FACE_BOUND('',#5493,.T.);
#5493 = EDGE_LOOP('',(#5494,#5495,#5501,#5502));
#5494 = ORIENTED_EDGE('',*,*,#1113,.T.);
#5495 = ORIENTED_EDGE('',*,*,#5496,.T.);
#5496 = EDGE_CURVE('',#1114,#3036,#5497,.T.);
#5497 = LINE('',#5498,#5499);
#5498 = CARTESIAN_POINT('',(190.615637,-127.650991,-4.5E-02));
#5499 = VECTOR('',#5500,1.);
#5500 = DIRECTION('',(0.,0.,1.));
#5501 = ORIENTED_EDGE('',*,*,#3035,.F.);
#5502 = ORIENTED_EDGE('',*,*,#5496,.F.);
#5503 = CYLINDRICAL_SURFACE('',#5504,1.65);
#5504 = AXIS2_PLACEMENT_3D('',#5505,#5506,#5507);
#5505 = CARTESIAN_POINT('',(190.615637,-126.000991,-4.5E-02));
#5506 = DIRECTION('',(-0.,-0.,-1.));
#5507 = DIRECTION('',(-0.,-1.,0.));
#5508 = ADVANCED_FACE('',(#5509),#5520,.F.);
#5509 = FACE_BOUND('',#5510,.T.);
#5510 = EDGE_LOOP('',(#5511,#5512,#5518,#5519));
#5511 = ORIENTED_EDGE('',*,*,#1124,.T.);
#5512 = ORIENTED_EDGE('',*,*,#5513,.T.);
#5513 = EDGE_CURVE('',#1125,#3047,#5514,.T.);
#5514 = LINE('',#5515,#5516);
#5515 = CARTESIAN_POINT('',(219.75,-127.81,-4.5E-02));
#5516 = VECTOR('',#5517,1.);
#5517 = DIRECTION('',(0.,0.,1.));
#5518 = ORIENTED_EDGE('',*,*,#3046,.F.);
#5519 = ORIENTED_EDGE('',*,*,#5513,.F.);
#5520 = CYLINDRICAL_SURFACE('',#5521,1.6);
#5521 = AXIS2_PLACEMENT_3D('',#5522,#5523,#5524);
#5522 = CARTESIAN_POINT('',(219.75,-126.21,-4.5E-02));
#5523 = DIRECTION('',(-0.,-0.,-1.));
#5524 = DIRECTION('',(-0.,-1.,0.));
#5525 = ADVANCED_FACE('',(#5526),#5537,.F.);
#5526 = FACE_BOUND('',#5527,.T.);
#5527 = EDGE_LOOP('',(#5528,#5529,#5535,#5536));
#5528 = ORIENTED_EDGE('',*,*,#1135,.T.);
#5529 = ORIENTED_EDGE('',*,*,#5530,.T.);
#5530 = EDGE_CURVE('',#1136,#3058,#5531,.T.);
#5531 = LINE('',#5532,#5533);
#5532 = CARTESIAN_POINT('',(208.,-112.58,-4.5E-02));
#5533 = VECTOR('',#5534,1.);
#5534 = DIRECTION('',(0.,0.,1.));
#5535 = ORIENTED_EDGE('',*,*,#3057,.F.);
#5536 = ORIENTED_EDGE('',*,*,#5530,.F.);
#5537 = CYLINDRICAL_SURFACE('',#5538,3.2);
#5538 = AXIS2_PLACEMENT_3D('',#5539,#5540,#5541);
#5539 = CARTESIAN_POINT('',(208.,-109.38,-4.5E-02));
#5540 = DIRECTION('',(-0.,-0.,-1.));
#5541 = DIRECTION('',(-0.,-1.,0.));
#5542 = ADVANCED_FACE('',(#5543),#5554,.F.);
#5543 = FACE_BOUND('',#5544,.T.);
#5544 = EDGE_LOOP('',(#5545,#5546,#5552,#5553));
#5545 = ORIENTED_EDGE('',*,*,#1146,.T.);
#5546 = ORIENTED_EDGE('',*,*,#5547,.T.);
#5547 = EDGE_CURVE('',#1147,#3069,#5548,.T.);
#5548 = LINE('',#5549,#5550);
#5549 = CARTESIAN_POINT('',(81.761133,-83.325991,-4.5E-02));
#5550 = VECTOR('',#5551,1.);
#5551 = DIRECTION('',(0.,0.,1.));
#5552 = ORIENTED_EDGE('',*,*,#3068,.F.);
#5553 = ORIENTED_EDGE('',*,*,#5547,.F.);
#5554 = CYLINDRICAL_SURFACE('',#5555,0.7);
#5555 = AXIS2_PLACEMENT_3D('',#5556,#5557,#5558);
#5556 = CARTESIAN_POINT('',(81.761133,-82.625991,-4.5E-02));
#5557 = DIRECTION('',(-0.,-0.,-1.));
#5558 = DIRECTION('',(-0.,-1.,0.));
#5559 = ADVANCED_FACE('',(#5560),#5571,.F.);
#5560 = FACE_BOUND('',#5561,.T.);
#5561 = EDGE_LOOP('',(#5562,#5563,#5569,#5570));
#5562 = ORIENTED_EDGE('',*,*,#1157,.T.);
#5563 = ORIENTED_EDGE('',*,*,#5564,.T.);
#5564 = EDGE_CURVE('',#1158,#3080,#5565,.T.);
#5565 = LINE('',#5566,#5567);
#5566 = CARTESIAN_POINT('',(86.39,-85.22245,-4.5E-02));
#5567 = VECTOR('',#5568,1.);
#5568 = DIRECTION('',(0.,0.,1.));
#5569 = ORIENTED_EDGE('',*,*,#3079,.F.);
#5570 = ORIENTED_EDGE('',*,*,#5564,.F.);
#5571 = CYLINDRICAL_SURFACE('',#5572,1.18745);
#5572 = AXIS2_PLACEMENT_3D('',#5573,#5574,#5575);
#5573 = CARTESIAN_POINT('',(86.39,-84.035,-4.5E-02));
#5574 = DIRECTION('',(-0.,-0.,-1.));
#5575 = DIRECTION('',(-0.,-1.,0.));
#5576 = ADVANCED_FACE('',(#5577),#5588,.F.);
#5577 = FACE_BOUND('',#5578,.T.);
#5578 = EDGE_LOOP('',(#5579,#5580,#5586,#5587));
#5579 = ORIENTED_EDGE('',*,*,#1168,.T.);
#5580 = ORIENTED_EDGE('',*,*,#5581,.T.);
#5581 = EDGE_CURVE('',#1169,#3091,#5582,.T.);
#5582 = LINE('',#5583,#5584);
#5583 = CARTESIAN_POINT('',(89.565,-85.22245,-4.5E-02));
#5584 = VECTOR('',#5585,1.);
#5585 = DIRECTION('',(0.,0.,1.));
#5586 = ORIENTED_EDGE('',*,*,#3090,.F.);
#5587 = ORIENTED_EDGE('',*,*,#5581,.F.);
#5588 = CYLINDRICAL_SURFACE('',#5589,1.18745);
#5589 = AXIS2_PLACEMENT_3D('',#5590,#5591,#5592);
#5590 = CARTESIAN_POINT('',(89.565,-84.035,-4.5E-02));
#5591 = DIRECTION('',(-0.,-0.,-1.));
#5592 = DIRECTION('',(-0.,-1.,0.));
#5593 = ADVANCED_FACE('',(#5594),#5605,.F.);
#5594 = FACE_BOUND('',#5595,.T.);
#5595 = EDGE_LOOP('',(#5596,#5597,#5603,#5604));
#5596 = ORIENTED_EDGE('',*,*,#1179,.T.);
#5597 = ORIENTED_EDGE('',*,*,#5598,.T.);
#5598 = EDGE_CURVE('',#1180,#3102,#5599,.T.);
#5599 = LINE('',#5600,#5601);
#5600 = CARTESIAN_POINT('',(81.761133,-76.341991,-4.5E-02));
#5601 = VECTOR('',#5602,1.);
#5602 = DIRECTION('',(0.,0.,1.));
#5603 = ORIENTED_EDGE('',*,*,#3101,.F.);
#5604 = ORIENTED_EDGE('',*,*,#5598,.F.);
#5605 = CYLINDRICAL_SURFACE('',#5606,0.7);
#5606 = AXIS2_PLACEMENT_3D('',#5607,#5608,#5609);
#5607 = CARTESIAN_POINT('',(81.761133,-75.641991,-4.5E-02));
#5608 = DIRECTION('',(-0.,-0.,-1.));
#5609 = DIRECTION('',(-0.,-1.,0.));
#5610 = ADVANCED_FACE('',(#5611),#5622,.F.);
#5611 = FACE_BOUND('',#5612,.T.);
#5612 = EDGE_LOOP('',(#5613,#5614,#5620,#5621));
#5613 = ORIENTED_EDGE('',*,*,#1190,.T.);
#5614 = ORIENTED_EDGE('',*,*,#5615,.T.);
#5615 = EDGE_CURVE('',#1191,#3113,#5616,.T.);
#5616 = LINE('',#5617,#5618);
#5617 = CARTESIAN_POINT('',(95.21,-85.01,-4.5E-02));
#5618 = VECTOR('',#5619,1.);
#5619 = DIRECTION('',(0.,0.,1.));
#5620 = ORIENTED_EDGE('',*,*,#3112,.F.);
#5621 = ORIENTED_EDGE('',*,*,#5615,.F.);
#5622 = CYLINDRICAL_SURFACE('',#5623,0.51);
#5623 = AXIS2_PLACEMENT_3D('',#5624,#5625,#5626);
#5624 = CARTESIAN_POINT('',(95.21,-84.5,-4.5E-02));
#5625 = DIRECTION('',(-0.,-0.,-1.));
#5626 = DIRECTION('',(-2.78644210102E-14,-1.,0.));
#5627 = ADVANCED_FACE('',(#5628),#5639,.F.);
#5628 = FACE_BOUND('',#5629,.T.);
#5629 = EDGE_LOOP('',(#5630,#5631,#5637,#5638));
#5630 = ORIENTED_EDGE('',*,*,#1201,.T.);
#5631 = ORIENTED_EDGE('',*,*,#5632,.T.);
#5632 = EDGE_CURVE('',#1202,#3124,#5633,.T.);
#5633 = LINE('',#5634,#5635);
#5634 = CARTESIAN_POINT('',(98.21,-85.01,-4.5E-02));
#5635 = VECTOR('',#5636,1.);
#5636 = DIRECTION('',(0.,0.,1.));
#5637 = ORIENTED_EDGE('',*,*,#3123,.F.);
#5638 = ORIENTED_EDGE('',*,*,#5632,.F.);
#5639 = CYLINDRICAL_SURFACE('',#5640,0.51);
#5640 = AXIS2_PLACEMENT_3D('',#5641,#5642,#5643);
#5641 = CARTESIAN_POINT('',(98.21,-84.5,-4.5E-02));
#5642 = DIRECTION('',(-0.,-0.,-1.));
#5643 = DIRECTION('',(-2.78644210102E-14,-1.,0.));
#5644 = ADVANCED_FACE('',(#5645),#5656,.F.);
#5645 = FACE_BOUND('',#5646,.T.);
#5646 = EDGE_LOOP('',(#5647,#5648,#5654,#5655));
#5647 = ORIENTED_EDGE('',*,*,#1212,.T.);
#5648 = ORIENTED_EDGE('',*,*,#5649,.T.);
#5649 = EDGE_CURVE('',#1213,#3135,#5650,.T.);
#5650 = LINE('',#5651,#5652);
#5651 = CARTESIAN_POINT('',(95.21,-82.01,-4.5E-02));
#5652 = VECTOR('',#5653,1.);
#5653 = DIRECTION('',(0.,0.,1.));
#5654 = ORIENTED_EDGE('',*,*,#3134,.F.);
#5655 = ORIENTED_EDGE('',*,*,#5649,.F.);
#5656 = CYLINDRICAL_SURFACE('',#5657,0.51);
#5657 = AXIS2_PLACEMENT_3D('',#5658,#5659,#5660);
#5658 = CARTESIAN_POINT('',(95.21,-81.5,-4.5E-02));
#5659 = DIRECTION('',(-0.,-0.,-1.));
#5660 = DIRECTION('',(-2.78644210102E-14,-1.,0.));
#5661 = ADVANCED_FACE('',(#5662),#5673,.F.);
#5662 = FACE_BOUND('',#5663,.T.);
#5663 = EDGE_LOOP('',(#5664,#5665,#5671,#5672));
#5664 = ORIENTED_EDGE('',*,*,#1223,.T.);
#5665 = ORIENTED_EDGE('',*,*,#5666,.T.);
#5666 = EDGE_CURVE('',#1224,#3146,#5667,.T.);
#5667 = LINE('',#5668,#5669);
#5668 = CARTESIAN_POINT('',(98.21,-82.01,-4.5E-02));
#5669 = VECTOR('',#5670,1.);
#5670 = DIRECTION('',(0.,0.,1.));
#5671 = ORIENTED_EDGE('',*,*,#3145,.F.);
#5672 = ORIENTED_EDGE('',*,*,#5666,.F.);
#5673 = CYLINDRICAL_SURFACE('',#5674,0.51);
#5674 = AXIS2_PLACEMENT_3D('',#5675,#5676,#5677);
#5675 = CARTESIAN_POINT('',(98.21,-81.5,-4.5E-02));
#5676 = DIRECTION('',(-0.,-0.,-1.));
#5677 = DIRECTION('',(-2.78644210102E-14,-1.,0.));
#5678 = ADVANCED_FACE('',(#5679),#5690,.F.);
#5679 = FACE_BOUND('',#5680,.T.);
#5680 = EDGE_LOOP('',(#5681,#5682,#5688,#5689));
#5681 = ORIENTED_EDGE('',*,*,#1234,.T.);
#5682 = ORIENTED_EDGE('',*,*,#5683,.T.);
#5683 = EDGE_CURVE('',#1235,#3157,#5684,.T.);
#5684 = LINE('',#5685,#5686);
#5685 = CARTESIAN_POINT('',(95.21,-79.01,-4.5E-02));
#5686 = VECTOR('',#5687,1.);
#5687 = DIRECTION('',(0.,0.,1.));
#5688 = ORIENTED_EDGE('',*,*,#3156,.F.);
#5689 = ORIENTED_EDGE('',*,*,#5683,.F.);
#5690 = CYLINDRICAL_SURFACE('',#5691,0.51);
#5691 = AXIS2_PLACEMENT_3D('',#5692,#5693,#5694);
#5692 = CARTESIAN_POINT('',(95.21,-78.5,-4.5E-02));
#5693 = DIRECTION('',(-0.,-0.,-1.));
#5694 = DIRECTION('',(-2.78644210102E-14,-1.,0.));
#5695 = ADVANCED_FACE('',(#5696),#5707,.F.);
#5696 = FACE_BOUND('',#5697,.T.);
#5697 = EDGE_LOOP('',(#5698,#5699,#5705,#5706));
#5698 = ORIENTED_EDGE('',*,*,#1245,.T.);
#5699 = ORIENTED_EDGE('',*,*,#5700,.T.);
#5700 = EDGE_CURVE('',#1246,#3168,#5701,.T.);
#5701 = LINE('',#5702,#5703);
#5702 = CARTESIAN_POINT('',(98.21,-79.01,-4.5E-02));
#5703 = VECTOR('',#5704,1.);
#5704 = DIRECTION('',(0.,0.,1.));
#5705 = ORIENTED_EDGE('',*,*,#3167,.F.);
#5706 = ORIENTED_EDGE('',*,*,#5700,.F.);
#5707 = CYLINDRICAL_SURFACE('',#5708,0.51);
#5708 = AXIS2_PLACEMENT_3D('',#5709,#5710,#5711);
#5709 = CARTESIAN_POINT('',(98.21,-78.5,-4.5E-02));
#5710 = DIRECTION('',(-0.,-0.,-1.));
#5711 = DIRECTION('',(-2.78644210102E-14,-1.,0.));
#5712 = ADVANCED_FACE('',(#5713),#5724,.F.);
#5713 = FACE_BOUND('',#5714,.T.);
#5714 = EDGE_LOOP('',(#5715,#5716,#5722,#5723));
#5715 = ORIENTED_EDGE('',*,*,#1256,.T.);
#5716 = ORIENTED_EDGE('',*,*,#5717,.T.);
#5717 = EDGE_CURVE('',#1257,#3179,#5718,.T.);
#5718 = LINE('',#5719,#5720);
#5719 = CARTESIAN_POINT('',(99.15,-76.01,-4.5E-02));
#5720 = VECTOR('',#5721,1.);
#5721 = DIRECTION('',(0.,0.,1.));
#5722 = ORIENTED_EDGE('',*,*,#3178,.F.);
#5723 = ORIENTED_EDGE('',*,*,#5717,.F.);
#5724 = CYLINDRICAL_SURFACE('',#5725,0.51);
#5725 = AXIS2_PLACEMENT_3D('',#5726,#5727,#5728);
#5726 = CARTESIAN_POINT('',(99.15,-75.5,-4.5E-02));
#5727 = DIRECTION('',(-0.,-0.,-1.));
#5728 = DIRECTION('',(-0.,-1.,0.));
#5729 = ADVANCED_FACE('',(#5730),#5741,.F.);
#5730 = FACE_BOUND('',#5731,.T.);
#5731 = EDGE_LOOP('',(#5732,#5733,#5739,#5740));
#5732 = ORIENTED_EDGE('',*,*,#1267,.T.);
#5733 = ORIENTED_EDGE('',*,*,#5734,.T.);
#5734 = EDGE_CURVE('',#1268,#3190,#5735,.T.);
#5735 = LINE('',#5736,#5737);
#5736 = CARTESIAN_POINT('',(81.087133,-71.470991,-4.5E-02));
#5737 = VECTOR('',#5738,1.);
#5738 = DIRECTION('',(0.,0.,1.));
#5739 = ORIENTED_EDGE('',*,*,#3189,.F.);
#5740 = ORIENTED_EDGE('',*,*,#5734,.F.);
#5741 = CYLINDRICAL_SURFACE('',#5742,1.85);
#5742 = AXIS2_PLACEMENT_3D('',#5743,#5744,#5745);
#5743 = CARTESIAN_POINT('',(81.087133,-69.620991,-4.5E-02));
#5744 = DIRECTION('',(-0.,-0.,-1.));
#5745 = DIRECTION('',(-0.,-1.,0.));
#5746 = ADVANCED_FACE('',(#5747),#5758,.F.);
#5747 = FACE_BOUND('',#5748,.T.);
#5748 = EDGE_LOOP('',(#5749,#5750,#5756,#5757));
#5749 = ORIENTED_EDGE('',*,*,#1278,.T.);
#5750 = ORIENTED_EDGE('',*,*,#5751,.T.);
#5751 = EDGE_CURVE('',#1279,#3201,#5752,.T.);
#5752 = LINE('',#5753,#5754);
#5753 = CARTESIAN_POINT('',(99.173133,-71.470991,-4.5E-02));
#5754 = VECTOR('',#5755,1.);
#5755 = DIRECTION('',(0.,0.,1.));
#5756 = ORIENTED_EDGE('',*,*,#3200,.F.);
#5757 = ORIENTED_EDGE('',*,*,#5751,.F.);
#5758 = CYLINDRICAL_SURFACE('',#5759,1.85);
#5759 = AXIS2_PLACEMENT_3D('',#5760,#5761,#5762);
#5760 = CARTESIAN_POINT('',(99.173133,-69.620991,-4.5E-02));
#5761 = DIRECTION('',(-0.,-0.,-1.));
#5762 = DIRECTION('',(-0.,-1.,0.));
#5763 = ADVANCED_FACE('',(#5764),#5775,.F.);
#5764 = FACE_BOUND('',#5765,.T.);
#5765 = EDGE_LOOP('',(#5766,#5767,#5773,#5774));
#5766 = ORIENTED_EDGE('',*,*,#1289,.T.);
#5767 = ORIENTED_EDGE('',*,*,#5768,.T.);
#5768 = EDGE_CURVE('',#1290,#3212,#5769,.T.);
#5769 = LINE('',#5770,#5771);
#5770 = CARTESIAN_POINT('',(109.431588,-72.097757,-4.5E-02));
#5771 = VECTOR('',#5772,1.);
#5772 = DIRECTION('',(0.,0.,1.));
#5773 = ORIENTED_EDGE('',*,*,#3211,.F.);
#5774 = ORIENTED_EDGE('',*,*,#5768,.F.);
#5775 = CYLINDRICAL_SURFACE('',#5776,1.85);
#5776 = AXIS2_PLACEMENT_3D('',#5777,#5778,#5779);
#5777 = CARTESIAN_POINT('',(109.431588,-70.247757,-4.5E-02));
#5778 = DIRECTION('',(-0.,-0.,-1.));
#5779 = DIRECTION('',(-0.,-1.,0.));
#5780 = ADVANCED_FACE('',(#5781),#5792,.F.);
#5781 = FACE_BOUND('',#5782,.T.);
#5782 = EDGE_LOOP('',(#5783,#5784,#5790,#5791));
#5783 = ORIENTED_EDGE('',*,*,#1300,.T.);
#5784 = ORIENTED_EDGE('',*,*,#5785,.T.);
#5785 = EDGE_CURVE('',#1301,#3223,#5786,.T.);
#5786 = LINE('',#5787,#5788);
#5787 = CARTESIAN_POINT('',(140.419588,-72.097757,-4.5E-02));
#5788 = VECTOR('',#5789,1.);
#5789 = DIRECTION('',(0.,0.,1.));
#5790 = ORIENTED_EDGE('',*,*,#3222,.F.);
#5791 = ORIENTED_EDGE('',*,*,#5785,.F.);
#5792 = CYLINDRICAL_SURFACE('',#5793,1.85);
#5793 = AXIS2_PLACEMENT_3D('',#5794,#5795,#5796);
#5794 = CARTESIAN_POINT('',(140.419588,-70.247757,-4.5E-02));
#5795 = DIRECTION('',(-0.,-0.,-1.));
#5796 = DIRECTION('',(-0.,-1.,0.));
#5797 = ADVANCED_FACE('',(#5798),#5809,.F.);
#5798 = FACE_BOUND('',#5799,.T.);
#5799 = EDGE_LOOP('',(#5800,#5801,#5807,#5808));
#5800 = ORIENTED_EDGE('',*,*,#1311,.T.);
#5801 = ORIENTED_EDGE('',*,*,#5802,.T.);
#5802 = EDGE_CURVE('',#1312,#3234,#5803,.T.);
#5803 = LINE('',#5804,#5805);
#5804 = CARTESIAN_POINT('',(84.085637,-59.210991,-4.5E-02));
#5805 = VECTOR('',#5806,1.);
#5806 = DIRECTION('',(0.,0.,1.));
#5807 = ORIENTED_EDGE('',*,*,#3233,.F.);
#5808 = ORIENTED_EDGE('',*,*,#5802,.F.);
#5809 = CYLINDRICAL_SURFACE('',#5810,0.5);
#5810 = AXIS2_PLACEMENT_3D('',#5811,#5812,#5813);
#5811 = CARTESIAN_POINT('',(84.085637,-58.710991,-4.5E-02));
#5812 = DIRECTION('',(-0.,-0.,-1.));
#5813 = DIRECTION('',(-0.,-1.,0.));
#5814 = ADVANCED_FACE('',(#5815),#5826,.F.);
#5815 = FACE_BOUND('',#5816,.T.);
#5816 = EDGE_LOOP('',(#5817,#5818,#5824,#5825));
#5817 = ORIENTED_EDGE('',*,*,#1322,.T.);
#5818 = ORIENTED_EDGE('',*,*,#5819,.T.);
#5819 = EDGE_CURVE('',#1323,#3245,#5820,.T.);
#5820 = LINE('',#5821,#5822);
#5821 = CARTESIAN_POINT('',(86.625637,-59.210991,-4.5E-02));
#5822 = VECTOR('',#5823,1.);
#5823 = DIRECTION('',(0.,0.,1.));
#5824 = ORIENTED_EDGE('',*,*,#3244,.F.);
#5825 = ORIENTED_EDGE('',*,*,#5819,.F.);
#5826 = CYLINDRICAL_SURFACE('',#5827,0.5);
#5827 = AXIS2_PLACEMENT_3D('',#5828,#5829,#5830);
#5828 = CARTESIAN_POINT('',(86.625637,-58.710991,-4.5E-02));
#5829 = DIRECTION('',(-0.,-0.,-1.));
#5830 = DIRECTION('',(-0.,-1.,0.));
#5831 = ADVANCED_FACE('',(#5832),#5843,.F.);
#5832 = FACE_BOUND('',#5833,.T.);
#5833 = EDGE_LOOP('',(#5834,#5835,#5841,#5842));
#5834 = ORIENTED_EDGE('',*,*,#1333,.T.);
#5835 = ORIENTED_EDGE('',*,*,#5836,.T.);
#5836 = EDGE_CURVE('',#1334,#3256,#5837,.T.);
#5837 = LINE('',#5838,#5839);
#5838 = CARTESIAN_POINT('',(89.165637,-59.210991,-4.5E-02));
#5839 = VECTOR('',#5840,1.);
#5840 = DIRECTION('',(0.,0.,1.));
#5841 = ORIENTED_EDGE('',*,*,#3255,.F.);
#5842 = ORIENTED_EDGE('',*,*,#5836,.F.);
#5843 = CYLINDRICAL_SURFACE('',#5844,0.5);
#5844 = AXIS2_PLACEMENT_3D('',#5845,#5846,#5847);
#5845 = CARTESIAN_POINT('',(89.165637,-58.710991,-4.5E-02));
#5846 = DIRECTION('',(-0.,-0.,-1.));
#5847 = DIRECTION('',(-0.,-1.,0.));
#5848 = ADVANCED_FACE('',(#5849),#5860,.F.);
#5849 = FACE_BOUND('',#5850,.T.);
#5850 = EDGE_LOOP('',(#5851,#5852,#5858,#5859));
#5851 = ORIENTED_EDGE('',*,*,#1344,.T.);
#5852 = ORIENTED_EDGE('',*,*,#5853,.T.);
#5853 = EDGE_CURVE('',#1345,#3267,#5854,.T.);
#5854 = LINE('',#5855,#5856);
#5855 = CARTESIAN_POINT('',(91.705637,-59.210991,-4.5E-02));
#5856 = VECTOR('',#5857,1.);
#5857 = DIRECTION('',(0.,0.,1.));
#5858 = ORIENTED_EDGE('',*,*,#3266,.F.);
#5859 = ORIENTED_EDGE('',*,*,#5853,.F.);
#5860 = CYLINDRICAL_SURFACE('',#5861,0.5);
#5861 = AXIS2_PLACEMENT_3D('',#5862,#5863,#5864);
#5862 = CARTESIAN_POINT('',(91.705637,-58.710991,-4.5E-02));
#5863 = DIRECTION('',(-0.,-0.,-1.));
#5864 = DIRECTION('',(-0.,-1.,0.));
#5865 = ADVANCED_FACE('',(#5866),#5877,.F.);
#5866 = FACE_BOUND('',#5867,.T.);
#5867 = EDGE_LOOP('',(#5868,#5869,#5875,#5876));
#5868 = ORIENTED_EDGE('',*,*,#1355,.T.);
#5869 = ORIENTED_EDGE('',*,*,#5870,.T.);
#5870 = EDGE_CURVE('',#1356,#3278,#5871,.T.);
#5871 = LINE('',#5872,#5873);
#5872 = CARTESIAN_POINT('',(90.435637,-56.170991,-4.5E-02));
#5873 = VECTOR('',#5874,1.);
#5874 = DIRECTION('',(0.,0.,1.));
#5875 = ORIENTED_EDGE('',*,*,#3277,.F.);
#5876 = ORIENTED_EDGE('',*,*,#5870,.F.);
#5877 = CYLINDRICAL_SURFACE('',#5878,0.5);
#5878 = AXIS2_PLACEMENT_3D('',#5879,#5880,#5881);
#5879 = CARTESIAN_POINT('',(90.435637,-55.670991,-4.5E-02));
#5880 = DIRECTION('',(-0.,-0.,-1.));
#5881 = DIRECTION('',(-0.,-1.,0.));
#5882 = ADVANCED_FACE('',(#5883),#5894,.F.);
#5883 = FACE_BOUND('',#5884,.T.);
#5884 = EDGE_LOOP('',(#5885,#5886,#5892,#5893));
#5885 = ORIENTED_EDGE('',*,*,#1366,.T.);
#5886 = ORIENTED_EDGE('',*,*,#5887,.T.);
#5887 = EDGE_CURVE('',#1367,#3289,#5888,.T.);
#5888 = LINE('',#5889,#5890);
#5889 = CARTESIAN_POINT('',(92.975637,-56.170991,-4.5E-02));
#5890 = VECTOR('',#5891,1.);
#5891 = DIRECTION('',(0.,0.,1.));
#5892 = ORIENTED_EDGE('',*,*,#3288,.F.);
#5893 = ORIENTED_EDGE('',*,*,#5887,.F.);
#5894 = CYLINDRICAL_SURFACE('',#5895,0.5);
#5895 = AXIS2_PLACEMENT_3D('',#5896,#5897,#5898);
#5896 = CARTESIAN_POINT('',(92.975637,-55.670991,-4.5E-02));
#5897 = DIRECTION('',(-0.,-0.,-1.));
#5898 = DIRECTION('',(-0.,-1.,0.));
#5899 = ADVANCED_FACE('',(#5900),#5911,.F.);
#5900 = FACE_BOUND('',#5901,.T.);
#5901 = EDGE_LOOP('',(#5902,#5903,#5909,#5910));
#5902 = ORIENTED_EDGE('',*,*,#1377,.T.);
#5903 = ORIENTED_EDGE('',*,*,#5904,.T.);
#5904 = EDGE_CURVE('',#1378,#3300,#5905,.T.);
#5905 = LINE('',#5906,#5907);
#5906 = CARTESIAN_POINT('',(94.245637,-59.210991,-4.5E-02));
#5907 = VECTOR('',#5908,1.);
#5908 = DIRECTION('',(0.,0.,1.));
#5909 = ORIENTED_EDGE('',*,*,#3299,.F.);
#5910 = ORIENTED_EDGE('',*,*,#5904,.F.);
#5911 = CYLINDRICAL_SURFACE('',#5912,0.5);
#5912 = AXIS2_PLACEMENT_3D('',#5913,#5914,#5915);
#5913 = CARTESIAN_POINT('',(94.245637,-58.710991,-4.5E-02));
#5914 = DIRECTION('',(-0.,-0.,-1.));
#5915 = DIRECTION('',(-0.,-1.,0.));
#5916 = ADVANCED_FACE('',(#5917),#5928,.F.);
#5917 = FACE_BOUND('',#5918,.T.);
#5918 = EDGE_LOOP('',(#5919,#5920,#5926,#5927));
#5919 = ORIENTED_EDGE('',*,*,#1388,.T.);
#5920 = ORIENTED_EDGE('',*,*,#5921,.T.);
#5921 = EDGE_CURVE('',#1389,#3311,#5922,.T.);
#5922 = LINE('',#5923,#5924);
#5923 = CARTESIAN_POINT('',(96.785637,-59.210991,-4.5E-02));
#5924 = VECTOR('',#5925,1.);
#5925 = DIRECTION('',(0.,0.,1.));
#5926 = ORIENTED_EDGE('',*,*,#3310,.F.);
#5927 = ORIENTED_EDGE('',*,*,#5921,.F.);
#5928 = CYLINDRICAL_SURFACE('',#5929,0.5);
#5929 = AXIS2_PLACEMENT_3D('',#5930,#5931,#5932);
#5930 = CARTESIAN_POINT('',(96.785637,-58.710991,-4.5E-02));
#5931 = DIRECTION('',(-0.,-0.,-1.));
#5932 = DIRECTION('',(-0.,-1.,0.));
#5933 = ADVANCED_FACE('',(#5934),#5945,.F.);
#5934 = FACE_BOUND('',#5935,.T.);
#5935 = EDGE_LOOP('',(#5936,#5937,#5943,#5944));
#5936 = ORIENTED_EDGE('',*,*,#1399,.T.);
#5937 = ORIENTED_EDGE('',*,*,#5938,.T.);
#5938 = EDGE_CURVE('',#1400,#3322,#5939,.T.);
#5939 = LINE('',#5940,#5941);
#5940 = CARTESIAN_POINT('',(99.325637,-59.210991,-4.5E-02));
#5941 = VECTOR('',#5942,1.);
#5942 = DIRECTION('',(0.,0.,1.));
#5943 = ORIENTED_EDGE('',*,*,#3321,.F.);
#5944 = ORIENTED_EDGE('',*,*,#5938,.F.);
#5945 = CYLINDRICAL_SURFACE('',#5946,0.5);
#5946 = AXIS2_PLACEMENT_3D('',#5947,#5948,#5949);
#5947 = CARTESIAN_POINT('',(99.325637,-58.710991,-4.5E-02));
#5948 = DIRECTION('',(-0.,-0.,-1.));
#5949 = DIRECTION('',(-0.,-1.,0.));
#5950 = ADVANCED_FACE('',(#5951),#5962,.F.);
#5951 = FACE_BOUND('',#5952,.T.);
#5952 = EDGE_LOOP('',(#5953,#5954,#5960,#5961));
#5953 = ORIENTED_EDGE('',*,*,#1410,.T.);
#5954 = ORIENTED_EDGE('',*,*,#5955,.T.);
#5955 = EDGE_CURVE('',#1411,#3333,#5956,.T.);
#5956 = LINE('',#5957,#5958);
#5957 = CARTESIAN_POINT('',(101.865637,-59.210991,-4.5E-02));
#5958 = VECTOR('',#5959,1.);
#5959 = DIRECTION('',(0.,0.,1.));
#5960 = ORIENTED_EDGE('',*,*,#3332,.F.);
#5961 = ORIENTED_EDGE('',*,*,#5955,.F.);
#5962 = CYLINDRICAL_SURFACE('',#5963,0.5);
#5963 = AXIS2_PLACEMENT_3D('',#5964,#5965,#5966);
#5964 = CARTESIAN_POINT('',(101.865637,-58.710991,-4.5E-02));
#5965 = DIRECTION('',(-0.,-0.,-1.));
#5966 = DIRECTION('',(-0.,-1.,0.));
#5967 = ADVANCED_FACE('',(#5968),#5979,.F.);
#5968 = FACE_BOUND('',#5969,.T.);
#5969 = EDGE_LOOP('',(#5970,#5971,#5977,#5978));
#5970 = ORIENTED_EDGE('',*,*,#1421,.T.);
#5971 = ORIENTED_EDGE('',*,*,#5972,.T.);
#5972 = EDGE_CURVE('',#1422,#3344,#5973,.T.);
#5973 = LINE('',#5974,#5975);
#5974 = CARTESIAN_POINT('',(95.515637,-56.170991,-4.5E-02));
#5975 = VECTOR('',#5976,1.);
#5976 = DIRECTION('',(0.,0.,1.));
#5977 = ORIENTED_EDGE('',*,*,#3343,.F.);
#5978 = ORIENTED_EDGE('',*,*,#5972,.F.);
#5979 = CYLINDRICAL_SURFACE('',#5980,0.5);
#5980 = AXIS2_PLACEMENT_3D('',#5981,#5982,#5983);
#5981 = CARTESIAN_POINT('',(95.515637,-55.670991,-4.5E-02));
#5982 = DIRECTION('',(-0.,-0.,-1.));
#5983 = DIRECTION('',(-0.,-1.,0.));
#5984 = ADVANCED_FACE('',(#5985),#5996,.F.);
#5985 = FACE_BOUND('',#5986,.T.);
#5986 = EDGE_LOOP('',(#5987,#5988,#5994,#5995));
#5987 = ORIENTED_EDGE('',*,*,#1432,.T.);
#5988 = ORIENTED_EDGE('',*,*,#5989,.T.);
#5989 = EDGE_CURVE('',#1433,#3355,#5990,.T.);
#5990 = LINE('',#5991,#5992);
#5991 = CARTESIAN_POINT('',(98.055637,-56.170991,-4.5E-02));
#5992 = VECTOR('',#5993,1.);
#5993 = DIRECTION('',(0.,0.,1.));
#5994 = ORIENTED_EDGE('',*,*,#3354,.F.);
#5995 = ORIENTED_EDGE('',*,*,#5989,.F.);
#5996 = CYLINDRICAL_SURFACE('',#5997,0.5);
#5997 = AXIS2_PLACEMENT_3D('',#5998,#5999,#6000);
#5998 = CARTESIAN_POINT('',(98.055637,-55.670991,-4.5E-02));
#5999 = DIRECTION('',(-0.,-0.,-1.));
#6000 = DIRECTION('',(-0.,-1.,0.));
#6001 = ADVANCED_FACE('',(#6002),#6013,.F.);
#6002 = FACE_BOUND('',#6003,.T.);
#6003 = EDGE_LOOP('',(#6004,#6005,#6011,#6012));
#6004 = ORIENTED_EDGE('',*,*,#1443,.T.);
#6005 = ORIENTED_EDGE('',*,*,#6006,.T.);
#6006 = EDGE_CURVE('',#1444,#3366,#6007,.T.);
#6007 = LINE('',#6008,#6009);
#6008 = CARTESIAN_POINT('',(100.595637,-56.170991,-4.5E-02));
#6009 = VECTOR('',#6010,1.);
#6010 = DIRECTION('',(0.,0.,1.));
#6011 = ORIENTED_EDGE('',*,*,#3365,.F.);
#6012 = ORIENTED_EDGE('',*,*,#6006,.F.);
#6013 = CYLINDRICAL_SURFACE('',#6014,0.5);
#6014 = AXIS2_PLACEMENT_3D('',#6015,#6016,#6017);
#6015 = CARTESIAN_POINT('',(100.595637,-55.670991,-4.5E-02));
#6016 = DIRECTION('',(-0.,-0.,-1.));
#6017 = DIRECTION('',(-0.,-1.,0.));
#6018 = ADVANCED_FACE('',(#6019),#6030,.F.);
#6019 = FACE_BOUND('',#6020,.T.);
#6020 = EDGE_LOOP('',(#6021,#6022,#6028,#6029));
#6021 = ORIENTED_EDGE('',*,*,#1454,.T.);
#6022 = ORIENTED_EDGE('',*,*,#6023,.T.);
#6023 = EDGE_CURVE('',#1455,#3377,#6024,.T.);
#6024 = LINE('',#6025,#6026);
#6025 = CARTESIAN_POINT('',(104.405637,-59.210991,-4.5E-02));
#6026 = VECTOR('',#6027,1.);
#6027 = DIRECTION('',(0.,0.,1.));
#6028 = ORIENTED_EDGE('',*,*,#3376,.F.);
#6029 = ORIENTED_EDGE('',*,*,#6023,.F.);
#6030 = CYLINDRICAL_SURFACE('',#6031,0.5);
#6031 = AXIS2_PLACEMENT_3D('',#6032,#6033,#6034);
#6032 = CARTESIAN_POINT('',(104.405637,-58.710991,-4.5E-02));
#6033 = DIRECTION('',(-0.,-0.,-1.));
#6034 = DIRECTION('',(-0.,-1.,0.));
#6035 = ADVANCED_FACE('',(#6036),#6047,.F.);
#6036 = FACE_BOUND('',#6037,.T.);
#6037 = EDGE_LOOP('',(#6038,#6039,#6045,#6046));
#6038 = ORIENTED_EDGE('',*,*,#1465,.T.);
#6039 = ORIENTED_EDGE('',*,*,#6040,.T.);
#6040 = EDGE_CURVE('',#1466,#3388,#6041,.T.);
#6041 = LINE('',#6042,#6043);
#6042 = CARTESIAN_POINT('',(106.945637,-59.210991,-4.5E-02));
#6043 = VECTOR('',#6044,1.);
#6044 = DIRECTION('',(0.,0.,1.));
#6045 = ORIENTED_EDGE('',*,*,#3387,.F.);
#6046 = ORIENTED_EDGE('',*,*,#6040,.F.);
#6047 = CYLINDRICAL_SURFACE('',#6048,0.5);
#6048 = AXIS2_PLACEMENT_3D('',#6049,#6050,#6051);
#6049 = CARTESIAN_POINT('',(106.945637,-58.710991,-4.5E-02));
#6050 = DIRECTION('',(-0.,-0.,-1.));
#6051 = DIRECTION('',(-0.,-1.,0.));
#6052 = ADVANCED_FACE('',(#6053),#6064,.F.);
#6053 = FACE_BOUND('',#6054,.T.);
#6054 = EDGE_LOOP('',(#6055,#6056,#6062,#6063));
#6055 = ORIENTED_EDGE('',*,*,#1476,.T.);
#6056 = ORIENTED_EDGE('',*,*,#6057,.T.);
#6057 = EDGE_CURVE('',#1477,#3399,#6058,.T.);
#6058 = LINE('',#6059,#6060);
#6059 = CARTESIAN_POINT('',(109.485637,-59.210991,-4.5E-02));
#6060 = VECTOR('',#6061,1.);
#6061 = DIRECTION('',(0.,0.,1.));
#6062 = ORIENTED_EDGE('',*,*,#3398,.F.);
#6063 = ORIENTED_EDGE('',*,*,#6057,.F.);
#6064 = CYLINDRICAL_SURFACE('',#6065,0.5);
#6065 = AXIS2_PLACEMENT_3D('',#6066,#6067,#6068);
#6066 = CARTESIAN_POINT('',(109.485637,-58.710991,-4.5E-02));
#6067 = DIRECTION('',(-0.,-0.,-1.));
#6068 = DIRECTION('',(-0.,-1.,0.));
#6069 = ADVANCED_FACE('',(#6070),#6081,.F.);
#6070 = FACE_BOUND('',#6071,.T.);
#6071 = EDGE_LOOP('',(#6072,#6073,#6079,#6080));
#6072 = ORIENTED_EDGE('',*,*,#1487,.T.);
#6073 = ORIENTED_EDGE('',*,*,#6074,.T.);
#6074 = EDGE_CURVE('',#1488,#3410,#6075,.T.);
#6075 = LINE('',#6076,#6077);
#6076 = CARTESIAN_POINT('',(76.94,-46.17,-4.5E-02));
#6077 = VECTOR('',#6078,1.);
#6078 = DIRECTION('',(0.,0.,1.));
#6079 = ORIENTED_EDGE('',*,*,#3409,.F.);
#6080 = ORIENTED_EDGE('',*,*,#6074,.F.);
#6081 = CYLINDRICAL_SURFACE('',#6082,1.6);
#6082 = AXIS2_PLACEMENT_3D('',#6083,#6084,#6085);
#6083 = CARTESIAN_POINT('',(76.94,-44.57,-4.5E-02));
#6084 = DIRECTION('',(-0.,-0.,-1.));
#6085 = DIRECTION('',(-0.,-1.,0.));
#6086 = ADVANCED_FACE('',(#6087),#6098,.F.);
#6087 = FACE_BOUND('',#6088,.T.);
#6088 = EDGE_LOOP('',(#6089,#6090,#6096,#6097));
#6089 = ORIENTED_EDGE('',*,*,#1498,.T.);
#6090 = ORIENTED_EDGE('',*,*,#6091,.T.);
#6091 = EDGE_CURVE('',#1499,#3421,#6092,.T.);
#6092 = LINE('',#6093,#6094);
#6093 = CARTESIAN_POINT('',(84.085637,-43.970991,-4.5E-02));
#6094 = VECTOR('',#6095,1.);
#6095 = DIRECTION('',(0.,0.,1.));
#6096 = ORIENTED_EDGE('',*,*,#3420,.F.);
#6097 = ORIENTED_EDGE('',*,*,#6091,.F.);
#6098 = CYLINDRICAL_SURFACE('',#6099,0.5);
#6099 = AXIS2_PLACEMENT_3D('',#6100,#6101,#6102);
#6100 = CARTESIAN_POINT('',(84.085637,-43.470991,-4.5E-02));
#6101 = DIRECTION('',(-0.,-0.,-1.));
#6102 = DIRECTION('',(-0.,-1.,0.));
#6103 = ADVANCED_FACE('',(#6104),#6115,.F.);
#6104 = FACE_BOUND('',#6105,.T.);
#6105 = EDGE_LOOP('',(#6106,#6107,#6113,#6114));
#6106 = ORIENTED_EDGE('',*,*,#1509,.T.);
#6107 = ORIENTED_EDGE('',*,*,#6108,.T.);
#6108 = EDGE_CURVE('',#1510,#3432,#6109,.T.);
#6109 = LINE('',#6110,#6111);
#6110 = CARTESIAN_POINT('',(86.625637,-46.510991,-4.5E-02));
#6111 = VECTOR('',#6112,1.);
#6112 = DIRECTION('',(0.,0.,1.));
#6113 = ORIENTED_EDGE('',*,*,#3431,.F.);
#6114 = ORIENTED_EDGE('',*,*,#6108,.F.);
#6115 = CYLINDRICAL_SURFACE('',#6116,0.5);
#6116 = AXIS2_PLACEMENT_3D('',#6117,#6118,#6119);
#6117 = CARTESIAN_POINT('',(86.625637,-46.010991,-4.5E-02));
#6118 = DIRECTION('',(-0.,-0.,-1.));
#6119 = DIRECTION('',(-0.,-1.,0.));
#6120 = ADVANCED_FACE('',(#6121),#6132,.F.);
#6121 = FACE_BOUND('',#6122,.T.);
#6122 = EDGE_LOOP('',(#6123,#6124,#6130,#6131));
#6123 = ORIENTED_EDGE('',*,*,#1520,.T.);
#6124 = ORIENTED_EDGE('',*,*,#6125,.T.);
#6125 = EDGE_CURVE('',#1521,#3443,#6126,.T.);
#6126 = LINE('',#6127,#6128);
#6127 = CARTESIAN_POINT('',(86.625637,-43.970991,-4.5E-02));
#6128 = VECTOR('',#6129,1.);
#6129 = DIRECTION('',(0.,0.,1.));
#6130 = ORIENTED_EDGE('',*,*,#3442,.F.);
#6131 = ORIENTED_EDGE('',*,*,#6125,.F.);
#6132 = CYLINDRICAL_SURFACE('',#6133,0.5);
#6133 = AXIS2_PLACEMENT_3D('',#6134,#6135,#6136);
#6134 = CARTESIAN_POINT('',(86.625637,-43.470991,-4.5E-02));
#6135 = DIRECTION('',(-0.,-0.,-1.));
#6136 = DIRECTION('',(-0.,-1.,0.));
#6137 = ADVANCED_FACE('',(#6138),#6149,.F.);
#6138 = FACE_BOUND('',#6139,.T.);
#6139 = EDGE_LOOP('',(#6140,#6141,#6147,#6148));
#6140 = ORIENTED_EDGE('',*,*,#1531,.T.);
#6141 = ORIENTED_EDGE('',*,*,#6142,.T.);
#6142 = EDGE_CURVE('',#1532,#3454,#6143,.T.);
#6143 = LINE('',#6144,#6145);
#6144 = CARTESIAN_POINT('',(89.165637,-43.970991,-4.5E-02));
#6145 = VECTOR('',#6146,1.);
#6146 = DIRECTION('',(0.,0.,1.));
#6147 = ORIENTED_EDGE('',*,*,#3453,.F.);
#6148 = ORIENTED_EDGE('',*,*,#6142,.F.);
#6149 = CYLINDRICAL_SURFACE('',#6150,0.5);
#6150 = AXIS2_PLACEMENT_3D('',#6151,#6152,#6153);
#6151 = CARTESIAN_POINT('',(89.165637,-43.470991,-4.5E-02));
#6152 = DIRECTION('',(-0.,-0.,-1.));
#6153 = DIRECTION('',(-0.,-1.,0.));
#6154 = ADVANCED_FACE('',(#6155),#6166,.F.);
#6155 = FACE_BOUND('',#6156,.T.);
#6156 = EDGE_LOOP('',(#6157,#6158,#6164,#6165));
#6157 = ORIENTED_EDGE('',*,*,#1542,.T.);
#6158 = ORIENTED_EDGE('',*,*,#6159,.T.);
#6159 = EDGE_CURVE('',#1543,#3465,#6160,.T.);
#6160 = LINE('',#6161,#6162);
#6161 = CARTESIAN_POINT('',(91.705637,-43.970991,-4.5E-02));
#6162 = VECTOR('',#6163,1.);
#6163 = DIRECTION('',(0.,0.,1.));
#6164 = ORIENTED_EDGE('',*,*,#3464,.F.);
#6165 = ORIENTED_EDGE('',*,*,#6159,.F.);
#6166 = CYLINDRICAL_SURFACE('',#6167,0.5);
#6167 = AXIS2_PLACEMENT_3D('',#6168,#6169,#6170);
#6168 = CARTESIAN_POINT('',(91.705637,-43.470991,-4.5E-02));
#6169 = DIRECTION('',(-0.,-0.,-1.));
#6170 = DIRECTION('',(-0.,-1.,0.));
#6171 = ADVANCED_FACE('',(#6172),#6183,.F.);
#6172 = FACE_BOUND('',#6173,.T.);
#6173 = EDGE_LOOP('',(#6174,#6175,#6181,#6182));
#6174 = ORIENTED_EDGE('',*,*,#1553,.T.);
#6175 = ORIENTED_EDGE('',*,*,#6176,.T.);
#6176 = EDGE_CURVE('',#1554,#3476,#6177,.T.);
#6177 = LINE('',#6178,#6179);
#6178 = CARTESIAN_POINT('',(97.055637,-50.325991,-4.5E-02));
#6179 = VECTOR('',#6180,1.);
#6180 = DIRECTION('',(0.,0.,1.));
#6181 = ORIENTED_EDGE('',*,*,#3475,.F.);
#6182 = ORIENTED_EDGE('',*,*,#6176,.F.);
#6183 = CYLINDRICAL_SURFACE('',#6184,0.4);
#6184 = AXIS2_PLACEMENT_3D('',#6185,#6186,#6187);
#6185 = CARTESIAN_POINT('',(97.055637,-49.925991,-4.5E-02));
#6186 = DIRECTION('',(-0.,0.,-1.));
#6187 = DIRECTION('',(3.5527136788E-14,-1.,-0.));
#6188 = ADVANCED_FACE('',(#6189),#6200,.F.);
#6189 = FACE_BOUND('',#6190,.T.);
#6190 = EDGE_LOOP('',(#6191,#6192,#6198,#6199));
#6191 = ORIENTED_EDGE('',*,*,#1564,.T.);
#6192 = ORIENTED_EDGE('',*,*,#6193,.T.);
#6193 = EDGE_CURVE('',#1565,#3487,#6194,.T.);
#6194 = LINE('',#6195,#6196);
#6195 = CARTESIAN_POINT('',(99.055637,-50.325991,-4.5E-02));
#6196 = VECTOR('',#6197,1.);
#6197 = DIRECTION('',(0.,0.,1.));
#6198 = ORIENTED_EDGE('',*,*,#3486,.F.);
#6199 = ORIENTED_EDGE('',*,*,#6193,.F.);
#6200 = CYLINDRICAL_SURFACE('',#6201,0.4);
#6201 = AXIS2_PLACEMENT_3D('',#6202,#6203,#6204);
#6202 = CARTESIAN_POINT('',(99.055637,-49.925991,-4.5E-02));
#6203 = DIRECTION('',(-0.,0.,-1.));
#6204 = DIRECTION('',(3.5527136788E-14,-1.,-0.));
#6205 = ADVANCED_FACE('',(#6206),#6217,.F.);
#6206 = FACE_BOUND('',#6207,.T.);
#6207 = EDGE_LOOP('',(#6208,#6209,#6215,#6216));
#6208 = ORIENTED_EDGE('',*,*,#1575,.T.);
#6209 = ORIENTED_EDGE('',*,*,#6210,.T.);
#6210 = EDGE_CURVE('',#1576,#3498,#6211,.T.);
#6211 = LINE('',#6212,#6213);
#6212 = CARTESIAN_POINT('',(97.055637,-48.325991,-4.5E-02));
#6213 = VECTOR('',#6214,1.);
#6214 = DIRECTION('',(0.,0.,1.));
#6215 = ORIENTED_EDGE('',*,*,#3497,.F.);
#6216 = ORIENTED_EDGE('',*,*,#6210,.F.);
#6217 = CYLINDRICAL_SURFACE('',#6218,0.4);
#6218 = AXIS2_PLACEMENT_3D('',#6219,#6220,#6221);
#6219 = CARTESIAN_POINT('',(97.055637,-47.925991,-4.5E-02));
#6220 = DIRECTION('',(-0.,0.,-1.));
#6221 = DIRECTION('',(3.5527136788E-14,-1.,-0.));
#6222 = ADVANCED_FACE('',(#6223),#6234,.F.);
#6223 = FACE_BOUND('',#6224,.T.);
#6224 = EDGE_LOOP('',(#6225,#6226,#6232,#6233));
#6225 = ORIENTED_EDGE('',*,*,#1586,.T.);
#6226 = ORIENTED_EDGE('',*,*,#6227,.T.);
#6227 = EDGE_CURVE('',#1587,#3509,#6228,.T.);
#6228 = LINE('',#6229,#6230);
#6229 = CARTESIAN_POINT('',(97.055637,-46.325991,-4.5E-02));
#6230 = VECTOR('',#6231,1.);
#6231 = DIRECTION('',(0.,0.,1.));
#6232 = ORIENTED_EDGE('',*,*,#3508,.F.);
#6233 = ORIENTED_EDGE('',*,*,#6227,.F.);
#6234 = CYLINDRICAL_SURFACE('',#6235,0.4);
#6235 = AXIS2_PLACEMENT_3D('',#6236,#6237,#6238);
#6236 = CARTESIAN_POINT('',(97.055637,-45.925991,-4.5E-02));
#6237 = DIRECTION('',(-0.,0.,-1.));
#6238 = DIRECTION('',(3.5527136788E-14,-1.,-0.));
#6239 = ADVANCED_FACE('',(#6240),#6251,.F.);
#6240 = FACE_BOUND('',#6241,.T.);
#6241 = EDGE_LOOP('',(#6242,#6243,#6249,#6250));
#6242 = ORIENTED_EDGE('',*,*,#1597,.T.);
#6243 = ORIENTED_EDGE('',*,*,#6244,.T.);
#6244 = EDGE_CURVE('',#1598,#3520,#6245,.T.);
#6245 = LINE('',#6246,#6247);
#6246 = CARTESIAN_POINT('',(99.055637,-48.325991,-4.5E-02));
#6247 = VECTOR('',#6248,1.);
#6248 = DIRECTION('',(0.,0.,1.));
#6249 = ORIENTED_EDGE('',*,*,#3519,.F.);
#6250 = ORIENTED_EDGE('',*,*,#6244,.F.);
#6251 = CYLINDRICAL_SURFACE('',#6252,0.4);
#6252 = AXIS2_PLACEMENT_3D('',#6253,#6254,#6255);
#6253 = CARTESIAN_POINT('',(99.055637,-47.925991,-4.5E-02));
#6254 = DIRECTION('',(-0.,0.,-1.));
#6255 = DIRECTION('',(3.5527136788E-14,-1.,-0.));
#6256 = ADVANCED_FACE('',(#6257),#6268,.F.);
#6257 = FACE_BOUND('',#6258,.T.);
#6258 = EDGE_LOOP('',(#6259,#6260,#6266,#6267));
#6259 = ORIENTED_EDGE('',*,*,#1608,.T.);
#6260 = ORIENTED_EDGE('',*,*,#6261,.T.);
#6261 = EDGE_CURVE('',#1609,#3531,#6262,.T.);
#6262 = LINE('',#6263,#6264);
#6263 = CARTESIAN_POINT('',(99.055637,-46.325991,-4.5E-02));
#6264 = VECTOR('',#6265,1.);
#6265 = DIRECTION('',(0.,0.,1.));
#6266 = ORIENTED_EDGE('',*,*,#3530,.F.);
#6267 = ORIENTED_EDGE('',*,*,#6261,.F.);
#6268 = CYLINDRICAL_SURFACE('',#6269,0.4);
#6269 = AXIS2_PLACEMENT_3D('',#6270,#6271,#6272);
#6270 = CARTESIAN_POINT('',(99.055637,-45.925991,-4.5E-02));
#6271 = DIRECTION('',(-0.,0.,-1.));
#6272 = DIRECTION('',(3.5527136788E-14,-1.,-0.));
#6273 = ADVANCED_FACE('',(#6274),#6285,.F.);
#6274 = FACE_BOUND('',#6275,.T.);
#6275 = EDGE_LOOP('',(#6276,#6277,#6283,#6284));
#6276 = ORIENTED_EDGE('',*,*,#1619,.T.);
#6277 = ORIENTED_EDGE('',*,*,#6278,.T.);
#6278 = EDGE_CURVE('',#1620,#3542,#6279,.T.);
#6279 = LINE('',#6280,#6281);
#6280 = CARTESIAN_POINT('',(94.245637,-43.970991,-4.5E-02));
#6281 = VECTOR('',#6282,1.);
#6282 = DIRECTION('',(0.,0.,1.));
#6283 = ORIENTED_EDGE('',*,*,#3541,.F.);
#6284 = ORIENTED_EDGE('',*,*,#6278,.F.);
#6285 = CYLINDRICAL_SURFACE('',#6286,0.5);
#6286 = AXIS2_PLACEMENT_3D('',#6287,#6288,#6289);
#6287 = CARTESIAN_POINT('',(94.245637,-43.470991,-4.5E-02));
#6288 = DIRECTION('',(-0.,-0.,-1.));
#6289 = DIRECTION('',(-0.,-1.,0.));
#6290 = ADVANCED_FACE('',(#6291),#6302,.F.);
#6291 = FACE_BOUND('',#6292,.T.);
#6292 = EDGE_LOOP('',(#6293,#6294,#6300,#6301));
#6293 = ORIENTED_EDGE('',*,*,#1630,.T.);
#6294 = ORIENTED_EDGE('',*,*,#6295,.T.);
#6295 = EDGE_CURVE('',#1631,#3553,#6296,.T.);
#6296 = LINE('',#6297,#6298);
#6297 = CARTESIAN_POINT('',(96.785637,-43.970991,-4.5E-02));
#6298 = VECTOR('',#6299,1.);
#6299 = DIRECTION('',(0.,0.,1.));
#6300 = ORIENTED_EDGE('',*,*,#3552,.F.);
#6301 = ORIENTED_EDGE('',*,*,#6295,.F.);
#6302 = CYLINDRICAL_SURFACE('',#6303,0.5);
#6303 = AXIS2_PLACEMENT_3D('',#6304,#6305,#6306);
#6304 = CARTESIAN_POINT('',(96.785637,-43.470991,-4.5E-02));
#6305 = DIRECTION('',(-0.,-0.,-1.));
#6306 = DIRECTION('',(-0.,-1.,0.));
#6307 = ADVANCED_FACE('',(#6308),#6319,.F.);
#6308 = FACE_BOUND('',#6309,.T.);
#6309 = EDGE_LOOP('',(#6310,#6311,#6317,#6318));
#6310 = ORIENTED_EDGE('',*,*,#1641,.T.);
#6311 = ORIENTED_EDGE('',*,*,#6312,.T.);
#6312 = EDGE_CURVE('',#1642,#3564,#6313,.T.);
#6313 = LINE('',#6314,#6315);
#6314 = CARTESIAN_POINT('',(99.325637,-43.970991,-4.5E-02));
#6315 = VECTOR('',#6316,1.);
#6316 = DIRECTION('',(0.,0.,1.));
#6317 = ORIENTED_EDGE('',*,*,#3563,.F.);
#6318 = ORIENTED_EDGE('',*,*,#6312,.F.);
#6319 = CYLINDRICAL_SURFACE('',#6320,0.5);
#6320 = AXIS2_PLACEMENT_3D('',#6321,#6322,#6323);
#6321 = CARTESIAN_POINT('',(99.325637,-43.470991,-4.5E-02));
#6322 = DIRECTION('',(-0.,-0.,-1.));
#6323 = DIRECTION('',(-0.,-1.,0.));
#6324 = ADVANCED_FACE('',(#6325),#6336,.F.);
#6325 = FACE_BOUND('',#6326,.T.);
#6326 = EDGE_LOOP('',(#6327,#6328,#6334,#6335));
#6327 = ORIENTED_EDGE('',*,*,#1652,.T.);
#6328 = ORIENTED_EDGE('',*,*,#6329,.T.);
#6329 = EDGE_CURVE('',#1653,#3575,#6330,.T.);
#6330 = LINE('',#6331,#6332);
#6331 = CARTESIAN_POINT('',(101.865637,-43.970991,-4.5E-02));
#6332 = VECTOR('',#6333,1.);
#6333 = DIRECTION('',(0.,0.,1.));
#6334 = ORIENTED_EDGE('',*,*,#3574,.F.);
#6335 = ORIENTED_EDGE('',*,*,#6329,.F.);
#6336 = CYLINDRICAL_SURFACE('',#6337,0.5);
#6337 = AXIS2_PLACEMENT_3D('',#6338,#6339,#6340);
#6338 = CARTESIAN_POINT('',(101.865637,-43.470991,-4.5E-02));
#6339 = DIRECTION('',(-0.,-0.,-1.));
#6340 = DIRECTION('',(-0.,-1.,0.));
#6341 = ADVANCED_FACE('',(#6342),#6353,.F.);
#6342 = FACE_BOUND('',#6343,.T.);
#6343 = EDGE_LOOP('',(#6344,#6345,#6351,#6352));
#6344 = ORIENTED_EDGE('',*,*,#1663,.T.);
#6345 = ORIENTED_EDGE('',*,*,#6346,.T.);
#6346 = EDGE_CURVE('',#1664,#3586,#6347,.T.);
#6347 = LINE('',#6348,#6349);
#6348 = CARTESIAN_POINT('',(104.405637,-43.970991,-4.5E-02));
#6349 = VECTOR('',#6350,1.);
#6350 = DIRECTION('',(0.,0.,1.));
#6351 = ORIENTED_EDGE('',*,*,#3585,.F.);
#6352 = ORIENTED_EDGE('',*,*,#6346,.F.);
#6353 = CYLINDRICAL_SURFACE('',#6354,0.5);
#6354 = AXIS2_PLACEMENT_3D('',#6355,#6356,#6357);
#6355 = CARTESIAN_POINT('',(104.405637,-43.470991,-4.5E-02));
#6356 = DIRECTION('',(-0.,-0.,-1.));
#6357 = DIRECTION('',(-0.,-1.,0.));
#6358 = ADVANCED_FACE('',(#6359),#6370,.F.);
#6359 = FACE_BOUND('',#6360,.T.);
#6360 = EDGE_LOOP('',(#6361,#6362,#6368,#6369));
#6361 = ORIENTED_EDGE('',*,*,#1674,.T.);
#6362 = ORIENTED_EDGE('',*,*,#6363,.T.);
#6363 = EDGE_CURVE('',#1675,#3597,#6364,.T.);
#6364 = LINE('',#6365,#6366);
#6365 = CARTESIAN_POINT('',(106.945637,-43.970991,-4.5E-02));
#6366 = VECTOR('',#6367,1.);
#6367 = DIRECTION('',(0.,0.,1.));
#6368 = ORIENTED_EDGE('',*,*,#3596,.F.);
#6369 = ORIENTED_EDGE('',*,*,#6363,.F.);
#6370 = CYLINDRICAL_SURFACE('',#6371,0.5);
#6371 = AXIS2_PLACEMENT_3D('',#6372,#6373,#6374);
#6372 = CARTESIAN_POINT('',(106.945637,-43.470991,-4.5E-02));
#6373 = DIRECTION('',(-0.,-0.,-1.));
#6374 = DIRECTION('',(-0.,-1.,0.));
#6375 = ADVANCED_FACE('',(#6376),#6387,.F.);
#6376 = FACE_BOUND('',#6377,.T.);
#6377 = EDGE_LOOP('',(#6378,#6379,#6385,#6386));
#6378 = ORIENTED_EDGE('',*,*,#1685,.T.);
#6379 = ORIENTED_EDGE('',*,*,#6380,.T.);
#6380 = EDGE_CURVE('',#1686,#3608,#6381,.T.);
#6381 = LINE('',#6382,#6383);
#6382 = CARTESIAN_POINT('',(109.485637,-43.970991,-4.5E-02));
#6383 = VECTOR('',#6384,1.);
#6384 = DIRECTION('',(0.,0.,1.));
#6385 = ORIENTED_EDGE('',*,*,#3607,.F.);
#6386 = ORIENTED_EDGE('',*,*,#6380,.F.);
#6387 = CYLINDRICAL_SURFACE('',#6388,0.5);
#6388 = AXIS2_PLACEMENT_3D('',#6389,#6390,#6391);
#6389 = CARTESIAN_POINT('',(109.485637,-43.470991,-4.5E-02));
#6390 = DIRECTION('',(-0.,-0.,-1.));
#6391 = DIRECTION('',(-0.,-1.,0.));
#6392 = ADVANCED_FACE('',(#6393),#6404,.F.);
#6393 = FACE_BOUND('',#6394,.T.);
#6394 = EDGE_LOOP('',(#6395,#6396,#6402,#6403));
#6395 = ORIENTED_EDGE('',*,*,#1696,.T.);
#6396 = ORIENTED_EDGE('',*,*,#6397,.T.);
#6397 = EDGE_CURVE('',#1697,#3619,#6398,.T.);
#6398 = LINE('',#6399,#6400);
#6399 = CARTESIAN_POINT('',(112.025637,-59.210991,-4.5E-02));
#6400 = VECTOR('',#6401,1.);
#6401 = DIRECTION('',(0.,0.,1.));
#6402 = ORIENTED_EDGE('',*,*,#3618,.F.);
#6403 = ORIENTED_EDGE('',*,*,#6397,.F.);
#6404 = CYLINDRICAL_SURFACE('',#6405,0.5);
#6405 = AXIS2_PLACEMENT_3D('',#6406,#6407,#6408);
#6406 = CARTESIAN_POINT('',(112.025637,-58.710991,-4.5E-02));
#6407 = DIRECTION('',(-0.,-0.,-1.));
#6408 = DIRECTION('',(-0.,-1.,0.));
#6409 = ADVANCED_FACE('',(#6410),#6421,.F.);
#6410 = FACE_BOUND('',#6411,.T.);
#6411 = EDGE_LOOP('',(#6412,#6413,#6419,#6420));
#6412 = ORIENTED_EDGE('',*,*,#1707,.T.);
#6413 = ORIENTED_EDGE('',*,*,#6414,.T.);
#6414 = EDGE_CURVE('',#1708,#3630,#6415,.T.);
#6415 = LINE('',#6416,#6417);
#6416 = CARTESIAN_POINT('',(114.565637,-59.210991,-4.5E-02));
#6417 = VECTOR('',#6418,1.);
#6418 = DIRECTION('',(0.,0.,1.));
#6419 = ORIENTED_EDGE('',*,*,#3629,.F.);
#6420 = ORIENTED_EDGE('',*,*,#6414,.F.);
#6421 = CYLINDRICAL_SURFACE('',#6422,0.5);
#6422 = AXIS2_PLACEMENT_3D('',#6423,#6424,#6425);
#6423 = CARTESIAN_POINT('',(114.565637,-58.710991,-4.5E-02));
#6424 = DIRECTION('',(-0.,-0.,-1.));
#6425 = DIRECTION('',(-0.,-1.,0.));
#6426 = ADVANCED_FACE('',(#6427),#6438,.F.);
#6427 = FACE_BOUND('',#6428,.T.);
#6428 = EDGE_LOOP('',(#6429,#6430,#6436,#6437));
#6429 = ORIENTED_EDGE('',*,*,#1718,.T.);
#6430 = ORIENTED_EDGE('',*,*,#6431,.T.);
#6431 = EDGE_CURVE('',#1719,#3641,#6432,.T.);
#6432 = LINE('',#6433,#6434);
#6433 = CARTESIAN_POINT('',(117.105637,-59.210991,-4.5E-02));
#6434 = VECTOR('',#6435,1.);
#6435 = DIRECTION('',(0.,0.,1.));
#6436 = ORIENTED_EDGE('',*,*,#3640,.F.);
#6437 = ORIENTED_EDGE('',*,*,#6431,.F.);
#6438 = CYLINDRICAL_SURFACE('',#6439,0.5);
#6439 = AXIS2_PLACEMENT_3D('',#6440,#6441,#6442);
#6440 = CARTESIAN_POINT('',(117.105637,-58.710991,-4.5E-02));
#6441 = DIRECTION('',(-0.,-0.,-1.));
#6442 = DIRECTION('',(-0.,-1.,0.));
#6443 = ADVANCED_FACE('',(#6444),#6455,.F.);
#6444 = FACE_BOUND('',#6445,.T.);
#6445 = EDGE_LOOP('',(#6446,#6447,#6453,#6454));
#6446 = ORIENTED_EDGE('',*,*,#1729,.T.);
#6447 = ORIENTED_EDGE('',*,*,#6448,.T.);
#6448 = EDGE_CURVE('',#1730,#3652,#6449,.T.);
#6449 = LINE('',#6450,#6451);
#6450 = CARTESIAN_POINT('',(119.645637,-59.210991,-4.5E-02));
#6451 = VECTOR('',#6452,1.);
#6452 = DIRECTION('',(0.,0.,1.));
#6453 = ORIENTED_EDGE('',*,*,#3651,.F.);
#6454 = ORIENTED_EDGE('',*,*,#6448,.F.);
#6455 = CYLINDRICAL_SURFACE('',#6456,0.5);
#6456 = AXIS2_PLACEMENT_3D('',#6457,#6458,#6459);
#6457 = CARTESIAN_POINT('',(119.645637,-58.710991,-4.5E-02));
#6458 = DIRECTION('',(-0.,-0.,-1.));
#6459 = DIRECTION('',(-0.,-1.,0.));
#6460 = ADVANCED_FACE('',(#6461),#6472,.F.);
#6461 = FACE_BOUND('',#6462,.T.);
#6462 = EDGE_LOOP('',(#6463,#6464,#6470,#6471));
#6463 = ORIENTED_EDGE('',*,*,#1740,.T.);
#6464 = ORIENTED_EDGE('',*,*,#6465,.T.);
#6465 = EDGE_CURVE('',#1741,#3663,#6466,.T.);
#6466 = LINE('',#6467,#6468);
#6467 = CARTESIAN_POINT('',(122.185637,-59.210991,-4.5E-02));
#6468 = VECTOR('',#6469,1.);
#6469 = DIRECTION('',(0.,0.,1.));
#6470 = ORIENTED_EDGE('',*,*,#3662,.F.);
#6471 = ORIENTED_EDGE('',*,*,#6465,.F.);
#6472 = CYLINDRICAL_SURFACE('',#6473,0.5);
#6473 = AXIS2_PLACEMENT_3D('',#6474,#6475,#6476);
#6474 = CARTESIAN_POINT('',(122.185637,-58.710991,-4.5E-02));
#6475 = DIRECTION('',(-0.,-0.,-1.));
#6476 = DIRECTION('',(-0.,-1.,0.));
#6477 = ADVANCED_FACE('',(#6478),#6489,.F.);
#6478 = FACE_BOUND('',#6479,.T.);
#6479 = EDGE_LOOP('',(#6480,#6481,#6487,#6488));
#6480 = ORIENTED_EDGE('',*,*,#1751,.T.);
#6481 = ORIENTED_EDGE('',*,*,#6482,.T.);
#6482 = EDGE_CURVE('',#1752,#3674,#6483,.T.);
#6483 = LINE('',#6484,#6485);
#6484 = CARTESIAN_POINT('',(124.725637,-59.210991,-4.5E-02));
#6485 = VECTOR('',#6486,1.);
#6486 = DIRECTION('',(0.,0.,1.));
#6487 = ORIENTED_EDGE('',*,*,#3673,.F.);
#6488 = ORIENTED_EDGE('',*,*,#6482,.F.);
#6489 = CYLINDRICAL_SURFACE('',#6490,0.5);
#6490 = AXIS2_PLACEMENT_3D('',#6491,#6492,#6493);
#6491 = CARTESIAN_POINT('',(124.725637,-58.710991,-4.5E-02));
#6492 = DIRECTION('',(-0.,-0.,-1.));
#6493 = DIRECTION('',(-0.,-1.,0.));
#6494 = ADVANCED_FACE('',(#6495),#6506,.F.);
#6495 = FACE_BOUND('',#6496,.T.);
#6496 = EDGE_LOOP('',(#6497,#6498,#6504,#6505));
#6497 = ORIENTED_EDGE('',*,*,#1762,.T.);
#6498 = ORIENTED_EDGE('',*,*,#6499,.T.);
#6499 = EDGE_CURVE('',#1763,#3685,#6500,.T.);
#6500 = LINE('',#6501,#6502);
#6501 = CARTESIAN_POINT('',(127.265637,-59.210991,-4.5E-02));
#6502 = VECTOR('',#6503,1.);
#6503 = DIRECTION('',(0.,0.,1.));
#6504 = ORIENTED_EDGE('',*,*,#3684,.F.);
#6505 = ORIENTED_EDGE('',*,*,#6499,.F.);
#6506 = CYLINDRICAL_SURFACE('',#6507,0.5);
#6507 = AXIS2_PLACEMENT_3D('',#6508,#6509,#6510);
#6508 = CARTESIAN_POINT('',(127.265637,-58.710991,-4.5E-02));
#6509 = DIRECTION('',(-0.,-0.,-1.));
#6510 = DIRECTION('',(-0.,-1.,0.));
#6511 = ADVANCED_FACE('',(#6512),#6523,.F.);
#6512 = FACE_BOUND('',#6513,.T.);
#6513 = EDGE_LOOP('',(#6514,#6515,#6521,#6522));
#6514 = ORIENTED_EDGE('',*,*,#1773,.T.);
#6515 = ORIENTED_EDGE('',*,*,#6516,.T.);
#6516 = EDGE_CURVE('',#1774,#3696,#6517,.T.);
#6517 = LINE('',#6518,#6519);
#6518 = CARTESIAN_POINT('',(129.805637,-59.210991,-4.5E-02));
#6519 = VECTOR('',#6520,1.);
#6520 = DIRECTION('',(0.,0.,1.));
#6521 = ORIENTED_EDGE('',*,*,#3695,.F.);
#6522 = ORIENTED_EDGE('',*,*,#6516,.F.);
#6523 = CYLINDRICAL_SURFACE('',#6524,0.5);
#6524 = AXIS2_PLACEMENT_3D('',#6525,#6526,#6527);
#6525 = CARTESIAN_POINT('',(129.805637,-58.710991,-4.5E-02));
#6526 = DIRECTION('',(-0.,-0.,-1.));
#6527 = DIRECTION('',(-0.,-1.,0.));
#6528 = ADVANCED_FACE('',(#6529),#6540,.F.);
#6529 = FACE_BOUND('',#6530,.T.);
#6530 = EDGE_LOOP('',(#6531,#6532,#6538,#6539));
#6531 = ORIENTED_EDGE('',*,*,#1784,.T.);
#6532 = ORIENTED_EDGE('',*,*,#6533,.T.);
#6533 = EDGE_CURVE('',#1785,#3707,#6534,.T.);
#6534 = LINE('',#6535,#6536);
#6535 = CARTESIAN_POINT('',(129.805637,-56.670991,-4.5E-02));
#6536 = VECTOR('',#6537,1.);
#6537 = DIRECTION('',(0.,0.,1.));
#6538 = ORIENTED_EDGE('',*,*,#3706,.F.);
#6539 = ORIENTED_EDGE('',*,*,#6533,.F.);
#6540 = CYLINDRICAL_SURFACE('',#6541,0.5);
#6541 = AXIS2_PLACEMENT_3D('',#6542,#6543,#6544);
#6542 = CARTESIAN_POINT('',(129.805637,-56.170991,-4.5E-02));
#6543 = DIRECTION('',(-0.,-0.,-1.));
#6544 = DIRECTION('',(-0.,-1.,0.));
#6545 = ADVANCED_FACE('',(#6546),#6557,.F.);
#6546 = FACE_BOUND('',#6547,.T.);
#6547 = EDGE_LOOP('',(#6548,#6549,#6555,#6556));
#6548 = ORIENTED_EDGE('',*,*,#1795,.T.);
#6549 = ORIENTED_EDGE('',*,*,#6550,.T.);
#6550 = EDGE_CURVE('',#1796,#3718,#6551,.T.);
#6551 = LINE('',#6552,#6553);
#6552 = CARTESIAN_POINT('',(129.805637,-54.130991,-4.5E-02));
#6553 = VECTOR('',#6554,1.);
#6554 = DIRECTION('',(0.,0.,1.));
#6555 = ORIENTED_EDGE('',*,*,#3717,.F.);
#6556 = ORIENTED_EDGE('',*,*,#6550,.F.);
#6557 = CYLINDRICAL_SURFACE('',#6558,0.5);
#6558 = AXIS2_PLACEMENT_3D('',#6559,#6560,#6561);
#6559 = CARTESIAN_POINT('',(129.805637,-53.630991,-4.5E-02));
#6560 = DIRECTION('',(-0.,-0.,-1.));
#6561 = DIRECTION('',(-0.,-1.,0.));
#6562 = ADVANCED_FACE('',(#6563),#6574,.F.);
#6563 = FACE_BOUND('',#6564,.T.);
#6564 = EDGE_LOOP('',(#6565,#6566,#6572,#6573));
#6565 = ORIENTED_EDGE('',*,*,#1806,.T.);
#6566 = ORIENTED_EDGE('',*,*,#6567,.T.);
#6567 = EDGE_CURVE('',#1807,#3729,#6568,.T.);
#6568 = LINE('',#6569,#6570);
#6569 = CARTESIAN_POINT('',(132.345637,-59.210991,-4.5E-02));
#6570 = VECTOR('',#6571,1.);
#6571 = DIRECTION('',(0.,0.,1.));
#6572 = ORIENTED_EDGE('',*,*,#3728,.F.);
#6573 = ORIENTED_EDGE('',*,*,#6567,.F.);
#6574 = CYLINDRICAL_SURFACE('',#6575,0.5);
#6575 = AXIS2_PLACEMENT_3D('',#6576,#6577,#6578);
#6576 = CARTESIAN_POINT('',(132.345637,-58.710991,-4.5E-02));
#6577 = DIRECTION('',(-0.,-0.,-1.));
#6578 = DIRECTION('',(-0.,-1.,0.));
#6579 = ADVANCED_FACE('',(#6580),#6591,.F.);
#6580 = FACE_BOUND('',#6581,.T.);
#6581 = EDGE_LOOP('',(#6582,#6583,#6589,#6590));
#6582 = ORIENTED_EDGE('',*,*,#1817,.T.);
#6583 = ORIENTED_EDGE('',*,*,#6584,.T.);
#6584 = EDGE_CURVE('',#1818,#3740,#6585,.T.);
#6585 = LINE('',#6586,#6587);
#6586 = CARTESIAN_POINT('',(134.885637,-59.210991,-4.5E-02));
#6587 = VECTOR('',#6588,1.);
#6588 = DIRECTION('',(0.,0.,1.));
#6589 = ORIENTED_EDGE('',*,*,#3739,.F.);
#6590 = ORIENTED_EDGE('',*,*,#6584,.F.);
#6591 = CYLINDRICAL_SURFACE('',#6592,0.5);
#6592 = AXIS2_PLACEMENT_3D('',#6593,#6594,#6595);
#6593 = CARTESIAN_POINT('',(134.885637,-58.710991,-4.5E-02));
#6594 = DIRECTION('',(-0.,-0.,-1.));
#6595 = DIRECTION('',(-0.,-1.,0.));
#6596 = ADVANCED_FACE('',(#6597),#6608,.F.);
#6597 = FACE_BOUND('',#6598,.T.);
#6598 = EDGE_LOOP('',(#6599,#6600,#6606,#6607));
#6599 = ORIENTED_EDGE('',*,*,#1828,.T.);
#6600 = ORIENTED_EDGE('',*,*,#6601,.T.);
#6601 = EDGE_CURVE('',#1829,#3751,#6602,.T.);
#6602 = LINE('',#6603,#6604);
#6603 = CARTESIAN_POINT('',(137.425637,-59.210991,-4.5E-02));
#6604 = VECTOR('',#6605,1.);
#6605 = DIRECTION('',(0.,0.,1.));
#6606 = ORIENTED_EDGE('',*,*,#3750,.F.);
#6607 = ORIENTED_EDGE('',*,*,#6601,.F.);
#6608 = CYLINDRICAL_SURFACE('',#6609,0.5);
#6609 = AXIS2_PLACEMENT_3D('',#6610,#6611,#6612);
#6610 = CARTESIAN_POINT('',(137.425637,-58.710991,-4.5E-02));
#6611 = DIRECTION('',(-0.,-0.,-1.));
#6612 = DIRECTION('',(-0.,-1.,0.));
#6613 = ADVANCED_FACE('',(#6614),#6625,.F.);
#6614 = FACE_BOUND('',#6615,.T.);
#6615 = EDGE_LOOP('',(#6616,#6617,#6623,#6624));
#6616 = ORIENTED_EDGE('',*,*,#1839,.T.);
#6617 = ORIENTED_EDGE('',*,*,#6618,.T.);
#6618 = EDGE_CURVE('',#1840,#3762,#6619,.T.);
#6619 = LINE('',#6620,#6621);
#6620 = CARTESIAN_POINT('',(139.965637,-59.210991,-4.5E-02));
#6621 = VECTOR('',#6622,1.);
#6622 = DIRECTION('',(0.,0.,1.));
#6623 = ORIENTED_EDGE('',*,*,#3761,.F.);
#6624 = ORIENTED_EDGE('',*,*,#6618,.F.);
#6625 = CYLINDRICAL_SURFACE('',#6626,0.5);
#6626 = AXIS2_PLACEMENT_3D('',#6627,#6628,#6629);
#6627 = CARTESIAN_POINT('',(139.965637,-58.710991,-4.5E-02));
#6628 = DIRECTION('',(-0.,-0.,-1.));
#6629 = DIRECTION('',(-0.,-1.,0.));
#6630 = ADVANCED_FACE('',(#6631),#6642,.F.);
#6631 = FACE_BOUND('',#6632,.T.);
#6632 = EDGE_LOOP('',(#6633,#6634,#6640,#6641));
#6633 = ORIENTED_EDGE('',*,*,#1850,.T.);
#6634 = ORIENTED_EDGE('',*,*,#6635,.T.);
#6635 = EDGE_CURVE('',#1851,#3773,#6636,.T.);
#6636 = LINE('',#6637,#6638);
#6637 = CARTESIAN_POINT('',(142.505637,-59.210991,-4.5E-02));
#6638 = VECTOR('',#6639,1.);
#6639 = DIRECTION('',(0.,0.,1.));
#6640 = ORIENTED_EDGE('',*,*,#3772,.F.);
#6641 = ORIENTED_EDGE('',*,*,#6635,.F.);
#6642 = CYLINDRICAL_SURFACE('',#6643,0.5);
#6643 = AXIS2_PLACEMENT_3D('',#6644,#6645,#6646);
#6644 = CARTESIAN_POINT('',(142.505637,-58.710991,-4.5E-02));
#6645 = DIRECTION('',(-0.,-0.,-1.));
#6646 = DIRECTION('',(-0.,-1.,0.));
#6647 = ADVANCED_FACE('',(#6648),#6659,.F.);
#6648 = FACE_BOUND('',#6649,.T.);
#6649 = EDGE_LOOP('',(#6650,#6651,#6657,#6658));
#6650 = ORIENTED_EDGE('',*,*,#1861,.T.);
#6651 = ORIENTED_EDGE('',*,*,#6652,.T.);
#6652 = EDGE_CURVE('',#1862,#3784,#6653,.T.);
#6653 = LINE('',#6654,#6655);
#6654 = CARTESIAN_POINT('',(129.805637,-51.590991,-4.5E-02));
#6655 = VECTOR('',#6656,1.);
#6656 = DIRECTION('',(0.,0.,1.));
#6657 = ORIENTED_EDGE('',*,*,#3783,.F.);
#6658 = ORIENTED_EDGE('',*,*,#6652,.F.);
#6659 = CYLINDRICAL_SURFACE('',#6660,0.5);
#6660 = AXIS2_PLACEMENT_3D('',#6661,#6662,#6663);
#6661 = CARTESIAN_POINT('',(129.805637,-51.090991,-4.5E-02));
#6662 = DIRECTION('',(-0.,-0.,-1.));
#6663 = DIRECTION('',(-0.,-1.,0.));
#6664 = ADVANCED_FACE('',(#6665),#6676,.F.);
#6665 = FACE_BOUND('',#6666,.T.);
#6666 = EDGE_LOOP('',(#6667,#6668,#6674,#6675));
#6667 = ORIENTED_EDGE('',*,*,#1872,.T.);
#6668 = ORIENTED_EDGE('',*,*,#6669,.T.);
#6669 = EDGE_CURVE('',#1873,#3795,#6670,.T.);
#6670 = LINE('',#6671,#6672);
#6671 = CARTESIAN_POINT('',(129.805637,-49.050991,-4.5E-02));
#6672 = VECTOR('',#6673,1.);
#6673 = DIRECTION('',(0.,0.,1.));
#6674 = ORIENTED_EDGE('',*,*,#3794,.F.);
#6675 = ORIENTED_EDGE('',*,*,#6669,.F.);
#6676 = CYLINDRICAL_SURFACE('',#6677,0.5);
#6677 = AXIS2_PLACEMENT_3D('',#6678,#6679,#6680);
#6678 = CARTESIAN_POINT('',(129.805637,-48.550991,-4.5E-02));
#6679 = DIRECTION('',(-0.,-0.,-1.));
#6680 = DIRECTION('',(-0.,-1.,0.));
#6681 = ADVANCED_FACE('',(#6682),#6693,.F.);
#6682 = FACE_BOUND('',#6683,.T.);
#6683 = EDGE_LOOP('',(#6684,#6685,#6691,#6692));
#6684 = ORIENTED_EDGE('',*,*,#1883,.T.);
#6685 = ORIENTED_EDGE('',*,*,#6686,.T.);
#6686 = EDGE_CURVE('',#1884,#3806,#6687,.T.);
#6687 = LINE('',#6688,#6689);
#6688 = CARTESIAN_POINT('',(112.025637,-43.970991,-4.5E-02));
#6689 = VECTOR('',#6690,1.);
#6690 = DIRECTION('',(0.,0.,1.));
#6691 = ORIENTED_EDGE('',*,*,#3805,.F.);
#6692 = ORIENTED_EDGE('',*,*,#6686,.F.);
#6693 = CYLINDRICAL_SURFACE('',#6694,0.5);
#6694 = AXIS2_PLACEMENT_3D('',#6695,#6696,#6697);
#6695 = CARTESIAN_POINT('',(112.025637,-43.470991,-4.5E-02));
#6696 = DIRECTION('',(-0.,-0.,-1.));
#6697 = DIRECTION('',(-0.,-1.,0.));
#6698 = ADVANCED_FACE('',(#6699),#6710,.F.);
#6699 = FACE_BOUND('',#6700,.T.);
#6700 = EDGE_LOOP('',(#6701,#6702,#6708,#6709));
#6701 = ORIENTED_EDGE('',*,*,#1894,.T.);
#6702 = ORIENTED_EDGE('',*,*,#6703,.T.);
#6703 = EDGE_CURVE('',#1895,#3817,#6704,.T.);
#6704 = LINE('',#6705,#6706);
#6705 = CARTESIAN_POINT('',(114.565637,-43.970991,-4.5E-02));
#6706 = VECTOR('',#6707,1.);
#6707 = DIRECTION('',(0.,0.,1.));
#6708 = ORIENTED_EDGE('',*,*,#3816,.F.);
#6709 = ORIENTED_EDGE('',*,*,#6703,.F.);
#6710 = CYLINDRICAL_SURFACE('',#6711,0.5);
#6711 = AXIS2_PLACEMENT_3D('',#6712,#6713,#6714);
#6712 = CARTESIAN_POINT('',(114.565637,-43.470991,-4.5E-02));
#6713 = DIRECTION('',(-0.,-0.,-1.));
#6714 = DIRECTION('',(-0.,-1.,0.));
#6715 = ADVANCED_FACE('',(#6716),#6727,.F.);
#6716 = FACE_BOUND('',#6717,.T.);
#6717 = EDGE_LOOP('',(#6718,#6719,#6725,#6726));
#6718 = ORIENTED_EDGE('',*,*,#1905,.T.);
#6719 = ORIENTED_EDGE('',*,*,#6720,.T.);
#6720 = EDGE_CURVE('',#1906,#3828,#6721,.T.);
#6721 = LINE('',#6722,#6723);
#6722 = CARTESIAN_POINT('',(117.105637,-43.970991,-4.5E-02));
#6723 = VECTOR('',#6724,1.);
#6724 = DIRECTION('',(0.,0.,1.));
#6725 = ORIENTED_EDGE('',*,*,#3827,.F.);
#6726 = ORIENTED_EDGE('',*,*,#6720,.F.);
#6727 = CYLINDRICAL_SURFACE('',#6728,0.5);
#6728 = AXIS2_PLACEMENT_3D('',#6729,#6730,#6731);
#6729 = CARTESIAN_POINT('',(117.105637,-43.470991,-4.5E-02));
#6730 = DIRECTION('',(-0.,-0.,-1.));
#6731 = DIRECTION('',(-0.,-1.,0.));
#6732 = ADVANCED_FACE('',(#6733),#6744,.F.);
#6733 = FACE_BOUND('',#6734,.T.);
#6734 = EDGE_LOOP('',(#6735,#6736,#6742,#6743));
#6735 = ORIENTED_EDGE('',*,*,#1916,.T.);
#6736 = ORIENTED_EDGE('',*,*,#6737,.T.);
#6737 = EDGE_CURVE('',#1917,#3839,#6738,.T.);
#6738 = LINE('',#6739,#6740);
#6739 = CARTESIAN_POINT('',(119.645637,-43.970991,-4.5E-02));
#6740 = VECTOR('',#6741,1.);
#6741 = DIRECTION('',(0.,0.,1.));
#6742 = ORIENTED_EDGE('',*,*,#3838,.F.);
#6743 = ORIENTED_EDGE('',*,*,#6737,.F.);
#6744 = CYLINDRICAL_SURFACE('',#6745,0.5);
#6745 = AXIS2_PLACEMENT_3D('',#6746,#6747,#6748);
#6746 = CARTESIAN_POINT('',(119.645637,-43.470991,-4.5E-02));
#6747 = DIRECTION('',(-0.,-0.,-1.));
#6748 = DIRECTION('',(-0.,-1.,0.));
#6749 = ADVANCED_FACE('',(#6750),#6761,.F.);
#6750 = FACE_BOUND('',#6751,.T.);
#6751 = EDGE_LOOP('',(#6752,#6753,#6759,#6760));
#6752 = ORIENTED_EDGE('',*,*,#1927,.T.);
#6753 = ORIENTED_EDGE('',*,*,#6754,.T.);
#6754 = EDGE_CURVE('',#1928,#3850,#6755,.T.);
#6755 = LINE('',#6756,#6757);
#6756 = CARTESIAN_POINT('',(129.805637,-46.510991,-4.5E-02));
#6757 = VECTOR('',#6758,1.);
#6758 = DIRECTION('',(0.,0.,1.));
#6759 = ORIENTED_EDGE('',*,*,#3849,.F.);
#6760 = ORIENTED_EDGE('',*,*,#6754,.F.);
#6761 = CYLINDRICAL_SURFACE('',#6762,0.5);
#6762 = AXIS2_PLACEMENT_3D('',#6763,#6764,#6765);
#6763 = CARTESIAN_POINT('',(129.805637,-46.010991,-4.5E-02));
#6764 = DIRECTION('',(-0.,-0.,-1.));
#6765 = DIRECTION('',(-0.,-1.,0.));
#6766 = ADVANCED_FACE('',(#6767),#6778,.F.);
#6767 = FACE_BOUND('',#6768,.T.);
#6768 = EDGE_LOOP('',(#6769,#6770,#6776,#6777));
#6769 = ORIENTED_EDGE('',*,*,#1938,.T.);
#6770 = ORIENTED_EDGE('',*,*,#6771,.T.);
#6771 = EDGE_CURVE('',#1939,#3861,#6772,.T.);
#6772 = LINE('',#6773,#6774);
#6773 = CARTESIAN_POINT('',(122.185637,-43.970991,-4.5E-02));
#6774 = VECTOR('',#6775,1.);
#6775 = DIRECTION('',(0.,0.,1.));
#6776 = ORIENTED_EDGE('',*,*,#3860,.F.);
#6777 = ORIENTED_EDGE('',*,*,#6771,.F.);
#6778 = CYLINDRICAL_SURFACE('',#6779,0.5);
#6779 = AXIS2_PLACEMENT_3D('',#6780,#6781,#6782);
#6780 = CARTESIAN_POINT('',(122.185637,-43.470991,-4.5E-02));
#6781 = DIRECTION('',(-0.,-0.,-1.));
#6782 = DIRECTION('',(-0.,-1.,0.));
#6783 = ADVANCED_FACE('',(#6784),#6795,.F.);
#6784 = FACE_BOUND('',#6785,.T.);
#6785 = EDGE_LOOP('',(#6786,#6787,#6793,#6794));
#6786 = ORIENTED_EDGE('',*,*,#1949,.T.);
#6787 = ORIENTED_EDGE('',*,*,#6788,.T.);
#6788 = EDGE_CURVE('',#1950,#3872,#6789,.T.);
#6789 = LINE('',#6790,#6791);
#6790 = CARTESIAN_POINT('',(124.725637,-43.970991,-4.5E-02));
#6791 = VECTOR('',#6792,1.);
#6792 = DIRECTION('',(0.,0.,1.));
#6793 = ORIENTED_EDGE('',*,*,#3871,.F.);
#6794 = ORIENTED_EDGE('',*,*,#6788,.F.);
#6795 = CYLINDRICAL_SURFACE('',#6796,0.5);
#6796 = AXIS2_PLACEMENT_3D('',#6797,#6798,#6799);
#6797 = CARTESIAN_POINT('',(124.725637,-43.470991,-4.5E-02));
#6798 = DIRECTION('',(-0.,-0.,-1.));
#6799 = DIRECTION('',(-0.,-1.,0.));
#6800 = ADVANCED_FACE('',(#6801),#6812,.F.);
#6801 = FACE_BOUND('',#6802,.T.);
#6802 = EDGE_LOOP('',(#6803,#6804,#6810,#6811));
#6803 = ORIENTED_EDGE('',*,*,#1960,.T.);
#6804 = ORIENTED_EDGE('',*,*,#6805,.T.);
#6805 = EDGE_CURVE('',#1961,#3883,#6806,.T.);
#6806 = LINE('',#6807,#6808);
#6807 = CARTESIAN_POINT('',(127.265637,-43.970991,-4.5E-02));
#6808 = VECTOR('',#6809,1.);
#6809 = DIRECTION('',(0.,0.,1.));
#6810 = ORIENTED_EDGE('',*,*,#3882,.F.);
#6811 = ORIENTED_EDGE('',*,*,#6805,.F.);
#6812 = CYLINDRICAL_SURFACE('',#6813,0.5);
#6813 = AXIS2_PLACEMENT_3D('',#6814,#6815,#6816);
#6814 = CARTESIAN_POINT('',(127.265637,-43.470991,-4.5E-02));
#6815 = DIRECTION('',(-0.,-0.,-1.));
#6816 = DIRECTION('',(-0.,-1.,0.));
#6817 = ADVANCED_FACE('',(#6818),#6829,.F.);
#6818 = FACE_BOUND('',#6819,.T.);
#6819 = EDGE_LOOP('',(#6820,#6821,#6827,#6828));
#6820 = ORIENTED_EDGE('',*,*,#1971,.T.);
#6821 = ORIENTED_EDGE('',*,*,#6822,.T.);
#6822 = EDGE_CURVE('',#1972,#3894,#6823,.T.);
#6823 = LINE('',#6824,#6825);
#6824 = CARTESIAN_POINT('',(129.805637,-43.970991,-4.5E-02));
#6825 = VECTOR('',#6826,1.);
#6826 = DIRECTION('',(0.,0.,1.));
#6827 = ORIENTED_EDGE('',*,*,#3893,.F.);
#6828 = ORIENTED_EDGE('',*,*,#6822,.F.);
#6829 = CYLINDRICAL_SURFACE('',#6830,0.5);
#6830 = AXIS2_PLACEMENT_3D('',#6831,#6832,#6833);
#6831 = CARTESIAN_POINT('',(129.805637,-43.470991,-4.5E-02));
#6832 = DIRECTION('',(-0.,-0.,-1.));
#6833 = DIRECTION('',(-0.,-1.,0.));
#6834 = ADVANCED_FACE('',(#6835),#6846,.F.);
#6835 = FACE_BOUND('',#6836,.T.);
#6836 = EDGE_LOOP('',(#6837,#6838,#6844,#6845));
#6837 = ORIENTED_EDGE('',*,*,#1982,.T.);
#6838 = ORIENTED_EDGE('',*,*,#6839,.T.);
#6839 = EDGE_CURVE('',#1983,#3905,#6840,.T.);
#6840 = LINE('',#6841,#6842);
#6841 = CARTESIAN_POINT('',(132.345637,-43.970991,-4.5E-02));
#6842 = VECTOR('',#6843,1.);
#6843 = DIRECTION('',(0.,0.,1.));
#6844 = ORIENTED_EDGE('',*,*,#3904,.F.);
#6845 = ORIENTED_EDGE('',*,*,#6839,.F.);
#6846 = CYLINDRICAL_SURFACE('',#6847,0.5);
#6847 = AXIS2_PLACEMENT_3D('',#6848,#6849,#6850);
#6848 = CARTESIAN_POINT('',(132.345637,-43.470991,-4.5E-02));
#6849 = DIRECTION('',(-0.,-0.,-1.));
#6850 = DIRECTION('',(-0.,-1.,0.));
#6851 = ADVANCED_FACE('',(#6852),#6863,.F.);
#6852 = FACE_BOUND('',#6853,.T.);
#6853 = EDGE_LOOP('',(#6854,#6855,#6861,#6862));
#6854 = ORIENTED_EDGE('',*,*,#1993,.T.);
#6855 = ORIENTED_EDGE('',*,*,#6856,.T.);
#6856 = EDGE_CURVE('',#1994,#3916,#6857,.T.);
#6857 = LINE('',#6858,#6859);
#6858 = CARTESIAN_POINT('',(134.885637,-43.970991,-4.5E-02));
#6859 = VECTOR('',#6860,1.);
#6860 = DIRECTION('',(0.,0.,1.));
#6861 = ORIENTED_EDGE('',*,*,#3915,.F.);
#6862 = ORIENTED_EDGE('',*,*,#6856,.F.);
#6863 = CYLINDRICAL_SURFACE('',#6864,0.5);
#6864 = AXIS2_PLACEMENT_3D('',#6865,#6866,#6867);
#6865 = CARTESIAN_POINT('',(134.885637,-43.470991,-4.5E-02));
#6866 = DIRECTION('',(-0.,-0.,-1.));
#6867 = DIRECTION('',(-0.,-1.,0.));
#6868 = ADVANCED_FACE('',(#6869),#6880,.F.);
#6869 = FACE_BOUND('',#6870,.T.);
#6870 = EDGE_LOOP('',(#6871,#6872,#6878,#6879));
#6871 = ORIENTED_EDGE('',*,*,#2004,.T.);
#6872 = ORIENTED_EDGE('',*,*,#6873,.T.);
#6873 = EDGE_CURVE('',#2005,#3927,#6874,.T.);
#6874 = LINE('',#6875,#6876);
#6875 = CARTESIAN_POINT('',(137.425637,-43.970991,-4.5E-02));
#6876 = VECTOR('',#6877,1.);
#6877 = DIRECTION('',(0.,0.,1.));
#6878 = ORIENTED_EDGE('',*,*,#3926,.F.);
#6879 = ORIENTED_EDGE('',*,*,#6873,.F.);
#6880 = CYLINDRICAL_SURFACE('',#6881,0.5);
#6881 = AXIS2_PLACEMENT_3D('',#6882,#6883,#6884);
#6882 = CARTESIAN_POINT('',(137.425637,-43.470991,-4.5E-02));
#6883 = DIRECTION('',(-0.,-0.,-1.));
#6884 = DIRECTION('',(-0.,-1.,0.));
#6885 = ADVANCED_FACE('',(#6886),#6897,.F.);
#6886 = FACE_BOUND('',#6887,.T.);
#6887 = EDGE_LOOP('',(#6888,#6889,#6895,#6896));
#6888 = ORIENTED_EDGE('',*,*,#2015,.T.);
#6889 = ORIENTED_EDGE('',*,*,#6890,.T.);
#6890 = EDGE_CURVE('',#2016,#3938,#6891,.T.);
#6891 = LINE('',#6892,#6893);
#6892 = CARTESIAN_POINT('',(139.965637,-43.970991,-4.5E-02));
#6893 = VECTOR('',#6894,1.);
#6894 = DIRECTION('',(0.,0.,1.));
#6895 = ORIENTED_EDGE('',*,*,#3937,.F.);
#6896 = ORIENTED_EDGE('',*,*,#6890,.F.);
#6897 = CYLINDRICAL_SURFACE('',#6898,0.5);
#6898 = AXIS2_PLACEMENT_3D('',#6899,#6900,#6901);
#6899 = CARTESIAN_POINT('',(139.965637,-43.470991,-4.5E-02));
#6900 = DIRECTION('',(-0.,-0.,-1.));
#6901 = DIRECTION('',(-0.,-1.,0.));
#6902 = ADVANCED_FACE('',(#6903),#6914,.F.);
#6903 = FACE_BOUND('',#6904,.T.);
#6904 = EDGE_LOOP('',(#6905,#6906,#6912,#6913));
#6905 = ORIENTED_EDGE('',*,*,#2026,.T.);
#6906 = ORIENTED_EDGE('',*,*,#6907,.T.);
#6907 = EDGE_CURVE('',#2027,#3949,#6908,.T.);
#6908 = LINE('',#6909,#6910);
#6909 = CARTESIAN_POINT('',(142.505637,-43.970991,-4.5E-02));
#6910 = VECTOR('',#6911,1.);
#6911 = DIRECTION('',(0.,0.,1.));
#6912 = ORIENTED_EDGE('',*,*,#3948,.F.);
#6913 = ORIENTED_EDGE('',*,*,#6907,.F.);
#6914 = CYLINDRICAL_SURFACE('',#6915,0.5);
#6915 = AXIS2_PLACEMENT_3D('',#6916,#6917,#6918);
#6916 = CARTESIAN_POINT('',(142.505637,-43.470991,-4.5E-02));
#6917 = DIRECTION('',(-0.,-0.,-1.));
#6918 = DIRECTION('',(-0.,-1.,0.));
#6919 = ADVANCED_FACE('',(#6920),#6931,.F.);
#6920 = FACE_BOUND('',#6921,.T.);
#6921 = EDGE_LOOP('',(#6922,#6923,#6929,#6930));
#6922 = ORIENTED_EDGE('',*,*,#2037,.T.);
#6923 = ORIENTED_EDGE('',*,*,#6924,.T.);
#6924 = EDGE_CURVE('',#2038,#3960,#6925,.T.);
#6925 = LINE('',#6926,#6927);
#6926 = CARTESIAN_POINT('',(208.046686,-68.541991,-4.5E-02));
#6927 = VECTOR('',#6928,1.);
#6928 = DIRECTION('',(0.,0.,1.));
#6929 = ORIENTED_EDGE('',*,*,#3959,.F.);
#6930 = ORIENTED_EDGE('',*,*,#6924,.F.);
#6931 = CYLINDRICAL_SURFACE('',#6932,3.2);
#6932 = AXIS2_PLACEMENT_3D('',#6933,#6934,#6935);
#6933 = CARTESIAN_POINT('',(208.046686,-65.341991,-4.5E-02));
#6934 = DIRECTION('',(-0.,-0.,-1.));
#6935 = DIRECTION('',(-8.881784197001E-15,-1.,0.));
#6936 = ADVANCED_FACE('',(#6937),#6948,.F.);
#6937 = FACE_BOUND('',#6938,.T.);
#6938 = EDGE_LOOP('',(#6939,#6940,#6946,#6947));
#6939 = ORIENTED_EDGE('',*,*,#2048,.T.);
#6940 = ORIENTED_EDGE('',*,*,#6941,.T.);
#6941 = EDGE_CURVE('',#2049,#3971,#6942,.T.);
#6942 = LINE('',#6943,#6944);
#6943 = CARTESIAN_POINT('',(219.75,-46.17,-4.5E-02));
#6944 = VECTOR('',#6945,1.);
#6945 = DIRECTION('',(0.,0.,1.));
#6946 = ORIENTED_EDGE('',*,*,#3970,.F.);
#6947 = ORIENTED_EDGE('',*,*,#6941,.F.);
#6948 = CYLINDRICAL_SURFACE('',#6949,1.6);
#6949 = AXIS2_PLACEMENT_3D('',#6950,#6951,#6952);
#6950 = CARTESIAN_POINT('',(219.75,-44.57,-4.5E-02));
#6951 = DIRECTION('',(-0.,-0.,-1.));
#6952 = DIRECTION('',(-0.,-1.,0.));
#6953 = ( GEOMETRIC_REPRESENTATION_CONTEXT(3) 
GLOBAL_UNCERTAINTY_ASSIGNED_CONTEXT((#6957)) 
GLOBAL_UNIT_ASSIGNED_CONTEXT((#6954,#6955,#6956)) REPRESENTATION_CONTEXT
('Context #1','3D Context with UNIT and UNCERTAINTY') );
#6954 = ( LENGTH_UNIT() NAMED_UNIT(*) SI_UNIT(.MILLI.,.METRE.) );
#6955 = ( NAMED_UNIT(*) PLANE_ANGLE_UNIT() SI_UNIT($,.RADIAN.) );
#6956 = ( NAMED_UNIT(*) SI_UNIT($,.STERADIAN.) SOLID_ANGLE_UNIT() );
#6957 = UNCERTAINTY_MEASURE_WITH_UNIT(LENGTH_MEASURE(1.E-07),#6954,
  'distance_accuracy_value','confusion accuracy');
#6958 = CONTEXT_DEPENDENT_SHAPE_REPRESENTATION(#6959,#6961);
#6959 = ( REPRESENTATION_RELATIONSHIP('','',#32,#10) 
REPRESENTATION_RELATIONSHIP_WITH_TRANSFORMATION(#6960) 
SHAPE_REPRESENTATION_RELATIONSHIP() );
#6960 = ITEM_DEFINED_TRANSFORMATION('','',#11,#15);
#6961 = PRODUCT_DEFINITION_SHAPE('Placement','Placement of an item',
  #6962);
#6962 = NEXT_ASSEMBLY_USAGE_OCCURRENCE('1','=>[0:1:1:2]','',#5,#27,$);
#6963 = PRODUCT_RELATED_PRODUCT_CATEGORY('part',$,(#29));
#6964 = MECHANICAL_DESIGN_GEOMETRIC_PRESENTATION_REPRESENTATION('',(
    #6965),#6953);
#6965 = STYLED_ITEM('color',(#6966),#33);
#6966 = PRESENTATION_STYLE_ASSIGNMENT((#6967));
#6967 = SURFACE_STYLE_USAGE(.BOTH.,#6968);
#6968 = SURFACE_SIDE_STYLE('',(#6969));
#6969 = SURFACE_STYLE_FILL_AREA(#6970);
#6970 = FILL_AREA_STYLE('',(#6971));
#6971 = FILL_AREA_STYLE_COLOUR('',#6972);
#6972 = COLOUR_RGB('',0.313304153717,0.484529207832,0.410020903123);
ENDSEC;
END-ISO-10303-21;
